time,open,high,low,close,tick_volume
2026-06-10 03:26:00,4221.63,4222.25,4218.85,4221.23,507
2026-06-10 03:27:00,4221.23,4224.01,4219.59,4223.33,388
2026-06-10 03:28:00,4223.33,4224.85,4222.14,4224.6,397
2026-06-10 03:29:00,4224.54,4224.84,4218.03,4218.05,382
2026-06-10 03:30:00,4218.05,4219.04,4213.16,4215.58,515
2026-06-10 03:31:00,4215.58,4215.88,4213.96,4215.2,574
2026-06-10 03:32:00,4215.2,4215.46,4207.5,4208.38,1002
2026-06-10 03:33:00,4208.38,4209.5,4206.98,4207.43,506
2026-06-10 03:34:00,4207.43,4209.37,4205.89,4206.39,649
2026-06-10 03:35:00,4206.39,4209.34,4205.7,4207.52,557
2026-06-10 03:36:00,4207.52,4207.52,4205.43,4205.59,467
2026-06-10 03:37:00,4205.59,4205.62,4201.87,4202.18,567
2026-06-10 03:38:00,4202.09,4209.65,4202.09,4208.47,681
2026-06-10 03:39:00,4208.47,4208.86,4206.01,4207.81,510
2026-06-10 03:40:00,4207.83,4208.35,4205.68,4206.13,482
2026-06-10 03:41:00,4206.15,4207.45,4204.71,4205.67,556
2026-06-10 03:42:00,4205.67,4206.08,4201.74,4203.31,568
2026-06-10 03:43:00,4203.31,4203.36,4200.13,4200.17,419
2026-06-10 03:44:00,4200.17,4204.42,4198.89,4204.27,418
2026-06-10 03:45:00,4204.27,4206.0,4202.89,4205.76,478
2026-06-10 03:46:00,4205.76,4205.91,4203.38,4203.48,491
2026-06-10 03:47:00,4203.48,4205.93,4202.7,4204.45,442
2026-06-10 03:48:00,4204.45,4204.71,4201.29,4201.4,409
2026-06-10 03:49:00,4201.4,4204.33,4199.86,4203.79,458
2026-06-10 03:50:00,4203.79,4205.29,4200.58,4201.63,432
2026-06-10 03:51:00,4201.55,4202.99,4200.68,4202.28,422
2026-06-10 03:52:00,4202.28,4206.28,4202.28,4205.81,496
2026-06-10 03:53:00,4205.81,4208.59,4204.93,4208.37,505
2026-06-10 03:54:00,4208.37,4208.57,4205.88,4207.41,443
2026-06-10 03:55:00,4207.4,4211.57,4207.37,4209.28,519
2026-06-10 03:56:00,4209.28,4212.78,4209.13,4212.09,451
2026-06-10 03:57:00,4212.09,4213.07,4210.45,4212.93,637
2026-06-10 03:58:00,4212.95,4218.66,4212.53,4218.38,694
2026-06-10 03:59:00,4218.38,4220.74,4216.9,4218.14,728
2026-06-10 04:00:00,4218.14,4218.94,4206.66,4214.5,887
2026-06-10 04:01:00,4214.5,4215.75,4203.11,4203.32,721
2026-06-10 04:02:00,4203.37,4207.45,4200.03,4202.89,673
2026-06-10 04:03:00,4202.89,4203.77,4197.43,4197.45,523
2026-06-10 04:04:00,4197.45,4200.07,4194.35,4194.35,618
2026-06-10 04:05:00,4194.49,4195.13,4187.71,4188.0,753
2026-06-10 04:06:00,4188.0,4198.26,4187.36,4198.05,794
2026-06-10 04:07:00,4198.05,4199.65,4193.13,4194.3,554
2026-06-10 04:08:00,4194.3,4198.36,4193.59,4197.24,521
2026-06-10 04:09:00,4197.24,4199.57,4194.43,4195.2,508
2026-06-10 04:10:00,4195.2,4196.56,4193.76,4196.26,568
2026-06-10 04:11:00,4196.26,4202.3,4196.19,4200.72,554
2026-06-10 04:12:00,4200.72,4204.37,4199.58,4203.78,546
2026-06-10 04:13:00,4203.78,4206.52,4203.41,4203.68,628
2026-06-10 04:14:00,4203.68,4204.73,4202.08,4203.38,456
2026-06-10 04:15:00,4203.38,4205.22,4200.58,4204.78,510
2026-06-10 04:16:00,4204.78,4211.41,4203.54,4211.14,551
2026-06-10 04:17:00,4211.01,4215.67,4209.94,4215.55,495
2026-06-10 04:18:00,4215.55,4216.22,4213.62,4215.12,577
2026-06-10 04:19:00,4215.13,4216.5,4212.47,4213.14,513
2026-06-10 04:20:00,4213.14,4213.45,4205.99,4206.09,442
2026-06-10 04:21:00,4206.06,4208.79,4205.44,4206.85,521
2026-06-10 04:22:00,4206.85,4207.95,4205.42,4207.08,478
2026-06-10 04:23:00,4207.08,4207.5,4204.48,4205.77,474
2026-06-10 04:24:00,4205.77,4206.41,4199.26,4200.83,476
2026-06-10 04:25:00,4200.83,4202.33,4197.58,4199.44,430
2026-06-10 04:26:00,4199.4,4201.37,4197.43,4199.79,401
2026-06-10 04:27:00,4199.79,4202.52,4198.0,4202.37,388
2026-06-10 04:28:00,4202.37,4204.45,4201.67,4202.35,424
2026-06-10 04:29:00,4202.39,4203.35,4199.99,4201.9,463
2026-06-10 04:30:00,4201.9,4203.38,4196.85,4197.17,671
2026-06-10 04:31:00,4197.17,4202.89,4197.06,4200.02,677
2026-06-10 04:32:00,4200.0,4204.92,4199.56,4201.18,612
2026-06-10 04:33:00,4201.18,4201.31,4196.29,4199.23,495
2026-06-10 04:34:00,4199.23,4202.8,4197.75,4202.43,526
2026-06-10 04:35:00,4202.43,4202.5,4199.52,4200.73,490
2026-06-10 04:36:00,4200.73,4202.87,4197.75,4202.71,606
2026-06-10 04:37:00,4202.71,4203.41,4199.02,4200.62,642
2026-06-10 04:38:00,4200.62,4203.65,4199.33,4203.65,584
2026-06-10 04:39:00,4203.64,4207.07,4200.5,4200.6,680
2026-06-10 04:40:00,4200.6,4202.12,4196.63,4196.73,758
2026-06-10 04:41:00,4196.71,4197.93,4192.41,4192.74,805
2026-06-10 04:42:00,4192.74,4193.09,4186.14,4187.83,592
2026-06-10 04:43:00,4187.83,4188.3,4184.48,4185.02,632
2026-06-10 04:44:00,4185.02,4187.66,4184.77,4187.18,651
2026-06-10 04:45:00,4187.16,4191.36,4186.86,4187.42,779
2026-06-10 04:46:00,4187.42,4187.59,4184.7,4185.59,776
2026-06-10 04:47:00,4185.59,4186.97,4184.58,4184.61,716
2026-06-10 04:48:00,4184.72,4191.65,4184.49,4190.77,791
2026-06-10 04:49:00,4190.77,4193.52,4190.58,4192.85,625
2026-06-10 04:50:00,4192.85,4195.63,4190.74,4190.9,601
2026-06-10 04:51:00,4190.9,4191.21,4184.77,4186.56,715
2026-06-10 04:52:00,4186.56,4188.88,4183.7,4186.45,766
2026-06-10 04:53:00,4186.45,4189.17,4186.04,4188.78,552
2026-06-10 04:54:00,4188.76,4192.44,4188.43,4192.01,555
2026-06-10 04:55:00,4192.01,4192.87,4189.38,4189.89,614
2026-06-10 04:56:00,4189.92,4192.54,4188.95,4190.06,486
2026-06-10 04:57:00,4190.06,4191.04,4188.08,4189.6,483
2026-06-10 04:58:00,4189.6,4189.82,4187.34,4188.08,572
2026-06-10 04:59:00,4188.01,4189.05,4187.65,4188.67,491
2026-06-10 05:00:00,4188.68,4191.76,4188.66,4189.95,606
2026-06-10 05:01:00,4189.95,4190.05,4188.36,4189.98,508
2026-06-10 05:02:00,4189.97,4190.97,4188.5,4189.2,529
2026-06-10 05:03:00,4189.2,4189.35,4185.13,4185.31,563
2026-06-10 05:04:00,4185.37,4187.2,4183.8,4186.97,687
2026-06-10 05:05:00,4187.07,4187.14,4183.35,4184.35,688
2026-06-10 05:06:00,4184.35,4184.42,4181.53,4182.34,658
2026-06-10 05:07:00,4182.38,4182.7,4179.61,4182.09,696
2026-06-10 05:08:00,4182.09,4183.53,4181.44,4181.44,488
2026-06-10 05:09:00,4181.44,4181.92,4179.58,4181.15,602
2026-06-10 05:10:00,4181.15,4181.5,4179.94,4181.17,587
2026-06-10 05:11:00,4181.17,4184.57,4180.54,4184.26,582
2026-06-10 05:12:00,4184.26,4184.65,4182.62,4184.5,543
2026-06-10 05:13:00,4184.5,4186.36,4183.85,4183.86,429
2026-06-10 05:14:00,4183.87,4184.7,4182.56,4182.73,437
2026-06-10 05:15:00,4182.74,4184.19,4181.79,4183.6,375
2026-06-10 05:16:00,4183.6,4184.83,4181.48,4184.59,402
2026-06-10 05:17:00,4184.59,4186.58,4183.91,4186.38,402
2026-06-10 05:18:00,4186.38,4186.41,4182.62,4183.65,432
2026-06-10 05:19:00,4183.65,4183.66,4179.68,4180.9,468
2026-06-10 05:20:00,4180.9,4183.44,4180.11,4182.64,444
2026-06-10 05:21:00,4182.62,4184.62,4182.28,4184.47,477
2026-06-10 05:22:00,4184.47,4185.69,4182.46,4182.76,430
2026-06-10 05:23:00,4182.76,4185.29,4182.57,4184.02,402
2026-06-10 05:24:00,4184.02,4187.15,4182.96,4183.38,466
2026-06-10 05:25:00,4183.38,4183.38,4179.3,4180.5,537
2026-06-10 05:26:00,4180.49,4180.51,4178.18,4179.16,441
2026-06-10 05:27:00,4179.16,4182.22,4178.82,4182.09,394
2026-06-10 05:28:00,4182.09,4186.31,4181.91,4185.71,439
2026-06-10 05:29:00,4185.71,4188.37,4185.61,4188.0,412
2026-06-10 05:30:00,4188.0,4192.63,4185.0,4185.0,597
2026-06-10 05:31:00,4184.99,4188.09,4184.93,4186.54,424
2026-06-10 05:32:00,4186.54,4187.2,4176.9,4177.93,620
2026-06-10 05:33:00,4177.93,4178.58,4174.08,4176.82,734
2026-06-10 05:34:00,4176.87,4181.04,4176.78,4179.23,542
2026-06-10 05:35:00,4179.25,4181.35,4178.82,4180.38,527
2026-06-10 05:36:00,4180.46,4182.47,4180.09,4182.1,583
2026-06-10 05:37:00,4182.1,4183.77,4181.04,4183.58,604
2026-06-10 05:38:00,4183.58,4188.54,4182.78,4188.32,587
2026-06-10 05:39:00,4188.32,4189.47,4184.03,4184.54,586
2026-06-10 05:40:00,4184.54,4186.67,4183.09,4186.19,593
2026-06-10 05:41:00,4186.17,4189.43,4185.08,4187.98,532
2026-06-10 05:42:00,4187.99,4189.03,4185.69,4186.01,526
2026-06-10 05:43:00,4186.01,4186.73,4181.86,4181.88,531
2026-06-10 05:44:00,4181.86,4184.53,4180.37,4184.37,496
2026-06-10 05:45:00,4184.37,4186.88,4183.91,4186.35,595
2026-06-10 05:46:00,4186.35,4190.68,4186.35,4188.29,557
2026-06-10 05:47:00,4188.29,4188.29,4184.58,4184.58,491
2026-06-10 05:48:00,4184.56,4185.11,4183.53,4184.61,535
2026-06-10 05:49:00,4184.61,4187.85,4184.59,4187.57,507
2026-06-10 05:50:00,4187.57,4188.56,4181.39,4181.58,601
2026-06-10 05:51:00,4181.58,4181.58,4176.16,4177.41,720
2026-06-10 05:52:00,4177.41,4177.65,4174.24,4175.79,692
2026-06-10 05:53:00,4175.79,4176.9,4174.01,4175.58,662
2026-06-10 05:54:00,4175.59,4175.61,4174.25,4174.88,573
2026-06-10 05:55:00,4174.88,4176.79,4174.77,4176.02,513
2026-06-10 05:56:00,4176.02,4176.02,4173.43,4175.57,617
2026-06-10 05:57:00,4175.57,4176.01,4174.7,4175.5,427
2026-06-10 05:58:00,4175.33,4175.63,4173.37,4173.62,466
2026-06-10 05:59:00,4173.53,4175.02,4173.27,4174.06,345
2026-06-10 06:00:00,4174.06,4174.54,4172.87,4174.04,502
2026-06-10 06:01:00,4174.04,4175.38,4173.06,4175.22,414
2026-06-10 06:02:00,4175.22,4176.74,4174.61,4175.09,386
2026-06-10 06:03:00,4175.09,4175.17,4173.67,4174.86,380
2026-06-10 06:04:00,4174.86,4177.09,4173.72,4176.79,467
2026-06-10 06:05:00,4176.75,4178.79,4176.74,4178.79,450
2026-06-10 06:06:00,4178.79,4180.79,4178.79,4180.24,457
2026-06-10 06:07:00,4180.24,4180.44,4174.44,4175.6,602
2026-06-10 06:08:00,4175.6,4176.53,4173.94,4174.37,552
2026-06-10 06:09:00,4174.36,4176.37,4174.36,4175.32,377
2026-06-10 06:10:00,4175.32,4175.38,4174.07,4174.99,416
2026-06-10 06:11:00,4174.99,4177.79,4174.86,4176.75,322
2026-06-10 06:12:00,4176.75,4178.19,4176.41,4176.98,317
2026-06-10 06:13:00,4176.98,4177.64,4176.4,4177.3,287
2026-06-10 06:14:00,4177.3,4178.59,4176.99,4178.25,326
2026-06-10 06:15:00,4178.29,4179.35,4176.72,4178.57,453
2026-06-10 06:16:00,4178.57,4180.92,4178.57,4180.76,344
2026-06-10 06:17:00,4180.76,4181.15,4178.11,4178.3,302
2026-06-10 06:18:00,4178.3,4179.29,4178.0,4178.11,327
2026-06-10 06:19:00,4178.14,4178.28,4175.53,4175.97,329
2026-06-10 06:20:00,4175.97,4176.16,4173.78,4176.01,500
2026-06-10 06:21:00,4176.01,4176.07,4174.13,4174.33,316
2026-06-10 06:22:00,4174.3,4176.34,4174.17,4175.44,445
2026-06-10 06:23:00,4175.44,4176.22,4174.75,4175.81,345
2026-06-10 06:24:00,4175.81,4176.06,4174.24,4175.12,327
2026-06-10 06:25:00,4175.12,4176.67,4174.94,4175.74,350
2026-06-10 06:26:00,4175.75,4180.26,4174.88,4178.75,406
2026-06-10 06:27:00,4178.75,4178.76,4176.45,4176.49,349
2026-06-10 06:28:00,4176.49,4177.14,4175.67,4177.14,291
2026-06-10 06:29:00,4177.14,4178.42,4176.82,4177.21,349
2026-06-10 06:30:00,4177.21,4179.01,4176.27,4178.62,378
2026-06-10 06:31:00,4178.62,4180.02,4178.6,4179.2,402
2026-06-10 06:32:00,4179.17,4179.4,4176.55,4177.12,383
2026-06-10 06:33:00,4177.12,4180.51,4177.05,4179.4,365
2026-06-10 06:34:00,4179.35,4180.73,4178.2,4180.38,344
2026-06-10 06:35:00,4180.38,4180.38,4176.71,4178.48,381
2026-06-10 06:36:00,4178.51,4178.84,4177.07,4178.54,285
2026-06-10 06:37:00,4178.54,4179.76,4177.99,4179.11,309
2026-06-10 06:38:00,4179.11,4182.92,4178.98,4182.75,388
2026-06-10 06:39:00,4182.76,4183.27,4180.33,4180.49,391
2026-06-10 06:40:00,4180.47,4182.62,4179.86,4182.6,358
2026-06-10 06:41:00,4182.69,4182.69,4179.6,4180.25,299
2026-06-10 06:42:00,4180.25,4180.72,4178.62,4179.45,280
2026-06-10 06:43:00,4179.43,4179.88,4178.12,4178.19,328
2026-06-10 06:44:00,4178.18,4180.55,4177.93,4179.82,329
2026-06-10 06:45:00,4179.82,4181.69,4179.59,4181.67,411
2026-06-10 06:46:00,4181.67,4185.63,4181.67,4184.65,461
2026-06-10 06:47:00,4184.64,4185.03,4183.16,4183.69,346
2026-06-10 06:48:00,4183.69,4185.14,4183.31,4184.81,373
2026-06-10 06:49:00,4184.81,4186.5,4184.3,4185.41,404
2026-06-10 06:50:00,4185.41,4185.91,4183.86,4183.97,317
2026-06-10 06:51:00,4183.97,4184.6,4182.92,4183.71,289
2026-06-10 06:52:00,4183.71,4186.14,4183.61,4183.74,404
2026-06-10 06:53:00,4183.74,4184.2,4183.29,4183.79,306
2026-06-10 06:54:00,4183.79,4185.49,4182.25,4184.99,489
2026-06-10 06:55:00,4184.97,4185.1,4181.87,4182.17,405
2026-06-10 06:56:00,4182.15,4183.86,4181.91,4183.61,361
2026-06-10 06:57:00,4183.61,4184.71,4183.07,4183.51,344
2026-06-10 06:58:00,4183.51,4184.78,4183.43,4184.41,362
2026-06-10 06:59:00,4184.41,4185.03,4184.22,4184.87,283
2026-06-10 07:00:00,4184.87,4187.27,4184.06,4184.83,473
2026-06-10 07:01:00,4184.83,4184.88,4182.36,4182.62,312
2026-06-10 07:02:00,4182.62,4185.01,4182.02,4184.72,377
2026-06-10 07:03:00,4184.74,4186.72,4184.72,4186.16,411
2026-06-10 07:04:00,4186.16,4186.81,4185.82,4186.3,286
2026-06-10 07:05:00,4186.29,4186.58,4185.44,4186.46,294
2026-06-10 07:06:00,4186.46,4186.54,4184.44,4184.8,332
2026-06-10 07:07:00,4184.8,4185.16,4181.96,4182.14,480
2026-06-10 07:08:00,4182.14,4183.13,4182.14,4182.57,252
2026-06-10 07:09:00,4182.57,4185.34,4182.42,4184.35,252
2026-06-10 07:10:00,4184.33,4184.4,4182.4,4182.83,220
2026-06-10 07:11:00,4182.87,4184.42,4182.87,4183.06,295
2026-06-10 07:12:00,4183.06,4183.06,4180.86,4180.9,288
2026-06-10 07:13:00,4180.9,4182.12,4180.64,4181.85,237
2026-06-10 07:14:00,4181.87,4182.05,4181.06,4181.23,210
2026-06-10 07:15:00,4181.23,4182.29,4179.84,4179.84,253
2026-06-10 07:16:00,4179.82,4180.27,4178.72,4180.17,220
2026-06-10 07:17:00,4180.17,4181.09,4179.92,4179.98,272
2026-06-10 07:18:00,4179.98,4180.27,4178.95,4180.27,335
2026-06-10 07:19:00,4180.27,4182.12,4180.16,4181.54,334
2026-06-10 07:20:00,4181.53,4183.01,4180.47,4180.63,333
2026-06-10 07:21:00,4180.64,4180.67,4178.14,4178.56,342
2026-06-10 07:22:00,4178.59,4178.96,4176.47,4177.91,358
2026-06-10 07:23:00,4177.91,4179.12,4177.13,4178.42,309
2026-06-10 07:24:00,4178.42,4179.25,4178.12,4178.36,287
2026-06-10 07:25:00,4178.35,4179.91,4177.67,4179.63,352
2026-06-10 07:26:00,4179.63,4180.31,4178.85,4179.83,328
2026-06-10 07:27:00,4179.83,4180.47,4177.74,4177.84,303
2026-06-10 07:28:00,4177.84,4178.18,4173.82,4173.83,443
2026-06-10 07:29:00,4173.81,4176.17,4173.67,4174.44,295
2026-06-10 07:30:00,4174.44,4174.57,4173.4,4173.88,325
2026-06-10 07:31:00,4173.88,4175.28,4173.09,4174.95,297
2026-06-10 07:32:00,4174.95,4174.95,4173.82,4174.07,304
2026-06-10 07:33:00,4174.07,4175.09,4173.77,4173.79,286
2026-06-10 07:34:00,4173.78,4175.18,4173.77,4174.37,327
2026-06-10 07:35:00,4174.37,4174.78,4173.22,4173.71,371
2026-06-10 07:36:00,4173.71,4174.3,4173.58,4174.1,235
2026-06-10 07:37:00,4174.08,4175.03,4173.88,4174.98,244
2026-06-10 07:38:00,4174.95,4175.45,4174.18,4174.89,309
2026-06-10 07:39:00,4174.89,4175.18,4173.95,4174.76,378
2026-06-10 07:40:00,4174.78,4175.23,4173.66,4173.87,359
2026-06-10 07:41:00,4173.87,4174.02,4173.17,4173.7,283
2026-06-10 07:42:00,4173.73,4174.37,4173.48,4173.94,293
2026-06-10 07:43:00,4173.94,4174.6,4173.94,4174.18,222
2026-06-10 07:44:00,4174.18,4174.43,4173.29,4173.48,245
2026-06-10 07:45:00,4173.48,4173.92,4172.45,4173.73,284
2026-06-10 07:46:00,4173.72,4174.85,4173.51,4174.39,266
2026-06-10 07:47:00,4174.39,4175.13,4173.53,4174.03,228
2026-06-10 07:48:00,4174.03,4174.26,4173.33,4173.76,231
2026-06-10 07:49:00,4173.74,4174.79,4173.67,4173.93,237
2026-06-10 07:50:00,4173.93,4175.89,4173.68,4174.82,260
2026-06-10 07:51:00,4174.79,4175.04,4173.71,4174.13,256
2026-06-10 07:52:00,4174.13,4175.19,4174.06,4174.19,207
2026-06-10 07:53:00,4174.12,4174.85,4173.98,4174.65,205
2026-06-10 07:54:00,4174.64,4175.28,4173.98,4175.05,299
2026-06-10 07:55:00,4175.05,4175.91,4174.07,4174.07,308
2026-06-10 07:56:00,4174.07,4174.89,4173.79,4174.15,300
2026-06-10 07:57:00,4174.15,4175.25,4173.75,4175.24,310
2026-06-10 07:58:00,4175.24,4175.24,4174.42,4174.65,227
2026-06-10 07:59:00,4174.69,4175.85,4174.31,4174.86,233
2026-06-10 08:00:00,4174.86,4175.21,4173.95,4175.12,385
2026-06-10 08:01:00,4175.12,4175.12,4174.06,4174.17,238
2026-06-10 08:02:00,4174.17,4178.36,4174.17,4176.63,412
2026-06-10 08:03:00,4176.63,4176.63,4174.75,4174.89,266
2026-06-10 08:04:00,4174.89,4175.38,4173.44,4174.67,309
2026-06-10 08:05:00,4174.67,4174.96,4173.76,4174.92,316
2026-06-10 08:06:00,4174.92,4178.79,4174.49,4177.95,455
2026-06-10 08:07:00,4177.95,4178.16,4176.82,4178.16,435
2026-06-10 08:08:00,4178.16,4179.07,4175.24,4176.05,368
2026-06-10 08:09:00,4176.05,4176.88,4175.24,4176.65,350
2026-06-10 08:10:00,4176.65,4178.32,4175.49,4178.32,279
2026-06-10 08:11:00,4178.32,4179.29,4177.98,4178.27,278
2026-06-10 08:12:00,4178.27,4178.47,4177.27,4177.29,288
2026-06-10 08:13:00,4177.29,4180.66,4177.06,4179.73,289
2026-06-10 08:14:00,4179.73,4180.09,4178.7,4179.7,278
2026-06-10 08:15:00,4179.77,4180.42,4177.63,4177.88,289
2026-06-10 08:16:00,4177.88,4177.88,4176.01,4177.01,317
2026-06-10 08:17:00,4177.01,4178.68,4176.48,4177.14,302
2026-06-10 08:18:00,4177.14,4177.55,4175.57,4176.17,299
2026-06-10 08:19:00,4176.17,4177.2,4175.63,4176.67,282
2026-06-10 08:20:00,4176.67,4177.28,4176.35,4176.76,293
2026-06-10 08:21:00,4176.76,4179.56,4175.96,4179.55,318
2026-06-10 08:22:00,4179.54,4181.5,4179.26,4181.48,366
2026-06-10 08:23:00,4181.54,4183.29,4181.38,4181.89,363
2026-06-10 08:24:00,4181.89,4182.33,4180.28,4180.75,274
2026-06-10 08:25:00,4180.75,4181.31,4179.72,4180.52,270
2026-06-10 08:26:00,4180.5,4182.79,4180.04,4182.03,332
2026-06-10 08:27:00,4182.01,4183.7,4181.49,4183.6,301
2026-06-10 08:28:00,4183.6,4184.55,4182.51,4183.86,314
2026-06-10 08:29:00,4183.86,4187.28,4182.88,4187.14,351
2026-06-10 08:30:00,4187.14,4189.38,4184.01,4185.19,625
2026-06-10 08:31:00,4185.19,4185.71,4181.74,4184.65,492
2026-06-10 08:32:00,4184.65,4190.95,4184.37,4189.56,617
2026-06-10 08:33:00,4189.56,4193.34,4187.32,4192.48,520
2026-06-10 08:34:00,4192.48,4192.48,4189.31,4191.02,532
2026-06-10 08:35:00,4191.02,4194.71,4187.84,4194.71,650
2026-06-10 08:36:00,4194.9,4194.9,4191.4,4192.76,562
2026-06-10 08:37:00,4192.76,4194.37,4190.91,4191.27,518
2026-06-10 08:38:00,4191.26,4194.04,4191.15,4194.04,541
2026-06-10 08:39:00,4194.04,4194.73,4191.87,4194.25,486
2026-06-10 08:40:00,4194.25,4196.07,4193.39,4196.04,592
2026-06-10 08:41:00,4196.04,4197.27,4194.87,4196.43,501
2026-06-10 08:42:00,4196.43,4198.88,4195.27,4198.45,639
2026-06-10 08:43:00,4198.45,4198.54,4196.73,4196.85,493
2026-06-10 08:44:00,4196.85,4198.95,4195.11,4198.11,542
2026-06-10 08:45:00,4198.11,4199.73,4197.43,4199.24,504
2026-06-10 08:46:00,4199.24,4199.34,4197.44,4198.81,471
2026-06-10 08:47:00,4198.81,4200.18,4197.73,4199.91,399
2026-06-10 08:48:00,4199.91,4204.48,4199.4,4204.11,439
2026-06-10 08:49:00,4204.11,4205.5,4202.4,4202.7,521
2026-06-10 08:50:00,4202.7,4205.36,4201.43,4201.53,652
2026-06-10 08:51:00,4201.53,4202.98,4200.49,4202.59,500
2026-06-10 08:52:00,4202.59,4203.22,4201.27,4201.57,491
2026-06-10 08:53:00,4201.57,4204.35,4201.57,4203.81,558
2026-06-10 08:54:00,4203.81,4206.58,4203.28,4203.79,488
2026-06-10 08:55:00,4203.79,4207.18,4203.73,4206.24,456
2026-06-10 08:56:00,4206.24,4206.27,4203.81,4204.29,410
2026-06-10 08:57:00,4204.29,4209.06,4204.29,4207.38,524
2026-06-10 08:58:00,4207.38,4207.38,4203.9,4204.13,391
2026-06-10 08:59:00,4204.13,4205.64,4204.13,4205.21,404
2026-06-10 09:00:00,4205.21,4209.81,4205.18,4209.31,550
2026-06-10 09:01:00,4209.31,4209.49,4205.92,4207.07,582
2026-06-10 09:02:00,4207.07,4209.73,4207.07,4208.62,452
2026-06-10 09:03:00,4208.66,4210.37,4208.36,4210.09,479
2026-06-10 09:04:00,4210.09,4212.69,4210.06,4211.1,517
2026-06-10 09:05:00,4211.1,4212.32,4209.34,4211.88,405
2026-06-10 09:06:00,4211.88,4216.42,4211.38,4216.28,521
2026-06-10 09:07:00,4216.28,4220.24,4214.21,4219.87,508
2026-06-10 09:08:00,4219.87,4221.87,4219.46,4219.48,489
2026-06-10 09:09:00,4219.47,4220.45,4213.29,4214.2,593
2026-06-10 09:10:00,4214.2,4214.66,4210.81,4211.0,551
2026-06-10 09:11:00,4211.0,4212.3,4209.79,4210.89,422
2026-06-10 09:12:00,4210.89,4212.52,4209.23,4212.35,483
2026-06-10 09:13:00,4212.39,4216.13,4211.96,4214.8,394
2026-06-10 09:14:00,4214.8,4215.2,4212.33,4212.96,244
2026-06-10 09:15:00,4212.96,4214.08,4212.63,4213.9,355
2026-06-10 09:16:00,4213.89,4215.0,4212.97,4213.25,337
2026-06-10 09:17:00,4213.25,4213.94,4211.09,4212.27,379
2026-06-10 09:18:00,4212.27,4213.46,4211.86,4212.69,385
2026-06-10 09:19:00,4212.69,4215.53,4212.67,4214.42,419
2026-06-10 09:20:00,4214.42,4216.71,4214.42,4216.42,358
2026-06-10 09:21:00,4216.4,4216.6,4210.26,4211.0,381
2026-06-10 09:22:00,4211.0,4212.2,4210.32,4212.2,334
2026-06-10 09:23:00,4212.2,4213.14,4211.04,4211.73,294
2026-06-10 09:24:00,4211.73,4212.25,4208.32,4209.15,334
2026-06-10 09:25:00,4209.15,4212.11,4209.15,4211.86,319
2026-06-10 09:26:00,4211.86,4214.98,4210.76,4214.8,370
2026-06-10 09:27:00,4214.8,4216.1,4211.24,4211.51,427
2026-06-10 09:28:00,4211.51,4211.86,4210.75,4211.3,291
2026-06-10 09:29:00,4211.33,4212.92,4210.32,4211.9,301
2026-06-10 09:30:00,4211.67,4213.55,4209.47,4209.61,407
2026-06-10 09:31:00,4209.61,4210.52,4208.17,4208.72,340
2026-06-10 09:32:00,4208.81,4210.12,4208.51,4209.57,303
2026-06-10 09:33:00,4209.59,4210.86,4209.57,4210.57,390
2026-06-10 09:34:00,4210.57,4211.59,4209.74,4210.46,304
2026-06-10 09:35:00,4210.46,4211.19,4209.38,4210.6,324
2026-06-10 09:36:00,4210.6,4211.5,4209.67,4211.41,376
2026-06-10 09:37:00,4211.41,4212.13,4209.44,4209.93,400
2026-06-10 09:38:00,4209.93,4210.6,4207.73,4209.37,385
2026-06-10 09:39:00,4209.37,4209.61,4208.42,4209.09,371
2026-06-10 09:40:00,4209.09,4209.39,4206.46,4207.17,392
2026-06-10 09:41:00,4207.17,4207.95,4206.37,4207.14,405
2026-06-10 09:42:00,4207.14,4208.76,4207.03,4207.45,333
2026-06-10 09:43:00,4207.45,4207.78,4205.51,4206.18,382
2026-06-10 09:44:00,4206.18,4208.68,4205.04,4207.48,373
2026-06-10 09:45:00,4207.48,4207.85,4205.97,4207.59,346
2026-06-10 09:46:00,4207.59,4207.67,4205.39,4206.38,355
2026-06-10 09:47:00,4206.4,4209.79,4205.77,4208.04,377
2026-06-10 09:48:00,4208.04,4208.1,4205.74,4205.96,370
2026-06-10 09:49:00,4205.96,4206.12,4203.16,4203.2,380
2026-06-10 09:50:00,4203.2,4205.22,4202.56,4204.2,430
2026-06-10 09:51:00,4204.2,4206.17,4204.2,4205.82,479
2026-06-10 09:52:00,4205.82,4206.6,4204.86,4205.0,293
2026-06-10 09:53:00,4205.0,4205.28,4203.48,4203.54,285
2026-06-10 09:54:00,4203.54,4203.6,4201.8,4202.18,404
2026-06-10 09:55:00,4202.18,4204.19,4201.75,4202.98,405
2026-06-10 09:56:00,4202.98,4203.52,4202.06,4202.56,291
2026-06-10 09:57:00,4202.56,4204.32,4202.51,4203.7,414
2026-06-10 09:58:00,4203.7,4205.89,4203.57,4203.63,458
2026-06-10 09:59:00,4203.63,4204.13,4202.98,4203.87,418
2026-06-10 10:00:00,4203.87,4204.57,4201.47,4204.02,518
2026-06-10 10:01:00,4204.02,4205.01,4201.35,4203.4,523
2026-06-10 10:02:00,4203.4,4204.44,4202.7,4203.85,375
2026-06-10 10:03:00,4204.1,4205.74,4202.27,4202.61,434
2026-06-10 10:04:00,4202.62,4204.77,4201.31,4203.69,468
2026-06-10 10:05:00,4203.69,4204.77,4202.03,4204.15,414
2026-06-10 10:06:00,4204.17,4205.47,4203.91,4204.93,327
2026-06-10 10:07:00,4205.14,4206.54,4204.9,4205.83,361
2026-06-10 10:08:00,4205.83,4206.35,4202.85,4206.13,374
2026-06-10 10:09:00,4206.13,4207.62,4204.62,4207.19,360
2026-06-10 10:10:00,4207.19,4207.98,4204.97,4205.27,396
2026-06-10 10:11:00,4205.27,4205.51,4200.48,4201.63,370
2026-06-10 10:12:00,4201.62,4201.83,4199.51,4199.87,352
2026-06-10 10:13:00,4199.88,4200.09,4197.4,4198.44,362
2026-06-10 10:14:00,4198.44,4200.72,4198.44,4200.31,363
2026-06-10 10:15:00,4200.3,4202.71,4199.45,4202.53,412
2026-06-10 10:16:00,4202.53,4203.02,4200.26,4200.26,304
2026-06-10 10:17:00,4200.25,4200.78,4199.67,4200.55,321
2026-06-10 10:18:00,4200.55,4200.93,4197.92,4199.09,318
2026-06-10 10:19:00,4199.14,4199.81,4198.06,4198.73,276
2026-06-10 10:20:00,4198.73,4200.96,4198.66,4198.96,311
2026-06-10 10:21:00,4198.96,4200.81,4198.11,4200.78,304
2026-06-10 10:22:00,4200.78,4201.31,4199.71,4200.99,303
2026-06-10 10:23:00,4201.14,4203.74,4201.0,4201.63,311
2026-06-10 10:24:00,4201.63,4201.74,4199.08,4199.18,304
2026-06-10 10:25:00,4199.18,4199.18,4195.45,4196.35,385
2026-06-10 10:26:00,4196.35,4196.51,4194.63,4194.97,346
2026-06-10 10:27:00,4194.97,4196.33,4194.16,4194.2,333
2026-06-10 10:28:00,4194.12,4194.5,4193.59,4194.2,333
2026-06-10 10:29:00,4194.18,4195.3,4193.75,4194.89,349
2026-06-10 10:30:00,4194.89,4196.28,4193.49,4195.9,404
2026-06-10 10:31:00,4195.91,4197.24,4194.29,4194.77,337
2026-06-10 10:32:00,4194.75,4194.86,4191.81,4193.28,336
2026-06-10 10:33:00,4193.28,4194.6,4193.05,4194.39,285
2026-06-10 10:34:00,4194.39,4195.91,4194.39,4194.7,382
2026-06-10 10:35:00,4194.7,4195.65,4194.31,4194.6,353
2026-06-10 10:36:00,4194.6,4195.22,4192.29,4193.92,434
2026-06-10 10:37:00,4193.92,4195.11,4192.62,4193.14,373
2026-06-10 10:38:00,4193.14,4193.59,4191.32,4191.84,326
2026-06-10 10:39:00,4191.84,4191.9,4190.22,4190.68,389
2026-06-10 10:40:00,4190.68,4191.95,4189.64,4191.7,443
2026-06-10 10:41:00,4191.7,4193.18,4191.65,4192.43,315
2026-06-10 10:42:00,4192.44,4193.44,4191.36,4191.67,422
2026-06-10 10:43:00,4191.67,4192.49,4188.48,4189.32,406
2026-06-10 10:44:00,4189.32,4190.11,4187.89,4189.67,376
2026-06-10 10:45:00,4189.67,4192.71,4189.25,4192.12,413
2026-06-10 10:46:00,4192.12,4192.77,4191.65,4192.5,361
2026-06-10 10:47:00,4192.5,4192.88,4190.69,4192.69,371
2026-06-10 10:48:00,4192.69,4192.81,4190.89,4191.92,381
2026-06-10 10:49:00,4191.92,4192.3,4189.75,4190.31,366
2026-06-10 10:50:00,4190.31,4190.31,4187.89,4188.66,345
2026-06-10 10:51:00,4188.66,4189.85,4187.92,4187.96,369
2026-06-10 10:52:00,4187.96,4187.96,4181.74,4181.84,493
2026-06-10 10:53:00,4181.84,4183.98,4181.79,4183.92,412
2026-06-10 10:54:00,4183.92,4185.01,4181.74,4182.16,375
2026-06-10 10:55:00,4182.16,4183.71,4181.62,4183.53,394
2026-06-10 10:56:00,4183.53,4185.74,4183.13,4185.07,389
2026-06-10 10:57:00,4185.07,4185.32,4181.77,4181.82,333
2026-06-10 10:58:00,4181.82,4185.98,4181.8,4185.82,324
2026-06-10 10:59:00,4185.82,4187.69,4185.67,4186.15,329
2026-06-10 11:00:00,4186.14,4187.46,4179.36,4179.74,548
2026-06-10 11:01:00,4179.74,4180.83,4177.77,4177.85,554
2026-06-10 11:02:00,4177.85,4178.13,4173.99,4174.52,803
2026-06-10 11:03:00,4174.5,4175.38,4166.09,4166.56,881
2026-06-10 11:04:00,4166.56,4166.78,4161.35,4164.25,684
2026-06-10 11:05:00,4164.25,4168.02,4161.78,4165.69,627
2026-06-10 11:06:00,4165.69,4167.45,4164.28,4166.94,445
2026-06-10 11:07:00,4166.96,4171.37,4166.4,4170.83,487
2026-06-10 11:08:00,4170.83,4171.01,4166.07,4167.87,477
2026-06-10 11:09:00,4167.87,4167.87,4164.7,4167.4,519
2026-06-10 11:10:00,4167.4,4170.75,4165.75,4170.12,417
2026-06-10 11:11:00,4170.12,4171.85,4168.73,4171.58,407
2026-06-10 11:12:00,4171.51,4172.26,4169.44,4169.45,391
2026-06-10 11:13:00,4169.45,4169.84,4163.87,4163.9,465
2026-06-10 11:14:00,4163.92,4167.53,4161.5,4166.5,660
2026-06-10 11:15:00,4166.62,4172.0,4166.14,4171.75,477
2026-06-10 11:16:00,4171.75,4179.06,4171.53,4175.99,496
2026-06-10 11:17:00,4175.98,4178.61,4175.89,4177.21,501
2026-06-10 11:18:00,4177.21,4177.22,4172.88,4173.15,431
2026-06-10 11:19:00,4173.15,4176.56,4172.6,4173.47,384
2026-06-10 11:20:00,4173.57,4174.7,4170.9,4171.02,380
2026-06-10 11:21:00,4171.01,4171.77,4168.18,4170.45,608
2026-06-10 11:22:00,4170.45,4170.91,4169.46,4170.27,410
2026-06-10 11:23:00,4170.27,4171.54,4169.51,4171.17,388
2026-06-10 11:24:00,4171.16,4172.22,4169.46,4170.97,438
2026-06-10 11:25:00,4171.04,4173.16,4170.8,4171.07,361
2026-06-10 11:26:00,4171.07,4172.43,4169.7,4170.41,428
2026-06-10 11:27:00,4170.28,4171.79,4169.22,4170.34,453
2026-06-10 11:28:00,4170.28,4173.61,4170.28,4172.57,426
2026-06-10 11:29:00,4172.57,4173.39,4171.68,4172.28,507
2026-06-10 11:30:00,4172.28,4172.28,4169.13,4169.64,374
2026-06-10 11:31:00,4169.64,4170.55,4166.5,4169.73,405
2026-06-10 11:32:00,4169.73,4169.73,4166.48,4167.5,388
2026-06-10 11:33:00,4167.5,4168.68,4167.08,4168.2,356
2026-06-10 11:34:00,4168.2,4169.46,4167.79,4168.12,363
2026-06-10 11:35:00,4168.12,4172.17,4168.12,4171.96,425
2026-06-10 11:36:00,4171.91,4175.84,4171.59,4175.33,375
2026-06-10 11:37:00,4175.33,4175.56,4173.07,4174.5,413
2026-06-10 11:38:00,4174.5,4174.52,4172.77,4174.27,349
2026-06-10 11:39:00,4174.28,4175.31,4172.08,4172.92,327
2026-06-10 11:40:00,4172.92,4175.2,4172.68,4174.87,319
2026-06-10 11:41:00,4174.87,4178.04,4174.82,4177.38,371
2026-06-10 11:42:00,4177.38,4179.27,4176.62,4177.43,346
2026-06-10 11:43:00,4177.43,4177.88,4175.2,4177.01,485
2026-06-10 11:44:00,4177.01,4177.01,4170.04,4170.52,451
2026-06-10 11:45:00,4170.52,4170.57,4167.91,4169.41,670
2026-06-10 11:46:00,4169.41,4169.63,4166.38,4167.58,471
2026-06-10 11:47:00,4167.58,4169.68,4167.33,4169.15,430
2026-06-10 11:48:00,4169.15,4173.32,4169.15,4172.17,401
2026-06-10 11:49:00,4172.19,4174.6,4172.12,4174.29,416
2026-06-10 11:50:00,4174.29,4175.79,4173.53,4174.9,454
2026-06-10 11:51:00,4174.9,4176.46,4171.6,4171.6,474
2026-06-10 11:52:00,4171.61,4174.23,4171.18,4174.16,361
2026-06-10 11:53:00,4174.16,4174.92,4172.37,4174.71,398
2026-06-10 11:54:00,4174.71,4174.91,4171.1,4171.22,342
2026-06-10 11:55:00,4171.22,4172.86,4170.04,4171.77,376
2026-06-10 11:56:00,4171.77,4171.98,4169.91,4171.61,395
2026-06-10 11:57:00,4171.6,4171.74,4169.96,4170.61,409
2026-06-10 11:58:00,4170.61,4170.61,4167.9,4168.21,393
2026-06-10 11:59:00,4168.23,4169.7,4167.75,4169.02,392
2026-06-10 12:00:00,4169.03,4169.65,4166.87,4168.81,397
2026-06-10 12:01:00,4168.81,4168.93,4167.36,4168.69,414
2026-06-10 12:02:00,4168.67,4169.12,4165.5,4165.91,437
2026-06-10 12:03:00,4165.91,4169.19,4165.31,4167.28,553
2026-06-10 12:04:00,4167.28,4168.67,4166.8,4167.18,371
2026-06-10 12:05:00,4167.18,4169.48,4166.67,4169.25,513
2026-06-10 12:06:00,4169.28,4171.66,4168.33,4168.35,442
2026-06-10 12:07:00,4168.35,4170.76,4166.49,4169.65,397
2026-06-10 12:08:00,4169.65,4169.99,4168.58,4168.89,375
2026-06-10 12:09:00,4168.89,4171.04,4168.77,4170.48,427
2026-06-10 12:10:00,4170.45,4174.17,4169.67,4172.12,437
2026-06-10 12:11:00,4172.12,4172.47,4168.95,4168.95,353
2026-06-10 12:12:00,4168.95,4169.45,4167.09,4167.28,345
2026-06-10 12:13:00,4167.28,4169.0,4166.28,4168.31,392
2026-06-10 12:14:00,4168.42,4168.8,4164.7,4165.15,390
2026-06-10 12:15:00,4165.12,4168.5,4164.36,4167.45,478
2026-06-10 12:16:00,4167.45,4170.16,4166.06,4169.96,398
2026-06-10 12:17:00,4169.96,4173.11,4169.33,4172.84,404
2026-06-10 12:18:00,4172.84,4175.01,4172.31,4172.31,404
2026-06-10 12:19:00,4172.31,4174.0,4170.89,4171.31,366
2026-06-10 12:20:00,4171.31,4171.31,4168.62,4170.26,465
2026-06-10 12:21:00,4170.26,4171.19,4168.68,4168.75,327
2026-06-10 12:22:00,4168.75,4169.05,4166.32,4166.9,347
2026-06-10 12:23:00,4166.9,4168.05,4166.04,4167.29,378
2026-06-10 12:24:00,4167.3,4169.23,4166.62,4168.36,338
2026-06-10 12:25:00,4168.36,4170.99,4167.99,4170.95,385
2026-06-10 12:26:00,4170.95,4171.91,4168.75,4170.04,436
2026-06-10 12:27:00,4170.04,4171.41,4168.25,4168.57,380
2026-06-10 12:28:00,4168.58,4169.78,4166.39,4166.53,402
2026-06-10 12:29:00,4166.53,4167.14,4164.23,4166.19,395
2026-06-10 12:30:00,4166.19,4170.19,4165.84,4169.11,457
2026-06-10 12:31:00,4169.09,4170.26,4168.19,4168.98,458
2026-06-10 12:32:00,4168.98,4176.04,4168.98,4175.24,460
2026-06-10 12:33:00,4175.24,4175.98,4173.1,4173.56,442
2026-06-10 12:34:00,4173.54,4177.46,4173.46,4176.95,426
2026-06-10 12:35:00,4176.81,4177.92,4176.48,4177.92,414
2026-06-10 12:36:00,4177.92,4179.68,4173.78,4174.31,435
2026-06-10 12:37:00,4174.31,4175.2,4172.7,4173.52,404
2026-06-10 12:38:00,4173.52,4175.19,4173.33,4174.51,381
2026-06-10 12:39:00,4174.51,4174.69,4170.95,4172.4,390
2026-06-10 12:40:00,4172.4,4172.84,4167.74,4168.87,595
2026-06-10 12:41:00,4168.93,4170.25,4167.89,4169.25,411
2026-06-10 12:42:00,4169.25,4170.11,4167.81,4168.9,497
2026-06-10 12:43:00,4168.89,4170.75,4167.86,4170.5,454
2026-06-10 12:44:00,4170.5,4171.94,4170.13,4171.47,389
2026-06-10 12:45:00,4171.47,4174.07,4171.36,4173.99,461
2026-06-10 12:46:00,4173.99,4174.95,4173.21,4173.83,390
2026-06-10 12:47:00,4173.83,4174.29,4168.07,4168.07,360
2026-06-10 12:48:00,4168.07,4168.91,4165.96,4167.38,446
2026-06-10 12:49:00,4167.38,4169.63,4167.19,4168.22,327
2026-06-10 12:50:00,4168.22,4168.69,4166.71,4167.83,406
2026-06-10 12:51:00,4167.88,4168.62,4167.11,4168.39,307
2026-06-10 12:52:00,4168.39,4168.66,4165.02,4165.03,438
2026-06-10 12:53:00,4165.02,4165.95,4163.06,4164.42,415
2026-06-10 12:54:00,4164.39,4166.71,4164.15,4166.08,380
2026-06-10 12:55:00,4166.08,4166.45,4165.33,4166.04,318
2026-06-10 12:56:00,4166.04,4167.36,4165.91,4167.36,339
2026-06-10 12:57:00,4167.36,4167.46,4165.61,4166.22,301
2026-06-10 12:58:00,4166.22,4167.84,4166.15,4167.53,378
2026-06-10 12:59:00,4167.53,4169.22,4166.62,4168.75,273
2026-06-10 13:00:00,4168.75,4170.3,4168.22,4168.28,393
2026-06-10 13:01:00,4168.22,4170.99,4167.33,4170.99,394
2026-06-10 13:02:00,4170.99,4171.17,4169.78,4169.91,289
2026-06-10 13:03:00,4169.91,4170.14,4168.19,4168.65,279
2026-06-10 13:04:00,4168.65,4170.27,4167.94,4169.31,300
2026-06-10 13:05:00,4169.31,4169.81,4165.62,4166.75,303
2026-06-10 13:06:00,4166.75,4166.91,4162.68,4162.82,398
2026-06-10 13:07:00,4162.82,4163.65,4156.06,4156.18,687
2026-06-10 13:08:00,4156.18,4158.0,4155.7,4156.78,416
2026-06-10 13:09:00,4156.78,4159.9,4156.78,4159.6,373
2026-06-10 13:10:00,4159.63,4159.88,4155.92,4156.88,488
2026-06-10 13:11:00,4156.88,4159.89,4156.34,4158.93,407
2026-06-10 13:12:00,4158.93,4161.82,4158.42,4161.69,405
2026-06-10 13:13:00,4161.69,4162.11,4159.77,4160.63,347
2026-06-10 13:14:00,4160.63,4162.38,4160.61,4161.06,275
2026-06-10 13:15:00,4161.06,4161.97,4159.67,4160.22,400
2026-06-10 13:16:00,4160.22,4161.19,4159.97,4160.77,386
2026-06-10 13:17:00,4160.77,4161.5,4159.87,4160.52,282
2026-06-10 13:18:00,4160.47,4163.88,4160.44,4161.35,405
2026-06-10 13:19:00,4161.35,4164.87,4161.24,4164.44,364
2026-06-10 13:20:00,4164.44,4165.04,4163.65,4165.04,366
2026-06-10 13:21:00,4165.04,4169.89,4165.04,4169.26,511
2026-06-10 13:22:00,4169.26,4169.79,4168.19,4168.55,385
2026-06-10 13:23:00,4168.55,4168.99,4166.79,4166.91,396
2026-06-10 13:24:00,4166.91,4167.52,4165.2,4166.76,391
2026-06-10 13:25:00,4166.76,4167.07,4164.8,4164.99,293
2026-06-10 13:26:00,4165.0,4165.04,4162.71,4163.67,366
2026-06-10 13:27:00,4163.67,4165.61,4163.67,4165.19,323
2026-06-10 13:28:00,4165.19,4168.82,4164.55,4168.12,386
2026-06-10 13:29:00,4168.1,4169.37,4165.0,4165.0,341
2026-06-10 13:30:00,4165.0,4168.91,4164.11,4167.33,441
2026-06-10 13:31:00,4167.33,4168.21,4166.27,4167.75,396
2026-06-10 13:32:00,4167.75,4167.87,4166.06,4167.06,339
2026-06-10 13:33:00,4167.06,4168.98,4167.06,4167.79,372
2026-06-10 13:34:00,4167.79,4167.96,4164.86,4165.19,465
2026-06-10 13:35:00,4165.19,4166.85,4164.6,4165.14,360
2026-06-10 13:36:00,4165.15,4168.84,4165.15,4168.83,344
2026-06-10 13:37:00,4168.83,4169.13,4167.7,4168.82,352
2026-06-10 13:38:00,4168.82,4169.02,4166.33,4166.35,322
2026-06-10 13:39:00,4166.37,4167.43,4166.09,4167.43,300
2026-06-10 13:40:00,4167.43,4167.63,4164.23,4165.51,406
2026-06-10 13:41:00,4165.52,4167.98,4165.5,4166.85,308
2026-06-10 13:42:00,4166.85,4169.15,4166.52,4169.11,345
2026-06-10 13:43:00,4169.11,4171.05,4167.84,4168.32,406
2026-06-10 13:44:00,4168.28,4171.52,4167.43,4171.52,375
2026-06-10 13:45:00,4171.52,4171.54,4170.2,4170.65,365
2026-06-10 13:46:00,4170.65,4171.17,4169.8,4170.74,358
2026-06-10 13:47:00,4170.74,4173.39,4170.21,4171.16,381
2026-06-10 13:48:00,4171.16,4172.55,4170.18,4172.47,324
2026-06-10 13:49:00,4172.45,4177.46,4172.45,4177.46,466
2026-06-10 13:50:00,4177.46,4178.68,4175.31,4175.9,409
2026-06-10 13:51:00,4175.9,4175.92,4174.49,4174.51,385
2026-06-10 13:52:00,4174.51,4175.51,4173.52,4173.53,351
2026-06-10 13:53:00,4173.53,4173.61,4171.4,4173.09,346
2026-06-10 13:54:00,4173.07,4173.44,4171.59,4171.82,366
2026-06-10 13:55:00,4171.82,4173.2,4171.57,4172.72,392
2026-06-10 13:56:00,4172.72,4176.38,4171.77,4175.3,560
2026-06-10 13:57:00,4175.3,4178.41,4174.57,4176.41,501
2026-06-10 13:58:00,4176.4,4177.43,4174.74,4175.68,490
2026-06-10 13:59:00,4175.68,4175.69,4173.54,4174.69,405
2026-06-10 14:00:00,4174.69,4176.11,4173.44,4174.12,400
2026-06-10 14:01:00,4174.12,4174.69,4173.69,4174.2,454
2026-06-10 14:02:00,4174.2,4175.78,4173.55,4175.02,352
2026-06-10 14:03:00,4175.02,4175.04,4161.17,4161.56,717
2026-06-10 14:04:00,4161.56,4165.91,4160.01,4161.4,994
2026-06-10 14:05:00,4161.4,4163.9,4153.5,4162.05,937
2026-06-10 14:06:00,4162.05,4162.8,4158.18,4161.89,647
2026-06-10 14:07:00,4161.89,4164.63,4160.66,4162.58,611
2026-06-10 14:08:00,4162.58,4163.53,4161.18,4163.07,482
2026-06-10 14:09:00,4163.07,4163.52,4158.84,4161.34,548
2026-06-10 14:10:00,4161.29,4164.65,4161.03,4163.07,406
2026-06-10 14:11:00,4163.07,4166.6,4162.72,4164.74,545
2026-06-10 14:12:00,4164.76,4166.48,4163.99,4164.57,485
2026-06-10 14:13:00,4164.54,4165.36,4163.32,4164.0,508
2026-06-10 14:14:00,4164.0,4169.11,4162.77,4168.53,594
2026-06-10 14:15:00,4168.53,4171.73,4168.16,4170.9,594
2026-06-10 14:16:00,4170.9,4170.9,4166.65,4167.68,475
2026-06-10 14:17:00,4167.68,4169.29,4166.84,4167.04,533
2026-06-10 14:18:00,4167.04,4169.24,4166.3,4166.99,589
2026-06-10 14:19:00,4167.02,4167.97,4164.77,4164.85,662
2026-06-10 14:20:00,4164.85,4168.0,4164.69,4165.34,609
2026-06-10 14:21:00,4165.34,4168.91,4165.32,4167.55,509
2026-06-10 14:22:00,4167.57,4170.72,4166.79,4168.96,485
2026-06-10 14:23:00,4168.96,4170.42,4168.42,4168.93,526
2026-06-10 14:24:00,4168.93,4169.36,4163.47,4163.47,601
2026-06-10 14:25:00,4163.47,4164.59,4156.86,4158.82,936
2026-06-10 14:26:00,4158.82,4163.61,4157.95,4162.94,738
2026-06-10 14:27:00,4162.96,4166.65,4161.9,4165.78,770
2026-06-10 14:28:00,4165.78,4166.58,4164.62,4165.46,509
2026-06-10 14:29:00,4165.46,4166.55,4163.59,4166.53,696
2026-06-10 14:30:00,4166.53,4167.94,4164.8,4165.95,520
2026-06-10 14:31:00,4165.95,4166.11,4161.21,4161.84,484
2026-06-10 14:32:00,4161.84,4165.24,4161.49,4162.6,774
2026-06-10 14:33:00,4162.6,4166.77,4162.43,4164.83,747
2026-06-10 14:34:00,4164.9,4165.25,4162.86,4164.85,440
2026-06-10 14:35:00,4164.85,4165.77,4162.07,4162.78,466
2026-06-10 14:36:00,4162.95,4164.59,4161.87,4164.12,446
2026-06-10 14:37:00,4164.12,4164.41,4159.69,4160.63,435
2026-06-10 14:38:00,4160.7,4161.44,4156.59,4157.41,570
2026-06-10 14:39:00,4157.41,4157.66,4156.28,4156.33,558
2026-06-10 14:40:00,4156.33,4160.11,4156.33,4158.41,524
2026-06-10 14:41:00,4158.41,4158.62,4156.4,4157.54,509
2026-06-10 14:42:00,4157.54,4158.8,4156.55,4157.06,477
2026-06-10 14:43:00,4157.05,4159.04,4156.47,4158.8,452
2026-06-10 14:44:00,4158.8,4158.8,4154.29,4154.49,463
2026-06-10 14:45:00,4154.49,4154.8,4152.43,4153.28,618
2026-06-10 14:46:00,4153.29,4154.39,4152.73,4153.46,480
2026-06-10 14:47:00,4153.52,4155.11,4152.75,4155.11,486
2026-06-10 14:48:00,4155.21,4155.35,4153.63,4155.07,527
2026-06-10 14:49:00,4155.07,4155.75,4152.85,4155.66,479
2026-06-10 14:50:00,4155.66,4157.18,4154.86,4157.16,530
2026-06-10 14:51:00,4157.16,4163.39,4156.51,4162.37,633
2026-06-10 14:52:00,4162.39,4163.37,4160.87,4160.89,525
2026-06-10 14:53:00,4160.89,4162.28,4157.37,4157.95,500
2026-06-10 14:54:00,4157.95,4158.19,4153.62,4154.62,575
2026-06-10 14:55:00,4154.62,4155.79,4152.78,4153.03,498
2026-06-10 14:56:00,4153.03,4154.04,4150.3,4150.87,636
2026-06-10 14:57:00,4150.87,4152.75,4150.26,4150.55,455
2026-06-10 14:58:00,4150.59,4152.35,4147.42,4147.42,530
2026-06-10 14:59:00,4147.42,4148.46,4145.74,4147.55,620
2026-06-10 15:00:00,4147.55,4151.04,4146.46,4149.3,592
2026-06-10 15:01:00,4149.3,4149.3,4145.5,4147.74,692
2026-06-10 15:02:00,4147.74,4150.95,4147.27,4150.55,563
2026-06-10 15:03:00,4150.55,4152.51,4148.66,4149.24,520
2026-06-10 15:04:00,4149.24,4149.76,4146.83,4147.05,518
2026-06-10 15:05:00,4147.05,4150.8,4146.98,4150.7,549
2026-06-10 15:06:00,4150.7,4150.7,4147.14,4148.23,484
2026-06-10 15:07:00,4148.23,4148.42,4145.29,4147.33,592
2026-06-10 15:08:00,4147.39,4147.89,4145.1,4145.83,615
2026-06-10 15:09:00,4145.83,4147.25,4144.67,4145.06,648
2026-06-10 15:10:00,4145.06,4145.11,4139.99,4140.1,698
2026-06-10 15:11:00,4140.1,4142.03,4140.03,4140.49,532
2026-06-10 15:12:00,4140.5,4141.49,4134.82,4137.04,700
2026-06-10 15:13:00,4137.04,4141.65,4135.55,4138.57,749
2026-06-10 15:14:00,4138.57,4138.57,4134.55,4136.26,629
2026-06-10 15:15:00,4136.26,4142.06,4135.89,4137.32,578
2026-06-10 15:16:00,4137.32,4141.75,4137.29,4140.69,526
2026-06-10 15:17:00,4140.69,4142.88,4139.82,4142.39,541
2026-06-10 15:18:00,4142.39,4142.44,4136.12,4136.93,556
2026-06-10 15:19:00,4136.93,4138.17,4135.56,4136.37,664
2026-06-10 15:20:00,4136.37,4136.81,4133.96,4135.29,559
2026-06-10 15:21:00,4135.39,4137.42,4135.2,4135.65,460
2026-06-10 15:22:00,4135.64,4137.31,4134.96,4135.3,585
2026-06-10 15:23:00,4135.29,4135.79,4134.14,4134.94,459
2026-06-10 15:24:00,4135.01,4136.68,4133.91,4134.56,512
2026-06-10 15:25:00,4134.54,4139.07,4134.46,4138.99,502
2026-06-10 15:26:00,4138.99,4141.9,4138.27,4140.92,438
2026-06-10 15:27:00,4140.91,4140.91,4130.72,4134.12,664
2026-06-10 15:28:00,4134.12,4138.97,4134.02,4138.97,587
2026-06-10 15:29:00,4138.97,4141.98,4138.18,4140.95,500
2026-06-10 15:30:00,4141.27,4173.64,4139.61,4169.01,1521
2026-06-10 15:31:00,4169.01,4170.64,4154.72,4155.66,990
2026-06-10 15:32:00,4155.66,4162.12,4154.4,4162.12,983
2026-06-10 15:33:00,4162.14,4170.94,4161.91,4166.09,1101
2026-06-10 15:34:00,4166.09,4167.15,4158.18,4162.31,920
2026-06-10 15:35:00,4162.31,4164.14,4157.52,4157.74,868
2026-06-10 15:36:00,4157.74,4166.5,4155.92,4166.42,777
2026-06-10 15:37:00,4166.42,4172.89,4165.57,4166.19,875
2026-06-10 15:38:00,4166.19,4167.75,4162.58,4164.56,761
2026-06-10 15:39:00,4164.56,4166.2,4160.8,4160.82,833
2026-06-10 15:40:00,4160.82,4162.1,4155.16,4159.56,960
2026-06-10 15:41:00,4159.56,4165.09,4157.83,4164.53,776
2026-06-10 15:42:00,4164.56,4166.67,4158.61,4161.09,972
2026-06-10 15:43:00,4161.09,4163.76,4159.08,4160.68,686
2026-06-10 15:44:00,4160.68,4160.72,4158.06,4160.39,709
2026-06-10 15:45:00,4160.39,4160.99,4157.57,4159.33,726
2026-06-10 15:46:00,4159.33,4169.49,4158.95,4164.79,902
2026-06-10 15:47:00,4164.79,4165.42,4158.89,4159.14,707
2026-06-10 15:48:00,4159.1,4162.45,4157.96,4158.53,770
2026-06-10 15:49:00,4158.53,4159.39,4156.28,4157.8,647
2026-06-10 15:50:00,4157.87,4158.32,4153.59,4156.04,703
2026-06-10 15:51:00,4156.04,4156.06,4152.39,4153.81,777
2026-06-10 15:52:00,4153.81,4154.37,4148.75,4150.73,953
2026-06-10 15:53:00,4150.72,4155.4,4150.72,4153.38,760
2026-06-10 15:54:00,4153.38,4155.15,4150.87,4151.77,669
2026-06-10 15:55:00,4151.77,4152.82,4149.56,4150.27,686
2026-06-10 15:56:00,4150.27,4150.99,4143.52,4144.23,807
2026-06-10 15:57:00,4144.26,4147.67,4143.05,4143.41,832
2026-06-10 15:58:00,4143.32,4147.14,4142.22,4145.88,644
2026-06-10 15:59:00,4145.88,4148.1,4145.29,4146.98,562
2026-06-10 16:00:00,4147.0,4151.97,4144.94,4148.49,825
2026-06-10 16:01:00,4148.49,4156.02,4147.41,4154.41,813
2026-06-10 16:02:00,4154.41,4154.7,4151.17,4153.64,634
2026-06-10 16:03:00,4153.64,4156.23,4148.57,4152.04,833
2026-06-10 16:04:00,4152.04,4154.05,4150.77,4153.23,578
2026-06-10 16:05:00,4153.24,4153.96,4151.44,4152.54,813
2026-06-10 16:06:00,4152.54,4155.23,4152.25,4155.2,608
2026-06-10 16:07:00,4155.2,4156.52,4153.25,4154.12,597
2026-06-10 16:08:00,4154.12,4158.05,4153.79,4154.54,607
2026-06-10 16:09:00,4154.54,4155.21,4148.67,4154.46,693
2026-06-10 16:10:00,4154.46,4155.87,4148.93,4152.32,784
2026-06-10 16:11:00,4152.32,4157.28,4151.68,4155.41,622
2026-06-10 16:12:00,4155.41,4157.16,4154.4,4154.58,636
2026-06-10 16:13:00,4154.61,4156.23,4154.32,4155.13,519
2026-06-10 16:14:00,4155.28,4155.5,4150.21,4151.38,508
2026-06-10 16:15:00,4151.38,4151.38,4141.63,4142.25,774
2026-06-10 16:16:00,4142.25,4145.3,4136.56,4137.49,817
2026-06-10 16:17:00,4137.48,4139.98,4134.31,4138.73,682
2026-06-10 16:18:00,4138.73,4142.99,4138.32,4141.39,805
2026-06-10 16:19:00,4141.49,4142.29,4135.67,4135.71,805
2026-06-10 16:20:00,4135.71,4136.53,4132.91,4135.67,818
2026-06-10 16:21:00,4135.67,4138.53,4135.55,4136.34,657
2026-06-10 16:22:00,4136.34,4138.39,4135.01,4137.65,564
2026-06-10 16:23:00,4137.65,4139.84,4136.36,4139.45,470
2026-06-10 16:24:00,4139.45,4146.32,4138.83,4144.1,583
2026-06-10 16:25:00,4144.3,4149.75,4143.44,4148.39,506
2026-06-10 16:26:00,4148.39,4149.28,4146.83,4147.62,429
2026-06-10 16:27:00,4147.62,4150.18,4145.74,4149.95,560
2026-06-10 16:28:00,4149.84,4150.84,4148.31,4149.84,464
2026-06-10 16:29:00,4149.84,4151.02,4148.02,4149.76,532
2026-06-10 16:30:00,4149.72,4153.7,4147.35,4149.17,848
2026-06-10 16:31:00,4149.17,4151.69,4145.63,4151.22,814
2026-06-10 16:32:00,4151.22,4151.83,4145.86,4146.13,688
2026-06-10 16:33:00,4146.13,4147.17,4143.27,4144.46,778
2026-06-10 16:34:00,4144.49,4147.22,4142.76,4142.99,851
2026-06-10 16:35:00,4142.99,4154.36,4141.99,4152.81,926
2026-06-10 16:36:00,4152.74,4159.56,4151.54,4159.17,915
2026-06-10 16:37:00,4159.17,4164.83,4157.92,4161.66,922
2026-06-10 16:38:00,4161.66,4168.85,4160.37,4164.5,792
2026-06-10 16:39:00,4164.36,4168.71,4162.07,4166.11,801
2026-06-10 16:40:00,4166.11,4167.88,4164.05,4165.89,750
2026-06-10 16:41:00,4165.91,4169.61,4163.47,4169.42,762
2026-06-10 16:42:00,4169.47,4173.54,4167.29,4171.3,798
2026-06-10 16:43:00,4171.3,4174.31,4168.55,4172.54,718
2026-06-10 16:44:00,4172.53,4178.85,4172.47,4178.85,903
2026-06-10 16:45:00,4178.87,4185.33,4173.8,4184.21,1056
2026-06-10 16:46:00,4184.21,4184.26,4175.95,4177.22,718
2026-06-10 16:47:00,4177.22,4178.7,4176.3,4177.21,751
2026-06-10 16:48:00,4177.21,4183.0,4177.21,4182.67,641
2026-06-10 16:49:00,4182.67,4185.55,4179.77,4185.41,746
2026-06-10 16:50:00,4185.77,4185.99,4178.3,4178.77,804
2026-06-10 16:51:00,4178.77,4181.34,4176.09,4177.72,988
2026-06-10 16:52:00,4177.72,4183.1,4177.42,4182.88,883
2026-06-10 16:53:00,4182.88,4186.31,4180.45,4180.81,680
2026-06-10 16:54:00,4180.81,4184.0,4178.75,4180.06,814
2026-06-10 16:55:00,4180.07,4181.09,4175.54,4176.93,704
2026-06-10 16:56:00,4177.13,4181.34,4176.89,4180.4,756
2026-06-10 16:57:00,4180.4,4184.0,4178.78,4180.09,545
2026-06-10 16:58:00,4180.09,4180.84,4176.4,4178.53,583
2026-06-10 16:59:00,4178.53,4180.21,4177.01,4179.53,660
2026-06-10 17:00:00,4179.53,4181.04,4173.21,4174.91,761
2026-06-10 17:01:00,4174.91,4177.19,4170.98,4171.72,719
2026-06-10 17:02:00,4171.72,4174.26,4170.79,4171.74,685
2026-06-10 17:03:00,4171.74,4179.52,4171.74,4176.93,723
2026-06-10 17:04:00,4176.93,4177.15,4170.95,4171.6,596
2026-06-10 17:05:00,4171.6,4173.26,4170.15,4171.46,640
2026-06-10 17:06:00,4171.46,4175.09,4171.34,4174.03,602
2026-06-10 17:07:00,4174.03,4175.04,4172.19,4173.47,635
2026-06-10 17:08:00,4173.47,4174.21,4170.89,4173.54,639
2026-06-10 17:09:00,4173.54,4176.56,4172.51,4173.47,799
2026-06-10 17:10:00,4173.47,4175.21,4170.64,4173.07,701
2026-06-10 17:11:00,4173.07,4177.83,4172.38,4175.42,657
2026-06-10 17:12:00,4175.42,4176.49,4174.5,4175.46,695
2026-06-10 17:13:00,4175.46,4180.06,4173.29,4179.01,694
2026-06-10 17:14:00,4179.01,4179.75,4172.82,4174.27,626
2026-06-10 17:15:00,4174.27,4175.15,4168.45,4168.63,679
2026-06-10 17:16:00,4168.63,4175.37,4167.87,4174.65,907
2026-06-10 17:17:00,4174.65,4174.65,4169.08,4169.5,661
2026-06-10 17:18:00,4169.5,4171.13,4168.62,4169.41,666
2026-06-10 17:19:00,4169.41,4169.62,4167.37,4168.25,574
2026-06-10 17:20:00,4168.25,4170.68,4165.79,4166.15,609
2026-06-10 17:21:00,4166.26,4166.31,4162.75,4164.93,677
2026-06-10 17:22:00,4164.93,4166.15,4162.88,4165.1,697
2026-06-10 17:23:00,4165.2,4166.27,4162.81,4165.38,584
2026-06-10 17:24:00,4165.38,4172.95,4165.38,4169.86,820
2026-06-10 17:25:00,4169.75,4171.6,4165.08,4165.43,715
2026-06-10 17:26:00,4165.43,4167.38,4164.13,4167.34,530
2026-06-10 17:27:00,4167.34,4167.58,4163.99,4165.12,600
2026-06-10 17:28:00,4165.12,4165.66,4159.48,4160.21,900
2026-06-10 17:29:00,4160.2,4161.85,4159.75,4161.14,673
2026-06-10 17:30:00,4161.14,4163.34,4160.01,4161.55,871
2026-06-10 17:31:00,4161.51,4161.61,4155.58,4155.58,967
2026-06-10 17:32:00,4155.58,4160.21,4155.57,4160.13,703
2026-06-10 17:33:00,4160.13,4160.51,4157.41,4157.83,544
2026-06-10 17:34:00,4157.83,4161.24,4156.83,4160.23,546
2026-06-10 17:35:00,4160.23,4162.47,4157.62,4157.74,537
2026-06-10 17:36:00,4157.74,4157.78,4154.24,4154.53,790
2026-06-10 17:37:00,4154.53,4155.63,4152.85,4154.38,689
2026-06-10 17:38:00,4154.27,4155.97,4153.97,4154.37,583
2026-06-10 17:39:00,4154.41,4158.3,4154.4,4157.82,580
2026-06-10 17:40:00,4157.82,4159.54,4156.13,4159.25,645
2026-06-10 17:41:00,4159.23,4161.4,4158.33,4160.3,667
2026-06-10 17:42:00,4160.27,4160.67,4156.02,4156.14,557
2026-06-10 17:43:00,4155.97,4156.85,4152.66,4153.26,668
2026-06-10 17:44:00,4153.26,4153.55,4149.67,4149.87,761
2026-06-10 17:45:00,4149.87,4151.69,4147.69,4149.68,761
2026-06-10 17:46:00,4149.68,4150.31,4148.32,4150.12,617
2026-06-10 17:47:00,4150.12,4151.15,4147.54,4147.69,641
2026-06-10 17:48:00,4147.69,4147.79,4140.73,4140.8,904
2026-06-10 17:49:00,4140.8,4142.89,4138.15,4140.66,800
2026-06-10 17:50:00,4140.7,4141.65,4137.69,4139.97,870
2026-06-10 17:51:00,4139.99,4142.91,4138.84,4139.9,684
2026-06-10 17:52:00,4139.9,4139.94,4137.44,4139.36,730
2026-06-10 17:53:00,4139.36,4142.82,4139.1,4140.38,699
2026-06-10 17:54:00,4140.38,4141.38,4137.51,4138.06,635
2026-06-10 17:55:00,4138.04,4138.76,4133.92,4134.45,764
2026-06-10 17:56:00,4134.45,4134.67,4125.76,4127.45,994
2026-06-10 17:57:00,4127.45,4128.74,4118.28,4119.11,1276
2026-06-10 17:58:00,4119.11,4122.45,4117.9,4120.21,826
2026-06-10 17:59:00,4120.19,4125.24,4119.34,4124.87,792
2026-06-10 18:00:00,4124.87,4128.59,4123.06,4124.49,831
2026-06-10 18:01:00,4124.49,4136.23,4123.85,4136.16,799
2026-06-10 18:02:00,4136.16,4136.5,4131.9,4132.61,813
2026-06-10 18:03:00,4132.7,4134.16,4128.94,4129.05,798
2026-06-10 18:04:00,4129.05,4129.76,4125.84,4129.12,653
2026-06-10 18:05:00,4129.12,4129.18,4122.12,4124.2,703
2026-06-10 18:06:00,4124.2,4126.82,4123.82,4124.27,701
2026-06-10 18:07:00,4124.27,4129.27,4123.93,4128.6,668
2026-06-10 18:08:00,4128.6,4128.72,4124.62,4126.3,723
2026-06-10 18:09:00,4126.31,4128.34,4125.87,4126.53,683
2026-06-10 18:10:00,4126.53,4127.38,4121.93,4122.05,783
2026-06-10 18:11:00,4122.05,4123.67,4119.2,4121.86,664
2026-06-10 18:12:00,4121.86,4122.72,4119.93,4122.31,642
2026-06-10 18:13:00,4122.31,4126.47,4122.31,4123.43,695
2026-06-10 18:14:00,4123.43,4125.44,4122.57,4123.29,662
2026-06-10 18:15:00,4123.29,4124.13,4117.77,4119.19,721
2026-06-10 18:16:00,4119.14,4122.75,4118.34,4121.84,628
2026-06-10 18:17:00,4121.84,4121.84,4117.7,4118.22,557
2026-06-10 18:18:00,4118.22,4119.49,4114.46,4114.63,676
2026-06-10 18:19:00,4114.66,4116.06,4113.4,4115.6,863
2026-06-10 18:20:00,4115.6,4124.74,4115.31,4124.29,699
2026-06-10 18:21:00,4124.29,4127.01,4122.69,4126.8,679
2026-06-10 18:22:00,4126.8,4128.79,4125.61,4128.55,596
2026-06-10 18:23:00,4128.55,4131.74,4128.03,4131.74,680
2026-06-10 18:24:00,4131.74,4134.09,4129.55,4130.27,886
2026-06-10 18:25:00,4130.27,4134.38,4128.9,4133.29,699
2026-06-10 18:26:00,4133.29,4136.08,4131.4,4132.03,648
2026-06-10 18:27:00,4132.03,4132.68,4129.33,4130.73,653
2026-06-10 18:28:00,4130.73,4136.93,4130.72,4134.29,672
2026-06-10 18:29:00,4134.11,4134.11,4127.7,4127.82,610
2026-06-10 18:30:00,4127.82,4130.54,4125.87,4129.1,713
2026-06-10 18:31:00,4129.1,4129.4,4126.39,4126.48,624
2026-06-10 18:32:00,4126.48,4131.25,4125.73,4129.98,628
2026-06-10 18:33:00,4130.04,4130.06,4123.88,4124.4,664
2026-06-10 18:34:00,4124.4,4129.35,4123.79,4128.24,735
2026-06-10 18:35:00,4128.24,4129.48,4125.76,4126.16,636
2026-06-10 18:36:00,4126.16,4130.78,4125.69,4129.78,606
2026-06-10 18:37:00,4129.8,4130.23,4125.24,4125.63,589
2026-06-10 18:38:00,4125.63,4126.44,4123.17,4123.6,560
2026-06-10 18:39:00,4123.6,4126.49,4122.55,4124.6,671
2026-06-10 18:40:00,4124.6,4124.6,4121.99,4122.62,660
2026-06-10 18:41:00,4122.62,4128.12,4122.01,4126.76,699
2026-06-10 18:42:00,4126.76,4126.88,4122.52,4122.76,643
2026-06-10 18:43:00,4122.76,4129.35,4122.74,4128.39,603
2026-06-10 18:44:00,4128.39,4130.08,4127.27,4128.7,560
2026-06-10 18:45:00,4128.7,4129.46,4124.93,4127.33,565
2026-06-10 18:46:00,4127.33,4131.14,4126.24,4129.49,537
2026-06-10 18:47:00,4129.49,4130.24,4117.29,4121.47,862
2026-06-10 18:48:00,4121.47,4122.82,4108.58,4115.16,1159
2026-06-10 18:49:00,4115.11,4123.54,4114.14,4118.17,817
2026-06-10 18:50:00,4118.17,4122.04,4109.75,4111.03,890
2026-06-10 18:51:00,4111.03,4114.59,4106.92,4107.48,896
2026-06-10 18:52:00,4107.48,4113.74,4106.82,4113.61,776
2026-06-10 18:53:00,4113.61,4120.6,4111.92,4120.26,857
2026-06-10 18:54:00,4120.26,4125.79,4119.33,4120.38,665
2026-06-10 18:55:00,4120.38,4120.68,4117.51,4118.34,586
2026-06-10 18:56:00,4118.34,4120.23,4115.48,4117.25,701
2026-06-10 18:57:00,4117.25,4125.57,4116.94,4125.24,712
2026-06-10 18:58:00,4125.25,4125.91,4123.09,4123.71,607
2026-06-10 18:59:00,4123.73,4129.03,4123.3,4128.91,622
2026-06-10 19:00:00,4128.91,4131.67,4128.57,4128.67,670
2026-06-10 19:01:00,4128.61,4128.61,4122.81,4124.65,848
2026-06-10 19:02:00,4124.65,4126.92,4123.73,4123.92,564
2026-06-10 19:03:00,4123.92,4126.58,4123.76,4126.36,527
2026-06-10 19:04:00,4126.36,4129.56,4125.28,4126.84,548
2026-06-10 19:05:00,4126.84,4128.26,4125.48,4125.71,564
2026-06-10 19:06:00,4125.71,4131.0,4124.84,4130.95,647
2026-06-10 19:07:00,4130.95,4131.3,4128.95,4129.34,499
2026-06-10 19:08:00,4129.35,4130.23,4125.93,4126.22,521
2026-06-10 19:09:00,4126.2,4130.71,4124.35,4130.13,505
2026-06-10 19:10:00,4130.13,4130.15,4126.36,4126.72,526
2026-06-10 19:11:00,4126.72,4128.42,4125.24,4126.56,514
2026-06-10 19:12:00,4126.56,4129.44,4126.56,4127.9,453
2026-06-10 19:13:00,4128.0,4131.34,4127.49,4130.82,475
2026-06-10 19:14:00,4130.82,4132.99,4128.8,4129.33,472
2026-06-10 19:15:00,4129.33,4130.74,4128.11,4129.12,434
2026-06-10 19:16:00,4129.12,4133.98,4128.8,4131.78,517
2026-06-10 19:17:00,4131.78,4132.6,4129.95,4130.1,531
2026-06-10 19:18:00,4130.1,4130.97,4128.52,4129.22,462
2026-06-10 19:19:00,4129.22,4133.0,4127.97,4133.0,584
2026-06-10 19:20:00,4133.0,4135.08,4130.72,4130.84,518
2026-06-10 19:21:00,4130.84,4132.49,4128.48,4132.31,494
2026-06-10 19:22:00,4132.31,4133.41,4130.51,4132.54,445
2026-06-10 19:23:00,4132.54,4133.75,4131.12,4133.52,496
2026-06-10 19:24:00,4133.52,4133.78,4129.51,4129.87,466
2026-06-10 19:25:00,4129.87,4130.22,4127.49,4129.31,438
2026-06-10 19:26:00,4129.31,4132.29,4128.73,4131.6,421
2026-06-10 19:27:00,4131.6,4132.42,4130.22,4130.82,393
2026-06-10 19:28:00,4130.82,4132.09,4128.87,4129.48,434
2026-06-10 19:29:00,4129.57,4129.88,4125.96,4127.58,480
2026-06-10 19:30:00,4127.58,4130.09,4125.97,4126.16,501
2026-06-10 19:31:00,4126.16,4128.06,4124.93,4125.05,550
2026-06-10 19:32:00,4125.05,4125.05,4121.12,4122.32,612
2026-06-10 19:33:00,4122.32,4123.88,4122.08,4122.47,410
2026-06-10 19:34:00,4122.47,4129.74,4122.41,4129.38,496
2026-06-10 19:35:00,4129.38,4130.02,4126.28,4127.78,595
2026-06-10 19:36:00,4127.78,4129.4,4126.39,4129.23,502
2026-06-10 19:37:00,4129.23,4132.16,4128.18,4130.69,487
2026-06-10 19:38:00,4130.69,4130.99,4129.39,4129.51,420
2026-06-10 19:39:00,4129.51,4129.51,4126.0,4127.96,510
2026-06-10 19:40:00,4127.96,4128.34,4126.19,4126.66,446
2026-06-10 19:41:00,4126.68,4127.08,4123.41,4124.37,419
2026-06-10 19:42:00,4124.3,4124.57,4120.88,4121.48,473
2026-06-10 19:43:00,4121.47,4123.3,4120.78,4121.27,482
2026-06-10 19:44:00,4121.27,4123.06,4120.46,4122.22,449
2026-06-10 19:45:00,4122.22,4122.89,4120.34,4120.61,496
2026-06-10 19:46:00,4120.61,4121.42,4119.23,4120.33,533
2026-06-10 19:47:00,4120.33,4120.33,4115.96,4116.81,484
2026-06-10 19:48:00,4116.81,4120.46,4116.81,4119.93,557
2026-06-10 19:49:00,4119.93,4121.21,4119.29,4120.42,455
2026-06-10 19:50:00,4120.42,4120.68,4117.95,4119.75,429
2026-06-10 19:51:00,4119.75,4122.06,4119.07,4121.81,438
2026-06-10 19:52:00,4121.81,4122.42,4120.62,4121.72,496
2026-06-10 19:53:00,4121.71,4123.11,4119.83,4120.34,392
2026-06-10 19:54:00,4120.34,4120.69,4119.04,4120.3,309
2026-06-10 19:55:00,4120.3,4120.31,4116.5,4118.29,466
2026-06-10 19:56:00,4118.28,4120.32,4117.86,4120.16,450
2026-06-10 19:57:00,4120.16,4121.23,4119.23,4120.96,425
2026-06-10 19:58:00,4120.98,4121.41,4119.59,4120.89,332
2026-06-10 19:59:00,4120.89,4122.22,4120.7,4122.02,405
2026-06-10 20:00:00,4122.05,4125.46,4121.41,4125.18,512
2026-06-10 20:01:00,4125.18,4125.19,4122.52,4123.65,393
2026-06-10 20:02:00,4123.65,4130.4,4123.65,4129.99,473
2026-06-10 20:03:00,4129.99,4135.03,4129.79,4132.71,519
2026-06-10 20:04:00,4132.71,4132.97,4131.2,4132.11,520
2026-06-10 20:05:00,4132.11,4132.42,4124.69,4125.2,465
2026-06-10 20:06:00,4125.18,4126.89,4124.66,4125.65,445
2026-06-10 20:07:00,4125.65,4126.67,4124.15,4124.84,454
2026-06-10 20:08:00,4124.85,4125.19,4120.96,4121.55,459
2026-06-10 20:09:00,4121.55,4121.76,4119.07,4120.2,380
2026-06-10 20:10:00,4120.2,4120.51,4115.16,4116.58,590
2026-06-10 20:11:00,4116.58,4117.43,4114.79,4116.57,562
2026-06-10 20:12:00,4116.57,4117.93,4115.25,4117.44,485
2026-06-10 20:13:00,4117.44,4119.86,4116.67,4118.67,531
2026-06-10 20:14:00,4118.67,4118.72,4116.14,4117.99,500
2026-06-10 20:15:00,4117.99,4120.21,4116.66,4116.79,526
2026-06-10 20:16:00,4116.79,4119.18,4115.95,4118.4,456
2026-06-10 20:17:00,4118.4,4119.09,4115.08,4115.57,494
2026-06-10 20:18:00,4115.57,4116.58,4114.63,4115.56,485
2026-06-10 20:19:00,4115.56,4116.32,4113.32,4113.74,449
2026-06-10 20:20:00,4113.74,4116.0,4113.68,4115.89,449
2026-06-10 20:21:00,4115.89,4116.4,4114.59,4115.52,441
2026-06-10 20:22:00,4115.52,4115.69,4110.46,4111.25,550
2026-06-10 20:23:00,4111.25,4113.61,4111.0,4112.76,495
2026-06-10 20:24:00,4112.79,4112.83,4110.11,4111.85,660
2026-06-10 20:25:00,4111.85,4113.61,4111.41,4112.59,461
2026-06-10 20:26:00,4112.59,4113.76,4111.04,4113.63,483
2026-06-10 20:27:00,4113.63,4114.2,4112.04,4112.15,442
2026-06-10 20:28:00,4112.15,4115.29,4112.15,4114.35,393
2026-06-10 20:29:00,4114.35,4114.35,4109.19,4111.02,653
2026-06-10 20:30:00,4111.02,4111.06,4105.78,4106.46,696
2026-06-10 20:31:00,4106.46,4109.85,4106.33,4107.26,474
2026-06-10 20:32:00,4107.26,4110.51,4105.84,4109.16,565
2026-06-10 20:33:00,4109.16,4109.99,4107.97,4108.66,457
2026-06-10 20:34:00,4108.66,4112.49,4108.02,4111.17,466
2026-06-10 20:35:00,4111.17,4111.96,4109.22,4111.09,449
2026-06-10 20:36:00,4111.12,4111.14,4106.54,4106.99,431
2026-06-10 20:37:00,4106.99,4109.25,4106.83,4107.94,456
2026-06-10 20:38:00,4107.95,4108.01,4105.42,4106.36,509
2026-06-10 20:39:00,4106.36,4107.75,4104.98,4105.32,424
2026-06-10 20:40:00,4105.32,4106.39,4104.32,4104.69,447
2026-06-10 20:41:00,4104.69,4105.8,4104.22,4105.31,416
2026-06-10 20:42:00,4105.31,4106.23,4104.59,4105.06,380
2026-06-10 20:43:00,4105.07,4105.23,4104.21,4104.9,349
2026-06-10 20:44:00,4104.9,4105.88,4101.97,4102.35,429
2026-06-10 20:45:00,4102.16,4104.59,4100.82,4103.92,505
2026-06-10 20:46:00,4103.92,4110.99,4103.92,4110.78,644
2026-06-10 20:47:00,4110.78,4110.8,4107.81,4110.17,524
2026-06-10 20:48:00,4110.14,4112.15,4108.51,4111.76,576
2026-06-10 20:49:00,4111.76,4112.57,4110.5,4111.41,513
2026-06-10 20:50:00,4111.41,4113.36,4104.98,4110.14,709
2026-06-10 20:51:00,4110.14,4110.69,4107.06,4107.84,598
2026-06-10 20:52:00,4107.8,4109.07,4106.15,4106.41,482
2026-06-10 20:53:00,4106.41,4109.22,4106.41,4109.13,504
2026-06-10 20:54:00,4109.13,4111.16,4108.66,4109.86,523
2026-06-10 20:55:00,4109.86,4113.1,4109.29,4112.23,546
2026-06-10 20:56:00,4112.23,4113.22,4110.01,4113.17,522
2026-06-10 20:57:00,4113.17,4113.45,4109.37,4109.41,440
2026-06-10 20:58:00,4109.41,4112.34,4109.39,4112.29,443
2026-06-10 20:59:00,4112.2,4112.59,4110.88,4111.65,377
2026-06-10 21:00:00,4111.73,4117.19,4111.73,4116.35,441
2026-06-10 21:01:00,4116.35,4116.44,4114.8,4115.43,499
2026-06-10 21:02:00,4115.43,4119.43,4115.01,4118.76,457
2026-06-10 21:03:00,4118.76,4119.26,4117.36,4119.02,466
2026-06-10 21:04:00,4118.97,4120.47,4118.39,4119.84,435
2026-06-10 21:05:00,4119.82,4120.58,4117.98,4119.2,441
2026-06-10 21:06:00,4119.2,4119.4,4117.55,4117.56,390
2026-06-10 21:07:00,4117.56,4119.02,4115.8,4115.86,485
2026-06-10 21:08:00,4115.86,4118.32,4115.08,4116.89,429
2026-06-10 21:09:00,4116.86,4116.95,4114.5,4114.51,357
2026-06-10 21:10:00,4114.5,4116.75,4114.5,4115.91,409
2026-06-10 21:11:00,4115.91,4116.97,4115.53,4116.56,391
2026-06-10 21:12:00,4116.56,4117.81,4116.15,4116.97,390
2026-06-10 21:13:00,4116.97,4116.98,4115.14,4116.06,394
2026-06-10 21:14:00,4116.06,4117.02,4115.76,4115.9,385
2026-06-10 21:15:00,4115.9,4118.15,4115.66,4116.95,459
2026-06-10 21:16:00,4116.95,4117.7,4115.5,4115.76,376
2026-06-10 21:17:00,4115.78,4115.84,4112.77,4112.81,391
2026-06-10 21:18:00,4112.81,4113.77,4110.38,4111.25,538
2026-06-10 21:19:00,4111.32,4112.87,4111.22,4112.5,447
2026-06-10 21:20:00,4112.5,4113.58,4112.41,4113.01,386
2026-06-10 21:21:00,4113.01,4115.09,4112.34,4112.42,449
2026-06-10 21:22:00,4112.42,4113.7,4111.14,4111.97,451
2026-06-10 21:23:00,4111.97,4113.81,4111.48,4113.0,489
2026-06-10 21:24:00,4113.01,4113.96,4112.57,4112.77,403
2026-06-10 21:25:00,4112.78,4113.11,4109.64,4110.69,424
2026-06-10 21:26:00,4110.69,4113.15,4110.29,4112.06,395
2026-06-10 21:27:00,4112.06,4112.23,4110.47,4111.99,417
2026-06-10 21:28:00,4111.93,4114.54,4111.93,4114.12,570
2026-06-10 21:29:00,4114.12,4114.97,4112.16,4112.41,467
2026-06-10 21:30:00,4112.41,4112.68,4110.59,4111.61,515
2026-06-10 21:31:00,4111.61,4111.61,4109.65,4110.26,433
2026-06-10 21:32:00,4110.26,4112.09,4110.22,4110.67,444
2026-06-10 21:33:00,4110.67,4111.56,4110.2,4110.25,396
2026-06-10 21:34:00,4110.25,4110.32,4109.04,4109.29,409
2026-06-10 21:35:00,4109.29,4110.1,4107.14,4108.07,663
2026-06-10 21:36:00,4108.07,4109.54,4107.83,4108.84,478
2026-06-10 21:37:00,4108.84,4108.84,4107.11,4107.4,503
2026-06-10 21:38:00,4107.41,4107.88,4106.62,4107.57,519
2026-06-10 21:39:00,4107.57,4108.3,4107.12,4107.44,374
2026-06-10 21:40:00,4107.44,4108.83,4107.1,4108.41,364
2026-06-10 21:41:00,4108.41,4109.95,4107.06,4107.08,382
2026-06-10 21:42:00,4107.12,4108.22,4104.67,4104.97,520
2026-06-10 21:43:00,4104.97,4106.4,4104.8,4106.05,427
2026-06-10 21:44:00,4106.05,4106.77,4104.67,4104.96,407
2026-06-10 21:45:00,4104.97,4106.1,4104.5,4105.32,424
2026-06-10 21:46:00,4105.32,4106.0,4104.88,4105.21,343
2026-06-10 21:47:00,4105.21,4105.31,4104.14,4104.99,415
2026-06-10 21:48:00,4104.99,4107.73,4104.72,4106.66,409
2026-06-10 21:49:00,4106.66,4106.69,4104.39,4104.4,375
2026-06-10 21:50:00,4104.4,4104.47,4096.9,4097.67,724
2026-06-10 21:51:00,4097.66,4102.62,4097.59,4100.48,528
2026-06-10 21:52:00,4100.48,4102.21,4099.89,4102.0,387
2026-06-10 21:53:00,4102.0,4103.07,4101.87,4102.52,466
2026-06-10 21:54:00,4102.52,4102.81,4101.4,4101.45,397
2026-06-10 21:55:00,4101.45,4101.45,4099.23,4100.22,477
2026-06-10 21:56:00,4100.26,4101.47,4099.48,4101.2,354
2026-06-10 21:57:00,4101.19,4103.18,4101.15,4102.54,420
2026-06-10 21:58:00,4102.54,4102.81,4101.71,4102.13,338
2026-06-10 21:59:00,4102.13,4102.13,4100.24,4101.57,380
2026-06-10 22:00:00,4101.57,4102.11,4099.4,4099.57,538
2026-06-10 22:01:00,4099.57,4101.05,4099.17,4100.55,438
2026-06-10 22:02:00,4100.55,4100.55,4098.26,4099.58,396
2026-06-10 22:03:00,4099.58,4101.25,4099.34,4100.01,411
2026-06-10 22:04:00,4100.0,4100.15,4095.87,4096.16,436
2026-06-10 22:05:00,4096.16,4097.0,4095.42,4096.35,543
2026-06-10 22:06:00,4096.34,4099.2,4096.34,4098.34,447
2026-06-10 22:07:00,4098.34,4099.04,4095.99,4096.99,476
2026-06-10 22:08:00,4096.99,4097.64,4095.81,4096.38,448
2026-06-10 22:09:00,4096.38,4097.01,4094.83,4094.95,443
2026-06-10 22:10:00,4094.95,4094.99,4092.62,4093.16,528
2026-06-10 22:11:00,4093.16,4093.31,4089.62,4089.62,671
2026-06-10 22:12:00,4089.62,4091.03,4088.52,4089.25,491
2026-06-10 22:13:00,4089.28,4089.88,4087.55,4089.44,504
2026-06-10 22:14:00,4089.44,4089.59,4087.21,4088.93,509
2026-06-10 22:15:00,4088.93,4090.44,4087.53,4089.64,522
2026-06-10 22:16:00,4089.67,4092.04,4089.45,4090.82,417
2026-06-10 22:17:00,4090.82,4091.12,4089.46,4090.89,357
2026-06-10 22:18:00,4090.9,4091.26,4089.62,4090.93,316
2026-06-10 22:19:00,4090.93,4091.31,4089.53,4089.85,386
2026-06-10 22:20:00,4089.85,4090.08,4088.67,4088.98,463
2026-06-10 22:21:00,4088.98,4089.92,4088.05,4088.78,388
2026-06-10 22:22:00,4088.76,4090.16,4088.67,4088.72,332
2026-06-10 22:23:00,4088.72,4088.72,4082.54,4083.58,707
2026-06-10 22:24:00,4083.58,4085.23,4082.96,4084.93,441
2026-06-10 22:25:00,4084.93,4084.97,4082.25,4082.3,436
2026-06-10 22:26:00,4082.3,4083.51,4082.07,4082.71,587
2026-06-10 22:27:00,4082.71,4083.23,4081.61,4083.23,687
2026-06-10 22:28:00,4083.27,4085.78,4082.78,4085.09,597
2026-06-10 22:29:00,4085.09,4085.93,4084.17,4084.71,556
2026-06-10 22:30:00,4084.96,4086.71,4083.79,4086.47,573
2026-06-10 22:31:00,4086.47,4089.06,4085.52,4087.04,575
2026-06-10 22:32:00,4087.04,4087.89,4086.14,4087.31,436
2026-06-10 22:33:00,4087.31,4087.81,4084.64,4085.36,473
2026-06-10 22:34:00,4085.34,4086.99,4085.22,4086.3,520
2026-06-10 22:35:00,4086.3,4086.78,4083.07,4083.69,440
2026-06-10 22:36:00,4083.73,4084.8,4082.24,4083.05,577
2026-06-10 22:37:00,4083.05,4085.08,4082.65,4085.08,415
2026-06-10 22:38:00,4085.17,4086.79,4084.39,4085.49,376
2026-06-10 22:39:00,4085.51,4087.17,4085.27,4086.29,473
2026-06-10 22:40:00,4086.29,4090.86,4086.19,4090.83,585
2026-06-10 22:41:00,4090.83,4091.22,4088.34,4089.59,450
2026-06-10 22:42:00,4089.59,4090.68,4088.32,4090.13,424
2026-06-10 22:43:00,4090.13,4091.69,4089.85,4091.65,491
2026-06-10 22:44:00,4091.65,4091.9,4089.93,4091.49,443
2026-06-10 22:45:00,4091.52,4092.59,4090.35,4091.12,471
2026-06-10 22:46:00,4091.12,4091.52,4088.44,4089.52,538
2026-06-10 22:47:00,4089.52,4089.94,4087.35,4087.67,426
2026-06-10 22:48:00,4087.67,4088.18,4085.66,4085.74,389
2026-06-10 22:49:00,4085.74,4088.47,4085.74,4088.42,447
2026-06-10 22:50:00,4088.42,4091.79,4085.75,4090.63,699
2026-06-10 22:51:00,4090.63,4090.72,4088.54,4089.91,497
2026-06-10 22:52:00,4089.91,4090.26,4088.11,4088.4,360
2026-06-10 22:53:00,4088.4,4088.75,4086.59,4088.34,415
2026-06-10 22:54:00,4088.26,4088.39,4086.6,4087.24,409
2026-06-10 22:55:00,4087.24,4087.24,4083.51,4083.91,619
2026-06-10 22:56:00,4083.9,4085.66,4083.37,4085.02,392
2026-06-10 22:57:00,4085.02,4085.28,4082.79,4082.79,412
2026-06-10 22:58:00,4082.79,4083.23,4081.62,4083.23,525
2026-06-10 22:59:00,4083.23,4084.03,4082.36,4082.72,595
2026-06-11 01:00:00,4067.76,4071.85,4065.19,4070.0,577
2026-06-11 01:01:00,4070.0,4071.97,4065.52,4065.52,388
2026-06-11 01:02:00,4065.52,4066.14,4059.12,4060.28,396
2026-06-11 01:03:00,4060.28,4063.38,4058.15,4063.32,278
2026-06-11 01:04:00,4063.32,4063.57,4060.49,4063.05,169
2026-06-11 01:05:00,4063.02,4063.37,4059.8,4059.8,196
2026-06-11 01:06:00,4059.79,4061.09,4055.14,4055.46,369
2026-06-11 01:07:00,4055.46,4056.73,4053.17,4053.45,576
2026-06-11 01:08:00,4053.44,4056.39,4052.92,4054.09,478
2026-06-11 01:09:00,4054.12,4054.83,4050.45,4050.97,383
2026-06-11 01:10:00,4050.97,4053.99,4050.29,4051.29,422
2026-06-11 01:11:00,4051.31,4051.74,4050.21,4050.55,411
2026-06-11 01:12:00,4050.53,4051.64,4050.23,4050.76,362
2026-06-11 01:13:00,4050.84,4054.39,4050.71,4053.96,375
2026-06-11 01:14:00,4053.96,4057.12,4052.93,4056.12,426
2026-06-11 01:15:00,4056.16,4057.14,4049.73,4050.03,629
2026-06-11 01:16:00,4050.06,4050.37,4043.78,4046.9,695
2026-06-11 01:17:00,4046.8,4047.16,4042.98,4044.24,610
2026-06-11 01:18:00,4044.24,4047.03,4043.97,4044.45,476
2026-06-11 01:19:00,4044.48,4048.36,4044.0,4047.57,394
2026-06-11 01:20:00,4047.57,4047.71,4039.53,4040.01,545
2026-06-11 01:21:00,4039.93,4042.4,4037.33,4037.57,795
2026-06-11 01:22:00,4037.57,4040.48,4036.09,4039.81,675
2026-06-11 01:23:00,4039.96,4043.28,4039.34,4041.04,455
2026-06-11 01:24:00,4041.04,4041.14,4037.93,4038.41,499
2026-06-11 01:25:00,4038.41,4041.43,4036.37,4040.49,565
2026-06-11 01:26:00,4040.49,4041.86,4038.86,4040.15,418
2026-06-11 01:27:00,4040.15,4041.71,4038.6,4040.34,432
2026-06-11 01:28:00,4040.34,4044.45,4040.07,4042.72,376
2026-06-11 01:29:00,4042.72,4044.98,4041.2,4044.66,407
2026-06-11 01:30:00,4044.66,4052.14,4044.66,4051.31,576
2026-06-11 01:31:00,4051.31,4052.22,4049.98,4051.34,484
2026-06-11 01:32:00,4051.34,4051.75,4049.82,4050.84,409
2026-06-11 01:33:00,4050.9,4054.44,4049.53,4050.98,490
2026-06-11 01:34:00,4050.98,4053.52,4050.07,4050.66,387
2026-06-11 01:35:00,4050.61,4054.75,4050.35,4054.69,399
2026-06-11 01:36:00,4054.7,4056.47,4054.61,4056.15,354
2026-06-11 01:37:00,4056.15,4062.94,4055.98,4062.4,434
2026-06-11 01:38:00,4062.4,4063.58,4061.23,4063.16,526
2026-06-11 01:39:00,4063.16,4066.14,4062.26,4065.29,456
2026-06-11 01:40:00,4065.29,4068.92,4063.91,4066.51,379
2026-06-11 01:41:00,4066.51,4066.51,4062.95,4062.98,361
2026-06-11 01:42:00,4062.98,4065.8,4061.42,4065.55,395
2026-06-11 01:43:00,4065.55,4068.03,4065.49,4067.84,318
2026-06-11 01:44:00,4067.86,4069.14,4060.25,4062.73,676
2026-06-11 01:45:00,4062.73,4063.46,4057.94,4060.73,451
2026-06-11 01:46:00,4060.65,4064.77,4058.84,4064.59,458
2026-06-11 01:47:00,4064.59,4066.63,4063.9,4064.66,413
2026-06-11 01:48:00,4064.66,4066.66,4062.11,4063.79,516
2026-06-11 01:49:00,4063.79,4063.79,4061.58,4062.04,323
2026-06-11 01:50:00,4062.04,4064.25,4059.18,4059.62,409
2026-06-11 01:51:00,4059.64,4060.56,4059.13,4060.08,304
2026-06-11 01:52:00,4060.09,4060.21,4058.84,4059.16,425
2026-06-11 01:53:00,4059.16,4059.54,4052.01,4053.39,615
2026-06-11 01:54:00,4053.42,4055.17,4053.06,4053.7,467
2026-06-11 01:55:00,4053.7,4054.12,4047.44,4050.68,562
2026-06-11 01:56:00,4050.61,4052.19,4049.64,4050.96,416
2026-06-11 01:57:00,4050.98,4051.95,4050.45,4051.04,332
2026-06-11 01:58:00,4051.01,4051.4,4047.37,4048.22,426
2026-06-11 01:59:00,4048.21,4048.21,4045.53,4046.25,397
2026-06-11 02:00:00,4046.31,4050.44,4044.36,4049.08,536
2026-06-11 02:01:00,4049.08,4051.39,4048.75,4049.78,355
2026-06-11 02:02:00,4049.78,4053.82,4049.56,4052.52,482
2026-06-11 02:03:00,4052.56,4052.57,4050.19,4050.61,317
2026-06-11 02:04:00,4050.61,4051.96,4048.58,4049.57,370
2026-06-11 02:05:00,4049.57,4050.21,4046.81,4048.57,543
2026-06-11 02:06:00,4048.57,4048.82,4046.28,4046.53,294
2026-06-11 02:07:00,4046.53,4046.64,4044.42,4044.78,340
2026-06-11 02:08:00,4044.78,4045.37,4043.11,4043.82,302
2026-06-11 02:09:00,4043.83,4044.74,4038.78,4040.46,508
2026-06-11 02:10:00,4040.49,4042.41,4040.1,4040.84,434
2026-06-11 02:11:00,4040.84,4042.43,4038.55,4039.71,361
2026-06-11 02:12:00,4039.71,4040.82,4032.14,4033.84,530
2026-06-11 02:13:00,4033.82,4033.82,4024.2,4024.71,679
2026-06-11 02:14:00,4024.71,4030.21,4023.74,4029.93,701
2026-06-11 02:15:00,4029.93,4032.83,4025.54,4030.02,665
2026-06-11 02:16:00,4030.02,4030.1,4024.91,4028.27,475
2026-06-11 02:17:00,4028.35,4031.48,4027.02,4029.14,609
2026-06-11 02:18:00,4029.14,4030.1,4028.03,4028.52,378
2026-06-11 02:19:00,4028.52,4042.01,4027.33,4038.82,714
2026-06-11 02:20:00,4038.82,4047.4,4037.0,4043.38,989
2026-06-11 02:21:00,4043.35,4046.54,4037.92,4043.77,589
2026-06-11 02:22:00,4043.77,4045.28,4041.49,4044.55,517
2026-06-11 02:23:00,4044.55,4046.38,4041.83,4041.83,466
2026-06-11 02:24:00,4041.83,4043.93,4041.12,4043.32,434
2026-06-11 02:25:00,4043.32,4050.08,4041.69,4047.9,629
2026-06-11 02:26:00,4047.9,4061.41,4047.03,4059.4,671
2026-06-11 02:27:00,4059.38,4062.07,4057.6,4060.96,521
2026-06-11 02:28:00,4060.96,4061.16,4057.95,4060.63,414
2026-06-11 02:29:00,4060.63,4064.63,4059.04,4061.58,469
2026-06-11 02:30:00,4061.58,4063.97,4059.59,4061.44,462
2026-06-11 02:31:00,4061.44,4062.25,4058.35,4058.41,401
2026-06-11 02:32:00,4058.41,4062.35,4057.47,4061.74,491
2026-06-11 02:33:00,4061.73,4062.08,4056.39,4056.39,339
2026-06-11 02:34:00,4056.39,4058.67,4056.34,4057.94,457
2026-06-11 02:35:00,4057.94,4061.9,4057.08,4060.08,318
2026-06-11 02:36:00,4060.07,4062.3,4059.71,4060.17,300
2026-06-11 02:37:00,4060.19,4063.45,4059.93,4062.57,273
2026-06-11 02:38:00,4062.57,4062.67,4059.61,4060.73,280
2026-06-11 02:39:00,4060.72,4061.19,4059.61,4060.73,236
2026-06-11 02:40:00,4060.73,4063.64,4059.22,4063.28,279
2026-06-11 02:41:00,4063.29,4064.36,4057.8,4060.04,385
2026-06-11 02:42:00,4060.04,4062.69,4059.34,4060.04,323
2026-06-11 02:43:00,4060.04,4061.93,4059.71,4060.0,232
2026-06-11 02:44:00,4059.94,4059.94,4054.63,4056.21,398
2026-06-11 02:45:00,4056.17,4056.39,4049.03,4049.27,755
2026-06-11 02:46:00,4049.26,4053.72,4049.04,4052.62,464
2026-06-11 02:47:00,4052.62,4057.35,4050.98,4057.35,408
2026-06-11 02:48:00,4057.35,4057.35,4050.28,4050.73,536
2026-06-11 02:49:00,4050.82,4052.43,4049.78,4050.15,394
2026-06-11 02:50:00,4050.15,4052.34,4048.96,4051.86,425
2026-06-11 02:51:00,4051.92,4051.95,4049.8,4049.87,333
2026-06-11 02:52:00,4049.87,4050.92,4049.81,4049.95,374
2026-06-11 02:53:00,4049.95,4052.34,4049.65,4052.07,331
2026-06-11 02:54:00,4052.07,4052.19,4049.93,4051.05,332
2026-06-11 02:55:00,4050.98,4051.41,4048.85,4049.8,413
2026-06-11 02:56:00,4049.8,4050.95,4046.7,4048.55,495
2026-06-11 02:57:00,4048.57,4048.6,4044.55,4046.77,640
2026-06-11 02:58:00,4046.77,4049.37,4046.77,4048.94,398
2026-06-11 02:59:00,4048.94,4052.31,4047.07,4047.13,380
2026-06-11 03:00:00,4047.14,4059.61,4046.6,4057.22,753
2026-06-11 03:01:00,4057.22,4057.31,4051.07,4056.75,607
2026-06-11 03:02:00,4056.75,4058.91,4052.05,4052.68,614
2026-06-11 03:03:00,4052.68,4053.35,4044.75,4045.26,704
2026-06-11 03:04:00,4045.22,4048.15,4041.14,4043.88,897
2026-06-11 03:05:00,4043.88,4050.08,4043.47,4048.32,660
2026-06-11 03:06:00,4048.32,4048.93,4044.18,4045.72,611
2026-06-11 03:07:00,4045.72,4047.81,4043.88,4044.03,586
2026-06-11 03:08:00,4044.03,4045.37,4039.77,4044.33,698
2026-06-11 03:09:00,4044.33,4045.63,4042.33,4043.11,631
2026-06-11 03:10:00,4043.11,4043.77,4036.18,4037.58,675
2026-06-11 03:11:00,4037.68,4045.72,4036.87,4044.36,654
2026-06-11 03:12:00,4044.36,4047.68,4042.3,4047.6,594
2026-06-11 03:13:00,4047.6,4055.82,4046.74,4050.93,749
2026-06-11 03:14:00,4050.93,4053.69,4050.11,4052.23,540
2026-06-11 03:15:00,4052.23,4058.66,4049.82,4057.4,728
2026-06-11 03:16:00,4057.32,4060.41,4054.35,4059.55,749
2026-06-11 03:17:00,4059.54,4072.68,4057.73,4070.6,868
2026-06-11 03:18:00,4070.6,4070.71,4063.02,4063.81,965
2026-06-11 03:19:00,4063.81,4068.17,4061.9,4064.91,600
2026-06-11 03:20:00,4064.91,4065.61,4061.75,4064.2,556
2026-06-11 03:21:00,4064.22,4070.48,4062.36,4068.26,665
2026-06-11 03:22:00,4068.26,4069.35,4065.75,4067.29,561
2026-06-11 03:23:00,4067.23,4069.48,4066.68,4067.93,537
2026-06-11 03:24:00,4067.97,4068.76,4061.25,4061.64,461
2026-06-11 03:25:00,4061.64,4061.93,4057.43,4059.38,681
2026-06-11 03:26:00,4059.38,4071.04,4058.21,4066.8,784
2026-06-11 03:27:00,4066.69,4068.77,4065.21,4065.41,597
2026-06-11 03:28:00,4065.41,4069.43,4064.68,4068.9,452
2026-06-11 03:29:00,4068.9,4069.37,4065.85,4067.65,376
2026-06-11 03:30:00,4067.65,4068.11,4062.6,4064.32,507
2026-06-11 03:31:00,4064.32,4069.09,4061.81,4068.62,463
2026-06-11 03:32:00,4068.62,4071.05,4067.83,4068.8,423
2026-06-11 03:33:00,4068.8,4076.67,4064.87,4071.97,604
2026-06-11 03:34:00,4071.97,4072.49,4064.27,4064.38,710
2026-06-11 03:35:00,4064.38,4068.79,4063.88,4068.38,546
2026-06-11 03:36:00,4068.38,4068.38,4063.25,4064.45,523
2026-06-11 03:37:00,4064.45,4064.65,4059.19,4061.79,585
2026-06-11 03:38:00,4061.8,4065.72,4061.8,4064.13,423
2026-06-11 03:39:00,4064.11,4064.78,4062.36,4063.39,351
2026-06-11 03:40:00,4063.39,4066.81,4062.08,4066.12,332
2026-06-11 03:41:00,4066.12,4073.42,4065.97,4072.93,436
2026-06-11 03:42:00,4073.03,4074.72,4072.13,4072.53,405
2026-06-11 03:43:00,4072.53,4073.62,4064.11,4066.53,498
2026-06-11 03:44:00,4066.53,4066.58,4062.49,4063.48,405
2026-06-11 03:45:00,4063.48,4068.21,4063.19,4066.79,461
2026-06-11 03:46:00,4066.59,4072.01,4064.99,4070.02,532
2026-06-11 03:47:00,4070.02,4071.38,4067.21,4068.99,441
2026-06-11 03:48:00,4068.99,4071.64,4067.42,4070.39,480
2026-06-11 03:49:00,4070.39,4071.41,4069.29,4071.38,382
2026-06-11 03:50:00,4071.34,4072.86,4070.61,4072.25,447
2026-06-11 03:51:00,4072.29,4073.52,4069.77,4072.38,654
2026-06-11 03:52:00,4072.38,4075.0,4071.76,4073.06,448
2026-06-11 03:53:00,4073.06,4073.08,4069.93,4070.23,428
2026-06-11 03:54:00,4070.23,4070.41,4068.7,4069.35,402
2026-06-11 03:55:00,4069.35,4071.99,4068.98,4071.97,425
2026-06-11 03:56:00,4071.91,4076.18,4071.06,4076.18,513
2026-06-11 03:57:00,4076.18,4077.83,4074.69,4077.04,470
2026-06-11 03:58:00,4077.03,4077.03,4074.66,4076.13,471
2026-06-11 03:59:00,4076.13,4078.09,4075.69,4075.81,494
2026-06-11 04:00:00,4075.81,4089.97,4075.77,4078.13,1043
2026-06-11 04:01:00,4078.13,4083.3,4072.77,4082.42,922
2026-06-11 04:02:00,4082.42,4086.57,4078.8,4079.49,626
2026-06-11 04:03:00,4079.49,4082.69,4077.98,4080.86,587
2026-06-11 04:04:00,4080.86,4085.12,4075.79,4078.89,743
2026-06-11 04:05:00,4078.89,4082.14,4076.54,4079.62,691
2026-06-11 04:06:00,4079.54,4080.15,4077.07,4077.78,803
2026-06-11 04:07:00,4077.82,4078.77,4066.31,4068.33,1010
2026-06-11 04:08:00,4068.33,4072.29,4067.21,4072.29,832
2026-06-11 04:09:00,4072.29,4078.65,4072.11,4078.61,677
2026-06-11 04:10:00,4078.6,4083.76,4078.51,4082.81,569
2026-06-11 04:11:00,4082.81,4086.35,4079.54,4085.51,562
2026-06-11 04:12:00,4085.5,4089.53,4083.55,4084.21,518
2026-06-11 04:13:00,4084.21,4088.37,4082.49,4084.1,541
2026-06-11 04:14:00,4084.1,4087.55,4082.68,4086.78,505
2026-06-11 04:15:00,4086.78,4089.84,4085.58,4088.75,543
2026-06-11 04:16:00,4088.75,4099.78,4088.28,4097.76,738
2026-06-11 04:17:00,4097.72,4098.9,4094.75,4096.5,542
2026-06-11 04:18:00,4096.5,4096.85,4094.18,4095.93,504
2026-06-11 04:19:00,4095.93,4095.93,4091.52,4093.73,719
2026-06-11 04:20:00,4093.73,4096.68,4092.77,4096.28,556
2026-06-11 04:21:00,4096.28,4099.52,4092.94,4095.72,594
2026-06-11 04:22:00,4095.72,4096.24,4092.11,4095.08,709
2026-06-11 04:23:00,4095.14,4100.57,4094.38,4097.2,558
2026-06-11 04:24:00,4097.2,4102.92,4096.76,4102.62,516
2026-06-11 04:25:00,4102.62,4107.52,4102.45,4106.7,569
2026-06-11 04:26:00,4106.7,4108.81,4104.89,4105.43,623
2026-06-11 04:27:00,4105.38,4105.38,4101.8,4104.06,759
2026-06-11 04:28:00,4104.1,4107.21,4102.76,4103.94,560
2026-06-11 04:29:00,4103.94,4106.09,4102.29,4104.54,571
2026-06-11 04:30:00,4104.51,4107.65,4103.9,4105.91,554
2026-06-11 04:31:00,4105.91,4107.09,4104.48,4105.5,526
2026-06-11 04:32:00,4105.5,4112.05,4105.27,4109.39,582
2026-06-11 04:33:00,4109.39,4109.89,4105.91,4107.22,486
2026-06-11 04:34:00,4107.16,4112.61,4107.16,4110.69,486
2026-06-11 04:35:00,4110.73,4113.09,4109.78,4112.99,461
2026-06-11 04:36:00,4112.87,4114.24,4112.26,4113.6,394
2026-06-11 04:37:00,4113.6,4114.28,4109.61,4110.41,526
2026-06-11 04:38:00,4110.41,4114.3,4110.4,4112.37,606
2026-06-11 04:39:00,4112.37,4115.01,4110.08,4114.74,493
2026-06-11 04:40:00,4114.74,4115.93,4112.15,4114.87,440
2026-06-11 04:41:00,4114.87,4117.42,4114.58,4115.9,469
2026-06-11 04:42:00,4115.9,4118.02,4115.12,4117.1,545
2026-06-11 04:43:00,4117.1,4117.53,4110.78,4112.68,596
2026-06-11 04:44:00,4112.68,4113.77,4110.18,4113.66,590
2026-06-11 04:45:00,4113.76,4114.39,4106.36,4107.38,577
2026-06-11 04:46:00,4107.38,4111.86,4107.03,4111.28,422
2026-06-11 04:47:00,4111.28,4117.15,4110.99,4113.97,404
2026-06-11 04:48:00,4113.97,4114.68,4112.28,4112.43,365
2026-06-11 04:49:00,4112.42,4112.83,4110.55,4110.65,375
2026-06-11 04:50:00,4110.65,4110.85,4107.02,4107.96,451
2026-06-11 04:51:00,4107.95,4111.31,4107.39,4111.03,312
2026-06-11 04:52:00,4111.03,4111.43,4106.68,4106.98,359
2026-06-11 04:53:00,4106.99,4107.52,4104.59,4105.48,491
2026-06-11 04:54:00,4105.48,4107.28,4103.57,4103.83,506
2026-06-11 04:55:00,4103.61,4103.77,4098.42,4099.25,586
2026-06-11 04:56:00,4099.25,4102.4,4099.11,4099.84,404
2026-06-11 04:57:00,4100.02,4103.86,4099.9,4100.75,473
2026-06-11 04:58:00,4100.75,4100.8,4097.9,4100.4,478
2026-06-11 04:59:00,4100.4,4102.97,4100.4,4102.04,368
2026-06-11 05:00:00,4102.04,4102.78,4097.38,4098.39,526
2026-06-11 05:01:00,4098.39,4099.1,4096.7,4098.88,475
2026-06-11 05:02:00,4098.9,4100.64,4095.18,4096.18,525
2026-06-11 05:03:00,4096.17,4097.79,4094.66,4095.24,426
2026-06-11 05:04:00,4095.24,4100.9,4094.56,4100.9,525
2026-06-11 05:05:00,4100.9,4100.95,4096.46,4097.72,589
2026-06-11 05:06:00,4097.72,4097.73,4094.76,4095.23,466
2026-06-11 05:07:00,4095.23,4095.96,4093.85,4094.76,599
2026-06-11 05:08:00,4094.7,4095.11,4092.77,4093.3,403
2026-06-11 05:09:00,4093.3,4094.89,4092.15,4094.89,389
2026-06-11 05:10:00,4094.85,4097.7,4092.05,4092.52,478
2026-06-11 05:11:00,4092.52,4093.63,4091.36,4093.23,425
2026-06-11 05:12:00,4093.23,4094.65,4091.53,4091.57,483
2026-06-11 05:13:00,4091.57,4092.19,4090.61,4090.91,467
2026-06-11 05:14:00,4090.91,4091.27,4089.34,4089.63,441
2026-06-11 05:15:00,4089.63,4090.87,4088.56,4088.93,530
2026-06-11 05:16:00,4088.96,4089.81,4088.03,4089.25,379
2026-06-11 05:17:00,4089.25,4090.53,4087.8,4088.28,415
2026-06-11 05:18:00,4088.28,4095.88,4087.88,4093.1,443
2026-06-11 05:19:00,4093.1,4095.08,4091.89,4093.98,429
2026-06-11 05:20:00,4093.98,4094.43,4090.61,4091.95,445
2026-06-11 05:21:00,4091.95,4092.09,4089.03,4089.79,500
2026-06-11 05:22:00,4089.79,4092.18,4089.55,4090.25,361
2026-06-11 05:23:00,4090.25,4091.58,4089.16,4090.85,407
2026-06-11 05:24:00,4090.99,4091.29,4089.06,4090.03,376
2026-06-11 05:25:00,4090.03,4090.26,4086.41,4087.06,419
2026-06-11 05:26:00,4087.06,4089.09,4085.09,4088.67,449
2026-06-11 05:27:00,4088.67,4088.87,4085.5,4085.89,449
2026-06-11 05:28:00,4085.89,4086.63,4083.96,4085.03,497
2026-06-11 05:29:00,4085.01,4085.01,4081.78,4082.55,356
2026-06-11 05:30:00,4082.55,4085.18,4081.08,4082.05,567
2026-06-11 05:31:00,4082.05,4082.05,4071.44,4072.95,955
2026-06-11 05:32:00,4072.95,4077.06,4072.89,4076.06,536
2026-06-11 05:33:00,4076.06,4079.0,4074.79,4074.9,565
2026-06-11 05:34:00,4074.9,4075.26,4071.68,4073.36,502
2026-06-11 05:35:00,4073.36,4076.42,4072.8,4075.66,475
2026-06-11 05:36:00,4075.66,4076.26,4072.16,4073.85,487
2026-06-11 05:37:00,4073.85,4074.97,4072.64,4073.65,431
2026-06-11 05:38:00,4073.65,4074.31,4069.97,4070.4,494
2026-06-11 05:39:00,4070.4,4070.67,4065.15,4067.13,598
2026-06-11 05:40:00,4067.13,4068.04,4061.65,4062.74,726
2026-06-11 05:41:00,4062.74,4062.78,4056.5,4057.29,681
2026-06-11 05:42:00,4057.29,4059.44,4055.38,4055.38,587
2026-06-11 05:43:00,4055.38,4062.93,4055.21,4061.31,501
2026-06-11 05:44:00,4061.31,4062.28,4059.49,4059.55,511
2026-06-11 05:45:00,4059.49,4060.06,4056.54,4059.81,631
2026-06-11 05:46:00,4059.8,4059.8,4055.22,4056.54,538
2026-06-11 05:47:00,4056.54,4057.64,4055.3,4055.67,538
2026-06-11 05:48:00,4055.67,4056.48,4052.52,4056.22,522
2026-06-11 05:49:00,4056.22,4056.49,4052.78,4054.99,475
2026-06-11 05:50:00,4055.03,4059.6,4055.0,4059.07,514
2026-06-11 05:51:00,4059.07,4061.8,4058.69,4059.26,520
2026-06-11 05:52:00,4059.25,4060.91,4056.76,4060.89,483
2026-06-11 05:53:00,4060.83,4061.6,4056.89,4059.82,528
2026-06-11 05:54:00,4059.87,4064.06,4058.56,4062.62,495
2026-06-11 05:55:00,4062.62,4067.03,4062.13,4066.4,446
2026-06-11 05:56:00,4066.4,4072.61,4066.23,4072.13,554
2026-06-11 05:57:00,4072.13,4073.06,4070.41,4071.57,484
2026-06-11 05:58:00,4071.55,4073.39,4071.15,4072.3,567
2026-06-11 05:59:00,4072.3,4072.3,4067.51,4067.96,470
2026-06-11 06:00:00,4067.96,4072.19,4067.84,4071.45,500
2026-06-11 06:01:00,4071.45,4074.12,4070.01,4071.15,514
2026-06-11 06:02:00,4071.15,4075.21,4070.92,4075.12,588
2026-06-11 06:03:00,4075.12,4075.57,4073.33,4073.9,518
2026-06-11 06:04:00,4073.91,4075.46,4072.99,4075.04,479
2026-06-11 06:05:00,4075.04,4076.22,4073.51,4075.0,434
2026-06-11 06:06:00,4075.0,4075.44,4069.86,4071.44,525
2026-06-11 06:07:00,4071.45,4075.39,4071.16,4074.28,483
2026-06-11 06:08:00,4074.28,4075.43,4071.34,4075.16,488
2026-06-11 06:09:00,4075.16,4078.58,4075.0,4076.46,521
2026-06-11 06:10:00,4076.47,4076.47,4071.94,4072.65,467
2026-06-11 06:11:00,4072.64,4072.9,4070.74,4071.24,398
2026-06-11 06:12:00,4071.24,4071.24,4066.04,4066.05,481
2026-06-11 06:13:00,4066.05,4068.45,4065.78,4068.07,566
2026-06-11 06:14:00,4068.06,4068.1,4064.47,4065.5,472
2026-06-11 06:15:00,4065.5,4070.0,4065.48,4070.0,657
2026-06-11 06:16:00,4070.0,4071.43,4068.48,4068.56,428
2026-06-11 06:17:00,4068.56,4069.69,4067.28,4068.2,394
2026-06-11 06:18:00,4068.28,4069.35,4067.49,4067.55,443
2026-06-11 06:19:00,4067.55,4068.27,4065.28,4065.54,441
2026-06-11 06:20:00,4065.54,4065.81,4061.47,4061.55,489
2026-06-11 06:21:00,4061.55,4063.09,4060.28,4063.07,480
2026-06-11 06:22:00,4063.07,4063.67,4061.05,4062.93,369
2026-06-11 06:23:00,4062.93,4063.85,4061.69,4061.87,436
2026-06-11 06:24:00,4061.87,4063.33,4060.75,4062.67,472
2026-06-11 06:25:00,4062.67,4063.53,4060.86,4062.09,409
2026-06-11 06:26:00,4062.09,4062.84,4058.6,4059.89,500
2026-06-11 06:27:00,4059.89,4062.0,4056.98,4061.93,480
2026-06-11 06:28:00,4061.93,4063.66,4060.36,4063.66,386
2026-06-11 06:29:00,4063.66,4063.98,4062.12,4063.23,380
2026-06-11 06:30:00,4063.23,4067.49,4062.92,4066.69,478
2026-06-11 06:31:00,4066.71,4068.01,4064.45,4067.86,380
2026-06-11 06:32:00,4067.86,4067.86,4062.57,4063.67,364
2026-06-11 06:33:00,4063.67,4067.58,4063.47,4067.09,339
2026-06-11 06:34:00,4067.09,4067.58,4065.67,4067.41,360
2026-06-11 06:35:00,4067.41,4068.91,4065.69,4067.46,311
2026-06-11 06:36:00,4067.36,4068.12,4064.43,4065.3,365
2026-06-11 06:37:00,4065.3,4067.19,4065.2,4066.4,306
2026-06-11 06:38:00,4066.4,4066.63,4064.96,4065.96,262
2026-06-11 06:39:00,4066.0,4070.5,4065.58,4070.35,342
2026-06-11 06:40:00,4070.35,4071.86,4069.59,4070.46,390
2026-06-11 06:41:00,4070.46,4070.99,4068.13,4068.77,335
2026-06-11 06:42:00,4068.77,4069.1,4066.19,4067.88,348
2026-06-11 06:43:00,4067.9,4069.63,4067.33,4068.09,380
2026-06-11 06:44:00,4068.09,4068.38,4067.28,4067.47,270
2026-06-11 06:45:00,4067.48,4068.89,4066.14,4067.83,313
2026-06-11 06:46:00,4067.83,4068.74,4066.1,4067.38,305
2026-06-11 06:47:00,4067.38,4068.31,4066.22,4066.85,266
2026-06-11 06:48:00,4066.85,4067.63,4066.29,4067.18,280
2026-06-11 06:49:00,4067.18,4067.86,4065.0,4065.73,380
2026-06-11 06:50:00,4065.74,4068.04,4064.96,4067.5,323
2026-06-11 06:51:00,4067.64,4070.8,4067.14,4070.03,362
2026-06-11 06:52:00,4070.03,4070.67,4067.85,4070.41,347
2026-06-11 06:53:00,4070.49,4075.63,4070.39,4074.69,391
2026-06-11 06:54:00,4074.69,4074.69,4072.68,4072.98,312
2026-06-11 06:55:00,4072.98,4073.69,4072.32,4072.32,295
2026-06-11 06:56:00,4072.35,4074.51,4072.09,4074.09,276
2026-06-11 06:57:00,4074.09,4075.24,4073.79,4074.4,286
2026-06-11 06:58:00,4074.4,4075.2,4073.47,4073.86,272
2026-06-11 06:59:00,4073.86,4073.95,4072.17,4072.81,291
2026-06-11 07:00:00,4072.81,4074.86,4072.81,4073.61,342
2026-06-11 07:01:00,4073.49,4074.11,4071.4,4074.05,359
2026-06-11 07:02:00,4074.05,4075.81,4073.65,4074.42,298
2026-06-11 07:03:00,4074.42,4074.68,4071.99,4072.59,414
2026-06-11 07:04:00,4072.59,4074.65,4072.32,4072.69,349
2026-06-11 07:05:00,4072.69,4073.01,4070.11,4071.73,471
2026-06-11 07:06:00,4071.73,4074.17,4071.72,4073.89,445
2026-06-11 07:07:00,4073.92,4077.0,4073.68,4076.52,421
2026-06-11 07:08:00,4076.52,4077.09,4075.48,4076.3,362
2026-06-11 07:09:00,4076.3,4079.94,4076.3,4079.94,325
2026-06-11 07:10:00,4079.94,4080.39,4078.09,4078.52,403
2026-06-11 07:11:00,4078.59,4081.1,4078.42,4079.69,384
2026-06-11 07:12:00,4079.69,4081.03,4079.14,4080.76,385
2026-06-11 07:13:00,4080.67,4081.98,4079.81,4081.39,318
2026-06-11 07:14:00,4081.42,4083.11,4080.67,4082.75,352
2026-06-11 07:15:00,4082.77,4083.43,4081.55,4081.55,328
2026-06-11 07:16:00,4081.55,4081.68,4079.53,4079.55,341
2026-06-11 07:17:00,4079.55,4082.42,4079.13,4081.64,365
2026-06-11 07:18:00,4081.64,4081.88,4079.72,4079.84,365
2026-06-11 07:19:00,4079.83,4081.8,4079.83,4081.51,420
2026-06-11 07:20:00,4081.51,4085.15,4080.07,4084.67,479
2026-06-11 07:21:00,4084.67,4085.35,4083.39,4083.96,491
2026-06-11 07:22:00,4083.96,4083.96,4081.38,4081.69,446
2026-06-11 07:23:00,4081.75,4083.07,4081.46,4081.52,270
2026-06-11 07:24:00,4081.52,4082.3,4081.06,4081.16,262
2026-06-11 07:25:00,4081.16,4082.15,4079.96,4080.78,281
2026-06-11 07:26:00,4080.78,4081.42,4078.67,4079.76,347
2026-06-11 07:27:00,4079.76,4079.84,4076.22,4076.92,464
2026-06-11 07:28:00,4076.98,4079.24,4076.97,4078.5,472
2026-06-11 07:29:00,4078.5,4079.79,4077.58,4077.61,329
2026-06-11 07:30:00,4077.59,4083.64,4077.59,4082.69,437
2026-06-11 07:31:00,4082.69,4083.19,4081.28,4082.5,251
2026-06-11 07:32:00,4082.51,4083.85,4081.78,4082.05,310
2026-06-11 07:33:00,4082.05,4082.14,4078.86,4079.5,277
2026-06-11 07:34:00,4079.5,4079.97,4077.71,4077.72,259
2026-06-11 07:35:00,4077.73,4077.93,4075.31,4076.3,281
2026-06-11 07:36:00,4076.3,4076.94,4074.64,4075.9,333
2026-06-11 07:37:00,4075.9,4077.34,4075.63,4076.42,255
2026-06-11 07:38:00,4076.42,4079.44,4076.18,4079.26,289
2026-06-11 07:39:00,4079.26,4079.6,4078.51,4078.6,270
2026-06-11 07:40:00,4078.6,4081.3,4078.51,4080.23,329
2026-06-11 07:41:00,4080.23,4080.34,4078.38,4080.18,285
2026-06-11 07:42:00,4080.18,4082.88,4079.52,4081.95,322
2026-06-11 07:43:00,4081.96,4083.12,4081.37,4082.83,315
2026-06-11 07:44:00,4082.83,4083.98,4081.92,4082.09,299
2026-06-11 07:45:00,4082.09,4083.53,4082.03,4083.2,291
2026-06-11 07:46:00,4083.2,4084.54,4082.51,4083.88,350
2026-06-11 07:47:00,4083.92,4085.26,4083.33,4084.39,275
2026-06-11 07:48:00,4084.39,4085.83,4083.73,4084.48,292
2026-06-11 07:49:00,4084.48,4085.02,4083.28,4083.36,263
2026-06-11 07:50:00,4083.36,4083.53,4081.45,4081.83,318
2026-06-11 07:51:00,4081.83,4081.89,4079.62,4080.49,362
2026-06-11 07:52:00,4080.49,4081.33,4079.91,4081.11,306
2026-06-11 07:53:00,4081.13,4085.35,4081.13,4082.87,363
2026-06-11 07:54:00,4082.86,4084.82,4082.62,4083.87,310
2026-06-11 07:55:00,4083.87,4085.02,4083.19,4083.53,318
2026-06-11 07:56:00,4083.53,4084.32,4082.23,4082.83,284
2026-06-11 07:57:00,4082.83,4084.87,4082.55,4082.76,278
2026-06-11 07:58:00,4082.76,4083.53,4081.41,4082.87,295
2026-06-11 07:59:00,4082.86,4083.72,4082.35,4082.62,242
2026-06-11 08:00:00,4082.64,4083.16,4077.17,4077.31,476
2026-06-11 08:01:00,4077.31,4078.52,4075.85,4077.37,499
2026-06-11 08:02:00,4077.43,4079.08,4076.24,4077.66,356
2026-06-11 08:03:00,4077.66,4078.02,4075.38,4076.38,323
2026-06-11 08:04:00,4076.38,4078.29,4075.49,4077.99,373
2026-06-11 08:05:00,4077.99,4079.88,4077.95,4079.25,311
2026-06-11 08:06:00,4079.25,4079.26,4075.3,4075.89,350
2026-06-11 08:07:00,4075.92,4077.91,4075.47,4077.38,320
2026-06-11 08:08:00,4077.38,4079.7,4075.62,4078.6,323
2026-06-11 08:09:00,4078.6,4080.65,4077.07,4079.37,304
2026-06-11 08:10:00,4079.37,4079.66,4076.55,4077.39,418
2026-06-11 08:11:00,4077.41,4078.36,4076.66,4077.01,294
2026-06-11 08:12:00,4077.01,4079.49,4076.88,4079.18,276
2026-06-11 08:13:00,4079.17,4079.42,4077.14,4077.93,228
2026-06-11 08:14:00,4077.93,4079.65,4077.22,4077.24,245
2026-06-11 08:15:00,4077.24,4079.14,4075.09,4078.74,344
2026-06-11 08:16:00,4078.74,4081.03,4076.72,4077.24,363
2026-06-11 08:17:00,4077.24,4078.82,4076.46,4078.81,355
2026-06-11 08:18:00,4078.81,4079.24,4078.02,4078.23,349
2026-06-11 08:19:00,4078.22,4079.61,4077.24,4079.3,347
2026-06-11 08:20:00,4079.31,4080.23,4077.75,4078.45,363
2026-06-11 08:21:00,4078.45,4081.27,4077.62,4079.97,361
2026-06-11 08:22:00,4079.94,4080.11,4078.41,4078.51,300
2026-06-11 08:23:00,4078.51,4078.93,4076.79,4077.45,324
2026-06-11 08:24:00,4077.45,4078.52,4076.36,4076.92,348
2026-06-11 08:25:00,4076.92,4077.34,4073.89,4077.34,447
2026-06-11 08:26:00,4077.34,4080.01,4077.09,4077.56,361
2026-06-11 08:27:00,4077.56,4078.08,4073.47,4073.99,349
2026-06-11 08:28:00,4073.99,4074.59,4072.53,4073.12,400
2026-06-11 08:29:00,4073.12,4075.57,4073.0,4075.09,435
2026-06-11 08:30:00,4075.11,4081.49,4074.55,4078.42,635
2026-06-11 08:31:00,4078.42,4084.44,4077.97,4084.36,617
2026-06-11 08:32:00,4084.36,4090.67,4083.6,4089.73,545
2026-06-11 08:33:00,4089.73,4094.29,4087.95,4092.03,560
2026-06-11 08:34:00,4092.03,4096.04,4092.0,4095.28,512
2026-06-11 08:35:00,4095.28,4095.85,4090.84,4092.53,519
2026-06-11 08:36:00,4092.53,4095.75,4091.26,4094.41,420
2026-06-11 08:37:00,4094.41,4096.48,4093.29,4096.39,427
2026-06-11 08:38:00,4096.39,4096.39,4093.28,4095.87,386
2026-06-11 08:39:00,4095.85,4095.93,4092.24,4093.85,463
2026-06-11 08:40:00,4093.85,4096.81,4093.85,4096.41,381
2026-06-11 08:41:00,4096.52,4097.38,4095.53,4096.92,403
2026-06-11 08:42:00,4096.92,4098.12,4095.94,4097.43,450
2026-06-11 08:43:00,4097.43,4099.47,4097.43,4099.1,387
2026-06-11 08:44:00,4099.1,4099.63,4098.09,4099.48,395
2026-06-11 08:45:00,4099.48,4099.68,4096.35,4097.42,426
2026-06-11 08:46:00,4097.42,4099.17,4096.76,4099.17,356
2026-06-11 08:47:00,4099.33,4103.05,4097.73,4101.05,378
2026-06-11 08:48:00,4101.05,4105.47,4099.58,4105.47,384
2026-06-11 08:49:00,4105.47,4106.28,4100.41,4100.49,510
2026-06-11 08:50:00,4100.49,4100.49,4097.62,4099.61,476
2026-06-11 08:51:00,4099.61,4101.05,4097.67,4099.87,423
2026-06-11 08:52:00,4099.87,4100.2,4096.63,4096.97,497
2026-06-11 08:53:00,4096.97,4097.46,4095.14,4096.53,515
2026-06-11 08:54:00,4096.53,4096.82,4093.51,4094.14,402
2026-06-11 08:55:00,4094.14,4098.49,4093.88,4096.73,406
2026-06-11 08:56:00,4096.72,4098.6,4096.69,4097.14,333
2026-06-11 08:57:00,4097.15,4098.2,4095.41,4096.65,372
2026-06-11 08:58:00,4096.65,4097.24,4094.35,4095.17,403
2026-06-11 08:59:00,4095.17,4095.68,4093.73,4094.3,382
2026-06-11 09:00:00,4094.3,4094.75,4090.59,4090.59,482
2026-06-11 09:01:00,4090.59,4091.96,4088.11,4089.28,662
2026-06-11 09:02:00,4089.31,4090.28,4087.98,4088.86,455
2026-06-11 09:03:00,4088.86,4089.68,4086.95,4088.03,532
2026-06-11 09:04:00,4088.03,4088.16,4084.6,4084.6,501
2026-06-11 09:05:00,4084.6,4085.71,4083.46,4083.74,605
2026-06-11 09:06:00,4083.69,4084.36,4079.82,4080.25,662
2026-06-11 09:07:00,4080.25,4080.93,4078.97,4079.41,544
2026-06-11 09:08:00,4079.4,4082.8,4079.38,4080.93,504
2026-06-11 09:09:00,4080.93,4083.13,4080.23,4080.83,441
2026-06-11 09:10:00,4080.83,4081.02,4077.99,4079.04,424
2026-06-11 09:11:00,4079.04,4079.04,4076.36,4077.66,425
2026-06-11 09:12:00,4077.66,4083.0,4077.66,4082.59,446
2026-06-11 09:13:00,4082.59,4083.09,4080.6,4081.4,384
2026-06-11 09:14:00,4081.35,4084.56,4080.84,4084.33,389
2026-06-11 09:15:00,4084.3,4085.1,4081.72,4082.48,464
2026-06-11 09:16:00,4082.48,4086.04,4082.4,4085.86,536
2026-06-11 09:17:00,4085.86,4088.49,4085.83,4088.49,451
2026-06-11 09:18:00,4088.49,4088.49,4083.88,4085.47,344
2026-06-11 09:19:00,4085.47,4086.75,4084.76,4086.61,311
2026-06-11 09:20:00,4086.61,4088.78,4086.61,4088.78,315
2026-06-11 09:21:00,4088.78,4089.57,4088.06,4088.61,316
2026-06-11 09:22:00,4088.61,4089.5,4086.67,4088.92,436
2026-06-11 09:23:00,4088.92,4089.03,4087.17,4087.67,354
2026-06-11 09:24:00,4087.67,4091.36,4087.67,4091.2,330
2026-06-11 09:25:00,4091.2,4092.97,4091.12,4092.54,369
2026-06-11 09:26:00,4092.56,4092.83,4090.44,4090.6,325
2026-06-11 09:27:00,4090.6,4091.16,4089.02,4090.6,348
2026-06-11 09:28:00,4090.6,4091.01,4088.01,4089.01,376
2026-06-11 09:29:00,4089.01,4089.08,4086.19,4086.66,348
2026-06-11 09:30:00,4086.66,4088.03,4085.18,4086.03,374
2026-06-11 09:31:00,4086.03,4087.38,4085.86,4087.17,345
2026-06-11 09:32:00,4087.17,4087.92,4085.91,4087.23,395
2026-06-11 09:33:00,4087.23,4087.23,4085.17,4086.15,332
2026-06-11 09:34:00,4086.15,4086.62,4083.9,4084.15,316
2026-06-11 09:35:00,4084.16,4084.94,4083.03,4084.38,362
2026-06-11 09:36:00,4084.39,4087.77,4084.39,4087.57,410
2026-06-11 09:37:00,4087.57,4091.0,4087.57,4089.81,392
2026-06-11 09:38:00,4089.81,4091.36,4088.0,4088.0,340
2026-06-11 09:39:00,4088.0,4089.25,4086.34,4088.31,365
2026-06-11 09:40:00,4088.31,4089.77,4087.88,4088.0,272
2026-06-11 09:41:00,4088.01,4090.35,4086.99,4089.87,317
2026-06-11 09:42:00,4089.87,4091.2,4089.39,4090.31,308
2026-06-11 09:43:00,4090.31,4090.35,4088.5,4089.89,289
2026-06-11 09:44:00,4089.88,4092.84,4089.79,4092.78,284
2026-06-11 09:45:00,4092.78,4094.24,4091.54,4093.14,384
2026-06-11 09:46:00,4093.14,4093.34,4091.39,4092.54,300
2026-06-11 09:47:00,4092.54,4092.64,4091.01,4091.93,328
2026-06-11 09:48:00,4091.93,4092.89,4091.48,4092.69,302
2026-06-11 09:49:00,4092.69,4092.94,4091.57,4091.87,276
2026-06-11 09:50:00,4091.87,4092.88,4091.23,4092.11,306
2026-06-11 09:51:00,4092.11,4092.75,4091.47,4092.71,271
2026-06-11 09:52:00,4092.71,4095.19,4092.71,4095.16,349
2026-06-11 09:53:00,4095.16,4096.27,4094.45,4096.27,284
2026-06-11 09:54:00,4096.27,4097.55,4094.56,4097.55,311
2026-06-11 09:55:00,4097.55,4097.55,4094.67,4094.84,303
2026-06-11 09:56:00,4094.84,4095.43,4094.06,4095.4,253
2026-06-11 09:57:00,4095.4,4095.54,4093.41,4093.7,330
2026-06-11 09:58:00,4093.7,4094.73,4091.76,4093.82,376
2026-06-11 09:59:00,4093.95,4095.41,4093.54,4094.49,413
2026-06-11 10:00:00,4094.49,4096.27,4093.63,4094.6,519
2026-06-11 10:01:00,4094.6,4095.16,4092.81,4093.71,434
2026-06-11 10:02:00,4093.76,4096.94,4093.44,4095.06,439
2026-06-11 10:03:00,4095.06,4096.87,4094.65,4096.87,443
2026-06-11 10:04:00,4096.87,4097.89,4092.99,4094.84,451
2026-06-11 10:05:00,4094.85,4097.66,4094.77,4096.19,463
2026-06-11 10:06:00,4096.19,4096.29,4093.31,4094.33,503
2026-06-11 10:07:00,4094.32,4095.53,4093.04,4095.12,378
2026-06-11 10:08:00,4095.12,4096.18,4093.69,4093.69,339
2026-06-11 10:09:00,4093.69,4094.94,4093.52,4093.67,379
2026-06-11 10:10:00,4093.67,4096.36,4092.8,4095.44,366
2026-06-11 10:11:00,4095.36,4096.62,4094.9,4095.57,336
2026-06-11 10:12:00,4095.57,4098.41,4094.86,4095.83,363
2026-06-11 10:13:00,4095.83,4096.36,4091.69,4096.03,441
2026-06-11 10:14:00,4096.03,4097.8,4095.81,4096.79,362
2026-06-11 10:15:00,4096.79,4100.98,4096.36,4100.9,433
2026-06-11 10:16:00,4100.9,4102.45,4099.77,4100.99,500
2026-06-11 10:17:00,4100.9,4102.41,4099.64,4101.95,504
2026-06-11 10:18:00,4101.95,4104.76,4101.79,4104.45,477
2026-06-11 10:19:00,4104.45,4106.24,4102.87,4104.98,615
2026-06-11 10:20:00,4104.96,4106.0,4102.9,4103.6,555
2026-06-11 10:21:00,4103.7,4104.73,4103.29,4104.1,472
2026-06-11 10:22:00,4104.1,4105.39,4103.12,4104.86,358
2026-06-11 10:23:00,4104.86,4106.69,4103.85,4106.01,402
2026-06-11 10:24:00,4106.01,4108.07,4104.76,4107.8,427
2026-06-11 10:25:00,4107.8,4108.42,4106.62,4107.76,399
2026-06-11 10:26:00,4107.76,4110.25,4107.46,4108.61,500
2026-06-11 10:27:00,4108.61,4109.11,4107.51,4108.1,397
2026-06-11 10:28:00,4108.1,4108.55,4106.43,4107.89,327
2026-06-11 10:29:00,4107.89,4108.37,4106.93,4107.53,265
2026-06-11 10:30:00,4107.53,4110.37,4106.85,4108.41,400
2026-06-11 10:31:00,4108.41,4108.48,4106.2,4107.36,385
2026-06-11 10:32:00,4107.36,4108.62,4107.13,4108.38,330
2026-06-11 10:33:00,4108.38,4109.62,4107.33,4109.55,301
2026-06-11 10:34:00,4109.55,4110.59,4106.84,4107.24,424
2026-06-11 10:35:00,4107.25,4108.9,4104.37,4104.37,327
2026-06-11 10:36:00,4104.37,4104.45,4101.7,4102.11,334
2026-06-11 10:37:00,4102.11,4104.55,4101.81,4104.24,345
2026-06-11 10:38:00,4104.24,4104.8,4103.9,4104.78,279
2026-06-11 10:39:00,4104.78,4106.94,4104.19,4104.73,306
2026-06-11 10:40:00,4104.73,4104.77,4103.08,4103.62,307
2026-06-11 10:41:00,4103.62,4106.15,4103.4,4105.9,298
2026-06-11 10:42:00,4105.9,4109.04,4105.9,4108.74,460
2026-06-11 10:43:00,4108.74,4109.44,4107.54,4108.15,307
2026-06-11 10:44:00,4108.15,4108.85,4106.65,4107.56,357
2026-06-11 10:45:00,4107.56,4107.56,4105.83,4106.58,341
2026-06-11 10:46:00,4106.58,4107.47,4105.64,4106.22,315
2026-06-11 10:47:00,4106.22,4108.08,4106.22,4106.26,310
2026-06-11 10:48:00,4106.26,4107.13,4105.52,4106.16,293
2026-06-11 10:49:00,4106.16,4107.01,4102.95,4102.95,297
2026-06-11 10:50:00,4102.95,4103.4,4099.92,4100.24,499
2026-06-11 10:51:00,4100.24,4101.07,4099.16,4100.48,367
2026-06-11 10:52:00,4100.48,4101.53,4099.07,4101.03,356
2026-06-11 10:53:00,4101.03,4103.84,4101.03,4102.97,301
2026-06-11 10:54:00,4102.97,4104.23,4102.37,4102.99,289
2026-06-11 10:55:00,4102.99,4104.24,4102.67,4104.16,256
2026-06-11 10:56:00,4104.16,4104.67,4103.28,4103.63,306
2026-06-11 10:57:00,4103.61,4105.55,4103.61,4104.91,283
2026-06-11 10:58:00,4104.91,4105.4,4104.08,4105.01,285
2026-06-11 10:59:00,4105.0,4106.1,4104.65,4104.93,286
2026-06-11 11:00:00,4104.93,4110.33,4104.22,4109.66,418
2026-06-11 11:01:00,4109.66,4112.17,4109.1,4109.57,433
2026-06-11 11:02:00,4109.57,4111.36,4108.93,4111.15,415
2026-06-11 11:03:00,4111.15,4111.15,4108.34,4108.7,425
2026-06-11 11:04:00,4108.71,4109.03,4106.21,4106.25,397
2026-06-11 11:05:00,4106.29,4107.58,4105.24,4106.79,399
2026-06-11 11:06:00,4106.73,4108.96,4106.02,4108.36,403
2026-06-11 11:07:00,4108.36,4109.1,4107.24,4108.22,377
2026-06-11 11:08:00,4108.22,4108.73,4105.42,4108.73,447
2026-06-11 11:09:00,4108.88,4112.36,4108.88,4111.78,565
2026-06-11 11:10:00,4111.81,4112.64,4109.96,4110.72,446
2026-06-11 11:11:00,4110.72,4110.72,4107.8,4108.01,419
2026-06-11 11:12:00,4108.01,4109.14,4105.92,4107.59,396
2026-06-11 11:13:00,4107.59,4107.94,4106.28,4106.84,373
2026-06-11 11:14:00,4106.84,4107.06,4105.32,4106.18,426
2026-06-11 11:15:00,4106.18,4107.8,4105.8,4107.21,442
2026-06-11 11:16:00,4107.24,4108.53,4104.79,4104.94,388
2026-06-11 11:17:00,4104.94,4106.72,4103.54,4104.24,402
2026-06-11 11:18:00,4104.24,4105.96,4102.92,4104.85,493
2026-06-11 11:19:00,4104.86,4106.09,4104.86,4105.71,387
2026-06-11 11:20:00,4105.71,4105.71,4101.55,4102.43,428
2026-06-11 11:21:00,4102.43,4102.72,4100.53,4101.26,451
2026-06-11 11:22:00,4101.26,4102.96,4100.98,4101.91,395
2026-06-11 11:23:00,4101.91,4105.49,4101.72,4103.02,435
2026-06-11 11:24:00,4103.02,4103.03,4100.96,4102.89,369
2026-06-11 11:25:00,4102.89,4103.09,4100.56,4100.88,304
2026-06-11 11:26:00,4100.88,4103.68,4100.88,4103.35,276
2026-06-11 11:27:00,4103.35,4103.35,4100.66,4101.03,280
2026-06-11 11:28:00,4101.03,4101.33,4099.74,4100.16,361
2026-06-11 11:29:00,4100.16,4100.59,4097.15,4097.48,540
2026-06-11 11:30:00,4097.43,4098.06,4096.12,4096.63,405
2026-06-11 11:31:00,4096.63,4097.45,4096.55,4096.75,360
2026-06-11 11:32:00,4096.75,4096.8,4094.41,4095.5,486
2026-06-11 11:33:00,4095.5,4095.79,4093.92,4094.2,516
2026-06-11 11:34:00,4094.2,4095.75,4093.99,4095.41,394
2026-06-11 11:35:00,4095.41,4097.14,4095.41,4096.33,487
2026-06-11 11:36:00,4096.33,4099.45,4096.33,4099.3,376
2026-06-11 11:37:00,4099.3,4099.53,4097.49,4097.56,346
2026-06-11 11:38:00,4097.56,4097.94,4095.39,4096.43,349
2026-06-11 11:39:00,4096.42,4097.13,4094.93,4095.36,355
2026-06-11 11:40:00,4095.36,4096.88,4094.85,4096.24,412
2026-06-11 11:41:00,4096.22,4096.26,4092.5,4093.71,339
2026-06-11 11:42:00,4093.71,4093.87,4090.66,4091.73,413
2026-06-11 11:43:00,4091.74,4092.99,4091.59,4092.32,254
2026-06-11 11:44:00,4092.32,4092.33,4090.3,4090.67,300
2026-06-11 11:45:00,4090.67,4091.18,4088.84,4090.73,313
2026-06-11 11:46:00,4090.73,4092.13,4090.73,4091.62,487
2026-06-11 11:47:00,4091.6,4091.61,4089.31,4089.53,389
2026-06-11 11:48:00,4089.53,4090.14,4088.9,4089.7,383
2026-06-11 11:49:00,4089.7,4090.76,4088.98,4089.33,462
2026-06-11 11:50:00,4089.33,4090.35,4088.98,4089.4,434
2026-06-11 11:51:00,4089.4,4090.99,4089.34,4089.65,406
2026-06-11 11:52:00,4089.65,4091.78,4089.65,4090.95,316
2026-06-11 11:53:00,4090.94,4091.44,4087.08,4087.52,612
2026-06-11 11:54:00,4087.52,4087.76,4086.81,4086.89,431
2026-06-11 11:55:00,4086.88,4087.06,4085.12,4086.06,431
2026-06-11 11:56:00,4086.07,4087.87,4085.92,4087.45,343
2026-06-11 11:57:00,4087.45,4087.56,4085.51,4086.26,326
2026-06-11 11:58:00,4086.26,4086.75,4085.59,4085.67,376
2026-06-11 11:59:00,4085.65,4086.33,4084.54,4084.54,361
2026-06-11 12:00:00,4084.54,4085.51,4083.53,4084.28,403
2026-06-11 12:01:00,4084.28,4086.23,4083.3,4086.04,332
2026-06-11 12:02:00,4086.06,4087.58,4085.1,4086.66,304
2026-06-11 12:03:00,4086.66,4087.22,4083.87,4086.2,357
2026-06-11 12:04:00,4086.2,4086.21,4084.84,4085.32,263
2026-06-11 12:05:00,4085.35,4087.3,4085.24,4085.37,324
2026-06-11 12:06:00,4085.37,4085.86,4082.52,4083.86,325
2026-06-11 12:07:00,4083.86,4084.47,4082.88,4083.48,391
2026-06-11 12:08:00,4083.48,4084.02,4081.75,4082.79,425
2026-06-11 12:09:00,4082.79,4083.16,4080.88,4080.94,383
2026-06-11 12:10:00,4080.94,4083.35,4080.71,4083.35,410
2026-06-11 12:11:00,4083.35,4084.8,4082.94,4084.53,415
2026-06-11 12:12:00,4084.53,4085.58,4083.62,4085.4,343
2026-06-11 12:13:00,4085.4,4087.47,4085.1,4086.88,428
2026-06-11 12:14:00,4086.88,4086.95,4085.28,4086.12,364
2026-06-11 12:15:00,4086.12,4087.63,4085.25,4086.92,386
2026-06-11 12:16:00,4086.92,4088.34,4086.39,4087.87,383
2026-06-11 12:17:00,4087.87,4087.87,4085.38,4086.09,368
2026-06-11 12:18:00,4086.2,4088.86,4086.2,4087.97,431
2026-06-11 12:19:00,4087.97,4088.05,4086.39,4086.68,320
2026-06-11 12:20:00,4086.68,4086.68,4085.21,4086.1,337
2026-06-11 12:21:00,4086.1,4086.45,4083.75,4084.04,410
2026-06-11 12:22:00,4084.04,4084.75,4083.8,4084.66,341
2026-06-11 12:23:00,4084.66,4086.58,4083.9,4084.07,463
2026-06-11 12:24:00,4084.07,4086.0,4084.06,4085.06,427
2026-06-11 12:25:00,4085.03,4085.17,4080.88,4081.87,405
2026-06-11 12:26:00,4081.87,4082.17,4079.39,4080.14,427
2026-06-11 12:27:00,4080.16,4081.37,4079.19,4081.09,415
2026-06-11 12:28:00,4081.09,4081.14,4079.85,4080.24,287
2026-06-11 12:29:00,4080.24,4080.81,4078.85,4079.49,356
2026-06-11 12:30:00,4079.49,4080.82,4077.37,4077.67,566
2026-06-11 12:31:00,4077.67,4079.97,4077.67,4079.97,382
2026-06-11 12:32:00,4079.97,4081.74,4079.9,4081.22,359
2026-06-11 12:33:00,4081.22,4082.95,4080.85,4081.47,292
2026-06-11 12:34:00,4081.47,4081.48,4079.85,4080.7,337
2026-06-11 12:35:00,4080.77,4082.86,4080.55,4082.67,296
2026-06-11 12:36:00,4082.67,4083.05,4081.25,4082.13,257
2026-06-11 12:37:00,4082.14,4085.35,4081.97,4085.35,302
2026-06-11 12:38:00,4085.34,4086.17,4084.81,4086.01,378
2026-06-11 12:39:00,4086.01,4088.71,4085.83,4088.68,342
2026-06-11 12:40:00,4088.68,4089.94,4087.56,4089.1,296
2026-06-11 12:41:00,4089.1,4089.51,4088.41,4088.86,353
2026-06-11 12:42:00,4088.85,4089.2,4088.28,4089.08,298
2026-06-11 12:43:00,4089.07,4089.93,4088.62,4089.86,275
2026-06-11 12:44:00,4089.83,4091.9,4089.83,4091.74,330
2026-06-11 12:45:00,4091.74,4092.42,4091.31,4092.34,292
2026-06-11 12:46:00,4092.34,4094.57,4092.21,4094.57,357
2026-06-11 12:47:00,4094.57,4096.48,4094.11,4096.12,362
2026-06-11 12:48:00,4096.12,4096.12,4094.33,4095.43,283
2026-06-11 12:49:00,4095.51,4095.9,4093.47,4093.99,498
2026-06-11 12:50:00,4093.99,4095.93,4093.96,4094.51,333
2026-06-11 12:51:00,4094.5,4094.55,4093.22,4093.62,276
2026-06-11 12:52:00,4093.62,4093.85,4092.07,4092.16,279
2026-06-11 12:53:00,4092.16,4092.37,4090.24,4092.18,366
2026-06-11 12:54:00,4092.18,4094.3,4091.77,4094.08,338
2026-06-11 12:55:00,4094.08,4094.49,4093.24,4094.19,274
2026-06-11 12:56:00,4094.19,4094.88,4091.93,4091.95,246
2026-06-11 12:57:00,4091.99,4092.78,4091.52,4091.54,287
2026-06-11 12:58:00,4091.54,4092.02,4090.5,4090.66,267
2026-06-11 12:59:00,4090.66,4091.67,4089.89,4091.59,289
2026-06-11 13:00:00,4091.59,4093.66,4091.21,4093.63,286
2026-06-11 13:01:00,4093.63,4093.96,4092.91,4093.44,245
2026-06-11 13:02:00,4093.44,4094.29,4091.47,4091.5,368
2026-06-11 13:03:00,4091.5,4092.32,4090.81,4090.93,367
2026-06-11 13:04:00,4090.93,4091.91,4089.82,4091.87,313
2026-06-11 13:05:00,4091.87,4092.87,4091.3,4092.79,286
2026-06-11 13:06:00,4092.79,4093.67,4092.7,4093.37,370
2026-06-11 13:07:00,4093.37,4094.14,4092.72,4093.43,307
2026-06-11 13:08:00,4093.43,4093.43,4090.7,4090.82,285
2026-06-11 13:09:00,4090.82,4091.47,4090.57,4090.57,287
2026-06-11 13:10:00,4090.57,4090.68,4088.26,4089.87,359
2026-06-11 13:11:00,4089.84,4092.07,4089.33,4091.92,350
2026-06-11 13:12:00,4091.92,4092.19,4090.54,4091.15,358
2026-06-11 13:13:00,4091.15,4092.07,4090.67,4091.23,409
2026-06-11 13:14:00,4091.23,4092.86,4090.78,4092.1,376
2026-06-11 13:15:00,4092.1,4093.06,4091.51,4092.76,285
2026-06-11 13:16:00,4092.78,4092.88,4089.69,4090.34,330
2026-06-11 13:17:00,4090.44,4090.75,4086.77,4087.26,395
2026-06-11 13:18:00,4087.26,4088.48,4087.26,4088.29,425
2026-06-11 13:19:00,4088.3,4088.42,4086.79,4086.84,311
2026-06-11 13:20:00,4086.84,4088.38,4086.84,4087.41,315
2026-06-11 13:21:00,4087.41,4088.77,4087.28,4087.96,258
2026-06-11 13:22:00,4087.96,4089.28,4087.85,4089.15,240
2026-06-11 13:23:00,4089.15,4093.94,4089.0,4093.92,365
2026-06-11 13:24:00,4093.92,4094.53,4093.34,4093.67,324
2026-06-11 13:25:00,4093.66,4093.66,4091.78,4092.58,276
2026-06-11 13:26:00,4092.58,4093.87,4091.54,4091.72,354
2026-06-11 13:27:00,4091.71,4092.91,4090.96,4092.53,300
2026-06-11 13:28:00,4092.53,4092.56,4090.43,4090.76,361
2026-06-11 13:29:00,4090.75,4090.77,4087.66,4087.67,350
2026-06-11 13:30:00,4087.67,4090.54,4086.53,4090.46,429
2026-06-11 13:31:00,4090.46,4091.56,4089.61,4090.24,352
2026-06-11 13:32:00,4090.21,4091.61,4089.74,4091.45,321
2026-06-11 13:33:00,4091.45,4092.88,4091.22,4092.01,308
2026-06-11 13:34:00,4092.01,4092.77,4090.82,4092.26,350
2026-06-11 13:35:00,4092.26,4092.26,4088.87,4089.03,254
2026-06-11 13:36:00,4089.03,4091.41,4088.76,4090.76,312
2026-06-11 13:37:00,4090.77,4091.76,4089.99,4091.74,282
2026-06-11 13:38:00,4091.7,4092.98,4091.25,4091.42,310
2026-06-11 13:39:00,4091.42,4092.02,4090.81,4090.86,306
2026-06-11 13:40:00,4090.86,4092.0,4090.72,4092.0,235
2026-06-11 13:41:00,4091.95,4092.24,4091.11,4091.76,216
2026-06-11 13:42:00,4091.77,4091.77,4090.52,4090.69,209
2026-06-11 13:43:00,4090.69,4091.07,4089.6,4089.66,270
2026-06-11 13:44:00,4089.66,4090.93,4089.57,4090.49,243
2026-06-11 13:45:00,4090.49,4091.03,4090.35,4090.51,201
2026-06-11 13:46:00,4090.51,4091.62,4089.72,4090.8,207
2026-06-11 13:47:00,4090.76,4091.3,4088.87,4089.02,235
2026-06-11 13:48:00,4089.03,4089.21,4088.34,4088.35,211
2026-06-11 13:49:00,4088.35,4088.62,4087.5,4088.5,198
2026-06-11 13:50:00,4088.5,4089.77,4088.5,4089.35,221
2026-06-11 13:51:00,4089.35,4092.93,4089.35,4092.92,415
2026-06-11 13:52:00,4092.92,4092.92,4090.71,4090.99,346
2026-06-11 13:53:00,4090.98,4091.78,4090.57,4091.72,192
2026-06-11 13:54:00,4091.71,4091.9,4089.65,4089.72,225
2026-06-11 13:55:00,4089.72,4090.27,4088.22,4088.78,361
2026-06-11 13:56:00,4088.78,4090.04,4087.63,4088.19,288
2026-06-11 13:57:00,4088.19,4090.55,4088.19,4090.15,311
2026-06-11 13:58:00,4090.15,4091.04,4088.85,4089.82,364
2026-06-11 13:59:00,4089.8,4091.47,4089.2,4089.86,360
2026-06-11 14:00:00,4089.88,4089.88,4086.96,4088.17,428
2026-06-11 14:01:00,4088.17,4089.8,4086.89,4087.8,381
2026-06-11 14:02:00,4087.8,4090.0,4087.8,4088.95,379
2026-06-11 14:03:00,4088.95,4091.08,4088.42,4090.98,357
2026-06-11 14:04:00,4090.98,4093.2,4090.4,4091.85,386
2026-06-11 14:05:00,4091.81,4092.52,4091.26,4091.4,358
2026-06-11 14:06:00,4091.4,4091.45,4089.54,4089.75,355
2026-06-11 14:07:00,4089.74,4092.42,4089.61,4091.94,347
2026-06-11 14:08:00,4091.94,4093.11,4088.33,4091.61,805
2026-06-11 14:09:00,4091.59,4092.17,4091.14,4091.21,423
2026-06-11 14:10:00,4091.21,4092.25,4090.39,4091.02,362
2026-06-11 14:11:00,4091.02,4093.28,4091.02,4092.26,349
2026-06-11 14:12:00,4092.26,4092.48,4088.41,4090.01,438
2026-06-11 14:13:00,4090.01,4090.46,4088.09,4089.1,349
2026-06-11 14:14:00,4089.07,4089.18,4086.12,4086.13,343
2026-06-11 14:15:00,4086.13,4087.23,4085.43,4086.08,387
2026-06-11 14:16:00,4086.08,4086.44,4084.12,4084.34,520
2026-06-11 14:17:00,4084.48,4088.73,4084.35,4088.25,441
2026-06-11 14:18:00,4088.25,4089.52,4087.66,4087.98,452
2026-06-11 14:19:00,4087.98,4088.29,4086.46,4086.76,295
2026-06-11 14:20:00,4086.76,4086.93,4083.31,4084.29,421
2026-06-11 14:21:00,4084.29,4085.49,4083.92,4084.89,449
2026-06-11 14:22:00,4084.89,4087.5,4084.72,4086.22,500
2026-06-11 14:23:00,4086.22,4088.56,4086.13,4087.72,391
2026-06-11 14:24:00,4087.72,4087.96,4086.19,4086.22,331
2026-06-11 14:25:00,4086.22,4087.21,4084.63,4084.87,307
2026-06-11 14:26:00,4084.87,4086.97,4084.33,4085.5,373
2026-06-11 14:27:00,4085.51,4088.88,4085.29,4088.52,435
2026-06-11 14:28:00,4088.52,4089.61,4087.35,4089.07,473
2026-06-11 14:29:00,4089.07,4091.24,4088.19,4090.27,502
2026-06-11 14:30:00,4090.27,4095.99,4089.55,4092.27,725
2026-06-11 14:31:00,4092.22,4094.2,4090.88,4093.26,673
2026-06-11 14:32:00,4093.26,4095.06,4092.67,4092.77,544
2026-06-11 14:33:00,4092.77,4093.3,4091.17,4091.35,499
2026-06-11 14:34:00,4091.35,4091.42,4088.0,4088.28,500
2026-06-11 14:35:00,4088.28,4088.53,4084.32,4086.28,484
2026-06-11 14:36:00,4086.28,4088.51,4085.39,4088.47,433
2026-06-11 14:37:00,4088.47,4088.91,4087.5,4087.62,399
2026-06-11 14:38:00,4087.61,4087.67,4083.55,4084.69,462
2026-06-11 14:39:00,4084.69,4086.52,4082.81,4083.55,508
2026-06-11 14:40:00,4083.55,4084.17,4081.73,4082.31,328
2026-06-11 14:41:00,4082.31,4083.42,4081.97,4082.02,400
2026-06-11 14:42:00,4082.02,4085.26,4081.98,4084.87,375
2026-06-11 14:43:00,4084.87,4086.81,4084.16,4086.48,417
2026-06-11 14:44:00,4086.48,4087.01,4084.83,4084.87,312
2026-06-11 14:45:00,4084.87,4084.87,4082.53,4083.28,367
2026-06-11 14:46:00,4083.28,4084.12,4082.92,4083.98,337
2026-06-11 14:47:00,4083.99,4085.21,4083.85,4084.61,365
2026-06-11 14:48:00,4084.61,4085.04,4083.56,4084.56,379
2026-06-11 14:49:00,4084.56,4086.33,4084.27,4085.11,435
2026-06-11 14:50:00,4085.11,4085.65,4084.52,4085.12,320
2026-06-11 14:51:00,4085.12,4086.39,4084.48,4085.92,375
2026-06-11 14:52:00,4085.92,4086.77,4085.61,4085.98,331
2026-06-11 14:53:00,4085.98,4087.69,4085.96,4086.13,290
2026-06-11 14:54:00,4086.13,4086.67,4085.55,4086.23,349
2026-06-11 14:55:00,4086.24,4086.29,4085.51,4085.8,278
2026-06-11 14:56:00,4085.8,4087.4,4085.66,4085.81,306
2026-06-11 14:57:00,4085.81,4086.44,4081.83,4082.29,370
2026-06-11 14:58:00,4082.29,4082.63,4080.97,4081.18,387
2026-06-11 14:59:00,4081.18,4081.18,4079.79,4080.32,343
2026-06-11 15:00:00,4080.32,4081.2,4078.25,4080.84,472
2026-06-11 15:01:00,4080.84,4084.14,4080.54,4084.07,386
2026-06-11 15:02:00,4084.07,4084.85,4083.52,4083.59,319
2026-06-11 15:03:00,4083.59,4087.15,4083.58,4086.38,398
2026-06-11 15:04:00,4086.38,4086.59,4084.56,4086.49,361
2026-06-11 15:05:00,4086.49,4086.85,4085.5,4085.65,317
2026-06-11 15:06:00,4085.68,4086.62,4082.41,4082.9,394
2026-06-11 15:07:00,4082.88,4083.93,4080.67,4081.37,451
2026-06-11 15:08:00,4081.34,4081.86,4079.44,4080.32,450
2026-06-11 15:09:00,4080.32,4081.96,4079.78,4079.83,426
2026-06-11 15:10:00,4079.83,4079.91,4075.93,4076.23,567
2026-06-11 15:11:00,4076.26,4076.26,4075.29,4075.52,423
2026-06-11 15:12:00,4075.52,4076.21,4072.86,4074.85,431
2026-06-11 15:13:00,4074.85,4077.84,4074.85,4077.59,448
2026-06-11 15:14:00,4077.59,4077.63,4075.49,4076.32,349
2026-06-11 15:15:00,4076.32,4078.8,4075.48,4078.79,483
2026-06-11 15:16:00,4078.79,4081.95,4078.53,4080.21,434
2026-06-11 15:17:00,4080.29,4082.02,4076.85,4076.95,599
2026-06-11 15:18:00,4076.95,4077.5,4075.35,4076.96,594
2026-06-11 15:19:00,4076.96,4077.24,4075.15,4075.23,501
2026-06-11 15:20:00,4075.23,4075.66,4070.54,4071.99,853
2026-06-11 15:21:00,4071.99,4078.29,4071.99,4077.79,535
2026-06-11 15:22:00,4077.79,4078.27,4063.03,4063.18,1198
2026-06-11 15:23:00,4063.18,4067.74,4061.44,4067.36,859
2026-06-11 15:24:00,4067.36,4070.84,4065.5,4069.12,690
2026-06-11 15:25:00,4069.19,4071.06,4064.49,4065.37,694
2026-06-11 15:26:00,4065.37,4071.1,4062.9,4071.04,641
2026-06-11 15:27:00,4071.04,4072.9,4068.29,4071.58,854
2026-06-11 15:28:00,4071.58,4071.95,4066.9,4069.24,721
2026-06-11 15:29:00,4069.26,4070.11,4066.58,4068.92,483
2026-06-11 15:30:00,4068.91,4073.05,4063.68,4072.08,812
2026-06-11 15:31:00,4072.08,4074.03,4066.97,4067.14,552
2026-06-11 15:32:00,4067.14,4068.58,4058.2,4058.26,883
2026-06-11 15:33:00,4058.29,4061.86,4057.52,4060.9,773
2026-06-11 15:34:00,4060.9,4063.84,4058.58,4062.54,762
2026-06-11 15:35:00,4062.54,4062.58,4057.78,4059.54,730
2026-06-11 15:36:00,4059.66,4063.98,4059.04,4062.12,737
2026-06-11 15:37:00,4062.12,4062.76,4060.1,4060.62,612
2026-06-11 15:38:00,4060.62,4066.06,4060.53,4064.31,618
2026-06-11 15:39:00,4064.31,4067.02,4063.59,4065.92,577
2026-06-11 15:40:00,4065.92,4069.16,4064.98,4068.53,628
2026-06-11 15:41:00,4068.53,4069.54,4067.25,4068.85,553
2026-06-11 15:42:00,4068.85,4071.68,4067.83,4071.27,485
2026-06-11 15:43:00,4071.27,4071.69,4068.17,4069.52,525
2026-06-11 15:44:00,4069.52,4077.55,4066.37,4073.36,810
2026-06-11 15:45:00,4073.23,4075.1,4069.82,4075.1,712
2026-06-11 15:46:00,4075.15,4081.11,4074.71,4080.37,641
2026-06-11 15:47:00,4080.37,4081.28,4078.29,4080.42,625
2026-06-11 15:48:00,4080.42,4080.81,4074.42,4075.68,519
2026-06-11 15:49:00,4075.68,4079.02,4075.5,4077.35,525
2026-06-11 15:50:00,4077.35,4078.12,4074.3,4074.87,572
2026-06-11 15:51:00,4074.87,4076.06,4073.22,4074.87,646
2026-06-11 15:52:00,4074.87,4078.31,4074.81,4076.85,611
2026-06-11 15:53:00,4076.85,4080.15,4076.53,4079.85,649
2026-06-11 15:54:00,4079.85,4081.45,4079.15,4080.24,581
2026-06-11 15:55:00,4080.24,4085.23,4079.5,4082.91,590
2026-06-11 15:56:00,4082.91,4082.94,4077.91,4078.44,480
2026-06-11 15:57:00,4078.39,4080.09,4076.96,4077.98,629
2026-06-11 15:58:00,4077.98,4083.89,4077.35,4081.87,584
2026-06-11 15:59:00,4081.87,4082.13,4080.14,4081.86,641
2026-06-11 16:00:00,4081.86,4083.99,4079.49,4081.04,864
2026-06-11 16:01:00,4081.04,4081.96,4077.95,4078.47,702
2026-06-11 16:02:00,4078.47,4084.97,4078.16,4084.8,693
2026-06-11 16:03:00,4084.87,4085.82,4081.99,4085.26,615
2026-06-11 16:04:00,4085.18,4085.54,4083.23,4083.84,511
2026-06-11 16:05:00,4083.84,4085.05,4079.02,4079.96,622
2026-06-11 16:06:00,4079.98,4081.98,4079.43,4080.65,479
2026-06-11 16:07:00,4080.54,4083.23,4078.89,4080.05,589
2026-06-11 16:08:00,4080.05,4082.66,4079.4,4081.83,511
2026-06-11 16:09:00,4081.83,4086.19,4081.12,4085.63,557
2026-06-11 16:10:00,4085.63,4086.04,4082.46,4084.68,598
2026-06-11 16:11:00,4084.68,4084.68,4079.56,4080.5,581
2026-06-11 16:12:00,4080.5,4083.38,4077.75,4078.85,592
2026-06-11 16:13:00,4078.85,4079.43,4074.74,4074.83,556
2026-06-11 16:14:00,4074.8,4075.83,4072.07,4073.15,543
2026-06-11 16:15:00,4073.15,4076.56,4073.08,4075.41,473
2026-06-11 16:16:00,4075.41,4077.27,4075.06,4077.08,506
2026-06-11 16:17:00,4077.08,4077.24,4074.46,4075.02,450
2026-06-11 16:18:00,4075.02,4077.35,4074.58,4077.35,431
2026-06-11 16:19:00,4077.35,4077.35,4072.69,4072.69,427
2026-06-11 16:20:00,4072.73,4076.09,4072.73,4075.07,501
2026-06-11 16:21:00,4075.07,4076.05,4073.47,4075.31,569
2026-06-11 16:22:00,4075.31,4078.57,4074.99,4075.9,508
2026-06-11 16:23:00,4075.9,4079.02,4075.21,4077.41,439
2026-06-11 16:24:00,4077.43,4078.12,4075.33,4075.91,472
2026-06-11 16:25:00,4075.91,4075.91,4072.2,4072.76,477
2026-06-11 16:26:00,4072.76,4076.17,4072.61,4075.06,485
2026-06-11 16:27:00,4075.02,4078.61,4074.83,4078.14,481
2026-06-11 16:28:00,4078.14,4081.88,4077.65,4078.45,482
2026-06-11 16:29:00,4078.46,4078.56,4075.05,4075.36,496
2026-06-11 16:30:00,4075.36,4079.1,4074.25,4078.73,740
2026-06-11 16:31:00,4078.73,4079.73,4077.32,4078.71,723
2026-06-11 16:32:00,4078.72,4081.6,4075.65,4076.42,778
2026-06-11 16:33:00,4076.42,4077.48,4072.49,4073.42,742
2026-06-11 16:34:00,4073.42,4076.87,4071.81,4075.32,767
2026-06-11 16:35:00,4075.32,4076.63,4074.38,4075.98,679
2026-06-11 16:36:00,4076.0,4082.64,4076.0,4080.15,693
2026-06-11 16:37:00,4080.15,4082.42,4078.15,4079.3,678
2026-06-11 16:38:00,4079.32,4079.51,4068.15,4071.39,856
2026-06-11 16:39:00,4071.39,4075.36,4071.28,4072.57,666
2026-06-11 16:40:00,4072.58,4072.68,4067.13,4068.29,857
2026-06-11 16:41:00,4068.29,4072.66,4067.55,4070.91,726
2026-06-11 16:42:00,4070.91,4071.87,4067.89,4070.85,833
2026-06-11 16:43:00,4070.83,4077.0,4069.19,4075.83,1047
2026-06-11 16:44:00,4075.81,4078.64,4074.52,4076.42,856
2026-06-11 16:45:00,4076.42,4087.3,4073.44,4082.54,1153
2026-06-11 16:46:00,4082.54,4091.41,4080.09,4090.03,900
2026-06-11 16:47:00,4090.03,4092.51,4087.13,4091.37,770
2026-06-11 16:48:00,4091.37,4091.62,4084.93,4085.71,708
2026-06-11 16:49:00,4085.71,4090.0,4083.66,4083.66,684
2026-06-11 16:50:00,4083.66,4091.36,4083.66,4088.37,907
2026-06-11 16:51:00,4088.66,4091.73,4087.32,4089.52,600
2026-06-11 16:52:00,4089.52,4090.19,4087.4,4089.88,626
2026-06-11 16:53:00,4089.88,4090.88,4086.54,4090.47,713
2026-06-11 16:54:00,4090.47,4092.57,4084.72,4085.09,702
2026-06-11 16:55:00,4085.12,4091.38,4085.12,4091.29,873
2026-06-11 16:56:00,4091.29,4091.38,4086.75,4087.15,723
2026-06-11 16:57:00,4087.15,4088.29,4084.22,4084.9,722
2026-06-11 16:58:00,4084.93,4088.01,4084.57,4087.24,686
2026-06-11 16:59:00,4087.24,4087.79,4082.48,4083.28,700
2026-06-11 17:00:00,4083.28,4083.95,4078.58,4081.55,873
2026-06-11 17:01:00,4081.55,4084.87,4081.02,4084.27,691
2026-06-11 17:02:00,4084.27,4085.4,4078.42,4078.49,671
2026-06-11 17:03:00,4078.49,4081.4,4075.79,4076.51,739
2026-06-11 17:04:00,4076.51,4079.44,4075.76,4078.0,771
2026-06-11 17:05:00,4078.0,4078.0,4072.48,4073.39,807
2026-06-11 17:06:00,4073.45,4074.99,4071.3,4074.33,658
2026-06-11 17:07:00,4074.33,4075.67,4072.64,4075.35,603
2026-06-11 17:08:00,4075.35,4075.35,4069.16,4070.56,627
2026-06-11 17:09:00,4070.56,4070.58,4060.46,4062.5,851
2026-06-11 17:10:00,4062.53,4063.34,4056.84,4057.84,1022
2026-06-11 17:11:00,4057.7,4060.18,4055.08,4057.75,897
2026-06-11 17:12:00,4057.75,4058.38,4052.88,4053.92,839
2026-06-11 17:13:00,4053.92,4059.17,4052.96,4058.08,746
2026-06-11 17:14:00,4058.08,4061.69,4057.96,4060.95,684
2026-06-11 17:15:00,4061.11,4066.62,4060.63,4063.44,673
2026-06-11 17:16:00,4063.45,4063.47,4056.07,4056.46,769
2026-06-11 17:17:00,4056.46,4062.46,4056.23,4061.58,687
2026-06-11 17:18:00,4061.58,4061.59,4058.64,4060.53,595
2026-06-11 17:19:00,4060.53,4064.47,4060.46,4063.64,665
2026-06-11 17:20:00,4063.64,4068.48,4062.93,4067.72,773
2026-06-11 17:21:00,4067.72,4069.11,4066.16,4068.62,679
2026-06-11 17:22:00,4068.62,4073.24,4067.85,4073.02,659
2026-06-11 17:23:00,4073.02,4079.83,4072.61,4079.8,825
2026-06-11 17:24:00,4079.8,4082.21,4078.62,4079.49,720
2026-06-11 17:25:00,4079.49,4083.49,4079.34,4081.96,820
2026-06-11 17:26:00,4081.96,4084.91,4079.06,4079.07,679
2026-06-11 17:27:00,4079.07,4080.57,4075.75,4076.63,684
2026-06-11 17:28:00,4076.63,4077.16,4073.81,4076.53,571
2026-06-11 17:29:00,4076.54,4076.61,4073.92,4074.93,656
2026-06-11 17:30:00,4074.93,4077.75,4072.06,4072.75,948
2026-06-11 17:31:00,4072.69,4073.76,4070.78,4073.45,647
2026-06-11 17:32:00,4073.45,4076.74,4072.64,4073.91,641
2026-06-11 17:33:00,4073.91,4075.08,4071.06,4071.06,606
2026-06-11 17:34:00,4071.06,4073.25,4070.61,4072.71,671
2026-06-11 17:35:00,4072.71,4076.5,4071.08,4075.93,627
2026-06-11 17:36:00,4075.93,4079.49,4074.98,4079.35,682
2026-06-11 17:37:00,4079.35,4079.35,4072.36,4072.82,669
2026-06-11 17:38:00,4072.82,4079.99,4072.5,4079.36,584
2026-06-11 17:39:00,4079.36,4079.49,4076.33,4078.89,735
2026-06-11 17:40:00,4078.89,4082.7,4078.57,4081.62,550
2026-06-11 17:41:00,4081.62,4083.21,4080.38,4081.86,599
2026-06-11 17:42:00,4081.86,4083.58,4080.14,4083.03,608
2026-06-11 17:43:00,4083.03,4083.05,4080.62,4081.33,564
2026-06-11 17:44:00,4081.33,4082.21,4076.21,4076.3,501
2026-06-11 17:45:00,4076.3,4077.97,4074.69,4074.72,580
2026-06-11 17:46:00,4074.71,4075.94,4072.81,4073.8,537
2026-06-11 17:47:00,4073.78,4076.68,4073.48,4075.07,695
2026-06-11 17:48:00,4075.07,4077.13,4073.93,4076.29,606
2026-06-11 17:49:00,4076.29,4079.65,4076.19,4078.63,658
2026-06-11 17:50:00,4078.68,4078.68,4075.71,4077.3,760
2026-06-11 17:51:00,4077.32,4079.51,4076.23,4078.89,633
2026-06-11 17:52:00,4078.88,4079.19,4073.73,4075.53,580
2026-06-11 17:53:00,4075.53,4081.02,4075.53,4077.49,686
2026-06-11 17:54:00,4077.49,4078.07,4076.34,4077.04,643
2026-06-11 17:55:00,4077.03,4079.19,4074.32,4075.32,763
2026-06-11 17:56:00,4075.32,4076.35,4074.12,4075.13,682
2026-06-11 17:57:00,4075.13,4076.02,4074.02,4075.95,584
2026-06-11 17:58:00,4075.89,4077.98,4072.19,4072.56,706
2026-06-11 17:59:00,4072.56,4074.31,4072.55,4073.43,668
2026-06-11 18:00:00,4073.43,4075.56,4071.89,4073.49,722
2026-06-11 18:01:00,4073.49,4074.15,4070.29,4071.2,859
2026-06-11 18:02:00,4071.24,4075.99,4071.02,4073.18,702
2026-06-11 18:03:00,4073.18,4076.44,4072.3,4075.73,683
2026-06-11 18:04:00,4075.73,4076.46,4073.09,4073.5,903
2026-06-11 18:05:00,4073.5,4074.03,4072.21,4072.68,839
2026-06-11 18:06:00,4072.69,4076.44,4072.16,4074.69,800
2026-06-11 18:07:00,4074.66,4083.95,4073.32,4082.92,862
2026-06-11 18:08:00,4082.92,4086.49,4081.04,4081.93,749
2026-06-11 18:09:00,4081.93,4086.5,4080.23,4081.04,658
2026-06-11 18:10:00,4081.04,4083.03,4079.8,4081.71,574
2026-06-11 18:11:00,4081.71,4083.52,4080.99,4082.96,617
2026-06-11 18:12:00,4082.96,4087.89,4082.94,4085.63,721
2026-06-11 18:13:00,4085.69,4086.1,4082.76,4084.06,613
2026-06-11 18:14:00,4084.06,4084.71,4080.59,4080.59,610
2026-06-11 18:15:00,4080.59,4086.57,4080.59,4084.81,617
2026-06-11 18:16:00,4084.86,4085.06,4080.88,4081.78,571
2026-06-11 18:17:00,4081.78,4083.47,4081.55,4082.94,546
2026-06-11 18:18:00,4082.94,4083.66,4079.72,4080.75,555
2026-06-11 18:19:00,4080.77,4083.54,4080.33,4082.06,603
2026-06-11 18:20:00,4082.06,4089.27,4081.52,4087.89,676
2026-06-11 18:21:00,4087.87,4087.87,4082.59,4083.1,557
2026-06-11 18:22:00,4083.09,4083.67,4079.09,4079.38,642
2026-06-11 18:23:00,4079.38,4080.16,4076.69,4078.7,658
2026-06-11 18:24:00,4078.7,4079.64,4077.35,4078.81,493
2026-06-11 18:25:00,4078.82,4079.05,4074.79,4078.06,622
2026-06-11 18:26:00,4078.0,4081.58,4077.4,4081.55,552
2026-06-11 18:27:00,4081.48,4084.7,4081.19,4083.55,601
2026-06-11 18:28:00,4083.55,4084.63,4082.09,4083.0,547
2026-06-11 18:29:00,4083.0,4084.08,4081.43,4081.63,585
2026-06-11 18:30:00,4081.62,4082.34,4078.38,4078.93,688
2026-06-11 18:31:00,4078.93,4080.35,4077.52,4080.26,833
2026-06-11 18:32:00,4080.26,4082.79,4079.93,4080.74,733
2026-06-11 18:33:00,4080.62,4080.74,4077.93,4079.54,615
2026-06-11 18:34:00,4079.54,4080.44,4078.76,4079.69,648
2026-06-11 18:35:00,4079.65,4081.25,4078.74,4080.01,673
2026-06-11 18:36:00,4080.01,4082.77,4079.0,4082.61,839
2026-06-11 18:37:00,4082.61,4085.05,4082.46,4084.54,645
2026-06-11 18:38:00,4084.54,4086.77,4083.22,4086.11,681
2026-06-11 18:39:00,4086.11,4086.9,4084.31,4085.91,522
2026-06-11 18:40:00,4085.87,4090.25,4085.87,4089.3,658
2026-06-11 18:41:00,4089.24,4089.28,4086.88,4087.85,584
2026-06-11 18:42:00,4087.89,4088.99,4086.99,4088.98,578
2026-06-11 18:43:00,4088.97,4090.47,4086.48,4086.96,698
2026-06-11 18:44:00,4086.96,4088.89,4086.94,4088.18,618
2026-06-11 18:45:00,4088.33,4091.05,4087.64,4089.98,761
2026-06-11 18:46:00,4089.95,4091.32,4089.22,4091.29,781
2026-06-11 18:47:00,4091.28,4091.66,4088.91,4089.65,890
2026-06-11 18:48:00,4089.68,4091.75,4088.57,4090.47,839
2026-06-11 18:49:00,4090.47,4091.06,4089.3,4089.78,671
2026-06-11 18:50:00,4089.85,4090.56,4088.21,4089.36,604
2026-06-11 18:51:00,4089.35,4095.39,4089.15,4093.63,634
2026-06-11 18:52:00,4093.64,4093.68,4091.38,4091.88,637
2026-06-11 18:53:00,4091.88,4092.72,4090.65,4091.28,659
2026-06-11 18:54:00,4091.31,4091.31,4088.58,4090.51,588
2026-06-11 18:55:00,4090.55,4090.55,4086.21,4088.13,830
2026-06-11 18:56:00,4088.13,4088.13,4085.79,4087.22,670
2026-06-11 18:57:00,4087.22,4089.81,4086.88,4089.23,537
2026-06-11 18:58:00,4089.23,4089.59,4087.69,4089.29,530
2026-06-11 18:59:00,4089.28,4090.01,4088.34,4088.8,570
2026-06-11 19:00:00,4088.8,4093.35,4088.48,4092.93,640
2026-06-11 19:01:00,4092.93,4093.29,4091.09,4091.12,645
2026-06-11 19:02:00,4091.1,4093.32,4091.08,4092.77,555
2026-06-11 19:03:00,4092.77,4093.04,4089.07,4089.23,636
2026-06-11 19:04:00,4089.23,4089.7,4086.79,4087.63,649
2026-06-11 19:05:00,4087.68,4089.64,4086.75,4088.62,636
2026-06-11 19:06:00,4088.59,4092.25,4088.5,4091.71,615
2026-06-11 19:07:00,4091.71,4093.53,4091.12,4093.35,552
2026-06-11 19:08:00,4093.35,4093.73,4091.83,4093.27,595
2026-06-11 19:09:00,4093.27,4093.35,4092.39,4092.64,636
2026-06-11 19:10:00,4092.64,4094.07,4091.18,4093.91,730
2026-06-11 19:11:00,4093.91,4099.57,4093.1,4099.18,682
2026-06-11 19:12:00,4099.18,4100.96,4097.95,4098.89,590
2026-06-11 19:13:00,4098.89,4099.96,4097.06,4099.34,543
2026-06-11 19:14:00,4099.34,4103.32,4098.78,4102.66,530
2026-06-11 19:15:00,4102.66,4107.55,4102.36,4105.18,621
2026-06-11 19:16:00,4105.09,4106.63,4100.21,4100.21,708
2026-06-11 19:17:00,4100.21,4100.21,4097.91,4098.95,624
2026-06-11 19:18:00,4098.81,4099.25,4096.6,4098.8,591
2026-06-11 19:19:00,4098.75,4098.89,4096.24,4096.91,493
2026-06-11 19:20:00,4096.93,4098.44,4095.53,4095.71,575
2026-06-11 19:21:00,4095.71,4096.1,4092.5,4095.14,573
2026-06-11 19:22:00,4095.14,4095.47,4092.69,4093.07,644
2026-06-11 19:23:00,4093.07,4095.09,4091.59,4091.88,756
2026-06-11 19:24:00,4091.88,4091.91,4087.57,4087.91,825
2026-06-11 19:25:00,4087.88,4088.83,4083.77,4084.24,866
2026-06-11 19:26:00,4084.24,4085.98,4083.1,4084.03,697
2026-06-11 19:27:00,4084.03,4084.94,4082.51,4083.83,713
2026-06-11 19:28:00,4083.83,4085.16,4083.17,4083.48,660
2026-06-11 19:29:00,4083.48,4083.68,4079.49,4079.6,697
2026-06-11 19:30:00,4079.6,4081.6,4078.52,4080.92,898
2026-06-11 19:31:00,4080.92,4083.5,4080.28,4082.67,695
2026-06-11 19:32:00,4082.67,4082.85,4080.69,4082.73,672
2026-06-11 19:33:00,4082.71,4085.77,4081.43,4085.57,584
2026-06-11 19:34:00,4085.57,4087.93,4084.68,4084.68,689
2026-06-11 19:35:00,4084.5,4085.62,4083.45,4084.89,513
2026-06-11 19:36:00,4084.87,4086.48,4083.78,4086.16,519
2026-06-11 19:37:00,4086.16,4086.16,4083.99,4084.12,460
2026-06-11 19:38:00,4084.13,4084.22,4081.77,4084.02,535
2026-06-11 19:39:00,4084.0,4084.19,4081.65,4082.62,475
2026-06-11 19:40:00,4082.64,4084.04,4082.64,4083.66,409
2026-06-11 19:41:00,4083.66,4084.4,4082.72,4083.28,436
2026-06-11 19:42:00,4083.25,4084.45,4082.97,4083.86,476
2026-06-11 19:43:00,4083.86,4085.28,4083.29,4083.31,543
2026-06-11 19:44:00,4083.34,4083.89,4081.16,4082.0,544
2026-06-11 19:45:00,4082.0,4084.28,4080.37,4080.39,556
2026-06-11 19:46:00,4080.4,4083.06,4080.28,4082.2,481
2026-06-11 19:47:00,4082.2,4083.57,4081.74,4083.25,490
2026-06-11 19:48:00,4083.24,4083.87,4082.56,4083.1,403
2026-06-11 19:49:00,4083.01,4083.01,4080.41,4081.47,471
2026-06-11 19:50:00,4081.47,4081.5,4078.99,4080.92,610
2026-06-11 19:51:00,4080.92,4082.42,4080.81,4080.94,567
2026-06-11 19:52:00,4080.94,4081.71,4079.55,4079.57,572
2026-06-11 19:53:00,4079.5,4080.43,4078.78,4079.31,562
2026-06-11 19:54:00,4079.31,4080.41,4078.04,4079.69,550
2026-06-11 19:55:00,4079.69,4080.36,4079.52,4079.63,468
2026-06-11 19:56:00,4079.63,4081.12,4079.3,4080.5,477
2026-06-11 19:57:00,4080.5,4081.64,4080.16,4081.48,610
2026-06-11 19:58:00,4081.47,4082.3,4081.07,4081.26,532
2026-06-11 19:59:00,4081.26,4081.26,4079.67,4080.23,444
2026-06-11 20:00:00,4080.23,4080.43,4076.36,4077.1,727
2026-06-11 20:01:00,4077.1,4080.82,4076.34,4079.95,583
2026-06-11 20:02:00,4079.94,4079.94,4074.48,4074.66,706
2026-06-11 20:03:00,4074.66,4074.88,4071.98,4073.74,528
2026-06-11 20:04:00,4073.74,4075.12,4073.27,4074.78,504
2026-06-11 20:05:00,4074.78,4076.55,4074.35,4075.25,570
2026-06-11 20:06:00,4075.32,4076.28,4074.51,4075.3,533
2026-06-11 20:07:00,4075.3,4077.76,4074.69,4076.89,538
2026-06-11 20:08:00,4076.89,4076.98,4075.12,4075.31,431
2026-06-11 20:09:00,4075.29,4076.69,4074.75,4076.69,487
2026-06-11 20:10:00,4076.69,4078.05,4076.02,4077.15,470
2026-06-11 20:11:00,4077.15,4078.84,4076.26,4077.2,468
2026-06-11 20:12:00,4077.21,4077.63,4075.29,4075.48,585
2026-06-11 20:13:00,4075.47,4075.67,4072.82,4074.97,658
2026-06-11 20:14:00,4074.97,4076.57,4074.97,4076.03,470
2026-06-11 20:15:00,4076.04,4078.06,4074.42,4074.68,552
2026-06-11 20:16:00,4074.68,4076.49,4074.54,4075.64,531
2026-06-11 20:17:00,4075.64,4076.58,4075.24,4075.92,499
2026-06-11 20:18:00,4075.93,4077.08,4075.74,4076.02,481
2026-06-11 20:19:00,4076.02,4078.93,4075.52,4078.37,451
2026-06-11 20:20:00,4078.37,4079.53,4077.14,4079.27,528
2026-06-11 20:21:00,4079.27,4079.6,4078.36,4079.18,459
2026-06-11 20:22:00,4079.17,4079.34,4076.09,4076.86,477
2026-06-11 20:23:00,4076.86,4079.96,4076.41,4079.37,534
2026-06-11 20:24:00,4079.36,4081.25,4078.39,4080.45,589
2026-06-11 20:25:00,4080.45,4080.68,4078.89,4080.64,550
2026-06-11 20:26:00,4080.62,4081.84,4080.47,4081.35,530
2026-06-11 20:27:00,4081.35,4082.71,4081.01,4081.42,478
2026-06-11 20:28:00,4081.42,4098.05,4078.41,4089.88,789
2026-06-11 20:29:00,4089.46,4102.41,4087.41,4102.05,1199
2026-06-11 20:30:00,4102.05,4125.21,4101.86,4124.27,1392
2026-06-11 20:31:00,4124.27,4125.92,4114.85,4124.21,1077
2026-06-11 20:32:00,4124.24,4136.4,4122.37,4136.38,1032
2026-06-11 20:33:00,4136.38,4143.99,4128.03,4138.81,1020
2026-06-11 20:34:00,4138.81,4149.67,4136.82,4148.96,1177
2026-06-11 20:35:00,4148.96,4149.45,4142.08,4147.85,1059
2026-06-11 20:36:00,4147.85,4152.98,4142.69,4146.02,994
2026-06-11 20:37:00,4146.02,4150.35,4139.5,4142.23,1119
2026-06-11 20:38:00,4142.24,4148.67,4138.41,4147.87,1032
2026-06-11 20:39:00,4147.85,4154.69,4145.81,4150.5,953
2026-06-11 20:40:00,4150.5,4155.45,4147.49,4154.43,909
2026-06-11 20:41:00,4154.43,4163.35,4152.81,4163.24,955
2026-06-11 20:42:00,4163.32,4169.72,4162.54,4165.23,1002
2026-06-11 20:43:00,4165.23,4167.95,4159.18,4162.92,815
2026-06-11 20:44:00,4162.92,4169.99,4161.32,4166.6,905
2026-06-11 20:45:00,4166.56,4166.68,4155.91,4158.14,903
2026-06-11 20:46:00,4158.22,4161.65,4156.76,4159.25,868
2026-06-11 20:47:00,4159.25,4164.63,4156.55,4161.55,855
2026-06-11 20:48:00,4161.55,4164.03,4157.83,4158.36,807
2026-06-11 20:49:00,4158.31,4160.11,4153.45,4154.48,954
2026-06-11 20:50:00,4154.48,4155.62,4146.96,4148.53,983
2026-06-11 20:51:00,4148.53,4157.44,4148.53,4156.54,702
2026-06-11 20:52:00,4156.54,4161.45,4156.25,4156.6,790
2026-06-11 20:53:00,4156.6,4157.56,4152.19,4152.51,879
2026-06-11 20:54:00,4152.49,4154.03,4150.38,4153.48,682
2026-06-11 20:55:00,4153.48,4154.12,4150.74,4151.69,616
2026-06-11 20:56:00,4151.74,4152.07,4146.63,4147.85,722
2026-06-11 20:57:00,4147.85,4155.64,4147.85,4155.48,679
2026-06-11 20:58:00,4155.46,4157.15,4152.79,4153.35,630
2026-06-11 20:59:00,4153.35,4154.23,4150.49,4151.84,694
2026-06-11 21:00:00,4151.84,4154.82,4150.44,4150.75,783
2026-06-11 21:01:00,4150.75,4155.67,4149.68,4149.79,676
2026-06-11 21:02:00,4149.71,4150.47,4145.54,4145.68,723
2026-06-11 21:03:00,4145.68,4147.54,4137.14,4137.37,888
2026-06-11 21:04:00,4137.37,4139.5,4136.8,4138.79,857
2026-06-11 21:05:00,4138.79,4138.87,4134.89,4135.12,846
2026-06-11 21:06:00,4135.12,4135.75,4131.63,4133.08,889
2026-06-11 21:07:00,4133.05,4139.79,4132.07,4139.67,874
2026-06-11 21:08:00,4139.68,4140.99,4136.57,4136.86,837
2026-06-11 21:09:00,4136.85,4137.35,4133.97,4135.54,722
2026-06-11 21:10:00,4135.54,4138.64,4135.17,4138.63,700
2026-06-11 21:11:00,4138.65,4142.81,4138.22,4141.59,687
2026-06-11 21:12:00,4141.57,4144.85,4141.45,4143.43,747
2026-06-11 21:13:00,4143.43,4145.08,4142.02,4143.86,589
2026-06-11 21:14:00,4143.86,4146.86,4143.71,4146.84,572
2026-06-11 21:15:00,4146.84,4152.35,4145.26,4151.35,694
2026-06-11 21:16:00,4151.35,4153.9,4150.46,4153.81,597
2026-06-11 21:17:00,4153.81,4154.11,4150.67,4152.03,589
2026-06-11 21:18:00,4151.9,4156.9,4150.95,4156.4,559
2026-06-11 21:19:00,4156.4,4162.96,4154.6,4161.31,678
2026-06-11 21:20:00,4161.24,4161.56,4155.22,4158.04,718
2026-06-11 21:21:00,4158.04,4162.4,4157.76,4160.93,690
2026-06-11 21:22:00,4160.93,4161.01,4151.17,4155.12,875
2026-06-11 21:23:00,4155.12,4161.47,4152.41,4156.19,783
2026-06-11 21:24:00,4156.19,4158.82,4154.52,4155.8,533
2026-06-11 21:25:00,4155.8,4156.5,4152.49,4155.53,669
2026-06-11 21:26:00,4155.54,4156.51,4152.08,4153.99,805
2026-06-11 21:27:00,4154.1,4154.38,4151.88,4153.61,661
2026-06-11 21:28:00,4153.61,4154.09,4150.61,4152.14,714
2026-06-11 21:29:00,4152.16,4154.69,4152.14,4152.93,669
2026-06-11 21:30:00,4152.93,4155.64,4151.5,4155.34,681
2026-06-11 21:31:00,4155.34,4158.0,4154.6,4156.63,716
2026-06-11 21:32:00,4156.48,4156.92,4149.25,4150.83,622
2026-06-11 21:33:00,4150.83,4154.84,4150.83,4154.6,520
2026-06-11 21:34:00,4154.6,4155.98,4153.81,4154.11,517
2026-06-11 21:35:00,4154.11,4155.2,4152.78,4153.51,615
2026-06-11 21:36:00,4153.51,4158.27,4152.98,4158.01,606
2026-06-11 21:37:00,4158.05,4158.72,4155.93,4158.66,456
2026-06-11 21:38:00,4158.66,4158.77,4155.78,4156.52,489
2026-06-11 21:39:00,4156.52,4157.42,4155.56,4156.52,548
2026-06-11 21:40:00,4156.52,4158.8,4155.71,4155.89,516
2026-06-11 21:41:00,4155.78,4159.85,4155.2,4159.4,488
2026-06-11 21:42:00,4159.4,4161.14,4158.86,4160.48,547
2026-06-11 21:43:00,4160.48,4163.44,4159.6,4162.51,520
2026-06-11 21:44:00,4162.51,4165.22,4161.28,4164.84,429
2026-06-11 21:45:00,4164.84,4166.86,4164.06,4165.57,471
2026-06-11 21:46:00,4165.57,4166.85,4164.86,4165.73,538
2026-06-11 21:47:00,4165.73,4168.15,4165.39,4168.03,526
2026-06-11 21:48:00,4168.03,4170.98,4167.63,4170.39,535
2026-06-11 21:49:00,4170.37,4171.72,4167.24,4168.09,654
2026-06-11 21:50:00,4168.09,4170.09,4167.03,4168.36,489
2026-06-11 21:51:00,4168.37,4169.23,4166.74,4167.38,472
2026-06-11 21:52:00,4167.37,4168.11,4166.16,4166.91,424
2026-06-11 21:53:00,4166.91,4167.06,4165.12,4166.39,411
2026-06-11 21:54:00,4166.39,4167.09,4164.13,4164.83,405
2026-06-11 21:55:00,4164.84,4165.54,4162.02,4162.04,626
2026-06-11 21:56:00,4162.04,4165.01,4160.78,4161.26,510
2026-06-11 21:57:00,4161.3,4163.42,4160.41,4163.01,451
2026-06-11 21:58:00,4163.01,4164.41,4162.58,4162.89,553
2026-06-11 21:59:00,4162.89,4162.89,4160.95,4161.87,483
2026-06-11 22:00:00,4161.87,4173.17,4161.87,4171.99,893
2026-06-11 22:01:00,4171.97,4172.15,4169.95,4170.27,569
2026-06-11 22:02:00,4170.27,4172.78,4169.93,4172.73,500
2026-06-11 22:03:00,4172.73,4172.73,4170.42,4171.25,428
2026-06-11 22:04:00,4171.25,4174.31,4170.97,4174.14,569
2026-06-11 22:05:00,4174.14,4174.42,4169.61,4170.01,561
2026-06-11 22:06:00,4170.01,4172.69,4170.01,4171.37,551
2026-06-11 22:07:00,4171.37,4172.69,4170.65,4172.19,624
2026-06-11 22:08:00,4172.19,4172.19,4169.81,4171.33,425
2026-06-11 22:09:00,4171.33,4175.72,4171.2,4174.13,669
2026-06-11 22:10:00,4174.11,4175.44,4173.06,4175.41,487
2026-06-11 22:11:00,4175.41,4181.65,4174.82,4180.87,606
2026-06-11 22:12:00,4180.87,4187.9,4179.94,4183.4,869
2026-06-11 22:13:00,4183.4,4186.26,4181.08,4184.67,706
2026-06-11 22:14:00,4184.69,4189.28,4184.66,4188.26,574
2026-06-11 22:15:00,4188.26,4189.07,4186.19,4188.46,624
2026-06-11 22:16:00,4188.46,4193.67,4188.29,4193.57,635
2026-06-11 22:17:00,4193.57,4196.79,4186.46,4188.64,647
2026-06-11 22:18:00,4188.74,4191.9,4188.74,4191.25,602
2026-06-11 22:19:00,4190.95,4195.75,4188.79,4195.75,561
2026-06-11 22:20:00,4195.75,4198.13,4191.45,4192.6,627
2026-06-11 22:21:00,4192.6,4193.33,4190.88,4191.64,543
2026-06-11 22:22:00,4191.64,4193.6,4189.78,4190.69,519
2026-06-11 22:23:00,4190.69,4191.77,4188.68,4189.03,538
2026-06-11 22:24:00,4189.08,4192.13,4189.04,4191.77,451
2026-06-11 22:25:00,4191.8,4191.8,4189.26,4190.79,392
2026-06-11 22:26:00,4190.88,4194.75,4190.03,4194.41,492
2026-06-11 22:27:00,4194.41,4195.7,4193.06,4194.81,601
2026-06-11 22:28:00,4194.81,4198.07,4194.34,4197.48,590
2026-06-11 22:29:00,4197.19,4198.38,4194.83,4195.65,630
2026-06-11 22:30:00,4195.65,4211.69,4195.65,4208.65,828
2026-06-11 22:31:00,4208.65,4210.19,4203.87,4204.12,700
2026-06-11 22:32:00,4204.12,4208.82,4202.98,4207.07,672
2026-06-11 22:33:00,4207.07,4208.52,4202.94,4208.12,574
2026-06-11 22:34:00,4208.12,4214.92,4207.06,4214.92,672
2026-06-11 22:35:00,4214.92,4215.94,4210.32,4212.62,653
2026-06-11 22:36:00,4212.6,4219.93,4212.6,4217.77,661
2026-06-11 22:37:00,4217.77,4217.79,4213.12,4214.66,596
2026-06-11 22:38:00,4214.66,4216.16,4208.89,4211.35,616
2026-06-11 22:39:00,4211.35,4211.99,4208.4,4208.45,506
2026-06-11 22:40:00,4208.45,4212.58,4208.45,4211.5,536
2026-06-11 22:41:00,4211.53,4214.96,4211.42,4214.29,538
2026-06-11 22:42:00,4214.28,4217.63,4214.27,4215.2,564
2026-06-11 22:43:00,4215.2,4215.91,4211.44,4211.62,564
2026-06-11 22:44:00,4211.78,4213.72,4209.14,4210.2,524
2026-06-11 22:45:00,4210.2,4215.06,4210.09,4210.52,485
2026-06-11 22:46:00,4210.66,4213.25,4209.93,4210.45,493
2026-06-11 22:47:00,4210.45,4213.99,4210.41,4213.44,493
2026-06-11 22:48:00,4213.44,4213.49,4211.41,4212.01,443
2026-06-11 22:49:00,4212.01,4212.09,4210.08,4210.14,408
2026-06-11 22:50:00,4210.14,4211.9,4209.17,4210.39,566
2026-06-11 22:51:00,4210.39,4212.8,4210.18,4212.8,470
2026-06-11 22:52:00,4212.8,4213.67,4211.2,4212.55,450
2026-06-11 22:53:00,4212.55,4215.41,4212.53,4214.39,498
2026-06-11 22:54:00,4214.39,4215.51,4212.46,4215.48,492
2026-06-11 22:55:00,4215.49,4215.49,4209.59,4212.65,599
2026-06-11 22:56:00,4212.65,4213.21,4211.53,4212.31,358
2026-06-11 22:57:00,4212.32,4212.5,4210.93,4211.8,383
2026-06-11 22:58:00,4211.8,4211.8,4207.74,4208.3,434
2026-06-11 22:59:00,4208.3,4209.61,4207.36,4208.87,496
2026-06-12 01:00:00,4207.64,4219.92,4202.67,4218.09,520
2026-06-12 01:01:00,4217.91,4217.97,4214.2,4215.13,226
2026-06-12 01:02:00,4215.13,4215.13,4208.96,4208.96,266
2026-06-12 01:03:00,4208.96,4211.28,4204.88,4206.47,248
2026-06-12 01:04:00,4206.47,4209.43,4206.47,4208.14,138
2026-06-12 01:05:00,4208.14,4209.16,4207.47,4208.18,354
2026-06-12 01:06:00,4208.18,4208.38,4206.77,4207.16,120
2026-06-12 01:07:00,4207.17,4209.5,4207.17,4209.15,105
2026-06-12 01:08:00,4209.14,4209.88,4207.36,4209.71,167
2026-06-12 01:09:00,4209.73,4210.59,4209.03,4209.18,142
2026-06-12 01:10:00,4209.19,4209.4,4207.63,4208.94,161
2026-06-12 01:11:00,4208.94,4209.37,4207.89,4208.82,172
2026-06-12 01:12:00,4208.76,4208.78,4206.94,4207.91,174
2026-06-12 01:13:00,4207.91,4208.33,4207.0,4207.13,213
2026-06-12 01:14:00,4207.12,4210.76,4207.12,4209.51,387
2026-06-12 01:15:00,4209.51,4209.57,4207.16,4207.26,312
2026-06-12 01:16:00,4207.26,4209.5,4207.09,4209.38,230
2026-06-12 01:17:00,4209.39,4210.88,4208.76,4210.26,231
2026-06-12 01:18:00,4210.26,4210.26,4208.6,4208.62,192
2026-06-12 01:19:00,4208.61,4209.7,4208.16,4208.16,122
2026-06-12 01:20:00,4208.16,4208.7,4207.42,4208.19,261
2026-06-12 01:21:00,4208.19,4208.2,4207.04,4207.15,181
2026-06-12 01:22:00,4207.15,4211.71,4207.05,4211.49,237
2026-06-12 01:23:00,4211.49,4211.49,4208.59,4209.7,165
2026-06-12 01:24:00,4209.7,4211.0,4205.49,4206.33,291
2026-06-12 01:25:00,4206.32,4208.08,4206.32,4208.08,159
2026-06-12 01:26:00,4208.03,4209.76,4207.45,4208.52,192
2026-06-12 01:27:00,4208.52,4208.9,4207.61,4208.49,170
2026-06-12 01:28:00,4208.49,4212.83,4208.46,4210.82,196
2026-06-12 01:29:00,4210.82,4215.93,4210.82,4214.92,248
2026-06-12 01:30:00,4214.92,4216.29,4213.37,4214.88,365
2026-06-12 01:31:00,4214.88,4214.95,4212.38,4213.24,245
2026-06-12 01:32:00,4213.24,4213.24,4211.78,4211.78,169
2026-06-12 01:33:00,4211.78,4214.86,4211.31,4213.98,260
2026-06-12 01:34:00,4213.98,4214.83,4212.5,4214.18,305
2026-06-12 01:35:00,4214.3,4215.11,4213.42,4213.93,205
2026-06-12 01:36:00,4213.95,4214.0,4212.32,4212.38,204
2026-06-12 01:37:00,4212.38,4212.99,4212.29,4212.54,168
2026-06-12 01:38:00,4212.54,4213.1,4212.1,4212.1,172
2026-06-12 01:39:00,4212.09,4215.63,4211.99,4215.63,192
2026-06-12 01:40:00,4215.63,4218.0,4215.14,4217.97,266
2026-06-12 01:41:00,4217.98,4219.44,4217.1,4218.82,240
2026-06-12 01:42:00,4218.82,4220.89,4218.06,4220.88,403
2026-06-12 01:43:00,4220.88,4227.66,4220.56,4227.25,461
2026-06-12 01:44:00,4227.28,4228.18,4224.05,4225.81,481
2026-06-12 01:45:00,4225.81,4233.44,4225.3,4232.55,454
2026-06-12 01:46:00,4232.55,4234.59,4229.13,4232.98,476
2026-06-12 01:47:00,4232.98,4235.26,4232.8,4235.15,422
2026-06-12 01:48:00,4235.15,4236.15,4232.98,4232.98,471
2026-06-12 01:49:00,4232.98,4234.6,4231.78,4231.87,333
2026-06-12 01:50:00,4231.87,4232.89,4229.97,4229.97,340
2026-06-12 01:51:00,4229.97,4230.8,4226.91,4227.3,345
2026-06-12 01:52:00,4227.3,4229.09,4224.79,4229.01,490
2026-06-12 01:53:00,4228.96,4232.5,4227.89,4231.96,325
2026-06-12 01:54:00,4231.96,4235.88,4230.72,4235.67,308
2026-06-12 01:55:00,4235.65,4236.5,4234.23,4234.6,324
2026-06-12 01:56:00,4234.62,4238.81,4233.12,4238.4,478
2026-06-12 01:57:00,4238.37,4246.34,4238.03,4245.3,497
2026-06-12 01:58:00,4245.3,4245.3,4241.24,4243.52,325
2026-06-12 01:59:00,4243.4,4244.82,4242.71,4243.24,247
2026-06-12 02:00:00,4243.24,4245.75,4241.49,4244.71,330
2026-06-12 02:01:00,4244.71,4244.71,4239.84,4240.02,447
2026-06-12 02:02:00,4240.02,4240.02,4233.8,4234.06,400
2026-06-12 02:03:00,4234.06,4234.13,4229.56,4229.72,458
2026-06-12 02:04:00,4229.72,4229.93,4224.65,4227.08,399
2026-06-12 02:05:00,4227.08,4227.1,4223.47,4225.86,379
2026-06-12 02:06:00,4225.86,4226.52,4224.09,4226.06,261
2026-06-12 02:07:00,4226.06,4228.94,4224.88,4228.51,370
2026-06-12 02:08:00,4228.51,4230.3,4226.78,4229.49,320
2026-06-12 02:09:00,4229.49,4229.49,4225.27,4225.74,270
2026-06-12 02:10:00,4225.74,4227.17,4224.93,4226.49,201
2026-06-12 02:11:00,4226.51,4227.75,4225.3,4225.82,203
2026-06-12 02:12:00,4225.83,4228.01,4224.56,4227.8,239
2026-06-12 02:13:00,4227.8,4227.88,4221.28,4222.47,349
2026-06-12 02:14:00,4222.47,4224.46,4221.87,4223.68,233
2026-06-12 02:15:00,4223.7,4226.02,4223.18,4225.99,310
2026-06-12 02:16:00,4225.99,4226.49,4223.11,4224.73,259
2026-06-12 02:17:00,4224.73,4224.73,4221.62,4221.71,237
2026-06-12 02:18:00,4221.71,4224.29,4221.32,4223.79,271
2026-06-12 02:19:00,4223.8,4223.84,4221.23,4222.37,228
2026-06-12 02:20:00,4222.39,4223.09,4222.0,4222.22,235
2026-06-12 02:21:00,4222.18,4222.85,4221.45,4221.77,220
2026-06-12 02:22:00,4221.77,4221.97,4221.29,4221.49,209
2026-06-12 02:23:00,4221.49,4221.52,4215.74,4216.41,279
2026-06-12 02:24:00,4216.41,4218.18,4215.69,4216.03,291
2026-06-12 02:25:00,4216.03,4217.94,4216.03,4216.57,217
2026-06-12 02:26:00,4216.57,4217.38,4215.7,4216.18,224
2026-06-12 02:27:00,4216.15,4218.09,4214.32,4215.08,304
2026-06-12 02:28:00,4215.08,4216.41,4214.21,4214.36,294
2026-06-12 02:29:00,4214.36,4216.81,4214.28,4216.47,247
2026-06-12 02:30:00,4216.47,4223.56,4215.96,4220.2,416
2026-06-12 02:31:00,4220.2,4220.2,4216.13,4216.42,247
2026-06-12 02:32:00,4216.42,4216.64,4214.52,4216.41,266
2026-06-12 02:33:00,4216.37,4220.33,4215.26,4219.23,377
2026-06-12 02:34:00,4219.23,4219.28,4216.25,4216.76,204
2026-06-12 02:35:00,4216.76,4217.63,4215.73,4216.69,218
2026-06-12 02:36:00,4216.69,4218.01,4214.61,4216.55,357
2026-06-12 02:37:00,4216.55,4220.69,4216.19,4219.44,266
2026-06-12 02:38:00,4219.45,4220.15,4218.09,4218.72,266
2026-06-12 02:39:00,4218.68,4219.63,4216.36,4216.55,248
2026-06-12 02:40:00,4216.55,4217.48,4215.21,4217.17,232
2026-06-12 02:41:00,4217.17,4217.72,4214.66,4215.39,215
2026-06-12 02:42:00,4215.5,4218.0,4215.33,4217.57,253
2026-06-12 02:43:00,4217.57,4220.82,4217.57,4218.46,286
2026-06-12 02:44:00,4218.46,4220.14,4217.85,4219.43,243
2026-06-12 02:45:00,4219.44,4224.47,4219.41,4223.25,454
2026-06-12 02:46:00,4223.25,4223.92,4222.42,4222.51,350
2026-06-12 02:47:00,4222.51,4222.51,4219.22,4219.66,276
2026-06-12 02:48:00,4219.67,4220.38,4217.3,4217.87,252
2026-06-12 02:49:00,4217.87,4220.59,4217.37,4219.39,278
2026-06-12 02:50:00,4219.39,4222.72,4218.74,4222.67,307
2026-06-12 02:51:00,4222.67,4223.18,4218.15,4219.02,284
2026-06-12 02:52:00,4219.02,4221.14,4217.43,4217.96,326
2026-06-12 02:53:00,4217.96,4217.97,4215.23,4215.84,292
2026-06-12 02:54:00,4215.86,4218.04,4215.86,4216.4,319
2026-06-12 02:55:00,4216.4,4218.88,4216.23,4218.87,286
2026-06-12 02:56:00,4218.87,4222.02,4218.87,4221.61,363
2026-06-12 02:57:00,4221.59,4221.98,4220.23,4220.68,279
2026-06-12 02:58:00,4220.69,4221.32,4218.67,4218.84,312
2026-06-12 02:59:00,4218.81,4220.09,4218.4,4219.93,331
2026-06-12 03:00:00,4219.93,4222.57,4215.05,4215.1,527
2026-06-12 03:01:00,4215.1,4218.09,4212.65,4218.06,440
2026-06-12 03:02:00,4218.06,4220.59,4216.68,4218.29,416
2026-06-12 03:03:00,4218.29,4218.61,4215.17,4217.12,440
2026-06-12 03:04:00,4217.12,4220.34,4217.12,4219.17,424
2026-06-12 03:05:00,4219.17,4221.4,4216.96,4220.56,444
2026-06-12 03:06:00,4220.56,4223.48,4218.46,4222.11,416
2026-06-12 03:07:00,4222.11,4225.79,4221.3,4222.72,517
2026-06-12 03:08:00,4222.72,4223.39,4215.85,4216.34,409
2026-06-12 03:09:00,4216.34,4219.06,4216.33,4217.29,385
2026-06-12 03:10:00,4217.29,4218.96,4215.52,4216.78,371
2026-06-12 03:11:00,4216.78,4218.26,4216.13,4217.83,367
2026-06-12 03:12:00,4217.83,4218.05,4215.47,4217.52,387
2026-06-12 03:13:00,4217.5,4217.99,4215.97,4216.88,374
2026-06-12 03:14:00,4216.51,4217.98,4215.8,4216.91,380
2026-06-12 03:15:00,4216.9,4216.98,4207.42,4209.85,574
2026-06-12 03:16:00,4209.82,4212.92,4209.82,4211.61,423
2026-06-12 03:17:00,4211.61,4211.63,4208.21,4208.33,400
2026-06-12 03:18:00,4208.42,4212.08,4208.42,4210.24,395
2026-06-12 03:19:00,4210.24,4216.86,4209.7,4216.49,413
2026-06-12 03:20:00,4216.49,4217.27,4214.99,4215.4,347
2026-06-12 03:21:00,4215.37,4220.04,4215.36,4219.12,468
2026-06-12 03:22:00,4219.12,4220.69,4218.24,4219.56,336
2026-06-12 03:23:00,4219.57,4221.77,4217.46,4221.77,322
2026-06-12 03:24:00,4221.77,4224.42,4221.77,4224.03,367
2026-06-12 03:25:00,4224.03,4225.31,4220.9,4225.09,418
2026-06-12 03:26:00,4225.09,4230.52,4223.97,4227.66,449
2026-06-12 03:27:00,4227.66,4227.68,4222.27,4222.63,479
2026-06-12 03:28:00,4222.63,4223.08,4220.33,4222.2,381
2026-06-12 03:29:00,4222.2,4224.2,4220.38,4220.38,371
2026-06-12 03:30:00,4220.38,4227.92,4219.77,4227.62,444
2026-06-12 03:31:00,4227.62,4228.6,4226.64,4227.33,401
2026-06-12 03:32:00,4227.33,4227.74,4225.34,4227.17,312
2026-06-12 03:33:00,4227.16,4227.23,4222.78,4222.8,334
2026-06-12 03:34:00,4222.8,4222.8,4220.95,4221.57,322
2026-06-12 03:35:00,4221.57,4224.08,4219.69,4223.68,397
2026-06-12 03:36:00,4223.68,4223.68,4220.58,4220.82,316
2026-06-12 03:37:00,4220.82,4221.42,4215.96,4216.75,439
2026-06-12 03:38:00,4216.75,4217.72,4216.14,4216.91,413
2026-06-12 03:39:00,4216.96,4217.2,4214.17,4214.83,342
2026-06-12 03:40:00,4214.83,4215.0,4209.43,4211.43,472
2026-06-12 03:41:00,4211.43,4212.26,4210.3,4210.53,304
2026-06-12 03:42:00,4210.53,4211.63,4207.44,4207.91,425
2026-06-12 03:43:00,4207.91,4209.52,4207.18,4207.36,349
2026-06-12 03:44:00,4207.36,4208.07,4202.78,4203.99,545
2026-06-12 03:45:00,4203.99,4208.07,4203.87,4206.95,469
2026-06-12 03:46:00,4206.95,4207.05,4204.54,4204.7,406
2026-06-12 03:47:00,4204.7,4205.7,4202.66,4203.3,407
2026-06-12 03:48:00,4203.3,4203.31,4201.21,4202.4,369
2026-06-12 03:49:00,4202.41,4203.64,4201.39,4202.1,336
2026-06-12 03:50:00,4202.04,4204.67,4201.67,4202.17,422
2026-06-12 03:51:00,4202.17,4204.12,4200.85,4203.41,353
2026-06-12 03:52:00,4203.41,4205.53,4203.15,4204.99,323
2026-06-12 03:53:00,4204.99,4205.04,4202.44,4202.62,300
2026-06-12 03:54:00,4202.62,4203.33,4200.88,4200.88,371
2026-06-12 03:55:00,4200.9,4203.0,4200.82,4202.19,343
2026-06-12 03:56:00,4202.19,4203.46,4202.03,4202.95,325
2026-06-12 03:57:00,4202.91,4204.25,4201.95,4204.25,362
2026-06-12 03:58:00,4204.25,4205.07,4201.61,4202.43,374
2026-06-12 03:59:00,4202.43,4208.36,4202.4,4208.33,697
2026-06-12 04:00:00,4208.33,4210.96,4200.82,4203.08,895
2026-06-12 04:01:00,4203.08,4204.3,4196.26,4196.35,693
2026-06-12 04:02:00,4196.35,4198.39,4190.96,4191.97,680
2026-06-12 04:03:00,4191.97,4194.13,4187.78,4188.07,602
2026-06-12 04:04:00,4188.07,4188.62,4184.07,4184.65,598
2026-06-12 04:05:00,4184.65,4189.98,4182.95,4186.58,531
2026-06-12 04:06:00,4186.58,4192.36,4186.42,4191.01,438
2026-06-12 04:07:00,4191.1,4193.04,4189.41,4189.64,412
2026-06-12 04:08:00,4189.6,4191.65,4188.64,4188.64,399
2026-06-12 04:09:00,4188.64,4193.5,4188.64,4193.1,452
2026-06-12 04:10:00,4193.1,4193.17,4189.79,4190.08,450
2026-06-12 04:11:00,4190.1,4193.32,4188.07,4188.99,398
2026-06-12 04:12:00,4188.99,4193.03,4188.99,4192.15,470
2026-06-12 04:13:00,4192.15,4192.5,4184.89,4186.42,511
2026-06-12 04:14:00,4186.42,4189.97,4186.23,4187.1,378
2026-06-12 04:15:00,4187.1,4189.78,4186.89,4189.21,431
2026-06-12 04:16:00,4189.21,4193.88,4189.09,4191.43,419
2026-06-12 04:17:00,4191.43,4192.09,4187.74,4188.83,422
2026-06-12 04:18:00,4188.83,4189.53,4185.77,4188.11,394
2026-06-12 04:19:00,4188.05,4189.77,4186.63,4189.34,365
2026-06-12 04:20:00,4189.31,4191.47,4188.56,4190.42,481
2026-06-12 04:21:00,4190.42,4190.85,4189.17,4190.71,366
2026-06-12 04:22:00,4190.69,4191.46,4187.35,4188.91,437
2026-06-12 04:23:00,4188.91,4192.33,4188.48,4191.5,378
2026-06-12 04:24:00,4191.5,4191.97,4189.45,4189.45,380
2026-06-12 04:25:00,4189.45,4189.82,4183.78,4184.81,452
2026-06-12 04:26:00,4184.81,4185.41,4183.67,4184.3,360
2026-06-12 04:27:00,4184.3,4184.3,4179.36,4181.53,501
2026-06-12 04:28:00,4181.53,4183.53,4180.23,4180.27,419
2026-06-12 04:29:00,4180.34,4182.44,4179.99,4181.0,429
2026-06-12 04:30:00,4180.89,4186.79,4180.89,4184.57,561
2026-06-12 04:31:00,4184.6,4184.6,4180.69,4181.01,456
2026-06-12 04:32:00,4181.01,4182.76,4180.44,4180.95,445
2026-06-12 04:33:00,4180.95,4182.19,4178.96,4179.96,423
2026-06-12 04:34:00,4179.98,4181.46,4176.91,4179.92,472
2026-06-12 04:35:00,4179.91,4180.53,4177.09,4177.77,409
2026-06-12 04:36:00,4177.77,4177.78,4172.18,4172.37,541
2026-06-12 04:37:00,4172.37,4174.38,4171.42,4174.04,524
2026-06-12 04:38:00,4174.04,4174.89,4172.91,4174.84,398
2026-06-12 04:39:00,4174.85,4179.38,4174.79,4179.05,471
2026-06-12 04:40:00,4178.99,4180.82,4176.83,4176.93,501
2026-06-12 04:41:00,4176.93,4178.5,4176.7,4178.01,423
2026-06-12 04:42:00,4178.0,4180.69,4177.99,4180.34,464
2026-06-12 04:43:00,4180.34,4183.66,4179.8,4182.82,467
2026-06-12 04:44:00,4182.81,4182.87,4178.38,4179.43,453
2026-06-12 04:45:00,4179.43,4186.23,4179.28,4185.39,486
2026-06-12 04:46:00,4185.39,4189.2,4184.35,4188.61,500
2026-06-12 04:47:00,4188.61,4190.78,4187.48,4189.75,499
2026-06-12 04:48:00,4189.75,4189.88,4187.27,4189.52,523
2026-06-12 04:49:00,4189.53,4191.43,4189.26,4191.38,608
2026-06-12 04:50:00,4191.4,4191.41,4188.49,4188.65,363
2026-06-12 04:51:00,4188.65,4189.45,4187.43,4188.84,363
2026-06-12 04:52:00,4188.9,4191.03,4188.32,4190.8,354
2026-06-12 04:53:00,4190.82,4190.87,4187.36,4187.85,305
2026-06-12 04:54:00,4187.85,4189.81,4186.14,4186.41,373
2026-06-12 04:55:00,4186.41,4186.9,4184.28,4186.49,347
2026-06-12 04:56:00,4186.5,4189.72,4186.5,4189.02,411
2026-06-12 04:57:00,4189.02,4190.15,4187.78,4188.87,472
2026-06-12 04:58:00,4188.88,4189.09,4185.96,4187.06,434
2026-06-12 04:59:00,4187.06,4187.69,4186.43,4186.78,392
2026-06-12 05:00:00,4186.78,4187.77,4184.89,4185.68,433
2026-06-12 05:01:00,4185.72,4189.82,4183.77,4189.08,422
2026-06-12 05:02:00,4189.08,4193.94,4187.89,4193.06,502
2026-06-12 05:03:00,4193.06,4194.38,4191.47,4192.37,555
2026-06-12 05:04:00,4192.36,4193.4,4190.48,4191.29,346
2026-06-12 05:05:00,4191.32,4192.47,4190.84,4192.17,336
2026-06-12 05:06:00,4192.18,4193.4,4190.18,4193.16,382
2026-06-12 05:07:00,4193.16,4194.52,4192.43,4193.96,353
2026-06-12 05:08:00,4193.96,4195.71,4193.6,4194.34,371
2026-06-12 05:09:00,4194.34,4197.69,4193.26,4197.47,396
2026-06-12 05:10:00,4197.47,4200.07,4196.59,4199.25,397
2026-06-12 05:11:00,4199.25,4199.25,4194.45,4194.48,382
2026-06-12 05:12:00,4194.49,4195.35,4193.91,4194.4,470
2026-06-12 05:13:00,4194.4,4196.51,4194.32,4195.82,429
2026-06-12 05:14:00,4195.81,4195.81,4193.86,4193.9,380
2026-06-12 05:15:00,4193.85,4194.56,4192.82,4193.13,424
2026-06-12 05:16:00,4193.13,4193.44,4191.38,4192.61,356
2026-06-12 05:17:00,4192.62,4193.08,4191.77,4192.41,341
2026-06-12 05:18:00,4192.41,4192.94,4190.89,4191.38,349
2026-06-12 05:19:00,4191.38,4193.01,4190.89,4192.67,332
2026-06-12 05:20:00,4192.72,4193.51,4191.89,4193.33,291
2026-06-12 05:21:00,4193.33,4193.39,4191.47,4192.97,302
2026-06-12 05:22:00,4192.97,4193.44,4191.9,4192.45,333
2026-06-12 05:23:00,4192.45,4193.08,4191.64,4191.74,328
2026-06-12 05:24:00,4191.74,4192.45,4190.04,4191.11,335
2026-06-12 05:25:00,4191.11,4191.43,4190.02,4190.8,283
2026-06-12 05:26:00,4190.8,4191.29,4188.44,4188.52,328
2026-06-12 05:27:00,4188.52,4188.75,4186.58,4187.63,345
2026-06-12 05:28:00,4187.63,4190.61,4187.54,4190.16,252
2026-06-12 05:29:00,4190.19,4190.22,4187.89,4188.43,292
2026-06-12 05:30:00,4188.43,4189.35,4185.57,4186.37,613
2026-06-12 05:31:00,4186.37,4188.19,4185.01,4188.18,493
2026-06-12 05:32:00,4188.18,4188.63,4186.07,4186.58,314
2026-06-12 05:33:00,4186.59,4188.5,4185.45,4185.9,345
2026-06-12 05:34:00,4185.91,4185.98,4182.79,4182.99,401
2026-06-12 05:35:00,4182.99,4185.27,4182.7,4184.65,334
2026-06-12 05:36:00,4184.65,4186.68,4183.53,4186.68,363
2026-06-12 05:37:00,4186.68,4189.15,4186.68,4188.93,363
2026-06-12 05:38:00,4188.93,4193.22,4188.61,4190.07,426
2026-06-12 05:39:00,4190.07,4190.07,4188.04,4189.01,335
2026-06-12 05:40:00,4189.0,4190.36,4186.05,4186.49,355
2026-06-12 05:41:00,4186.38,4186.91,4186.01,4186.43,376
2026-06-12 05:42:00,4186.41,4187.17,4185.33,4185.5,322
2026-06-12 05:43:00,4185.5,4187.1,4184.55,4186.71,321
2026-06-12 05:44:00,4186.71,4186.71,4184.76,4186.16,288
2026-06-12 05:45:00,4186.16,4188.59,4185.8,4186.82,346
2026-06-12 05:46:00,4186.82,4187.19,4185.75,4185.82,313
2026-06-12 05:47:00,4185.94,4186.14,4183.65,4184.39,402
2026-06-12 05:48:00,4184.39,4187.03,4184.39,4187.02,330
2026-06-12 05:49:00,4187.02,4191.17,4186.93,4190.52,401
2026-06-12 05:50:00,4190.55,4191.46,4188.36,4189.01,348
2026-06-12 05:51:00,4189.01,4190.44,4188.58,4190.37,347
2026-06-12 05:52:00,4190.37,4192.43,4189.85,4191.64,376
2026-06-12 05:53:00,4191.63,4191.69,4188.35,4188.87,381
2026-06-12 05:54:00,4188.91,4189.4,4187.73,4188.76,347
2026-06-12 05:55:00,4188.76,4189.58,4187.94,4188.71,287
2026-06-12 05:56:00,4188.71,4189.85,4187.63,4188.95,316
2026-06-12 05:57:00,4188.95,4190.19,4188.43,4189.81,377
2026-06-12 05:58:00,4189.91,4191.76,4189.26,4191.73,306
2026-06-12 05:59:00,4191.73,4193.53,4190.85,4191.57,337
2026-06-12 06:00:00,4191.57,4192.78,4189.49,4191.76,431
2026-06-12 06:01:00,4191.77,4196.09,4191.55,4194.75,425
2026-06-12 06:02:00,4194.74,4195.09,4191.07,4192.06,426
2026-06-12 06:03:00,4192.06,4194.74,4192.03,4193.37,367
2026-06-12 06:04:00,4193.37,4194.12,4191.3,4191.85,320
2026-06-12 06:05:00,4191.84,4192.0,4190.56,4191.96,373
2026-06-12 06:06:00,4191.96,4194.99,4191.76,4194.1,307
2026-06-12 06:07:00,4194.09,4195.43,4193.36,4193.82,306
2026-06-12 06:08:00,4193.82,4193.82,4192.22,4192.8,312
2026-06-12 06:09:00,4192.8,4192.8,4191.75,4192.77,262
2026-06-12 06:10:00,4192.76,4193.32,4191.66,4191.85,275
2026-06-12 06:11:00,4191.87,4195.39,4191.84,4195.39,325
2026-06-12 06:12:00,4195.39,4196.12,4192.08,4192.58,321
2026-06-12 06:13:00,4192.58,4193.27,4191.31,4193.18,266
2026-06-12 06:14:00,4193.16,4194.34,4192.68,4193.93,279
2026-06-12 06:15:00,4193.93,4197.94,4193.67,4197.43,372
2026-06-12 06:16:00,4197.43,4198.82,4195.95,4197.5,358
2026-06-12 06:17:00,4197.53,4200.61,4197.53,4199.94,407
2026-06-12 06:18:00,4199.94,4201.31,4198.37,4200.45,399
2026-06-12 06:19:00,4200.45,4200.45,4195.99,4196.13,456
2026-06-12 06:20:00,4196.13,4196.55,4193.04,4193.25,387
2026-06-12 06:21:00,4193.25,4197.33,4193.18,4197.2,396
2026-06-12 06:22:00,4197.2,4197.8,4195.17,4195.33,368
2026-06-12 06:23:00,4195.32,4196.74,4194.99,4195.63,323
2026-06-12 06:24:00,4195.63,4199.13,4195.61,4197.47,407
2026-06-12 06:25:00,4197.47,4199.7,4196.63,4199.52,375
2026-06-12 06:26:00,4199.59,4200.42,4199.44,4200.04,362
2026-06-12 06:27:00,4200.04,4201.87,4198.87,4200.64,429
2026-06-12 06:28:00,4200.64,4201.81,4200.24,4201.51,432
2026-06-12 06:29:00,4201.44,4203.56,4201.01,4203.44,424
2026-06-12 06:30:00,4203.56,4203.86,4199.16,4201.01,435
2026-06-12 06:31:00,4200.78,4203.38,4199.68,4202.27,419
2026-06-12 06:32:00,4202.27,4203.05,4201.68,4202.86,404
2026-06-12 06:33:00,4202.86,4204.57,4201.39,4202.59,397
2026-06-12 06:34:00,4202.59,4203.83,4201.07,4203.62,367
2026-06-12 06:35:00,4203.62,4203.69,4201.01,4202.21,375
2026-06-12 06:36:00,4202.21,4202.44,4201.07,4201.35,286
2026-06-12 06:37:00,4201.36,4204.51,4201.06,4204.49,411
2026-06-12 06:38:00,4204.49,4204.77,4203.14,4203.17,346
2026-06-12 06:39:00,4203.19,4203.29,4201.6,4201.87,339
2026-06-12 06:40:00,4201.93,4204.4,4201.83,4203.08,362
2026-06-12 06:41:00,4203.08,4204.95,4203.03,4203.8,300
2026-06-12 06:42:00,4203.8,4203.81,4201.58,4201.98,227
2026-06-12 06:43:00,4201.98,4202.58,4200.17,4200.25,322
2026-06-12 06:44:00,4200.23,4200.84,4198.78,4199.31,273
2026-06-12 06:45:00,4199.31,4199.31,4196.47,4197.35,373
2026-06-12 06:46:00,4197.39,4197.86,4196.51,4197.13,228
2026-06-12 06:47:00,4197.14,4197.54,4195.78,4196.13,341
2026-06-12 06:48:00,4196.13,4197.63,4195.83,4196.44,339
2026-06-12 06:49:00,4196.43,4197.44,4195.47,4197.3,353
2026-06-12 06:50:00,4197.3,4198.77,4197.02,4197.69,380
2026-06-12 06:51:00,4197.69,4197.96,4196.98,4197.15,313
2026-06-12 06:52:00,4197.15,4197.32,4196.28,4196.39,233
2026-06-12 06:53:00,4196.39,4198.87,4196.31,4198.81,306
2026-06-12 06:54:00,4198.81,4201.05,4198.77,4200.4,225
2026-06-12 06:55:00,4200.4,4201.38,4200.01,4200.33,239
2026-06-12 06:56:00,4200.36,4200.73,4198.95,4200.39,276
2026-06-12 06:57:00,4200.39,4200.66,4198.67,4198.78,204
2026-06-12 06:58:00,4198.79,4199.28,4198.29,4199.03,270
2026-06-12 06:59:00,4199.04,4199.04,4196.71,4197.11,226
2026-06-12 07:00:00,4197.11,4197.44,4194.36,4194.63,277
2026-06-12 07:01:00,4194.63,4194.92,4192.81,4194.79,326
2026-06-12 07:02:00,4194.72,4197.67,4194.55,4197.56,246
2026-06-12 07:03:00,4197.56,4201.03,4197.56,4200.4,256
2026-06-12 07:04:00,4200.4,4200.41,4197.06,4197.06,295
2026-06-12 07:05:00,4197.03,4197.3,4194.38,4195.06,272
2026-06-12 07:06:00,4195.06,4195.48,4193.48,4194.26,265
2026-06-12 07:07:00,4194.25,4194.26,4192.01,4193.19,254
2026-06-12 07:08:00,4193.2,4196.45,4192.81,4195.78,324
2026-06-12 07:09:00,4195.78,4197.01,4195.52,4196.16,268
2026-06-12 07:10:00,4196.16,4196.59,4194.48,4195.43,286
2026-06-12 07:11:00,4195.43,4195.94,4193.51,4193.51,254
2026-06-12 07:12:00,4193.51,4194.1,4191.99,4193.74,269
2026-06-12 07:13:00,4193.74,4194.91,4193.41,4194.85,236
2026-06-12 07:14:00,4194.85,4195.15,4194.26,4194.35,240
2026-06-12 07:15:00,4194.3,4195.57,4194.26,4194.56,276
2026-06-12 07:16:00,4194.56,4194.59,4191.29,4191.87,287
2026-06-12 07:17:00,4191.89,4192.23,4190.33,4191.17,271
2026-06-12 07:18:00,4191.17,4191.9,4191.03,4191.13,181
2026-06-12 07:19:00,4191.13,4192.14,4190.82,4192.11,190
2026-06-12 07:20:00,4192.13,4192.22,4190.79,4192.15,218
2026-06-12 07:21:00,4192.15,4192.64,4191.58,4192.02,208
2026-06-12 07:22:00,4192.02,4192.02,4190.6,4191.74,188
2026-06-12 07:23:00,4191.74,4192.37,4191.56,4192.0,208
2026-06-12 07:24:00,4192.0,4193.52,4191.7,4193.21,203
2026-06-12 07:25:00,4193.23,4193.47,4192.2,4192.3,224
2026-06-12 07:26:00,4192.29,4193.19,4191.6,4193.01,260
2026-06-12 07:27:00,4193.1,4193.82,4192.54,4193.46,251
2026-06-12 07:28:00,4193.47,4193.91,4192.75,4193.89,201
2026-06-12 07:29:00,4193.91,4194.26,4191.7,4192.68,205
2026-06-12 07:30:00,4192.68,4193.82,4191.85,4192.78,240
2026-06-12 07:31:00,4192.79,4195.9,4192.08,4195.76,295
2026-06-12 07:32:00,4195.76,4197.12,4195.57,4196.53,239
2026-06-12 07:33:00,4196.53,4196.85,4195.83,4195.91,188
2026-06-12 07:34:00,4195.91,4196.96,4195.69,4195.73,207
2026-06-12 07:35:00,4195.73,4196.74,4193.98,4195.24,277
2026-06-12 07:36:00,4195.24,4196.46,4194.28,4195.94,270
2026-06-12 07:37:00,4195.94,4197.56,4195.81,4197.34,193
2026-06-12 07:38:00,4197.34,4198.42,4196.2,4196.58,200
2026-06-12 07:39:00,4196.58,4196.58,4193.64,4195.35,245
2026-06-12 07:40:00,4195.34,4195.54,4194.47,4195.16,199
2026-06-12 07:41:00,4195.16,4197.26,4194.91,4197.18,215
2026-06-12 07:42:00,4197.18,4197.27,4193.79,4193.81,206
2026-06-12 07:43:00,4193.81,4194.44,4193.59,4193.87,158
2026-06-12 07:44:00,4193.87,4194.05,4192.94,4193.43,163
2026-06-12 07:45:00,4193.44,4194.11,4193.02,4193.9,230
2026-06-12 07:46:00,4193.9,4194.27,4191.44,4191.69,286
2026-06-12 07:47:00,4191.69,4191.87,4190.04,4190.83,199
2026-06-12 07:48:00,4190.83,4192.08,4190.17,4190.51,261
2026-06-12 07:49:00,4190.51,4190.94,4189.93,4190.94,233
2026-06-12 07:50:00,4190.94,4192.06,4190.13,4191.36,352
2026-06-12 07:51:00,4191.36,4192.04,4190.69,4190.84,213
2026-06-12 07:52:00,4190.84,4192.87,4190.53,4191.71,228
2026-06-12 07:53:00,4191.72,4192.29,4191.2,4191.6,201
2026-06-12 07:54:00,4191.6,4192.5,4191.32,4192.31,195
2026-06-12 07:55:00,4192.31,4192.99,4191.13,4191.22,232
2026-06-12 07:56:00,4191.22,4192.96,4190.85,4192.27,268
2026-06-12 07:57:00,4192.27,4192.62,4191.63,4191.63,214
2026-06-12 07:58:00,4191.59,4191.61,4189.62,4189.65,197
2026-06-12 07:59:00,4189.65,4190.76,4189.58,4190.0,238
2026-06-12 08:00:00,4190.02,4193.03,4189.72,4192.15,430
2026-06-12 08:01:00,4192.22,4192.34,4189.94,4190.29,292
2026-06-12 08:02:00,4190.29,4191.04,4189.07,4189.37,268
2026-06-12 08:03:00,4189.37,4189.61,4187.79,4188.66,292
2026-06-12 08:04:00,4188.66,4188.97,4187.35,4187.9,269
2026-06-12 08:05:00,4187.9,4189.24,4187.52,4188.13,253
2026-06-12 08:06:00,4188.11,4190.53,4187.96,4189.4,278
2026-06-12 08:07:00,4189.4,4189.63,4187.57,4187.62,237
2026-06-12 08:08:00,4187.61,4187.65,4185.83,4185.93,299
2026-06-12 08:09:00,4185.93,4186.43,4185.21,4185.26,293
2026-06-12 08:10:00,4185.26,4186.01,4184.7,4185.12,293
2026-06-12 08:11:00,4185.12,4185.12,4182.11,4182.77,379
2026-06-12 08:12:00,4182.78,4186.24,4181.88,4186.03,358
2026-06-12 08:13:00,4186.03,4187.96,4186.01,4187.0,377
2026-06-12 08:14:00,4187.0,4189.94,4187.0,4188.68,297
2026-06-12 08:15:00,4188.81,4189.44,4188.07,4188.41,253
2026-06-12 08:16:00,4188.37,4189.01,4187.09,4187.23,206
2026-06-12 08:17:00,4187.23,4187.58,4184.99,4186.11,282
2026-06-12 08:18:00,4186.11,4186.72,4184.82,4186.16,270
2026-06-12 08:19:00,4186.16,4186.96,4185.72,4186.09,214
2026-06-12 08:20:00,4186.09,4188.65,4186.08,4188.27,296
2026-06-12 08:21:00,4188.25,4188.25,4186.96,4187.06,257
2026-06-12 08:22:00,4187.06,4188.91,4186.97,4188.74,243
2026-06-12 08:23:00,4188.74,4189.2,4186.97,4186.97,247
2026-06-12 08:24:00,4186.98,4188.21,4186.96,4187.08,246
2026-06-12 08:25:00,4187.08,4188.48,4186.72,4188.39,279
2026-06-12 08:26:00,4188.39,4189.6,4187.58,4188.15,301
2026-06-12 08:27:00,4188.14,4188.22,4186.01,4186.46,288
2026-06-12 08:28:00,4186.46,4187.35,4185.94,4187.26,298
2026-06-12 08:29:00,4187.28,4187.53,4186.25,4187.03,379
2026-06-12 08:30:00,4187.03,4187.74,4183.25,4186.17,643
2026-06-12 08:31:00,4186.17,4187.6,4184.68,4185.2,454
2026-06-12 08:32:00,4185.2,4185.35,4181.37,4182.14,445
2026-06-12 08:33:00,4182.14,4183.46,4181.44,4183.34,512
2026-06-12 08:34:00,4183.34,4183.34,4178.03,4180.3,609
2026-06-12 08:35:00,4180.3,4180.3,4176.36,4177.91,485
2026-06-12 08:36:00,4177.89,4179.37,4177.03,4178.02,447
2026-06-12 08:37:00,4178.02,4178.26,4175.72,4176.22,445
2026-06-12 08:38:00,4176.22,4178.21,4175.38,4176.95,516
2026-06-12 08:39:00,4176.95,4177.35,4172.56,4174.97,476
2026-06-12 08:40:00,4174.97,4178.25,4174.31,4176.91,416
2026-06-12 08:41:00,4176.91,4178.4,4175.85,4176.92,441
2026-06-12 08:42:00,4176.92,4179.38,4176.29,4178.18,449
2026-06-12 08:43:00,4178.18,4180.32,4178.09,4179.68,424
2026-06-12 08:44:00,4179.68,4181.14,4178.88,4180.53,420
2026-06-12 08:45:00,4180.53,4181.02,4176.38,4177.77,404
2026-06-12 08:46:00,4177.77,4178.87,4177.27,4177.52,352
2026-06-12 08:47:00,4177.52,4178.25,4176.15,4177.22,352
2026-06-12 08:48:00,4177.22,4180.31,4176.47,4180.21,372
2026-06-12 08:49:00,4180.21,4180.25,4177.84,4179.25,404
2026-06-12 08:50:00,4179.39,4180.1,4173.42,4173.42,474
2026-06-12 08:51:00,4173.43,4177.86,4172.93,4177.06,491
2026-06-12 08:52:00,4177.06,4179.66,4176.12,4176.12,461
2026-06-12 08:53:00,4176.12,4177.53,4175.73,4176.12,432
2026-06-12 08:54:00,4176.12,4176.8,4174.63,4175.37,388
2026-06-12 08:55:00,4175.37,4175.63,4174.31,4174.61,394
2026-06-12 08:56:00,4174.61,4175.93,4173.37,4175.5,368
2026-06-12 08:57:00,4175.5,4176.9,4174.86,4174.89,334
2026-06-12 08:58:00,4174.89,4174.92,4170.58,4172.18,488
2026-06-12 08:59:00,4172.18,4173.22,4171.77,4173.22,328
2026-06-12 09:00:00,4173.22,4178.84,4173.14,4177.87,653
2026-06-12 09:01:00,4177.89,4178.83,4176.35,4178.44,445
2026-06-12 09:02:00,4178.44,4181.69,4177.32,4181.08,494
2026-06-12 09:03:00,4181.08,4183.14,4180.84,4182.96,456
2026-06-12 09:04:00,4182.96,4183.12,4180.98,4181.14,383
2026-06-12 09:05:00,4181.14,4183.65,4180.77,4182.91,414
2026-06-12 09:06:00,4182.94,4184.27,4179.79,4180.81,469
2026-06-12 09:07:00,4180.81,4181.45,4178.73,4180.91,403
2026-06-12 09:08:00,4180.93,4182.14,4179.81,4182.14,460
2026-06-12 09:09:00,4182.14,4182.14,4180.38,4181.79,279
2026-06-12 09:10:00,4181.79,4184.39,4181.5,4184.37,312
2026-06-12 09:11:00,4184.38,4185.16,4182.64,4184.02,420
2026-06-12 09:12:00,4184.02,4185.46,4183.14,4185.46,329
2026-06-12 09:13:00,4185.46,4185.62,4184.2,4184.89,330
2026-06-12 09:14:00,4184.89,4184.99,4182.7,4182.91,321
2026-06-12 09:15:00,4182.91,4183.22,4179.55,4181.23,381
2026-06-12 09:16:00,4181.21,4182.84,4180.76,4182.55,395
2026-06-12 09:17:00,4182.55,4182.76,4181.78,4182.21,335
2026-06-12 09:18:00,4182.21,4182.63,4181.08,4181.13,302
2026-06-12 09:19:00,4181.17,4182.4,4180.5,4180.67,357
2026-06-12 09:20:00,4180.67,4182.76,4180.64,4181.39,374
2026-06-12 09:21:00,4181.39,4181.44,4179.09,4179.6,402
2026-06-12 09:22:00,4179.6,4182.11,4178.93,4181.71,347
2026-06-12 09:23:00,4181.71,4182.09,4181.02,4181.53,327
2026-06-12 09:24:00,4181.53,4181.68,4179.92,4180.38,284
2026-06-12 09:25:00,4180.38,4181.51,4179.93,4181.51,391
2026-06-12 09:26:00,4181.51,4182.05,4181.33,4182.01,310
2026-06-12 09:27:00,4182.01,4182.01,4179.45,4180.55,321
2026-06-12 09:28:00,4180.55,4182.07,4180.16,4181.42,363
2026-06-12 09:29:00,4181.42,4182.59,4180.98,4182.09,357
2026-06-12 09:30:00,4182.02,4182.54,4178.81,4180.14,447
2026-06-12 09:31:00,4180.22,4181.09,4178.66,4178.7,328
2026-06-12 09:32:00,4178.7,4178.7,4175.49,4177.78,399
2026-06-12 09:33:00,4177.78,4178.77,4176.72,4176.74,353
2026-06-12 09:34:00,4176.74,4177.99,4176.2,4177.47,357
2026-06-12 09:35:00,4177.47,4180.45,4175.97,4180.0,412
2026-06-12 09:36:00,4179.97,4181.33,4179.52,4179.53,418
2026-06-12 09:37:00,4179.57,4179.92,4177.03,4177.19,327
2026-06-12 09:38:00,4177.19,4179.43,4177.19,4178.53,402
2026-06-12 09:39:00,4178.53,4179.24,4177.0,4177.91,351
2026-06-12 09:40:00,4177.92,4178.6,4175.08,4175.36,348
2026-06-12 09:41:00,4175.36,4178.93,4174.39,4178.73,345
2026-06-12 09:42:00,4178.76,4178.76,4176.51,4176.51,307
2026-06-12 09:43:00,4176.49,4176.6,4172.5,4172.66,379
2026-06-12 09:44:00,4172.66,4177.3,4172.34,4176.57,345
2026-06-12 09:45:00,4176.55,4177.49,4176.09,4176.42,258
2026-06-12 09:46:00,4176.42,4177.52,4175.88,4176.88,368
2026-06-12 09:47:00,4176.94,4177.29,4175.06,4177.18,306
2026-06-12 09:48:00,4177.15,4177.29,4175.95,4176.44,265
2026-06-12 09:49:00,4176.44,4176.59,4174.25,4176.2,503
2026-06-12 09:50:00,4176.2,4178.98,4176.1,4178.56,352
2026-06-12 09:51:00,4178.56,4180.78,4178.39,4178.82,341
2026-06-12 09:52:00,4178.82,4179.14,4177.3,4177.5,291
2026-06-12 09:53:00,4177.5,4179.71,4177.26,4179.28,413
2026-06-12 09:54:00,4179.28,4180.13,4178.32,4178.43,360
2026-06-12 09:55:00,4178.43,4178.57,4177.09,4178.03,314
2026-06-12 09:56:00,4178.03,4180.02,4177.91,4179.52,314
2026-06-12 09:57:00,4179.52,4180.83,4178.98,4180.74,354
2026-06-12 09:58:00,4180.71,4183.28,4180.27,4183.04,353
2026-06-12 09:59:00,4183.05,4184.85,4182.47,4184.22,354
2026-06-12 10:00:00,4184.22,4184.92,4181.61,4182.76,394
2026-06-12 10:01:00,4182.76,4184.38,4181.41,4181.75,355
2026-06-12 10:02:00,4181.78,4182.91,4180.11,4180.13,405
2026-06-12 10:03:00,4180.13,4180.89,4178.33,4178.7,358
2026-06-12 10:04:00,4178.7,4178.7,4176.04,4178.27,348
2026-06-12 10:05:00,4178.27,4180.11,4177.61,4178.88,357
2026-06-12 10:06:00,4178.88,4179.67,4177.78,4179.61,305
2026-06-12 10:07:00,4179.61,4181.98,4179.33,4181.01,317
2026-06-12 10:08:00,4181.01,4181.27,4179.5,4180.9,326
2026-06-12 10:09:00,4180.9,4181.64,4180.21,4180.77,400
2026-06-12 10:10:00,4180.78,4182.76,4180.57,4180.82,368
2026-06-12 10:11:00,4180.82,4181.03,4178.14,4179.09,334
2026-06-12 10:12:00,4179.09,4180.41,4178.64,4178.73,312
2026-06-12 10:13:00,4178.73,4181.69,4178.56,4178.73,417
2026-06-12 10:14:00,4178.73,4179.16,4177.71,4178.24,329
2026-06-12 10:15:00,4178.22,4178.58,4176.2,4177.19,425
2026-06-12 10:16:00,4177.19,4178.93,4176.51,4178.51,432
2026-06-12 10:17:00,4178.55,4178.96,4175.26,4176.19,506
2026-06-12 10:18:00,4176.19,4176.53,4174.25,4174.33,422
2026-06-12 10:19:00,4174.39,4177.3,4173.98,4177.3,335
2026-06-12 10:20:00,4177.31,4178.14,4176.6,4177.76,309
2026-06-12 10:21:00,4177.76,4179.11,4176.77,4177.09,349
2026-06-12 10:22:00,4177.09,4177.67,4175.59,4176.26,320
2026-06-12 10:23:00,4176.26,4177.79,4176.13,4177.76,245
2026-06-12 10:24:00,4177.74,4178.85,4177.51,4178.1,352
2026-06-12 10:25:00,4178.1,4178.71,4177.1,4178.36,329
2026-06-12 10:26:00,4178.36,4179.35,4177.91,4179.11,276
2026-06-12 10:27:00,4179.11,4179.98,4178.68,4179.72,232
2026-06-12 10:28:00,4179.72,4180.08,4177.08,4178.88,300
2026-06-12 10:29:00,4178.86,4179.04,4173.96,4174.19,265
2026-06-12 10:30:00,4174.19,4175.18,4173.6,4174.4,321
2026-06-12 10:31:00,4174.4,4175.84,4174.39,4174.94,378
2026-06-12 10:32:00,4174.94,4174.94,4172.19,4172.75,318
2026-06-12 10:33:00,4172.75,4172.8,4170.16,4172.45,459
2026-06-12 10:34:00,4172.45,4174.19,4172.11,4173.74,372
2026-06-12 10:35:00,4173.85,4177.78,4173.85,4177.08,432
2026-06-12 10:36:00,4177.08,4178.87,4177.04,4178.42,482
2026-06-12 10:37:00,4178.42,4178.7,4177.4,4177.81,337
2026-06-12 10:38:00,4177.81,4178.66,4176.08,4176.64,305
2026-06-12 10:39:00,4176.73,4179.43,4176.33,4178.67,340
2026-06-12 10:40:00,4178.79,4181.33,4178.74,4180.87,388
2026-06-12 10:41:00,4180.87,4181.32,4179.44,4179.49,288
2026-06-12 10:42:00,4179.49,4181.08,4179.32,4180.38,280
2026-06-12 10:43:00,4180.38,4183.05,4180.27,4182.97,309
2026-06-12 10:44:00,4182.97,4184.75,4182.36,4183.07,369
2026-06-12 10:45:00,4183.07,4183.67,4180.3,4180.39,299
2026-06-12 10:46:00,4180.39,4182.4,4180.23,4182.19,276
2026-06-12 10:47:00,4182.19,4182.9,4178.79,4178.92,281
2026-06-12 10:48:00,4178.92,4179.07,4177.51,4177.52,229
2026-06-12 10:49:00,4177.52,4177.57,4174.46,4175.26,334
2026-06-12 10:50:00,4175.26,4177.05,4175.01,4176.82,282
2026-06-12 10:51:00,4176.82,4177.63,4176.82,4177.25,278
2026-06-12 10:52:00,4177.25,4178.31,4175.54,4175.54,326
2026-06-12 10:53:00,4175.54,4176.54,4174.72,4175.94,286
2026-06-12 10:54:00,4175.94,4176.22,4173.87,4175.7,259
2026-06-12 10:55:00,4175.7,4179.45,4175.49,4178.07,345
2026-06-12 10:56:00,4178.07,4189.11,4175.66,4182.33,428
2026-06-12 10:57:00,4182.33,4185.15,4179.43,4181.81,652
2026-06-12 10:58:00,4181.81,4186.34,4179.87,4185.2,604
2026-06-12 10:59:00,4185.28,4194.33,4184.75,4194.25,591
2026-06-12 11:00:00,4194.25,4195.69,4192.04,4193.72,266
2026-06-12 11:01:00,4193.72,4198.52,4192.85,4197.14,566
2026-06-12 11:02:00,4197.13,4200.37,4197.11,4198.91,624
2026-06-12 11:03:00,4198.91,4201.02,4197.95,4200.77,597
2026-06-12 11:04:00,4200.77,4202.96,4197.04,4197.95,475
2026-06-12 11:05:00,4197.96,4198.65,4195.28,4197.14,466
2026-06-12 11:06:00,4197.14,4198.05,4195.88,4196.94,428
2026-06-12 11:07:00,4196.93,4198.54,4195.68,4198.27,382
2026-06-12 11:08:00,4198.27,4199.8,4196.77,4199.55,399
2026-06-12 11:09:00,4199.55,4203.65,4198.77,4202.0,429
2026-06-12 11:10:00,4202.0,4203.79,4201.49,4202.54,451
2026-06-12 11:11:00,4202.55,4204.13,4201.36,4203.61,428
2026-06-12 11:12:00,4203.61,4204.1,4202.85,4203.57,360
2026-06-12 11:13:00,4203.57,4204.96,4202.61,4203.96,381
2026-06-12 11:14:00,4203.96,4204.06,4201.52,4203.84,392
2026-06-12 11:15:00,4203.84,4205.37,4199.42,4200.95,454
2026-06-12 11:16:00,4200.95,4207.03,4200.82,4206.28,474
2026-06-12 11:17:00,4206.37,4211.84,4204.71,4211.12,537
2026-06-12 11:18:00,4211.29,4218.8,4209.11,4218.67,628
2026-06-12 11:19:00,4218.65,4219.89,4215.09,4218.09,574
2026-06-12 11:20:00,4218.09,4220.56,4212.74,4213.57,708
2026-06-12 11:21:00,4213.57,4217.45,4212.73,4217.09,528
2026-06-12 11:22:00,4217.09,4220.26,4216.91,4217.77,726
2026-06-12 11:23:00,4217.77,4218.71,4214.45,4217.04,723
2026-06-12 11:24:00,4217.04,4218.65,4216.13,4218.24,606
2026-06-12 11:25:00,4218.24,4219.05,4214.47,4214.94,583
2026-06-12 11:26:00,4214.94,4214.94,4211.94,4212.09,558
2026-06-12 11:27:00,4212.09,4215.44,4211.88,4213.99,512
2026-06-12 11:28:00,4213.99,4214.62,4211.32,4212.65,473
2026-06-12 11:29:00,4212.65,4213.46,4211.89,4213.06,424
2026-06-12 11:30:00,4213.07,4215.3,4212.94,4214.71,477
2026-06-12 11:31:00,4214.71,4217.94,4214.49,4217.32,504
2026-06-12 11:32:00,4217.32,4218.58,4216.7,4218.36,468
2026-06-12 11:33:00,4218.36,4219.99,4216.44,4219.73,447
2026-06-12 11:34:00,4219.73,4220.09,4217.26,4218.34,512
2026-06-12 11:35:00,4218.06,4218.23,4215.41,4216.16,475
2026-06-12 11:36:00,4216.16,4218.08,4216.0,4217.43,439
2026-06-12 11:37:00,4217.43,4219.63,4216.76,4219.42,371
2026-06-12 11:38:00,4219.42,4221.73,4219.06,4221.26,480
2026-06-12 11:39:00,4221.26,4222.49,4219.67,4220.97,602
2026-06-12 11:40:00,4220.97,4221.12,4213.01,4213.36,469
2026-06-12 11:41:00,4213.35,4214.98,4211.86,4212.33,446
2026-06-12 11:42:00,4212.33,4219.33,4212.04,4218.28,494
2026-06-12 11:43:00,4218.28,4219.64,4215.68,4216.99,463
2026-06-12 11:44:00,4216.99,4218.75,4216.89,4218.34,403
2026-06-12 11:45:00,4218.33,4220.05,4216.04,4216.13,437
2026-06-12 11:46:00,4216.13,4218.67,4216.13,4218.66,395
2026-06-12 11:47:00,4218.72,4220.26,4218.47,4218.72,384
2026-06-12 11:48:00,4218.72,4218.79,4214.67,4215.52,373
2026-06-12 11:49:00,4215.52,4218.59,4214.69,4218.48,349
2026-06-12 11:50:00,4218.47,4218.85,4216.32,4216.72,333
2026-06-12 11:51:00,4216.72,4218.6,4216.14,4218.37,352
2026-06-12 11:52:00,4218.37,4220.75,4218.13,4219.99,349
2026-06-12 11:53:00,4219.99,4220.43,4218.82,4220.04,346
2026-06-12 11:54:00,4220.04,4222.26,4219.9,4221.68,358
2026-06-12 11:55:00,4221.78,4225.08,4220.94,4224.18,357
2026-06-12 11:56:00,4224.18,4225.99,4223.79,4224.23,409
2026-06-12 11:57:00,4224.23,4224.44,4222.22,4222.34,340
2026-06-12 11:58:00,4222.34,4222.78,4220.59,4220.93,371
2026-06-12 11:59:00,4220.93,4221.64,4219.41,4219.64,356
2026-06-12 12:00:00,4219.64,4220.33,4217.42,4219.11,352
2026-06-12 12:01:00,4219.11,4221.26,4218.86,4220.3,378
2026-06-12 12:02:00,4220.3,4222.11,4219.68,4222.02,398
2026-06-12 12:03:00,4222.02,4222.41,4221.06,4221.59,381
2026-06-12 12:04:00,4221.59,4222.77,4221.08,4221.5,393
2026-06-12 12:05:00,4221.5,4223.92,4220.43,4222.72,452
2026-06-12 12:06:00,4222.72,4223.97,4222.42,4223.28,316
2026-06-12 12:07:00,4223.28,4223.65,4220.86,4221.61,326
2026-06-12 12:08:00,4221.61,4221.86,4219.55,4221.46,376
2026-06-12 12:09:00,4221.46,4223.21,4221.06,4223.17,315
2026-06-12 12:10:00,4223.17,4223.55,4222.08,4222.34,314
2026-06-12 12:11:00,4222.34,4224.52,4222.33,4223.92,345
2026-06-12 12:12:00,4223.92,4224.25,4223.29,4223.42,426
2026-06-12 12:13:00,4223.42,4223.42,4221.79,4222.4,237
2026-06-12 12:14:00,4222.4,4225.17,4221.82,4224.13,355
2026-06-12 12:15:00,4224.13,4224.8,4222.34,4222.94,423
2026-06-12 12:16:00,4222.94,4226.8,4220.92,4226.06,585
2026-06-12 12:17:00,4226.06,4226.36,4223.85,4225.36,455
2026-06-12 12:18:00,4225.23,4225.99,4223.45,4224.67,434
2026-06-12 12:19:00,4224.68,4226.63,4222.88,4223.44,445
2026-06-12 12:20:00,4223.44,4225.17,4222.06,4224.86,358
2026-06-12 12:21:00,4224.86,4225.61,4222.42,4222.42,440
2026-06-12 12:22:00,4222.42,4222.82,4219.05,4220.14,445
2026-06-12 12:23:00,4220.18,4222.11,4220.11,4221.16,337
2026-06-12 12:24:00,4221.16,4223.42,4220.94,4222.08,331
2026-06-12 12:25:00,4222.15,4223.18,4221.36,4222.12,305
2026-06-12 12:26:00,4222.12,4225.01,4222.12,4225.01,363
2026-06-12 12:27:00,4224.92,4225.83,4221.63,4221.72,362
2026-06-12 12:28:00,4221.74,4224.96,4221.69,4223.94,442
2026-06-12 12:29:00,4223.94,4223.95,4219.4,4220.88,370
2026-06-12 12:30:00,4220.88,4223.37,4219.25,4222.5,421
2026-06-12 12:31:00,4222.51,4223.51,4220.88,4222.49,501
2026-06-12 12:32:00,4222.49,4223.22,4220.99,4221.97,462
2026-06-12 12:33:00,4221.97,4223.76,4221.89,4223.45,378
2026-06-12 12:34:00,4223.45,4226.14,4223.45,4225.81,350
2026-06-12 12:35:00,4225.96,4226.27,4224.85,4226.04,355
2026-06-12 12:36:00,4226.04,4226.97,4224.37,4224.39,357
2026-06-12 12:37:00,4224.39,4224.43,4221.47,4222.47,341
2026-06-12 12:38:00,4222.47,4223.6,4221.91,4223.45,337
2026-06-12 12:39:00,4223.45,4224.23,4222.79,4223.13,343
2026-06-12 12:40:00,4223.13,4226.34,4222.92,4226.09,355
2026-06-12 12:41:00,4226.1,4226.88,4225.31,4226.27,341
2026-06-12 12:42:00,4226.27,4227.86,4226.03,4227.52,265
2026-06-12 12:43:00,4227.52,4227.65,4224.61,4226.79,375
2026-06-12 12:44:00,4226.79,4227.24,4225.14,4225.26,269
2026-06-12 12:45:00,4225.26,4225.59,4223.86,4224.97,340
2026-06-12 12:46:00,4224.97,4226.13,4224.45,4225.22,339
2026-06-12 12:47:00,4225.22,4227.66,4225.13,4226.57,354
2026-06-12 12:48:00,4226.57,4227.97,4225.23,4225.72,336
2026-06-12 12:49:00,4225.72,4226.29,4223.48,4223.93,382
2026-06-12 12:50:00,4223.93,4224.37,4223.24,4223.93,380
2026-06-12 12:51:00,4223.93,4224.22,4221.5,4224.01,359
2026-06-12 12:52:00,4224.01,4224.63,4223.05,4223.71,299
2026-06-12 12:53:00,4223.8,4224.5,4222.76,4224.01,348
2026-06-12 12:54:00,4224.01,4224.42,4222.7,4223.43,305
2026-06-12 12:55:00,4223.43,4224.9,4223.24,4224.41,312
2026-06-12 12:56:00,4224.42,4224.94,4224.16,4224.65,307
2026-06-12 12:57:00,4224.65,4225.41,4223.19,4224.12,309
2026-06-12 12:58:00,4224.11,4224.11,4223.05,4223.86,294
2026-06-12 12:59:00,4223.84,4223.97,4221.45,4221.83,346
2026-06-12 13:00:00,4221.83,4221.99,4218.91,4219.87,414
2026-06-12 13:01:00,4219.87,4222.26,4219.87,4221.95,289
2026-06-12 13:02:00,4221.93,4223.48,4221.67,4222.41,309
2026-06-12 13:03:00,4222.41,4224.52,4222.01,4224.31,320
2026-06-12 13:04:00,4224.31,4224.5,4221.68,4221.68,276
2026-06-12 13:05:00,4221.75,4222.55,4220.24,4221.92,299
2026-06-12 13:06:00,4221.92,4224.43,4221.79,4224.19,240
2026-06-12 13:07:00,4224.19,4225.01,4223.48,4224.81,240
2026-06-12 13:08:00,4224.81,4225.64,4224.77,4225.19,201
2026-06-12 13:09:00,4225.19,4225.49,4224.27,4224.75,248
2026-06-12 13:10:00,4224.75,4224.92,4223.81,4224.66,262
2026-06-12 13:11:00,4224.66,4224.76,4221.45,4222.38,366
2026-06-12 13:12:00,4222.38,4222.76,4220.28,4220.72,323
2026-06-12 13:13:00,4220.72,4222.13,4220.04,4221.9,290
2026-06-12 13:14:00,4221.9,4222.23,4220.78,4221.42,335
2026-06-12 13:15:00,4221.42,4222.23,4218.79,4220.72,396
2026-06-12 13:16:00,4220.74,4220.94,4219.97,4220.39,408
2026-06-12 13:17:00,4220.39,4220.49,4216.27,4216.27,335
2026-06-12 13:18:00,4216.27,4217.62,4215.31,4215.67,484
2026-06-12 13:19:00,4215.7,4217.77,4215.14,4217.77,365
2026-06-12 13:20:00,4217.7,4217.77,4215.17,4215.29,315
2026-06-12 13:21:00,4215.29,4215.99,4213.71,4213.81,388
2026-06-12 13:22:00,4213.8,4214.68,4210.74,4211.59,449
2026-06-12 13:23:00,4211.59,4214.0,4211.1,4213.9,329
2026-06-12 13:24:00,4213.9,4215.13,4213.36,4213.49,294
2026-06-12 13:25:00,4213.49,4214.25,4207.35,4207.5,507
2026-06-12 13:26:00,4207.5,4207.74,4203.74,4204.76,515
2026-06-12 13:27:00,4204.76,4206.07,4203.82,4205.18,372
2026-06-12 13:28:00,4205.18,4205.32,4202.79,4205.13,448
2026-06-12 13:29:00,4205.13,4207.47,4204.81,4206.8,552
2026-06-12 13:30:00,4206.8,4210.21,4206.53,4209.7,509
2026-06-12 13:31:00,4209.72,4212.66,4209.29,4212.34,407
2026-06-12 13:32:00,4212.32,4218.6,4212.0,4218.54,597
2026-06-12 13:33:00,4218.54,4218.73,4215.5,4215.81,524
2026-06-12 13:34:00,4215.81,4216.29,4214.66,4214.69,397
2026-06-12 13:35:00,4214.69,4215.58,4214.41,4214.58,450
2026-06-12 13:36:00,4214.58,4215.01,4214.22,4214.75,339
2026-06-12 13:37:00,4214.75,4215.97,4214.53,4215.46,421
2026-06-12 13:38:00,4215.46,4216.34,4214.88,4214.94,308
2026-06-12 13:39:00,4214.94,4215.84,4214.61,4215.54,287
2026-06-12 13:40:00,4215.54,4216.52,4215.54,4216.05,292
2026-06-12 13:41:00,4216.05,4216.37,4215.59,4216.16,263
2026-06-12 13:42:00,4216.16,4216.18,4214.57,4215.9,263
2026-06-12 13:43:00,4215.91,4217.35,4214.88,4215.21,298
2026-06-12 13:44:00,4215.21,4216.01,4214.47,4215.36,247
2026-06-12 13:45:00,4215.28,4215.44,4214.23,4214.6,266
2026-06-12 13:46:00,4214.6,4216.82,4214.57,4215.9,305
2026-06-12 13:47:00,4215.79,4217.47,4215.09,4217.28,305
2026-06-12 13:48:00,4217.28,4218.73,4216.71,4217.98,355
2026-06-12 13:49:00,4217.97,4218.2,4215.44,4215.6,277
2026-06-12 13:50:00,4215.6,4216.17,4214.7,4215.25,391
2026-06-12 13:51:00,4215.26,4215.33,4213.64,4213.64,238
2026-06-12 13:52:00,4213.64,4214.15,4212.79,4212.83,309
2026-06-12 13:53:00,4212.83,4214.03,4212.36,4213.16,276
2026-06-12 13:54:00,4213.16,4213.34,4212.61,4213.16,263
2026-06-12 13:55:00,4213.18,4213.24,4210.97,4212.1,377
2026-06-12 13:56:00,4212.14,4212.81,4210.64,4210.67,279
2026-06-12 13:57:00,4210.48,4210.84,4209.31,4210.75,333
2026-06-12 13:58:00,4210.75,4215.46,4210.72,4210.79,378
2026-06-12 13:59:00,4210.78,4211.58,4210.37,4210.8,314
2026-06-12 14:00:00,4210.82,4212.07,4210.04,4210.96,396
2026-06-12 14:01:00,4210.97,4211.87,4210.23,4210.82,329
2026-06-12 14:02:00,4210.88,4211.42,4209.33,4209.86,351
2026-06-12 14:03:00,4209.86,4210.51,4208.96,4209.68,274
2026-06-12 14:04:00,4209.68,4209.91,4205.73,4206.2,385
2026-06-12 14:05:00,4206.2,4207.77,4205.13,4207.47,384
2026-06-12 14:06:00,4207.47,4207.53,4205.24,4206.94,396
2026-06-12 14:07:00,4206.94,4208.69,4206.69,4208.61,356
2026-06-12 14:08:00,4208.61,4209.1,4207.87,4208.02,298
2026-06-12 14:09:00,4208.02,4208.61,4207.46,4207.64,251
2026-06-12 14:10:00,4207.64,4208.33,4207.01,4207.56,291
2026-06-12 14:11:00,4207.56,4207.63,4205.35,4206.41,359
2026-06-12 14:12:00,4206.41,4207.82,4205.6,4206.88,325
2026-06-12 14:13:00,4206.88,4207.21,4206.27,4206.8,268
2026-06-12 14:14:00,4206.74,4207.49,4206.42,4207.41,392
2026-06-12 14:15:00,4207.37,4207.99,4206.65,4206.81,304
2026-06-12 14:16:00,4206.79,4206.93,4205.0,4206.49,289
2026-06-12 14:17:00,4206.49,4207.49,4205.88,4207.31,290
2026-06-12 14:18:00,4207.31,4207.34,4203.81,4205.12,349
2026-06-12 14:19:00,4205.11,4206.3,4204.56,4206.01,277
2026-06-12 14:20:00,4206.0,4207.65,4205.57,4206.27,347
2026-06-12 14:21:00,4206.23,4207.21,4205.62,4207.13,300
2026-06-12 14:22:00,4207.12,4207.24,4206.39,4206.94,268
2026-06-12 14:23:00,4206.96,4209.32,4206.6,4208.96,326
2026-06-12 14:24:00,4208.96,4210.08,4208.06,4209.78,326
2026-06-12 14:25:00,4209.78,4210.27,4209.16,4209.28,289
2026-06-12 14:26:00,4209.24,4209.35,4205.2,4205.78,291
2026-06-12 14:27:00,4205.78,4207.13,4205.68,4206.48,310
2026-06-12 14:28:00,4206.49,4207.05,4204.94,4205.51,340
2026-06-12 14:29:00,4205.51,4205.65,4202.1,4202.58,517
2026-06-12 14:30:00,4202.59,4202.65,4200.22,4200.92,371
2026-06-12 14:31:00,4200.91,4202.03,4200.52,4201.25,302
2026-06-12 14:32:00,4201.26,4201.29,4197.49,4199.11,400
2026-06-12 14:33:00,4199.13,4200.98,4199.13,4200.19,353
2026-06-12 14:34:00,4200.19,4202.06,4199.46,4199.63,289
2026-06-12 14:35:00,4199.63,4201.98,4199.58,4201.96,331
2026-06-12 14:36:00,4201.96,4201.96,4200.23,4201.17,280
2026-06-12 14:37:00,4201.17,4201.78,4199.72,4200.02,324
2026-06-12 14:38:00,4200.02,4201.29,4199.66,4200.24,307
2026-06-12 14:39:00,4200.24,4202.79,4200.24,4202.29,296
2026-06-12 14:40:00,4202.29,4204.53,4201.91,4204.43,280
2026-06-12 14:41:00,4204.43,4208.45,4204.37,4207.99,325
2026-06-12 14:42:00,4207.99,4210.46,4207.95,4208.66,375
2026-06-12 14:43:00,4208.66,4208.86,4207.73,4208.23,275
2026-06-12 14:44:00,4208.23,4209.97,4207.47,4209.77,304
2026-06-12 14:45:00,4209.77,4210.74,4208.99,4210.3,333
2026-06-12 14:46:00,4210.3,4211.89,4210.29,4210.92,292
2026-06-12 14:47:00,4210.92,4211.33,4209.38,4210.03,317
2026-06-12 14:48:00,4210.03,4210.04,4208.9,4209.85,312
2026-06-12 14:49:00,4209.85,4210.28,4208.91,4210.21,308
2026-06-12 14:50:00,4210.21,4211.3,4208.86,4209.07,365
2026-06-12 14:51:00,4209.07,4209.89,4208.46,4208.78,304
2026-06-12 14:52:00,4208.78,4210.38,4208.75,4210.31,305
2026-06-12 14:53:00,4210.33,4213.57,4210.3,4213.28,404
2026-06-12 14:54:00,4213.28,4215.37,4212.86,4214.89,397
2026-06-12 14:55:00,4214.89,4214.91,4211.82,4211.82,352
2026-06-12 14:56:00,4211.82,4211.97,4209.26,4210.41,368
2026-06-12 14:57:00,4210.41,4210.49,4208.77,4208.89,274
2026-06-12 14:58:00,4208.89,4209.46,4207.54,4207.63,326
2026-06-12 14:59:00,4207.63,4207.8,4206.53,4206.88,268
2026-06-12 15:00:00,4206.88,4208.56,4203.79,4203.94,436
2026-06-12 15:01:00,4203.94,4205.98,4203.42,4203.82,379
2026-06-12 15:02:00,4203.82,4205.97,4202.82,4205.94,469
2026-06-12 15:03:00,4205.94,4207.68,4205.58,4205.58,410
2026-06-12 15:04:00,4205.58,4207.82,4204.34,4206.26,465
2026-06-12 15:05:00,4206.26,4208.2,4206.23,4206.46,492
2026-06-12 15:06:00,4206.45,4207.47,4205.39,4207.17,440
2026-06-12 15:07:00,4207.15,4208.26,4205.65,4206.21,378
2026-06-12 15:08:00,4206.2,4209.24,4205.89,4208.82,378
2026-06-12 15:09:00,4208.82,4209.36,4207.61,4207.78,248
2026-06-12 15:10:00,4207.78,4212.06,4207.77,4211.47,410
2026-06-12 15:11:00,4211.47,4211.74,4209.86,4211.37,295
2026-06-12 15:12:00,4211.37,4212.73,4209.99,4210.05,297
2026-06-12 15:13:00,4210.05,4211.16,4209.84,4210.71,314
2026-06-12 15:14:00,4210.71,4214.29,4210.45,4214.29,348
2026-06-12 15:15:00,4214.29,4215.4,4211.81,4213.38,357
2026-06-12 15:16:00,4213.38,4214.59,4213.04,4214.17,356
2026-06-12 15:17:00,4214.17,4214.74,4211.91,4212.0,264
2026-06-12 15:18:00,4212.0,4213.66,4211.41,4213.25,318
2026-06-12 15:19:00,4213.25,4214.74,4211.65,4211.7,366
2026-06-12 15:20:00,4211.7,4212.05,4204.17,4204.67,447
2026-06-12 15:21:00,4204.67,4205.45,4202.48,4203.67,416
2026-06-12 15:22:00,4203.67,4204.96,4202.4,4204.39,358
2026-06-12 15:23:00,4204.39,4205.64,4203.74,4204.01,401
2026-06-12 15:24:00,4204.02,4204.42,4203.01,4203.57,319
2026-06-12 15:25:00,4203.57,4203.66,4201.56,4201.59,381
2026-06-12 15:26:00,4201.59,4202.62,4200.89,4202.51,310
2026-06-12 15:27:00,4202.51,4202.51,4201.29,4202.04,312
2026-06-12 15:28:00,4202.04,4203.11,4201.36,4201.87,322
2026-06-12 15:29:00,4201.84,4202.3,4200.33,4201.08,308
2026-06-12 15:30:00,4201.08,4201.85,4197.44,4198.77,406
2026-06-12 15:31:00,4198.77,4200.01,4197.86,4200.0,353
2026-06-12 15:32:00,4200.0,4201.65,4199.23,4199.48,362
2026-06-12 15:33:00,4199.51,4199.94,4197.58,4198.8,309
2026-06-12 15:34:00,4198.82,4201.13,4198.63,4199.88,382
2026-06-12 15:35:00,4199.88,4201.07,4195.74,4197.57,425
2026-06-12 15:36:00,4197.57,4197.69,4195.44,4195.49,375
2026-06-12 15:37:00,4195.49,4196.09,4194.14,4194.49,363
2026-06-12 15:38:00,4194.49,4195.07,4193.15,4193.33,412
2026-06-12 15:39:00,4193.33,4193.76,4192.27,4193.01,436
2026-06-12 15:40:00,4193.01,4195.01,4191.7,4194.49,516
2026-06-12 15:41:00,4194.49,4196.5,4194.43,4196.27,516
2026-06-12 15:42:00,4196.29,4197.25,4195.25,4197.25,396
2026-06-12 15:43:00,4197.25,4199.65,4197.15,4199.61,382
2026-06-12 15:44:00,4199.61,4200.8,4195.96,4196.78,503
2026-06-12 15:45:00,4196.78,4196.95,4193.68,4193.95,529
2026-06-12 15:46:00,4193.95,4195.94,4193.92,4194.38,370
2026-06-12 15:47:00,4194.38,4195.48,4193.62,4194.8,453
2026-06-12 15:48:00,4194.8,4198.35,4193.56,4197.9,517
2026-06-12 15:49:00,4197.9,4198.03,4195.42,4196.97,385
2026-06-12 15:50:00,4196.97,4200.67,4196.58,4200.55,397
2026-06-12 15:51:00,4200.55,4200.76,4197.36,4198.96,362
2026-06-12 15:52:00,4198.96,4200.23,4198.73,4198.75,325
2026-06-12 15:53:00,4198.75,4198.88,4196.46,4196.75,365
2026-06-12 15:54:00,4196.75,4197.09,4193.54,4193.8,378
2026-06-12 15:55:00,4193.8,4194.65,4190.43,4190.69,441
2026-06-12 15:56:00,4190.65,4191.78,4190.5,4190.84,418
2026-06-12 15:57:00,4190.8,4191.75,4190.12,4191.52,319
2026-06-12 15:58:00,4191.52,4191.67,4188.53,4191.0,323
2026-06-12 15:59:00,4190.99,4192.48,4190.68,4191.73,372
2026-06-12 16:00:00,4191.68,4191.88,4186.52,4187.29,769
2026-06-12 16:01:00,4187.29,4190.02,4187.23,4189.55,510
2026-06-12 16:02:00,4189.55,4197.16,4189.55,4196.73,566
2026-06-12 16:03:00,4196.73,4198.08,4194.87,4196.56,511
2026-06-12 16:04:00,4196.56,4197.34,4194.74,4197.06,689
2026-06-12 16:05:00,4197.06,4197.07,4195.17,4196.42,357
2026-06-12 16:06:00,4196.41,4196.45,4193.51,4194.58,489
2026-06-12 16:07:00,4194.58,4200.23,4194.53,4200.23,418
2026-06-12 16:08:00,4200.23,4200.9,4199.75,4200.59,381
2026-06-12 16:09:00,4200.59,4201.2,4198.98,4200.02,428
2026-06-12 16:10:00,4200.02,4200.78,4198.16,4199.02,386
2026-06-12 16:11:00,4199.02,4199.48,4197.88,4197.97,396
2026-06-12 16:12:00,4197.97,4198.07,4193.68,4194.12,470
2026-06-12 16:13:00,4194.12,4197.02,4193.85,4196.27,373
2026-06-12 16:14:00,4196.27,4198.46,4195.87,4198.34,399
2026-06-12 16:15:00,4198.34,4199.16,4197.31,4198.66,383
2026-06-12 16:16:00,4198.66,4202.25,4198.54,4201.28,436
2026-06-12 16:17:00,4201.28,4201.63,4200.42,4201.59,363
2026-06-12 16:18:00,4201.59,4203.09,4200.95,4202.83,376
2026-06-12 16:19:00,4202.83,4202.85,4201.28,4202.58,368
2026-06-12 16:20:00,4202.58,4203.44,4201.97,4203.44,345
2026-06-12 16:21:00,4203.44,4206.32,4202.73,4205.02,474
2026-06-12 16:22:00,4205.01,4205.97,4204.65,4204.94,297
2026-06-12 16:23:00,4204.94,4206.72,4204.93,4205.05,318
2026-06-12 16:24:00,4205.04,4205.57,4203.78,4203.78,299
2026-06-12 16:25:00,4203.78,4204.47,4202.13,4202.13,391
2026-06-12 16:26:00,4202.16,4203.67,4201.56,4203.24,374
2026-06-12 16:27:00,4203.24,4205.24,4202.91,4203.12,309
2026-06-12 16:28:00,4203.13,4204.66,4202.67,4204.11,336
2026-06-12 16:29:00,4204.16,4204.3,4202.66,4202.8,311
2026-06-12 16:30:00,4202.8,4204.29,4200.75,4203.56,721
2026-06-12 16:31:00,4203.69,4204.47,4199.73,4200.75,651
2026-06-12 16:32:00,4200.75,4205.35,4200.74,4201.0,669
2026-06-12 16:33:00,4201.0,4202.15,4197.38,4198.02,650
2026-06-12 16:34:00,4198.01,4199.72,4197.12,4198.95,662
2026-06-12 16:35:00,4198.95,4204.66,4198.52,4203.8,678
2026-06-12 16:36:00,4203.8,4204.99,4201.32,4201.52,571
2026-06-12 16:37:00,4202.6,4204.51,4201.8,4204.39,613
2026-06-12 16:38:00,4204.39,4210.1,4202.6,4208.83,682
2026-06-12 16:39:00,4208.83,4210.21,4205.27,4207.35,579
2026-06-12 16:40:00,4207.26,4207.6,4191.45,4191.45,1022
2026-06-12 16:41:00,4191.52,4195.45,4185.28,4188.32,1176
2026-06-12 16:42:00,4188.38,4188.7,4185.05,4185.88,977
2026-06-12 16:43:00,4185.88,4188.69,4182.76,4188.22,807
2026-06-12 16:44:00,4188.22,4194.56,4187.51,4190.89,703
2026-06-12 16:45:00,4190.89,4193.45,4188.05,4188.99,767
2026-06-12 16:46:00,4188.92,4193.82,4188.11,4193.25,731
2026-06-12 16:47:00,4193.25,4193.37,4186.75,4186.75,727
2026-06-12 16:48:00,4186.75,4189.38,4183.83,4186.95,716
2026-06-12 16:49:00,4186.95,4191.14,4186.28,4190.87,763
2026-06-12 16:50:00,4190.87,4191.67,4186.67,4187.54,708
2026-06-12 16:51:00,4187.6,4190.72,4187.45,4189.96,737
2026-06-12 16:52:00,4189.96,4193.72,4189.71,4192.7,651
2026-06-12 16:53:00,4192.7,4193.31,4189.36,4189.47,623
2026-06-12 16:54:00,4189.47,4190.46,4187.11,4189.52,733
2026-06-12 16:55:00,4189.52,4190.3,4187.87,4189.33,594
2026-06-12 16:56:00,4189.33,4192.3,4188.46,4191.49,617
2026-06-12 16:57:00,4191.59,4191.9,4187.71,4188.1,517
2026-06-12 16:58:00,4188.1,4188.14,4185.82,4186.0,512
2026-06-12 16:59:00,4186.0,4186.82,4183.4,4186.45,497
2026-06-12 17:00:00,4186.45,4192.05,4185.43,4191.92,719
2026-06-12 17:01:00,4191.92,4198.34,4191.84,4195.1,620
2026-06-12 17:02:00,4195.1,4195.83,4190.52,4191.7,540
2026-06-12 17:03:00,4191.7,4197.06,4190.49,4195.79,551
2026-06-12 17:04:00,4195.79,4196.6,4193.54,4194.43,513
2026-06-12 17:05:00,4194.49,4195.31,4184.73,4185.63,628
2026-06-12 17:06:00,4185.63,4190.81,4184.92,4189.64,720
2026-06-12 17:07:00,4189.64,4194.83,4189.01,4194.83,573
2026-06-12 17:08:00,4194.83,4195.62,4193.13,4195.23,509
2026-06-12 17:09:00,4195.23,4198.39,4194.48,4198.24,514
2026-06-12 17:10:00,4198.24,4198.24,4196.16,4197.56,617
2026-06-12 17:11:00,4197.56,4197.84,4192.4,4193.03,457
2026-06-12 17:12:00,4193.03,4193.61,4191.11,4191.75,572
2026-06-12 17:13:00,4191.75,4192.94,4189.81,4190.07,486
2026-06-12 17:14:00,4190.07,4193.52,4190.07,4193.14,509
2026-06-12 17:15:00,4193.14,4194.09,4191.94,4193.34,516
2026-06-12 17:16:00,4193.34,4194.5,4191.1,4193.33,483
2026-06-12 17:17:00,4193.33,4199.48,4193.33,4196.03,553
2026-06-12 17:18:00,4196.03,4196.28,4191.46,4193.09,481
2026-06-12 17:19:00,4193.09,4194.15,4190.15,4190.15,510
2026-06-12 17:20:00,4190.15,4191.88,4188.91,4190.12,552
2026-06-12 17:21:00,4190.12,4190.99,4185.21,4185.76,566
2026-06-12 17:22:00,4185.76,4186.84,4183.09,4184.21,543
2026-06-12 17:23:00,4184.21,4186.91,4182.67,4186.87,547
2026-06-12 17:24:00,4186.87,4188.18,4186.63,4187.27,537
2026-06-12 17:25:00,4187.27,4191.59,4186.73,4189.78,544
2026-06-12 17:26:00,4189.79,4190.32,4187.58,4189.21,542
2026-06-12 17:27:00,4189.21,4193.14,4188.95,4192.95,534
2026-06-12 17:28:00,4192.95,4194.18,4190.01,4190.64,589
2026-06-12 17:29:00,4190.63,4191.21,4187.93,4188.56,445
2026-06-12 17:30:00,4188.56,4189.58,4186.24,4187.04,543
2026-06-12 17:31:00,4187.04,4188.13,4184.42,4184.92,492
2026-06-12 17:32:00,4184.92,4185.71,4180.97,4181.69,650
2026-06-12 17:33:00,4181.69,4182.8,4181.13,4182.47,549
2026-06-12 17:34:00,4182.47,4187.52,4181.64,4186.83,546
2026-06-12 17:35:00,4186.81,4190.0,4186.08,4188.88,574
2026-06-12 17:36:00,4188.88,4192.64,4186.11,4188.33,671
2026-06-12 17:37:00,4188.33,4190.41,4186.94,4187.84,568
2026-06-12 17:38:00,4187.84,4190.83,4187.51,4190.13,491
2026-06-12 17:39:00,4190.18,4192.59,4189.48,4192.2,496
2026-06-12 17:40:00,4192.2,4193.26,4190.75,4191.7,462
2026-06-12 17:41:00,4191.7,4192.77,4184.94,4184.98,536
2026-06-12 17:42:00,4184.98,4187.17,4184.22,4185.59,562
2026-06-12 17:43:00,4185.59,4185.82,4181.04,4183.01,688
2026-06-12 17:44:00,4183.01,4184.96,4182.62,4184.48,587
2026-06-12 17:45:00,4184.48,4184.96,4183.16,4183.39,624
2026-06-12 17:46:00,4183.4,4184.28,4180.29,4180.75,618
2026-06-12 17:47:00,4180.75,4181.38,4177.16,4180.48,770
2026-06-12 17:48:00,4180.52,4182.8,4180.15,4181.81,531
2026-06-12 17:49:00,4181.81,4184.74,4181.19,4183.02,590
2026-06-12 17:50:00,4183.09,4185.76,4182.25,4185.76,510
2026-06-12 17:51:00,4185.76,4185.76,4180.15,4180.24,528
2026-06-12 17:52:00,4180.3,4200.26,4179.45,4195.09,893
2026-06-12 17:53:00,4195.09,4202.4,4192.33,4200.82,979
2026-06-12 17:54:00,4200.82,4207.71,4197.77,4207.46,1070
2026-06-12 17:55:00,4207.46,4207.78,4201.25,4202.53,812
2026-06-12 17:56:00,4202.53,4208.45,4202.33,4206.0,775
2026-06-12 17:57:00,4206.0,4207.5,4203.22,4206.63,739
2026-06-12 17:58:00,4206.63,4207.35,4203.74,4207.35,633
2026-06-12 17:59:00,4207.35,4207.49,4203.88,4203.98,604
2026-06-12 18:00:00,4203.98,4207.49,4202.09,4206.5,685
2026-06-12 18:01:00,4206.56,4208.88,4204.32,4208.67,718
2026-06-12 18:02:00,4208.67,4209.4,4204.22,4204.48,601
2026-06-12 18:03:00,4204.48,4206.44,4200.32,4200.68,539
2026-06-12 18:04:00,4200.68,4204.4,4200.25,4203.25,553
2026-06-12 18:05:00,4203.25,4210.29,4203.25,4210.14,624
2026-06-12 18:06:00,4210.14,4210.77,4205.65,4207.21,502
2026-06-12 18:07:00,4207.22,4209.51,4205.56,4206.84,540
2026-06-12 18:08:00,4206.91,4210.82,4206.62,4209.85,536
2026-06-12 18:09:00,4209.85,4210.52,4208.1,4208.66,462
2026-06-12 18:10:00,4208.66,4213.39,4208.41,4213.37,548
2026-06-12 18:11:00,4213.37,4213.37,4209.4,4210.17,455
2026-06-12 18:12:00,4210.17,4211.03,4208.91,4209.12,489
2026-06-12 18:13:00,4209.11,4213.24,4209.11,4213.05,532
2026-06-12 18:14:00,4213.05,4215.18,4212.61,4214.03,447
2026-06-12 18:15:00,4214.06,4215.32,4213.24,4214.33,471
2026-06-12 18:16:00,4214.33,4216.28,4213.5,4213.53,578
2026-06-12 18:17:00,4213.53,4216.81,4212.65,4216.04,677
2026-06-12 18:18:00,4216.04,4218.99,4215.48,4218.96,473
2026-06-12 18:19:00,4218.96,4219.17,4214.77,4215.12,394
2026-06-12 18:20:00,4215.12,4217.4,4213.58,4213.58,453
2026-06-12 18:21:00,4213.58,4221.5,4213.05,4220.42,569
2026-06-12 18:22:00,4220.42,4220.98,4218.74,4220.31,548
2026-06-12 18:23:00,4220.31,4222.01,4220.28,4221.7,536
2026-06-12 18:24:00,4221.7,4230.62,4221.21,4227.98,612
2026-06-12 18:25:00,4227.96,4231.67,4227.86,4229.77,603
2026-06-12 18:26:00,4229.77,4235.26,4228.66,4234.74,711
2026-06-12 18:27:00,4234.74,4235.59,4232.08,4232.64,656
2026-06-12 18:28:00,4232.66,4232.91,4223.43,4223.51,771
2026-06-12 18:29:00,4223.51,4227.42,4223.45,4225.8,601
2026-06-12 18:30:00,4225.8,4228.42,4221.67,4221.89,750
2026-06-12 18:31:00,4221.86,4222.72,4219.43,4221.65,567
2026-06-12 18:32:00,4221.65,4222.12,4218.77,4219.06,500
2026-06-12 18:33:00,4219.07,4221.32,4218.5,4219.85,550
2026-06-12 18:34:00,4219.92,4220.66,4218.61,4219.43,574
2026-06-12 18:35:00,4219.43,4226.57,4217.61,4224.17,723
2026-06-12 18:36:00,4224.17,4224.32,4220.46,4221.23,568
2026-06-12 18:37:00,4221.23,4224.58,4217.99,4219.12,485
2026-06-12 18:38:00,4219.12,4219.95,4217.69,4217.69,588
2026-06-12 18:39:00,4217.69,4219.66,4214.95,4219.01,844
2026-06-12 18:40:00,4219.01,4219.37,4216.31,4216.68,536
2026-06-12 18:41:00,4216.68,4217.23,4213.81,4214.5,477
2026-06-12 18:42:00,4214.5,4215.32,4210.85,4211.67,536
2026-06-12 18:43:00,4211.67,4214.73,4211.56,4214.45,480
2026-06-12 18:44:00,4214.46,4214.81,4210.36,4211.11,435
2026-06-12 18:45:00,4211.11,4213.73,4210.81,4213.73,618
2026-06-12 18:46:00,4213.84,4215.19,4213.54,4214.17,438
2026-06-12 18:47:00,4214.17,4214.66,4212.31,4213.18,530
2026-06-12 18:48:00,4213.19,4214.03,4210.47,4210.79,588
2026-06-12 18:49:00,4210.79,4211.85,4206.94,4207.79,698
2026-06-12 18:50:00,4207.79,4212.06,4207.65,4211.51,550
2026-06-12 18:51:00,4211.51,4211.52,4208.83,4211.25,523
2026-06-12 18:52:00,4211.25,4214.82,4211.08,4214.68,475
2026-06-12 18:53:00,4214.66,4216.41,4213.14,4213.85,515
2026-06-12 18:54:00,4213.85,4215.87,4213.85,4215.35,449
2026-06-12 18:55:00,4215.35,4218.92,4214.62,4217.7,467
2026-06-12 18:56:00,4217.7,4217.8,4212.68,4213.39,532
2026-06-12 18:57:00,4213.39,4214.35,4212.29,4212.81,479
2026-06-12 18:58:00,4212.81,4214.39,4212.05,4213.62,495
2026-06-12 18:59:00,4213.62,4213.77,4211.26,4212.02,519
2026-06-12 19:00:00,4212.02,4213.83,4211.39,4212.66,484
2026-06-12 19:01:00,4212.66,4213.12,4209.75,4210.22,452
2026-06-12 19:02:00,4210.22,4211.17,4209.75,4210.28,504
2026-06-12 19:03:00,4210.28,4211.7,4208.03,4211.2,449
2026-06-12 19:04:00,4211.2,4212.78,4209.59,4209.59,394
2026-06-12 19:05:00,4209.59,4210.25,4208.24,4208.49,427
2026-06-12 19:06:00,4208.45,4211.28,4208.45,4210.98,397
2026-06-12 19:07:00,4210.98,4213.83,4210.92,4211.81,394
2026-06-12 19:08:00,4211.81,4214.09,4210.78,4214.02,344
2026-06-12 19:09:00,4214.09,4214.73,4213.23,4213.29,378
2026-06-12 19:10:00,4213.29,4213.42,4211.51,4212.86,405
2026-06-12 19:11:00,4212.86,4216.11,4212.62,4215.11,476
2026-06-12 19:12:00,4215.11,4215.68,4213.72,4214.14,417
2026-06-12 19:13:00,4214.19,4224.8,4214.03,4221.28,988
2026-06-12 19:14:00,4221.28,4223.86,4219.42,4221.71,686
2026-06-12 19:15:00,4221.71,4228.23,4220.92,4227.87,622
2026-06-12 19:16:00,4227.87,4232.91,4227.39,4229.08,649
2026-06-12 19:17:00,4229.08,4229.24,4222.63,4223.94,618
2026-06-12 19:18:00,4223.94,4225.09,4221.66,4223.48,496
2026-06-12 19:19:00,4223.5,4224.62,4222.49,4223.87,453
2026-06-12 19:20:00,4223.87,4225.52,4221.89,4222.08,532
2026-06-12 19:21:00,4222.14,4223.41,4221.53,4222.64,472
2026-06-12 19:22:00,4222.66,4223.61,4221.01,4222.62,424
2026-06-12 19:23:00,4222.68,4222.93,4220.5,4221.22,399
2026-06-12 19:24:00,4221.22,4221.24,4218.43,4218.45,408
2026-06-12 19:25:00,4218.45,4219.06,4215.77,4218.4,605
2026-06-12 19:26:00,4218.4,4220.83,4218.24,4218.84,500
2026-06-12 19:27:00,4218.83,4218.96,4217.27,4217.51,433
2026-06-12 19:28:00,4217.51,4219.44,4216.89,4218.35,401
2026-06-12 19:29:00,4218.35,4219.61,4216.58,4217.07,378
2026-06-12 19:30:00,4217.07,4218.42,4216.86,4217.51,382
2026-06-12 19:31:00,4217.51,4218.11,4216.05,4217.51,425
2026-06-12 19:32:00,4217.51,4218.9,4216.53,4217.52,438
2026-06-12 19:33:00,4217.52,4218.6,4216.58,4217.59,365
2026-06-12 19:34:00,4217.59,4217.98,4216.76,4217.82,374
2026-06-12 19:35:00,4217.82,4218.56,4213.11,4213.16,494
2026-06-12 19:36:00,4213.16,4214.13,4211.86,4212.54,477
2026-06-12 19:37:00,4212.54,4214.99,4212.2,4214.97,456
2026-06-12 19:38:00,4215.04,4215.52,4211.69,4214.45,444
2026-06-12 19:39:00,4214.45,4217.57,4214.27,4217.02,388
2026-06-12 19:40:00,4217.02,4219.97,4216.15,4219.17,499
2026-06-12 19:41:00,4219.17,4220.43,4218.82,4219.05,434
2026-06-12 19:42:00,4219.06,4219.52,4215.6,4215.67,467
2026-06-12 19:43:00,4215.67,4216.5,4213.57,4214.55,496
2026-06-12 19:44:00,4214.55,4215.89,4213.1,4213.3,467
2026-06-12 19:45:00,4213.3,4213.93,4211.33,4211.48,507
2026-06-12 19:46:00,4211.5,4213.23,4211.38,4212.33,573
2026-06-12 19:47:00,4212.34,4214.8,4211.84,4213.92,616
2026-06-12 19:48:00,4213.92,4214.49,4212.99,4213.6,613
2026-06-12 19:49:00,4213.6,4213.96,4212.6,4213.55,635
2026-06-12 19:50:00,4213.54,4214.72,4212.03,4214.39,524
2026-06-12 19:51:00,4214.38,4216.46,4213.52,4215.01,436
2026-06-12 19:52:00,4214.97,4214.97,4213.72,4214.05,476
2026-06-12 19:53:00,4214.05,4215.7,4213.83,4215.67,360
2026-06-12 19:54:00,4215.61,4216.42,4214.87,4215.23,410
2026-06-12 19:55:00,4215.23,4215.39,4213.59,4215.23,439
2026-06-12 19:56:00,4215.23,4215.98,4214.31,4215.45,423
2026-06-12 19:57:00,4215.45,4216.97,4215.37,4216.42,448
2026-06-12 19:58:00,4216.42,4217.86,4216.22,4217.24,454
2026-06-12 19:59:00,4217.24,4218.16,4216.01,4216.01,524
2026-06-12 20:00:00,4216.01,4218.63,4216.01,4216.93,566
2026-06-12 20:01:00,4216.93,4219.57,4216.83,4219.57,504
2026-06-12 20:02:00,4219.6,4220.08,4217.8,4217.85,476
2026-06-12 20:03:00,4217.85,4218.84,4216.88,4218.38,411
2026-06-12 20:04:00,4218.26,4220.76,4217.73,4220.5,456
2026-06-12 20:05:00,4220.5,4220.75,4219.19,4220.45,415
2026-06-12 20:06:00,4220.37,4226.43,4220.04,4221.75,630
2026-06-12 20:07:00,4221.76,4224.35,4220.47,4223.72,650
2026-06-12 20:08:00,4223.72,4223.96,4219.0,4219.86,629
2026-06-12 20:09:00,4219.87,4221.48,4219.77,4220.75,548
2026-06-12 20:10:00,4220.75,4221.68,4218.89,4219.26,548
2026-06-12 20:11:00,4219.26,4219.92,4218.89,4219.61,555
2026-06-12 20:12:00,4219.6,4219.64,4217.76,4218.1,496
2026-06-12 20:13:00,4218.1,4218.58,4215.85,4215.87,473
2026-06-12 20:14:00,4215.87,4219.29,4215.15,4218.42,541
2026-06-12 20:15:00,4218.42,4218.76,4216.18,4217.26,507
2026-06-12 20:16:00,4217.24,4217.24,4215.23,4215.42,330
2026-06-12 20:17:00,4215.44,4215.47,4213.95,4215.03,379
2026-06-12 20:18:00,4215.08,4217.41,4215.08,4216.88,354
2026-06-12 20:19:00,4216.88,4217.81,4215.72,4217.76,457
2026-06-12 20:20:00,4217.76,4223.28,4217.7,4223.14,417
2026-06-12 20:21:00,4223.14,4223.42,4222.4,4222.98,302
2026-06-12 20:22:00,4222.98,4223.75,4222.4,4222.58,335
2026-06-12 20:23:00,4222.58,4223.24,4220.75,4221.57,349
2026-06-12 20:24:00,4221.57,4221.73,4220.24,4221.02,487
2026-06-12 20:25:00,4221.02,4221.33,4219.31,4219.97,395
2026-06-12 20:26:00,4219.87,4220.75,4219.13,4219.42,308
2026-06-12 20:27:00,4219.4,4219.41,4217.55,4217.86,323
2026-06-12 20:28:00,4217.89,4219.08,4217.62,4218.05,383
2026-06-12 20:29:00,4218.05,4219.9,4216.75,4218.9,473
2026-06-12 20:30:00,4218.92,4219.5,4216.24,4216.79,352
2026-06-12 20:31:00,4216.79,4217.05,4214.05,4215.82,337
2026-06-12 20:32:00,4215.83,4219.81,4215.79,4219.44,340
2026-06-12 20:33:00,4219.45,4219.65,4218.27,4218.93,304
2026-06-12 20:34:00,4218.93,4220.44,4218.63,4220.02,294
2026-06-12 20:35:00,4220.02,4220.79,4219.21,4220.0,322
2026-06-12 20:36:00,4220.0,4220.12,4218.85,4219.01,325
2026-06-12 20:37:00,4219.01,4221.3,4218.92,4220.49,331
2026-06-12 20:38:00,4220.49,4220.55,4218.13,4218.17,343
2026-06-12 20:39:00,4218.17,4218.88,4217.61,4218.48,288
2026-06-12 20:40:00,4218.48,4218.81,4217.3,4217.77,307
2026-06-12 20:41:00,4217.77,4220.39,4217.66,4219.88,368
2026-06-12 20:42:00,4219.88,4223.52,4219.88,4223.32,452
2026-06-12 20:43:00,4223.32,4223.64,4222.12,4222.44,287
2026-06-12 20:44:00,4222.44,4222.5,4221.19,4222.47,303
2026-06-12 20:45:00,4222.47,4223.4,4222.01,4222.19,341
2026-06-12 20:46:00,4222.22,4223.25,4221.99,4223.2,334
2026-06-12 20:47:00,4223.2,4223.56,4222.86,4223.53,307
2026-06-12 20:48:00,4223.62,4225.11,4223.54,4223.72,289
2026-06-12 20:49:00,4223.72,4224.63,4222.35,4223.4,339
2026-06-12 20:50:00,4223.4,4223.89,4222.72,4222.89,345
2026-06-12 20:51:00,4222.86,4224.51,4222.51,4223.64,283
2026-06-12 20:52:00,4223.64,4224.16,4222.64,4223.31,286
2026-06-12 20:53:00,4223.31,4224.17,4222.63,4224.08,323
2026-06-12 20:54:00,4224.08,4224.46,4223.28,4223.5,300
2026-06-12 20:55:00,4223.5,4223.65,4219.97,4220.49,389
2026-06-12 20:56:00,4220.49,4220.99,4219.66,4220.51,370
2026-06-12 20:57:00,4220.51,4221.66,4220.36,4221.48,327
2026-06-12 20:58:00,4221.49,4221.66,4220.97,4221.06,268
2026-06-12 20:59:00,4221.06,4221.78,4220.93,4221.4,260
2026-06-12 21:00:00,4221.47,4222.69,4221.43,4221.6,324
2026-06-12 21:01:00,4221.6,4221.96,4220.92,4221.61,382
2026-06-12 21:02:00,4221.61,4222.37,4220.19,4221.07,342
2026-06-12 21:03:00,4221.07,4222.01,4221.03,4221.65,315
2026-06-12 21:04:00,4221.65,4221.74,4219.61,4219.76,316
2026-06-12 21:05:00,4219.76,4220.39,4218.23,4218.77,365
2026-06-12 21:06:00,4218.77,4220.08,4218.76,4220.06,306
2026-06-12 21:07:00,4220.06,4220.06,4218.82,4219.14,332
2026-06-12 21:08:00,4219.14,4220.94,4218.98,4220.42,382
2026-06-12 21:09:00,4220.42,4220.87,4220.28,4220.65,316
2026-06-12 21:10:00,4220.65,4222.6,4220.25,4222.46,373
2026-06-12 21:11:00,4222.46,4225.25,4222.46,4224.46,446
2026-06-12 21:12:00,4224.47,4228.11,4224.45,4227.52,418
2026-06-12 21:13:00,4227.52,4227.76,4226.66,4227.45,333
2026-06-12 21:14:00,4227.38,4228.59,4226.5,4227.1,395
2026-06-12 21:15:00,4227.11,4229.25,4226.46,4228.33,374
2026-06-12 21:16:00,4228.33,4228.49,4227.35,4227.45,330
2026-06-12 21:17:00,4227.45,4227.93,4225.37,4225.45,386
2026-06-12 21:18:00,4225.29,4228.75,4225.29,4228.3,386
2026-06-12 21:19:00,4228.3,4229.84,4227.81,4229.32,359
2026-06-12 21:20:00,4229.32,4231.8,4228.99,4231.27,373
2026-06-12 21:21:00,4231.27,4235.44,4231.27,4234.64,342
2026-06-12 21:22:00,4234.64,4235.07,4231.74,4232.05,284
2026-06-12 21:23:00,4232.02,4232.03,4230.18,4230.33,299
2026-06-12 21:24:00,4230.33,4230.93,4229.01,4229.11,269
2026-06-12 21:25:00,4229.11,4229.38,4226.68,4226.84,288
2026-06-12 21:26:00,4226.86,4227.02,4224.52,4225.52,287
2026-06-12 21:27:00,4225.52,4227.63,4225.24,4226.74,294
2026-06-12 21:28:00,4226.74,4227.69,4225.81,4227.11,350
2026-06-12 21:29:00,4227.11,4227.92,4226.56,4226.56,254
2026-06-12 21:30:00,4226.76,4227.03,4225.32,4225.7,290
2026-06-12 21:31:00,4225.7,4227.31,4224.43,4227.11,333
2026-06-12 21:32:00,4227.11,4228.48,4226.18,4227.69,319
2026-06-12 21:33:00,4227.55,4228.01,4226.75,4227.27,240
2026-06-12 21:34:00,4227.25,4228.53,4226.94,4227.49,279
2026-06-12 21:35:00,4227.49,4227.58,4225.71,4226.45,244
2026-06-12 21:36:00,4226.45,4226.6,4225.49,4226.06,199
2026-06-12 21:37:00,4226.06,4226.74,4225.64,4226.21,291
2026-06-12 21:38:00,4226.23,4226.67,4226.03,4226.27,194
2026-06-12 21:39:00,4226.27,4226.51,4225.43,4226.46,205
2026-06-12 21:40:00,4226.46,4227.07,4226.06,4226.98,234
2026-06-12 21:41:00,4226.98,4228.14,4226.49,4227.83,291
2026-06-12 21:42:00,4227.83,4228.47,4226.56,4226.63,238
2026-06-12 21:43:00,4226.62,4229.93,4226.35,4229.39,289
2026-06-12 21:44:00,4229.41,4230.04,4229.05,4229.3,244
2026-06-12 21:45:00,4229.3,4229.3,4226.86,4227.14,250
2026-06-12 21:46:00,4227.14,4229.16,4226.68,4228.31,273
2026-06-12 21:47:00,4228.32,4228.47,4225.7,4225.7,257
2026-06-12 21:48:00,4225.7,4225.73,4222.59,4223.68,304
2026-06-12 21:49:00,4223.68,4224.4,4222.83,4222.93,278
2026-06-12 21:50:00,4222.93,4223.29,4221.62,4221.95,249
2026-06-12 21:51:00,4222.01,4222.89,4221.27,4221.42,260
2026-06-12 21:52:00,4221.42,4222.3,4220.46,4222.15,378
2026-06-12 21:53:00,4222.15,4223.2,4222.04,4222.63,212
2026-06-12 21:54:00,4222.63,4222.82,4221.72,4221.96,327
2026-06-12 21:55:00,4221.96,4222.35,4220.32,4220.55,221
2026-06-12 21:56:00,4220.55,4220.55,4218.97,4219.82,327
2026-06-12 21:57:00,4219.82,4220.26,4218.01,4218.08,403
2026-06-12 21:58:00,4218.08,4218.95,4215.75,4216.15,406
2026-06-12 21:59:00,4216.17,4216.52,4214.2,4215.61,374
2026-06-12 22:00:00,4215.63,4216.01,4214.41,4214.67,423
2026-06-12 22:01:00,4214.67,4216.95,4214.63,4216.73,372
2026-06-12 22:02:00,4216.73,4217.64,4216.53,4217.24,247
2026-06-12 22:03:00,4217.24,4218.46,4216.7,4217.5,270
2026-06-12 22:04:00,4217.5,4217.93,4217.18,4217.69,221
2026-06-12 22:05:00,4217.69,4218.11,4216.95,4217.86,198
2026-06-12 22:06:00,4217.86,4218.39,4216.86,4217.18,223
2026-06-12 22:07:00,4217.18,4218.08,4215.48,4217.92,229
2026-06-12 22:08:00,4217.92,4218.3,4217.6,4217.89,204
2026-06-12 22:09:00,4217.89,4219.13,4217.36,4217.61,205
2026-06-12 22:10:00,4217.61,4218.11,4216.57,4216.89,210
2026-06-12 22:11:00,4216.88,4217.54,4216.37,4217.37,226
2026-06-12 22:12:00,4217.37,4218.91,4217.37,4218.42,255
2026-06-12 22:13:00,4218.42,4218.64,4217.7,4218.63,195
2026-06-12 22:14:00,4218.63,4218.77,4217.52,4217.59,214
2026-06-12 22:15:00,4217.59,4217.59,4215.2,4215.22,221
2026-06-12 22:16:00,4215.22,4216.06,4214.57,4214.86,225
2026-06-12 22:17:00,4214.86,4215.3,4213.53,4214.88,278
2026-06-12 22:18:00,4214.87,4215.21,4214.15,4215.11,261
2026-06-12 22:19:00,4215.11,4215.32,4214.19,4215.08,231
2026-06-12 22:20:00,4215.08,4215.13,4213.0,4213.55,280
2026-06-12 22:21:00,4213.56,4213.81,4212.36,4213.34,277
2026-06-12 22:22:00,4213.32,4213.75,4212.49,4212.68,231
2026-06-12 22:23:00,4212.68,4213.51,4212.54,4212.82,227
2026-06-12 22:24:00,4212.82,4212.83,4210.22,4210.45,257
2026-06-12 22:25:00,4210.45,4210.73,4208.26,4210.12,342
2026-06-12 22:26:00,4210.11,4211.39,4208.72,4211.37,361
2026-06-12 22:27:00,4211.37,4211.6,4209.03,4209.08,300
2026-06-12 22:28:00,4209.08,4209.95,4208.44,4209.78,235
2026-06-12 22:29:00,4209.77,4209.91,4207.89,4208.55,339
2026-06-12 22:30:00,4208.56,4209.84,4207.38,4209.63,317
2026-06-12 22:31:00,4209.62,4210.27,4207.96,4208.13,324
2026-06-12 22:32:00,4208.13,4208.13,4205.98,4206.96,491
2026-06-12 22:33:00,4206.96,4208.26,4206.33,4206.66,341
2026-06-12 22:34:00,4206.65,4206.8,4204.09,4204.3,340
2026-06-12 22:35:00,4204.3,4204.3,4201.86,4203.05,376
2026-06-12 22:36:00,4203.05,4208.69,4203.05,4205.83,439
2026-06-12 22:37:00,4205.83,4206.74,4205.22,4205.43,411
2026-06-12 22:38:00,4205.48,4206.9,4205.04,4206.69,330
2026-06-12 22:39:00,4206.7,4207.13,4205.01,4205.33,411
2026-06-12 22:40:00,4205.36,4206.31,4204.58,4205.87,306
2026-06-12 22:41:00,4205.77,4207.52,4205.6,4206.88,349
2026-06-12 22:42:00,4206.88,4207.16,4205.62,4206.84,468
2026-06-12 22:43:00,4206.84,4206.84,4205.01,4205.02,327
2026-06-12 22:44:00,4205.02,4205.56,4204.66,4205.23,300
2026-06-12 22:45:00,4205.23,4205.58,4204.45,4205.24,382
2026-06-12 22:46:00,4205.24,4205.41,4204.27,4204.51,299
2026-06-12 22:47:00,4204.51,4205.33,4203.91,4204.63,333
2026-06-12 22:48:00,4204.63,4205.99,4203.75,4205.8,311
2026-06-12 22:49:00,4205.8,4207.96,4205.64,4206.98,294
2026-06-12 22:50:00,4206.97,4207.72,4206.68,4207.15,392
2026-06-12 22:51:00,4207.15,4207.4,4206.44,4207.2,268
2026-06-12 22:52:00,4207.2,4208.32,4206.58,4206.82,338
2026-06-12 22:53:00,4206.82,4207.21,4205.83,4206.04,360
2026-06-12 22:54:00,4206.04,4207.44,4205.95,4206.74,351
2026-06-12 22:55:00,4206.74,4208.78,4205.53,4208.67,510
2026-06-12 22:56:00,4208.67,4209.54,4208.16,4208.31,313
2026-06-12 22:57:00,4208.31,4208.31,4207.74,4207.86,242
2026-06-12 22:58:00,4207.86,4210.6,4207.86,4210.6,284
2026-06-12 22:59:00,4210.6,4211.23,4210.02,4210.73,502
2026-06-15 01:00:00,4262.55,4274.31,4231.18,4261.6,1342
2026-06-15 01:01:00,4261.6,4276.67,4261.6,4268.58,314
2026-06-15 01:02:00,4268.58,4287.71,4267.94,4287.56,426
2026-06-15 01:03:00,4287.48,4297.97,4284.06,4295.36,467
2026-06-15 01:04:00,4296.08,4302.7,4295.54,4300.64,468
2026-06-15 01:05:00,4300.64,4300.64,4293.38,4297.89,667
2026-06-15 01:06:00,4297.89,4304.09,4296.18,4300.84,541
2026-06-15 01:07:00,4300.83,4305.74,4297.96,4300.54,727
2026-06-15 01:08:00,4300.54,4307.57,4300.09,4305.13,771
2026-06-15 01:09:00,4305.13,4308.92,4303.62,4306.28,758
2026-06-15 01:10:00,4306.28,4306.28,4298.34,4304.48,766
2026-06-15 01:11:00,4304.48,4305.3,4301.07,4301.38,442
2026-06-15 01:12:00,4301.38,4304.4,4298.18,4299.28,612
2026-06-15 01:13:00,4299.28,4302.55,4297.84,4299.79,533
2026-06-15 01:14:00,4299.79,4299.79,4294.84,4299.3,606
2026-06-15 01:15:00,4299.73,4302.63,4297.33,4297.8,398
2026-06-15 01:16:00,4297.8,4302.05,4297.69,4301.07,334
2026-06-15 01:17:00,4300.93,4302.07,4298.15,4300.08,352
2026-06-15 01:18:00,4300.08,4304.19,4299.84,4304.09,308
2026-06-15 01:19:00,4304.09,4305.42,4303.4,4305.29,334
2026-06-15 01:20:00,4305.29,4305.95,4304.05,4304.88,270
2026-06-15 01:21:00,4304.88,4306.19,4304.13,4306.04,163
2026-06-15 01:22:00,4306.04,4306.29,4304.72,4305.11,305
2026-06-15 01:23:00,4305.07,4305.22,4300.56,4300.56,369
2026-06-15 01:24:00,4300.56,4301.27,4297.79,4298.41,300
2026-06-15 01:25:00,4298.28,4298.28,4287.59,4289.2,617
2026-06-15 01:26:00,4289.2,4291.41,4285.57,4285.76,477
2026-06-15 01:27:00,4285.76,4286.67,4283.84,4284.92,382
2026-06-15 01:28:00,4284.92,4289.58,4284.91,4288.33,432
2026-06-15 01:29:00,4288.33,4288.33,4285.3,4286.91,328
2026-06-15 01:30:00,4286.91,4287.29,4283.57,4285.55,340
2026-06-15 01:31:00,4285.55,4285.59,4280.51,4282.14,424
2026-06-15 01:32:00,4282.14,4282.43,4280.29,4281.24,331
2026-06-15 01:33:00,4281.24,4284.9,4281.23,4284.89,269
2026-06-15 01:34:00,4284.88,4285.2,4280.72,4284.55,349
2026-06-15 01:35:00,4284.51,4286.49,4283.02,4286.3,366
2026-06-15 01:36:00,4286.3,4286.32,4281.72,4282.26,269
2026-06-15 01:37:00,4282.26,4285.4,4281.38,4284.99,267
2026-06-15 01:38:00,4284.99,4286.35,4284.37,4285.64,186
2026-06-15 01:39:00,4285.64,4285.64,4284.3,4285.04,148
2026-06-15 01:40:00,4285.04,4285.89,4284.5,4285.53,211
2026-06-15 01:41:00,4285.53,4285.84,4284.66,4285.15,165
2026-06-15 01:42:00,4285.15,4286.37,4284.53,4286.37,178
2026-06-15 01:43:00,4286.37,4288.56,4286.37,4286.69,226
2026-06-15 01:44:00,4286.69,4287.08,4285.1,4285.23,185
2026-06-15 01:45:00,4285.22,4288.36,4284.84,4287.53,227
2026-06-15 01:46:00,4287.6,4288.12,4285.83,4285.85,205
2026-06-15 01:47:00,4285.85,4288.95,4285.69,4287.89,259
2026-06-15 01:48:00,4287.91,4290.3,4287.83,4290.18,335
2026-06-15 01:49:00,4290.18,4291.65,4290.1,4291.39,225
2026-06-15 01:50:00,4291.39,4291.83,4289.39,4291.32,235
2026-06-15 01:51:00,4291.32,4291.37,4290.45,4290.81,172
2026-06-15 01:52:00,4290.81,4290.87,4289.51,4289.79,154
2026-06-15 01:53:00,4289.79,4289.91,4289.06,4289.18,130
2026-06-15 01:54:00,4289.18,4291.4,4288.23,4291.09,207
2026-06-15 01:55:00,4291.09,4291.42,4289.93,4290.8,201
2026-06-15 01:56:00,4290.83,4291.21,4289.77,4290.44,160
2026-06-15 01:57:00,4290.44,4290.73,4288.8,4289.31,241
2026-06-15 01:58:00,4289.31,4290.23,4288.39,4288.66,151
2026-06-15 01:59:00,4288.67,4289.05,4285.67,4285.67,183
2026-06-15 02:00:00,4285.67,4287.51,4285.48,4285.48,329
2026-06-15 02:01:00,4285.43,4286.65,4283.51,4283.51,306
2026-06-15 02:02:00,4283.51,4284.5,4282.62,4282.69,236
2026-06-15 02:03:00,4282.69,4284.25,4282.69,4282.85,234
2026-06-15 02:04:00,4282.83,4285.65,4282.75,4284.71,215
2026-06-15 02:05:00,4284.71,4285.8,4284.51,4284.75,202
2026-06-15 02:06:00,4284.75,4288.33,4284.68,4286.93,264
2026-06-15 02:07:00,4286.92,4287.04,4284.5,4286.29,269
2026-06-15 02:08:00,4286.29,4286.75,4282.96,4283.13,222
2026-06-15 02:09:00,4283.13,4283.17,4282.24,4283.12,175
2026-06-15 02:10:00,4283.12,4283.9,4282.81,4283.87,218
2026-06-15 02:11:00,4283.87,4283.98,4282.71,4283.19,183
2026-06-15 02:12:00,4283.19,4283.83,4282.79,4282.94,171
2026-06-15 02:13:00,4282.94,4284.47,4282.88,4284.42,154
2026-06-15 02:14:00,4284.42,4284.5,4283.04,4283.07,159
2026-06-15 02:15:00,4283.06,4283.18,4281.68,4282.74,188
2026-06-15 02:16:00,4282.74,4283.46,4282.6,4282.65,218
2026-06-15 02:17:00,4282.65,4282.93,4281.88,4282.03,172
2026-06-15 02:18:00,4282.03,4282.38,4281.32,4281.47,306
2026-06-15 02:19:00,4281.47,4282.8,4281.25,4282.5,238
2026-06-15 02:20:00,4282.5,4283.7,4282.4,4283.48,213
2026-06-15 02:21:00,4283.48,4283.77,4283.13,4283.37,141
2026-06-15 02:22:00,4283.37,4283.52,4282.17,4282.72,175
2026-06-15 02:23:00,4282.76,4282.76,4281.12,4281.63,192
2026-06-15 02:24:00,4281.63,4283.04,4281.62,4282.96,165
2026-06-15 02:25:00,4282.96,4284.55,4282.83,4284.52,185
2026-06-15 02:26:00,4284.52,4284.52,4283.11,4283.46,174
2026-06-15 02:27:00,4283.46,4283.95,4282.83,4283.36,152
2026-06-15 02:28:00,4283.36,4284.65,4283.26,4283.86,155
2026-06-15 02:29:00,4283.86,4283.94,4282.53,4283.35,147
2026-06-15 02:30:00,4283.35,4285.39,4283.35,4284.33,165
2026-06-15 02:31:00,4284.32,4284.44,4282.63,4282.7,144
2026-06-15 02:32:00,4282.7,4283.04,4281.61,4282.94,192
2026-06-15 02:33:00,4282.93,4286.2,4282.89,4286.14,192
2026-06-15 02:34:00,4286.14,4286.14,4283.76,4284.35,189
2026-06-15 02:35:00,4284.35,4285.03,4283.36,4284.7,164
2026-06-15 02:36:00,4284.7,4284.89,4284.11,4284.32,121
2026-06-15 02:37:00,4284.33,4285.42,4284.14,4285.41,159
2026-06-15 02:38:00,4285.41,4286.11,4285.41,4285.72,125
2026-06-15 02:39:00,4285.72,4286.11,4285.34,4285.5,126
2026-06-15 02:40:00,4285.5,4285.51,4283.93,4284.11,112
2026-06-15 02:41:00,4284.11,4284.18,4282.78,4282.79,147
2026-06-15 02:42:00,4282.79,4284.23,4282.19,4284.23,249
2026-06-15 02:43:00,4284.23,4284.89,4283.28,4284.88,159
2026-06-15 02:44:00,4284.88,4285.58,4284.8,4285.06,184
2026-06-15 02:45:00,4285.08,4286.03,4284.23,4285.77,298
2026-06-15 02:46:00,4285.77,4292.31,4285.77,4292.29,356
2026-06-15 02:47:00,4292.29,4292.58,4291.3,4291.99,314
2026-06-15 02:48:00,4291.99,4293.18,4291.6,4293.03,279
2026-06-15 02:49:00,4293.03,4294.08,4293.03,4293.73,253
2026-06-15 02:50:00,4293.73,4294.67,4291.86,4292.27,268
2026-06-15 02:51:00,4292.27,4293.86,4292.27,4292.88,244
2026-06-15 02:52:00,4292.88,4294.54,4292.56,4294.34,214
2026-06-15 02:53:00,4294.34,4294.39,4292.96,4293.92,227
2026-06-15 02:54:00,4293.92,4294.47,4293.06,4293.08,250
2026-06-15 02:55:00,4293.08,4294.37,4292.44,4293.22,300
2026-06-15 02:56:00,4293.22,4294.45,4293.16,4293.8,275
2026-06-15 02:57:00,4293.8,4294.66,4293.62,4294.36,224
2026-06-15 02:58:00,4294.36,4295.09,4294.31,4295.03,192
2026-06-15 02:59:00,4295.02,4295.03,4293.9,4294.05,253
2026-06-15 03:00:00,4294.07,4295.72,4293.4,4295.47,462
2026-06-15 03:01:00,4295.51,4295.51,4294.22,4294.54,427
2026-06-15 03:02:00,4294.54,4295.38,4294.54,4294.99,254
2026-06-15 03:03:00,4294.99,4295.55,4294.56,4295.53,263
2026-06-15 03:04:00,4295.54,4295.93,4294.5,4294.51,307
2026-06-15 03:05:00,4294.51,4296.06,4294.44,4295.02,273
2026-06-15 03:06:00,4295.07,4295.18,4293.67,4295.1,359
2026-06-15 03:07:00,4295.09,4295.93,4294.47,4295.34,250
2026-06-15 03:08:00,4295.33,4295.91,4294.58,4295.31,262
2026-06-15 03:09:00,4295.33,4296.74,4295.24,4296.64,249
2026-06-15 03:10:00,4296.64,4299.12,4296.64,4299.01,440
2026-06-15 03:11:00,4299.02,4299.02,4296.4,4297.35,320
2026-06-15 03:12:00,4297.42,4299.6,4296.21,4299.59,335
2026-06-15 03:13:00,4299.59,4301.1,4299.55,4300.94,267
2026-06-15 03:14:00,4300.94,4301.02,4298.85,4299.96,308
2026-06-15 03:15:00,4300.0,4301.18,4299.75,4300.71,355
2026-06-15 03:16:00,4300.71,4303.46,4300.06,4303.32,359
2026-06-15 03:17:00,4303.32,4303.44,4300.9,4302.84,321
2026-06-15 03:18:00,4302.81,4303.34,4302.21,4302.77,337
2026-06-15 03:19:00,4302.72,4304.21,4302.01,4304.21,333
2026-06-15 03:20:00,4304.21,4304.49,4303.14,4304.48,327
2026-06-15 03:21:00,4304.48,4304.6,4301.31,4301.75,299
2026-06-15 03:22:00,4301.74,4304.46,4301.72,4304.1,442
2026-06-15 03:23:00,4304.1,4304.68,4303.97,4304.61,278
2026-06-15 03:24:00,4304.61,4307.76,4304.02,4306.27,292
2026-06-15 03:25:00,4306.27,4307.68,4305.62,4306.66,393
2026-06-15 03:26:00,4306.67,4307.38,4305.72,4306.55,292
2026-06-15 03:27:00,4306.53,4308.14,4304.06,4304.54,296
2026-06-15 03:28:00,4304.54,4306.01,4303.62,4303.69,249
2026-06-15 03:29:00,4303.62,4303.63,4300.7,4300.91,301
2026-06-15 03:30:00,4300.91,4304.46,4300.64,4301.73,352
2026-06-15 03:31:00,4301.73,4301.73,4295.65,4297.02,417
2026-06-15 03:32:00,4297.02,4299.54,4296.27,4298.79,284
2026-06-15 03:33:00,4298.84,4305.6,4298.49,4305.33,430
2026-06-15 03:34:00,4305.33,4305.33,4302.28,4302.98,268
2026-06-15 03:35:00,4302.98,4304.65,4302.53,4303.7,238
2026-06-15 03:36:00,4303.7,4304.75,4302.66,4303.95,251
2026-06-15 03:37:00,4304.02,4304.82,4302.83,4303.64,339
2026-06-15 03:38:00,4303.6,4303.64,4297.45,4298.54,373
2026-06-15 03:39:00,4298.54,4299.0,4297.0,4298.97,235
2026-06-15 03:40:00,4299.01,4300.05,4298.88,4299.31,220
2026-06-15 03:41:00,4299.29,4299.31,4296.15,4297.42,312
2026-06-15 03:42:00,4297.42,4297.46,4295.93,4296.82,296
2026-06-15 03:43:00,4296.8,4298.33,4296.76,4298.04,317
2026-06-15 03:44:00,4298.04,4298.19,4296.77,4297.71,283
2026-06-15 03:45:00,4297.71,4300.01,4296.7,4299.64,395
2026-06-15 03:46:00,4299.64,4299.64,4297.86,4299.33,265
2026-06-15 03:47:00,4299.35,4299.5,4296.73,4296.98,248
2026-06-15 03:48:00,4297.08,4299.64,4296.24,4297.66,339
2026-06-15 03:49:00,4297.66,4298.21,4296.25,4296.44,238
2026-06-15 03:50:00,4296.45,4297.0,4293.72,4294.7,292
2026-06-15 03:51:00,4294.7,4295.61,4293.5,4293.82,211
2026-06-15 03:52:00,4293.82,4294.06,4292.49,4293.5,251
2026-06-15 03:53:00,4293.49,4295.49,4293.43,4295.21,272
2026-06-15 03:54:00,4295.23,4296.59,4294.83,4295.87,278
2026-06-15 03:55:00,4295.87,4296.24,4292.24,4292.79,284
2026-06-15 03:56:00,4292.79,4294.09,4292.32,4293.39,242
2026-06-15 03:57:00,4293.41,4294.55,4293.0,4294.11,221
2026-06-15 03:58:00,4294.11,4294.44,4292.81,4292.88,234
2026-06-15 03:59:00,4292.88,4293.66,4291.69,4292.63,303
2026-06-15 04:00:00,4292.64,4294.71,4285.49,4290.5,758
2026-06-15 04:01:00,4290.5,4295.4,4288.6,4293.81,618
2026-06-15 04:02:00,4293.81,4300.4,4293.64,4297.88,565
2026-06-15 04:03:00,4297.88,4297.88,4288.4,4288.54,678
2026-06-15 04:04:00,4288.54,4297.43,4287.95,4291.72,677
2026-06-15 04:05:00,4291.72,4292.9,4288.81,4289.61,619
2026-06-15 04:06:00,4289.61,4292.59,4288.23,4291.19,555
2026-06-15 04:07:00,4291.19,4296.35,4291.15,4293.47,476
2026-06-15 04:08:00,4293.47,4295.37,4290.57,4291.28,443
2026-06-15 04:09:00,4291.28,4291.34,4288.39,4289.43,480
2026-06-15 04:10:00,4289.43,4293.63,4289.41,4292.92,527
2026-06-15 04:11:00,4292.9,4295.8,4291.64,4293.83,463
2026-06-15 04:12:00,4293.7,4294.26,4291.8,4293.1,368
2026-06-15 04:13:00,4293.1,4295.23,4292.79,4293.27,390
2026-06-15 04:14:00,4293.27,4297.23,4293.27,4296.24,414
2026-06-15 04:15:00,4296.2,4296.3,4289.6,4289.73,526
2026-06-15 04:16:00,4289.73,4295.44,4289.34,4294.92,582
2026-06-15 04:17:00,4294.9,4295.82,4292.65,4292.78,413
2026-06-15 04:18:00,4292.78,4295.23,4291.14,4294.9,383
2026-06-15 04:19:00,4294.93,4294.93,4292.74,4292.97,337
2026-06-15 04:20:00,4293.03,4298.24,4293.03,4298.1,453
2026-06-15 04:21:00,4298.12,4301.19,4295.79,4301.19,470
2026-06-15 04:22:00,4301.19,4305.21,4300.61,4304.49,564
2026-06-15 04:23:00,4304.49,4304.67,4301.44,4304.65,470
2026-06-15 04:24:00,4304.69,4306.46,4302.51,4302.56,510
2026-06-15 04:25:00,4302.56,4303.29,4296.84,4299.56,542
2026-06-15 04:26:00,4299.55,4301.21,4299.11,4300.2,431
2026-06-15 04:27:00,4300.2,4302.11,4298.72,4302.09,425
2026-06-15 04:28:00,4302.06,4303.27,4301.48,4302.76,389
2026-06-15 04:29:00,4302.76,4304.71,4302.62,4303.48,392
2026-06-15 04:30:00,4303.48,4304.3,4301.26,4303.16,467
2026-06-15 04:31:00,4303.16,4306.96,4302.15,4306.96,384
2026-06-15 04:32:00,4306.96,4310.46,4305.98,4309.21,466
2026-06-15 04:33:00,4309.22,4312.16,4308.63,4311.58,465
2026-06-15 04:34:00,4311.58,4315.6,4311.44,4312.52,475
2026-06-15 04:35:00,4312.52,4315.27,4311.92,4313.12,468
2026-06-15 04:36:00,4313.12,4313.14,4308.38,4311.56,487
2026-06-15 04:37:00,4311.56,4314.56,4311.4,4314.51,479
2026-06-15 04:38:00,4314.51,4316.53,4313.09,4313.43,423
2026-06-15 04:39:00,4313.43,4315.94,4312.66,4315.67,471
2026-06-15 04:40:00,4315.67,4318.19,4314.73,4317.76,431
2026-06-15 04:41:00,4317.76,4318.93,4315.36,4316.85,412
2026-06-15 04:42:00,4316.85,4318.48,4315.95,4317.86,291
2026-06-15 04:43:00,4317.9,4319.6,4317.27,4317.27,354
2026-06-15 04:44:00,4317.26,4318.64,4315.9,4317.76,396
2026-06-15 04:45:00,4317.76,4317.83,4315.88,4316.64,331
2026-06-15 04:46:00,4316.62,4317.28,4315.05,4315.68,346
2026-06-15 04:47:00,4315.83,4316.66,4314.02,4315.51,340
2026-06-15 04:48:00,4315.5,4315.76,4313.18,4314.01,344
2026-06-15 04:49:00,4314.01,4317.93,4313.45,4317.35,352
2026-06-15 04:50:00,4317.51,4317.71,4314.97,4315.7,360
2026-06-15 04:51:00,4315.7,4318.23,4315.54,4317.74,361
2026-06-15 04:52:00,4317.74,4319.06,4316.67,4318.24,374
2026-06-15 04:53:00,4318.24,4318.93,4317.44,4318.43,383
2026-06-15 04:54:00,4318.43,4318.6,4315.78,4316.18,287
2026-06-15 04:55:00,4316.18,4317.89,4315.98,4317.62,335
2026-06-15 04:56:00,4317.62,4317.9,4315.7,4317.12,299
2026-06-15 04:57:00,4317.14,4319.02,4316.86,4317.81,304
2026-06-15 04:58:00,4317.81,4317.81,4315.36,4316.22,354
2026-06-15 04:59:00,4316.22,4317.45,4315.89,4316.77,309
2026-06-15 05:00:00,4316.77,4320.17,4316.04,4319.91,401
2026-06-15 05:01:00,4319.93,4321.44,4319.92,4320.75,319
2026-06-15 05:02:00,4320.75,4321.59,4319.95,4321.35,345
2026-06-15 05:03:00,4321.35,4324.27,4321.35,4322.89,460
2026-06-15 05:04:00,4322.89,4323.85,4321.28,4322.29,355
2026-06-15 05:05:00,4322.34,4324.74,4322.34,4324.33,293
2026-06-15 05:06:00,4324.33,4324.39,4322.13,4323.28,346
2026-06-15 05:07:00,4323.28,4324.48,4322.97,4323.78,260
2026-06-15 05:08:00,4323.78,4324.22,4323.0,4323.39,295
2026-06-15 05:09:00,4323.39,4324.02,4321.41,4321.52,350
2026-06-15 05:10:00,4321.52,4321.9,4320.1,4320.44,551
2026-06-15 05:11:00,4320.44,4322.35,4320.27,4322.09,323
2026-06-15 05:12:00,4322.09,4324.0,4321.92,4323.61,350
2026-06-15 05:13:00,4323.6,4326.21,4323.6,4324.34,389
2026-06-15 05:14:00,4324.34,4326.67,4324.04,4326.49,379
2026-06-15 05:15:00,4326.49,4327.36,4326.04,4327.1,248
2026-06-15 05:16:00,4327.1,4328.72,4327.07,4328.28,310
2026-06-15 05:17:00,4328.28,4328.43,4326.98,4328.27,220
2026-06-15 05:18:00,4328.27,4328.28,4324.86,4324.97,229
2026-06-15 05:19:00,4324.97,4325.9,4324.29,4325.09,294
2026-06-15 05:20:00,4325.09,4328.66,4325.09,4327.33,296
2026-06-15 05:21:00,4327.33,4330.24,4326.7,4327.6,322
2026-06-15 05:22:00,4327.6,4328.4,4326.05,4327.25,303
2026-06-15 05:23:00,4327.25,4329.16,4327.02,4329.16,202
2026-06-15 05:24:00,4329.16,4331.08,4329.07,4329.56,271
2026-06-15 05:25:00,4329.56,4330.89,4328.42,4328.73,230
2026-06-15 05:26:00,4328.73,4329.6,4327.76,4329.24,245
2026-06-15 05:27:00,4329.24,4329.24,4327.28,4327.43,192
2026-06-15 05:28:00,4327.47,4328.32,4327.26,4327.73,172
2026-06-15 05:29:00,4327.73,4328.24,4326.9,4328.1,221
2026-06-15 05:30:00,4328.13,4331.61,4327.75,4330.22,506
2026-06-15 05:31:00,4330.22,4332.04,4330.17,4331.33,306
2026-06-15 05:32:00,4331.33,4331.99,4330.12,4331.71,323
2026-06-15 05:33:00,4331.71,4331.73,4329.36,4330.31,301
2026-06-15 05:34:00,4330.32,4330.6,4329.65,4329.77,266
2026-06-15 05:35:00,4329.77,4330.18,4328.63,4330.08,265
2026-06-15 05:36:00,4330.09,4331.74,4330.09,4331.0,297
2026-06-15 05:37:00,4330.99,4331.75,4330.27,4331.45,329
2026-06-15 05:38:00,4331.49,4334.24,4330.9,4333.9,322
2026-06-15 05:39:00,4333.9,4333.91,4332.3,4332.87,264
2026-06-15 05:40:00,4332.87,4332.89,4331.08,4331.5,269
2026-06-15 05:41:00,4331.5,4332.97,4328.76,4329.92,354
2026-06-15 05:42:00,4329.92,4330.05,4328.3,4329.41,312
2026-06-15 05:43:00,4329.42,4332.74,4329.35,4332.21,302
2026-06-15 05:44:00,4332.22,4332.53,4329.59,4330.14,273
2026-06-15 05:45:00,4330.14,4330.29,4329.51,4330.13,246
2026-06-15 05:46:00,4330.13,4332.09,4329.59,4331.85,417
2026-06-15 05:47:00,4331.86,4334.37,4331.45,4333.12,378
2026-06-15 05:48:00,4333.12,4334.79,4332.16,4332.31,313
2026-06-15 05:49:00,4332.27,4334.5,4332.25,4334.45,319
2026-06-15 05:50:00,4334.46,4335.43,4333.61,4333.99,328
2026-06-15 05:51:00,4333.99,4334.15,4332.0,4332.77,320
2026-06-15 05:52:00,4332.77,4333.27,4331.8,4332.12,284
2026-06-15 05:53:00,4332.12,4332.19,4327.81,4329.8,446
2026-06-15 05:54:00,4329.8,4331.51,4329.69,4330.01,315
2026-06-15 05:55:00,4330.03,4330.84,4329.55,4329.99,228
2026-06-15 05:56:00,4330.01,4330.13,4329.07,4329.17,229
2026-06-15 05:57:00,4329.17,4330.84,4328.52,4328.69,263
2026-06-15 05:58:00,4328.69,4329.1,4327.96,4328.64,267
2026-06-15 05:59:00,4328.64,4329.85,4328.61,4329.5,227
2026-06-15 06:00:00,4329.5,4331.12,4328.85,4330.38,285
2026-06-15 06:01:00,4330.39,4331.18,4328.75,4330.43,295
2026-06-15 06:02:00,4330.47,4330.8,4327.33,4327.33,368
2026-06-15 06:03:00,4327.36,4328.08,4325.91,4325.91,321
2026-06-15 06:04:00,4325.91,4326.84,4325.5,4326.49,280
2026-06-15 06:05:00,4326.49,4328.34,4325.56,4325.67,329
2026-06-15 06:06:00,4325.67,4326.23,4323.91,4324.26,326
2026-06-15 06:07:00,4324.36,4325.51,4323.0,4325.51,362
2026-06-15 06:08:00,4325.51,4325.56,4321.92,4322.49,384
2026-06-15 06:09:00,4322.49,4323.87,4322.42,4323.68,288
2026-06-15 06:10:00,4323.68,4324.19,4322.85,4322.93,245
2026-06-15 06:11:00,4322.93,4324.37,4322.5,4324.28,302
2026-06-15 06:12:00,4324.28,4325.46,4323.32,4323.98,283
2026-06-15 06:13:00,4323.98,4325.54,4323.9,4324.4,264
2026-06-15 06:14:00,4324.4,4325.7,4324.26,4325.33,187
2026-06-15 06:15:00,4325.32,4326.36,4324.33,4326.19,251
2026-06-15 06:16:00,4326.19,4326.19,4324.9,4325.45,259
2026-06-15 06:17:00,4325.44,4327.76,4325.44,4327.55,287
2026-06-15 06:18:00,4327.55,4329.09,4327.01,4328.18,330
2026-06-15 06:19:00,4328.18,4328.23,4326.46,4326.83,308
2026-06-15 06:20:00,4326.83,4327.18,4325.76,4325.76,234
2026-06-15 06:21:00,4325.76,4325.76,4324.0,4324.49,282
2026-06-15 06:22:00,4324.49,4326.12,4324.16,4325.5,269
2026-06-15 06:23:00,4325.5,4326.02,4324.15,4324.19,309
2026-06-15 06:24:00,4324.19,4325.4,4324.12,4325.17,259
2026-06-15 06:25:00,4325.17,4325.34,4323.63,4323.79,251
2026-06-15 06:26:00,4323.64,4324.78,4321.87,4323.84,289
2026-06-15 06:27:00,4323.87,4323.93,4321.98,4322.03,378
2026-06-15 06:28:00,4322.05,4322.67,4321.43,4322.48,273
2026-06-15 06:29:00,4322.48,4325.03,4321.91,4323.99,298
2026-06-15 06:30:00,4323.99,4326.1,4323.46,4325.74,376
2026-06-15 06:31:00,4325.75,4327.05,4325.54,4326.0,255
2026-06-15 06:32:00,4326.0,4326.22,4325.29,4325.77,181
2026-06-15 06:33:00,4325.77,4326.24,4325.18,4325.74,168
2026-06-15 06:34:00,4325.74,4326.47,4325.28,4326.24,175
2026-06-15 06:35:00,4326.2,4327.35,4325.62,4326.89,171
2026-06-15 06:36:00,4326.9,4327.08,4325.6,4325.78,191
2026-06-15 06:37:00,4325.77,4325.77,4324.59,4324.73,193
2026-06-15 06:38:00,4324.71,4325.82,4324.71,4325.73,205
2026-06-15 06:39:00,4325.73,4326.99,4324.65,4324.73,215
2026-06-15 06:40:00,4324.72,4324.75,4323.7,4324.06,135
2026-06-15 06:41:00,4324.06,4324.36,4323.63,4323.63,154
2026-06-15 06:42:00,4323.63,4324.67,4323.49,4323.56,134
2026-06-15 06:43:00,4323.54,4323.79,4321.26,4322.43,212
2026-06-15 06:44:00,4322.49,4324.17,4322.44,4323.36,156
2026-06-15 06:45:00,4323.36,4325.3,4322.91,4325.18,164
2026-06-15 06:46:00,4325.18,4325.71,4324.64,4324.79,201
2026-06-15 06:47:00,4324.79,4325.93,4324.64,4325.86,131
2026-06-15 06:48:00,4325.87,4326.81,4325.45,4326.66,152
2026-06-15 06:49:00,4326.7,4327.29,4326.05,4326.19,134
2026-06-15 06:50:00,4326.19,4326.19,4324.86,4325.45,166
2026-06-15 06:51:00,4325.45,4326.2,4325.23,4325.84,125
2026-06-15 06:52:00,4325.83,4326.24,4325.61,4325.9,79
2026-06-15 06:53:00,4325.9,4326.24,4325.7,4325.7,160
2026-06-15 06:54:00,4325.65,4325.98,4325.33,4325.34,96
2026-06-15 06:55:00,4325.34,4325.51,4324.3,4325.46,195
2026-06-15 06:56:00,4325.48,4325.98,4325.48,4325.79,138
2026-06-15 06:57:00,4325.79,4325.87,4323.66,4323.81,187
2026-06-15 06:58:00,4323.81,4324.73,4323.73,4324.6,175
2026-06-15 06:59:00,4324.6,4325.03,4324.43,4324.94,145
2026-06-15 07:00:00,4324.94,4325.96,4324.92,4325.92,161
2026-06-15 07:01:00,4325.9,4327.52,4324.88,4325.39,263
2026-06-15 07:02:00,4325.37,4325.37,4323.22,4323.25,180
2026-06-15 07:03:00,4323.34,4324.5,4322.76,4323.9,228
2026-06-15 07:04:00,4323.9,4324.47,4323.15,4323.28,182
2026-06-15 07:05:00,4323.28,4324.07,4323.13,4323.89,183
2026-06-15 07:06:00,4323.89,4325.65,4323.76,4325.59,165
2026-06-15 07:07:00,4325.59,4326.11,4325.21,4325.27,185
2026-06-15 07:08:00,4325.27,4325.28,4324.66,4324.69,163
2026-06-15 07:09:00,4324.69,4325.22,4324.13,4324.16,143
2026-06-15 07:10:00,4324.16,4324.97,4324.08,4324.92,136
2026-06-15 07:11:00,4324.93,4325.7,4324.92,4325.57,160
2026-06-15 07:12:00,4325.58,4326.09,4325.34,4325.38,133
2026-06-15 07:13:00,4325.52,4326.02,4325.28,4325.73,114
2026-06-15 07:14:00,4325.75,4326.44,4325.33,4326.4,111
2026-06-15 07:15:00,4326.4,4327.28,4326.18,4326.94,155
2026-06-15 07:16:00,4326.94,4327.03,4325.84,4326.08,186
2026-06-15 07:17:00,4326.05,4326.86,4323.64,4324.43,278
2026-06-15 07:18:00,4324.43,4325.4,4324.23,4325.4,241
2026-06-15 07:19:00,4325.4,4325.5,4322.96,4324.18,182
2026-06-15 07:20:00,4324.13,4325.21,4323.83,4324.71,266
2026-06-15 07:21:00,4324.71,4325.22,4322.65,4322.82,201
2026-06-15 07:22:00,4322.82,4322.89,4320.84,4322.48,247
2026-06-15 07:23:00,4322.48,4322.87,4322.19,4322.57,197
2026-06-15 07:24:00,4322.54,4322.97,4321.83,4322.46,184
2026-06-15 07:25:00,4322.47,4324.52,4322.4,4323.96,221
2026-06-15 07:26:00,4323.98,4325.3,4323.96,4325.06,156
2026-06-15 07:27:00,4325.06,4326.58,4324.96,4326.54,169
2026-06-15 07:28:00,4326.54,4327.58,4326.36,4327.06,210
2026-06-15 07:29:00,4327.06,4327.65,4326.18,4327.05,180
2026-06-15 07:30:00,4327.05,4327.42,4326.19,4326.65,176
2026-06-15 07:31:00,4326.65,4326.68,4325.48,4325.9,150
2026-06-15 07:32:00,4325.9,4326.2,4325.3,4326.03,124
2026-06-15 07:33:00,4326.03,4327.56,4326.0,4327.5,167
2026-06-15 07:34:00,4327.5,4329.2,4327.23,4328.5,166
2026-06-15 07:35:00,4328.5,4330.21,4328.07,4329.56,151
2026-06-15 07:36:00,4329.56,4329.59,4328.62,4328.77,183
2026-06-15 07:37:00,4328.77,4328.88,4327.64,4327.66,135
2026-06-15 07:38:00,4327.65,4328.13,4327.12,4327.15,117
2026-06-15 07:39:00,4327.16,4328.17,4327.01,4327.88,134
2026-06-15 07:40:00,4327.88,4328.02,4327.41,4327.65,138
2026-06-15 07:41:00,4327.67,4327.78,4326.67,4327.13,158
2026-06-15 07:42:00,4327.13,4328.7,4327.1,4328.64,159
2026-06-15 07:43:00,4328.64,4328.76,4327.29,4327.71,131
2026-06-15 07:44:00,4327.71,4328.08,4327.61,4327.85,134
2026-06-15 07:45:00,4327.87,4328.39,4327.63,4327.83,180
2026-06-15 07:46:00,4327.84,4328.42,4327.72,4328.38,155
2026-06-15 07:47:00,4328.38,4329.15,4328.35,4328.65,161
2026-06-15 07:48:00,4328.65,4328.92,4328.22,4328.92,133
2026-06-15 07:49:00,4328.92,4329.28,4328.0,4328.01,132
2026-06-15 07:50:00,4328.02,4328.25,4327.38,4327.65,132
2026-06-15 07:51:00,4327.65,4328.07,4327.35,4327.42,177
2026-06-15 07:52:00,4327.4,4328.25,4327.32,4327.69,193
2026-06-15 07:53:00,4327.68,4327.89,4326.96,4327.01,159
2026-06-15 07:54:00,4327.05,4327.25,4326.7,4326.81,162
2026-06-15 07:55:00,4326.82,4327.98,4326.52,4327.36,177
2026-06-15 07:56:00,4327.35,4327.99,4327.16,4327.21,143
2026-06-15 07:57:00,4327.21,4328.46,4327.2,4328.17,172
2026-06-15 07:58:00,4328.17,4328.58,4327.97,4328.08,121
2026-06-15 07:59:00,4328.07,4328.35,4327.82,4328.2,123
2026-06-15 08:00:00,4328.22,4330.06,4327.88,4329.46,227
2026-06-15 08:01:00,4329.46,4329.49,4328.52,4328.99,225
2026-06-15 08:02:00,4328.97,4329.6,4328.72,4329.03,191
2026-06-15 08:03:00,4329.03,4329.05,4327.83,4327.9,165
2026-06-15 08:04:00,4327.91,4328.16,4327.3,4328.05,157
2026-06-15 08:05:00,4328.05,4328.05,4326.17,4326.22,195
2026-06-15 08:06:00,4326.22,4326.43,4324.05,4324.13,232
2026-06-15 08:07:00,4324.13,4325.62,4323.99,4325.62,364
2026-06-15 08:08:00,4325.62,4327.32,4325.23,4326.82,279
2026-06-15 08:09:00,4326.82,4329.5,4326.82,4328.86,219
2026-06-15 08:10:00,4328.86,4329.89,4328.49,4329.01,193
2026-06-15 08:11:00,4329.01,4329.4,4328.51,4329.0,196
2026-06-15 08:12:00,4329.0,4330.92,4328.89,4330.0,248
2026-06-15 08:13:00,4330.0,4330.77,4328.69,4329.31,283
2026-06-15 08:14:00,4329.31,4329.6,4328.76,4328.79,166
2026-06-15 08:15:00,4328.79,4329.98,4327.95,4328.11,223
2026-06-15 08:16:00,4328.11,4328.62,4326.02,4326.06,239
2026-06-15 08:17:00,4326.11,4328.05,4325.98,4327.42,238
2026-06-15 08:18:00,4327.46,4328.14,4327.46,4327.88,215
2026-06-15 08:19:00,4327.88,4328.42,4327.06,4328.14,215
2026-06-15 08:20:00,4328.14,4329.0,4328.03,4328.74,220
2026-06-15 08:21:00,4328.73,4331.98,4328.64,4331.8,283
2026-06-15 08:22:00,4331.8,4332.85,4331.77,4332.85,220
2026-06-15 08:23:00,4332.85,4332.99,4331.4,4331.64,241
2026-06-15 08:24:00,4331.61,4331.63,4330.55,4330.55,241
2026-06-15 08:25:00,4330.55,4331.52,4330.37,4331.51,213
2026-06-15 08:26:00,4331.51,4331.94,4330.26,4331.14,229
2026-06-15 08:27:00,4331.14,4331.14,4328.57,4329.28,172
2026-06-15 08:28:00,4329.28,4330.69,4328.8,4329.13,162
2026-06-15 08:29:00,4329.13,4330.32,4329.12,4330.27,250
2026-06-15 08:30:00,4330.27,4332.79,4329.57,4330.03,378
2026-06-15 08:31:00,4330.01,4331.11,4329.47,4329.67,418
2026-06-15 08:32:00,4329.7,4329.78,4327.08,4327.8,341
2026-06-15 08:33:00,4327.8,4327.8,4325.06,4325.26,360
2026-06-15 08:34:00,4325.26,4327.47,4324.91,4327.44,272
2026-06-15 08:35:00,4327.45,4328.18,4324.19,4325.42,327
2026-06-15 08:36:00,4325.42,4326.01,4321.69,4321.81,390
2026-06-15 08:37:00,4321.81,4323.3,4319.61,4320.47,294
2026-06-15 08:38:00,4320.47,4322.79,4320.22,4321.46,337
2026-06-15 08:39:00,4321.46,4322.77,4320.71,4320.71,340
2026-06-15 08:40:00,4320.71,4320.93,4319.25,4320.21,331
2026-06-15 08:41:00,4320.21,4320.98,4319.06,4319.32,238
2026-06-15 08:42:00,4319.32,4319.87,4317.24,4317.45,323
2026-06-15 08:43:00,4317.45,4317.85,4315.33,4315.52,303
2026-06-15 08:44:00,4315.42,4316.27,4312.66,4312.72,402
2026-06-15 08:45:00,4312.72,4313.25,4309.59,4312.44,448
2026-06-15 08:46:00,4312.4,4314.82,4312.0,4314.47,362
2026-06-15 08:47:00,4314.47,4316.28,4314.03,4315.05,274
2026-06-15 08:48:00,4315.05,4315.88,4314.79,4315.43,192
2026-06-15 08:49:00,4315.48,4316.06,4313.57,4313.91,253
2026-06-15 08:50:00,4313.93,4314.75,4313.02,4313.03,305
2026-06-15 08:51:00,4312.99,4313.07,4309.44,4310.37,354
2026-06-15 08:52:00,4310.37,4311.72,4308.19,4311.35,375
2026-06-15 08:53:00,4311.35,4312.79,4311.0,4312.74,262
2026-06-15 08:54:00,4312.81,4313.11,4309.92,4310.48,276
2026-06-15 08:55:00,4310.49,4310.56,4308.24,4308.34,266
2026-06-15 08:56:00,4308.34,4309.92,4307.49,4309.92,363
2026-06-15 08:57:00,4309.92,4310.57,4308.85,4310.3,241
2026-06-15 08:58:00,4310.3,4311.57,4310.18,4311.09,239
2026-06-15 08:59:00,4311.09,4311.63,4309.9,4310.01,186
2026-06-15 09:00:00,4310.01,4311.6,4309.72,4310.88,413
2026-06-15 09:01:00,4310.88,4312.53,4309.95,4312.25,442
2026-06-15 09:02:00,4312.25,4312.79,4311.15,4311.86,287
2026-06-15 09:03:00,4311.86,4312.36,4310.51,4311.97,304
2026-06-15 09:04:00,4312.02,4312.67,4311.26,4311.99,375
2026-06-15 09:05:00,4312.0,4312.48,4310.16,4312.27,332
2026-06-15 09:06:00,4312.27,4313.4,4309.66,4310.26,363
2026-06-15 09:07:00,4310.26,4310.31,4308.27,4309.3,379
2026-06-15 09:08:00,4309.38,4310.15,4303.78,4306.31,499
2026-06-15 09:09:00,4306.24,4306.64,4303.76,4305.25,390
2026-06-15 09:10:00,4305.23,4306.59,4302.92,4305.6,386
2026-06-15 09:11:00,4305.6,4306.93,4304.44,4306.23,363
2026-06-15 09:12:00,4306.23,4306.77,4304.98,4305.62,305
2026-06-15 09:13:00,4305.62,4307.73,4305.62,4307.11,275
2026-06-15 09:14:00,4307.11,4308.86,4307.11,4308.83,282
2026-06-15 09:15:00,4308.83,4309.37,4308.21,4308.24,267
2026-06-15 09:16:00,4308.24,4308.77,4305.15,4306.32,304
2026-06-15 09:17:00,4306.32,4307.35,4305.6,4306.37,367
2026-06-15 09:18:00,4306.37,4306.71,4305.04,4305.27,279
2026-06-15 09:19:00,4305.27,4305.57,4303.81,4304.65,305
2026-06-15 09:20:00,4304.65,4306.56,4304.29,4304.46,386
2026-06-15 09:21:00,4304.52,4305.15,4302.99,4305.1,337
2026-06-15 09:22:00,4305.1,4308.21,4304.95,4307.43,323
2026-06-15 09:23:00,4307.43,4307.53,4304.89,4305.99,282
2026-06-15 09:24:00,4305.99,4307.42,4305.58,4307.21,327
2026-06-15 09:25:00,4307.21,4309.38,4307.17,4308.73,336
2026-06-15 09:26:00,4308.73,4309.0,4307.7,4308.34,254
2026-06-15 09:27:00,4308.34,4308.83,4307.1,4307.25,300
2026-06-15 09:28:00,4307.25,4307.66,4305.54,4305.54,249
2026-06-15 09:29:00,4305.54,4306.07,4303.64,4304.99,399
2026-06-15 09:30:00,4305.01,4305.78,4303.68,4304.07,434
2026-06-15 09:31:00,4304.08,4305.22,4302.92,4305.13,318
2026-06-15 09:32:00,4305.13,4305.33,4303.82,4304.28,321
2026-06-15 09:33:00,4304.28,4306.93,4304.2,4306.11,328
2026-06-15 09:34:00,4306.11,4307.1,4305.39,4306.34,296
2026-06-15 09:35:00,4306.5,4307.05,4304.48,4305.39,330
2026-06-15 09:36:00,4305.45,4306.7,4305.12,4306.25,273
2026-06-15 09:37:00,4306.25,4306.83,4305.25,4305.51,388
2026-06-15 09:38:00,4305.51,4305.61,4303.41,4304.01,313
2026-06-15 09:39:00,4304.03,4304.44,4302.67,4303.1,340
2026-06-15 09:40:00,4303.1,4303.6,4302.31,4303.56,323
2026-06-15 09:41:00,4303.56,4304.5,4301.26,4301.8,422
2026-06-15 09:42:00,4301.79,4303.93,4300.8,4303.23,392
2026-06-15 09:43:00,4303.23,4306.62,4303.16,4306.62,499
2026-06-15 09:44:00,4306.62,4306.8,4305.27,4306.46,275
2026-06-15 09:45:00,4306.51,4307.82,4306.41,4306.63,275
2026-06-15 09:46:00,4306.63,4307.28,4305.56,4305.56,259
2026-06-15 09:47:00,4305.56,4305.96,4304.2,4305.06,268
2026-06-15 09:48:00,4305.16,4306.88,4305.16,4306.54,191
2026-06-15 09:49:00,4306.54,4307.8,4306.35,4307.59,201
2026-06-15 09:50:00,4307.59,4307.95,4305.27,4306.09,278
2026-06-15 09:51:00,4306.11,4307.06,4305.91,4307.05,220
2026-06-15 09:52:00,4307.05,4307.7,4306.88,4307.48,235
2026-06-15 09:53:00,4307.45,4307.81,4306.4,4307.37,300
2026-06-15 09:54:00,4307.37,4308.04,4307.02,4307.59,290
2026-06-15 09:55:00,4307.59,4308.69,4307.03,4308.15,269
2026-06-15 09:56:00,4308.15,4309.48,4307.65,4309.33,266
2026-06-15 09:57:00,4309.33,4309.65,4309.02,4309.23,229
2026-06-15 09:58:00,4309.26,4309.81,4308.51,4308.51,184
2026-06-15 09:59:00,4308.51,4308.8,4307.78,4308.16,256
2026-06-15 10:00:00,4308.13,4308.7,4305.33,4306.6,327
2026-06-15 10:01:00,4306.63,4308.43,4306.27,4306.51,296
2026-06-15 10:02:00,4306.5,4307.23,4305.92,4306.04,315
2026-06-15 10:03:00,4306.04,4307.91,4305.86,4306.53,265
2026-06-15 10:04:00,4306.53,4310.75,4306.53,4310.46,314
2026-06-15 10:05:00,4310.46,4310.61,4309.12,4309.7,283
2026-06-15 10:06:00,4309.7,4309.96,4307.84,4309.12,299
2026-06-15 10:07:00,4309.12,4311.83,4308.86,4311.67,279
2026-06-15 10:08:00,4311.67,4313.04,4310.82,4313.04,263
2026-06-15 10:09:00,4313.08,4313.08,4311.9,4312.59,452
2026-06-15 10:10:00,4312.59,4313.26,4311.7,4312.0,284
2026-06-15 10:11:00,4312.0,4312.09,4310.13,4310.55,247
2026-06-15 10:12:00,4310.58,4313.02,4310.56,4312.61,266
2026-06-15 10:13:00,4312.61,4313.57,4312.2,4313.27,244
2026-06-15 10:14:00,4313.25,4314.26,4312.39,4313.6,322
2026-06-15 10:15:00,4313.59,4314.13,4313.18,4313.64,332
2026-06-15 10:16:00,4313.64,4314.67,4313.57,4314.39,249
2026-06-15 10:17:00,4314.39,4314.39,4313.37,4314.2,243
2026-06-15 10:18:00,4314.2,4315.3,4314.15,4315.08,254
2026-06-15 10:19:00,4315.08,4315.1,4313.61,4314.29,271
2026-06-15 10:20:00,4314.36,4315.15,4313.32,4315.08,283
2026-06-15 10:21:00,4315.08,4317.77,4315.06,4317.73,316
2026-06-15 10:22:00,4317.73,4318.74,4317.35,4318.43,346
2026-06-15 10:23:00,4318.43,4318.7,4316.85,4317.96,281
2026-06-15 10:24:00,4317.96,4318.83,4315.59,4316.37,356
2026-06-15 10:25:00,4316.42,4316.97,4315.54,4316.93,264
2026-06-15 10:26:00,4316.93,4317.67,4316.72,4317.03,266
2026-06-15 10:27:00,4317.03,4318.21,4316.92,4317.34,311
2026-06-15 10:28:00,4317.34,4317.72,4316.85,4317.13,256
2026-06-15 10:29:00,4317.13,4317.13,4316.3,4316.71,266
2026-06-15 10:30:00,4316.71,4317.11,4315.53,4315.73,332
2026-06-15 10:31:00,4315.73,4316.91,4315.53,4316.28,341
2026-06-15 10:32:00,4316.28,4316.38,4313.39,4313.86,386
2026-06-15 10:33:00,4313.85,4315.1,4313.44,4314.65,408
2026-06-15 10:34:00,4314.65,4314.66,4312.55,4314.04,397
2026-06-15 10:35:00,4314.05,4315.14,4313.33,4314.69,315
2026-06-15 10:36:00,4314.69,4314.89,4313.05,4313.78,295
2026-06-15 10:37:00,4313.78,4313.78,4312.08,4312.14,289
2026-06-15 10:38:00,4312.15,4315.05,4311.94,4314.75,366
2026-06-15 10:39:00,4314.75,4316.49,4314.3,4316.01,297
2026-06-15 10:40:00,4316.01,4316.74,4315.46,4315.49,290
2026-06-15 10:41:00,4315.49,4315.8,4314.55,4315.55,275
2026-06-15 10:42:00,4315.56,4316.81,4314.57,4316.68,339
2026-06-15 10:43:00,4316.67,4317.45,4315.91,4316.05,303
2026-06-15 10:44:00,4316.09,4316.77,4316.02,4316.67,221
2026-06-15 10:45:00,4316.67,4317.38,4315.6,4315.74,261
2026-06-15 10:46:00,4315.77,4315.87,4314.37,4314.47,263
2026-06-15 10:47:00,4314.47,4315.02,4313.5,4313.97,241
2026-06-15 10:48:00,4313.97,4314.34,4313.11,4313.13,205
2026-06-15 10:49:00,4313.13,4314.04,4312.66,4313.56,217
2026-06-15 10:50:00,4313.56,4315.55,4313.13,4315.27,268
2026-06-15 10:51:00,4315.27,4318.8,4314.93,4318.79,276
2026-06-15 10:52:00,4318.87,4320.42,4318.6,4320.29,381
2026-06-15 10:53:00,4320.29,4321.04,4319.07,4320.72,316
2026-06-15 10:54:00,4320.72,4323.3,4319.98,4323.2,371
2026-06-15 10:55:00,4323.2,4323.5,4321.4,4322.21,314
2026-06-15 10:56:00,4322.21,4322.3,4321.17,4321.59,342
2026-06-15 10:57:00,4321.59,4323.52,4320.37,4323.44,347
2026-06-15 10:58:00,4323.44,4324.5,4323.23,4324.5,284
2026-06-15 10:59:00,4324.5,4325.23,4322.9,4323.21,318
2026-06-15 11:00:00,4323.22,4323.97,4322.19,4323.95,344
2026-06-15 11:01:00,4323.95,4324.47,4321.71,4322.1,299
2026-06-15 11:02:00,4322.1,4326.11,4322.1,4325.93,295
2026-06-15 11:03:00,4325.93,4327.61,4325.14,4327.49,430
2026-06-15 11:04:00,4327.49,4329.28,4327.2,4328.3,336
2026-06-15 11:05:00,4328.3,4329.26,4326.7,4327.17,339
2026-06-15 11:06:00,4327.17,4327.43,4326.04,4326.79,376
2026-06-15 11:07:00,4326.77,4327.94,4326.0,4327.21,273
2026-06-15 11:08:00,4327.21,4327.84,4325.89,4327.84,256
2026-06-15 11:09:00,4327.91,4329.17,4327.91,4329.02,293
2026-06-15 11:10:00,4329.02,4329.02,4325.91,4326.13,271
2026-06-15 11:11:00,4326.13,4326.24,4324.29,4325.9,249
2026-06-15 11:12:00,4325.9,4326.96,4325.56,4326.76,273
2026-06-15 11:13:00,4326.76,4326.96,4325.28,4325.64,273
2026-06-15 11:14:00,4325.64,4329.62,4325.33,4328.9,429
2026-06-15 11:15:00,4328.89,4330.2,4328.21,4328.47,306
2026-06-15 11:16:00,4328.47,4328.91,4327.69,4328.82,281
2026-06-15 11:17:00,4328.82,4329.76,4328.08,4329.74,276
2026-06-15 11:18:00,4329.74,4330.58,4329.62,4330.28,282
2026-06-15 11:19:00,4330.27,4331.25,4329.11,4329.67,368
2026-06-15 11:20:00,4329.67,4331.64,4329.36,4330.57,368
2026-06-15 11:21:00,4330.57,4331.13,4329.33,4329.41,299
2026-06-15 11:22:00,4329.41,4329.81,4328.6,4329.35,291
2026-06-15 11:23:00,4329.35,4331.86,4329.18,4330.88,290
2026-06-15 11:24:00,4330.88,4330.95,4328.83,4328.83,238
2026-06-15 11:25:00,4328.83,4329.35,4327.94,4328.92,332
2026-06-15 11:26:00,4328.92,4329.98,4328.56,4329.91,261
2026-06-15 11:27:00,4329.91,4331.22,4329.64,4331.02,298
2026-06-15 11:28:00,4331.02,4332.76,4328.2,4328.41,373
2026-06-15 11:29:00,4328.41,4329.35,4327.35,4328.57,377
2026-06-15 11:30:00,4328.57,4329.43,4327.92,4329.07,355
2026-06-15 11:31:00,4329.07,4332.8,4329.07,4332.77,315
2026-06-15 11:32:00,4332.77,4338.15,4332.68,4337.68,452
2026-06-15 11:33:00,4337.68,4340.29,4337.38,4340.23,345
2026-06-15 11:34:00,4340.23,4343.47,4339.66,4343.41,413
2026-06-15 11:35:00,4343.41,4343.95,4342.11,4342.77,378
2026-06-15 11:36:00,4342.77,4344.92,4341.18,4344.44,331
2026-06-15 11:37:00,4344.44,4345.07,4343.98,4344.82,396
2026-06-15 11:38:00,4344.82,4345.45,4342.71,4342.93,314
2026-06-15 11:39:00,4342.93,4344.32,4342.29,4342.95,264
2026-06-15 11:40:00,4342.95,4343.54,4342.09,4342.65,242
2026-06-15 11:41:00,4342.65,4344.34,4342.31,4343.81,316
2026-06-15 11:42:00,4343.81,4345.13,4343.51,4344.92,260
2026-06-15 11:43:00,4344.92,4344.92,4342.44,4342.77,240
2026-06-15 11:44:00,4342.77,4342.77,4340.74,4340.99,342
2026-06-15 11:45:00,4341.01,4343.01,4339.97,4342.48,329
2026-06-15 11:46:00,4342.48,4342.49,4341.27,4341.28,226
2026-06-15 11:47:00,4341.28,4341.69,4340.62,4340.92,208
2026-06-15 11:48:00,4340.92,4341.36,4339.24,4339.72,282
2026-06-15 11:49:00,4339.65,4339.65,4337.45,4338.01,463
2026-06-15 11:50:00,4338.01,4338.08,4334.72,4334.8,353
2026-06-15 11:51:00,4334.8,4336.21,4334.79,4335.65,268
2026-06-15 11:52:00,4335.66,4338.03,4335.65,4338.02,231
2026-06-15 11:53:00,4338.02,4338.73,4337.74,4338.61,204
2026-06-15 11:54:00,4338.61,4339.29,4337.76,4339.19,237
2026-06-15 11:55:00,4339.22,4339.22,4336.27,4336.82,246
2026-06-15 11:56:00,4336.82,4337.1,4335.22,4335.8,282
2026-06-15 11:57:00,4335.8,4336.35,4334.49,4335.21,263
2026-06-15 11:58:00,4335.21,4336.72,4335.17,4336.72,223
2026-06-15 11:59:00,4336.72,4336.73,4334.06,4334.06,184
2026-06-15 12:00:00,4334.54,4334.82,4334.54,4334.82,11
2026-06-15 12:01:00,4337.17,4338.2,4337.08,4338.19,14
2026-06-15 12:02:00,4339.39,4339.39,4338.86,4338.97,13
2026-06-15 12:03:00,4338.85,4338.99,4338.37,4338.37,7
2026-06-15 12:04:00,4339.64,4339.85,4338.9,4339.03,19
2026-06-15 12:05:00,4341.48,4342.1,4341.44,4342.1,6
2026-06-15 12:06:00,4342.77,4343.16,4341.43,4341.44,17
2026-06-15 12:07:00,4341.68,4341.68,4340.35,4340.41,8
2026-06-15 12:08:00,4339.49,4342.23,4339.49,4342.23,6
2026-06-15 12:09:00,4341.16,4341.31,4339.66,4339.97,17
2026-06-15 12:10:00,4340.49,4340.49,4340.32,4340.32,6
2026-06-15 12:11:00,4340.64,4340.65,4339.0,4339.0,13
2026-06-15 12:12:00,4338.22,4338.26,4337.88,4338.01,14
2026-06-15 12:13:00,4337.43,4338.39,4337.43,4338.38,9
2026-06-15 12:14:00,4338.22,4338.97,4338.15,4338.94,9
2026-06-15 12:15:00,4339.48,4339.48,4338.21,4338.35,11
2026-06-15 12:16:00,4337.71,4337.71,4337.61,4337.7,10
2026-06-15 12:17:00,4339.35,4339.35,4339.22,4339.22,4
2026-06-15 12:18:00,4339.79,4340.04,4339.41,4339.42,13
2026-06-15 12:19:00,4339.71,4339.72,4338.91,4338.96,11
2026-06-15 12:20:00,4339.11,4339.28,4338.97,4339.28,9
2026-06-15 12:21:00,4339.72,4341.4,4339.71,4341.4,16
2026-06-15 12:22:00,4341.68,4341.68,4341.51,4341.61,11
2026-06-15 12:23:00,4341.55,4342.43,4341.47,4342.43,19
2026-06-15 12:24:00,4341.83,4342.84,4341.83,4342.74,11
2026-06-15 12:25:00,4339.63,4339.66,4337.53,4337.55,18
2026-06-15 12:26:00,4337.14,4337.41,4337.14,4337.41,10
2026-06-15 12:27:00,4337.69,4338.07,4337.65,4338.06,12
2026-06-15 12:28:00,4339.46,4339.48,4339.11,4339.14,9
2026-06-15 12:29:00,4339.72,4339.84,4339.72,4339.84,5
2026-06-15 12:30:00,4338.58,4338.93,4337.06,4337.06,14
2026-06-15 12:31:00,4336.63,4337.64,4336.63,4337.17,13
2026-06-15 12:32:00,4337.72,4337.87,4337.44,4337.44,22
2026-06-15 12:33:00,4336.75,4336.76,4336.74,4336.75,4
2026-06-15 12:34:00,4336.76,4336.77,4336.76,4336.77,2
2026-06-15 12:35:00,4335.79,4335.91,4335.7,4335.76,18
2026-06-15 12:36:00,4339.46,4340.41,4339.43,4340.4,12
2026-06-15 12:37:00,4339.56,4339.86,4339.2,4339.23,166
2026-06-15 12:38:00,4339.24,4340.41,4339.17,4340.3,239
2026-06-15 12:39:00,4340.3,4341.07,4339.58,4339.78,213
2026-06-15 12:40:00,4339.78,4340.17,4338.59,4338.81,246
2026-06-15 12:41:00,4338.81,4338.84,4338.08,4338.42,197
2026-06-15 12:42:00,4339.17,4339.36,4338.37,4338.67,134
2026-06-15 12:43:00,4338.66,4338.79,4336.34,4336.43,178
2026-06-15 12:44:00,4336.43,4336.46,4335.26,4335.71,277
2026-06-15 12:45:00,4335.68,4336.06,4335.12,4335.53,258
2026-06-15 12:46:00,4335.53,4338.23,4335.53,4338.09,272
2026-06-15 12:47:00,4338.09,4339.79,4337.96,4339.76,216
2026-06-15 12:48:00,4339.76,4340.81,4339.73,4340.26,218
2026-06-15 12:49:00,4340.25,4340.35,4339.69,4340.02,194
2026-06-15 12:50:00,4340.01,4340.74,4339.7,4339.86,277
2026-06-15 12:51:00,4339.88,4340.69,4339.71,4340.04,294
2026-06-15 12:52:00,4340.04,4340.88,4339.92,4340.62,265
2026-06-15 12:53:00,4340.65,4340.72,4339.7,4339.81,199
2026-06-15 12:54:00,4339.81,4340.24,4339.62,4339.63,200
2026-06-15 12:55:00,4339.63,4339.95,4338.42,4338.75,231
2026-06-15 12:56:00,4338.75,4339.38,4338.06,4339.04,291
2026-06-15 12:57:00,4339.04,4340.55,4338.92,4339.53,251
2026-06-15 12:58:00,4339.56,4340.38,4338.6,4338.67,274
2026-06-15 12:59:00,4338.67,4338.98,4336.53,4336.63,272
2026-06-15 13:00:00,4336.63,4337.22,4335.91,4336.84,313
2026-06-15 13:01:00,4336.85,4336.86,4336.14,4336.86,255
2026-06-15 13:02:00,4336.86,4337.57,4336.76,4336.99,249
2026-06-15 13:03:00,4336.99,4337.32,4336.26,4336.27,253
2026-06-15 13:04:00,4336.27,4336.94,4335.8,4335.83,199
2026-06-15 13:05:00,4335.84,4338.71,4335.83,4338.34,297
2026-06-15 13:06:00,4338.34,4339.25,4338.19,4339.24,322
2026-06-15 13:07:00,4339.24,4340.37,4337.83,4338.32,268
2026-06-15 13:08:00,4338.32,4338.58,4337.25,4337.7,275
2026-06-15 13:09:00,4337.71,4338.15,4337.55,4338.1,229
2026-06-15 13:10:00,4338.11,4338.16,4337.25,4337.84,253
2026-06-15 13:11:00,4337.84,4337.87,4336.52,4337.41,270
2026-06-15 13:12:00,4337.41,4338.19,4337.15,4337.44,220
2026-06-15 13:13:00,4337.42,4337.42,4336.42,4336.45,195
2026-06-15 13:14:00,4336.41,4338.1,4336.32,4337.84,267
2026-06-15 13:15:00,4337.84,4338.99,4337.84,4338.15,260
2026-06-15 13:16:00,4338.15,4339.07,4337.67,4338.98,186
2026-06-15 13:17:00,4338.98,4339.16,4337.82,4338.0,214
2026-06-15 13:18:00,4338.01,4338.33,4337.65,4338.01,173
2026-06-15 13:19:00,4338.0,4338.9,4337.97,4338.5,193
2026-06-15 13:20:00,4338.5,4338.88,4337.48,4337.52,147
2026-06-15 13:21:00,4337.5,4338.59,4337.5,4338.27,251
2026-06-15 13:22:00,4338.27,4338.53,4336.13,4336.82,300
2026-06-15 13:23:00,4336.81,4337.05,4336.41,4336.89,205
2026-06-15 13:24:00,4336.94,4338.38,4336.93,4338.35,217
2026-06-15 13:25:00,4338.35,4339.09,4337.98,4338.07,356
2026-06-15 13:26:00,4338.07,4339.17,4337.7,4338.98,277
2026-06-15 13:27:00,4338.98,4339.44,4338.7,4339.23,240
2026-06-15 13:28:00,4339.23,4339.23,4338.11,4338.24,264
2026-06-15 13:29:00,4338.24,4339.16,4338.21,4338.54,237
2026-06-15 13:30:00,4338.53,4338.75,4337.42,4337.64,284
2026-06-15 13:31:00,4337.66,4339.03,4337.47,4338.9,232
2026-06-15 13:32:00,4338.9,4340.16,4338.76,4339.65,205
2026-06-15 13:33:00,4339.65,4339.91,4339.29,4339.71,162
2026-06-15 13:34:00,4339.71,4340.34,4338.5,4339.21,259
2026-06-15 13:35:00,4339.22,4339.41,4338.68,4338.71,215
2026-06-15 13:36:00,4338.73,4339.42,4337.87,4338.85,261
2026-06-15 13:37:00,4338.85,4339.39,4338.46,4339.31,190
2026-06-15 13:38:00,4339.31,4340.18,4338.67,4340.01,183
2026-06-15 13:39:00,4340.01,4340.01,4336.52,4336.71,273
2026-06-15 13:40:00,4336.71,4337.76,4336.7,4337.42,202
2026-06-15 13:41:00,4337.42,4337.45,4335.33,4337.18,242
2026-06-15 13:42:00,4337.18,4338.28,4337.18,4338.25,198
2026-06-15 13:43:00,4338.24,4338.37,4337.06,4337.07,191
2026-06-15 13:44:00,4337.07,4337.81,4336.96,4337.81,241
2026-06-15 13:45:00,4337.81,4340.58,4337.8,4340.55,249
2026-06-15 13:46:00,4340.55,4341.62,4338.59,4338.59,244
2026-06-15 13:47:00,4338.59,4339.36,4337.61,4339.36,256
2026-06-15 13:48:00,4339.36,4339.58,4338.58,4338.65,190
2026-06-15 13:49:00,4338.65,4340.45,4338.04,4340.35,197
2026-06-15 13:50:00,4340.35,4340.6,4339.44,4339.72,200
2026-06-15 13:51:00,4339.72,4340.45,4339.56,4340.45,232
2026-06-15 13:52:00,4340.45,4340.46,4339.74,4340.33,187
2026-06-15 13:53:00,4340.33,4340.73,4339.2,4339.66,257
2026-06-15 13:54:00,4339.66,4339.71,4336.41,4337.27,316
2026-06-15 13:55:00,4337.26,4337.79,4336.77,4337.45,280
2026-06-15 13:56:00,4337.47,4338.45,4337.32,4338.25,227
2026-06-15 13:57:00,4338.24,4338.8,4337.77,4338.32,260
2026-06-15 13:58:00,4338.32,4338.88,4337.58,4337.77,214
2026-06-15 13:59:00,4337.77,4338.52,4337.64,4338.14,246
2026-06-15 14:00:00,4338.14,4338.37,4336.4,4337.44,397
2026-06-15 14:01:00,4337.44,4338.97,4337.34,4337.83,295
2026-06-15 14:02:00,4337.83,4338.57,4337.51,4337.77,236
2026-06-15 14:03:00,4337.77,4338.7,4336.22,4338.2,285
2026-06-15 14:04:00,4338.2,4338.69,4337.25,4337.64,258
2026-06-15 14:05:00,4337.69,4338.38,4337.56,4338.11,253
2026-06-15 14:06:00,4338.12,4339.3,4337.84,4338.92,205
2026-06-15 14:07:00,4338.97,4339.12,4338.16,4338.17,234
2026-06-15 14:08:00,4338.17,4338.69,4338.04,4338.62,201
2026-06-15 14:09:00,4338.62,4338.99,4338.29,4338.47,184
2026-06-15 14:10:00,4338.47,4338.78,4338.23,4338.28,165
2026-06-15 14:11:00,4338.3,4339.91,4337.91,4337.93,305
2026-06-15 14:12:00,4337.93,4338.52,4337.51,4337.51,241
2026-06-15 14:13:00,4337.51,4339.1,4337.02,4338.92,294
2026-06-15 14:14:00,4338.92,4339.22,4337.73,4338.0,309
2026-06-15 14:15:00,4338.0,4338.64,4337.04,4337.21,311
2026-06-15 14:16:00,4337.21,4338.82,4336.79,4338.56,252
2026-06-15 14:17:00,4338.56,4338.64,4337.44,4338.1,308
2026-06-15 14:18:00,4338.1,4338.23,4337.74,4337.88,305
2026-06-15 14:19:00,4337.88,4339.83,4337.85,4339.14,264
2026-06-15 14:20:00,4339.14,4340.25,4336.86,4336.93,476
2026-06-15 14:21:00,4336.93,4337.66,4336.56,4336.71,259
2026-06-15 14:22:00,4336.71,4337.81,4336.71,4337.48,335
2026-06-15 14:23:00,4337.48,4337.64,4336.59,4337.3,254
2026-06-15 14:24:00,4337.3,4337.85,4336.09,4337.78,210
2026-06-15 14:25:00,4337.78,4338.18,4336.43,4337.36,326
2026-06-15 14:26:00,4337.36,4338.07,4337.28,4338.06,264
2026-06-15 14:27:00,4338.06,4338.19,4337.48,4337.78,431
2026-06-15 14:28:00,4337.78,4340.32,4337.69,4340.24,239
2026-06-15 14:29:00,4340.24,4341.46,4340.22,4340.98,329
2026-06-15 14:30:00,4340.98,4346.85,4340.98,4343.91,461
2026-06-15 14:31:00,4343.91,4345.0,4343.68,4344.97,288
2026-06-15 14:32:00,4344.97,4346.77,4344.69,4346.16,291
2026-06-15 14:33:00,4346.28,4346.4,4343.25,4344.48,245
2026-06-15 14:34:00,4344.48,4346.0,4344.11,4345.97,216
2026-06-15 14:35:00,4345.97,4346.07,4343.3,4343.3,232
2026-06-15 14:36:00,4343.3,4343.39,4341.5,4343.28,337
2026-06-15 14:37:00,4343.28,4345.37,4343.06,4345.31,305
2026-06-15 14:38:00,4345.31,4345.7,4344.43,4344.83,243
2026-06-15 14:39:00,4344.83,4346.88,4344.73,4346.74,281
2026-06-15 14:40:00,4346.74,4346.76,4344.91,4344.91,257
2026-06-15 14:41:00,4344.89,4345.9,4344.63,4345.65,334
2026-06-15 14:42:00,4345.65,4347.56,4344.85,4344.85,290
2026-06-15 14:43:00,4344.76,4344.81,4340.79,4342.3,416
2026-06-15 14:44:00,4342.3,4342.9,4338.12,4338.45,428
2026-06-15 14:45:00,4338.46,4338.63,4335.76,4336.78,634
2026-06-15 14:46:00,4336.78,4336.87,4331.98,4333.0,594
2026-06-15 14:47:00,4333.0,4334.13,4332.29,4332.44,415
2026-06-15 14:48:00,4332.44,4333.95,4331.95,4333.64,343
2026-06-15 14:49:00,4333.64,4334.12,4331.97,4333.76,362
2026-06-15 14:50:00,4333.76,4336.29,4333.75,4335.04,502
2026-06-15 14:51:00,4335.04,4336.64,4334.8,4336.31,340
2026-06-15 14:52:00,4336.31,4336.82,4336.0,4336.29,332
2026-06-15 14:53:00,4336.29,4336.49,4333.89,4334.77,350
2026-06-15 14:54:00,4334.77,4336.54,4334.54,4335.95,388
2026-06-15 14:55:00,4335.95,4336.27,4333.88,4335.05,359
2026-06-15 14:56:00,4335.05,4336.01,4334.92,4335.0,380
2026-06-15 14:57:00,4335.0,4335.54,4334.47,4335.49,257
2026-06-15 14:58:00,4335.49,4335.88,4334.46,4335.65,254
2026-06-15 14:59:00,4335.65,4335.66,4334.5,4335.27,199
2026-06-15 15:00:00,4335.27,4337.0,4334.64,4335.81,329
2026-06-15 15:01:00,4335.81,4335.87,4334.19,4335.87,316
2026-06-15 15:02:00,4335.87,4336.99,4335.79,4336.96,329
2026-06-15 15:03:00,4336.96,4337.79,4336.59,4337.68,257
2026-06-15 15:04:00,4337.68,4338.75,4337.42,4337.61,283
2026-06-15 15:05:00,4337.61,4337.8,4335.53,4337.48,407
2026-06-15 15:06:00,4337.47,4338.3,4337.01,4337.79,281
2026-06-15 15:07:00,4337.79,4337.81,4336.3,4336.49,239
2026-06-15 15:08:00,4336.49,4336.81,4335.74,4335.8,261
2026-06-15 15:09:00,4335.82,4336.22,4334.39,4334.6,296
2026-06-15 15:10:00,4334.6,4337.67,4334.54,4337.18,324
2026-06-15 15:11:00,4337.18,4338.56,4337.11,4337.35,329
2026-06-15 15:12:00,4337.35,4337.35,4335.32,4336.78,270
2026-06-15 15:13:00,4336.78,4336.85,4334.34,4334.58,301
2026-06-15 15:14:00,4334.58,4334.87,4330.56,4331.15,517
2026-06-15 15:15:00,4331.09,4333.2,4330.38,4330.75,394
2026-06-15 15:16:00,4330.74,4331.05,4327.76,4328.87,429
2026-06-15 15:17:00,4328.87,4329.12,4324.76,4324.88,572
2026-06-15 15:18:00,4324.88,4327.8,4324.59,4327.65,449
2026-06-15 15:19:00,4327.64,4327.78,4325.96,4327.25,316
2026-06-15 15:20:00,4327.24,4327.92,4325.07,4327.84,492
2026-06-15 15:21:00,4327.84,4329.75,4327.82,4328.8,407
2026-06-15 15:22:00,4328.8,4331.04,4328.05,4330.92,351
2026-06-15 15:23:00,4330.92,4331.7,4330.21,4331.23,350
2026-06-15 15:24:00,4331.23,4335.22,4330.53,4333.1,410
2026-06-15 15:25:00,4333.1,4337.03,4333.1,4337.03,354
2026-06-15 15:26:00,4337.03,4337.86,4336.68,4337.13,413
2026-06-15 15:27:00,4337.09,4338.31,4336.13,4336.13,349
2026-06-15 15:28:00,4336.13,4336.13,4333.87,4334.31,371
2026-06-15 15:29:00,4334.31,4337.21,4334.1,4337.21,340
2026-06-15 15:30:00,4337.21,4341.38,4335.21,4340.21,405
2026-06-15 15:31:00,4340.01,4341.4,4339.61,4341.19,358
2026-06-15 15:32:00,4341.18,4341.26,4338.94,4339.82,395
2026-06-15 15:33:00,4339.82,4341.24,4339.81,4341.14,260
2026-06-15 15:34:00,4341.14,4343.49,4341.14,4342.45,323
2026-06-15 15:35:00,4342.45,4344.24,4341.96,4342.97,309
2026-06-15 15:36:00,4342.97,4342.98,4340.58,4342.15,451
2026-06-15 15:37:00,4342.15,4343.08,4342.15,4342.95,308
2026-06-15 15:38:00,4342.95,4346.72,4342.78,4345.34,408
2026-06-15 15:39:00,4345.34,4346.12,4343.96,4344.03,395
2026-06-15 15:40:00,4344.03,4344.45,4343.17,4343.61,337
2026-06-15 15:41:00,4343.64,4345.03,4343.63,4344.91,221
2026-06-15 15:42:00,4344.91,4346.3,4344.91,4346.14,273
2026-06-15 15:43:00,4346.14,4346.38,4344.75,4345.33,247
2026-06-15 15:44:00,4345.33,4346.68,4344.89,4345.23,317
2026-06-15 15:45:00,4345.23,4346.44,4343.35,4346.07,340
2026-06-15 15:46:00,4346.07,4346.6,4344.64,4345.37,274
2026-06-15 15:47:00,4345.36,4346.02,4344.35,4346.02,271
2026-06-15 15:48:00,4346.02,4346.91,4345.72,4346.57,281
2026-06-15 15:49:00,4346.57,4346.96,4345.42,4345.91,250
2026-06-15 15:50:00,4345.91,4349.4,4345.61,4349.05,345
2026-06-15 15:51:00,4349.05,4349.41,4347.49,4348.92,362
2026-06-15 15:52:00,4348.92,4349.39,4346.65,4347.15,276
2026-06-15 15:53:00,4347.15,4347.82,4346.02,4346.1,327
2026-06-15 15:54:00,4346.1,4346.23,4343.53,4344.19,376
2026-06-15 15:55:00,4344.19,4346.12,4343.84,4345.82,403
2026-06-15 15:56:00,4345.82,4348.38,4345.78,4348.15,317
2026-06-15 15:57:00,4348.14,4349.4,4348.14,4348.96,316
2026-06-15 15:58:00,4348.96,4348.96,4347.69,4348.17,261
2026-06-15 15:59:00,4348.17,4349.21,4347.78,4349.07,304
2026-06-15 16:00:00,4349.07,4349.08,4345.04,4345.34,545
2026-06-15 16:01:00,4345.34,4345.97,4343.64,4343.72,400
2026-06-15 16:02:00,4343.72,4344.59,4342.08,4342.6,454
2026-06-15 16:03:00,4342.6,4344.26,4342.24,4343.83,519
2026-06-15 16:04:00,4343.83,4344.92,4342.34,4343.11,390
2026-06-15 16:05:00,4343.11,4344.49,4342.18,4344.26,426
2026-06-15 16:06:00,4344.26,4344.26,4341.35,4342.41,363
2026-06-15 16:07:00,4342.41,4346.87,4342.17,4345.98,362
2026-06-15 16:08:00,4345.97,4346.29,4344.87,4345.19,459
2026-06-15 16:09:00,4345.19,4346.78,4345.01,4345.28,419
2026-06-15 16:10:00,4345.28,4347.96,4345.28,4347.09,383
2026-06-15 16:11:00,4347.09,4348.51,4346.62,4347.79,331
2026-06-15 16:12:00,4347.8,4349.12,4347.41,4348.48,299
2026-06-15 16:13:00,4348.48,4349.9,4347.89,4349.41,329
2026-06-15 16:14:00,4349.41,4350.52,4348.76,4349.51,284
2026-06-15 16:15:00,4349.51,4353.76,4349.51,4352.24,402
2026-06-15 16:16:00,4352.24,4352.73,4350.14,4350.56,314
2026-06-15 16:17:00,4350.56,4351.56,4349.33,4351.22,362
2026-06-15 16:18:00,4351.22,4353.04,4350.99,4352.17,340
2026-06-15 16:19:00,4352.17,4353.28,4351.34,4353.06,279
2026-06-15 16:20:00,4353.06,4354.48,4352.17,4352.55,302
2026-06-15 16:21:00,4352.53,4354.7,4351.84,4354.66,375
2026-06-15 16:22:00,4354.66,4355.6,4353.3,4354.78,344
2026-06-15 16:23:00,4354.78,4354.85,4351.69,4352.64,345
2026-06-15 16:24:00,4352.64,4354.9,4352.53,4353.8,427
2026-06-15 16:25:00,4353.8,4355.88,4353.05,4355.49,472
2026-06-15 16:26:00,4355.49,4355.65,4353.19,4354.03,341
2026-06-15 16:27:00,4354.03,4354.32,4353.02,4353.48,384
2026-06-15 16:28:00,4353.48,4354.82,4353.13,4354.15,382
2026-06-15 16:29:00,4354.15,4355.63,4352.82,4353.26,482
2026-06-15 16:30:00,4353.26,4358.91,4352.24,4358.39,744
2026-06-15 16:31:00,4358.39,4360.86,4356.68,4360.12,724
2026-06-15 16:32:00,4360.12,4365.04,4360.07,4362.39,780
2026-06-15 16:33:00,4362.39,4363.05,4356.96,4358.75,542
2026-06-15 16:34:00,4358.75,4363.08,4358.0,4363.0,571
2026-06-15 16:35:00,4363.0,4364.42,4360.82,4361.65,668
2026-06-15 16:36:00,4361.65,4363.43,4360.64,4361.97,584
2026-06-15 16:37:00,4361.98,4362.74,4359.98,4361.51,529
2026-06-15 16:38:00,4361.55,4363.38,4359.54,4362.81,617
2026-06-15 16:39:00,4362.81,4366.66,4362.24,4363.15,681
2026-06-15 16:40:00,4363.15,4365.1,4361.25,4363.49,577
2026-06-15 16:41:00,4363.49,4368.67,4363.28,4367.72,653
2026-06-15 16:42:00,4367.72,4367.95,4364.01,4364.15,477
2026-06-15 16:43:00,4364.15,4364.9,4360.62,4362.31,595
2026-06-15 16:44:00,4362.31,4363.91,4360.53,4363.21,510
2026-06-15 16:45:00,4363.21,4364.6,4362.01,4362.1,520
2026-06-15 16:46:00,4362.1,4362.22,4359.47,4360.33,466
2026-06-15 16:47:00,4360.26,4361.64,4359.78,4361.44,453
2026-06-15 16:48:00,4361.44,4362.17,4359.91,4361.85,467
2026-06-15 16:49:00,4361.84,4364.09,4361.75,4361.97,470
2026-06-15 16:50:00,4362.1,4362.93,4358.61,4359.03,655
2026-06-15 16:51:00,4359.03,4361.15,4358.71,4361.08,526
2026-06-15 16:52:00,4361.08,4361.25,4356.7,4358.62,433
2026-06-15 16:53:00,4358.62,4359.97,4357.83,4358.44,479
2026-06-15 16:54:00,4358.44,4358.89,4357.28,4357.71,408
2026-06-15 16:55:00,4357.71,4360.06,4357.69,4358.83,394
2026-06-15 16:56:00,4358.78,4359.77,4357.95,4359.72,472
2026-06-15 16:57:00,4359.72,4361.95,4359.52,4360.79,514
2026-06-15 16:58:00,4360.79,4360.8,4355.88,4356.07,609
2026-06-15 16:59:00,4356.07,4356.67,4354.42,4355.17,702
2026-06-15 17:00:00,4355.22,4357.15,4354.51,4356.6,493
2026-06-15 17:01:00,4356.66,4356.95,4354.01,4355.56,408
2026-06-15 17:02:00,4355.69,4358.06,4355.52,4356.21,491
2026-06-15 17:03:00,4356.21,4358.81,4356.2,4357.57,447
2026-06-15 17:04:00,4357.57,4360.57,4357.35,4358.87,502
2026-06-15 17:05:00,4358.87,4364.71,4357.9,4364.01,686
2026-06-15 17:06:00,4364.01,4369.39,4363.82,4367.47,596
2026-06-15 17:07:00,4367.47,4369.4,4366.34,4367.02,631
2026-06-15 17:08:00,4367.06,4368.66,4366.51,4367.91,500
2026-06-15 17:09:00,4367.88,4368.63,4365.92,4365.94,490
2026-06-15 17:10:00,4365.94,4366.02,4363.98,4363.98,474
2026-06-15 17:11:00,4363.98,4363.98,4362.07,4362.07,463
2026-06-15 17:12:00,4362.07,4362.64,4357.08,4357.55,555
2026-06-15 17:13:00,4357.55,4359.58,4354.53,4359.32,685
2026-06-15 17:14:00,4359.32,4359.32,4356.64,4357.42,518
2026-06-15 17:15:00,4357.42,4360.5,4357.13,4360.5,504
2026-06-15 17:16:00,4360.5,4363.04,4359.2,4361.35,500
2026-06-15 17:17:00,4361.35,4361.35,4357.06,4357.86,580
2026-06-15 17:18:00,4357.86,4359.56,4357.66,4359.21,495
2026-06-15 17:19:00,4359.17,4361.93,4358.76,4361.6,447
2026-06-15 17:20:00,4361.6,4361.78,4356.53,4357.19,505
2026-06-15 17:21:00,4357.19,4358.09,4356.55,4356.64,457
2026-06-15 17:22:00,4356.69,4357.23,4354.06,4354.65,521
2026-06-15 17:23:00,4354.66,4357.05,4354.57,4356.88,408
2026-06-15 17:24:00,4356.88,4358.58,4355.6,4357.48,453
2026-06-15 17:25:00,4357.48,4359.08,4357.13,4359.06,373
2026-06-15 17:26:00,4359.06,4362.41,4358.22,4362.13,587
2026-06-15 17:27:00,4362.13,4364.23,4361.57,4361.75,471
2026-06-15 17:28:00,4361.75,4363.36,4361.7,4362.58,440
2026-06-15 17:29:00,4362.58,4364.15,4361.5,4363.73,522
2026-06-15 17:30:00,4363.73,4365.12,4363.23,4363.31,460
2026-06-15 17:31:00,4363.4,4365.08,4363.11,4363.76,420
2026-06-15 17:32:00,4363.76,4364.23,4362.64,4362.82,489
2026-06-15 17:33:00,4362.84,4363.08,4358.7,4358.9,457
2026-06-15 17:34:00,4358.9,4359.06,4356.65,4357.28,592
2026-06-15 17:35:00,4357.28,4359.93,4357.25,4359.9,482
2026-06-15 17:36:00,4359.9,4360.01,4356.7,4358.62,455
2026-06-15 17:37:00,4358.62,4358.62,4354.7,4354.82,549
2026-06-15 17:38:00,4354.82,4357.07,4353.9,4356.95,540
2026-06-15 17:39:00,4357.14,4357.72,4356.09,4357.4,389
2026-06-15 17:40:00,4357.5,4358.48,4355.9,4356.45,442
2026-06-15 17:41:00,4356.45,4356.63,4355.59,4356.11,395
2026-06-15 17:42:00,4356.11,4356.89,4354.7,4355.31,492
2026-06-15 17:43:00,4355.31,4357.52,4355.09,4357.46,455
2026-06-15 17:44:00,4357.46,4358.89,4356.21,4357.06,408
2026-06-15 17:45:00,4357.06,4361.87,4357.01,4360.14,530
2026-06-15 17:46:00,4360.14,4360.14,4355.5,4356.76,512
2026-06-15 17:47:00,4356.68,4358.03,4356.65,4357.64,467
2026-06-15 17:48:00,4357.64,4361.93,4357.08,4361.9,421
2026-06-15 17:49:00,4361.9,4362.87,4361.52,4361.85,400
2026-06-15 17:50:00,4361.84,4363.68,4361.84,4362.35,408
2026-06-15 17:51:00,4362.35,4363.5,4361.43,4362.49,444
2026-06-15 17:52:00,4362.49,4362.5,4360.28,4360.89,409
2026-06-15 17:53:00,4360.89,4360.93,4359.04,4360.22,348
2026-06-15 17:54:00,4360.27,4362.49,4360.27,4361.53,381
2026-06-15 17:55:00,4361.53,4362.31,4361.07,4361.91,532
2026-06-15 17:56:00,4361.91,4362.1,4361.14,4361.41,357
2026-06-15 17:57:00,4361.4,4361.74,4358.66,4359.59,426
2026-06-15 17:58:00,4359.58,4359.92,4358.22,4358.3,459
2026-06-15 17:59:00,4358.3,4358.59,4356.59,4356.74,436
2026-06-15 18:00:00,4356.74,4357.25,4355.02,4355.22,543
2026-06-15 18:01:00,4355.22,4355.36,4351.95,4352.13,672
2026-06-15 18:02:00,4352.14,4353.7,4351.54,4353.16,681
2026-06-15 18:03:00,4353.16,4355.86,4353.16,4355.31,526
2026-06-15 18:04:00,4355.32,4355.37,4353.71,4354.88,383
2026-06-15 18:05:00,4354.87,4359.43,4354.87,4358.0,494
2026-06-15 18:06:00,4358.0,4358.0,4354.91,4355.94,448
2026-06-15 18:07:00,4355.94,4356.14,4354.16,4355.22,495
2026-06-15 18:08:00,4355.22,4355.83,4354.45,4355.77,479
2026-06-15 18:09:00,4355.77,4356.06,4353.14,4354.23,460
2026-06-15 18:10:00,4354.23,4354.36,4352.1,4352.5,498
2026-06-15 18:11:00,4352.5,4352.53,4350.13,4350.9,586
2026-06-15 18:12:00,4350.89,4352.71,4349.55,4351.71,500
2026-06-15 18:13:00,4351.71,4352.27,4349.92,4350.12,488
2026-06-15 18:14:00,4350.15,4352.37,4350.15,4351.05,488
2026-06-15 18:15:00,4351.05,4355.86,4350.72,4355.85,482
2026-06-15 18:16:00,4355.85,4356.06,4353.2,4353.54,462
2026-06-15 18:17:00,4353.54,4355.08,4352.78,4353.42,545
2026-06-15 18:18:00,4353.42,4353.49,4351.27,4351.51,383
2026-06-15 18:19:00,4351.5,4352.12,4350.42,4351.52,516
2026-06-15 18:20:00,4351.52,4353.44,4350.17,4352.98,400
2026-06-15 18:21:00,4352.98,4354.32,4352.92,4353.53,290
2026-06-15 18:22:00,4353.53,4355.91,4353.04,4355.43,370
2026-06-15 18:23:00,4355.43,4356.91,4355.43,4356.45,284
2026-06-15 18:24:00,4356.45,4357.33,4356.04,4356.35,323
2026-06-15 18:25:00,4356.35,4357.33,4354.74,4357.31,550
2026-06-15 18:26:00,4357.31,4358.21,4355.46,4355.46,340
2026-06-15 18:27:00,4355.46,4356.1,4354.06,4354.38,365
2026-06-15 18:28:00,4354.38,4354.57,4353.31,4354.4,366
2026-06-15 18:29:00,4354.38,4355.49,4353.57,4354.06,427
2026-06-15 18:30:00,4354.05,4354.72,4353.01,4353.71,525
2026-06-15 18:31:00,4353.71,4354.12,4352.71,4352.91,517
2026-06-15 18:32:00,4352.91,4353.09,4349.9,4352.22,581
2026-06-15 18:33:00,4352.22,4352.28,4350.03,4350.95,493
2026-06-15 18:34:00,4350.95,4353.52,4350.64,4352.78,406
2026-06-15 18:35:00,4352.78,4354.12,4352.27,4353.09,343
2026-06-15 18:36:00,4353.09,4353.88,4352.17,4352.49,386
2026-06-15 18:37:00,4352.56,4355.38,4352.56,4354.24,478
2026-06-15 18:38:00,4354.24,4355.09,4353.2,4353.99,364
2026-06-15 18:39:00,4353.99,4354.94,4353.64,4354.72,432
2026-06-15 18:40:00,4354.72,4355.61,4353.81,4355.2,395
2026-06-15 18:41:00,4355.19,4356.01,4354.16,4355.87,365
2026-06-15 18:42:00,4355.87,4358.5,4355.57,4358.48,339
2026-06-15 18:43:00,4358.48,4359.86,4357.87,4359.24,385
2026-06-15 18:44:00,4359.24,4359.75,4357.43,4357.47,454
2026-06-15 18:45:00,4357.47,4360.78,4357.47,4359.44,458
2026-06-15 18:46:00,4359.45,4360.32,4357.04,4357.05,535
2026-06-15 18:47:00,4357.05,4359.52,4357.03,4359.21,475
2026-06-15 18:48:00,4359.21,4359.21,4357.47,4357.8,449
2026-06-15 18:49:00,4357.8,4359.19,4356.86,4356.91,413
2026-06-15 18:50:00,4356.91,4357.26,4356.41,4357.0,384
2026-06-15 18:51:00,4357.01,4357.64,4356.38,4356.48,347
2026-06-15 18:52:00,4356.48,4356.6,4354.94,4355.44,489
2026-06-15 18:53:00,4355.44,4356.72,4355.01,4355.01,369
2026-06-15 18:54:00,4355.01,4356.94,4354.96,4356.66,402
2026-06-15 18:55:00,4356.67,4356.95,4356.13,4356.57,414
2026-06-15 18:56:00,4356.57,4357.49,4356.43,4357.11,314
2026-06-15 18:57:00,4357.11,4358.6,4356.69,4358.57,375
2026-06-15 18:58:00,4358.57,4358.82,4357.89,4358.33,448
2026-06-15 18:59:00,4358.33,4358.33,4356.2,4356.2,315
2026-06-15 19:00:00,4356.21,4356.93,4354.81,4355.33,361
2026-06-15 19:01:00,4355.33,4356.36,4354.67,4356.31,358
2026-06-15 19:02:00,4356.31,4356.34,4354.96,4355.5,366
2026-06-15 19:03:00,4355.49,4357.34,4355.32,4356.18,392
2026-06-15 19:04:00,4356.18,4357.22,4355.54,4357.11,298
2026-06-15 19:05:00,4357.11,4358.75,4357.04,4357.24,328
2026-06-15 19:06:00,4357.3,4357.45,4354.51,4354.98,371
2026-06-15 19:07:00,4354.98,4354.98,4353.15,4353.37,318
2026-06-15 19:08:00,4353.37,4354.16,4353.11,4353.2,300
2026-06-15 19:09:00,4353.18,4353.3,4352.23,4352.27,345
2026-06-15 19:10:00,4352.28,4352.81,4351.42,4351.92,354
2026-06-15 19:11:00,4351.97,4352.78,4349.99,4350.08,447
2026-06-15 19:12:00,4350.05,4350.68,4349.14,4350.43,323
2026-06-15 19:13:00,4350.43,4351.38,4350.19,4351.1,267
2026-06-15 19:14:00,4351.1,4352.02,4350.89,4351.69,265
2026-06-15 19:15:00,4351.69,4352.55,4351.2,4351.93,343
2026-06-15 19:16:00,4351.93,4352.59,4351.67,4352.4,299
2026-06-15 19:17:00,4352.37,4352.53,4347.57,4347.57,428
2026-06-15 19:18:00,4347.57,4348.23,4343.87,4344.35,512
2026-06-15 19:19:00,4344.35,4346.1,4343.88,4345.91,344
2026-06-15 19:20:00,4345.91,4346.58,4344.37,4344.46,400
2026-06-15 19:21:00,4344.48,4345.18,4341.94,4343.12,559
2026-06-15 19:22:00,4343.12,4344.49,4342.89,4343.0,481
2026-06-15 19:23:00,4343.0,4344.11,4340.76,4342.64,365
2026-06-15 19:24:00,4342.64,4342.94,4340.05,4340.1,404
2026-06-15 19:25:00,4340.1,4344.37,4339.17,4344.25,464
2026-06-15 19:26:00,4344.25,4344.26,4340.86,4341.31,402
2026-06-15 19:27:00,4341.31,4342.92,4341.31,4342.87,380
2026-06-15 19:28:00,4342.87,4342.92,4341.6,4342.54,300
2026-06-15 19:29:00,4342.54,4343.47,4342.19,4343.0,299
2026-06-15 19:30:00,4343.0,4343.15,4341.48,4342.71,411
2026-06-15 19:31:00,4342.71,4342.71,4339.66,4340.32,342
2026-06-15 19:32:00,4340.32,4341.03,4339.13,4339.2,282
2026-06-15 19:33:00,4339.2,4339.75,4338.47,4339.39,427
2026-06-15 19:34:00,4339.39,4341.14,4339.39,4340.71,310
2026-06-15 19:35:00,4340.71,4341.6,4340.28,4340.79,280
2026-06-15 19:36:00,4340.79,4341.06,4339.94,4340.27,226
2026-06-15 19:37:00,4340.27,4340.54,4338.35,4339.62,283
2026-06-15 19:38:00,4339.62,4339.97,4337.76,4339.97,422
2026-06-15 19:39:00,4339.97,4340.05,4338.92,4338.92,336
2026-06-15 19:40:00,4338.93,4340.43,4338.66,4340.43,326
2026-06-15 19:41:00,4340.43,4341.05,4339.48,4339.65,313
2026-06-15 19:42:00,4339.65,4340.63,4339.1,4339.45,328
2026-06-15 19:43:00,4339.45,4339.96,4336.71,4336.77,471
2026-06-15 19:44:00,4336.77,4337.28,4336.24,4336.26,369
2026-06-15 19:45:00,4336.28,4337.93,4336.15,4337.14,283
2026-06-15 19:46:00,4337.13,4337.25,4335.94,4337.16,303
2026-06-15 19:47:00,4337.16,4337.63,4336.38,4337.5,408
2026-06-15 19:48:00,4337.5,4338.5,4336.42,4338.07,479
2026-06-15 19:49:00,4338.07,4338.52,4336.32,4336.67,349
2026-06-15 19:50:00,4336.67,4337.4,4336.26,4336.31,289
2026-06-15 19:51:00,4336.31,4338.03,4335.97,4336.18,300
2026-06-15 19:52:00,4336.18,4336.25,4334.59,4335.4,350
2026-06-15 19:53:00,4335.4,4337.89,4335.15,4337.88,351
2026-06-15 19:54:00,4337.88,4339.0,4337.08,4338.0,377
2026-06-15 19:55:00,4338.0,4338.0,4337.02,4337.48,259
2026-06-15 19:56:00,4337.48,4339.18,4336.18,4339.16,428
2026-06-15 19:57:00,4339.16,4339.86,4338.81,4339.24,355
2026-06-15 19:58:00,4339.16,4339.8,4338.49,4339.72,260
2026-06-15 19:59:00,4339.72,4339.75,4338.7,4339.31,245
2026-06-15 20:00:00,4339.31,4339.32,4334.96,4335.11,444
2026-06-15 20:01:00,4335.11,4335.8,4334.25,4335.27,323
2026-06-15 20:02:00,4335.25,4335.74,4333.46,4335.66,417
2026-06-15 20:03:00,4335.66,4336.46,4334.5,4336.2,383
2026-06-15 20:04:00,4336.16,4336.68,4333.89,4333.96,372
2026-06-15 20:05:00,4334.03,4334.99,4333.95,4334.99,404
2026-06-15 20:06:00,4334.98,4334.98,4333.07,4333.74,401
2026-06-15 20:07:00,4333.74,4334.92,4332.23,4334.54,483
2026-06-15 20:08:00,4334.54,4335.42,4331.96,4332.15,404
2026-06-15 20:09:00,4332.15,4332.85,4331.37,4332.37,404
2026-06-15 20:10:00,4332.37,4333.37,4331.29,4332.57,467
2026-06-15 20:11:00,4332.56,4333.12,4331.65,4333.1,348
2026-06-15 20:12:00,4333.1,4334.95,4332.98,4333.42,282
2026-06-15 20:13:00,4333.42,4333.42,4330.73,4332.1,313
2026-06-15 20:14:00,4332.11,4334.37,4331.61,4334.16,302
2026-06-15 20:15:00,4334.16,4334.88,4333.02,4334.72,382
2026-06-15 20:16:00,4334.72,4334.85,4333.68,4334.26,368
2026-06-15 20:17:00,4334.26,4334.27,4332.14,4332.71,225
2026-06-15 20:18:00,4332.71,4332.79,4331.37,4331.81,270
2026-06-15 20:19:00,4331.81,4332.5,4330.43,4330.96,308
2026-06-15 20:20:00,4330.9,4331.58,4330.1,4331.08,427
2026-06-15 20:21:00,4331.13,4331.18,4329.99,4330.56,435
2026-06-15 20:22:00,4330.56,4331.23,4330.41,4330.47,290
2026-06-15 20:23:00,4330.47,4331.25,4328.98,4330.88,322
2026-06-15 20:24:00,4330.88,4331.06,4329.62,4331.02,407
2026-06-15 20:25:00,4330.93,4333.96,4330.87,4333.38,392
2026-06-15 20:26:00,4333.38,4333.39,4331.0,4331.88,442
2026-06-15 20:27:00,4331.88,4332.36,4331.24,4331.92,307
2026-06-15 20:28:00,4331.92,4332.66,4331.46,4331.77,385
2026-06-15 20:29:00,4331.77,4331.77,4329.5,4329.86,539
2026-06-15 20:30:00,4329.86,4329.94,4327.68,4328.74,384
2026-06-15 20:31:00,4328.74,4329.39,4328.31,4328.77,272
2026-06-15 20:32:00,4328.77,4329.64,4328.07,4329.4,253
2026-06-15 20:33:00,4329.4,4329.63,4328.36,4329.22,272
2026-06-15 20:34:00,4329.22,4329.71,4325.8,4325.8,339
2026-06-15 20:35:00,4325.8,4327.71,4325.52,4325.86,276
2026-06-15 20:36:00,4325.86,4325.88,4321.9,4323.26,459
2026-06-15 20:37:00,4323.26,4323.3,4321.9,4322.55,310
2026-06-15 20:38:00,4322.55,4324.92,4322.25,4324.69,388
2026-06-15 20:39:00,4324.69,4324.91,4323.73,4324.32,258
2026-06-15 20:40:00,4324.33,4325.02,4322.62,4322.72,302
2026-06-15 20:41:00,4322.72,4323.51,4321.42,4323.29,332
2026-06-15 20:42:00,4323.29,4323.3,4321.35,4321.86,325
2026-06-15 20:43:00,4321.86,4322.63,4321.86,4322.33,305
2026-06-15 20:44:00,4322.33,4323.24,4321.17,4322.09,311
2026-06-15 20:45:00,4322.09,4323.0,4322.08,4322.96,148
