symbol,timeframe,date,open,high,low,close,volume,quantity
CRAA11,H1,09/06/2026,98.96,99.09,98.82,99.09,21093.49,213.0
CRAA11,H1,09/06/2026,98.96,98.96,98.96,98.96,3067.76,31.0
CRAA11,H1,09/06/2026,99.0,99.24,98.94,98.96,108912.42,1099.0
CRAA11,H1,09/06/2026,98.98,99.24,98.94,99.19,126252.27,1275.0
CRAA11,H1,09/06/2026,99.1,99.12,98.95,99.0,90012.14,909.0
CRAA11,H1,09/06/2026,99.12,99.35,99.03,99.1,44898.15,453.0
CRAA11,H1,09/06/2026,99.9,99.9,99.02,99.02,66278.3,668.0
CRAA11,H1,08/06/2026,100.67,100.67,99.9,99.9,7022.2,70.0
CRAA11,H1,08/06/2026,100.88,100.89,100.67,100.67,58671.88,582.0
CRAA11,H1,08/06/2026,100.9,100.9,100.88,100.89,13114.62,130.0
CRAA11,H1,08/06/2026,101.0,101.04,100.81,100.81,26640.8,264.0
CRAA11,H1,08/06/2026,101.25,101.36,101.05,101.05,73630.06,728.0
CRAA11,H1,08/06/2026,101.17,101.39,101.13,101.29,64863.61,641.0
CRAA11,H1,08/06/2026,101.04,101.4,100.9,101.39,222185.77,2197.0
CRAA11,H1,08/06/2026,100.9,101.1,100.62,101.05,94228.28,933.0
CRAA11,H1,05/06/2026,100.58,100.59,100.58,100.59,2514.63,25.0
CRAA11,H1,05/06/2026,100.53,100.6,100.46,100.6,26236.55,261.0
CRAA11,H1,05/06/2026,100.5,100.54,100.5,100.54,18798.69,187.0
CRAA11,H1,05/06/2026,100.53,100.54,100.35,100.35,56450.81,562.0
CRAA11,H1,05/06/2026,100.54,100.54,100.54,100.54,1910.26,19.0
CRAA11,H1,05/06/2026,100.6,100.63,100.3,100.41,91595.46,912.0
CRAA11,H1,05/06/2026,100.63,100.64,100.5,100.6,22220.18,221.0
CRAA11,H1,05/06/2026,100.56,100.99,100.07,100.63,85781.88,853.0
CRAA11,H1,03/06/2026,100.06,100.06,100.06,100.06,4702.82,47.0
CRAA11,H1,03/06/2026,100.07,100.56,100.01,100.56,126688.72,1263.0
CRAA11,H1,03/06/2026,100.12,100.39,100.12,100.25,24752.96,247.0
CRAA11,H1,03/06/2026,100.0,100.14,100.0,100.13,23608.13,236.0
CRAA11,H1,03/06/2026,99.98,99.99,99.9,99.9,19595.3,196.0
CRAA11,H1,03/06/2026,99.89,99.98,99.7,99.98,186272.91,1866.0
CRAA11,H1,03/06/2026,99.85,99.89,99.75,99.75,50925.82,510.0
CRAA11,H1,03/06/2026,99.69,99.9,99.69,99.85,141536.26,1419.0
CRAA11,H1,02/06/2026,99.9,99.9,99.7,99.9,38855.0,389.0
CRAA11,H1,02/06/2026,99.9,99.9,99.79,99.9,30265.4,303.0
CRAA11,H1,02/06/2026,99.7,99.9,99.69,99.9,63658.13,638.0
CRAA11,H1,02/06/2026,99.64,99.75,99.51,99.75,29300.21,294.0
CRAA11,H1,02/06/2026,99.55,99.67,99.48,99.65,39727.43,399.0
CRAA11,H1,02/06/2026,99.57,99.7,99.48,99.67,33185.07,333.0
CRAA11,H1,02/06/2026,99.65,99.75,99.45,99.57,50934.58,511.0
CRAA11,H1,01/06/2026,99.24,99.49,99.24,99.45,50373.99,507.0
CRAA11,H1,01/06/2026,99.41,99.41,99.25,99.28,27692.2,279.0
CRAA11,H1,01/06/2026,99.49,99.49,99.26,99.41,128736.49,1295.0
CRAA11,H1,01/06/2026,99.38,99.49,99.32,99.49,73459.92,739.0
CRAA11,H1,01/06/2026,99.47,99.47,99.32,99.38,25541.74,257.0
CRAA11,H1,01/06/2026,99.29,99.49,99.25,99.47,31991.89,322.0
CRAA11,H1,01/06/2026,99.26,99.3,99.01,99.3,38803.05,391.0
CRAA11,H1,29/05/2026,99.09,99.16,99.03,99.16,34887.42,352.0
CRAA11,H1,29/05/2026,99.17,99.18,99.15,99.15,18444.59,186.0
CRAA11,H1,29/05/2026,99.22,99.22,99.03,99.2,59029.76,595.0
CRAA11,H1,29/05/2026,99.22,99.22,99.14,99.22,25579.85,258.0
CRAA11,H1,29/05/2026,99.12,99.24,99.1,99.22,18647.47,188.0
CRAA11,H1,29/05/2026,99.0,99.26,99.0,99.24,58796.44,593.0
CRAA11,H1,29/05/2026,98.78,99.27,98.78,99.17,21209.68,214.0
CRAA11,H1,28/05/2026,98.75,98.78,98.68,98.78,32788.35,332.0
CRAA11,H1,28/05/2026,98.75,98.75,98.67,98.75,15103.87,153.0
CRAA11,H1,28/05/2026,98.78,98.78,98.69,98.75,63789.32,646.0
CRAA11,H1,28/05/2026,98.78,98.78,98.71,98.78,43757.3,443.0
CRAA11,H1,28/05/2026,98.94,98.95,98.67,98.78,83039.41,841.0
CRAA11,H1,28/05/2026,98.92,98.96,98.79,98.96,28764.99,291.0
CRAA11,H1,28/05/2026,98.77,99.11,98.7,98.95,53995.57,546.0
CRAA11,H1,27/05/2026,99.0,99.0,98.75,98.75,1187.5,12.0
CRAA11,H1,27/05/2026,98.78,99.17,98.75,98.75,59680.3,604.0
CRAA11,H1,27/05/2026,98.86,98.87,98.75,98.77,45055.59,456.0
CRAA11,H1,27/05/2026,98.89,98.9,98.86,98.86,52013.3,526.0
CRAA11,H1,27/05/2026,98.87,98.89,98.87,98.89,15030.43,152.0
CRAA11,H1,27/05/2026,98.76,98.89,98.76,98.87,16412.63,166.0
CRAA11,H1,27/05/2026,98.74,98.9,98.7,98.75,95218.81,964.0
CRAA11,H1,27/05/2026,99.05,99.45,98.74,98.89,241311.01,2439.0
CRAA11,H1,26/05/2026,99.29,99.31,99.05,99.05,78621.44,792.0
CRAA11,H1,26/05/2026,99.25,99.29,99.25,99.29,41993.12,423.0
CRAA11,H1,26/05/2026,99.24,99.25,99.02,99.25,33783.2,341.0
CRAA11,H1,26/05/2026,99.5,99.5,99.09,99.24,195990.6,1974.0
CRAA11,H1,26/05/2026,99.46,99.5,99.34,99.39,26558.74,267.0
CRAA11,H1,26/05/2026,99.49,99.49,99.01,99.25,64053.66,645.0
CRAA11,H1,26/05/2026,99.94,99.94,99.01,99.69,105051.37,1055.0
CRAA11,H1,25/05/2026,99.48,99.48,99.48,99.48,994.8,10.0
CRAA11,H1,25/05/2026,99.5,99.5,99.04,99.47,57712.29,581.0
CRAA11,H1,25/05/2026,99.58,99.59,99.5,99.5,41024.6,412.0
CRAA11,H1,25/05/2026,99.55,99.6,99.42,99.58,129076.82,1297.0
CRAA11,H1,25/05/2026,99.76,99.79,99.05,99.41,250286.82,2519.0
CRAA11,H1,25/05/2026,99.76,99.91,99.56,99.77,33678.09,338.0
CRAA11,H1,25/05/2026,100.01,100.05,99.66,99.76,168585.97,1688.0
CRAA11,H1,25/05/2026,100.0,100.02,99.62,100.02,59757.46,598.0
CRAA11,H1,22/05/2026,99.86,99.92,99.65,99.92,55813.0,559.0
CRAA11,H1,22/05/2026,99.68,99.85,99.64,99.84,13464.29,135.0
CRAA11,H1,22/05/2026,99.65,99.68,99.63,99.63,63481.39,637.0
CRAA11,H1,22/05/2026,99.49,99.65,99.45,99.65,42187.19,424.0
CRAA11,H1,22/05/2026,99.5,99.5,99.4,99.49,41570.43,418.0
CRAA11,H1,22/05/2026,99.2,99.5,99.2,99.47,64683.36,651.0
CRAA11,H1,22/05/2026,99.1,99.34,98.92,99.3,16468.87,166.0
CRAA11,H1,21/05/2026,99.1,99.1,98.9,98.9,28116.32,284.0
CRAA11,H1,21/05/2026,99.23,99.27,99.06,99.19,59420.6,599.0
CRAA11,H1,21/05/2026,99.12,99.23,99.12,99.23,67540.47,681.0
CRAA11,H1,21/05/2026,99.17,99.17,98.99,99.15,51697.35,522.0
CRAA11,H1,21/05/2026,99.17,99.22,99.17,99.22,28072.25,283.0
CRAA11,H1,21/05/2026,99.17,99.17,99.17,99.17,6545.22,66.0
CRAA11,H1,21/05/2026,99.39,99.39,99.0,99.16,180647.24,1823.0
CRAA11,H1,21/05/2026,99.5,99.5,99.4,99.45,50044.99,503.0
CRAA11,H1,20/05/2026,99.49,99.49,99.49,99.49,2487.25,25.0
CRAA11,H1,20/05/2026,99.33,99.5,99.18,99.5,64144.62,646.0
CRAA11,H1,20/05/2026,99.35,99.35,99.18,99.18,109002.57,1098.0
CRAA11,H1,20/05/2026,99.51,99.51,99.34,99.35,217097.46,2184.0
CRAA11,H1,20/05/2026,99.63,99.63,99.41,99.51,53045.96,533.0
CRAA11,H1,20/05/2026,99.54,99.64,99.45,99.64,40128.29,403.0
CRAA11,H1,20/05/2026,99.6,99.6,99.38,99.54,60782.71,611.0
CRAA11,H1,20/05/2026,100.0,100.0,99.42,99.57,222645.91,2235.0
CRAA11,H1,19/05/2026,100.0,100.0,100.0,100.0,6100.0,61.0
CRAA11,H1,19/05/2026,100.0,100.0,99.89,100.0,49759.86,498.0
CRAA11,H1,19/05/2026,99.9,100.02,99.9,100.0,38598.87,386.0
CRAA11,H1,19/05/2026,99.88,99.97,99.88,99.97,30065.03,301.0
CRAA11,H1,19/05/2026,100.03,100.03,99.85,99.88,124256.77,1244.0
CRAA11,H1,19/05/2026,100.02,100.05,99.9,99.93,12002.46,120.0
CRAA11,H1,19/05/2026,99.87,100.0,99.87,99.87,27785.57,278.0
CRAA11,H1,19/05/2026,100.4,100.4,99.85,100.02,81367.99,813.0
CRAA11,H1,18/05/2026,99.99,99.99,99.99,99.99,29997.0,300.0
CRAA11,H1,18/05/2026,99.98,100.19,99.91,99.91,75571.66,756.0
CRAA11,H1,18/05/2026,100.22,100.58,99.95,99.98,129025.48,1288.0
CRAA11,H1,18/05/2026,100.39,100.53,100.2,100.22,119096.14,1187.0
CRAA11,H1,18/05/2026,100.35,100.39,100.3,100.3,49161.22,490.0
CRAA11,H1,18/05/2026,100.31,100.49,100.31,100.35,33425.44,333.0
CRAA11,H1,18/05/2026,100.65,100.69,100.31,100.31,146093.38,1454.0
CRAA11,H1,18/05/2026,100.7,100.7,100.3,100.31,75029.73,746.0
CRAA11,H1,15/05/2026,100.7,100.7,100.63,100.7,127781.27,1269.0
CRAA11,H1,15/05/2026,100.7,100.7,100.62,100.7,15504.04,154.0
CRAA11,H1,15/05/2026,101.0,101.0,100.7,100.7,32666.42,324.0
CRAA11,H1,15/05/2026,100.91,101.0,100.9,101.0,70957.26,703.0
CRAA11,H1,15/05/2026,100.91,100.91,100.85,100.91,36724.13,364.0
CRAA11,H1,15/05/2026,100.85,100.91,100.84,100.91,31870.19,316.0
CRAA11,H1,15/05/2026,100.86,101.0,100.62,100.85,27231.92,270.0
CRAA11,H1,14/05/2026,100.84,100.84,100.84,100.84,605.04,6.0
CRAA11,H1,14/05/2026,100.63,100.85,100.54,100.85,50120.98,498.0
CRAA11,H1,14/05/2026,100.59,100.63,100.53,100.63,90304.73,898.0
CRAA11,H1,14/05/2026,100.49,100.59,100.35,100.59,143080.82,1424.0
CRAA11,H1,14/05/2026,100.55,100.56,100.49,100.49,14377.3,143.0
CRAA11,H1,14/05/2026,100.29,100.56,100.29,100.55,46944.96,467.0
CRAA11,H1,14/05/2026,100.28,100.99,100.28,100.4,141100.79,1404.0
CRAA11,H1,14/05/2026,100.5,100.5,100.01,100.3,26865.25,268.0
CRAA11,H1,13/05/2026,100.51,100.51,100.51,100.51,10051.0,100.0
CRAA11,H1,13/05/2026,100.38,100.51,100.31,100.51,48005.73,478.0
CRAA11,H1,13/05/2026,100.51,100.59,100.4,100.51,80108.19,797.0
CRAA11,H1,13/05/2026,100.01,100.52,100.0,100.51,280584.1,2797.0
CRAA11,H1,13/05/2026,99.83,100.1,99.81,100.01,70278.56,703.0
CRAA11,H1,13/05/2026,99.77,99.87,99.71,99.83,26249.13,263.0
CRAA11,H1,13/05/2026,100.1,100.17,99.51,99.76,314479.01,3150.0
CRAA11,H1,13/05/2026,100.1,100.42,100.1,100.25,76827.67,766.0
CRAA11,H1,12/05/2026,100.02,100.02,100.02,100.02,700.14,7.0
CRAA11,H1,12/05/2026,100.16,100.17,100.02,100.02,68573.38,685.0
CRAA11,H1,12/05/2026,100.39,100.39,100.1,100.17,122928.9,1227.0
CRAA11,H1,12/05/2026,100.41,100.5,100.22,100.22,156768.64,1562.0
CRAA11,H1,12/05/2026,100.35,100.51,100.35,100.41,52790.57,526.0
CRAA11,H1,12/05/2026,100.36,100.4,100.35,100.35,18667.64,186.0
CRAA11,H1,12/05/2026,100.38,100.59,100.35,100.36,36442.68,363.0
CRAA11,H1,12/05/2026,100.84,100.84,100.35,100.39,149391.09,1484.0
CRAA11,H1,11/05/2026,100.35,100.35,100.35,100.35,3211.2,32.0
CRAA11,H1,11/05/2026,100.07,100.36,100.04,100.35,78933.27,788.0
CRAA11,H1,11/05/2026,100.08,100.38,100.03,100.07,91937.13,918.0
CRAA11,H1,11/05/2026,100.22,100.4,100.03,100.08,117249.62,1170.0
CRAA11,H1,11/05/2026,100.51,100.6,100.21,100.22,120330.11,1199.0
CRAA11,H1,11/05/2026,100.67,100.93,100.51,100.51,115723.9,1150.0
CRAA11,H1,11/05/2026,101.19,101.31,100.67,100.85,250671.57,2484.0
CRAA11,H1,11/05/2026,101.5,101.5,100.91,101.28,269398.46,2660.0
CRAA11,H1,08/05/2026,102.85,102.85,102.85,102.85,102.85,1.0
CRAA11,H1,08/05/2026,102.46,102.92,102.33,102.86,216302.79,2110.0
CRAA11,H1,08/05/2026,102.5,102.52,102.45,102.46,98661.81,963.0
CRAA11,H1,08/05/2026,102.52,102.52,102.45,102.5,76742.9,749.0
CRAA11,H1,08/05/2026,102.5,102.53,102.44,102.47,57595.7,562.0
CRAA11,H1,08/05/2026,102.5,102.5,102.42,102.5,36480.01,356.0
CRAA11,H1,08/05/2026,102.5,102.71,102.5,102.53,24610.37,240.0
CRAA11,H1,08/05/2026,102.49,102.92,102.27,102.5,129919.28,1267.0
CRAA11,H1,07/05/2026,102.27,102.27,102.27,102.27,3783.99,37.0
CRAA11,H1,07/05/2026,102.13,102.41,101.95,102.41,169517.3,1660.0
CRAA11,H1,07/05/2026,102.13,102.28,102.13,102.14,17280.97,169.0
CRAA11,H1,07/05/2026,102.12,102.28,102.12,102.14,86881.65,850.0
CRAA11,H1,07/05/2026,101.99,102.1,101.99,102.1,69170.7,678.0
CRAA11,H1,07/05/2026,101.84,102.0,101.84,101.99,59555.93,584.0
CRAA11,H1,07/05/2026,101.94,101.99,101.85,101.85,217661.2,2135.0
CRAA11,H1,07/05/2026,101.98,101.98,101.95,101.95,34462.83,338.0
CRAA11,H1,06/05/2026,101.78,101.78,101.71,101.78,15161.16,149.0
CRAA11,H1,06/05/2026,101.78,101.8,101.64,101.7,17504.85,172.0
CRAA11,H1,06/05/2026,101.81,101.81,101.59,101.77,94217.76,926.0
CRAA11,H1,06/05/2026,101.75,101.81,101.71,101.8,20759.48,204.0
CRAA11,H1,06/05/2026,101.69,101.75,101.5,101.75,62317.21,613.0
CRAA11,H1,06/05/2026,101.59,101.7,101.59,101.7,94436.23,929.0
CRAA11,H1,06/05/2026,101.63,101.63,101.5,101.59,52420.45,516.0
CRAA11,H1,05/05/2026,101.22,101.6,101.22,101.6,5162.6,51.0
CRAA11,H1,05/05/2026,101.35,101.5,101.2,101.2,45529.96,449.0
CRAA11,H1,05/05/2026,101.39,101.4,101.15,101.15,61831.19,611.0
CRAA11,H1,05/05/2026,101.62,101.62,101.12,101.12,133874.44,1321.0
CRAA11,H1,05/05/2026,101.47,101.7,101.4,101.59,101828.05,1003.0
CRAA11,H1,05/05/2026,101.7,101.7,101.21,101.68,339176.9,3343.0
CRAA11,H1,05/05/2026,101.89,101.89,101.68,101.7,26155.36,257.0
CRAA11,H1,05/05/2026,101.98,101.98,101.5,101.73,100500.88,987.0
CRAA11,H1,04/05/2026,101.7,101.98,101.65,101.98,16878.95,166.0
CRAA11,H1,04/05/2026,101.9,101.97,101.67,101.97,97811.45,961.0
CRAA11,H1,04/05/2026,101.87,101.9,101.8,101.8,53671.06,527.0
CRAA11,H1,04/05/2026,101.89,101.94,101.8,101.87,130448.91,1281.0
CRAA11,H1,04/05/2026,101.86,101.9,101.81,101.85,47567.84,467.0
CRAA11,H1,04/05/2026,101.74,101.86,101.65,101.86,90464.34,889.0
CRAA11,H1,04/05/2026,101.57,101.74,101.41,101.65,66460.39,654.0
CRAA11,H1,04/05/2026,101.39,101.75,101.26,101.57,286329.84,2822.0
CRAA11,H1,30/04/2026,101.11,101.27,101.1,101.25,40885.99,404.0
CRAA11,H1,30/04/2026,101.02,101.11,101.01,101.11,43957.62,435.0
CRAA11,H1,30/04/2026,101.03,101.03,100.9,101.01,285897.36,2833.0
CRAA11,H1,30/04/2026,101.0,101.03,100.86,101.03,101302.05,1004.0
CRAA11,H1,30/04/2026,100.96,101.02,100.86,100.86,26749.16,265.0
CRAA11,H1,30/04/2026,100.95,100.96,100.76,100.96,27739.03,275.0
CRAA11,H1,30/04/2026,100.94,101.02,100.68,100.95,172135.38,1707.0
CRAA11,H1,29/04/2026,100.87,100.99,100.81,100.81,58293.96,578.0
CRAA11,H1,29/04/2026,101.0,101.02,100.81,100.84,166601.24,1650.0
CRAA11,H1,29/04/2026,101.01,101.01,100.86,101.0,561999.04,5571.0
CRAA11,H1,29/04/2026,101.02,101.02,101.0,101.0,29190.2,289.0
CRAA11,H1,29/04/2026,101.03,101.06,101.02,101.02,48089.81,476.0
CRAA11,H1,29/04/2026,101.2,101.39,100.86,101.03,237536.62,2352.0
CRAA11,H1,29/04/2026,101.2,101.41,100.95,101.12,108062.08,1068.0
CRAA11,H1,28/04/2026,101.26,101.26,101.26,101.26,506.3,5.0
CRAA11,H1,28/04/2026,100.96,101.26,100.9,101.26,79254.43,785.0
CRAA11,H1,28/04/2026,101.01,101.22,100.91,100.91,300004.72,2971.0
CRAA11,H1,28/04/2026,101.15,101.25,100.99,101.01,111926.68,1107.0
CRAA11,H1,28/04/2026,101.0,101.21,101.0,101.15,32247.33,319.0
CRAA11,H1,28/04/2026,101.03,101.21,100.99,101.0,109647.18,1085.0
CRAA11,H1,28/04/2026,101.0,101.24,101.0,101.03,63915.18,632.0
CRAA11,H1,28/04/2026,101.42,101.42,100.97,100.99,23852.06,236.0
CRAA11,H1,27/04/2026,101.35,101.35,101.35,101.35,1824.3,18.0
CRAA11,H1,27/04/2026,101.36,101.36,100.95,100.95,248139.97,2452.0
CRAA11,H1,27/04/2026,101.26,101.4,101.26,101.35,35378.77,349.0
CRAA11,H1,27/04/2026,101.23,101.4,101.2,101.25,105654.81,1043.0
CRAA11,H1,27/04/2026,101.32,101.32,101.2,101.2,79199.28,782.0
CRAA11,H1,27/04/2026,101.29,101.35,101.29,101.32,105880.54,1045.0
CRAA11,H1,27/04/2026,101.07,101.29,101.01,101.29,47838.71,473.0
CRAA11,H1,27/04/2026,101.0,101.11,100.94,101.11,99191.12,982.0
CRAA11,H1,24/04/2026,100.95,100.95,100.91,100.91,35322.7,350.0
CRAA11,H1,24/04/2026,101.01,101.11,100.89,100.94,173804.14,1722.0
CRAA11,H1,24/04/2026,100.92,101.09,100.86,101.01,255508.73,2532.0
CRAA11,H1,24/04/2026,101.0,101.05,100.86,100.92,133830.4,1326.0
CRAA11,H1,24/04/2026,101.14,101.32,101.0,101.0,190354.91,1883.0
CRAA11,H1,24/04/2026,101.12,101.31,101.12,101.14,82433.42,815.0
CRAA11,H1,24/04/2026,101.46,101.46,101.12,101.12,101961.34,1007.0
CRAA11,H1,24/04/2026,101.55,101.59,101.26,101.46,118165.27,1165.0
CRAA11,H1,23/04/2026,100.91,100.92,100.9,100.9,49037.62,486.0
CRAA11,H1,23/04/2026,101.11,101.61,100.9,101.61,427379.18,4230.0
CRAA11,H1,23/04/2026,101.29,101.43,101.11,101.11,355714.71,3514.0
CRAA11,H1,23/04/2026,102.08,102.27,101.29,101.29,304468.92,2996.0
CRAA11,H1,23/04/2026,102.26,102.27,101.83,102.26,60962.14,597.0
CRAA11,H1,23/04/2026,102.14,102.27,102.14,102.26,10837.98,106.0
CRAA11,H1,23/04/2026,101.88,102.29,101.88,102.26,36857.12,361.0
CRAA11,H1,23/04/2026,101.8,101.88,101.62,101.88,62254.25,612.0
CRAA11,H1,22/04/2026,101.86,101.86,101.86,101.86,305.58,3.0
CRAA11,H1,22/04/2026,101.8,101.86,101.8,101.8,6313.41,62.0
CRAA11,H1,22/04/2026,101.79,101.8,101.61,101.61,123179.39,1211.0
CRAA11,H1,22/04/2026,101.78,101.79,101.62,101.79,156987.12,1544.0
CRAA11,H1,22/04/2026,101.78,101.78,101.78,101.78,48956.18,481.0
CRAA11,H1,22/04/2026,101.78,101.78,101.75,101.75,34293.5,337.0
CRAA11,H1,22/04/2026,101.64,101.78,101.64,101.76,39872.55,392.0
CRAA11,H1,22/04/2026,101.78,101.78,101.61,101.61,168224.2,1654.0
CRAA11,H1,20/04/2026,101.78,101.78,101.78,101.78,508.9,5.0
CRAA11,H1,20/04/2026,101.78,101.78,101.73,101.78,30221.27,297.0
CRAA11,H1,20/04/2026,101.78,101.78,101.76,101.78,23101.99,227.0
CRAA11,H1,20/04/2026,101.78,101.78,101.76,101.78,78065.12,767.0
CRAA11,H1,20/04/2026,101.78,101.78,101.78,101.78,47938.38,471.0
CRAA11,H1,20/04/2026,101.78,101.78,101.77,101.77,25545.7,251.0
CRAA11,H1,20/04/2026,101.78,101.78,101.77,101.78,89566.39,880.0
CRAA11,H1,20/04/2026,101.78,101.78,101.62,101.78,150708.4,1481.0
CRAA11,H1,17/04/2026,101.78,101.78,101.71,101.71,24424.37,240.0
CRAA11,H1,17/04/2026,101.78,101.78,101.71,101.78,55261.89,543.0
CRAA11,H1,17/04/2026,101.78,101.78,101.61,101.78,113851.21,1119.0
CRAA11,H1,17/04/2026,102.15,102.15,101.77,101.78,122846.07,1206.0
CRAA11,H1,17/04/2026,101.99,102.06,101.99,102.06,16325.04,160.0
CRAA11,H1,17/04/2026,102.15,102.15,101.98,101.99,46840.84,459.0
CRAA11,H1,17/04/2026,101.59,102.3,101.59,102.22,98382.89,964.0
CRAA11,H1,16/04/2026,101.52,101.52,101.52,101.52,3045.6,30.0
CRAA11,H1,16/04/2026,101.5,101.55,101.41,101.55,68800.13,678.0
CRAA11,H1,16/04/2026,101.6,101.65,101.48,101.5,98401.18,969.0
CRAA11,H1,16/04/2026,101.56,101.69,101.56,101.6,31291.66,308.0
CRAA11,H1,16/04/2026,101.69,101.69,101.55,101.56,34427.08,339.0
CRAA11,H1,16/04/2026,101.54,101.57,101.54,101.57,20919.36,206.0
CRAA11,H1,16/04/2026,101.5,101.55,101.5,101.54,15938.99,157.0
CRAA11,H1,16/04/2026,101.39,101.5,101.39,101.5,42822.73,422.0
CRAA11,H1,15/04/2026,101.39,101.39,101.39,101.39,1115.29,11.0
CRAA11,H1,15/04/2026,101.41,101.43,101.22,101.22,84276.04,832.0
CRAA11,H1,15/04/2026,101.2,101.56,101.2,101.43,102136.02,1007.0
CRAA11,H1,15/04/2026,101.85,102.0,101.2,101.2,525258.68,5179.0
CRAA11,H1,15/04/2026,101.85,101.85,101.85,101.85,16296.0,160.0
CRAA11,H1,15/04/2026,102.0,102.0,101.85,101.85,54033.47,530.0
CRAA11,H1,15/04/2026,101.96,102.11,101.9,102.0,63856.09,626.0
CRAA11,H1,15/04/2026,102.11,102.11,101.92,101.96,39186.53,384.0
CRAA11,H1,14/04/2026,101.63,101.63,101.61,101.61,304.86,3.0
CRAA11,H1,14/04/2026,101.85,101.97,101.61,101.61,125262.63,1230.0
CRAA11,H1,14/04/2026,101.87,101.91,101.68,101.84,95471.25,938.0
CRAA11,H1,14/04/2026,102.15,102.18,101.87,101.87,52604.16,516.0
CRAA11,H1,14/04/2026,101.87,102.25,101.87,102.16,73395.53,718.0
CRAA11,H1,14/04/2026,101.6,102.01,101.59,102.01,126964.83,1247.0
CRAA11,H1,14/04/2026,101.73,101.89,101.35,101.6,108106.93,1064.0
CRAA11,H1,14/04/2026,101.25,101.75,101.25,101.74,53237.3,525.0
CRAA11,H1,13/04/2026,101.25,101.25,101.25,101.25,101.25,1.0
CRAA11,H1,13/04/2026,102.0,102.16,101.09,101.25,518817.0,5102.0
CRAA11,H1,13/04/2026,102.47,102.47,101.99,102.0,103022.0,1009.0
CRAA11,H1,13/04/2026,102.06,102.47,102.0,102.25,169763.24,1663.0
CRAA11,H1,13/04/2026,102.0,102.06,102.0,102.06,214553.45,2103.0
CRAA11,H1,13/04/2026,101.96,102.02,101.96,102.0,41415.57,406.0
CRAA11,H1,13/04/2026,101.76,101.96,101.75,101.8,22929.35,225.0
CRAA11,H1,13/04/2026,101.52,102.01,101.5,101.76,74478.61,732.0
CRAA11,H1,10/04/2026,101.81,101.89,101.52,101.52,94861.68,933.0
CRAA11,H1,10/04/2026,101.89,101.89,101.75,101.81,34001.95,334.0
CRAA11,H1,10/04/2026,101.91,101.94,101.72,101.75,86107.18,846.0
CRAA11,H1,10/04/2026,102.05,102.05,101.91,101.92,12237.78,120.0
CRAA11,H1,10/04/2026,101.69,102.06,101.69,102.0,21688.5,213.0
CRAA11,H1,10/04/2026,102.0,102.1,101.54,101.54,93601.26,920.0
CRAA11,H1,10/04/2026,102.16,102.58,101.4,102.14,400699.69,3940.0
CRAA11,H1,09/04/2026,102.16,102.16,102.16,102.16,10726.8,105.0
CRAA11,H1,09/04/2026,102.4,102.4,102.15,102.16,63504.8,621.0
CRAA11,H1,09/04/2026,102.31,102.4,102.25,102.4,132076.85,1291.0
CRAA11,H1,09/04/2026,102.39,102.4,102.33,102.33,16175.94,158.0
CRAA11,H1,09/04/2026,102.3,102.39,102.3,102.39,15246.72,149.0
CRAA11,H1,09/04/2026,102.39,102.39,102.2,102.3,28728.4,281.0
CRAA11,H1,09/04/2026,102.52,102.52,102.24,102.39,45534.95,445.0
CRAA11,H1,09/04/2026,102.72,102.72,102.3,102.52,157161.83,1531.0
CRAA11,H1,08/04/2026,103.47,103.47,103.4,103.4,3000.0,29.0
CRAA11,H1,08/04/2026,103.56,103.6,103.46,103.46,62435.75,603.0
CRAA11,H1,08/04/2026,103.63,103.63,103.51,103.6,27344.33,264.0
CRAA11,H1,08/04/2026,103.71,103.71,103.53,103.63,47773.52,461.0
CRAA11,H1,08/04/2026,103.84,103.87,103.65,103.71,70582.57,680.0
CRAA11,H1,08/04/2026,103.84,103.87,103.53,103.53,31018.03,299.0
CRAA11,H1,08/04/2026,103.7,103.84,103.7,103.84,53637.35,517.0
CRAA11,H1,08/04/2026,103.43,103.7,103.43,103.7,10256.35,99.0
CRAA11,H1,07/04/2026,103.95,103.95,103.95,103.95,103.95,1.0
CRAA11,H1,07/04/2026,103.85,103.95,103.54,103.95,38960.64,376.0
CRAA11,H1,07/04/2026,103.76,103.85,103.76,103.85,4465.3,43.0
CRAA11,H1,07/04/2026,103.7,103.76,103.65,103.76,26040.63,251.0
CRAA11,H1,07/04/2026,103.73,103.75,103.55,103.55,14396.9,139.0
CRAA11,H1,07/04/2026,103.61,103.78,103.55,103.55,135210.38,1305.0
CRAA11,H1,07/04/2026,103.54,104.0,103.35,103.35,500695.91,4831.0
CRAA11,H1,07/04/2026,104.25,104.25,103.3,103.51,56081.26,540.0
CRAA11,H1,06/04/2026,103.78,104.0,103.78,104.0,12472.8,120.0
CRAA11,H1,06/04/2026,103.41,103.78,103.41,103.78,9118.44,88.0
CRAA11,H1,06/04/2026,103.55,103.55,103.26,103.26,65272.1,631.0
CRAA11,H1,06/04/2026,103.52,103.55,103.52,103.55,13978.44,135.0
CRAA11,H1,06/04/2026,103.62,103.62,103.52,103.55,6835.25,66.0
CRAA11,H1,06/04/2026,103.62,103.62,103.45,103.62,77838.03,752.0
CRAA11,H1,06/04/2026,103.38,103.62,103.38,103.62,45777.6,442.0
CRAA11,H1,06/04/2026,103.58,103.58,103.06,103.16,75329.19,729.0
CRAA11,H1,02/04/2026,103.58,103.58,103.58,103.58,207.16,2.0
CRAA11,H1,02/04/2026,103.58,104.21,103.58,103.58,23321.03,225.0
CRAA11,H1,02/04/2026,103.3,103.47,103.2,103.24,8886.18,86.0
CRAA11,H1,02/04/2026,103.1,103.75,103.04,103.06,125103.62,1213.0
CRAA11,H1,02/04/2026,103.05,103.4,103.04,103.1,78208.74,758.0
CRAA11,H1,02/04/2026,103.34,103.35,102.98,103.05,66073.94,641.0
CRAA11,H1,02/04/2026,103.34,104.21,103.34,103.34,226344.69,2178.0
CRAA11,H1,02/04/2026,103.96,103.96,103.02,103.4,41466.53,401.0
CRAA11,H1,01/04/2026,103.45,103.45,103.0,103.0,43423.5,421.0
CRAA11,H1,01/04/2026,103.44,103.45,103.04,103.45,29035.42,281.0
CRAA11,H1,01/04/2026,103.54,103.54,103.18,103.44,38467.6,372.0
CRAA11,H1,01/04/2026,103.54,103.59,103.01,103.59,19631.33,190.0
CRAA11,H1,01/04/2026,103.43,103.81,102.5,103.39,393954.83,3827.0
CRAA11,H1,01/04/2026,102.93,103.43,102.92,103.43,184711.73,1790.0
CRAA11,H1,01/04/2026,102.05,102.92,102.05,102.92,133356.0,1302.0
CRAA11,H1,01/04/2026,102.12,102.12,101.67,101.86,39818.02,391.0
CRAA11,H1,31/03/2026,102.49,102.51,102.48,102.51,7072.32,69.0
CRAA11,H1,31/03/2026,101.89,102.49,101.62,101.62,32695.63,321.0
CRAA11,H1,31/03/2026,101.64,102.43,101.63,101.89,72390.65,709.0
CRAA11,H1,31/03/2026,101.6,101.79,101.6,101.64,137670.06,1354.0
CRAA11,H1,31/03/2026,101.43,101.63,101.41,101.6,46878.33,462.0
CRAA11,H1,31/03/2026,101.47,101.61,101.41,101.43,36222.88,357.0
CRAA11,H1,31/03/2026,101.36,101.59,101.05,101.47,47506.18,469.0
CRAA11,H1,31/03/2026,101.5,101.74,101.36,101.36,58748.58,579.0
CRAA11,H1,30/03/2026,101.8,101.8,101.8,101.8,3054.0,30.0
CRAA11,H1,30/03/2026,101.85,102.28,101.0,101.0,203649.03,2005.0
CRAA11,H1,30/03/2026,101.6,102.07,101.5,101.85,177365.41,1746.0
CRAA11,H1,30/03/2026,101.85,102.19,101.6,101.6,176840.09,1738.0
CRAA11,H1,30/03/2026,101.96,102.76,101.85,101.85,236830.75,2314.0
CRAA11,H1,30/03/2026,102.03,102.36,101.93,101.95,65165.5,639.0
CRAA11,H1,30/03/2026,101.76,102.36,101.76,102.03,178183.59,1746.0
CRAA11,H1,30/03/2026,102.65,102.65,101.76,101.76,133421.3,1309.0
CRAA11,H1,27/03/2026,101.87,102.44,101.61,102.38,235685.76,2310.0
CRAA11,H1,27/03/2026,102.4,102.66,101.87,101.87,170214.42,1665.0
CRAA11,H1,27/03/2026,102.69,102.69,102.32,102.4,93832.37,916.0
CRAA11,H1,27/03/2026,102.6,102.69,102.43,102.69,22870.77,223.0
CRAA11,H1,27/03/2026,102.52,102.63,102.52,102.6,23893.18,233.0
CRAA11,H1,27/03/2026,101.96,102.54,101.96,102.52,65240.3,638.0
CRAA11,H1,27/03/2026,101.65,102.16,101.65,101.85,20574.32,202.0
CRAA11,H1,26/03/2026,102.05,102.05,101.61,101.61,120266.16,1180.0
CRAA11,H1,26/03/2026,102.05,102.2,102.01,102.03,76737.64,752.0
CRAA11,H1,26/03/2026,102.24,102.27,102.02,102.05,29946.05,293.0
CRAA11,H1,26/03/2026,102.3,102.3,102.01,102.24,108849.47,1066.0
CRAA11,H1,26/03/2026,102.4,102.5,102.3,102.3,4706.42,46.0
CRAA11,H1,26/03/2026,102.63,102.64,102.19,102.54,77710.27,759.0
CRAA11,H1,26/03/2026,102.64,102.79,102.51,102.55,9950.49,97.0
CRAA11,H1,26/03/2026,102.91,102.91,102.63,102.64,15937.29,155.0
CRAA11,H1,25/03/2026,102.4,102.4,102.4,102.4,9830.4,96.0
CRAA11,H1,25/03/2026,102.4,102.4,102.31,102.4,28977.67,283.0
CRAA11,H1,25/03/2026,102.38,102.4,102.25,102.29,75608.24,739.0
CRAA11,H1,25/03/2026,102.59,102.71,102.33,102.64,33706.85,329.0
CRAA11,H1,25/03/2026,102.46,102.71,102.34,102.71,44052.23,430.0
CRAA11,H1,25/03/2026,102.46,102.59,102.42,102.58,62097.36,606.0
CRAA11,H1,25/03/2026,102.4,102.46,102.24,102.46,123337.05,1205.0
CRAA11,H1,25/03/2026,102.4,102.4,102.01,102.4,121622.7,1190.0
CRAA11,H1,24/03/2026,101.9,102.5,101.9,102.5,14391.96,141.0
CRAA11,H1,24/03/2026,103.1,103.1,101.96,101.96,1128451.29,11056.0
CRAA11,H1,24/03/2026,103.2,103.51,103.09,103.1,169588.94,1643.0
CRAA11,H1,24/03/2026,103.64,103.64,103.21,103.21,95159.05,920.0
CRAA11,H1,24/03/2026,103.57,103.66,103.5,103.5,4244.02,41.0
CRAA11,H1,24/03/2026,103.54,103.65,103.47,103.49,42336.42,409.0
CRAA11,H1,24/03/2026,103.49,103.68,103.49,103.68,99278.59,958.0
CRAA11,H1,24/03/2026,104.01,104.22,103.25,103.5,18347.11,177.0
CRAA11,H1,23/03/2026,102.78,103.71,102.54,103.71,146636.28,1426.0
CRAA11,H1,23/03/2026,103.04,103.04,102.73,102.78,18315.34,178.0
CRAA11,H1,23/03/2026,103.09,103.4,103.0,103.0,69182.6,671.0
CRAA11,H1,23/03/2026,103.04,103.14,102.76,103.09,18939.47,184.0
CRAA11,H1,23/03/2026,102.61,103.09,102.61,103.05,57448.25,559.0
CRAA11,H1,23/03/2026,102.41,102.64,102.41,102.63,31466.76,307.0
CRAA11,H1,23/03/2026,102.11,102.46,101.96,102.46,39429.04,386.0
CRAA11,H1,20/03/2026,102.01,102.01,101.95,101.96,27540.35,270.0
CRAA11,H1,20/03/2026,102.0,102.03,101.8,102.0,22627.82,222.0
CRAA11,H1,20/03/2026,102.11,102.21,101.5,102.0,77630.04,762.0
CRAA11,H1,20/03/2026,102.02,102.12,101.93,102.11,62235.32,610.0
CRAA11,H1,20/03/2026,102.0,102.03,102.0,102.03,23564.82,231.0
CRAA11,H1,20/03/2026,102.07,102.36,101.83,102.0,153613.43,1506.0
CRAA11,H1,20/03/2026,102.11,102.11,101.86,101.88,38685.96,379.0
CRAA11,H1,19/03/2026,101.62,102.14,101.61,101.61,66416.6,653.0
CRAA11,H1,19/03/2026,102.16,102.36,101.62,101.63,295833.73,2901.0
CRAA11,H1,19/03/2026,102.16,102.36,102.15,102.16,130677.26,1278.0
CRAA11,H1,19/03/2026,102.3,102.3,102.15,102.16,20329.52,199.0
CRAA11,H1,19/03/2026,102.35,102.36,102.15,102.3,5012.19,49.0
CRAA11,H1,19/03/2026,102.24,102.49,102.19,102.35,64225.08,628.0
CRAA11,H1,19/03/2026,102.64,102.64,102.2,102.24,59459.56,581.0
CRAA11,H1,18/03/2026,102.53,102.94,102.11,102.13,125603.27,1226.0
CRAA11,H1,18/03/2026,102.9,103.07,102.52,102.53,111773.42,1087.0
CRAA11,H1,18/03/2026,102.92,103.05,102.9,102.9,117557.99,1142.0
CRAA11,H1,18/03/2026,102.9,103.05,102.9,102.92,113104.04,1099.0
CRAA11,H1,18/03/2026,103.43,103.43,102.9,102.9,59011.93,573.0
CRAA11,H1,18/03/2026,103.9,103.96,103.05,103.43,231058.18,2235.0
CRAA11,H1,18/03/2026,104.72,104.72,103.81,103.96,30482.54,293.0
CRAA11,H1,17/03/2026,104.2,104.2,104.2,104.2,2500.8,24.0
CRAA11,H1,17/03/2026,104.2,104.2,104.19,104.2,28237.77,271.0
CRAA11,H1,17/03/2026,104.17,104.21,104.07,104.2,31984.9,307.0
CRAA11,H1,17/03/2026,104.22,104.24,104.05,104.17,74183.05,712.0
CRAA11,H1,17/03/2026,104.19,104.24,104.19,104.22,103071.01,989.0
CRAA11,H1,17/03/2026,104.23,104.23,104.19,104.19,30952.07,297.0
CRAA11,H1,17/03/2026,104.2,104.27,104.14,104.23,35424.98,340.0
CRAA11,H1,17/03/2026,104.75,104.75,103.82,104.2,37734.5,362.0
CRAA11,H1,16/03/2026,103.88,104.35,103.65,104.35,151267.48,1453.0
CRAA11,H1,16/03/2026,103.76,103.77,103.76,103.77,19404.71,187.0
CRAA11,H1,16/03/2026,103.76,103.77,103.76,103.77,14942.31,144.0
CRAA11,H1,16/03/2026,103.52,103.76,103.48,103.76,36758.23,355.0
CRAA11,H1,16/03/2026,103.46,103.52,103.46,103.52,5382.92,52.0
CRAA11,H1,16/03/2026,103.22,103.52,103.21,103.46,5168.59,50.0
CRAA11,H1,16/03/2026,103.52,103.52,103.01,103.34,21260.4,206.0
CRAA11,H1,13/03/2026,103.89,103.96,103.01,103.01,252801.03,2441.0
CRAA11,H1,13/03/2026,103.89,103.98,103.86,103.89,62141.12,598.0
CRAA11,H1,13/03/2026,104.0,104.04,103.88,103.92,138344.59,1330.0
CRAA11,H1,13/03/2026,104.0,104.01,103.54,104.0,133897.49,1290.0
CRAA11,H1,13/03/2026,103.94,104.0,103.94,104.0,6134.63,59.0
CRAA11,H1,13/03/2026,103.69,104.0,103.5,103.94,59163.46,571.0
CRAA11,H1,13/03/2026,104.0,104.0,103.18,103.52,34654.04,334.0
CRAA11,H1,12/03/2026,103.5,103.5,103.5,103.5,2277.0,22.0
CRAA11,H1,12/03/2026,103.0,104.03,102.95,103.5,184349.14,1778.0
CRAA11,H1,12/03/2026,102.65,103.73,102.54,102.95,688773.21,6681.0
CRAA11,H1,12/03/2026,102.88,102.88,102.65,102.74,95272.16,927.0
CRAA11,H1,12/03/2026,102.81,102.88,102.75,102.88,53549.57,521.0
CRAA11,H1,12/03/2026,102.62,102.89,102.62,102.64,84264.2,821.0
CRAA11,H1,12/03/2026,102.9,102.9,102.61,102.63,81541.21,794.0
CRAA11,H1,12/03/2026,102.97,102.97,102.5,102.9,22937.5,223.0
CRAA11,H1,11/03/2026,102.89,102.97,102.85,102.97,17489.6,170.0
CRAA11,H1,11/03/2026,102.99,102.99,102.87,102.89,35407.27,344.0
CRAA11,H1,11/03/2026,103.07,103.07,102.93,102.99,20294.3,197.0
CRAA11,H1,11/03/2026,102.9,102.93,102.87,102.93,15645.0,152.0
CRAA11,H1,11/03/2026,102.93,102.93,102.86,102.9,14508.31,141.0
CRAA11,H1,11/03/2026,102.95,102.95,102.89,102.93,28816.21,280.0
CRAA11,H1,11/03/2026,103.49,103.49,102.95,102.95,27095.42,263.0
CRAA11,H1,11/03/2026,103.87,103.87,102.84,103.03,69077.2,668.0
CRAA11,H1,10/03/2026,103.36,104.15,103.36,104.15,7287.07,70.0
CRAA11,H1,10/03/2026,103.5,103.63,103.13,103.36,42397.01,410.0
CRAA11,H1,10/03/2026,103.18,103.5,103.16,103.5,9919.42,96.0
CRAA11,H1,10/03/2026,103.29,103.5,103.29,103.5,56707.38,549.0
CRAA11,H1,10/03/2026,103.51,103.51,103.14,103.15,126989.91,1230.0
CRAA11,H1,10/03/2026,104.07,104.15,103.51,103.53,325401.2,3135.0
CRAA11,H1,10/03/2026,104.19,104.2,104.07,104.07,113142.36,1086.0
CRAA11,H1,10/03/2026,104.67,104.67,104.19,104.19,13150.98,126.0
CRAA11,H1,09/03/2026,104.32,104.32,104.15,104.15,5631.73,54.0
CRAA11,H1,09/03/2026,104.07,104.17,104.03,104.15,56640.17,544.0
CRAA11,H1,09/03/2026,104.01,104.24,103.9,104.16,234244.57,2250.0
CRAA11,H1,09/03/2026,104.31,104.31,103.98,104.15,535443.3,5146.0
CRAA11,H1,09/03/2026,104.02,104.32,103.98,104.31,336999.31,3235.0
CRAA11,H1,09/03/2026,104.27,104.33,103.97,104.07,50186.51,482.0
CRAA11,H1,09/03/2026,104.0,104.49,103.97,104.33,66620.24,640.0
CRAA11,H1,09/03/2026,104.75,104.75,103.97,104.0,64882.03,622.0
CRAA11,H1,06/03/2026,105.75,106.0,105.71,106.0,167314.82,1582.0
CRAA11,H1,06/03/2026,105.7,105.75,105.7,105.75,53813.92,509.0
CRAA11,H1,06/03/2026,105.45,105.75,105.4,105.44,51805.3,491.0
CRAA11,H1,06/03/2026,105.41,105.5,105.4,105.42,218093.42,2069.0
CRAA11,H1,06/03/2026,105.88,105.89,105.4,105.4,25623.97,243.0
CRAA11,H1,06/03/2026,105.67,105.96,105.4,105.68,116328.78,1101.0
CRAA11,H1,06/03/2026,104.82,105.95,104.82,105.94,544680.35,5172.0
CRAA11,H1,06/03/2026,104.82,104.82,104.6,104.8,294481.05,2810.0
CRAA11,H1,05/03/2026,104.47,104.59,104.3,104.3,124978.17,1198.0
CRAA11,H1,05/03/2026,104.6,104.65,104.28,104.47,194614.63,1865.0
CRAA11,H1,05/03/2026,104.5,104.6,104.38,104.6,149148.9,1428.0
CRAA11,H1,05/03/2026,104.58,104.6,104.58,104.59,4915.9,47.0
CRAA11,H1,05/03/2026,104.53,104.6,104.5,104.59,36071.57,345.0
CRAA11,H1,05/03/2026,104.54,104.98,104.43,104.55,72380.76,692.0
CRAA11,H1,05/03/2026,105.0,105.0,104.43,104.73,49743.18,475.0
CRAA11,H1,05/03/2026,104.6,105.11,104.6,105.0,26146.49,249.0
CRAA11,H1,04/03/2026,104.65,104.69,104.5,104.6,212163.32,2030.0
CRAA11,H1,04/03/2026,104.51,104.75,104.5,104.7,7328.76,70.0
CRAA11,H1,04/03/2026,104.5,104.75,104.5,104.5,28541.05,273.0
CRAA11,H1,04/03/2026,104.7,104.7,104.5,104.5,86455.15,827.0
CRAA11,H1,04/03/2026,104.69,104.75,104.6,104.75,55168.02,527.0
CRAA11,H1,04/03/2026,104.6,104.7,104.6,104.69,9422.13,90.0
CRAA11,H1,04/03/2026,104.5,104.7,104.5,104.6,53529.79,512.0
CRAA11,H1,04/03/2026,104.32,104.85,104.1,104.6,314191.03,3009.0
CRAA11,H1,03/03/2026,104.35,104.35,104.21,104.33,59150.66,567.0
CRAA11,H1,03/03/2026,104.29,104.35,104.1,104.35,71402.8,685.0
CRAA11,H1,03/03/2026,104.11,104.29,104.1,104.29,26061.48,250.0
CRAA11,H1,03/03/2026,104.24,104.3,104.1,104.1,38858.22,373.0
CRAA11,H1,03/03/2026,104.35,104.36,103.97,104.1,68223.6,655.0
CRAA11,H1,03/03/2026,104.3,104.36,103.9,104.36,54562.79,524.0
CRAA11,H1,03/03/2026,104.0,104.3,103.9,103.95,62320.3,599.0
CRAA11,H1,03/03/2026,104.36,104.36,103.51,104.0,56474.89,544.0
CRAA11,H1,02/03/2026,102.91,104.38,102.81,103.85,271767.19,2623.0
CRAA11,H1,02/03/2026,102.61,103.81,102.56,102.74,494473.88,4800.0
CRAA11,H1,02/03/2026,102.55,102.69,102.5,102.61,366246.94,3572.0
CRAA11,H1,02/03/2026,102.43,102.52,102.39,102.52,101949.65,995.0
CRAA11,H1,02/03/2026,102.39,102.43,102.36,102.43,33277.52,325.0
CRAA11,H1,02/03/2026,102.39,102.4,102.36,102.36,52216.16,510.0
CRAA11,H1,02/03/2026,102.48,102.6,102.27,102.43,201275.76,1965.0
CRAA11,H1,02/03/2026,102.49,102.63,102.15,102.49,49280.14,481.0
CRAA11,H1,27/02/2026,102.24,102.26,102.15,102.15,12984.42,127.0
CRAA11,H1,27/02/2026,102.2,102.27,102.08,102.24,56406.58,552.0
CRAA11,H1,27/02/2026,102.15,102.25,102.02,102.18,33304.37,326.0
CRAA11,H1,27/02/2026,102.19,102.28,102.07,102.17,68581.93,671.0
CRAA11,H1,27/02/2026,102.18,102.19,102.18,102.18,13896.69,136.0
CRAA11,H1,27/02/2026,102.2,102.2,102.01,102.16,16747.65,164.0
CRAA11,H1,27/02/2026,102.38,102.38,102.16,102.19,70005.49,685.0
CRAA11,H1,27/02/2026,102.33,102.41,101.87,102.38,75688.38,740.0
CRAA11,H1,26/02/2026,101.91,101.95,101.91,101.91,18040.59,177.0
CRAA11,H1,26/02/2026,101.9,101.92,101.9,101.91,14369.29,141.0
CRAA11,H1,26/02/2026,101.94,101.94,101.75,101.9,106995.34,1051.0
CRAA11,H1,26/02/2026,102.0,102.01,101.94,101.94,18766.61,184.0
CRAA11,H1,26/02/2026,101.95,102.0,101.93,101.93,17539.68,172.0
CRAA11,H1,26/02/2026,101.97,102.0,101.9,101.95,37931.28,372.0
CRAA11,H1,26/02/2026,102.0,102.02,101.9,101.93,72176.37,708.0
CRAA11,H1,26/02/2026,102.03,102.21,102.03,102.03,142641.62,1396.0
CRAA11,H1,25/02/2026,101.86,102.03,101.85,102.03,11727.98,115.0
CRAA11,H1,25/02/2026,101.87,102.03,101.86,101.86,102173.1,1002.0
CRAA11,H1,25/02/2026,101.69,102.03,101.65,101.87,158931.68,1560.0
CRAA11,H1,25/02/2026,101.76,101.76,101.69,101.69,30518.58,300.0
CRAA11,H1,25/02/2026,101.87,101.97,101.78,101.78,44926.21,441.0
CRAA11,H1,25/02/2026,101.85,101.87,101.73,101.84,43264.29,425.0
CRAA11,H1,25/02/2026,101.73,101.87,101.57,101.87,22792.76,224.0
CRAA11,H1,25/02/2026,101.53,101.87,101.53,101.73,30300.61,298.0
CRAA11,H1,24/02/2026,101.68,101.68,101.53,101.53,3352.3,33.0
CRAA11,H1,24/02/2026,101.88,101.88,101.6,101.68,86740.11,853.0
CRAA11,H1,24/02/2026,101.88,101.88,101.85,101.88,15279.55,150.0
CRAA11,H1,24/02/2026,101.88,102.03,101.87,101.88,66429.74,652.0
CRAA11,H1,24/02/2026,102.0,102.05,101.87,101.88,14279.9,140.0
CRAA11,H1,24/02/2026,101.95,102.0,101.71,102.0,147247.75,1445.0
CRAA11,H1,24/02/2026,101.9,101.95,101.66,101.95,45001.23,442.0
CRAA11,H1,24/02/2026,102.0,102.0,101.88,101.9,28652.83,281.0
CRAA11,H1,23/02/2026,101.59,101.6,101.46,101.6,5790.79,57.0
CRAA11,H1,23/02/2026,101.53,101.59,101.37,101.59,55376.83,546.0
CRAA11,H1,23/02/2026,101.53,101.53,101.39,101.53,18364.55,181.0
CRAA11,H1,23/02/2026,101.4,101.53,101.39,101.53,25464.35,251.0
CRAA11,H1,23/02/2026,101.38,101.41,101.2,101.39,33015.21,326.0
CRAA11,H1,23/02/2026,101.2,101.39,101.15,101.17,17532.19,173.0
CRAA11,H1,23/02/2026,101.5,101.5,101.2,101.2,54387.42,537.0
CRAA11,H1,23/02/2026,101.59,101.59,101.26,101.53,29528.24,291.0
CRAA11,H1,20/02/2026,101.32,101.59,101.0,101.59,17225.41,170.0
CRAA11,H1,20/02/2026,100.74,101.32,100.59,101.1,109121.33,1082.0
CRAA11,H1,20/02/2026,100.52,100.84,100.42,100.69,371305.22,3689.0
CRAA11,H1,20/02/2026,100.59,101.12,100.36,100.53,496256.34,4935.0
CRAA11,H1,20/02/2026,100.52,100.88,100.41,100.59,147022.29,1462.0
CRAA11,H1,20/02/2026,100.52,100.66,100.5,100.52,122709.73,1220.0
CRAA11,H1,20/02/2026,100.52,100.66,100.25,100.52,103764.29,1032.0
CRAA11,H1,20/02/2026,100.55,100.71,100.17,100.26,220697.57,2196.0
CRAA11,H1,20/02/2026,101.08,101.32,100.55,100.55,91626.92,909.0
CRAA11,H1,19/02/2026,100.62,100.84,100.58,100.58,63477.82,631.0
CRAA11,H1,19/02/2026,100.59,100.9,100.57,100.89,41548.26,413.0
CRAA11,H1,19/02/2026,100.95,101.0,100.57,100.59,48152.42,478.0
CRAA11,H1,19/02/2026,100.91,101.4,100.81,100.95,54277.38,537.0
CRAA11,H1,19/02/2026,101.28,101.35,100.9,100.91,66336.83,656.0
CRAA11,H1,19/02/2026,101.33,101.42,101.19,101.25,56405.35,557.0
CRAA11,H1,19/02/2026,101.07,101.33,101.0,101.33,24284.18,240.0
CRAA11,H1,19/02/2026,101.58,101.58,101.01,101.17,149703.33,1478.0
CRAA11,H1,18/02/2026,100.94,101.08,100.89,101.08,8681.59,86.0
CRAA11,H1,18/02/2026,100.99,101.08,100.94,100.99,152310.68,1508.0
CRAA11,H1,18/02/2026,101.0,101.0,100.95,100.95,43821.85,434.0
CRAA11,H1,18/02/2026,101.06,101.06,100.9,101.02,27572.03,273.0
CRAA11,H1,18/02/2026,100.8,101.05,100.71,101.05,124126.71,1230.0
CRAA11,H1,13/02/2026,100.72,100.8,100.71,100.76,11987.42,119.0
CRAA11,H1,13/02/2026,100.65,100.75,100.65,100.72,21644.82,215.0
CRAA11,H1,13/02/2026,100.47,100.65,100.45,100.65,256332.4,2551.0
CRAA11,H1,13/02/2026,100.47,100.47,100.32,100.47,81653.27,813.0
CRAA11,H1,13/02/2026,100.47,100.47,100.47,100.47,14970.03,149.0
CRAA11,H1,13/02/2026,100.47,100.47,100.36,100.47,52733.36,525.0
CRAA11,H1,13/02/2026,100.47,100.47,100.45,100.47,55358.58,551.0
CRAA11,H1,13/02/2026,100.52,100.8,100.33,100.47,197896.09,1969.0
CRAA11,H1,12/02/2026,99.6,99.75,99.51,99.52,35741.08,359.0
CRAA11,H1,12/02/2026,99.8,100.0,99.6,99.6,101704.13,1019.0
CRAA11,H1,12/02/2026,99.8,100.0,99.75,100.0,69637.52,697.0
CRAA11,H1,12/02/2026,99.8,100.0,99.8,99.8,26253.97,263.0
CRAA11,H1,12/02/2026,99.9,99.99,99.8,99.8,42558.76,426.0
CRAA11,H1,12/02/2026,100.04,100.04,99.9,99.9,46982.4,470.0
CRAA11,H1,12/02/2026,100.25,100.27,100.01,100.03,40293.98,402.0
CRAA11,H1,12/02/2026,100.27,100.27,100.0,100.25,71083.31,709.0
CRAA11,H1,11/02/2026,100.27,100.27,100.25,100.26,131030.46,1307.0
CRAA11,H1,11/02/2026,100.09,100.27,99.74,100.26,137127.02,1371.0
CRAA11,H1,11/02/2026,100.24,100.27,99.94,100.1,192116.01,1919.0
CRAA11,H1,11/02/2026,100.52,100.53,100.3,100.31,149725.51,1491.0
CRAA11,H1,11/02/2026,100.8,100.8,100.57,100.6,44779.86,445.0
CRAA11,H1,11/02/2026,100.9,101.0,100.8,100.8,24627.59,244.0
CRAA11,H1,11/02/2026,101.01,101.01,100.72,100.9,280188.66,2777.0
CRAA11,H1,11/02/2026,101.19,101.19,101.02,101.16,27003.79,267.0
CRAA11,H1,10/02/2026,100.85,100.85,100.82,100.82,7965.8,79.0
CRAA11,H1,10/02/2026,100.91,100.96,100.64,100.85,39117.52,388.0
CRAA11,H1,10/02/2026,100.97,101.43,100.75,100.9,263587.8,2609.0
CRAA11,H1,10/02/2026,101.16,101.17,100.97,100.97,64078.73,634.0
CRAA11,H1,10/02/2026,101.03,101.17,101.03,101.16,42276.12,418.0
CRAA11,H1,10/02/2026,101.04,101.35,100.99,101.02,82801.57,819.0
CRAA11,H1,10/02/2026,101.02,101.32,101.01,101.02,61359.79,607.0
CRAA11,H1,10/02/2026,101.5,101.5,101.02,101.02,26408.37,261.0
CRAA11,H1,09/02/2026,101.21,101.5,100.95,101.01,21132.05,209.0
CRAA11,H1,09/02/2026,101.14,101.36,101.0,101.25,130063.5,1286.0
CRAA11,H1,09/02/2026,101.13,101.14,100.91,101.14,24960.13,247.0
CRAA11,H1,09/02/2026,101.1,101.14,100.94,101.13,69324.29,686.0
CRAA11,H1,09/02/2026,101.08,101.11,100.91,101.1,297580.75,2944.0
CRAA11,H1,09/02/2026,100.91,101.08,100.86,101.08,37748.31,374.0
CRAA11,H1,09/02/2026,101.21,101.21,100.9,100.91,110097.76,1089.0
CRAA11,H1,09/02/2026,101.98,101.98,100.52,101.21,511409.62,5063.0
CRAA11,H1,06/02/2026,103.09,103.09,103.09,103.09,1030.9,10.0
CRAA11,H1,06/02/2026,102.94,103.09,102.91,102.91,35014.31,340.0
CRAA11,H1,06/02/2026,102.94,103.01,102.93,102.93,42425.27,412.0
CRAA11,H1,06/02/2026,103.05,103.09,102.7,102.94,274324.17,2668.0
CRAA11,H1,06/02/2026,103.03,103.1,102.91,102.92,44199.75,429.0
CRAA11,H1,06/02/2026,103.24,103.28,102.82,103.03,240272.69,2333.0
CRAA11,H1,06/02/2026,103.08,103.28,102.93,103.03,12892.21,125.0
CRAA11,H1,06/02/2026,103.03,103.3,102.77,103.08,399445.24,3875.0
CRAA11,H1,06/02/2026,102.99,103.19,102.79,103.01,336209.08,3265.0
CRAA11,H1,05/02/2026,102.92,103.0,102.89,103.0,9780.42,95.0
CRAA11,H1,05/02/2026,102.84,103.0,102.82,102.92,117684.82,1143.0
CRAA11,H1,05/02/2026,102.96,103.01,102.83,102.84,51166.41,497.0
CRAA11,H1,05/02/2026,103.14,103.45,102.96,102.96,183248.47,1777.0
CRAA11,H1,05/02/2026,103.17,103.18,102.96,103.0,121031.77,1175.0
CRAA11,H1,05/02/2026,103.01,103.5,102.95,102.98,53002.47,514.0
CRAA11,H1,05/02/2026,102.87,103.5,102.77,103.01,230810.05,2239.0
CRAA11,H1,05/02/2026,103.0,103.0,102.7,102.99,129304.46,1256.0
CRAA11,H1,04/02/2026,102.89,103.0,102.75,103.0,14820.36,144.0
CRAA11,H1,04/02/2026,102.81,102.92,102.7,102.9,126522.47,1231.0
CRAA11,H1,04/02/2026,103.0,103.22,102.8,102.93,65154.74,632.0
CRAA11,H1,04/02/2026,103.2,103.22,102.5,102.5,160916.55,1564.0
CRAA11,H1,04/02/2026,103.23,103.23,102.7,102.7,181586.27,1760.0
CRAA11,H1,04/02/2026,103.15,103.23,103.02,103.22,15560.5,151.0
CRAA11,H1,04/02/2026,103.0,103.24,102.88,103.24,188688.42,1831.0
CRAA11,H1,04/02/2026,102.5,103.22,101.53,103.1,202324.31,1964.0
CRAA11,H1,03/02/2026,100.88,102.5,100.81,102.01,404831.5,3984.0
CRAA11,H1,03/02/2026,101.0,101.05,100.87,101.05,77984.33,772.0
CRAA11,H1,03/02/2026,100.99,101.03,100.96,101.03,14342.09,142.0
CRAA11,H1,03/02/2026,100.92,101.0,100.84,100.99,36538.9,362.0
CRAA11,H1,03/02/2026,101.0,101.0,100.76,100.92,75124.44,745.0
CRAA11,H1,03/02/2026,100.95,101.0,100.94,101.0,12012.61,119.0
CRAA11,H1,03/02/2026,101.05,101.05,100.93,101.0,47665.89,472.0
CRAA11,H1,03/02/2026,101.0,101.25,100.97,101.05,160335.47,1587.0
CRAA11,H1,02/02/2026,101.15,101.15,101.01,101.15,36906.74,365.0
CRAA11,H1,02/02/2026,101.12,101.16,101.0,101.15,95877.51,948.0
CRAA11,H1,02/02/2026,101.01,101.13,101.0,101.13,34161.18,338.0
CRAA11,H1,02/02/2026,101.13,101.13,101.0,101.13,29326.92,290.0
CRAA11,H1,02/02/2026,100.97,101.14,100.97,101.1,368192.05,3645.0
CRAA11,H1,02/02/2026,100.99,100.99,100.99,100.99,24843.54,246.0
CRAA11,H1,02/02/2026,100.95,101.0,100.72,100.99,57655.55,571.0
CRAA11,H1,02/02/2026,99.61,101.15,99.61,101.0,39219.34,390.0
CRAA11,H1,30/01/2026,100.48,100.55,100.0,100.0,19558.73,195.0
CRAA11,H1,30/01/2026,100.55,100.61,100.34,100.45,64423.97,641.0
CRAA11,H1,30/01/2026,100.6,100.6,100.29,100.55,79569.81,792.0
CRAA11,H1,30/01/2026,100.34,100.6,100.13,100.6,158471.78,1580.0
CRAA11,H1,30/01/2026,100.34,100.34,100.2,100.34,142777.79,1423.0
CRAA11,H1,30/01/2026,100.28,100.72,100.23,100.34,52002.56,518.0
CRAA11,H1,30/01/2026,100.1,100.21,100.1,100.21,55905.79,558.0
CRAA11,H1,30/01/2026,99.54,100.19,99.54,100.19,117715.58,1179.0
CRAA11,H1,29/01/2026,99.46,99.69,99.46,99.46,73609.52,740.0
CRAA11,H1,29/01/2026,99.48,99.59,99.45,99.46,105444.53,1060.0
CRAA11,H1,29/01/2026,99.48,99.55,99.47,99.47,87255.75,877.0
CRAA11,H1,29/01/2026,99.46,99.53,99.46,99.49,77234.34,776.0
CRAA11,H1,29/01/2026,99.44,99.54,99.4,99.45,94649.07,951.0
CRAA11,H1,29/01/2026,99.64,99.64,99.4,99.41,149118.32,1499.0
CRAA11,H1,29/01/2026,99.71,100.16,99.55,99.64,276706.47,2772.0
CRAA11,H1,29/01/2026,99.7,99.82,99.1,99.51,324928.12,3261.0
CRAA11,H1,28/01/2026,97.51,100.28,97.5,99.7,783106.02,7861.0
CRAA11,H1,28/01/2026,97.52,97.75,97.5,97.51,62725.62,643.0
CRAA11,H1,28/01/2026,97.7,97.97,97.47,97.52,135265.03,1386.0
CRAA11,H1,28/01/2026,97.91,98.91,97.55,97.7,338628.64,3457.0
CRAA11,H1,28/01/2026,97.89,97.91,97.68,97.91,29460.39,301.0
CRAA11,H1,28/01/2026,97.47,97.9,97.46,97.7,139707.43,1430.0
CRAA11,H1,28/01/2026,97.38,97.58,97.38,97.47,60466.86,620.0
CRAA11,H1,28/01/2026,97.0,97.52,97.0,97.43,96711.18,995.0
CRAA11,H1,27/01/2026,97.4,97.5,97.2,97.2,39800.28,409.0
CRAA11,H1,27/01/2026,97.48,97.54,97.21,97.4,158171.85,1625.0
CRAA11,H1,27/01/2026,97.72,97.73,97.48,97.48,38155.27,391.0
CRAA11,H1,27/01/2026,97.49,97.73,97.48,97.72,167186.49,1714.0
CRAA11,H1,27/01/2026,97.43,97.5,97.3,97.49,55635.42,571.0
CRAA11,H1,27/01/2026,97.43,97.5,97.25,97.43,105514.02,1083.0
CRAA11,H1,27/01/2026,97.47,97.5,97.26,97.44,105966.37,1088.0
CRAA11,H1,27/01/2026,97.21,97.49,97.02,97.47,146275.88,1504.0
CRAA11,H1,26/01/2026,96.86,97.09,96.86,97.09,127828.24,1318.0
CRAA11,H1,26/01/2026,96.75,97.01,96.75,96.99,537038.56,5543.0
CRAA11,H1,26/01/2026,96.63,96.88,96.5,96.75,323629.54,3344.0
CRAA11,H1,26/01/2026,96.75,96.93,96.5,96.64,278924.37,2886.0
CRAA11,H1,26/01/2026,96.8,96.98,96.75,96.75,50647.55,523.0
CRAA11,H1,26/01/2026,96.78,96.95,96.75,96.8,131619.79,1360.0
CRAA11,H1,26/01/2026,96.78,97.06,96.78,96.78,141929.18,1466.0
CRAA11,H1,26/01/2026,97.21,97.21,96.75,96.78,85844.1,886.0
CRAA11,H1,23/01/2026,97.04,97.3,96.71,96.75,173993.5,1794.0
CRAA11,H1,23/01/2026,97.04,97.2,97.03,97.04,207146.35,2133.0
CRAA11,H1,23/01/2026,96.81,97.1,96.7,97.04,188984.42,1950.0
CRAA11,H1,23/01/2026,96.8,97.1,96.79,96.81,131139.2,1353.0
CRAA11,H1,23/01/2026,96.84,97.08,96.8,96.8,96370.64,995.0
CRAA11,H1,23/01/2026,96.88,97.1,96.81,96.84,121921.17,1258.0
CRAA11,H1,23/01/2026,97.01,97.13,96.81,96.88,108608.99,1120.0
CRAA11,H1,23/01/2026,97.48,97.7,97.01,97.01,115239.05,1185.0
CRAA11,H1,22/01/2026,97.95,97.99,97.0,97.0,479685.83,4923.0
CRAA11,H1,22/01/2026,97.87,97.98,97.67,97.98,16154.06,165.0
CRAA11,H1,22/01/2026,97.85,97.97,97.65,97.87,118605.24,1213.0
CRAA11,H1,22/01/2026,97.88,97.95,97.65,97.72,65753.79,672.0
CRAA11,H1,22/01/2026,97.84,97.88,97.65,97.88,109130.24,1116.0
CRAA11,H1,22/01/2026,97.89,98.02,97.65,97.67,175329.25,1791.0
CRAA11,H1,22/01/2026,97.6,98.01,97.46,97.68,110813.54,1134.0
CRAA11,H1,22/01/2026,97.78,97.78,97.3,97.59,45713.57,468.0
CRAA11,H1,21/01/2026,97.48,97.56,97.04,97.3,38656.89,397.0
CRAA11,H1,21/01/2026,97.5,97.62,97.39,97.61,34692.62,356.0
CRAA11,H1,21/01/2026,97.46,97.65,97.4,97.5,122605.57,1258.0
CRAA11,H1,21/01/2026,97.05,98.06,97.04,97.52,601185.78,6172.0
CRAA11,H1,21/01/2026,97.09,97.1,97.0,97.03,39114.97,403.0
CRAA11,H1,21/01/2026,97.09,97.1,97.0,97.01,124847.94,1286.0
CRAA11,H1,21/01/2026,97.3,97.31,97.08,97.09,190616.01,1960.0
CRAA11,H1,21/01/2026,96.89,97.25,96.69,97.25,174570.55,1800.0
CRAA11,H1,20/01/2026,96.9,96.9,96.71,96.83,87353.58,902.0
CRAA11,H1,20/01/2026,96.99,97.02,96.89,96.89,90042.99,929.0
CRAA11,H1,20/01/2026,97.12,97.12,96.92,96.99,73339.54,756.0
CRAA11,H1,20/01/2026,96.88,97.14,96.88,97.11,170591.3,1758.0
CRAA11,H1,20/01/2026,96.8,96.91,96.69,96.88,77990.83,806.0
CRAA11,H1,20/01/2026,96.69,96.81,96.6,96.81,34621.33,358.0
CRAA11,H1,20/01/2026,96.47,96.69,96.47,96.69,101457.46,1050.0
CRAA11,H1,20/01/2026,96.8,96.8,96.41,96.47,105245.32,1090.0
CRAA11,H1,19/01/2026,96.8,96.81,96.29,96.43,136250.73,1410.0
CRAA11,H1,19/01/2026,95.96,96.82,95.95,96.75,230863.73,2396.0
CRAA11,H1,19/01/2026,95.55,95.96,95.5,95.96,359076.46,3746.0
CRAA11,H1,19/01/2026,95.46,95.83,95.45,95.55,52007.34,544.0
CRAA11,H1,19/01/2026,95.46,95.62,95.42,95.46,153379.17,1606.0
CRAA11,H1,19/01/2026,95.39,95.94,95.39,95.51,256905.82,2688.0
CRAA11,H1,19/01/2026,95.35,95.6,95.35,95.39,205816.81,2156.0
CRAA11,H1,19/01/2026,95.59,95.59,95.13,95.36,369725.97,3880.0
CRAA11,H1,16/01/2026,95.25,95.41,95.13,95.13,43050.66,452.0
CRAA11,H1,16/01/2026,95.26,95.26,95.12,95.25,122650.01,1289.0
CRAA11,H1,16/01/2026,95.23,95.27,95.1,95.26,75977.57,798.0
CRAA11,H1,16/01/2026,95.22,95.24,95.08,95.23,65562.0,689.0
CRAA11,H1,16/01/2026,95.19,95.24,95.06,95.22,75963.49,798.0
CRAA11,H1,16/01/2026,95.2,95.23,95.06,95.18,90952.92,956.0
CRAA11,H1,16/01/2026,95.29,95.3,95.05,95.19,318895.25,3351.0
CRAA11,H1,16/01/2026,95.3,95.3,95.16,95.2,184165.87,1933.0
CRAA11,H1,15/01/2026,95.2,95.23,95.0,95.06,188696.41,1985.0
CRAA11,H1,15/01/2026,95.2,95.26,95.03,95.19,227073.98,2388.0
CRAA11,H1,15/01/2026,95.21,95.3,95.1,95.2,95482.01,1003.0
CRAA11,H1,15/01/2026,95.24,95.3,95.21,95.21,118983.44,1249.0
CRAA11,H1,15/01/2026,95.29,95.3,95.2,95.25,71066.1,746.0
CRAA11,H1,15/01/2026,95.24,95.3,95.2,95.28,66785.7,701.0
CRAA11,H1,15/01/2026,95.21,95.28,95.03,95.22,134741.09,1415.0
CRAA11,H1,15/01/2026,95.14,95.74,94.75,95.2,815122.75,8560.0
CRAA11,H1,14/01/2026,95.3,95.34,94.75,95.14,428023.96,4503.0
CRAA11,H1,14/01/2026,95.21,95.36,95.2,95.2,279623.97,2937.0
CRAA11,H1,14/01/2026,95.38,95.59,95.2,95.39,290920.77,3054.0
CRAA11,H1,14/01/2026,95.75,95.75,95.37,95.37,170164.52,1780.0
CRAA11,H1,14/01/2026,95.75,95.75,95.57,95.74,46700.24,488.0
CRAA11,H1,14/01/2026,95.75,95.75,95.6,95.74,48714.64,509.0
CRAA11,H1,14/01/2026,95.88,95.88,95.6,95.6,51577.1,539.0
CRAA11,H1,14/01/2026,95.96,95.96,95.76,95.78,16011.49,167.0
CRAA11,H1,13/01/2026,95.61,95.96,95.52,95.7,219795.06,2299.0
CRAA11,H1,13/01/2026,95.67,95.67,95.6,95.67,67819.85,709.0
CRAA11,H1,13/01/2026,95.8,95.96,95.67,95.73,186043.43,1942.0
CRAA11,H1,13/01/2026,95.85,95.96,95.77,95.93,140093.3,1461.0
CRAA11,H1,13/01/2026,95.85,95.85,95.76,95.85,44733.94,467.0
CRAA11,H1,13/01/2026,95.81,95.85,95.76,95.85,60548.99,632.0
CRAA11,H1,13/01/2026,95.75,95.95,95.75,95.93,154124.42,1609.0
CRAA11,H1,13/01/2026,95.76,95.76,95.57,95.75,68158.01,712.0
CRAA11,H1,12/01/2026,95.62,95.76,95.55,95.76,39384.36,412.0
CRAA11,H1,12/01/2026,95.54,95.63,95.54,95.54,8505.18,89.0
CRAA11,H1,12/01/2026,95.38,95.58,95.38,95.54,69138.6,724.0
CRAA11,H1,12/01/2026,95.37,95.45,95.36,95.38,64301.95,674.0
CRAA11,H1,12/01/2026,95.51,95.52,95.35,95.36,58385.07,612.0
CRAA11,H1,12/01/2026,95.36,95.51,95.36,95.51,23194.89,243.0
CRAA11,H1,12/01/2026,95.36,95.45,95.36,95.36,31195.05,327.0
CRAA11,H1,12/01/2026,95.43,95.43,95.27,95.36,59599.5,625.0
CRAA11,H1,09/01/2026,95.35,95.42,95.21,95.34,35276.51,370.0
CRAA11,H1,09/01/2026,95.66,95.66,95.18,95.34,107450.79,1127.0
CRAA11,H1,09/01/2026,95.62,95.71,95.6,95.61,71736.65,750.0
CRAA11,H1,09/01/2026,95.56,95.71,95.3,95.62,79153.82,829.0
CRAA11,H1,09/01/2026,95.61,95.71,95.45,95.55,73406.09,768.0
CRAA11,H1,09/01/2026,95.73,95.73,95.51,95.6,99297.84,1039.0
CRAA11,H1,09/01/2026,95.56,95.74,95.56,95.73,120002.86,1255.0
CRAA11,H1,09/01/2026,95.31,95.57,95.19,95.57,129224.85,1356.0
CRAA11,H1,08/01/2026,95.47,95.57,95.26,95.27,70301.06,737.0
CRAA11,H1,08/01/2026,95.45,95.61,95.33,95.45,274733.78,2875.0
CRAA11,H1,08/01/2026,95.28,95.5,95.28,95.32,343761.78,3603.0
CRAA11,H1,08/01/2026,95.38,95.4,95.28,95.29,62454.64,655.0
CRAA11,H1,08/01/2026,95.3,95.4,95.28,95.4,35374.9,371.0
CRAA11,H1,08/01/2026,95.37,95.4,95.28,95.3,128319.02,1346.0
CRAA11,H1,08/01/2026,95.26,95.4,95.26,95.4,63885.93,670.0
CRAA11,H1,08/01/2026,95.31,95.44,95.18,95.3,201537.97,2115.0
CRAA11,H1,07/01/2026,95.21,95.24,95.12,95.24,22942.69,241.0
CRAA11,H1,07/01/2026,95.25,95.25,95.11,95.21,58837.02,618.0
CRAA11,H1,07/01/2026,95.25,95.25,95.16,95.25,44372.06,466.0
CRAA11,H1,07/01/2026,95.15,95.25,95.15,95.24,71318.25,749.0
CRAA11,H1,07/01/2026,95.22,95.31,95.15,95.15,81799.41,859.0
CRAA11,H1,07/01/2026,95.27,95.31,95.2,95.22,104247.2,1094.0
CRAA11,H1,07/01/2026,95.27,95.29,95.24,95.27,49160.03,516.0
CRAA11,H1,07/01/2026,95.22,95.28,95.02,95.24,102922.1,1081.0
CRAA11,H1,06/01/2026,95.15,95.22,95.11,95.22,26928.17,283.0
CRAA11,H1,06/01/2026,95.15,95.24,95.13,95.15,49670.63,522.0
CRAA11,H1,06/01/2026,95.21,95.29,95.14,95.15,69686.72,732.0
CRAA11,H1,06/01/2026,95.01,95.31,95.0,95.11,41029.13,431.0
CRAA11,H1,06/01/2026,95.02,95.26,95.01,95.01,41623.95,438.0
CRAA11,H1,06/01/2026,95.18,95.28,95.01,95.01,43399.88,456.0
CRAA11,H1,06/01/2026,94.86,95.24,94.8,95.02,294250.63,3096.0
CRAA11,H1,06/01/2026,94.81,94.87,94.8,94.87,143294.44,1511.0
CRAA11,H1,05/01/2026,94.81,94.81,94.69,94.81,67109.05,708.0
CRAA11,H1,05/01/2026,94.81,94.81,94.71,94.75,7677.81,81.0
CRAA11,H1,05/01/2026,94.81,94.81,94.68,94.81,4454.86,47.0
CRAA11,H1,05/01/2026,94.71,94.81,94.66,94.67,74284.79,784.0
CRAA11,H1,05/01/2026,94.71,94.72,94.67,94.67,39678.11,419.0
CRAA11,H1,05/01/2026,94.7,94.72,94.66,94.71,99629.45,1052.0
CRAA11,H1,05/01/2026,94.68,94.72,94.67,94.67,53599.25,566.0
CRAA11,H1,05/01/2026,94.45,94.72,94.37,94.71,168844.4,1784.0
CRAA11,H1,02/01/2026,94.54,94.68,94.51,94.68,122824.94,1299.0
CRAA11,H1,02/01/2026,94.57,94.57,94.51,94.53,185348.86,1960.0
CRAA11,H1,02/01/2026,94.57,94.57,94.56,94.56,162844.77,1722.0
CRAA11,H1,02/01/2026,94.56,94.57,94.5,94.57,56161.29,594.0
CRAA11,H1,02/01/2026,94.56,94.57,94.55,94.55,74894.12,792.0
CRAA11,H1,02/01/2026,94.57,94.57,94.49,94.56,109412.17,1157.0
CRAA11,H1,02/01/2026,94.42,94.56,94.35,94.56,104888.89,1111.0
CRAA11,H1,02/01/2026,94.42,94.42,94.31,94.36,128303.58,1359.0
CRAA11,H1,30/12/2025,94.26,94.42,94.24,94.3,29134.97,309.0
CRAA11,H1,30/12/2025,94.42,94.42,94.24,94.24,173552.79,1840.0
CRAA11,H1,30/12/2025,94.42,94.42,94.35,94.35,102055.84,1081.0
CRAA11,H1,30/12/2025,94.42,94.42,94.34,94.35,13971.36,148.0
CRAA11,H1,30/12/2025,94.36,94.42,94.34,94.34,144695.17,1533.0
CRAA11,H1,30/12/2025,94.38,94.39,94.36,94.36,18121.5,192.0
CRAA11,H1,30/12/2025,94.42,94.42,94.36,94.37,73530.85,779.0
CRAA11,H1,30/12/2025,94.42,94.42,94.33,94.35,30021.14,318.0
CRAA11,H1,29/12/2025,94.42,94.42,94.3,94.31,80213.28,850.0
CRAA11,H1,29/12/2025,94.36,94.42,94.29,94.42,78255.27,829.0
CRAA11,H1,29/12/2025,94.35,94.42,94.29,94.3,130811.35,1386.0
CRAA11,H1,29/12/2025,94.34,94.35,94.26,94.3,40837.78,433.0
CRAA11,H1,29/12/2025,94.29,94.34,94.21,94.3,63728.48,676.0
CRAA11,H1,29/12/2025,94.41,94.41,94.27,94.27,72716.8,771.0
CRAA11,H1,29/12/2025,94.26,94.42,94.16,94.41,89772.16,952.0
CRAA11,H1,29/12/2025,94.27,94.27,94.13,94.2,108202.47,1148.0
CRAA11,H1,26/12/2025,94.26,94.27,94.14,94.27,21300.65,226.0
CRAA11,H1,26/12/2025,94.11,94.27,94.07,94.27,420679.24,4463.0
CRAA11,H1,26/12/2025,94.04,94.12,94.02,94.11,41306.56,439.0
CRAA11,H1,26/12/2025,94.02,94.12,94.0,94.04,39502.13,420.0
CRAA11,H1,26/12/2025,93.97,94.1,93.92,94.1,54980.0,585.0
CRAA11,H1,26/12/2025,93.98,94.08,93.94,93.98,36553.64,389.0
CRAA11,H1,26/12/2025,94.11,94.12,93.93,93.95,130876.72,1391.0
CRAA11,H1,26/12/2025,94.12,94.12,93.97,94.12,172508.12,1833.0
CRAA11,H1,23/12/2025,93.98,94.12,93.97,93.97,24457.52,260.0
CRAA11,H1,23/12/2025,94.12,94.12,93.97,94.08,127399.58,1354.0
CRAA11,H1,23/12/2025,94.04,94.12,94.03,94.12,103250.71,1097.0
CRAA11,H1,23/12/2025,93.99,94.12,93.97,94.11,87590.53,931.0
CRAA11,H1,23/12/2025,93.97,94.11,93.97,94.1,383329.46,4079.0
CRAA11,H1,23/12/2025,93.87,93.98,93.72,93.98,260861.93,2777.0
CRAA11,H1,23/12/2025,93.68,93.88,93.65,93.73,37600.45,401.0
CRAA11,H1,23/12/2025,93.8,93.91,93.56,93.8,76561.64,816.0
CRAA11,H1,22/12/2025,93.72,93.98,93.33,93.33,266721.87,2848.0
CRAA11,H1,22/12/2025,93.81,93.97,93.72,93.72,103760.92,1106.0
CRAA11,H1,22/12/2025,93.67,93.97,93.66,93.81,108454.65,1156.0
CRAA11,H1,22/12/2025,93.95,93.97,93.65,93.74,73463.7,783.0
CRAA11,H1,22/12/2025,93.8,93.98,93.77,93.95,241144.87,2567.0
CRAA11,H1,22/12/2025,93.79,93.9,93.65,93.76,115893.53,1236.0
CRAA11,H1,22/12/2025,93.77,93.97,93.77,93.79,153449.55,1636.0
CRAA11,H1,22/12/2025,93.91,93.95,93.68,93.77,101695.91,1084.0
CRAA11,H1,19/12/2025,93.89,93.89,93.89,93.89,938.87,10.0
CRAA11,H1,19/12/2025,93.67,93.79,93.64,93.77,76642.49,818.0
CRAA11,H1,19/12/2025,93.93,93.98,93.65,93.67,98837.07,1054.0
CRAA11,H1,19/12/2025,93.63,93.94,93.62,93.82,101351.27,1081.0
CRAA11,H1,19/12/2025,93.6,93.76,93.6,93.63,53303.88,569.0
CRAA11,H1,19/12/2025,93.73,93.74,93.59,93.6,26779.62,286.0
CRAA11,H1,19/12/2025,93.59,93.75,93.59,93.62,33526.27,358.0
CRAA11,H1,19/12/2025,93.8,93.9,93.57,93.6,49656.01,530.0
CRAA11,H1,19/12/2025,93.83,93.96,93.57,93.8,64842.33,691.0
CRAA11,H1,18/12/2025,93.62,93.81,93.53,93.53,26474.21,283.0
CRAA11,H1,18/12/2025,93.62,93.82,93.53,93.62,24249.66,259.0
CRAA11,H1,18/12/2025,93.52,93.73,93.52,93.62,33512.38,358.0
CRAA11,H1,18/12/2025,93.61,93.79,93.52,93.52,34262.82,366.0
CRAA11,H1,18/12/2025,93.73,93.76,93.52,93.6,85737.83,915.0
CRAA11,H1,18/12/2025,93.76,93.76,93.62,93.63,34400.68,367.0
CRAA11,H1,18/12/2025,93.63,93.83,93.62,93.76,137757.31,1469.0
CRAA11,H1,18/12/2025,93.83,93.83,93.58,93.59,112765.45,1202.0
CRAA11,H1,17/12/2025,93.83,93.83,93.6,93.83,59552.83,635.0
CRAA11,H1,17/12/2025,93.64,93.83,93.6,93.83,71125.28,759.0
CRAA11,H1,17/12/2025,93.61,93.65,93.59,93.64,35112.94,375.0
CRAA11,H1,17/12/2025,93.62,93.65,93.6,93.61,86227.0,921.0
CRAA11,H1,17/12/2025,93.64,93.65,93.61,93.61,14136.88,151.0
CRAA11,H1,17/12/2025,93.65,93.65,93.57,93.64,31360.9,335.0
CRAA11,H1,17/12/2025,93.7,93.72,93.62,93.65,25479.1,272.0
CRAA11,H1,17/12/2025,93.83,93.83,93.57,93.57,266227.38,2844.0
CRAA11,H1,16/12/2025,93.83,93.83,93.57,93.57,31402.35,335.0
CRAA11,H1,16/12/2025,93.81,93.83,93.81,93.83,20641.0,220.0
CRAA11,H1,16/12/2025,93.82,93.83,93.62,93.81,18284.48,195.0
CRAA11,H1,16/12/2025,93.81,93.83,93.62,93.82,78610.02,838.0
CRAA11,H1,16/12/2025,93.81,93.82,93.55,93.81,118173.02,1261.0
CRAA11,H1,16/12/2025,93.72,93.82,93.72,93.82,30757.32,328.0
CRAA11,H1,16/12/2025,93.72,93.82,93.72,93.72,12840.03,137.0
CRAA11,H1,16/12/2025,93.83,93.83,93.71,93.83,176148.33,1878.0
CRAA11,H1,15/12/2025,93.83,93.83,93.71,93.71,12468.59,133.0
CRAA11,H1,15/12/2025,93.81,93.83,93.78,93.83,25332.84,270.0
CRAA11,H1,15/12/2025,93.81,93.83,93.64,93.82,78130.04,834.0
CRAA11,H1,15/12/2025,93.77,93.83,93.66,93.71,70820.05,755.0
CRAA11,H1,15/12/2025,93.56,93.77,93.56,93.76,29051.12,310.0
CRAA11,H1,15/12/2025,93.58,93.72,93.52,93.57,25461.68,272.0
CRAA11,H1,15/12/2025,93.71,93.72,93.55,93.58,55791.09,596.0
CRAA11,H1,15/12/2025,93.82,93.83,93.57,93.69,120044.51,1281.0
CRAA11,H1,12/12/2025,93.56,93.62,93.56,93.56,14878.57,159.0
CRAA11,H1,12/12/2025,93.33,93.61,93.33,93.45,58181.69,623.0
CRAA11,H1,12/12/2025,93.47,93.61,93.33,93.33,126734.83,1356.0
CRAA11,H1,12/12/2025,93.45,93.58,93.38,93.47,107407.25,1149.0
CRAA11,H1,12/12/2025,93.56,93.58,93.38,93.46,36279.2,388.0
CRAA11,H1,12/12/2025,93.51,93.56,93.37,93.51,13180.38,141.0
CRAA11,H1,12/12/2025,93.43,93.51,93.33,93.41,27840.22,298.0
CRAA11,H1,12/12/2025,93.83,93.83,93.32,93.33,170479.9,1823.0
CRAA11,H1,11/12/2025,93.71,93.83,93.62,93.83,33370.77,356.0
CRAA11,H1,11/12/2025,93.68,93.8,93.62,93.73,159402.64,1702.0
CRAA11,H1,11/12/2025,93.68,93.68,93.5,93.68,76984.15,822.0
CRAA11,H1,11/12/2025,93.68,93.68,93.49,93.67,83163.69,888.0
CRAA11,H1,11/12/2025,93.58,93.68,93.54,93.68,58998.94,630.0
CRAA11,H1,11/12/2025,93.68,93.68,93.53,93.58,7865.44,84.0
CRAA11,H1,11/12/2025,93.68,93.68,93.36,93.49,63295.08,676.0
CRAA11,H1,11/12/2025,93.68,93.68,93.67,93.67,9086.76,97.0
CRAA11,H1,10/12/2025,93.36,93.68,93.36,93.68,58867.95,629.0
CRAA11,H1,10/12/2025,93.67,93.67,93.36,93.37,100380.52,1074.0
CRAA11,H1,10/12/2025,93.67,93.68,93.28,93.68,134433.14,1439.0
CRAA11,H1,10/12/2025,93.67,93.68,93.5,93.68,85699.78,915.0
CRAA11,H1,10/12/2025,93.67,93.68,93.5,93.68,88322.89,943.0
CRAA11,H1,10/12/2025,93.66,93.68,93.51,93.68,69964.37,747.0
CRAA11,H1,10/12/2025,93.61,93.68,93.43,93.67,98315.85,1050.0
CRAA11,H1,10/12/2025,93.43,93.63,93.02,93.62,118472.72,1269.0
CRAA11,H1,09/12/2025,93.29,93.31,92.97,92.97,44155.17,474.0
CRAA11,H1,09/12/2025,93.3,93.42,93.08,93.09,74867.47,803.0
CRAA11,H1,09/12/2025,93.67,93.68,93.18,93.3,33602.67,360.0
CRAA11,H1,09/12/2025,93.07,93.67,92.99,93.67,95813.72,1027.0
CRAA11,H1,09/12/2025,92.94,93.08,92.92,93.07,54382.42,585.0
CRAA11,H1,09/12/2025,92.98,93.08,92.83,92.94,26502.45,285.0
CRAA11,H1,09/12/2025,93.04,93.07,92.73,92.9,31839.85,343.0
CRAA11,H1,09/12/2025,93.11,93.33,92.74,93.06,211031.61,2266.0
CRAA11,H1,08/12/2025,92.93,93.08,92.65,92.65,236790.92,2552.0
CRAA11,H1,08/12/2025,93.13,93.23,92.84,92.93,194460.46,2092.0
CRAA11,H1,08/12/2025,93.12,93.23,93.1,93.14,27572.34,296.0
CRAA11,H1,08/12/2025,93.2,93.29,93.11,93.11,47337.0,508.0
CRAA11,H1,08/12/2025,93.22,93.22,93.19,93.2,90214.48,968.0
CRAA11,H1,08/12/2025,93.33,93.33,93.23,93.23,44199.89,474.0
CRAA11,H1,08/12/2025,93.33,93.34,93.28,93.3,83154.37,891.0
CRAA11,H1,08/12/2025,93.27,93.46,93.16,93.32,142130.49,1523.0
CRAA11,H1,05/12/2025,93.43,93.57,93.4,93.57,71363.78,763.0
CRAA11,H1,05/12/2025,93.56,93.58,93.4,93.51,35259.44,377.0
CRAA11,H1,05/12/2025,93.4,93.61,93.38,93.56,107472.82,1149.0
CRAA11,H1,05/12/2025,93.64,93.64,93.39,93.51,23101.29,247.0
CRAA11,H1,05/12/2025,93.64,93.65,93.43,93.65,77086.16,824.0
CRAA11,H1,05/12/2025,93.64,93.67,93.56,93.66,31368.5,335.0
CRAA11,H1,05/12/2025,93.64,93.65,93.56,93.64,39506.32,422.0
CRAA11,H1,05/12/2025,93.19,93.68,93.18,93.64,393811.26,4211.0
CRAA11,H1,04/12/2025,93.05,93.19,93.01,93.18,65087.7,699.0
CRAA11,H1,04/12/2025,93.01,93.18,93.0,93.17,209189.06,2249.0
CRAA11,H1,04/12/2025,93.18,93.18,93.01,93.02,38906.88,418.0
CRAA11,H1,04/12/2025,93.18,93.19,92.94,93.18,44528.62,478.0
CRAA11,H1,04/12/2025,93.16,93.19,93.13,93.19,26646.47,286.0
CRAA11,H1,04/12/2025,93.03,93.18,92.99,93.15,38474.88,413.0
CRAA11,H1,04/12/2025,92.85,93.19,92.84,93.18,331819.24,3563.0
CRAA11,H1,04/12/2025,93.09,93.19,92.84,92.87,94623.77,1018.0
CRAA11,H1,03/12/2025,93.19,93.19,93.14,93.14,2794.9,30.0
CRAA11,H1,03/12/2025,93.19,93.19,93.1,93.14,19100.28,205.0
CRAA11,H1,03/12/2025,93.14,93.19,93.06,93.09,23472.75,252.0
CRAA11,H1,03/12/2025,93.03,93.14,92.91,93.14,36561.01,393.0
CRAA11,H1,03/12/2025,93.08,93.13,92.92,93.03,68798.27,739.0
CRAA11,H1,03/12/2025,93.07,93.09,93.07,93.08,36956.42,397.0
CRAA11,H1,03/12/2025,93.05,93.09,92.85,92.91,36742.59,395.0
CRAA11,H1,03/12/2025,92.84,93.08,92.84,93.08,87417.38,941.0
CRAA11,H1,02/12/2025,92.81,92.84,92.75,92.84,38052.23,410.0
CRAA11,H1,02/12/2025,92.85,92.86,92.8,92.8,14574.92,157.0
CRAA11,H1,02/12/2025,92.87,92.87,92.84,92.84,16528.13,178.0
CRAA11,H1,02/12/2025,92.79,92.88,92.78,92.84,122648.04,1321.0
CRAA11,H1,02/12/2025,92.71,92.87,92.66,92.78,10481.49,113.0
CRAA11,H1,02/12/2025,92.64,92.76,92.55,92.56,51941.44,561.0
CRAA11,H1,02/12/2025,92.64,92.65,92.5,92.57,18619.58,201.0
CRAA11,H1,02/12/2025,92.65,92.66,92.5,92.51,39749.55,429.0
CRAA11,H1,01/12/2025,92.74,93.19,92.21,92.21,152809.48,1652.0
CRAA11,H1,01/12/2025,92.86,93.19,92.74,92.74,359482.27,3872.0
CRAA11,H1,01/12/2025,93.06,93.19,92.86,92.86,174994.56,1881.0
CRAA11,H1,01/12/2025,93.18,93.19,92.89,92.9,80385.8,864.0
CRAA11,H1,01/12/2025,92.8,93.19,92.8,93.19,107559.42,1157.0
CRAA11,H1,01/12/2025,92.71,93.13,92.71,92.8,168909.23,1818.0
CRAA11,H1,01/12/2025,92.64,92.95,92.64,92.72,138011.89,1487.0
CRAA11,H1,01/12/2025,92.2,92.85,92.19,92.65,140016.44,1512.0
CRAA11,H1,28/11/2025,92.33,92.43,92.19,92.19,54554.55,591.0
CRAA11,H1,28/11/2025,92.41,92.6,92.3,92.35,65450.15,708.0
CRAA11,H1,28/11/2025,92.35,92.41,92.23,92.36,36757.69,398.0
CRAA11,H1,28/11/2025,92.21,92.37,92.16,92.35,67351.56,730.0
CRAA11,H1,28/11/2025,92.3,92.35,92.16,92.17,16335.93,177.0
CRAA11,H1,28/11/2025,92.3,92.35,92.08,92.31,18636.18,202.0
CRAA11,H1,28/11/2025,92.05,92.34,91.8,92.21,123154.35,1337.0
CRAA11,H1,28/11/2025,91.98,92.06,91.78,91.99,27772.29,302.0
CRAA11,H1,27/11/2025,91.63,91.98,91.63,91.63,24683.19,269.0
CRAA11,H1,27/11/2025,91.97,91.98,91.62,91.63,76288.09,831.0
CRAA11,H1,27/11/2025,91.94,92.23,91.77,91.97,176016.57,1914.0
CRAA11,H1,27/11/2025,91.86,91.96,91.84,91.94,26188.05,285.0
CRAA11,H1,27/11/2025,91.82,91.86,91.77,91.86,13223.6,144.0
CRAA11,H1,27/11/2025,91.81,91.82,91.77,91.77,41398.55,451.0
CRAA11,H1,27/11/2025,91.86,91.86,91.79,91.82,70786.36,771.0
CRAA11,H1,27/11/2025,91.78,91.86,91.78,91.86,39581.39,431.0
CRAA11,H1,26/11/2025,91.63,91.64,91.55,91.64,20610.75,225.0
CRAA11,H1,26/11/2025,91.61,91.73,91.55,91.63,127686.3,1394.0
CRAA11,H1,26/11/2025,91.67,91.77,91.59,91.62,46304.1,505.0
CRAA11,H1,26/11/2025,91.63,91.77,91.59,91.63,184577.99,2015.0
CRAA11,H1,26/11/2025,91.57,91.76,91.55,91.64,28405.35,310.0
CRAA11,H1,26/11/2025,91.75,91.81,91.5,91.56,40037.38,437.0
CRAA11,H1,26/11/2025,91.84,91.85,91.52,91.8,76650.51,836.0
CRAA11,H1,26/11/2025,92.13,92.14,91.7,91.84,42882.07,467.0
CRAA11,H1,25/11/2025,91.99,91.99,91.67,91.68,65099.46,710.0
CRAA11,H1,25/11/2025,91.96,92.02,91.86,91.96,74031.91,805.0
CRAA11,H1,25/11/2025,91.96,92.04,91.86,91.86,111646.77,1214.0
CRAA11,H1,25/11/2025,91.97,91.99,91.8,91.86,61328.3,667.0
CRAA11,H1,25/11/2025,91.86,91.96,91.69,91.96,62446.23,680.0
CRAA11,H1,25/11/2025,91.85,91.86,91.68,91.86,15052.88,164.0
CRAA11,H1,25/11/2025,91.71,91.86,91.67,91.85,20839.72,227.0
CRAA11,H1,25/11/2025,91.83,91.88,91.65,91.86,132988.01,1449.0
CRAA11,H1,24/11/2025,91.82,91.83,91.76,91.76,16796.67,183.0
CRAA11,H1,24/11/2025,92.0,92.02,91.81,91.81,35021.62,381.0
CRAA11,H1,24/11/2025,91.99,92.01,91.78,91.99,58493.03,636.0
CRAA11,H1,24/11/2025,91.98,92.02,91.88,91.89,36876.88,401.0
CRAA11,H1,24/11/2025,92.0,92.02,91.88,91.88,44052.14,479.0
CRAA11,H1,24/11/2025,92.02,92.02,91.88,92.01,7451.09,81.0
CRAA11,H1,24/11/2025,91.91,92.16,91.88,91.89,28508.42,310.0
CRAA11,H1,24/11/2025,92.4,92.44,91.88,91.9,52039.27,565.0
CRAA11,H1,21/11/2025,92.25,92.35,91.68,92.35,103292.94,1122.0
CRAA11,H1,21/11/2025,91.92,92.34,91.9,92.25,100668.42,1092.0
CRAA11,H1,21/11/2025,92.09,92.12,91.91,91.93,79898.57,868.0
CRAA11,H1,21/11/2025,91.9,92.11,91.77,92.1,68554.54,745.0
CRAA11,H1,21/11/2025,91.77,91.93,91.68,91.89,30834.3,336.0
CRAA11,H1,21/11/2025,91.86,92.12,91.77,91.77,184885.11,2010.0
CRAA11,H1,21/11/2025,91.99,92.14,91.8,91.86,58489.33,636.0
CRAA11,H1,21/11/2025,91.96,92.02,91.8,91.99,19403.06,211.0
CRAA11,H1,19/11/2025,91.67,91.79,91.57,91.79,25385.15,277.0
CRAA11,H1,19/11/2025,91.38,91.74,91.38,91.72,44274.52,484.0
CRAA11,H1,19/11/2025,91.34,91.41,91.33,91.37,12427.61,136.0
CRAA11,H1,19/11/2025,91.2,91.42,91.19,91.39,57073.9,625.0
CRAA11,H1,19/11/2025,91.06,91.26,90.94,91.25,71858.32,789.0
CRAA11,H1,19/11/2025,91.25,91.42,91.09,91.09,94337.8,1033.0
CRAA11,H1,19/11/2025,91.22,91.39,91.18,91.25,25836.79,283.0
CRAA11,H1,19/11/2025,91.57,91.57,91.01,91.23,96709.99,1059.0
CRAA11,H1,18/11/2025,90.72,91.22,90.28,91.13,284632.7,3138.0
CRAA11,H1,18/11/2025,91.64,91.64,90.7,90.72,476287.26,5237.0
CRAA11,H1,18/11/2025,91.48,91.7,91.47,91.7,23526.53,257.0
CRAA11,H1,18/11/2025,91.67,91.67,91.43,91.49,88221.64,964.0
CRAA11,H1,18/11/2025,91.94,91.96,91.67,91.67,136254.07,1484.0
CRAA11,H1,18/11/2025,91.83,91.96,91.83,91.83,69907.45,761.0
CRAA11,H1,18/11/2025,91.83,91.83,91.82,91.82,13681.56,149.0
CRAA11,H1,18/11/2025,91.7,91.88,91.48,91.82,29352.58,320.0
CRAA11,H1,17/11/2025,91.38,91.49,91.25,91.25,27327.24,299.0
CRAA11,H1,17/11/2025,91.45,91.57,91.18,91.22,177679.43,1945.0
CRAA11,H1,17/11/2025,91.36,91.46,91.18,91.45,191163.89,2094.0
CRAA11,H1,17/11/2025,91.48,91.75,91.35,91.35,230458.17,2518.0
CRAA11,H1,17/11/2025,91.79,91.8,91.47,91.48,135723.88,1481.0
CRAA11,H1,17/11/2025,91.79,91.8,91.78,91.8,54800.68,597.0
CRAA11,H1,17/11/2025,91.96,91.96,91.75,91.79,97791.6,1065.0
CRAA11,H1,17/11/2025,91.78,92.0,91.72,91.96,65002.62,708.0
CRAA11,H1,14/11/2025,91.88,91.88,91.8,91.8,9918.65,108.0
CRAA11,H1,14/11/2025,91.73,91.86,91.62,91.8,85304.93,930.0
CRAA11,H1,14/11/2025,91.66,91.73,91.58,91.67,28507.81,311.0
CRAA11,H1,14/11/2025,91.64,91.67,91.57,91.57,72841.66,795.0
CRAA11,H1,14/11/2025,91.67,91.67,91.59,91.62,50868.34,555.0
CRAA11,H1,14/11/2025,91.65,91.67,91.57,91.6,76161.24,831.0
CRAA11,H1,14/11/2025,91.57,91.65,91.57,91.58,14292.47,156.0
CRAA11,H1,14/11/2025,91.33,91.67,91.3,91.64,86443.16,945.0
CRAA11,H1,13/11/2025,91.33,91.62,91.33,91.33,65335.74,715.0
CRAA11,H1,13/11/2025,91.35,91.46,91.32,91.34,92931.4,1017.0
CRAA11,H1,13/11/2025,91.46,91.47,91.19,91.35,144997.27,1588.0
CRAA11,H1,13/11/2025,91.62,91.62,91.39,91.46,323464.76,3535.0
CRAA11,H1,13/11/2025,91.6,91.62,91.57,91.62,32339.45,353.0
CRAA11,H1,13/11/2025,91.64,91.64,91.54,91.61,120500.54,1316.0
CRAA11,H1,13/11/2025,91.64,91.66,91.47,91.63,148037.94,1617.0
CRAA11,H1,13/11/2025,91.92,92.09,91.46,91.65,382382.31,4171.0
CRAA11,H1,12/11/2025,92.06,92.11,91.94,92.1,46675.7,507.0
CRAA11,H1,12/11/2025,91.74,92.06,91.7,92.05,108137.46,1178.0
CRAA11,H1,12/11/2025,92.26,92.33,91.73,91.74,301034.8,3272.0
CRAA11,H1,12/11/2025,92.64,92.64,92.25,92.26,80372.81,870.0
CRAA11,H1,12/11/2025,92.53,92.67,92.48,92.59,33341.58,360.0
CRAA11,H1,12/11/2025,92.58,92.58,92.52,92.53,1110.67,12.0
CRAA11,H1,12/11/2025,92.6,92.63,92.47,92.47,33788.89,365.0
CRAA11,H1,12/11/2025,92.45,92.6,92.38,92.59,142749.1,1544.0
CRAA11,H1,11/11/2025,92.45,92.45,92.25,92.45,32788.41,355.0
CRAA11,H1,11/11/2025,92.44,92.53,92.28,92.45,101250.0,1096.0
CRAA11,H1,11/11/2025,92.44,92.44,92.35,92.44,18020.78,195.0
CRAA11,H1,11/11/2025,92.53,92.53,92.36,92.44,43289.5,468.0
CRAA11,H1,11/11/2025,92.59,92.6,92.45,92.53,33500.43,362.0
CRAA11,H1,11/11/2025,92.65,92.75,92.49,92.49,107774.39,1164.0
CRAA11,H1,11/11/2025,92.41,92.65,92.35,92.65,36237.49,392.0
CRAA11,H1,11/11/2025,92.29,92.41,92.29,92.35,30021.62,325.0
CRAA11,H1,10/11/2025,92.36,92.39,92.29,92.29,18099.48,196.0
CRAA11,H1,10/11/2025,92.37,92.39,92.3,92.36,38234.03,414.0
CRAA11,H1,10/11/2025,92.54,92.55,92.33,92.33,454838.64,4919.0
CRAA11,H1,10/11/2025,92.54,92.55,92.54,92.55,36092.01,390.0
CRAA11,H1,10/11/2025,92.6,92.62,92.53,92.53,74057.19,800.0
CRAA11,H1,10/11/2025,92.59,92.61,92.59,92.6,27964.16,302.0
CRAA11,H1,10/11/2025,92.62,92.68,92.23,92.54,190395.34,2058.0
CRAA11,H1,10/11/2025,92.57,92.64,92.45,92.63,84655.48,915.0
CRAA11,H1,07/11/2025,92.25,92.57,92.22,92.57,68215.81,739.0
CRAA11,H1,07/11/2025,92.13,92.26,92.02,92.26,87498.85,950.0
CRAA11,H1,07/11/2025,92.18,92.31,92.1,92.25,39659.44,430.0
CRAA11,H1,07/11/2025,92.2,92.31,92.07,92.29,263422.74,2857.0
CRAA11,H1,07/11/2025,92.18,92.21,92.01,92.07,17314.53,188.0
CRAA11,H1,07/11/2025,92.19,92.19,92.1,92.18,2857.34,31.0
CRAA11,H1,07/11/2025,92.03,92.24,91.95,92.1,50841.81,552.0
CRAA11,H1,07/11/2025,92.19,92.19,91.87,92.02,91675.5,997.0
CRAA11,H1,06/11/2025,91.94,91.97,91.9,91.9,17098.1,186.0
CRAA11,H1,06/11/2025,91.94,92.0,91.89,91.94,42467.15,462.0
CRAA11,H1,06/11/2025,91.94,92.0,91.92,91.93,88380.9,961.0
CRAA11,H1,06/11/2025,92.0,92.02,91.92,91.94,150828.5,1640.0
CRAA11,H1,06/11/2025,92.02,92.02,91.97,91.99,16837.33,183.0
CRAA11,H1,06/11/2025,91.92,92.06,91.89,92.02,77431.13,842.0
CRAA11,H1,06/11/2025,92.1,92.1,91.88,91.9,102540.23,1115.0
CRAA11,H1,06/11/2025,92.19,92.19,92.08,92.1,21197.54,230.0
CRAA11,H1,05/11/2025,91.97,92.14,91.91,92.14,70626.77,768.0
CRAA11,H1,05/11/2025,91.99,91.99,91.88,91.97,105363.85,1146.0
CRAA11,H1,05/11/2025,91.97,92.04,91.93,91.99,55100.4,599.0
CRAA11,H1,05/11/2025,92.1,92.1,91.9,91.97,116950.22,1272.0
CRAA11,H1,05/11/2025,92.01,92.1,91.93,92.1,209123.64,2273.0
CRAA11,H1,05/11/2025,91.99,92.02,91.88,92.01,37884.44,412.0
CRAA11,H1,05/11/2025,91.92,92.01,91.87,91.99,30814.56,335.0
CRAA11,H1,05/11/2025,92.02,92.04,91.8,91.83,47433.39,516.0
CRAA11,H1,04/11/2025,91.85,91.91,91.75,91.8,42512.78,463.0
CRAA11,H1,04/11/2025,91.71,91.93,91.71,91.85,56026.59,610.0
CRAA11,H1,04/11/2025,91.86,91.92,91.71,91.71,58139.12,633.0
CRAA11,H1,04/11/2025,92.06,92.07,91.86,91.86,31259.38,340.0
CRAA11,H1,04/11/2025,92.13,92.13,92.06,92.06,6448.17,70.0
CRAA11,H1,04/11/2025,92.11,92.18,91.92,92.08,87377.04,949.0
CRAA11,H1,04/11/2025,92.1,92.16,92.04,92.07,30031.14,326.0
CRAA11,H1,04/11/2025,92.13,92.16,92.04,92.15,12527.38,136.0
CRAA11,H1,03/11/2025,91.93,92.07,91.79,92.07,87016.36,947.0
CRAA11,H1,03/11/2025,91.83,91.97,91.79,91.93,12039.49,131.0
CRAA11,H1,03/11/2025,91.94,92.07,91.79,91.79,141236.52,1536.0
CRAA11,H1,03/11/2025,91.92,92.01,91.92,91.94,22899.64,249.0
CRAA11,H1,03/11/2025,91.84,91.93,91.84,91.92,20404.37,222.0
CRAA11,H1,03/11/2025,91.94,92.07,91.84,91.85,92614.42,1007.0
CRAA11,H1,03/11/2025,91.98,92.01,91.75,91.94,146589.6,1595.0
CRAA11,H1,03/11/2025,91.89,92.1,91.87,91.97,56446.69,614.0
CRAA11,H1,31/10/2025,91.76,91.87,91.76,91.87,1009.57,11.0
CRAA11,H1,31/10/2025,91.62,91.75,91.44,91.44,182859.02,1998.0
CRAA11,H1,31/10/2025,91.97,92.11,91.61,91.62,87191.42,950.0
CRAA11,H1,31/10/2025,92.1,92.28,91.92,91.92,170316.17,1848.0
CRAA11,H1,31/10/2025,92.1,92.15,92.0,92.02,14739.51,160.0
CRAA11,H1,31/10/2025,92.03,92.1,91.97,92.01,4143.03,45.0
CRAA11,H1,31/10/2025,91.95,91.98,91.82,91.88,54698.69,595.0
CRAA11,H1,31/10/2025,92.16,92.16,91.86,91.89,14900.19,162.0
CRAA11,H1,30/10/2025,91.78,91.78,91.78,91.78,734.22,8.0
CRAA11,H1,30/10/2025,91.9,91.92,91.69,91.73,63879.05,696.0
CRAA11,H1,30/10/2025,91.83,91.87,91.75,91.87,35252.63,384.0
CRAA11,H1,30/10/2025,91.77,91.9,91.68,91.75,30854.24,336.0
CRAA11,H1,30/10/2025,91.85,91.85,91.63,91.64,83963.11,915.0
CRAA11,H1,30/10/2025,91.84,91.85,91.71,91.85,8723.52,95.0
CRAA11,H1,30/10/2025,92.0,92.0,91.6,91.66,88658.68,966.0
CRAA11,H1,30/10/2025,91.82,91.99,91.75,91.85,13141.64,143.0
CRAA11,H1,29/10/2025,91.95,92.02,91.69,92.02,19639.79,214.0
CRAA11,H1,29/10/2025,91.52,91.92,91.52,91.92,44711.41,487.0
CRAA11,H1,29/10/2025,91.59,91.69,91.52,91.52,99080.49,1082.0
CRAA11,H1,29/10/2025,91.78,91.85,91.55,91.59,152081.14,1659.0
CRAA11,H1,29/10/2025,91.9,91.9,91.77,91.78,734559.9,7995.0
CRAA11,H1,29/10/2025,91.79,91.92,91.78,91.91,9832.24,107.0
CRAA11,H1,29/10/2025,91.83,91.9,91.76,91.79,26719.33,291.0
CRAA11,H1,29/10/2025,91.75,92.19,91.75,91.88,95508.03,1039.0
CRAA11,H1,28/10/2025,91.79,91.79,91.78,91.78,3854.67,42.0
CRAA11,H1,28/10/2025,91.83,92.2,91.49,92.2,248221.67,2708.0
CRAA11,H1,28/10/2025,92.15,92.23,91.78,91.83,140354.78,1528.0
CRAA11,H1,28/10/2025,92.21,92.21,91.88,92.18,59173.79,643.0
CRAA11,H1,28/10/2025,92.21,92.31,92.21,92.21,31365.47,340.0
CRAA11,H1,28/10/2025,92.21,92.31,92.21,92.29,5997.36,65.0
CRAA11,H1,28/10/2025,92.22,92.31,92.2,92.21,176575.81,1914.0
CRAA11,H1,28/10/2025,91.8,92.22,91.8,92.22,149252.54,1623.0
CRAA11,H1,27/10/2025,91.59,91.59,91.57,91.57,10073.05,110.0
CRAA11,H1,27/10/2025,91.79,91.81,91.5,91.59,91710.37,1001.0
CRAA11,H1,27/10/2025,91.63,91.81,91.63,91.81,51176.78,558.0
CRAA11,H1,27/10/2025,91.79,91.79,91.59,91.7,44636.09,487.0
CRAA11,H1,27/10/2025,91.83,91.85,91.57,91.81,116080.01,1265.0
CRAA11,H1,27/10/2025,91.75,91.85,91.74,91.85,27441.68,299.0
CRAA11,H1,27/10/2025,91.77,91.78,91.59,91.75,63333.6,691.0
CRAA11,H1,27/10/2025,91.49,91.79,91.49,91.77,39511.3,431.0
CRAA11,H1,24/10/2025,91.67,91.73,91.49,91.49,68944.33,753.0
CRAA11,H1,24/10/2025,91.73,91.74,91.6,91.73,59772.41,652.0
CRAA11,H1,24/10/2025,91.72,91.74,91.6,91.6,51813.28,565.0
CRAA11,H1,24/10/2025,91.74,91.74,91.55,91.72,53740.11,586.0
CRAA11,H1,24/10/2025,91.75,91.79,91.71,91.74,27888.58,304.0
CRAA11,H1,24/10/2025,91.77,91.79,91.69,91.78,61028.06,665.0
CRAA11,H1,24/10/2025,91.91,91.97,91.44,91.77,204336.4,2231.0
CRAA11,H1,23/10/2025,91.83,91.92,91.61,91.61,5774.78,63.0
CRAA11,H1,23/10/2025,91.53,91.95,91.53,91.95,76560.67,835.0
CRAA11,H1,23/10/2025,91.85,91.85,91.45,91.49,56140.8,613.0
CRAA11,H1,23/10/2025,91.79,91.85,91.63,91.85,48623.67,530.0
CRAA11,H1,23/10/2025,91.78,91.8,91.73,91.78,30744.55,335.0
CRAA11,H1,23/10/2025,91.91,91.93,91.68,91.68,98925.11,1078.0
CRAA11,H1,23/10/2025,91.84,91.91,91.83,91.83,40128.84,437.0
CRAA11,H1,23/10/2025,92.0,92.03,91.83,91.85,252968.98,2750.0
CRAA11,H1,22/10/2025,91.92,92.11,91.91,91.91,71817.45,781.0
CRAA11,H1,22/10/2025,92.05,92.05,91.85,91.91,39425.43,429.0
CRAA11,H1,22/10/2025,92.1,92.1,91.95,92.02,21436.8,233.0
CRAA11,H1,22/10/2025,92.15,92.15,92.1,92.1,7737.79,84.0
CRAA11,H1,22/10/2025,92.16,92.21,92.02,92.15,47232.23,513.0
CRAA11,H1,22/10/2025,92.14,92.21,92.13,92.16,18069.32,196.0
CRAA11,H1,22/10/2025,91.92,92.22,91.87,92.22,37640.29,409.0
CRAA11,H1,21/10/2025,91.93,92.06,91.93,92.06,11779.76,128.0
CRAA11,H1,21/10/2025,92.09,92.09,91.92,91.93,50118.57,545.0
CRAA11,H1,21/10/2025,92.0,92.09,91.91,92.09,70429.13,766.0
CRAA11,H1,21/10/2025,92.0,92.0,91.87,92.0,14807.92,161.0
CRAA11,H1,21/10/2025,92.1,92.1,91.99,92.0,61832.85,672.0
CRAA11,H1,21/10/2025,92.03,92.1,91.94,92.1,83801.18,911.0
CRAA11,H1,21/10/2025,91.92,92.04,91.85,92.04,22804.72,248.0
CRAA11,H1,21/10/2025,92.1,92.1,91.83,91.89,164980.54,1796.0
CRAA11,H1,20/10/2025,91.89,91.89,91.77,91.83,3028.53,33.0
CRAA11,H1,20/10/2025,91.59,91.89,91.54,91.89,44758.63,488.0
CRAA11,H1,20/10/2025,91.83,91.83,91.56,91.59,24562.64,268.0
CRAA11,H1,20/10/2025,91.8,91.83,91.8,91.83,1193.42,13.0
CRAA11,H1,20/10/2025,91.86,91.86,91.67,91.8,9181.7,100.0
CRAA11,H1,20/10/2025,91.78,91.98,91.78,91.92,10199.78,111.0
CRAA11,H1,20/10/2025,91.83,91.89,91.61,91.61,27254.19,297.0
CRAA11,H1,20/10/2025,91.98,91.98,91.63,91.83,115334.07,1256.0
CRAA11,H1,17/10/2025,91.34,91.34,91.34,91.34,274.03,3.0
CRAA11,H1,17/10/2025,91.59,91.76,91.24,91.53,370200.99,4048.0
CRAA11,H1,17/10/2025,91.42,91.59,91.42,91.59,19399.23,212.0
CRAA11,H1,17/10/2025,91.71,91.87,91.36,91.42,269609.7,2945.0
CRAA11,H1,17/10/2025,92.2,92.2,91.59,91.7,116871.7,1271.0
CRAA11,H1,17/10/2025,92.05,92.19,92.05,92.19,36205.5,393.0
CRAA11,H1,17/10/2025,91.99,92.06,91.92,92.06,15082.69,164.0
CRAA11,H1,17/10/2025,91.92,92.2,91.92,91.99,17491.28,190.0
CRAA11,H1,16/10/2025,91.92,91.92,91.92,91.92,5883.01,64.0
CRAA11,H1,16/10/2025,91.96,92.11,91.92,91.92,88374.15,961.0
CRAA11,H1,16/10/2025,92.01,92.18,91.96,91.96,154562.39,1679.0
CRAA11,H1,16/10/2025,92.05,92.2,92.01,92.01,40217.58,437.0
CRAA11,H1,16/10/2025,92.02,92.13,91.97,92.06,36445.31,396.0
CRAA11,H1,16/10/2025,92.04,92.22,92.02,92.02,12798.37,139.0
CRAA11,H1,16/10/2025,92.08,92.2,91.94,92.03,52862.38,574.0
CRAA11,H1,16/10/2025,92.07,92.16,91.86,92.07,50528.34,549.0
CRAA11,H1,15/10/2025,92.12,92.12,92.07,92.07,2209.71,24.0
CRAA11,H1,15/10/2025,91.97,92.36,91.96,92.12,97200.44,1055.0
CRAA11,H1,15/10/2025,91.95,92.07,91.95,92.05,12785.36,139.0
CRAA11,H1,15/10/2025,91.94,91.96,91.86,91.96,58841.69,640.0
CRAA11,H1,15/10/2025,91.9,92.1,91.87,91.95,35668.51,388.0
CRAA11,H1,15/10/2025,91.89,91.9,91.84,91.9,56788.63,618.0
CRAA11,H1,15/10/2025,91.69,91.87,91.68,91.87,37694.23,411.0
CRAA11,H1,15/10/2025,91.86,91.9,91.63,91.63,14138.59,154.0
CRAA11,H1,14/10/2025,91.59,91.73,91.59,91.73,18963.02,207.0
CRAA11,H1,14/10/2025,91.58,91.67,91.44,91.45,83331.64,910.0
CRAA11,H1,14/10/2025,91.59,91.66,91.57,91.58,30958.18,338.0
CRAA11,H1,14/10/2025,91.63,91.73,91.59,91.59,39783.74,434.0
CRAA11,H1,14/10/2025,91.39,91.63,91.34,91.63,119355.81,1305.0
CRAA11,H1,14/10/2025,91.54,91.71,91.36,91.36,98985.65,1082.0
CRAA11,H1,14/10/2025,91.56,91.59,91.45,91.58,22598.17,247.0
CRAA11,H1,14/10/2025,91.73,91.85,91.46,91.54,36092.3,394.0
CRAA11,H1,13/10/2025,91.51,91.68,91.45,91.68,32222.03,352.0
CRAA11,H1,13/10/2025,91.68,91.76,91.48,91.51,34442.12,376.0
CRAA11,H1,13/10/2025,91.63,91.77,91.61,91.71,97550.6,1064.0
CRAA11,H1,13/10/2025,91.75,91.84,91.62,91.63,54034.47,589.0
CRAA11,H1,13/10/2025,91.95,91.98,91.62,91.73,79115.68,862.0
CRAA11,H1,13/10/2025,91.78,92.01,91.72,92.01,118348.07,1288.0
CRAA11,H1,13/10/2025,91.92,91.92,91.61,91.78,21191.33,231.0
CRAA11,H1,10/10/2025,91.49,91.63,91.48,91.48,72413.2,791.0
CRAA11,H1,10/10/2025,91.48,91.61,91.47,91.5,42834.68,468.0
CRAA11,H1,10/10/2025,91.63,91.79,91.46,91.54,146320.67,1598.0
CRAA11,H1,10/10/2025,92.05,92.1,91.63,91.63,93777.32,1021.0
CRAA11,H1,10/10/2025,92.05,92.1,92.05,92.05,19608.47,213.0
CRAA11,H1,10/10/2025,91.92,92.07,91.9,92.07,13978.68,152.0
CRAA11,H1,10/10/2025,92.22,92.22,91.79,91.9,27152.3,295.0
CRAA11,H1,09/10/2025,91.92,91.92,91.92,91.92,919.22,10.0
CRAA11,H1,09/10/2025,91.94,92.22,91.75,92.22,160487.58,1745.0
CRAA11,H1,09/10/2025,91.85,92.0,91.85,91.94,48629.76,529.0
CRAA11,H1,09/10/2025,91.66,91.86,91.66,91.86,29632.01,323.0
CRAA11,H1,09/10/2025,92.01,92.01,91.63,91.66,237420.54,2585.0
CRAA11,H1,09/10/2025,91.9,92.01,91.84,91.91,42739.01,465.0
CRAA11,H1,09/10/2025,91.88,91.9,91.8,91.88,4593.62,50.0
CRAA11,H1,09/10/2025,92.11,92.11,91.76,91.79,31609.89,344.0
CRAA11,H1,08/10/2025,91.61,91.94,91.61,91.67,50096.53,546.0
CRAA11,H1,08/10/2025,91.74,91.89,91.59,91.6,50519.06,551.0
CRAA11,H1,08/10/2025,91.93,91.93,91.74,91.74,29649.89,323.0
CRAA11,H1,08/10/2025,91.74,91.97,91.74,91.94,69551.6,757.0
CRAA11,H1,08/10/2025,91.83,91.83,91.68,91.74,48884.45,533.0
CRAA11,H1,08/10/2025,91.71,91.83,91.65,91.83,98518.42,1074.0
CRAA11,H1,08/10/2025,91.48,92.05,91.46,91.72,89506.3,977.0
CRAA11,H1,07/10/2025,91.68,91.68,91.68,91.68,641.79,7.0
CRAA11,H1,07/10/2025,91.68,91.92,91.63,91.92,131805.66,1436.0
CRAA11,H1,07/10/2025,91.83,91.89,91.68,91.68,93525.94,1019.0
CRAA11,H1,07/10/2025,91.69,91.87,91.68,91.84,113693.79,1238.0
CRAA11,H1,07/10/2025,91.78,91.79,91.66,91.79,35226.54,384.0
CRAA11,H1,07/10/2025,91.6,91.78,91.6,91.78,54481.84,594.0
CRAA11,H1,07/10/2025,91.68,91.68,91.5,91.59,43601.61,476.0
CRAA11,H1,07/10/2025,91.4,91.76,91.22,91.68,365182.69,3988.0
CRAA11,H1,06/10/2025,91.21,91.26,91.21,91.26,1550.89,17.0
CRAA11,H1,06/10/2025,91.08,91.21,91.08,91.21,49583.41,544.0
CRAA11,H1,06/10/2025,91.09,91.18,91.08,91.08,62314.94,684.0
CRAA11,H1,06/10/2025,91.11,91.11,91.07,91.08,33067.73,363.0
CRAA11,H1,06/10/2025,91.11,91.2,91.1,91.11,69796.26,766.0
CRAA11,H1,06/10/2025,91.1,91.19,91.1,91.19,60136.61,660.0
CRAA11,H1,06/10/2025,91.2,91.23,90.85,91.16,99707.1,1095.0
CRAA11,H1,06/10/2025,91.21,91.45,91.12,91.26,1252447.56,13725.0
CRAA11,H1,03/10/2025,91.29,91.3,91.29,91.3,3743.45,41.0
CRAA11,H1,03/10/2025,91.21,91.21,91.16,91.21,41131.62,451.0
CRAA11,H1,03/10/2025,91.2,91.32,91.13,91.2,79632.27,873.0
CRAA11,H1,03/10/2025,91.23,91.31,91.12,91.31,32574.64,357.0
CRAA11,H1,03/10/2025,91.31,91.37,91.12,91.12,39801.72,436.0
CRAA11,H1,03/10/2025,91.1,91.33,91.07,91.31,38657.66,424.0
CRAA11,H1,03/10/2025,91.26,91.38,91.1,91.11,124554.08,1365.0
CRAA11,H1,03/10/2025,91.21,91.29,91.21,91.26,19895.36,218.0
CRAA11,H1,02/10/2025,91.23,91.23,91.23,91.23,1094.74,12.0
CRAA11,H1,02/10/2025,91.14,91.26,91.07,91.23,104634.65,1148.0
CRAA11,H1,02/10/2025,91.27,91.29,91.12,91.12,54384.3,596.0
CRAA11,H1,02/10/2025,91.26,91.4,91.07,91.27,123029.65,1348.0
CRAA11,H1,02/10/2025,91.17,91.27,91.16,91.27,64408.58,706.0
CRAA11,H1,02/10/2025,90.9,91.23,90.9,91.21,88030.1,966.0
CRAA11,H1,02/10/2025,91.13,91.13,90.83,91.0,105029.03,1155.0
CRAA11,H1,02/10/2025,90.83,91.14,90.82,91.06,30392.78,334.0
CRAA11,H1,01/10/2025,90.83,90.83,90.83,90.83,3724.01,41.0
CRAA11,H1,01/10/2025,90.64,90.91,90.5,90.82,90198.18,995.0
CRAA11,H1,01/10/2025,91.02,91.02,90.63,90.64,240558.0,2652.0
CRAA11,H1,01/10/2025,91.45,91.45,91.02,91.02,84433.05,927.0
CRAA11,H1,01/10/2025,91.17,91.57,91.07,91.45,216253.21,2364.0
CRAA11,H1,01/10/2025,91.1,91.21,91.04,91.17,123888.18,1359.0
CRAA11,H1,01/10/2025,91.18,91.19,91.09,91.18,145744.36,1599.0
CRAA11,H1,01/10/2025,91.31,91.57,91.02,91.18,192064.44,2105.0
CRAA11,H1,30/09/2025,91.07,91.07,90.99,90.99,15835.83,174.0
CRAA11,H1,30/09/2025,91.22,91.31,90.93,91.31,59250.74,650.0
CRAA11,H1,30/09/2025,90.91,91.31,90.83,91.23,183037.46,2009.0
CRAA11,H1,30/09/2025,91.07,91.09,90.9,90.92,92474.52,1016.0
CRAA11,H1,30/09/2025,90.69,91.11,90.69,91.06,377849.0,4152.0
CRAA11,H1,30/09/2025,90.58,90.72,90.58,90.69,10514.31,116.0
CRAA11,H1,30/09/2025,90.83,90.86,90.57,90.58,98321.31,1084.0
CRAA11,H1,30/09/2025,90.45,90.88,90.45,90.88,46024.01,507.0
CRAA11,H1,29/09/2025,90.87,90.87,90.5,90.5,32781.31,361.0
CRAA11,H1,29/09/2025,90.49,90.87,90.49,90.87,81986.61,905.0
CRAA11,H1,29/09/2025,90.39,90.53,90.33,90.49,58584.29,648.0
CRAA11,H1,29/09/2025,90.5,90.56,90.35,90.38,81030.48,896.0
CRAA11,H1,29/09/2025,90.83,90.88,90.26,90.5,149663.51,1655.0
CRAA11,H1,29/09/2025,90.83,91.06,90.83,90.83,37015.15,407.0
CRAA11,H1,29/09/2025,90.96,91.11,90.83,90.84,43211.44,475.0
CRAA11,H1,29/09/2025,90.91,91.18,90.51,90.86,104474.3,1148.0
CRAA11,H1,26/09/2025,90.5,90.5,90.5,90.5,90.5,1.0
CRAA11,H1,26/09/2025,90.46,90.73,90.46,90.73,65969.3,728.0
CRAA11,H1,26/09/2025,90.43,90.54,90.42,90.46,25691.68,284.0
CRAA11,H1,26/09/2025,90.44,90.58,90.41,90.43,35646.91,394.0
CRAA11,H1,26/09/2025,90.46,90.59,90.43,90.44,78771.79,870.0
CRAA11,H1,26/09/2025,90.46,90.7,90.38,90.45,74333.04,821.0
CRAA11,H1,26/09/2025,90.28,90.54,90.27,90.52,78783.63,871.0
CRAA11,H1,26/09/2025,90.3,90.53,90.13,90.26,86544.44,958.0
CRAA11,H1,25/09/2025,90.1,90.29,90.1,90.29,6044.7,67.0
CRAA11,H1,25/09/2025,90.13,90.28,90.09,90.1,103632.24,1149.0
CRAA11,H1,25/09/2025,90.1,90.18,90.08,90.14,83438.02,926.0
CRAA11,H1,25/09/2025,90.11,90.19,90.07,90.16,149206.12,1656.0
CRAA11,H1,25/09/2025,90.17,90.24,90.11,90.11,37700.89,418.0
CRAA11,H1,25/09/2025,90.07,90.22,90.07,90.21,28487.16,316.0
CRAA11,H1,25/09/2025,90.18,90.34,90.07,90.07,187850.79,2084.0
CRAA11,H1,25/09/2025,90.55,90.55,90.16,90.18,107227.2,1188.0
CRAA11,H1,24/09/2025,90.32,90.32,90.32,90.32,49854.63,552.0
CRAA11,H1,24/09/2025,90.12,90.55,90.03,90.55,167216.59,1856.0
CRAA11,H1,24/09/2025,90.32,90.35,90.07,90.12,289702.29,3211.0
CRAA11,H1,24/09/2025,90.57,90.65,90.3,90.31,111372.51,1231.0
CRAA11,H1,24/09/2025,90.6,90.7,90.56,90.57,50550.81,558.0
CRAA11,H1,24/09/2025,90.61,90.72,90.59,90.6,30366.8,335.0
CRAA11,H1,24/09/2025,90.73,90.87,90.61,90.61,39578.51,436.0
CRAA11,H1,24/09/2025,90.65,91.18,90.53,90.72,49161.59,542.0
CRAA11,H1,23/09/2025,90.59,90.74,90.59,90.74,85662.22,945.0
CRAA11,H1,23/09/2025,90.71,90.72,90.58,90.64,171757.17,1895.0
CRAA11,H1,23/09/2025,90.69,90.72,90.61,90.61,49943.81,551.0
CRAA11,H1,23/09/2025,90.83,90.97,90.6,90.69,263497.01,2902.0
CRAA11,H1,23/09/2025,90.76,90.98,90.76,90.83,248483.01,2735.0
CRAA11,H1,23/09/2025,90.6,90.75,90.59,90.61,34617.74,382.0
CRAA11,H1,23/09/2025,90.67,91.08,90.59,90.59,88366.69,975.0
CRAA11,H1,22/09/2025,90.64,90.64,90.61,90.64,28004.72,309.0
CRAA11,H1,22/09/2025,90.64,90.67,90.61,90.64,544983.07,6012.0
CRAA11,H1,22/09/2025,90.63,90.67,90.61,90.64,50846.75,561.0
CRAA11,H1,22/09/2025,90.64,90.69,90.6,90.63,53928.88,595.0
CRAA11,H1,22/09/2025,90.64,90.72,90.59,90.64,352591.75,3890.0
CRAA11,H1,22/09/2025,90.63,90.7,90.61,90.64,263867.83,2911.0
CRAA11,H1,22/09/2025,91.1,91.11,90.59,90.64,162110.89,1785.0
CRAA11,H1,22/09/2025,91.36,91.36,90.94,91.11,86490.9,948.0
CRAA11,H1,19/09/2025,91.22,91.36,91.16,91.36,26659.88,292.0
CRAA11,H1,19/09/2025,91.5,91.7,91.21,91.22,135851.36,1487.0
CRAA11,H1,19/09/2025,91.65,91.7,91.48,91.5,32808.7,358.0
CRAA11,H1,19/09/2025,91.68,91.7,91.48,91.65,22731.95,248.0
CRAA11,H1,19/09/2025,91.72,91.72,91.48,91.68,42142.28,460.0
CRAA11,H1,19/09/2025,91.42,91.87,91.27,91.72,77083.83,842.0
CRAA11,H1,19/09/2025,91.17,91.4,91.17,91.29,8030.04,88.0
CRAA11,H1,18/09/2025,91.51,91.51,89.69,90.35,293567.35,3249.0
CRAA11,H1,18/09/2025,91.33,91.5,91.29,91.5,22741.37,249.0
CRAA11,H1,18/09/2025,91.64,91.64,91.29,91.36,65518.76,717.0
CRAA11,H1,18/09/2025,91.7,91.7,91.59,91.64,11725.08,128.0
CRAA11,H1,18/09/2025,91.75,91.77,91.69,91.74,13390.22,146.0
CRAA11,H1,18/09/2025,91.45,91.8,91.45,91.61,152458.95,1665.0
CRAA11,H1,18/09/2025,91.29,91.5,91.29,91.49,102660.29,1124.0
CRAA11,H1,18/09/2025,90.94,91.32,90.94,91.32,24643.06,270.0
CRAA11,H1,17/09/2025,91.1,91.1,90.93,90.93,5916.94,65.0
CRAA11,H1,17/09/2025,91.26,91.34,91.11,91.34,51544.59,565.0
CRAA11,H1,17/09/2025,90.92,91.14,90.92,91.13,54061.98,594.0
CRAA11,H1,17/09/2025,90.95,91.08,90.92,90.95,54485.24,599.0
CRAA11,H1,17/09/2025,91.02,91.08,90.95,90.95,26297.39,289.0
CRAA11,H1,17/09/2025,90.92,91.26,90.92,91.02,101293.5,1112.0
CRAA11,H1,17/09/2025,90.92,91.09,90.92,90.93,52122.58,573.0
CRAA11,H1,17/09/2025,91.33,91.33,90.77,90.92,65136.37,716.0
CRAA11,H1,16/09/2025,91.18,91.21,91.18,91.21,2553.58,28.0
CRAA11,H1,16/09/2025,90.81,91.2,90.76,91.2,38607.6,425.0
CRAA11,H1,16/09/2025,91.07,91.13,90.76,90.81,132569.0,1457.0
CRAA11,H1,16/09/2025,91.06,91.21,91.06,91.07,78835.08,865.0
CRAA11,H1,16/09/2025,91.0,91.13,91.0,91.06,39602.31,435.0
CRAA11,H1,16/09/2025,90.98,91.03,90.97,90.97,35122.73,386.0
CRAA11,H1,16/09/2025,90.97,91.08,90.97,90.98,52059.68,572.0
CRAA11,H1,16/09/2025,91.38,91.38,90.97,90.97,21050.59,231.0
CRAA11,H1,15/09/2025,91.02,91.19,91.02,91.19,4648.58,51.0
CRAA11,H1,15/09/2025,91.05,91.07,91.01,91.07,25394.96,279.0
CRAA11,H1,15/09/2025,90.95,91.05,90.92,91.05,29308.75,322.0
CRAA11,H1,15/09/2025,91.02,91.05,90.76,90.85,69997.09,770.0
CRAA11,H1,15/09/2025,90.99,91.07,90.98,91.02,22481.85,247.0
CRAA11,H1,15/09/2025,91.21,91.28,91.05,91.05,75208.05,825.0
CRAA11,H1,15/09/2025,91.2,91.28,91.12,91.21,54086.91,593.0
CRAA11,H1,15/09/2025,91.31,91.31,91.05,91.19,41327.83,453.0
CRAA11,H1,12/09/2025,90.83,90.89,90.72,90.88,37229.5,410.0
CRAA11,H1,12/09/2025,90.76,90.89,90.74,90.83,36852.06,406.0
CRAA11,H1,12/09/2025,90.83,90.93,90.74,90.76,66747.69,735.0
CRAA11,H1,12/09/2025,91.09,91.11,90.83,90.83,68246.48,750.0
CRAA11,H1,12/09/2025,90.86,91.43,90.79,91.09,221743.59,2434.0
CRAA11,H1,12/09/2025,90.91,91.07,90.78,90.86,76911.68,846.0
CRAA11,H1,12/09/2025,90.67,90.93,90.63,90.9,61853.81,681.0
CRAA11,H1,11/09/2025,90.49,90.49,90.49,90.49,3890.96,43.0
CRAA11,H1,11/09/2025,90.48,90.67,90.35,90.67,66231.22,732.0
CRAA11,H1,11/09/2025,90.52,90.52,90.32,90.48,53626.7,593.0
CRAA11,H1,11/09/2025,90.52,90.52,90.45,90.51,26601.93,294.0
CRAA11,H1,11/09/2025,90.45,90.52,90.45,90.5,51934.14,574.0
CRAA11,H1,11/09/2025,90.51,90.52,90.42,90.45,15922.4,176.0
CRAA11,H1,11/09/2025,90.45,90.67,90.33,90.52,72060.19,796.0
CRAA11,H1,11/09/2025,90.64,90.73,90.45,90.45,124605.75,1376.0
CRAA11,H1,10/09/2025,90.56,90.72,90.54,90.64,66978.99,739.0
CRAA11,H1,10/09/2025,90.44,90.63,90.44,90.56,265281.01,2929.0
CRAA11,H1,10/09/2025,90.53,90.54,90.41,90.44,7689.22,85.0
CRAA11,H1,10/09/2025,90.55,90.56,90.46,90.54,22815.11,252.0
CRAA11,H1,10/09/2025,90.59,90.59,90.41,90.55,33490.07,370.0
CRAA11,H1,10/09/2025,90.64,90.74,90.5,90.52,39422.01,435.0
CRAA11,H1,10/09/2025,90.5,90.82,90.5,90.64,116848.53,1288.0
CRAA11,H1,09/09/2025,90.4,90.4,90.4,90.4,59213.23,655.0
CRAA11,H1,09/09/2025,90.42,90.5,90.27,90.5,36244.93,401.0
CRAA11,H1,09/09/2025,90.43,90.49,90.29,90.42,106922.14,1183.0
CRAA11,H1,09/09/2025,90.55,90.6,90.45,90.47,16202.73,179.0
CRAA11,H1,09/09/2025,90.41,90.6,90.38,90.55,145241.29,1606.0
CRAA11,H1,09/09/2025,90.41,90.44,90.4,90.41,9856.63,109.0
CRAA11,H1,09/09/2025,90.41,90.41,90.35,90.41,34529.37,382.0
CRAA11,H1,09/09/2025,90.42,90.42,90.08,90.41,70016.13,775.0
CRAA11,H1,08/09/2025,90.39,90.39,90.07,90.08,9014.82,100.0
CRAA11,H1,08/09/2025,90.36,90.4,90.14,90.15,14724.15,163.0
CRAA11,H1,08/09/2025,90.34,90.39,90.16,90.36,84304.63,934.0
CRAA11,H1,08/09/2025,90.4,90.42,90.16,90.33,63832.43,707.0
CRAA11,H1,08/09/2025,90.44,90.44,90.28,90.28,12925.12,143.0
CRAA11,H1,08/09/2025,90.36,90.44,90.36,90.44,15007.26,166.0
CRAA11,H1,08/09/2025,90.44,90.46,90.26,90.26,30172.37,334.0
CRAA11,H1,08/09/2025,89.78,90.53,89.78,90.44,92326.43,1022.0
CRAA11,H1,05/09/2025,90.01,90.01,90.0,90.0,33302.26,370.0
CRAA11,H1,05/09/2025,90.15,90.3,90.01,90.02,190836.65,2117.0
CRAA11,H1,05/09/2025,90.1,90.31,90.09,90.15,144869.16,1606.0
CRAA11,H1,05/09/2025,90.02,90.24,90.02,90.09,143429.61,1592.0
CRAA11,H1,05/09/2025,90.17,90.25,90.02,90.02,85582.42,950.0
CRAA11,H1,05/09/2025,90.12,90.28,90.02,90.17,154134.55,1710.0
CRAA11,H1,05/09/2025,90.21,90.31,90.02,90.12,96941.63,1075.0
CRAA11,H1,05/09/2025,90.04,90.27,90.04,90.26,24877.45,276.0
CRAA11,H1,04/09/2025,89.99,90.01,89.91,90.01,75028.42,834.0
CRAA11,H1,04/09/2025,90.01,90.01,89.98,90.01,37444.9,416.0
CRAA11,H1,04/09/2025,90.03,90.05,89.98,90.01,22681.83,252.0
CRAA11,H1,04/09/2025,89.93,90.21,89.9,89.9,76178.86,847.0
CRAA11,H1,04/09/2025,89.94,89.94,89.9,89.94,34263.4,381.0
CRAA11,H1,04/09/2025,89.92,89.94,89.88,89.94,64383.39,716.0
CRAA11,H1,04/09/2025,89.92,89.94,89.63,89.92,115262.36,1282.0
CRAA11,H1,03/09/2025,89.92,89.92,89.69,89.69,808.43,9.0
CRAA11,H1,03/09/2025,89.91,89.94,89.83,89.92,109677.14,1220.0
CRAA11,H1,03/09/2025,89.93,89.94,89.75,89.91,184866.27,2058.0
CRAA11,H1,03/09/2025,89.94,89.94,89.82,89.93,121928.5,1356.0
CRAA11,H1,03/09/2025,89.94,89.94,89.94,89.94,160988.01,1790.0
CRAA11,H1,03/09/2025,89.92,89.94,89.85,89.94,93800.94,1043.0
CRAA11,H1,03/09/2025,89.6,89.94,89.54,89.92,96473.64,1073.0
CRAA11,H1,03/09/2025,89.6,89.6,89.26,89.6,88311.84,987.0
CRAA11,H1,02/09/2025,89.65,89.65,89.25,89.63,185548.02,2076.0
CRAA11,H1,02/09/2025,89.62,89.65,89.55,89.64,12547.55,140.0
CRAA11,H1,02/09/2025,89.55,89.69,89.55,89.58,110792.95,1237.0
CRAA11,H1,02/09/2025,89.54,89.56,89.54,89.55,58660.42,655.0
CRAA11,H1,02/09/2025,89.55,89.56,89.51,89.54,14237.91,159.0
CRAA11,H1,02/09/2025,89.46,89.56,89.46,89.55,43339.46,484.0
CRAA11,H1,02/09/2025,89.56,89.56,89.43,89.46,13336.58,149.0
CRAA11,H1,01/09/2025,89.45,89.46,89.37,89.46,20209.36,226.0
CRAA11,H1,01/09/2025,89.32,89.45,89.32,89.45,46110.67,516.0
CRAA11,H1,01/09/2025,89.22,89.37,89.19,89.31,68765.46,770.0
CRAA11,H1,01/09/2025,89.45,89.45,89.22,89.22,362266.45,4057.0
CRAA11,H1,01/09/2025,89.46,89.46,89.37,89.46,42665.28,477.0
CRAA11,H1,01/09/2025,89.35,89.46,89.35,89.46,32016.45,358.0
CRAA11,H1,01/09/2025,89.44,89.46,89.27,89.44,43607.63,488.0
CRAA11,H1,01/09/2025,89.53,89.56,89.33,89.44,220358.25,2461.0
CRAA11,H1,29/08/2025,89.31,89.53,89.2,89.53,76696.6,858.0
CRAA11,H1,29/08/2025,89.29,89.31,89.18,89.31,43736.87,490.0
CRAA11,H1,29/08/2025,89.22,89.3,89.08,89.3,92134.81,1033.0
CRAA11,H1,29/08/2025,89.55,89.55,89.08,89.3,150625.71,1686.0
CRAA11,H1,29/08/2025,89.55,89.55,89.51,89.55,66358.7,741.0
CRAA11,H1,29/08/2025,89.55,89.55,89.46,89.55,37417.05,418.0
CRAA11,H1,29/08/2025,89.55,89.55,89.41,89.55,58260.64,651.0
CRAA11,H1,28/08/2025,89.46,89.55,89.18,89.55,112538.76,1259.0
CRAA11,H1,28/08/2025,89.44,89.55,89.44,89.46,29341.57,328.0
CRAA11,H1,28/08/2025,89.42,89.49,89.42,89.44,18960.82,212.0
CRAA11,H1,28/08/2025,89.31,89.44,89.31,89.34,75890.55,849.0
CRAA11,H1,28/08/2025,89.37,89.37,89.24,89.37,29216.03,327.0
CRAA11,H1,28/08/2025,89.34,89.36,89.19,89.32,36521.16,409.0
CRAA11,H1,28/08/2025,89.55,89.55,89.19,89.35,72344.89,809.0
CRAA11,H1,27/08/2025,89.19,89.19,89.15,89.15,9628.91,108.0
CRAA11,H1,27/08/2025,89.19,89.52,89.13,89.52,41525.62,465.0
CRAA11,H1,27/08/2025,89.26,89.4,89.18,89.18,89625.79,1003.0
CRAA11,H1,27/08/2025,89.4,89.4,89.26,89.26,10363.65,116.0
CRAA11,H1,27/08/2025,89.39,89.4,89.32,89.4,60511.41,677.0
CRAA11,H1,27/08/2025,89.5,89.5,89.34,89.4,25309.72,283.0
CRAA11,H1,27/08/2025,89.37,89.52,89.37,89.5,39910.75,446.0
CRAA11,H1,27/08/2025,89.4,89.4,89.26,89.37,17686.3,198.0
CRAA11,H1,26/08/2025,89.14,89.53,89.03,89.08,59232.98,664.0
CRAA11,H1,26/08/2025,89.13,89.18,89.03,89.13,47132.53,529.0
CRAA11,H1,26/08/2025,88.99,89.18,88.99,89.13,74690.44,838.0
CRAA11,H1,26/08/2025,89.05,89.13,88.91,88.99,48941.29,550.0
CRAA11,H1,26/08/2025,88.99,89.41,88.99,89.04,188460.82,2114.0
CRAA11,H1,26/08/2025,88.88,89.08,88.88,88.91,35245.0,396.0
CRAA11,H1,26/08/2025,89.09,89.09,88.81,89.04,48825.12,549.0
CRAA11,H1,25/08/2025,88.93,89.09,88.81,89.09,47864.91,538.0
CRAA11,H1,25/08/2025,88.71,89.07,88.64,88.93,209687.58,2363.0
CRAA11,H1,25/08/2025,88.66,88.85,88.62,88.72,80291.96,905.0
CRAA11,H1,25/08/2025,88.77,88.89,88.62,88.66,44697.5,504.0
CRAA11,H1,25/08/2025,88.96,89.08,88.66,88.78,66495.04,748.0
CRAA11,H1,25/08/2025,89.09,89.09,88.88,88.94,72377.69,813.0
CRAA11,H1,25/08/2025,89.34,89.36,89.04,89.31,45906.8,515.0
CRAA11,H1,22/08/2025,89.06,89.46,89.06,89.46,35642.55,400.0
CRAA11,H1,22/08/2025,88.92,89.06,88.86,88.92,40055.88,450.0
CRAA11,H1,22/08/2025,88.94,89.05,88.89,88.92,95656.4,1075.0
CRAA11,H1,22/08/2025,89.07,89.07,88.93,89.04,59659.38,670.0
CRAA11,H1,22/08/2025,89.07,89.08,89.07,89.07,28948.09,325.0
CRAA11,H1,22/08/2025,89.03,89.25,89.03,89.07,35532.58,399.0
CRAA11,H1,22/08/2025,88.7,89.07,88.7,89.03,65325.47,735.0
CRAA11,H1,22/08/2025,88.82,88.82,88.65,88.7,18107.85,204.0
CRAA11,H1,21/08/2025,88.47,88.75,88.47,88.75,1507.85,17.0
CRAA11,H1,21/08/2025,88.88,88.97,88.38,88.38,27846.77,314.0
CRAA11,H1,21/08/2025,88.88,89.05,88.38,88.97,267846.29,3018.0
CRAA11,H1,21/08/2025,88.9,89.02,88.85,88.87,21961.26,247.0
CRAA11,H1,21/08/2025,88.62,89.04,88.6,88.9,77195.04,870.0
CRAA11,H1,21/08/2025,88.64,88.73,88.62,88.63,31557.27,356.0
CRAA11,H1,21/08/2025,88.83,88.92,88.64,88.65,27685.76,312.0
CRAA11,H1,21/08/2025,88.8,89.11,88.43,88.82,97349.69,1096.0
CRAA11,H1,20/08/2025,88.53,88.53,88.53,88.53,885.31,10.0
CRAA11,H1,20/08/2025,88.5,88.57,88.16,88.57,124527.13,1410.0
CRAA11,H1,20/08/2025,88.47,88.61,88.46,88.5,32841.81,371.0
CRAA11,H1,20/08/2025,88.51,88.62,88.43,88.46,115500.23,1305.0
CRAA11,H1,20/08/2025,88.44,88.61,88.43,88.51,56914.46,643.0
CRAA11,H1,20/08/2025,88.53,88.54,88.44,88.44,50528.14,571.0
CRAA11,H1,20/08/2025,88.58,88.62,88.52,88.53,34364.95,388.0
CRAA11,H1,20/08/2025,88.64,88.97,88.4,88.57,320271.77,3616.0
CRAA11,H1,19/08/2025,89.37,89.41,89.37,89.41,23240.48,260.0
CRAA11,H1,19/08/2025,88.66,89.38,88.54,88.57,99885.55,1127.0
CRAA11,H1,19/08/2025,88.66,88.81,88.64,88.66,67513.07,761.0
CRAA11,H1,19/08/2025,88.88,88.91,88.66,88.66,46786.42,527.0
CRAA11,H1,19/08/2025,89.18,89.18,88.88,88.88,75572.79,849.0
CRAA11,H1,19/08/2025,89.37,89.4,89.11,89.18,44539.34,499.0
CRAA11,H1,19/08/2025,89.44,89.54,89.32,89.37,65378.24,731.0
CRAA11,H1,19/08/2025,89.55,89.55,89.44,89.51,28731.23,321.0
CRAA11,H1,18/08/2025,89.55,89.55,89.55,89.55,5373.18,60.0
CRAA11,H1,18/08/2025,89.33,89.55,89.33,89.44,90656.68,1013.0
CRAA11,H1,18/08/2025,89.28,89.37,89.28,89.33,72541.29,812.0
CRAA11,H1,18/08/2025,89.26,89.35,89.26,89.28,25624.37,287.0
CRAA11,H1,18/08/2025,89.22,89.32,89.18,89.26,42575.63,477.0
CRAA11,H1,18/08/2025,89.3,89.32,89.18,89.22,65338.51,732.0
CRAA11,H1,18/08/2025,89.11,89.3,89.11,89.18,36563.79,410.0
CRAA11,H1,18/08/2025,89.04,89.18,89.04,89.09,80600.79,904.0
CRAA11,H1,15/08/2025,89.13,89.17,89.02,89.02,45072.35,506.0
CRAA11,H1,15/08/2025,89.0,89.16,89.0,89.05,42570.82,478.0
CRAA11,H1,15/08/2025,89.08,89.13,88.99,89.0,29744.18,334.0
CRAA11,H1,15/08/2025,88.9,89.11,88.87,89.0,75239.55,846.0
CRAA11,H1,15/08/2025,88.7,89.02,88.69,88.88,85809.84,966.0
CRAA11,H1,15/08/2025,88.64,88.73,88.62,88.69,42909.94,484.0
CRAA11,H1,15/08/2025,89.18,89.18,88.38,88.64,467797.89,5282.0
CRAA11,H1,14/08/2025,89.18,89.18,89.09,89.18,165488.75,1856.0
CRAA11,H1,14/08/2025,89.18,89.18,89.1,89.18,43334.29,486.0
CRAA11,H1,14/08/2025,89.17,89.18,89.13,89.18,127508.43,1430.0
CRAA11,H1,14/08/2025,89.18,89.18,89.13,89.17,125826.88,1411.0
CRAA11,H1,14/08/2025,89.18,89.18,89.16,89.18,16318.16,183.0
CRAA11,H1,14/08/2025,89.14,89.18,89.13,89.18,24696.82,277.0
CRAA11,H1,14/08/2025,89.18,89.18,89.08,89.14,34858.72,391.0
CRAA11,H1,13/08/2025,89.08,89.08,89.08,89.08,1425.35,16.0
CRAA11,H1,13/08/2025,88.8,89.13,88.79,89.13,21410.36,241.0
CRAA11,H1,13/08/2025,88.7,89.09,88.68,88.8,166974.64,1879.0
CRAA11,H1,13/08/2025,88.66,88.79,88.66,88.76,35312.22,398.0
CRAA11,H1,13/08/2025,88.66,88.77,88.66,88.73,21907.15,247.0
CRAA11,H1,13/08/2025,88.72,88.8,88.66,88.74,13219.26,149.0
CRAA11,H1,13/08/2025,88.7,88.8,88.65,88.8,27237.75,307.0
CRAA11,H1,13/08/2025,88.71,88.71,88.63,88.71,70951.92,800.0
CRAA11,H1,12/08/2025,88.8,88.8,88.8,88.8,3996.13,45.0
CRAA11,H1,12/08/2025,88.74,88.8,88.74,88.8,45103.76,508.0
CRAA11,H1,12/08/2025,88.79,88.8,88.74,88.74,59215.89,667.0
CRAA11,H1,12/08/2025,88.76,88.8,88.74,88.79,54324.89,612.0
CRAA11,H1,12/08/2025,88.73,88.8,88.66,88.79,207194.43,2334.0
CRAA11,H1,12/08/2025,88.69,88.76,88.64,88.76,11533.06,130.0
CRAA11,H1,12/08/2025,88.71,88.76,88.59,88.75,64191.18,724.0
CRAA11,H1,12/08/2025,88.8,88.8,88.61,88.77,26695.94,301.0
CRAA11,H1,11/08/2025,88.77,88.77,88.72,88.72,42961.69,484.0
CRAA11,H1,11/08/2025,88.67,88.76,88.63,88.76,43988.27,496.0
CRAA11,H1,11/08/2025,88.77,88.77,88.61,88.63,121050.31,1365.0
CRAA11,H1,11/08/2025,88.71,88.77,88.71,88.76,31589.21,356.0
CRAA11,H1,11/08/2025,88.79,88.8,88.71,88.71,47582.25,536.0
CRAA11,H1,11/08/2025,88.78,88.8,88.77,88.8,111712.74,1258.0
CRAA11,H1,11/08/2025,88.77,88.8,88.77,88.77,3817.7,43.0
CRAA11,H1,11/08/2025,88.8,88.8,88.49,88.77,167540.95,1887.0
CRAA11,H1,08/08/2025,88.71,88.73,88.55,88.67,58235.38,657.0
CRAA11,H1,08/08/2025,88.63,88.71,88.62,88.71,31913.42,360.0
CRAA11,H1,08/08/2025,88.62,88.63,88.51,88.62,25507.51,288.0
CRAA11,H1,08/08/2025,88.62,88.62,88.6,88.62,13912.29,157.0
CRAA11,H1,08/08/2025,88.67,88.67,88.34,88.62,153328.18,1732.0
CRAA11,H1,08/08/2025,88.71,88.71,88.58,88.66,40437.49,456.0
CRAA11,H1,08/08/2025,88.8,88.8,88.62,88.7,36741.5,414.0
CRAA11,H1,07/08/2025,88.51,88.8,88.51,88.79,767165.83,8648.0
CRAA11,H1,07/08/2025,88.58,88.66,88.49,88.51,29740.55,336.0
CRAA11,H1,07/08/2025,88.5,88.68,88.48,88.57,74114.66,837.0
CRAA11,H1,07/08/2025,88.28,88.5,88.28,88.49,71185.42,805.0
CRAA11,H1,07/08/2025,88.24,88.29,88.18,88.28,66792.25,757.0
CRAA11,H1,07/08/2025,88.24,88.39,88.2,88.24,80496.87,912.0
CRAA11,H1,07/08/2025,88.23,88.7,88.18,88.23,128064.25,1449.0
CRAA11,H1,06/08/2025,88.61,88.61,88.28,88.28,11851.75,134.0
CRAA11,H1,06/08/2025,88.27,88.73,88.25,88.61,26123.38,295.0
CRAA11,H1,06/08/2025,88.29,88.39,88.02,88.27,55728.21,631.0
CRAA11,H1,06/08/2025,88.09,88.39,88.02,88.39,30390.76,345.0
CRAA11,H1,06/08/2025,88.63,88.63,88.03,88.15,25521.51,289.0
CRAA11,H1,06/08/2025,88.39,88.65,88.39,88.48,22772.46,257.0
CRAA11,H1,06/08/2025,88.19,88.71,88.07,88.39,904219.07,10207.0
CRAA11,H1,06/08/2025,88.29,88.29,87.93,88.19,22205.33,252.0
CRAA11,H1,05/08/2025,88.29,88.29,88.29,88.29,88.29,1.0
CRAA11,H1,05/08/2025,88.06,88.29,88.06,88.29,29657.35,336.0
CRAA11,H1,05/08/2025,88.15,88.26,87.92,88.07,83775.61,952.0
CRAA11,H1,05/08/2025,88.29,88.29,88.06,88.15,18163.96,206.0
CRAA11,H1,05/08/2025,88.35,88.35,88.01,88.29,22324.17,253.0
CRAA11,H1,05/08/2025,88.35,88.39,88.35,88.35,5655.72,64.0
CRAA11,H1,05/08/2025,88.33,88.39,88.33,88.35,20497.53,232.0
CRAA11,H1,05/08/2025,88.33,88.34,88.16,88.33,34270.42,388.0
CRAA11,H1,04/08/2025,88.13,88.13,88.13,88.13,88.13,1.0
CRAA11,H1,04/08/2025,88.4,88.65,87.8,87.9,139459.98,1582.0
CRAA11,H1,04/08/2025,88.29,88.65,88.27,88.4,63118.91,714.0
CRAA11,H1,04/08/2025,87.96,88.36,87.96,88.33,8992.78,102.0
CRAA11,H1,04/08/2025,88.36,88.39,87.83,87.96,74018.47,841.0
CRAA11,H1,04/08/2025,88.64,88.66,88.03,88.36,78229.48,885.0
CRAA11,H1,04/08/2025,88.5,88.66,88.47,88.64,28242.64,319.0
CRAA11,H1,04/08/2025,88.7,88.7,88.25,88.51,92861.2,1050.0
CRAA11,H1,01/08/2025,88.49,88.69,88.49,88.69,44108.91,498.0
CRAA11,H1,01/08/2025,88.55,88.66,88.48,88.49,31518.97,356.0
CRAA11,H1,01/08/2025,88.64,88.66,88.55,88.55,28096.76,317.0
CRAA11,H1,01/08/2025,88.59,88.66,88.55,88.63,80579.72,909.0
CRAA11,H1,01/08/2025,88.53,88.6,88.52,88.58,31073.36,351.0
CRAA11,H1,01/08/2025,88.55,88.65,88.53,88.53,84379.28,953.0
CRAA11,H1,01/08/2025,88.57,88.57,88.39,88.55,48760.85,551.0
CRAA11,H1,31/07/2025,88.37,88.51,88.37,88.51,530.75,6.0
CRAA11,H1,31/07/2025,88.5,88.5,87.91,88.28,179886.41,2041.0
CRAA11,H1,31/07/2025,88.55,88.55,88.48,88.51,10533.02,119.0
CRAA11,H1,31/07/2025,88.47,88.56,88.47,88.56,37601.29,425.0
CRAA11,H1,31/07/2025,88.47,88.47,88.43,88.43,151492.3,1713.0
CRAA11,H1,31/07/2025,88.43,88.57,88.39,88.57,62008.15,701.0
CRAA11,H1,31/07/2025,88.38,88.43,88.37,88.39,132437.42,1498.0
CRAA11,H1,31/07/2025,88.57,88.57,88.2,88.39,50081.26,566.0
CRAA11,H1,30/07/2025,88.68,88.68,88.39,88.57,169376.49,1913.0
CRAA11,H1,30/07/2025,88.6,88.71,88.48,88.68,92108.37,1039.0
CRAA11,H1,30/07/2025,87.61,88.71,87.47,88.6,454649.41,5151.0
CRAA11,H1,30/07/2025,87.72,87.78,87.65,87.67,30617.89,349.0
CRAA11,H1,30/07/2025,87.63,87.74,87.61,87.71,1577.98,18.0
CRAA11,H1,30/07/2025,87.72,87.78,87.64,87.64,39298.62,448.0
CRAA11,H1,30/07/2025,87.32,87.75,87.32,87.72,67004.04,765.0
CRAA11,H1,29/07/2025,88.21,88.21,88.21,88.21,882.1,10.0
CRAA11,H1,29/07/2025,87.46,87.71,87.28,87.31,160539.01,1836.0
CRAA11,H1,29/07/2025,87.51,87.6,87.46,87.46,114949.94,1314.0
CRAA11,H1,29/07/2025,88.18,88.18,87.49,87.51,173530.35,1976.0
CRAA11,H1,29/07/2025,88.15,88.2,87.98,88.18,105221.42,1194.0
CRAA11,H1,29/07/2025,88.01,88.18,87.98,88.15,220877.58,2509.0
CRAA11,H1,29/07/2025,87.97,88.02,87.97,88.01,16545.57,188.0
CRAA11,H1,29/07/2025,88.29,88.29,87.93,88.02,86242.8,979.0
CRAA11,H1,28/07/2025,88.28,88.28,88.28,88.28,971.04,11.0
CRAA11,H1,28/07/2025,88.33,88.38,88.28,88.38,42847.1,485.0
CRAA11,H1,28/07/2025,88.37,88.37,88.15,88.33,98343.27,1114.0
CRAA11,H1,28/07/2025,88.34,88.38,88.34,88.37,30574.03,346.0
CRAA11,H1,28/07/2025,88.37,88.39,88.28,88.34,44975.66,509.0
CRAA11,H1,28/07/2025,88.29,88.38,88.22,88.37,54993.43,623.0
CRAA11,H1,28/07/2025,88.43,88.48,88.24,88.29,58104.1,658.0
CRAA11,H1,28/07/2025,88.57,88.57,88.31,88.43,108358.04,1226.0
CRAA11,H1,25/07/2025,88.21,88.34,88.2,88.25,93407.84,1058.0
CRAA11,H1,25/07/2025,88.16,88.22,88.12,88.21,9346.88,106.0
CRAA11,H1,25/07/2025,88.2,88.2,88.16,88.2,8466.93,96.0
CRAA11,H1,25/07/2025,88.19,88.22,88.12,88.2,45950.72,521.0
CRAA11,H1,25/07/2025,88.27,88.27,88.17,88.17,22586.76,256.0
CRAA11,H1,25/07/2025,88.28,88.29,88.28,88.29,19685.78,223.0
CRAA11,H1,25/07/2025,88.46,88.46,88.27,88.29,32056.61,363.0
CRAA11,H1,24/07/2025,88.38,88.38,88.38,88.38,11930.89,135.0
CRAA11,H1,24/07/2025,88.12,88.34,88.03,88.03,26812.95,304.0
CRAA11,H1,24/07/2025,88.12,88.19,88.05,88.19,51197.81,581.0
CRAA11,H1,24/07/2025,88.38,88.39,88.17,88.17,46151.0,523.0
CRAA11,H1,24/07/2025,88.34,88.38,88.25,88.38,49011.22,555.0
CRAA11,H1,24/07/2025,88.39,88.43,88.35,88.39,135408.66,1532.0
CRAA11,H1,24/07/2025,88.55,88.65,88.32,88.37,36997.71,418.0
CRAA11,H1,24/07/2025,88.35,88.66,88.22,88.53,195214.48,2206.0
CRAA11,H1,23/07/2025,88.06,88.16,88.06,88.16,264.3,3.0
CRAA11,H1,23/07/2025,88.34,88.34,87.5,87.91,192620.25,2195.0
CRAA11,H1,23/07/2025,88.34,88.34,88.05,88.34,43252.2,490.0
CRAA11,H1,23/07/2025,88.16,88.39,88.16,88.34,38251.66,433.0
CRAA11,H1,23/07/2025,87.75,88.16,87.75,88.15,39882.18,454.0
CRAA11,H1,23/07/2025,87.78,87.8,87.75,87.75,43537.18,496.0
CRAA11,H1,23/07/2025,87.92,87.93,87.72,87.78,48687.77,554.0
CRAA11,H1,23/07/2025,87.84,88.35,87.84,87.92,74176.43,842.0
CRAA11,H1,22/07/2025,88.02,88.09,88.02,88.09,352.29,4.0
CRAA11,H1,22/07/2025,87.84,88.2,87.84,87.92,34280.39,389.0
CRAA11,H1,22/07/2025,87.92,87.99,87.81,87.81,18634.06,212.0
CRAA11,H1,22/07/2025,88.09,88.15,87.92,87.97,46191.67,525.0
CRAA11,H1,22/07/2025,88.06,88.18,87.93,88.09,39017.86,443.0
CRAA11,H1,22/07/2025,88.2,88.2,87.97,88.15,62183.11,706.0
CRAA11,H1,22/07/2025,88.19,88.2,88.11,88.2,37995.97,431.0
CRAA11,H1,22/07/2025,87.86,88.17,87.76,88.15,227589.89,2589.0
CRAA11,H1,21/07/2025,88.2,88.2,87.78,87.78,31275.09,355.0
CRAA11,H1,21/07/2025,88.17,88.28,88.17,88.2,29729.32,337.0
CRAA11,H1,21/07/2025,88.39,88.47,88.2,88.2,94461.32,1069.0
CRAA11,H1,21/07/2025,88.28,88.39,88.15,88.38,47236.78,535.0
CRAA11,H1,21/07/2025,88.31,88.39,88.15,88.31,90035.2,1020.0
CRAA11,H1,21/07/2025,88.29,88.41,88.19,88.31,67546.36,765.0
CRAA11,H1,21/07/2025,88.19,88.3,88.15,88.29,37240.12,422.0
CRAA11,H1,21/07/2025,88.4,88.52,88.09,88.25,291672.15,3299.0
CRAA11,H1,18/07/2025,88.47,88.47,88.47,88.47,10616.34,120.0
CRAA11,H1,18/07/2025,88.52,88.53,88.4,88.4,78632.9,889.0
CRAA11,H1,18/07/2025,88.42,88.52,88.4,88.52,58007.5,656.0
CRAA11,H1,18/07/2025,88.45,88.45,88.4,88.4,21395.82,242.0
CRAA11,H1,18/07/2025,88.4,88.44,88.35,88.44,40661.87,460.0
CRAA11,H1,18/07/2025,88.37,88.41,88.29,88.41,54444.07,616.0
CRAA11,H1,18/07/2025,88.54,88.55,87.95,88.37,224334.15,2543.0
CRAA11,H1,18/07/2025,88.71,88.71,88.53,88.54,24890.96,281.0
CRAA11,H1,17/07/2025,88.5,88.67,88.47,88.48,16200.28,183.0
CRAA11,H1,17/07/2025,88.66,88.66,88.49,88.5,69277.65,782.0
CRAA11,H1,17/07/2025,88.69,88.71,88.59,88.7,342438.83,3862.0
CRAA11,H1,17/07/2025,88.66,88.71,88.6,88.69,193155.52,2178.0
CRAA11,H1,17/07/2025,88.53,88.71,88.52,88.66,77270.09,872.0
CRAA11,H1,17/07/2025,88.53,88.53,88.4,88.53,95324.15,1077.0
CRAA11,H1,17/07/2025,88.18,88.53,88.12,88.53,202009.42,2287.0
CRAA11,H1,16/07/2025,88.22,88.22,88.22,88.22,705.76,8.0
CRAA11,H1,16/07/2025,88.01,88.2,88.01,88.2,28997.42,329.0
CRAA11,H1,16/07/2025,88.06,88.11,88.02,88.02,34616.91,393.0
CRAA11,H1,16/07/2025,88.02,88.06,88.01,88.01,23860.99,271.0
CRAA11,H1,16/07/2025,87.98,88.02,87.92,88.02,19536.75,222.0
CRAA11,H1,16/07/2025,87.95,87.97,87.88,87.92,41953.67,477.0
CRAA11,H1,16/07/2025,88.05,88.15,87.7,87.97,181473.21,2064.0
CRAA11,H1,16/07/2025,88.44,88.44,88.03,88.12,18150.89,206.0
CRAA11,H1,15/07/2025,87.88,87.88,87.85,87.85,2899.31,33.0
CRAA11,H1,15/07/2025,87.8,88.02,87.76,88.02,99083.39,1128.0
CRAA11,H1,15/07/2025,87.91,88.02,87.76,87.78,113695.22,1294.0
CRAA11,H1,15/07/2025,87.91,88.01,87.76,87.91,175599.74,1999.0
CRAA11,H1,15/07/2025,87.78,87.91,87.75,87.91,134058.65,1527.0
CRAA11,H1,15/07/2025,87.85,87.93,87.77,87.78,111849.88,1273.0
CRAA11,H1,15/07/2025,88.02,88.08,87.83,87.85,125108.22,1423.0
CRAA11,H1,15/07/2025,88.03,88.38,88.01,88.02,77245.87,877.0
CRAA11,H1,14/07/2025,88.33,88.35,88.02,88.02,6694.69,76.0
CRAA11,H1,14/07/2025,88.05,88.33,88.03,88.03,24217.05,275.0
CRAA11,H1,14/07/2025,88.05,88.05,88.02,88.05,33098.89,376.0
CRAA11,H1,14/07/2025,88.02,88.13,88.01,88.06,52988.68,602.0
CRAA11,H1,14/07/2025,87.92,88.02,87.92,88.02,55707.01,633.0
CRAA11,H1,14/07/2025,88.01,88.02,87.94,87.94,39684.32,451.0
CRAA11,H1,14/07/2025,87.99,88.01,87.99,88.01,35286.43,401.0
CRAA11,H1,14/07/2025,88.02,88.02,87.92,87.96,48578.71,552.0
CRAA11,H1,11/07/2025,88.01,88.01,88.01,88.01,264.02,3.0
CRAA11,H1,11/07/2025,87.91,87.97,87.65,87.97,152295.44,1735.0
CRAA11,H1,11/07/2025,87.85,87.97,87.85,87.92,98635.32,1122.0
CRAA11,H1,11/07/2025,87.83,87.91,87.83,87.9,21357.25,243.0
CRAA11,H1,11/07/2025,87.91,87.91,87.82,87.91,35779.22,407.0
CRAA11,H1,11/07/2025,87.78,87.91,87.76,87.91,134134.51,1527.0
CRAA11,H1,11/07/2025,87.88,87.91,87.82,87.83,49465.51,563.0
CRAA11,H1,11/07/2025,88.02,88.02,87.84,87.9,66828.51,760.0
CRAA11,H1,10/07/2025,88.01,88.02,88.0,88.02,131223.39,1491.0
CRAA11,H1,10/07/2025,88.01,88.02,87.94,88.01,56937.01,647.0
CRAA11,H1,10/07/2025,88.01,88.02,88.01,88.02,104648.75,1189.0
CRAA11,H1,10/07/2025,88.02,88.02,88.0,88.0,43829.46,498.0
CRAA11,H1,10/07/2025,88.0,88.02,87.94,88.02,51833.34,589.0
CRAA11,H1,10/07/2025,88.0,88.02,87.98,88.0,124009.02,1409.0
CRAA11,H1,10/07/2025,88.33,88.33,87.93,88.01,126599.88,1438.0
CRAA11,H1,09/07/2025,88.09,88.09,88.06,88.06,6164.82,70.0
CRAA11,H1,09/07/2025,88.46,88.46,88.08,88.39,147958.17,1676.0
CRAA11,H1,09/07/2025,88.39,88.51,88.39,88.46,67057.44,758.0
CRAA11,H1,09/07/2025,88.45,88.48,88.38,88.39,28025.51,317.0
CRAA11,H1,09/07/2025,88.48,88.53,88.45,88.45,42827.97,484.0
CRAA11,H1,09/07/2025,88.4,88.53,88.39,88.49,62923.3,711.0
CRAA11,H1,09/07/2025,88.4,88.5,88.39,88.4,24320.85,275.0
CRAA11,H1,09/07/2025,88.53,88.53,88.38,88.4,66184.19,748.0
CRAA11,H1,08/07/2025,88.53,88.53,88.38,88.53,86739.83,980.0
CRAA11,H1,08/07/2025,88.51,88.53,88.47,88.53,149960.42,1694.0
CRAA11,H1,08/07/2025,88.34,88.52,88.34,88.48,36711.96,415.0
CRAA11,H1,08/07/2025,88.29,88.29,88.2,88.29,33888.74,384.0
CRAA11,H1,08/07/2025,88.16,88.29,88.16,88.29,22407.43,254.0
CRAA11,H1,08/07/2025,88.05,88.16,88.04,88.16,26780.63,304.0
CRAA11,H1,08/07/2025,88.53,88.53,87.93,88.04,178741.14,2029.0
CRAA11,H1,07/07/2025,88.4,88.4,88.4,88.4,3182.3,36.0
CRAA11,H1,07/07/2025,88.39,88.53,88.38,88.53,82838.88,936.0
CRAA11,H1,07/07/2025,88.25,88.39,88.25,88.39,46020.03,521.0
CRAA11,H1,07/07/2025,88.22,88.25,88.22,88.25,95573.92,1083.0
CRAA11,H1,07/07/2025,88.25,88.25,88.21,88.22,154614.74,1752.0
CRAA11,H1,07/07/2025,88.25,88.25,88.21,88.25,199886.82,2265.0
CRAA11,H1,07/07/2025,88.0,88.21,87.99,88.21,241264.86,2738.0
CRAA11,H1,07/07/2025,88.0,88.0,87.93,88.0,63795.79,725.0
CRAA11,H1,04/07/2025,87.84,88.0,87.84,88.0,12394.81,141.0
CRAA11,H1,04/07/2025,87.94,88.0,87.71,87.84,106326.73,1210.0
CRAA11,H1,04/07/2025,87.95,88.0,87.94,87.94,206672.75,2349.0
CRAA11,H1,04/07/2025,87.72,88.0,87.71,88.0,126546.77,1442.0
CRAA11,H1,04/07/2025,87.72,87.72,87.71,87.72,43071.01,491.0
CRAA11,H1,04/07/2025,87.71,87.72,87.57,87.72,28141.22,321.0
CRAA11,H1,04/07/2025,87.26,87.72,87.26,87.72,100921.7,1154.0
CRAA11,H1,03/07/2025,87.7,87.7,87.25,87.25,104920.0,1200.0
CRAA11,H1,03/07/2025,87.65,87.72,87.65,87.72,297633.94,3393.0
CRAA11,H1,03/07/2025,87.72,87.72,87.65,87.65,10787.68,123.0
CRAA11,H1,03/07/2025,87.71,87.72,87.46,87.72,148564.65,1695.0
CRAA11,H1,03/07/2025,87.58,87.72,87.58,87.71,68680.04,783.0
CRAA11,H1,03/07/2025,87.45,87.45,87.43,87.45,72667.55,831.0
CRAA11,H1,03/07/2025,87.41,87.45,87.41,87.45,102395.58,1171.0
CRAA11,H1,03/07/2025,87.45,87.45,87.41,87.41,161498.0,1847.0
CRAA11,H1,02/07/2025,87.44,87.45,87.42,87.45,526553.23,6022.0
CRAA11,H1,02/07/2025,87.44,87.45,87.43,87.44,38037.43,435.0
CRAA11,H1,02/07/2025,87.45,87.45,87.39,87.44,29203.82,334.0
CRAA11,H1,02/07/2025,87.45,87.45,87.4,87.45,99073.49,1133.0
CRAA11,H1,02/07/2025,87.44,87.45,87.39,87.45,34016.15,389.0
CRAA11,H1,02/07/2025,87.25,87.44,87.09,87.43,76223.58,874.0
CRAA11,H1,02/07/2025,87.13,87.25,87.13,87.25,104514.4,1199.0
CRAA11,H1,01/07/2025,87.09,87.17,87.09,87.17,3484.61,40.0
CRAA11,H1,01/07/2025,87.17,87.17,87.06,87.08,54972.53,631.0
CRAA11,H1,01/07/2025,87.17,87.17,87.17,87.17,225342.02,2585.0
CRAA11,H1,01/07/2025,87.17,87.17,87.05,87.17,118980.91,1365.0
CRAA11,H1,01/07/2025,87.17,87.17,87.15,87.17,24839.94,285.0
CRAA11,H1,01/07/2025,87.15,87.17,87.12,87.17,38615.86,443.0
CRAA11,H1,01/07/2025,86.97,87.17,86.97,87.16,58492.08,672.0
CRAA11,H1,01/07/2025,86.96,86.97,86.58,86.97,229954.56,2646.0
CRAA11,H1,30/06/2025,86.93,86.96,86.93,86.96,6782.73,78.0
CRAA11,H1,30/06/2025,86.93,86.97,86.79,86.92,172792.97,1988.0
CRAA11,H1,30/06/2025,86.92,86.94,86.79,86.93,122972.43,1415.0
CRAA11,H1,30/06/2025,86.79,86.94,86.75,86.93,289835.85,3335.0
CRAA11,H1,30/06/2025,86.93,86.94,86.73,86.76,176590.81,2032.0
CRAA11,H1,30/06/2025,86.93,86.94,86.91,86.93,75978.97,874.0
CRAA11,H1,30/06/2025,86.94,86.94,86.92,86.94,34076.83,392.0
CRAA11,H1,30/06/2025,86.7,86.94,86.7,86.94,50833.63,585.0
CRAA11,H1,27/06/2025,86.7,86.7,86.7,86.7,173.4,2.0
CRAA11,H1,27/06/2025,86.67,86.74,86.64,86.7,267812.11,3089.0
CRAA11,H1,27/06/2025,86.7,86.7,86.51,86.56,276800.15,3193.0
CRAA11,H1,27/06/2025,86.52,86.7,86.51,86.7,253654.96,2927.0
CRAA11,H1,27/06/2025,86.52,86.52,86.51,86.52,176230.64,2037.0
CRAA11,H1,27/06/2025,86.52,86.52,86.38,86.52,200881.08,2322.0
CRAA11,H1,27/06/2025,86.16,86.52,86.16,86.52,122554.17,1417.0
CRAA11,H1,27/06/2025,86.15,86.19,86.03,86.19,42028.24,488.0
CRAA11,H1,26/06/2025,85.96,86.33,85.88,86.33,85052.6,988.0
CRAA11,H1,26/06/2025,85.97,86.15,85.96,85.96,90057.31,1047.0
CRAA11,H1,26/06/2025,86.08,86.2,85.97,85.97,57656.87,670.0
CRAA11,H1,26/06/2025,85.96,86.26,85.88,86.08,124355.22,1444.0
CRAA11,H1,26/06/2025,85.96,86.06,85.87,85.96,98430.11,1145.0
CRAA11,H1,26/06/2025,85.86,85.97,85.81,85.96,55309.32,644.0
CRAA11,H1,26/06/2025,86.15,86.15,85.8,85.97,33422.39,389.0
CRAA11,H1,25/06/2025,85.95,85.97,85.86,85.97,26902.09,313.0
CRAA11,H1,25/06/2025,85.94,85.97,85.79,85.84,43463.13,506.0
CRAA11,H1,25/06/2025,85.93,85.96,85.82,85.94,36246.93,422.0
CRAA11,H1,25/06/2025,85.98,85.98,85.78,85.82,524598.63,6114.0
CRAA11,H1,25/06/2025,85.98,85.98,85.96,85.97,29659.88,345.0
CRAA11,H1,25/06/2025,85.8,86.04,85.8,85.98,82096.28,955.0
CRAA11,H1,25/06/2025,86.15,86.24,85.88,85.88,28966.12,337.0
CRAA11,H1,24/06/2025,85.88,86.06,85.78,86.06,148817.37,1733.0
CRAA11,H1,24/06/2025,85.88,85.88,85.88,85.88,69387.53,808.0
CRAA11,H1,24/06/2025,85.88,85.89,85.87,85.89,66477.69,774.0
CRAA11,H1,24/06/2025,86.25,86.33,85.88,86.01,108415.2,1260.0
CRAA11,H1,24/06/2025,86.15,86.24,86.1,86.24,9992.19,116.0
CRAA11,H1,24/06/2025,86.26,86.26,86.09,86.16,43866.34,509.0
CRAA11,H1,24/06/2025,86.31,86.5,86.12,86.12,122051.67,1414.0
CRAA11,H1,23/06/2025,86.09,86.1,86.09,86.1,4821.45,56.0
CRAA11,H1,23/06/2025,85.88,86.09,85.88,85.88,177438.0,2066.0
CRAA11,H1,23/06/2025,85.94,86.09,85.87,85.88,96659.69,1125.0
CRAA11,H1,23/06/2025,85.88,85.97,85.87,85.94,28776.09,335.0
CRAA11,H1,23/06/2025,85.94,86.09,85.87,85.92,73417.61,854.0
CRAA11,H1,23/06/2025,85.94,85.97,85.88,85.88,63926.7,744.0
CRAA11,H1,23/06/2025,86.1,86.11,85.88,85.94,46424.55,540.0
CRAA11,H1,23/06/2025,86.3,86.3,85.92,85.96,46393.18,539.0
CRAA11,H1,20/06/2025,86.09,86.2,85.88,85.88,125386.81,1458.0
CRAA11,H1,20/06/2025,85.92,86.1,85.92,86.09,36316.34,422.0
CRAA11,H1,20/06/2025,86.0,86.1,85.91,85.92,33370.49,388.0
CRAA11,H1,20/06/2025,85.99,86.01,85.88,86.0,24936.85,290.0
CRAA11,H1,20/06/2025,85.89,86.09,85.88,85.99,198055.07,2306.0
CRAA11,H1,20/06/2025,85.83,86.06,85.83,85.89,20957.04,244.0
CRAA11,H1,20/06/2025,86.31,86.31,85.78,85.83,85397.2,992.0
CRAA11,H1,18/06/2025,85.67,86.0,85.45,86.0,9319.29,109.0
CRAA11,H1,18/06/2025,85.69,86.0,85.56,86.0,183934.3,2147.0
CRAA11,H1,18/06/2025,85.6,85.73,85.59,85.6,145339.25,1697.0
CRAA11,H1,18/06/2025,85.6,85.84,85.59,85.69,124954.89,1459.0
CRAA11,H1,18/06/2025,85.94,86.01,85.59,85.6,110368.77,1287.0
CRAA11,H1,18/06/2025,85.96,85.96,85.92,85.92,20625.39,240.0
CRAA11,H1,18/06/2025,85.96,85.96,85.95,85.96,27763.65,323.0
CRAA11,H1,18/06/2025,86.09,86.28,85.84,85.88,38366.0,446.0
CRAA11,H1,17/06/2025,85.88,85.88,85.87,85.87,858.68,10.0
CRAA11,H1,17/06/2025,85.88,86.06,85.86,85.87,96359.74,1122.0
CRAA11,H1,17/06/2025,85.88,86.04,85.87,85.87,149002.81,1735.0
CRAA11,H1,17/06/2025,85.95,86.08,85.83,85.88,316786.82,3688.0
CRAA11,H1,17/06/2025,85.88,85.95,85.85,85.87,56422.05,657.0
CRAA11,H1,17/06/2025,85.88,85.88,85.88,85.88,15371.74,179.0
CRAA11,H1,17/06/2025,85.87,85.88,85.77,85.88,33404.6,389.0
CRAA11,H1,17/06/2025,86.13,86.2,85.74,85.88,55069.28,640.0
CRAA11,H1,16/06/2025,85.89,86.33,85.76,86.33,16646.82,193.0
CRAA11,H1,16/06/2025,85.78,85.94,85.78,85.78,138831.84,1618.0
CRAA11,H1,16/06/2025,85.81,85.94,85.71,85.91,82122.75,956.0
CRAA11,H1,16/06/2025,85.82,85.92,85.69,85.69,361170.54,4212.0
CRAA11,H1,16/06/2025,85.82,85.92,85.81,85.82,38379.79,447.0
CRAA11,H1,16/06/2025,85.84,85.88,85.82,85.83,37436.23,436.0
CRAA11,H1,16/06/2025,85.91,85.94,85.81,85.84,101971.93,1188.0
CRAA11,H1,16/06/2025,85.82,85.92,85.6,85.91,101467.22,1182.0
CRAA11,H1,13/06/2025,85.11,85.53,85.09,85.52,146814.72,1723.0
CRAA11,H1,13/06/2025,85.24,85.58,85.07,85.11,166701.84,1956.0
CRAA11,H1,13/06/2025,85.25,85.6,85.24,85.25,136024.72,1593.0
CRAA11,H1,13/06/2025,85.91,85.91,85.25,85.25,334941.43,3908.0
CRAA11,H1,13/06/2025,85.88,85.91,85.87,85.91,45771.73,533.0
CRAA11,H1,13/06/2025,85.62,85.9,85.62,85.9,91759.34,1071.0
CRAA11,H1,13/06/2025,85.62,85.62,85.51,85.62,33818.75,395.0
CRAA11,H1,12/06/2025,85.51,85.62,85.43,85.43,79404.07,929.0
CRAA11,H1,12/06/2025,85.52,85.62,85.4,85.62,94138.44,1100.0
CRAA11,H1,12/06/2025,85.58,85.62,85.52,85.55,22169.75,259.0
CRAA11,H1,12/06/2025,85.55,85.61,85.32,85.32,100687.99,1178.0
CRAA11,H1,12/06/2025,85.33,85.57,85.33,85.47,31430.0,368.0
CRAA11,H1,12/06/2025,85.35,85.61,85.33,85.57,34390.93,402.0
CRAA11,H1,12/06/2025,85.6,85.6,85.24,85.32,31477.25,369.0
CRAA11,H1,12/06/2025,85.24,85.66,84.96,85.6,193824.79,2267.0
CRAA11,H1,11/06/2025,85.5,85.5,85.5,85.5,14193.18,166.0
CRAA11,H1,11/06/2025,85.34,85.49,85.21,85.24,55799.67,654.0
CRAA11,H1,11/06/2025,85.59,85.63,85.35,85.35,37112.88,434.0
CRAA11,H1,11/06/2025,85.49,85.61,85.43,85.6,44739.61,523.0
CRAA11,H1,11/06/2025,85.4,85.57,85.35,85.5,23484.63,275.0
CRAA11,H1,11/06/2025,85.4,85.41,85.39,85.41,25022.91,293.0
CRAA11,H1,11/06/2025,85.4,85.41,85.39,85.4,57214.02,670.0
CRAA11,H1,11/06/2025,85.35,85.41,84.93,85.37,36938.19,433.0
CRAA11,H1,10/06/2025,84.92,84.92,84.88,84.88,8488.74,100.0
CRAA11,H1,10/06/2025,84.96,84.99,84.77,84.99,121310.69,1429.0
CRAA11,H1,10/06/2025,85.14,85.29,84.96,84.97,71794.18,844.0
CRAA11,H1,10/06/2025,85.42,85.42,85.0,85.13,160693.68,1887.0
CRAA11,H1,10/06/2025,85.44,85.44,85.42,85.42,18453.34,216.0
CRAA11,H1,10/06/2025,85.4,85.47,85.33,85.45,27758.95,325.0
CRAA11,H1,10/06/2025,85.6,85.6,85.4,85.4,43585.39,510.0
CRAA11,H1,10/06/2025,85.74,85.74,85.23,85.59,48378.55,566.0
CRAA11,H1,09/06/2025,85.78,85.78,85.74,85.74,1972.44,23.0
CRAA11,H1,09/06/2025,85.88,85.88,85.59,85.87,151957.45,1770.0
CRAA11,H1,09/06/2025,85.84,85.89,85.73,85.88,124232.85,1448.0
CRAA11,H1,09/06/2025,85.78,85.88,85.59,85.84,52898.43,617.0
CRAA11,H1,09/06/2025,85.92,85.92,85.77,85.78,42670.94,497.0
CRAA11,H1,09/06/2025,85.88,85.92,85.82,85.92,37026.31,431.0
CRAA11,H1,09/06/2025,86.2,86.2,85.78,85.88,253905.36,2955.0
CRAA11,H1,09/06/2025,86.25,86.25,85.88,86.2,36351.15,422.0
CRAA11,H1,06/06/2025,85.83,85.83,85.79,85.79,2917.46,34.0
CRAA11,H1,06/06/2025,85.77,85.83,85.66,85.83,121362.82,1416.0
CRAA11,H1,06/06/2025,85.78,85.83,85.53,85.77,258958.44,3020.0
CRAA11,H1,06/06/2025,85.66,85.83,85.31,85.78,352342.05,4120.0
CRAA11,H1,06/06/2025,85.73,85.83,85.56,85.56,220784.67,2576.0
CRAA11,H1,06/06/2025,85.73,85.74,85.65,85.73,190594.69,2223.0
CRAA11,H1,06/06/2025,85.74,85.74,85.64,85.73,179150.27,2090.0
CRAA11,H1,06/06/2025,85.74,85.74,85.7,85.74,202858.73,2366.0
CRAA11,H1,05/06/2025,85.6,85.6,85.6,85.6,85.6,1.0
CRAA11,H1,05/06/2025,85.39,85.49,85.31,85.47,37495.43,439.0
CRAA11,H1,05/06/2025,85.73,85.73,85.31,85.38,120066.98,1406.0
CRAA11,H1,05/06/2025,85.64,85.74,85.64,85.74,40956.65,478.0
CRAA11,H1,05/06/2025,85.65,85.65,85.59,85.64,13359.82,156.0
CRAA11,H1,05/06/2025,85.63,85.72,85.63,85.65,11479.98,134.0
CRAA11,H1,05/06/2025,85.65,85.65,85.47,85.63,68276.42,798.0
CRAA11,H1,05/06/2025,85.65,85.74,85.6,85.64,77191.23,901.0
CRAA11,H1,04/06/2025,85.56,85.56,85.56,85.56,171.12,2.0
CRAA11,H1,04/06/2025,85.53,85.65,85.47,85.56,39528.78,462.0
CRAA11,H1,04/06/2025,85.52,85.57,85.41,85.53,70493.19,825.0
CRAA11,H1,04/06/2025,85.47,85.64,85.47,85.54,67040.96,784.0
CRAA11,H1,04/06/2025,85.47,85.47,85.45,85.47,84015.47,983.0
CRAA11,H1,04/06/2025,85.64,85.65,85.47,85.47,30786.74,360.0
CRAA11,H1,04/06/2025,85.61,85.65,85.61,85.61,42898.01,501.0
CRAA11,H1,04/06/2025,85.74,85.74,85.47,85.62,28608.51,334.0
CRAA11,H1,03/06/2025,85.7,85.7,85.56,85.56,4366.34,51.0
CRAA11,H1,03/06/2025,85.73,85.74,85.7,85.7,51257.47,598.0
CRAA11,H1,03/06/2025,85.73,85.74,85.65,85.65,183790.91,2144.0
CRAA11,H1,03/06/2025,85.72,85.74,85.55,85.74,104818.6,1224.0
CRAA11,H1,03/06/2025,85.73,85.74,85.65,85.73,166491.55,1942.0
CRAA11,H1,03/06/2025,85.74,85.74,85.73,85.74,20234.04,236.0
CRAA11,H1,03/06/2025,85.73,85.74,85.72,85.73,13031.77,152.0
CRAA11,H1,03/06/2025,85.74,85.74,85.68,85.69,22119.31,258.0
CRAA11,H1,02/06/2025,85.71,85.74,85.71,85.74,44582.67,520.0
CRAA11,H1,02/06/2025,85.71,85.72,85.66,85.71,12599.69,147.0
CRAA11,H1,02/06/2025,85.71,85.72,85.56,85.72,21241.79,248.0
CRAA11,H1,02/06/2025,85.65,85.72,85.52,85.71,25442.9,297.0
CRAA11,H1,02/06/2025,85.62,85.65,85.52,85.65,16100.27,188.0
CRAA11,H1,02/06/2025,85.64,85.69,85.52,85.52,34580.12,404.0
CRAA11,H1,02/06/2025,85.65,85.65,85.47,85.64,72652.47,849.0
CRAA11,H1,30/05/2025,85.2,85.65,85.2,85.3,43015.96,504.0
CRAA11,H1,30/05/2025,85.6,85.6,85.2,85.2,43941.22,515.0
CRAA11,H1,30/05/2025,85.47,85.58,85.24,85.58,62535.31,732.0
CRAA11,H1,30/05/2025,85.27,85.47,85.25,85.47,36170.18,424.0
CRAA11,H1,30/05/2025,85.29,85.29,85.22,85.29,32815.53,385.0
CRAA11,H1,30/05/2025,85.25,85.46,85.2,85.29,154486.51,1813.0
CRAA11,H1,30/05/2025,85.09,85.24,85.03,85.16,32288.02,379.0
CRAA11,H1,29/05/2025,85.23,85.23,85.23,85.23,170.47,2.0
CRAA11,H1,29/05/2025,84.84,85.24,84.77,85.24,151254.12,1782.0
CRAA11,H1,29/05/2025,85.05,85.12,84.78,84.84,205810.82,2425.0
CRAA11,H1,29/05/2025,84.92,85.41,84.81,84.94,114327.81,1345.0
CRAA11,H1,29/05/2025,84.97,85.08,84.79,84.81,98502.77,1160.0
CRAA11,H1,29/05/2025,85.03,85.47,84.95,84.98,66876.61,786.0
CRAA11,H1,29/05/2025,85.61,85.62,85.01,85.03,28794.74,338.0
CRAA11,H1,29/05/2025,85.74,85.74,85.43,85.63,46533.68,544.0
CRAA11,H1,28/05/2025,85.65,85.74,85.65,85.74,46291.39,540.0
CRAA11,H1,28/05/2025,85.5,85.65,85.29,85.65,91290.22,1068.0
CRAA11,H1,28/05/2025,85.6,85.63,85.33,85.5,63271.7,740.0
CRAA11,H1,28/05/2025,85.56,85.65,85.47,85.6,86498.22,1011.0
CRAA11,H1,28/05/2025,85.55,85.65,85.36,85.5,13602.47,159.0
CRAA11,H1,28/05/2025,85.38,85.55,85.38,85.55,15884.65,186.0
CRAA11,H1,28/05/2025,85.51,85.56,85.29,85.38,90377.07,1058.0
CRAA11,H1,28/05/2025,85.33,85.65,85.33,85.52,107532.68,1256.0
CRAA11,H1,27/05/2025,85.29,85.29,85.29,85.29,8528.9,100.0
CRAA11,H1,27/05/2025,85.26,85.29,85.02,85.29,20087.33,236.0
CRAA11,H1,27/05/2025,85.02,85.26,85.02,85.26,23313.36,274.0
CRAA11,H1,27/05/2025,85.26,85.28,84.92,84.99,44193.83,519.0
CRAA11,H1,27/05/2025,85.29,85.29,84.9,85.19,44653.6,525.0
CRAA11,H1,27/05/2025,85.3,85.3,85.01,85.29,78498.92,922.0
CRAA11,H1,27/05/2025,85.44,85.44,85.08,85.3,47976.79,562.0
CRAA11,H1,27/05/2025,85.47,85.57,84.82,85.24,293786.24,3443.0
CRAA11,H1,26/05/2025,85.46,85.47,85.46,85.47,20426.45,239.0
CRAA11,H1,26/05/2025,85.46,85.47,84.97,85.45,74267.12,871.0
CRAA11,H1,26/05/2025,85.46,85.47,85.28,85.47,142441.51,1667.0
CRAA11,H1,26/05/2025,85.47,85.47,85.12,85.47,121675.43,1425.0
CRAA11,H1,26/05/2025,85.33,85.47,85.33,85.47,117419.25,1374.0
CRAA11,H1,26/05/2025,85.39,85.47,85.21,85.33,115300.4,1350.0
CRAA11,H1,26/05/2025,85.17,85.42,84.98,85.4,157059.95,1842.0
CRAA11,H1,26/05/2025,85.17,85.17,84.93,85.17,55663.01,654.0
CRAA11,H1,23/05/2025,85.25,85.25,85.25,85.25,426.26,5.0
CRAA11,H1,23/05/2025,85.47,85.47,84.75,84.75,172771.87,2027.0
CRAA11,H1,23/05/2025,85.46,85.47,85.28,85.47,79758.64,934.0
CRAA11,H1,23/05/2025,85.46,85.47,85.02,85.46,144737.99,1695.0
CRAA11,H1,23/05/2025,85.01,85.47,85.01,85.46,163152.56,1913.0
CRAA11,H1,23/05/2025,85.11,85.21,84.93,85.0,111998.3,1316.0
CRAA11,H1,23/05/2025,85.19,85.19,84.79,85.11,219272.35,2579.0
CRAA11,H1,23/05/2025,85.05,85.19,84.98,85.19,79758.83,938.0
CRAA11,H1,22/05/2025,84.9,85.2,84.9,85.2,22449.12,264.0
CRAA11,H1,22/05/2025,85.02,85.08,84.59,84.63,115689.08,1365.0
CRAA11,H1,22/05/2025,84.93,85.06,84.83,84.86,18516.38,218.0
CRAA11,H1,22/05/2025,85.13,85.14,84.66,85.05,55394.58,652.0
CRAA11,H1,22/05/2025,85.19,85.2,84.61,85.14,93686.78,1105.0
CRAA11,H1,22/05/2025,85.11,85.2,84.93,85.19,24176.08,284.0
CRAA11,H1,22/05/2025,85.24,85.31,84.75,85.19,261111.21,3075.0
CRAA11,H1,22/05/2025,85.42,85.42,84.79,84.79,52312.72,615.0
CRAA11,H1,21/05/2025,85.42,85.42,85.42,85.42,683.39,8.0
CRAA11,H1,21/05/2025,84.87,85.42,84.75,85.42,163864.5,1928.0
CRAA11,H1,21/05/2025,84.73,85.25,84.73,84.98,175128.9,2060.0
CRAA11,H1,21/05/2025,84.86,85.44,84.67,84.73,124743.33,1469.0
CRAA11,H1,21/05/2025,85.25,85.45,84.86,84.9,42618.47,501.0
CRAA11,H1,21/05/2025,84.96,85.46,84.75,85.25,122907.31,1442.0
CRAA11,H1,21/05/2025,84.88,85.16,84.74,84.75,67657.8,797.0
CRAA11,H1,21/05/2025,85.25,85.42,84.6,84.97,105624.29,1244.0
CRAA11,H1,20/05/2025,84.97,85.26,84.34,85.26,43494.23,514.0
CRAA11,H1,20/05/2025,85.2,85.47,84.97,85.47,44495.43,522.0
CRAA11,H1,20/05/2025,85.3,85.46,84.83,85.19,145666.17,1711.0
CRAA11,H1,20/05/2025,85.2,85.47,85.2,85.3,45568.12,534.0
CRAA11,H1,20/05/2025,85.33,85.38,85.05,85.2,17723.97,208.0
CRAA11,H1,20/05/2025,85.17,85.33,85.17,85.33,4604.4,54.0
CRAA11,H1,20/05/2025,84.93,84.97,84.83,84.83,73567.16,866.0
CRAA11,H1,20/05/2025,84.83,85.47,84.83,84.94,21537.54,253.0
CRAA11,H1,19/05/2025,84.96,84.96,84.61,84.75,55698.81,658.0
CRAA11,H1,19/05/2025,85.09,85.26,84.68,85.26,142189.94,1676.0
CRAA11,H1,19/05/2025,84.58,85.23,84.55,85.07,63564.34,748.0
CRAA11,H1,19/05/2025,84.36,84.73,84.36,84.42,115342.94,1366.0
CRAA11,H1,19/05/2025,84.25,84.6,84.25,84.36,124363.18,1474.0
CRAA11,H1,19/05/2025,84.69,84.94,84.23,84.25,228033.24,2698.0
CRAA11,H1,19/05/2025,84.79,85.15,84.6,84.94,159662.22,1884.0
CRAA11,H1,19/05/2025,85.47,85.47,84.83,84.83,647701.65,7582.0
CRAA11,H1,16/05/2025,84.67,85.51,84.21,85.47,590705.84,6932.0
CRAA11,H1,16/05/2025,84.93,84.93,84.67,84.67,56652.6,668.0
CRAA11,H1,16/05/2025,84.75,84.93,84.75,84.93,5265.38,62.0
CRAA11,H1,16/05/2025,84.75,84.93,84.75,84.93,3142.17,37.0
CRAA11,H1,16/05/2025,84.7,84.92,84.7,84.92,24186.12,285.0
CRAA11,H1,16/05/2025,85.15,85.23,84.3,84.72,192641.36,2275.0
CRAA11,H1,16/05/2025,85.2,85.2,84.72,84.93,80902.96,951.0
CRAA11,H1,15/05/2025,84.94,84.94,84.52,84.52,30204.12,356.0
CRAA11,H1,15/05/2025,84.93,85.15,84.93,85.15,35253.6,415.0
CRAA11,H1,15/05/2025,85.15,85.15,84.89,84.89,35363.7,416.0
CRAA11,H1,15/05/2025,84.75,85.15,84.4,85.15,86192.02,1017.0
CRAA11,H1,15/05/2025,84.57,84.75,84.55,84.75,26488.25,313.0
CRAA11,H1,15/05/2025,84.37,84.6,84.21,84.57,49426.83,585.0
CRAA11,H1,15/05/2025,84.52,84.75,84.23,84.39,174266.64,2063.0
CRAA11,H1,15/05/2025,84.69,84.75,84.48,84.52,128967.16,1523.0
CRAA11,H1,14/05/2025,84.43,84.43,84.43,84.43,1857.52,22.0
CRAA11,H1,14/05/2025,84.23,84.33,83.86,83.86,73965.96,880.0
CRAA11,H1,14/05/2025,84.19,84.21,83.97,84.21,43075.03,512.0
CRAA11,H1,14/05/2025,84.2,84.27,84.19,84.21,13644.35,162.0
CRAA11,H1,14/05/2025,84.14,84.19,84.14,84.19,14646.2,174.0
CRAA11,H1,14/05/2025,84.48,84.49,83.85,84.16,114693.73,1364.0
CRAA11,H1,14/05/2025,84.46,84.48,84.22,84.48,56320.84,668.0
CRAA11,H1,14/05/2025,84.06,84.54,83.32,84.46,155294.25,1847.0
CRAA11,H1,13/05/2025,83.75,83.75,83.75,83.75,167.49,2.0
CRAA11,H1,13/05/2025,83.38,83.75,83.3,83.75,128532.16,1538.0
CRAA11,H1,13/05/2025,83.24,83.4,83.16,83.35,128752.63,1547.0
CRAA11,H1,13/05/2025,83.49,83.8,83.24,83.24,134700.53,1617.0
CRAA11,H1,13/05/2025,83.58,83.8,83.24,83.24,169228.74,2029.0
CRAA11,H1,13/05/2025,83.77,83.81,83.44,83.44,162093.41,1940.0
CRAA11,H1,13/05/2025,84.75,84.75,83.61,83.61,230586.87,2741.0
CRAA11,H1,13/05/2025,84.35,85.09,84.35,84.75,37145.57,438.0
CRAA11,H1,12/05/2025,85.2,85.2,84.23,84.23,96432.84,1138.0
CRAA11,H1,12/05/2025,85.2,85.2,84.88,85.2,74845.48,879.0
CRAA11,H1,12/05/2025,85.19,85.2,84.78,85.2,88269.35,1037.0
CRAA11,H1,12/05/2025,84.96,85.2,84.96,85.19,81829.73,962.0
CRAA11,H1,12/05/2025,84.93,84.96,84.91,84.96,103443.96,1218.0
CRAA11,H1,12/05/2025,84.93,84.93,84.76,84.93,76415.58,900.0
CRAA11,H1,12/05/2025,84.66,84.93,84.28,84.93,225023.22,2657.0
CRAA11,H1,09/05/2025,84.61,84.66,84.3,84.66,60383.27,714.0
CRAA11,H1,09/05/2025,84.57,84.66,84.56,84.61,21410.51,253.0
CRAA11,H1,09/05/2025,84.46,84.66,84.46,84.57,30538.08,361.0
CRAA11,H1,09/05/2025,84.41,84.65,84.27,84.46,39774.98,471.0
CRAA11,H1,09/05/2025,84.4,84.66,84.26,84.28,42224.51,500.0
CRAA11,H1,09/05/2025,84.65,84.66,84.15,84.4,45290.05,536.0
CRAA11,H1,09/05/2025,84.29,84.66,84.12,84.66,59457.03,705.0
CRAA11,H1,08/05/2025,84.15,84.16,83.86,83.86,6135.34,73.0
CRAA11,H1,08/05/2025,84.07,84.15,83.8,83.87,26955.57,321.0
CRAA11,H1,08/05/2025,83.72,84.03,83.71,84.02,31496.24,375.0
CRAA11,H1,08/05/2025,83.84,83.89,83.65,83.71,374885.9,4478.0
CRAA11,H1,08/05/2025,83.89,83.89,83.84,83.89,114595.11,1366.0
CRAA11,H1,08/05/2025,83.89,83.89,83.8,83.89,48539.78,579.0
CRAA11,H1,08/05/2025,83.77,83.89,83.77,83.89,93993.59,1121.0
CRAA11,H1,08/05/2025,83.89,83.89,83.65,83.89,37021.09,442.0
CRAA11,H1,07/05/2025,83.8,83.8,82.82,82.82,53452.68,640.0
CRAA11,H1,07/05/2025,83.77,83.89,83.73,83.89,21134.09,252.0
CRAA11,H1,07/05/2025,83.76,83.89,83.75,83.89,79777.76,952.0
CRAA11,H1,07/05/2025,83.58,83.89,83.49,83.77,158736.86,1897.0
CRAA11,H1,07/05/2025,83.58,83.58,83.58,83.58,20142.7,241.0
CRAA11,H1,07/05/2025,83.57,83.58,83.57,83.58,9109.86,109.0
CRAA11,H1,07/05/2025,83.62,83.62,83.49,83.57,44712.44,535.0
CRAA11,H1,07/05/2025,83.31,83.62,83.31,83.62,60677.72,726.0
CRAA11,H1,06/05/2025,83.56,83.62,83.29,83.29,56826.37,680.0
CRAA11,H1,06/05/2025,83.09,83.33,83.08,83.08,43298.68,521.0
CRAA11,H1,06/05/2025,83.0,83.36,82.82,83.2,84126.26,1012.0
CRAA11,H1,06/05/2025,83.31,83.44,82.75,82.8,51931.32,625.0
CRAA11,H1,06/05/2025,83.19,83.31,83.09,83.13,63435.45,762.0
CRAA11,H1,06/05/2025,83.31,83.31,83.07,83.19,33277.51,400.0
CRAA11,H1,06/05/2025,83.35,83.44,83.23,83.31,48164.11,578.0
CRAA11,H1,06/05/2025,83.24,83.35,82.87,83.35,57993.4,697.0
CRAA11,H1,05/05/2025,82.48,82.87,81.49,82.87,30620.75,374.0
CRAA11,H1,05/05/2025,83.7,83.7,81.92,82.83,440865.35,5314.0
CRAA11,H1,05/05/2025,83.7,83.7,83.49,83.7,87280.2,1043.0
CRAA11,H1,05/05/2025,83.8,83.86,83.54,83.7,67639.06,808.0
CRAA11,H1,05/05/2025,83.86,83.87,83.45,83.8,166001.27,1985.0
CRAA11,H1,05/05/2025,83.89,83.89,83.8,83.86,78348.53,934.0
CRAA11,H1,05/05/2025,83.61,83.89,83.54,83.89,264778.21,3163.0
CRAA11,H1,05/05/2025,83.47,83.62,83.47,83.53,19622.88,235.0
CRAA11,H1,02/05/2025,83.46,83.46,83.46,83.46,834.64,10.0
CRAA11,H1,02/05/2025,83.62,83.62,83.46,83.46,14026.39,168.0
CRAA11,H1,02/05/2025,83.36,83.62,83.36,83.62,35552.41,426.0
CRAA11,H1,02/05/2025,83.27,83.36,83.21,83.36,34660.2,416.0
CRAA11,H1,02/05/2025,83.35,83.36,83.15,83.27,20242.72,243.0
CRAA11,H1,02/05/2025,83.36,83.36,83.35,83.35,52764.56,633.0
CRAA11,H1,02/05/2025,83.34,83.36,83.34,83.36,30924.16,371.0
CRAA11,H1,02/05/2025,83.36,83.36,83.22,83.34,39420.59,473.0
CRAA11,H1,30/04/2025,83.36,83.36,83.36,83.36,1667.14,20.0
CRAA11,H1,30/04/2025,83.29,83.36,83.29,83.36,49920.99,599.0
CRAA11,H1,30/04/2025,83.09,83.29,83.09,83.29,53116.11,639.0
CRAA11,H1,30/04/2025,83.09,83.09,82.92,83.09,37549.45,452.0
CRAA11,H1,30/04/2025,83.08,83.09,82.9,83.08,63945.94,770.0
CRAA11,H1,30/04/2025,83.09,83.09,82.83,83.08,54005.03,651.0
CRAA11,H1,30/04/2025,83.09,83.09,82.89,83.09,46078.81,555.0
CRAA11,H1,30/04/2025,82.93,83.09,82.87,83.08,39093.17,471.0
CRAA11,H1,29/04/2025,82.92,82.99,82.85,82.91,46257.53,558.0
CRAA11,H1,29/04/2025,83.06,83.09,82.85,82.92,10043.72,121.0
CRAA11,H1,29/04/2025,82.91,83.07,82.85,83.07,294824.62,3557.0
CRAA11,H1,29/04/2025,82.91,82.91,82.84,82.91,15832.37,191.0
CRAA11,H1,29/04/2025,82.91,82.91,82.9,82.9,4062.62,49.0
CRAA11,H1,29/04/2025,82.91,82.91,82.84,82.84,46595.77,562.0
CRAA11,H1,29/04/2025,82.91,82.91,82.87,82.91,14426.42,174.0
CRAA11,H1,28/04/2025,82.82,82.82,82.82,82.82,6708.64,81.0
CRAA11,H1,28/04/2025,83.08,83.08,82.8,82.91,37987.18,458.0
CRAA11,H1,28/04/2025,82.86,83.07,82.82,82.82,20630.39,249.0
CRAA11,H1,28/04/2025,82.82,83.08,82.8,82.86,17910.18,216.0
CRAA11,H1,28/04/2025,82.64,82.95,82.64,82.82,68826.77,831.0
CRAA11,H1,28/04/2025,82.63,82.64,82.63,82.64,14874.08,180.0
CRAA11,H1,28/04/2025,82.56,82.64,82.56,82.62,43041.38,521.0
CRAA11,H1,28/04/2025,82.75,82.75,82.42,82.56,50796.68,616.0
CRAA11,H1,25/04/2025,83.05,83.06,82.34,82.34,84309.66,1018.0
CRAA11,H1,25/04/2025,82.64,83.06,82.64,82.91,253187.26,3057.0
CRAA11,H1,25/04/2025,82.55,82.78,82.43,82.73,149751.09,1813.0
CRAA11,H1,25/04/2025,82.43,82.56,82.4,82.43,77333.99,937.0
CRAA11,H1,25/04/2025,82.47,82.56,82.37,82.54,28274.54,343.0
CRAA11,H1,25/04/2025,82.11,82.56,82.07,82.34,239927.98,2912.0
CRAA11,H1,25/04/2025,82.01,82.28,82.01,82.07,18966.09,231.0
CRAA11,H1,24/04/2025,82.01,82.28,82.01,82.28,3126.04,38.0
CRAA11,H1,24/04/2025,81.47,82.01,81.35,82.01,153579.45,1882.0
CRAA11,H1,24/04/2025,81.45,81.66,81.4,81.42,121628.96,1493.0
CRAA11,H1,24/04/2025,81.44,81.66,81.4,81.58,153717.6,1888.0
CRAA11,H1,24/04/2025,81.67,81.75,81.42,81.42,47244.73,579.0
CRAA11,H1,24/04/2025,81.58,81.75,81.58,81.66,20401.5,250.0
CRAA11,H1,24/04/2025,81.56,81.58,81.4,81.58,73891.65,907.0
CRAA11,H1,24/04/2025,81.18,81.58,81.18,81.55,28163.7,346.0
CRAA11,H1,23/04/2025,81.34,81.57,80.6,81.48,55878.28,692.0
CRAA11,H1,23/04/2025,81.02,81.51,80.69,81.0,272171.89,3364.0
CRAA11,H1,23/04/2025,81.42,81.49,80.87,80.89,328825.11,4053.0
CRAA11,H1,23/04/2025,81.85,82.11,81.3,81.36,157180.23,1927.0
CRAA11,H1,23/04/2025,81.65,81.93,81.64,81.89,12280.53,150.0
CRAA11,H1,23/04/2025,82.29,82.29,81.6,81.78,314638.87,3836.0
CRAA11,H1,23/04/2025,82.29,82.29,82.23,82.29,15881.55,193.0
CRAA11,H1,23/04/2025,82.29,82.29,81.95,82.29,54604.44,665.0
CRAA11,H1,22/04/2025,81.99,82.29,81.99,82.02,182002.15,2216.0
CRAA11,H1,22/04/2025,82.02,82.15,81.99,81.99,87012.37,1061.0
CRAA11,H1,22/04/2025,82.01,82.02,81.95,82.02,12217.47,149.0
CRAA11,H1,22/04/2025,82.02,82.02,81.95,81.95,28034.83,342.0
CRAA11,H1,22/04/2025,82.02,82.02,81.93,82.02,40903.59,499.0
CRAA11,H1,22/04/2025,82.01,82.02,81.93,82.02,10252.11,125.0
CRAA11,H1,22/04/2025,82.02,82.02,81.83,81.85,73048.3,891.0
CRAA11,H1,17/04/2025,82.02,82.02,82.02,82.02,820.21,10.0
CRAA11,H1,17/04/2025,82.02,82.02,81.93,82.02,10907.41,133.0
CRAA11,H1,17/04/2025,82.01,82.02,81.67,82.02,67210.34,821.0
CRAA11,H1,17/04/2025,81.84,82.02,81.71,82.01,31191.85,381.0
CRAA11,H1,17/04/2025,82.02,82.02,81.71,81.84,63636.84,778.0
CRAA11,H1,17/04/2025,81.98,82.02,81.98,82.02,22799.11,278.0
CRAA11,H1,17/04/2025,81.84,81.84,81.75,81.84,161106.2,1970.0
CRAA11,H1,17/04/2025,81.93,81.93,81.75,81.84,87107.88,1064.0
CRAA11,H1,16/04/2025,81.82,81.93,81.75,81.92,215175.19,2631.0
CRAA11,H1,16/04/2025,81.92,81.93,81.81,81.93,15647.97,191.0
CRAA11,H1,16/04/2025,81.8,81.93,81.8,81.82,50823.1,621.0
CRAA11,H1,16/04/2025,81.74,81.8,81.4,81.8,99106.13,1215.0
CRAA11,H1,16/04/2025,81.93,81.93,81.57,81.74,169785.8,2077.0
CRAA11,H1,16/04/2025,81.77,81.93,81.77,81.93,96181.46,1174.0
CRAA11,H1,16/04/2025,81.93,81.93,81.57,81.63,129172.28,1579.0
CRAA11,H1,15/04/2025,81.92,81.92,81.64,81.64,4737.3,58.0
CRAA11,H1,15/04/2025,81.58,81.92,81.4,81.92,132085.64,1616.0
CRAA11,H1,15/04/2025,81.6,81.66,81.58,81.58,2285.85,28.0
CRAA11,H1,15/04/2025,81.5,81.67,81.44,81.59,63645.1,781.0
CRAA11,H1,15/04/2025,81.71,81.71,81.46,81.67,80878.35,992.0
CRAA11,H1,15/04/2025,81.71,81.71,81.4,81.71,49404.92,606.0
CRAA11,H1,15/04/2025,81.7,81.84,81.66,81.71,21090.05,258.0
CRAA11,H1,15/04/2025,81.4,81.73,81.4,81.73,18588.39,228.0
CRAA11,H1,14/04/2025,81.35,81.35,81.31,81.31,813.14,10.0
CRAA11,H1,14/04/2025,81.35,81.6,81.04,81.6,61391.39,754.0
CRAA11,H1,14/04/2025,81.35,81.35,81.13,81.21,54375.39,669.0
CRAA11,H1,14/04/2025,81.34,81.49,81.34,81.49,20273.42,249.0
CRAA11,H1,14/04/2025,81.49,81.49,81.34,81.34,25306.08,311.0
CRAA11,H1,14/04/2025,81.36,81.48,81.29,81.48,23109.36,284.0
CRAA11,H1,14/04/2025,81.18,81.31,80.85,81.22,58683.65,724.0
CRAA11,H1,14/04/2025,80.86,81.18,80.86,81.18,25543.07,315.0
CRAA11,H1,11/04/2025,80.6,80.78,80.51,80.78,33930.91,421.0
CRAA11,H1,11/04/2025,80.57,80.6,80.52,80.6,20305.59,252.0
CRAA11,H1,11/04/2025,80.38,80.57,80.37,80.52,26946.59,335.0
CRAA11,H1,11/04/2025,80.36,80.39,80.34,80.39,20413.59,254.0
CRAA11,H1,11/04/2025,80.58,80.59,80.15,80.34,114873.66,1431.0
CRAA11,H1,11/04/2025,80.47,80.59,80.42,80.58,24477.59,304.0
CRAA11,H1,11/04/2025,80.15,80.78,80.15,80.47,32633.58,405.0
CRAA11,H1,10/04/2025,80.28,80.38,80.2,80.38,17347.62,216.0
CRAA11,H1,10/04/2025,80.2,80.36,80.2,80.28,17815.27,222.0
CRAA11,H1,10/04/2025,80.2,80.2,80.05,80.2,28053.03,350.0
CRAA11,H1,10/04/2025,80.06,80.2,80.06,80.17,10660.22,133.0
CRAA11,H1,10/04/2025,80.04,80.2,80.04,80.06,11529.29,144.0
CRAA11,H1,10/04/2025,80.18,80.19,80.0,80.04,23003.14,287.0
CRAA11,H1,10/04/2025,79.97,80.19,79.97,80.15,38324.59,479.0
CRAA11,H1,09/04/2025,80.04,80.2,79.79,79.79,52257.14,653.0
CRAA11,H1,09/04/2025,80.15,80.15,80.02,80.04,72352.25,904.0
CRAA11,H1,09/04/2025,80.2,80.2,79.64,80.15,105560.29,1321.0
CRAA11,H1,09/04/2025,80.27,80.27,80.15,80.15,9225.5,115.0
CRAA11,H1,09/04/2025,80.14,80.28,80.12,80.24,26307.08,328.0
CRAA11,H1,09/04/2025,79.82,80.08,79.82,80.07,21043.19,263.0
CRAA11,H1,09/04/2025,79.53,80.05,79.53,80.02,37396.81,469.0
CRAA11,H1,08/04/2025,79.53,79.53,79.53,79.53,79.53,1.0
CRAA11,H1,08/04/2025,80.19,80.49,79.49,79.49,76917.42,964.0
CRAA11,H1,08/04/2025,81.07,81.08,80.13,80.15,681771.25,8496.0
CRAA11,H1,08/04/2025,81.07,81.09,80.88,81.09,41364.24,511.0
CRAA11,H1,08/04/2025,81.04,81.18,80.83,81.18,196220.78,2422.0
CRAA11,H1,08/04/2025,81.04,81.26,81.02,81.05,187162.35,2309.0
CRAA11,H1,08/04/2025,81.03,81.21,80.87,81.03,68198.13,842.0
CRAA11,H1,08/04/2025,80.92,81.04,80.87,81.04,57630.65,712.0
CRAA11,H1,07/04/2025,80.06,80.34,80.05,80.34,4724.19,59.0
CRAA11,H1,07/04/2025,80.99,81.07,80.06,80.06,85157.63,1057.0
CRAA11,H1,07/04/2025,80.23,81.01,80.1,80.99,207149.64,2574.0
CRAA11,H1,07/04/2025,80.07,80.24,80.07,80.11,76081.86,950.0
CRAA11,H1,07/04/2025,80.06,80.07,80.0,80.07,50918.87,636.0
CRAA11,H1,07/04/2025,80.26,80.26,79.89,80.06,108361.23,1354.0
CRAA11,H1,07/04/2025,80.25,80.5,80.07,80.26,137859.75,1717.0
CRAA11,H1,07/04/2025,81.28,81.28,80.17,80.27,124795.28,1547.0
CRAA11,H1,04/04/2025,81.6,81.62,80.07,80.89,241126.31,2978.0
CRAA11,H1,04/04/2025,81.45,81.62,81.43,81.6,15906.18,195.0
CRAA11,H1,04/04/2025,81.47,81.63,81.29,81.63,53802.27,660.0
CRAA11,H1,04/04/2025,81.63,81.65,81.37,81.37,10844.13,133.0
CRAA11,H1,04/04/2025,81.75,81.75,81.47,81.47,23484.51,288.0
CRAA11,H1,04/04/2025,81.38,81.81,81.29,81.8,45016.49,553.0
CRAA11,H1,04/04/2025,81.82,81.82,80.98,81.29,75716.7,932.0
CRAA11,H1,03/04/2025,81.69,81.81,81.69,81.81,6376.09,78.0
CRAA11,H1,03/04/2025,81.33,81.6,81.03,81.6,25894.83,318.0
CRAA11,H1,03/04/2025,81.16,81.38,80.94,81.33,181373.82,2236.0
CRAA11,H1,03/04/2025,81.15,81.36,81.15,81.16,32961.97,406.0
CRAA11,H1,03/04/2025,81.14,81.19,81.12,81.15,20689.42,255.0
CRAA11,H1,03/04/2025,81.14,81.34,81.11,81.12,37811.31,466.0
CRAA11,H1,03/04/2025,80.94,81.14,80.94,81.14,56249.56,694.0
CRAA11,H1,03/04/2025,80.94,81.16,80.94,80.94,63762.27,787.0
CRAA11,H1,02/04/2025,80.92,80.92,80.92,80.92,809.15,10.0
CRAA11,H1,02/04/2025,80.64,80.92,80.64,80.92,55218.32,684.0
CRAA11,H1,02/04/2025,80.62,80.64,80.59,80.64,63524.78,788.0
CRAA11,H1,02/04/2025,80.48,80.63,80.33,80.63,43388.81,539.0
CRAA11,H1,02/04/2025,80.29,80.53,80.28,80.5,30569.83,380.0
CRAA11,H1,02/04/2025,80.94,80.94,80.29,80.29,194514.69,2415.0
CRAA11,H1,02/04/2025,80.8,80.94,80.79,80.94,34453.76,426.0
CRAA11,H1,02/04/2025,81.16,81.16,80.8,80.8,29869.42,369.0
CRAA11,H1,01/04/2025,80.71,81.16,80.63,81.16,131320.12,1623.0
CRAA11,H1,01/04/2025,80.95,81.02,80.28,80.72,261623.65,3242.0
CRAA11,H1,01/04/2025,81.14,81.63,80.83,81.0,134193.82,1654.0
CRAA11,H1,01/04/2025,81.07,81.21,80.94,80.94,47206.95,583.0
CRAA11,H1,01/04/2025,81.09,81.82,81.07,81.07,251733.18,3087.0
CRAA11,H1,01/04/2025,81.75,81.76,81.09,81.09,85206.85,1046.0
CRAA11,H1,01/04/2025,81.15,81.77,81.15,81.77,31585.05,387.0
CRAA11,H1,31/03/2025,81.16,81.16,81.07,81.07,13220.95,163.0
CRAA11,H1,31/03/2025,81.5,81.56,81.16,81.16,133097.38,1635.0
CRAA11,H1,31/03/2025,81.73,81.81,81.56,81.56,98223.12,1202.0
CRAA11,H1,31/03/2025,81.6,81.73,81.4,81.73,41029.16,503.0
CRAA11,H1,31/03/2025,81.38,81.6,81.38,81.6,42517.42,522.0
CRAA11,H1,31/03/2025,81.36,81.47,81.36,81.38,12047.73,148.0
CRAA11,H1,31/03/2025,81.45,81.73,81.16,81.16,89230.72,1097.0
CRAA11,H1,31/03/2025,81.47,81.47,81.11,81.3,110079.34,1353.0
CRAA11,H1,28/03/2025,81.58,81.69,81.58,81.69,2938.77,36.0
CRAA11,H1,28/03/2025,81.47,81.6,81.3,81.6,53060.0,652.0
CRAA11,H1,28/03/2025,81.15,81.45,81.15,81.45,243588.98,2994.0
CRAA11,H1,28/03/2025,81.37,81.38,81.01,81.16,73192.53,902.0
CRAA11,H1,28/03/2025,81.14,81.38,81.14,81.35,71641.31,881.0
CRAA11,H1,28/03/2025,81.14,81.16,81.14,81.14,23696.96,292.0
CRAA11,H1,28/03/2025,81.14,81.15,81.14,81.15,23936.81,295.0
CRAA11,H1,28/03/2025,80.85,81.15,80.85,81.14,21070.0,260.0
CRAA11,H1,27/03/2025,80.99,80.99,79.75,80.99,85417.59,1062.0
CRAA11,H1,27/03/2025,80.94,80.99,80.72,80.72,14320.82,177.0
CRAA11,H1,27/03/2025,80.92,80.99,80.55,80.99,96571.4,1196.0
CRAA11,H1,27/03/2025,80.93,81.11,80.9,80.92,12471.42,154.0
CRAA11,H1,27/03/2025,81.11,81.11,80.84,80.93,43844.65,542.0
CRAA11,H1,27/03/2025,80.94,81.12,80.94,81.11,33132.02,409.0
CRAA11,H1,27/03/2025,80.79,81.0,80.77,80.89,76916.28,952.0
CRAA11,H1,27/03/2025,80.66,80.94,80.66,80.79,35878.0,444.0
CRAA11,H1,26/03/2025,80.48,80.48,80.46,80.46,3781.55,47.0
CRAA11,H1,26/03/2025,80.59,80.63,80.29,80.46,65966.77,819.0
CRAA11,H1,26/03/2025,80.5,80.6,80.24,80.59,118632.94,1474.0
CRAA11,H1,26/03/2025,80.45,80.6,80.26,80.33,119392.95,1485.0
CRAA11,H1,26/03/2025,80.28,80.6,80.28,80.44,65611.33,815.0
CRAA11,H1,26/03/2025,80.57,80.6,80.28,80.28,126361.88,1571.0
CRAA11,H1,26/03/2025,80.8,81.01,80.55,80.57,143987.78,1783.0
CRAA11,H1,26/03/2025,81.16,81.16,80.77,80.8,66824.45,825.0
CRAA11,H1,25/03/2025,81.04,81.13,80.38,81.0,198003.47,2455.0
CRAA11,H1,25/03/2025,80.96,81.11,80.94,81.04,33778.11,417.0
CRAA11,H1,25/03/2025,81.08,81.12,80.64,80.96,114584.42,1418.0
CRAA11,H1,25/03/2025,80.92,81.16,80.92,81.1,22059.37,272.0
CRAA11,H1,25/03/2025,81.09,81.11,80.75,80.92,34393.69,425.0
CRAA11,H1,25/03/2025,80.53,80.94,80.29,80.94,121944.83,1512.0
CRAA11,H1,25/03/2025,80.85,80.94,80.37,80.52,130305.85,1617.0
CRAA11,H1,24/03/2025,80.58,80.59,80.26,80.26,60250.33,749.0
CRAA11,H1,24/03/2025,80.33,80.68,80.15,80.52,98133.77,1221.0
CRAA11,H1,24/03/2025,80.76,80.77,80.24,80.24,165227.32,2052.0
CRAA11,H1,24/03/2025,80.78,80.85,80.75,80.75,102984.94,1275.0
CRAA11,H1,24/03/2025,80.87,80.97,80.77,80.77,86064.03,1065.0
CRAA11,H1,24/03/2025,80.97,81.21,80.77,80.86,144767.08,1790.0
CRAA11,H1,24/03/2025,81.38,81.38,80.96,81.09,81221.58,1000.0
CRAA11,H1,21/03/2025,81.17,81.37,81.17,81.37,15673.75,193.0
CRAA11,H1,21/03/2025,81.15,81.33,80.95,81.17,17449.14,215.0
CRAA11,H1,21/03/2025,81.07,81.16,80.77,81.11,158613.78,1957.0
CRAA11,H1,21/03/2025,80.94,81.07,80.85,80.92,275668.6,3409.0
CRAA11,H1,21/03/2025,80.94,81.02,80.77,81.02,36239.58,448.0
CRAA11,H1,21/03/2025,80.92,80.94,80.74,80.94,39477.03,488.0
CRAA11,H1,21/03/2025,80.77,80.93,80.53,80.93,98022.51,1214.0
CRAA11,H1,20/03/2025,80.5,80.5,80.46,80.46,10379.15,129.0
CRAA11,H1,20/03/2025,80.61,80.89,80.09,80.77,95542.48,1187.0
CRAA11,H1,20/03/2025,80.47,80.61,80.29,80.59,39382.28,489.0
CRAA11,H1,20/03/2025,80.25,80.54,80.12,80.29,40094.45,499.0
CRAA11,H1,20/03/2025,80.84,80.9,79.23,80.11,338867.03,4224.0
CRAA11,H1,20/03/2025,80.68,80.88,80.55,80.64,217128.46,2692.0
CRAA11,H1,20/03/2025,80.83,80.87,80.52,80.67,33599.64,416.0
CRAA11,H1,20/03/2025,80.88,81.37,80.43,80.82,191317.28,2370.0
CRAA11,H1,19/03/2025,80.89,80.96,80.89,80.96,971.37,12.0
CRAA11,H1,19/03/2025,80.86,80.9,80.75,80.78,93972.77,1162.0
CRAA11,H1,19/03/2025,80.7,80.9,80.7,80.73,48852.13,605.0
CRAA11,H1,19/03/2025,80.69,80.78,80.69,80.69,71019.06,880.0
CRAA11,H1,19/03/2025,80.84,80.9,80.69,80.69,129317.53,1601.0
CRAA11,H1,19/03/2025,81.04,81.22,80.74,80.76,97977.72,1212.0
CRAA11,H1,19/03/2025,81.35,81.35,80.94,81.03,64608.31,797.0
CRAA11,H1,19/03/2025,81.38,81.38,81.36,81.36,30757.11,378.0
CRAA11,H1,18/03/2025,80.66,81.38,80.6,81.38,188814.51,2335.0
CRAA11,H1,18/03/2025,80.53,80.99,80.51,80.68,345694.69,4280.0
CRAA11,H1,18/03/2025,80.53,80.68,80.51,80.52,235424.8,2924.0
CRAA11,H1,18/03/2025,80.5,80.94,80.5,80.53,54826.64,680.0
CRAA11,H1,18/03/2025,80.35,80.94,80.35,80.5,112710.61,1399.0
CRAA11,H1,18/03/2025,80.45,80.72,80.33,80.35,72069.48,895.0
CRAA11,H1,18/03/2025,80.41,80.68,80.41,80.43,44567.16,554.0
CRAA11,H1,17/03/2025,80.33,80.43,80.28,80.43,44100.93,549.0
CRAA11,H1,17/03/2025,80.51,80.62,80.28,80.33,133807.15,1665.0
CRAA11,H1,17/03/2025,80.81,80.82,80.5,80.5,141609.66,1755.0
CRAA11,H1,17/03/2025,80.77,80.86,80.77,80.81,60384.69,747.0
CRAA11,H1,17/03/2025,80.84,80.85,80.77,80.77,12686.86,157.0
CRAA11,H1,17/03/2025,80.84,80.86,80.8,80.84,18919.06,234.0
CRAA11,H1,17/03/2025,80.93,80.94,80.77,80.8,24518.35,303.0
CRAA11,H1,17/03/2025,80.72,80.94,80.55,80.93,39158.62,485.0
CRAA11,H1,14/03/2025,80.78,80.93,80.72,80.72,61327.19,759.0
CRAA11,H1,14/03/2025,80.94,81.2,80.59,80.59,55774.87,690.0
CRAA11,H1,14/03/2025,81.06,81.28,80.88,81.12,66132.87,816.0
CRAA11,H1,14/03/2025,80.93,81.06,80.82,81.06,51615.09,638.0
CRAA11,H1,14/03/2025,80.84,80.94,80.77,80.93,38172.06,472.0
CRAA11,H1,14/03/2025,80.82,80.84,80.41,80.84,55701.63,691.0
CRAA11,H1,14/03/2025,80.5,80.85,80.49,80.5,67753.1,841.0
CRAA11,H1,13/03/2025,80.4,80.43,80.4,80.43,884.57,11.0
CRAA11,H1,13/03/2025,79.93,80.44,79.89,80.43,119230.87,1488.0
CRAA11,H1,13/03/2025,79.8,80.13,79.8,79.93,43880.99,548.0
CRAA11,H1,13/03/2025,79.67,79.96,79.67,79.8,72619.85,909.0
CRAA11,H1,13/03/2025,79.66,79.9,79.65,79.68,31078.23,390.0
CRAA11,H1,13/03/2025,79.65,79.8,79.65,79.66,3507.77,44.0
CRAA11,H1,13/03/2025,79.78,79.84,79.63,79.65,34277.13,430.0
CRAA11,H1,13/03/2025,80.12,80.12,79.64,79.79,16613.2,208.0
CRAA11,H1,12/03/2025,80.11,80.11,80.11,80.11,4886.97,61.0
CRAA11,H1,12/03/2025,80.06,80.12,79.66,79.67,49654.0,621.0
CRAA11,H1,12/03/2025,80.13,80.27,79.66,80.04,61130.97,765.0
CRAA11,H1,12/03/2025,79.93,80.28,79.93,80.13,27562.16,344.0
CRAA11,H1,12/03/2025,79.82,80.02,79.75,79.97,12701.88,159.0
CRAA11,H1,12/03/2025,79.71,80.05,79.68,79.84,8630.91,108.0
CRAA11,H1,12/03/2025,79.84,80.04,79.64,79.92,79733.31,999.0
CRAA11,H1,12/03/2025,80.06,80.1,79.74,80.01,39624.69,496.0
CRAA11,H1,11/03/2025,79.75,80.19,79.59,80.19,30775.22,386.0
CRAA11,H1,11/03/2025,79.65,79.91,79.62,79.8,48008.13,602.0
CRAA11,H1,11/03/2025,79.79,79.95,79.65,79.66,48000.07,602.0
CRAA11,H1,11/03/2025,79.88,79.95,79.77,79.95,42027.14,526.0
CRAA11,H1,11/03/2025,79.57,79.89,79.57,79.88,29764.02,373.0
CRAA11,H1,11/03/2025,79.46,79.58,79.45,79.58,19558.52,246.0
CRAA11,H1,11/03/2025,79.42,79.58,79.42,79.57,18671.98,235.0
CRAA11,H1,11/03/2025,79.58,79.58,79.32,79.45,43735.04,550.0
CRAA11,H1,10/03/2025,79.54,79.54,79.54,79.54,13680.4,172.0
CRAA11,H1,10/03/2025,78.92,79.54,78.9,79.54,28803.45,364.0
CRAA11,H1,10/03/2025,78.89,79.09,78.89,79.06,21084.12,267.0
CRAA11,H1,10/03/2025,78.9,79.08,78.87,78.88,2998.72,38.0
CRAA11,H1,10/03/2025,79.09,79.09,78.8,78.91,224155.88,2840.0
CRAA11,H1,10/03/2025,78.76,79.09,78.75,79.09,38721.81,491.0
CRAA11,H1,10/03/2025,78.74,78.95,78.74,78.91,14357.5,182.0
CRAA11,H1,10/03/2025,79.1,79.1,78.69,78.72,17440.5,221.0
CRAA11,H1,07/03/2025,79.08,79.08,78.67,78.67,45676.59,579.0
CRAA11,H1,07/03/2025,78.42,79.1,78.42,79.1,37573.59,477.0
CRAA11,H1,07/03/2025,78.69,78.75,78.29,78.42,53009.51,675.0
CRAA11,H1,07/03/2025,78.6,78.75,78.6,78.69,8103.17,103.0
CRAA11,H1,07/03/2025,78.6,78.75,78.58,78.6,9366.6,119.0
CRAA11,H1,07/03/2025,78.67,78.75,78.55,78.6,22107.94,281.0
CRAA11,H1,07/03/2025,78.65,78.75,78.42,78.67,23362.59,297.0
CRAA11,H1,07/03/2025,78.89,78.89,78.02,78.66,79379.86,1013.0
CRAA11,H1,06/03/2025,79.28,79.31,78.67,78.67,44147.55,559.0
CRAA11,H1,06/03/2025,78.89,79.28,78.67,79.28,66158.54,838.0
CRAA11,H1,06/03/2025,78.95,79.28,78.89,78.94,75685.43,958.0
CRAA11,H1,06/03/2025,79.28,79.31,78.77,78.96,34462.33,436.0
CRAA11,H1,06/03/2025,78.12,80.41,78.12,79.67,208884.47,2635.0
CRAA11,H1,06/03/2025,77.98,78.18,77.96,78.18,67214.36,861.0
CRAA11,H1,06/03/2025,77.98,78.22,77.97,77.98,99292.48,1270.0
CRAA11,H1,06/03/2025,77.89,78.2,77.68,77.99,109720.0,1409.0
CRAA11,H1,05/03/2025,77.88,77.88,77.61,77.69,56340.98,725.0
CRAA11,H1,05/03/2025,77.82,77.88,77.59,77.88,33456.51,430.0
CRAA11,H1,05/03/2025,77.96,77.96,77.8,77.82,20931.81,269.0
CRAA11,H1,05/03/2025,77.49,77.94,77.49,77.94,37164.1,479.0
CRAA11,H1,05/03/2025,77.87,77.96,77.36,77.36,64516.22,830.0
CRAA11,H1,28/02/2025,77.96,77.96,77.84,77.96,5300.28,68.0
CRAA11,H1,28/02/2025,77.92,77.96,77.84,77.96,857.13,11.0
CRAA11,H1,28/02/2025,77.93,77.93,77.87,77.92,33180.62,426.0
CRAA11,H1,28/02/2025,77.89,77.93,77.89,77.93,26023.49,334.0
CRAA11,H1,28/02/2025,77.89,77.89,77.86,77.89,40110.38,515.0
CRAA11,H1,28/02/2025,77.87,77.89,77.77,77.77,31070.66,399.0
CRAA11,H1,28/02/2025,77.55,77.91,77.37,77.87,77237.49,994.0
CRAA11,H1,28/02/2025,78.08,78.08,77.36,77.36,86065.61,1108.0
CRAA11,H1,27/02/2025,77.84,78.03,77.57,78.03,100146.14,1288.0
CRAA11,H1,27/02/2025,77.99,77.99,77.71,77.87,63312.65,813.0
CRAA11,H1,27/02/2025,78.0,78.0,77.98,77.98,17781.22,228.0
CRAA11,H1,27/02/2025,77.97,78.01,77.9,78.01,39901.26,512.0
CRAA11,H1,27/02/2025,77.54,77.96,77.41,77.9,19545.03,252.0
CRAA11,H1,27/02/2025,77.56,77.57,77.47,77.54,26362.76,340.0
CRAA11,H1,27/02/2025,77.35,77.67,77.31,77.31,62928.43,812.0
CRAA11,H1,27/02/2025,77.39,77.39,77.14,77.36,42237.14,546.0
CRAA11,H1,26/02/2025,76.93,77.36,76.37,77.36,210540.59,2740.0
CRAA11,H1,26/02/2025,77.0,77.02,76.51,76.84,94747.71,1234.0
CRAA11,H1,26/02/2025,77.29,77.29,76.54,77.0,406050.99,5297.0
CRAA11,H1,26/02/2025,77.14,77.33,76.95,77.29,60032.63,778.0
CRAA11,H1,26/02/2025,77.53,77.54,76.93,77.14,83789.2,1085.0
CRAA11,H1,26/02/2025,77.51,77.86,77.37,77.53,101216.14,1307.0
CRAA11,H1,26/02/2025,77.64,77.87,77.15,77.87,84004.58,1085.0
CRAA11,H1,26/02/2025,77.48,78.44,77.36,77.64,152752.61,1967.0
CRAA11,H1,25/02/2025,77.88,78.06,77.36,77.36,60228.1,777.0
CRAA11,H1,25/02/2025,78.06,78.06,77.86,77.88,23673.66,304.0
CRAA11,H1,25/02/2025,77.96,78.32,77.96,78.06,31860.96,408.0
CRAA11,H1,25/02/2025,77.62,77.98,77.61,77.63,28127.9,362.0
CRAA11,H1,25/02/2025,77.82,78.02,77.51,77.62,44698.33,575.0
CRAA11,H1,25/02/2025,78.03,78.2,77.8,77.82,31435.66,403.0
CRAA11,H1,25/02/2025,78.26,78.28,78.02,78.22,55960.15,716.0
CRAA11,H1,25/02/2025,78.35,78.35,78.05,78.26,33386.41,427.0
CRAA11,H1,24/02/2025,78.23,78.24,78.02,78.23,23384.52,299.0
CRAA11,H1,24/02/2025,78.25,78.27,77.81,78.24,66272.7,849.0
CRAA11,H1,24/02/2025,78.23,78.27,77.78,78.25,49067.88,629.0
CRAA11,H1,24/02/2025,78.35,78.35,78.12,78.12,46472.37,594.0
CRAA11,H1,24/02/2025,78.23,78.35,77.4,78.35,113833.8,1460.0
CRAA11,H1,24/02/2025,78.35,78.35,77.42,78.23,115560.08,1484.0
CRAA11,H1,24/02/2025,78.22,78.35,78.14,78.35,14940.98,191.0
CRAA11,H1,24/02/2025,77.45,78.23,76.49,78.22,86628.3,1119.0
CRAA11,H1,21/02/2025,78.39,78.39,77.45,77.45,37803.77,486.0
CRAA11,H1,21/02/2025,78.44,78.44,78.22,78.39,81597.35,1042.0
CRAA11,H1,21/02/2025,78.0,78.45,77.89,78.44,70461.65,902.0
CRAA11,H1,21/02/2025,77.76,78.0,77.67,78.0,55953.17,719.0
CRAA11,H1,21/02/2025,77.73,78.02,77.72,77.77,67414.9,866.0
CRAA11,H1,21/02/2025,77.62,77.83,77.62,77.73,14920.88,192.0
CRAA11,H1,21/02/2025,77.77,77.84,77.56,77.62,29383.66,378.0
CRAA11,H1,21/02/2025,77.84,77.84,77.29,77.56,135037.23,1743.0
CRAA11,H1,20/02/2025,77.72,77.89,77.54,77.84,102077.33,1312.0
CRAA11,H1,20/02/2025,77.56,77.76,77.33,77.72,141043.37,1821.0
CRAA11,H1,20/02/2025,77.78,77.8,77.54,77.78,82070.0,1056.0
CRAA11,H1,20/02/2025,77.52,77.77,77.52,77.59,32445.05,418.0
CRAA11,H1,20/02/2025,77.52,77.52,77.38,77.38,4029.62,52.0
CRAA11,H1,20/02/2025,77.75,77.78,77.14,77.5,75922.61,981.0
CRAA11,H1,20/02/2025,77.78,77.78,77.54,77.55,15049.35,194.0
CRAA11,H1,20/02/2025,76.97,77.78,76.95,77.78,29049.26,375.0
CRAA11,H1,19/02/2025,77.52,77.91,77.33,77.84,133673.13,1720.0
CRAA11,H1,19/02/2025,77.53,77.53,77.27,77.52,91850.25,1187.0
CRAA11,H1,19/02/2025,77.23,77.55,77.22,77.53,51329.39,664.0
CRAA11,H1,19/02/2025,77.32,77.32,76.96,77.22,66781.82,865.0
CRAA11,H1,19/02/2025,76.84,77.32,76.71,77.32,90277.85,1173.0
CRAA11,H1,19/02/2025,76.75,76.84,76.75,76.84,34539.54,450.0
CRAA11,H1,19/02/2025,76.84,76.84,76.63,76.76,30321.94,395.0
CRAA11,H1,19/02/2025,76.63,77.08,76.63,77.06,15585.48,203.0
CRAA11,H1,18/02/2025,76.48,77.33,76.37,77.09,216362.87,2813.0
CRAA11,H1,18/02/2025,76.51,76.64,76.29,76.61,102459.3,1340.0
CRAA11,H1,18/02/2025,77.28,77.36,76.36,76.5,298711.39,3888.0
CRAA11,H1,18/02/2025,77.34,77.36,77.21,77.28,183446.18,2372.0
CRAA11,H1,18/02/2025,77.29,77.36,77.11,77.34,48684.57,630.0
CRAA11,H1,18/02/2025,77.3,77.31,77.17,77.29,59437.76,769.0
CRAA11,H1,18/02/2025,77.36,77.36,77.1,77.1,16151.97,209.0
CRAA11,H1,18/02/2025,77.36,77.36,76.59,77.36,81478.27,1060.0
CRAA11,H1,17/02/2025,76.89,77.89,76.61,77.08,137429.63,1785.0
CRAA11,H1,17/02/2025,76.96,77.22,76.54,76.63,147819.92,1925.0
CRAA11,H1,17/02/2025,76.71,77.37,76.71,76.96,149142.54,1934.0
CRAA11,H1,17/02/2025,76.76,77.14,76.62,76.71,48277.26,628.0
CRAA11,H1,17/02/2025,76.71,76.92,76.5,76.5,22474.61,293.0
CRAA11,H1,17/02/2025,76.44,76.71,76.23,76.71,44727.54,585.0
CRAA11,H1,17/02/2025,76.49,76.49,76.06,76.44,112611.53,1477.0
CRAA11,H1,17/02/2025,76.49,76.7,76.04,76.47,62942.29,825.0
CRAA11,H1,14/02/2025,76.61,77.96,76.61,77.96,5207.07,67.0
CRAA11,H1,14/02/2025,76.46,76.49,75.85,76.49,90862.36,1193.0
CRAA11,H1,14/02/2025,76.49,76.49,76.21,76.46,38784.44,508.0
CRAA11,H1,14/02/2025,76.28,76.49,76.16,76.49,33487.03,439.0
CRAA11,H1,14/02/2025,76.26,76.28,76.26,76.28,22041.88,289.0
CRAA11,H1,14/02/2025,76.02,76.26,76.02,76.26,56827.4,747.0
CRAA11,H1,14/02/2025,75.62,76.02,75.62,76.02,33865.61,447.0
CRAA11,H1,14/02/2025,75.23,75.63,75.16,75.62,16892.28,224.0
CRAA11,H1,14/02/2025,75.31,75.57,75.24,75.24,23746.41,315.0
CRAA11,H1,13/02/2025,74.98,75.31,74.98,75.31,148307.38,1973.0
CRAA11,H1,13/02/2025,75.05,75.06,74.63,74.98,88601.04,1182.0
CRAA11,H1,13/02/2025,74.96,75.06,74.6,75.05,95821.12,1280.0
CRAA11,H1,13/02/2025,75.36,75.36,74.76,74.96,69360.42,924.0
CRAA11,H1,13/02/2025,75.36,75.36,74.58,75.36,75459.21,1007.0
CRAA11,H1,13/02/2025,75.36,75.36,75.23,75.36,14919.83,198.0
CRAA11,H1,13/02/2025,75.1,75.41,74.84,75.36,55164.69,734.0
CRAA11,H1,13/02/2025,75.18,75.19,74.62,75.17,119241.31,1590.0
CRAA11,H1,12/02/2025,75.17,75.17,74.75,75.16,166669.15,2220.0
CRAA11,H1,12/02/2025,74.57,75.15,74.56,75.15,57991.87,775.0
CRAA11,H1,12/02/2025,74.43,74.63,74.43,74.57,90031.4,1209.0
CRAA11,H1,12/02/2025,74.38,74.57,74.35,74.43,38870.67,522.0
CRAA11,H1,12/02/2025,74.58,74.66,74.35,74.43,48081.48,645.0
CRAA11,H1,12/02/2025,74.72,74.89,74.57,74.58,35658.78,478.0
CRAA11,H1,12/02/2025,74.57,74.93,74.57,74.92,37030.51,495.0
CRAA11,H1,12/02/2025,74.89,74.96,74.56,74.63,28619.0,383.0
CRAA11,H1,11/02/2025,74.13,74.93,74.13,74.93,336304.64,4493.0
CRAA11,H1,11/02/2025,74.07,74.32,74.06,74.13,67383.91,909.0
CRAA11,H1,11/02/2025,74.11,74.38,74.06,74.07,87226.08,1176.0
CRAA11,H1,11/02/2025,74.37,74.37,74.11,74.11,97729.67,1317.0
CRAA11,H1,11/02/2025,74.22,74.69,74.22,74.37,58832.71,791.0
CRAA11,H1,11/02/2025,74.37,74.37,74.15,74.22,12923.9,174.0
CRAA11,H1,11/02/2025,74.82,74.91,74.12,74.37,151834.27,2042.0
CRAA11,H1,11/02/2025,74.96,75.19,74.54,74.56,235624.17,3151.0
CRAA11,H1,10/02/2025,74.13,74.96,73.89,74.96,420965.22,5630.0
CRAA11,H1,10/02/2025,74.16,74.16,74.0,74.13,58975.19,796.0
CRAA11,H1,10/02/2025,74.41,74.41,73.89,74.16,227394.71,3067.0
CRAA11,H1,10/02/2025,75.0,75.16,74.37,75.15,109211.04,1463.0
CRAA11,H1,10/02/2025,74.69,75.0,74.69,74.73,47837.29,638.0
CRAA11,H1,10/02/2025,74.97,74.97,74.69,74.96,9040.77,121.0
CRAA11,H1,10/02/2025,74.58,74.97,74.58,74.97,139156.6,1862.0
CRAA11,H1,10/02/2025,74.96,75.19,74.54,74.58,92549.99,1238.0
CRAA11,H1,07/02/2025,74.89,74.96,74.67,74.96,26977.42,361.0
CRAA11,H1,07/02/2025,74.67,74.96,74.39,74.89,197197.02,2635.0
CRAA11,H1,07/02/2025,74.33,74.89,74.24,74.89,205275.82,2747.0
CRAA11,H1,07/02/2025,74.46,74.46,73.99,74.24,79870.48,1078.0
CRAA11,H1,07/02/2025,74.42,74.42,74.04,74.42,10481.21,141.0
CRAA11,H1,07/02/2025,74.46,74.46,73.99,74.42,100611.31,1353.0
CRAA11,H1,07/02/2025,74.45,74.45,73.99,73.99,177249.4,2395.0
CRAA11,H1,07/02/2025,73.59,74.66,73.51,74.24,227245.83,3064.0
CRAA11,H1,06/02/2025,72.12,73.38,72.09,73.38,762176.98,10430.0
CRAA11,H1,06/02/2025,72.12,72.82,72.11,72.12,236064.28,3263.0
CRAA11,H1,06/02/2025,72.42,72.7,72.12,72.12,99478.14,1375.0
CRAA11,H1,06/02/2025,72.42,72.74,72.4,72.69,24153.16,333.0
CRAA11,H1,06/02/2025,72.38,72.74,72.36,72.42,48493.75,669.0
CRAA11,H1,06/02/2025,72.54,72.69,72.4,72.4,13700.21,189.0
CRAA11,H1,06/02/2025,72.76,72.94,72.36,72.54,175897.93,2425.0
CRAA11,H1,06/02/2025,73.09,73.09,72.95,72.95,10070.21,138.0
CRAA11,H1,05/02/2025,72.84,73.09,72.57,73.09,292209.25,4011.0
CRAA11,H1,05/02/2025,72.59,72.84,72.59,72.64,16990.89,234.0
CRAA11,H1,05/02/2025,72.6,72.87,72.59,72.59,47185.75,650.0
CRAA11,H1,05/02/2025,72.57,72.93,72.57,72.6,124929.27,1721.0
CRAA11,H1,05/02/2025,72.76,72.96,72.57,72.57,133862.24,1843.0
CRAA11,H1,05/02/2025,72.59,73.03,72.54,72.57,36605.66,503.0
CRAA11,H1,05/02/2025,72.74,72.78,72.54,72.59,56752.49,782.0
CRAA11,H1,05/02/2025,73.1,73.12,72.74,72.74,18019.98,247.0
CRAA11,H1,04/02/2025,71.72,73.1,71.69,73.1,713967.93,9819.0
CRAA11,H1,04/02/2025,72.14,72.4,71.69,72.1,187301.38,2601.0
CRAA11,H1,04/02/2025,72.63,72.63,72.12,72.12,190763.86,2639.0
CRAA11,H1,04/02/2025,72.76,72.96,72.51,72.96,114255.57,1574.0
CRAA11,H1,04/02/2025,72.78,72.99,72.75,72.75,509.57,7.0
CRAA11,H1,04/02/2025,72.79,72.99,72.75,72.99,49622.92,682.0
CRAA11,H1,04/02/2025,73.0,73.0,72.77,72.77,10424.22,143.0
CRAA11,H1,04/02/2025,73.04,73.1,72.96,73.04,16574.75,227.0
CRAA11,H1,03/02/2025,72.37,73.11,72.32,73.1,166672.53,2283.0
CRAA11,H1,03/02/2025,72.54,72.73,72.37,72.59,154431.11,2129.0
CRAA11,H1,03/02/2025,72.74,72.78,72.54,72.54,81440.73,1120.0
CRAA11,H1,03/02/2025,72.96,73.11,72.54,72.74,22920.61,315.0
CRAA11,H1,03/02/2025,73.15,73.15,72.96,72.96,69836.71,957.0
CRAA11,H1,03/02/2025,73.6,73.6,73.15,73.15,75093.28,1024.0
CRAA11,H1,03/02/2025,73.81,74.02,73.6,73.6,18296.98,248.0
CRAA11,H1,03/02/2025,72.1,74.24,72.1,73.26,407807.25,5559.0
CRAA11,H1,31/01/2025,72.28,72.7,72.28,72.7,151433.31,2090.0
CRAA11,H1,31/01/2025,72.23,72.3,72.09,72.3,25978.76,360.0
CRAA11,H1,31/01/2025,72.09,72.23,72.09,72.23,36370.69,504.0
CRAA11,H1,31/01/2025,71.88,72.06,71.45,72.06,174048.9,2428.0
CRAA11,H1,31/01/2025,72.1,72.1,71.88,71.88,56784.03,789.0
CRAA11,H1,31/01/2025,72.09,72.31,72.09,72.1,14282.71,198.0
CRAA11,H1,31/01/2025,72.1,72.1,72.01,72.09,7497.86,104.0
CRAA11,H1,31/01/2025,70.66,72.34,70.66,72.09,74302.49,1039.0
CRAA11,H1,30/01/2025,70.81,72.36,70.78,72.36,409868.47,5699.0
CRAA11,H1,30/01/2025,70.66,70.84,70.6,70.81,68524.92,970.0
CRAA11,H1,30/01/2025,70.68,70.91,70.64,70.73,137228.36,1942.0
CRAA11,H1,30/01/2025,71.07,71.16,70.67,70.68,84609.18,1193.0
CRAA11,H1,30/01/2025,71.07,71.27,71.07,71.07,109382.85,1539.0
CRAA11,H1,30/01/2025,71.5,71.56,71.07,71.07,87974.63,1235.0
CRAA11,H1,30/01/2025,71.51,71.66,71.5,71.5,74149.5,1037.0
CRAA11,H1,30/01/2025,72.1,72.1,71.51,71.51,101751.92,1416.0
CRAA11,H1,29/01/2025,70.68,72.1,70.6,72.1,511123.49,7158.0
CRAA11,H1,29/01/2025,70.64,70.7,70.64,70.68,28540.97,404.0
CRAA11,H1,29/01/2025,70.72,70.72,70.64,70.64,261961.25,3708.0
CRAA11,H1,29/01/2025,71.03,71.44,70.7,70.72,171434.28,2413.0
CRAA11,H1,29/01/2025,70.81,71.19,70.81,71.03,4477.93,63.0
CRAA11,H1,29/01/2025,70.94,70.94,70.81,70.81,7866.56,111.0
CRAA11,H1,29/01/2025,71.24,71.25,70.72,70.95,38876.78,548.0
CRAA11,H1,29/01/2025,71.67,72.07,70.66,70.68,136895.62,1922.0
CRAA11,H1,28/01/2025,70.72,72.09,70.72,72.09,332839.13,4648.0
CRAA11,H1,28/01/2025,71.07,71.22,70.64,70.68,355071.41,5004.0
CRAA11,H1,28/01/2025,71.36,71.46,71.07,71.07,202549.16,2848.0
CRAA11,H1,28/01/2025,71.33,71.79,71.33,71.36,8850.85,124.0
CRAA11,H1,28/01/2025,71.45,71.84,71.33,71.33,14934.44,209.0
CRAA11,H1,28/01/2025,71.55,71.89,71.33,71.74,90173.39,1258.0
CRAA11,H1,28/01/2025,72.78,72.78,71.45,71.55,238111.96,3301.0
CRAA11,H1,28/01/2025,73.03,73.39,72.12,72.78,376605.12,5164.0
CRAA11,H1,27/01/2025,71.81,72.99,71.81,72.99,265391.88,3663.0
CRAA11,H1,27/01/2025,71.24,71.81,71.07,71.68,298877.29,4195.0
CRAA11,H1,27/01/2025,71.95,71.97,71.24,71.24,322264.97,4492.0
CRAA11,H1,27/01/2025,72.12,72.36,71.93,71.94,402935.27,5593.0
CRAA11,H1,27/01/2025,72.41,72.96,72.11,72.18,540067.8,7456.0
CRAA11,H1,27/01/2025,72.36,72.54,72.36,72.41,98084.12,1355.0
CRAA11,H1,27/01/2025,72.39,72.58,72.36,72.36,105867.81,1463.0
CRAA11,H1,27/01/2025,73.16,73.16,72.36,72.63,108198.82,1489.0
CRAA11,H1,24/01/2025,72.24,73.22,72.22,73.13,109867.37,1507.0
CRAA11,H1,24/01/2025,72.96,73.03,72.11,72.24,143080.28,1973.0
CRAA11,H1,24/01/2025,72.96,73.21,72.96,72.96,186047.62,2550.0
CRAA11,H1,24/01/2025,73.26,73.26,72.96,72.96,328010.7,4481.0
CRAA11,H1,24/01/2025,73.24,73.33,73.23,73.26,28641.73,391.0
CRAA11,H1,24/01/2025,73.24,73.42,73.22,73.24,74408.47,1016.0
CRAA11,H1,24/01/2025,73.41,73.63,73.22,73.24,89550.39,1222.0
CRAA11,H1,24/01/2025,73.23,73.82,73.23,73.71,61492.25,839.0
CRAA11,H1,23/01/2025,73.24,73.81,73.24,73.81,194440.52,2643.0
CRAA11,H1,23/01/2025,73.24,73.8,73.23,73.24,100812.88,1376.0
CRAA11,H1,23/01/2025,73.25,73.27,73.23,73.24,123051.32,1680.0
CRAA11,H1,23/01/2025,73.25,73.41,73.24,73.25,57594.08,786.0
CRAA11,H1,23/01/2025,73.26,73.39,73.24,73.25,33699.79,460.0
CRAA11,H1,23/01/2025,73.38,73.39,73.23,73.26,29624.32,404.0
CRAA11,H1,23/01/2025,73.4,73.77,73.22,73.38,228039.72,3111.0
CRAA11,H1,23/01/2025,73.82,73.86,73.23,73.47,120799.9,1647.0
CRAA11,H1,22/01/2025,73.24,73.82,73.24,73.82,160035.28,2172.0
CRAA11,H1,22/01/2025,73.24,73.33,73.22,73.24,89669.03,1224.0
CRAA11,H1,22/01/2025,73.28,73.28,73.21,73.24,89111.63,1217.0
CRAA11,H1,22/01/2025,73.52,73.61,73.21,73.28,230420.35,3144.0
CRAA11,H1,22/01/2025,73.67,73.7,73.46,73.52,65118.77,885.0
CRAA11,H1,22/01/2025,73.68,73.84,73.66,73.67,29472.21,400.0
CRAA11,H1,22/01/2025,73.99,74.34,73.66,73.68,48866.71,662.0
CRAA11,H1,22/01/2025,74.26,74.46,73.82,73.99,51947.78,701.0
CRAA11,H1,21/01/2025,74.24,74.26,73.81,74.26,198060.69,2670.0
CRAA11,H1,21/01/2025,74.18,74.24,74.15,74.24,69657.86,939.0
CRAA11,H1,21/01/2025,74.15,74.24,74.15,74.18,44048.2,594.0
CRAA11,H1,21/01/2025,74.02,74.16,74.02,74.15,19794.74,267.0
CRAA11,H1,21/01/2025,74.17,74.22,73.8,74.02,457241.78,6185.0
CRAA11,H1,21/01/2025,74.08,74.25,73.83,74.08,66924.7,904.0
CRAA11,H1,21/01/2025,74.46,74.46,74.07,74.08,71710.87,967.0
CRAA11,H1,21/01/2025,74.67,74.71,74.46,74.46,65009.89,872.0
CRAA11,H1,20/01/2025,74.09,75.0,74.07,75.0,110071.92,1471.0
CRAA11,H1,20/01/2025,74.14,74.25,74.07,74.07,161109.0,2174.0
CRAA11,H1,20/01/2025,74.27,74.42,74.07,74.14,167460.14,2259.0
CRAA11,H1,20/01/2025,74.25,74.28,74.08,74.27,113221.81,1526.0
CRAA11,H1,20/01/2025,74.25,74.55,74.24,74.25,84210.92,1133.0
CRAA11,H1,20/01/2025,74.27,74.54,74.11,74.25,86158.4,1160.0
CRAA11,H1,20/01/2025,74.37,74.56,74.25,74.27,44527.65,599.0
CRAA11,H1,20/01/2025,75.02,75.02,74.37,74.37,46064.6,618.0
CRAA11,H1,17/01/2025,74.38,75.02,74.24,75.02,175193.68,2342.0
CRAA11,H1,17/01/2025,74.07,74.38,74.07,74.38,165546.6,2234.0
CRAA11,H1,17/01/2025,74.08,74.29,74.07,74.08,166098.12,2242.0
CRAA11,H1,17/01/2025,74.09,74.28,74.07,74.07,136450.61,1842.0
CRAA11,H1,17/01/2025,74.25,74.25,74.08,74.09,79824.84,1077.0
CRAA11,H1,17/01/2025,74.38,74.38,74.24,74.25,66476.44,895.0
CRAA11,H1,17/01/2025,74.25,74.39,74.25,74.38,37832.98,509.0
CRAA11,H1,17/01/2025,74.45,75.01,74.24,74.39,78123.91,1051.0
CRAA11,H1,16/01/2025,74.46,75.06,74.3,75.06,98141.61,1314.0
CRAA11,H1,16/01/2025,74.46,74.76,74.3,74.3,30363.78,408.0
CRAA11,H1,16/01/2025,74.26,77.99,74.26,74.46,376635.94,4986.0
CRAA11,H1,16/01/2025,74.29,74.46,74.24,74.26,37203.88,501.0
CRAA11,H1,16/01/2025,74.8,74.8,74.24,74.29,170550.62,2294.0
CRAA11,H1,16/01/2025,74.97,75.01,74.6,74.99,45376.05,606.0
CRAA11,H1,16/01/2025,74.76,75.52,74.56,74.97,101404.74,1351.0
CRAA11,H1,16/01/2025,74.91,74.93,74.41,74.41,125814.6,1685.0
CRAA11,H1,15/01/2025,74.49,74.91,74.24,74.91,96847.5,1301.0
CRAA11,H1,15/01/2025,74.34,74.67,74.24,74.49,399312.62,5366.0
CRAA11,H1,15/01/2025,74.6,74.66,74.33,74.33,223296.55,2999.0
CRAA11,H1,15/01/2025,74.66,74.84,74.6,74.6,55230.03,740.0
CRAA11,H1,15/01/2025,74.65,74.84,74.6,74.66,72186.87,967.0
CRAA11,H1,15/01/2025,74.33,74.74,74.33,74.64,46334.74,622.0
CRAA11,H1,15/01/2025,74.6,74.72,74.24,74.33,145477.43,1956.0
CRAA11,H1,15/01/2025,74.67,74.93,74.46,74.6,52921.59,709.0
CRAA11,H1,14/01/2025,74.41,74.93,74.34,74.93,69956.19,935.0
CRAA11,H1,14/01/2025,74.36,74.59,74.36,74.59,34391.84,462.0
CRAA11,H1,14/01/2025,74.25,74.55,74.25,74.36,40192.28,540.0
CRAA11,H1,14/01/2025,74.25,74.4,74.24,74.25,8615.18,116.0
CRAA11,H1,14/01/2025,74.47,74.55,74.24,74.25,37728.28,507.0
CRAA11,H1,14/01/2025,74.49,74.67,74.08,74.47,152961.3,2055.0
CRAA11,H1,14/01/2025,74.7,74.71,74.47,74.49,55975.74,751.0
CRAA11,H1,14/01/2025,74.89,74.89,74.49,74.67,95375.38,1279.0
CRAA11,H1,13/01/2025,74.33,74.93,74.18,74.93,176294.14,2363.0
CRAA11,H1,13/01/2025,74.14,74.55,74.13,74.18,218275.94,2937.0
CRAA11,H1,13/01/2025,74.12,74.55,74.12,74.14,289689.55,3902.0
CRAA11,H1,13/01/2025,74.14,74.67,74.12,74.12,199403.48,2684.0
CRAA11,H1,13/01/2025,74.68,74.72,74.07,74.14,189373.29,2549.0
CRAA11,H1,13/01/2025,74.69,74.84,74.43,74.67,215288.05,2886.0
CRAA11,H1,13/01/2025,74.32,74.86,74.09,74.69,275259.55,3691.0
CRAA11,H1,13/01/2025,74.94,75.1,74.07,74.14,276985.97,3730.0
CRAA11,H1,10/01/2025,74.7,75.41,74.46,74.93,416562.26,5564.0
CRAA11,H1,10/01/2025,75.45,75.48,74.7,75.45,84957.29,1133.0
CRAA11,H1,10/01/2025,74.47,75.48,74.46,75.47,371778.56,4948.0
CRAA11,H1,10/01/2025,74.7,74.89,74.24,74.47,108235.39,1451.0
CRAA11,H1,10/01/2025,74.68,74.7,74.68,74.7,14936.41,200.0
CRAA11,H1,10/01/2025,74.9,74.9,74.67,74.68,51606.86,691.0
CRAA11,H1,10/01/2025,75.18,75.18,74.9,74.9,9368.6,125.0
CRAA11,H1,10/01/2025,74.89,75.52,74.89,75.18,82229.55,1090.0
CRAA11,H1,09/01/2025,74.33,74.89,74.2,74.89,1153387.38,15523.0
CRAA11,H1,09/01/2025,74.31,74.52,74.28,74.46,96262.22,1295.0
CRAA11,H1,09/01/2025,74.48,74.55,74.3,74.49,132054.13,1775.0
CRAA11,H1,09/01/2025,74.54,74.56,74.47,74.47,42336.19,568.0
CRAA11,H1,09/01/2025,74.54,74.66,74.54,74.54,68566.6,919.0
CRAA11,H1,09/01/2025,74.66,74.66,74.5,74.51,20568.7,276.0
CRAA11,H1,09/01/2025,74.49,74.66,74.46,74.66,91873.21,1233.0
CRAA11,H1,09/01/2025,74.89,75.01,74.24,74.46,1125062.66,15098.0
CRAA11,H1,08/01/2025,74.67,75.05,74.67,74.68,33705.82,451.0
CRAA11,H1,08/01/2025,74.74,74.79,74.67,74.67,103381.78,1384.0
CRAA11,H1,08/01/2025,74.68,74.76,74.67,74.74,44446.66,595.0
CRAA11,H1,08/01/2025,74.67,75.12,74.67,74.68,30565.95,409.0
CRAA11,H1,08/01/2025,74.72,75.13,74.67,74.67,81100.51,1084.0
CRAA11,H1,08/01/2025,74.89,75.04,74.72,74.72,30582.53,409.0
CRAA11,H1,08/01/2025,75.4,75.52,74.48,75.14,161828.9,2160.0
CRAA11,H1,08/01/2025,75.28,75.52,75.24,75.29,80619.17,1071.0
CRAA11,H1,07/01/2025,75.39,75.39,75.28,75.28,36375.27,483.0
CRAA11,H1,07/01/2025,75.3,75.39,75.3,75.3,9646.43,128.0
CRAA11,H1,07/01/2025,75.31,75.44,75.3,75.3,33184.38,440.0
CRAA11,H1,07/01/2025,75.34,75.43,75.3,75.31,25035.29,332.0
CRAA11,H1,07/01/2025,75.34,75.44,75.34,75.34,12971.73,172.0
CRAA11,H1,07/01/2025,75.31,75.44,75.31,75.32,12969.7,172.0
CRAA11,H1,07/01/2025,75.44,75.44,75.28,75.31,26298.77,349.0
CRAA11,H1,07/01/2025,75.1,75.44,75.1,75.44,63460.85,842.0
CRAA11,H1,06/01/2025,75.32,75.44,75.1,75.1,32325.92,429.0
CRAA11,H1,06/01/2025,75.53,75.65,75.32,75.32,70129.28,929.0
CRAA11,H1,06/01/2025,75.54,75.66,75.53,75.53,94187.32,1247.0
CRAA11,H1,06/01/2025,75.73,75.77,75.54,75.54,29423.85,389.0
CRAA11,H1,06/01/2025,75.61,75.74,75.53,75.74,62726.8,829.0
CRAA11,H1,06/01/2025,75.65,75.65,75.61,75.61,18827.65,249.0
CRAA11,H1,06/01/2025,75.65,75.73,75.6,75.73,29116.63,385.0
CRAA11,H1,06/01/2025,75.6,75.95,75.6,75.65,36969.54,488.0
CRAA11,H1,03/01/2025,75.2,75.6,75.2,75.6,680.03,9.0
CRAA11,H1,03/01/2025,75.54,76.14,75.18,75.18,52694.36,698.0
CRAA11,H1,03/01/2025,75.95,76.0,75.55,75.55,93188.88,1232.0
CRAA11,H1,03/01/2025,75.7,75.95,75.57,75.58,87741.83,1156.0
CRAA11,H1,03/01/2025,75.57,75.71,75.57,75.71,18151.06,240.0
CRAA11,H1,03/01/2025,75.72,75.73,75.45,75.53,146200.27,1937.0
CRAA11,H1,03/01/2025,75.53,75.74,75.45,75.47,41400.76,547.0
CRAA11,H1,03/01/2025,75.33,75.74,75.31,75.61,56792.35,753.0
CRAA11,H1,02/01/2025,75.33,75.65,75.31,75.31,40222.41,533.0
CRAA11,H1,02/01/2025,75.32,75.65,75.31,75.33,26692.41,354.0
CRAA11,H1,02/01/2025,75.53,75.93,75.32,75.32,35918.18,476.0
CRAA11,H1,02/01/2025,75.5,75.96,75.41,75.53,21266.69,281.0
CRAA11,H1,02/01/2025,75.32,75.66,75.31,75.5,12303.02,163.0
CRAA11,H1,02/01/2025,75.31,75.68,75.31,75.32,41589.36,551.0
CRAA11,H1,02/01/2025,75.54,75.94,75.31,75.31,22945.9,304.0
CRAA11,H1,02/01/2025,75.95,75.95,75.53,75.73,71531.35,944.0
CRAA11,H1,30/12/2024,74.89,75.94,74.27,75.94,53091.49,701.0
CRAA11,H1,30/12/2024,74.87,74.89,74.72,74.89,31041.03,415.0
CRAA11,H1,30/12/2024,75.29,75.29,74.02,74.85,213079.08,2863.0
CRAA11,H1,30/12/2024,74.67,75.3,74.51,75.29,132730.04,1775.0
CRAA11,H1,30/12/2024,75.75,76.12,74.67,74.67,129359.77,1718.0
CRAA11,H1,30/12/2024,76.38,76.58,75.74,75.75,110393.98,1448.0
CRAA11,H1,30/12/2024,76.34,76.58,76.25,76.38,23150.83,303.0
CRAA11,H1,30/12/2024,76.17,76.17,75.95,76.17,18732.67,246.0
CRAA11,H1,27/12/2024,75.35,76.04,75.19,76.04,44021.0,583.0
CRAA11,H1,27/12/2024,75.36,75.36,75.19,75.19,22523.69,299.0
CRAA11,H1,27/12/2024,75.17,75.36,75.17,75.36,34861.69,463.0
CRAA11,H1,27/12/2024,75.17,75.18,75.01,75.18,38482.72,512.0
CRAA11,H1,27/12/2024,75.18,75.18,75.01,75.17,6539.17,87.0
CRAA11,H1,27/12/2024,75.19,75.19,74.89,75.18,15541.19,207.0
CRAA11,H1,27/12/2024,75.31,75.33,75.07,75.19,14230.89,189.0
CRAA11,H1,27/12/2024,74.67,75.33,74.67,75.31,42663.19,569.0
CRAA11,H1,26/12/2024,75.01,75.3,75.01,75.1,12079.85,161.0
CRAA11,H1,26/12/2024,75.15,75.31,75.0,75.01,18218.99,242.0
CRAA11,H1,26/12/2024,75.09,75.17,74.95,75.17,106893.04,1423.0
CRAA11,H1,26/12/2024,74.84,74.94,74.84,74.94,55741.26,744.0
CRAA11,H1,26/12/2024,75.1,75.11,74.67,74.84,41434.19,554.0
CRAA11,H1,26/12/2024,75.1,75.12,74.9,75.11,29394.11,392.0
CRAA11,H1,26/12/2024,75.1,75.43,74.94,75.07,32453.88,432.0
CRAA11,H1,26/12/2024,75.09,75.53,74.89,74.93,36387.15,484.0
CRAA11,H1,23/12/2024,74.43,75.09,74.43,75.09,224179.47,3002.0
CRAA11,H1,23/12/2024,74.42,74.59,74.42,74.43,23927.35,321.0
CRAA11,H1,23/12/2024,74.43,74.78,74.42,74.42,28900.19,388.0
CRAA11,H1,23/12/2024,74.43,74.81,74.42,74.43,88195.37,1184.0
CRAA11,H1,23/12/2024,74.33,74.83,74.33,74.43,57472.97,771.0
CRAA11,H1,23/12/2024,74.25,74.85,74.25,74.33,28036.46,377.0
CRAA11,H1,23/12/2024,72.98,76.63,72.98,74.26,459964.19,6099.0
CRAA11,H1,23/12/2024,73.31,73.39,72.97,72.99,78282.82,1070.0
CRAA11,H1,20/12/2024,71.69,72.93,71.69,72.93,81338.54,1133.0
CRAA11,H1,20/12/2024,71.82,72.16,71.69,71.69,227862.49,3168.0
CRAA11,H1,20/12/2024,71.1,71.9,71.09,71.82,181415.15,2531.0
CRAA11,H1,20/12/2024,71.46,71.54,71.05,71.29,69429.54,975.0
CRAA11,H1,20/12/2024,71.05,71.53,71.05,71.07,78132.43,1099.0
CRAA11,H1,20/12/2024,71.34,71.54,71.05,71.05,52548.3,737.0
CRAA11,H1,20/12/2024,71.38,71.55,71.26,71.34,54289.2,761.0
CRAA11,H1,20/12/2024,72.96,72.96,71.26,71.49,243820.84,3405.0
CRAA11,H1,19/12/2024,70.41,72.11,70.41,72.11,599192.94,8454.0
CRAA11,H1,19/12/2024,70.41,70.61,70.41,70.41,48868.11,694.0
CRAA11,H1,19/12/2024,70.41,70.61,70.41,70.41,20934.66,297.0
CRAA11,H1,19/12/2024,71.05,71.36,70.41,70.41,382882.9,5412.0
CRAA11,H1,19/12/2024,71.37,71.66,71.05,71.05,125289.77,1758.0
CRAA11,H1,19/12/2024,71.93,71.93,71.34,71.37,140909.03,1966.0
CRAA11,H1,19/12/2024,72.32,72.44,71.9,71.93,55350.97,767.0
CRAA11,H1,19/12/2024,72.11,72.54,72.0,72.32,7508.48,104.0
CRAA11,H1,18/12/2024,71.52,72.1,71.43,72.1,470412.14,6570.0
CRAA11,H1,18/12/2024,71.74,72.09,71.47,71.48,298218.88,4160.0
CRAA11,H1,18/12/2024,71.75,72.32,71.73,71.74,66050.5,919.0
CRAA11,H1,18/12/2024,72.16,72.32,71.73,71.73,70578.14,979.0
CRAA11,H1,18/12/2024,72.57,72.58,72.16,72.16,124573.02,1721.0
CRAA11,H1,18/12/2024,72.62,72.68,72.5,72.57,44899.77,619.0
CRAA11,H1,18/12/2024,72.77,72.79,72.54,72.62,45254.83,623.0
CRAA11,H1,18/12/2024,73.33,73.33,72.76,72.76,29656.56,406.0
CRAA11,H1,17/12/2024,72.98,73.32,72.97,73.01,60971.8,835.0
CRAA11,H1,17/12/2024,72.97,73.32,72.97,72.97,71974.46,986.0
CRAA11,H1,17/12/2024,73.22,73.32,72.97,72.97,195823.61,2678.0
CRAA11,H1,17/12/2024,73.31,73.33,73.18,73.22,101887.06,1392.0
CRAA11,H1,17/12/2024,73.6,73.6,73.18,73.39,27541.67,376.0
CRAA11,H1,17/12/2024,73.38,73.6,73.18,73.59,98548.2,1345.0
CRAA11,H1,17/12/2024,73.85,73.85,73.33,73.8,224416.01,3054.0
CRAA11,H1,17/12/2024,74.33,74.67,73.85,73.85,114918.5,1547.0
CRAA11,H1,16/12/2024,74.33,74.42,74.33,74.33,47301.99,636.0
CRAA11,H1,16/12/2024,74.25,74.41,74.16,74.33,42575.14,573.0
CRAA11,H1,16/12/2024,74.76,75.09,74.25,74.25,29280.41,393.0
CRAA11,H1,16/12/2024,74.25,75.23,73.82,74.67,133640.08,1793.0
CRAA11,H1,16/12/2024,74.05,74.64,73.95,74.25,83101.28,1122.0
CRAA11,H1,16/12/2024,74.06,74.67,74.03,74.05,113986.28,1536.0
CRAA11,H1,16/12/2024,74.33,74.46,74.04,74.05,40598.72,548.0
CRAA11,H1,16/12/2024,74.25,74.25,73.56,74.03,173089.02,2332.0
CRAA11,H1,13/12/2024,73.32,73.57,73.31,73.56,195778.32,2670.0
CRAA11,H1,13/12/2024,73.32,73.57,73.32,73.32,245052.57,3342.0
CRAA11,H1,13/12/2024,73.32,73.45,73.31,73.32,216954.38,2959.0
CRAA11,H1,13/12/2024,73.4,73.45,73.26,73.32,187781.23,2560.0
CRAA11,H1,13/12/2024,73.9,73.9,73.26,73.45,245849.09,3349.0
CRAA11,H1,13/12/2024,73.47,74.02,73.47,73.67,7377.47,100.0
CRAA11,H1,13/12/2024,73.5,73.82,73.42,73.82,95930.15,1304.0
CRAA11,H1,13/12/2024,73.22,73.51,72.99,73.5,127888.24,1746.0
CRAA11,H1,12/12/2024,73.05,73.39,73.05,73.39,44740.53,611.0
CRAA11,H1,12/12/2024,73.09,73.09,73.05,73.05,249668.51,3417.0
CRAA11,H1,12/12/2024,73.09,73.39,73.08,73.09,133379.03,1822.0
CRAA11,H1,12/12/2024,73.08,73.18,73.08,73.16,83751.78,1146.0
CRAA11,H1,12/12/2024,73.09,73.48,73.08,73.08,156718.14,2144.0
CRAA11,H1,12/12/2024,73.07,73.48,73.07,73.09,86982.63,1190.0
CRAA11,H1,12/12/2024,73.35,73.52,73.0,73.07,251125.48,3429.0
CRAA11,H1,12/12/2024,73.09,73.56,73.05,73.38,98280.66,1342.0
CRAA11,H1,11/12/2024,72.68,73.61,72.68,73.58,97113.93,1327.0
CRAA11,H1,11/12/2024,72.97,72.97,72.61,72.88,153184.34,2105.0
CRAA11,H1,11/12/2024,72.86,72.97,72.4,72.97,204647.29,2815.0
CRAA11,H1,11/12/2024,72.57,72.87,72.57,72.86,200442.62,2759.0
CRAA11,H1,11/12/2024,72.97,72.97,72.57,72.57,140369.37,1933.0
CRAA11,H1,11/12/2024,72.44,72.97,72.44,72.97,140060.17,1925.0
CRAA11,H1,11/12/2024,72.83,72.92,72.33,72.44,62427.39,859.0
CRAA11,H1,11/12/2024,72.88,72.88,72.54,72.8,73249.02,1007.0
CRAA11,H1,10/12/2024,72.2,72.57,72.14,72.57,201463.38,2790.0
CRAA11,H1,10/12/2024,72.55,72.57,72.14,72.2,239021.37,3304.0
CRAA11,H1,10/12/2024,72.57,72.57,72.55,72.55,73928.24,1019.0
CRAA11,H1,10/12/2024,72.57,72.87,72.57,72.57,143521.01,1977.0
CRAA11,H1,10/12/2024,72.64,72.66,72.57,72.57,206853.91,2849.0
CRAA11,H1,10/12/2024,72.72,72.92,72.64,72.64,92365.36,1270.0
CRAA11,H1,10/12/2024,72.71,72.95,72.62,72.93,52763.04,726.0
CRAA11,H1,10/12/2024,72.57,73.14,72.57,72.71,132655.23,1822.0
CRAA11,H1,09/12/2024,72.29,73.02,72.28,72.57,99504.81,1370.0
CRAA11,H1,09/12/2024,72.53,72.62,72.28,72.28,61392.43,848.0
CRAA11,H1,09/12/2024,72.57,72.62,72.28,72.28,281593.78,3884.0
CRAA11,H1,09/12/2024,72.57,73.18,72.55,72.57,522980.26,7201.0
CRAA11,H1,09/12/2024,72.87,73.03,72.54,72.56,180332.38,2484.0
CRAA11,H1,09/12/2024,72.84,73.02,72.34,72.54,192246.84,2646.0
CRAA11,H1,09/12/2024,72.11,73.39,71.52,72.56,860272.46,11891.0
CRAA11,H1,09/12/2024,73.2,73.26,71.46,72.17,111507.45,1539.0
CRAA11,H1,06/12/2024,73.58,73.58,73.06,73.06,65913.54,897.0
CRAA11,H1,06/12/2024,73.76,74.41,73.58,73.58,85599.26,1156.0
CRAA11,H1,06/12/2024,73.78,74.15,73.57,73.65,110073.48,1493.0
CRAA11,H1,06/12/2024,74.17,74.17,73.72,73.89,97969.96,1326.0
CRAA11,H1,06/12/2024,73.64,74.2,73.57,74.2,202312.55,2744.0
CRAA11,H1,06/12/2024,73.68,74.07,73.59,73.62,72130.35,978.0
CRAA11,H1,06/12/2024,73.78,74.0,73.69,73.69,90704.73,1229.0
CRAA11,H1,06/12/2024,73.75,74.16,73.69,73.78,97714.25,1323.0
CRAA11,H1,06/12/2024,73.35,74.27,73.35,73.75,167872.62,2274.0
CRAA11,H1,05/12/2024,73.45,73.62,73.18,73.56,22688.3,309.0
CRAA11,H1,05/12/2024,73.9,73.9,73.14,73.44,155829.89,2117.0
CRAA11,H1,05/12/2024,74.56,74.56,73.9,73.9,210488.93,2835.0
CRAA11,H1,05/12/2024,74.65,74.65,74.43,74.56,109581.04,1470.0
CRAA11,H1,05/12/2024,74.52,74.65,74.52,74.65,81696.56,1095.0
CRAA11,H1,05/12/2024,74.82,74.82,74.52,74.52,57000.45,763.0
CRAA11,H1,05/12/2024,75.27,75.27,74.65,74.65,308975.89,4114.0
CRAA11,H1,05/12/2024,75.53,75.97,75.26,75.26,150071.57,1987.0
CRAA11,H1,04/12/2024,75.8,75.8,75.42,75.52,110781.26,1465.0
CRAA11,H1,04/12/2024,75.98,76.1,75.53,75.8,128685.66,1697.0
CRAA11,H1,04/12/2024,77.38,77.42,75.93,75.93,251179.02,3273.0
CRAA11,H1,04/12/2024,77.46,77.6,77.37,77.38,93759.16,1211.0
CRAA11,H1,04/12/2024,77.58,77.62,77.42,77.46,31800.72,410.0
CRAA11,H1,04/12/2024,77.85,77.85,77.58,77.58,57789.14,743.0
CRAA11,H1,04/12/2024,78.05,78.05,77.81,77.85,32794.7,421.0
CRAA11,H1,04/12/2024,78.21,78.43,78.05,78.05,75732.24,969.0
CRAA11,H1,03/12/2024,77.52,78.05,77.42,78.05,91163.19,1174.0
CRAA11,H1,03/12/2024,78.04,78.05,77.37,77.52,76244.49,982.0
CRAA11,H1,03/12/2024,78.45,78.47,77.79,78.04,192753.58,2468.0
CRAA11,H1,03/12/2024,78.82,78.85,78.44,78.45,6758.45,86.0
CRAA11,H1,03/12/2024,79.44,79.69,78.55,78.68,170514.54,2160.0
CRAA11,H1,03/12/2024,79.06,79.48,78.96,79.43,33838.89,427.0
CRAA11,H1,03/12/2024,79.0,79.23,78.9,78.93,43488.94,550.0
CRAA11,H1,03/12/2024,79.27,79.27,78.85,79.24,95009.27,1202.0
CRAA11,H1,02/12/2024,79.01,79.01,78.85,78.93,16179.95,205.0
CRAA11,H1,02/12/2024,79.07,79.07,78.85,78.85,83844.51,1062.0
CRAA11,H1,02/12/2024,79.21,79.31,79.07,79.07,35238.3,445.0
CRAA11,H1,02/12/2024,79.48,79.64,79.21,79.21,78760.17,992.0
CRAA11,H1,02/12/2024,79.58,79.65,79.36,79.64,53590.1,674.0
CRAA11,H1,02/12/2024,79.48,79.65,79.29,79.65,30650.31,385.0
CRAA11,H1,02/12/2024,79.85,79.92,79.26,79.48,91069.06,1144.0
CRAA11,H1,02/12/2024,79.91,80.33,79.7,79.81,99419.78,1244.0
CRAA11,H1,29/11/2024,79.7,79.97,79.7,79.7,45608.95,572.0
CRAA11,H1,29/11/2024,80.95,81.11,79.7,79.7,131153.8,1633.0
CRAA11,H1,29/11/2024,80.06,80.96,79.72,80.57,298368.4,3716.0
CRAA11,H1,29/11/2024,80.06,80.06,79.59,80.06,184752.42,2310.0
CRAA11,H1,29/11/2024,80.02,80.06,79.58,80.06,187263.42,2340.0
CRAA11,H1,29/11/2024,79.48,80.05,79.19,80.02,220279.93,2762.0
CRAA11,H1,29/11/2024,79.7,79.9,79.16,79.48,166988.06,2100.0
CRAA11,H1,29/11/2024,80.54,81.12,79.58,79.65,186628.76,2330.0
CRAA11,H1,28/11/2024,81.38,81.44,80.13,80.33,413971.13,5128.0
CRAA11,H1,28/11/2024,81.74,81.99,81.35,81.51,35448.55,434.0
CRAA11,H1,28/11/2024,81.5,81.77,81.27,81.28,42086.59,517.0
CRAA11,H1,28/11/2024,81.68,81.83,81.18,81.5,86113.91,1056.0
CRAA11,H1,28/11/2024,81.69,81.96,81.61,81.68,31933.62,391.0
CRAA11,H1,28/11/2024,81.79,81.9,81.62,81.69,32341.22,396.0
CRAA11,H1,28/11/2024,82.02,82.02,81.65,81.92,75326.77,919.0
CRAA11,H1,28/11/2024,82.43,82.44,81.55,82.02,91603.5,1118.0
CRAA11,H1,27/11/2024,80.97,82.17,80.84,82.17,165549.71,2041.0
CRAA11,H1,27/11/2024,81.18,81.36,80.78,80.96,152420.23,1879.0
CRAA11,H1,27/11/2024,81.68,81.87,81.17,81.18,265075.69,3253.0
CRAA11,H1,27/11/2024,81.72,81.85,81.68,81.68,87451.72,1070.0
CRAA11,H1,27/11/2024,81.71,81.85,81.65,81.72,167703.48,2052.0
CRAA11,H1,27/11/2024,82.32,82.44,81.67,81.71,156463.08,1906.0
CRAA11,H1,27/11/2024,82.53,82.83,82.29,82.32,82586.49,1002.0
CRAA11,H1,27/11/2024,82.97,82.97,82.53,82.54,93467.32,1130.0
CRAA11,H1,26/11/2024,82.61,82.74,82.44,82.59,122371.37,1483.0
CRAA11,H1,26/11/2024,82.7,82.85,82.56,82.74,47296.97,572.0
CRAA11,H1,26/11/2024,82.88,82.97,82.7,82.71,99787.16,1204.0
CRAA11,H1,26/11/2024,82.96,82.97,82.86,82.88,53886.7,650.0
CRAA11,H1,26/11/2024,82.98,83.11,82.95,82.97,60498.91,729.0
CRAA11,H1,26/11/2024,83.29,83.49,82.97,82.98,86658.37,1042.0
CRAA11,H1,26/11/2024,83.61,83.61,83.29,83.29,94177.03,1130.0
CRAA11,H1,26/11/2024,83.71,83.71,83.3,83.63,67945.29,813.0
CRAA11,H1,25/11/2024,83.06,83.29,83.03,83.08,37132.58,447.0
CRAA11,H1,25/11/2024,83.56,83.56,82.97,83.06,154032.65,1848.0
CRAA11,H1,25/11/2024,83.63,83.71,83.56,83.56,49156.11,588.0
CRAA11,H1,25/11/2024,83.63,83.8,83.63,83.63,69450.07,830.0
CRAA11,H1,25/11/2024,83.75,83.85,83.63,83.63,32224.8,385.0
CRAA11,H1,25/11/2024,83.95,84.13,83.63,83.75,239906.97,2863.0
CRAA11,H1,25/11/2024,83.94,84.34,83.92,83.95,65467.45,779.0
CRAA11,H1,25/11/2024,84.55,84.55,84.08,84.12,143644.16,1702.0
CRAA11,H1,22/11/2024,83.81,84.26,83.78,83.88,76065.58,906.0
CRAA11,H1,22/11/2024,84.07,84.1,83.75,83.97,31093.16,370.0
CRAA11,H1,22/11/2024,84.04,84.07,83.71,84.07,136986.51,1632.0
CRAA11,H1,22/11/2024,83.97,84.07,83.71,84.05,53043.84,633.0
CRAA11,H1,22/11/2024,83.78,84.07,83.71,83.73,95544.94,1141.0
CRAA11,H1,22/11/2024,84.13,84.41,83.77,83.78,113348.44,1348.0
CRAA11,H1,22/11/2024,84.4,84.76,84.13,84.13,70165.4,833.0
CRAA11,H1,22/11/2024,84.77,84.91,84.18,84.34,39397.98,466.0
CRAA11,H1,21/11/2024,84.35,84.55,84.13,84.13,75893.33,901.0
CRAA11,H1,21/11/2024,84.34,84.56,84.34,84.35,27941.7,331.0
CRAA11,H1,21/11/2024,84.78,84.78,84.34,84.34,128590.03,1521.0
CRAA11,H1,21/11/2024,84.59,85.3,84.59,84.78,114155.15,1343.0
CRAA11,H1,21/11/2024,84.6,84.69,84.59,84.59,64125.91,758.0
CRAA11,H1,21/11/2024,84.51,84.67,84.37,84.6,70027.11,828.0
CRAA11,H1,21/11/2024,84.85,85.27,84.51,84.51,134613.69,1587.0
CRAA11,H1,21/11/2024,84.51,84.98,84.15,84.89,136988.8,1617.0
CRAA11,H1,19/11/2024,84.39,84.47,84.13,84.47,28411.85,337.0
CRAA11,H1,19/11/2024,84.38,84.39,84.34,84.39,19237.99,228.0
CRAA11,H1,19/11/2024,84.51,84.51,84.39,84.39,52207.46,618.0
CRAA11,H1,19/11/2024,84.51,84.51,84.47,84.51,19180.33,227.0
CRAA11,H1,19/11/2024,84.58,84.58,84.51,84.51,47845.98,566.0
CRAA11,H1,19/11/2024,84.75,84.75,84.54,84.54,2202.47,26.0
CRAA11,H1,19/11/2024,84.38,84.9,84.38,84.56,127498.62,1508.0
CRAA11,H1,19/11/2024,84.7,84.98,84.36,84.36,71841.29,849.0
CRAA11,H1,18/11/2024,84.81,84.98,84.69,84.69,78205.77,922.0
CRAA11,H1,18/11/2024,84.81,84.98,84.81,84.81,96064.15,1132.0
CRAA11,H1,18/11/2024,84.81,84.96,84.81,84.81,350632.8,4134.0
CRAA11,H1,18/11/2024,84.69,84.98,84.68,84.81,43412.93,512.0
CRAA11,H1,18/11/2024,84.68,84.92,84.68,84.69,16264.09,192.0
CRAA11,H1,18/11/2024,84.78,85.38,84.57,84.77,203249.03,2395.0
CRAA11,H1,18/11/2024,85.61,85.88,84.76,84.78,132797.02,1557.0
CRAA11,H1,18/11/2024,86.2,86.53,85.3,85.62,61173.68,711.0
CRAA11,H1,14/11/2024,86.2,86.2,86.2,86.2,86.2,1.0
CRAA11,H1,14/11/2024,85.41,86.2,85.4,86.2,191147.99,2228.0
CRAA11,H1,14/11/2024,85.55,86.01,85.4,85.41,87439.01,1021.0
CRAA11,H1,14/11/2024,85.03,86.04,84.56,85.55,259077.01,3033.0
CRAA11,H1,14/11/2024,85.4,85.81,85.02,85.03,112359.92,1316.0
CRAA11,H1,14/11/2024,85.4,85.4,85.27,85.27,24734.58,290.0
CRAA11,H1,14/11/2024,85.77,85.82,85.29,85.4,94011.12,1097.0
CRAA11,H1,14/11/2024,84.96,85.82,84.48,85.77,115553.56,1352.0
CRAA11,H1,14/11/2024,86.25,86.25,84.4,84.4,718835.1,8424.0
CRAA11,H1,13/11/2024,85.49,86.25,85.49,86.18,184734.62,2144.0
CRAA11,H1,13/11/2024,85.4,86.22,84.98,86.22,150169.06,1760.0
CRAA11,H1,13/11/2024,85.69,85.69,85.4,85.4,150832.68,1764.0
CRAA11,H1,13/11/2024,85.82,86.15,85.61,85.67,95385.54,1111.0
CRAA11,H1,13/11/2024,86.08,86.24,85.82,85.82,132848.89,1545.0
CRAA11,H1,13/11/2024,86.08,86.25,86.0,86.08,49434.81,574.0
CRAA11,H1,13/11/2024,86.04,86.42,85.94,86.09,154147.54,1788.0
CRAA11,H1,13/11/2024,85.57,86.53,85.57,86.04,214624.86,2492.0
CRAA11,H1,12/11/2024,85.7,86.67,85.49,85.57,81968.06,956.0
CRAA11,H1,12/11/2024,85.82,86.25,85.61,85.7,102692.53,1196.0
CRAA11,H1,12/11/2024,85.76,86.3,85.76,85.83,124267.19,1444.0
CRAA11,H1,12/11/2024,86.17,86.25,85.75,85.76,313371.04,3647.0
CRAA11,H1,12/11/2024,85.9,86.75,85.9,85.93,320453.86,3708.0
CRAA11,H1,12/11/2024,86.03,86.26,85.9,85.9,102262.37,1187.0
CRAA11,H1,12/11/2024,85.84,86.75,85.84,86.03,395182.75,4570.0
CRAA11,H1,12/11/2024,86.05,86.65,85.56,85.84,459149.7,5328.0
CRAA11,H1,11/11/2024,86.1,86.67,85.61,86.05,222507.55,2577.0
CRAA11,H1,11/11/2024,86.43,86.43,86.1,86.1,219397.78,2542.0
CRAA11,H1,11/11/2024,85.66,86.63,85.66,86.26,271024.25,3143.0
CRAA11,H1,11/11/2024,85.66,86.03,85.56,85.98,168959.04,1969.0
CRAA11,H1,11/11/2024,85.56,85.7,85.24,85.66,81857.61,957.0
CRAA11,H1,11/11/2024,84.82,85.74,84.82,85.56,277307.65,3240.0
CRAA11,H1,11/11/2024,84.9,85.52,84.82,84.82,152285.13,1789.0
CRAA11,H1,11/11/2024,84.56,85.43,84.48,84.9,157741.99,1854.0
CRAA11,H1,08/11/2024,84.4,84.56,84.23,84.56,74191.65,879.0
CRAA11,H1,08/11/2024,84.4,84.56,84.39,84.4,48277.27,572.0
CRAA11,H1,08/11/2024,84.69,84.73,84.4,84.4,95046.01,1125.0
CRAA11,H1,08/11/2024,84.72,84.88,84.57,84.73,13648.65,161.0
CRAA11,H1,08/11/2024,84.51,84.88,84.51,84.71,97603.67,1153.0
CRAA11,H1,08/11/2024,84.42,84.72,84.38,84.51,128740.2,1522.0
CRAA11,H1,08/11/2024,84.62,84.85,84.43,84.56,78414.37,927.0
CRAA11,H1,08/11/2024,84.11,84.89,84.11,84.44,46829.04,555.0
CRAA11,H1,07/11/2024,84.69,84.95,84.36,84.95,329431.0,3884.0
CRAA11,H1,07/11/2024,84.5,84.87,84.14,84.18,346501.87,4096.0
CRAA11,H1,07/11/2024,84.39,84.79,84.32,84.54,146975.66,1739.0
CRAA11,H1,07/11/2024,84.38,84.79,84.31,84.39,166004.65,1962.0
CRAA11,H1,07/11/2024,84.58,84.65,84.19,84.63,44636.98,528.0
CRAA11,H1,07/11/2024,84.53,84.62,84.27,84.36,190640.76,2255.0
CRAA11,H1,07/11/2024,84.41,84.54,84.05,84.53,188153.88,2231.0
CRAA11,H1,07/11/2024,84.64,84.64,84.02,84.42,70577.46,837.0
CRAA11,H1,06/11/2024,83.56,83.92,83.56,83.92,80010.63,956.0
CRAA11,H1,06/11/2024,83.83,84.08,83.56,83.56,127645.47,1520.0
CRAA11,H1,06/11/2024,84.38,84.63,83.72,83.83,344851.6,4092.0
CRAA11,H1,06/11/2024,83.7,84.65,83.68,84.38,292450.65,3472.0
CRAA11,H1,06/11/2024,83.71,84.37,83.56,83.7,188338.69,2247.0
CRAA11,H1,06/11/2024,83.91,84.4,83.56,83.71,85000.65,1010.0
CRAA11,H1,06/11/2024,83.53,84.64,83.53,83.91,160384.63,1906.0
CRAA11,H1,06/11/2024,83.68,83.89,83.52,83.53,78534.22,938.0
CRAA11,H1,05/11/2024,83.41,83.54,83.0,83.54,240543.47,2886.0
CRAA11,H1,05/11/2024,83.63,83.73,83.26,83.39,186288.44,2229.0
CRAA11,H1,05/11/2024,83.77,83.96,83.49,83.57,196145.96,2344.0
CRAA11,H1,05/11/2024,84.27,84.43,83.71,83.77,258936.45,3080.0
CRAA11,H1,05/11/2024,84.32,84.4,84.27,84.27,23940.49,284.0
CRAA11,H1,05/11/2024,84.38,84.61,84.32,84.32,33502.34,397.0
CRAA11,H1,05/11/2024,84.27,84.71,84.22,84.38,70726.28,836.0
CRAA11,H1,05/11/2024,84.85,84.85,84.27,84.52,243850.06,2886.0
CRAA11,H1,04/11/2024,84.49,84.85,84.49,84.85,78983.65,931.0
CRAA11,H1,04/11/2024,84.48,84.83,84.46,84.73,140105.62,1658.0
CRAA11,H1,04/11/2024,84.74,84.85,84.46,84.48,232906.1,2753.0
CRAA11,H1,04/11/2024,84.55,84.85,84.46,84.76,229338.89,2709.0
CRAA11,H1,04/11/2024,84.53,84.79,84.51,84.79,98082.62,1158.0
CRAA11,H1,04/11/2024,84.78,84.79,84.5,84.53,104147.28,1229.0
CRAA11,H1,04/11/2024,84.43,84.52,84.43,84.52,52883.63,626.0
CRAA11,H1,04/11/2024,84.85,84.85,84.38,84.43,95830.56,1133.0
CRAA11,H1,01/11/2024,84.52,84.85,84.36,84.85,76528.78,904.0
CRAA11,H1,01/11/2024,84.67,84.86,84.35,84.36,121489.44,1436.0
CRAA11,H1,01/11/2024,85.24,85.26,84.32,84.37,169502.92,2000.0
CRAA11,H1,01/11/2024,85.34,85.34,84.94,84.95,39764.67,468.0
CRAA11,H1,01/11/2024,85.33,85.35,85.05,85.33,176308.85,2066.0
CRAA11,H1,01/11/2024,85.3,85.35,85.15,85.34,88461.08,1037.0
CRAA11,H1,01/11/2024,85.01,85.35,84.61,84.93,223682.55,2628.0
CRAA11,H1,31/10/2024,84.61,84.61,84.61,84.61,1269.15,15.0
CRAA11,H1,31/10/2024,85.1,85.11,84.84,84.92,59050.54,695.0
CRAA11,H1,31/10/2024,84.79,85.15,84.61,85.15,112158.21,1321.0
CRAA11,H1,31/10/2024,84.94,85.01,84.79,84.98,116990.82,1378.0
CRAA11,H1,31/10/2024,84.85,85.1,84.5,85.1,124427.51,1467.0
CRAA11,H1,31/10/2024,85.07,85.07,85.06,85.06,1276.05,15.0
CRAA11,H1,31/10/2024,84.73,85.13,84.52,85.1,183855.83,2165.0
CRAA11,H1,31/10/2024,84.16,84.89,84.16,84.73,88658.66,1051.0
CRAA11,H1,30/10/2024,84.77,84.77,84.32,84.32,2195.62,26.0
CRAA11,H1,30/10/2024,84.36,84.85,84.15,84.77,79812.98,945.0
CRAA11,H1,30/10/2024,84.49,84.52,83.83,84.36,337744.95,4007.0
CRAA11,H1,30/10/2024,84.63,84.85,83.85,84.5,238498.49,2830.0
CRAA11,H1,30/10/2024,85.25,85.25,84.57,84.63,94227.99,1110.0
CRAA11,H1,30/10/2024,84.95,85.3,84.95,85.26,50500.74,593.0
CRAA11,H1,30/10/2024,85.11,85.3,84.56,84.95,106979.78,1260.0
CRAA11,H1,30/10/2024,84.52,85.34,84.52,85.1,126618.18,1491.0
CRAA11,H1,29/10/2024,85.36,85.36,85.34,85.34,4437.61,52.0
CRAA11,H1,29/10/2024,84.89,85.36,84.52,85.36,443386.59,5209.0
CRAA11,H1,29/10/2024,84.75,85.61,84.73,84.89,288821.15,3385.0
CRAA11,H1,29/10/2024,84.95,85.36,84.75,84.75,27792.4,327.0
CRAA11,H1,29/10/2024,84.74,85.36,84.74,84.95,53696.64,631.0
CRAA11,H1,29/10/2024,84.64,85.56,84.64,84.74,170868.27,2005.0
CRAA11,H1,29/10/2024,84.51,85.15,84.16,84.69,188873.69,2231.0
CRAA11,H1,29/10/2024,85.0,85.0,83.68,84.51,130168.28,1545.0
CRAA11,H1,28/10/2024,84.51,84.51,84.51,84.51,84.51,1.0
CRAA11,H1,28/10/2024,84.24,84.93,84.1,84.52,189930.53,2255.0
CRAA11,H1,28/10/2024,84.89,85.56,84.11,84.24,474379.63,5609.0
CRAA11,H1,28/10/2024,84.64,84.94,84.59,84.59,99213.26,1170.0
CRAA11,H1,28/10/2024,84.51,84.83,84.43,84.83,185390.04,2189.0
CRAA11,H1,28/10/2024,84.16,84.52,84.16,84.22,61913.28,734.0
CRAA11,H1,28/10/2024,84.56,84.57,84.1,84.5,39331.52,467.0
CRAA11,H1,28/10/2024,84.47,84.69,83.68,84.28,271825.82,3216.0
CRAA11,H1,25/10/2024,83.65,84.64,83.43,83.43,63743.3,755.0
CRAA11,H1,25/10/2024,84.06,84.48,82.68,83.64,184646.76,2207.0
CRAA11,H1,25/10/2024,83.67,84.06,83.6,84.06,235988.53,2819.0
CRAA11,H1,25/10/2024,83.43,83.67,83.42,83.67,133846.45,1604.0
CRAA11,H1,25/10/2024,83.1,83.43,82.85,83.43,43000.73,517.0
CRAA11,H1,25/10/2024,83.47,83.48,82.84,83.3,34193.61,412.0
CRAA11,H1,25/10/2024,83.11,83.47,83.05,83.13,70777.66,850.0
CRAA11,H1,25/10/2024,82.38,83.13,82.36,83.11,176965.31,2141.0
CRAA11,H1,24/10/2024,82.67,82.72,82.58,82.58,4051.98,49.0
CRAA11,H1,24/10/2024,82.72,82.72,82.28,82.3,99899.16,1211.0
CRAA11,H1,24/10/2024,82.56,82.72,82.26,82.72,72401.93,878.0
CRAA11,H1,24/10/2024,82.25,82.72,82.25,82.57,75658.62,917.0
CRAA11,H1,24/10/2024,82.43,82.43,82.15,82.25,65665.27,798.0
CRAA11,H1,24/10/2024,82.74,82.79,82.51,82.51,63363.83,767.0
CRAA11,H1,24/10/2024,82.64,83.53,82.64,82.74,248943.94,3002.0
CRAA11,H1,24/10/2024,82.84,83.04,82.43,82.51,78132.4,945.0
CRAA11,H1,23/10/2024,83.46,83.46,82.64,83.0,16337.67,197.0
CRAA11,H1,23/10/2024,83.0,83.5,82.87,82.87,121169.6,1455.0
CRAA11,H1,23/10/2024,82.87,83.49,82.5,82.53,169313.68,2044.0
CRAA11,H1,23/10/2024,82.84,83.68,82.84,82.87,65724.72,790.0
CRAA11,H1,23/10/2024,83.69,83.7,82.84,82.84,111376.84,1335.0
CRAA11,H1,23/10/2024,83.72,84.28,83.68,83.69,72461.5,864.0
CRAA11,H1,23/10/2024,84.32,84.5,83.69,83.72,139461.92,1654.0
CRAA11,H1,23/10/2024,84.64,84.64,84.1,84.34,99876.72,1184.0
CRAA11,H1,22/10/2024,84.11,84.14,84.11,84.11,588.82,7.0
CRAA11,H1,22/10/2024,84.73,84.73,83.85,84.11,97574.22,1158.0
CRAA11,H1,22/10/2024,84.76,84.76,84.48,84.73,89384.83,1055.0
CRAA11,H1,22/10/2024,84.14,84.77,84.09,84.76,306441.93,3626.0
CRAA11,H1,22/10/2024,84.18,84.19,83.68,84.14,186883.99,2224.0
CRAA11,H1,22/10/2024,84.09,84.42,83.48,84.18,96739.57,1150.0
CRAA11,H1,22/10/2024,83.24,84.09,83.11,84.09,86747.72,1039.0
CRAA11,H1,22/10/2024,83.92,83.92,82.16,83.25,187454.76,2259.0
CRAA11,H1,21/10/2024,83.68,83.92,83.55,83.92,145940.26,1742.0
CRAA11,H1,21/10/2024,83.72,83.91,83.3,83.53,274037.15,3276.0
CRAA11,H1,21/10/2024,83.65,84.13,83.65,83.69,88116.22,1050.0
CRAA11,H1,21/10/2024,83.1,84.14,83.07,83.72,158757.72,1895.0
CRAA11,H1,21/10/2024,83.26,84.02,82.95,83.09,346344.59,4149.0
CRAA11,H1,21/10/2024,83.49,83.49,83.23,83.23,44928.04,539.0
CRAA11,H1,21/10/2024,83.89,83.89,83.49,83.49,40663.22,486.0
CRAA11,H1,18/10/2024,83.5,83.89,83.29,83.89,17077.68,205.0
CRAA11,H1,18/10/2024,83.85,83.89,83.4,83.89,112279.99,1341.0
CRAA11,H1,18/10/2024,83.24,83.89,83.0,83.84,284142.23,3401.0
CRAA11,H1,18/10/2024,83.57,83.68,82.86,83.43,421870.75,5052.0
CRAA11,H1,18/10/2024,83.44,83.58,83.3,83.57,55739.44,668.0
CRAA11,H1,18/10/2024,83.3,83.44,83.3,83.44,31921.59,383.0
CRAA11,H1,18/10/2024,83.45,83.61,82.94,83.3,79844.33,958.0
CRAA11,H1,18/10/2024,82.93,83.59,82.84,83.34,111651.19,1342.0
CRAA11,H1,17/10/2024,83.02,83.02,82.87,82.87,17009.22,205.0
CRAA11,H1,17/10/2024,82.86,83.67,82.84,83.67,188994.63,2263.0
CRAA11,H1,17/10/2024,83.41,83.65,82.84,82.84,185553.37,2230.0
CRAA11,H1,17/10/2024,83.6,83.6,83.14,83.4,109674.93,1317.0
CRAA11,H1,17/10/2024,83.63,83.65,83.6,83.6,21155.33,253.0
CRAA11,H1,17/10/2024,83.67,83.67,83.62,83.62,24766.22,296.0
CRAA11,H1,17/10/2024,83.56,83.68,83.56,83.67,51526.61,616.0
CRAA11,H1,17/10/2024,83.66,83.67,83.36,83.41,65355.56,783.0
CRAA11,H1,16/10/2024,83.49,83.68,83.26,83.68,319245.29,3823.0
CRAA11,H1,16/10/2024,83.28,83.68,83.26,83.49,220676.15,2642.0
CRAA11,H1,16/10/2024,84.7,84.7,83.26,83.27,173777.62,2073.0
CRAA11,H1,16/10/2024,84.7,84.94,84.53,84.69,200399.45,2365.0
CRAA11,H1,16/10/2024,84.43,84.77,84.31,84.7,290160.77,3431.0
CRAA11,H1,16/10/2024,84.5,84.51,84.39,84.43,50663.88,600.0
CRAA11,H1,16/10/2024,84.77,84.77,84.48,84.5,128729.32,1521.0
CRAA11,H1,15/10/2024,84.76,84.76,83.77,84.68,4779.11,57.0
CRAA11,H1,15/10/2024,84.65,84.77,83.1,84.77,130290.53,1544.0
CRAA11,H1,15/10/2024,84.76,84.77,84.62,84.65,48474.15,572.0
CRAA11,H1,15/10/2024,84.83,84.94,84.72,84.77,72622.82,856.0
CRAA11,H1,15/10/2024,84.63,84.94,84.63,84.83,155243.75,1831.0
CRAA11,H1,15/10/2024,84.41,84.64,84.33,84.63,85746.37,1015.0
CRAA11,H1,15/10/2024,84.64,84.77,84.31,84.41,143922.85,1701.0
CRAA11,H1,15/10/2024,84.36,84.8,84.36,84.64,48282.43,571.0
CRAA11,H1,14/10/2024,84.39,84.39,84.35,84.35,72308.63,857.0
CRAA11,H1,14/10/2024,83.77,84.87,83.68,84.84,157849.5,1874.0
CRAA11,H1,14/10/2024,83.69,83.77,83.68,83.69,30210.36,361.0
CRAA11,H1,14/10/2024,83.36,83.78,83.36,83.69,119815.37,1433.0
CRAA11,H1,14/10/2024,83.2,83.47,83.2,83.36,79734.26,957.0
CRAA11,H1,14/10/2024,82.84,83.24,82.84,83.2,56901.9,685.0
CRAA11,H1,14/10/2024,82.97,83.26,82.8,82.84,161720.19,1948.0
CRAA11,H1,14/10/2024,82.75,83.26,82.69,83.09,110611.43,1333.0
CRAA11,H1,11/10/2024,82.67,82.76,82.67,82.76,15391.3,186.0
CRAA11,H1,11/10/2024,82.81,82.84,82.64,82.76,193173.78,2336.0
CRAA11,H1,11/10/2024,82.75,82.83,82.72,82.72,77542.74,937.0
CRAA11,H1,11/10/2024,82.51,82.83,82.51,82.75,76883.53,930.0
CRAA11,H1,11/10/2024,82.83,82.83,82.51,82.56,156486.11,1894.0
CRAA11,H1,11/10/2024,82.82,82.83,82.71,82.83,58784.95,710.0
CRAA11,H1,11/10/2024,82.75,82.85,82.57,82.74,139503.32,1686.0
CRAA11,H1,11/10/2024,82.63,82.92,82.48,82.74,201941.3,2443.0
CRAA11,H1,10/10/2024,82.01,82.64,81.56,81.56,60497.0,737.0
CRAA11,H1,10/10/2024,81.97,82.22,81.56,82.01,150791.89,1844.0
CRAA11,H1,10/10/2024,82.53,82.62,81.85,81.97,336199.0,4089.0
CRAA11,H1,10/10/2024,82.36,82.61,82.14,82.53,154496.84,1876.0
CRAA11,H1,10/10/2024,82.64,82.64,82.33,82.38,78194.0,948.0
CRAA11,H1,10/10/2024,82.59,82.64,82.49,82.64,118814.69,1438.0
CRAA11,H1,10/10/2024,82.16,82.64,82.01,82.59,345222.01,4198.0
CRAA11,H1,10/10/2024,82.49,82.64,82.18,82.18,64636.12,784.0
CRAA11,H1,09/10/2024,82.26,82.49,82.26,82.49,14814.32,180.0
CRAA11,H1,09/10/2024,82.82,82.83,81.85,82.49,418080.43,5085.0
CRAA11,H1,09/10/2024,82.49,82.83,82.48,82.83,83700.11,1012.0
CRAA11,H1,09/10/2024,82.81,82.82,82.43,82.5,150077.32,1816.0
CRAA11,H1,09/10/2024,82.76,82.84,82.72,82.81,147647.23,1783.0
CRAA11,H1,09/10/2024,82.71,82.77,82.64,82.76,58731.61,710.0
CRAA11,H1,09/10/2024,82.84,82.84,82.62,82.71,199035.4,2405.0
CRAA11,H1,09/10/2024,82.19,83.01,82.19,82.84,120041.82,1451.0
CRAA11,H1,08/10/2024,82.38,82.38,82.17,82.17,7486.1,91.0
CRAA11,H1,08/10/2024,82.23,82.84,82.16,82.16,448114.0,5436.0
CRAA11,H1,08/10/2024,82.36,82.36,82.16,82.21,132142.2,1607.0
CRAA11,H1,08/10/2024,82.5,82.51,82.34,82.36,140231.52,1701.0
CRAA11,H1,08/10/2024,82.36,82.51,82.23,82.5,260961.04,3165.0
CRAA11,H1,08/10/2024,82.52,82.59,82.33,82.36,80596.84,977.0
CRAA11,H1,08/10/2024,82.84,82.84,82.44,82.59,57483.75,696.0
CRAA11,H1,08/10/2024,82.78,82.84,82.13,82.84,375815.47,4552.0
CRAA11,H1,07/10/2024,82.08,82.8,82.08,82.8,2807.87,34.0
CRAA11,H1,07/10/2024,82.88,82.91,82.07,82.07,227500.76,2761.0
CRAA11,H1,07/10/2024,82.79,82.82,82.59,82.82,219231.58,2652.0
CRAA11,H1,07/10/2024,82.83,82.91,82.71,82.79,495387.83,5984.0
CRAA11,H1,07/10/2024,82.96,83.04,82.76,82.83,131128.28,1583.0
CRAA11,H1,07/10/2024,82.93,83.21,82.93,82.96,101849.69,1226.0
CRAA11,H1,07/10/2024,82.99,83.08,82.89,82.89,94209.84,1135.0
CRAA11,H1,07/10/2024,82.81,83.5,82.81,82.96,416540.89,5016.0
CRAA11,H1,04/10/2024,82.8,82.8,82.74,82.8,28145.07,340.0
CRAA11,H1,04/10/2024,83.13,83.13,82.7,82.8,497831.72,6008.0
CRAA11,H1,04/10/2024,82.89,83.28,82.89,83.13,82774.88,997.0
CRAA11,H1,04/10/2024,82.83,83.01,82.77,82.89,362196.32,4374.0
CRAA11,H1,04/10/2024,82.88,83.0,82.77,82.84,153194.65,1849.0
CRAA11,H1,04/10/2024,83.11,83.2,82.85,82.88,122645.46,1477.0
CRAA11,H1,04/10/2024,83.13,83.42,83.11,83.11,365899.15,4396.0
CRAA11,H1,04/10/2024,83.61,83.79,83.09,83.09,280911.59,3368.0
CRAA11,H1,03/10/2024,83.61,83.61,83.61,83.61,16722.94,200.0
CRAA11,H1,03/10/2024,83.81,83.82,83.54,83.61,314615.42,3762.0
CRAA11,H1,03/10/2024,83.74,83.82,83.56,83.82,88769.57,1060.0
CRAA11,H1,03/10/2024,83.19,83.75,83.19,83.74,352696.39,4222.0
CRAA11,H1,03/10/2024,83.52,83.53,83.19,83.19,234901.51,2820.0
CRAA11,H1,03/10/2024,83.54,83.54,83.42,83.42,78798.45,944.0
CRAA11,H1,03/10/2024,83.47,83.53,83.43,83.5,57434.05,688.0
CRAA11,H1,03/10/2024,83.53,83.53,83.42,83.48,125984.19,1509.0
CRAA11,H1,02/10/2024,83.53,83.53,83.53,83.53,4009.53,48.0
CRAA11,H1,02/10/2024,83.47,83.54,83.32,83.53,110914.36,1329.0
CRAA11,H1,02/10/2024,83.52,83.52,83.39,83.47,102481.79,1228.0
CRAA11,H1,02/10/2024,83.55,83.56,83.5,83.5,69483.67,832.0
CRAA11,H1,02/10/2024,83.7,83.71,83.51,83.54,118827.61,1421.0
CRAA11,H1,02/10/2024,83.63,83.7,83.58,83.68,32042.23,383.0
CRAA11,H1,02/10/2024,83.61,83.71,83.42,83.71,220861.51,2645.0
CRAA11,H1,02/10/2024,83.81,84.04,83.45,83.62,183118.26,2185.0
CRAA11,H1,01/10/2024,83.99,84.02,83.87,83.87,144799.53,1724.0
CRAA11,H1,01/10/2024,83.18,83.91,83.12,83.29,215713.9,2585.0
CRAA11,H1,01/10/2024,83.42,83.42,83.09,83.18,584249.25,7019.0
CRAA11,H1,01/10/2024,83.87,83.91,83.42,83.42,190696.61,2278.0
CRAA11,H1,01/10/2024,83.91,83.91,83.86,83.87,133792.7,1595.0
CRAA11,H1,01/10/2024,84.24,84.24,83.88,83.91,218993.4,2604.0
CRAA11,H1,01/10/2024,84.58,84.65,84.14,84.24,170730.65,2022.0
CRAA11,H1,01/10/2024,85.28,85.28,84.49,84.58,190875.61,2255.0
CRAA11,H1,30/09/2024,84.91,84.91,84.91,84.91,89236.54,1051.0
CRAA11,H1,30/09/2024,85.01,85.19,84.87,84.91,87194.26,1026.0
CRAA11,H1,30/09/2024,85.04,85.19,84.99,84.99,95129.64,1119.0
CRAA11,H1,30/09/2024,85.04,85.19,85.03,85.04,98351.35,1156.0
CRAA11,H1,30/09/2024,85.07,85.18,84.86,85.04,80704.96,949.0
CRAA11,H1,30/09/2024,85.07,85.11,85.07,85.07,31315.15,368.0
CRAA11,H1,30/09/2024,85.16,85.25,85.07,85.07,19237.39,226.0
CRAA11,H1,30/09/2024,85.2,85.42,85.15,85.16,67745.18,795.0
CRAA11,H1,27/09/2024,85.28,85.44,85.28,85.44,117231.73,1374.0
CRAA11,H1,27/09/2024,85.38,85.41,85.28,85.39,38488.95,451.0
CRAA11,H1,27/09/2024,85.29,85.38,85.29,85.38,29436.52,345.0
CRAA11,H1,27/09/2024,85.49,85.52,85.28,85.29,470817.97,5517.0
CRAA11,H1,27/09/2024,85.37,85.52,85.37,85.52,14271.07,167.0
CRAA11,H1,27/09/2024,85.38,85.5,85.32,85.33,115754.43,1356.0
CRAA11,H1,27/09/2024,85.62,85.62,85.36,85.38,59743.09,699.0
CRAA11,H1,26/09/2024,85.45,85.64,85.38,85.62,156620.5,1833.0
CRAA11,H1,26/09/2024,85.62,85.62,85.45,85.45,77175.81,903.0
CRAA11,H1,26/09/2024,85.45,85.65,85.45,85.62,35964.24,420.0
CRAA11,H1,26/09/2024,85.49,85.59,85.45,85.59,80257.05,939.0
CRAA11,H1,26/09/2024,85.68,85.68,85.49,85.53,55607.06,650.0
CRAA11,H1,26/09/2024,85.62,85.71,85.53,85.68,9595.03,112.0
CRAA11,H1,26/09/2024,85.82,85.86,85.53,85.62,91114.02,1063.0
CRAA11,H1,25/09/2024,85.84,85.84,85.84,85.84,343.37,4.0
CRAA11,H1,25/09/2024,85.61,85.93,85.51,85.84,72438.64,846.0
CRAA11,H1,25/09/2024,85.61,85.61,85.52,85.61,50725.18,593.0
CRAA11,H1,25/09/2024,85.63,85.69,85.53,85.61,91195.6,1066.0
CRAA11,H1,25/09/2024,85.52,85.63,85.45,85.63,163780.65,1915.0
CRAA11,H1,25/09/2024,85.53,85.53,85.49,85.52,43351.34,507.0
CRAA11,H1,25/09/2024,85.57,85.94,85.53,85.53,378076.8,4416.0
CRAA11,H1,25/09/2024,85.97,85.97,85.52,85.56,115451.22,1348.0
CRAA11,H1,24/09/2024,85.56,85.56,85.54,85.54,24292.41,284.0
CRAA11,H1,24/09/2024,85.76,85.97,85.53,85.97,59881.76,698.0
CRAA11,H1,24/09/2024,85.7,85.94,85.49,85.72,140422.36,1641.0
CRAA11,H1,24/09/2024,85.57,85.78,85.48,85.75,65603.52,767.0
CRAA11,H1,24/09/2024,85.58,85.78,85.57,85.57,210779.4,2463.0
CRAA11,H1,24/09/2024,85.61,85.78,85.57,85.57,268427.23,3135.0
CRAA11,H1,24/09/2024,85.61,85.77,85.45,85.49,258022.75,3017.0
CRAA11,H1,24/09/2024,85.9,85.97,85.45,85.61,140703.37,1644.0
CRAA11,H1,23/09/2024,85.62,85.89,85.62,85.89,343.02,4.0
CRAA11,H1,23/09/2024,85.63,85.94,85.58,85.94,255948.17,2989.0
CRAA11,H1,23/09/2024,85.61,85.88,85.58,85.63,181171.82,2115.0
CRAA11,H1,23/09/2024,85.54,85.87,85.54,85.61,110158.67,1287.0
CRAA11,H1,23/09/2024,85.69,85.88,85.54,85.54,220055.5,2570.0
CRAA11,H1,23/09/2024,85.69,85.88,85.54,85.61,35701.6,417.0
CRAA11,H1,23/09/2024,85.91,85.91,85.53,85.69,43346.13,505.0
CRAA11,H1,23/09/2024,85.61,86.02,85.45,85.57,194381.44,2271.0
CRAA11,H1,20/09/2024,85.63,86.01,85.63,85.63,6080.63,71.0
CRAA11,H1,20/09/2024,85.84,86.1,85.62,86.02,159087.66,1856.0
CRAA11,H1,20/09/2024,85.91,85.91,85.8,85.84,24471.57,285.0
CRAA11,H1,20/09/2024,85.81,85.91,85.81,85.91,26956.29,314.0
CRAA11,H1,20/09/2024,85.78,85.82,85.61,85.81,183676.25,2145.0
CRAA11,H1,20/09/2024,85.61,85.78,85.53,85.78,84135.52,983.0
CRAA11,H1,20/09/2024,85.65,85.78,85.52,85.77,145325.2,1697.0
CRAA11,H1,20/09/2024,85.83,85.83,85.56,85.56,38471.61,449.0
CRAA11,H1,19/09/2024,85.63,85.64,85.49,85.63,27457.44,321.0
CRAA11,H1,19/09/2024,85.54,85.79,85.52,85.63,163409.14,1910.0
CRAA11,H1,19/09/2024,85.61,85.81,85.48,85.53,151310.23,1768.0
CRAA11,H1,19/09/2024,85.54,85.69,85.49,85.61,128812.7,1505.0
CRAA11,H1,19/09/2024,85.53,85.68,85.45,85.54,87025.2,1018.0
CRAA11,H1,19/09/2024,85.69,85.78,85.53,85.53,113501.98,1326.0
CRAA11,H1,19/09/2024,85.78,85.82,85.55,85.78,203957.15,2380.0
CRAA11,H1,18/09/2024,85.59,85.65,85.59,85.65,513.78,6.0
CRAA11,H1,18/09/2024,85.52,85.84,85.45,85.53,686948.13,8029.0
CRAA11,H1,18/09/2024,85.46,85.91,85.44,85.52,163387.21,1910.0
CRAA11,H1,18/09/2024,85.43,85.9,85.39,85.46,335253.92,3922.0
CRAA11,H1,18/09/2024,85.49,85.68,85.39,85.42,162266.08,1899.0
CRAA11,H1,18/09/2024,85.55,85.75,85.49,85.49,100447.25,1174.0
CRAA11,H1,18/09/2024,85.73,85.74,85.54,85.55,69328.2,810.0
CRAA11,H1,18/09/2024,86.07,86.11,85.6,85.6,144727.61,1686.0
CRAA11,H1,17/09/2024,85.69,85.69,85.65,85.65,18163.66,212.0
CRAA11,H1,17/09/2024,85.53,86.09,85.53,85.85,72848.0,849.0
CRAA11,H1,17/09/2024,85.68,85.99,85.53,85.53,89197.71,1041.0
CRAA11,H1,17/09/2024,85.77,86.02,85.63,85.68,119420.73,1391.0
CRAA11,H1,17/09/2024,85.74,86.1,85.44,85.78,196454.53,2293.0
CRAA11,H1,17/09/2024,85.77,85.86,85.61,85.74,61196.45,714.0
CRAA11,H1,17/09/2024,85.67,85.78,85.49,85.76,249984.59,2918.0
CRAA11,H1,17/09/2024,85.53,85.78,85.3,85.77,115801.89,1354.0
CRAA11,H1,16/09/2024,85.68,85.68,85.53,85.53,2309.71,27.0
CRAA11,H1,16/09/2024,85.58,85.77,85.49,85.68,195838.68,2290.0
CRAA11,H1,16/09/2024,85.61,85.73,85.57,85.58,169436.71,1980.0
CRAA11,H1,16/09/2024,85.68,85.78,85.57,85.58,195176.62,2280.0
CRAA11,H1,16/09/2024,85.61,85.92,85.59,85.68,37765.83,441.0
CRAA11,H1,16/09/2024,85.62,85.91,85.61,85.62,60624.86,708.0
CRAA11,H1,16/09/2024,85.94,85.94,85.54,85.62,156642.1,1829.0
CRAA11,H1,16/09/2024,86.11,86.11,85.86,85.94,51418.34,598.0
CRAA11,H1,13/09/2024,85.88,85.97,85.88,85.97,8593.34,100.0
CRAA11,H1,13/09/2024,85.49,85.89,85.45,85.89,493773.23,5762.0
CRAA11,H1,13/09/2024,85.61,85.78,85.44,85.49,413015.66,4830.0
CRAA11,H1,13/09/2024,85.61,85.96,85.53,85.61,95012.9,1110.0
CRAA11,H1,13/09/2024,86.11,86.11,85.56,85.69,119480.0,1395.0
CRAA11,H1,13/09/2024,86.02,86.93,85.78,86.12,238075.08,2759.0
CRAA11,H1,13/09/2024,85.93,86.02,85.69,86.02,85653.95,997.0
CRAA11,H1,13/09/2024,85.98,85.98,85.5,85.96,65752.02,767.0
CRAA11,H1,12/09/2024,85.46,86.01,85.44,86.01,211933.41,2480.0
CRAA11,H1,12/09/2024,85.62,85.66,85.44,85.46,77148.47,902.0
CRAA11,H1,12/09/2024,85.61,85.68,85.45,85.65,35934.02,420.0
CRAA11,H1,12/09/2024,85.53,85.61,85.44,85.61,185507.25,2170.0
CRAA11,H1,12/09/2024,85.48,85.61,85.46,85.53,54300.04,635.0
CRAA11,H1,12/09/2024,85.61,85.61,85.45,85.48,175723.07,2055.0
CRAA11,H1,12/09/2024,86.02,86.02,85.61,85.61,122151.42,1424.0
CRAA11,H1,11/09/2024,85.44,85.44,85.44,85.44,25633.35,300.0
CRAA11,H1,11/09/2024,85.53,85.77,85.36,85.68,193250.16,2261.0
CRAA11,H1,11/09/2024,85.53,85.66,85.44,85.49,80868.83,946.0
CRAA11,H1,11/09/2024,85.66,85.89,85.53,85.53,89926.31,1050.0
CRAA11,H1,11/09/2024,85.67,85.84,85.65,85.65,57056.87,666.0
CRAA11,H1,11/09/2024,85.9,85.9,85.67,85.67,21170.67,247.0
CRAA11,H1,11/09/2024,86.1,86.1,85.67,85.9,217823.56,2538.0
CRAA11,H1,11/09/2024,86.01,86.1,85.98,86.1,132552.01,1541.0
CRAA11,H1,10/09/2024,85.89,85.9,85.89,85.9,13142.56,153.0
CRAA11,H1,10/09/2024,85.8,85.89,85.8,85.89,79474.78,926.0
CRAA11,H1,10/09/2024,85.81,85.88,85.8,85.88,355732.47,4146.0
CRAA11,H1,10/09/2024,85.8,85.9,85.8,85.81,150684.33,1756.0
CRAA11,H1,10/09/2024,85.8,85.9,85.8,85.82,236927.19,2761.0
CRAA11,H1,10/09/2024,85.78,85.9,85.78,85.8,72941.91,850.0
CRAA11,H1,10/09/2024,85.8,85.9,85.76,85.78,115652.04,1348.0
CRAA11,H1,10/09/2024,85.91,86.02,85.73,85.86,123020.64,1432.0
CRAA11,H1,09/09/2024,85.78,85.78,85.73,85.73,59166.89,690.0
CRAA11,H1,09/09/2024,85.83,85.91,85.78,85.78,10042.05,117.0
CRAA11,H1,09/09/2024,85.92,85.94,85.74,85.83,19314.69,225.0
CRAA11,H1,09/09/2024,85.92,85.94,85.69,85.73,212048.9,2473.0
CRAA11,H1,09/09/2024,86.0,86.0,85.76,85.9,22056.59,257.0
CRAA11,H1,09/09/2024,85.83,86.02,85.79,86.0,140162.03,1631.0
CRAA11,H1,09/09/2024,85.79,86.02,85.73,86.01,83781.77,976.0
CRAA11,H1,09/09/2024,85.63,86.09,85.63,86.01,82351.83,960.0
CRAA11,H1,06/09/2024,85.93,85.93,85.53,85.53,2657.27,31.0
CRAA11,H1,06/09/2024,85.63,86.06,85.54,85.54,218850.54,2555.0
CRAA11,H1,06/09/2024,85.7,86.08,85.62,85.64,193538.9,2259.0
CRAA11,H1,06/09/2024,85.94,86.35,85.61,85.7,303379.31,3531.0
CRAA11,H1,06/09/2024,86.23,86.5,85.94,85.94,139341.16,1618.0
CRAA11,H1,06/09/2024,86.3,86.55,86.23,86.23,98621.0,1142.0
CRAA11,H1,06/09/2024,86.27,86.76,86.27,86.31,210027.74,2429.0
CRAA11,H1,06/09/2024,86.51,86.51,86.23,86.27,150241.71,1739.0
CRAA11,H1,05/09/2024,86.43,86.43,86.43,86.43,12964.41,150.0
CRAA11,H1,05/09/2024,86.36,86.85,86.35,86.85,117187.57,1355.0
CRAA11,H1,05/09/2024,86.76,86.92,86.23,86.36,286705.69,3317.0
CRAA11,H1,05/09/2024,86.84,86.92,86.76,86.76,56942.71,656.0
CRAA11,H1,05/09/2024,86.92,86.92,86.78,86.89,27535.08,317.0
CRAA11,H1,05/09/2024,87.13,87.17,86.92,86.92,166093.59,1910.0
CRAA11,H1,05/09/2024,86.84,87.23,86.73,86.92,182349.49,2099.0
CRAA11,H1,05/09/2024,86.86,86.92,86.59,86.84,101312.03,1166.0
CRAA11,H1,04/09/2024,86.87,86.87,86.87,86.87,434.36,5.0
CRAA11,H1,04/09/2024,86.91,86.91,86.51,86.86,168693.7,1945.0
CRAA11,H1,04/09/2024,86.59,86.91,86.59,86.91,142121.37,1637.0
CRAA11,H1,04/09/2024,86.72,86.92,86.52,86.59,446508.06,5148.0
CRAA11,H1,04/09/2024,86.72,86.73,86.46,86.53,41491.32,479.0
CRAA11,H1,04/09/2024,86.73,86.79,86.72,86.72,29930.67,345.0
CRAA11,H1,04/09/2024,86.41,86.79,86.41,86.73,43144.64,498.0
CRAA11,H1,04/09/2024,86.79,86.87,86.35,86.41,210506.72,2428.0
CRAA11,H1,03/09/2024,86.86,86.86,86.31,86.78,299949.51,3465.0
CRAA11,H1,03/09/2024,86.84,86.86,86.51,86.52,123415.6,1424.0
CRAA11,H1,03/09/2024,86.89,87.0,86.68,86.69,307733.59,3545.0
CRAA11,H1,03/09/2024,87.31,87.31,86.77,86.89,183304.59,2108.0
CRAA11,H1,03/09/2024,86.72,87.33,86.36,86.77,227157.58,2616.0
CRAA11,H1,03/09/2024,86.5,86.72,86.5,86.72,135427.74,1564.0
CRAA11,H1,03/09/2024,86.1,86.5,86.08,86.5,126162.12,1465.0
CRAA11,H1,02/09/2024,86.08,86.1,86.08,86.08,4734.29,55.0
CRAA11,H1,02/09/2024,86.1,86.1,86.06,86.1,176419.47,2049.0
CRAA11,H1,02/09/2024,86.08,86.1,86.08,86.1,114853.93,1334.0
CRAA11,H1,02/09/2024,85.95,86.08,85.95,86.07,49865.43,580.0
CRAA11,H1,02/09/2024,85.95,86.01,85.95,85.95,30342.07,353.0
CRAA11,H1,02/09/2024,85.95,86.08,85.95,85.95,50215.11,584.0
CRAA11,H1,02/09/2024,86.1,86.1,85.94,85.95,257765.04,2998.0
CRAA11,H1,02/09/2024,86.02,86.1,85.69,86.1,232487.93,2702.0
CRAA11,H1,30/08/2024,85.93,85.93,85.93,85.93,85.93,1.0
CRAA11,H1,30/08/2024,86.09,86.1,85.69,85.93,286967.2,3338.0
CRAA11,H1,30/08/2024,86.09,86.1,85.85,85.9,209112.01,2430.0
CRAA11,H1,30/08/2024,85.96,86.1,85.94,86.09,108362.6,1259.0
CRAA11,H1,30/08/2024,86.1,86.1,85.86,86.08,66021.64,767.0
CRAA11,H1,30/08/2024,85.98,86.1,85.98,86.1,337977.36,3927.0
CRAA11,H1,30/08/2024,86.08,86.08,85.9,85.9,89702.86,1043.0
CRAA11,H1,30/08/2024,85.94,86.1,85.94,86.08,41387.24,481.0
CRAA11,H1,29/08/2024,85.94,86.01,85.94,86.01,50718.04,590.0
CRAA11,H1,29/08/2024,85.51,86.01,85.5,85.94,395441.78,4611.0
CRAA11,H1,29/08/2024,85.58,85.65,85.37,85.51,136733.77,1598.0
CRAA11,H1,29/08/2024,85.53,85.65,85.53,85.58,171141.4,2000.0
CRAA11,H1,29/08/2024,85.34,85.65,85.34,85.53,73313.34,857.0
CRAA11,H1,29/08/2024,85.52,85.69,85.31,85.34,220203.37,2571.0
CRAA11,H1,29/08/2024,85.61,85.66,85.31,85.33,49561.51,579.0
CRAA11,H1,29/08/2024,85.57,85.61,85.29,85.61,116659.69,1366.0
CRAA11,H1,28/08/2024,85.33,85.58,85.29,85.58,9555.62,112.0
CRAA11,H1,28/08/2024,85.29,85.67,85.24,85.65,298506.82,3494.0
CRAA11,H1,28/08/2024,85.3,85.49,85.25,85.29,45976.24,539.0
CRAA11,H1,28/08/2024,85.28,85.53,85.28,85.3,73406.68,860.0
CRAA11,H1,28/08/2024,85.33,85.49,85.28,85.28,85292.52,1000.0
CRAA11,H1,28/08/2024,85.61,85.61,85.28,85.33,85776.58,1004.0
CRAA11,H1,28/08/2024,85.48,85.68,85.28,85.64,179048.45,2094.0
CRAA11,H1,28/08/2024,85.21,85.62,85.2,85.48,142783.02,1671.0
CRAA11,H1,27/08/2024,85.17,85.18,85.16,85.18,10731.34,126.0
CRAA11,H1,27/08/2024,85.16,85.17,84.99,85.17,102628.5,1206.0
CRAA11,H1,27/08/2024,85.21,85.48,84.99,85.16,315111.22,3700.0
CRAA11,H1,27/08/2024,84.98,85.28,84.98,85.05,246621.88,2897.0
CRAA11,H1,27/08/2024,85.13,85.21,84.98,84.98,308656.69,3626.0
CRAA11,H1,27/08/2024,84.99,85.28,84.97,85.13,139513.28,1639.0
CRAA11,H1,27/08/2024,84.99,85.24,84.98,84.99,75211.45,884.0
CRAA11,H1,27/08/2024,85.23,85.65,84.95,85.0,263899.73,3101.0
CRAA11,H1,26/08/2024,85.16,85.18,84.97,85.18,11580.53,136.0
CRAA11,H1,26/08/2024,84.91,85.24,84.88,85.17,684336.5,8051.0
CRAA11,H1,26/08/2024,84.98,85.0,84.91,84.91,422144.85,4968.0
CRAA11,H1,26/08/2024,85.02,85.11,84.95,84.98,436671.22,5137.0
CRAA11,H1,26/08/2024,85.04,85.13,84.86,84.96,526428.16,6196.0
CRAA11,H1,26/08/2024,85.26,85.3,85.04,85.04,222811.64,2617.0
CRAA11,H1,26/08/2024,85.68,85.7,85.24,85.26,378774.77,4434.0
CRAA11,H1,26/08/2024,85.7,85.71,85.45,85.69,146829.37,1714.0
CRAA11,H1,23/08/2024,85.7,85.7,85.54,85.54,9673.26,113.0
CRAA11,H1,23/08/2024,85.57,85.69,85.54,85.69,64340.95,752.0
CRAA11,H1,23/08/2024,85.29,85.57,85.28,85.55,105546.47,1235.0
CRAA11,H1,23/08/2024,85.53,85.57,85.28,85.29,230740.91,2702.0
CRAA11,H1,23/08/2024,85.69,85.7,85.53,85.53,147237.09,1720.0
CRAA11,H1,23/08/2024,85.7,86.02,85.59,85.69,366762.57,4277.0
CRAA11,H1,23/08/2024,86.07,86.07,85.69,85.7,207911.22,2422.0
CRAA11,H1,23/08/2024,85.94,86.07,85.77,86.07,44975.64,523.0
CRAA11,H1,22/08/2024,85.96,85.96,85.96,85.96,687.7,8.0
CRAA11,H1,22/08/2024,85.77,85.98,85.77,85.97,84662.06,986.0
CRAA11,H1,22/08/2024,85.73,85.77,85.66,85.77,201933.19,2356.0
CRAA11,H1,22/08/2024,85.79,85.81,85.72,85.76,162292.41,1893.0
CRAA11,H1,22/08/2024,85.68,85.86,85.68,85.79,126595.56,1477.0
CRAA11,H1,22/08/2024,85.57,85.68,85.57,85.67,88882.78,1038.0
CRAA11,H1,22/08/2024,85.45,85.57,85.45,85.57,207647.46,2428.0
CRAA11,H1,22/08/2024,85.42,85.51,85.31,85.49,202719.3,2373.0
CRAA11,H1,21/08/2024,85.47,85.47,85.43,85.43,19649.23,230.0
CRAA11,H1,21/08/2024,85.16,85.53,85.16,85.47,192967.01,2261.0
CRAA11,H1,21/08/2024,85.21,85.28,85.16,85.17,192328.75,2258.0
CRAA11,H1,21/08/2024,85.28,85.34,85.18,85.2,127553.14,1496.0
CRAA11,H1,21/08/2024,85.28,85.35,85.26,85.28,104386.37,1224.0
CRAA11,H1,21/08/2024,85.19,85.35,85.18,85.28,80660.95,946.0
CRAA11,H1,21/08/2024,85.11,85.36,85.11,85.19,83637.8,981.0
CRAA11,H1,21/08/2024,85.36,85.36,85.03,85.29,143346.87,1682.0
CRAA11,H1,20/08/2024,85.11,85.11,84.97,84.97,8072.35,95.0
CRAA11,H1,20/08/2024,84.89,85.09,84.8,84.95,114970.44,1354.0
CRAA11,H1,20/08/2024,85.08,85.15,84.87,84.88,280689.96,3305.0
CRAA11,H1,20/08/2024,84.81,85.15,84.8,84.87,298725.37,3519.0
CRAA11,H1,20/08/2024,85.45,85.57,84.55,84.81,743570.56,8746.0
CRAA11,H1,20/08/2024,85.52,85.53,85.45,85.45,166659.15,1949.0
CRAA11,H1,20/08/2024,85.26,85.53,85.13,85.52,455220.62,5335.0
CRAA11,H1,20/08/2024,85.12,85.28,85.1,85.27,44217.15,519.0
CRAA11,H1,19/08/2024,85.09,85.27,85.09,85.27,32784.61,385.0
CRAA11,H1,19/08/2024,85.28,85.28,85.09,85.09,132255.71,1553.0
CRAA11,H1,19/08/2024,85.2,85.28,85.12,85.12,171673.49,2015.0
CRAA11,H1,19/08/2024,85.28,85.28,85.18,85.25,97051.9,1139.0
CRAA11,H1,19/08/2024,85.28,85.28,85.25,85.28,58247.1,683.0
CRAA11,H1,19/08/2024,85.22,85.28,85.2,85.28,57191.17,671.0
CRAA11,H1,19/08/2024,85.36,85.36,85.18,85.28,25648.82,301.0
CRAA11,H1,19/08/2024,85.28,85.36,85.27,85.27,191724.94,2247.0
CRAA11,H1,16/08/2024,85.36,85.36,85.36,85.36,938.91,11.0
CRAA11,H1,16/08/2024,85.31,85.36,85.22,85.36,124056.52,1454.0
CRAA11,H1,16/08/2024,85.27,85.31,85.27,85.31,119308.38,1399.0
CRAA11,H1,16/08/2024,85.23,85.28,85.18,85.28,134401.78,1577.0
CRAA11,H1,16/08/2024,85.2,85.23,85.18,85.23,68435.22,803.0
CRAA11,H1,16/08/2024,85.27,85.27,85.15,85.2,80789.65,948.0
CRAA11,H1,16/08/2024,85.31,85.31,85.14,85.14,291882.07,3422.0
CRAA11,H1,16/08/2024,85.36,85.36,85.3,85.31,165641.37,1941.0
CRAA11,H1,15/08/2024,85.36,85.36,85.17,85.36,179642.3,2109.0
CRAA11,H1,15/08/2024,85.22,85.36,85.22,85.36,101616.96,1191.0
CRAA11,H1,15/08/2024,85.17,85.3,85.13,85.22,99917.88,1173.0
CRAA11,H1,15/08/2024,85.25,85.32,85.05,85.17,221626.27,2600.0
CRAA11,H1,15/08/2024,85.25,85.28,85.05,85.25,248211.73,2911.0
CRAA11,H1,15/08/2024,85.14,85.25,84.99,85.25,129017.54,1515.0
CRAA11,H1,15/08/2024,85.26,85.26,84.96,85.14,212229.99,2495.0
CRAA11,H1,15/08/2024,85.22,85.36,84.98,85.05,216207.61,2536.0
CRAA11,H1,14/08/2024,84.88,85.36,84.88,85.2,190055.04,2230.0
CRAA11,H1,14/08/2024,84.81,85.08,84.81,84.88,68360.14,805.0
CRAA11,H1,14/08/2024,85.22,85.23,84.81,84.81,158299.08,1865.0
CRAA11,H1,14/08/2024,85.09,85.27,84.71,85.23,115441.65,1359.0
CRAA11,H1,14/08/2024,85.05,85.27,84.71,85.09,262982.0,3099.0
CRAA11,H1,14/08/2024,85.27,85.36,85.04,85.28,581760.73,6825.0
CRAA11,H1,14/08/2024,84.51,85.26,84.51,85.08,366366.28,4315.0
CRAA11,H1,13/08/2024,84.54,84.54,84.45,84.46,79993.81,947.0
CRAA11,H1,13/08/2024,84.86,84.86,84.46,84.46,581043.93,6873.0
CRAA11,H1,13/08/2024,84.86,85.01,84.67,84.75,371246.38,4380.0
CRAA11,H1,13/08/2024,85.26,85.26,84.79,84.87,355463.47,4186.0
CRAA11,H1,13/08/2024,85.4,85.4,84.93,85.26,186575.71,2192.0
CRAA11,H1,13/08/2024,85.36,85.42,84.87,85.42,322959.65,3796.0
CRAA11,H1,13/08/2024,85.46,85.57,84.71,85.48,596093.4,6995.0
CRAA11,H1,13/08/2024,85.64,86.06,85.4,85.4,388065.01,4534.0
CRAA11,H1,12/08/2024,85.54,85.98,85.45,85.86,57217.16,669.0
CRAA11,H1,12/08/2024,85.66,85.9,85.49,85.49,637468.61,7449.0
CRAA11,H1,12/08/2024,86.01,86.05,85.57,85.66,287093.77,3349.0
CRAA11,H1,12/08/2024,86.02,86.1,85.58,86.01,590393.86,6874.0
CRAA11,H1,12/08/2024,86.0,86.1,85.79,85.99,535575.25,6228.0
CRAA11,H1,12/08/2024,85.9,86.1,85.79,86.0,1242458.52,14435.0
CRAA11,H1,12/08/2024,85.69,86.1,85.65,85.9,853468.01,9933.0
CRAA11,H1,12/08/2024,86.92,88.54,85.49,86.0,2129506.5,24683.0
CRAA11,H1,09/08/2024,91.43,91.82,90.41,90.41,313768.02,3452.0
CRAA11,H1,09/08/2024,91.6,91.83,91.43,91.8,68878.2,752.0
CRAA11,H1,09/08/2024,91.69,91.69,91.23,91.6,13071.43,143.0
CRAA11,H1,09/08/2024,92.29,92.29,91.4,91.69,133621.27,1457.0
CRAA11,H1,09/08/2024,92.48,92.49,92.27,92.27,14979.18,162.0
CRAA11,H1,09/08/2024,92.5,92.66,92.5,92.66,13876.25,150.0
CRAA11,H1,09/08/2024,92.83,92.83,92.49,92.5,21033.27,227.0
CRAA11,H1,08/08/2024,92.6,92.6,92.6,92.6,92.6,1.0
CRAA11,H1,08/08/2024,92.85,92.86,91.64,92.86,217986.86,2364.0
CRAA11,H1,08/08/2024,92.66,92.86,92.27,92.86,182815.45,1973.0
CRAA11,H1,08/08/2024,92.66,92.86,92.46,92.66,115780.31,1249.0
CRAA11,H1,08/08/2024,92.49,92.66,92.46,92.66,16554.36,179.0
CRAA11,H1,08/08/2024,92.65,93.03,92.46,92.97,51893.16,560.0
CRAA11,H1,08/08/2024,92.67,93.05,92.25,92.65,66944.64,724.0
CRAA11,H1,08/08/2024,93.19,93.47,92.66,92.67,86444.28,929.0
CRAA11,H1,07/08/2024,93.18,93.18,93.18,93.18,1584.14,17.0
CRAA11,H1,07/08/2024,92.03,93.18,92.03,93.18,68169.34,737.0
CRAA11,H1,07/08/2024,92.01,93.0,92.01,92.03,204526.36,2215.0
CRAA11,H1,07/08/2024,92.2,92.56,92.0,92.01,124620.33,1351.0
CRAA11,H1,07/08/2024,92.4,93.18,92.2,92.2,172728.03,1865.0
CRAA11,H1,07/08/2024,92.8,92.99,92.39,92.4,88037.31,950.0
CRAA11,H1,07/08/2024,92.93,93.19,92.63,92.8,88872.86,957.0
CRAA11,H1,07/08/2024,93.19,93.61,92.92,92.93,164816.61,1768.0
CRAA11,H1,06/08/2024,92.84,92.84,92.84,92.84,46418.45,500.0
CRAA11,H1,06/08/2024,92.82,92.83,92.39,92.83,32328.37,349.0
CRAA11,H1,06/08/2024,93.0,93.0,92.55,92.83,29931.86,323.0
CRAA11,H1,06/08/2024,92.98,93.0,92.83,92.83,28877.67,311.0
CRAA11,H1,06/08/2024,92.99,92.99,92.62,92.99,23429.74,252.0
CRAA11,H1,06/08/2024,92.99,93.0,92.99,92.99,25108.93,270.0
CRAA11,H1,06/08/2024,93.19,93.19,92.8,93.0,192584.08,2071.0
CRAA11,H1,06/08/2024,93.48,93.52,93.0,93.19,31005.41,333.0
CRAA11,H1,05/08/2024,93.08,93.6,92.39,93.39,36886.93,395.0
CRAA11,H1,05/08/2024,92.68,93.08,92.68,93.08,45064.43,485.0
CRAA11,H1,05/08/2024,91.98,93.3,91.98,92.68,114502.92,1239.0
CRAA11,H1,05/08/2024,91.2,91.98,91.2,91.98,25241.81,275.0
CRAA11,H1,05/08/2024,91.54,91.58,91.18,91.18,7600.1,83.0
CRAA11,H1,05/08/2024,92.19,92.39,90.57,91.19,107333.78,1175.0
CRAA11,H1,05/08/2024,92.15,92.59,89.75,92.38,99889.17,1087.0
CRAA11,H1,02/08/2024,92.15,92.15,92.15,92.15,552.9,6.0
CRAA11,H1,02/08/2024,92.1,92.23,91.79,92.15,60539.68,659.0
CRAA11,H1,02/08/2024,91.38,92.52,91.38,92.26,24494.1,266.0
CRAA11,H1,02/08/2024,90.57,92.27,89.75,91.38,40911.79,446.0
CRAA11,H1,02/08/2024,89.28,90.57,89.28,90.57,97760.16,1086.0
CRAA11,H1,02/08/2024,89.27,89.28,89.2,89.28,46320.64,519.0
CRAA11,H1,02/08/2024,89.0,89.31,89.0,89.31,38724.72,435.0
CRAA11,H1,02/08/2024,88.96,89.16,88.52,89.16,14239.9,160.0
CRAA11,H1,01/08/2024,88.35,89.37,88.22,89.37,66131.29,743.0
CRAA11,H1,01/08/2024,87.98,88.35,87.94,88.35,126734.04,1438.0
CRAA11,H1,01/08/2024,88.03,88.03,87.96,87.98,19095.72,217.0
CRAA11,H1,01/08/2024,88.02,88.03,87.98,88.03,38373.51,436.0
CRAA11,H1,01/08/2024,88.02,88.02,87.98,88.02,15402.02,175.0
CRAA11,H1,01/08/2024,87.94,88.14,87.85,88.02,29731.89,338.0
CRAA11,H1,01/08/2024,87.4,88.15,87.4,87.94,64818.12,737.0
CRAA11,H1,31/07/2024,87.34,87.4,86.57,87.4,4422.06,51.0
CRAA11,H1,31/07/2024,87.4,87.4,87.4,87.4,524.42,6.0
CRAA11,H1,31/07/2024,87.46,87.58,86.65,87.42,15119.06,173.0
CRAA11,H1,31/07/2024,87.42,87.42,87.27,87.42,10044.02,115.0
CRAA11,H1,31/07/2024,87.34,87.46,87.27,87.42,2969.89,34.0
CRAA11,H1,31/07/2024,87.5,87.74,87.46,87.46,7452.91,85.0
CRAA11,H1,31/07/2024,87.53,87.91,87.5,87.74,9295.86,106.0
CRAA11,H1,31/07/2024,87.56,87.56,87.53,87.53,16196.89,185.0
CRAA11,H1,30/07/2024,87.34,87.34,87.34,87.34,873.38,10.0
CRAA11,H1,30/07/2024,87.2,87.56,86.94,87.56,37092.41,424.0
CRAA11,H1,30/07/2024,86.67,87.55,86.67,87.49,51357.09,589.0
CRAA11,H1,30/07/2024,86.55,87.31,86.55,86.61,26239.62,301.0
CRAA11,H1,30/07/2024,87.33,87.33,86.35,87.32,16058.47,184.0
CRAA11,H1,30/07/2024,87.33,87.33,87.33,87.33,7510.36,86.0
CRAA11,H1,30/07/2024,87.56,87.56,86.95,87.33,3500.78,40.0
CRAA11,H1,30/07/2024,86.27,87.66,86.27,87.57,5947.65,68.0
CRAA11,H1,29/07/2024,86.26,86.93,86.25,86.25,15701.05,182.0
CRAA11,H1,29/07/2024,86.26,86.96,86.25,86.25,40527.85,468.0
CRAA11,H1,29/07/2024,86.97,87.34,86.25,86.26,105940.12,1219.0
CRAA11,H1,29/07/2024,87.43,87.44,86.95,86.97,39135.47,449.0
CRAA11,H1,29/07/2024,87.43,87.44,87.43,87.44,7082.7,81.0
CRAA11,H1,29/07/2024,87.1,87.47,87.1,87.47,262.03,3.0
CRAA11,H1,29/07/2024,88.07,88.07,86.62,87.97,39118.19,449.0
CRAA11,H1,29/07/2024,86.92,88.08,86.92,88.08,2891.26,33.0
CRAA11,H1,26/07/2024,87.18,87.18,87.05,87.05,958.77,11.0
CRAA11,H1,26/07/2024,87.58,87.98,87.34,87.98,38192.79,435.0
CRAA11,H1,26/07/2024,87.84,87.85,87.37,87.5,1840.77,21.0
CRAA11,H1,26/07/2024,87.85,87.86,87.35,87.35,2985.76,34.0
CRAA11,H1,26/07/2024,87.73,87.84,87.69,87.84,8075.81,92.0
CRAA11,H1,26/07/2024,87.18,87.86,87.18,87.84,7281.53,83.0
CRAA11,H1,26/07/2024,87.89,87.9,86.89,87.86,33187.69,378.0
CRAA11,H1,26/07/2024,88.37,88.37,87.34,87.94,9615.25,110.0
CRAA11,H1,25/07/2024,87.32,88.56,87.32,88.56,137884.68,1570.0
CRAA11,H1,25/07/2024,86.99,87.24,86.97,87.24,6268.65,72.0
CRAA11,H1,25/07/2024,87.32,87.32,86.17,86.99,315876.04,3626.0
CRAA11,H1,25/07/2024,87.33,87.33,87.18,87.33,187102.74,2146.0
CRAA11,H1,25/07/2024,87.49,87.49,87.33,87.33,3933.95,45.0
CRAA11,H1,25/07/2024,87.18,87.49,87.18,87.49,9679.27,111.0
CRAA11,H1,25/07/2024,87.18,87.34,87.09,87.18,77670.84,891.0
CRAA11,H1,25/07/2024,86.08,87.18,85.98,87.18,49323.45,569.0
CRAA11,H1,24/07/2024,85.32,85.4,85.32,85.4,7599.61,89.0
CRAA11,H1,24/07/2024,85.34,85.88,85.32,85.32,83601.98,979.0
CRAA11,H1,24/07/2024,85.41,85.83,85.33,85.34,209653.76,2453.0
CRAA11,H1,24/07/2024,85.43,85.99,85.41,85.41,159122.01,1862.0
CRAA11,H1,24/07/2024,85.42,86.12,85.41,85.43,167263.04,1957.0
CRAA11,H1,24/07/2024,85.36,86.12,85.32,85.42,179657.18,2103.0
CRAA11,H1,24/07/2024,85.88,86.24,85.35,85.35,173152.99,2022.0
CRAA11,H1,24/07/2024,88.04,88.04,85.81,85.88,158469.97,1841.0
CRAA11,H1,23/07/2024,88.04,88.04,88.04,88.04,4314.03,49.0
CRAA11,H1,23/07/2024,86.85,88.04,86.53,88.04,17930.67,206.0
CRAA11,H1,23/07/2024,89.12,89.44,86.86,86.86,24664.58,279.0
CRAA11,H1,23/07/2024,89.14,89.75,89.13,89.13,6248.45,70.0
CRAA11,H1,23/07/2024,89.02,89.14,88.96,89.14,5695.46,64.0
CRAA11,H1,23/07/2024,88.72,89.01,88.32,89.01,35187.23,396.0
CRAA11,H1,23/07/2024,88.9,88.91,88.55,88.91,10134.52,114.0
CRAA11,H1,23/07/2024,88.55,88.93,88.55,88.9,23045.7,260.0
CRAA11,H1,22/07/2024,88.92,88.93,88.55,88.55,4961.88,56.0
CRAA11,H1,22/07/2024,88.91,88.94,88.28,88.94,34679.27,390.0
CRAA11,H1,22/07/2024,88.91,88.91,88.26,88.91,17012.91,192.0
CRAA11,H1,22/07/2024,88.9,88.91,88.25,88.9,4355.04,49.0
CRAA11,H1,22/07/2024,88.96,89.14,88.24,88.93,36352.4,409.0
CRAA11,H1,22/07/2024,89.09,89.09,88.24,88.96,33784.16,380.0
CRAA11,H1,22/07/2024,88.87,89.15,88.83,89.14,18159.95,204.0
CRAA11,H1,19/07/2024,88.24,88.87,88.24,88.83,22666.69,256.0
CRAA11,H1,19/07/2024,88.58,88.58,88.24,88.24,19368.82,219.0
CRAA11,H1,19/07/2024,88.23,88.58,88.23,88.24,12185.54,138.0
CRAA11,H1,19/07/2024,88.07,88.31,88.07,88.23,13571.87,154.0
CRAA11,H1,19/07/2024,88.08,88.32,88.07,88.07,39376.44,447.0
CRAA11,H1,19/07/2024,88.35,88.35,88.07,88.08,4407.12,50.0
CRAA11,H1,19/07/2024,88.35,88.35,88.35,88.35,971.84,11.0
CRAA11,H1,18/07/2024,88.3,88.31,88.3,88.31,1501.23,17.0
CRAA11,H1,18/07/2024,88.06,88.43,87.98,88.35,21401.97,243.0
CRAA11,H1,18/07/2024,88.37,88.37,88.03,88.37,6715.68,76.0
CRAA11,H1,18/07/2024,87.5,88.37,87.5,87.98,82497.93,936.0
CRAA11,H1,18/07/2024,88.34,88.35,87.49,87.57,5203.95,59.0
CRAA11,H1,18/07/2024,88.36,88.37,88.15,88.34,75129.07,852.0
CRAA11,H1,18/07/2024,88.1,88.37,87.48,88.27,47650.99,540.0
CRAA11,H1,17/07/2024,88.07,88.1,87.5,88.1,117060.13,1329.0
CRAA11,H1,17/07/2024,87.7,88.08,87.7,88.07,4754.58,54.0
CRAA11,H1,17/07/2024,88.29,88.29,87.52,87.7,19021.17,216.0
CRAA11,H1,17/07/2024,88.38,88.51,87.7,88.29,5305.31,60.0
CRAA11,H1,17/07/2024,88.11,88.38,87.48,88.38,29527.05,335.0
CRAA11,H1,17/07/2024,87.46,88.2,87.46,87.47,2809.87,32.0
CRAA11,H1,17/07/2024,87.34,88.36,87.19,87.35,26673.25,303.0
CRAA11,H1,16/07/2024,87.42,87.42,87.25,87.25,92421.02,1059.0
CRAA11,H1,16/07/2024,87.29,87.43,87.26,87.43,30045.3,344.0
CRAA11,H1,16/07/2024,87.3,87.3,86.65,87.26,70713.84,811.0
CRAA11,H1,16/07/2024,87.23,87.29,86.13,87.29,107879.84,1243.0
CRAA11,H1,16/07/2024,88.2,88.7,86.64,86.73,108051.15,1227.0
CRAA11,H1,16/07/2024,86.21,88.69,86.13,88.2,151909.23,1747.0
CRAA11,H1,16/07/2024,86.46,86.46,86.13,86.46,41394.34,479.0
CRAA11,H1,16/07/2024,86.48,86.49,85.92,86.46,26874.55,311.0
CRAA11,H1,15/07/2024,86.49,86.49,86.49,86.49,2508.17,29.0
CRAA11,H1,15/07/2024,86.21,86.49,86.21,86.49,9945.36,115.0
CRAA11,H1,15/07/2024,86.5,86.5,86.05,86.48,13141.06,152.0
CRAA11,H1,15/07/2024,86.51,86.51,85.91,86.5,20416.07,237.0
CRAA11,H1,15/07/2024,86.53,86.53,86.12,86.5,57952.91,672.0
CRAA11,H1,15/07/2024,86.34,86.53,86.31,86.31,14599.15,169.0
CRAA11,H1,15/07/2024,86.33,86.34,86.33,86.34,3625.82,42.0
CRAA11,H1,15/07/2024,85.9,86.35,85.88,86.34,7826.82,91.0
CRAA11,H1,12/07/2024,85.88,85.88,85.88,85.88,429.41,5.0
CRAA11,H1,12/07/2024,85.8,85.88,85.8,85.8,18453.32,215.0
CRAA11,H1,12/07/2024,86.34,86.34,85.8,85.8,20658.14,240.0
CRAA11,H1,12/07/2024,86.34,86.35,86.34,86.35,4662.96,54.0
CRAA11,H1,12/07/2024,86.35,86.35,86.13,86.35,7685.04,89.0
CRAA11,H1,12/07/2024,86.32,86.36,86.21,86.35,15277.01,177.0
CRAA11,H1,12/07/2024,85.83,86.35,85.83,86.35,689.23,8.0
CRAA11,H1,12/07/2024,85.71,86.36,84.52,86.36,179834.59,2098.0
CRAA11,H1,11/07/2024,85.96,85.96,85.96,85.96,601.73,7.0
CRAA11,H1,11/07/2024,85.19,85.96,84.54,85.95,56239.0,664.0
CRAA11,H1,11/07/2024,86.53,86.53,84.91,86.21,95351.95,1114.0
CRAA11,H1,11/07/2024,86.53,86.53,86.53,86.53,66713.99,771.0
CRAA11,H1,11/07/2024,86.53,86.53,86.53,86.53,3201.58,37.0
CRAA11,H1,11/07/2024,86.58,86.58,86.53,86.53,4588.02,53.0
CRAA11,H1,11/07/2024,86.84,86.84,86.57,86.84,3464.44,40.0
CRAA11,H1,11/07/2024,86.04,86.92,86.04,86.89,23904.84,277.0
CRAA11,H1,10/07/2024,86.69,86.69,86.69,86.69,86.69,1.0
CRAA11,H1,10/07/2024,86.91,86.91,86.04,86.04,33958.41,394.0
CRAA11,H1,10/07/2024,86.28,86.92,86.28,86.91,40414.65,465.0
CRAA11,H1,10/07/2024,86.25,86.92,86.25,86.29,94876.37,1093.0
CRAA11,H1,10/07/2024,86.25,87.03,86.25,86.25,3539.74,41.0
CRAA11,H1,10/07/2024,87.1,87.14,86.21,86.25,14446.18,166.0
CRAA11,H1,10/07/2024,86.8,87.14,86.37,86.37,26671.14,307.0
CRAA11,H1,10/07/2024,86.06,86.8,86.06,86.8,18846.41,218.0
CRAA11,H1,09/07/2024,86.47,88.02,86.46,88.0,5373.24,62.0
CRAA11,H1,09/07/2024,88.91,88.91,86.47,86.47,142964.71,1616.0
CRAA11,H1,09/07/2024,89.25,89.25,87.74,88.91,41065.72,463.0
CRAA11,H1,09/07/2024,89.76,89.76,88.15,89.25,16904.65,191.0
CRAA11,H1,09/07/2024,87.25,89.76,86.48,89.75,89801.63,1013.0
CRAA11,H1,09/07/2024,86.46,87.33,86.46,86.46,29787.38,344.0
CRAA11,H1,09/07/2024,86.46,86.46,86.41,86.46,7867.14,91.0
CRAA11,H1,09/07/2024,85.18,86.75,85.18,86.53,36765.12,427.0
CRAA11,H1,08/07/2024,86.93,86.93,84.97,86.76,46567.75,542.0
CRAA11,H1,08/07/2024,87.63,88.68,86.0,86.93,57315.2,663.0
CRAA11,H1,08/07/2024,85.72,88.68,85.7,88.68,13435.18,154.0
CRAA11,H1,08/07/2024,85.72,88.66,85.72,85.72,44475.46,517.0
CRAA11,H1,08/07/2024,86.65,88.67,85.72,85.73,57447.15,662.0
CRAA11,H1,08/07/2024,87.06,87.83,85.72,85.73,45244.84,525.0
CRAA11,H1,08/07/2024,86.07,89.64,86.07,87.05,32426.15,372.0
CRAA11,H1,05/07/2024,85.89,91.17,85.61,86.86,88391.75,1003.0
CRAA11,H1,05/07/2024,86.13,86.35,85.89,85.9,81653.69,949.0
CRAA11,H1,05/07/2024,85.97,86.21,85.89,86.13,10757.78,125.0
CRAA11,H1,05/07/2024,86.32,86.32,85.89,86.24,40487.08,471.0
CRAA11,H1,05/07/2024,86.32,86.35,85.93,86.35,31235.88,362.0
CRAA11,H1,05/07/2024,86.36,86.36,85.6,86.35,3360.79,39.0
CRAA11,H1,05/07/2024,85.47,86.37,85.43,86.37,20704.15,242.0
CRAA11,H1,04/07/2024,85.12,85.47,84.93,85.47,20681.67,243.0
CRAA11,H1,04/07/2024,84.77,85.47,84.77,85.45,20015.65,235.0
CRAA11,H1,04/07/2024,85.6,85.65,84.53,85.47,30584.78,359.0
CRAA11,H1,04/07/2024,85.41,85.59,85.41,85.59,256.42,3.0
CRAA11,H1,04/07/2024,85.15,85.41,84.6,85.37,11517.11,135.0
CRAA11,H1,04/07/2024,85.29,85.41,84.38,84.47,38677.11,456.0
CRAA11,H1,04/07/2024,83.68,85.41,83.68,84.13,67661.75,794.0
CRAA11,H1,03/07/2024,84.13,84.13,83.68,83.68,11420.56,136.0
CRAA11,H1,03/07/2024,84.09,84.13,83.98,84.13,8496.9,101.0
CRAA11,H1,03/07/2024,83.82,83.97,83.68,83.97,27966.61,334.0
CRAA11,H1,03/07/2024,84.01,84.71,83.81,83.82,60721.0,723.0
CRAA11,H1,03/07/2024,84.69,84.72,83.9,84.71,25897.4,306.0
CRAA11,H1,03/07/2024,85.53,85.53,83.76,83.76,56381.33,665.0
CRAA11,H1,03/07/2024,84.61,85.54,84.04,85.53,31840.64,376.0
CRAA11,H1,02/07/2024,84.29,84.29,84.29,84.29,84.29,1.0
CRAA11,H1,02/07/2024,83.67,84.69,83.67,84.69,7392.96,88.0
CRAA11,H1,02/07/2024,83.6,84.69,83.6,83.64,14507.26,173.0
CRAA11,H1,02/07/2024,83.6,83.85,83.6,83.85,4431.39,53.0
CRAA11,H1,02/07/2024,83.85,84.05,83.57,83.59,12158.86,145.0
CRAA11,H1,02/07/2024,84.68,84.69,83.42,83.42,76744.29,916.0
CRAA11,H1,02/07/2024,84.36,84.73,84.05,84.73,12336.16,146.0
CRAA11,H1,02/07/2024,84.37,84.37,84.04,84.36,10700.53,127.0
CRAA11,H1,01/07/2024,83.58,83.58,83.58,83.58,83.58,1.0
CRAA11,H1,01/07/2024,84.43,84.75,83.58,83.58,58295.57,696.0
CRAA11,H1,01/07/2024,83.93,85.28,83.89,85.28,27050.08,322.0
CRAA11,H1,01/07/2024,84.05,84.24,83.97,83.97,8082.25,96.0
CRAA11,H1,01/07/2024,84.25,84.25,84.21,84.21,1853.03,22.0
CRAA11,H1,01/07/2024,83.61,84.25,83.59,84.25,15398.65,184.0
CRAA11,H1,01/07/2024,84.35,84.35,83.57,83.61,54108.67,646.0
CRAA11,H1,01/07/2024,85.89,85.89,84.31,84.35,6276.97,74.0
CRAA11,H1,28/06/2024,85.89,85.89,85.89,85.89,85.89,1.0
CRAA11,H1,28/06/2024,86.08,86.08,85.17,85.89,85062.8,990.0
CRAA11,H1,28/06/2024,85.97,86.76,84.78,86.08,129444.43,1503.0
CRAA11,H1,28/06/2024,83.93,86.76,83.93,85.97,260117.64,3068.0
CRAA11,H1,28/06/2024,83.6,83.97,83.6,83.93,9568.3,114.0
CRAA11,H1,28/06/2024,83.96,83.96,83.58,83.6,1425.46,17.0
CRAA11,H1,28/06/2024,83.58,83.97,83.58,83.6,3094.18,37.0
CRAA11,H1,28/06/2024,83.49,84.31,83.49,83.58,9242.38,110.0
CRAA11,H1,27/06/2024,83.17,84.59,83.17,83.49,38347.12,459.0
CRAA11,H1,27/06/2024,82.99,83.17,82.99,83.17,56846.8,684.0
CRAA11,H1,27/06/2024,82.77,83.01,82.31,82.99,59122.54,713.0
CRAA11,H1,27/06/2024,82.77,82.77,82.75,82.77,72093.07,871.0
CRAA11,H1,27/06/2024,82.74,82.77,82.74,82.77,112628.81,1361.0
CRAA11,H1,27/06/2024,82.72,82.74,82.65,82.74,37214.03,450.0
CRAA11,H1,27/06/2024,82.61,82.77,82.61,82.74,1654.57,20.0
CRAA11,H1,26/06/2024,81.98,82.41,81.98,82.25,14703.64,179.0
CRAA11,H1,26/06/2024,81.98,82.33,81.98,81.98,20176.17,246.0
CRAA11,H1,26/06/2024,81.97,82.0,81.97,81.98,34758.82,424.0
CRAA11,H1,26/06/2024,81.97,82.37,81.97,81.97,20835.44,254.0
CRAA11,H1,26/06/2024,82.06,82.23,81.97,81.97,27562.1,336.0
CRAA11,H1,26/06/2024,82.01,82.06,81.98,82.06,23783.16,290.0
CRAA11,H1,26/06/2024,81.84,82.69,81.84,82.01,24148.07,294.0
CRAA11,H1,25/06/2024,81.89,82.08,81.81,81.84,72181.25,882.0
CRAA11,H1,25/06/2024,81.93,82.21,81.89,81.89,88500.8,1080.0
CRAA11,H1,25/06/2024,81.85,82.33,81.85,81.93,114537.94,1397.0
CRAA11,H1,25/06/2024,81.88,82.33,81.42,81.85,237325.15,2896.0
CRAA11,H1,25/06/2024,82.45,82.61,81.85,81.87,86223.18,1050.0
CRAA11,H1,25/06/2024,82.45,82.61,82.45,82.45,29436.43,357.0
CRAA11,H1,25/06/2024,82.61,82.61,81.83,82.57,30585.69,371.0
CRAA11,H1,24/06/2024,82.61,82.61,82.61,82.61,82.61,1.0
CRAA11,H1,24/06/2024,82.37,82.62,81.81,82.61,245795.37,2999.0
CRAA11,H1,24/06/2024,82.29,82.37,82.29,82.37,5764.59,70.0
CRAA11,H1,24/06/2024,82.37,82.37,82.25,82.29,2715.88,33.0
CRAA11,H1,24/06/2024,82.37,82.37,82.2,82.2,29112.32,354.0
CRAA11,H1,24/06/2024,82.38,82.63,82.28,82.37,31132.55,378.0
CRAA11,H1,24/06/2024,82.37,82.45,82.37,82.38,54697.58,664.0
CRAA11,H1,24/06/2024,83.05,83.05,82.37,82.37,24729.04,300.0
CRAA11,H1,21/06/2024,82.37,82.37,82.32,82.37,43796.94,532.0
CRAA11,H1,21/06/2024,82.61,83.05,82.37,82.37,70608.17,855.0
CRAA11,H1,21/06/2024,83.05,83.13,82.53,82.61,81800.95,987.0
CRAA11,H1,21/06/2024,83.04,83.17,82.38,83.05,171034.22,2061.0
CRAA11,H1,21/06/2024,83.15,83.16,82.37,83.04,56524.27,684.0
CRAA11,H1,21/06/2024,83.01,83.17,82.63,83.15,8976.69,108.0
CRAA11,H1,21/06/2024,82.32,83.01,82.32,83.01,5023.19,61.0
CRAA11,H1,20/06/2024,82.81,82.91,82.32,82.32,62463.72,756.0
CRAA11,H1,20/06/2024,82.81,83.05,82.81,82.81,20130.37,243.0
CRAA11,H1,20/06/2024,82.81,82.81,82.81,82.81,16645.62,201.0
CRAA11,H1,20/06/2024,82.81,82.85,82.81,82.81,25424.74,307.0
CRAA11,H1,20/06/2024,82.77,82.83,82.38,82.81,16910.4,205.0
CRAA11,H1,20/06/2024,82.75,83.04,82.75,82.77,6213.48,75.0
CRAA11,H1,20/06/2024,82.37,82.76,82.37,82.39,2719.18,33.0
CRAA11,H1,19/06/2024,82.38,82.38,82.37,82.37,1235.62,15.0
CRAA11,H1,19/06/2024,82.38,82.56,82.37,82.56,61049.29,741.0
CRAA11,H1,19/06/2024,82.39,82.77,82.38,82.38,43771.02,531.0
CRAA11,H1,19/06/2024,82.09,82.77,82.09,82.38,167303.18,2031.0
CRAA11,H1,19/06/2024,82.77,82.78,82.01,82.1,71407.58,866.0
CRAA11,H1,19/06/2024,82.85,83.01,82.77,82.77,10685.13,129.0
CRAA11,H1,19/06/2024,82.93,83.01,82.66,83.01,31089.71,375.0
CRAA11,H1,19/06/2024,83.02,83.18,83.01,83.01,52730.2,635.0
CRAA11,H1,18/06/2024,83.18,83.18,83.17,83.17,45250.64,544.0
CRAA11,H1,18/06/2024,83.23,83.41,83.18,83.18,27805.37,334.0
CRAA11,H1,18/06/2024,83.35,83.38,83.23,83.23,38490.65,462.0
CRAA11,H1,18/06/2024,83.41,83.41,83.35,83.35,30256.94,363.0
CRAA11,H1,18/06/2024,83.41,83.41,83.41,83.41,3670.21,44.0
CRAA11,H1,18/06/2024,83.57,83.58,83.23,83.53,21014.12,252.0
CRAA11,H1,18/06/2024,83.95,83.95,83.57,83.57,19085.47,228.0
CRAA11,H1,18/06/2024,84.33,84.33,83.58,83.97,10496.76,125.0
CRAA11,H1,17/06/2024,84.29,84.29,84.29,84.29,19640.39,233.0
CRAA11,H1,17/06/2024,84.29,84.29,83.93,84.29,58238.55,691.0
CRAA11,H1,17/06/2024,84.29,84.29,84.28,84.29,16182.83,192.0
CRAA11,H1,17/06/2024,84.13,84.29,83.77,84.29,22779.56,271.0
CRAA11,H1,17/06/2024,84.28,84.29,83.85,84.13,27217.78,323.0
CRAA11,H1,17/06/2024,84.29,84.29,83.74,83.78,1094.58,13.0
CRAA11,H1,17/06/2024,84.29,84.29,83.73,83.73,12642.27,150.0
CRAA11,H1,17/06/2024,83.57,84.33,83.21,84.29,45030.65,538.0
CRAA11,H1,14/06/2024,83.75,84.08,83.73,83.73,51028.0,609.0
CRAA11,H1,14/06/2024,83.64,84.17,83.64,83.92,43513.8,520.0
CRAA11,H1,14/06/2024,83.5,84.24,83.49,83.64,54645.82,653.0
CRAA11,H1,14/06/2024,84.22,84.25,83.46,83.58,148276.86,1765.0
CRAA11,H1,14/06/2024,84.33,84.33,84.05,84.29,20819.58,247.0
CRAA11,H1,14/06/2024,84.21,84.33,84.21,84.33,39764.1,472.0
CRAA11,H1,14/06/2024,84.17,84.25,83.17,84.25,60953.98,724.0
CRAA11,H1,13/06/2024,82.5,82.5,82.49,82.49,2969.92,36.0
CRAA11,H1,13/06/2024,82.56,82.88,82.49,82.5,42512.08,514.0
CRAA11,H1,13/06/2024,82.44,82.81,82.02,82.57,18925.38,229.0
CRAA11,H1,13/06/2024,82.16,82.81,82.01,82.01,102053.02,1234.0
CRAA11,H1,13/06/2024,82.0,82.69,82.0,82.16,12110.75,147.0
CRAA11,H1,13/06/2024,82.51,82.7,81.69,82.0,104320.17,1262.0
CRAA11,H1,13/06/2024,82.44,82.69,81.3,82.69,40941.74,497.0
CRAA11,H1,13/06/2024,82.45,82.46,82.44,82.44,9893.45,120.0
CRAA11,H1,12/06/2024,82.69,82.69,82.68,82.69,4299.66,52.0
CRAA11,H1,12/06/2024,82.68,82.69,82.68,82.69,496.11,6.0
CRAA11,H1,12/06/2024,82.59,82.69,82.42,82.69,11235.11,136.0
CRAA11,H1,12/06/2024,82.63,82.65,82.39,82.39,4790.12,58.0
CRAA11,H1,12/06/2024,82.65,82.65,82.3,82.63,12721.77,154.0
CRAA11,H1,12/06/2024,82.65,82.65,82.65,82.65,19341.19,234.0
CRAA11,H1,11/06/2024,82.61,82.62,82.61,82.62,660.89,8.0
CRAA11,H1,11/06/2024,82.51,82.61,82.42,82.61,32917.05,399.0
CRAA11,H1,11/06/2024,82.61,82.61,82.42,82.42,57133.26,693.0
CRAA11,H1,11/06/2024,82.62,82.62,82.46,82.61,31504.4,382.0
CRAA11,H1,11/06/2024,82.65,82.65,82.62,82.62,3057.91,37.0
CRAA11,H1,11/06/2024,82.5,82.65,82.46,82.65,96906.58,1174.0
CRAA11,H1,11/06/2024,82.42,82.5,82.42,82.5,25972.91,315.0
CRAA11,H1,11/06/2024,82.42,82.46,82.42,82.46,44507.43,540.0
CRAA11,H1,10/06/2024,82.42,82.42,82.42,82.42,659.37,8.0
CRAA11,H1,10/06/2024,82.27,82.42,82.27,82.42,38229.86,464.0
CRAA11,H1,10/06/2024,82.3,82.3,82.21,82.26,1810.03,22.0
CRAA11,H1,10/06/2024,82.3,82.3,82.3,82.3,6501.84,79.0
CRAA11,H1,10/06/2024,82.3,82.3,82.15,82.15,1975.13,24.0
CRAA11,H1,10/06/2024,82.4,82.41,82.26,82.26,9055.45,110.0
CRAA11,H1,10/06/2024,82.09,82.26,82.09,82.26,5665.61,69.0
CRAA11,H1,10/06/2024,82.42,82.42,81.99,82.09,9442.81,115.0
