time,open,high,low,close,tick_volume
2026-05-21 12:10:00,1.37671,1.37692,1.37664,1.37669,264
2026-05-21 12:15:00,1.37669,1.37682,1.37655,1.3767,260
2026-05-21 12:20:00,1.3767,1.37671,1.37651,1.37654,318
2026-05-21 12:25:00,1.37654,1.37665,1.37638,1.37641,348
2026-05-21 12:30:00,1.37641,1.37652,1.37616,1.37617,247
2026-05-21 12:35:00,1.37617,1.3765,1.37617,1.37649,253
2026-05-21 12:40:00,1.37649,1.37662,1.3764,1.37661,228
2026-05-21 12:45:00,1.37661,1.37683,1.37659,1.37667,280
2026-05-21 12:50:00,1.37667,1.37672,1.37652,1.37654,258
2026-05-21 12:55:00,1.37653,1.37674,1.37653,1.37669,203
2026-05-21 13:00:00,1.37669,1.37672,1.37659,1.37665,261
2026-05-21 13:05:00,1.37665,1.37676,1.37654,1.3766,287
2026-05-21 13:10:00,1.37662,1.37672,1.37659,1.37669,224
2026-05-21 13:15:00,1.37669,1.37685,1.37663,1.37683,225
2026-05-21 13:20:00,1.37683,1.3769,1.37668,1.37682,214
2026-05-21 13:25:00,1.37682,1.37716,1.3768,1.37689,912
2026-05-21 13:30:00,1.37689,1.37737,1.37688,1.37715,764
2026-05-21 13:35:00,1.37716,1.37722,1.37698,1.3771,561
2026-05-21 13:40:00,1.3771,1.37716,1.37668,1.37681,628
2026-05-21 13:45:00,1.37681,1.37693,1.37663,1.37672,604
2026-05-21 13:50:00,1.37671,1.37683,1.37651,1.37656,461
2026-05-21 13:55:00,1.37656,1.37658,1.37629,1.37655,471
2026-05-21 14:00:00,1.37655,1.37663,1.37615,1.37643,458
2026-05-21 14:05:00,1.37643,1.37644,1.3762,1.37633,368
2026-05-21 14:10:00,1.37633,1.37663,1.37629,1.3764,312
2026-05-21 14:15:00,1.3764,1.37644,1.37623,1.37627,237
2026-05-21 14:20:00,1.37627,1.37642,1.37606,1.37631,463
2026-05-21 14:25:00,1.37631,1.37658,1.37631,1.37645,272
2026-05-21 14:30:00,1.37645,1.37648,1.37623,1.37641,223
2026-05-21 14:35:00,1.37641,1.37654,1.37626,1.3763,254
2026-05-21 14:40:00,1.3763,1.37634,1.37621,1.37632,203
2026-05-21 14:45:00,1.37632,1.37653,1.37631,1.37646,204
2026-05-21 14:50:00,1.37646,1.37658,1.37629,1.37655,301
2026-05-21 14:55:00,1.37655,1.37695,1.37654,1.37691,424
2026-05-21 15:00:00,1.37691,1.37732,1.37674,1.37682,440
2026-05-21 15:05:00,1.37682,1.37705,1.37679,1.37698,279
2026-05-21 15:10:00,1.37698,1.37724,1.37698,1.37707,356
2026-05-21 15:15:00,1.37707,1.37714,1.37695,1.37696,239
2026-05-21 15:20:00,1.37696,1.37747,1.37696,1.37745,380
2026-05-21 15:25:00,1.37745,1.37749,1.37716,1.37725,373
2026-05-21 15:30:00,1.37725,1.37736,1.37676,1.37683,554
2026-05-21 15:35:00,1.37683,1.37729,1.37679,1.377,678
2026-05-21 15:40:00,1.377,1.37727,1.37675,1.37685,481
2026-05-21 15:45:00,1.37685,1.37708,1.37657,1.37704,516
2026-05-21 15:50:00,1.37704,1.37721,1.37695,1.37702,429
2026-05-21 15:55:00,1.37702,1.37751,1.37695,1.37749,405
2026-05-21 16:00:00,1.37749,1.37776,1.37733,1.37775,382
2026-05-21 16:05:00,1.37775,1.37843,1.37774,1.37841,401
2026-05-21 16:10:00,1.37841,1.37847,1.37819,1.37845,480
2026-05-21 16:15:00,1.37845,1.3788,1.37828,1.37867,445
2026-05-21 16:20:00,1.37867,1.3787,1.37838,1.37842,502
2026-05-21 16:25:00,1.37842,1.37871,1.37835,1.37865,347
2026-05-21 16:30:00,1.37865,1.37878,1.37838,1.37847,651
2026-05-21 16:35:00,1.37847,1.37875,1.37847,1.37873,553
2026-05-21 16:40:00,1.37873,1.37894,1.37858,1.37891,450
2026-05-21 16:45:00,1.3789,1.37894,1.37841,1.37863,390
2026-05-21 16:50:00,1.37863,1.37867,1.37829,1.3785,904
2026-05-21 16:55:00,1.37849,1.37885,1.3784,1.37848,682
2026-05-21 17:00:00,1.37848,1.37892,1.37847,1.37888,564
2026-05-21 17:05:00,1.37888,1.37925,1.37877,1.37923,574
2026-05-21 17:10:00,1.37924,1.37945,1.37916,1.37926,532
2026-05-21 17:15:00,1.37926,1.37945,1.37919,1.37943,503
2026-05-21 17:20:00,1.37943,1.37969,1.37936,1.37962,580
2026-05-21 17:25:00,1.37961,1.37964,1.37914,1.37922,514
2026-05-21 17:30:00,1.37922,1.37947,1.37905,1.37945,558
2026-05-21 17:35:00,1.37945,1.37969,1.37934,1.37969,466
2026-05-21 17:40:00,1.37969,1.38,1.37969,1.37993,396
2026-05-21 17:45:00,1.37993,1.37998,1.37942,1.37943,423
2026-05-21 17:50:00,1.37943,1.37959,1.37834,1.37848,749
2026-05-21 17:55:00,1.37848,1.37896,1.37839,1.37893,698
2026-05-21 18:00:00,1.37893,1.37934,1.3786,1.37866,683
2026-05-21 18:05:00,1.37866,1.37949,1.37865,1.3794,843
2026-05-21 18:10:00,1.3794,1.37945,1.37873,1.37882,801
2026-05-21 18:15:00,1.37883,1.37934,1.37879,1.37926,648
2026-05-21 18:20:00,1.37926,1.37927,1.37884,1.37901,494
2026-05-21 18:25:00,1.37901,1.37907,1.37858,1.37863,451
2026-05-21 18:30:00,1.37863,1.37873,1.37842,1.3787,541
2026-05-21 18:35:00,1.3787,1.37874,1.37851,1.37868,453
2026-05-21 18:40:00,1.37868,1.37922,1.37867,1.37889,509
2026-05-21 18:45:00,1.37889,1.37893,1.37869,1.37885,460
2026-05-21 18:50:00,1.37885,1.37904,1.3787,1.37891,412
2026-05-21 18:55:00,1.37891,1.37896,1.37874,1.37888,408
2026-05-21 19:00:00,1.37888,1.37891,1.37869,1.37878,544
2026-05-21 19:05:00,1.37878,1.37882,1.37858,1.37878,466
2026-05-21 19:10:00,1.37878,1.37928,1.37877,1.37906,634
2026-05-21 19:15:00,1.37906,1.37922,1.37879,1.3788,489
2026-05-21 19:20:00,1.37881,1.37917,1.37879,1.37896,408
2026-05-21 19:25:00,1.37897,1.37902,1.37876,1.37885,358
2026-05-21 19:30:00,1.37885,1.37899,1.37859,1.37889,398
2026-05-21 19:35:00,1.37889,1.37896,1.37872,1.3789,421
2026-05-21 19:40:00,1.3789,1.37907,1.37887,1.379,347
2026-05-21 19:45:00,1.379,1.37914,1.37898,1.37909,269
2026-05-21 19:50:00,1.37909,1.37918,1.37875,1.37876,244
2026-05-21 19:55:00,1.37876,1.37882,1.3784,1.37859,429
2026-05-21 20:00:00,1.37859,1.37882,1.37854,1.37873,387
2026-05-21 20:05:00,1.37873,1.37881,1.37866,1.37874,286
2026-05-21 20:10:00,1.37874,1.37875,1.37827,1.37847,1112
2026-05-21 20:15:00,1.37847,1.37847,1.37742,1.37806,1063
2026-05-21 20:20:00,1.37806,1.37806,1.37748,1.37775,836
2026-05-21 20:25:00,1.37776,1.37801,1.3776,1.3777,541
2026-05-21 20:30:00,1.3777,1.37786,1.37749,1.37765,689
2026-05-21 20:35:00,1.37765,1.37774,1.37745,1.37773,438
2026-05-21 20:40:00,1.37773,1.37797,1.37766,1.37774,474
2026-05-21 20:45:00,1.37774,1.37806,1.37751,1.37752,484
2026-05-21 20:50:00,1.37752,1.37777,1.37741,1.37761,575
2026-05-21 20:55:00,1.3776,1.37793,1.37742,1.37777,549
2026-05-21 21:00:00,1.37777,1.37787,1.37727,1.37777,665
2026-05-21 21:05:00,1.37777,1.37783,1.37744,1.37766,500
2026-05-21 21:10:00,1.37766,1.37781,1.37751,1.37761,465
2026-05-21 21:15:00,1.37761,1.37771,1.37726,1.3773,399
2026-05-21 21:20:00,1.3773,1.37732,1.37696,1.37698,316
2026-05-21 21:25:00,1.37698,1.37706,1.37672,1.37687,433
2026-05-21 21:30:00,1.37687,1.37708,1.3768,1.37692,502
2026-05-21 21:35:00,1.37692,1.37734,1.37691,1.37731,335
2026-05-21 21:40:00,1.37731,1.37744,1.37716,1.37737,395
2026-05-21 21:45:00,1.37737,1.37799,1.3773,1.37793,445
2026-05-21 21:50:00,1.37793,1.37833,1.37771,1.37832,636
2026-05-21 21:55:00,1.37832,1.3785,1.37815,1.37827,822
2026-05-21 22:00:00,1.37827,1.37828,1.37788,1.37793,697
2026-05-21 22:05:00,1.37794,1.37838,1.37779,1.37798,488
2026-05-21 22:10:00,1.37798,1.37814,1.37789,1.37804,319
2026-05-21 22:15:00,1.37804,1.37806,1.37793,1.37794,240
2026-05-21 22:20:00,1.37794,1.37795,1.37778,1.37789,284
2026-05-21 22:25:00,1.37789,1.37813,1.37783,1.37801,264
2026-05-21 22:30:00,1.37801,1.37801,1.37768,1.37787,516
2026-05-21 22:35:00,1.37787,1.3779,1.37767,1.37776,305
2026-05-21 22:40:00,1.37776,1.37802,1.37774,1.37798,374
2026-05-21 22:45:00,1.37798,1.37802,1.37785,1.37794,394
2026-05-21 22:50:00,1.37794,1.37828,1.37789,1.37812,530
2026-05-21 22:55:00,1.37814,1.3782,1.37769,1.37791,640
2026-05-21 23:00:00,1.37788,1.37799,1.37775,1.37787,342
2026-05-21 23:05:00,1.37787,1.37803,1.37776,1.37803,288
2026-05-21 23:10:00,1.37803,1.37807,1.37791,1.37792,252
2026-05-21 23:15:00,1.37792,1.37798,1.37776,1.37781,217
2026-05-21 23:20:00,1.37781,1.37782,1.37763,1.37766,120
2026-05-21 23:25:00,1.37766,1.37774,1.37763,1.37769,155
2026-05-21 23:30:00,1.37769,1.37782,1.37767,1.37782,58
2026-05-21 23:35:00,1.37782,1.37785,1.37771,1.37781,56
2026-05-21 23:40:00,1.37781,1.37785,1.37774,1.37781,75
2026-05-21 23:45:00,1.37781,1.37786,1.37775,1.37777,32
2026-05-21 23:50:00,1.37777,1.37796,1.3777,1.37788,56
2026-05-21 23:55:00,1.37788,1.37793,1.37759,1.37759,161
2026-05-22 00:00:00,1.37747,1.37747,1.37694,1.37731,33
2026-05-22 00:05:00,1.37715,1.3775,1.37709,1.37743,15
2026-05-22 00:10:00,1.37743,1.37751,1.3771,1.37735,25
2026-05-22 00:15:00,1.37735,1.3774,1.37731,1.37739,16
2026-05-22 00:20:00,1.37739,1.37766,1.37731,1.37739,17
2026-05-22 00:25:00,1.37739,1.3774,1.37736,1.37737,16
2026-05-22 00:30:00,1.37737,1.37741,1.37733,1.37735,31
2026-05-22 00:35:00,1.3774,1.37744,1.37721,1.37727,112
2026-05-22 00:40:00,1.37728,1.37739,1.37714,1.37723,87
2026-05-22 00:45:00,1.37723,1.37729,1.37718,1.37721,60
2026-05-22 00:50:00,1.3772,1.3773,1.37718,1.37724,25
2026-05-22 00:55:00,1.37724,1.37754,1.37719,1.37724,42
2026-05-22 01:00:00,1.37724,1.37754,1.37681,1.37751,101
2026-05-22 01:05:00,1.37751,1.37768,1.37751,1.37762,40
2026-05-22 01:10:00,1.37762,1.37777,1.37762,1.37771,45
2026-05-22 01:15:00,1.3777,1.3777,1.3776,1.3776,36
2026-05-22 01:20:00,1.37761,1.37763,1.37758,1.3776,37
2026-05-22 01:25:00,1.3776,1.37761,1.3776,1.3776,32
2026-05-22 01:30:00,1.37762,1.37763,1.37752,1.37754,75
2026-05-22 01:35:00,1.37754,1.37755,1.37752,1.37754,33
2026-05-22 01:40:00,1.37754,1.37754,1.3774,1.37744,87
2026-05-22 01:45:00,1.37744,1.37766,1.37738,1.37749,89
2026-05-22 01:50:00,1.37749,1.37755,1.37747,1.37755,88
2026-05-22 01:55:00,1.37755,1.37764,1.37749,1.37754,56
2026-05-22 02:00:00,1.37754,1.37759,1.37744,1.37753,63
2026-05-22 02:05:00,1.37753,1.37763,1.37753,1.37762,70
2026-05-22 02:10:00,1.37762,1.3777,1.3776,1.37763,60
2026-05-22 02:15:00,1.37763,1.37768,1.37761,1.37767,59
2026-05-22 02:20:00,1.37767,1.37774,1.37767,1.37771,17
2026-05-22 02:25:00,1.37771,1.37771,1.37762,1.37763,54
2026-05-22 02:30:00,1.37763,1.37764,1.37757,1.37761,51
2026-05-22 02:35:00,1.37761,1.37769,1.37761,1.37767,33
2026-05-22 02:40:00,1.37767,1.37776,1.37767,1.37774,41
2026-05-22 02:45:00,1.37774,1.37775,1.37761,1.37764,146
2026-05-22 02:50:00,1.37764,1.37772,1.37757,1.37772,147
2026-05-22 02:55:00,1.37772,1.37773,1.3776,1.3776,110
2026-05-22 03:00:00,1.3776,1.3783,1.3776,1.3783,542
2026-05-22 03:05:00,1.3783,1.37839,1.37815,1.37838,362
2026-05-22 03:10:00,1.37838,1.37879,1.37837,1.37858,449
2026-05-22 03:15:00,1.37859,1.3787,1.37848,1.37861,345
2026-05-22 03:20:00,1.37861,1.37863,1.37848,1.37857,198
2026-05-22 03:25:00,1.37857,1.3786,1.37841,1.37844,295
2026-05-22 03:30:00,1.37843,1.37861,1.37839,1.37855,327
2026-05-22 03:35:00,1.37856,1.37862,1.37847,1.37853,306
2026-05-22 03:40:00,1.37853,1.37854,1.3784,1.37844,180
2026-05-22 03:45:00,1.37844,1.3785,1.37833,1.37848,291
2026-05-22 03:50:00,1.37849,1.3785,1.3784,1.37844,362
2026-05-22 03:55:00,1.37844,1.37854,1.37828,1.37835,353
2026-05-22 04:00:00,1.37835,1.37856,1.37831,1.37856,392
2026-05-22 04:05:00,1.37856,1.37887,1.37856,1.37885,291
2026-05-22 04:10:00,1.37886,1.37886,1.37856,1.37858,296
2026-05-22 04:15:00,1.37858,1.37869,1.37851,1.37854,340
2026-05-22 04:20:00,1.37853,1.3787,1.37845,1.37869,226
2026-05-22 04:25:00,1.37869,1.37872,1.37848,1.3785,324
2026-05-22 04:30:00,1.3785,1.37858,1.37838,1.37843,322
2026-05-22 04:35:00,1.37843,1.37856,1.37842,1.37849,434
2026-05-22 04:40:00,1.37849,1.37858,1.37838,1.37851,430
2026-05-22 04:45:00,1.37852,1.37853,1.37837,1.37844,293
2026-05-22 04:50:00,1.37844,1.3786,1.37834,1.37858,313
2026-05-22 04:55:00,1.37858,1.37892,1.37858,1.3789,306
2026-05-22 05:00:00,1.3789,1.37892,1.37875,1.3788,217
2026-05-22 05:05:00,1.3788,1.37888,1.37878,1.37886,210
2026-05-22 05:10:00,1.37885,1.37896,1.37883,1.37893,258
2026-05-22 05:15:00,1.37893,1.37895,1.3788,1.37886,216
2026-05-22 05:20:00,1.37886,1.379,1.37875,1.37884,303
2026-05-22 05:25:00,1.37884,1.37887,1.37874,1.37877,218
2026-05-22 05:30:00,1.37877,1.3788,1.3787,1.3787,289
2026-05-22 05:35:00,1.3787,1.37873,1.37857,1.37864,197
2026-05-22 05:40:00,1.37864,1.37877,1.37861,1.37875,225
2026-05-22 05:45:00,1.37875,1.37884,1.37868,1.37868,249
2026-05-22 05:50:00,1.37869,1.37891,1.37866,1.3789,290
2026-05-22 05:55:00,1.3789,1.37899,1.3788,1.37884,267
2026-05-22 06:00:00,1.37884,1.37891,1.37879,1.37888,233
2026-05-22 06:05:00,1.37888,1.37905,1.37888,1.37904,326
2026-05-22 06:10:00,1.37904,1.37915,1.379,1.3791,292
2026-05-22 06:15:00,1.3791,1.37924,1.37899,1.37904,219
2026-05-22 06:20:00,1.37904,1.37906,1.37893,1.37896,212
2026-05-22 06:25:00,1.37896,1.37899,1.3789,1.37891,224
2026-05-22 06:30:00,1.37891,1.37899,1.37885,1.37893,217
2026-05-22 06:35:00,1.37893,1.37899,1.37885,1.3789,149
2026-05-22 06:40:00,1.3789,1.37898,1.37887,1.37897,216
2026-05-22 06:45:00,1.37897,1.37899,1.37892,1.37899,107
2026-05-22 06:50:00,1.37899,1.3791,1.37898,1.37906,189
2026-05-22 06:55:00,1.37906,1.37917,1.37905,1.37915,137
2026-05-22 07:00:00,1.37916,1.37926,1.37912,1.37915,95
2026-05-22 07:05:00,1.37915,1.37918,1.37897,1.37905,244
2026-05-22 07:10:00,1.37905,1.37907,1.37894,1.37895,70
2026-05-22 07:15:00,1.37895,1.37899,1.3788,1.37884,142
2026-05-22 07:20:00,1.37884,1.37887,1.37875,1.37877,192
2026-05-22 07:25:00,1.37877,1.37886,1.37875,1.37879,98
2026-05-22 07:30:00,1.37879,1.37891,1.37879,1.37889,123
2026-05-22 07:35:00,1.37889,1.379,1.37889,1.37899,172
2026-05-22 07:40:00,1.37899,1.37913,1.37898,1.37903,278
2026-05-22 07:45:00,1.37903,1.37906,1.37894,1.37895,167
2026-05-22 07:50:00,1.37895,1.37896,1.37889,1.37893,163
2026-05-22 07:55:00,1.37893,1.37896,1.37882,1.37889,128
2026-05-22 08:00:00,1.3789,1.37898,1.37884,1.37894,239
2026-05-22 08:05:00,1.37894,1.37894,1.37876,1.37885,171
2026-05-22 08:10:00,1.37885,1.37889,1.37881,1.37886,150
2026-05-22 08:15:00,1.37886,1.37893,1.37884,1.3789,168
2026-05-22 08:20:00,1.3789,1.379,1.37889,1.37897,232
2026-05-22 08:25:00,1.37897,1.379,1.3789,1.37897,178
2026-05-22 08:30:00,1.37897,1.379,1.37887,1.37897,338
2026-05-22 08:35:00,1.37897,1.37908,1.37894,1.37906,205
2026-05-22 08:40:00,1.37906,1.37919,1.37904,1.37915,273
2026-05-22 08:45:00,1.37914,1.37917,1.37908,1.37915,286
2026-05-22 08:50:00,1.37915,1.37921,1.37838,1.37864,296
2026-05-22 08:55:00,1.37864,1.37935,1.37864,1.3793,516
2026-05-22 09:00:00,1.37929,1.37937,1.37902,1.37917,362
2026-05-22 09:05:00,1.37917,1.37933,1.37911,1.37931,277
2026-05-22 09:10:00,1.37931,1.37936,1.3792,1.37936,272
2026-05-22 09:15:00,1.37936,1.37949,1.37936,1.37941,230
2026-05-22 09:20:00,1.37941,1.37944,1.37932,1.37935,225
2026-05-22 09:25:00,1.37935,1.37942,1.37912,1.37914,283
2026-05-22 09:30:00,1.37914,1.37927,1.37911,1.37915,352
2026-05-22 09:35:00,1.37915,1.37945,1.37912,1.37944,232
2026-05-22 09:40:00,1.37945,1.37951,1.3793,1.37932,194
2026-05-22 09:45:00,1.37932,1.37945,1.37925,1.37936,256
2026-05-22 09:50:00,1.37936,1.37936,1.37915,1.37921,235
2026-05-22 09:55:00,1.37922,1.37922,1.37899,1.37899,320
2026-05-22 10:00:00,1.37899,1.3795,1.37899,1.37925,426
2026-05-22 10:05:00,1.37925,1.37951,1.37924,1.3794,251
2026-05-22 10:10:00,1.3794,1.37954,1.3794,1.37942,271
2026-05-22 10:15:00,1.37942,1.37945,1.37928,1.37943,201
2026-05-22 10:20:00,1.37943,1.37944,1.37915,1.37926,181
2026-05-22 10:25:00,1.37926,1.37953,1.37915,1.37919,275
2026-05-22 10:30:00,1.37919,1.37946,1.37919,1.37935,242
2026-05-22 10:35:00,1.37935,1.37938,1.3792,1.37927,203
2026-05-22 10:40:00,1.37927,1.37927,1.37912,1.37915,146
2026-05-22 10:45:00,1.37915,1.37926,1.37904,1.37909,221
2026-05-22 10:50:00,1.37909,1.3792,1.37902,1.37916,158
2026-05-22 10:55:00,1.37916,1.37918,1.37894,1.37904,117
2026-05-22 11:00:00,1.37905,1.37909,1.37895,1.37907,264
2026-05-22 11:05:00,1.37907,1.37913,1.37894,1.37913,269
2026-05-22 11:10:00,1.37913,1.37915,1.37897,1.37906,188
2026-05-22 11:15:00,1.37906,1.37908,1.37857,1.37859,308
2026-05-22 11:20:00,1.37859,1.37878,1.37841,1.37867,411
2026-05-22 11:25:00,1.37866,1.3787,1.37836,1.37855,228
2026-05-22 11:30:00,1.37855,1.37883,1.37836,1.37876,244
2026-05-22 11:35:00,1.37877,1.379,1.3786,1.37865,457
2026-05-22 11:40:00,1.37865,1.37878,1.37852,1.37867,262
2026-05-22 11:45:00,1.37867,1.37868,1.37844,1.37846,195
2026-05-22 11:50:00,1.37846,1.37859,1.37845,1.37848,233
2026-05-22 11:55:00,1.37848,1.37854,1.37837,1.37847,216
2026-05-22 12:00:00,1.37847,1.37873,1.37839,1.37864,318
2026-05-22 12:05:00,1.37864,1.37898,1.37863,1.37888,262
2026-05-22 12:10:00,1.37888,1.37904,1.37877,1.37903,238
2026-05-22 12:15:00,1.37901,1.37937,1.37901,1.37924,349
2026-05-22 12:20:00,1.37924,1.37928,1.37915,1.37924,262
2026-05-22 12:25:00,1.37924,1.37927,1.37906,1.37909,249
2026-05-22 12:30:00,1.37909,1.3793,1.37908,1.37922,255
2026-05-22 12:35:00,1.37922,1.37933,1.37907,1.37908,242
2026-05-22 12:40:00,1.37908,1.37935,1.37908,1.37933,158
2026-05-22 12:45:00,1.37933,1.37933,1.37914,1.37916,155
2026-05-22 12:50:00,1.37917,1.37927,1.37904,1.37926,204
2026-05-22 12:55:00,1.37926,1.37928,1.37914,1.37915,229
2026-05-22 13:00:00,1.37915,1.37928,1.37907,1.37927,284
2026-05-22 13:05:00,1.37927,1.37927,1.37913,1.37926,175
2026-05-22 13:10:00,1.37926,1.37931,1.37916,1.37919,204
2026-05-22 13:15:00,1.37918,1.37937,1.37917,1.37934,247
2026-05-22 13:20:00,1.37934,1.37958,1.37932,1.37948,229
2026-05-22 13:25:00,1.37948,1.37963,1.37948,1.37962,149
2026-05-22 13:30:00,1.37962,1.37984,1.37952,1.37982,286
2026-05-22 13:35:00,1.37979,1.37987,1.37974,1.37983,295
2026-05-22 13:40:00,1.37983,1.37989,1.37977,1.37981,151
2026-05-22 13:45:00,1.37981,1.37989,1.37978,1.37981,157
2026-05-22 13:50:00,1.37981,1.37984,1.37974,1.37981,114
2026-05-22 13:55:00,1.37981,1.37983,1.37971,1.37976,245
2026-05-22 14:00:00,1.37976,1.37999,1.37974,1.37991,303
2026-05-22 14:05:00,1.37992,1.37999,1.37987,1.37995,237
2026-05-22 14:10:00,1.37994,1.37999,1.37988,1.3799,200
2026-05-22 14:15:00,1.3799,1.37992,1.3797,1.37971,176
2026-05-22 14:20:00,1.37971,1.37975,1.37961,1.37966,212
2026-05-22 14:25:00,1.37966,1.37971,1.37956,1.37965,237
2026-05-22 14:30:00,1.37965,1.37994,1.37965,1.3799,264
2026-05-22 14:35:00,1.3799,1.37993,1.37976,1.3799,235
2026-05-22 14:40:00,1.3799,1.38004,1.37979,1.37992,290
2026-05-22 14:45:00,1.37992,1.38007,1.37954,1.37961,370
2026-05-22 14:50:00,1.37961,1.38002,1.3795,1.38002,328
2026-05-22 14:55:00,1.38002,1.3802,1.37994,1.38008,306
2026-05-22 15:00:00,1.38008,1.3802,1.37989,1.38018,487
2026-05-22 15:05:00,1.38018,1.38025,1.38,1.38006,343
2026-05-22 15:10:00,1.38005,1.38013,1.37969,1.37993,723
2026-05-22 15:15:00,1.37993,1.38018,1.37991,1.38008,603
2026-05-22 15:20:00,1.38008,1.3806,1.38005,1.38044,511
2026-05-22 15:25:00,1.38044,1.38069,1.38032,1.38064,308
2026-05-22 15:30:00,1.38066,1.38067,1.38011,1.38013,405
2026-05-22 15:35:00,1.38013,1.3803,1.38001,1.38009,429
2026-05-22 15:40:00,1.38009,1.38033,1.37993,1.38032,407
2026-05-22 15:45:00,1.38032,1.38059,1.38007,1.38058,396
2026-05-22 15:50:00,1.38058,1.38066,1.38041,1.38045,280
2026-05-22 15:55:00,1.38044,1.3806,1.38032,1.38037,366
2026-05-22 16:00:00,1.38037,1.38044,1.37985,1.37996,404
2026-05-22 16:05:00,1.37997,1.37997,1.37936,1.3795,534
2026-05-22 16:10:00,1.3795,1.37965,1.37909,1.37941,698
2026-05-22 16:15:00,1.37941,1.37978,1.37941,1.3797,481
2026-05-22 16:20:00,1.3797,1.37996,1.3797,1.37982,392
2026-05-22 16:25:00,1.37981,1.38,1.37981,1.37996,409
2026-05-22 16:30:00,1.37998,1.38023,1.37983,1.37997,654
2026-05-22 16:35:00,1.37998,1.38049,1.37996,1.38042,583
2026-05-22 16:40:00,1.3804,1.38044,1.37999,1.38004,622
2026-05-22 16:45:00,1.38004,1.3802,1.37994,1.38011,393
2026-05-22 16:50:00,1.38011,1.38014,1.37981,1.37991,515
2026-05-22 16:55:00,1.37992,1.37996,1.37975,1.37978,369
2026-05-22 17:00:00,1.37978,1.3807,1.37978,1.38058,723
2026-05-22 17:05:00,1.38058,1.38073,1.38033,1.38034,652
2026-05-22 17:10:00,1.38034,1.38085,1.38025,1.3808,472
2026-05-22 17:15:00,1.3808,1.38127,1.38077,1.38106,653
2026-05-22 17:20:00,1.38106,1.38132,1.38096,1.3812,437
2026-05-22 17:25:00,1.3812,1.38127,1.38104,1.38111,469
2026-05-22 17:30:00,1.3811,1.38134,1.38105,1.38134,496
2026-05-22 17:35:00,1.38134,1.38162,1.38115,1.38154,532
2026-05-22 17:40:00,1.38154,1.38157,1.3813,1.3814,408
2026-05-22 17:45:00,1.38141,1.38165,1.38127,1.38165,377
2026-05-22 17:50:00,1.38165,1.38195,1.38164,1.38176,657
2026-05-22 17:55:00,1.38177,1.38193,1.38146,1.38191,720
2026-05-22 18:00:00,1.38191,1.38211,1.38169,1.38173,487
2026-05-22 18:05:00,1.38173,1.38178,1.38149,1.38168,557
2026-05-22 18:10:00,1.38168,1.38182,1.3816,1.38165,394
2026-05-22 18:15:00,1.38165,1.38173,1.3815,1.38164,324
2026-05-22 18:20:00,1.38164,1.38185,1.38161,1.38174,462
2026-05-22 18:25:00,1.38173,1.38176,1.3815,1.38174,458
2026-05-22 18:30:00,1.38174,1.38178,1.38141,1.3816,513
2026-05-22 18:35:00,1.3816,1.38189,1.38151,1.38186,432
2026-05-22 18:40:00,1.38186,1.38201,1.38182,1.38194,360
2026-05-22 18:45:00,1.38194,1.38222,1.3818,1.382,368
2026-05-22 18:50:00,1.382,1.38202,1.38169,1.38181,415
2026-05-22 18:55:00,1.38181,1.38196,1.3818,1.38182,449
2026-05-22 19:00:00,1.38183,1.38223,1.38183,1.38221,599
2026-05-22 19:05:00,1.38221,1.38223,1.38198,1.38198,348
2026-05-22 19:10:00,1.38198,1.38201,1.38143,1.38149,295
2026-05-22 19:15:00,1.3815,1.38155,1.3813,1.38134,297
2026-05-22 19:20:00,1.38134,1.38154,1.38113,1.38149,319
2026-05-22 19:25:00,1.38149,1.38153,1.38132,1.38143,362
2026-05-22 19:30:00,1.38144,1.38147,1.38125,1.38135,458
2026-05-22 19:35:00,1.38135,1.38144,1.38125,1.38128,389
2026-05-22 19:40:00,1.38128,1.38131,1.38114,1.38126,282
2026-05-22 19:45:00,1.38126,1.38127,1.38094,1.38101,341
2026-05-22 19:50:00,1.38101,1.38118,1.38088,1.38097,488
2026-05-22 19:55:00,1.38097,1.381,1.38079,1.38081,309
2026-05-22 20:00:00,1.38081,1.38083,1.38065,1.38078,410
2026-05-22 20:05:00,1.38078,1.381,1.38069,1.3809,270
2026-05-22 20:10:00,1.3809,1.38096,1.38084,1.38087,201
2026-05-22 20:15:00,1.38087,1.38096,1.38065,1.38074,272
2026-05-22 20:20:00,1.38074,1.38092,1.38066,1.38069,430
2026-05-22 20:25:00,1.38067,1.38105,1.38051,1.38077,805
2026-05-22 20:30:00,1.38076,1.38122,1.38063,1.38119,867
2026-05-22 20:35:00,1.38119,1.38125,1.38092,1.3811,471
2026-05-22 20:40:00,1.3811,1.38133,1.38107,1.38128,365
2026-05-22 20:45:00,1.38128,1.3814,1.3812,1.38121,192
2026-05-22 20:50:00,1.38123,1.38125,1.38107,1.38117,365
2026-05-22 20:55:00,1.38118,1.38121,1.38101,1.38106,259
2026-05-22 21:00:00,1.38106,1.38124,1.38074,1.38077,414
2026-05-22 21:05:00,1.38076,1.3808,1.38063,1.38076,267
2026-05-22 21:10:00,1.38076,1.38085,1.38054,1.38061,274
2026-05-22 21:15:00,1.38061,1.38089,1.38059,1.38087,212
2026-05-22 21:20:00,1.38087,1.38091,1.38073,1.38077,202
2026-05-22 21:25:00,1.38077,1.38089,1.38064,1.38074,279
2026-05-22 21:30:00,1.38074,1.38078,1.38066,1.38068,199
2026-05-22 21:35:00,1.38068,1.38071,1.38042,1.38062,314
2026-05-22 21:40:00,1.38061,1.38073,1.3806,1.3807,293
2026-05-22 21:45:00,1.3807,1.38077,1.3806,1.38067,220
2026-05-22 21:50:00,1.38069,1.38071,1.38059,1.38062,224
2026-05-22 21:55:00,1.38062,1.3809,1.38055,1.3809,256
2026-05-22 22:00:00,1.3809,1.38116,1.3808,1.38116,497
2026-05-22 22:05:00,1.38116,1.38117,1.38094,1.38095,337
2026-05-22 22:10:00,1.38096,1.38105,1.38086,1.38098,301
2026-05-22 22:15:00,1.38098,1.38102,1.38086,1.38088,266
2026-05-22 22:20:00,1.38088,1.38097,1.38067,1.38068,188
2026-05-22 22:25:00,1.38068,1.38071,1.38057,1.38069,231
2026-05-22 22:30:00,1.38069,1.38076,1.38065,1.38069,316
2026-05-22 22:35:00,1.38069,1.38097,1.38067,1.38096,379
2026-05-22 22:40:00,1.38096,1.38103,1.38084,1.38103,287
2026-05-22 22:45:00,1.38103,1.38127,1.38103,1.38114,329
2026-05-22 22:50:00,1.38114,1.38129,1.3811,1.38115,335
2026-05-22 22:55:00,1.38115,1.38146,1.38107,1.38145,312
2026-05-22 23:00:00,1.38142,1.38146,1.3812,1.38124,240
2026-05-22 23:05:00,1.38124,1.38126,1.38112,1.38121,274
2026-05-22 23:10:00,1.38121,1.38132,1.38115,1.38132,165
2026-05-22 23:15:00,1.38132,1.38143,1.38128,1.38133,212
2026-05-22 23:20:00,1.38133,1.38139,1.3812,1.38138,81
2026-05-22 23:25:00,1.38138,1.38149,1.38137,1.38146,237
2026-05-22 23:30:00,1.38147,1.3818,1.38142,1.38178,116
2026-05-22 23:35:00,1.38178,1.38178,1.3816,1.38162,138
2026-05-22 23:40:00,1.38162,1.38174,1.3816,1.38171,65
2026-05-22 23:45:00,1.38171,1.38193,1.38153,1.38187,61
2026-05-22 23:50:00,1.38187,1.38238,1.38187,1.38212,191
2026-05-22 23:55:00,1.38213,1.38219,1.38129,1.38207,394
2026-05-25 00:00:00,1.37936,1.3797,1.37933,1.3797,7
2026-05-25 00:05:00,1.3797,1.37979,1.37944,1.37979,15
2026-05-25 00:10:00,1.37979,1.37998,1.37979,1.37992,32
2026-05-25 00:15:00,1.37992,1.37992,1.37951,1.37975,32
2026-05-25 00:20:00,1.38033,1.38069,1.38026,1.38058,39
2026-05-25 00:25:00,1.38058,1.38076,1.38058,1.38067,34
2026-05-25 00:30:00,1.38067,1.38071,1.38067,1.38069,8
2026-05-25 00:35:00,1.38069,1.38069,1.38069,1.38069,5
2026-05-25 00:40:00,1.38069,1.38119,1.38069,1.38091,113
2026-05-25 00:45:00,1.38091,1.38116,1.38061,1.38103,74
2026-05-25 00:50:00,1.38103,1.38131,1.3807,1.38102,111
2026-05-25 00:55:00,1.38102,1.3811,1.38068,1.3811,12
2026-05-25 01:00:00,1.3811,1.38139,1.38041,1.38086,93
2026-05-25 01:05:00,1.38088,1.38091,1.38077,1.38078,52
2026-05-25 01:10:00,1.38078,1.38078,1.38039,1.38055,114
2026-05-25 01:15:00,1.38055,1.38064,1.38035,1.38046,192
2026-05-25 01:20:00,1.38046,1.3805,1.38025,1.38036,134
2026-05-25 01:25:00,1.38036,1.38037,1.38015,1.3802,122
2026-05-25 01:30:00,1.3802,1.38022,1.37994,1.38005,174
2026-05-25 01:35:00,1.38005,1.38008,1.37996,1.37996,132
2026-05-25 01:40:00,1.37996,1.38007,1.37989,1.37998,192
2026-05-25 01:45:00,1.37998,1.38011,1.3799,1.38003,143
2026-05-25 01:50:00,1.38003,1.38011,1.38003,1.3801,72
2026-05-25 01:55:00,1.3801,1.38022,1.38009,1.38015,82
2026-05-25 02:00:00,1.38016,1.38016,1.37996,1.37996,151
2026-05-25 02:05:00,1.37996,1.38,1.37986,1.37988,133
2026-05-25 02:10:00,1.37988,1.37996,1.37986,1.37993,166
2026-05-25 02:15:00,1.37993,1.37995,1.37989,1.37992,95
2026-05-25 02:20:00,1.37992,1.37994,1.3798,1.37984,120
2026-05-25 02:25:00,1.37984,1.37991,1.37979,1.37988,89
2026-05-25 02:30:00,1.37988,1.38001,1.37987,1.37998,117
2026-05-25 02:35:00,1.37998,1.3801,1.37998,1.38001,99
2026-05-25 02:40:00,1.38001,1.38017,1.38,1.38017,142
2026-05-25 02:45:00,1.38017,1.3802,1.38006,1.3801,178
2026-05-25 02:50:00,1.3801,1.3803,1.38009,1.38022,195
2026-05-25 02:55:00,1.38022,1.3804,1.38017,1.38023,244
2026-05-25 03:00:00,1.38024,1.38051,1.38022,1.38051,415
2026-05-25 03:05:00,1.3805,1.38059,1.38044,1.38048,252
2026-05-25 03:10:00,1.38048,1.38052,1.38037,1.38047,322
2026-05-25 03:15:00,1.38047,1.38074,1.38047,1.38067,385
2026-05-25 03:20:00,1.38066,1.38069,1.38046,1.38048,389
2026-05-25 03:25:00,1.38048,1.3807,1.38048,1.38057,281
2026-05-25 03:30:00,1.38057,1.38072,1.38048,1.38067,322
2026-05-25 03:35:00,1.38067,1.38078,1.38062,1.38067,268
2026-05-25 03:40:00,1.38068,1.38073,1.38063,1.38068,240
2026-05-25 03:45:00,1.38068,1.38071,1.38024,1.38034,243
2026-05-25 03:50:00,1.38034,1.38036,1.38013,1.38013,242
2026-05-25 03:55:00,1.38013,1.38048,1.38013,1.38036,494
2026-05-25 04:00:00,1.38036,1.38058,1.38025,1.38026,518
2026-05-25 04:05:00,1.38026,1.38038,1.3801,1.38034,300
2026-05-25 04:10:00,1.38034,1.38039,1.37979,1.3798,354
2026-05-25 04:15:00,1.3798,1.37989,1.37972,1.37974,210
2026-05-25 04:20:00,1.37974,1.37978,1.3796,1.37964,220
2026-05-25 04:25:00,1.37964,1.37971,1.37954,1.37959,178
2026-05-25 04:30:00,1.37959,1.3799,1.37954,1.37983,228
2026-05-25 04:35:00,1.37983,1.37984,1.37962,1.37968,129
2026-05-25 04:40:00,1.37968,1.37983,1.37968,1.37974,179
2026-05-25 04:45:00,1.37974,1.37983,1.37967,1.37981,165
2026-05-25 04:50:00,1.37981,1.3799,1.37977,1.37988,169
2026-05-25 04:55:00,1.37988,1.37992,1.37983,1.37991,157
2026-05-25 05:00:00,1.37991,1.37991,1.37981,1.37983,113
2026-05-25 05:05:00,1.37983,1.37983,1.37958,1.37961,154
2026-05-25 05:10:00,1.37961,1.37974,1.37958,1.37974,96
2026-05-25 05:15:00,1.37974,1.37979,1.37969,1.37971,126
2026-05-25 05:20:00,1.37971,1.37983,1.37966,1.3798,105
2026-05-25 05:25:00,1.3798,1.37987,1.37974,1.37978,144
2026-05-25 05:30:00,1.37978,1.37981,1.37974,1.37975,131
2026-05-25 05:35:00,1.37975,1.37986,1.37972,1.37985,108
2026-05-25 05:40:00,1.37985,1.37989,1.3798,1.37982,135
2026-05-25 05:45:00,1.37982,1.37992,1.3798,1.37985,125
2026-05-25 05:50:00,1.37985,1.37996,1.37985,1.37996,71
2026-05-25 05:55:00,1.37996,1.38012,1.37996,1.38004,113
2026-05-25 06:00:00,1.38004,1.38016,1.37993,1.38009,164
2026-05-25 06:05:00,1.38009,1.38021,1.38009,1.38021,167
2026-05-25 06:10:00,1.38021,1.38023,1.38014,1.3802,122
2026-05-25 06:15:00,1.3802,1.38036,1.38019,1.38034,147
2026-05-25 06:20:00,1.38034,1.38039,1.38024,1.38038,157
2026-05-25 06:25:00,1.38038,1.38051,1.3803,1.38049,148
2026-05-25 06:30:00,1.38049,1.38053,1.38041,1.3805,139
2026-05-25 06:35:00,1.3805,1.38071,1.38046,1.38068,273
2026-05-25 06:40:00,1.38067,1.38077,1.38067,1.38077,182
2026-05-25 06:45:00,1.38077,1.38087,1.38073,1.38082,230
2026-05-25 06:50:00,1.38082,1.38097,1.38079,1.38097,156
2026-05-25 06:55:00,1.38097,1.381,1.38081,1.38085,164
2026-05-25 07:00:00,1.38085,1.38088,1.38071,1.38073,109
2026-05-25 07:05:00,1.38073,1.38097,1.38071,1.38096,149
2026-05-25 07:10:00,1.38096,1.38101,1.38092,1.38099,156
2026-05-25 07:15:00,1.38099,1.38106,1.38094,1.38103,175
2026-05-25 07:20:00,1.38103,1.38104,1.38087,1.38095,151
2026-05-25 07:25:00,1.38095,1.38097,1.38087,1.38092,140
2026-05-25 07:30:00,1.38092,1.38095,1.38071,1.38073,216
2026-05-25 07:35:00,1.38073,1.38087,1.38072,1.38078,263
2026-05-25 07:40:00,1.38078,1.38079,1.38067,1.38075,148
2026-05-25 07:45:00,1.38075,1.38075,1.38061,1.38066,161
2026-05-25 07:50:00,1.38066,1.38067,1.38055,1.38062,192
2026-05-25 07:55:00,1.3806,1.38062,1.38048,1.38059,230
2026-05-25 08:00:00,1.38059,1.38064,1.3805,1.38053,215
2026-05-25 08:05:00,1.38053,1.38057,1.38038,1.38052,201
2026-05-25 08:10:00,1.38052,1.3806,1.38041,1.38055,286
2026-05-25 08:15:00,1.38055,1.38058,1.38049,1.3805,150
2026-05-25 08:20:00,1.3805,1.38068,1.38049,1.38067,106
2026-05-25 08:25:00,1.38067,1.38077,1.38066,1.38071,90
2026-05-25 08:30:00,1.38071,1.38072,1.38064,1.3807,176
2026-05-25 08:35:00,1.3807,1.38082,1.38067,1.3807,108
2026-05-25 08:40:00,1.3807,1.38079,1.38057,1.38064,134
2026-05-25 08:45:00,1.38064,1.38082,1.38063,1.38078,109
2026-05-25 08:50:00,1.38078,1.38098,1.38078,1.38095,170
2026-05-25 08:55:00,1.38095,1.38112,1.38095,1.38098,171
2026-05-25 09:00:00,1.38098,1.38132,1.38097,1.38129,284
2026-05-25 09:05:00,1.38129,1.38137,1.38124,1.38134,114
2026-05-25 09:10:00,1.38134,1.38135,1.38115,1.38124,185
2026-05-25 09:15:00,1.38124,1.38137,1.38123,1.38129,186
2026-05-25 09:20:00,1.38127,1.38131,1.38095,1.38102,188
2026-05-25 09:25:00,1.38102,1.38117,1.38089,1.38112,256
2026-05-25 09:30:00,1.38112,1.38118,1.38092,1.38094,183
2026-05-25 09:35:00,1.38094,1.381,1.38086,1.3809,240
2026-05-25 09:40:00,1.3809,1.38102,1.38089,1.38098,209
2026-05-25 09:45:00,1.38098,1.38101,1.38092,1.38096,127
2026-05-25 09:50:00,1.38096,1.38097,1.38081,1.38084,170
2026-05-25 09:55:00,1.38085,1.38101,1.38083,1.38099,299
2026-05-25 10:00:00,1.38099,1.38128,1.38095,1.38127,301
2026-05-25 10:05:00,1.38127,1.38157,1.38126,1.38144,334
2026-05-25 10:10:00,1.38144,1.38148,1.38125,1.38136,378
2026-05-25 10:15:00,1.38136,1.38189,1.38132,1.38185,332
2026-05-25 10:20:00,1.38185,1.38205,1.38181,1.38191,343
2026-05-25 10:25:00,1.38192,1.38199,1.38159,1.38169,381
2026-05-25 10:30:00,1.38169,1.38175,1.38148,1.38155,497
2026-05-25 10:35:00,1.38154,1.38167,1.38148,1.38165,179
2026-05-25 10:40:00,1.38164,1.38175,1.38154,1.38171,273
2026-05-25 10:45:00,1.38171,1.38175,1.38162,1.38172,240
2026-05-25 10:50:00,1.38172,1.38172,1.38162,1.38167,156
2026-05-25 10:55:00,1.38167,1.38168,1.38154,1.38156,218
2026-05-25 11:00:00,1.38156,1.38195,1.38153,1.38184,397
2026-05-25 11:05:00,1.38184,1.38203,1.38166,1.38173,431
2026-05-25 11:10:00,1.38173,1.38173,1.38148,1.38156,227
2026-05-25 11:15:00,1.38156,1.38165,1.38146,1.38152,233
2026-05-25 11:20:00,1.38151,1.3816,1.38144,1.38155,198
2026-05-25 11:25:00,1.38155,1.38164,1.38152,1.3816,280
2026-05-25 11:30:00,1.3816,1.38163,1.3813,1.3813,180
2026-05-25 11:35:00,1.3813,1.38154,1.38127,1.38149,139
2026-05-25 11:40:00,1.38149,1.38156,1.38138,1.38155,154
2026-05-25 11:45:00,1.38155,1.38158,1.3814,1.38144,164
2026-05-25 11:50:00,1.38144,1.38144,1.3812,1.38122,151
2026-05-25 11:55:00,1.38122,1.38136,1.38119,1.38125,200
2026-05-25 12:00:00,1.38125,1.38127,1.38113,1.38124,119
2026-05-25 12:05:00,1.38124,1.38125,1.38111,1.38124,133
2026-05-25 12:10:00,1.38124,1.38142,1.38114,1.38142,136
2026-05-25 12:15:00,1.38142,1.38145,1.38137,1.38143,138
2026-05-25 12:20:00,1.38143,1.38159,1.3814,1.38155,105
2026-05-25 12:25:00,1.38155,1.38155,1.38141,1.38145,176
2026-05-25 12:30:00,1.38145,1.38147,1.38134,1.38142,155
2026-05-25 12:35:00,1.3814,1.38141,1.38126,1.38126,183
2026-05-25 12:40:00,1.38126,1.38127,1.38112,1.38113,100
2026-05-25 12:45:00,1.38113,1.38126,1.38112,1.38123,111
2026-05-25 12:50:00,1.38123,1.38134,1.38122,1.38132,144
2026-05-25 12:55:00,1.38132,1.38145,1.38127,1.38143,177
2026-05-25 13:00:00,1.38143,1.38144,1.38122,1.38131,223
2026-05-25 13:05:00,1.3813,1.38152,1.38125,1.38149,142
2026-05-25 13:10:00,1.38147,1.38148,1.38138,1.38142,102
2026-05-25 13:15:00,1.38142,1.38145,1.38139,1.38143,83
2026-05-25 13:20:00,1.38143,1.38152,1.38143,1.38149,159
2026-05-25 13:25:00,1.38151,1.38153,1.38137,1.38143,69
2026-05-25 13:30:00,1.38143,1.38154,1.38143,1.38154,93
2026-05-25 13:35:00,1.38154,1.38159,1.38138,1.38139,50
2026-05-25 13:40:00,1.38139,1.38149,1.38134,1.38141,120
2026-05-25 13:45:00,1.38141,1.38143,1.38129,1.38132,131
2026-05-25 13:50:00,1.38132,1.38156,1.38132,1.38154,121
2026-05-25 13:55:00,1.38154,1.38156,1.38144,1.38146,119
2026-05-25 14:00:00,1.38146,1.38176,1.38142,1.38172,228
2026-05-25 14:05:00,1.38172,1.3818,1.38169,1.38172,130
2026-05-25 14:10:00,1.38172,1.38174,1.3817,1.38172,98
2026-05-25 14:15:00,1.38172,1.38173,1.38143,1.38144,138
2026-05-25 14:20:00,1.38144,1.38146,1.38134,1.38137,109
2026-05-25 14:25:00,1.38137,1.38137,1.38117,1.38122,139
2026-05-25 14:30:00,1.38122,1.38133,1.3811,1.38117,209
2026-05-25 14:35:00,1.38117,1.38119,1.3809,1.38093,187
2026-05-25 14:40:00,1.38094,1.38094,1.38071,1.38074,227
2026-05-25 14:45:00,1.38074,1.3811,1.38071,1.38104,312
2026-05-25 14:50:00,1.38104,1.38115,1.38095,1.381,286
2026-05-25 14:55:00,1.381,1.38115,1.38092,1.38114,281
2026-05-25 15:00:00,1.38113,1.38127,1.3811,1.38114,326
2026-05-25 15:05:00,1.38114,1.38128,1.38114,1.38125,301
2026-05-25 15:10:00,1.38125,1.38138,1.38112,1.38119,264
2026-05-25 15:15:00,1.38119,1.38135,1.38117,1.38124,181
2026-05-25 15:20:00,1.38129,1.38138,1.3811,1.38119,303
2026-05-25 15:25:00,1.38119,1.38119,1.38111,1.38116,165
2026-05-25 15:30:00,1.38116,1.38118,1.38075,1.38078,344
2026-05-25 15:35:00,1.3808,1.38087,1.38073,1.38083,187
2026-05-25 15:40:00,1.38083,1.38084,1.38061,1.38074,226
2026-05-25 15:45:00,1.38074,1.38084,1.38046,1.38062,409
2026-05-25 15:50:00,1.38062,1.38075,1.38058,1.38068,259
2026-05-25 15:55:00,1.38068,1.38069,1.38054,1.38067,185
2026-05-25 16:00:00,1.38066,1.38071,1.38055,1.38069,226
2026-05-25 16:05:00,1.3807,1.38076,1.38039,1.38041,222
2026-05-25 16:10:00,1.38041,1.38055,1.38037,1.3805,185
2026-05-25 16:15:00,1.3805,1.38074,1.38043,1.38047,432
2026-05-25 16:20:00,1.38047,1.38049,1.38034,1.38039,248
2026-05-25 16:25:00,1.38039,1.38043,1.38018,1.38028,204
2026-05-25 16:30:00,1.38028,1.38064,1.38027,1.38055,316
2026-05-25 16:35:00,1.38055,1.38067,1.38046,1.38059,286
2026-05-25 16:40:00,1.3806,1.38075,1.38055,1.38071,201
2026-05-25 16:45:00,1.38071,1.38099,1.3807,1.3809,299
2026-05-25 16:50:00,1.3809,1.381,1.38086,1.38097,225
2026-05-25 16:55:00,1.38097,1.38105,1.38083,1.38091,237
2026-05-25 17:00:00,1.38091,1.38097,1.38058,1.3806,361
2026-05-25 17:05:00,1.3806,1.38067,1.38055,1.38056,219
2026-05-25 17:10:00,1.38056,1.38059,1.38045,1.3805,219
2026-05-25 17:15:00,1.3805,1.38055,1.38045,1.38048,238
2026-05-25 17:20:00,1.38048,1.38048,1.3801,1.38018,249
2026-05-25 17:25:00,1.38018,1.38046,1.38018,1.38045,229
2026-05-25 17:30:00,1.38045,1.38048,1.38037,1.38043,240
2026-05-25 17:35:00,1.38043,1.38049,1.38039,1.3804,163
2026-05-25 17:40:00,1.3804,1.3804,1.37986,1.37989,332
2026-05-25 17:45:00,1.37989,1.38018,1.37988,1.38017,369
2026-05-25 17:50:00,1.38017,1.38019,1.37998,1.38007,265
2026-05-25 17:55:00,1.38007,1.3801,1.37988,1.38009,500
2026-05-25 18:00:00,1.38009,1.38029,1.38007,1.38021,206
2026-05-25 18:05:00,1.38021,1.38024,1.37981,1.37994,253
2026-05-25 18:10:00,1.37994,1.38001,1.37965,1.37995,603
2026-05-25 18:15:00,1.37995,1.38009,1.37979,1.3798,300
2026-05-25 18:20:00,1.3798,1.37995,1.37974,1.37988,85
2026-05-25 18:25:00,1.37988,1.38015,1.37987,1.38012,207
2026-05-25 18:30:00,1.38012,1.38017,1.38001,1.38003,119
2026-05-25 18:35:00,1.38003,1.38015,1.37989,1.3799,111
2026-05-25 18:40:00,1.3799,1.37993,1.3796,1.37962,114
2026-05-25 18:45:00,1.37962,1.37964,1.37948,1.37958,115
2026-05-25 18:50:00,1.37958,1.37963,1.37952,1.3796,51
2026-05-25 18:55:00,1.3796,1.37977,1.37956,1.37971,188
2026-05-25 19:00:00,1.37971,1.37985,1.37964,1.37982,121
2026-05-25 19:05:00,1.37982,1.37998,1.37981,1.37993,79
2026-05-25 19:10:00,1.37993,1.38003,1.37981,1.37982,112
2026-05-25 19:15:00,1.37982,1.37992,1.37978,1.37992,39
2026-05-25 19:20:00,1.37992,1.38005,1.37989,1.37992,90
2026-05-25 19:25:00,1.37992,1.37994,1.37987,1.37993,67
2026-05-25 19:30:00,1.37993,1.38008,1.37992,1.38007,98
2026-05-25 19:35:00,1.38007,1.38034,1.38005,1.38034,131
2026-05-25 19:40:00,1.38034,1.38034,1.38022,1.38022,85
2026-05-25 19:45:00,1.38023,1.38029,1.38022,1.38024,139
2026-05-25 19:50:00,1.38024,1.38042,1.38021,1.38033,119
2026-05-25 19:55:00,1.38033,1.38034,1.38021,1.38031,60
2026-05-25 20:00:00,1.38031,1.38033,1.38027,1.38032,42
2026-05-25 20:05:00,1.38032,1.38042,1.3803,1.3804,52
2026-05-25 20:10:00,1.3804,1.3804,1.38011,1.38033,100
2026-05-25 20:15:00,1.38033,1.38038,1.38031,1.38034,35
2026-05-25 20:20:00,1.38034,1.38054,1.38034,1.38037,35
2026-05-25 20:25:00,1.38037,1.38039,1.38019,1.38021,36
2026-05-25 20:30:00,1.38021,1.38023,1.38012,1.38021,51
2026-05-25 20:35:00,1.38021,1.38021,1.3801,1.38014,32
2026-05-25 20:40:00,1.38014,1.38033,1.38013,1.38033,26
2026-05-25 20:45:00,1.38033,1.38036,1.38031,1.38033,18
2026-05-25 20:50:00,1.38033,1.38033,1.38025,1.3803,57
2026-05-25 20:55:00,1.3803,1.38042,1.38029,1.38031,65
2026-05-25 21:00:00,1.38031,1.38033,1.38016,1.38018,69
2026-05-25 21:05:00,1.38018,1.38023,1.38016,1.38019,40
2026-05-25 21:10:00,1.38019,1.38023,1.38018,1.38021,30
2026-05-25 21:15:00,1.38021,1.38033,1.38021,1.38031,29
2026-05-25 21:20:00,1.38031,1.38034,1.38027,1.3803,31
2026-05-25 21:25:00,1.3803,1.38032,1.38027,1.38031,24
2026-05-25 21:30:00,1.38031,1.38037,1.38031,1.38033,21
2026-05-25 21:35:00,1.38033,1.38034,1.38029,1.38031,28
2026-05-25 21:40:00,1.38031,1.38053,1.38031,1.38053,44
2026-05-25 21:45:00,1.38053,1.38053,1.38029,1.38029,52
2026-05-25 21:50:00,1.38029,1.38045,1.38027,1.38042,39
2026-05-25 21:55:00,1.38043,1.38046,1.38037,1.38043,31
2026-05-25 22:00:00,1.38043,1.38045,1.38042,1.38043,34
2026-05-25 22:05:00,1.38043,1.38043,1.38029,1.3804,61
2026-05-25 22:10:00,1.38041,1.38051,1.38039,1.38039,57
2026-05-25 22:15:00,1.38039,1.38045,1.38039,1.38039,27
2026-05-25 22:20:00,1.38039,1.38044,1.38036,1.38041,62
2026-05-25 22:25:00,1.38041,1.38043,1.38035,1.38039,41
2026-05-25 22:30:00,1.38039,1.38041,1.38032,1.38036,79
2026-05-25 22:35:00,1.38036,1.38038,1.37999,1.38005,185
2026-05-25 22:40:00,1.38004,1.38017,1.38001,1.38015,41
2026-05-25 22:45:00,1.38015,1.38022,1.38006,1.38006,30
2026-05-25 22:50:00,1.38006,1.3801,1.38002,1.38003,32
2026-05-25 22:55:00,1.38003,1.38007,1.37996,1.37999,48
2026-05-25 23:00:00,1.37996,1.37999,1.37994,1.37997,62
2026-05-25 23:05:00,1.37997,1.38006,1.37988,1.37996,59
2026-05-25 23:10:00,1.37996,1.37997,1.37993,1.37994,75
2026-05-25 23:15:00,1.37995,1.37998,1.37988,1.37997,55
2026-05-25 23:20:00,1.37997,1.38008,1.37997,1.38008,41
2026-05-25 23:25:00,1.38008,1.38017,1.38003,1.38015,105
2026-05-25 23:30:00,1.38013,1.38013,1.37994,1.37996,38
2026-05-25 23:35:00,1.37996,1.38014,1.37995,1.38013,41
2026-05-25 23:40:00,1.38012,1.38026,1.38009,1.3802,62
2026-05-25 23:45:00,1.3802,1.38021,1.38013,1.38019,43
2026-05-25 23:50:00,1.38019,1.38021,1.38015,1.3802,39
2026-05-25 23:55:00,1.3802,1.38027,1.38016,1.38027,53
2026-05-26 00:00:00,1.37926,1.3798,1.37926,1.37979,5
2026-05-26 00:05:00,1.37977,1.37994,1.37966,1.37975,37
2026-05-26 00:10:00,1.37989,1.3799,1.37952,1.37981,21
2026-05-26 00:15:00,1.37976,1.38008,1.37948,1.37976,16
2026-05-26 00:20:00,1.37976,1.38008,1.37973,1.37974,13
2026-05-26 00:25:00,1.37974,1.37974,1.37974,1.37974,5
2026-05-26 00:30:00,1.37974,1.38001,1.37969,1.38001,21
2026-05-26 00:35:00,1.38,1.38005,1.37975,1.37993,112
2026-05-26 00:40:00,1.37992,1.38013,1.37977,1.38006,192
2026-05-26 00:45:00,1.38006,1.38031,1.37999,1.38031,82
2026-05-26 00:50:00,1.38034,1.3804,1.38029,1.38034,88
2026-05-26 00:55:00,1.38029,1.38031,1.38024,1.38026,39
2026-05-26 01:00:00,1.38026,1.38047,1.38012,1.38032,62
2026-05-26 01:05:00,1.38031,1.38033,1.38024,1.38031,36
2026-05-26 01:10:00,1.38031,1.38035,1.38031,1.38033,30
2026-05-26 01:15:00,1.38033,1.38049,1.38032,1.38041,29
2026-05-26 01:20:00,1.38041,1.38041,1.38033,1.38033,9
2026-05-26 01:25:00,1.38033,1.38034,1.38033,1.38034,8
2026-05-26 01:30:00,1.38036,1.38036,1.38034,1.38034,39
2026-05-26 01:35:00,1.38034,1.38037,1.38034,1.38036,22
2026-05-26 01:40:00,1.38036,1.38036,1.38032,1.38034,12
2026-05-26 01:45:00,1.38034,1.38034,1.3803,1.38032,19
2026-05-26 01:50:00,1.38032,1.38032,1.38024,1.38024,25
2026-05-26 01:55:00,1.38024,1.38031,1.38024,1.38029,70
2026-05-26 02:00:00,1.38029,1.38029,1.38022,1.38023,70
2026-05-26 02:05:00,1.38023,1.38024,1.38022,1.38023,40
2026-05-26 02:10:00,1.38023,1.38023,1.38021,1.38022,37
2026-05-26 02:15:00,1.38023,1.38023,1.3802,1.38022,73
2026-05-26 02:20:00,1.38022,1.38031,1.38021,1.3803,44
2026-05-26 02:25:00,1.3803,1.38032,1.38024,1.3803,55
2026-05-26 02:30:00,1.3803,1.38042,1.3803,1.38042,63
2026-05-26 02:35:00,1.38042,1.38048,1.38041,1.38043,80
2026-05-26 02:40:00,1.38043,1.38062,1.3804,1.3806,92
2026-05-26 02:45:00,1.3806,1.38067,1.38045,1.38065,142
2026-05-26 02:50:00,1.38065,1.38069,1.38052,1.38054,174
2026-05-26 02:55:00,1.38054,1.38062,1.38052,1.38058,206
2026-05-26 03:00:00,1.38058,1.38074,1.38058,1.3806,606
2026-05-26 03:05:00,1.3806,1.38062,1.38048,1.38053,355
2026-05-26 03:10:00,1.38053,1.38056,1.38035,1.38051,340
2026-05-26 03:15:00,1.38052,1.38081,1.38045,1.38078,404
2026-05-26 03:20:00,1.38078,1.38088,1.3807,1.38081,347
2026-05-26 03:25:00,1.3808,1.38082,1.38065,1.38072,393
2026-05-26 03:30:00,1.38072,1.38072,1.38054,1.38061,340
2026-05-26 03:35:00,1.3806,1.38066,1.38052,1.38063,246
2026-05-26 03:40:00,1.38063,1.38066,1.38052,1.38066,195
2026-05-26 03:45:00,1.38066,1.38071,1.38051,1.38056,308
2026-05-26 03:50:00,1.38056,1.38058,1.38045,1.38047,279
2026-05-26 03:55:00,1.38048,1.38048,1.3803,1.38034,302
2026-05-26 04:00:00,1.38034,1.38048,1.38026,1.38045,366
2026-05-26 04:05:00,1.38045,1.38054,1.38039,1.38045,357
2026-05-26 04:10:00,1.38045,1.38047,1.38029,1.38034,398
2026-05-26 04:15:00,1.38035,1.38046,1.38024,1.3804,362
2026-05-26 04:20:00,1.38041,1.38052,1.38031,1.3804,394
2026-05-26 04:25:00,1.38039,1.38057,1.38039,1.38051,383
2026-05-26 04:30:00,1.38051,1.38072,1.38048,1.38064,475
2026-05-26 04:35:00,1.38065,1.38087,1.38064,1.38085,394
2026-05-26 04:40:00,1.38085,1.38096,1.3808,1.38084,518
2026-05-26 04:45:00,1.38084,1.38089,1.38072,1.38075,368
2026-05-26 04:50:00,1.38076,1.38079,1.38071,1.38073,277
2026-05-26 04:55:00,1.38073,1.38081,1.38067,1.38079,283
2026-05-26 05:00:00,1.38079,1.38082,1.38072,1.38078,271
2026-05-26 05:05:00,1.38078,1.38081,1.38069,1.38072,230
2026-05-26 05:10:00,1.38072,1.38083,1.38071,1.3808,266
2026-05-26 05:15:00,1.38081,1.38084,1.38078,1.3808,321
2026-05-26 05:20:00,1.3808,1.38084,1.38077,1.3808,277
2026-05-26 05:25:00,1.38081,1.38084,1.38073,1.3808,281
2026-05-26 05:30:00,1.3808,1.38084,1.38076,1.38083,288
2026-05-26 05:35:00,1.38083,1.38092,1.38083,1.3809,348
2026-05-26 05:40:00,1.3809,1.38101,1.38085,1.38098,309
2026-05-26 05:45:00,1.38098,1.38109,1.38097,1.38106,276
2026-05-26 05:50:00,1.38107,1.3811,1.38101,1.38104,204
2026-05-26 05:55:00,1.38104,1.38104,1.38085,1.38091,216
2026-05-26 06:00:00,1.38091,1.38094,1.38078,1.38085,284
2026-05-26 06:05:00,1.38085,1.38089,1.38074,1.38082,238
2026-05-26 06:10:00,1.38082,1.38084,1.38079,1.38081,284
2026-05-26 06:15:00,1.38081,1.38083,1.38075,1.38076,466
2026-05-26 06:20:00,1.38078,1.38078,1.3807,1.38072,151
2026-05-26 06:25:00,1.38072,1.38078,1.38063,1.38078,138
2026-05-26 06:30:00,1.38078,1.38079,1.38073,1.38077,202
2026-05-26 06:35:00,1.38077,1.38081,1.38075,1.38079,359
2026-05-26 06:40:00,1.38079,1.38083,1.38076,1.38077,407
2026-05-26 06:45:00,1.38077,1.38083,1.38077,1.38081,157
2026-05-26 06:50:00,1.38081,1.38085,1.38072,1.38073,215
2026-05-26 06:55:00,1.38074,1.38083,1.38063,1.38064,192
2026-05-26 07:00:00,1.38064,1.38081,1.38063,1.3808,119
2026-05-26 07:05:00,1.3808,1.3809,1.38072,1.38076,161
2026-05-26 07:10:00,1.38076,1.38076,1.38062,1.38062,179
2026-05-26 07:15:00,1.38062,1.38073,1.38062,1.38068,205
2026-05-26 07:20:00,1.38068,1.38075,1.38068,1.38071,138
2026-05-26 07:25:00,1.38071,1.3808,1.38071,1.38079,143
2026-05-26 07:30:00,1.38079,1.38083,1.38075,1.38077,126
2026-05-26 07:35:00,1.38077,1.38089,1.38077,1.38087,257
2026-05-26 07:40:00,1.38087,1.38098,1.38087,1.38095,175
2026-05-26 07:45:00,1.38095,1.38099,1.38091,1.38093,309
2026-05-26 07:50:00,1.38093,1.38102,1.38086,1.38099,196
2026-05-26 07:55:00,1.38099,1.38111,1.38099,1.3811,279
2026-05-26 08:00:00,1.38111,1.38129,1.38108,1.38126,431
2026-05-26 08:05:00,1.38126,1.3813,1.38118,1.38126,388
2026-05-26 08:10:00,1.38126,1.38134,1.38125,1.38132,122
2026-05-26 08:15:00,1.38132,1.38133,1.38122,1.38132,160
2026-05-26 08:20:00,1.38132,1.38142,1.38131,1.3814,109
2026-05-26 08:25:00,1.3814,1.38142,1.38124,1.38124,223
2026-05-26 08:30:00,1.38124,1.38129,1.38117,1.38127,263
2026-05-26 08:35:00,1.38128,1.38133,1.38121,1.38132,130
2026-05-26 08:40:00,1.38131,1.38139,1.3813,1.38131,417
2026-05-26 08:45:00,1.38131,1.38137,1.38125,1.38131,223
2026-05-26 08:50:00,1.38131,1.38139,1.3813,1.38136,294
2026-05-26 08:55:00,1.38136,1.38144,1.38135,1.38141,252
2026-05-26 09:00:00,1.38142,1.38152,1.38121,1.3813,431
2026-05-26 09:05:00,1.38131,1.38132,1.38121,1.38123,214
2026-05-26 09:10:00,1.38123,1.3813,1.38111,1.38126,163
2026-05-26 09:15:00,1.38126,1.38128,1.3812,1.38124,118
2026-05-26 09:20:00,1.38124,1.38127,1.38103,1.38106,164
2026-05-26 09:25:00,1.38106,1.3811,1.38086,1.38101,367
2026-05-26 09:30:00,1.38101,1.38108,1.38088,1.38095,319
2026-05-26 09:35:00,1.38096,1.38097,1.38078,1.38089,289
2026-05-26 09:40:00,1.38089,1.38096,1.38083,1.38086,298
2026-05-26 09:45:00,1.38086,1.38105,1.38074,1.38097,380
2026-05-26 09:50:00,1.38097,1.38103,1.38091,1.38094,304
2026-05-26 09:55:00,1.38094,1.38119,1.38092,1.38115,322
2026-05-26 10:00:00,1.38115,1.38146,1.38113,1.38141,543
2026-05-26 10:05:00,1.38141,1.38152,1.38108,1.38127,591
2026-05-26 10:10:00,1.38127,1.38127,1.38089,1.38093,407
2026-05-26 10:15:00,1.38093,1.38118,1.38092,1.38114,337
2026-05-26 10:20:00,1.38114,1.38114,1.38098,1.38108,224
2026-05-26 10:25:00,1.38108,1.38116,1.38099,1.38099,280
2026-05-26 10:30:00,1.38099,1.38103,1.38051,1.38075,528
2026-05-26 10:35:00,1.38075,1.38079,1.38052,1.38063,435
2026-05-26 10:40:00,1.38063,1.38069,1.38046,1.38047,386
2026-05-26 10:45:00,1.38046,1.38068,1.38041,1.38042,266
2026-05-26 10:50:00,1.38042,1.38049,1.38034,1.38044,372
2026-05-26 10:55:00,1.38044,1.38054,1.38024,1.38049,329
2026-05-26 11:00:00,1.38047,1.38063,1.38034,1.38043,491
2026-05-26 11:05:00,1.38043,1.38043,1.38017,1.3803,386
2026-05-26 11:10:00,1.3803,1.38035,1.3801,1.38027,422
2026-05-26 11:15:00,1.38027,1.38029,1.38,1.38007,414
2026-05-26 11:20:00,1.38007,1.38011,1.37989,1.37997,352
2026-05-26 11:25:00,1.37997,1.38022,1.37997,1.38003,274
2026-05-26 11:30:00,1.38003,1.38011,1.37989,1.38001,298
2026-05-26 11:35:00,1.38001,1.38026,1.38,1.38022,293
2026-05-26 11:40:00,1.38022,1.38034,1.38014,1.38032,317
2026-05-26 11:45:00,1.38032,1.38044,1.38023,1.38023,233
2026-05-26 11:50:00,1.38023,1.38027,1.38015,1.38022,211
2026-05-26 11:55:00,1.38022,1.3804,1.38019,1.38032,274
2026-05-26 12:00:00,1.38032,1.38063,1.38026,1.38049,424
2026-05-26 12:05:00,1.38049,1.3806,1.38032,1.38034,405
2026-05-26 12:10:00,1.38036,1.38038,1.38027,1.38033,193
2026-05-26 12:15:00,1.38033,1.38038,1.3802,1.38026,397
2026-05-26 12:20:00,1.38026,1.38044,1.38021,1.38036,343
2026-05-26 12:25:00,1.38036,1.38047,1.38022,1.38025,355
2026-05-26 12:30:00,1.38025,1.38043,1.38023,1.3803,281
2026-05-26 12:35:00,1.3803,1.3803,1.38015,1.38015,160
2026-05-26 12:40:00,1.38017,1.38021,1.38007,1.3802,250
2026-05-26 12:45:00,1.3802,1.38021,1.37995,1.37997,148
2026-05-26 12:50:00,1.37997,1.38017,1.37995,1.38006,188
2026-05-26 12:55:00,1.38006,1.38008,1.37993,1.37994,226
2026-05-26 13:00:00,1.37994,1.38037,1.37993,1.38033,277
2026-05-26 13:05:00,1.38033,1.38038,1.3801,1.38012,268
2026-05-26 13:10:00,1.38012,1.38015,1.38006,1.38012,243
2026-05-26 13:15:00,1.38012,1.38017,1.38006,1.38014,237
2026-05-26 13:20:00,1.38014,1.38021,1.38005,1.38018,236
2026-05-26 13:25:00,1.38018,1.38033,1.38017,1.38027,447
2026-05-26 13:30:00,1.38027,1.38045,1.38019,1.38035,504
2026-05-26 13:35:00,1.38035,1.38056,1.38025,1.38052,350
2026-05-26 13:40:00,1.38054,1.38056,1.38037,1.38037,230
2026-05-26 13:45:00,1.38037,1.38046,1.38021,1.38021,260
2026-05-26 13:50:00,1.38021,1.38023,1.37994,1.37999,318
2026-05-26 13:55:00,1.37999,1.38004,1.37991,1.38002,398
2026-05-26 14:00:00,1.38002,1.3803,1.37999,1.38024,445
2026-05-26 14:05:00,1.38024,1.38036,1.3802,1.38024,264
2026-05-26 14:10:00,1.38024,1.38025,1.38009,1.38024,162
2026-05-26 14:15:00,1.38024,1.38035,1.38015,1.38028,325
2026-05-26 14:20:00,1.38028,1.38039,1.38028,1.38035,294
2026-05-26 14:25:00,1.38035,1.38054,1.38034,1.38049,310
2026-05-26 14:30:00,1.38049,1.38058,1.38044,1.38047,321
2026-05-26 14:35:00,1.38047,1.38077,1.38042,1.38076,373
2026-05-26 14:40:00,1.38076,1.38113,1.38076,1.38113,222
2026-05-26 14:45:00,1.38113,1.38122,1.38101,1.38104,284
2026-05-26 14:50:00,1.38104,1.38119,1.38085,1.38089,378
2026-05-26 14:55:00,1.38091,1.38125,1.38089,1.38123,433
2026-05-26 15:00:00,1.38123,1.38137,1.38117,1.38129,360
2026-05-26 15:05:00,1.38129,1.38141,1.38116,1.38127,439
2026-05-26 15:10:00,1.38127,1.38147,1.38125,1.38129,447
2026-05-26 15:15:00,1.38129,1.38147,1.38125,1.38131,470
2026-05-26 15:20:00,1.38132,1.38179,1.38132,1.38178,463
2026-05-26 15:25:00,1.38178,1.38182,1.38165,1.38168,285
2026-05-26 15:30:00,1.38168,1.38173,1.38154,1.38155,177
2026-05-26 15:35:00,1.38155,1.38193,1.38153,1.38186,339
2026-05-26 15:40:00,1.38186,1.38204,1.38181,1.38201,489
2026-05-26 15:45:00,1.38201,1.38211,1.38195,1.38201,370
2026-05-26 15:50:00,1.38201,1.38214,1.38194,1.38197,378
2026-05-26 15:55:00,1.38197,1.38198,1.38175,1.38179,393
2026-05-26 16:00:00,1.38179,1.38188,1.3816,1.3816,350
2026-05-26 16:05:00,1.3816,1.38184,1.38149,1.38179,354
2026-05-26 16:10:00,1.38179,1.38184,1.38167,1.38167,417
2026-05-26 16:15:00,1.38166,1.38167,1.38144,1.3816,404
2026-05-26 16:20:00,1.3816,1.38182,1.3816,1.38179,427
2026-05-26 16:25:00,1.38179,1.38181,1.38158,1.38167,471
2026-05-26 16:30:00,1.38167,1.38178,1.38138,1.38139,582
2026-05-26 16:35:00,1.38139,1.38142,1.38084,1.38097,601
2026-05-26 16:40:00,1.38097,1.38118,1.38054,1.38085,638
2026-05-26 16:45:00,1.38085,1.38086,1.38044,1.38076,591
2026-05-26 16:50:00,1.38075,1.38114,1.38069,1.38101,672
2026-05-26 16:55:00,1.38101,1.38101,1.38064,1.38065,417
2026-05-26 17:00:00,1.38065,1.38068,1.37998,1.38019,532
2026-05-26 17:05:00,1.38019,1.38039,1.3801,1.38021,652
2026-05-26 17:10:00,1.38021,1.38022,1.37998,1.38009,543
2026-05-26 17:15:00,1.38009,1.38038,1.38004,1.3801,539
2026-05-26 17:20:00,1.38009,1.38032,1.38005,1.3802,517
2026-05-26 17:25:00,1.3802,1.3806,1.38015,1.38044,677
2026-05-26 17:30:00,1.38044,1.38063,1.38027,1.38027,590
2026-05-26 17:35:00,1.38027,1.38057,1.3801,1.38047,655
2026-05-26 17:40:00,1.38047,1.3805,1.38022,1.38026,502
2026-05-26 17:45:00,1.38027,1.38035,1.38003,1.38011,558
2026-05-26 17:50:00,1.38011,1.38037,1.38006,1.38035,411
2026-05-26 17:55:00,1.38035,1.38117,1.38034,1.38065,885
2026-05-26 18:00:00,1.38065,1.38127,1.38065,1.38082,774
2026-05-26 18:05:00,1.38082,1.38115,1.38072,1.38113,659
2026-05-26 18:10:00,1.38113,1.38118,1.38084,1.38101,393
2026-05-26 18:15:00,1.38101,1.38127,1.38099,1.38111,361
2026-05-26 18:20:00,1.3811,1.38146,1.38107,1.38137,470
2026-05-26 18:25:00,1.38137,1.38139,1.38093,1.38101,382
2026-05-26 18:30:00,1.38101,1.38114,1.38087,1.38107,356
2026-05-26 18:35:00,1.38107,1.38121,1.38075,1.38075,457
2026-05-26 18:40:00,1.38075,1.3809,1.38055,1.38064,589
2026-05-26 18:45:00,1.38063,1.38071,1.38043,1.38043,511
2026-05-26 18:50:00,1.38043,1.38067,1.38043,1.38055,454
2026-05-26 18:55:00,1.38055,1.38062,1.38044,1.38045,543
2026-05-26 19:00:00,1.38045,1.38072,1.38035,1.38059,490
2026-05-26 19:05:00,1.38059,1.38068,1.38051,1.38052,204
2026-05-26 19:10:00,1.38054,1.38058,1.38035,1.38036,343
2026-05-26 19:15:00,1.38035,1.38037,1.38011,1.38012,196
2026-05-26 19:20:00,1.38012,1.38038,1.38006,1.38033,211
2026-05-26 19:25:00,1.38033,1.38069,1.3803,1.38069,248
2026-05-26 19:30:00,1.38069,1.38089,1.38066,1.38079,375
2026-05-26 19:35:00,1.38079,1.38114,1.38077,1.38111,313
2026-05-26 19:40:00,1.38111,1.3812,1.38057,1.38061,293
2026-05-26 19:45:00,1.38062,1.38071,1.38034,1.38062,379
2026-05-26 19:50:00,1.38062,1.38134,1.38059,1.38126,451
2026-05-26 19:55:00,1.38126,1.38127,1.38096,1.38122,474
2026-05-26 20:00:00,1.38121,1.38127,1.38103,1.38123,403
2026-05-26 20:05:00,1.38123,1.3813,1.38103,1.38103,287
2026-05-26 20:10:00,1.38103,1.38106,1.38086,1.38094,358
2026-05-26 20:15:00,1.38094,1.38098,1.38084,1.38089,229
2026-05-26 20:20:00,1.38089,1.381,1.38085,1.38092,350
2026-05-26 20:25:00,1.38092,1.38121,1.38086,1.38117,330
2026-05-26 20:30:00,1.38117,1.38146,1.38117,1.38134,383
2026-05-26 20:35:00,1.38134,1.38153,1.38134,1.38147,363
2026-05-26 20:40:00,1.38147,1.38166,1.38143,1.38162,376
2026-05-26 20:45:00,1.38162,1.38179,1.38158,1.38177,383
2026-05-26 20:50:00,1.38177,1.38184,1.3817,1.38179,304
2026-05-26 20:55:00,1.38179,1.38197,1.38177,1.38181,276
2026-05-26 21:00:00,1.38181,1.38186,1.38145,1.38161,353
2026-05-26 21:05:00,1.38161,1.38163,1.38146,1.38158,335
2026-05-26 21:10:00,1.38158,1.38162,1.3814,1.38152,260
2026-05-26 21:15:00,1.38152,1.38174,1.38141,1.38164,295
2026-05-26 21:20:00,1.38164,1.38177,1.3816,1.38176,303
2026-05-26 21:25:00,1.38176,1.38179,1.38146,1.3815,276
2026-05-26 21:30:00,1.3815,1.38172,1.38149,1.38162,404
2026-05-26 21:35:00,1.38161,1.38164,1.38148,1.3815,294
2026-05-26 21:40:00,1.3815,1.38173,1.38149,1.38164,266
2026-05-26 21:45:00,1.38164,1.38165,1.38141,1.38152,241
2026-05-26 21:50:00,1.38152,1.38154,1.3813,1.3813,253
2026-05-26 21:55:00,1.3813,1.38145,1.3812,1.38129,280
2026-05-26 22:00:00,1.38129,1.38148,1.38128,1.38142,334
2026-05-26 22:05:00,1.38142,1.38155,1.38134,1.38154,182
2026-05-26 22:10:00,1.38154,1.38168,1.38145,1.38166,181
2026-05-26 22:15:00,1.38166,1.38168,1.38148,1.38153,139
2026-05-26 22:20:00,1.38153,1.38154,1.38142,1.38144,182
2026-05-26 22:25:00,1.38144,1.38153,1.38139,1.3815,143
2026-05-26 22:30:00,1.3815,1.38153,1.38141,1.38143,169
2026-05-26 22:35:00,1.38143,1.38152,1.38135,1.38148,211
2026-05-26 22:40:00,1.38147,1.38153,1.38144,1.38149,131
2026-05-26 22:45:00,1.38149,1.3815,1.38139,1.38145,200
2026-05-26 22:50:00,1.38146,1.3816,1.38141,1.38144,206
2026-05-26 22:55:00,1.38144,1.38146,1.381,1.38101,394
2026-05-26 23:00:00,1.381,1.38107,1.38083,1.38107,298
2026-05-26 23:05:00,1.38107,1.38115,1.38097,1.38113,228
2026-05-26 23:10:00,1.38113,1.38119,1.38102,1.38112,101
2026-05-26 23:15:00,1.38112,1.38126,1.3811,1.38117,96
2026-05-26 23:20:00,1.38117,1.38131,1.38111,1.38128,157
2026-05-26 23:25:00,1.38128,1.38129,1.38119,1.38125,122
2026-05-26 23:30:00,1.38125,1.38132,1.38108,1.38111,78
2026-05-26 23:35:00,1.38111,1.38111,1.38099,1.38104,86
2026-05-26 23:40:00,1.38104,1.38113,1.381,1.38105,54
2026-05-26 23:45:00,1.38105,1.38118,1.38105,1.38116,92
2026-05-26 23:50:00,1.38116,1.38137,1.38116,1.38135,68
2026-05-26 23:55:00,1.38134,1.38137,1.38102,1.38105,206
2026-05-27 00:00:00,1.381,1.381,1.38002,1.38045,9
2026-05-27 00:05:00,1.38051,1.38053,1.3804,1.38048,10
2026-05-27 00:10:00,1.38042,1.38073,1.38042,1.3806,59
2026-05-27 00:15:00,1.3806,1.3807,1.38059,1.3806,128
2026-05-27 00:20:00,1.3806,1.38066,1.38051,1.38059,64
2026-05-27 00:25:00,1.38057,1.38061,1.38051,1.38057,79
2026-05-27 00:30:00,1.38056,1.38116,1.38056,1.3808,139
2026-05-27 00:35:00,1.3808,1.38107,1.38063,1.38089,79
2026-05-27 00:40:00,1.38107,1.38113,1.38052,1.38063,118
2026-05-27 00:45:00,1.38063,1.3808,1.38053,1.3806,135
2026-05-27 00:50:00,1.3806,1.38073,1.38052,1.38072,48
2026-05-27 00:55:00,1.38072,1.38072,1.38053,1.3806,61
2026-05-27 01:00:00,1.38059,1.38095,1.38059,1.38094,314
2026-05-27 01:05:00,1.38094,1.38111,1.38089,1.38107,105
2026-05-27 01:10:00,1.38107,1.3811,1.38094,1.38098,73
2026-05-27 01:15:00,1.38098,1.38102,1.38091,1.38101,54
2026-05-27 01:20:00,1.38101,1.38109,1.381,1.38107,63
2026-05-27 01:25:00,1.38107,1.38126,1.38106,1.38122,22
2026-05-27 01:30:00,1.38124,1.38127,1.38115,1.38115,46
2026-05-27 01:35:00,1.38115,1.38124,1.38115,1.38116,36
2026-05-27 01:40:00,1.38116,1.38117,1.38114,1.38116,26
2026-05-27 01:45:00,1.38116,1.38124,1.38115,1.38121,35
2026-05-27 01:50:00,1.38121,1.38121,1.38107,1.3811,40
2026-05-27 01:55:00,1.3811,1.3811,1.38091,1.38092,97
2026-05-27 02:00:00,1.38092,1.38107,1.38091,1.38099,120
2026-05-27 02:05:00,1.38099,1.38101,1.38091,1.38091,25
2026-05-27 02:10:00,1.38091,1.38091,1.38084,1.38085,37
2026-05-27 02:15:00,1.38085,1.38085,1.38081,1.38081,26
2026-05-27 02:20:00,1.38081,1.38082,1.38072,1.38081,54
2026-05-27 02:25:00,1.38081,1.38082,1.38072,1.38072,68
2026-05-27 02:30:00,1.38072,1.38075,1.38064,1.38065,53
2026-05-27 02:35:00,1.38065,1.38065,1.38064,1.38064,24
2026-05-27 02:40:00,1.38064,1.38065,1.3804,1.3804,106
2026-05-27 02:45:00,1.3804,1.38067,1.38035,1.38067,112
2026-05-27 02:50:00,1.38067,1.3807,1.38059,1.38066,118
2026-05-27 02:55:00,1.38066,1.38083,1.38066,1.38078,331
2026-05-27 03:00:00,1.3808,1.38085,1.38065,1.38078,450
2026-05-27 03:05:00,1.38078,1.38091,1.38076,1.38089,432
2026-05-27 03:10:00,1.38088,1.381,1.3808,1.38084,429
2026-05-27 03:15:00,1.38084,1.3809,1.38072,1.38082,336
2026-05-27 03:20:00,1.38082,1.38085,1.38057,1.38061,309
2026-05-27 03:25:00,1.38061,1.38062,1.38055,1.38055,277
2026-05-27 03:30:00,1.38055,1.38062,1.38048,1.38052,370
2026-05-27 03:35:00,1.38052,1.38058,1.3804,1.38051,300
2026-05-27 03:40:00,1.38051,1.38053,1.38041,1.38044,459
2026-05-27 03:45:00,1.38044,1.38053,1.38034,1.3805,327
2026-05-27 03:50:00,1.3805,1.38061,1.38046,1.38059,344
2026-05-27 03:55:00,1.3806,1.38078,1.38058,1.3807,437
2026-05-27 04:00:00,1.3807,1.3809,1.38063,1.38085,456
2026-05-27 04:05:00,1.38085,1.38104,1.38085,1.38091,320
2026-05-27 04:10:00,1.38091,1.38092,1.38084,1.38088,258
2026-05-27 04:15:00,1.38088,1.381,1.38085,1.38098,415
2026-05-27 04:20:00,1.38098,1.381,1.38081,1.38089,350
2026-05-27 04:25:00,1.3809,1.38104,1.38087,1.38103,360
2026-05-27 04:30:00,1.38103,1.38142,1.38102,1.38136,699
2026-05-27 04:35:00,1.38136,1.38146,1.38123,1.38143,313
2026-05-27 04:40:00,1.38142,1.38142,1.38123,1.38124,289
2026-05-27 04:45:00,1.38124,1.38144,1.38123,1.38129,255
2026-05-27 04:50:00,1.38129,1.38138,1.38128,1.38132,418
2026-05-27 04:55:00,1.38132,1.38138,1.38129,1.38134,340
2026-05-27 05:00:00,1.38133,1.38135,1.3809,1.38096,668
2026-05-27 05:05:00,1.38096,1.38103,1.38081,1.38094,363
2026-05-27 05:10:00,1.38094,1.3811,1.38093,1.38103,237
2026-05-27 05:15:00,1.38103,1.38108,1.38096,1.38107,250
2026-05-27 05:20:00,1.38107,1.38113,1.38101,1.38106,269
2026-05-27 05:25:00,1.38105,1.38114,1.38099,1.3811,145
2026-05-27 05:30:00,1.3811,1.38114,1.38102,1.38104,151
2026-05-27 05:35:00,1.38104,1.38116,1.38103,1.3811,262
2026-05-27 05:40:00,1.3811,1.38111,1.38102,1.38108,140
2026-05-27 05:45:00,1.38108,1.38111,1.38098,1.38098,227
2026-05-27 05:50:00,1.38098,1.38102,1.38087,1.38094,219
2026-05-27 05:55:00,1.38094,1.38114,1.38094,1.3811,323
2026-05-27 06:00:00,1.38111,1.38112,1.38085,1.38091,286
2026-05-27 06:05:00,1.38091,1.38098,1.38075,1.38095,383
2026-05-27 06:10:00,1.38095,1.38104,1.38094,1.38102,217
2026-05-27 06:15:00,1.38102,1.38109,1.381,1.38107,281
2026-05-27 06:20:00,1.38107,1.38115,1.38106,1.38106,284
2026-05-27 06:25:00,1.38106,1.38111,1.38104,1.38108,230
2026-05-27 06:30:00,1.38108,1.38111,1.38102,1.38108,128
2026-05-27 06:35:00,1.38108,1.38121,1.38107,1.38116,196
2026-05-27 06:40:00,1.38116,1.38123,1.38114,1.3812,187
2026-05-27 06:45:00,1.3812,1.3812,1.38109,1.38117,228
2026-05-27 06:50:00,1.38117,1.3812,1.38107,1.38111,292
2026-05-27 06:55:00,1.38111,1.38118,1.38108,1.38117,293
2026-05-27 07:00:00,1.38117,1.38121,1.38109,1.38114,435
2026-05-27 07:05:00,1.38114,1.38116,1.38108,1.38113,241
2026-05-27 07:10:00,1.38113,1.38116,1.38102,1.38106,292
2026-05-27 07:15:00,1.38106,1.38112,1.38105,1.38111,147
2026-05-27 07:20:00,1.38111,1.38112,1.381,1.38104,335
2026-05-27 07:25:00,1.38104,1.38114,1.38103,1.38111,299
2026-05-27 07:30:00,1.38111,1.38113,1.38103,1.38106,344
2026-05-27 07:35:00,1.38106,1.38112,1.38103,1.38104,322
2026-05-27 07:40:00,1.38104,1.38109,1.38098,1.38099,255
2026-05-27 07:45:00,1.38099,1.38102,1.38087,1.38089,226
2026-05-27 07:50:00,1.38089,1.38095,1.38086,1.38089,298
2026-05-27 07:55:00,1.38089,1.38097,1.38086,1.38089,225
2026-05-27 08:00:00,1.3809,1.38098,1.38083,1.38084,324
2026-05-27 08:05:00,1.38084,1.3809,1.38084,1.38086,180
2026-05-27 08:10:00,1.38086,1.38094,1.38086,1.38089,276
2026-05-27 08:15:00,1.38089,1.38102,1.38089,1.38098,316
2026-05-27 08:20:00,1.38098,1.38102,1.38092,1.38093,246
2026-05-27 08:25:00,1.38093,1.38101,1.38092,1.38096,284
2026-05-27 08:30:00,1.38096,1.38106,1.38092,1.381,265
2026-05-27 08:35:00,1.38099,1.38109,1.3809,1.38109,295
2026-05-27 08:40:00,1.38109,1.38129,1.38106,1.38122,225
2026-05-27 08:45:00,1.38122,1.38127,1.38116,1.38122,226
2026-05-27 08:50:00,1.38122,1.38129,1.3812,1.38127,206
2026-05-27 08:55:00,1.38127,1.38146,1.38116,1.38141,277
2026-05-27 09:00:00,1.38141,1.38153,1.38129,1.38152,386
2026-05-27 09:05:00,1.38152,1.38162,1.38144,1.3816,275
2026-05-27 09:10:00,1.3816,1.38172,1.38157,1.38169,200
2026-05-27 09:15:00,1.38169,1.38179,1.38161,1.38166,332
2026-05-27 09:20:00,1.38167,1.38178,1.38151,1.38154,445
2026-05-27 09:25:00,1.38154,1.38158,1.38137,1.38149,334
2026-05-27 09:30:00,1.38147,1.38156,1.38135,1.38141,434
2026-05-27 09:35:00,1.38141,1.38164,1.38139,1.3816,310
2026-05-27 09:40:00,1.3816,1.38167,1.38148,1.3815,392
2026-05-27 09:45:00,1.3815,1.38151,1.3813,1.38146,476
2026-05-27 09:50:00,1.38147,1.38176,1.38142,1.38174,351
2026-05-27 09:55:00,1.38174,1.38197,1.38167,1.3819,290
2026-05-27 10:00:00,1.3819,1.38193,1.38157,1.38177,536
2026-05-27 10:05:00,1.38177,1.38206,1.38174,1.38196,354
2026-05-27 10:10:00,1.38197,1.38202,1.3819,1.38193,262
2026-05-27 10:15:00,1.38193,1.38237,1.38193,1.38232,296
2026-05-27 10:20:00,1.38232,1.38234,1.382,1.38203,317
2026-05-27 10:25:00,1.38203,1.38235,1.38203,1.3823,365
2026-05-27 10:30:00,1.3823,1.38242,1.38228,1.38231,224
2026-05-27 10:35:00,1.38231,1.38248,1.38229,1.38236,185
2026-05-27 10:40:00,1.38236,1.38244,1.38221,1.38223,221
2026-05-27 10:45:00,1.38224,1.38233,1.38215,1.38224,284
2026-05-27 10:50:00,1.38224,1.38246,1.38224,1.38232,327
2026-05-27 10:55:00,1.38232,1.38281,1.38232,1.38275,273
2026-05-27 11:00:00,1.38275,1.38291,1.38264,1.38268,604
2026-05-27 11:05:00,1.38268,1.38278,1.38251,1.38251,400
2026-05-27 11:10:00,1.38251,1.38263,1.38246,1.38248,297
2026-05-27 11:15:00,1.38248,1.38257,1.38229,1.38253,295
2026-05-27 11:20:00,1.38253,1.38267,1.38237,1.38265,223
2026-05-27 11:25:00,1.38265,1.38273,1.38244,1.38245,282
2026-05-27 11:30:00,1.38245,1.38251,1.38239,1.38244,165
2026-05-27 11:35:00,1.38244,1.38254,1.3822,1.38247,389
2026-05-27 11:40:00,1.38247,1.38275,1.38245,1.38271,220
2026-05-27 11:45:00,1.38272,1.3829,1.38271,1.38282,205
2026-05-27 11:50:00,1.38282,1.38295,1.38279,1.38288,166
2026-05-27 11:55:00,1.38288,1.38294,1.38276,1.38282,171
2026-05-27 12:00:00,1.38282,1.38291,1.38274,1.38282,269
2026-05-27 12:05:00,1.38282,1.38291,1.3827,1.38275,273
2026-05-27 12:10:00,1.38275,1.38278,1.38261,1.38264,222
2026-05-27 12:15:00,1.38264,1.38264,1.38243,1.38244,203
2026-05-27 12:20:00,1.38244,1.38253,1.38231,1.38233,213
2026-05-27 12:25:00,1.38233,1.38236,1.3823,1.38233,102
2026-05-27 12:30:00,1.38233,1.38236,1.38227,1.38235,167
2026-05-27 12:35:00,1.38235,1.38255,1.38234,1.38249,225
2026-05-27 12:40:00,1.38249,1.3825,1.38228,1.38231,118
2026-05-27 12:45:00,1.38231,1.3824,1.38209,1.38237,240
2026-05-27 12:50:00,1.38238,1.38245,1.38228,1.38232,262
2026-05-27 12:55:00,1.38232,1.3824,1.38216,1.38239,230
2026-05-27 13:00:00,1.38239,1.38255,1.38239,1.38248,244
2026-05-27 13:05:00,1.38248,1.38253,1.38235,1.38249,194
2026-05-27 13:10:00,1.38249,1.38271,1.38245,1.38262,303
2026-05-27 13:15:00,1.38262,1.38281,1.38257,1.38277,237
2026-05-27 13:20:00,1.38277,1.38296,1.38276,1.38295,161
2026-05-27 13:25:00,1.38295,1.38299,1.38287,1.38289,155
2026-05-27 13:30:00,1.38289,1.38322,1.38288,1.38316,342
2026-05-27 13:35:00,1.38316,1.38339,1.38312,1.38336,292
2026-05-27 13:40:00,1.38336,1.38342,1.38326,1.38339,299
2026-05-27 13:45:00,1.38339,1.38354,1.38338,1.38347,335
2026-05-27 13:50:00,1.38347,1.38368,1.38346,1.38355,262
2026-05-27 13:55:00,1.38354,1.38367,1.38348,1.38354,296
2026-05-27 14:00:00,1.38354,1.38355,1.38335,1.38337,238
2026-05-27 14:05:00,1.38337,1.38367,1.38337,1.38342,238
2026-05-27 14:10:00,1.38342,1.38362,1.38332,1.38335,353
2026-05-27 14:15:00,1.38335,1.38347,1.38315,1.38344,313
2026-05-27 14:20:00,1.38344,1.38384,1.38344,1.38365,320
2026-05-27 14:25:00,1.38367,1.38381,1.38362,1.38381,300
2026-05-27 14:30:00,1.38381,1.38386,1.3836,1.38372,249
2026-05-27 14:35:00,1.38372,1.38383,1.38363,1.38379,244
2026-05-27 14:40:00,1.38379,1.38395,1.3835,1.38352,302
2026-05-27 14:45:00,1.38352,1.38357,1.38332,1.38348,332
2026-05-27 14:50:00,1.38348,1.38361,1.38343,1.38361,255
2026-05-27 14:55:00,1.38361,1.38362,1.38329,1.3833,354
2026-05-27 15:00:00,1.38329,1.38351,1.38321,1.38347,412
2026-05-27 15:05:00,1.38347,1.38363,1.38324,1.38343,493
2026-05-27 15:10:00,1.38343,1.38353,1.38331,1.38347,500
2026-05-27 15:15:00,1.38347,1.38366,1.38301,1.38332,842
2026-05-27 15:20:00,1.38332,1.3834,1.38272,1.38293,985
2026-05-27 15:25:00,1.38293,1.38298,1.38251,1.38256,599
2026-05-27 15:30:00,1.38256,1.38257,1.38214,1.38235,729
2026-05-27 15:35:00,1.38235,1.38243,1.38202,1.38239,876
2026-05-27 15:40:00,1.38239,1.3825,1.38223,1.38242,630
2026-05-27 15:45:00,1.38242,1.38261,1.38237,1.38249,674
2026-05-27 15:50:00,1.38249,1.38259,1.38238,1.38242,581
2026-05-27 15:55:00,1.38243,1.38292,1.38243,1.38279,486
2026-05-27 16:00:00,1.38279,1.38293,1.38252,1.38259,559
2026-05-27 16:05:00,1.38259,1.38294,1.38245,1.38278,508
2026-05-27 16:10:00,1.38278,1.38298,1.38267,1.38298,534
2026-05-27 16:15:00,1.38298,1.38323,1.38293,1.38303,507
2026-05-27 16:20:00,1.38303,1.38326,1.38285,1.38326,451
2026-05-27 16:25:00,1.38326,1.38377,1.38325,1.38346,409
2026-05-27 16:30:00,1.38346,1.38356,1.38292,1.383,725
2026-05-27 16:35:00,1.383,1.38334,1.38296,1.38326,744
2026-05-27 16:40:00,1.38326,1.38348,1.38319,1.38346,661
2026-05-27 16:45:00,1.38346,1.38347,1.38287,1.38336,706
2026-05-27 16:50:00,1.38336,1.38346,1.38291,1.38293,751
2026-05-27 16:55:00,1.38292,1.38304,1.38266,1.38267,667
2026-05-27 17:00:00,1.38267,1.38326,1.38261,1.3832,526
2026-05-27 17:05:00,1.3832,1.38336,1.383,1.38321,556
2026-05-27 17:10:00,1.38321,1.38328,1.38279,1.38281,523
2026-05-27 17:15:00,1.38281,1.38292,1.38243,1.38245,462
2026-05-27 17:20:00,1.38245,1.38299,1.38235,1.38291,820
2026-05-27 17:25:00,1.38285,1.38295,1.38258,1.38272,786
2026-05-27 17:30:00,1.38272,1.38307,1.38243,1.3829,1036
2026-05-27 17:35:00,1.3829,1.38302,1.38271,1.38288,658
2026-05-27 17:40:00,1.38288,1.38288,1.38238,1.38239,552
2026-05-27 17:45:00,1.3824,1.38292,1.38229,1.38292,525
2026-05-27 17:50:00,1.38292,1.38412,1.3829,1.38412,798
2026-05-27 17:55:00,1.38412,1.38521,1.38412,1.38493,743
2026-05-27 18:00:00,1.38493,1.38501,1.38408,1.38419,737
2026-05-27 18:05:00,1.38419,1.38419,1.38355,1.38356,747
2026-05-27 18:10:00,1.38356,1.38369,1.38336,1.38355,643
2026-05-27 18:15:00,1.38355,1.38368,1.38315,1.38363,539
2026-05-27 18:20:00,1.38365,1.3837,1.38338,1.38352,629
2026-05-27 18:25:00,1.38352,1.38361,1.38324,1.38335,510
2026-05-27 18:30:00,1.38335,1.38351,1.38319,1.3832,480
2026-05-27 18:35:00,1.3832,1.38341,1.38314,1.38315,499
2026-05-27 18:40:00,1.38315,1.38323,1.38295,1.38311,619
2026-05-27 18:45:00,1.38311,1.38354,1.38296,1.38351,549
2026-05-27 18:50:00,1.38351,1.38364,1.38327,1.38352,429
2026-05-27 18:55:00,1.38352,1.38353,1.38296,1.38302,478
2026-05-27 19:00:00,1.38302,1.38353,1.383,1.38345,594
2026-05-27 19:05:00,1.38345,1.38346,1.38314,1.38326,575
2026-05-27 19:10:00,1.38326,1.38327,1.38294,1.38297,419
2026-05-27 19:15:00,1.38297,1.38297,1.3825,1.38258,324
2026-05-27 19:20:00,1.38258,1.38277,1.38239,1.38271,323
2026-05-27 19:25:00,1.38269,1.38276,1.3825,1.38275,308
2026-05-27 19:30:00,1.38274,1.38302,1.38274,1.38298,520
2026-05-27 19:35:00,1.38298,1.38309,1.38288,1.38292,325
2026-05-27 19:40:00,1.38292,1.38304,1.38278,1.38292,358
2026-05-27 19:45:00,1.38292,1.38298,1.38278,1.38282,285
2026-05-27 19:50:00,1.38282,1.3829,1.38269,1.3828,386
2026-05-27 19:55:00,1.3828,1.38291,1.38256,1.38263,454
2026-05-27 20:00:00,1.38263,1.383,1.38262,1.38296,369
2026-05-27 20:05:00,1.38296,1.38346,1.38276,1.38337,586
2026-05-27 20:10:00,1.38335,1.38337,1.38316,1.38329,625
2026-05-27 20:15:00,1.38329,1.38337,1.38303,1.38305,289
2026-05-27 20:20:00,1.38305,1.38312,1.38294,1.38294,232
2026-05-27 20:25:00,1.38294,1.38319,1.38289,1.38316,339
2026-05-27 20:30:00,1.38316,1.38326,1.38287,1.38287,353
2026-05-27 20:35:00,1.38287,1.38307,1.38287,1.38295,411
2026-05-27 20:40:00,1.38295,1.38304,1.38285,1.38294,321
2026-05-27 20:45:00,1.38294,1.3832,1.38289,1.38314,317
2026-05-27 20:50:00,1.38314,1.38317,1.38285,1.38307,348
2026-05-27 20:55:00,1.38307,1.38307,1.38289,1.38305,246
2026-05-27 21:00:00,1.38305,1.38332,1.38303,1.38329,228
2026-05-27 21:05:00,1.38329,1.38347,1.38326,1.38343,298
2026-05-27 21:10:00,1.38343,1.38364,1.38343,1.38347,267
2026-05-27 21:15:00,1.38347,1.38361,1.38342,1.38349,341
2026-05-27 21:20:00,1.38349,1.38367,1.38345,1.38363,324
2026-05-27 21:25:00,1.38363,1.38363,1.38342,1.38349,273
2026-05-27 21:30:00,1.38349,1.38358,1.38343,1.38352,319
2026-05-27 21:35:00,1.38352,1.38356,1.38334,1.38346,295
2026-05-27 21:40:00,1.38346,1.38357,1.38344,1.38351,337
2026-05-27 21:45:00,1.38351,1.38361,1.38349,1.38356,230
2026-05-27 21:50:00,1.38356,1.3836,1.3834,1.38342,221
2026-05-27 21:55:00,1.38342,1.38349,1.38325,1.38346,401
2026-05-27 22:00:00,1.38346,1.38355,1.38331,1.38334,290
2026-05-27 22:05:00,1.38334,1.38334,1.38287,1.38295,375
2026-05-27 22:10:00,1.38295,1.38311,1.38291,1.38298,281
2026-05-27 22:15:00,1.38298,1.38325,1.38296,1.38318,206
2026-05-27 22:20:00,1.3832,1.38322,1.38302,1.38309,160
2026-05-27 22:25:00,1.38309,1.38313,1.38294,1.38308,185
2026-05-27 22:30:00,1.38308,1.38321,1.38304,1.38316,278
2026-05-27 22:35:00,1.38316,1.38326,1.38309,1.38317,278
2026-05-27 22:40:00,1.38317,1.38338,1.38314,1.38333,280
2026-05-27 22:45:00,1.38333,1.38346,1.38329,1.38339,290
2026-05-27 22:50:00,1.38339,1.3835,1.38334,1.38342,222
2026-05-27 22:55:00,1.38342,1.38342,1.3831,1.38319,437
2026-05-27 23:00:00,1.38316,1.38319,1.38287,1.38288,251
2026-05-27 23:05:00,1.38288,1.3833,1.38286,1.3833,223
2026-05-27 23:10:00,1.3833,1.38337,1.38323,1.38324,132
2026-05-27 23:15:00,1.38324,1.38329,1.3831,1.38318,102
2026-05-27 23:20:00,1.38318,1.38334,1.38308,1.38316,134
2026-05-27 23:25:00,1.38316,1.38347,1.38312,1.38342,92
2026-05-27 23:30:00,1.38343,1.38356,1.38333,1.38355,49
2026-05-27 23:35:00,1.38355,1.38394,1.38355,1.38385,134
2026-05-27 23:40:00,1.38385,1.38406,1.38383,1.38396,55
2026-05-27 23:45:00,1.38396,1.38402,1.38379,1.38394,83
2026-05-27 23:50:00,1.38394,1.38396,1.38388,1.3839,47
2026-05-27 23:55:00,1.3839,1.38407,1.3839,1.384,137
2026-05-28 00:00:00,1.3838,1.3838,1.38289,1.38297,13
2026-05-28 00:05:00,1.38297,1.38353,1.38287,1.38351,643
2026-05-28 00:10:00,1.38351,1.38403,1.38347,1.38395,37
2026-05-28 00:15:00,1.38395,1.38401,1.38362,1.38398,51
2026-05-28 00:20:00,1.38398,1.38398,1.38353,1.38353,38
2026-05-28 00:25:00,1.38352,1.38374,1.3833,1.38373,36
2026-05-28 00:30:00,1.38373,1.38401,1.3837,1.38385,79
2026-05-28 00:35:00,1.38385,1.38404,1.38374,1.3839,101
2026-05-28 00:40:00,1.3839,1.38403,1.38385,1.38392,105
2026-05-28 00:45:00,1.38392,1.38407,1.38383,1.38402,134
2026-05-28 00:50:00,1.38402,1.38406,1.38376,1.38384,122
2026-05-28 00:55:00,1.38379,1.3841,1.38377,1.38405,120
2026-05-28 01:00:00,1.38405,1.38416,1.38394,1.38399,178
2026-05-28 01:05:00,1.38393,1.38393,1.38375,1.38375,54
2026-05-28 01:10:00,1.38375,1.38376,1.38364,1.38366,54
2026-05-28 01:15:00,1.38366,1.38367,1.38364,1.38367,33
2026-05-28 01:20:00,1.38367,1.38367,1.38364,1.38365,20
2026-05-28 01:25:00,1.38365,1.38378,1.38364,1.38377,23
2026-05-28 01:30:00,1.38377,1.38385,1.38377,1.38385,32
2026-05-28 01:35:00,1.38385,1.38385,1.38376,1.38376,67
2026-05-28 01:40:00,1.38376,1.38384,1.38373,1.38379,76
2026-05-28 01:45:00,1.38379,1.38391,1.38379,1.38388,31
2026-05-28 01:50:00,1.38388,1.38393,1.38377,1.38385,70
2026-05-28 01:55:00,1.38385,1.38385,1.38384,1.38385,7
2026-05-28 02:00:00,1.38385,1.38389,1.38384,1.38385,68
2026-05-28 02:05:00,1.38385,1.38385,1.38383,1.38384,48
2026-05-28 02:10:00,1.38384,1.38385,1.38376,1.38383,61
2026-05-28 02:15:00,1.38383,1.38385,1.38375,1.38377,157
2026-05-28 02:20:00,1.38377,1.38422,1.38375,1.3841,266
2026-05-28 02:25:00,1.3841,1.38418,1.3841,1.38417,118
2026-05-28 02:30:00,1.38417,1.38424,1.38415,1.38423,152
2026-05-28 02:35:00,1.38423,1.38436,1.38423,1.38424,98
2026-05-28 02:40:00,1.38424,1.38427,1.3842,1.38422,130
2026-05-28 02:45:00,1.38422,1.38426,1.3842,1.3842,145
2026-05-28 02:50:00,1.3842,1.38446,1.38419,1.38433,292
2026-05-28 02:55:00,1.38433,1.38443,1.38433,1.38442,159
2026-05-28 03:00:00,1.38445,1.38483,1.38438,1.38483,441
2026-05-28 03:05:00,1.38483,1.38492,1.38473,1.38475,678
2026-05-28 03:10:00,1.38474,1.38488,1.38474,1.38486,320
2026-05-28 03:15:00,1.38485,1.38485,1.3845,1.38455,303
2026-05-28 03:20:00,1.38455,1.38462,1.38444,1.3846,251
2026-05-28 03:25:00,1.3846,1.38466,1.38454,1.38454,402
2026-05-28 03:30:00,1.38454,1.38475,1.38454,1.38457,639
2026-05-28 03:35:00,1.38457,1.38467,1.38452,1.38462,218
2026-05-28 03:40:00,1.38462,1.38477,1.38448,1.38472,227
2026-05-28 03:45:00,1.38472,1.38481,1.38467,1.38476,339
2026-05-28 03:50:00,1.38476,1.38486,1.38468,1.38483,261
2026-05-28 03:55:00,1.38483,1.38494,1.3847,1.38476,370
2026-05-28 04:00:00,1.38476,1.38492,1.38469,1.38487,483
2026-05-28 04:05:00,1.38487,1.38493,1.38476,1.38483,397
2026-05-28 04:10:00,1.38484,1.38491,1.38477,1.38488,429
2026-05-28 04:15:00,1.38488,1.38488,1.38471,1.38473,359
2026-05-28 04:20:00,1.38473,1.38492,1.38472,1.38485,306
2026-05-28 04:25:00,1.38485,1.38501,1.38483,1.38494,286
2026-05-28 04:30:00,1.38494,1.38507,1.3849,1.38502,332
2026-05-28 04:35:00,1.38502,1.38507,1.385,1.38503,211
2026-05-28 04:40:00,1.38503,1.38512,1.385,1.38504,175
2026-05-28 04:45:00,1.38503,1.38514,1.38503,1.38504,222
2026-05-28 04:50:00,1.38504,1.38509,1.38501,1.38504,188
2026-05-28 04:55:00,1.38504,1.38545,1.38502,1.38539,264
2026-05-28 05:00:00,1.38539,1.38542,1.38522,1.38535,300
2026-05-28 05:05:00,1.38535,1.38544,1.38525,1.38531,192
2026-05-28 05:10:00,1.38531,1.38541,1.38529,1.38531,227
2026-05-28 05:15:00,1.38531,1.38534,1.38521,1.38525,244
2026-05-28 05:20:00,1.38525,1.38532,1.38517,1.38531,253
2026-05-28 05:25:00,1.38531,1.38531,1.38519,1.38525,137
2026-05-28 05:30:00,1.38525,1.38526,1.38519,1.38522,254
2026-05-28 05:35:00,1.38522,1.38537,1.38518,1.38532,183
2026-05-28 05:40:00,1.38532,1.38551,1.38531,1.38545,323
2026-05-28 05:45:00,1.38544,1.38552,1.3853,1.38533,369
2026-05-28 05:50:00,1.38533,1.38539,1.38521,1.38538,319
2026-05-28 05:55:00,1.38538,1.38539,1.38521,1.38522,338
2026-05-28 06:00:00,1.38522,1.38523,1.38506,1.3851,282
2026-05-28 06:05:00,1.3851,1.38523,1.38509,1.38516,235
2026-05-28 06:10:00,1.38516,1.38536,1.38512,1.38536,270
2026-05-28 06:15:00,1.38536,1.38582,1.38533,1.38577,474
2026-05-28 06:20:00,1.38576,1.38583,1.38568,1.38579,365
2026-05-28 06:25:00,1.38578,1.38583,1.38562,1.38569,335
2026-05-28 06:30:00,1.38569,1.38629,1.38568,1.38627,507
2026-05-28 06:35:00,1.38627,1.38682,1.38625,1.3868,478
2026-05-28 06:40:00,1.3868,1.38695,1.38672,1.38674,509
2026-05-28 06:45:00,1.38674,1.38685,1.38659,1.38679,490
2026-05-28 06:50:00,1.38679,1.38692,1.38666,1.38675,451
2026-05-28 06:55:00,1.38675,1.38689,1.38675,1.38689,363
2026-05-28 07:00:00,1.38689,1.38694,1.38677,1.38684,325
2026-05-28 07:05:00,1.38684,1.38694,1.38657,1.38657,304
2026-05-28 07:10:00,1.38657,1.38666,1.38652,1.38659,302
2026-05-28 07:15:00,1.38659,1.38666,1.3864,1.38664,243
2026-05-28 07:20:00,1.38664,1.38666,1.38641,1.38647,330
2026-05-28 07:25:00,1.38647,1.3866,1.38646,1.38657,275
2026-05-28 07:30:00,1.38656,1.38658,1.38627,1.38633,325
2026-05-28 07:35:00,1.38633,1.38636,1.38611,1.38613,227
2026-05-28 07:40:00,1.38613,1.38622,1.38604,1.38618,175
2026-05-28 07:45:00,1.38618,1.38625,1.38614,1.38616,152
2026-05-28 07:50:00,1.38616,1.38619,1.38608,1.38613,190
2026-05-28 07:55:00,1.38613,1.38618,1.38608,1.38613,292
2026-05-28 08:00:00,1.38614,1.3863,1.38611,1.38613,258
2026-05-28 08:05:00,1.38613,1.38643,1.38611,1.3864,280
2026-05-28 08:10:00,1.3864,1.3865,1.38617,1.38621,259
2026-05-28 08:15:00,1.38622,1.38629,1.38614,1.38617,178
2026-05-28 08:20:00,1.38617,1.38626,1.38607,1.38608,180
2026-05-28 08:25:00,1.38608,1.38618,1.38605,1.38611,331
2026-05-28 08:30:00,1.38611,1.38617,1.38569,1.38571,311
2026-05-28 08:35:00,1.38571,1.38579,1.38569,1.38569,286
2026-05-28 08:40:00,1.3857,1.38582,1.38564,1.38577,280
2026-05-28 08:45:00,1.38577,1.38577,1.38563,1.38564,261
2026-05-28 08:50:00,1.38564,1.38573,1.38553,1.3857,258
2026-05-28 08:55:00,1.3857,1.38584,1.3857,1.38582,212
2026-05-28 09:00:00,1.38582,1.38592,1.38541,1.3855,386
2026-05-28 09:05:00,1.3855,1.38566,1.38536,1.38562,269
2026-05-28 09:10:00,1.38562,1.38568,1.38544,1.3855,402
2026-05-28 09:15:00,1.3855,1.38565,1.38547,1.3856,283
2026-05-28 09:20:00,1.3856,1.3856,1.38524,1.38542,324
2026-05-28 09:25:00,1.38542,1.38542,1.38515,1.38533,336
2026-05-28 09:30:00,1.38533,1.38554,1.38527,1.3855,359
2026-05-28 09:35:00,1.3855,1.38552,1.38527,1.38532,284
2026-05-28 09:40:00,1.38532,1.38543,1.38526,1.38526,279
2026-05-28 09:45:00,1.38526,1.38533,1.3851,1.3852,176
2026-05-28 09:50:00,1.3852,1.38545,1.38519,1.3852,289
2026-05-28 09:55:00,1.3852,1.38522,1.38497,1.38518,316
2026-05-28 10:00:00,1.38517,1.3852,1.38483,1.38495,548
2026-05-28 10:05:00,1.38496,1.38507,1.38484,1.38488,523
2026-05-28 10:10:00,1.38488,1.38497,1.38457,1.38464,504
2026-05-28 10:15:00,1.38464,1.38487,1.38457,1.38457,477
2026-05-28 10:20:00,1.38457,1.38472,1.38454,1.38469,365
2026-05-28 10:25:00,1.38469,1.38533,1.38465,1.38533,513
2026-05-28 10:30:00,1.38533,1.38545,1.38521,1.38545,516
2026-05-28 10:35:00,1.38545,1.38576,1.38544,1.38572,450
2026-05-28 10:40:00,1.38573,1.38581,1.38543,1.38543,424
2026-05-28 10:45:00,1.38543,1.38543,1.38513,1.38524,445
2026-05-28 10:50:00,1.38524,1.38538,1.38524,1.38534,221
2026-05-28 10:55:00,1.38533,1.3855,1.3853,1.38549,217
2026-05-28 11:00:00,1.38549,1.38561,1.38531,1.38536,463
2026-05-28 11:05:00,1.38536,1.38548,1.3851,1.38523,515
2026-05-28 11:10:00,1.38523,1.38559,1.38522,1.3855,502
2026-05-28 11:15:00,1.3855,1.38592,1.38549,1.38583,416
2026-05-28 11:20:00,1.38583,1.386,1.38572,1.38598,474
2026-05-28 11:25:00,1.38598,1.38626,1.38594,1.386,614
2026-05-28 11:30:00,1.386,1.38616,1.38595,1.38614,420
2026-05-28 11:35:00,1.38614,1.38624,1.38606,1.3862,406
2026-05-28 11:40:00,1.3862,1.38625,1.38594,1.38619,273
2026-05-28 11:45:00,1.38618,1.38623,1.38587,1.38596,332
2026-05-28 11:50:00,1.38597,1.38601,1.3858,1.38587,293
2026-05-28 11:55:00,1.38587,1.38609,1.38582,1.38602,246
2026-05-28 12:00:00,1.38602,1.38603,1.3859,1.38597,328
2026-05-28 12:05:00,1.38597,1.38614,1.3859,1.38602,510
2026-05-28 12:10:00,1.38602,1.38606,1.38574,1.38589,284
2026-05-28 12:15:00,1.38589,1.38595,1.38579,1.38579,253
2026-05-28 12:20:00,1.38579,1.38589,1.38548,1.38565,385
2026-05-28 12:25:00,1.38566,1.38582,1.38562,1.38571,296
2026-05-28 12:30:00,1.38571,1.38602,1.38567,1.38598,376
2026-05-28 12:35:00,1.38598,1.38613,1.38591,1.38612,350
2026-05-28 12:40:00,1.38612,1.38618,1.386,1.38616,432
2026-05-28 12:45:00,1.38617,1.38633,1.38617,1.38632,258
2026-05-28 12:50:00,1.38632,1.38658,1.38625,1.38639,340
2026-05-28 12:55:00,1.38639,1.38686,1.38639,1.38658,478
2026-05-28 13:00:00,1.38658,1.38696,1.38655,1.38693,381
2026-05-28 13:05:00,1.38693,1.38693,1.38666,1.38669,252
2026-05-28 13:10:00,1.38669,1.38677,1.38652,1.38665,290
2026-05-28 13:15:00,1.38665,1.38666,1.38628,1.38657,289
2026-05-28 13:20:00,1.38657,1.38686,1.38655,1.38677,390
2026-05-28 13:25:00,1.38677,1.38685,1.38652,1.38655,491
2026-05-28 13:30:00,1.38655,1.3866,1.38641,1.38656,346
2026-05-28 13:35:00,1.38656,1.38673,1.38654,1.3866,284
2026-05-28 13:40:00,1.3866,1.38699,1.38659,1.38692,373
2026-05-28 13:45:00,1.38692,1.38697,1.38645,1.38654,327
2026-05-28 13:50:00,1.38654,1.38691,1.38653,1.38658,696
2026-05-28 13:55:00,1.38655,1.38661,1.38624,1.38637,471
2026-05-28 14:00:00,1.38637,1.38645,1.38604,1.38606,601
2026-05-28 14:05:00,1.38606,1.3863,1.38606,1.38613,366
2026-05-28 14:10:00,1.38613,1.38616,1.38581,1.38591,375
2026-05-28 14:15:00,1.38591,1.38606,1.38587,1.38602,314
2026-05-28 14:20:00,1.38602,1.38607,1.38558,1.38559,194
2026-05-28 14:25:00,1.38559,1.3856,1.38522,1.38524,226
2026-05-28 14:30:00,1.38524,1.38555,1.38513,1.3854,253
2026-05-28 14:35:00,1.3854,1.38542,1.38509,1.38536,248
2026-05-28 14:40:00,1.38536,1.38544,1.38521,1.38531,257
2026-05-28 14:45:00,1.38531,1.38537,1.3852,1.38532,216
2026-05-28 14:50:00,1.38532,1.38544,1.38495,1.38495,239
2026-05-28 14:55:00,1.38495,1.38509,1.38481,1.38496,417
2026-05-28 15:00:00,1.38496,1.38509,1.38491,1.38508,316
2026-05-28 15:05:00,1.38508,1.38534,1.38504,1.3853,299
2026-05-28 15:10:00,1.3853,1.38539,1.38501,1.38502,306
2026-05-28 15:15:00,1.38502,1.38505,1.3848,1.38483,267
2026-05-28 15:20:00,1.38483,1.38491,1.38467,1.38483,403
2026-05-28 15:25:00,1.38483,1.38488,1.38465,1.38473,251
2026-05-28 15:30:00,1.38473,1.38515,1.3845,1.38482,484
2026-05-28 15:35:00,1.38483,1.38485,1.38402,1.38423,668
2026-05-28 15:40:00,1.38423,1.38438,1.38405,1.38433,501
2026-05-28 15:45:00,1.38434,1.38458,1.38419,1.38436,571
2026-05-28 15:50:00,1.38435,1.38447,1.38399,1.38418,603
2026-05-28 15:55:00,1.38418,1.38447,1.38407,1.38436,494
2026-05-28 16:00:00,1.38436,1.38436,1.38367,1.38376,617
2026-05-28 16:05:00,1.38376,1.38439,1.38374,1.38437,480
2026-05-28 16:10:00,1.38437,1.38468,1.38427,1.38456,437
2026-05-28 16:15:00,1.38456,1.38494,1.38451,1.38489,373
2026-05-28 16:20:00,1.38489,1.38517,1.3848,1.38481,398
2026-05-28 16:25:00,1.38481,1.38496,1.38463,1.38471,354
2026-05-28 16:30:00,1.38471,1.38484,1.38425,1.38426,599
2026-05-28 16:35:00,1.38426,1.38443,1.38415,1.38436,500
2026-05-28 16:40:00,1.38438,1.38438,1.38385,1.38389,574
2026-05-28 16:45:00,1.38389,1.38415,1.3836,1.38408,545
2026-05-28 16:50:00,1.38407,1.38479,1.384,1.38479,708
2026-05-28 16:55:00,1.38479,1.3852,1.38461,1.38476,471
2026-05-28 17:00:00,1.38476,1.38508,1.38464,1.38485,574
2026-05-28 17:05:00,1.38485,1.38493,1.38465,1.38486,568
2026-05-28 17:10:00,1.38486,1.38498,1.3827,1.38373,1172
2026-05-28 17:15:00,1.38372,1.38385,1.38297,1.38323,1178
2026-05-28 17:20:00,1.38323,1.38356,1.38252,1.38276,942
2026-05-28 17:25:00,1.38276,1.38293,1.38235,1.3826,967
2026-05-28 17:30:00,1.3826,1.38267,1.38218,1.38236,847
2026-05-28 17:35:00,1.38236,1.38248,1.38206,1.38243,793
2026-05-28 17:40:00,1.38243,1.38251,1.38187,1.3819,666
2026-05-28 17:45:00,1.3819,1.3826,1.38176,1.38243,936
2026-05-28 17:50:00,1.38243,1.38252,1.38165,1.38179,752
2026-05-28 17:55:00,1.38179,1.38199,1.38162,1.38185,701
2026-05-28 18:00:00,1.38183,1.38184,1.38111,1.38114,762
2026-05-28 18:05:00,1.38114,1.38114,1.38062,1.38066,764
2026-05-28 18:10:00,1.38066,1.38076,1.38007,1.38015,626
2026-05-28 18:15:00,1.38015,1.38045,1.38009,1.38036,557
2026-05-28 18:20:00,1.38036,1.38057,1.38034,1.38049,436
2026-05-28 18:25:00,1.38049,1.38059,1.38017,1.38051,490
2026-05-28 18:30:00,1.38051,1.38051,1.38011,1.38039,581
2026-05-28 18:35:00,1.38038,1.38067,1.38036,1.38051,579
2026-05-28 18:40:00,1.38051,1.38068,1.38037,1.38051,427
2026-05-28 18:45:00,1.38051,1.38052,1.38007,1.38008,294
2026-05-28 18:50:00,1.38008,1.38027,1.37986,1.37988,357
2026-05-28 18:55:00,1.37988,1.38012,1.37988,1.37994,356
2026-05-28 19:00:00,1.37994,1.38018,1.3797,1.3797,439
2026-05-28 19:05:00,1.3797,1.37991,1.37959,1.37979,360
2026-05-28 19:10:00,1.37979,1.38006,1.37973,1.38002,319
2026-05-28 19:15:00,1.38003,1.38012,1.37974,1.37978,373
2026-05-28 19:20:00,1.37978,1.3798,1.37934,1.37941,372
2026-05-28 19:25:00,1.37941,1.37963,1.37919,1.37944,435
2026-05-28 19:30:00,1.37944,1.37956,1.37916,1.37923,328
2026-05-28 19:35:00,1.37923,1.37955,1.37915,1.37946,295
2026-05-28 19:40:00,1.37946,1.37955,1.3793,1.37943,400
2026-05-28 19:45:00,1.37943,1.37954,1.37931,1.37952,344
2026-05-28 19:50:00,1.37952,1.37956,1.37942,1.37947,264
2026-05-28 19:55:00,1.37947,1.37952,1.37891,1.37916,554
2026-05-28 20:00:00,1.37915,1.37923,1.37889,1.37899,379
2026-05-28 20:05:00,1.37899,1.37911,1.37823,1.37833,376
2026-05-28 20:10:00,1.37833,1.37847,1.37823,1.37845,228
2026-05-28 20:15:00,1.37845,1.37899,1.37845,1.37895,299
2026-05-28 20:20:00,1.37895,1.37898,1.37857,1.37875,291
2026-05-28 20:25:00,1.37875,1.37884,1.37855,1.37874,234
2026-05-28 20:30:00,1.37874,1.37888,1.3786,1.37888,243
2026-05-28 20:35:00,1.37888,1.37907,1.37888,1.37898,267
2026-05-28 20:40:00,1.37898,1.37899,1.37879,1.37888,201
2026-05-28 20:45:00,1.37888,1.37895,1.37866,1.37886,400
2026-05-28 20:50:00,1.37886,1.37887,1.37849,1.3786,409
2026-05-28 20:55:00,1.3786,1.37868,1.37845,1.37858,309
2026-05-28 21:00:00,1.37858,1.37861,1.37803,1.37804,331
2026-05-28 21:05:00,1.37805,1.37831,1.37801,1.37826,303
2026-05-28 21:10:00,1.37826,1.37843,1.37818,1.37821,342
2026-05-28 21:15:00,1.37821,1.37831,1.37803,1.37812,477
2026-05-28 21:20:00,1.37812,1.37848,1.37806,1.37845,426
2026-05-28 21:25:00,1.37845,1.37867,1.3784,1.37866,300
2026-05-28 21:30:00,1.37867,1.37875,1.37854,1.37855,308
2026-05-28 21:35:00,1.37855,1.37859,1.37831,1.37845,335
2026-05-28 21:40:00,1.37845,1.37852,1.37837,1.37841,223
2026-05-28 21:45:00,1.37841,1.37847,1.37833,1.37834,244
2026-05-28 21:50:00,1.37834,1.37835,1.37807,1.37818,326
2026-05-28 21:55:00,1.37818,1.37836,1.37809,1.37834,364
2026-05-28 22:00:00,1.37834,1.37847,1.37828,1.37837,282
2026-05-28 22:05:00,1.37837,1.37843,1.37823,1.37823,205
2026-05-28 22:10:00,1.37823,1.37832,1.37815,1.37821,270
2026-05-28 22:15:00,1.37821,1.37821,1.37798,1.37807,196
2026-05-28 22:20:00,1.37807,1.37813,1.37799,1.37808,179
2026-05-28 22:25:00,1.37808,1.37809,1.37785,1.37788,141
2026-05-28 22:30:00,1.37788,1.37788,1.37766,1.37768,156
2026-05-28 22:35:00,1.37768,1.3777,1.37738,1.37751,308
2026-05-28 22:40:00,1.37751,1.37785,1.3775,1.3778,336
2026-05-28 22:45:00,1.3778,1.37789,1.37755,1.3776,303
2026-05-28 22:50:00,1.3776,1.37781,1.3776,1.37776,335
2026-05-28 22:55:00,1.37778,1.37834,1.37776,1.3783,661
2026-05-28 23:00:00,1.3783,1.37838,1.37821,1.37838,343
2026-05-28 23:05:00,1.37838,1.37839,1.37801,1.37813,136
2026-05-28 23:10:00,1.37813,1.37829,1.37809,1.3782,115
2026-05-28 23:15:00,1.3782,1.37825,1.37811,1.3782,157
2026-05-28 23:20:00,1.3782,1.37825,1.37819,1.37821,58
2026-05-28 23:25:00,1.37821,1.37838,1.3782,1.37836,89
2026-05-28 23:30:00,1.37837,1.3784,1.37825,1.3783,170
2026-05-28 23:35:00,1.3783,1.37868,1.3783,1.37851,105
2026-05-28 23:40:00,1.37851,1.37852,1.37832,1.37835,22
2026-05-28 23:45:00,1.37835,1.37836,1.37819,1.37823,51
2026-05-28 23:50:00,1.37823,1.37826,1.37813,1.37815,63
2026-05-28 23:55:00,1.37815,1.37852,1.37811,1.37834,249
2026-05-29 00:00:00,1.37815,1.37815,1.3771,1.37729,20
2026-05-29 00:05:00,1.37729,1.37801,1.37715,1.37726,59
2026-05-29 00:10:00,1.37726,1.37814,1.37721,1.37728,65
2026-05-29 00:15:00,1.37724,1.37733,1.37721,1.37727,97
2026-05-29 00:20:00,1.3773,1.37731,1.37724,1.37729,30
2026-05-29 00:25:00,1.37728,1.37733,1.37724,1.3773,38
2026-05-29 00:30:00,1.3773,1.37791,1.37729,1.37791,129
2026-05-29 00:35:00,1.37791,1.37792,1.37733,1.37767,257
2026-05-29 00:40:00,1.37768,1.37784,1.37752,1.37774,62
2026-05-29 00:45:00,1.37774,1.37785,1.37752,1.37781,721
2026-05-29 00:50:00,1.3778,1.37856,1.37777,1.37839,387
2026-05-29 00:55:00,1.37839,1.37857,1.37814,1.37821,227
2026-05-29 01:00:00,1.37821,1.37842,1.37821,1.37837,531
2026-05-29 01:05:00,1.37837,1.37842,1.37832,1.37842,149
2026-05-29 01:10:00,1.37842,1.37844,1.37831,1.37834,174
2026-05-29 01:15:00,1.37835,1.37835,1.37829,1.37832,106
2026-05-29 01:20:00,1.37832,1.37832,1.37824,1.37827,44
2026-05-29 01:25:00,1.37827,1.37831,1.37826,1.37828,28
2026-05-29 01:30:00,1.37829,1.37836,1.37828,1.37832,69
2026-05-29 01:35:00,1.37832,1.37834,1.37827,1.37833,33
2026-05-29 01:40:00,1.37833,1.37835,1.37827,1.37828,59
2026-05-29 01:45:00,1.37828,1.37832,1.37826,1.37831,48
2026-05-29 01:50:00,1.37831,1.37833,1.37825,1.37826,35
2026-05-29 01:55:00,1.37826,1.37835,1.37825,1.37835,52
2026-05-29 02:00:00,1.37835,1.37835,1.37811,1.37815,103
2026-05-29 02:05:00,1.37815,1.37825,1.37815,1.37822,44
2026-05-29 02:10:00,1.37822,1.37822,1.37817,1.37818,34
2026-05-29 02:15:00,1.37818,1.37823,1.37813,1.37823,41
2026-05-29 02:20:00,1.37823,1.37823,1.37821,1.37821,39
2026-05-29 02:25:00,1.37821,1.37824,1.37817,1.37824,39
2026-05-29 02:30:00,1.37824,1.37829,1.37822,1.37822,25
2026-05-29 02:35:00,1.37822,1.37824,1.37814,1.37819,40
2026-05-29 02:40:00,1.37819,1.37829,1.37819,1.37823,40
2026-05-29 02:45:00,1.37823,1.37828,1.37821,1.37824,103
2026-05-29 02:50:00,1.37824,1.37833,1.37818,1.37829,196
2026-05-29 02:55:00,1.37829,1.37837,1.37827,1.37828,180
2026-05-29 03:00:00,1.37828,1.37831,1.37808,1.37808,478
2026-05-29 03:05:00,1.37808,1.37816,1.37804,1.37809,383
2026-05-29 03:10:00,1.37809,1.37815,1.37802,1.37812,312
2026-05-29 03:15:00,1.37812,1.3782,1.3781,1.37814,240
2026-05-29 03:20:00,1.37814,1.37815,1.37801,1.37806,303
2026-05-29 03:25:00,1.37806,1.37809,1.37795,1.37799,196
2026-05-29 03:30:00,1.37799,1.37831,1.37799,1.37831,142
2026-05-29 03:35:00,1.37831,1.37831,1.37818,1.37821,243
2026-05-29 03:40:00,1.37821,1.37825,1.37809,1.37812,187
2026-05-29 03:45:00,1.37812,1.37823,1.37811,1.37819,252
2026-05-29 03:50:00,1.37819,1.3784,1.37813,1.37839,340
2026-05-29 03:55:00,1.37839,1.37855,1.3783,1.3784,213
2026-05-29 04:00:00,1.3784,1.37846,1.3783,1.37838,322
2026-05-29 04:05:00,1.37839,1.37843,1.37816,1.37819,387
2026-05-29 04:10:00,1.37819,1.37819,1.37797,1.37798,456
2026-05-29 04:15:00,1.37798,1.37802,1.3779,1.37793,493
2026-05-29 04:20:00,1.37793,1.37795,1.37783,1.37785,424
2026-05-29 04:25:00,1.37785,1.37803,1.37783,1.37801,279
2026-05-29 04:30:00,1.37801,1.37809,1.37799,1.37807,442
2026-05-29 04:35:00,1.37807,1.3781,1.37802,1.37807,459
2026-05-29 04:40:00,1.37807,1.37813,1.37802,1.37812,168
2026-05-29 04:45:00,1.37812,1.37841,1.37812,1.37835,167
2026-05-29 04:50:00,1.37835,1.37847,1.37835,1.37842,270
2026-05-29 04:55:00,1.37842,1.37854,1.37836,1.37853,259
2026-05-29 05:00:00,1.37853,1.37853,1.37823,1.37834,167
2026-05-29 05:05:00,1.37834,1.37841,1.37825,1.37837,178
2026-05-29 05:10:00,1.37837,1.37839,1.37819,1.37821,282
2026-05-29 05:15:00,1.37821,1.37828,1.3782,1.37826,169
2026-05-29 05:20:00,1.37826,1.37829,1.37819,1.37824,106
2026-05-29 05:25:00,1.37825,1.37833,1.37825,1.37832,115
2026-05-29 05:30:00,1.37832,1.37835,1.37823,1.3783,121
2026-05-29 05:35:00,1.3783,1.37844,1.3783,1.37833,157
2026-05-29 05:40:00,1.37833,1.37837,1.37827,1.37836,158
2026-05-29 05:45:00,1.37836,1.3784,1.37826,1.37839,186
2026-05-29 05:50:00,1.37839,1.37856,1.37839,1.37852,142
2026-05-29 05:55:00,1.37852,1.37858,1.37846,1.37854,229
2026-05-29 06:00:00,1.37854,1.37885,1.37852,1.37872,303
2026-05-29 06:05:00,1.37872,1.37884,1.37872,1.37884,353
2026-05-29 06:10:00,1.37884,1.37893,1.37882,1.37886,247
2026-05-29 06:15:00,1.37886,1.37888,1.37877,1.37884,204
2026-05-29 06:20:00,1.37884,1.37887,1.37877,1.37881,242
2026-05-29 06:25:00,1.37881,1.37889,1.37878,1.37883,185
2026-05-29 06:30:00,1.37883,1.37887,1.37878,1.37883,140
2026-05-29 06:35:00,1.37883,1.37912,1.37882,1.37905,313
2026-05-29 06:40:00,1.37905,1.37916,1.37901,1.37901,197
2026-05-29 06:45:00,1.37901,1.37907,1.37892,1.379,208
2026-05-29 06:50:00,1.37901,1.37908,1.37896,1.37899,191
2026-05-29 06:55:00,1.37899,1.37902,1.37892,1.37894,178
2026-05-29 07:00:00,1.37894,1.37894,1.37877,1.37883,178
2026-05-29 07:05:00,1.37883,1.37886,1.37877,1.37877,96
2026-05-29 07:10:00,1.37877,1.37887,1.37873,1.37884,117
2026-05-29 07:15:00,1.37884,1.37896,1.37875,1.3789,246
2026-05-29 07:20:00,1.3789,1.379,1.37889,1.37894,211
2026-05-29 07:25:00,1.37894,1.379,1.37891,1.37899,190
2026-05-29 07:30:00,1.379,1.37906,1.37897,1.37905,162
2026-05-29 07:35:00,1.37905,1.37906,1.37893,1.37894,100
2026-05-29 07:40:00,1.37894,1.37896,1.37869,1.37873,238
2026-05-29 07:45:00,1.37873,1.37883,1.37869,1.37882,245
2026-05-29 07:50:00,1.37882,1.37887,1.37874,1.37876,280
2026-05-29 07:55:00,1.37876,1.37894,1.37875,1.3789,156
2026-05-29 08:00:00,1.37891,1.37906,1.37888,1.37904,99
2026-05-29 08:05:00,1.37904,1.37904,1.37879,1.37881,106
2026-05-29 08:10:00,1.37881,1.37883,1.37866,1.37867,159
2026-05-29 08:15:00,1.37867,1.37878,1.37855,1.37855,116
2026-05-29 08:20:00,1.37855,1.37869,1.37854,1.37867,81
2026-05-29 08:25:00,1.37867,1.3787,1.3786,1.3787,92
2026-05-29 08:30:00,1.3787,1.37871,1.37858,1.3786,165
2026-05-29 08:35:00,1.3786,1.37879,1.3786,1.37878,302
2026-05-29 08:40:00,1.37878,1.37881,1.37864,1.37868,154
2026-05-29 08:45:00,1.37868,1.37877,1.37867,1.37874,171
2026-05-29 08:50:00,1.37874,1.37876,1.37847,1.37848,146
2026-05-29 08:55:00,1.37848,1.3788,1.37848,1.37872,359
2026-05-29 09:00:00,1.37872,1.37899,1.37861,1.37879,356
2026-05-29 09:05:00,1.37879,1.37886,1.37857,1.37873,234
2026-05-29 09:10:00,1.37873,1.37875,1.37847,1.37847,147
2026-05-29 09:15:00,1.37847,1.37877,1.37846,1.37868,163
2026-05-29 09:20:00,1.37868,1.379,1.37868,1.37897,235
2026-05-29 09:25:00,1.37898,1.37927,1.37897,1.37926,242
2026-05-29 09:30:00,1.37926,1.37948,1.37915,1.37948,317
2026-05-29 09:35:00,1.37948,1.3796,1.37937,1.3794,247
2026-05-29 09:40:00,1.3794,1.37962,1.3794,1.37959,275
2026-05-29 09:45:00,1.37959,1.37959,1.37922,1.37936,292
2026-05-29 09:50:00,1.37936,1.37942,1.37928,1.37931,221
2026-05-29 09:55:00,1.37931,1.37939,1.37918,1.37934,186
2026-05-29 10:00:00,1.37934,1.37975,1.37932,1.37969,348
2026-05-29 10:05:00,1.37969,1.37971,1.37956,1.37966,234
2026-05-29 10:10:00,1.37966,1.37993,1.37946,1.37983,228
2026-05-29 10:15:00,1.37983,1.37987,1.37962,1.37962,296
2026-05-29 10:20:00,1.37962,1.38003,1.37952,1.38003,361
2026-05-29 10:25:00,1.38003,1.38007,1.37996,1.38003,391
2026-05-29 10:30:00,1.38003,1.38015,1.37975,1.37976,405
2026-05-29 10:35:00,1.37976,1.38031,1.37975,1.38028,469
2026-05-29 10:40:00,1.38028,1.38032,1.3799,1.38,368
2026-05-29 10:45:00,1.38,1.38012,1.37991,1.37997,313
2026-05-29 10:50:00,1.37997,1.38004,1.37989,1.38002,133
2026-05-29 10:55:00,1.38002,1.38011,1.37982,1.38008,294
2026-05-29 11:00:00,1.38008,1.38066,1.38008,1.38042,546
2026-05-29 11:05:00,1.38042,1.38064,1.38027,1.38062,280
2026-05-29 11:10:00,1.38062,1.38076,1.38055,1.3806,327
2026-05-29 11:15:00,1.3806,1.38071,1.38038,1.3805,303
2026-05-29 11:20:00,1.3805,1.38059,1.38036,1.38041,317
2026-05-29 11:25:00,1.38041,1.38043,1.38022,1.38027,404
2026-05-29 11:30:00,1.38027,1.38031,1.38008,1.3801,347
2026-05-29 11:35:00,1.3801,1.38015,1.37993,1.37995,242
2026-05-29 11:40:00,1.37995,1.38016,1.37994,1.38014,191
2026-05-29 11:45:00,1.38014,1.3805,1.38013,1.38038,251
2026-05-29 11:50:00,1.38038,1.38057,1.38036,1.38053,283
2026-05-29 11:55:00,1.38053,1.38076,1.38052,1.38056,358
2026-05-29 12:00:00,1.38056,1.38057,1.3804,1.38045,321
2026-05-29 12:05:00,1.38045,1.38065,1.38038,1.38065,180
2026-05-29 12:10:00,1.38065,1.3807,1.38042,1.38045,282
2026-05-29 12:15:00,1.38045,1.38083,1.38044,1.3808,350
2026-05-29 12:20:00,1.3808,1.38093,1.3807,1.38074,341
2026-05-29 12:25:00,1.38074,1.38086,1.38071,1.38082,435
2026-05-29 12:30:00,1.38082,1.38089,1.38073,1.38078,431
2026-05-29 12:35:00,1.38078,1.38087,1.38073,1.38083,243
2026-05-29 12:40:00,1.38083,1.38094,1.38076,1.38077,335
2026-05-29 12:45:00,1.38077,1.38079,1.38066,1.38068,288
2026-05-29 12:50:00,1.38068,1.38082,1.38061,1.38071,355
2026-05-29 12:55:00,1.38071,1.38082,1.38056,1.3808,311
2026-05-29 13:00:00,1.3808,1.38107,1.38078,1.38106,338
2026-05-29 13:05:00,1.38106,1.38106,1.38085,1.38096,291
2026-05-29 13:10:00,1.38096,1.38106,1.38067,1.38069,399
2026-05-29 13:15:00,1.38069,1.38083,1.38066,1.38081,337
2026-05-29 13:20:00,1.38081,1.38081,1.38062,1.38068,311
2026-05-29 13:25:00,1.38068,1.38077,1.38055,1.38059,201
2026-05-29 13:30:00,1.3806,1.3806,1.38045,1.38058,134
2026-05-29 13:35:00,1.38058,1.38069,1.38056,1.38068,198
2026-05-29 13:40:00,1.38068,1.38098,1.38067,1.38094,215
2026-05-29 13:45:00,1.38095,1.38106,1.38084,1.38087,219
2026-05-29 13:50:00,1.38087,1.38103,1.38084,1.38092,187
2026-05-29 13:55:00,1.38094,1.38097,1.38075,1.38082,270
2026-05-29 14:00:00,1.38082,1.38099,1.38082,1.38092,262
2026-05-29 14:05:00,1.38092,1.38105,1.38091,1.38095,285
2026-05-29 14:10:00,1.38095,1.38125,1.38094,1.38122,229
2026-05-29 14:15:00,1.38122,1.38142,1.3811,1.38116,211
2026-05-29 14:20:00,1.38116,1.38147,1.38083,1.38122,396
2026-05-29 14:25:00,1.38122,1.38145,1.38116,1.38121,299
2026-05-29 14:30:00,1.38121,1.38143,1.38104,1.38111,293
2026-05-29 14:35:00,1.38112,1.38112,1.38058,1.38063,429
2026-05-29 14:40:00,1.38062,1.38076,1.38059,1.38065,272
2026-05-29 14:45:00,1.38065,1.38065,1.38042,1.38054,365
2026-05-29 14:50:00,1.38054,1.3806,1.38019,1.38023,525
2026-05-29 14:55:00,1.38023,1.38039,1.37995,1.38004,299
2026-05-29 15:00:00,1.38004,1.38065,1.37995,1.38063,340
2026-05-29 15:05:00,1.38063,1.38068,1.38034,1.38043,404
2026-05-29 15:10:00,1.38043,1.3807,1.38015,1.38019,388
2026-05-29 15:15:00,1.38019,1.38047,1.38013,1.38039,355
2026-05-29 15:20:00,1.38039,1.3809,1.38038,1.38082,513
2026-05-29 15:25:00,1.38082,1.38093,1.3806,1.38066,303
2026-05-29 15:30:00,1.38066,1.38215,1.38065,1.38189,670
2026-05-29 15:35:00,1.38189,1.38228,1.3818,1.382,509
2026-05-29 15:40:00,1.382,1.38247,1.38182,1.38246,468
2026-05-29 15:45:00,1.38246,1.38293,1.38232,1.3824,513
2026-05-29 15:50:00,1.3824,1.38259,1.38224,1.38234,517
2026-05-29 15:55:00,1.38234,1.38251,1.38178,1.38179,572
2026-05-29 16:00:00,1.38179,1.38208,1.38145,1.38159,634
2026-05-29 16:05:00,1.38159,1.3819,1.38147,1.38179,578
2026-05-29 16:10:00,1.38179,1.38197,1.38157,1.38171,437
2026-05-29 16:15:00,1.38169,1.38171,1.3807,1.38071,486
2026-05-29 16:20:00,1.38071,1.38108,1.3805,1.38101,463
2026-05-29 16:25:00,1.381,1.38104,1.38074,1.3809,366
2026-05-29 16:30:00,1.3809,1.38116,1.38059,1.38079,688
2026-05-29 16:35:00,1.38079,1.381,1.38034,1.38047,483
2026-05-29 16:40:00,1.38046,1.38095,1.38019,1.38086,374
2026-05-29 16:45:00,1.38086,1.38103,1.38077,1.38103,613
2026-05-29 16:50:00,1.38103,1.38173,1.38099,1.3816,645
2026-05-29 16:55:00,1.3816,1.3816,1.38098,1.38125,704
2026-05-29 17:00:00,1.38125,1.38161,1.38125,1.3814,609
2026-05-29 17:05:00,1.38141,1.38154,1.38062,1.38062,689
2026-05-29 17:10:00,1.38062,1.38092,1.37995,1.38092,665
2026-05-29 17:15:00,1.38092,1.38105,1.38063,1.38102,668
2026-05-29 17:20:00,1.38102,1.38102,1.38013,1.38052,748
2026-05-29 17:25:00,1.38054,1.38094,1.38022,1.38039,717
2026-05-29 17:30:00,1.38039,1.38104,1.38016,1.38042,787
2026-05-29 17:35:00,1.38041,1.38096,1.37995,1.38056,756
2026-05-29 17:40:00,1.38056,1.38058,1.3797,1.38001,728
2026-05-29 17:45:00,1.38001,1.38025,1.37953,1.37961,606
2026-05-29 17:50:00,1.37961,1.37996,1.37755,1.37756,1508
2026-05-29 17:55:00,1.37756,1.37783,1.37703,1.37759,1330
2026-05-29 18:00:00,1.37759,1.37809,1.3774,1.37801,1190
2026-05-29 18:05:00,1.37801,1.37837,1.3778,1.378,854
2026-05-29 18:10:00,1.378,1.37868,1.37793,1.37837,884
2026-05-29 18:15:00,1.37837,1.37887,1.37833,1.37861,659
2026-05-29 18:20:00,1.37861,1.37865,1.37825,1.37846,551
2026-05-29 18:25:00,1.37846,1.3786,1.37833,1.37851,474
2026-05-29 18:30:00,1.37851,1.37853,1.37773,1.37795,769
2026-05-29 18:35:00,1.37799,1.37802,1.3776,1.3779,806
2026-05-29 18:40:00,1.3779,1.37835,1.37773,1.37821,816
2026-05-29 18:45:00,1.37821,1.37822,1.37775,1.37816,724
2026-05-29 18:50:00,1.37816,1.37826,1.37796,1.37815,430
2026-05-29 18:55:00,1.37815,1.37851,1.37814,1.37848,444
2026-05-29 19:00:00,1.37848,1.37884,1.37836,1.37883,428
2026-05-29 19:05:00,1.37883,1.37924,1.37882,1.37905,537
2026-05-29 19:10:00,1.37906,1.37929,1.37889,1.37929,523
2026-05-29 19:15:00,1.37929,1.37942,1.37918,1.37931,375
2026-05-29 19:20:00,1.37931,1.37969,1.37927,1.37954,362
2026-05-29 19:25:00,1.37954,1.3797,1.3795,1.37963,436
2026-05-29 19:30:00,1.37963,1.37985,1.37939,1.37945,601
2026-05-29 19:35:00,1.37945,1.37961,1.37927,1.3796,649
2026-05-29 19:40:00,1.37959,1.37989,1.37955,1.37985,594
2026-05-29 19:45:00,1.37985,1.38002,1.37983,1.37993,446
2026-05-29 19:50:00,1.37993,1.38009,1.37984,1.38007,346
2026-05-29 19:55:00,1.38007,1.38019,1.37991,1.37992,292
2026-05-29 20:00:00,1.37992,1.37993,1.37965,1.37971,336
2026-05-29 20:05:00,1.37971,1.37998,1.37968,1.37998,387
2026-05-29 20:10:00,1.37998,1.38012,1.37987,1.37989,357
2026-05-29 20:15:00,1.37989,1.3799,1.37971,1.37986,317
2026-05-29 20:20:00,1.37986,1.38,1.37978,1.37992,506
2026-05-29 20:25:00,1.37992,1.38008,1.37975,1.37976,569
2026-05-29 20:30:00,1.37976,1.37983,1.37941,1.37945,399
2026-05-29 20:35:00,1.37945,1.37962,1.37933,1.37958,481
2026-05-29 20:40:00,1.37958,1.37971,1.3795,1.3796,281
2026-05-29 20:45:00,1.3796,1.37962,1.37945,1.37949,196
2026-05-29 20:50:00,1.37949,1.3796,1.37946,1.37953,216
2026-05-29 20:55:00,1.37953,1.37962,1.37916,1.3793,252
2026-05-29 21:00:00,1.3793,1.37942,1.37917,1.3792,360
2026-05-29 21:05:00,1.3792,1.37924,1.37892,1.37903,340
2026-05-29 21:10:00,1.37903,1.37916,1.37887,1.37888,308
2026-05-29 21:15:00,1.37888,1.37906,1.37872,1.37886,366
2026-05-29 21:20:00,1.37886,1.37916,1.37879,1.3789,416
2026-05-29 21:25:00,1.3789,1.37912,1.3789,1.37911,274
2026-05-29 21:30:00,1.37911,1.37913,1.37882,1.37884,229
2026-05-29 21:35:00,1.37884,1.37889,1.37864,1.37872,156
2026-05-29 21:40:00,1.37872,1.37926,1.37872,1.37913,345
2026-05-29 21:45:00,1.37914,1.3794,1.37914,1.37929,561
2026-05-29 21:50:00,1.37929,1.37933,1.37906,1.37916,295
2026-05-29 21:55:00,1.37916,1.37968,1.37915,1.37965,455
2026-05-29 22:00:00,1.37965,1.3798,1.37936,1.37942,464
2026-05-29 22:05:00,1.37942,1.37942,1.37907,1.37922,258
2026-05-29 22:10:00,1.37922,1.37933,1.37919,1.37926,376
2026-05-29 22:15:00,1.37926,1.37933,1.37889,1.37892,182
2026-05-29 22:20:00,1.37892,1.37893,1.37871,1.37878,247
2026-05-29 22:25:00,1.37878,1.37889,1.37859,1.37859,211
2026-05-29 22:30:00,1.37861,1.37873,1.37859,1.37861,190
2026-05-29 22:35:00,1.37862,1.37883,1.3786,1.37882,206
2026-05-29 22:40:00,1.37882,1.37884,1.3786,1.37862,191
2026-05-29 22:45:00,1.37862,1.37898,1.37862,1.37895,280
2026-05-29 22:50:00,1.37894,1.37933,1.37892,1.37925,465
2026-05-29 22:55:00,1.37925,1.37925,1.37851,1.37901,703
2026-05-29 23:00:00,1.37898,1.37899,1.37845,1.37898,556
2026-05-29 23:05:00,1.37898,1.3791,1.37893,1.37905,245
2026-05-29 23:10:00,1.37906,1.37927,1.37905,1.37909,299
2026-05-29 23:15:00,1.37909,1.37936,1.37908,1.37936,307
2026-05-29 23:20:00,1.37936,1.37939,1.37927,1.37928,195
2026-05-29 23:25:00,1.37928,1.37937,1.37906,1.37918,214
2026-05-29 23:30:00,1.37918,1.37948,1.37914,1.37942,402
2026-05-29 23:35:00,1.37942,1.37951,1.37937,1.3795,125
2026-05-29 23:40:00,1.3795,1.37952,1.37931,1.37934,326
2026-05-29 23:45:00,1.37933,1.37966,1.3792,1.37966,216
2026-05-29 23:50:00,1.37966,1.37966,1.37936,1.37944,210
2026-05-29 23:55:00,1.37944,1.37982,1.37885,1.3793,391
2026-06-01 00:00:00,1.37924,1.37929,1.37924,1.37929,6
2026-06-01 00:05:00,1.37929,1.37987,1.37917,1.37917,54
2026-06-01 00:10:00,1.37917,1.37942,1.37917,1.37937,10
2026-06-01 00:15:00,1.37937,1.37937,1.37922,1.37934,7
2026-06-01 00:20:00,1.37934,1.37934,1.37925,1.37929,11
2026-06-01 00:25:00,1.37929,1.37944,1.37923,1.37928,17
2026-06-01 00:30:00,1.37928,1.37959,1.37912,1.37935,76
2026-06-01 00:35:00,1.37935,1.37948,1.37904,1.37904,62
2026-06-01 00:40:00,1.37904,1.3792,1.37891,1.37917,43
2026-06-01 00:45:00,1.37917,1.37982,1.37892,1.37979,90
2026-06-01 00:50:00,1.37973,1.3801,1.37967,1.37986,285
2026-06-01 00:55:00,1.37987,1.37994,1.37926,1.37934,81
2026-06-01 01:00:00,1.37934,1.37993,1.37917,1.37991,210
2026-06-01 01:05:00,1.37998,1.38018,1.37993,1.38018,101
2026-06-01 01:10:00,1.38018,1.3802,1.37985,1.37989,110
2026-06-01 01:15:00,1.37989,1.37989,1.37968,1.37968,36
2026-06-01 01:20:00,1.37968,1.37975,1.37959,1.37972,57
2026-06-01 01:25:00,1.37972,1.37981,1.37972,1.37976,64
2026-06-01 01:30:00,1.37976,1.37984,1.37972,1.37982,108
2026-06-01 01:35:00,1.37982,1.37989,1.37977,1.37988,88
2026-06-01 01:40:00,1.37988,1.37988,1.37981,1.37981,29
2026-06-01 01:45:00,1.37981,1.37981,1.37969,1.37972,76
2026-06-01 01:50:00,1.37972,1.37973,1.37971,1.37973,51
2026-06-01 01:55:00,1.37973,1.37973,1.37949,1.37952,124
2026-06-01 02:00:00,1.37952,1.37979,1.37951,1.37951,280
2026-06-01 02:05:00,1.37952,1.37961,1.37949,1.37951,86
2026-06-01 02:10:00,1.37951,1.37955,1.3795,1.37954,115
2026-06-01 02:15:00,1.37953,1.37962,1.37952,1.3796,47
2026-06-01 02:20:00,1.3796,1.37961,1.37952,1.3796,89
2026-06-01 02:25:00,1.3796,1.37961,1.3795,1.37952,95
2026-06-01 02:30:00,1.37952,1.37962,1.37949,1.37957,175
2026-06-01 02:35:00,1.37957,1.37959,1.37956,1.37957,114
2026-06-01 02:40:00,1.37957,1.37958,1.37942,1.37945,103
2026-06-01 02:45:00,1.37945,1.37945,1.37892,1.3791,669
2026-06-01 02:50:00,1.3791,1.37951,1.3791,1.3795,181
2026-06-01 02:55:00,1.3795,1.37969,1.37947,1.37969,262
2026-06-01 03:00:00,1.37969,1.38004,1.37969,1.37986,528
2026-06-01 03:05:00,1.37986,1.38001,1.37978,1.37992,373
2026-06-01 03:10:00,1.37992,1.38016,1.37986,1.38012,307
2026-06-01 03:15:00,1.38012,1.38026,1.37995,1.3802,529
2026-06-01 03:20:00,1.3802,1.38049,1.38017,1.38041,524
2026-06-01 03:25:00,1.38041,1.38059,1.38038,1.3804,1003
2026-06-01 03:30:00,1.38039,1.38051,1.38028,1.3805,874
2026-06-01 03:35:00,1.3805,1.3806,1.38045,1.38052,543
2026-06-01 03:40:00,1.38052,1.38062,1.38051,1.38055,356
2026-06-01 03:45:00,1.38054,1.38058,1.38046,1.38056,388
2026-06-01 03:50:00,1.38056,1.3806,1.38038,1.38056,364
2026-06-01 03:55:00,1.38056,1.38062,1.38034,1.38046,260
2026-06-01 04:00:00,1.38046,1.38095,1.38042,1.3809,512
2026-06-01 04:05:00,1.3809,1.38096,1.38074,1.38077,880
2026-06-01 04:10:00,1.38076,1.38084,1.38067,1.38072,867
2026-06-01 04:15:00,1.38073,1.38083,1.38072,1.38082,739
2026-06-01 04:20:00,1.38081,1.38082,1.38061,1.38069,740
2026-06-01 04:25:00,1.38069,1.38081,1.38066,1.38079,612
2026-06-01 04:30:00,1.38079,1.38091,1.38072,1.38074,674
2026-06-01 04:35:00,1.38074,1.38082,1.38066,1.38081,602
2026-06-01 04:40:00,1.3808,1.38089,1.38075,1.38081,555
2026-06-01 04:45:00,1.38081,1.3809,1.38074,1.38087,424
2026-06-01 04:50:00,1.38087,1.38093,1.38069,1.38075,635
2026-06-01 04:55:00,1.38075,1.3809,1.38075,1.38084,455
2026-06-01 05:00:00,1.38085,1.38086,1.38074,1.38076,255
2026-06-01 05:05:00,1.38076,1.38077,1.38058,1.38074,197
2026-06-01 05:10:00,1.38074,1.3808,1.38069,1.38075,151
2026-06-01 05:15:00,1.38075,1.38077,1.38069,1.38074,235
2026-06-01 05:20:00,1.38074,1.38089,1.38074,1.38085,231
2026-06-01 05:25:00,1.38085,1.38095,1.38084,1.38095,214
2026-06-01 05:30:00,1.38095,1.38111,1.38093,1.38094,534
2026-06-01 05:35:00,1.38094,1.38095,1.38083,1.38089,425
2026-06-01 05:40:00,1.38088,1.38106,1.38088,1.38101,425
2026-06-01 05:45:00,1.38101,1.38115,1.38098,1.38103,385
2026-06-01 05:50:00,1.38103,1.38108,1.38096,1.38096,302
2026-06-01 05:55:00,1.38096,1.38099,1.38084,1.38085,211
2026-06-01 06:00:00,1.38085,1.38091,1.38069,1.38077,198
2026-06-01 06:05:00,1.38077,1.38087,1.38075,1.38084,114
2026-06-01 06:10:00,1.38084,1.38091,1.38083,1.3809,153
2026-06-01 06:15:00,1.3809,1.38119,1.38086,1.38114,414
2026-06-01 06:20:00,1.38114,1.38114,1.381,1.38104,454
2026-06-01 06:25:00,1.38104,1.38104,1.38074,1.38074,249
2026-06-01 06:30:00,1.38074,1.38088,1.38069,1.38087,151
2026-06-01 06:35:00,1.38087,1.38104,1.38087,1.38098,352
2026-06-01 06:40:00,1.38098,1.38124,1.38096,1.38122,243
2026-06-01 06:45:00,1.38121,1.38122,1.38109,1.38118,217
2026-06-01 06:50:00,1.38118,1.38119,1.38112,1.38113,258
2026-06-01 06:55:00,1.38113,1.38135,1.38107,1.38132,223
2026-06-01 07:00:00,1.38132,1.38133,1.38116,1.3812,298
2026-06-01 07:05:00,1.3812,1.38122,1.38102,1.38112,118
2026-06-01 07:10:00,1.38112,1.38116,1.38104,1.38106,132
2026-06-01 07:15:00,1.38106,1.38107,1.3809,1.38093,103
2026-06-01 07:20:00,1.38093,1.38102,1.3809,1.38094,114
2026-06-01 07:25:00,1.38094,1.381,1.38089,1.38089,105
2026-06-01 07:30:00,1.38089,1.38095,1.38088,1.38095,81
2026-06-01 07:35:00,1.38095,1.38096,1.38084,1.38085,166
2026-06-01 07:40:00,1.38085,1.38089,1.38084,1.38087,143
2026-06-01 07:45:00,1.38087,1.38096,1.38085,1.38095,140
2026-06-01 07:50:00,1.38095,1.38099,1.3809,1.38095,261
2026-06-01 07:55:00,1.38094,1.38103,1.3808,1.38081,164
2026-06-01 08:00:00,1.38082,1.38092,1.38063,1.38076,305
2026-06-01 08:05:00,1.38076,1.38082,1.3807,1.38072,154
2026-06-01 08:10:00,1.38072,1.38081,1.38063,1.38066,159
2026-06-01 08:15:00,1.38065,1.38081,1.38064,1.38076,136
2026-06-01 08:20:00,1.38076,1.38081,1.38069,1.3807,109
2026-06-01 08:25:00,1.3807,1.38088,1.3807,1.38088,177
2026-06-01 08:30:00,1.38088,1.38091,1.38077,1.3809,149
2026-06-01 08:35:00,1.3809,1.38094,1.38085,1.38091,172
2026-06-01 08:40:00,1.38089,1.38094,1.38086,1.38087,140
2026-06-01 08:45:00,1.38087,1.38095,1.3808,1.38084,181
2026-06-01 08:50:00,1.38084,1.38088,1.38075,1.38081,155
2026-06-01 08:55:00,1.38083,1.38091,1.38079,1.38088,257
2026-06-01 09:00:00,1.38087,1.38088,1.3805,1.38056,354
2026-06-01 09:05:00,1.38056,1.38062,1.38021,1.38022,325
2026-06-01 09:10:00,1.38022,1.38051,1.38019,1.38038,306
2026-06-01 09:15:00,1.38038,1.38042,1.38017,1.3802,174
2026-06-01 09:20:00,1.3802,1.38039,1.3802,1.38039,181
2026-06-01 09:25:00,1.38039,1.3805,1.38036,1.38043,228
2026-06-01 09:30:00,1.38043,1.38064,1.38039,1.38059,417
2026-06-01 09:35:00,1.38059,1.38085,1.38057,1.38069,417
2026-06-01 09:40:00,1.38069,1.38083,1.38064,1.38066,218
2026-06-01 09:45:00,1.38066,1.38071,1.3805,1.38055,319
2026-06-01 09:50:00,1.38055,1.38069,1.38046,1.38056,355
2026-06-01 09:55:00,1.38057,1.38058,1.38036,1.38042,282
2026-06-01 10:00:00,1.38042,1.3807,1.38042,1.38061,299
2026-06-01 10:05:00,1.38061,1.38075,1.38045,1.38057,446
2026-06-01 10:10:00,1.38057,1.3807,1.38048,1.38065,263
2026-06-01 10:15:00,1.38065,1.38075,1.38057,1.38068,220
2026-06-01 10:20:00,1.38068,1.38105,1.38062,1.38101,372
2026-06-01 10:25:00,1.38101,1.38116,1.38099,1.38109,317
2026-06-01 10:30:00,1.38109,1.38126,1.38104,1.38122,241
2026-06-01 10:35:00,1.38122,1.38158,1.38122,1.38155,272
2026-06-01 10:40:00,1.38155,1.38182,1.38155,1.38178,466
2026-06-01 10:45:00,1.38178,1.38202,1.3816,1.38162,389
2026-06-01 10:50:00,1.38162,1.38166,1.38127,1.3813,384
2026-06-01 10:55:00,1.3813,1.3815,1.38129,1.38143,310
2026-06-01 11:00:00,1.38143,1.38156,1.3813,1.38154,293
2026-06-01 11:05:00,1.38155,1.38172,1.38155,1.3816,282
2026-06-01 11:10:00,1.3816,1.38184,1.3815,1.38165,360
2026-06-01 11:15:00,1.38166,1.38175,1.38158,1.38169,224
2026-06-01 11:20:00,1.38169,1.38188,1.38169,1.38187,407
2026-06-01 11:25:00,1.38187,1.38188,1.38166,1.38167,273
2026-06-01 11:30:00,1.38167,1.38174,1.3815,1.3816,274
2026-06-01 11:35:00,1.3816,1.38163,1.38144,1.38147,173
2026-06-01 11:40:00,1.38147,1.38166,1.38145,1.38154,294
2026-06-01 11:45:00,1.38154,1.38188,1.38151,1.38177,297
2026-06-01 11:50:00,1.38177,1.38179,1.38152,1.38171,192
2026-06-01 11:55:00,1.38171,1.38182,1.38148,1.38151,225
2026-06-01 12:00:00,1.38151,1.38151,1.38119,1.38147,363
2026-06-01 12:05:00,1.38147,1.38182,1.38143,1.38182,244
2026-06-01 12:10:00,1.38182,1.38203,1.38178,1.38182,345
2026-06-01 12:15:00,1.38182,1.38201,1.38179,1.38192,335
2026-06-01 12:20:00,1.38192,1.38213,1.38191,1.38205,244
2026-06-01 12:25:00,1.38204,1.38226,1.38201,1.38206,280
2026-06-01 12:30:00,1.38206,1.38221,1.38191,1.38211,313
2026-06-01 12:35:00,1.38211,1.38216,1.38205,1.38213,290
2026-06-01 12:40:00,1.38213,1.38217,1.38192,1.38214,278
2026-06-01 12:45:00,1.38214,1.38225,1.38195,1.38214,276
2026-06-01 12:50:00,1.38214,1.38222,1.38204,1.38206,308
2026-06-01 12:55:00,1.38206,1.38215,1.38184,1.38186,299
2026-06-01 13:00:00,1.38186,1.38197,1.3818,1.38181,308
2026-06-01 13:05:00,1.38181,1.38187,1.38174,1.38183,210
2026-06-01 13:10:00,1.38183,1.38188,1.38169,1.38187,263
2026-06-01 13:15:00,1.38187,1.38227,1.38185,1.38226,294
2026-06-01 13:20:00,1.38226,1.3823,1.382,1.382,302
2026-06-01 13:25:00,1.382,1.38206,1.38188,1.38201,204
2026-06-01 13:30:00,1.38201,1.38215,1.38196,1.38211,207
2026-06-01 13:35:00,1.38211,1.38226,1.38204,1.3821,259
2026-06-01 13:40:00,1.3821,1.38225,1.382,1.38214,246
2026-06-01 13:45:00,1.38214,1.3823,1.3821,1.3823,218
2026-06-01 13:50:00,1.3823,1.38243,1.38228,1.38237,234
2026-06-01 13:55:00,1.38237,1.38251,1.38231,1.3824,200
2026-06-01 14:00:00,1.3824,1.38289,1.38238,1.38281,444
2026-06-01 14:05:00,1.38281,1.38306,1.38276,1.38276,363
2026-06-01 14:10:00,1.38276,1.38298,1.38263,1.38277,261
2026-06-01 14:15:00,1.38277,1.38283,1.3826,1.3826,159
2026-06-01 14:20:00,1.3826,1.38282,1.38255,1.38278,118
2026-06-01 14:25:00,1.38278,1.38278,1.38256,1.38264,218
2026-06-01 14:30:00,1.38264,1.38308,1.38263,1.38307,300
2026-06-01 14:35:00,1.38307,1.38308,1.38281,1.38306,280
2026-06-01 14:40:00,1.38306,1.38354,1.38304,1.38335,395
2026-06-01 14:45:00,1.38335,1.38345,1.38306,1.38318,358
2026-06-01 14:50:00,1.38318,1.38336,1.38316,1.38328,237
2026-06-01 14:55:00,1.38328,1.38328,1.38297,1.38305,336
2026-06-01 15:00:00,1.38305,1.38325,1.38283,1.38303,434
2026-06-01 15:05:00,1.38303,1.38304,1.38264,1.38283,269
2026-06-01 15:10:00,1.38283,1.38306,1.38277,1.38301,177
2026-06-01 15:15:00,1.38301,1.38308,1.38278,1.38304,347
2026-06-01 15:20:00,1.38308,1.38338,1.38304,1.38338,352
2026-06-01 15:25:00,1.38338,1.38374,1.38336,1.38366,345
2026-06-01 15:30:00,1.38365,1.38384,1.38347,1.3835,425
2026-06-01 15:35:00,1.3835,1.38362,1.38311,1.38326,499
2026-06-01 15:40:00,1.38326,1.38358,1.38292,1.38312,645
2026-06-01 15:45:00,1.38312,1.38318,1.38274,1.38274,476
2026-06-01 15:50:00,1.38274,1.38281,1.38248,1.38259,380
2026-06-01 15:55:00,1.38259,1.38266,1.38242,1.38264,371
2026-06-01 16:00:00,1.38264,1.38302,1.38264,1.38295,473
2026-06-01 16:05:00,1.38295,1.38373,1.38295,1.38373,442
2026-06-01 16:10:00,1.38373,1.38445,1.38363,1.38386,1299
2026-06-01 16:15:00,1.38386,1.38395,1.38352,1.38381,931
2026-06-01 16:20:00,1.38381,1.38429,1.38372,1.38373,901
2026-06-01 16:25:00,1.38373,1.38375,1.38312,1.38357,877
2026-06-01 16:30:00,1.38357,1.38403,1.38349,1.38386,1043
2026-06-01 16:35:00,1.38386,1.38414,1.3836,1.38362,890
2026-06-01 16:40:00,1.38362,1.38451,1.3836,1.38451,594
2026-06-01 16:45:00,1.38451,1.38457,1.38397,1.38421,687
2026-06-01 16:50:00,1.38421,1.38488,1.3841,1.38442,863
2026-06-01 16:55:00,1.38442,1.38471,1.38399,1.38431,625
2026-06-01 17:00:00,1.38435,1.38488,1.38424,1.38476,768
2026-06-01 17:05:00,1.38475,1.38493,1.38456,1.38461,764
2026-06-01 17:10:00,1.38459,1.38475,1.38435,1.38438,636
2026-06-01 17:15:00,1.38436,1.38457,1.38408,1.38417,813
2026-06-01 17:20:00,1.38417,1.38448,1.38416,1.38434,492
2026-06-01 17:25:00,1.38434,1.38453,1.38425,1.38427,610
2026-06-01 17:30:00,1.38427,1.38475,1.38423,1.38455,586
2026-06-01 17:35:00,1.38455,1.38459,1.3842,1.38422,447
2026-06-01 17:40:00,1.38422,1.38443,1.38403,1.38427,431
2026-06-01 17:45:00,1.38427,1.38463,1.38416,1.38463,439
2026-06-01 17:50:00,1.38463,1.38471,1.38422,1.3843,660
2026-06-01 17:55:00,1.3843,1.38451,1.38401,1.38411,737
2026-06-01 18:00:00,1.38411,1.38422,1.38364,1.38372,558
2026-06-01 18:05:00,1.38372,1.38401,1.3836,1.38376,693
2026-06-01 18:10:00,1.38376,1.38388,1.38359,1.3837,528
2026-06-01 18:15:00,1.3837,1.38375,1.38344,1.38361,348
2026-06-01 18:20:00,1.3836,1.38372,1.3833,1.38341,340
2026-06-01 18:25:00,1.38341,1.38352,1.383,1.38306,300
2026-06-01 18:30:00,1.38306,1.38307,1.38268,1.38306,750
2026-06-01 18:35:00,1.38306,1.3834,1.38303,1.38324,692
2026-06-01 18:40:00,1.38324,1.38376,1.38323,1.38361,528
2026-06-01 18:45:00,1.38361,1.38373,1.38349,1.38368,444
2026-06-01 18:50:00,1.38368,1.38406,1.38367,1.38392,359
2026-06-01 18:55:00,1.38392,1.384,1.38358,1.3838,388
2026-06-01 19:00:00,1.38382,1.384,1.38357,1.38392,367
2026-06-01 19:05:00,1.38392,1.38414,1.38389,1.38409,334
2026-06-01 19:10:00,1.38409,1.38418,1.38396,1.38403,439
2026-06-01 19:15:00,1.38403,1.38434,1.38403,1.38424,312
2026-06-01 19:20:00,1.38424,1.38427,1.38379,1.38388,241
2026-06-01 19:25:00,1.38388,1.3839,1.38358,1.38363,279
2026-06-01 19:30:00,1.38363,1.38387,1.38352,1.38372,435
2026-06-01 19:35:00,1.38372,1.38373,1.38335,1.38342,397
2026-06-01 19:40:00,1.38342,1.38364,1.38341,1.38355,264
2026-06-01 19:45:00,1.38354,1.38356,1.38315,1.38317,288
2026-06-01 19:50:00,1.38317,1.38317,1.38275,1.38279,485
2026-06-01 19:55:00,1.38279,1.38302,1.38277,1.38281,402
2026-06-01 20:00:00,1.38281,1.38301,1.38274,1.38296,449
2026-06-01 20:05:00,1.38296,1.38318,1.38295,1.38312,323
2026-06-01 20:10:00,1.38312,1.38321,1.38303,1.38315,332
2026-06-01 20:15:00,1.38315,1.38326,1.38305,1.38306,214
2026-06-01 20:20:00,1.38306,1.38308,1.38277,1.3828,248
2026-06-01 20:25:00,1.3828,1.3832,1.38275,1.38282,248
2026-06-01 20:30:00,1.38281,1.38313,1.38275,1.38308,701
2026-06-01 20:35:00,1.38308,1.38319,1.38302,1.38318,260
2026-06-01 20:40:00,1.38318,1.38323,1.38276,1.38297,329
2026-06-01 20:45:00,1.38297,1.38311,1.38283,1.38309,441
2026-06-01 20:50:00,1.38309,1.38318,1.38294,1.38312,388
2026-06-01 20:55:00,1.38312,1.38324,1.38304,1.38316,222
2026-06-01 21:00:00,1.38316,1.38335,1.38311,1.38331,263
2026-06-01 21:05:00,1.38331,1.38344,1.38319,1.3833,246
2026-06-01 21:10:00,1.3833,1.38347,1.38329,1.38329,183
2026-06-01 21:15:00,1.38331,1.38344,1.38327,1.38335,188
2026-06-01 21:20:00,1.38335,1.38352,1.38332,1.38345,253
2026-06-01 21:25:00,1.38345,1.38361,1.38342,1.3836,198
2026-06-01 21:30:00,1.3836,1.38375,1.38358,1.38373,208
2026-06-01 21:35:00,1.38373,1.38379,1.38364,1.38376,238
2026-06-01 21:40:00,1.38377,1.3838,1.38368,1.38374,341
2026-06-01 21:45:00,1.38374,1.38399,1.38374,1.38396,217
2026-06-01 21:50:00,1.38396,1.384,1.38386,1.38389,316
2026-06-01 21:55:00,1.38389,1.38418,1.38389,1.38417,305
2026-06-01 22:00:00,1.38417,1.38428,1.38405,1.38419,189
2026-06-01 22:05:00,1.38419,1.38427,1.38409,1.38418,166
2026-06-01 22:10:00,1.38418,1.38419,1.38405,1.38411,138
2026-06-01 22:15:00,1.38411,1.38417,1.38392,1.38393,279
2026-06-01 22:20:00,1.38393,1.38402,1.38389,1.38398,173
2026-06-01 22:25:00,1.38398,1.38411,1.38397,1.38399,188
2026-06-01 22:30:00,1.38399,1.38399,1.38378,1.38379,192
2026-06-01 22:35:00,1.38379,1.38388,1.38372,1.38381,195
2026-06-01 22:40:00,1.38381,1.38394,1.38377,1.38393,141
2026-06-01 22:45:00,1.38393,1.38394,1.3835,1.38356,234
2026-06-01 22:50:00,1.38356,1.38388,1.38352,1.38388,325
2026-06-01 22:55:00,1.38388,1.38401,1.38374,1.38381,352
2026-06-01 23:00:00,1.38378,1.38382,1.38357,1.38358,225
2026-06-01 23:05:00,1.38358,1.3839,1.38358,1.38387,204
2026-06-01 23:10:00,1.38387,1.38394,1.38376,1.38385,289
2026-06-01 23:15:00,1.38386,1.38416,1.38385,1.38411,194
2026-06-01 23:20:00,1.38412,1.38418,1.38401,1.38408,190
2026-06-01 23:25:00,1.38408,1.38409,1.38401,1.38404,182
2026-06-01 23:30:00,1.38404,1.38407,1.38389,1.38392,41
2026-06-01 23:35:00,1.38392,1.38395,1.38368,1.38368,68
2026-06-01 23:40:00,1.38368,1.3838,1.38368,1.38378,75
2026-06-01 23:45:00,1.38378,1.38393,1.38378,1.3839,37
2026-06-01 23:50:00,1.38391,1.38407,1.38389,1.38406,71
2026-06-01 23:55:00,1.38406,1.3841,1.3839,1.38391,309
2026-06-02 00:00:00,1.38381,1.38406,1.38295,1.384,22
2026-06-02 00:05:00,1.384,1.384,1.38384,1.38392,20
2026-06-02 00:10:00,1.38388,1.38394,1.38383,1.3839,30
2026-06-02 00:15:00,1.3839,1.38412,1.38386,1.38393,97
2026-06-02 00:20:00,1.38393,1.38403,1.38386,1.38394,33
2026-06-02 00:25:00,1.38394,1.38406,1.38387,1.38393,19
2026-06-02 00:30:00,1.38393,1.38405,1.38387,1.38394,93
2026-06-02 00:35:00,1.38394,1.38417,1.38391,1.38408,102
2026-06-02 00:40:00,1.38408,1.38419,1.38393,1.38394,132
2026-06-02 00:45:00,1.38394,1.38407,1.38391,1.38391,129
2026-06-02 00:50:00,1.38392,1.3841,1.3835,1.38362,97
2026-06-02 00:55:00,1.38362,1.38362,1.38278,1.38313,380
2026-06-02 01:00:00,1.38313,1.38401,1.38313,1.38401,179
2026-06-02 01:05:00,1.38401,1.38408,1.38398,1.38408,75
2026-06-02 01:10:00,1.38408,1.38412,1.38403,1.3841,44
2026-06-02 01:15:00,1.3841,1.38414,1.38401,1.38414,62
2026-06-02 01:20:00,1.38413,1.38422,1.38413,1.38421,75
2026-06-02 01:25:00,1.3842,1.38423,1.38417,1.38422,59
2026-06-02 01:30:00,1.38423,1.38428,1.38421,1.38423,54
2026-06-02 01:35:00,1.38423,1.38423,1.3842,1.38421,51
2026-06-02 01:40:00,1.38421,1.38422,1.38419,1.38422,18
2026-06-02 01:45:00,1.38422,1.38423,1.38419,1.3842,29
2026-06-02 01:50:00,1.3842,1.38422,1.38419,1.38421,8
2026-06-02 01:55:00,1.38421,1.38421,1.38395,1.38398,166
2026-06-02 02:00:00,1.38398,1.38413,1.38388,1.3841,255
2026-06-02 02:05:00,1.3841,1.38412,1.38402,1.38405,57
2026-06-02 02:10:00,1.38405,1.38406,1.38404,1.38406,39
2026-06-02 02:15:00,1.38406,1.38408,1.38404,1.38406,44
2026-06-02 02:20:00,1.38406,1.38409,1.38406,1.38409,21
2026-06-02 02:25:00,1.38409,1.38409,1.38402,1.38403,32
2026-06-02 02:30:00,1.38403,1.38405,1.38394,1.38403,79
2026-06-02 02:35:00,1.38403,1.3841,1.38402,1.38406,60
2026-06-02 02:40:00,1.38406,1.38413,1.38404,1.38408,113
2026-06-02 02:45:00,1.38408,1.38423,1.38407,1.38422,76
2026-06-02 02:50:00,1.38423,1.38429,1.38421,1.38422,54
2026-06-02 02:55:00,1.38422,1.38423,1.3841,1.38411,53
2026-06-02 03:00:00,1.38411,1.38416,1.384,1.38404,238
2026-06-02 03:05:00,1.38404,1.38426,1.38402,1.38422,382
2026-06-02 03:10:00,1.38422,1.38423,1.38407,1.38409,268
2026-06-02 03:15:00,1.38409,1.38425,1.38409,1.38419,279
2026-06-02 03:20:00,1.38419,1.38426,1.38411,1.38422,281
2026-06-02 03:25:00,1.38422,1.38431,1.38422,1.38424,228
2026-06-02 03:30:00,1.38424,1.38431,1.38406,1.38417,341
2026-06-02 03:35:00,1.38417,1.38426,1.38412,1.38423,316
2026-06-02 03:40:00,1.38423,1.38441,1.38422,1.38434,254
2026-06-02 03:45:00,1.38435,1.3844,1.38428,1.38438,155
2026-06-02 03:50:00,1.38438,1.38444,1.38433,1.3844,136
2026-06-02 03:55:00,1.3844,1.38453,1.3844,1.38446,351
2026-06-02 04:00:00,1.38446,1.38458,1.38438,1.38444,417
2026-06-02 04:05:00,1.38444,1.38448,1.38438,1.38445,300
2026-06-02 04:10:00,1.38445,1.38446,1.38425,1.38431,411
2026-06-02 04:15:00,1.38431,1.38444,1.38431,1.38442,287
2026-06-02 04:20:00,1.38442,1.38452,1.38441,1.38445,211
2026-06-02 04:25:00,1.38445,1.38455,1.3844,1.38447,251
2026-06-02 04:30:00,1.38447,1.38452,1.38444,1.38446,359
2026-06-02 04:35:00,1.38446,1.38458,1.38443,1.38456,222
2026-06-02 04:40:00,1.38456,1.3846,1.38445,1.38452,174
2026-06-02 04:45:00,1.38452,1.38479,1.38452,1.38476,326
2026-06-02 04:50:00,1.38476,1.3848,1.38465,1.38466,420
2026-06-02 04:55:00,1.38466,1.3847,1.38457,1.38464,336
2026-06-02 05:00:00,1.38465,1.38468,1.38453,1.38467,287
2026-06-02 05:05:00,1.38467,1.38471,1.38463,1.38465,311
2026-06-02 05:10:00,1.38465,1.38474,1.38458,1.3846,166
2026-06-02 05:15:00,1.3846,1.38471,1.38458,1.38466,195
2026-06-02 05:20:00,1.38466,1.38469,1.38464,1.38467,192
2026-06-02 05:25:00,1.38467,1.38467,1.38452,1.38457,218
2026-06-02 05:30:00,1.38457,1.3847,1.38451,1.38465,209
2026-06-02 05:35:00,1.38465,1.38472,1.38464,1.38467,270
2026-06-02 05:40:00,1.38467,1.38474,1.38467,1.38472,151
2026-06-02 05:45:00,1.38472,1.38475,1.38468,1.3847,201
2026-06-02 05:50:00,1.3847,1.38473,1.38465,1.38473,161
2026-06-02 05:55:00,1.38473,1.38475,1.38468,1.38472,97
2026-06-02 06:00:00,1.38472,1.38472,1.38454,1.38464,188
2026-06-02 06:05:00,1.38463,1.38465,1.38458,1.38463,113
2026-06-02 06:10:00,1.38463,1.38465,1.38453,1.38459,147
2026-06-02 06:15:00,1.38459,1.38462,1.38449,1.38458,356
2026-06-02 06:20:00,1.38458,1.38466,1.38454,1.38454,139
2026-06-02 06:25:00,1.38454,1.38459,1.38451,1.38451,159
2026-06-02 06:30:00,1.38451,1.38454,1.38444,1.38453,294
2026-06-02 06:35:00,1.38453,1.3846,1.38451,1.38452,134
2026-06-02 06:40:00,1.38452,1.38458,1.38449,1.38458,123
2026-06-02 06:45:00,1.38458,1.38461,1.38448,1.3845,353
2026-06-02 06:50:00,1.3845,1.38461,1.38449,1.38457,183
2026-06-02 06:55:00,1.38457,1.38462,1.38444,1.38444,231
2026-06-02 07:00:00,1.38444,1.38453,1.38444,1.3845,252
2026-06-02 07:05:00,1.3845,1.38455,1.38447,1.38451,206
2026-06-02 07:10:00,1.38451,1.38458,1.38448,1.38452,177
2026-06-02 07:15:00,1.38452,1.38453,1.38443,1.3845,248
2026-06-02 07:20:00,1.3845,1.38451,1.38444,1.3845,232
2026-06-02 07:25:00,1.3845,1.38458,1.38445,1.38456,243
2026-06-02 07:30:00,1.38457,1.38457,1.38449,1.38452,155
2026-06-02 07:35:00,1.38452,1.38454,1.38444,1.38448,168
2026-06-02 07:40:00,1.38448,1.3845,1.38444,1.38448,216
2026-06-02 07:45:00,1.38447,1.38454,1.38445,1.38449,193
2026-06-02 07:50:00,1.38449,1.38451,1.38444,1.38449,200
2026-06-02 07:55:00,1.38449,1.3845,1.3844,1.38444,205
2026-06-02 08:00:00,1.38445,1.38446,1.38435,1.38442,246
2026-06-02 08:05:00,1.38442,1.38447,1.3844,1.38443,165
2026-06-02 08:10:00,1.38443,1.38447,1.38435,1.38439,187
2026-06-02 08:15:00,1.38439,1.38441,1.38427,1.38437,311
2026-06-02 08:20:00,1.38437,1.38441,1.38429,1.3843,200
2026-06-02 08:25:00,1.38431,1.38435,1.38424,1.38433,183
2026-06-02 08:30:00,1.38433,1.38442,1.38424,1.38439,300
2026-06-02 08:35:00,1.38439,1.38446,1.38431,1.38442,165
2026-06-02 08:40:00,1.38442,1.38448,1.38441,1.38446,135
2026-06-02 08:45:00,1.38446,1.3846,1.38445,1.38452,125
2026-06-02 08:50:00,1.38452,1.38459,1.38452,1.38454,125
2026-06-02 08:55:00,1.38453,1.3846,1.38452,1.38457,136
2026-06-02 09:00:00,1.38457,1.38468,1.38456,1.3846,207
2026-06-02 09:05:00,1.3846,1.38464,1.38438,1.38442,261
2026-06-02 09:10:00,1.38442,1.38444,1.38399,1.38412,300
2026-06-02 09:15:00,1.38412,1.38426,1.38405,1.38425,332
2026-06-02 09:20:00,1.38425,1.38428,1.38407,1.38412,286
2026-06-02 09:25:00,1.38412,1.38415,1.38388,1.38394,310
2026-06-02 09:30:00,1.38394,1.38397,1.38366,1.38374,480
2026-06-02 09:35:00,1.38374,1.38396,1.38355,1.38361,395
2026-06-02 09:40:00,1.38361,1.38384,1.38355,1.38383,386
2026-06-02 09:45:00,1.38383,1.38385,1.38369,1.38378,283
2026-06-02 09:50:00,1.38378,1.38397,1.38372,1.3838,288
2026-06-02 09:55:00,1.3838,1.38382,1.38361,1.38372,224
2026-06-02 10:00:00,1.38372,1.38393,1.38364,1.38376,391
2026-06-02 10:05:00,1.38376,1.3838,1.38359,1.38362,401
2026-06-02 10:10:00,1.38362,1.38374,1.38354,1.38356,319
2026-06-02 10:15:00,1.38356,1.3839,1.38353,1.38388,385
2026-06-02 10:20:00,1.38388,1.38401,1.38376,1.38384,313
2026-06-02 10:25:00,1.38384,1.38414,1.38383,1.38404,310
2026-06-02 10:30:00,1.38404,1.38416,1.38384,1.38386,304
2026-06-02 10:35:00,1.38386,1.38388,1.38375,1.3838,256
2026-06-02 10:40:00,1.3838,1.38385,1.38372,1.38382,188
2026-06-02 10:45:00,1.38382,1.38404,1.38382,1.38395,250
2026-06-02 10:50:00,1.38395,1.38411,1.38386,1.38406,263
2026-06-02 10:55:00,1.38406,1.38416,1.38387,1.38397,399
2026-06-02 11:00:00,1.38397,1.3841,1.38393,1.38397,367
2026-06-02 11:05:00,1.38397,1.38401,1.38363,1.38388,322
2026-06-02 11:10:00,1.38388,1.38422,1.38388,1.38422,385
2026-06-02 11:15:00,1.38422,1.38435,1.38414,1.38423,258
2026-06-02 11:20:00,1.38423,1.38451,1.3842,1.38451,329
2026-06-02 11:25:00,1.38451,1.38451,1.38432,1.38433,229
2026-06-02 11:30:00,1.38433,1.38437,1.38427,1.38433,207
2026-06-02 11:35:00,1.38433,1.3844,1.38429,1.38434,197
2026-06-02 11:40:00,1.38434,1.38452,1.38432,1.38452,216
2026-06-02 11:45:00,1.38452,1.38484,1.38451,1.38479,283
2026-06-02 11:50:00,1.38478,1.38482,1.38468,1.38475,202
2026-06-02 11:55:00,1.38475,1.3848,1.38471,1.38476,181
2026-06-02 12:00:00,1.38476,1.3849,1.38471,1.3849,200
2026-06-02 12:05:00,1.3849,1.385,1.38487,1.38497,170
2026-06-02 12:10:00,1.38497,1.38507,1.38496,1.38505,252
2026-06-02 12:15:00,1.38505,1.38518,1.38499,1.38508,240
2026-06-02 12:20:00,1.38508,1.38536,1.38504,1.38535,262
2026-06-02 12:25:00,1.38535,1.38541,1.38517,1.3852,217
2026-06-02 12:30:00,1.3852,1.38523,1.3849,1.38494,241
2026-06-02 12:35:00,1.38494,1.38501,1.38489,1.38498,209
2026-06-02 12:40:00,1.38498,1.38518,1.38496,1.385,397
2026-06-02 12:45:00,1.385,1.38505,1.38489,1.38489,224
2026-06-02 12:50:00,1.38489,1.38521,1.38489,1.38518,214
2026-06-02 12:55:00,1.38518,1.38521,1.38498,1.38504,217
2026-06-02 13:00:00,1.38504,1.38515,1.385,1.38506,312
2026-06-02 13:05:00,1.38506,1.38507,1.3849,1.38501,327
2026-06-02 13:10:00,1.38501,1.38507,1.38488,1.38499,307
2026-06-02 13:15:00,1.38499,1.38525,1.38493,1.3852,333
2026-06-02 13:20:00,1.3852,1.38524,1.38507,1.38512,224
2026-06-02 13:25:00,1.38512,1.38515,1.38478,1.38507,184
2026-06-02 13:30:00,1.38507,1.38522,1.38504,1.38521,132
2026-06-02 13:35:00,1.38521,1.38521,1.38507,1.38509,139
2026-06-02 13:40:00,1.38509,1.3852,1.38507,1.38509,169
2026-06-02 13:45:00,1.38509,1.38511,1.38497,1.3851,363
2026-06-02 13:50:00,1.3851,1.38513,1.38491,1.38497,260
2026-06-02 13:55:00,1.38497,1.38538,1.38495,1.38525,348
2026-06-02 14:00:00,1.38525,1.38527,1.38507,1.38519,290
2026-06-02 14:05:00,1.38519,1.38524,1.38509,1.38522,263
2026-06-02 14:10:00,1.38522,1.38534,1.38512,1.38534,223
2026-06-02 14:15:00,1.38534,1.38538,1.38516,1.38518,251
2026-06-02 14:20:00,1.38518,1.3852,1.385,1.38512,157
2026-06-02 14:25:00,1.38512,1.38524,1.38506,1.38512,239
2026-06-02 14:30:00,1.38512,1.38515,1.3848,1.38492,312
2026-06-02 14:35:00,1.38492,1.38494,1.38473,1.38476,307
2026-06-02 14:40:00,1.38476,1.3849,1.38468,1.3847,217
2026-06-02 14:45:00,1.3847,1.38477,1.38431,1.38437,224
2026-06-02 14:50:00,1.38437,1.38441,1.38409,1.38416,231
2026-06-02 14:55:00,1.38416,1.3842,1.38401,1.38409,243
2026-06-02 15:00:00,1.38409,1.38421,1.3839,1.38394,291
2026-06-02 15:05:00,1.38394,1.38394,1.38357,1.38372,418
2026-06-02 15:10:00,1.38372,1.38398,1.3837,1.3839,284
2026-06-02 15:15:00,1.3839,1.38407,1.3838,1.38393,441
2026-06-02 15:20:00,1.38393,1.38402,1.3838,1.38392,336
2026-06-02 15:25:00,1.38392,1.38426,1.38392,1.38422,304
2026-06-02 15:30:00,1.38421,1.38462,1.38415,1.38434,431
2026-06-02 15:35:00,1.38434,1.38435,1.38391,1.38401,399
2026-06-02 15:40:00,1.38401,1.38401,1.38389,1.38392,461
2026-06-02 15:45:00,1.38392,1.38408,1.38382,1.38404,269
2026-06-02 15:50:00,1.38404,1.38423,1.38374,1.38392,288
2026-06-02 15:55:00,1.38392,1.38393,1.38364,1.38368,362
2026-06-02 16:00:00,1.38369,1.38375,1.38352,1.3836,366
2026-06-02 16:05:00,1.3836,1.38361,1.38325,1.38345,476
2026-06-02 16:10:00,1.38344,1.38344,1.38289,1.38307,638
2026-06-02 16:15:00,1.38307,1.38336,1.38307,1.38328,385
2026-06-02 16:20:00,1.38328,1.38365,1.38311,1.38321,539
2026-06-02 16:25:00,1.38321,1.38337,1.38302,1.38306,430
2026-06-02 16:30:00,1.38307,1.38308,1.38221,1.38232,807
2026-06-02 16:35:00,1.38232,1.38234,1.38149,1.38181,758
2026-06-02 16:40:00,1.38181,1.3826,1.38176,1.38257,654
2026-06-02 16:45:00,1.38257,1.38308,1.38256,1.3829,575
2026-06-02 16:50:00,1.38291,1.38375,1.38286,1.3837,682
2026-06-02 16:55:00,1.3837,1.38376,1.38306,1.3831,419
2026-06-02 17:00:00,1.3831,1.38369,1.38308,1.38364,544
2026-06-02 17:05:00,1.38364,1.38388,1.38348,1.38351,517
2026-06-02 17:10:00,1.38348,1.3837,1.38334,1.38366,511
2026-06-02 17:15:00,1.38366,1.38381,1.38335,1.38374,425
2026-06-02 17:20:00,1.38374,1.38428,1.38366,1.38425,479
2026-06-02 17:25:00,1.38425,1.38437,1.38395,1.38402,509
2026-06-02 17:30:00,1.38402,1.38404,1.38334,1.38337,624
2026-06-02 17:35:00,1.38337,1.38338,1.38291,1.38307,615
2026-06-02 17:40:00,1.38307,1.38309,1.38252,1.38269,584
2026-06-02 17:45:00,1.38269,1.3829,1.38266,1.38271,441
2026-06-02 17:50:00,1.38271,1.38326,1.3827,1.38314,435
2026-06-02 17:55:00,1.38314,1.38337,1.38299,1.38315,556
2026-06-02 18:00:00,1.38315,1.38351,1.38308,1.38338,535
2026-06-02 18:05:00,1.38337,1.38337,1.38286,1.38319,496
2026-06-02 18:10:00,1.38319,1.3832,1.38275,1.38278,453
2026-06-02 18:15:00,1.38278,1.38288,1.38266,1.3827,236
2026-06-02 18:20:00,1.38269,1.38296,1.3824,1.38249,355
2026-06-02 18:25:00,1.38251,1.38297,1.38251,1.38291,408
2026-06-02 18:30:00,1.38291,1.38304,1.38276,1.38281,357
2026-06-02 18:35:00,1.38281,1.38282,1.38251,1.38268,369
2026-06-02 18:40:00,1.38268,1.38282,1.38264,1.3827,238
2026-06-02 18:45:00,1.3827,1.38283,1.38229,1.38233,248
2026-06-02 18:50:00,1.38232,1.38248,1.38228,1.38238,252
2026-06-02 18:55:00,1.38238,1.38265,1.38233,1.38233,338
2026-06-02 19:00:00,1.38233,1.38261,1.3823,1.38251,288
2026-06-02 19:05:00,1.38251,1.38264,1.38233,1.38261,315
2026-06-02 19:10:00,1.38261,1.38264,1.38239,1.38244,225
2026-06-02 19:15:00,1.38244,1.38259,1.38227,1.38259,214
2026-06-02 19:20:00,1.38259,1.38279,1.38237,1.38251,249
2026-06-02 19:25:00,1.38251,1.38275,1.38246,1.38272,233
2026-06-02 19:30:00,1.38272,1.38294,1.38262,1.38289,206
2026-06-02 19:35:00,1.38289,1.38317,1.38286,1.38315,285
2026-06-02 19:40:00,1.38315,1.38335,1.38312,1.38324,302
2026-06-02 19:45:00,1.38324,1.38345,1.38323,1.3834,337
2026-06-02 19:50:00,1.3834,1.38342,1.38317,1.3833,249
2026-06-02 19:55:00,1.3833,1.38344,1.38326,1.3833,197
2026-06-02 20:00:00,1.3833,1.38357,1.38318,1.38355,378
2026-06-02 20:05:00,1.38355,1.38381,1.38355,1.38381,269
2026-06-02 20:10:00,1.38381,1.38395,1.38365,1.38378,171
2026-06-02 20:15:00,1.38378,1.38394,1.38373,1.3838,197
2026-06-02 20:20:00,1.38379,1.38381,1.38346,1.38358,236
2026-06-02 20:25:00,1.38358,1.38362,1.38344,1.38346,283
2026-06-02 20:30:00,1.38346,1.38355,1.38335,1.38347,235
2026-06-02 20:35:00,1.38347,1.38367,1.38345,1.38366,239
2026-06-02 20:40:00,1.38366,1.38385,1.38364,1.38376,236
2026-06-02 20:45:00,1.38376,1.38396,1.38374,1.38384,186
2026-06-02 20:50:00,1.38384,1.3839,1.38376,1.3839,151
2026-06-02 20:55:00,1.3839,1.38397,1.38379,1.3839,132
2026-06-02 21:00:00,1.3839,1.38391,1.38375,1.38384,287
2026-06-02 21:05:00,1.38383,1.384,1.38382,1.38397,228
2026-06-02 21:10:00,1.38397,1.38404,1.38388,1.3839,274
2026-06-02 21:15:00,1.3839,1.38407,1.38383,1.38394,188
2026-06-02 21:20:00,1.38394,1.38403,1.38368,1.3837,285
2026-06-02 21:25:00,1.3837,1.38378,1.38366,1.38373,288
2026-06-02 21:30:00,1.38373,1.38379,1.38358,1.38361,231
2026-06-02 21:35:00,1.38361,1.38364,1.38335,1.38343,316
2026-06-02 21:40:00,1.38343,1.38354,1.38335,1.38336,292
2026-06-02 21:45:00,1.38336,1.38337,1.3832,1.38324,176
2026-06-02 21:50:00,1.38324,1.38338,1.38316,1.38319,221
2026-06-02 21:55:00,1.38319,1.38324,1.38292,1.38316,410
2026-06-02 22:00:00,1.38316,1.38325,1.38305,1.38317,179
2026-06-02 22:05:00,1.38317,1.38326,1.38314,1.38318,129
2026-06-02 22:10:00,1.38318,1.3833,1.38317,1.38324,93
2026-06-02 22:15:00,1.38324,1.38328,1.38313,1.38326,144
2026-06-02 22:20:00,1.38326,1.3833,1.38318,1.3833,128
2026-06-02 22:25:00,1.3833,1.38339,1.38326,1.38328,126
2026-06-02 22:30:00,1.38328,1.38343,1.38326,1.38336,135
2026-06-02 22:35:00,1.38336,1.38358,1.38334,1.38354,105
2026-06-02 22:40:00,1.38354,1.38366,1.3835,1.38365,95
2026-06-02 22:45:00,1.38365,1.38369,1.38353,1.38355,119
2026-06-02 22:50:00,1.38355,1.38355,1.38334,1.38345,170
2026-06-02 22:55:00,1.38345,1.3837,1.38334,1.38359,447
2026-06-02 23:00:00,1.38355,1.38363,1.38343,1.38352,301
2026-06-02 23:05:00,1.38352,1.38355,1.38336,1.38342,138
2026-06-02 23:10:00,1.38342,1.38364,1.38341,1.3836,184
2026-06-02 23:15:00,1.38359,1.38372,1.38346,1.3835,238
2026-06-02 23:20:00,1.3835,1.38371,1.3835,1.38365,170
2026-06-02 23:25:00,1.38365,1.38375,1.38361,1.38363,88
2026-06-02 23:30:00,1.38364,1.38364,1.38349,1.38361,70
2026-06-02 23:35:00,1.38361,1.38386,1.38361,1.38382,53
2026-06-02 23:40:00,1.38381,1.38388,1.38378,1.38388,50
2026-06-02 23:45:00,1.38385,1.38394,1.38382,1.38391,54
2026-06-02 23:50:00,1.38391,1.38395,1.38386,1.38389,36
2026-06-02 23:55:00,1.38389,1.38394,1.38374,1.38389,317
2026-06-03 00:00:00,1.38247,1.38247,1.38245,1.38245,5
2026-06-03 00:05:00,1.38245,1.38299,1.38245,1.38289,21
2026-06-03 00:10:00,1.38289,1.38309,1.38281,1.38282,35
2026-06-03 00:15:00,1.38282,1.38326,1.38271,1.38319,182
2026-06-03 00:20:00,1.38319,1.38321,1.38288,1.38299,73
2026-06-03 00:25:00,1.38298,1.38327,1.38274,1.3832,55
2026-06-03 00:30:00,1.38316,1.38364,1.38316,1.38357,67
2026-06-03 00:35:00,1.38357,1.38376,1.38357,1.38367,132
2026-06-03 00:40:00,1.38363,1.38365,1.38355,1.3836,27
2026-06-03 00:45:00,1.3836,1.3837,1.38347,1.38368,393
2026-06-03 00:50:00,1.38363,1.38372,1.38334,1.38345,591
2026-06-03 00:55:00,1.3835,1.38363,1.38337,1.38359,115
2026-06-03 01:00:00,1.38359,1.38396,1.38352,1.38395,193
2026-06-03 01:05:00,1.38395,1.38405,1.38385,1.38391,59
2026-06-03 01:10:00,1.38391,1.38416,1.38387,1.38415,87
2026-06-03 01:15:00,1.38415,1.38417,1.38412,1.38414,28
2026-06-03 01:20:00,1.38414,1.38415,1.38403,1.38405,26
2026-06-03 01:25:00,1.38405,1.38406,1.38393,1.38394,63
2026-06-03 01:30:00,1.38396,1.38397,1.38394,1.38397,26
2026-06-03 01:35:00,1.38396,1.38405,1.38396,1.38399,22
2026-06-03 01:40:00,1.38399,1.38402,1.38394,1.38396,50
2026-06-03 01:45:00,1.38396,1.38397,1.38394,1.38395,27
2026-06-03 01:50:00,1.38395,1.38405,1.38395,1.38402,61
2026-06-03 01:55:00,1.38402,1.38404,1.38387,1.38404,126
2026-06-03 02:00:00,1.38404,1.38409,1.3839,1.38404,194
2026-06-03 02:05:00,1.38404,1.38404,1.38391,1.38393,72
2026-06-03 02:10:00,1.38392,1.38396,1.38392,1.38396,41
2026-06-03 02:15:00,1.38396,1.38404,1.38393,1.38402,82
2026-06-03 02:20:00,1.38402,1.38422,1.38396,1.38396,162
2026-06-03 02:25:00,1.38396,1.38415,1.38395,1.38408,91
2026-06-03 02:30:00,1.38407,1.38424,1.38402,1.38421,81
2026-06-03 02:35:00,1.38421,1.38441,1.38414,1.38436,134
2026-06-03 02:40:00,1.38436,1.38443,1.38431,1.38442,172
2026-06-03 02:45:00,1.38442,1.38462,1.38441,1.38452,259
2026-06-03 02:50:00,1.38452,1.38455,1.38444,1.38447,268
2026-06-03 02:55:00,1.38446,1.38455,1.38443,1.38454,258
2026-06-03 03:00:00,1.38454,1.38469,1.38452,1.38458,387
2026-06-03 03:05:00,1.38458,1.38465,1.38453,1.38462,307
2026-06-03 03:10:00,1.38462,1.38465,1.38448,1.38449,170
2026-06-03 03:15:00,1.38449,1.38455,1.38424,1.38434,255
2026-06-03 03:20:00,1.38434,1.38435,1.38412,1.38418,258
2026-06-03 03:25:00,1.38418,1.38421,1.38405,1.38409,137
2026-06-03 03:30:00,1.38409,1.38416,1.38395,1.38396,115
2026-06-03 03:35:00,1.38397,1.38405,1.38395,1.38395,123
2026-06-03 03:40:00,1.38395,1.38407,1.38384,1.38406,213
2026-06-03 03:45:00,1.38406,1.38413,1.38403,1.38404,151
2026-06-03 03:50:00,1.38404,1.38409,1.38396,1.38405,219
2026-06-03 03:55:00,1.38405,1.3841,1.38401,1.38405,165
2026-06-03 04:00:00,1.38405,1.38414,1.384,1.38406,419
2026-06-03 04:05:00,1.38406,1.38409,1.38398,1.38407,226
2026-06-03 04:10:00,1.38407,1.38409,1.38395,1.38397,232
2026-06-03 04:15:00,1.38397,1.38405,1.3839,1.38399,215
2026-06-03 04:20:00,1.38399,1.38405,1.38389,1.3839,202
2026-06-03 04:25:00,1.3839,1.38393,1.38377,1.38387,164
2026-06-03 04:30:00,1.38387,1.384,1.38382,1.38384,342
2026-06-03 04:35:00,1.38384,1.38386,1.38363,1.38371,321
2026-06-03 04:40:00,1.38371,1.38381,1.38366,1.38376,201
2026-06-03 04:45:00,1.38376,1.3838,1.38366,1.38367,250
2026-06-03 04:50:00,1.38366,1.38386,1.38366,1.38383,293
2026-06-03 04:55:00,1.38383,1.38407,1.38382,1.38399,317
2026-06-03 05:00:00,1.38399,1.38403,1.38389,1.38391,343
2026-06-03 05:05:00,1.38391,1.38391,1.38375,1.3838,169
2026-06-03 05:10:00,1.3838,1.38382,1.38373,1.38378,164
2026-06-03 05:15:00,1.38378,1.3839,1.38372,1.38388,164
2026-06-03 05:20:00,1.38388,1.38394,1.38386,1.38394,177
2026-06-03 05:25:00,1.38394,1.3842,1.38392,1.38418,251
2026-06-03 05:30:00,1.38418,1.38431,1.38417,1.38421,128
2026-06-03 05:35:00,1.38422,1.3843,1.38416,1.38419,147
2026-06-03 05:40:00,1.38419,1.38434,1.38413,1.3843,230
2026-06-03 05:45:00,1.3843,1.38466,1.38429,1.3845,383
2026-06-03 05:50:00,1.3845,1.3846,1.38444,1.38447,311
2026-06-03 05:55:00,1.38447,1.38448,1.38436,1.38446,189
2026-06-03 06:00:00,1.38446,1.38458,1.3844,1.38441,247
2026-06-03 06:05:00,1.38441,1.38444,1.38433,1.3844,255
2026-06-03 06:10:00,1.3844,1.38452,1.38439,1.38449,236
2026-06-03 06:15:00,1.38449,1.38453,1.38444,1.38445,217
2026-06-03 06:20:00,1.38445,1.38447,1.38436,1.38441,196
2026-06-03 06:25:00,1.38441,1.38455,1.3844,1.38452,196
2026-06-03 06:30:00,1.38452,1.38467,1.38449,1.38464,244
2026-06-03 06:35:00,1.38465,1.38468,1.3846,1.38465,195
2026-06-03 06:40:00,1.38465,1.38467,1.38455,1.38466,211
2026-06-03 06:45:00,1.38466,1.38467,1.38463,1.38466,119
2026-06-03 06:50:00,1.38466,1.38466,1.38456,1.38465,136
2026-06-03 06:55:00,1.38464,1.38477,1.38464,1.38475,211
2026-06-03 07:00:00,1.38475,1.38477,1.38466,1.38467,197
2026-06-03 07:05:00,1.38467,1.38479,1.38466,1.38475,129
2026-06-03 07:10:00,1.38475,1.38482,1.38474,1.38477,211
2026-06-03 07:15:00,1.38477,1.3848,1.38473,1.38478,191
2026-06-03 07:20:00,1.38478,1.38485,1.38473,1.38481,174
2026-06-03 07:25:00,1.38481,1.38485,1.38476,1.38484,316
2026-06-03 07:30:00,1.38484,1.38485,1.3848,1.38483,145
2026-06-03 07:35:00,1.38483,1.38494,1.38482,1.38492,138
2026-06-03 07:40:00,1.38492,1.38497,1.38491,1.38495,104
2026-06-03 07:45:00,1.38495,1.385,1.38493,1.38496,563
2026-06-03 07:50:00,1.38497,1.38502,1.38495,1.38497,233
2026-06-03 07:55:00,1.38497,1.38499,1.3848,1.38485,221
2026-06-03 08:00:00,1.38487,1.38498,1.38481,1.38494,224
2026-06-03 08:05:00,1.38494,1.38496,1.38479,1.38481,155
2026-06-03 08:10:00,1.38481,1.38497,1.38481,1.38494,153
2026-06-03 08:15:00,1.38494,1.38506,1.38491,1.38504,138
2026-06-03 08:20:00,1.38504,1.38516,1.38502,1.38515,141
2026-06-03 08:25:00,1.38515,1.38544,1.38513,1.38539,227
2026-06-03 08:30:00,1.38539,1.38544,1.3853,1.38535,285
2026-06-03 08:35:00,1.38535,1.38536,1.38509,1.38514,195
2026-06-03 08:40:00,1.38514,1.38523,1.38509,1.38522,121
2026-06-03 08:45:00,1.38522,1.38524,1.38493,1.38496,159
2026-06-03 08:50:00,1.38495,1.38508,1.38491,1.38494,211
2026-06-03 08:55:00,1.38494,1.38517,1.38492,1.38511,365
2026-06-03 09:00:00,1.38511,1.38518,1.38489,1.38495,441
2026-06-03 09:05:00,1.38495,1.38511,1.38485,1.38508,300
2026-06-03 09:10:00,1.38508,1.38546,1.38508,1.38533,398
2026-06-03 09:15:00,1.38533,1.38541,1.38522,1.38529,405
2026-06-03 09:20:00,1.38529,1.38585,1.38527,1.38573,377
2026-06-03 09:25:00,1.38573,1.38585,1.38562,1.38572,502
2026-06-03 09:30:00,1.3857,1.38576,1.3853,1.38547,470
2026-06-03 09:35:00,1.38547,1.38547,1.38526,1.3853,330
2026-06-03 09:40:00,1.3853,1.3856,1.3853,1.38552,293
2026-06-03 09:45:00,1.38552,1.38557,1.38518,1.38518,283
2026-06-03 09:50:00,1.3852,1.38529,1.38508,1.38511,321
2026-06-03 09:55:00,1.38511,1.38525,1.38501,1.38522,343
2026-06-03 10:00:00,1.38522,1.38555,1.38521,1.38541,650
2026-06-03 10:05:00,1.38541,1.38562,1.38537,1.38542,372
2026-06-03 10:10:00,1.38541,1.38543,1.38513,1.38531,369
2026-06-03 10:15:00,1.38531,1.38541,1.3852,1.38532,368
2026-06-03 10:20:00,1.38532,1.38536,1.38517,1.38522,388
2026-06-03 10:25:00,1.38522,1.38558,1.38518,1.38556,301
2026-06-03 10:30:00,1.38556,1.38558,1.38488,1.38494,460
2026-06-03 10:35:00,1.38494,1.38515,1.38463,1.38506,708
2026-06-03 10:40:00,1.38506,1.38513,1.38468,1.38468,398
2026-06-03 10:45:00,1.38467,1.38483,1.38461,1.38471,466
2026-06-03 10:50:00,1.38471,1.38486,1.38463,1.38482,338
2026-06-03 10:55:00,1.38482,1.38515,1.38481,1.38512,317
2026-06-03 11:00:00,1.38512,1.38523,1.38497,1.3851,290
2026-06-03 11:05:00,1.3851,1.38538,1.38509,1.3853,271
2026-06-03 11:10:00,1.3853,1.38543,1.3853,1.3854,378
2026-06-03 11:15:00,1.3854,1.38557,1.38534,1.38535,510
2026-06-03 11:20:00,1.38535,1.3855,1.38532,1.38545,325
2026-06-03 11:25:00,1.38545,1.38549,1.38533,1.38535,257
2026-06-03 11:30:00,1.38535,1.38571,1.38527,1.38555,694
2026-06-03 11:35:00,1.38555,1.38577,1.3855,1.38575,575
2026-06-03 11:40:00,1.38575,1.38582,1.38565,1.38576,584
2026-06-03 11:45:00,1.38576,1.38578,1.3856,1.38567,464
2026-06-03 11:50:00,1.38569,1.38571,1.38561,1.38569,634
2026-06-03 11:55:00,1.38569,1.38573,1.3856,1.38563,615
2026-06-03 12:00:00,1.38563,1.38568,1.38542,1.38553,718
2026-06-03 12:05:00,1.38553,1.38558,1.38532,1.38532,447
2026-06-03 12:10:00,1.38532,1.38553,1.38532,1.38544,256
2026-06-03 12:15:00,1.38544,1.38563,1.3853,1.3853,464
2026-06-03 12:20:00,1.3853,1.38538,1.38516,1.38535,281
2026-06-03 12:25:00,1.38535,1.38546,1.38514,1.38545,281
2026-06-03 12:30:00,1.38545,1.38548,1.38533,1.38546,288
2026-06-03 12:35:00,1.38546,1.3855,1.38535,1.38539,180
2026-06-03 12:40:00,1.38539,1.38549,1.38531,1.38539,141
2026-06-03 12:45:00,1.38539,1.38562,1.38533,1.38551,205
2026-06-03 12:50:00,1.38551,1.38569,1.38549,1.38565,324
2026-06-03 12:55:00,1.38565,1.38582,1.38563,1.38571,414
2026-06-03 13:00:00,1.38571,1.38572,1.3853,1.38531,299
2026-06-03 13:05:00,1.38531,1.38532,1.3847,1.38513,647
2026-06-03 13:10:00,1.38513,1.38526,1.3851,1.3852,258
2026-06-03 13:15:00,1.3852,1.38523,1.38511,1.38511,185
2026-06-03 13:20:00,1.38511,1.38516,1.38495,1.38495,145
2026-06-03 13:25:00,1.38495,1.38528,1.38491,1.38515,191
2026-06-03 13:30:00,1.38515,1.38515,1.38484,1.38491,255
2026-06-03 13:35:00,1.38491,1.38496,1.38481,1.38494,237
2026-06-03 13:40:00,1.38493,1.38512,1.38488,1.38505,182
2026-06-03 13:45:00,1.38505,1.38513,1.38504,1.38507,139
2026-06-03 13:50:00,1.38507,1.38515,1.38493,1.38509,158
2026-06-03 13:55:00,1.38509,1.38526,1.38508,1.3852,220
2026-06-03 14:00:00,1.3852,1.38533,1.38512,1.38513,237
2026-06-03 14:05:00,1.38513,1.38531,1.38511,1.38511,159
2026-06-03 14:10:00,1.38511,1.38521,1.385,1.38514,256
2026-06-03 14:15:00,1.38514,1.38534,1.38514,1.38529,273
2026-06-03 14:20:00,1.38529,1.38534,1.38525,1.38533,113
2026-06-03 14:25:00,1.38533,1.38539,1.3853,1.38531,140
2026-06-03 14:30:00,1.38531,1.38537,1.3852,1.38535,220
2026-06-03 14:35:00,1.38535,1.38536,1.38506,1.38512,133
2026-06-03 14:40:00,1.38512,1.38531,1.38497,1.38518,205
2026-06-03 14:45:00,1.38518,1.38522,1.38504,1.38512,318
2026-06-03 14:50:00,1.38512,1.38519,1.38499,1.38518,427
2026-06-03 14:55:00,1.38518,1.38554,1.38518,1.38538,233
2026-06-03 15:00:00,1.38538,1.38549,1.38533,1.38538,367
2026-06-03 15:05:00,1.38538,1.38577,1.38535,1.38572,292
2026-06-03 15:10:00,1.38572,1.38572,1.38539,1.38539,403
2026-06-03 15:15:00,1.38539,1.38577,1.38538,1.38564,309
2026-06-03 15:20:00,1.38564,1.38569,1.38544,1.38557,351
2026-06-03 15:25:00,1.38557,1.38575,1.38543,1.38571,253
2026-06-03 15:30:00,1.38571,1.38636,1.38568,1.38629,452
2026-06-03 15:35:00,1.38631,1.38666,1.3862,1.38654,467
2026-06-03 15:40:00,1.38654,1.38672,1.38637,1.38646,429
2026-06-03 15:45:00,1.38646,1.38657,1.38636,1.38643,440
2026-06-03 15:50:00,1.38645,1.38687,1.38645,1.38685,392
2026-06-03 15:55:00,1.38685,1.38699,1.38657,1.38674,319
2026-06-03 16:00:00,1.38677,1.38687,1.38666,1.3868,400
2026-06-03 16:05:00,1.3868,1.38689,1.38663,1.38666,350
2026-06-03 16:10:00,1.38666,1.38671,1.38642,1.38668,399
2026-06-03 16:15:00,1.38666,1.38738,1.38665,1.3872,539
2026-06-03 16:20:00,1.3872,1.38751,1.38719,1.38739,473
2026-06-03 16:25:00,1.38739,1.38748,1.38678,1.38682,454
2026-06-03 16:30:00,1.38682,1.38704,1.38646,1.38674,834
2026-06-03 16:35:00,1.38674,1.38677,1.38631,1.38645,698
2026-06-03 16:40:00,1.38645,1.38704,1.3863,1.38692,700
2026-06-03 16:45:00,1.38695,1.38727,1.38685,1.38724,809
2026-06-03 16:50:00,1.38725,1.38748,1.38704,1.3874,875
2026-06-03 16:55:00,1.3874,1.38763,1.3872,1.38734,448
2026-06-03 17:00:00,1.38736,1.38744,1.38693,1.38715,576
2026-06-03 17:05:00,1.38714,1.38728,1.38695,1.38719,536
2026-06-03 17:10:00,1.38719,1.38719,1.38655,1.38678,767
2026-06-03 17:15:00,1.38677,1.38721,1.38651,1.38719,756
2026-06-03 17:20:00,1.38719,1.38737,1.38707,1.38712,567
2026-06-03 17:25:00,1.38712,1.38713,1.3867,1.38671,539
2026-06-03 17:30:00,1.38671,1.38715,1.38671,1.38708,540
2026-06-03 17:35:00,1.38708,1.38737,1.38703,1.38716,454
2026-06-03 17:40:00,1.38716,1.38763,1.38714,1.38753,443
2026-06-03 17:45:00,1.38754,1.38782,1.38732,1.38767,416
2026-06-03 17:50:00,1.38767,1.38783,1.38718,1.38751,818
2026-06-03 17:55:00,1.38751,1.38797,1.38731,1.38785,648
2026-06-03 18:00:00,1.38787,1.38835,1.38781,1.38833,496
2026-06-03 18:05:00,1.38833,1.38871,1.38826,1.38868,479
2026-06-03 18:10:00,1.38868,1.38888,1.38829,1.38835,473
2026-06-03 18:15:00,1.38836,1.38845,1.38792,1.38822,732
2026-06-03 18:20:00,1.38822,1.38852,1.38817,1.3884,485
2026-06-03 18:25:00,1.3884,1.38858,1.38824,1.38824,487
2026-06-03 18:30:00,1.38824,1.38858,1.3881,1.3883,543
2026-06-03 18:35:00,1.3883,1.38854,1.38825,1.3885,443
2026-06-03 18:40:00,1.38851,1.38868,1.38837,1.3885,318
2026-06-03 18:45:00,1.38851,1.38898,1.38846,1.38891,415
2026-06-03 18:50:00,1.3889,1.38922,1.38884,1.3892,417
2026-06-03 18:55:00,1.3892,1.38926,1.389,1.38916,290
2026-06-03 19:00:00,1.38916,1.38929,1.38914,1.38916,298
2026-06-03 19:05:00,1.38916,1.38964,1.38915,1.38947,493
2026-06-03 19:10:00,1.38947,1.38981,1.38946,1.38951,372
2026-06-03 19:15:00,1.38951,1.38978,1.38946,1.38969,475
2026-06-03 19:20:00,1.38969,1.38981,1.38959,1.38973,356
2026-06-03 19:25:00,1.38971,1.38972,1.38943,1.38954,526
2026-06-03 19:30:00,1.38954,1.38977,1.38949,1.38976,405
2026-06-03 19:35:00,1.38976,1.3898,1.38971,1.38974,271
2026-06-03 19:40:00,1.38974,1.38975,1.38962,1.38963,350
2026-06-03 19:45:00,1.38963,1.38972,1.3896,1.38963,382
2026-06-03 19:50:00,1.38963,1.38976,1.38954,1.38973,374
2026-06-03 19:55:00,1.38973,1.38983,1.3894,1.38942,342
2026-06-03 20:00:00,1.38941,1.38949,1.3892,1.38924,332
2026-06-03 20:05:00,1.38924,1.3893,1.38892,1.38907,294
2026-06-03 20:10:00,1.38907,1.38933,1.38894,1.38915,272
2026-06-03 20:15:00,1.38915,1.38932,1.38913,1.38925,201
2026-06-03 20:20:00,1.38925,1.38928,1.38913,1.38923,204
2026-06-03 20:25:00,1.38923,1.38945,1.38913,1.38943,295
2026-06-03 20:30:00,1.38945,1.38947,1.38932,1.38934,311
2026-06-03 20:35:00,1.38934,1.38948,1.38933,1.38936,251
2026-06-03 20:40:00,1.38936,1.3895,1.38933,1.38947,178
2026-06-03 20:45:00,1.38947,1.38955,1.38945,1.38951,163
2026-06-03 20:50:00,1.38951,1.38956,1.38938,1.38952,180
2026-06-03 20:55:00,1.38952,1.38971,1.3895,1.3896,116
2026-06-03 21:00:00,1.3896,1.38972,1.38959,1.3897,174
2026-06-03 21:05:00,1.3897,1.38986,1.3897,1.38984,298
2026-06-03 21:10:00,1.38983,1.38994,1.3898,1.38991,322
2026-06-03 21:15:00,1.38991,1.38992,1.3898,1.3899,201
2026-06-03 21:20:00,1.3899,1.38995,1.38982,1.3899,272
2026-06-03 21:25:00,1.3899,1.38993,1.38978,1.38983,147
2026-06-03 21:30:00,1.38982,1.38988,1.38969,1.38971,194
2026-06-03 21:35:00,1.38971,1.38976,1.3896,1.38964,220
2026-06-03 21:40:00,1.38964,1.38966,1.38951,1.38951,167
2026-06-03 21:45:00,1.38952,1.38954,1.38929,1.3894,226
2026-06-03 21:50:00,1.3894,1.38945,1.38925,1.38938,297
2026-06-03 21:55:00,1.38938,1.38952,1.38933,1.38951,337
2026-06-03 22:00:00,1.38951,1.38959,1.38931,1.38934,346
2026-06-03 22:05:00,1.38934,1.38947,1.38932,1.38947,178
2026-06-03 22:10:00,1.38947,1.38956,1.38943,1.38954,100
2026-06-03 22:15:00,1.38954,1.38955,1.38922,1.38931,295
2026-06-03 22:20:00,1.3893,1.38949,1.38923,1.38945,195
2026-06-03 22:25:00,1.38945,1.38949,1.38926,1.38935,224
2026-06-03 22:30:00,1.38935,1.38947,1.38929,1.38935,196
2026-06-03 22:35:00,1.38935,1.38943,1.3893,1.38938,206
2026-06-03 22:40:00,1.38938,1.38943,1.38933,1.38941,177
2026-06-03 22:45:00,1.38941,1.3895,1.38935,1.38937,143
2026-06-03 22:50:00,1.38937,1.38967,1.38937,1.38967,252
2026-06-03 22:55:00,1.38967,1.38968,1.38943,1.38967,341
2026-06-03 23:00:00,1.38964,1.38964,1.3894,1.38949,268
2026-06-03 23:05:00,1.38949,1.38966,1.38929,1.38942,191
2026-06-03 23:10:00,1.38942,1.38957,1.38935,1.38947,144
2026-06-03 23:15:00,1.38947,1.38951,1.38938,1.38945,395
2026-06-03 23:20:00,1.38945,1.38953,1.38938,1.38948,249
2026-06-03 23:25:00,1.38948,1.38969,1.38945,1.38963,208
2026-06-03 23:30:00,1.38963,1.38966,1.38929,1.38948,96
2026-06-03 23:35:00,1.38948,1.38953,1.38935,1.38953,64
2026-06-03 23:40:00,1.38953,1.38967,1.3895,1.38967,97
2026-06-03 23:45:00,1.38967,1.38972,1.38958,1.3897,142
2026-06-03 23:50:00,1.3897,1.3897,1.38952,1.38953,74
2026-06-03 23:55:00,1.38952,1.38975,1.38936,1.38959,203
2026-06-04 00:00:00,1.38944,1.38944,1.38871,1.38935,13
2026-06-04 00:05:00,1.38935,1.38935,1.38924,1.38932,19
2026-06-04 00:10:00,1.38932,1.3894,1.38922,1.38934,14
2026-06-04 00:15:00,1.38934,1.38941,1.38933,1.38938,51
2026-06-04 00:20:00,1.38938,1.38946,1.38927,1.3893,59
2026-06-04 00:25:00,1.3893,1.38944,1.38925,1.38927,79
2026-06-04 00:30:00,1.38927,1.3894,1.38923,1.38923,38
2026-06-04 00:35:00,1.38923,1.38932,1.3892,1.38929,31
2026-06-04 00:40:00,1.38929,1.38942,1.38927,1.3894,35
2026-06-04 00:45:00,1.3894,1.38941,1.38886,1.38915,107
2026-06-04 00:50:00,1.38915,1.38928,1.38915,1.38927,30
2026-06-04 00:55:00,1.38927,1.38932,1.38861,1.38876,170
2026-06-04 01:00:00,1.38876,1.38989,1.38876,1.38983,154
2026-06-04 01:05:00,1.38983,1.38989,1.38983,1.38983,29
2026-06-04 01:10:00,1.38983,1.38992,1.38981,1.38983,161
2026-06-04 01:15:00,1.38986,1.38989,1.38956,1.38965,211
2026-06-04 01:20:00,1.38965,1.38973,1.3896,1.3897,50
2026-06-04 01:25:00,1.3897,1.38971,1.38968,1.38971,19
2026-06-04 01:30:00,1.38973,1.38973,1.3895,1.38964,109
2026-06-04 01:35:00,1.38964,1.38965,1.38961,1.38964,44
2026-06-04 01:40:00,1.38964,1.38975,1.38963,1.38972,52
2026-06-04 01:45:00,1.38972,1.38975,1.38972,1.38974,40
2026-06-04 01:50:00,1.38974,1.38983,1.38968,1.38969,74
2026-06-04 01:55:00,1.38969,1.38973,1.38891,1.38911,455
2026-06-04 02:00:00,1.38911,1.38924,1.38898,1.38922,230
2026-06-04 02:05:00,1.38922,1.38932,1.38915,1.38932,130
2026-06-04 02:10:00,1.38932,1.38954,1.38931,1.38932,126
2026-06-04 02:15:00,1.38932,1.38937,1.3893,1.38934,76
2026-06-04 02:20:00,1.38934,1.38944,1.38934,1.38942,87
2026-06-04 02:25:00,1.38942,1.38944,1.38932,1.38944,96
2026-06-04 02:30:00,1.38944,1.3895,1.38942,1.38942,112
2026-06-04 02:35:00,1.38943,1.38953,1.38942,1.38948,80
2026-06-04 02:40:00,1.38948,1.38948,1.38936,1.38944,86
2026-06-04 02:45:00,1.38944,1.3895,1.38931,1.38935,119
2026-06-04 02:50:00,1.38935,1.38943,1.38926,1.38927,127
2026-06-04 02:55:00,1.38927,1.38937,1.38927,1.38934,199
2026-06-04 03:00:00,1.38936,1.38945,1.38912,1.3892,639
2026-06-04 03:05:00,1.3892,1.38936,1.38917,1.38934,309
2026-06-04 03:10:00,1.38934,1.38938,1.38908,1.3891,273
2026-06-04 03:15:00,1.3891,1.38921,1.38895,1.389,310
2026-06-04 03:20:00,1.389,1.38914,1.38893,1.38911,276
2026-06-04 03:25:00,1.38911,1.3892,1.38908,1.3891,227
2026-06-04 03:30:00,1.3891,1.38919,1.38905,1.38911,224
2026-06-04 03:35:00,1.38911,1.38929,1.3891,1.3892,272
2026-06-04 03:40:00,1.38921,1.38926,1.38909,1.3891,207
2026-06-04 03:45:00,1.3891,1.38929,1.38908,1.38922,238
2026-06-04 03:50:00,1.38922,1.38939,1.38919,1.38933,323
2026-06-04 03:55:00,1.38933,1.38947,1.38932,1.38937,319
2026-06-04 04:00:00,1.38937,1.38968,1.38937,1.38965,491
2026-06-04 04:05:00,1.38965,1.38967,1.38956,1.38958,292
2026-06-04 04:10:00,1.38958,1.38958,1.38945,1.3895,279
2026-06-04 04:15:00,1.38951,1.38956,1.38935,1.38936,353
2026-06-04 04:20:00,1.38936,1.38944,1.38928,1.3894,334
2026-06-04 04:25:00,1.3894,1.38964,1.38938,1.3896,269
2026-06-04 04:30:00,1.3896,1.38963,1.38948,1.38953,303
2026-06-04 04:35:00,1.38953,1.38957,1.38941,1.38944,189
2026-06-04 04:40:00,1.38944,1.38969,1.38942,1.38967,198
2026-06-04 04:45:00,1.38967,1.38972,1.3896,1.38962,199
2026-06-04 04:50:00,1.38962,1.38981,1.38961,1.38976,259
2026-06-04 04:55:00,1.38976,1.38977,1.38964,1.38964,246
2026-06-04 05:00:00,1.38964,1.38975,1.38963,1.38969,284
2026-06-04 05:05:00,1.38969,1.38977,1.38962,1.38977,237
2026-06-04 05:10:00,1.38977,1.3899,1.38974,1.3899,267
2026-06-04 05:15:00,1.3899,1.39003,1.38986,1.39,225
2026-06-04 05:20:00,1.39,1.39034,1.39,1.39033,288
2026-06-04 05:25:00,1.39033,1.39033,1.39009,1.39015,239
2026-06-04 05:30:00,1.39015,1.39017,1.39006,1.39015,298
2026-06-04 05:35:00,1.39015,1.39017,1.38999,1.38999,145
2026-06-04 05:40:00,1.38999,1.39001,1.38995,1.38995,131
2026-06-04 05:45:00,1.38995,1.38996,1.38969,1.38974,173
2026-06-04 05:50:00,1.38974,1.38983,1.38965,1.38979,176
2026-06-04 05:55:00,1.38979,1.38983,1.38969,1.3898,211
2026-06-04 06:00:00,1.3898,1.38995,1.38977,1.38987,236
2026-06-04 06:05:00,1.38987,1.39008,1.38984,1.39007,160
2026-06-04 06:10:00,1.39007,1.39025,1.39003,1.39024,280
2026-06-04 06:15:00,1.39023,1.39026,1.39009,1.3901,291
2026-06-04 06:20:00,1.3901,1.39026,1.39006,1.39026,191
2026-06-04 06:25:00,1.39026,1.39038,1.39024,1.39034,279
2026-06-04 06:30:00,1.39035,1.3904,1.39029,1.39034,234
2026-06-04 06:35:00,1.39034,1.39039,1.39029,1.39036,242
2026-06-04 06:40:00,1.39036,1.39041,1.39031,1.39033,161
2026-06-04 06:45:00,1.39033,1.3904,1.39031,1.39034,133
2026-06-04 06:50:00,1.39034,1.39036,1.39018,1.3902,199
2026-06-04 06:55:00,1.3902,1.3902,1.38998,1.39001,148
2026-06-04 07:00:00,1.39001,1.39015,1.39,1.3901,152
2026-06-04 07:05:00,1.3901,1.39013,1.39006,1.39011,85
2026-06-04 07:10:00,1.39011,1.39026,1.39009,1.39025,107
2026-06-04 07:15:00,1.39025,1.39025,1.3901,1.39015,84
2026-06-04 07:20:00,1.39015,1.39025,1.39014,1.39024,150
2026-06-04 07:25:00,1.39024,1.39025,1.39019,1.39021,162
2026-06-04 07:30:00,1.39021,1.39021,1.38987,1.39005,215
2026-06-04 07:35:00,1.39005,1.39039,1.39005,1.39039,263
2026-06-04 07:40:00,1.39038,1.39039,1.39024,1.39024,231
2026-06-04 07:45:00,1.39024,1.39039,1.39017,1.39032,160
2026-06-04 07:50:00,1.39032,1.39043,1.39029,1.39031,154
2026-06-04 07:55:00,1.39031,1.39035,1.39023,1.39034,319
2026-06-04 08:00:00,1.39035,1.39045,1.39028,1.39044,199
2026-06-04 08:05:00,1.39044,1.39065,1.39039,1.39062,274
2026-06-04 08:10:00,1.39062,1.39078,1.3906,1.39068,217
2026-06-04 08:15:00,1.39068,1.39077,1.39065,1.39072,148
2026-06-04 08:20:00,1.39073,1.39088,1.39073,1.39085,228
2026-06-04 08:25:00,1.39085,1.39091,1.39081,1.39087,107
2026-06-04 08:30:00,1.39087,1.39089,1.3907,1.39074,202
2026-06-04 08:35:00,1.39074,1.39078,1.39065,1.39073,150
2026-06-04 08:40:00,1.39071,1.39075,1.39059,1.39071,268
2026-06-04 08:45:00,1.39071,1.39078,1.39066,1.39071,171
2026-06-04 08:50:00,1.39071,1.39072,1.39044,1.39047,231
2026-06-04 08:55:00,1.39047,1.39057,1.39036,1.3904,271
2026-06-04 09:00:00,1.39042,1.39043,1.39016,1.39031,359
2026-06-04 09:05:00,1.39031,1.39071,1.39029,1.39065,329
2026-06-04 09:10:00,1.39065,1.39071,1.39046,1.39055,327
2026-06-04 09:15:00,1.39055,1.39069,1.39048,1.39059,391
2026-06-04 09:20:00,1.39059,1.39076,1.39059,1.39074,300
2026-06-04 09:25:00,1.39074,1.39078,1.39053,1.39058,284
2026-06-04 09:30:00,1.39058,1.39075,1.39034,1.39045,450
2026-06-04 09:35:00,1.39045,1.39056,1.39023,1.39044,339
2026-06-04 09:40:00,1.39044,1.39052,1.39036,1.39047,343
2026-06-04 09:45:00,1.39047,1.39077,1.39047,1.39076,227
2026-06-04 09:50:00,1.39076,1.39086,1.39066,1.39074,377
2026-06-04 09:55:00,1.39074,1.39132,1.39074,1.39097,281
2026-06-04 10:00:00,1.39097,1.39115,1.39073,1.39111,462
2026-06-04 10:05:00,1.39111,1.39134,1.39108,1.39131,358
2026-06-04 10:10:00,1.39131,1.39137,1.39113,1.39116,375
2026-06-04 10:15:00,1.39117,1.39142,1.39117,1.39136,365
2026-06-04 10:20:00,1.39136,1.39151,1.39129,1.39151,406
2026-06-04 10:25:00,1.39151,1.39178,1.39148,1.39177,388
2026-06-04 10:30:00,1.39177,1.39207,1.39174,1.39197,444
2026-06-04 10:35:00,1.39197,1.39248,1.3919,1.39244,443
2026-06-04 10:40:00,1.39244,1.39251,1.3923,1.39238,395
2026-06-04 10:45:00,1.39238,1.39249,1.39231,1.39239,237
2026-06-04 10:50:00,1.39239,1.39246,1.39221,1.39226,344
2026-06-04 10:55:00,1.39226,1.39235,1.39219,1.39224,389
2026-06-04 11:00:00,1.39224,1.39225,1.392,1.39207,472
2026-06-04 11:05:00,1.39207,1.39223,1.39204,1.39215,385
2026-06-04 11:10:00,1.39215,1.39217,1.39188,1.39189,363
2026-06-04 11:15:00,1.39189,1.39189,1.39167,1.39168,390
2026-06-04 11:20:00,1.39168,1.39181,1.39163,1.3918,386
2026-06-04 11:25:00,1.3918,1.39181,1.3915,1.3916,293
2026-06-04 11:30:00,1.3916,1.39165,1.39141,1.39164,178
2026-06-04 11:35:00,1.39164,1.3917,1.39149,1.39165,304
2026-06-04 11:40:00,1.39165,1.39182,1.3916,1.39176,245
2026-06-04 11:45:00,1.39176,1.39184,1.39156,1.39182,335
2026-06-04 11:50:00,1.39182,1.39197,1.39169,1.39179,391
2026-06-04 11:55:00,1.39179,1.39179,1.39158,1.39167,188
2026-06-04 12:00:00,1.39167,1.39167,1.39122,1.39141,369
2026-06-04 12:05:00,1.39141,1.39148,1.39126,1.39134,389
2026-06-04 12:10:00,1.39135,1.3914,1.39101,1.39107,375
2026-06-04 12:15:00,1.39107,1.39112,1.39073,1.39086,282
2026-06-04 12:20:00,1.39086,1.39088,1.39063,1.39064,353
2026-06-04 12:25:00,1.39064,1.39071,1.39047,1.39055,305
2026-06-04 12:30:00,1.39055,1.39058,1.39036,1.3905,290
2026-06-04 12:35:00,1.3905,1.39065,1.39028,1.39046,467
2026-06-04 12:40:00,1.39046,1.39053,1.39036,1.39038,353
2026-06-04 12:45:00,1.39038,1.3904,1.39021,1.39023,341
2026-06-04 12:50:00,1.39023,1.39032,1.39006,1.39007,264
2026-06-04 12:55:00,1.39007,1.39023,1.38997,1.39002,331
2026-06-04 13:00:00,1.39002,1.39016,1.38996,1.38999,365
2026-06-04 13:05:00,1.38999,1.39018,1.38992,1.39004,325
2026-06-04 13:10:00,1.39004,1.39008,1.38979,1.39004,425
2026-06-04 13:15:00,1.39004,1.39004,1.38986,1.38995,259
2026-06-04 13:20:00,1.38995,1.39036,1.38994,1.39015,315
2026-06-04 13:25:00,1.39015,1.39019,1.39004,1.39005,305
2026-06-04 13:30:00,1.39005,1.39018,1.38993,1.38995,303
2026-06-04 13:35:00,1.38995,1.38998,1.38979,1.38989,358
2026-06-04 13:40:00,1.38989,1.38995,1.38977,1.38987,346
2026-06-04 13:45:00,1.38987,1.3899,1.38968,1.38987,439
2026-06-04 13:50:00,1.38987,1.39006,1.38984,1.39005,379
2026-06-04 13:55:00,1.39005,1.39019,1.38996,1.39002,322
2026-06-04 14:00:00,1.39002,1.39003,1.38958,1.38965,349
2026-06-04 14:05:00,1.38965,1.38996,1.38962,1.38962,333
2026-06-04 14:10:00,1.38962,1.38987,1.38962,1.38974,387
2026-06-04 14:15:00,1.38974,1.38978,1.38927,1.38941,476
2026-06-04 14:20:00,1.3894,1.38943,1.38921,1.38932,347
2026-06-04 14:25:00,1.38932,1.38946,1.3892,1.38922,465
2026-06-04 14:30:00,1.38922,1.38957,1.38901,1.38952,416
2026-06-04 14:35:00,1.38952,1.38962,1.38916,1.38917,351
2026-06-04 14:40:00,1.38917,1.38928,1.38907,1.38909,331
2026-06-04 14:45:00,1.38909,1.38921,1.38897,1.38909,343
2026-06-04 14:50:00,1.38908,1.38923,1.38902,1.38921,335
2026-06-04 14:55:00,1.3892,1.38957,1.38919,1.38947,332
2026-06-04 15:00:00,1.38947,1.38968,1.38925,1.38965,322
2026-06-04 15:05:00,1.38965,1.38974,1.38939,1.3896,374
2026-06-04 15:10:00,1.3896,1.38983,1.38938,1.38961,574
2026-06-04 15:15:00,1.38961,1.38983,1.38939,1.3895,523
2026-06-04 15:20:00,1.3895,1.38956,1.38914,1.38919,379
2026-06-04 15:25:00,1.38919,1.38937,1.38904,1.38913,405
2026-06-04 15:30:00,1.38917,1.3894,1.3888,1.38916,377
2026-06-04 15:35:00,1.38916,1.38946,1.38916,1.3894,413
2026-06-04 15:40:00,1.3894,1.38951,1.38907,1.38911,317
2026-06-04 15:45:00,1.38911,1.38911,1.38886,1.38891,354
2026-06-04 15:50:00,1.38891,1.38911,1.38879,1.38882,404
2026-06-04 15:55:00,1.38882,1.38908,1.38882,1.38906,372
2026-06-04 16:00:00,1.38906,1.38913,1.38885,1.3889,511
2026-06-04 16:05:00,1.3889,1.38921,1.38886,1.38911,560
2026-06-04 16:10:00,1.38911,1.38948,1.38897,1.38942,685
2026-06-04 16:15:00,1.38942,1.3895,1.38927,1.38929,431
2026-06-04 16:20:00,1.38929,1.3894,1.38904,1.38932,475
2026-06-04 16:25:00,1.38932,1.38948,1.38922,1.38924,399
2026-06-04 16:30:00,1.38923,1.38938,1.38891,1.38893,702
2026-06-04 16:35:00,1.38893,1.389,1.38856,1.38856,552
2026-06-04 16:40:00,1.38856,1.38862,1.38821,1.38823,612
2026-06-04 16:45:00,1.38824,1.38879,1.38809,1.38869,693
2026-06-04 16:50:00,1.38869,1.38896,1.38853,1.38873,581
2026-06-04 16:55:00,1.38873,1.38898,1.38855,1.38873,579
2026-06-04 17:00:00,1.38873,1.38903,1.3885,1.38901,583
2026-06-04 17:05:00,1.38901,1.38903,1.3888,1.38898,529
2026-06-04 17:10:00,1.38898,1.38901,1.38861,1.38869,463
2026-06-04 17:15:00,1.3887,1.38874,1.38856,1.38861,495
2026-06-04 17:20:00,1.38861,1.38881,1.38857,1.38879,450
2026-06-04 17:25:00,1.38879,1.38905,1.38867,1.38895,433
2026-06-04 17:30:00,1.38895,1.38926,1.38895,1.38925,413
2026-06-04 17:35:00,1.38923,1.38977,1.38923,1.38956,530
2026-06-04 17:40:00,1.38956,1.3896,1.38932,1.38951,562
2026-06-04 17:45:00,1.38951,1.38976,1.38948,1.38954,391
2026-06-04 17:50:00,1.38954,1.3896,1.38918,1.38942,566
2026-06-04 17:55:00,1.38942,1.38954,1.38919,1.38941,541
2026-06-04 18:00:00,1.38941,1.38957,1.38925,1.38946,666
2026-06-04 18:05:00,1.38948,1.38988,1.38942,1.38983,554
2026-06-04 18:10:00,1.38983,1.3899,1.38969,1.38983,421
2026-06-04 18:15:00,1.38983,1.3904,1.38982,1.39037,450
2026-06-04 18:20:00,1.39037,1.39049,1.39014,1.39014,319
2026-06-04 18:25:00,1.39014,1.3904,1.39012,1.39014,356
2026-06-04 18:30:00,1.39012,1.3902,1.38993,1.39001,400
2026-06-04 18:35:00,1.39001,1.39012,1.38982,1.3899,333
2026-06-04 18:40:00,1.3899,1.38997,1.38973,1.38984,427
2026-06-04 18:45:00,1.38984,1.38996,1.38967,1.38975,334
2026-06-04 18:50:00,1.38975,1.38975,1.38929,1.38937,314
2026-06-04 18:55:00,1.38937,1.38941,1.38901,1.38906,417
2026-06-04 19:00:00,1.38906,1.38919,1.389,1.38916,469
2026-06-04 19:05:00,1.38916,1.38923,1.38891,1.38899,469
2026-06-04 19:10:00,1.38899,1.38918,1.38895,1.38912,250
2026-06-04 19:15:00,1.38912,1.38936,1.38908,1.38936,239
2026-06-04 19:20:00,1.38936,1.38953,1.38926,1.38952,258
2026-06-04 19:25:00,1.38952,1.38962,1.38934,1.38938,323
2026-06-04 19:30:00,1.38938,1.38975,1.38936,1.38972,526
2026-06-04 19:35:00,1.38972,1.38976,1.38949,1.38956,345
2026-06-04 19:40:00,1.38956,1.3898,1.38956,1.38974,321
2026-06-04 19:45:00,1.38974,1.3898,1.38964,1.38966,273
2026-06-04 19:50:00,1.38966,1.38987,1.38963,1.38978,293
2026-06-04 19:55:00,1.38978,1.38984,1.3895,1.38965,313
2026-06-04 20:00:00,1.38965,1.38971,1.38953,1.38968,349
2026-06-04 20:05:00,1.38968,1.38996,1.38965,1.38991,380
2026-06-04 20:10:00,1.38991,1.38994,1.38983,1.38985,259
2026-06-04 20:15:00,1.38985,1.39001,1.38974,1.38976,321
2026-06-04 20:20:00,1.38976,1.38992,1.38974,1.38989,276
2026-06-04 20:25:00,1.38989,1.39001,1.38986,1.38999,196
2026-06-04 20:30:00,1.38999,1.39016,1.38991,1.39,263
2026-06-04 20:35:00,1.39,1.39024,1.38996,1.3901,262
2026-06-04 20:40:00,1.3901,1.39012,1.38997,1.39003,335
2026-06-04 20:45:00,1.39003,1.39017,1.38998,1.39003,254
2026-06-04 20:50:00,1.39003,1.39013,1.38995,1.39009,270
2026-06-04 20:55:00,1.39009,1.39023,1.39007,1.3901,284
2026-06-04 21:00:00,1.3901,1.39015,1.38995,1.39008,234
2026-06-04 21:05:00,1.39008,1.39017,1.39001,1.39014,198
2026-06-04 21:10:00,1.39014,1.39015,1.39001,1.3901,266
2026-06-04 21:15:00,1.3901,1.39017,1.38999,1.39002,193
2026-06-04 21:20:00,1.39002,1.39004,1.38982,1.38997,170
2026-06-04 21:25:00,1.38997,1.39004,1.3898,1.39004,158
2026-06-04 21:30:00,1.39004,1.39012,1.38982,1.38982,244
2026-06-04 21:35:00,1.38982,1.38982,1.38953,1.38954,350
2026-06-04 21:40:00,1.38954,1.38973,1.38954,1.38967,241
2026-06-04 21:45:00,1.38965,1.38983,1.38965,1.38978,180
2026-06-04 21:50:00,1.38977,1.38999,1.38974,1.38993,254
2026-06-04 21:55:00,1.38993,1.39003,1.38984,1.38994,264
2026-06-04 22:00:00,1.38994,1.39002,1.38975,1.39001,294
2026-06-04 22:05:00,1.39001,1.39031,1.39,1.39025,217
2026-06-04 22:10:00,1.39025,1.39036,1.39018,1.39029,180
2026-06-04 22:15:00,1.39029,1.39032,1.39012,1.39023,284
2026-06-04 22:20:00,1.39023,1.39033,1.39014,1.39027,239
2026-06-04 22:25:00,1.39027,1.39034,1.39019,1.39031,198
2026-06-04 22:30:00,1.39032,1.39033,1.39009,1.39011,294
2026-06-04 22:35:00,1.39011,1.39032,1.39011,1.39018,259
2026-06-04 22:40:00,1.39018,1.39037,1.39017,1.39034,248
2026-06-04 22:45:00,1.39034,1.39045,1.39025,1.3904,193
2026-06-04 22:50:00,1.3904,1.39042,1.39022,1.39024,289
2026-06-04 22:55:00,1.39025,1.39051,1.39022,1.39036,320
2026-06-04 23:00:00,1.39033,1.39054,1.39033,1.39048,165
2026-06-04 23:05:00,1.39049,1.39083,1.39048,1.39083,183
2026-06-04 23:10:00,1.39084,1.39106,1.39082,1.39105,121
2026-06-04 23:15:00,1.39105,1.39112,1.39096,1.39098,148
2026-06-04 23:20:00,1.39098,1.39101,1.39091,1.39098,197
2026-06-04 23:25:00,1.39098,1.391,1.39079,1.39083,120
2026-06-04 23:30:00,1.39083,1.39097,1.39081,1.3909,69
2026-06-04 23:35:00,1.3909,1.39092,1.39075,1.39075,54
2026-06-04 23:40:00,1.39075,1.39075,1.39064,1.39066,58
2026-06-04 23:45:00,1.39066,1.39071,1.39063,1.39071,91
2026-06-04 23:50:00,1.39071,1.39088,1.39066,1.39088,72
2026-06-04 23:55:00,1.39088,1.39103,1.39082,1.39103,148
2026-06-05 00:00:00,1.39041,1.39041,1.3886,1.38913,126
2026-06-05 00:05:00,1.38913,1.39,1.38859,1.38944,330
2026-06-05 00:10:00,1.38944,1.3905,1.38931,1.3905,324
2026-06-05 00:15:00,1.3905,1.39064,1.3903,1.39057,66
2026-06-05 00:20:00,1.39057,1.3907,1.39023,1.39034,105
2026-06-05 00:25:00,1.39034,1.39091,1.39012,1.39088,125
2026-06-05 00:30:00,1.39088,1.39093,1.39084,1.39092,13
2026-06-05 00:35:00,1.39092,1.39101,1.39087,1.39099,54
2026-06-05 00:40:00,1.39099,1.3911,1.39026,1.39043,86
2026-06-05 00:45:00,1.39043,1.39052,1.39024,1.39041,546
2026-06-05 00:50:00,1.39037,1.39039,1.39018,1.39025,68
2026-06-05 00:55:00,1.39025,1.39025,1.38999,1.39012,159
2026-06-05 01:00:00,1.39012,1.3908,1.38995,1.39045,191
2026-06-05 01:05:00,1.39045,1.39045,1.39032,1.39044,31
2026-06-05 01:10:00,1.39044,1.39058,1.39043,1.39056,51
2026-06-05 01:15:00,1.39055,1.39061,1.39053,1.39054,38
2026-06-05 01:20:00,1.39054,1.39067,1.39053,1.39065,21
2026-06-05 01:25:00,1.39065,1.39072,1.39064,1.39065,58
2026-06-05 01:30:00,1.39065,1.39065,1.39058,1.39065,68
2026-06-05 01:35:00,1.39065,1.39071,1.39065,1.39065,59
2026-06-05 01:40:00,1.39065,1.39087,1.39064,1.39087,59
2026-06-05 01:45:00,1.39087,1.39087,1.39079,1.39082,40
2026-06-05 01:50:00,1.39082,1.39083,1.39078,1.39079,19
2026-06-05 01:55:00,1.39079,1.39079,1.39075,1.39076,30
2026-06-05 02:00:00,1.39076,1.39076,1.39066,1.39066,75
2026-06-05 02:05:00,1.39066,1.39072,1.39065,1.39068,61
2026-06-05 02:10:00,1.39068,1.39069,1.39061,1.39065,105
2026-06-05 02:15:00,1.39065,1.39067,1.39059,1.39059,84
2026-06-05 02:20:00,1.39059,1.39067,1.39059,1.39065,34
2026-06-05 02:25:00,1.39065,1.39068,1.3906,1.39062,202
2026-06-05 02:30:00,1.39062,1.39069,1.39061,1.39067,275
2026-06-05 02:35:00,1.39067,1.3907,1.39065,1.39067,58
2026-06-05 02:40:00,1.39067,1.39078,1.39067,1.39076,54
2026-06-05 02:45:00,1.39076,1.39083,1.39065,1.39067,153
2026-06-05 02:50:00,1.39067,1.39072,1.39061,1.39065,114
2026-06-05 02:55:00,1.39065,1.39077,1.39064,1.39069,157
2026-06-05 03:00:00,1.39071,1.3908,1.39055,1.39069,428
2026-06-05 03:05:00,1.39069,1.39071,1.39049,1.39063,314
2026-06-05 03:10:00,1.39063,1.39076,1.39056,1.39066,342
2026-06-05 03:15:00,1.39066,1.3907,1.39058,1.39067,254
2026-06-05 03:20:00,1.39067,1.39077,1.39058,1.39069,308
2026-06-05 03:25:00,1.39069,1.39079,1.39061,1.39074,223
2026-06-05 03:30:00,1.39074,1.39078,1.39063,1.39077,227
2026-06-05 03:35:00,1.39077,1.39084,1.3907,1.39073,151
2026-06-05 03:40:00,1.39073,1.39073,1.39046,1.39057,215
2026-06-05 03:45:00,1.39057,1.39066,1.39056,1.39058,230
2026-06-05 03:50:00,1.39058,1.39059,1.39048,1.39054,234
2026-06-05 03:55:00,1.39054,1.39065,1.3905,1.39063,212
2026-06-05 04:00:00,1.39063,1.3909,1.39061,1.39082,379
2026-06-05 04:05:00,1.39081,1.39082,1.39064,1.39079,249
2026-06-05 04:10:00,1.39079,1.39097,1.39074,1.39091,234
2026-06-05 04:15:00,1.39091,1.39109,1.39079,1.39096,271
2026-06-05 04:20:00,1.39096,1.39119,1.39096,1.39107,196
2026-06-05 04:25:00,1.39107,1.3912,1.39099,1.391,264
2026-06-05 04:30:00,1.39099,1.39105,1.3907,1.39085,381
2026-06-05 04:35:00,1.39085,1.39089,1.39075,1.39084,286
2026-06-05 04:40:00,1.39084,1.39089,1.39063,1.39064,357
2026-06-05 04:45:00,1.39064,1.39066,1.39046,1.39047,182
2026-06-05 04:50:00,1.39047,1.3905,1.39036,1.39041,217
2026-06-05 04:55:00,1.39041,1.39044,1.39027,1.39036,245
2026-06-05 05:00:00,1.39036,1.39045,1.39024,1.39028,204
2026-06-05 05:05:00,1.39028,1.39034,1.39024,1.39026,171
2026-06-05 05:10:00,1.39026,1.39027,1.39015,1.39021,144
2026-06-05 05:15:00,1.39021,1.39026,1.39015,1.39022,101
2026-06-05 05:20:00,1.39022,1.39022,1.3901,1.39011,57
2026-06-05 05:25:00,1.39011,1.39011,1.39002,1.39008,114
2026-06-05 05:30:00,1.39008,1.39013,1.39004,1.39009,168
2026-06-05 05:35:00,1.39009,1.39018,1.39008,1.39011,97
2026-06-05 05:40:00,1.39011,1.39026,1.39011,1.39021,152
2026-06-05 05:45:00,1.39021,1.39028,1.39019,1.39019,150
2026-06-05 05:50:00,1.39019,1.39019,1.39007,1.39014,183
2026-06-05 05:55:00,1.39014,1.39018,1.39009,1.39016,196
2026-06-05 06:00:00,1.39016,1.39017,1.39008,1.39012,162
2026-06-05 06:05:00,1.39012,1.39031,1.39012,1.39024,142
2026-06-05 06:10:00,1.39024,1.39036,1.39021,1.39031,180
2026-06-05 06:15:00,1.39031,1.39037,1.39021,1.39037,133
2026-06-05 06:20:00,1.39037,1.39043,1.39035,1.39039,215
2026-06-05 06:25:00,1.39039,1.39041,1.39029,1.3904,131
2026-06-05 06:30:00,1.3904,1.39046,1.39031,1.39045,166
2026-06-05 06:35:00,1.39045,1.39051,1.39044,1.39047,141
2026-06-05 06:40:00,1.39047,1.39052,1.39045,1.3905,122
2026-06-05 06:45:00,1.3905,1.3905,1.39043,1.3905,142
2026-06-05 06:50:00,1.3905,1.39059,1.39047,1.39055,176
2026-06-05 06:55:00,1.39055,1.39055,1.39047,1.3905,237
2026-06-05 07:00:00,1.3905,1.39051,1.39038,1.39044,245
2026-06-05 07:05:00,1.39044,1.39046,1.39035,1.39037,128
2026-06-05 07:10:00,1.39037,1.39044,1.39033,1.3904,106
2026-06-05 07:15:00,1.3904,1.39041,1.39026,1.39035,191
2026-06-05 07:20:00,1.39035,1.39036,1.39028,1.39036,151
2026-06-05 07:25:00,1.39035,1.39048,1.39028,1.39048,231
2026-06-05 07:30:00,1.39048,1.39056,1.39039,1.39045,188
2026-06-05 07:35:00,1.39045,1.39048,1.39037,1.39044,181
2026-06-05 07:40:00,1.39045,1.39047,1.39036,1.3904,164
2026-06-05 07:45:00,1.3904,1.39051,1.39039,1.39048,95
2026-06-05 07:50:00,1.39048,1.39049,1.39029,1.39031,103
2026-06-05 07:55:00,1.39031,1.39035,1.39022,1.39034,158
2026-06-05 08:00:00,1.39035,1.39045,1.39031,1.39042,199
2026-06-05 08:05:00,1.39042,1.39045,1.39038,1.3904,118
2026-06-05 08:10:00,1.3904,1.39049,1.39039,1.39048,150
2026-06-05 08:15:00,1.39048,1.39053,1.39046,1.39048,79
2026-06-05 08:20:00,1.39048,1.3905,1.39039,1.39045,157
2026-06-05 08:25:00,1.39045,1.39049,1.39038,1.39048,159
2026-06-05 08:30:00,1.39048,1.3905,1.39028,1.39029,226
2026-06-05 08:35:00,1.39029,1.3904,1.39022,1.39039,186
2026-06-05 08:40:00,1.39039,1.39047,1.39035,1.39043,87
2026-06-05 08:45:00,1.39043,1.39048,1.3904,1.39044,149
2026-06-05 08:50:00,1.39044,1.39047,1.39034,1.39043,192
2026-06-05 08:55:00,1.39043,1.39061,1.39039,1.39056,177
2026-06-05 09:00:00,1.39056,1.39077,1.39048,1.39067,334
2026-06-05 09:05:00,1.39067,1.3908,1.39061,1.39079,233
2026-06-05 09:10:00,1.39079,1.39085,1.39072,1.39077,192
2026-06-05 09:15:00,1.39077,1.39091,1.39073,1.39076,286
2026-06-05 09:20:00,1.39076,1.39082,1.39065,1.39069,173
2026-06-05 09:25:00,1.39069,1.39074,1.39039,1.39044,339
2026-06-05 09:30:00,1.39044,1.39045,1.39018,1.39022,251
2026-06-05 09:35:00,1.39022,1.39031,1.38991,1.38994,310
2026-06-05 09:40:00,1.38994,1.39002,1.38979,1.38979,223
2026-06-05 09:45:00,1.38979,1.3899,1.38968,1.3899,172
2026-06-05 09:50:00,1.3899,1.39003,1.3898,1.38992,199
2026-06-05 09:55:00,1.38992,1.39001,1.38983,1.38997,229
2026-06-05 10:00:00,1.38997,1.39005,1.38959,1.3896,286
2026-06-05 10:05:00,1.3896,1.38972,1.38947,1.3897,283
2026-06-05 10:10:00,1.3897,1.38978,1.38933,1.3895,344
2026-06-05 10:15:00,1.3895,1.3895,1.3893,1.38941,203
2026-06-05 10:20:00,1.38941,1.38942,1.38903,1.38911,283
2026-06-05 10:25:00,1.38911,1.38913,1.38878,1.38888,374
2026-06-05 10:30:00,1.38888,1.38896,1.38868,1.38877,310
2026-06-05 10:35:00,1.38877,1.3888,1.38841,1.38847,327
2026-06-05 10:40:00,1.38847,1.38864,1.38842,1.38862,364
2026-06-05 10:45:00,1.38862,1.38865,1.38838,1.38847,449
2026-06-05 10:50:00,1.38847,1.38869,1.38845,1.38848,304
2026-06-05 10:55:00,1.38848,1.38877,1.38837,1.38877,352
2026-06-05 11:00:00,1.38877,1.38879,1.38839,1.38848,334
2026-06-05 11:05:00,1.38848,1.38858,1.38826,1.38855,415
2026-06-05 11:10:00,1.38857,1.38866,1.38835,1.38843,582
2026-06-05 11:15:00,1.38843,1.38847,1.38833,1.38835,384
2026-06-05 11:20:00,1.38835,1.38857,1.38835,1.38848,472
2026-06-05 11:25:00,1.38848,1.38864,1.38844,1.38856,359
2026-06-05 11:30:00,1.38857,1.38872,1.38842,1.38863,417
2026-06-05 11:35:00,1.38863,1.38885,1.38856,1.38881,329
2026-06-05 11:40:00,1.38881,1.38885,1.38862,1.38878,239
2026-06-05 11:45:00,1.38878,1.38902,1.38865,1.38888,229
2026-06-05 11:50:00,1.38888,1.38899,1.38888,1.38895,193
2026-06-05 11:55:00,1.38895,1.38898,1.38878,1.38887,140
2026-06-05 12:00:00,1.38887,1.38895,1.38859,1.38869,231
2026-06-05 12:05:00,1.38869,1.3887,1.38831,1.38836,316
2026-06-05 12:10:00,1.38836,1.38851,1.3882,1.38825,543
2026-06-05 12:15:00,1.38825,1.38875,1.38822,1.38864,547
2026-06-05 12:20:00,1.38864,1.38865,1.38799,1.3883,433
2026-06-05 12:25:00,1.3883,1.38831,1.38791,1.38792,241
2026-06-05 12:30:00,1.38792,1.38795,1.38773,1.3878,253
2026-06-05 12:35:00,1.3878,1.38781,1.38738,1.38747,277
2026-06-05 12:40:00,1.38747,1.38782,1.38747,1.38777,120
2026-06-05 12:45:00,1.38777,1.38777,1.3873,1.38749,175
2026-06-05 12:50:00,1.38749,1.38787,1.38747,1.38753,310
2026-06-05 12:55:00,1.38753,1.38758,1.38741,1.38754,218
2026-06-05 13:00:00,1.38755,1.38767,1.38747,1.3875,286
2026-06-05 13:05:00,1.3875,1.38762,1.38739,1.3874,205
2026-06-05 13:10:00,1.3874,1.38752,1.38736,1.38744,208
2026-06-05 13:15:00,1.38744,1.38746,1.38687,1.38688,241
2026-06-05 13:20:00,1.38688,1.3874,1.38678,1.38732,325
2026-06-05 13:25:00,1.38732,1.38744,1.38727,1.38731,242
2026-06-05 13:30:00,1.38731,1.38736,1.38711,1.38714,223
2026-06-05 13:35:00,1.38714,1.38751,1.38714,1.38746,240
2026-06-05 13:40:00,1.38746,1.38758,1.38736,1.38738,207
2026-06-05 13:45:00,1.38738,1.38743,1.38723,1.3874,157
2026-06-05 13:50:00,1.3874,1.38758,1.3874,1.38755,251
2026-06-05 13:55:00,1.38755,1.38771,1.38742,1.38764,411
2026-06-05 14:00:00,1.38767,1.38793,1.38764,1.38788,316
2026-06-05 14:05:00,1.38788,1.38811,1.38786,1.38791,262
2026-06-05 14:10:00,1.38791,1.38825,1.38791,1.38821,264
2026-06-05 14:15:00,1.38821,1.38821,1.38806,1.38817,227
2026-06-05 14:20:00,1.38817,1.38817,1.38769,1.3879,240
2026-06-05 14:25:00,1.38791,1.38806,1.38764,1.38779,338
2026-06-05 14:30:00,1.38779,1.38796,1.3876,1.38778,432
2026-06-05 14:35:00,1.38778,1.38787,1.38765,1.38786,321
2026-06-05 14:40:00,1.38786,1.38798,1.38774,1.38792,415
2026-06-05 14:45:00,1.38792,1.38827,1.38777,1.38827,315
2026-06-05 14:50:00,1.38827,1.38833,1.38794,1.38814,356
2026-06-05 14:55:00,1.38814,1.3882,1.38797,1.38797,291
2026-06-05 15:00:00,1.38797,1.38802,1.38759,1.38776,356
2026-06-05 15:05:00,1.38776,1.38822,1.38776,1.3882,440
2026-06-05 15:10:00,1.3882,1.38833,1.38794,1.38799,348
2026-06-05 15:15:00,1.388,1.3882,1.38779,1.38804,358
2026-06-05 15:20:00,1.38804,1.3886,1.38797,1.38859,360
2026-06-05 15:25:00,1.38859,1.38938,1.38859,1.38893,495
2026-06-05 15:30:00,1.38887,1.38943,1.38661,1.38751,1205
2026-06-05 15:35:00,1.38751,1.38841,1.38751,1.38804,991
2026-06-05 15:40:00,1.38804,1.38859,1.38782,1.38842,836
2026-06-05 15:45:00,1.38842,1.38846,1.38735,1.38776,736
2026-06-05 15:50:00,1.38776,1.38878,1.38766,1.38866,689
2026-06-05 15:55:00,1.38866,1.38954,1.38862,1.38946,965
2026-06-05 16:00:00,1.38946,1.38956,1.38882,1.38929,1282
2026-06-05 16:05:00,1.38931,1.38996,1.38928,1.3896,1011
2026-06-05 16:10:00,1.38959,1.38981,1.3893,1.3897,804
2026-06-05 16:15:00,1.3897,1.38976,1.38913,1.38926,501
2026-06-05 16:20:00,1.38926,1.38931,1.38885,1.38898,650
2026-06-05 16:25:00,1.38898,1.3892,1.38883,1.38917,542
2026-06-05 16:30:00,1.38917,1.38981,1.38917,1.38963,780
2026-06-05 16:35:00,1.38963,1.39017,1.38958,1.38997,661
2026-06-05 16:40:00,1.38996,1.39044,1.3897,1.3902,708
2026-06-05 16:45:00,1.3902,1.39027,1.38989,1.39008,868
2026-06-05 16:50:00,1.39008,1.39032,1.38987,1.38995,953
2026-06-05 16:55:00,1.38997,1.39037,1.38979,1.39034,490
2026-06-05 17:00:00,1.39034,1.39062,1.38992,1.39013,926
2026-06-05 17:05:00,1.39013,1.39093,1.38998,1.39057,838
2026-06-05 17:10:00,1.39057,1.39101,1.39037,1.39091,682
2026-06-05 17:15:00,1.39091,1.39148,1.39091,1.39135,602
2026-06-05 17:20:00,1.39134,1.39195,1.39132,1.39185,605
2026-06-05 17:25:00,1.39185,1.39192,1.3916,1.39186,623
2026-06-05 17:30:00,1.39186,1.39188,1.39133,1.39148,789
2026-06-05 17:35:00,1.39148,1.39148,1.39126,1.39146,544
2026-06-05 17:40:00,1.39146,1.39174,1.39133,1.39164,466
2026-06-05 17:45:00,1.39164,1.39173,1.39139,1.39155,563
2026-06-05 17:50:00,1.39155,1.39167,1.3912,1.39155,536
2026-06-05 17:55:00,1.39157,1.3918,1.3914,1.39171,563
2026-06-05 18:00:00,1.39171,1.39184,1.39143,1.39147,611
2026-06-05 18:05:00,1.39147,1.39197,1.39135,1.39184,595
2026-06-05 18:10:00,1.39184,1.39229,1.39184,1.39225,555
2026-06-05 18:15:00,1.39225,1.39245,1.39211,1.39213,652
2026-06-05 18:20:00,1.39213,1.39254,1.39206,1.39232,677
2026-06-05 18:25:00,1.39232,1.39253,1.39229,1.39235,576
2026-06-05 18:30:00,1.39235,1.39313,1.39235,1.39302,645
2026-06-05 18:35:00,1.39302,1.39348,1.39284,1.3934,651
2026-06-05 18:40:00,1.39341,1.39361,1.39329,1.39336,586
2026-06-05 18:45:00,1.39335,1.39376,1.39334,1.39366,507
2026-06-05 18:50:00,1.39366,1.39384,1.39294,1.39306,622
2026-06-05 18:55:00,1.39308,1.39345,1.39308,1.39327,652
2026-06-05 19:00:00,1.39327,1.39357,1.39315,1.39356,641
2026-06-05 19:05:00,1.39356,1.39373,1.39343,1.39357,463
2026-06-05 19:10:00,1.39356,1.39382,1.39351,1.39381,510
2026-06-05 19:15:00,1.39382,1.39399,1.39374,1.39384,524
2026-06-05 19:20:00,1.39384,1.39419,1.39379,1.39411,560
2026-06-05 19:25:00,1.39411,1.39413,1.39385,1.39405,609
2026-06-05 19:30:00,1.39405,1.39425,1.39396,1.39417,407
2026-06-05 19:35:00,1.39417,1.39436,1.39414,1.39434,398
2026-06-05 19:40:00,1.39434,1.3944,1.39427,1.39428,298
2026-06-05 19:45:00,1.39428,1.39433,1.39395,1.39396,453
2026-06-05 19:50:00,1.39396,1.39405,1.39383,1.39396,389
2026-06-05 19:55:00,1.39396,1.39405,1.39348,1.39363,482
2026-06-05 20:00:00,1.39363,1.394,1.3935,1.39372,615
2026-06-05 20:05:00,1.39372,1.39394,1.39365,1.39383,563
2026-06-05 20:10:00,1.39383,1.39411,1.39382,1.39405,387
2026-06-05 20:15:00,1.39405,1.3942,1.39401,1.3941,397
2026-06-05 20:20:00,1.3941,1.39412,1.39374,1.39381,446
2026-06-05 20:25:00,1.39381,1.39394,1.39356,1.39365,464
2026-06-05 20:30:00,1.39364,1.39377,1.39352,1.39365,421
2026-06-05 20:35:00,1.39365,1.39388,1.39356,1.39365,441
2026-06-05 20:40:00,1.39365,1.39407,1.39357,1.39405,371
2026-06-05 20:45:00,1.39405,1.39439,1.39404,1.39427,382
2026-06-05 20:50:00,1.39427,1.39439,1.39414,1.39417,305
2026-06-05 20:55:00,1.39418,1.3943,1.39396,1.39427,357
2026-06-05 21:00:00,1.39427,1.39447,1.39415,1.39445,286
2026-06-05 21:05:00,1.39445,1.39458,1.39431,1.39435,270
2026-06-05 21:10:00,1.39435,1.39454,1.39431,1.39443,291
2026-06-05 21:15:00,1.39443,1.39452,1.39435,1.39436,331
2026-06-05 21:20:00,1.39436,1.39449,1.39425,1.39447,360
2026-06-05 21:25:00,1.39447,1.39457,1.39437,1.39456,283
2026-06-05 21:30:00,1.39456,1.39466,1.39435,1.39436,361
2026-06-05 21:35:00,1.39436,1.39448,1.39415,1.39447,433
2026-06-05 21:40:00,1.39447,1.39457,1.39442,1.3945,336
2026-06-05 21:45:00,1.3945,1.39484,1.3945,1.39454,307
2026-06-05 21:50:00,1.39454,1.39475,1.39448,1.39469,269
2026-06-05 21:55:00,1.3947,1.39496,1.39446,1.39495,389
2026-06-05 22:00:00,1.39495,1.39496,1.39464,1.39476,322
2026-06-05 22:05:00,1.39476,1.39495,1.3947,1.39484,306
2026-06-05 22:10:00,1.39484,1.39501,1.39481,1.39493,227
2026-06-05 22:15:00,1.39493,1.39504,1.39489,1.39494,231
2026-06-05 22:20:00,1.39494,1.39495,1.39479,1.39485,319
2026-06-05 22:25:00,1.39484,1.39484,1.3945,1.39455,310
2026-06-05 22:30:00,1.39455,1.39475,1.39454,1.39467,266
2026-06-05 22:35:00,1.39467,1.39483,1.39457,1.39472,249
2026-06-05 22:40:00,1.39472,1.39485,1.39462,1.39464,225
2026-06-05 22:45:00,1.39464,1.39466,1.39441,1.39442,289
2026-06-05 22:50:00,1.39443,1.39444,1.39431,1.39436,283
2026-06-05 22:55:00,1.39437,1.39438,1.39402,1.39426,346
2026-06-05 23:00:00,1.39426,1.39458,1.394,1.39457,296
2026-06-05 23:05:00,1.39457,1.39493,1.39457,1.39488,184
2026-06-05 23:10:00,1.39488,1.39496,1.39476,1.39478,105
2026-06-05 23:15:00,1.39478,1.39489,1.39434,1.39437,225
2026-06-05 23:20:00,1.39437,1.39453,1.39414,1.39415,168
2026-06-05 23:25:00,1.39415,1.3943,1.39394,1.39409,149
2026-06-05 23:30:00,1.39409,1.39427,1.39397,1.39421,59
2026-06-05 23:35:00,1.39421,1.39441,1.39417,1.39427,127
2026-06-05 23:40:00,1.39427,1.39427,1.39407,1.39417,20
2026-06-05 23:45:00,1.39417,1.39417,1.39388,1.3939,88
2026-06-05 23:50:00,1.3939,1.39413,1.39378,1.39412,224
2026-06-05 23:55:00,1.39412,1.39417,1.39318,1.39383,398
2026-06-08 00:00:00,1.39229,1.3925,1.39223,1.3925,17
2026-06-08 00:05:00,1.3925,1.39312,1.3925,1.39274,50
2026-06-08 00:10:00,1.39272,1.39321,1.39272,1.39321,9
2026-06-08 00:15:00,1.39321,1.3934,1.39307,1.39335,20
2026-06-08 00:20:00,1.39335,1.39343,1.39317,1.39342,23
2026-06-08 00:25:00,1.39342,1.39348,1.39338,1.39346,28
2026-06-08 00:30:00,1.39346,1.3937,1.39342,1.39358,28
2026-06-08 00:35:00,1.39358,1.39414,1.39351,1.39398,325
2026-06-08 00:40:00,1.39398,1.39398,1.39344,1.39392,418
2026-06-08 00:45:00,1.39392,1.39409,1.39349,1.39407,183
2026-06-08 00:50:00,1.39407,1.39407,1.39379,1.39379,37
2026-06-08 00:55:00,1.39379,1.39403,1.39374,1.39385,176
2026-06-08 01:00:00,1.39385,1.39459,1.39374,1.3944,141
2026-06-08 01:05:00,1.3944,1.39478,1.3944,1.39476,85
2026-06-08 01:10:00,1.39476,1.3948,1.39433,1.39435,300
2026-06-08 01:15:00,1.39435,1.39446,1.39427,1.39441,363
2026-06-08 01:20:00,1.39442,1.39451,1.39434,1.39441,253
2026-06-08 01:25:00,1.39441,1.39478,1.39441,1.39477,188
2026-06-08 01:30:00,1.39476,1.39479,1.39468,1.39475,174
2026-06-08 01:35:00,1.39475,1.39476,1.39456,1.39464,124
2026-06-08 01:40:00,1.39464,1.39483,1.3946,1.39476,139
2026-06-08 01:45:00,1.39476,1.39492,1.39475,1.39492,210
2026-06-08 01:50:00,1.39492,1.39498,1.39484,1.39497,94
2026-06-08 01:55:00,1.39497,1.39519,1.39497,1.39515,308
2026-06-08 02:00:00,1.39516,1.39517,1.39499,1.39502,244
2026-06-08 02:05:00,1.39502,1.39511,1.39494,1.39496,145
2026-06-08 02:10:00,1.39496,1.39498,1.3946,1.39462,213
2026-06-08 02:15:00,1.39462,1.39468,1.39441,1.39445,247
2026-06-08 02:20:00,1.39445,1.39462,1.39441,1.39458,216
2026-06-08 02:25:00,1.39458,1.39491,1.39458,1.39487,234
2026-06-08 02:30:00,1.39487,1.3949,1.39461,1.39476,104
2026-06-08 02:35:00,1.39476,1.39485,1.39472,1.39476,89
2026-06-08 02:40:00,1.39476,1.3948,1.39462,1.39473,134
2026-06-08 02:45:00,1.39473,1.39475,1.39436,1.39442,353
2026-06-08 02:50:00,1.39442,1.39453,1.39441,1.39443,266
2026-06-08 02:55:00,1.39443,1.39453,1.39437,1.39449,277
2026-06-08 03:00:00,1.39448,1.39457,1.39432,1.39442,258
2026-06-08 03:05:00,1.39442,1.3945,1.39437,1.39443,233
2026-06-08 03:10:00,1.39443,1.39453,1.39435,1.39451,202
2026-06-08 03:15:00,1.39451,1.3946,1.39442,1.39443,174
2026-06-08 03:20:00,1.39443,1.39445,1.39428,1.39433,182
2026-06-08 03:25:00,1.39433,1.39442,1.3943,1.39441,174
2026-06-08 03:30:00,1.39441,1.39442,1.39432,1.39434,162
2026-06-08 03:35:00,1.39434,1.39436,1.39416,1.39423,169
2026-06-08 03:40:00,1.39423,1.39433,1.39416,1.39424,232
2026-06-08 03:45:00,1.39424,1.3943,1.394,1.39407,321
2026-06-08 03:50:00,1.39408,1.39416,1.39387,1.39396,362
2026-06-08 03:55:00,1.39397,1.39407,1.3938,1.39384,326
2026-06-08 04:00:00,1.39384,1.39404,1.3938,1.39384,371
2026-06-08 04:05:00,1.39384,1.39403,1.39383,1.39392,307
2026-06-08 04:10:00,1.39392,1.39418,1.39389,1.39412,426
2026-06-08 04:15:00,1.39412,1.39441,1.39407,1.39437,618
2026-06-08 04:20:00,1.39438,1.39451,1.39431,1.39444,683
2026-06-08 04:25:00,1.39444,1.39488,1.39441,1.39479,729
2026-06-08 04:30:00,1.39479,1.39521,1.39468,1.39487,771
2026-06-08 04:35:00,1.39487,1.39509,1.3948,1.395,517
2026-06-08 04:40:00,1.39499,1.395,1.39478,1.3948,496
2026-06-08 04:45:00,1.3948,1.39481,1.39452,1.39476,436
2026-06-08 04:50:00,1.39476,1.3949,1.39468,1.39479,364
2026-06-08 04:55:00,1.39479,1.39482,1.39464,1.39465,264
2026-06-08 05:00:00,1.39465,1.39475,1.39453,1.39473,285
2026-06-08 05:05:00,1.39473,1.39499,1.39469,1.39496,348
2026-06-08 05:10:00,1.39497,1.39507,1.39481,1.39483,438
2026-06-08 05:15:00,1.39483,1.39489,1.39471,1.39489,199
2026-06-08 05:20:00,1.39489,1.3949,1.39456,1.39458,207
2026-06-08 05:25:00,1.39458,1.39465,1.3945,1.39458,223
2026-06-08 05:30:00,1.39458,1.39478,1.39456,1.39469,366
2026-06-08 05:35:00,1.39469,1.39472,1.39458,1.39464,272
2026-06-08 05:40:00,1.39464,1.39474,1.39461,1.39466,228
2026-06-08 05:45:00,1.39466,1.39473,1.39455,1.39468,188
2026-06-08 05:50:00,1.39468,1.3947,1.39455,1.39459,311
2026-06-08 05:55:00,1.39459,1.39467,1.39441,1.39464,483
2026-06-08 06:00:00,1.39464,1.39476,1.39461,1.39473,245
2026-06-08 06:05:00,1.39472,1.39476,1.39467,1.39473,183
2026-06-08 06:10:00,1.39473,1.39491,1.39471,1.39489,162
2026-06-08 06:15:00,1.39489,1.39496,1.39485,1.39492,135
2026-06-08 06:20:00,1.39492,1.39495,1.39475,1.39483,195
2026-06-08 06:25:00,1.39483,1.39491,1.39483,1.39484,180
2026-06-08 06:30:00,1.39484,1.39487,1.39475,1.39486,174
2026-06-08 06:35:00,1.39486,1.39489,1.3948,1.39487,136
2026-06-08 06:40:00,1.39487,1.39493,1.39475,1.39476,160
2026-06-08 06:45:00,1.39476,1.39479,1.39472,1.39475,217
2026-06-08 06:50:00,1.39474,1.39476,1.39462,1.39468,220
2026-06-08 06:55:00,1.39468,1.3947,1.39455,1.39456,256
2026-06-08 07:00:00,1.39456,1.39475,1.39453,1.39468,172
2026-06-08 07:05:00,1.39468,1.39472,1.39456,1.39458,243
2026-06-08 07:10:00,1.39458,1.3946,1.39445,1.39448,197
2026-06-08 07:15:00,1.39448,1.39451,1.39426,1.39449,168
2026-06-08 07:20:00,1.39449,1.3946,1.39449,1.39451,222
2026-06-08 07:25:00,1.39451,1.39452,1.39443,1.39444,168
2026-06-08 07:30:00,1.39444,1.39458,1.39435,1.39452,276
2026-06-08 07:35:00,1.39452,1.39456,1.39442,1.39443,264
2026-06-08 07:40:00,1.39443,1.39464,1.39442,1.39464,207
2026-06-08 07:45:00,1.39464,1.39464,1.39447,1.39451,206
2026-06-08 07:50:00,1.39452,1.39453,1.3944,1.39441,159
2026-06-08 07:55:00,1.39441,1.39445,1.3943,1.39433,152
2026-06-08 08:00:00,1.39435,1.39435,1.39398,1.39401,295
2026-06-08 08:05:00,1.39401,1.39407,1.3938,1.39391,277
2026-06-08 08:10:00,1.39391,1.39421,1.39382,1.39417,326
2026-06-08 08:15:00,1.39417,1.3942,1.39368,1.39378,343
2026-06-08 08:20:00,1.39378,1.39381,1.39359,1.39369,496
2026-06-08 08:25:00,1.39369,1.39392,1.39368,1.39384,320
2026-06-08 08:30:00,1.39384,1.39414,1.39382,1.39412,402
2026-06-08 08:35:00,1.39412,1.39444,1.39405,1.39421,473
2026-06-08 08:40:00,1.39421,1.39453,1.3942,1.39425,306
2026-06-08 08:45:00,1.39425,1.39436,1.39417,1.39429,369
2026-06-08 08:50:00,1.39429,1.39459,1.39419,1.39452,426
2026-06-08 08:55:00,1.39452,1.3949,1.39452,1.39473,502
2026-06-08 09:00:00,1.39473,1.39485,1.39452,1.39476,668
2026-06-08 09:05:00,1.39476,1.39484,1.39454,1.39462,631
2026-06-08 09:10:00,1.39462,1.39489,1.39457,1.39484,531
2026-06-08 09:15:00,1.39484,1.39492,1.39461,1.39471,469
2026-06-08 09:20:00,1.39471,1.39476,1.39436,1.39459,384
2026-06-08 09:25:00,1.39459,1.39477,1.39458,1.39471,384
2026-06-08 09:30:00,1.39472,1.39493,1.39468,1.39488,457
2026-06-08 09:35:00,1.39488,1.39496,1.39477,1.39477,346
2026-06-08 09:40:00,1.39477,1.39493,1.39445,1.39449,443
2026-06-08 09:45:00,1.39449,1.39469,1.39436,1.39443,493
2026-06-08 09:50:00,1.39443,1.39451,1.39425,1.39436,415
2026-06-08 09:55:00,1.39436,1.39461,1.39426,1.39454,304
2026-06-08 10:00:00,1.39454,1.39467,1.39425,1.39448,589
2026-06-08 10:05:00,1.39448,1.3946,1.39432,1.39432,527
2026-06-08 10:10:00,1.39432,1.39437,1.39394,1.39413,602
2026-06-08 10:15:00,1.39413,1.39429,1.39378,1.3939,565
2026-06-08 10:20:00,1.3939,1.39401,1.39371,1.39384,481
2026-06-08 10:25:00,1.39383,1.39398,1.39381,1.39387,461
2026-06-08 10:30:00,1.39387,1.39429,1.39387,1.39416,778
2026-06-08 10:35:00,1.39416,1.39472,1.39415,1.39459,658
2026-06-08 10:40:00,1.39458,1.39473,1.39441,1.39464,367
2026-06-08 10:45:00,1.39464,1.39481,1.39451,1.39469,386
2026-06-08 10:50:00,1.39469,1.39493,1.39456,1.39481,363
2026-06-08 10:55:00,1.39481,1.39514,1.39471,1.39513,354
2026-06-08 11:00:00,1.39513,1.39515,1.39484,1.39505,495
2026-06-08 11:05:00,1.39505,1.39509,1.3947,1.39472,320
2026-06-08 11:10:00,1.39474,1.39495,1.39474,1.3949,429
2026-06-08 11:15:00,1.3949,1.39513,1.3949,1.39511,411
2026-06-08 11:20:00,1.39511,1.39519,1.3948,1.39486,384
2026-06-08 11:25:00,1.39486,1.39493,1.3946,1.39461,288
2026-06-08 11:30:00,1.39461,1.39502,1.39461,1.39498,446
2026-06-08 11:35:00,1.39498,1.39504,1.39469,1.39491,275
2026-06-08 11:40:00,1.39491,1.39522,1.39481,1.39484,302
2026-06-08 11:45:00,1.39484,1.39514,1.39476,1.39513,386
2026-06-08 11:50:00,1.39512,1.39521,1.39505,1.39515,481
2026-06-08 11:55:00,1.39515,1.39524,1.39501,1.3951,568
2026-06-08 12:00:00,1.3951,1.39513,1.3947,1.3948,619
2026-06-08 12:05:00,1.39481,1.39495,1.39478,1.39493,361
2026-06-08 12:10:00,1.39493,1.395,1.39468,1.39476,327
2026-06-08 12:15:00,1.39476,1.39478,1.39456,1.39463,251
2026-06-08 12:20:00,1.39463,1.39489,1.39457,1.39478,285
2026-06-08 12:25:00,1.39478,1.39519,1.39478,1.39518,255
2026-06-08 12:30:00,1.39518,1.39537,1.39511,1.3953,427
2026-06-08 12:35:00,1.39529,1.39538,1.39456,1.39472,730
2026-06-08 12:40:00,1.39472,1.3951,1.39468,1.39499,389
2026-06-08 12:45:00,1.39499,1.39507,1.39474,1.39476,341
2026-06-08 12:50:00,1.39476,1.3948,1.39459,1.39461,303
2026-06-08 12:55:00,1.39461,1.39469,1.39438,1.39468,346
2026-06-08 13:00:00,1.39468,1.39487,1.39455,1.39472,345
2026-06-08 13:05:00,1.39471,1.39479,1.39437,1.39447,429
2026-06-08 13:10:00,1.39447,1.39449,1.39432,1.39435,236
2026-06-08 13:15:00,1.39435,1.3946,1.39432,1.39456,310
2026-06-08 13:20:00,1.39456,1.39458,1.39438,1.39453,297
2026-06-08 13:25:00,1.39453,1.39454,1.39425,1.39443,261
2026-06-08 13:30:00,1.39443,1.3947,1.39403,1.39419,456
2026-06-08 13:35:00,1.39419,1.39431,1.39402,1.39422,455
2026-06-08 13:40:00,1.39422,1.39431,1.39404,1.39404,331
2026-06-08 13:45:00,1.39404,1.39424,1.394,1.39419,260
2026-06-08 13:50:00,1.39419,1.39429,1.39409,1.39419,289
2026-06-08 13:55:00,1.39419,1.39439,1.39417,1.3942,318
2026-06-08 14:00:00,1.39421,1.39437,1.39418,1.39422,274
2026-06-08 14:05:00,1.39422,1.39424,1.39394,1.39399,299
2026-06-08 14:10:00,1.39399,1.39402,1.39351,1.39353,616
2026-06-08 14:15:00,1.39353,1.39384,1.39336,1.39338,628
2026-06-08 14:20:00,1.39338,1.39354,1.39302,1.39353,674
2026-06-08 14:25:00,1.39353,1.39361,1.39323,1.39327,423
2026-06-08 14:30:00,1.39327,1.39327,1.39298,1.39307,313
2026-06-08 14:35:00,1.39307,1.39349,1.39302,1.39346,262
2026-06-08 14:40:00,1.39346,1.39369,1.39341,1.39363,300
2026-06-08 14:45:00,1.39363,1.39393,1.39361,1.39375,523
2026-06-08 14:50:00,1.39375,1.39379,1.3935,1.39364,415
2026-06-08 14:55:00,1.39364,1.39384,1.39362,1.39383,302
2026-06-08 15:00:00,1.39383,1.39388,1.39335,1.39355,520
2026-06-08 15:05:00,1.39355,1.39368,1.39339,1.39363,483
2026-06-08 15:10:00,1.39363,1.39367,1.39323,1.39331,412
2026-06-08 15:15:00,1.39332,1.39335,1.39302,1.39312,359
2026-06-08 15:20:00,1.39312,1.39328,1.39301,1.39303,545
2026-06-08 15:25:00,1.39303,1.39327,1.39292,1.39325,321
2026-06-08 15:30:00,1.39325,1.39338,1.39316,1.39332,491
2026-06-08 15:35:00,1.39332,1.39333,1.39318,1.3933,320
2026-06-08 15:40:00,1.3933,1.39333,1.3926,1.39308,421
2026-06-08 15:45:00,1.39308,1.39311,1.39283,1.39307,349
2026-06-08 15:50:00,1.39307,1.39335,1.39302,1.39321,454
2026-06-08 15:55:00,1.39321,1.39325,1.39309,1.39313,377
2026-06-08 16:00:00,1.39313,1.3933,1.39305,1.39317,609
2026-06-08 16:05:00,1.39317,1.39357,1.39316,1.39346,447
2026-06-08 16:10:00,1.39347,1.39356,1.39333,1.39338,369
2026-06-08 16:15:00,1.39338,1.39343,1.39318,1.39333,441
2026-06-08 16:20:00,1.39333,1.39348,1.39318,1.39333,594
2026-06-08 16:25:00,1.39333,1.39361,1.39311,1.39313,392
2026-06-08 16:30:00,1.39314,1.39323,1.39267,1.39323,761
2026-06-08 16:35:00,1.39323,1.39367,1.39309,1.39367,670
2026-06-08 16:40:00,1.39367,1.39384,1.39349,1.39368,812
2026-06-08 16:45:00,1.39368,1.39397,1.39359,1.39381,743
2026-06-08 16:50:00,1.39382,1.39436,1.3938,1.39417,714
2026-06-08 16:55:00,1.39417,1.39423,1.39397,1.39401,686
2026-06-08 17:00:00,1.39401,1.39415,1.39357,1.3941,605
2026-06-08 17:05:00,1.3941,1.39438,1.394,1.39437,588
2026-06-08 17:10:00,1.39437,1.39457,1.39425,1.39449,678
2026-06-08 17:15:00,1.39449,1.39493,1.39441,1.39468,854
2026-06-08 17:20:00,1.39468,1.39504,1.39454,1.39484,775
2026-06-08 17:25:00,1.39483,1.39485,1.39443,1.39459,554
2026-06-08 17:30:00,1.39458,1.39463,1.39418,1.39425,605
2026-06-08 17:35:00,1.39425,1.39453,1.39413,1.39439,736
2026-06-08 17:40:00,1.39439,1.39453,1.39425,1.39434,561
2026-06-08 17:45:00,1.39432,1.39462,1.39425,1.39462,511
2026-06-08 17:50:00,1.39461,1.39469,1.39413,1.3944,585
2026-06-08 17:55:00,1.3944,1.39457,1.39405,1.39422,603
2026-06-08 18:00:00,1.39422,1.3943,1.39373,1.39386,647
2026-06-08 18:05:00,1.39385,1.39418,1.39373,1.39413,550
2026-06-08 18:10:00,1.39413,1.3945,1.39402,1.39424,605
2026-06-08 18:15:00,1.39424,1.39457,1.39422,1.39443,730
2026-06-08 18:20:00,1.39443,1.39466,1.39424,1.39431,518
2026-06-08 18:25:00,1.39431,1.39502,1.39431,1.395,493
2026-06-08 18:30:00,1.395,1.39532,1.39495,1.39526,597
2026-06-08 18:35:00,1.39525,1.39525,1.39504,1.3951,370
2026-06-08 18:40:00,1.3951,1.3952,1.39498,1.39507,390
2026-06-08 18:45:00,1.39507,1.39527,1.395,1.39523,505
2026-06-08 18:50:00,1.39523,1.39526,1.39505,1.3951,416
2026-06-08 18:55:00,1.3951,1.39511,1.39495,1.39505,397
2026-06-08 19:00:00,1.39505,1.39526,1.39503,1.39513,386
2026-06-08 19:05:00,1.39513,1.39526,1.39502,1.39524,309
2026-06-08 19:10:00,1.39524,1.39525,1.39497,1.395,334
2026-06-08 19:15:00,1.395,1.39518,1.39498,1.39508,438
2026-06-08 19:20:00,1.39508,1.39524,1.39503,1.39512,436
2026-06-08 19:25:00,1.39512,1.39522,1.39508,1.39519,206
2026-06-08 19:30:00,1.39519,1.39527,1.39507,1.3952,401
2026-06-08 19:35:00,1.39522,1.39532,1.39506,1.39527,328
2026-06-08 19:40:00,1.39527,1.39535,1.39517,1.39519,347
2026-06-08 19:45:00,1.39519,1.39526,1.39495,1.39495,397
2026-06-08 19:50:00,1.39495,1.39513,1.39484,1.39506,294
2026-06-08 19:55:00,1.39506,1.39541,1.39506,1.39537,416
2026-06-08 20:00:00,1.39537,1.39555,1.39532,1.39554,475
2026-06-08 20:05:00,1.39554,1.3957,1.39551,1.39564,400
2026-06-08 20:10:00,1.39564,1.39576,1.3956,1.39561,467
2026-06-08 20:15:00,1.39561,1.3957,1.39553,1.39557,470
2026-06-08 20:20:00,1.39557,1.39568,1.39547,1.39557,363
2026-06-08 20:25:00,1.39557,1.39568,1.39545,1.39553,486
2026-06-08 20:30:00,1.39553,1.39595,1.39552,1.39582,486
2026-06-08 20:35:00,1.39582,1.39611,1.39565,1.39566,521
2026-06-08 20:40:00,1.39566,1.39582,1.39545,1.39559,540
2026-06-08 20:45:00,1.39559,1.39561,1.39538,1.39538,364
2026-06-08 20:50:00,1.39538,1.39545,1.39528,1.39533,287
2026-06-08 20:55:00,1.39533,1.39544,1.39522,1.39526,255
2026-06-08 21:00:00,1.39526,1.39526,1.39465,1.39481,439
2026-06-08 21:05:00,1.39481,1.39491,1.39457,1.39465,609
2026-06-08 21:10:00,1.39466,1.39493,1.39466,1.39487,511
2026-06-08 21:15:00,1.39485,1.39494,1.39474,1.39484,300
2026-06-08 21:20:00,1.39485,1.39496,1.39473,1.39488,364
2026-06-08 21:25:00,1.39488,1.39499,1.39483,1.39484,334
2026-06-08 21:30:00,1.39484,1.39499,1.3948,1.39493,335
2026-06-08 21:35:00,1.39493,1.39516,1.39482,1.3951,375
2026-06-08 21:40:00,1.3951,1.39516,1.39496,1.39511,319
2026-06-08 21:45:00,1.39511,1.39526,1.39506,1.39524,370
2026-06-08 21:50:00,1.39524,1.39544,1.39518,1.39543,239
2026-06-08 21:55:00,1.39542,1.39564,1.39541,1.39556,309
2026-06-08 22:00:00,1.39556,1.39564,1.39525,1.39528,305
2026-06-08 22:05:00,1.39528,1.39537,1.39523,1.39535,156
2026-06-08 22:10:00,1.39535,1.39546,1.39527,1.39543,235
2026-06-08 22:15:00,1.39543,1.39544,1.39527,1.39538,286
2026-06-08 22:20:00,1.39538,1.39554,1.39526,1.39553,274
2026-06-08 22:25:00,1.39553,1.39559,1.39528,1.39532,295
2026-06-08 22:30:00,1.39531,1.39531,1.39511,1.39525,373
2026-06-08 22:35:00,1.39525,1.39527,1.39513,1.39517,246
2026-06-08 22:40:00,1.39517,1.39556,1.39517,1.39555,250
2026-06-08 22:45:00,1.39556,1.39556,1.39536,1.39547,299
2026-06-08 22:50:00,1.39547,1.39555,1.39534,1.39553,443
2026-06-08 22:55:00,1.39553,1.39554,1.395,1.39515,447
2026-06-08 23:00:00,1.39515,1.39518,1.39496,1.39511,432
2026-06-08 23:05:00,1.39511,1.39517,1.39501,1.39515,194
2026-06-08 23:10:00,1.39515,1.39519,1.39501,1.39511,234
2026-06-08 23:15:00,1.39511,1.39519,1.39503,1.39514,150
2026-06-08 23:20:00,1.39514,1.39514,1.39496,1.39502,155
2026-06-08 23:25:00,1.39502,1.39511,1.39495,1.39497,124
2026-06-08 23:30:00,1.39496,1.39514,1.39495,1.39505,46
2026-06-08 23:35:00,1.39505,1.39534,1.39505,1.39532,85
2026-06-08 23:40:00,1.39529,1.39539,1.39529,1.39538,60
2026-06-08 23:45:00,1.39538,1.39539,1.39527,1.39531,58
2026-06-08 23:50:00,1.39531,1.39538,1.39531,1.39534,55
2026-06-08 23:55:00,1.39534,1.39536,1.39515,1.39524,231
2026-06-09 00:00:00,1.39487,1.39487,1.3932,1.39439,45
2026-06-09 00:05:00,1.39439,1.39462,1.39371,1.39385,2029
2026-06-09 00:10:00,1.3939,1.39418,1.39358,1.39394,94
2026-06-09 00:15:00,1.394,1.39401,1.39388,1.39395,75
2026-06-09 00:20:00,1.39396,1.39403,1.39387,1.39397,54
2026-06-09 00:25:00,1.39394,1.39401,1.3934,1.39393,1452
2026-06-09 00:30:00,1.39397,1.39469,1.39388,1.39418,518
2026-06-09 00:35:00,1.39419,1.39432,1.394,1.3941,234
2026-06-09 00:40:00,1.39409,1.39442,1.39399,1.39412,163
2026-06-09 00:45:00,1.39408,1.39454,1.39386,1.39433,712
2026-06-09 00:50:00,1.39432,1.39449,1.39404,1.39437,757
2026-06-09 00:55:00,1.39437,1.39449,1.39391,1.39409,1108
2026-06-09 01:00:00,1.39409,1.39526,1.39409,1.39521,212
2026-06-09 01:05:00,1.39521,1.39532,1.39513,1.39513,67
2026-06-09 01:10:00,1.39513,1.39518,1.39513,1.39517,84
2026-06-09 01:15:00,1.39517,1.39532,1.39517,1.39528,48
2026-06-09 01:20:00,1.39528,1.39531,1.39526,1.39529,63
2026-06-09 01:25:00,1.39529,1.39534,1.39528,1.39533,92
2026-06-09 01:30:00,1.39533,1.39538,1.39527,1.3953,96
2026-06-09 01:35:00,1.3953,1.39537,1.39529,1.39537,80
2026-06-09 01:40:00,1.39537,1.39537,1.39529,1.39529,72
2026-06-09 01:45:00,1.39529,1.39531,1.39528,1.3953,38
2026-06-09 01:50:00,1.3953,1.39534,1.39523,1.39524,47
2026-06-09 01:55:00,1.39524,1.39525,1.39517,1.39518,50
2026-06-09 02:00:00,1.39518,1.3952,1.39516,1.39517,47
2026-06-09 02:05:00,1.39517,1.3952,1.39515,1.39518,33
2026-06-09 02:10:00,1.39518,1.39524,1.39516,1.39518,53
2026-06-09 02:15:00,1.39518,1.3953,1.39518,1.39528,72
2026-06-09 02:20:00,1.39528,1.39529,1.39525,1.39528,32
2026-06-09 02:25:00,1.39528,1.39549,1.39528,1.39549,80
2026-06-09 02:30:00,1.39549,1.39576,1.39548,1.39559,125
2026-06-09 02:35:00,1.39559,1.39559,1.39552,1.39556,131
2026-06-09 02:40:00,1.39556,1.39567,1.39551,1.39566,67
2026-06-09 02:45:00,1.39566,1.39576,1.39564,1.3957,159
2026-06-09 02:50:00,1.3957,1.39572,1.39566,1.39569,128
2026-06-09 02:55:00,1.39569,1.39579,1.39569,1.39576,162
2026-06-09 03:00:00,1.39578,1.39587,1.39564,1.39571,613
2026-06-09 03:05:00,1.39571,1.39583,1.39561,1.39582,663
2026-06-09 03:10:00,1.39582,1.39588,1.3957,1.39588,495
2026-06-09 03:15:00,1.39588,1.39593,1.39569,1.39574,441
2026-06-09 03:20:00,1.39574,1.39582,1.39563,1.39573,478
2026-06-09 03:25:00,1.39573,1.39578,1.39569,1.39572,317
2026-06-09 03:30:00,1.39572,1.39583,1.39554,1.39555,410
2026-06-09 03:35:00,1.39555,1.39557,1.39544,1.3955,393
2026-06-09 03:40:00,1.3955,1.39557,1.39542,1.39549,382
2026-06-09 03:45:00,1.39549,1.39553,1.39525,1.39534,331
2026-06-09 03:50:00,1.39534,1.39541,1.39527,1.39529,317
2026-06-09 03:55:00,1.39529,1.39544,1.39519,1.39525,230
2026-06-09 04:00:00,1.39525,1.39538,1.39513,1.3953,506
2026-06-09 04:05:00,1.3953,1.39542,1.39526,1.39534,387
2026-06-09 04:10:00,1.39535,1.39559,1.39524,1.39552,299
2026-06-09 04:15:00,1.39552,1.39553,1.39521,1.39529,260
2026-06-09 04:20:00,1.39529,1.39532,1.39503,1.39513,344
2026-06-09 04:25:00,1.39513,1.39514,1.39485,1.39496,425
2026-06-09 04:30:00,1.39495,1.395,1.39476,1.39482,359
2026-06-09 04:35:00,1.39482,1.3949,1.39473,1.39479,235
2026-06-09 04:40:00,1.39479,1.39481,1.39466,1.39474,463
2026-06-09 04:45:00,1.39474,1.39481,1.39457,1.39481,372
2026-06-09 04:50:00,1.39481,1.39488,1.39473,1.39473,316
2026-06-09 04:55:00,1.39474,1.39478,1.39458,1.39459,317
2026-06-09 05:00:00,1.39459,1.3946,1.39445,1.39459,290
2026-06-09 05:05:00,1.39459,1.39471,1.39458,1.39464,322
2026-06-09 05:10:00,1.39464,1.39465,1.39449,1.39452,211
2026-06-09 05:15:00,1.39452,1.39477,1.39449,1.39475,275
2026-06-09 05:20:00,1.39475,1.39481,1.39464,1.39471,169
2026-06-09 05:25:00,1.39471,1.39479,1.39459,1.39465,239
2026-06-09 05:30:00,1.39465,1.39471,1.39454,1.39471,320
2026-06-09 05:35:00,1.39471,1.3948,1.39469,1.39474,280
2026-06-09 05:40:00,1.39474,1.39475,1.39467,1.39469,223
2026-06-09 05:45:00,1.39469,1.39472,1.39458,1.39465,262
2026-06-09 05:50:00,1.39465,1.3948,1.39463,1.39465,206
2026-06-09 05:55:00,1.39465,1.39474,1.39465,1.3947,141
2026-06-09 06:00:00,1.3947,1.3948,1.39467,1.39475,281
2026-06-09 06:05:00,1.39475,1.39481,1.39461,1.39464,352
2026-06-09 06:10:00,1.39464,1.39466,1.39453,1.39463,192
2026-06-09 06:15:00,1.39463,1.39473,1.39452,1.39471,302
2026-06-09 06:20:00,1.39472,1.39506,1.39471,1.395,251
2026-06-09 06:25:00,1.395,1.395,1.39485,1.39485,203
2026-06-09 06:30:00,1.39485,1.39505,1.39479,1.395,237
2026-06-09 06:35:00,1.395,1.39503,1.39491,1.39494,212
2026-06-09 06:40:00,1.39494,1.395,1.3949,1.39493,241
2026-06-09 06:45:00,1.39493,1.39497,1.39487,1.39494,195
2026-06-09 06:50:00,1.39494,1.39505,1.39492,1.39493,189
2026-06-09 06:55:00,1.39493,1.39498,1.39476,1.39478,181
2026-06-09 07:00:00,1.39478,1.39494,1.39477,1.39486,153
2026-06-09 07:05:00,1.39486,1.39489,1.39477,1.3948,199
2026-06-09 07:10:00,1.3948,1.39482,1.39466,1.39473,153
2026-06-09 07:15:00,1.39473,1.39476,1.39469,1.3947,243
2026-06-09 07:20:00,1.3947,1.39478,1.39468,1.3947,179
2026-06-09 07:25:00,1.39469,1.39476,1.39459,1.3946,197
2026-06-09 07:30:00,1.39461,1.39468,1.39454,1.3946,248
2026-06-09 07:35:00,1.3946,1.39463,1.39434,1.39436,275
2026-06-09 07:40:00,1.39436,1.39441,1.39429,1.39432,382
2026-06-09 07:45:00,1.39432,1.39439,1.39423,1.39425,327
2026-06-09 07:50:00,1.39425,1.39441,1.39424,1.39439,253
2026-06-09 07:55:00,1.39439,1.39446,1.39435,1.3944,218
2026-06-09 08:00:00,1.39441,1.39447,1.39434,1.39435,320
2026-06-09 08:05:00,1.39435,1.39454,1.39425,1.39454,279
2026-06-09 08:10:00,1.39454,1.3947,1.39451,1.3947,251
2026-06-09 08:15:00,1.3947,1.39474,1.39455,1.3946,223
2026-06-09 08:20:00,1.3946,1.39467,1.39443,1.39444,253
2026-06-09 08:25:00,1.39444,1.39454,1.39442,1.39446,382
2026-06-09 08:30:00,1.39446,1.39446,1.3941,1.39413,500
2026-06-09 08:35:00,1.39414,1.39415,1.39393,1.39394,366
2026-06-09 08:40:00,1.39394,1.39412,1.39393,1.39405,273
2026-06-09 08:45:00,1.39405,1.39408,1.3939,1.39392,275
2026-06-09 08:50:00,1.39392,1.39397,1.39359,1.39362,272
2026-06-09 08:55:00,1.39362,1.39372,1.39359,1.39369,386
2026-06-09 09:00:00,1.39369,1.39385,1.39323,1.39324,424
2026-06-09 09:05:00,1.39324,1.3933,1.3931,1.39323,328
2026-06-09 09:10:00,1.39323,1.39347,1.39323,1.39339,448
2026-06-09 09:15:00,1.39339,1.3934,1.39304,1.39331,431
2026-06-09 09:20:00,1.39331,1.39332,1.39316,1.39325,308
2026-06-09 09:25:00,1.39325,1.39354,1.39321,1.39347,348
2026-06-09 09:30:00,1.39347,1.39356,1.39335,1.39335,401
2026-06-09 09:35:00,1.39335,1.39353,1.3933,1.39341,307
2026-06-09 09:40:00,1.39341,1.39371,1.39334,1.39367,240
2026-06-09 09:45:00,1.39367,1.3938,1.39359,1.3936,338
2026-06-09 09:50:00,1.3936,1.3938,1.39356,1.39378,371
2026-06-09 09:55:00,1.39378,1.3938,1.39358,1.39368,383
2026-06-09 10:00:00,1.39368,1.39391,1.39358,1.39375,486
2026-06-09 10:05:00,1.39374,1.3941,1.39374,1.39401,402
2026-06-09 10:10:00,1.39401,1.39405,1.39384,1.39395,392
2026-06-09 10:15:00,1.39395,1.39407,1.39386,1.39387,358
2026-06-09 10:20:00,1.39387,1.39387,1.39362,1.39372,400
2026-06-09 10:25:00,1.39372,1.39387,1.39366,1.39373,426
2026-06-09 10:30:00,1.39373,1.39391,1.39372,1.39387,468
2026-06-09 10:35:00,1.39387,1.39391,1.39365,1.39376,424
2026-06-09 10:40:00,1.39376,1.39385,1.39371,1.39381,330
2026-06-09 10:45:00,1.39381,1.39385,1.39369,1.39374,284
2026-06-09 10:50:00,1.39374,1.39397,1.39363,1.39394,331
2026-06-09 10:55:00,1.39394,1.39401,1.39384,1.3939,332
2026-06-09 11:00:00,1.3939,1.39414,1.39387,1.39406,442
2026-06-09 11:05:00,1.39406,1.39437,1.394,1.39409,453
2026-06-09 11:10:00,1.39409,1.39409,1.39375,1.39403,443
2026-06-09 11:15:00,1.39403,1.39433,1.39403,1.39415,390
2026-06-09 11:20:00,1.39414,1.39422,1.39398,1.39414,378
2026-06-09 11:25:00,1.39413,1.39417,1.39396,1.39409,321
2026-06-09 11:30:00,1.39409,1.39412,1.39395,1.39401,211
2026-06-09 11:35:00,1.39401,1.3941,1.39396,1.39403,209
2026-06-09 11:40:00,1.39403,1.39405,1.39384,1.39389,287
2026-06-09 11:45:00,1.39389,1.39409,1.39385,1.39402,308
2026-06-09 11:50:00,1.39402,1.3941,1.39391,1.39391,218
2026-06-09 11:55:00,1.39391,1.39404,1.39374,1.3938,293
2026-06-09 12:00:00,1.3938,1.3938,1.39334,1.39337,293
2026-06-09 12:05:00,1.39337,1.39349,1.39333,1.39344,378
2026-06-09 12:10:00,1.39344,1.39366,1.39333,1.39359,343
2026-06-09 12:15:00,1.39359,1.39377,1.39345,1.39367,252
2026-06-09 12:20:00,1.39367,1.39377,1.39349,1.39361,256
2026-06-09 12:25:00,1.39361,1.39386,1.39355,1.3938,239
2026-06-09 12:30:00,1.3938,1.39386,1.39364,1.39383,296
2026-06-09 12:35:00,1.39383,1.39384,1.39356,1.39363,244
2026-06-09 12:40:00,1.39363,1.39369,1.39359,1.39367,179
2026-06-09 12:45:00,1.39367,1.39368,1.39354,1.39365,177
2026-06-09 12:50:00,1.39365,1.39377,1.39356,1.39359,135
2026-06-09 12:55:00,1.39359,1.39375,1.39358,1.39365,182
2026-06-09 13:00:00,1.39365,1.39382,1.39355,1.39356,352
2026-06-09 13:05:00,1.39356,1.39385,1.39353,1.39381,383
2026-06-09 13:10:00,1.39381,1.39387,1.39356,1.39357,345
2026-06-09 13:15:00,1.39357,1.39359,1.39327,1.39332,327
2026-06-09 13:20:00,1.39332,1.39348,1.39332,1.39346,207
2026-06-09 13:25:00,1.39346,1.39346,1.39325,1.39334,266
2026-06-09 13:30:00,1.39334,1.39344,1.39332,1.39334,144
2026-06-09 13:35:00,1.39334,1.39342,1.39327,1.3934,144
2026-06-09 13:40:00,1.3934,1.39345,1.39324,1.39326,157
2026-06-09 13:45:00,1.39326,1.3933,1.3932,1.39327,165
2026-06-09 13:50:00,1.39327,1.39335,1.39316,1.3932,228
2026-06-09 13:55:00,1.3932,1.39337,1.39316,1.3933,198
2026-06-09 14:00:00,1.3933,1.39343,1.3932,1.39331,294
2026-06-09 14:05:00,1.39331,1.39337,1.39296,1.39328,349
2026-06-09 14:10:00,1.39328,1.39337,1.39317,1.39332,306
2026-06-09 14:15:00,1.39331,1.39345,1.39315,1.39317,291
2026-06-09 14:20:00,1.39317,1.39317,1.39285,1.39289,322
2026-06-09 14:25:00,1.39289,1.39292,1.3928,1.39286,183
2026-06-09 14:30:00,1.39286,1.39291,1.39264,1.3927,311
2026-06-09 14:35:00,1.3927,1.3928,1.39262,1.39269,386
2026-06-09 14:40:00,1.3927,1.39284,1.3927,1.3928,244
2026-06-09 14:45:00,1.3928,1.39295,1.39261,1.39263,301
2026-06-09 14:50:00,1.39263,1.39264,1.39206,1.39209,362
2026-06-09 14:55:00,1.39209,1.39241,1.39196,1.39216,499
2026-06-09 15:00:00,1.39214,1.39217,1.3919,1.39204,561
2026-06-09 15:05:00,1.39204,1.39215,1.39198,1.39211,418
2026-06-09 15:10:00,1.39211,1.39222,1.39199,1.3922,421
2026-06-09 15:15:00,1.3922,1.39226,1.39199,1.39218,390
2026-06-09 15:20:00,1.39217,1.39233,1.39215,1.39222,371
2026-06-09 15:25:00,1.39222,1.3924,1.39221,1.3924,329
2026-06-09 15:30:00,1.39241,1.39244,1.39211,1.3922,191
2026-06-09 15:35:00,1.3922,1.39231,1.39188,1.39213,391
2026-06-09 15:40:00,1.39214,1.39216,1.39194,1.39203,329
2026-06-09 15:45:00,1.39204,1.39222,1.392,1.39215,262
2026-06-09 15:50:00,1.39215,1.39228,1.39211,1.39212,271
2026-06-09 15:55:00,1.39212,1.39223,1.39203,1.39214,219
2026-06-09 16:00:00,1.39214,1.39246,1.39202,1.3924,477
2026-06-09 16:05:00,1.3924,1.39262,1.39232,1.39243,380
2026-06-09 16:10:00,1.39243,1.39246,1.39225,1.39242,294
2026-06-09 16:15:00,1.39242,1.39278,1.39231,1.39271,291
2026-06-09 16:20:00,1.39271,1.39323,1.39265,1.39297,280
2026-06-09 16:25:00,1.39297,1.39324,1.39293,1.39295,231
2026-06-09 16:30:00,1.39295,1.3934,1.39279,1.3934,673
2026-06-09 16:35:00,1.3934,1.39383,1.39334,1.39351,499
2026-06-09 16:40:00,1.39351,1.39364,1.39328,1.39356,399
2026-06-09 16:45:00,1.39356,1.39366,1.39281,1.39335,737
2026-06-09 16:50:00,1.39335,1.39385,1.39335,1.39379,835
2026-06-09 16:55:00,1.39379,1.39392,1.39359,1.39387,570
2026-06-09 17:00:00,1.39387,1.39388,1.39338,1.39379,548
2026-06-09 17:05:00,1.39379,1.39398,1.39368,1.39372,655
2026-06-09 17:10:00,1.39374,1.39439,1.39372,1.39437,684
2026-06-09 17:15:00,1.39437,1.39487,1.39421,1.39458,877
2026-06-09 17:20:00,1.39458,1.39491,1.39451,1.39455,622
2026-06-09 17:25:00,1.39452,1.39498,1.39452,1.39493,503
2026-06-09 17:30:00,1.39494,1.39516,1.39461,1.39469,713
2026-06-09 17:35:00,1.3947,1.39536,1.39469,1.39529,647
2026-06-09 17:40:00,1.39529,1.39567,1.39522,1.39559,616
2026-06-09 17:45:00,1.39559,1.39562,1.39507,1.39523,842
2026-06-09 17:50:00,1.39523,1.39543,1.39466,1.39484,849
2026-06-09 17:55:00,1.39484,1.3951,1.39461,1.39471,809
2026-06-09 18:00:00,1.39471,1.39511,1.39471,1.39495,879
2026-06-09 18:05:00,1.39495,1.39496,1.39441,1.39443,695
2026-06-09 18:10:00,1.39442,1.39442,1.39417,1.39433,649
2026-06-09 18:15:00,1.39433,1.39479,1.39422,1.39477,566
2026-06-09 18:20:00,1.39477,1.39503,1.39459,1.39493,630
2026-06-09 18:25:00,1.39493,1.39536,1.39492,1.39531,590
2026-06-09 18:30:00,1.39531,1.39577,1.39514,1.39563,834
2026-06-09 18:35:00,1.39563,1.39636,1.39562,1.39591,985
2026-06-09 18:40:00,1.39591,1.39596,1.39541,1.3957,867
2026-06-09 18:45:00,1.3957,1.39575,1.39537,1.39564,751
2026-06-09 18:50:00,1.39564,1.39577,1.39533,1.39562,664
2026-06-09 18:55:00,1.39562,1.39588,1.3954,1.39582,596
2026-06-09 19:00:00,1.39582,1.39594,1.39552,1.39586,726
2026-06-09 19:05:00,1.39586,1.3966,1.39584,1.39648,817
2026-06-09 19:10:00,1.39648,1.3967,1.3964,1.39664,788
2026-06-09 19:15:00,1.39664,1.39687,1.3965,1.39679,696
2026-06-09 19:20:00,1.39679,1.39692,1.39645,1.3965,746
2026-06-09 19:25:00,1.3965,1.39652,1.39602,1.39607,745
2026-06-09 19:30:00,1.39607,1.39623,1.39592,1.39623,821
2026-06-09 19:35:00,1.39623,1.3968,1.39603,1.39661,783
2026-06-09 19:40:00,1.39661,1.39685,1.39623,1.39625,1017
2026-06-09 19:45:00,1.39625,1.39629,1.3958,1.39601,1016
2026-06-09 19:50:00,1.39601,1.39636,1.39577,1.39631,946
2026-06-09 19:55:00,1.3963,1.39646,1.39605,1.39606,880
2026-06-09 20:00:00,1.39606,1.39619,1.39584,1.39594,835
2026-06-09 20:05:00,1.39594,1.39613,1.39585,1.39602,679
2026-06-09 20:10:00,1.39602,1.39619,1.39596,1.39603,563
2026-06-09 20:15:00,1.39603,1.39624,1.39572,1.39575,480
2026-06-09 20:20:00,1.39575,1.39578,1.39545,1.39548,708
2026-06-09 20:25:00,1.39546,1.39567,1.39545,1.39559,746
2026-06-09 20:30:00,1.39559,1.39566,1.39549,1.39554,376
2026-06-09 20:35:00,1.39554,1.39563,1.39544,1.39544,383
2026-06-09 20:40:00,1.39545,1.39546,1.39513,1.3953,609
2026-06-09 20:45:00,1.3953,1.39553,1.39519,1.39551,762
2026-06-09 20:50:00,1.39551,1.39557,1.39522,1.39539,747
2026-06-09 20:55:00,1.39539,1.39555,1.39509,1.39523,469
2026-06-09 21:00:00,1.39523,1.39535,1.39518,1.3952,449
2026-06-09 21:05:00,1.3952,1.39523,1.39489,1.3949,429
2026-06-09 21:10:00,1.3949,1.39511,1.3948,1.3949,472
2026-06-09 21:15:00,1.3949,1.39511,1.39479,1.39487,503
2026-06-09 21:20:00,1.39487,1.39508,1.3948,1.39502,543
2026-06-09 21:25:00,1.39502,1.39525,1.39491,1.39508,534
2026-06-09 21:30:00,1.39508,1.39527,1.39489,1.39516,565
2026-06-09 21:35:00,1.39516,1.39553,1.39516,1.39532,422
2026-06-09 21:40:00,1.39532,1.39543,1.3952,1.3954,297
2026-06-09 21:45:00,1.3954,1.3955,1.39527,1.39531,305
2026-06-09 21:50:00,1.39531,1.39536,1.39515,1.39529,430
2026-06-09 21:55:00,1.39529,1.39532,1.39511,1.39523,366
2026-06-09 22:00:00,1.39523,1.39546,1.39516,1.39539,357
2026-06-09 22:05:00,1.3954,1.3955,1.39529,1.39549,446
2026-06-09 22:10:00,1.39549,1.39563,1.39542,1.39542,294
2026-06-09 22:15:00,1.39542,1.39566,1.39541,1.39548,551
2026-06-09 22:20:00,1.39549,1.3956,1.39541,1.39546,569
2026-06-09 22:25:00,1.39546,1.39552,1.39531,1.3954,383
2026-06-09 22:30:00,1.3954,1.39544,1.39528,1.39529,351
2026-06-09 22:35:00,1.39529,1.39541,1.39518,1.39518,485
2026-06-09 22:40:00,1.39518,1.3953,1.39501,1.39519,630
2026-06-09 22:45:00,1.39519,1.39543,1.39512,1.39537,591
2026-06-09 22:50:00,1.39537,1.39537,1.395,1.39513,721
2026-06-09 22:55:00,1.39511,1.39514,1.39471,1.39471,525
2026-06-09 23:00:00,1.39471,1.39492,1.39455,1.39455,379
2026-06-09 23:05:00,1.39456,1.3947,1.39456,1.39458,299
2026-06-09 23:10:00,1.39458,1.39476,1.39456,1.39475,258
2026-06-09 23:15:00,1.39474,1.39475,1.39452,1.39459,186
2026-06-09 23:20:00,1.39459,1.39489,1.39458,1.39488,305
2026-06-09 23:25:00,1.39487,1.39508,1.39478,1.39508,183
2026-06-09 23:30:00,1.39508,1.39509,1.39502,1.39505,73
2026-06-09 23:35:00,1.39505,1.39506,1.39498,1.395,44
2026-06-09 23:40:00,1.395,1.39503,1.39496,1.39502,51
2026-06-09 23:45:00,1.39502,1.39502,1.39489,1.3949,90
2026-06-09 23:50:00,1.3949,1.39501,1.39489,1.39501,192
2026-06-09 23:55:00,1.395,1.39515,1.39475,1.39479,307
2026-06-10 00:00:00,1.39408,1.39436,1.39402,1.39435,18
2026-06-10 00:05:00,1.39435,1.39461,1.39415,1.39433,28
2026-06-10 00:10:00,1.39433,1.3944,1.39422,1.39431,24
2026-06-10 00:15:00,1.39431,1.3947,1.39427,1.3947,100
2026-06-10 00:20:00,1.39468,1.39468,1.39429,1.39434,40
2026-06-10 00:25:00,1.39432,1.39472,1.39427,1.39472,55
2026-06-10 00:30:00,1.39472,1.3949,1.39457,1.39459,73
2026-06-10 00:35:00,1.39459,1.39468,1.39458,1.39466,20
2026-06-10 00:40:00,1.39466,1.39495,1.39455,1.39493,49
2026-06-10 00:45:00,1.39493,1.39497,1.39469,1.39495,159
2026-06-10 00:50:00,1.39495,1.39495,1.39428,1.39429,113
2026-06-10 00:55:00,1.39429,1.39443,1.39423,1.3944,109
2026-06-10 01:00:00,1.3944,1.39516,1.3944,1.39503,123
2026-06-10 01:05:00,1.39505,1.39505,1.39489,1.39489,68
2026-06-10 01:10:00,1.39489,1.39491,1.39481,1.39485,102
2026-06-10 01:15:00,1.39487,1.39492,1.39484,1.39491,96
2026-06-10 01:20:00,1.39491,1.39494,1.39484,1.39493,76
2026-06-10 01:25:00,1.39494,1.39495,1.39489,1.3949,84
2026-06-10 01:30:00,1.39491,1.39502,1.3949,1.395,83
2026-06-10 01:35:00,1.395,1.39501,1.39491,1.39492,89
2026-06-10 01:40:00,1.39492,1.39511,1.39491,1.39511,141
2026-06-10 01:45:00,1.39511,1.39524,1.3951,1.39522,102
2026-06-10 01:50:00,1.39522,1.3953,1.39522,1.39529,141
2026-06-10 01:55:00,1.39529,1.39537,1.39519,1.39536,107
2026-06-10 02:00:00,1.39536,1.3954,1.39518,1.3952,101
2026-06-10 02:05:00,1.39521,1.39521,1.39513,1.39514,168
2026-06-10 02:10:00,1.39514,1.39523,1.3951,1.39521,149
2026-06-10 02:15:00,1.39521,1.39534,1.39521,1.39533,183
2026-06-10 02:20:00,1.39533,1.39552,1.39532,1.3955,136
2026-06-10 02:25:00,1.39549,1.39563,1.39547,1.39562,105
2026-06-10 02:30:00,1.39562,1.39567,1.39557,1.3956,95
2026-06-10 02:35:00,1.3956,1.39565,1.39556,1.3956,108
2026-06-10 02:40:00,1.3956,1.3956,1.39552,1.39554,98
2026-06-10 02:45:00,1.39554,1.3956,1.3955,1.39556,144
2026-06-10 02:50:00,1.39556,1.39562,1.39544,1.39544,130
2026-06-10 02:55:00,1.39544,1.39548,1.39527,1.39532,322
2026-06-10 03:00:00,1.39535,1.39572,1.39529,1.39539,575
2026-06-10 03:05:00,1.39539,1.39545,1.39528,1.39528,497
2026-06-10 03:10:00,1.39529,1.39537,1.39498,1.39502,370
2026-06-10 03:15:00,1.39502,1.39516,1.39492,1.39495,325
2026-06-10 03:20:00,1.39495,1.39504,1.39477,1.39488,342
2026-06-10 03:25:00,1.39488,1.39499,1.39487,1.39493,243
2026-06-10 03:30:00,1.39493,1.39528,1.39492,1.39525,303
2026-06-10 03:35:00,1.39525,1.39536,1.39519,1.39529,332
2026-06-10 03:40:00,1.39528,1.3956,1.39525,1.39546,370
2026-06-10 03:45:00,1.39546,1.39562,1.39541,1.39545,469
2026-06-10 03:50:00,1.39545,1.39551,1.39518,1.39521,420
2026-06-10 03:55:00,1.39521,1.39527,1.39478,1.39485,585
2026-06-10 04:00:00,1.39485,1.39523,1.39481,1.39514,513
2026-06-10 04:05:00,1.39514,1.39544,1.39514,1.3954,549
2026-06-10 04:10:00,1.39541,1.39543,1.39514,1.39518,448
2026-06-10 04:15:00,1.39518,1.39532,1.39489,1.39498,369
2026-06-10 04:20:00,1.39497,1.39509,1.39491,1.39505,567
2026-06-10 04:25:00,1.39504,1.3952,1.39501,1.39508,487
2026-06-10 04:30:00,1.39509,1.39523,1.39487,1.39489,439
2026-06-10 04:35:00,1.39489,1.39503,1.39484,1.39491,491
2026-06-10 04:40:00,1.39491,1.39533,1.39488,1.39526,512
2026-06-10 04:45:00,1.39526,1.39527,1.39494,1.39501,452
2026-06-10 04:50:00,1.39502,1.3953,1.395,1.39513,523
2026-06-10 04:55:00,1.39513,1.39516,1.39502,1.39512,373
2026-06-10 05:00:00,1.39512,1.39515,1.39499,1.39503,376
2026-06-10 05:05:00,1.39503,1.39516,1.39503,1.39505,195
2026-06-10 05:10:00,1.39505,1.3951,1.39476,1.39484,258
2026-06-10 05:15:00,1.39484,1.39488,1.39475,1.39488,231
2026-06-10 05:20:00,1.39488,1.39495,1.39481,1.3949,334
2026-06-10 05:25:00,1.3949,1.39494,1.39466,1.39466,306
2026-06-10 05:30:00,1.39466,1.39487,1.39459,1.39484,365
2026-06-10 05:35:00,1.39484,1.39488,1.39464,1.39484,336
2026-06-10 05:40:00,1.39484,1.39487,1.39476,1.3948,326
2026-06-10 05:45:00,1.39479,1.39485,1.39465,1.39471,205
2026-06-10 05:50:00,1.39471,1.39496,1.39471,1.39495,186
2026-06-10 05:55:00,1.39495,1.3951,1.39491,1.39504,283
2026-06-10 06:00:00,1.39504,1.3951,1.39478,1.39481,173
2026-06-10 06:05:00,1.39481,1.39481,1.39464,1.39476,271
2026-06-10 06:10:00,1.39476,1.39478,1.39463,1.39466,159
2026-06-10 06:15:00,1.39466,1.39467,1.39455,1.39467,162
2026-06-10 06:20:00,1.39467,1.39485,1.39464,1.39482,195
2026-06-10 06:25:00,1.39482,1.39489,1.39479,1.39487,175
2026-06-10 06:30:00,1.39487,1.39491,1.39479,1.39484,235
2026-06-10 06:35:00,1.39484,1.39497,1.39484,1.39497,218
2026-06-10 06:40:00,1.39497,1.39499,1.39489,1.39491,277
2026-06-10 06:45:00,1.39491,1.39491,1.39463,1.39467,286
2026-06-10 06:50:00,1.39467,1.39472,1.39449,1.39451,343
2026-06-10 06:55:00,1.39451,1.39467,1.39451,1.39459,237
2026-06-10 07:00:00,1.39459,1.39467,1.39457,1.39458,226
2026-06-10 07:05:00,1.39459,1.39461,1.39453,1.39456,222
2026-06-10 07:10:00,1.39456,1.39482,1.39456,1.39482,122
2026-06-10 07:15:00,1.39482,1.39492,1.39479,1.39484,133
2026-06-10 07:20:00,1.39484,1.39484,1.39474,1.3948,286
2026-06-10 07:25:00,1.3948,1.3948,1.3947,1.39476,407
2026-06-10 07:30:00,1.39476,1.39489,1.39475,1.39486,340
2026-06-10 07:35:00,1.39486,1.39489,1.39478,1.39487,246
2026-06-10 07:40:00,1.39487,1.39499,1.39475,1.39492,303
2026-06-10 07:45:00,1.39492,1.39494,1.39484,1.39487,205
2026-06-10 07:50:00,1.39487,1.39494,1.39483,1.39486,220
2026-06-10 07:55:00,1.39486,1.39494,1.39475,1.39477,172
2026-06-10 08:00:00,1.3948,1.39489,1.39472,1.39476,271
2026-06-10 08:05:00,1.39476,1.39486,1.39473,1.39481,160
2026-06-10 08:10:00,1.39481,1.39486,1.39465,1.39481,249
2026-06-10 08:15:00,1.39481,1.39492,1.39481,1.39486,255
2026-06-10 08:20:00,1.39485,1.39489,1.39465,1.39468,229
2026-06-10 08:25:00,1.39468,1.39474,1.39449,1.39452,273
2026-06-10 08:30:00,1.39452,1.39457,1.39427,1.39427,402
2026-06-10 08:35:00,1.39428,1.3944,1.39415,1.39428,283
2026-06-10 08:40:00,1.39427,1.39432,1.39412,1.39423,404
2026-06-10 08:45:00,1.39423,1.39438,1.39418,1.39428,287
2026-06-10 08:50:00,1.39428,1.39438,1.39422,1.3943,272
2026-06-10 08:55:00,1.39428,1.39438,1.39419,1.39423,336
2026-06-10 09:00:00,1.39422,1.39432,1.39409,1.39418,279
2026-06-10 09:05:00,1.39418,1.39429,1.39399,1.39409,349
2026-06-10 09:10:00,1.39409,1.39427,1.394,1.39422,327
2026-06-10 09:15:00,1.39422,1.39436,1.39413,1.39415,321
2026-06-10 09:20:00,1.39415,1.39429,1.39406,1.39428,207
2026-06-10 09:25:00,1.39428,1.39435,1.39417,1.39428,337
2026-06-10 09:30:00,1.39428,1.39429,1.39401,1.39404,238
2026-06-10 09:35:00,1.39404,1.39412,1.39391,1.39397,234
2026-06-10 09:40:00,1.39397,1.39405,1.39381,1.39384,263
2026-06-10 09:45:00,1.39384,1.39393,1.39367,1.3939,276
2026-06-10 09:50:00,1.3939,1.39412,1.39387,1.3941,180
2026-06-10 09:55:00,1.3941,1.39429,1.39401,1.39423,246
2026-06-10 10:00:00,1.39423,1.39447,1.3942,1.39429,354
2026-06-10 10:05:00,1.39429,1.39429,1.39402,1.39413,249
2026-06-10 10:10:00,1.39413,1.39415,1.39389,1.39391,291
2026-06-10 10:15:00,1.39391,1.39393,1.39371,1.39378,389
2026-06-10 10:20:00,1.39377,1.39381,1.39354,1.39357,253
2026-06-10 10:25:00,1.39357,1.3939,1.39352,1.39379,368
2026-06-10 10:30:00,1.39379,1.39385,1.39369,1.39371,362
2026-06-10 10:35:00,1.39371,1.39385,1.39369,1.39371,360
2026-06-10 10:40:00,1.39371,1.39376,1.39341,1.39349,241
2026-06-10 10:45:00,1.39349,1.39357,1.39329,1.3933,305
2026-06-10 10:50:00,1.3933,1.39352,1.39325,1.39351,389
2026-06-10 10:55:00,1.39351,1.39378,1.39345,1.39374,300
2026-06-10 11:00:00,1.39377,1.39404,1.3937,1.39376,464
2026-06-10 11:05:00,1.39376,1.39393,1.39369,1.39378,474
2026-06-10 11:10:00,1.39379,1.39381,1.39348,1.39351,579
2026-06-10 11:15:00,1.39351,1.39355,1.39332,1.39333,422
2026-06-10 11:20:00,1.39333,1.39341,1.39313,1.39332,405
2026-06-10 11:25:00,1.39332,1.39332,1.39295,1.39298,414
2026-06-10 11:30:00,1.39298,1.39344,1.39295,1.39314,313
2026-06-10 11:35:00,1.39314,1.39326,1.39305,1.39326,318
2026-06-10 11:40:00,1.39324,1.39336,1.39312,1.39335,304
2026-06-10 11:45:00,1.39335,1.39356,1.39321,1.39334,426
2026-06-10 11:50:00,1.39334,1.39352,1.3933,1.39336,248
2026-06-10 11:55:00,1.39336,1.3934,1.39316,1.39322,442
2026-06-10 12:00:00,1.39323,1.39352,1.39322,1.39324,381
2026-06-10 12:05:00,1.39324,1.39329,1.39313,1.39323,269
2026-06-10 12:10:00,1.39323,1.39346,1.3931,1.39343,322
2026-06-10 12:15:00,1.39343,1.39345,1.39328,1.39335,348
2026-06-10 12:20:00,1.39335,1.39347,1.39324,1.39336,246
2026-06-10 12:25:00,1.39336,1.39342,1.39313,1.39317,271
2026-06-10 12:30:00,1.39319,1.39319,1.39285,1.39291,349
2026-06-10 12:35:00,1.39291,1.39311,1.39275,1.39306,434
2026-06-10 12:40:00,1.39306,1.39309,1.39265,1.39265,334
2026-06-10 12:45:00,1.39265,1.39267,1.39248,1.39256,358
2026-06-10 12:50:00,1.39256,1.39263,1.39239,1.39243,218
2026-06-10 12:55:00,1.39243,1.39274,1.39242,1.39266,298
2026-06-10 13:00:00,1.39266,1.39276,1.39254,1.39273,430
2026-06-10 13:05:00,1.39273,1.39285,1.39269,1.39274,324
2026-06-10 13:10:00,1.39274,1.3929,1.39273,1.39285,268
2026-06-10 13:15:00,1.39285,1.39304,1.39273,1.3928,267
2026-06-10 13:20:00,1.3928,1.39286,1.39273,1.39276,335
2026-06-10 13:25:00,1.39276,1.39283,1.3926,1.39269,220
2026-06-10 13:30:00,1.3927,1.39277,1.3926,1.39266,411
2026-06-10 13:35:00,1.39266,1.39275,1.39256,1.39274,364
2026-06-10 13:40:00,1.39274,1.39283,1.39267,1.39271,279
2026-06-10 13:45:00,1.39271,1.39295,1.39271,1.39274,218
2026-06-10 13:50:00,1.39274,1.39293,1.39268,1.39292,156
2026-06-10 13:55:00,1.39292,1.39309,1.3928,1.39308,291
2026-06-10 14:00:00,1.39308,1.39354,1.39293,1.39337,513
2026-06-10 14:05:00,1.39337,1.39337,1.39265,1.39296,762
2026-06-10 14:10:00,1.39295,1.39298,1.39273,1.39275,431
2026-06-10 14:15:00,1.39275,1.39294,1.39269,1.39289,320
2026-06-10 14:20:00,1.39289,1.39295,1.39276,1.39286,404
2026-06-10 14:25:00,1.39287,1.39321,1.39282,1.39291,666
2026-06-10 14:30:00,1.39291,1.39307,1.39277,1.39302,399
2026-06-10 14:35:00,1.39302,1.39326,1.393,1.39324,288
2026-06-10 14:40:00,1.39324,1.39326,1.39302,1.39314,291
2026-06-10 14:45:00,1.39314,1.39316,1.39287,1.39314,242
2026-06-10 14:50:00,1.39314,1.39324,1.393,1.39313,274
2026-06-10 14:55:00,1.39313,1.39346,1.39313,1.39334,299
2026-06-10 15:00:00,1.39334,1.39336,1.39299,1.39312,392
2026-06-10 15:05:00,1.39311,1.39312,1.39286,1.39296,332
2026-06-10 15:10:00,1.39298,1.39345,1.39297,1.39339,417
2026-06-10 15:15:00,1.39339,1.39364,1.39322,1.39323,500
2026-06-10 15:20:00,1.39322,1.39364,1.39309,1.39345,465
2026-06-10 15:25:00,1.39345,1.39365,1.39256,1.39283,507
2026-06-10 15:30:00,1.39283,1.3931,1.39231,1.39283,868
2026-06-10 15:35:00,1.39284,1.39284,1.39241,1.39259,734
2026-06-10 15:40:00,1.39259,1.39276,1.39234,1.39251,697
2026-06-10 15:45:00,1.39251,1.39277,1.39242,1.39276,586
2026-06-10 15:50:00,1.39276,1.3931,1.39275,1.39307,510
2026-06-10 15:55:00,1.39308,1.3937,1.39302,1.39363,639
2026-06-10 16:00:00,1.39364,1.39384,1.39333,1.39334,711
2026-06-10 16:05:00,1.39334,1.39374,1.39328,1.39361,784
2026-06-10 16:10:00,1.39361,1.39364,1.39254,1.39255,759
2026-06-10 16:15:00,1.39255,1.39294,1.39242,1.39265,594
2026-06-10 16:20:00,1.39265,1.39278,1.39235,1.39238,510
2026-06-10 16:25:00,1.39238,1.39249,1.39185,1.39186,426
2026-06-10 16:30:00,1.39186,1.39193,1.39105,1.39115,727
2026-06-10 16:35:00,1.39115,1.39145,1.39068,1.39068,796
2026-06-10 16:40:00,1.39068,1.39092,1.39042,1.39085,762
2026-06-10 16:45:00,1.39085,1.39113,1.38989,1.39002,606
2026-06-10 16:50:00,1.39002,1.39105,1.39001,1.39097,984
2026-06-10 16:55:00,1.39097,1.39182,1.39097,1.39157,777
2026-06-10 17:00:00,1.39157,1.39183,1.39127,1.39141,939
2026-06-10 17:05:00,1.39141,1.39176,1.39119,1.39171,803
2026-06-10 17:10:00,1.39171,1.39183,1.39133,1.3918,566
2026-06-10 17:15:00,1.3918,1.3924,1.39177,1.39228,773
2026-06-10 17:20:00,1.39228,1.39258,1.39203,1.39216,631
2026-06-10 17:25:00,1.39216,1.39249,1.39208,1.39237,678
2026-06-10 17:30:00,1.39237,1.39283,1.39215,1.39216,783
2026-06-10 17:35:00,1.39215,1.39252,1.39197,1.39245,645
2026-06-10 17:40:00,1.39245,1.39266,1.39205,1.39235,605
2026-06-10 17:45:00,1.39235,1.39286,1.3922,1.39284,688
2026-06-10 17:50:00,1.39284,1.39291,1.39244,1.39245,599
2026-06-10 17:55:00,1.39245,1.39283,1.39225,1.39281,840
2026-06-10 18:00:00,1.39281,1.39287,1.39222,1.3925,773
2026-06-10 18:05:00,1.3925,1.39305,1.39239,1.39295,767
2026-06-10 18:10:00,1.39295,1.39328,1.39286,1.3931,675
2026-06-10 18:15:00,1.3931,1.3935,1.39306,1.39342,643
2026-06-10 18:20:00,1.39341,1.39343,1.39263,1.39284,650
2026-06-10 18:25:00,1.39284,1.39295,1.39245,1.39295,583
2026-06-10 18:30:00,1.39295,1.39306,1.39277,1.39287,496
2026-06-10 18:35:00,1.39287,1.39326,1.39267,1.39321,477
2026-06-10 18:40:00,1.39321,1.39338,1.39305,1.3931,604
2026-06-10 18:45:00,1.3931,1.39382,1.39283,1.39318,1182
2026-06-10 18:50:00,1.39318,1.39361,1.39285,1.39313,904
2026-06-10 18:55:00,1.39313,1.39371,1.39292,1.39293,851
2026-06-10 19:00:00,1.39292,1.39324,1.39281,1.39298,584
2026-06-10 19:05:00,1.39298,1.39315,1.39276,1.39295,675
2026-06-10 19:10:00,1.39295,1.3932,1.39258,1.3929,615
2026-06-10 19:15:00,1.3929,1.39316,1.39277,1.39294,623
2026-06-10 19:20:00,1.39294,1.39297,1.39259,1.39282,551
2026-06-10 19:25:00,1.39282,1.3929,1.39264,1.39272,392
2026-06-10 19:30:00,1.39272,1.39311,1.39263,1.39263,529
2026-06-10 19:35:00,1.39263,1.39279,1.39249,1.39255,633
2026-06-10 19:40:00,1.39255,1.39292,1.3925,1.39288,474
2026-06-10 19:45:00,1.39288,1.39302,1.39282,1.39291,494
2026-06-10 19:50:00,1.39291,1.39314,1.39291,1.39307,302
2026-06-10 19:55:00,1.39307,1.39322,1.393,1.39313,331
2026-06-10 20:00:00,1.39313,1.39322,1.3928,1.39308,409
2026-06-10 20:05:00,1.39308,1.39341,1.39306,1.39336,454
2026-06-10 20:10:00,1.39336,1.39356,1.39322,1.39324,388
2026-06-10 20:15:00,1.39324,1.39339,1.39313,1.39331,369
2026-06-10 20:20:00,1.39331,1.39335,1.39316,1.39321,294
2026-06-10 20:25:00,1.39321,1.39327,1.39311,1.39319,284
2026-06-10 20:30:00,1.39319,1.39344,1.39319,1.39332,385
2026-06-10 20:35:00,1.39331,1.39354,1.39322,1.39353,287
2026-06-10 20:40:00,1.39353,1.39357,1.39338,1.39353,331
2026-06-10 20:45:00,1.39353,1.39353,1.39311,1.39314,418
2026-06-10 20:50:00,1.39314,1.39342,1.39299,1.393,549
2026-06-10 20:55:00,1.39301,1.39305,1.39289,1.39301,437
2026-06-10 21:00:00,1.39301,1.39301,1.39254,1.39257,372
2026-06-10 21:05:00,1.39257,1.39302,1.39256,1.39301,428
2026-06-10 21:10:00,1.39301,1.39314,1.39284,1.39308,390
2026-06-10 21:15:00,1.39308,1.39327,1.39304,1.39321,428
2026-06-10 21:20:00,1.39321,1.39336,1.39311,1.39319,267
2026-06-10 21:25:00,1.39319,1.39329,1.3931,1.39323,327
2026-06-10 21:30:00,1.39323,1.39351,1.39321,1.39347,291
2026-06-10 21:35:00,1.39347,1.39363,1.39339,1.39349,517
2026-06-10 21:40:00,1.3935,1.39358,1.39338,1.39353,353
2026-06-10 21:45:00,1.39353,1.39356,1.39329,1.39343,321
2026-06-10 21:50:00,1.39343,1.39371,1.39329,1.39333,452
2026-06-10 21:55:00,1.39333,1.39367,1.39329,1.39367,308
2026-06-10 22:00:00,1.39367,1.39383,1.39355,1.39378,304
2026-06-10 22:05:00,1.39378,1.39385,1.39363,1.3937,451
2026-06-10 22:10:00,1.3937,1.39395,1.39368,1.39389,213
2026-06-10 22:15:00,1.39389,1.39397,1.3938,1.39391,193
2026-06-10 22:20:00,1.39391,1.39405,1.39388,1.39399,245
2026-06-10 22:25:00,1.39399,1.39406,1.39387,1.39404,267
2026-06-10 22:30:00,1.39405,1.3941,1.39377,1.3939,294
2026-06-10 22:35:00,1.3939,1.39406,1.39389,1.39405,443
2026-06-10 22:40:00,1.39405,1.3942,1.39392,1.39408,429
2026-06-10 22:45:00,1.39408,1.39428,1.39404,1.39414,345
2026-06-10 22:50:00,1.39414,1.39436,1.39402,1.39424,401
2026-06-10 22:55:00,1.39424,1.39453,1.39424,1.39452,313
2026-06-10 23:00:00,1.39449,1.39468,1.39443,1.39466,305
2026-06-10 23:05:00,1.39466,1.39491,1.39448,1.39491,276
2026-06-10 23:10:00,1.39491,1.39499,1.39482,1.39487,250
2026-06-10 23:15:00,1.39487,1.39493,1.39461,1.39463,206
2026-06-10 23:20:00,1.39464,1.39465,1.39419,1.39433,238
2026-06-10 23:25:00,1.39434,1.39445,1.39411,1.39419,155
2026-06-10 23:30:00,1.3942,1.39438,1.3942,1.39438,82
2026-06-10 23:35:00,1.39438,1.39441,1.39421,1.39421,89
2026-06-10 23:40:00,1.39421,1.39449,1.39421,1.39438,91
2026-06-10 23:45:00,1.39438,1.39448,1.39438,1.39445,111
2026-06-10 23:50:00,1.39445,1.39454,1.39438,1.39439,71
2026-06-10 23:55:00,1.39439,1.39444,1.39414,1.39416,229
2026-06-11 00:00:00,1.39333,1.39402,1.39333,1.39393,17
2026-06-11 00:05:00,1.39392,1.39413,1.39388,1.394,95
2026-06-11 00:10:00,1.39398,1.39399,1.39394,1.39396,57
2026-06-11 00:15:00,1.39395,1.39423,1.39391,1.39419,27
2026-06-11 00:20:00,1.39419,1.39421,1.39389,1.39421,18
2026-06-11 00:25:00,1.39421,1.39423,1.39411,1.39411,13
2026-06-11 00:30:00,1.39411,1.39437,1.394,1.39419,141
2026-06-11 00:35:00,1.39419,1.39425,1.39407,1.39412,84
2026-06-11 00:40:00,1.39408,1.3942,1.39381,1.39413,131
2026-06-11 00:45:00,1.39413,1.39436,1.39401,1.39413,289
2026-06-11 00:50:00,1.39413,1.39439,1.39407,1.39431,264
2026-06-11 00:55:00,1.39431,1.39434,1.39399,1.39408,174
2026-06-11 01:00:00,1.3941,1.39479,1.3941,1.3947,135
2026-06-11 01:05:00,1.39469,1.39486,1.39469,1.39473,42
2026-06-11 01:10:00,1.39473,1.39481,1.39462,1.39463,127
2026-06-11 01:15:00,1.39462,1.39483,1.39462,1.39476,150
2026-06-11 01:20:00,1.39476,1.39482,1.3947,1.3948,142
2026-06-11 01:25:00,1.3948,1.39481,1.39461,1.39462,140
2026-06-11 01:30:00,1.39463,1.39468,1.39457,1.39461,182
2026-06-11 01:35:00,1.39461,1.39462,1.39445,1.39447,132
2026-06-11 01:40:00,1.39447,1.39454,1.39426,1.39437,229
2026-06-11 01:45:00,1.39437,1.3944,1.39426,1.39431,229
2026-06-11 01:50:00,1.39431,1.39449,1.39431,1.39438,156
2026-06-11 01:55:00,1.39438,1.39463,1.39438,1.39452,226
2026-06-11 02:00:00,1.39452,1.39476,1.39452,1.39476,456
2026-06-11 02:05:00,1.39476,1.39493,1.39474,1.39486,147
2026-06-11 02:10:00,1.39486,1.39495,1.39478,1.39487,186
2026-06-11 02:15:00,1.39487,1.39499,1.39441,1.39456,299
2026-06-11 02:20:00,1.39452,1.39501,1.39439,1.39486,513
2026-06-11 02:25:00,1.39486,1.39486,1.39439,1.39457,328
2026-06-11 02:30:00,1.39457,1.39477,1.39457,1.3947,247
2026-06-11 02:35:00,1.3947,1.39472,1.39454,1.3946,202
2026-06-11 02:40:00,1.3946,1.39465,1.39438,1.3945,243
2026-06-11 02:45:00,1.3945,1.39469,1.3945,1.39463,329
2026-06-11 02:50:00,1.39463,1.39466,1.39449,1.39453,149
2026-06-11 02:55:00,1.39453,1.39481,1.39447,1.39469,367
2026-06-11 03:00:00,1.39469,1.39471,1.39419,1.39431,574
2026-06-11 03:05:00,1.39432,1.39446,1.39423,1.39446,380
2026-06-11 03:10:00,1.39446,1.39458,1.39417,1.39432,389
2026-06-11 03:15:00,1.39432,1.39436,1.3941,1.39419,653
2026-06-11 03:20:00,1.39419,1.39427,1.39407,1.39417,305
2026-06-11 03:25:00,1.39417,1.39421,1.39408,1.39414,288
2026-06-11 03:30:00,1.39414,1.39426,1.39408,1.39423,290
2026-06-11 03:35:00,1.39423,1.39431,1.39417,1.3942,238
2026-06-11 03:40:00,1.3942,1.39422,1.39405,1.39419,277
2026-06-11 03:45:00,1.39419,1.39428,1.39408,1.39421,432
2026-06-11 03:50:00,1.39421,1.3943,1.39413,1.39421,375
2026-06-11 03:55:00,1.39421,1.39421,1.39398,1.39403,309
2026-06-11 04:00:00,1.39403,1.39404,1.39383,1.39389,445
2026-06-11 04:05:00,1.39389,1.39391,1.39343,1.39348,515
2026-06-11 04:10:00,1.39348,1.39353,1.39317,1.39318,347
2026-06-11 04:15:00,1.39318,1.39352,1.39315,1.39334,410
2026-06-11 04:20:00,1.39334,1.3934,1.39323,1.39324,216
2026-06-11 04:25:00,1.39324,1.39326,1.39315,1.3932,347
2026-06-11 04:30:00,1.3932,1.39336,1.39318,1.39332,221
2026-06-11 04:35:00,1.39333,1.39341,1.39328,1.39331,291
2026-06-11 04:40:00,1.39331,1.39344,1.39323,1.39333,251
2026-06-11 04:45:00,1.39333,1.39345,1.39332,1.39338,319
2026-06-11 04:50:00,1.39338,1.39348,1.39336,1.3934,376
2026-06-11 04:55:00,1.3934,1.39348,1.39322,1.39328,328
2026-06-11 05:00:00,1.39328,1.39339,1.39326,1.39331,313
2026-06-11 05:05:00,1.39331,1.39351,1.39329,1.39345,256
2026-06-11 05:10:00,1.39345,1.39357,1.39343,1.39355,281
2026-06-11 05:15:00,1.39355,1.39364,1.39354,1.39357,195
2026-06-11 05:20:00,1.39357,1.3937,1.39355,1.39366,262
2026-06-11 05:25:00,1.39367,1.39373,1.39358,1.3937,323
2026-06-11 05:30:00,1.39371,1.39384,1.3937,1.39382,378
2026-06-11 05:35:00,1.39382,1.39383,1.39366,1.3937,316
2026-06-11 05:40:00,1.3937,1.39381,1.39368,1.39372,489
2026-06-11 05:45:00,1.39372,1.39375,1.39363,1.39369,285
2026-06-11 05:50:00,1.39369,1.39385,1.39364,1.39383,283
2026-06-11 05:55:00,1.39383,1.39384,1.39365,1.39381,274
2026-06-11 06:00:00,1.39381,1.39387,1.39373,1.39378,287
2026-06-11 06:05:00,1.39378,1.39394,1.39375,1.3938,290
2026-06-11 06:10:00,1.3938,1.39397,1.39379,1.39393,227
2026-06-11 06:15:00,1.39393,1.39395,1.39385,1.39392,311
2026-06-11 06:20:00,1.39392,1.39399,1.3938,1.39381,263
2026-06-11 06:25:00,1.39381,1.39387,1.39371,1.39373,226
2026-06-11 06:30:00,1.39373,1.39387,1.39371,1.39377,242
2026-06-11 06:35:00,1.39377,1.39381,1.39363,1.39363,184
2026-06-11 06:40:00,1.39363,1.39363,1.39352,1.39358,269
2026-06-11 06:45:00,1.39358,1.3937,1.39353,1.39368,389
2026-06-11 06:50:00,1.39368,1.39376,1.39363,1.39374,325
2026-06-11 06:55:00,1.39374,1.39386,1.39373,1.39384,313
2026-06-11 07:00:00,1.39384,1.39399,1.39381,1.39389,334
2026-06-11 07:05:00,1.39389,1.39394,1.39377,1.39384,274
2026-06-11 07:10:00,1.39384,1.39386,1.39376,1.39379,226
2026-06-11 07:15:00,1.39379,1.39391,1.39376,1.39389,246
2026-06-11 07:20:00,1.39389,1.39393,1.39377,1.39393,304
2026-06-11 07:25:00,1.39393,1.39396,1.39386,1.39392,283
2026-06-11 07:30:00,1.39392,1.39392,1.39377,1.39388,245
2026-06-11 07:35:00,1.39388,1.39391,1.39372,1.39375,250
2026-06-11 07:40:00,1.39375,1.39382,1.3937,1.39381,320
2026-06-11 07:45:00,1.39381,1.39381,1.3936,1.39377,263
2026-06-11 07:50:00,1.39378,1.39386,1.39375,1.39375,253
2026-06-11 07:55:00,1.39375,1.39382,1.39374,1.39381,209
2026-06-11 08:00:00,1.39382,1.3939,1.39376,1.39382,236
2026-06-11 08:05:00,1.39382,1.39387,1.39355,1.39359,293
2026-06-11 08:10:00,1.39359,1.39363,1.39356,1.39357,156
2026-06-11 08:15:00,1.39357,1.39366,1.39352,1.3936,192
2026-06-11 08:20:00,1.3936,1.39369,1.39355,1.39362,194
2026-06-11 08:25:00,1.39362,1.39372,1.39359,1.39366,137
2026-06-11 08:30:00,1.39366,1.39379,1.39362,1.39374,373
2026-06-11 08:35:00,1.39374,1.39388,1.39371,1.39385,238
2026-06-11 08:40:00,1.39385,1.39393,1.39379,1.39386,221
2026-06-11 08:45:00,1.39386,1.39416,1.39386,1.39415,233
2026-06-11 08:50:00,1.39415,1.39428,1.39403,1.39426,235
2026-06-11 08:55:00,1.39426,1.39427,1.394,1.39421,314
2026-06-11 09:00:00,1.39421,1.39475,1.39421,1.39475,408
2026-06-11 09:05:00,1.39475,1.39487,1.39458,1.39485,364
2026-06-11 09:10:00,1.39485,1.39492,1.39466,1.39472,393
2026-06-11 09:15:00,1.39472,1.39477,1.39462,1.39472,378
2026-06-11 09:20:00,1.39472,1.39486,1.3946,1.39472,416
2026-06-11 09:25:00,1.39472,1.39507,1.39471,1.39504,343
2026-06-11 09:30:00,1.39504,1.39514,1.39498,1.39502,385
2026-06-11 09:35:00,1.39502,1.39514,1.39485,1.39503,352
2026-06-11 09:40:00,1.39503,1.39518,1.39493,1.39504,294
2026-06-11 09:45:00,1.39504,1.39539,1.39501,1.39539,293
2026-06-11 09:50:00,1.39539,1.39547,1.39529,1.39539,322
2026-06-11 09:55:00,1.39539,1.39564,1.39539,1.39552,573
2026-06-11 10:00:00,1.39552,1.39596,1.3955,1.3959,569
2026-06-11 10:05:00,1.3959,1.3959,1.39564,1.39564,472
2026-06-11 10:10:00,1.39564,1.39577,1.39538,1.39572,461
2026-06-11 10:15:00,1.39572,1.39582,1.39554,1.3957,384
2026-06-11 10:20:00,1.3957,1.39595,1.39556,1.3958,521
2026-06-11 10:25:00,1.3958,1.39592,1.39552,1.39577,429
2026-06-11 10:30:00,1.39577,1.39599,1.39568,1.39592,335
2026-06-11 10:35:00,1.39592,1.39608,1.39588,1.396,323
2026-06-11 10:40:00,1.396,1.39609,1.39595,1.39609,319
2026-06-11 10:45:00,1.39609,1.39641,1.39609,1.39629,282
2026-06-11 10:50:00,1.39629,1.3964,1.39617,1.39626,245
2026-06-11 10:55:00,1.39626,1.39636,1.39619,1.39624,176
2026-06-11 11:00:00,1.39624,1.39649,1.39624,1.39637,346
2026-06-11 11:05:00,1.39637,1.39644,1.39626,1.39637,316
2026-06-11 11:10:00,1.39636,1.39671,1.39634,1.39667,294
2026-06-11 11:15:00,1.39667,1.39683,1.39652,1.39656,349
2026-06-11 11:20:00,1.39656,1.39685,1.39656,1.39671,438
2026-06-11 11:25:00,1.39671,1.39686,1.39668,1.39681,405
2026-06-11 11:30:00,1.39682,1.39698,1.39679,1.39695,272
2026-06-11 11:35:00,1.39695,1.39714,1.3969,1.39712,244
2026-06-11 11:40:00,1.39712,1.39729,1.39702,1.39727,243
2026-06-11 11:45:00,1.39727,1.39738,1.39726,1.39736,197
2026-06-11 11:50:00,1.39735,1.39765,1.39735,1.39762,305
2026-06-11 11:55:00,1.39762,1.39765,1.39739,1.39765,294
2026-06-11 12:00:00,1.39765,1.39772,1.39751,1.39764,406
2026-06-11 12:05:00,1.39764,1.39792,1.39759,1.39792,274
2026-06-11 12:10:00,1.39792,1.39805,1.39779,1.39783,429
2026-06-11 12:15:00,1.39783,1.39788,1.39734,1.39747,379
2026-06-11 12:20:00,1.39747,1.39783,1.39747,1.39764,342
2026-06-11 12:25:00,1.39763,1.39785,1.39763,1.39783,269
2026-06-11 12:30:00,1.39783,1.39787,1.39774,1.39777,182
2026-06-11 12:35:00,1.39777,1.39793,1.39775,1.39784,209
2026-06-11 12:40:00,1.39784,1.39785,1.39756,1.39757,294
2026-06-11 12:45:00,1.39757,1.39762,1.39735,1.39751,301
2026-06-11 12:50:00,1.39751,1.39772,1.39745,1.39753,321
2026-06-11 12:55:00,1.39753,1.39779,1.39748,1.39777,320
2026-06-11 13:00:00,1.39777,1.39796,1.39763,1.39794,297
2026-06-11 13:05:00,1.39794,1.39802,1.39788,1.39793,299
2026-06-11 13:10:00,1.39793,1.39824,1.39787,1.39822,311
2026-06-11 13:15:00,1.39822,1.39836,1.39822,1.39825,384
2026-06-11 13:20:00,1.39825,1.39828,1.39806,1.39811,235
2026-06-11 13:25:00,1.39811,1.39827,1.39811,1.39827,266
2026-06-11 13:30:00,1.39826,1.39826,1.39802,1.39803,312
2026-06-11 13:35:00,1.39803,1.39815,1.39795,1.39811,254
2026-06-11 13:40:00,1.39811,1.3982,1.39804,1.3981,199
2026-06-11 13:45:00,1.3981,1.39813,1.39798,1.39811,135
2026-06-11 13:50:00,1.39811,1.39813,1.398,1.39806,188
2026-06-11 13:55:00,1.39805,1.39813,1.39788,1.3979,224
2026-06-11 14:00:00,1.3979,1.39803,1.3978,1.39786,347
2026-06-11 14:05:00,1.39786,1.39813,1.39774,1.39775,444
2026-06-11 14:10:00,1.39775,1.39777,1.39746,1.39747,324
2026-06-11 14:15:00,1.39747,1.39753,1.39737,1.39745,267
2026-06-11 14:20:00,1.39745,1.39765,1.39734,1.39737,247
2026-06-11 14:25:00,1.39737,1.39779,1.39736,1.39759,332
2026-06-11 14:30:00,1.39759,1.39761,1.39737,1.39757,449
2026-06-11 14:35:00,1.39757,1.39775,1.39751,1.39774,301
2026-06-11 14:40:00,1.39774,1.3978,1.39758,1.3978,292
2026-06-11 14:45:00,1.3978,1.39796,1.39772,1.39785,267
2026-06-11 14:50:00,1.39784,1.39795,1.39763,1.39766,338
2026-06-11 14:55:00,1.39766,1.39779,1.39751,1.39772,234
2026-06-11 15:00:00,1.39772,1.39795,1.3976,1.3978,327
2026-06-11 15:05:00,1.3978,1.39802,1.3978,1.39787,266
2026-06-11 15:10:00,1.39787,1.3982,1.39783,1.39803,431
2026-06-11 15:15:00,1.39803,1.39818,1.39779,1.39816,502
2026-06-11 15:20:00,1.39816,1.39884,1.39804,1.39857,1036
2026-06-11 15:25:00,1.39853,1.39897,1.39831,1.39835,543
2026-06-11 15:30:00,1.39833,1.39888,1.39815,1.39864,584
2026-06-11 15:35:00,1.39865,1.39886,1.39853,1.39867,568
2026-06-11 15:40:00,1.39867,1.39872,1.3984,1.3985,578
2026-06-11 15:45:00,1.3985,1.39864,1.39822,1.3985,552
2026-06-11 15:50:00,1.3985,1.3986,1.39831,1.39853,542
2026-06-11 15:55:00,1.39853,1.3987,1.39826,1.39853,611
2026-06-11 16:00:00,1.39853,1.39874,1.39844,1.39866,671
2026-06-11 16:05:00,1.39866,1.39909,1.39866,1.399,521
2026-06-11 16:10:00,1.399,1.39951,1.39899,1.39949,475
2026-06-11 16:15:00,1.39949,1.39968,1.39913,1.39929,538
2026-06-11 16:20:00,1.39927,1.39959,1.39914,1.39923,436
2026-06-11 16:25:00,1.39923,1.39945,1.39897,1.39921,390
2026-06-11 16:30:00,1.39921,1.39939,1.39903,1.39915,750
2026-06-11 16:35:00,1.39915,1.39979,1.39908,1.39972,627
2026-06-11 16:40:00,1.39972,1.39996,1.39952,1.39975,559
2026-06-11 16:45:00,1.39974,1.39989,1.39931,1.39987,1019
2026-06-11 16:50:00,1.39986,1.4,1.39968,1.39999,637
2026-06-11 16:55:00,1.39999,1.40009,1.39983,1.40005,479
2026-06-11 17:00:00,1.40005,1.40098,1.40005,1.40083,533
2026-06-11 17:05:00,1.40083,1.40118,1.40056,1.40068,599
2026-06-11 17:10:00,1.40068,1.4013,1.40064,1.40129,672
2026-06-11 17:15:00,1.40129,1.4017,1.40111,1.40169,592
2026-06-11 17:20:00,1.40169,1.40171,1.40085,1.40101,623
2026-06-11 17:25:00,1.40101,1.40104,1.4007,1.40082,568
2026-06-11 17:30:00,1.40082,1.40089,1.40061,1.40074,656
2026-06-11 17:35:00,1.40074,1.40107,1.40061,1.40081,810
2026-06-11 17:40:00,1.40081,1.40132,1.40077,1.4013,727
2026-06-11 17:45:00,1.4013,1.40163,1.40121,1.4015,840
2026-06-11 17:50:00,1.4015,1.40239,1.4015,1.40237,692
2026-06-11 17:55:00,1.40237,1.40237,1.40162,1.40166,888
2026-06-11 18:00:00,1.40166,1.40188,1.40118,1.40119,776
2026-06-11 18:05:00,1.40119,1.40119,1.4001,1.40031,933
2026-06-11 18:10:00,1.40031,1.40046,1.40005,1.40008,835
2026-06-11 18:15:00,1.40009,1.40046,1.39981,1.40042,722
2026-06-11 18:20:00,1.40042,1.40047,1.40016,1.40044,517
2026-06-11 18:25:00,1.40044,1.40049,1.40023,1.40041,470
2026-06-11 18:30:00,1.40041,1.40068,1.40031,1.40047,464
2026-06-11 18:35:00,1.40047,1.40052,1.40021,1.40033,425
2026-06-11 18:40:00,1.40033,1.40042,1.40007,1.40033,644
2026-06-11 18:45:00,1.40033,1.40042,1.40024,1.40029,442
2026-06-11 18:50:00,1.40029,1.40061,1.40027,1.40059,450
2026-06-11 18:55:00,1.40059,1.40077,1.40046,1.40046,469
2026-06-11 19:00:00,1.40046,1.40054,1.40031,1.40043,550
2026-06-11 19:05:00,1.40043,1.40077,1.40036,1.40076,705
2026-06-11 19:10:00,1.40076,1.40083,1.40062,1.40067,496
2026-06-11 19:15:00,1.40068,1.40076,1.40051,1.40058,436
2026-06-11 19:20:00,1.40058,1.40085,1.40053,1.40059,602
2026-06-11 19:25:00,1.40059,1.4009,1.40057,1.40089,509
2026-06-11 19:30:00,1.40089,1.40094,1.4002,1.40029,623
2026-06-11 19:35:00,1.40029,1.40057,1.40028,1.40054,303
2026-06-11 19:40:00,1.40052,1.40057,1.40034,1.40052,340
2026-06-11 19:45:00,1.40052,1.40063,1.40043,1.40062,399
2026-06-11 19:50:00,1.40061,1.40069,1.4005,1.40058,226
2026-06-11 19:55:00,1.40058,1.40065,1.40053,1.4006,229
2026-06-11 20:00:00,1.4006,1.40103,1.40056,1.40097,408
2026-06-11 20:05:00,1.40097,1.40104,1.40091,1.40093,444
2026-06-11 20:10:00,1.40093,1.40118,1.40087,1.40112,581
2026-06-11 20:15:00,1.40112,1.40138,1.40102,1.40123,453
2026-06-11 20:20:00,1.40123,1.40157,1.40119,1.40145,398
2026-06-11 20:25:00,1.40145,1.40146,1.4,1.40018,601
2026-06-11 20:30:00,1.40018,1.40019,1.39766,1.39767,1529
2026-06-11 20:35:00,1.39767,1.39828,1.39719,1.39777,1367
2026-06-11 20:40:00,1.39778,1.39815,1.39759,1.39778,799
2026-06-11 20:45:00,1.39778,1.39864,1.39756,1.39862,1052
2026-06-11 20:50:00,1.39862,1.39875,1.39797,1.39822,1028
2026-06-11 20:55:00,1.39822,1.39845,1.39815,1.39827,1135
2026-06-11 21:00:00,1.39827,1.39874,1.39794,1.3985,950
2026-06-11 21:05:00,1.39851,1.39881,1.39819,1.39856,1086
2026-06-11 21:10:00,1.39856,1.39869,1.39821,1.39835,815
2026-06-11 21:15:00,1.39835,1.39845,1.39794,1.39803,737
2026-06-11 21:20:00,1.39802,1.39849,1.398,1.39837,1130
2026-06-11 21:25:00,1.39837,1.39846,1.39813,1.39831,713
2026-06-11 21:30:00,1.39831,1.39879,1.39825,1.39868,799
2026-06-11 21:35:00,1.39868,1.39873,1.39839,1.39866,538
2026-06-11 21:40:00,1.39867,1.3987,1.3981,1.39812,523
2026-06-11 21:45:00,1.39812,1.39815,1.39744,1.39744,442
2026-06-11 21:50:00,1.39744,1.39773,1.39741,1.39772,291
2026-06-11 21:55:00,1.39772,1.39807,1.39766,1.39804,682
2026-06-11 22:00:00,1.39804,1.39807,1.39733,1.39736,744
2026-06-11 22:05:00,1.39736,1.39751,1.39712,1.39713,567
2026-06-11 22:10:00,1.39711,1.39711,1.39637,1.39639,858
2026-06-11 22:15:00,1.39639,1.39669,1.39623,1.39631,802
2026-06-11 22:20:00,1.39631,1.39654,1.39624,1.3964,628
2026-06-11 22:25:00,1.3964,1.39643,1.3961,1.39625,594
2026-06-11 22:30:00,1.39625,1.39627,1.39531,1.39563,1180
2026-06-11 22:35:00,1.39563,1.39586,1.39537,1.3958,833
2026-06-11 22:40:00,1.39582,1.3959,1.39544,1.39575,582
2026-06-11 22:45:00,1.39575,1.39606,1.39572,1.39597,656
2026-06-11 22:50:00,1.39596,1.39618,1.39581,1.39586,617
2026-06-11 22:55:00,1.39585,1.39609,1.39577,1.39591,465
2026-06-11 23:00:00,1.39591,1.39592,1.39554,1.39574,487
2026-06-11 23:05:00,1.39574,1.39581,1.3956,1.39577,205
2026-06-11 23:10:00,1.39577,1.39598,1.39565,1.39577,215
2026-06-11 23:15:00,1.39577,1.3959,1.39567,1.39583,194
2026-06-11 23:20:00,1.39583,1.3959,1.39576,1.39578,129
2026-06-11 23:25:00,1.39579,1.39617,1.39576,1.39607,289
2026-06-11 23:30:00,1.39607,1.39628,1.39602,1.39626,130
2026-06-11 23:35:00,1.39626,1.39645,1.39626,1.39641,152
2026-06-11 23:40:00,1.39641,1.39678,1.39639,1.39675,98
2026-06-11 23:45:00,1.39675,1.39675,1.3965,1.39666,213
2026-06-11 23:50:00,1.39666,1.39675,1.39665,1.39668,89
2026-06-11 23:55:00,1.39668,1.3967,1.3964,1.39644,237
2026-06-12 00:00:00,1.39486,1.39533,1.39486,1.39516,10
2026-06-12 00:05:00,1.39522,1.39558,1.395,1.39533,101
2026-06-12 00:10:00,1.39534,1.39551,1.39525,1.39526,82
2026-06-12 00:15:00,1.39526,1.39563,1.39521,1.39562,109
2026-06-12 00:20:00,1.39566,1.39584,1.3955,1.39583,73
2026-06-12 00:25:00,1.39583,1.39653,1.3958,1.39653,95
2026-06-12 00:30:00,1.39653,1.39666,1.39653,1.39665,34
2026-06-12 00:35:00,1.39665,1.39674,1.39665,1.39668,38
2026-06-12 00:40:00,1.39668,1.3967,1.39661,1.3967,16
2026-06-12 00:45:00,1.3967,1.39672,1.39564,1.39603,228
2026-06-12 00:50:00,1.39604,1.39615,1.39582,1.39611,256
2026-06-12 00:55:00,1.39611,1.39663,1.39564,1.39662,205
2026-06-12 01:00:00,1.39662,1.39664,1.39639,1.39653,78
2026-06-12 01:05:00,1.39653,1.39683,1.39653,1.39683,42
2026-06-12 01:10:00,1.39683,1.39706,1.39681,1.39697,67
2026-06-12 01:15:00,1.39697,1.39708,1.39685,1.39686,106
2026-06-12 01:20:00,1.39688,1.39708,1.39685,1.397,168
2026-06-12 01:25:00,1.397,1.39701,1.39688,1.39689,91
2026-06-12 01:30:00,1.39688,1.39689,1.39671,1.39671,144
2026-06-12 01:35:00,1.39671,1.39678,1.3966,1.39665,99
2026-06-12 01:40:00,1.39665,1.39666,1.39636,1.39648,148
2026-06-12 01:45:00,1.39648,1.39649,1.39622,1.39637,145
2026-06-12 01:50:00,1.39637,1.39641,1.39628,1.39638,106
2026-06-12 01:55:00,1.39638,1.39639,1.39622,1.39632,182
2026-06-12 02:00:00,1.39632,1.39634,1.3961,1.39629,144
2026-06-12 02:05:00,1.39629,1.39634,1.39618,1.39633,101
2026-06-12 02:10:00,1.39633,1.39639,1.39628,1.39633,90
2026-06-12 02:15:00,1.39633,1.39665,1.39632,1.39664,148
2026-06-12 02:20:00,1.39664,1.39674,1.39652,1.39673,154
2026-06-12 02:25:00,1.39673,1.39721,1.39665,1.39718,165
2026-06-12 02:30:00,1.39717,1.39741,1.39709,1.39723,167
2026-06-12 02:35:00,1.39723,1.39731,1.39709,1.39716,216
2026-06-12 02:40:00,1.39716,1.39731,1.39712,1.39726,212
2026-06-12 02:45:00,1.39726,1.39732,1.39718,1.39725,237
2026-06-12 02:50:00,1.39725,1.39737,1.39707,1.39708,236
2026-06-12 02:55:00,1.39708,1.39728,1.39694,1.39724,263
2026-06-12 03:00:00,1.39726,1.39752,1.39712,1.39749,627
2026-06-12 03:05:00,1.39749,1.39773,1.39732,1.39768,653
2026-06-12 03:10:00,1.39768,1.39769,1.39747,1.3976,554
2026-06-12 03:15:00,1.3976,1.39767,1.39748,1.39751,512
2026-06-12 03:20:00,1.39751,1.39766,1.39749,1.39753,409
2026-06-12 03:25:00,1.39753,1.39765,1.39732,1.39749,439
2026-06-12 03:30:00,1.39749,1.3975,1.39717,1.39739,436
2026-06-12 03:35:00,1.39739,1.39746,1.39717,1.39745,389
2026-06-12 03:40:00,1.39746,1.39768,1.39744,1.39767,333
2026-06-12 03:45:00,1.39767,1.39778,1.39766,1.39777,301
2026-06-12 03:50:00,1.39777,1.3978,1.3976,1.3977,395
2026-06-12 03:55:00,1.3977,1.3978,1.39767,1.39767,354
2026-06-12 04:00:00,1.39768,1.39797,1.39767,1.39797,494
2026-06-12 04:05:00,1.39796,1.39799,1.39787,1.39788,345
2026-06-12 04:10:00,1.39788,1.39796,1.39778,1.39787,340
2026-06-12 04:15:00,1.39787,1.39789,1.39774,1.39785,348
2026-06-12 04:20:00,1.39785,1.39797,1.39784,1.39794,251
2026-06-12 04:25:00,1.39794,1.39797,1.39787,1.39793,245
2026-06-12 04:30:00,1.39793,1.39793,1.39778,1.39784,388
2026-06-12 04:35:00,1.39784,1.39795,1.39778,1.39786,385
2026-06-12 04:40:00,1.39786,1.398,1.39783,1.39797,210
2026-06-12 04:45:00,1.39796,1.39798,1.39788,1.39791,255
2026-06-12 04:50:00,1.39791,1.39799,1.39791,1.39796,138
2026-06-12 04:55:00,1.39796,1.39799,1.3979,1.39793,223
2026-06-12 05:00:00,1.39793,1.39797,1.39786,1.39788,291
2026-06-12 05:05:00,1.39788,1.39789,1.39771,1.39776,381
2026-06-12 05:10:00,1.39775,1.39779,1.39745,1.39759,397
2026-06-12 05:15:00,1.39759,1.39775,1.39758,1.39773,588
2026-06-12 05:20:00,1.39773,1.39775,1.39755,1.39769,360
2026-06-12 05:25:00,1.39769,1.39788,1.39769,1.39787,391
2026-06-12 05:30:00,1.39787,1.39791,1.39775,1.39789,463
2026-06-12 05:35:00,1.39789,1.39797,1.39768,1.39769,363
2026-06-12 05:40:00,1.39769,1.39786,1.39768,1.39781,338
2026-06-12 05:45:00,1.39781,1.39781,1.39769,1.3977,316
2026-06-12 05:50:00,1.3977,1.39782,1.3977,1.3978,264
2026-06-12 05:55:00,1.3978,1.39784,1.39772,1.39775,312
2026-06-12 06:00:00,1.39775,1.39779,1.3976,1.39762,292
2026-06-12 06:05:00,1.39763,1.3978,1.39761,1.39776,326
2026-06-12 06:10:00,1.39776,1.39782,1.39771,1.39774,436
2026-06-12 06:15:00,1.39774,1.39777,1.39756,1.39761,444
2026-06-12 06:20:00,1.39761,1.39768,1.39755,1.3976,417
2026-06-12 06:25:00,1.3976,1.39761,1.39741,1.39746,576
2026-06-12 06:30:00,1.39747,1.39748,1.39718,1.39723,638
2026-06-12 06:35:00,1.39723,1.39729,1.39719,1.39724,428
2026-06-12 06:40:00,1.39723,1.39725,1.39712,1.39714,362
2026-06-12 06:45:00,1.39715,1.39739,1.39713,1.39737,416
2026-06-12 06:50:00,1.39737,1.39742,1.39718,1.39725,353
2026-06-12 06:55:00,1.39725,1.39734,1.39723,1.39724,269
2026-06-12 07:00:00,1.39724,1.39736,1.39721,1.39733,350
2026-06-12 07:05:00,1.39733,1.3975,1.39731,1.39741,401
2026-06-12 07:10:00,1.39741,1.39748,1.39734,1.39739,288
2026-06-12 07:15:00,1.39739,1.39754,1.39735,1.39751,408
2026-06-12 07:20:00,1.39751,1.39755,1.39745,1.39745,495
2026-06-12 07:25:00,1.39745,1.39754,1.39736,1.39739,399
2026-06-12 07:30:00,1.39739,1.39746,1.39721,1.39722,392
2026-06-12 07:35:00,1.39722,1.39729,1.39719,1.39719,254
2026-06-12 07:40:00,1.39719,1.39719,1.39708,1.39712,91
2026-06-12 07:45:00,1.39712,1.39731,1.39708,1.39719,375
2026-06-12 07:50:00,1.39719,1.39735,1.39717,1.39732,320
2026-06-12 07:55:00,1.39732,1.39743,1.39728,1.39735,498
2026-06-12 08:00:00,1.39737,1.39738,1.39721,1.39728,619
2026-06-12 08:05:00,1.39728,1.39751,1.39727,1.39738,478
2026-06-12 08:10:00,1.39738,1.39777,1.39738,1.39755,634
2026-06-12 08:15:00,1.39756,1.3979,1.39755,1.39787,356
2026-06-12 08:20:00,1.39787,1.39787,1.39769,1.3978,284
2026-06-12 08:25:00,1.3978,1.39796,1.39773,1.39787,348
2026-06-12 08:30:00,1.39787,1.39796,1.39785,1.39794,467
2026-06-12 08:35:00,1.39794,1.39815,1.39794,1.39813,461
2026-06-12 08:40:00,1.39813,1.39832,1.3981,1.3982,540
2026-06-12 08:45:00,1.3982,1.39838,1.39819,1.39829,297
2026-06-12 08:50:00,1.39829,1.39857,1.39829,1.39836,383
2026-06-12 08:55:00,1.39836,1.39856,1.39835,1.39854,277
2026-06-12 09:00:00,1.39854,1.39855,1.39781,1.39792,398
2026-06-12 09:05:00,1.39792,1.39795,1.39768,1.39771,465
2026-06-12 09:10:00,1.39772,1.39772,1.39742,1.39763,500
2026-06-12 09:15:00,1.39764,1.39775,1.39754,1.3976,403
2026-06-12 09:20:00,1.3976,1.39769,1.39752,1.39757,400
2026-06-12 09:25:00,1.39758,1.39763,1.39738,1.39741,453
2026-06-12 09:30:00,1.39741,1.3978,1.3974,1.39774,536
2026-06-12 09:35:00,1.39774,1.39782,1.39747,1.39763,468
2026-06-12 09:40:00,1.39763,1.39781,1.39744,1.39777,436
2026-06-12 09:45:00,1.39777,1.39792,1.39764,1.3978,320
2026-06-12 09:50:00,1.39779,1.39785,1.39747,1.39748,367
2026-06-12 09:55:00,1.39748,1.39764,1.39745,1.3976,416
2026-06-12 10:00:00,1.3976,1.39801,1.39751,1.39796,646
2026-06-12 10:05:00,1.39795,1.39814,1.39791,1.398,359
2026-06-12 10:10:00,1.398,1.39833,1.39792,1.39823,433
2026-06-12 10:15:00,1.39823,1.39854,1.39822,1.39838,453
2026-06-12 10:20:00,1.39838,1.39862,1.3983,1.3986,336
2026-06-12 10:25:00,1.3986,1.39922,1.3986,1.39921,649
2026-06-12 10:30:00,1.3992,1.39938,1.39897,1.39924,685
2026-06-12 10:35:00,1.39921,1.39948,1.39912,1.39937,630
2026-06-12 10:40:00,1.39937,1.39958,1.39894,1.39902,473
2026-06-12 10:45:00,1.39902,1.39946,1.39897,1.3994,433
2026-06-12 10:50:00,1.3994,1.39941,1.39922,1.3993,447
2026-06-12 10:55:00,1.3993,1.39937,1.39874,1.39879,786
2026-06-12 11:00:00,1.39879,1.39887,1.3985,1.39872,588
2026-06-12 11:05:00,1.39872,1.39875,1.39832,1.39834,610
2026-06-12 11:10:00,1.39835,1.3988,1.39829,1.39876,518
2026-06-12 11:15:00,1.39875,1.39892,1.39735,1.39772,777
2026-06-12 11:20:00,1.39772,1.3982,1.3976,1.3978,686
2026-06-12 11:25:00,1.3978,1.39857,1.39774,1.39847,664
2026-06-12 11:30:00,1.39847,1.39859,1.39808,1.39815,645
2026-06-12 11:35:00,1.39816,1.39839,1.39788,1.39808,581
2026-06-12 11:40:00,1.39808,1.39837,1.39801,1.39809,374
2026-06-12 11:45:00,1.39809,1.39831,1.39801,1.39821,368
2026-06-12 11:50:00,1.39821,1.39826,1.39803,1.3981,445
2026-06-12 11:55:00,1.3981,1.39838,1.39808,1.39837,440
2026-06-12 12:00:00,1.39837,1.39864,1.39831,1.39852,459
2026-06-12 12:05:00,1.39854,1.39873,1.39837,1.39868,461
2026-06-12 12:10:00,1.39868,1.39881,1.39843,1.39857,442
2026-06-12 12:15:00,1.39857,1.39858,1.398,1.39829,825
2026-06-12 12:20:00,1.39828,1.39835,1.39795,1.39809,567
2026-06-12 12:25:00,1.39809,1.39809,1.39755,1.39763,578
2026-06-12 12:30:00,1.39763,1.39798,1.39749,1.39785,477
2026-06-12 12:35:00,1.39783,1.39811,1.39782,1.3981,513
2026-06-12 12:40:00,1.39809,1.39819,1.39791,1.39817,442
2026-06-12 12:45:00,1.39817,1.39833,1.3981,1.39833,322
2026-06-12 12:50:00,1.39833,1.39865,1.39813,1.39821,391
2026-06-12 12:55:00,1.39821,1.39823,1.3979,1.39816,386
2026-06-12 13:00:00,1.39817,1.39827,1.39804,1.39821,464
2026-06-12 13:05:00,1.39822,1.39827,1.39786,1.39793,345
2026-06-12 13:10:00,1.39793,1.39828,1.39787,1.39815,476
2026-06-12 13:15:00,1.39815,1.39832,1.39802,1.39817,440
2026-06-12 13:20:00,1.39817,1.39871,1.39817,1.39865,578
2026-06-12 13:25:00,1.39865,1.39905,1.39844,1.3985,876
2026-06-12 13:30:00,1.3985,1.39867,1.398,1.39813,530
2026-06-12 13:35:00,1.39813,1.39841,1.39813,1.39819,342
2026-06-12 13:40:00,1.39819,1.39821,1.398,1.39804,242
2026-06-12 13:45:00,1.39804,1.39807,1.39787,1.39802,283
2026-06-12 13:50:00,1.39801,1.39851,1.39799,1.39844,334
2026-06-12 13:55:00,1.39844,1.39874,1.3984,1.39858,503
2026-06-12 14:00:00,1.39858,1.39896,1.39855,1.39875,475
2026-06-12 14:05:00,1.39875,1.39907,1.39873,1.39905,322
2026-06-12 14:10:00,1.39905,1.39912,1.39888,1.39906,411
2026-06-12 14:15:00,1.39906,1.39911,1.39875,1.39882,402
2026-06-12 14:20:00,1.39882,1.39884,1.39844,1.39853,411
2026-06-12 14:25:00,1.39853,1.39879,1.39847,1.39878,290
2026-06-12 14:30:00,1.39878,1.39883,1.39854,1.39867,343
2026-06-12 14:35:00,1.39867,1.39869,1.39844,1.39847,328
2026-06-12 14:40:00,1.39847,1.3985,1.39814,1.3982,276
2026-06-12 14:45:00,1.3982,1.39842,1.39816,1.39829,328
2026-06-12 14:50:00,1.39829,1.39829,1.39799,1.39808,438
2026-06-12 14:55:00,1.39808,1.3989,1.39807,1.39888,529
2026-06-12 15:00:00,1.39888,1.39895,1.39863,1.39882,661
2026-06-12 15:05:00,1.39882,1.39899,1.39869,1.39886,618
2026-06-12 15:10:00,1.39886,1.39887,1.39863,1.39869,507
2026-06-12 15:15:00,1.39869,1.39899,1.39868,1.39896,392
2026-06-12 15:20:00,1.39897,1.39926,1.39897,1.39925,490
2026-06-12 15:25:00,1.39925,1.39939,1.39916,1.3993,478
2026-06-12 15:30:00,1.3993,1.39932,1.39893,1.39897,334
2026-06-12 15:35:00,1.39896,1.39921,1.39889,1.39905,483
2026-06-12 15:40:00,1.39905,1.39909,1.39838,1.39846,510
2026-06-12 15:45:00,1.39846,1.39878,1.39829,1.39835,534
2026-06-12 15:50:00,1.39833,1.39842,1.39811,1.39838,568
2026-06-12 15:55:00,1.39839,1.39853,1.39818,1.3983,542
2026-06-12 16:00:00,1.3983,1.39848,1.39815,1.3982,607
2026-06-12 16:05:00,1.39818,1.39838,1.39759,1.39779,577
2026-06-12 16:10:00,1.39779,1.39795,1.39761,1.39781,469
2026-06-12 16:15:00,1.39781,1.39804,1.39756,1.39761,594
2026-06-12 16:20:00,1.3976,1.39772,1.39737,1.3977,545
2026-06-12 16:25:00,1.3977,1.39794,1.39749,1.39791,557
2026-06-12 16:30:00,1.39791,1.39798,1.39744,1.3976,988
2026-06-12 16:35:00,1.3976,1.39787,1.39747,1.39775,830
2026-06-12 16:40:00,1.39775,1.3986,1.39772,1.39856,1961
2026-06-12 16:45:00,1.39856,1.39874,1.39836,1.39839,2206
2026-06-12 16:50:00,1.39839,1.3988,1.39817,1.39821,2267
2026-06-12 16:55:00,1.39821,1.39825,1.39786,1.39808,1814
2026-06-12 17:00:00,1.39808,1.39823,1.39692,1.39709,1893
2026-06-12 17:05:00,1.39707,1.39756,1.39704,1.39727,2124
2026-06-12 17:10:00,1.39727,1.39772,1.39727,1.39746,2078
2026-06-12 17:15:00,1.39746,1.39835,1.3973,1.39835,1860
2026-06-12 17:20:00,1.39836,1.39847,1.39758,1.39763,2380
2026-06-12 17:25:00,1.39763,1.3978,1.3975,1.39777,1969
2026-06-12 17:30:00,1.39777,1.39778,1.3971,1.39716,1903
2026-06-12 17:35:00,1.39716,1.39757,1.39703,1.39704,1950
2026-06-12 17:40:00,1.39704,1.39759,1.39678,1.39752,1977
2026-06-12 17:45:00,1.39752,1.39789,1.3974,1.39756,1994
2026-06-12 17:50:00,1.39756,1.3979,1.39704,1.39709,2505
2026-06-12 17:55:00,1.39709,1.39745,1.39672,1.39682,2346
2026-06-12 18:00:00,1.39682,1.39705,1.39656,1.39666,1723
2026-06-12 18:05:00,1.39666,1.39689,1.39644,1.39679,2093
2026-06-12 18:10:00,1.39679,1.39693,1.39652,1.3966,1858
2026-06-12 18:15:00,1.3966,1.39683,1.39641,1.39657,1675
2026-06-12 18:20:00,1.39657,1.3966,1.39612,1.39646,1510
2026-06-12 18:25:00,1.39646,1.3965,1.39591,1.39618,1740
2026-06-12 18:30:00,1.39619,1.39653,1.39602,1.39651,2084
2026-06-12 18:35:00,1.39651,1.39692,1.39632,1.39681,2082
2026-06-12 18:40:00,1.39681,1.39728,1.3968,1.39698,1667
2026-06-12 18:45:00,1.39698,1.39713,1.3967,1.39701,1513
2026-06-12 18:50:00,1.39701,1.39727,1.39688,1.39697,1664
2026-06-12 18:55:00,1.39697,1.39715,1.39676,1.3971,1623
2026-06-12 19:00:00,1.3971,1.39729,1.39687,1.39712,1757
2026-06-12 19:05:00,1.39712,1.39731,1.39691,1.39693,1647
2026-06-12 19:10:00,1.39693,1.3974,1.39663,1.3972,2210
2026-06-12 19:15:00,1.39721,1.39728,1.39662,1.39724,2451
2026-06-12 19:20:00,1.39724,1.39744,1.39711,1.39742,1819
2026-06-12 19:25:00,1.39742,1.39751,1.39724,1.39737,1719
2026-06-12 19:30:00,1.39737,1.39745,1.39717,1.39732,1694
2026-06-12 19:35:00,1.39732,1.39762,1.39732,1.39751,1380
2026-06-12 19:40:00,1.39751,1.39788,1.39731,1.39782,1691
2026-06-12 19:45:00,1.39782,1.39787,1.39741,1.39746,1489
2026-06-12 19:50:00,1.39746,1.39752,1.39724,1.39735,1445
2026-06-12 19:55:00,1.39735,1.39739,1.39711,1.39727,1542
2026-06-12 20:00:00,1.39727,1.39735,1.39709,1.39718,1287
2026-06-12 20:05:00,1.39718,1.3973,1.39697,1.39707,1630
2026-06-12 20:10:00,1.39707,1.39755,1.39706,1.3974,1450
2026-06-12 20:15:00,1.3974,1.39764,1.3973,1.39755,1586
2026-06-12 20:20:00,1.39755,1.39762,1.3974,1.39755,1507
2026-06-12 20:25:00,1.39755,1.39758,1.39741,1.39747,1135
2026-06-12 20:30:00,1.39747,1.3976,1.39742,1.39752,1490
2026-06-12 20:35:00,1.39752,1.39766,1.39747,1.39765,1564
2026-06-12 20:40:00,1.39765,1.39771,1.39747,1.39761,1594
2026-06-12 20:45:00,1.39761,1.39777,1.39758,1.39767,1380
2026-06-12 20:50:00,1.39767,1.39784,1.39763,1.39779,1385
2026-06-12 20:55:00,1.3978,1.39786,1.39769,1.39779,1194
2026-06-12 21:00:00,1.39778,1.39809,1.39773,1.39803,1143
2026-06-12 21:05:00,1.39803,1.39818,1.39799,1.39815,1262
2026-06-12 21:10:00,1.39815,1.39816,1.39794,1.39798,1010
2026-06-12 21:15:00,1.39798,1.39801,1.39783,1.39794,1002
2026-06-12 21:20:00,1.39793,1.39795,1.39778,1.39784,1104
2026-06-12 21:25:00,1.39783,1.39806,1.39781,1.39795,1190
2026-06-12 21:30:00,1.39794,1.39794,1.39761,1.39762,1480
2026-06-12 21:35:00,1.39762,1.39786,1.3976,1.3978,1297
2026-06-12 21:40:00,1.3978,1.39785,1.39762,1.39765,1103
2026-06-12 21:45:00,1.39765,1.39771,1.39761,1.39764,916
2026-06-12 21:50:00,1.39764,1.39776,1.39759,1.39762,845
2026-06-12 21:55:00,1.39762,1.39802,1.3976,1.39788,1059
2026-06-12 22:00:00,1.39788,1.39809,1.39751,1.39757,1365
2026-06-12 22:05:00,1.39757,1.3977,1.39751,1.39762,1017
2026-06-12 22:10:00,1.39762,1.39773,1.39757,1.39768,916
2026-06-12 22:15:00,1.39768,1.39774,1.3976,1.39766,937
2026-06-12 22:20:00,1.39766,1.39766,1.39756,1.39763,772
2026-06-12 22:25:00,1.39763,1.39782,1.39761,1.39771,818
2026-06-12 22:30:00,1.3977,1.39784,1.39761,1.39784,1470
2026-06-12 22:35:00,1.39783,1.3979,1.39758,1.39772,1138
2026-06-12 22:40:00,1.39772,1.39818,1.39768,1.39813,1258
2026-06-12 22:45:00,1.39813,1.39825,1.39808,1.39815,1032
2026-06-12 22:50:00,1.39815,1.3982,1.39787,1.39818,1201
2026-06-12 22:55:00,1.39818,1.39853,1.39807,1.39816,1526
2026-06-12 23:00:00,1.39814,1.3984,1.39809,1.39822,613
2026-06-12 23:05:00,1.39822,1.39836,1.39819,1.39821,1185
2026-06-12 23:10:00,1.39821,1.39837,1.39819,1.39834,1066
2026-06-12 23:15:00,1.39834,1.39842,1.39827,1.3983,280
2026-06-12 23:20:00,1.3983,1.39835,1.39818,1.39824,156
2026-06-12 23:25:00,1.39824,1.39846,1.39812,1.39846,166
2026-06-12 23:30:00,1.39844,1.39872,1.39844,1.3987,423
2026-06-12 23:35:00,1.3987,1.39885,1.39859,1.39874,871
2026-06-12 23:40:00,1.39875,1.3989,1.3986,1.39888,512
2026-06-12 23:45:00,1.39888,1.39892,1.39879,1.39886,239
2026-06-12 23:50:00,1.39886,1.39912,1.39876,1.39896,515
2026-06-12 23:55:00,1.39896,1.39921,1.39885,1.39905,401
2026-06-15 00:00:00,1.39831,1.39854,1.39831,1.39854,20
2026-06-15 00:05:00,1.39854,1.39866,1.39848,1.39866,22
2026-06-15 00:10:00,1.39881,1.39892,1.39869,1.39878,70
2026-06-15 00:15:00,1.39878,1.39878,1.39867,1.39873,24
2026-06-15 00:20:00,1.39873,1.39892,1.39868,1.39868,82
2026-06-15 00:25:00,1.39868,1.39878,1.39866,1.39868,74
2026-06-15 00:30:00,1.39868,1.3987,1.39766,1.39814,68
2026-06-15 00:35:00,1.39814,1.39855,1.3976,1.39791,194
2026-06-15 00:40:00,1.39791,1.39835,1.39779,1.39813,152
2026-06-15 00:45:00,1.39813,1.39813,1.39654,1.39664,150
2026-06-15 00:50:00,1.39664,1.39675,1.39643,1.39646,40
2026-06-15 00:55:00,1.39646,1.39667,1.39643,1.39648,240
2026-06-15 01:00:00,1.39648,1.39696,1.39637,1.3965,621
2026-06-15 01:05:00,1.3965,1.39656,1.39596,1.396,545
2026-06-15 01:10:00,1.396,1.39617,1.39553,1.39612,458
2026-06-15 01:15:00,1.39614,1.39643,1.39604,1.39605,864
2026-06-15 01:20:00,1.39605,1.3962,1.39592,1.39617,433
2026-06-15 01:25:00,1.39617,1.39653,1.39617,1.39644,477
2026-06-15 01:30:00,1.39644,1.39644,1.39591,1.39615,557
2026-06-15 01:35:00,1.39615,1.39629,1.39606,1.3961,426
2026-06-15 01:40:00,1.3961,1.39614,1.39592,1.39597,341
2026-06-15 01:45:00,1.39597,1.3961,1.3959,1.39596,308
2026-06-15 01:50:00,1.39596,1.39597,1.3958,1.39581,212
2026-06-15 01:55:00,1.39581,1.39608,1.39562,1.39604,583
2026-06-15 02:00:00,1.39606,1.39637,1.39595,1.39634,907
2026-06-15 02:05:00,1.39634,1.39636,1.39614,1.39618,538
2026-06-15 02:10:00,1.39618,1.39637,1.39615,1.39629,438
2026-06-15 02:15:00,1.39629,1.39643,1.39627,1.39638,447
2026-06-15 02:20:00,1.39641,1.39648,1.39628,1.39628,425
2026-06-15 02:25:00,1.39628,1.39662,1.39626,1.39658,366
2026-06-15 02:30:00,1.39658,1.39663,1.39638,1.39644,470
2026-06-15 02:35:00,1.39644,1.39645,1.39629,1.39629,305
2026-06-15 02:40:00,1.39629,1.39635,1.39614,1.39616,256
2026-06-15 02:45:00,1.39615,1.39626,1.39598,1.39609,923
2026-06-15 02:50:00,1.39609,1.39621,1.39598,1.39615,924
2026-06-15 02:55:00,1.39615,1.39645,1.3961,1.39641,1119
2026-06-15 03:00:00,1.39641,1.39647,1.39606,1.39608,1102
2026-06-15 03:05:00,1.39608,1.39616,1.39594,1.39613,1027
2026-06-15 03:10:00,1.39613,1.39615,1.39571,1.39575,1236
2026-06-15 03:15:00,1.39575,1.39623,1.39573,1.39607,995
2026-06-15 03:20:00,1.39607,1.39611,1.3959,1.39594,857
2026-06-15 03:25:00,1.39594,1.39629,1.39592,1.39626,894
2026-06-15 03:30:00,1.39626,1.39631,1.39603,1.39611,1070
2026-06-15 03:35:00,1.39611,1.3962,1.39604,1.39618,840
2026-06-15 03:40:00,1.39618,1.3963,1.39615,1.39619,1057
2026-06-15 03:45:00,1.39619,1.39647,1.39617,1.3964,1231
2026-06-15 03:50:00,1.39641,1.39681,1.3964,1.39679,1058
2026-06-15 03:55:00,1.39679,1.3971,1.39672,1.39707,848
2026-06-15 04:00:00,1.39707,1.3974,1.39707,1.39725,1245
2026-06-15 04:05:00,1.39725,1.39769,1.39725,1.39754,1099
2026-06-15 04:10:00,1.39755,1.39755,1.39725,1.39735,858
2026-06-15 04:15:00,1.39735,1.39754,1.39725,1.39727,1203
2026-06-15 04:20:00,1.39727,1.3973,1.39703,1.39709,1261
2026-06-15 04:25:00,1.39709,1.39725,1.39706,1.3972,1082
2026-06-15 04:30:00,1.3972,1.39732,1.39711,1.39724,1660
2026-06-15 04:35:00,1.39724,1.39731,1.39711,1.3973,1486
2026-06-15 04:40:00,1.3973,1.39746,1.39723,1.39739,908
2026-06-15 04:45:00,1.39739,1.39743,1.3972,1.39723,1249
2026-06-15 04:50:00,1.39723,1.39728,1.3971,1.39715,987
2026-06-15 04:55:00,1.39715,1.39737,1.3971,1.39731,1002
2026-06-15 05:00:00,1.39729,1.3975,1.39724,1.39742,809
2026-06-15 05:05:00,1.39742,1.39747,1.39722,1.39737,1005
2026-06-15 05:10:00,1.39737,1.39764,1.39735,1.39753,894
2026-06-15 05:15:00,1.39753,1.39757,1.3974,1.39752,819
2026-06-15 05:20:00,1.39752,1.39761,1.39746,1.39751,946
2026-06-15 05:25:00,1.39751,1.39751,1.39723,1.39724,956
2026-06-15 05:30:00,1.39725,1.39727,1.39711,1.39724,1109
2026-06-15 05:35:00,1.39724,1.3973,1.39698,1.39701,1406
2026-06-15 05:40:00,1.397,1.39722,1.39696,1.3971,1451
2026-06-15 05:45:00,1.3971,1.39717,1.39708,1.39711,938
2026-06-15 05:50:00,1.39711,1.39718,1.39706,1.39713,460
2026-06-15 05:55:00,1.39713,1.39717,1.39689,1.39693,391
2026-06-15 06:00:00,1.39693,1.3971,1.39685,1.39695,637
2026-06-15 06:05:00,1.39695,1.39706,1.39686,1.39693,917
2026-06-15 06:10:00,1.39693,1.39699,1.39684,1.39692,513
2026-06-15 06:15:00,1.39692,1.39693,1.39679,1.39683,514
2026-06-15 06:20:00,1.39683,1.397,1.39682,1.39694,825
2026-06-15 06:25:00,1.39693,1.39697,1.39685,1.39691,448
2026-06-15 06:30:00,1.39691,1.39696,1.39669,1.3967,838
2026-06-15 06:35:00,1.3967,1.39681,1.39653,1.39661,826
2026-06-15 06:40:00,1.39661,1.39667,1.39648,1.39653,781
2026-06-15 06:45:00,1.39653,1.39663,1.39646,1.3966,700
2026-06-15 06:50:00,1.3966,1.39662,1.39647,1.3966,666
2026-06-15 06:55:00,1.3966,1.39674,1.39652,1.39665,658
2026-06-15 07:00:00,1.39665,1.39675,1.39656,1.3967,747
2026-06-15 07:05:00,1.3967,1.39677,1.3965,1.39655,1033
2026-06-15 07:10:00,1.39655,1.39665,1.39652,1.39662,477
2026-06-15 07:15:00,1.39662,1.39669,1.39654,1.39662,903
2026-06-15 07:20:00,1.39662,1.39679,1.39657,1.39663,588
2026-06-15 07:25:00,1.39663,1.39667,1.39642,1.39644,624
2026-06-15 07:30:00,1.39644,1.39649,1.39629,1.39635,971
2026-06-15 07:35:00,1.39635,1.3964,1.39626,1.39631,352
2026-06-15 07:40:00,1.39631,1.39657,1.39629,1.39654,683
2026-06-15 07:45:00,1.39654,1.39657,1.3961,1.39621,572
2026-06-15 07:50:00,1.3962,1.39626,1.3961,1.39624,609
2026-06-15 07:55:00,1.39624,1.3963,1.39608,1.39611,831
2026-06-15 08:00:00,1.39611,1.39614,1.39579,1.39587,812
2026-06-15 08:05:00,1.39587,1.39599,1.39585,1.39591,1002
2026-06-15 08:10:00,1.39591,1.39593,1.39512,1.39524,1107
2026-06-15 08:15:00,1.39524,1.39533,1.39504,1.39517,573
2026-06-15 08:20:00,1.39517,1.3953,1.39508,1.39525,614
2026-06-15 08:25:00,1.39525,1.39535,1.39518,1.39521,750
2026-06-15 08:30:00,1.39521,1.3955,1.39512,1.39541,686
2026-06-15 08:35:00,1.39541,1.39554,1.39539,1.39548,930
2026-06-15 08:40:00,1.39548,1.39568,1.39545,1.39565,1038
2026-06-15 08:45:00,1.39565,1.39572,1.39533,1.39537,680
2026-06-15 08:50:00,1.39539,1.39578,1.39533,1.39573,793
2026-06-15 08:55:00,1.39574,1.39585,1.39568,1.39581,860
2026-06-15 09:00:00,1.39581,1.39645,1.39576,1.39644,1093
2026-06-15 09:05:00,1.39644,1.39725,1.39644,1.39722,1104
2026-06-15 09:10:00,1.39722,1.3973,1.39686,1.39689,1108
2026-06-15 09:15:00,1.39689,1.3971,1.39676,1.39699,953
2026-06-15 09:20:00,1.39699,1.39715,1.39687,1.39688,1064
2026-06-15 09:25:00,1.39688,1.39704,1.3968,1.39702,1270
2026-06-15 09:30:00,1.39702,1.39783,1.39699,1.39778,1386
2026-06-15 09:35:00,1.39778,1.39782,1.39741,1.39743,960
2026-06-15 09:40:00,1.39743,1.3975,1.3973,1.39735,998
2026-06-15 09:45:00,1.39735,1.39744,1.39715,1.39735,1079
2026-06-15 09:50:00,1.39735,1.39744,1.39721,1.39732,1075
2026-06-15 09:55:00,1.39732,1.39745,1.3972,1.39723,726
2026-06-15 10:00:00,1.39723,1.39793,1.39713,1.39773,1333
2026-06-15 10:05:00,1.39774,1.3978,1.39737,1.39746,1485
2026-06-15 10:10:00,1.39746,1.39773,1.39735,1.3975,1649
2026-06-15 10:15:00,1.3975,1.3978,1.39744,1.39776,1401
2026-06-15 10:20:00,1.39776,1.39787,1.39737,1.39752,1114
2026-06-15 10:25:00,1.39752,1.39768,1.3975,1.39762,1264
2026-06-15 10:30:00,1.39762,1.3979,1.39747,1.39761,1410
2026-06-15 10:35:00,1.39761,1.39798,1.39745,1.39783,1170
2026-06-15 10:40:00,1.39783,1.39785,1.39755,1.39768,1220
2026-06-15 10:45:00,1.39769,1.39799,1.39758,1.39799,1078
2026-06-15 10:50:00,1.39799,1.39811,1.39779,1.39781,1103
2026-06-15 10:55:00,1.39781,1.398,1.39771,1.39774,1255
2026-06-15 11:00:00,1.39774,1.39786,1.39745,1.39751,1284
2026-06-15 11:05:00,1.39751,1.39781,1.39748,1.39776,1244
2026-06-15 11:10:00,1.39776,1.39783,1.39735,1.39741,815
2026-06-15 11:15:00,1.39743,1.39747,1.39706,1.39707,1037
2026-06-15 11:20:00,1.39707,1.39724,1.39704,1.39719,1081
2026-06-15 11:25:00,1.39719,1.39724,1.39704,1.39716,1083
2026-06-15 11:30:00,1.39716,1.3973,1.39685,1.39707,1108
2026-06-15 11:35:00,1.39707,1.39717,1.39685,1.39708,1231
2026-06-15 11:40:00,1.39708,1.39749,1.397,1.39744,1189
2026-06-15 11:45:00,1.39745,1.39764,1.39738,1.39761,1141
2026-06-15 11:50:00,1.39761,1.39772,1.39746,1.39746,762
2026-06-15 11:55:00,1.39746,1.39754,1.39734,1.39737,798
2026-06-15 12:00:00,1.39746,1.39747,1.39711,1.39712,56
2026-06-15 12:05:00,1.39712,1.39714,1.39676,1.39695,68
2026-06-15 12:10:00,1.39694,1.39696,1.39678,1.39695,68
2026-06-15 12:15:00,1.39699,1.39726,1.39698,1.39724,27
2026-06-15 12:20:00,1.39716,1.3973,1.39715,1.39724,44
2026-06-15 12:25:00,1.39716,1.39733,1.39716,1.39721,54
2026-06-15 12:30:00,1.39722,1.39728,1.39711,1.39715,36
2026-06-15 12:35:00,1.39711,1.39712,1.39696,1.39704,523
2026-06-15 12:40:00,1.39704,1.39712,1.39689,1.39705,802
2026-06-15 12:45:00,1.39704,1.39717,1.39701,1.39713,996
2026-06-15 12:50:00,1.39713,1.39735,1.39709,1.39731,906
2026-06-15 12:55:00,1.39731,1.39739,1.3972,1.3973,1082
2026-06-15 13:00:00,1.3973,1.39753,1.39724,1.39744,1088
2026-06-15 13:05:00,1.39744,1.39763,1.39743,1.3976,1147
2026-06-15 13:10:00,1.3976,1.39763,1.39735,1.39739,1055
2026-06-15 13:15:00,1.39739,1.3974,1.39711,1.39713,969
2026-06-15 13:20:00,1.39713,1.39715,1.39701,1.3971,1064
2026-06-15 13:25:00,1.39709,1.39717,1.39704,1.39712,1051
2026-06-15 13:30:00,1.39712,1.39719,1.39685,1.39685,911
2026-06-15 13:35:00,1.39685,1.39694,1.39665,1.39675,1044
2026-06-15 13:40:00,1.39675,1.3969,1.39668,1.39677,799
2026-06-15 13:45:00,1.39677,1.39693,1.39672,1.39673,768
2026-06-15 13:50:00,1.39674,1.39694,1.3967,1.39689,944
2026-06-15 13:55:00,1.39689,1.39707,1.39684,1.39704,957
2026-06-15 14:00:00,1.39704,1.3972,1.39695,1.39713,1282
2026-06-15 14:05:00,1.39713,1.39715,1.39692,1.39698,722
2026-06-15 14:10:00,1.39698,1.39715,1.39681,1.39712,892
2026-06-15 14:15:00,1.39712,1.39768,1.39711,1.39766,971
2026-06-15 14:20:00,1.39766,1.39781,1.39742,1.39775,1159
2026-06-15 14:25:00,1.39775,1.39795,1.3977,1.39786,1125
2026-06-15 14:30:00,1.39786,1.39786,1.39755,1.39757,1186
2026-06-15 14:35:00,1.39757,1.3979,1.39754,1.39774,1175
2026-06-15 14:40:00,1.39774,1.39801,1.3977,1.39793,1386
2026-06-15 14:45:00,1.39793,1.39819,1.39784,1.39786,1596
2026-06-15 14:50:00,1.39786,1.398,1.39774,1.39781,1517
2026-06-15 14:55:00,1.39782,1.39831,1.39775,1.39829,1203
2026-06-15 15:00:00,1.39829,1.39842,1.39796,1.39799,1349
2026-06-15 15:05:00,1.39799,1.39819,1.39794,1.39819,971
2026-06-15 15:10:00,1.39819,1.39828,1.39794,1.39797,1453
2026-06-15 15:15:00,1.39797,1.39821,1.39793,1.39796,743
2026-06-15 15:20:00,1.39796,1.39809,1.39778,1.39782,1303
2026-06-15 15:25:00,1.39782,1.3979,1.39764,1.3978,1164
2026-06-15 15:30:00,1.3978,1.39791,1.39767,1.3977,741
2026-06-15 15:35:00,1.3977,1.39776,1.39757,1.39757,1015
2026-06-15 15:40:00,1.39757,1.39775,1.39751,1.39754,867
2026-06-15 15:45:00,1.39754,1.39758,1.39728,1.39735,1039
2026-06-15 15:50:00,1.39735,1.39743,1.39718,1.3972,967
2026-06-15 15:55:00,1.3972,1.39749,1.39708,1.39733,1261
2026-06-15 16:00:00,1.39733,1.39761,1.39725,1.39744,1315
2026-06-15 16:05:00,1.39744,1.39772,1.39738,1.39769,1236
2026-06-15 16:10:00,1.39769,1.39769,1.39736,1.39739,952
2026-06-15 16:15:00,1.39739,1.39772,1.39729,1.39763,904
2026-06-15 16:20:00,1.39763,1.39774,1.39748,1.39759,1022
2026-06-15 16:25:00,1.39759,1.39783,1.39753,1.39776,998
2026-06-15 16:30:00,1.39776,1.39844,1.39776,1.39798,1799
2026-06-15 16:35:00,1.39798,1.39809,1.39775,1.39792,1583
2026-06-15 16:40:00,1.39792,1.39836,1.3978,1.39805,1693
2026-06-15 16:45:00,1.39805,1.39826,1.39788,1.39796,1511
2026-06-15 16:50:00,1.39796,1.39828,1.39793,1.39819,1608
2026-06-15 16:55:00,1.39819,1.39831,1.39781,1.39781,1218
2026-06-15 17:00:00,1.39781,1.39802,1.3977,1.39796,967
2026-06-15 17:05:00,1.39796,1.39812,1.39747,1.39782,1597
2026-06-15 17:10:00,1.39782,1.39816,1.39778,1.398,1530
2026-06-15 17:15:00,1.398,1.39824,1.39793,1.39814,1374
2026-06-15 17:20:00,1.39814,1.39861,1.39814,1.39856,1528
2026-06-15 17:25:00,1.39856,1.39868,1.3984,1.39853,1293
2026-06-15 17:30:00,1.39853,1.3992,1.39847,1.39916,1275
2026-06-15 17:35:00,1.39917,1.39919,1.39889,1.39905,1175
2026-06-15 17:40:00,1.39905,1.39928,1.39903,1.39914,1322
2026-06-15 17:45:00,1.39914,1.39916,1.39816,1.39824,1524
2026-06-15 17:50:00,1.39824,1.39824,1.39756,1.39757,1862
2026-06-15 17:55:00,1.39757,1.39764,1.39703,1.39742,2118
2026-06-15 18:00:00,1.39742,1.39787,1.39719,1.39747,1712
2026-06-15 18:05:00,1.39747,1.39751,1.39725,1.39725,1140
2026-06-15 18:10:00,1.39725,1.39749,1.39717,1.39749,1216
2026-06-15 18:15:00,1.39749,1.39769,1.39737,1.39759,989
2026-06-15 18:20:00,1.39759,1.39794,1.39744,1.39789,1157
2026-06-15 18:25:00,1.39791,1.39804,1.39782,1.39784,1220
2026-06-15 18:30:00,1.39784,1.39832,1.39778,1.39824,1467
2026-06-15 18:35:00,1.39824,1.3985,1.3982,1.39845,1185
2026-06-15 18:40:00,1.39846,1.39849,1.3983,1.39843,1152
2026-06-15 18:45:00,1.39843,1.39877,1.39819,1.39877,920
2026-06-15 18:50:00,1.39877,1.3989,1.39862,1.39869,1218
2026-06-15 18:55:00,1.39869,1.39869,1.3983,1.39842,1122
2026-06-15 19:00:00,1.39842,1.39873,1.3984,1.39841,1136
2026-06-15 19:05:00,1.39841,1.39842,1.39822,1.39835,944
2026-06-15 19:10:00,1.39835,1.39859,1.39833,1.39842,895
2026-06-15 19:15:00,1.39842,1.39859,1.39832,1.39852,1123
2026-06-15 19:20:00,1.39852,1.39882,1.39848,1.39877,1317
2026-06-15 19:25:00,1.39877,1.39877,1.39849,1.39852,1146
2026-06-15 19:30:00,1.39852,1.39875,1.39828,1.3985,1477
2026-06-15 19:35:00,1.3985,1.39864,1.39836,1.39858,1127
2026-06-15 19:40:00,1.39858,1.39864,1.39851,1.39856,913
2026-06-15 19:45:00,1.39856,1.39858,1.39831,1.39843,1056
2026-06-15 19:50:00,1.39843,1.39859,1.39814,1.39815,1213
2026-06-15 19:55:00,1.39815,1.39841,1.39809,1.39817,1142
2026-06-15 20:00:00,1.39817,1.39838,1.3981,1.39819,1164
2026-06-15 20:05:00,1.39819,1.39827,1.39805,1.39823,1039
2026-06-15 20:10:00,1.39823,1.39839,1.3981,1.39828,1099
2026-06-15 20:15:00,1.39828,1.39851,1.39822,1.39847,1085
2026-06-15 20:20:00,1.39847,1.39858,1.39835,1.39843,927
2026-06-15 20:25:00,1.39843,1.39845,1.39811,1.39816,932
2026-06-15 20:30:00,1.39816,1.39846,1.39813,1.39842,1134
2026-06-15 20:35:00,1.39843,1.39851,1.39834,1.39848,835
2026-06-15 20:40:00,1.39848,1.39855,1.39841,1.39847,660
2026-06-15 20:45:00,1.39847,1.39848,1.39836,1.3984,36
