symbol,timeframe,date,open,high,low,close,volume,quantity
VALE3,M15,09/06/2026,77.88,78.5,77.86,78.5,320474731.0,4085400.0
VALE3,M15,09/06/2026,77.93,78.05,77.82,77.89,40745712.0,522900.0
VALE3,M15,09/06/2026,77.94,78.01,77.84,77.93,44922905.0,576500.0
VALE3,M15,09/06/2026,78.13,78.2,77.94,77.95,34006198.0,435500.0
VALE3,M15,09/06/2026,78.08,78.18,78.04,78.13,25236230.0,323100.0
VALE3,M15,09/06/2026,78.09,78.23,78.06,78.08,21140468.0,270500.0
VALE3,M15,09/06/2026,77.88,78.13,77.78,78.09,18792524.0,240900.0
VALE3,M15,09/06/2026,77.88,77.91,77.72,77.85,36406599.0,468000.0
VALE3,M15,09/06/2026,77.9,77.95,77.76,77.9,18937370.0,243200.0
VALE3,M15,09/06/2026,77.62,77.99,77.57,77.9,31762172.0,408200.0
VALE3,M15,09/06/2026,77.43,77.7,77.36,77.63,34778191.0,448400.0
VALE3,M15,09/06/2026,77.2,77.43,77.16,77.43,19442751.0,251500.0
VALE3,M15,09/06/2026,77.13,77.28,77.0,77.16,39339193.0,509900.0
VALE3,M15,09/06/2026,77.37,77.47,76.83,77.13,73535573.0,954300.0
VALE3,M15,09/06/2026,77.44,77.5,77.14,77.41,64501035.0,834500.0
VALE3,M15,09/06/2026,77.48,77.67,77.41,77.42,28620733.0,369400.0
VALE3,M15,09/06/2026,77.64,77.74,77.47,77.48,26037465.0,335500.0
VALE3,M15,09/06/2026,77.52,77.67,77.35,77.63,63194745.0,815200.0
VALE3,M15,09/06/2026,77.97,78.05,77.51,77.52,34480680.0,443200.0
VALE3,M15,09/06/2026,78.05,78.1,77.84,77.97,19337063.0,248100.0
VALE3,M15,09/06/2026,77.95,78.14,77.77,78.04,86233357.0,1106700.0
VALE3,M15,09/06/2026,78.37,78.41,77.95,77.97,48729611.0,623700.0
VALE3,M15,09/06/2026,78.34,78.5,78.17,78.35,25394858.0,324000.0
VALE3,M15,09/06/2026,78.22,78.53,78.22,78.35,17519260.0,223400.0
VALE3,M15,09/06/2026,78.05,78.45,78.04,78.22,28738846.0,367200.0
VALE3,M15,09/06/2026,78.41,78.54,78.0,78.05,69585329.0,890300.0
VALE3,M15,09/06/2026,78.4,78.5,78.12,78.42,39675342.0,506400.0
VALE3,M15,09/06/2026,78.79,78.79,78.23,78.38,53735480.0,684400.0
VALE3,M15,08/06/2026,78.07,78.1,78.0,78.1,1389177.0,17800.0
VALE3,M15,08/06/2026,77.91,78.07,77.85,78.07,295312419.0,3785100.0
VALE3,M15,08/06/2026,77.98,78.02,77.79,77.91,34304994.0,440200.0
VALE3,M15,08/06/2026,77.98,78.0,77.86,77.97,31235733.0,400700.0
VALE3,M15,08/06/2026,78.18,78.19,77.94,77.96,28185619.0,361000.0
VALE3,M15,08/06/2026,78.25,78.29,78.1,78.18,33842565.0,432900.0
VALE3,M15,08/06/2026,78.06,78.37,78.06,78.26,37331941.0,477400.0
VALE3,M15,08/06/2026,78.02,78.08,77.96,78.06,23802595.0,305100.0
VALE3,M15,08/06/2026,77.98,78.12,77.9,78.03,62923084.0,806300.0
VALE3,M15,08/06/2026,77.78,78.04,77.78,77.98,20933624.0,268700.0
VALE3,M15,08/06/2026,77.76,77.84,77.72,77.78,17610471.0,226400.0
VALE3,M15,08/06/2026,77.7,77.81,77.6,77.78,19104656.0,245900.0
VALE3,M15,08/06/2026,77.73,77.73,77.6,77.7,21704162.0,279500.0
VALE3,M15,08/06/2026,77.79,77.8,77.7,77.73,8032045.0,103300.0
VALE3,M15,08/06/2026,77.7,77.8,77.65,77.79,20133858.0,259000.0
VALE3,M15,08/06/2026,77.77,77.83,77.7,77.7,22768663.0,292900.0
VALE3,M15,08/06/2026,77.85,77.87,77.73,77.77,10609600.0,136400.0
VALE3,M15,08/06/2026,77.91,77.96,77.82,77.86,15903994.0,204200.0
VALE3,M15,08/06/2026,77.81,78.03,77.77,77.92,20442603.0,262400.0
VALE3,M15,08/06/2026,77.88,77.96,77.75,77.82,21674739.0,278500.0
VALE3,M15,08/06/2026,77.99,78.08,77.8,77.88,28443047.0,365000.0
VALE3,M15,08/06/2026,78.12,78.15,77.85,77.96,21385893.0,274200.0
VALE3,M15,08/06/2026,77.7,78.15,77.7,78.13,61366345.0,787300.0
VALE3,M15,08/06/2026,77.58,77.75,77.38,77.71,44257424.0,570700.0
VALE3,M15,08/06/2026,77.68,77.77,77.32,77.58,57247091.0,738500.0
VALE3,M15,08/06/2026,77.91,78.09,77.67,77.68,67600840.0,868100.0
VALE3,M15,08/06/2026,78.4,78.5,77.78,77.91,86319431.0,1104700.0
VALE3,M15,08/06/2026,78.43,78.64,78.21,78.45,63134530.0,804700.0
VALE3,M15,08/06/2026,78.92,79.28,78.35,78.44,45170985.0,574600.0
VALE3,M15,05/06/2026,78.72,79.08,78.55,78.99,7724514.0,97900.0
VALE3,M15,05/06/2026,78.49,78.7,78.44,78.7,240837014.0,3061100.0
VALE3,M15,05/06/2026,78.66,78.67,78.33,78.5,101307215.0,1291500.0
VALE3,M15,05/06/2026,78.54,78.66,78.48,78.66,51112222.0,650600.0
VALE3,M15,05/06/2026,78.8,78.82,78.44,78.55,139371479.0,1774200.0
VALE3,M15,05/06/2026,78.85,78.96,78.71,78.79,66765603.0,847300.0
VALE3,M15,05/06/2026,78.86,78.95,78.82,78.87,39617883.0,502300.0
VALE3,M15,05/06/2026,78.85,78.88,78.72,78.87,38382669.0,487100.0
VALE3,M15,05/06/2026,79.12,79.17,78.84,78.86,33654816.0,426200.0
VALE3,M15,05/06/2026,79.1,79.13,78.97,79.1,34007874.0,430200.0
VALE3,M15,05/06/2026,79.16,79.4,79.1,79.11,41490747.0,523600.0
VALE3,M15,05/06/2026,79.03,79.2,78.98,79.16,36993241.0,467800.0
VALE3,M15,05/06/2026,79.13,79.13,79.01,79.03,26510304.0,335400.0
VALE3,M15,05/06/2026,79.01,79.22,78.88,79.13,53813569.0,681000.0
VALE3,M15,05/06/2026,79.15,79.16,79.0,79.0,43816221.0,554200.0
VALE3,M15,05/06/2026,79.26,79.31,79.14,79.15,25597763.0,323100.0
VALE3,M15,05/06/2026,79.16,79.33,79.06,79.26,38590076.0,487200.0
VALE3,M15,05/06/2026,79.2,79.25,79.1,79.16,48417412.0,611700.0
VALE3,M15,05/06/2026,79.57,79.61,79.12,79.19,48347797.0,609900.0
VALE3,M15,05/06/2026,79.45,79.58,79.37,79.57,29299633.0,368800.0
VALE3,M15,05/06/2026,79.7,79.74,79.43,79.45,16851086.0,211700.0
VALE3,M15,05/06/2026,79.49,79.81,79.44,79.69,27697445.0,347700.0
VALE3,M15,05/06/2026,79.15,79.69,79.14,79.47,92467305.0,1163400.0
VALE3,M15,05/06/2026,79.6,79.71,79.13,79.15,73914051.0,931900.0
VALE3,M15,05/06/2026,79.61,79.85,79.41,79.61,86160734.0,1082700.0
VALE3,M15,05/06/2026,79.83,79.97,79.6,79.6,105760138.0,1325500.0
VALE3,M15,05/06/2026,79.9,80.05,79.41,79.85,128741874.0,1614000.0
VALE3,M15,05/06/2026,80.15,80.39,79.9,79.9,40737950.0,508400.0
VALE3,M15,05/06/2026,80.79,80.79,80.06,80.15,103811929.0,1291100.0
VALE3,M15,03/06/2026,81.8,81.85,81.71,81.84,12306374.0,150500.0
VALE3,M15,03/06/2026,82.1,82.15,81.79,81.79,247902145.0,3029100.0
VALE3,M15,03/06/2026,82.11,82.22,82.06,82.1,82114849.0,999800.0
VALE3,M15,03/06/2026,82.14,82.21,81.92,82.14,44386264.0,540900.0
VALE3,M15,03/06/2026,81.99,82.21,81.94,82.15,45135042.0,549900.0
VALE3,M15,03/06/2026,81.86,82.0,81.83,81.99,16121431.0,196800.0
VALE3,M15,03/06/2026,81.94,82.06,81.8,81.86,33011818.0,403100.0
VALE3,M15,03/06/2026,82.04,82.07,81.9,81.96,24217798.0,295500.0
VALE3,M15,03/06/2026,81.91,82.12,81.88,82.06,34144196.0,416300.0
VALE3,M15,03/06/2026,82.07,82.07,81.86,81.91,36264271.0,442300.0
VALE3,M15,03/06/2026,82.0,82.14,82.0,82.08,20278771.0,247100.0
VALE3,M15,03/06/2026,82.05,82.1,82.0,82.01,20022026.0,244100.0
VALE3,M15,03/06/2026,82.03,82.19,81.9,82.07,40040527.0,487800.0
VALE3,M15,03/06/2026,81.97,82.06,81.81,82.02,26548874.0,324000.0
VALE3,M15,03/06/2026,81.97,82.03,81.9,81.96,17555510.0,214200.0
VALE3,M15,03/06/2026,82.03,82.06,81.84,81.98,18283537.0,223100.0
VALE3,M15,03/06/2026,82.09,82.09,81.91,82.03,17677039.0,215600.0
VALE3,M15,03/06/2026,82.11,82.28,82.05,82.06,46875449.0,570700.0
VALE3,M15,03/06/2026,82.25,82.3,81.98,82.11,26000193.0,316600.0
VALE3,M15,03/06/2026,82.0,82.36,82.0,82.27,24339655.0,296100.0
VALE3,M15,03/06/2026,82.32,82.36,81.88,82.01,53704300.0,654000.0
VALE3,M15,03/06/2026,82.2,82.45,82.04,82.32,34512840.0,419800.0
VALE3,M15,03/06/2026,82.43,82.69,82.18,82.21,82580546.0,1002100.0
VALE3,M15,03/06/2026,82.33,82.55,82.2,82.43,60769830.0,738100.0
VALE3,M15,03/06/2026,82.04,82.5,82.02,82.35,141453265.0,1718900.0
VALE3,M15,03/06/2026,82.62,82.62,81.93,82.04,121508169.0,1476800.0
VALE3,M15,03/06/2026,83.04,83.04,82.56,82.63,130642359.0,1578400.0
VALE3,M15,03/06/2026,83.56,83.79,83.02,83.02,73690305.0,883400.0
VALE3,M15,03/06/2026,83.61,83.71,83.42,83.56,56320550.0,673800.0
VALE3,M15,02/06/2026,84.99,85.06,84.8,85.06,8411470.0,99000.0
VALE3,M15,02/06/2026,84.83,85.0,84.74,85.0,200270070.0,2357300.0
VALE3,M15,02/06/2026,84.91,84.96,84.74,84.83,76791627.0,905000.0
VALE3,M15,02/06/2026,84.89,85.0,84.79,84.92,38629219.0,455000.0
VALE3,M15,02/06/2026,84.78,84.94,84.76,84.89,48941197.0,576900.0
VALE3,M15,02/06/2026,84.62,84.81,84.58,84.8,30965007.0,365500.0
VALE3,M15,02/06/2026,84.63,84.8,84.59,84.62,45730767.0,540100.0
VALE3,M15,02/06/2026,84.67,84.78,84.6,84.64,29895997.0,353100.0
VALE3,M15,02/06/2026,84.58,84.69,84.56,84.67,23213158.0,274300.0
VALE3,M15,02/06/2026,84.61,84.68,84.47,84.58,21123438.0,249800.0
VALE3,M15,02/06/2026,84.51,84.78,84.5,84.61,20724326.0,244800.0
VALE3,M15,02/06/2026,84.84,84.84,84.46,84.5,41401599.0,489200.0
VALE3,M15,02/06/2026,84.87,85.08,84.75,84.84,48800251.0,574600.0
VALE3,M15,02/06/2026,84.87,84.97,84.78,84.88,27784690.0,327300.0
VALE3,M15,02/06/2026,84.48,84.97,84.44,84.87,59485273.0,701300.0
VALE3,M15,02/06/2026,84.62,84.62,84.44,84.48,22351531.0,264500.0
VALE3,M15,02/06/2026,84.56,84.67,84.49,84.58,21818905.0,258000.0
VALE3,M15,02/06/2026,84.5,84.62,84.45,84.58,28097175.0,332400.0
VALE3,M15,02/06/2026,84.44,84.53,84.4,84.5,24378418.0,288600.0
VALE3,M15,02/06/2026,84.22,84.49,84.11,84.42,51864494.0,615300.0
VALE3,M15,02/06/2026,84.56,84.69,84.2,84.2,58999026.0,698600.0
VALE3,M15,02/06/2026,84.44,84.75,84.41,84.58,89968263.0,1063400.0
VALE3,M15,02/06/2026,83.83,84.66,83.81,84.46,171841389.0,2038000.0
VALE3,M15,02/06/2026,83.25,83.83,83.23,83.8,75821082.0,908300.0
VALE3,M15,02/06/2026,83.22,83.27,83.05,83.27,42148054.0,506800.0
VALE3,M15,02/06/2026,83.53,83.73,83.2,83.22,66324159.0,794800.0
VALE3,M15,02/06/2026,82.9,83.65,82.62,83.52,104101661.0,1249100.0
VALE3,M15,02/06/2026,82.54,82.98,82.41,82.9,36653215.0,443500.0
VALE3,M15,02/06/2026,82.22,82.65,82.04,82.55,39779077.0,482900.0
VALE3,M15,01/06/2026,81.69,81.79,81.57,81.64,2090498.0,25600.0
VALE3,M15,01/06/2026,82.02,82.03,81.7,81.7,180037106.0,2202400.0
VALE3,M15,01/06/2026,81.85,82.08,81.83,82.01,35247412.0,430000.0
VALE3,M15,01/06/2026,81.67,81.89,81.65,81.86,36382867.0,444900.0
VALE3,M15,01/06/2026,81.77,81.8,81.61,81.68,25022492.0,306300.0
VALE3,M15,01/06/2026,81.8,81.89,81.72,81.78,13538478.0,165500.0
VALE3,M15,01/06/2026,81.83,81.93,81.69,81.8,18340793.0,224200.0
VALE3,M15,01/06/2026,81.78,81.87,81.72,81.84,20871203.0,255100.0
VALE3,M15,01/06/2026,81.77,81.89,81.71,81.77,18302196.0,223800.0
VALE3,M15,01/06/2026,81.59,81.85,81.5,81.8,36325109.0,444800.0
VALE3,M15,01/06/2026,81.48,81.69,81.39,81.59,34851473.0,427400.0
VALE3,M15,01/06/2026,81.33,81.48,81.16,81.47,44737699.0,550400.0
VALE3,M15,01/06/2026,81.31,81.35,81.2,81.33,17766701.0,218600.0
VALE3,M15,01/06/2026,80.92,81.31,80.89,81.29,19362028.0,238700.0
VALE3,M15,01/06/2026,80.82,80.95,80.77,80.9,21612429.0,267300.0
VALE3,M15,01/06/2026,80.84,80.95,80.77,80.82,18520313.0,229000.0
VALE3,M15,01/06/2026,81.01,81.1,80.73,80.84,31029698.0,383600.0
VALE3,M15,01/06/2026,81.01,81.03,80.95,81.01,6025419.0,74400.0
VALE3,M15,01/06/2026,81.0,81.2,80.94,80.97,46335943.0,571800.0
VALE3,M15,01/06/2026,80.7,81.04,80.64,81.03,66455910.0,822100.0
VALE3,M15,01/06/2026,80.64,80.77,80.59,80.7,40574026.0,502900.0
VALE3,M15,01/06/2026,80.8,80.82,80.58,80.64,61973857.0,767800.0
VALE3,M15,01/06/2026,80.97,81.1,80.76,80.81,39463454.0,487600.0
VALE3,M15,01/06/2026,81.25,81.42,80.82,80.99,57212169.0,705800.0
VALE3,M15,01/06/2026,81.16,81.33,80.96,81.24,95683385.0,1180000.0
VALE3,M15,01/06/2026,81.35,81.4,80.88,81.13,51934911.0,639800.0
VALE3,M15,01/06/2026,80.77,81.59,80.74,81.3,121670774.0,1497900.0
VALE3,M15,01/06/2026,81.69,81.79,80.71,80.78,91969594.0,1134100.0
VALE3,M15,01/06/2026,82.13,82.25,81.57,81.69,97015759.0,1184100.0
VALE3,M15,29/05/2026,82.84,82.85,82.43,82.45,1164307.0,14100.0
VALE3,M15,29/05/2026,82.65,82.82,82.38,82.82,655313340.0,7914700.0
VALE3,M15,29/05/2026,82.87,82.89,82.63,82.64,77279616.0,933800.0
VALE3,M15,29/05/2026,82.81,82.89,82.76,82.87,37192903.0,449000.0
VALE3,M15,29/05/2026,82.56,82.85,82.53,82.78,30058144.0,363300.0
VALE3,M15,29/05/2026,82.68,82.93,82.49,82.56,42398052.0,512800.0
VALE3,M15,29/05/2026,82.75,82.8,82.65,82.68,21700489.0,262300.0
VALE3,M15,29/05/2026,82.83,82.87,82.72,82.76,18959000.0,229000.0
VALE3,M15,29/05/2026,82.8,82.91,82.77,82.82,18459225.0,222800.0
VALE3,M15,29/05/2026,82.84,82.94,82.79,82.8,29001540.0,350000.0
VALE3,M15,29/05/2026,82.65,82.88,82.64,82.84,32890441.0,397400.0
VALE3,M15,29/05/2026,82.86,82.97,82.6,82.64,27939961.0,337600.0
VALE3,M15,29/05/2026,82.79,83.01,82.74,82.86,27611679.0,333200.0
VALE3,M15,29/05/2026,83.1,83.11,82.55,82.76,99076772.0,1197200.0
VALE3,M15,29/05/2026,83.13,83.25,83.04,83.1,48976955.0,589100.0
VALE3,M15,29/05/2026,83.05,83.2,82.95,83.14,50713753.0,610500.0
VALE3,M15,29/05/2026,83.43,83.43,82.99,83.04,17390350.0,209100.0
VALE3,M15,29/05/2026,83.41,83.54,83.38,83.44,36739155.0,440300.0
VALE3,M15,29/05/2026,83.64,83.71,83.36,83.41,28273169.0,338200.0
VALE3,M15,29/05/2026,83.93,83.98,83.62,83.64,31699627.0,378500.0
VALE3,M15,29/05/2026,83.8,83.98,83.61,83.96,46494907.0,554800.0
VALE3,M15,29/05/2026,83.19,83.82,83.14,83.82,51910721.0,622000.0
VALE3,M15,29/05/2026,83.04,83.2,82.99,83.19,19218312.0,231300.0
VALE3,M15,29/05/2026,83.03,83.16,82.89,83.06,27038213.0,325700.0
VALE3,M15,29/05/2026,83.47,83.58,82.99,83.04,46930798.0,563300.0
VALE3,M15,29/05/2026,83.95,84.04,83.45,83.45,94266306.0,1124500.0
VALE3,M15,29/05/2026,83.69,84.2,83.38,83.96,61053189.0,729600.0
VALE3,M15,29/05/2026,83.85,84.05,83.55,83.7,35669610.0,425700.0
VALE3,M15,29/05/2026,84.01,84.28,83.86,83.86,15894616.0,189100.0
VALE3,M15,28/05/2026,83.9,83.99,83.79,83.79,2776061.0,33100.0
VALE3,M15,28/05/2026,83.86,83.96,83.8,83.96,188028325.0,2240100.0
VALE3,M15,28/05/2026,83.81,83.9,83.76,83.86,75583367.0,901700.0
VALE3,M15,28/05/2026,83.85,83.85,83.75,83.8,23715848.0,283000.0
VALE3,M15,28/05/2026,83.86,83.92,83.78,83.84,48516519.0,578700.0
VALE3,M15,28/05/2026,83.81,83.89,83.8,83.85,18079188.0,215600.0
VALE3,M15,28/05/2026,83.94,83.94,83.78,83.8,21204517.0,252800.0
VALE3,M15,28/05/2026,83.93,84.0,83.91,83.95,24339479.0,289900.0
VALE3,M15,28/05/2026,83.97,84.0,83.86,83.94,20125268.0,239800.0
VALE3,M15,28/05/2026,83.83,84.0,83.83,83.97,26007664.0,309800.0
VALE3,M15,28/05/2026,83.75,83.89,83.74,83.83,24262323.0,289400.0
VALE3,M15,28/05/2026,83.79,83.82,83.72,83.75,16133985.0,192600.0
VALE3,M15,28/05/2026,83.92,83.92,83.63,83.79,18207140.0,217300.0
VALE3,M15,28/05/2026,83.93,83.98,83.82,83.93,15853240.0,188900.0
VALE3,M15,28/05/2026,84.0,84.02,83.91,83.92,14451003.0,172100.0
VALE3,M15,28/05/2026,84.0,84.04,83.8,84.0,21707837.0,258600.0
VALE3,M15,28/05/2026,83.93,84.0,83.84,84.0,20294731.0,241800.0
VALE3,M15,28/05/2026,83.91,83.98,83.85,83.95,16762038.0,199700.0
VALE3,M15,28/05/2026,83.85,84.05,83.8,83.92,41922357.0,499600.0
VALE3,M15,28/05/2026,83.76,83.85,83.63,83.85,23214810.0,277300.0
VALE3,M15,28/05/2026,83.54,83.81,83.53,83.76,21806018.0,260500.0
VALE3,M15,28/05/2026,83.65,83.76,83.45,83.51,27452625.0,328300.0
VALE3,M15,28/05/2026,83.73,83.8,83.49,83.66,27424566.0,327900.0
VALE3,M15,28/05/2026,83.6,83.86,83.45,83.73,47067673.0,562700.0
VALE3,M15,28/05/2026,82.8,83.69,82.64,83.55,43481360.0,522300.0
VALE3,M15,28/05/2026,82.78,83.0,82.63,82.79,59778455.0,722000.0
VALE3,M15,28/05/2026,83.32,83.59,82.24,82.78,138596953.0,1676000.0
VALE3,M15,28/05/2026,83.36,83.47,83.23,83.38,17643010.0,211700.0
VALE3,M15,28/05/2026,83.15,83.79,83.15,83.4,25497446.0,305700.0
VALE3,M15,27/05/2026,83.5,83.5,83.3,83.48,767273.0,9200.0
VALE3,M15,27/05/2026,83.38,83.5,83.31,83.45,180436438.0,2162700.0
VALE3,M15,27/05/2026,83.33,83.4,83.29,83.38,48776803.0,585200.0
VALE3,M15,27/05/2026,83.3,83.36,83.21,83.34,31224107.0,374900.0
VALE3,M15,27/05/2026,83.32,83.34,83.26,83.3,18908447.0,227000.0
VALE3,M15,27/05/2026,83.32,83.33,83.24,83.31,31654442.0,380000.0
VALE3,M15,27/05/2026,83.33,83.39,83.27,83.32,12598805.0,151200.0
VALE3,M15,27/05/2026,83.27,83.36,83.27,83.32,13303945.0,159700.0
VALE3,M15,27/05/2026,83.21,83.4,83.04,83.26,47613280.0,572300.0
VALE3,M15,27/05/2026,83.17,83.28,83.12,83.21,15275897.0,183600.0
VALE3,M15,27/05/2026,83.03,83.26,83.0,83.17,15954908.0,191900.0
VALE3,M15,27/05/2026,82.96,83.11,82.94,83.05,14236644.0,171500.0
VALE3,M15,27/05/2026,83.09,83.18,82.91,82.95,64612179.0,778300.0
VALE3,M15,27/05/2026,83.18,83.22,83.05,83.08,11389561.0,137000.0
VALE3,M15,27/05/2026,83.23,83.28,83.16,83.18,9377838.0,112700.0
VALE3,M15,27/05/2026,83.17,83.28,83.11,83.23,12033048.0,144600.0
VALE3,M15,27/05/2026,83.12,83.19,82.97,83.18,14996403.0,180500.0
VALE3,M15,27/05/2026,83.08,83.19,82.87,83.11,21680277.0,261200.0
VALE3,M15,27/05/2026,83.25,83.32,83.07,83.08,13409601.0,161200.0
VALE3,M15,27/05/2026,83.39,83.39,83.06,83.24,15208681.0,182800.0
VALE3,M15,27/05/2026,83.24,83.44,83.14,83.39,19683940.0,236200.0
VALE3,M15,27/05/2026,82.98,83.32,82.97,83.22,16498466.0,198400.0
VALE3,M15,27/05/2026,82.71,83.0,82.51,82.99,33921862.0,409900.0
VALE3,M15,27/05/2026,83.0,83.15,82.53,82.7,51055409.0,616400.0
VALE3,M15,27/05/2026,83.49,83.52,82.93,83.0,34723120.0,417600.0
VALE3,M15,27/05/2026,83.44,83.61,83.3,83.5,20987366.0,251500.0
VALE3,M15,27/05/2026,83.19,83.75,83.11,83.47,41433919.0,496200.0
VALE3,M15,27/05/2026,83.74,83.75,83.17,83.24,19896846.0,238500.0
VALE3,M15,27/05/2026,83.68,83.94,83.41,83.74,52001411.0,621000.0
VALE3,M15,26/05/2026,83.1,83.1,82.84,82.85,1566910.0,18900.0
VALE3,M15,26/05/2026,82.75,83.07,82.7,83.07,169008853.0,2035800.0
VALE3,M15,26/05/2026,82.65,82.78,82.64,82.75,23936758.0,289400.0
VALE3,M15,26/05/2026,82.58,82.68,82.56,82.64,24497722.0,296500.0
VALE3,M15,26/05/2026,82.61,82.62,82.49,82.58,19828323.0,240200.0
VALE3,M15,26/05/2026,82.53,82.74,82.51,82.61,31611220.0,382500.0
VALE3,M15,26/05/2026,82.41,82.59,82.4,82.54,28730223.0,348200.0
VALE3,M15,26/05/2026,82.64,82.66,82.4,82.4,19044459.0,230700.0
VALE3,M15,26/05/2026,82.48,82.64,82.46,82.64,17844857.0,216200.0
VALE3,M15,26/05/2026,82.51,82.63,82.47,82.48,17010227.0,206100.0
VALE3,M15,26/05/2026,82.44,82.65,82.41,82.51,15390982.0,186400.0
VALE3,M15,26/05/2026,82.55,82.56,82.38,82.44,17683152.0,214500.0
VALE3,M15,26/05/2026,82.44,82.61,82.3,82.57,25692729.0,311600.0
VALE3,M15,26/05/2026,82.65,82.73,82.44,82.45,16870183.0,204300.0
VALE3,M15,26/05/2026,82.7,82.73,82.48,82.64,14327652.0,173500.0
VALE3,M15,26/05/2026,82.65,82.7,82.6,82.7,5984415.0,72400.0
VALE3,M15,26/05/2026,82.77,82.85,82.63,82.66,49670145.0,600300.0
VALE3,M15,26/05/2026,82.68,82.77,82.52,82.76,14577104.0,176400.0
VALE3,M15,26/05/2026,82.71,82.71,82.57,82.67,15528459.0,187900.0
VALE3,M15,26/05/2026,83.09,83.1,82.65,82.72,23771347.0,287000.0
VALE3,M15,26/05/2026,83.26,83.27,83.0,83.09,19133961.0,230200.0
VALE3,M15,26/05/2026,83.23,83.43,83.16,83.27,19979204.0,239900.0
VALE3,M15,26/05/2026,83.07,83.27,83.0,83.25,16939826.0,203800.0
VALE3,M15,26/05/2026,83.0,83.1,82.93,83.04,34443549.0,414900.0
VALE3,M15,26/05/2026,83.21,83.24,82.9,82.99,84532854.0,1018000.0
VALE3,M15,26/05/2026,83.52,83.53,83.04,83.23,39248371.0,471500.0
VALE3,M15,26/05/2026,83.86,84.12,83.52,83.54,38617564.0,460900.0
VALE3,M15,26/05/2026,83.57,84.0,83.55,83.86,33632317.0,401400.0
VALE3,M15,26/05/2026,83.23,83.58,83.23,83.58,24147262.0,289600.0
VALE3,M15,25/05/2026,83.35,83.6,83.35,83.59,1821121.0,21800.0
VALE3,M15,25/05/2026,83.15,83.59,83.14,83.59,96125125.0,1150900.0
VALE3,M15,25/05/2026,83.1,83.19,83.05,83.16,19007239.0,228700.0
VALE3,M15,25/05/2026,83.04,83.14,82.97,83.12,10026559.0,120700.0
VALE3,M15,25/05/2026,82.9,83.33,82.9,83.05,62109128.0,747500.0
VALE3,M15,25/05/2026,82.71,82.91,82.7,82.91,14008106.0,169200.0
VALE3,M15,25/05/2026,82.75,82.81,82.71,82.72,9334045.0,112800.0
VALE3,M15,25/05/2026,82.69,82.78,82.65,82.75,19234711.0,232600.0
VALE3,M15,25/05/2026,82.65,82.71,82.53,82.7,13666156.0,165400.0
VALE3,M15,25/05/2026,82.8,82.82,82.61,82.66,14307692.0,173000.0
VALE3,M15,25/05/2026,82.8,82.94,82.77,82.81,14711392.0,177600.0
VALE3,M15,25/05/2026,82.8,82.82,82.68,82.79,49075526.0,592900.0
VALE3,M15,25/05/2026,82.81,82.85,82.8,82.8,5673999.0,68500.0
VALE3,M15,25/05/2026,82.82,82.86,82.75,82.81,8902214.0,107500.0
VALE3,M15,25/05/2026,82.75,82.84,82.74,82.82,6317822.0,76300.0
VALE3,M15,25/05/2026,82.7,82.79,82.7,82.76,4897976.0,59200.0
VALE3,M15,25/05/2026,82.73,82.74,82.65,82.7,8136366.0,98400.0
VALE3,M15,25/05/2026,82.78,82.81,82.68,82.73,7399321.0,89400.0
VALE3,M15,25/05/2026,82.5,82.8,82.47,82.78,9411994.0,113900.0
VALE3,M15,25/05/2026,82.77,82.77,82.45,82.5,65077096.0,787900.0
VALE3,M15,25/05/2026,82.68,82.78,82.63,82.76,11031287.0,133400.0
VALE3,M15,25/05/2026,82.68,82.85,82.67,82.67,5072523.0,61300.0
VALE3,M15,25/05/2026,82.83,82.84,82.56,82.68,20080048.0,242800.0
VALE3,M15,25/05/2026,82.9,82.9,82.75,82.83,9143272.0,110400.0
VALE3,M15,25/05/2026,82.81,83.03,82.8,82.91,13848856.0,167000.0
VALE3,M15,25/05/2026,82.83,82.86,82.66,82.79,23543737.0,284600.0
VALE3,M15,25/05/2026,82.81,82.93,82.72,82.84,12068612.0,145700.0
VALE3,M15,25/05/2026,82.87,83.06,82.75,82.83,11813533.0,142500.0
VALE3,M15,25/05/2026,82.84,82.92,82.5,82.89,39531353.0,477600.0
VALE3,M15,22/05/2026,83.14,83.15,82.41,82.41,12991521.0,157100.0
VALE3,M15,22/05/2026,83.0,83.1,82.81,83.1,118461006.0,1426500.0
VALE3,M15,22/05/2026,83.04,83.14,82.9,82.99,34105945.0,410800.0
VALE3,M15,22/05/2026,83.01,83.14,83.0,83.01,28565121.0,343900.0
VALE3,M15,22/05/2026,83.05,83.07,82.91,83.0,20035105.0,241400.0
VALE3,M15,22/05/2026,82.76,83.1,82.76,83.04,23780048.0,286600.0
VALE3,M15,22/05/2026,82.93,82.94,82.74,82.75,37547127.0,453200.0
VALE3,M15,22/05/2026,82.87,82.95,82.78,82.94,15740016.0,189900.0
VALE3,M15,22/05/2026,82.73,82.87,82.62,82.87,76949969.0,930000.0
VALE3,M15,22/05/2026,82.72,82.78,82.64,82.73,8660670.0,104700.0
VALE3,M15,22/05/2026,82.8,82.95,82.69,82.76,25677333.0,310000.0
VALE3,M15,22/05/2026,82.52,82.8,82.48,82.8,21656279.0,262100.0
VALE3,M15,22/05/2026,82.43,82.6,82.42,82.5,11488021.0,139200.0
VALE3,M15,22/05/2026,82.48,82.54,82.4,82.42,11354534.0,137700.0
VALE3,M15,22/05/2026,82.37,82.49,82.31,82.48,7169038.0,87000.0
VALE3,M15,22/05/2026,82.33,82.41,82.27,82.37,22218588.0,269800.0
VALE3,M15,22/05/2026,82.42,82.5,82.31,82.34,9683388.0,117500.0
VALE3,M15,22/05/2026,82.45,82.46,82.31,82.42,8565709.0,104000.0
VALE3,M15,22/05/2026,82.67,82.72,82.45,82.46,12934586.0,156600.0
VALE3,M15,22/05/2026,82.47,82.69,82.42,82.66,11938158.0,144600.0
VALE3,M15,22/05/2026,82.12,82.5,82.11,82.45,18917533.0,229700.0
VALE3,M15,22/05/2026,82.05,82.17,82.02,82.14,9927451.0,120900.0
VALE3,M15,22/05/2026,82.04,82.19,82.02,82.05,20549449.0,250300.0
VALE3,M15,22/05/2026,82.12,82.17,81.85,82.05,41261222.0,503200.0
VALE3,M15,22/05/2026,82.54,82.64,82.13,82.13,68466886.0,830500.0
VALE3,M15,22/05/2026,82.76,82.87,82.4,82.53,45530558.0,550800.0
VALE3,M15,22/05/2026,82.65,82.77,82.35,82.77,85371814.0,1034300.0
VALE3,M15,22/05/2026,82.76,83.08,82.56,82.68,88662533.0,1070800.0
VALE3,M15,22/05/2026,82.33,82.8,81.97,82.76,47887542.0,580800.0
VALE3,M15,21/05/2026,82.63,82.86,82.6,82.86,5004719.0,60500.0
VALE3,M15,21/05/2026,82.64,82.78,82.61,82.63,161238123.0,1950900.0
VALE3,M15,21/05/2026,82.51,82.67,82.5,82.64,80064841.0,969500.0
VALE3,M15,21/05/2026,82.51,82.61,82.5,82.51,9238040.0,111900.0
VALE3,M15,21/05/2026,82.28,82.55,82.28,82.52,57925448.0,702400.0
VALE3,M15,21/05/2026,82.51,82.58,82.19,82.29,37442126.0,454700.0
VALE3,M15,21/05/2026,82.71,82.71,82.51,82.51,9721921.0,117700.0
VALE3,M15,21/05/2026,82.63,82.78,82.6,82.72,13949441.0,168700.0
VALE3,M15,21/05/2026,82.63,82.73,82.47,82.62,25006879.0,302800.0
VALE3,M15,21/05/2026,82.47,82.88,82.45,82.66,38911081.0,470500.0
VALE3,M15,21/05/2026,82.53,82.59,82.4,82.47,22565307.0,273500.0
VALE3,M15,21/05/2026,82.09,82.54,82.09,82.53,126037259.0,1530400.0
VALE3,M15,21/05/2026,81.89,82.15,81.88,82.1,30619554.0,373600.0
VALE3,M15,21/05/2026,82.05,82.06,81.88,81.88,37022623.0,451700.0
VALE3,M15,21/05/2026,82.09,82.15,81.94,82.05,18992799.0,231500.0
VALE3,M15,21/05/2026,82.1,82.21,82.04,82.09,23950625.0,291600.0
VALE3,M15,21/05/2026,81.96,82.09,81.93,82.09,14486160.0,176600.0
VALE3,M15,21/05/2026,81.87,81.95,81.87,81.95,24890416.0,303900.0
VALE3,M15,21/05/2026,81.9,81.91,81.82,81.87,14381850.0,175700.0
VALE3,M15,21/05/2026,82.04,82.04,81.9,81.9,12847259.0,156800.0
VALE3,M15,21/05/2026,81.84,82.12,81.83,82.03,122985569.0,1501500.0
VALE3,M15,21/05/2026,81.65,81.88,81.65,81.85,18755553.0,229400.0
VALE3,M15,21/05/2026,82.05,82.18,81.61,81.62,22171155.0,270500.0
VALE3,M15,21/05/2026,81.92,82.13,81.8,82.05,28214814.0,344300.0
VALE3,M15,21/05/2026,81.94,82.0,81.86,81.92,81701347.0,997400.0
VALE3,M15,21/05/2026,81.61,82.09,81.61,81.93,46431346.0,567400.0
VALE3,M15,21/05/2026,81.44,81.74,81.22,81.65,110381119.0,1357200.0
VALE3,M15,21/05/2026,81.45,81.49,81.26,81.43,23170607.0,284800.0
VALE3,M15,21/05/2026,81.36,81.6,81.25,81.43,26800634.0,329200.0
VALE3,M15,20/05/2026,82.0,82.0,81.92,81.92,1016029.0,12400.0
VALE3,M15,20/05/2026,82.04,82.09,81.93,82.0,196498004.0,2395900.0
VALE3,M15,20/05/2026,81.98,82.21,81.96,82.03,89762391.0,1093600.0
VALE3,M15,20/05/2026,82.09,82.19,81.95,81.98,30820666.0,375500.0
VALE3,M15,20/05/2026,81.97,82.15,81.97,82.1,26969675.0,328600.0
VALE3,M15,20/05/2026,81.9,82.03,81.9,81.97,19737635.0,240800.0
VALE3,M15,20/05/2026,81.91,82.04,81.89,81.91,38405554.0,468500.0
VALE3,M15,20/05/2026,81.91,81.99,81.85,81.91,16980762.0,207300.0
VALE3,M15,20/05/2026,81.9,82.0,81.88,81.91,20481157.0,249900.0
VALE3,M15,20/05/2026,81.85,81.98,81.84,81.9,23382644.0,285500.0
VALE3,M15,20/05/2026,81.84,81.96,81.78,81.85,22543522.0,275400.0
VALE3,M15,20/05/2026,81.78,81.87,81.73,81.84,22636304.0,276700.0
VALE3,M15,20/05/2026,81.74,81.83,81.62,81.8,34290499.0,419600.0
VALE3,M15,20/05/2026,81.7,81.8,81.52,81.74,51588577.0,631700.0
VALE3,M15,20/05/2026,81.57,81.72,81.55,81.68,32758621.0,401300.0
VALE3,M15,20/05/2026,81.5,81.68,81.49,81.56,77928175.0,955300.0
VALE3,M15,20/05/2026,81.09,81.52,81.06,81.49,32952980.0,404800.0
VALE3,M15,20/05/2026,81.22,81.29,81.02,81.08,20015628.0,246600.0
VALE3,M15,20/05/2026,81.22,81.35,81.15,81.23,23659148.0,291100.0
VALE3,M15,20/05/2026,81.04,81.7,81.04,81.21,51335965.0,630900.0
VALE3,M15,20/05/2026,81.13,81.16,80.96,81.03,29674619.0,366100.0
VALE3,M15,20/05/2026,81.26,81.31,81.08,81.12,28169836.0,346900.0
VALE3,M15,20/05/2026,81.46,81.55,81.14,81.26,37247723.0,457700.0
VALE3,M15,20/05/2026,81.06,81.72,81.05,81.48,123385491.0,1513800.0
VALE3,M15,20/05/2026,81.62,81.63,80.85,81.03,47395700.0,584100.0
VALE3,M15,20/05/2026,81.7,81.85,81.57,81.61,34752667.0,425500.0
VALE3,M15,20/05/2026,81.83,81.93,81.33,81.65,76533669.0,938100.0
VALE3,M15,20/05/2026,81.78,82.02,81.67,81.87,31678691.0,387000.0
VALE3,M15,20/05/2026,81.45,82.08,81.45,81.78,37515576.0,458700.0
VALE3,M15,19/05/2026,81.02,81.03,80.82,81.03,921972.0,11400.0
VALE3,M15,19/05/2026,80.84,81.02,80.74,81.02,234138213.0,2891000.0
VALE3,M15,19/05/2026,80.92,80.96,80.69,80.84,114837122.0,1420900.0
VALE3,M15,19/05/2026,80.94,80.95,80.75,80.92,53567464.0,662400.0
VALE3,M15,19/05/2026,80.82,80.96,80.76,80.94,31262534.0,386500.0
VALE3,M15,19/05/2026,80.77,80.89,80.7,80.83,65348197.0,809100.0
VALE3,M15,19/05/2026,80.68,80.83,80.6,80.78,29933007.0,370800.0
VALE3,M15,19/05/2026,80.94,80.97,80.6,80.68,43359618.0,536800.0
VALE3,M15,19/05/2026,81.15,81.2,80.94,80.94,26105964.0,322000.0
VALE3,M15,19/05/2026,81.11,81.18,81.05,81.15,16140240.0,199000.0
VALE3,M15,19/05/2026,81.24,81.27,81.02,81.13,59235571.0,730400.0
VALE3,M15,19/05/2026,81.12,81.28,81.12,81.25,50723053.0,624400.0
VALE3,M15,19/05/2026,81.01,81.12,80.91,81.12,13946303.0,172100.0
VALE3,M15,19/05/2026,80.77,81.05,80.72,81.04,26996940.0,334000.0
VALE3,M15,19/05/2026,80.52,80.78,80.51,80.76,27008322.0,334900.0
VALE3,M15,19/05/2026,80.36,80.54,80.27,80.53,21087997.0,262400.0
VALE3,M15,19/05/2026,80.63,80.72,80.33,80.36,50184477.0,623700.0
VALE3,M15,19/05/2026,80.65,80.71,80.53,80.62,20433199.0,253400.0
VALE3,M15,19/05/2026,80.58,80.71,80.46,80.63,51110131.0,634400.0
VALE3,M15,19/05/2026,80.52,80.59,80.44,80.59,34230722.0,425100.0
VALE3,M15,19/05/2026,80.25,80.58,80.25,80.5,24213314.0,301000.0
VALE3,M15,19/05/2026,80.42,80.49,80.22,80.25,60872047.0,757800.0
VALE3,M15,19/05/2026,80.43,80.6,80.36,80.41,47287301.0,587700.0
VALE3,M15,19/05/2026,80.71,80.74,80.17,80.42,80181390.0,997500.0
VALE3,M15,19/05/2026,80.49,80.88,80.23,80.71,145007817.0,1798600.0
VALE3,M15,19/05/2026,80.69,80.89,80.5,80.5,115717736.0,1434800.0
VALE3,M15,19/05/2026,80.37,81.1,80.36,80.69,108944777.0,1349300.0
VALE3,M15,19/05/2026,81.04,81.09,80.35,80.35,50519865.0,625700.0
VALE3,M15,19/05/2026,80.8,81.24,80.8,81.02,38654937.0,477300.0
VALE3,M15,18/05/2026,81.84,81.95,81.83,81.85,2128565.0,26000.0
VALE3,M15,18/05/2026,81.67,81.95,81.59,81.83,313872133.0,3836300.0
VALE3,M15,18/05/2026,81.69,81.74,81.54,81.66,95701881.0,1172100.0
VALE3,M15,18/05/2026,81.61,81.79,81.42,81.7,106208612.0,1300800.0
VALE3,M15,18/05/2026,81.21,81.81,81.2,81.6,75556460.0,926300.0
VALE3,M15,18/05/2026,81.19,81.25,81.12,81.22,74960804.0,923600.0
VALE3,M15,18/05/2026,81.23,81.24,81.07,81.19,61904063.0,762800.0
VALE3,M15,18/05/2026,81.3,81.35,81.06,81.23,137422111.0,1690800.0
VALE3,M15,18/05/2026,81.53,81.54,81.12,81.31,59933596.0,737200.0
VALE3,M15,18/05/2026,81.9,81.9,81.53,81.53,68353130.0,836000.0
VALE3,M15,18/05/2026,82.04,82.04,81.77,81.9,33586613.0,410000.0
VALE3,M15,18/05/2026,82.03,82.12,82.0,82.03,20856910.0,254200.0
VALE3,M15,18/05/2026,82.01,82.03,81.9,82.03,21316587.0,260000.0
VALE3,M15,18/05/2026,81.83,82.06,81.81,82.01,26468373.0,323000.0
VALE3,M15,18/05/2026,82.14,82.14,81.83,81.84,21560128.0,263100.0
VALE3,M15,18/05/2026,82.0,82.25,81.99,82.13,27073592.0,329700.0
VALE3,M15,18/05/2026,82.14,82.15,81.93,82.0,43703531.0,532900.0
VALE3,M15,18/05/2026,82.2,82.49,82.09,82.14,26004846.0,316000.0
VALE3,M15,18/05/2026,82.02,82.35,82.02,82.2,38970877.0,474000.0
VALE3,M15,18/05/2026,81.8,82.12,81.79,82.02,56666668.0,690800.0
VALE3,M15,18/05/2026,82.05,82.16,81.72,81.81,75298833.0,919600.0
VALE3,M15,18/05/2026,82.0,82.14,81.92,82.06,54597258.0,665900.0
VALE3,M15,18/05/2026,82.53,82.53,81.95,81.99,60890621.0,740900.0
VALE3,M15,18/05/2026,82.47,82.67,82.44,82.52,65325705.0,791500.0
VALE3,M15,18/05/2026,83.12,83.12,82.45,82.47,70314054.0,848700.0
VALE3,M15,18/05/2026,82.71,83.43,82.71,83.13,41742453.0,501800.0
VALE3,M15,18/05/2026,83.3,83.35,82.62,82.75,88813321.0,1071400.0
VALE3,M15,18/05/2026,83.5,83.54,83.12,83.3,43954558.0,527600.0
VALE3,M15,18/05/2026,83.0,83.6,82.95,83.55,44649882.0,535800.0
VALE3,M15,15/05/2026,83.4,83.9,83.24,83.9,21299750.0,255100.0
VALE3,M15,15/05/2026,82.87,83.5,82.72,83.5,952816992.0,11436800.0
VALE3,M15,15/05/2026,82.58,83.08,82.46,82.85,260629960.0,3147400.0
VALE3,M15,15/05/2026,82.1,82.76,82.06,82.59,115589887.0,1402200.0
VALE3,M15,15/05/2026,82.1,82.13,82.0,82.09,36219199.0,441300.0
VALE3,M15,15/05/2026,82.2,82.31,82.08,82.1,32426598.0,394600.0
VALE3,M15,15/05/2026,82.23,82.27,82.07,82.2,39368762.0,479300.0
VALE3,M15,15/05/2026,82.1,82.35,82.02,82.23,263543403.0,3205500.0
VALE3,M15,15/05/2026,82.01,82.24,82.0,82.09,33436148.0,407200.0
VALE3,M15,15/05/2026,81.97,82.06,81.95,82.01,20268447.0,247200.0
VALE3,M15,15/05/2026,82.18,82.19,81.93,81.97,16938037.0,206400.0
VALE3,M15,15/05/2026,82.12,82.36,82.01,82.18,49056767.0,596800.0
VALE3,M15,15/05/2026,81.93,82.25,81.9,82.12,47879718.0,583600.0
VALE3,M15,15/05/2026,81.84,82.16,81.77,81.93,38968681.0,475400.0
VALE3,M15,15/05/2026,81.64,81.86,81.63,81.85,18204397.0,222800.0
VALE3,M15,15/05/2026,81.47,81.66,81.4,81.65,27681080.0,339500.0
VALE3,M15,15/05/2026,81.32,81.5,81.26,81.46,46112684.0,566700.0
VALE3,M15,15/05/2026,81.32,81.38,81.26,81.32,49039072.0,603100.0
VALE3,M15,15/05/2026,81.27,81.41,81.27,81.32,40522673.0,498300.0
VALE3,M15,15/05/2026,81.18,81.26,81.08,81.26,47396253.0,584000.0
VALE3,M15,15/05/2026,81.09,81.25,81.04,81.19,33739057.0,415800.0
VALE3,M15,15/05/2026,81.29,81.36,81.09,81.09,206593771.0,2543800.0
VALE3,M15,15/05/2026,81.17,81.4,81.13,81.28,46706436.0,574800.0
VALE3,M15,15/05/2026,81.08,81.22,81.04,81.18,38082614.0,469400.0
VALE3,M15,15/05/2026,80.7,81.15,80.59,81.1,125688667.0,1556200.0
VALE3,M15,15/05/2026,80.75,80.99,80.53,80.7,69738452.0,863800.0
VALE3,M15,15/05/2026,80.71,81.27,80.66,80.76,108250881.0,1338100.0
VALE3,M15,15/05/2026,80.45,80.77,80.42,80.75,74295657.0,921700.0
VALE3,M15,15/05/2026,80.65,80.98,80.24,80.45,124092694.0,1542100.0
VALE3,M15,14/05/2026,82.87,82.87,82.65,82.65,4356694.0,52600.0
VALE3,M15,14/05/2026,82.77,82.98,82.74,82.87,208853872.0,2520400.0
VALE3,M15,14/05/2026,82.84,82.9,82.63,82.77,74251768.0,897100.0
VALE3,M15,14/05/2026,82.95,83.05,82.81,82.85,60738305.0,732500.0
VALE3,M15,14/05/2026,82.97,82.98,82.85,82.96,65542090.0,790500.0
VALE3,M15,14/05/2026,82.99,83.12,82.91,82.97,56824173.0,684500.0
VALE3,M15,14/05/2026,83.21,83.25,82.92,82.97,61055992.0,735100.0
VALE3,M15,14/05/2026,83.39,83.47,83.1,83.21,52547770.0,630900.0
VALE3,M15,14/05/2026,83.53,83.53,83.34,83.39,46603286.0,558700.0
VALE3,M15,14/05/2026,83.77,83.8,83.42,83.5,40564995.0,485400.0
VALE3,M15,14/05/2026,83.77,83.81,83.69,83.73,17597151.0,210100.0
VALE3,M15,14/05/2026,83.73,83.84,83.6,83.79,34486866.0,411900.0
VALE3,M15,14/05/2026,83.75,83.88,83.72,83.75,46985224.0,560700.0
VALE3,M15,14/05/2026,83.71,83.77,83.57,83.76,34238174.0,409200.0
VALE3,M15,14/05/2026,83.32,83.74,83.31,83.71,1308467275.0,15666600.0
VALE3,M15,14/05/2026,83.35,83.47,83.28,83.32,33889680.0,406400.0
VALE3,M15,14/05/2026,83.32,83.42,83.27,83.36,14284846.0,171400.0
VALE3,M15,14/05/2026,83.26,83.41,83.26,83.32,28538036.0,342400.0
VALE3,M15,14/05/2026,83.25,83.34,83.23,83.26,16153125.0,194000.0
VALE3,M15,14/05/2026,83.2,83.43,83.16,83.25,34487725.0,414000.0
VALE3,M15,14/05/2026,83.31,83.4,83.16,83.21,34843553.0,418400.0
VALE3,M15,14/05/2026,83.51,83.54,83.19,83.31,29262375.0,351000.0
VALE3,M15,14/05/2026,83.55,83.72,83.44,83.51,64570651.0,772600.0
VALE3,M15,14/05/2026,83.77,83.91,83.43,83.56,79072993.0,944600.0
VALE3,M15,14/05/2026,83.97,84.03,83.65,83.77,49119763.0,585900.0
VALE3,M15,14/05/2026,83.89,84.2,83.67,83.97,32987913.0,392800.0
VALE3,M15,14/05/2026,84.94,85.02,83.83,83.89,68220072.0,810000.0
VALE3,M15,14/05/2026,85.17,85.25,84.73,84.99,33988155.0,400000.0
VALE3,M15,14/05/2026,85.0,85.41,84.6,85.18,34399769.0,404600.0
VALE3,M15,13/05/2026,84.3,84.5,84.21,84.49,2715232.0,32200.0
VALE3,M15,13/05/2026,84.62,84.62,84.3,84.3,235016790.0,2786300.0
VALE3,M15,13/05/2026,84.77,84.8,84.52,84.61,114131047.0,1348100.0
VALE3,M15,13/05/2026,84.64,85.0,84.61,84.77,80250397.0,946500.0
VALE3,M15,13/05/2026,84.68,84.69,84.47,84.63,74998089.0,886600.0
VALE3,M15,13/05/2026,84.75,84.85,84.49,84.68,119342321.0,1409800.0
VALE3,M15,13/05/2026,84.38,84.81,84.35,84.75,136118955.0,1608800.0
VALE3,M15,13/05/2026,84.02,84.48,83.95,84.41,159890090.0,1898600.0
VALE3,M15,13/05/2026,83.78,84.24,83.78,84.06,187302731.0,2228200.0
VALE3,M15,13/05/2026,84.27,84.27,83.73,83.79,115851723.0,1378100.0
VALE3,M15,13/05/2026,84.37,84.39,84.24,84.26,44864399.0,532200.0
VALE3,M15,13/05/2026,84.41,84.48,84.35,84.36,46341464.0,549000.0
VALE3,M15,13/05/2026,84.29,84.44,84.19,84.4,53496057.0,634500.0
VALE3,M15,13/05/2026,84.58,84.64,84.22,84.29,42969032.0,509000.0
VALE3,M15,13/05/2026,84.62,84.67,84.52,84.58,15108285.0,178600.0
VALE3,M15,13/05/2026,84.56,84.8,84.46,84.61,25312174.0,299100.0
VALE3,M15,13/05/2026,84.46,84.59,84.4,84.55,21420113.0,253500.0
VALE3,M15,13/05/2026,84.44,84.62,84.4,84.47,33747790.0,399200.0
VALE3,M15,13/05/2026,84.44,84.52,84.34,84.45,27866516.0,330100.0
VALE3,M15,13/05/2026,84.53,84.6,84.31,84.42,73106062.0,865200.0
VALE3,M15,13/05/2026,84.7,84.82,84.51,84.56,75915377.0,897000.0
VALE3,M15,13/05/2026,85.01,85.03,84.7,84.7,69547765.0,819500.0
VALE3,M15,13/05/2026,84.89,85.05,84.69,85.0,121130144.0,1426900.0
VALE3,M15,13/05/2026,84.68,85.02,84.45,84.89,145132275.0,1710500.0
VALE3,M15,13/05/2026,83.95,84.82,83.95,84.69,172932562.0,2047000.0
VALE3,M15,13/05/2026,83.6,84.06,83.41,83.97,43366552.0,518000.0
VALE3,M15,13/05/2026,83.97,84.25,83.17,83.59,122650011.0,1466100.0
VALE3,M15,13/05/2026,83.56,84.23,83.56,83.91,76804337.0,914900.0
VALE3,M15,13/05/2026,83.49,83.75,83.01,83.61,231102134.0,2768300.0
VALE3,M15,12/05/2026,83.35,83.38,82.73,82.73,2961266.0,35600.0
VALE3,M15,12/05/2026,83.84,83.84,83.25,83.25,289606126.0,3473300.0
VALE3,M15,12/05/2026,83.72,83.99,83.72,83.82,109718858.0,1308100.0
VALE3,M15,12/05/2026,83.79,83.87,83.66,83.72,67800892.0,809300.0
VALE3,M15,12/05/2026,83.39,83.83,83.39,83.77,81331728.0,972100.0
VALE3,M15,12/05/2026,83.43,83.6,83.3,83.39,54503402.0,653100.0
VALE3,M15,12/05/2026,83.24,83.49,83.24,83.44,34655446.0,415500.0
VALE3,M15,12/05/2026,83.11,83.44,83.09,83.26,39847306.0,478600.0
VALE3,M15,12/05/2026,82.83,83.14,82.77,83.11,65726085.0,792100.0
VALE3,M15,12/05/2026,82.71,82.83,82.62,82.83,32672108.0,394900.0
VALE3,M15,12/05/2026,82.28,82.75,82.25,82.71,42826293.0,518600.0
VALE3,M15,12/05/2026,82.17,82.3,82.16,82.28,20141603.0,244900.0
VALE3,M15,12/05/2026,81.92,82.18,81.92,82.18,15465273.0,188400.0
VALE3,M15,12/05/2026,81.99,82.0,81.74,81.92,22809586.0,278700.0
VALE3,M15,12/05/2026,82.04,82.08,81.92,81.99,13176604.0,160700.0
VALE3,M15,12/05/2026,82.11,82.16,81.99,82.05,10259027.0,125000.0
VALE3,M15,12/05/2026,82.08,82.25,82.0,82.1,23252953.0,283200.0
VALE3,M15,12/05/2026,82.18,82.26,82.06,82.06,17002719.0,206900.0
VALE3,M15,12/05/2026,81.86,82.2,81.83,82.19,33173597.0,404200.0
VALE3,M15,12/05/2026,82.15,82.23,81.81,81.84,35700643.0,435400.0
VALE3,M15,12/05/2026,82.12,82.35,81.96,82.15,37767929.0,459800.0
VALE3,M15,12/05/2026,82.79,82.79,82.05,82.1,31983916.0,388400.0
VALE3,M15,12/05/2026,82.77,82.81,82.46,82.79,33630883.0,407100.0
VALE3,M15,12/05/2026,83.05,83.05,82.72,82.77,37828010.0,456400.0
VALE3,M15,12/05/2026,82.72,83.24,82.66,83.04,54907434.0,661800.0
VALE3,M15,12/05/2026,82.81,83.09,82.57,82.65,31071226.0,374900.0
VALE3,M15,12/05/2026,82.37,83.06,82.25,82.8,72824955.0,880600.0
VALE3,M15,12/05/2026,83.02,83.09,82.24,82.4,37192334.0,449700.0
VALE3,M15,12/05/2026,83.15,83.38,82.96,83.04,20429649.0,245700.0
VALE3,M15,11/05/2026,83.45,83.5,83.41,83.43,2002681.0,24000.0
VALE3,M15,11/05/2026,83.65,83.66,83.45,83.45,133323372.0,1596800.0
VALE3,M15,11/05/2026,83.5,83.72,83.48,83.65,55175666.0,659900.0
VALE3,M15,11/05/2026,83.69,83.7,83.45,83.5,65793650.0,787400.0
VALE3,M15,11/05/2026,83.78,83.85,83.65,83.68,50419162.0,601800.0
VALE3,M15,11/05/2026,83.79,83.87,83.74,83.79,103098961.0,1230300.0
VALE3,M15,11/05/2026,83.48,83.83,83.45,83.79,34284203.0,410000.0
VALE3,M15,11/05/2026,83.42,83.52,83.3,83.49,45747010.0,548500.0
VALE3,M15,11/05/2026,83.67,83.73,83.39,83.44,25527836.0,305500.0
VALE3,M15,11/05/2026,83.66,83.73,83.58,83.66,32856521.0,392800.0
VALE3,M15,11/05/2026,83.72,83.79,83.65,83.66,55048072.0,657400.0
VALE3,M15,11/05/2026,83.62,83.78,83.58,83.72,29541817.0,353000.0
VALE3,M15,11/05/2026,83.59,83.65,83.43,83.62,42396925.0,507500.0
VALE3,M15,11/05/2026,83.41,83.62,83.4,83.61,43885693.0,525500.0
VALE3,M15,11/05/2026,83.62,83.72,83.33,83.42,73690083.0,882200.0
VALE3,M15,11/05/2026,83.72,83.78,83.59,83.62,58289288.0,696500.0
VALE3,M15,11/05/2026,83.8,83.9,83.66,83.73,42558922.0,508100.0
VALE3,M15,11/05/2026,83.56,83.82,83.4,83.81,78998802.0,944600.0
VALE3,M15,11/05/2026,83.86,83.93,83.5,83.56,83027825.0,991700.0
VALE3,M15,11/05/2026,83.08,83.92,83.08,83.86,295357343.0,3533100.0
VALE3,M15,11/05/2026,82.8,83.25,82.78,83.07,141891846.0,1709700.0
VALE3,M15,11/05/2026,82.25,82.95,82.18,82.8,82724307.0,1001200.0
VALE3,M15,11/05/2026,82.21,82.26,81.93,82.24,49404529.0,601600.0
VALE3,M15,11/05/2026,82.26,82.44,82.18,82.21,61238950.0,744100.0
VALE3,M15,11/05/2026,82.4,82.43,81.89,82.25,104374690.0,1269200.0
VALE3,M15,11/05/2026,83.04,83.04,82.4,82.41,59541957.0,720000.0
VALE3,M15,11/05/2026,82.35,83.09,82.35,83.04,147979525.0,1787300.0
VALE3,M15,11/05/2026,81.85,82.47,81.84,82.34,35747516.0,434500.0
VALE3,M15,11/05/2026,81.39,81.97,81.19,81.86,36294753.0,444700.0
VALE3,M15,08/05/2026,81.5,81.5,81.35,81.4,512765.0,6300.0
VALE3,M15,08/05/2026,81.56,81.58,81.49,81.49,134998726.0,1656400.0
VALE3,M15,08/05/2026,81.47,81.61,81.45,81.56,40422838.0,495800.0
VALE3,M15,08/05/2026,81.45,81.6,81.42,81.48,41046241.0,503700.0
VALE3,M15,08/05/2026,81.52,81.61,81.41,81.45,299621183.0,3676900.0
VALE3,M15,08/05/2026,81.59,81.79,81.48,81.51,77361325.0,947400.0
VALE3,M15,08/05/2026,81.61,81.72,81.59,81.59,34022903.0,416600.0
VALE3,M15,08/05/2026,81.69,81.72,81.54,81.62,37185234.0,455500.0
VALE3,M15,08/05/2026,81.58,81.74,81.48,81.69,51128030.0,626200.0
VALE3,M15,08/05/2026,81.5,81.58,81.48,81.58,19538227.0,239600.0
VALE3,M15,08/05/2026,81.28,81.51,81.26,81.48,49692315.0,610500.0
VALE3,M15,08/05/2026,81.12,81.35,81.12,81.28,43805421.0,539300.0
VALE3,M15,08/05/2026,81.14,81.21,81.04,81.1,10077894.0,124200.0
VALE3,M15,08/05/2026,81.18,81.24,81.1,81.14,14002596.0,172500.0
VALE3,M15,08/05/2026,81.11,81.19,81.0,81.18,19202218.0,236700.0
VALE3,M15,08/05/2026,80.88,81.12,80.82,81.11,47799705.0,590200.0
VALE3,M15,08/05/2026,80.78,81.04,80.75,80.89,41354306.0,511500.0
VALE3,M15,08/05/2026,80.7,80.8,80.7,80.77,10773092.0,133400.0
VALE3,M15,08/05/2026,80.74,80.88,80.64,80.7,22889606.0,283400.0
VALE3,M15,08/05/2026,80.6,80.81,80.6,80.77,21718715.0,269200.0
VALE3,M15,08/05/2026,80.96,81.03,80.6,80.6,37924618.0,469500.0
VALE3,M15,08/05/2026,81.01,81.17,80.89,80.98,13857070.0,171000.0
VALE3,M15,08/05/2026,80.81,81.04,80.78,81.03,23563533.0,291200.0
VALE3,M15,08/05/2026,80.8,80.98,80.74,80.84,26162622.0,323600.0
VALE3,M15,08/05/2026,81.15,81.28,80.75,80.8,64538489.0,796700.0
VALE3,M15,08/05/2026,80.93,81.33,80.83,81.15,52328814.0,645300.0
VALE3,M15,08/05/2026,80.8,81.17,80.73,80.92,69316297.0,856500.0
VALE3,M15,08/05/2026,80.96,81.1,80.68,80.8,31495993.0,389400.0
VALE3,M15,08/05/2026,80.57,81.06,80.36,80.96,27797736.0,344100.0
VALE3,M15,07/05/2026,80.0,80.09,79.83,79.84,3069182.0,38400.0
VALE3,M15,07/05/2026,80.08,80.14,79.89,80.07,399793365.0,4993500.0
VALE3,M15,07/05/2026,80.05,80.18,80.03,80.08,66250042.0,827000.0
VALE3,M15,07/05/2026,79.95,80.07,79.87,80.04,42921592.0,536600.0
VALE3,M15,07/05/2026,80.0,80.03,79.78,79.95,42776514.0,535500.0
VALE3,M15,07/05/2026,79.95,80.05,79.79,79.99,35343491.0,442200.0
VALE3,M15,07/05/2026,80.13,80.31,79.91,79.95,46421113.0,579400.0
VALE3,M15,07/05/2026,80.06,80.21,80.0,80.14,38919185.0,485700.0
VALE3,M15,07/05/2026,80.11,80.13,79.99,80.09,37863380.0,472900.0
VALE3,M15,07/05/2026,79.77,80.13,79.75,80.13,48549278.0,607500.0
VALE3,M15,07/05/2026,79.66,79.86,79.65,79.8,34648698.0,434300.0
VALE3,M15,07/05/2026,80.01,80.15,79.6,79.67,68750274.0,860400.0
VALE3,M15,07/05/2026,80.16,80.29,79.96,80.01,43834284.0,547100.0
VALE3,M15,07/05/2026,80.12,80.23,80.08,80.16,27369368.0,341500.0
VALE3,M15,07/05/2026,80.27,80.3,80.02,80.13,62063394.0,774200.0
VALE3,M15,07/05/2026,80.35,80.39,80.22,80.27,35701591.0,444600.0
VALE3,M15,07/05/2026,80.14,80.39,80.09,80.38,34793453.0,433600.0
VALE3,M15,07/05/2026,80.39,80.42,80.13,80.13,34897711.0,434600.0
VALE3,M15,07/05/2026,80.54,80.62,80.33,80.4,16177388.0,201100.0
VALE3,M15,07/05/2026,80.58,80.74,80.44,80.53,42872800.0,532200.0
VALE3,M15,07/05/2026,80.44,80.66,80.31,80.59,26819274.0,333000.0
VALE3,M15,07/05/2026,80.2,80.58,80.19,80.46,27734554.0,344900.0
VALE3,M15,07/05/2026,80.22,80.36,80.19,80.19,25332753.0,315600.0
VALE3,M15,07/05/2026,80.38,80.47,80.2,80.21,18673695.0,232500.0
VALE3,M15,07/05/2026,80.32,80.45,80.14,80.4,47707339.0,594400.0
VALE3,M15,07/05/2026,80.51,80.52,80.23,80.3,86250937.0,1073300.0
VALE3,M15,07/05/2026,81.18,81.18,80.46,80.48,63482269.0,786200.0
VALE3,M15,07/05/2026,81.26,81.38,81.1,81.21,21364642.0,263000.0
VALE3,M15,07/05/2026,81.29,81.67,81.04,81.24,36353041.0,446900.0
VALE3,M15,06/05/2026,81.23,81.47,81.23,81.3,5554747.0,68300.0
VALE3,M15,06/05/2026,81.36,81.4,81.22,81.23,213842454.0,2632100.0
VALE3,M15,06/05/2026,81.39,81.44,81.29,81.36,44600218.0,548200.0
VALE3,M15,06/05/2026,81.38,81.51,81.34,81.38,33995732.0,417500.0
VALE3,M15,06/05/2026,81.2,81.48,81.2,81.38,49471374.0,607800.0
VALE3,M15,06/05/2026,81.12,81.21,81.1,81.2,18972029.0,233800.0
VALE3,M15,06/05/2026,81.19,81.21,81.05,81.12,13664027.0,168400.0
VALE3,M15,06/05/2026,81.12,81.29,81.09,81.19,18739398.0,230800.0
VALE3,M15,06/05/2026,81.04,81.16,81.02,81.1,36788916.0,453600.0
VALE3,M15,06/05/2026,81.31,81.32,80.93,81.03,32869300.0,405400.0
VALE3,M15,06/05/2026,81.38,81.38,81.25,81.31,32012888.0,393600.0
VALE3,M15,06/05/2026,81.44,81.51,81.36,81.38,14098313.0,173100.0
VALE3,M15,06/05/2026,81.31,81.53,81.3,81.44,23064588.0,283300.0
VALE3,M15,06/05/2026,81.48,81.49,81.12,81.31,67667015.0,832400.0
VALE3,M15,06/05/2026,81.5,81.64,81.45,81.48,36356382.0,445900.0
VALE3,M15,06/05/2026,81.29,81.49,81.23,81.48,36072000.0,443500.0
VALE3,M15,06/05/2026,81.15,81.32,81.13,81.31,20731896.0,255300.0
VALE3,M15,06/05/2026,81.22,81.36,81.15,81.17,34844342.0,428600.0
VALE3,M15,06/05/2026,81.08,81.28,81.0,81.25,60151899.0,741000.0
VALE3,M15,06/05/2026,81.12,81.17,80.92,81.07,16300935.0,201100.0
VALE3,M15,06/05/2026,80.9,81.13,80.83,81.11,17196666.0,212500.0
VALE3,M15,06/05/2026,81.2,81.21,80.86,80.9,37440286.0,461900.0
VALE3,M15,06/05/2026,80.84,81.23,80.81,81.18,34841238.0,429900.0
VALE3,M15,06/05/2026,81.02,81.3,80.81,80.83,88567456.0,1091100.0
VALE3,M15,06/05/2026,80.97,81.18,80.83,81.02,65148954.0,804800.0
VALE3,M15,06/05/2026,81.18,81.19,80.75,80.95,86563106.0,1069200.0
VALE3,M15,06/05/2026,80.93,81.57,80.93,81.19,103639441.0,1275500.0
VALE3,M15,06/05/2026,80.87,81.01,80.61,80.98,83554247.0,1033700.0
VALE3,M15,06/05/2026,80.35,80.89,80.1,80.88,87127019.0,1081900.0
VALE3,M15,05/05/2026,78.35,78.49,78.28,78.42,1677668.0,21400.0
VALE3,M15,05/05/2026,78.64,78.66,78.39,78.39,341176348.0,4351000.0
VALE3,M15,05/05/2026,78.66,78.8,78.61,78.64,58328944.0,741100.0
VALE3,M15,05/05/2026,78.56,78.75,78.47,78.67,44839930.0,570300.0
VALE3,M15,05/05/2026,78.44,78.65,78.43,78.55,35933824.0,457400.0
VALE3,M15,05/05/2026,78.29,78.5,78.29,78.47,26806999.0,342000.0
VALE3,M15,05/05/2026,78.37,78.38,78.23,78.29,17197892.0,219600.0
VALE3,M15,05/05/2026,78.31,78.38,78.16,78.38,21334897.0,272600.0
VALE3,M15,05/05/2026,78.07,78.33,78.07,78.31,22116628.0,282700.0
VALE3,M15,05/05/2026,78.12,78.14,78.05,78.09,18180959.0,232800.0
VALE3,M15,05/05/2026,78.01,78.21,77.97,78.12,44158894.0,565200.0
VALE3,M15,05/05/2026,78.1,78.13,77.98,78.02,30120632.0,386000.0
VALE3,M15,05/05/2026,78.14,78.18,78.04,78.09,25146415.0,322000.0
VALE3,M15,05/05/2026,78.32,78.38,78.08,78.15,31115171.0,397600.0
VALE3,M15,05/05/2026,78.65,78.68,78.3,78.32,29703986.0,378500.0
VALE3,M15,05/05/2026,78.61,78.65,78.55,78.65,14029002.0,178500.0
VALE3,M15,05/05/2026,78.74,78.76,78.55,78.62,20817388.0,264700.0
VALE3,M15,05/05/2026,78.64,78.79,78.62,78.74,28467361.0,361600.0
VALE3,M15,05/05/2026,78.39,78.67,78.37,78.64,22520007.0,286600.0
VALE3,M15,05/05/2026,78.32,78.49,78.24,78.38,63665738.0,812200.0
VALE3,M15,05/05/2026,78.36,78.43,78.25,78.32,33551824.0,428200.0
VALE3,M15,05/05/2026,78.5,78.54,78.28,78.34,50035226.0,638100.0
VALE3,M15,05/05/2026,78.78,78.84,78.45,78.5,47864237.0,608600.0
VALE3,M15,05/05/2026,78.83,78.86,78.5,78.75,49854029.0,633700.0
VALE3,M15,05/05/2026,78.96,79.04,78.73,78.83,61317877.0,777300.0
VALE3,M15,05/05/2026,78.81,79.12,78.72,78.99,26990651.0,341900.0
VALE3,M15,05/05/2026,79.23,79.33,78.69,78.8,52760665.0,668000.0
VALE3,M15,05/05/2026,79.18,79.31,79.0,79.21,29148600.0,368500.0
VALE3,M15,05/05/2026,79.42,79.42,78.96,79.17,30716526.0,387500.0
VALE3,M15,04/05/2026,78.66,78.73,78.5,78.69,8873413.0,112800.0
VALE3,M15,04/05/2026,78.74,78.83,78.65,78.66,206375883.0,2622500.0
VALE3,M15,04/05/2026,78.81,78.88,78.7,78.74,57187748.0,725900.0
VALE3,M15,04/05/2026,78.95,79.0,78.77,78.82,57478239.0,728900.0
VALE3,M15,04/05/2026,78.89,79.05,78.81,78.95,31101356.0,394000.0
VALE3,M15,04/05/2026,78.88,78.9,78.76,78.89,22665918.0,287500.0
VALE3,M15,04/05/2026,78.99,79.01,78.83,78.86,32213370.0,408300.0
VALE3,M15,04/05/2026,79.07,79.08,78.93,79.0,23994518.0,303800.0
VALE3,M15,04/05/2026,79.0,79.09,78.97,79.09,42936398.0,543300.0
VALE3,M15,04/05/2026,79.03,79.08,78.97,79.0,18735040.0,237100.0
VALE3,M15,04/05/2026,79.22,79.23,78.97,79.03,41159349.0,520400.0
VALE3,M15,04/05/2026,79.22,79.37,79.21,79.22,51776340.0,653200.0
VALE3,M15,04/05/2026,79.24,79.32,79.18,79.21,32965944.0,416000.0
VALE3,M15,04/05/2026,79.25,79.3,79.2,79.24,21931826.0,276800.0
VALE3,M15,04/05/2026,79.28,79.38,79.22,79.26,32199452.0,406100.0
VALE3,M15,04/05/2026,79.01,79.33,78.98,79.29,22749929.0,287400.0
VALE3,M15,04/05/2026,79.18,79.21,78.93,79.02,32413414.0,410000.0
VALE3,M15,04/05/2026,79.11,79.29,79.01,79.18,62465244.0,788800.0
VALE3,M15,04/05/2026,79.11,79.19,79.01,79.12,26201365.0,331300.0
VALE3,M15,04/05/2026,79.61,79.65,79.04,79.1,54118024.0,682700.0
VALE3,M15,04/05/2026,79.51,79.7,79.47,79.62,36150539.0,454400.0
VALE3,M15,04/05/2026,79.78,79.79,79.48,79.52,70127298.0,880500.0
VALE3,M15,04/05/2026,79.7,79.83,79.68,79.79,31325922.0,392900.0
VALE3,M15,04/05/2026,79.6,79.92,79.57,79.7,56548552.0,708800.0
VALE3,M15,04/05/2026,79.67,79.74,79.44,79.58,75530960.0,948700.0
VALE3,M15,04/05/2026,80.01,80.02,79.51,79.67,147205276.0,1845500.0
VALE3,M15,04/05/2026,80.49,80.49,79.9,80.03,101687386.0,1268900.0
VALE3,M15,04/05/2026,80.62,80.84,80.48,80.49,24601534.0,305200.0
VALE3,M15,04/05/2026,81.18,81.36,80.6,80.63,49715638.0,613900.0
VALE3,M15,30/04/2026,81.2,81.2,81.01,81.1,3010896.0,37100.0
VALE3,M15,30/04/2026,81.41,81.43,81.18,81.18,282573538.0,3480300.0
VALE3,M15,30/04/2026,81.59,81.61,81.36,81.42,60081651.0,737800.0
VALE3,M15,30/04/2026,81.67,81.68,81.56,81.59,30372259.0,372200.0
VALE3,M15,30/04/2026,81.44,81.7,81.44,81.68,28604047.0,350700.0
VALE3,M15,30/04/2026,81.44,81.55,81.4,81.44,21790776.0,267400.0
VALE3,M15,30/04/2026,81.44,81.53,81.44,81.44,10674728.0,131000.0
VALE3,M15,30/04/2026,81.38,81.53,81.38,81.44,21438986.0,263100.0
VALE3,M15,30/04/2026,81.37,81.4,81.31,81.39,12651477.0,155500.0
VALE3,M15,30/04/2026,81.35,81.41,81.32,81.37,11806858.0,145100.0
VALE3,M15,30/04/2026,81.25,81.37,81.19,81.35,20977841.0,258000.0
VALE3,M15,30/04/2026,81.26,81.3,81.15,81.25,12675437.0,156000.0
VALE3,M15,30/04/2026,80.99,81.32,80.99,81.28,179870103.0,2216400.0
VALE3,M15,30/04/2026,81.07,81.09,80.89,81.0,20084942.0,248000.0
VALE3,M15,30/04/2026,81.15,81.23,81.01,81.06,18814066.0,231900.0
VALE3,M15,30/04/2026,81.11,81.19,81.03,81.13,20497546.0,252700.0
VALE3,M15,30/04/2026,81.11,81.15,81.06,81.1,20038184.0,247000.0
VALE3,M15,30/04/2026,81.01,81.11,80.92,81.11,12695416.0,156700.0
VALE3,M15,30/04/2026,81.04,81.05,80.87,81.01,26920052.0,332500.0
VALE3,M15,30/04/2026,80.98,81.1,80.93,81.04,15172895.0,187300.0
VALE3,M15,30/04/2026,81.1,81.16,80.89,80.97,23903293.0,295100.0
VALE3,M15,30/04/2026,80.66,81.17,80.66,81.1,67230530.0,830600.0
VALE3,M15,30/04/2026,80.82,80.86,80.61,80.66,35728996.0,442500.0
VALE3,M15,30/04/2026,80.56,80.91,80.53,80.82,57947475.0,717900.0
VALE3,M15,30/04/2026,80.75,80.76,80.21,80.56,72198474.0,897300.0
VALE3,M15,30/04/2026,80.57,80.89,80.52,80.76,43767657.0,542000.0
VALE3,M15,30/04/2026,80.8,81.33,80.52,80.57,107953669.0,1333900.0
VALE3,M15,30/04/2026,81.03,81.43,80.73,80.85,116759751.0,1440300.0
VALE3,M15,30/04/2026,81.03,81.23,80.59,81.05,70234874.0,867600.0
VALE3,M15,29/04/2026,79.44,79.58,79.3,79.45,9774341.0,123000.0
VALE3,M15,29/04/2026,79.41,79.53,79.3,79.44,330675334.0,4163000.0
VALE3,M15,29/04/2026,79.41,79.45,79.25,79.44,127723767.0,1609600.0
VALE3,M15,29/04/2026,79.81,79.81,79.4,79.4,81593694.0,1025600.0
VALE3,M15,29/04/2026,79.75,79.85,79.54,79.8,62477457.0,784100.0
VALE3,M15,29/04/2026,79.61,79.78,79.51,79.75,47899025.0,601200.0
VALE3,M15,29/04/2026,79.88,79.97,79.58,79.61,58325625.0,731000.0
VALE3,M15,29/04/2026,79.79,79.97,79.75,79.88,52556100.0,658100.0
VALE3,M15,29/04/2026,80.14,80.15,79.75,79.79,391503971.0,4900900.0
VALE3,M15,29/04/2026,80.14,80.22,80.05,80.14,48454504.0,604700.0
VALE3,M15,29/04/2026,80.25,80.38,80.06,80.14,81740813.0,1019600.0
VALE3,M15,29/04/2026,80.32,80.41,80.22,80.25,87903578.0,1094500.0
VALE3,M15,29/04/2026,80.49,80.49,80.3,80.3,45965025.0,572000.0
VALE3,M15,29/04/2026,80.61,80.64,80.35,80.49,74462757.0,925100.0
VALE3,M15,29/04/2026,80.65,80.69,80.54,80.63,48593010.0,602800.0
VALE3,M15,29/04/2026,80.77,80.83,80.65,80.65,31867409.0,394700.0
VALE3,M15,29/04/2026,80.76,80.88,80.67,80.76,29502312.0,365300.0
VALE3,M15,29/04/2026,81.07,81.28,80.65,80.76,93070892.0,1150600.0
VALE3,M15,29/04/2026,80.98,81.12,80.78,81.06,50781205.0,627600.0
VALE3,M15,29/04/2026,81.25,81.42,80.89,80.98,73354331.0,904400.0
VALE3,M15,29/04/2026,81.06,81.36,81.0,81.26,108344791.0,1334400.0
VALE3,M15,29/04/2026,80.65,81.08,80.65,81.07,122603773.0,1517800.0
VALE3,M15,29/04/2026,80.81,80.85,80.42,80.63,104051044.0,1290400.0
VALE3,M15,29/04/2026,80.23,81.0,80.17,80.83,156362638.0,1941100.0
VALE3,M15,29/04/2026,80.1,80.39,80.08,80.22,212660722.0,2651500.0
VALE3,M15,29/04/2026,80.24,80.37,79.95,80.1,245031888.0,3057300.0
VALE3,M15,29/04/2026,81.59,81.59,80.17,80.24,410695583.0,5084400.0
VALE3,M15,29/04/2026,81.99,82.39,81.54,81.59,136592802.0,1666800.0
VALE3,M15,29/04/2026,82.8,82.91,81.79,81.99,155959215.0,1894700.0
VALE3,M15,28/04/2026,84.42,84.56,84.39,84.42,7920098.0,93800.0
VALE3,M15,28/04/2026,84.45,84.47,84.33,84.39,214309147.0,2539400.0
VALE3,M15,28/04/2026,84.45,84.46,84.25,84.42,41433104.0,491200.0
VALE3,M15,28/04/2026,84.53,84.54,84.41,84.43,18548421.0,219600.0
VALE3,M15,28/04/2026,84.45,84.57,84.44,84.54,17396685.0,205900.0
VALE3,M15,28/04/2026,84.66,84.66,84.46,84.47,19146906.0,226500.0
VALE3,M15,28/04/2026,84.68,84.7,84.59,84.65,24553668.0,290100.0
VALE3,M15,28/04/2026,84.56,84.69,84.52,84.69,30339756.0,358500.0
VALE3,M15,28/04/2026,84.73,84.8,84.52,84.56,24265724.0,286700.0
VALE3,M15,28/04/2026,84.79,84.82,84.68,84.73,41830303.0,493600.0
VALE3,M15,28/04/2026,84.53,84.86,84.52,84.81,46372406.0,547600.0
VALE3,M15,28/04/2026,84.46,84.53,84.45,84.53,8488971.0,100500.0
VALE3,M15,28/04/2026,84.61,84.62,84.46,84.46,21972722.0,260000.0
VALE3,M15,28/04/2026,84.5,84.63,84.49,84.6,12287951.0,145300.0
VALE3,M15,28/04/2026,84.53,84.58,84.48,84.49,14406448.0,170400.0
VALE3,M15,28/04/2026,84.49,84.59,84.46,84.54,16945740.0,200500.0
VALE3,M15,28/04/2026,84.61,84.61,84.47,84.5,22822412.0,270100.0
VALE3,M15,28/04/2026,84.52,84.7,84.52,84.61,13301162.0,157200.0
VALE3,M15,28/04/2026,84.69,84.7,84.46,84.51,24413595.0,288600.0
VALE3,M15,28/04/2026,84.53,84.74,84.43,84.71,37814240.0,447200.0
VALE3,M15,28/04/2026,84.59,84.68,84.41,84.53,23260320.0,275200.0
VALE3,M15,28/04/2026,84.44,84.61,84.25,84.6,94853056.0,1124500.0
VALE3,M15,28/04/2026,84.57,84.69,84.32,84.42,45003316.0,532900.0
VALE3,M15,28/04/2026,84.66,84.89,84.48,84.59,36355657.0,429200.0
VALE3,M15,28/04/2026,84.74,84.86,84.58,84.67,65582878.0,774600.0
VALE3,M15,28/04/2026,84.9,85.09,84.66,84.74,43843470.0,516800.0
VALE3,M15,28/04/2026,84.71,85.0,84.05,84.94,100929587.0,1194700.0
VALE3,M15,28/04/2026,85.09,85.1,84.66,84.71,42982455.0,506100.0
VALE3,M15,28/04/2026,84.7,85.3,84.59,85.06,45923755.0,540800.0
VALE3,M15,27/04/2026,85.5,85.51,85.39,85.45,1000212.0,11700.0
VALE3,M15,27/04/2026,85.51,85.54,85.35,85.5,124154295.0,1452200.0
VALE3,M15,27/04/2026,85.58,85.63,85.46,85.5,34297776.0,400800.0
VALE3,M15,27/04/2026,85.63,85.68,85.57,85.59,16541713.0,193200.0
VALE3,M15,27/04/2026,85.55,85.65,85.52,85.63,20108866.0,235000.0
VALE3,M15,27/04/2026,85.47,85.65,85.44,85.54,27036732.0,316100.0
VALE3,M15,27/04/2026,85.44,85.5,85.38,85.47,13218244.0,154700.0
VALE3,M15,27/04/2026,85.39,85.48,85.32,85.44,21770850.0,254900.0
VALE3,M15,27/04/2026,85.52,85.55,85.39,85.39,15613250.0,182700.0
VALE3,M15,27/04/2026,85.48,85.52,85.4,85.5,16518921.0,193300.0
VALE3,M15,27/04/2026,85.61,85.69,85.44,85.48,19763950.0,230900.0
VALE3,M15,27/04/2026,85.36,85.62,85.24,85.6,22604376.0,264600.0
VALE3,M15,27/04/2026,85.39,85.49,85.34,85.35,11366161.0,133100.0
VALE3,M15,27/04/2026,85.42,85.43,85.28,85.39,11174068.0,130900.0
VALE3,M15,27/04/2026,85.52,85.55,85.38,85.41,7767414.0,90900.0
VALE3,M15,27/04/2026,85.52,85.55,85.43,85.49,15670156.0,183300.0
VALE3,M15,27/04/2026,85.59,85.65,85.49,85.53,12194792.0,142500.0
VALE3,M15,27/04/2026,85.57,85.59,85.48,85.59,10590441.0,123800.0
VALE3,M15,27/04/2026,85.45,85.57,85.43,85.56,9490396.0,111000.0
VALE3,M15,27/04/2026,85.22,85.48,85.2,85.45,24960040.0,292600.0
VALE3,M15,27/04/2026,85.17,85.28,85.12,85.23,18546115.0,217700.0
VALE3,M15,27/04/2026,85.45,85.46,85.11,85.17,25244832.0,296100.0
VALE3,M15,27/04/2026,85.36,85.49,85.18,85.45,33004772.0,386900.0
VALE3,M15,27/04/2026,85.42,85.51,85.31,85.33,31129644.0,364500.0
VALE3,M15,27/04/2026,85.55,85.6,85.36,85.45,25924933.0,303300.0
VALE3,M15,27/04/2026,85.55,85.62,84.89,85.57,90689680.0,1063700.0
VALE3,M15,27/04/2026,85.78,85.97,85.44,85.56,36162439.0,422100.0
VALE3,M15,27/04/2026,86.07,86.21,85.78,85.78,24190250.0,281400.0
VALE3,M15,27/04/2026,86.15,86.3,86.04,86.08,19188164.0,222700.0
VALE3,M15,24/04/2026,85.88,85.95,85.81,85.82,549480.0,6400.0
VALE3,M15,24/04/2026,85.89,85.94,85.77,85.87,134678998.0,1568500.0
VALE3,M15,24/04/2026,85.96,85.99,85.8,85.89,42770741.0,498000.0
VALE3,M15,24/04/2026,85.93,85.97,85.85,85.96,19660077.0,228800.0
VALE3,M15,24/04/2026,86.08,86.09,85.91,85.93,12484140.0,145200.0
VALE3,M15,24/04/2026,86.11,86.13,85.99,86.07,12106993.0,140700.0
VALE3,M15,24/04/2026,86.1,86.23,86.05,86.12,117294049.0,1361000.0
VALE3,M15,24/04/2026,86.13,86.29,86.08,86.09,35516445.0,412200.0
VALE3,M15,24/04/2026,86.15,86.2,86.11,86.13,41991269.0,487500.0
VALE3,M15,24/04/2026,86.13,86.22,86.08,86.13,16083635.0,186700.0
VALE3,M15,24/04/2026,86.16,86.19,86.03,86.12,16810957.0,195200.0
VALE3,M15,24/04/2026,86.02,86.23,85.98,86.16,17596325.0,204300.0
VALE3,M15,24/04/2026,86.24,86.25,86.0,86.03,18745340.0,217700.0
VALE3,M15,24/04/2026,86.18,86.27,86.07,86.24,26572729.0,308300.0
VALE3,M15,24/04/2026,86.4,86.5,86.15,86.18,36877276.0,427400.0
VALE3,M15,24/04/2026,86.44,86.5,86.38,86.4,23491365.0,271800.0
VALE3,M15,24/04/2026,86.46,86.5,86.35,86.44,16935412.0,196000.0
VALE3,M15,24/04/2026,86.41,86.6,86.41,86.46,32072934.0,370800.0
VALE3,M15,24/04/2026,86.2,86.44,86.14,86.42,18199411.0,211100.0
VALE3,M15,24/04/2026,85.85,86.24,85.82,86.21,27179762.0,315700.0
VALE3,M15,24/04/2026,85.96,86.0,85.75,85.84,24503037.0,285300.0
VALE3,M15,24/04/2026,86.19,86.19,85.75,85.94,33555191.0,390600.0
VALE3,M15,24/04/2026,86.53,86.64,86.16,86.19,32761049.0,379100.0
VALE3,M15,24/04/2026,86.77,86.99,86.4,86.54,59023259.0,680500.0
VALE3,M15,24/04/2026,86.6,86.92,86.44,86.75,55034351.0,635100.0
VALE3,M15,24/04/2026,86.31,86.64,86.14,86.61,30859083.0,357100.0
VALE3,M15,24/04/2026,86.25,86.39,85.82,86.31,36487270.0,423400.0
VALE3,M15,24/04/2026,86.1,86.25,85.86,86.25,22591725.0,262600.0
VALE3,M15,24/04/2026,85.97,86.3,85.85,86.11,23192262.0,269400.0
VALE3,M15,23/04/2026,86.0,86.0,85.85,85.86,1271470.0,14800.0
VALE3,M15,23/04/2026,86.1,86.23,85.97,85.97,255421044.0,2969600.0
VALE3,M15,23/04/2026,86.37,86.37,86.07,86.08,69112088.0,802000.0
VALE3,M15,23/04/2026,86.38,86.45,86.35,86.38,59884260.0,693100.0
VALE3,M15,23/04/2026,86.41,86.44,86.28,86.38,35726160.0,413700.0
VALE3,M15,23/04/2026,86.47,86.49,86.36,86.42,24644565.0,285100.0
VALE3,M15,23/04/2026,86.44,86.57,86.33,86.46,30103648.0,348200.0
VALE3,M15,23/04/2026,86.39,86.44,86.32,86.44,30015480.0,347500.0
VALE3,M15,23/04/2026,86.39,86.47,86.28,86.39,54935672.0,636000.0
VALE3,M15,23/04/2026,85.83,86.45,85.71,86.4,90813778.0,1056200.0
VALE3,M15,23/04/2026,86.14,86.32,85.8,85.82,40475222.0,470400.0
VALE3,M15,23/04/2026,86.3,86.35,86.05,86.14,36448685.0,422900.0
VALE3,M15,23/04/2026,86.58,86.62,86.27,86.3,28163667.0,325900.0
VALE3,M15,23/04/2026,86.58,86.64,86.49,86.57,21811045.0,252000.0
VALE3,M15,23/04/2026,86.25,86.67,86.24,86.57,31719708.0,366800.0
VALE3,M15,23/04/2026,86.2,86.26,86.17,86.25,11080170.0,128500.0
VALE3,M15,23/04/2026,86.26,86.27,86.16,86.2,17067633.0,198000.0
VALE3,M15,23/04/2026,86.25,86.31,86.13,86.27,18123780.0,210200.0
VALE3,M15,23/04/2026,86.39,86.39,86.25,86.26,9674058.0,112100.0
VALE3,M15,23/04/2026,86.32,86.45,86.25,86.36,13539727.0,156800.0
VALE3,M15,23/04/2026,86.45,86.45,86.24,86.33,12325819.0,142800.0
VALE3,M15,23/04/2026,86.38,86.54,86.34,86.44,15348301.0,177600.0
VALE3,M15,23/04/2026,86.61,86.79,86.37,86.39,23321792.0,269300.0
VALE3,M15,23/04/2026,86.39,86.65,86.37,86.61,17550399.0,202800.0
VALE3,M15,23/04/2026,86.65,86.65,86.13,86.39,25692055.0,297500.0
VALE3,M15,23/04/2026,86.8,87.13,86.55,86.66,32025741.0,368800.0
VALE3,M15,23/04/2026,86.83,87.17,86.57,86.81,31557261.0,363300.0
VALE3,M15,23/04/2026,86.94,87.08,86.83,86.86,25031635.0,287900.0
VALE3,M15,23/04/2026,86.64,86.96,86.37,86.9,27540795.0,317700.0
VALE3,M15,22/04/2026,87.21,87.25,87.16,87.2,1334291.0,15300.0
VALE3,M15,22/04/2026,87.32,87.32,87.22,87.22,226744081.0,2599400.0
VALE3,M15,22/04/2026,87.46,87.47,87.23,87.3,29896924.0,342400.0
VALE3,M15,22/04/2026,87.42,87.53,87.42,87.46,23406282.0,267600.0
VALE3,M15,22/04/2026,87.59,87.61,87.35,87.42,33673607.0,385000.0
VALE3,M15,22/04/2026,87.5,87.62,87.45,87.6,24698051.0,282100.0
VALE3,M15,22/04/2026,87.5,87.55,87.45,87.51,19601639.0,224000.0
VALE3,M15,22/04/2026,87.56,87.62,87.47,87.5,23739318.0,271200.0
VALE3,M15,22/04/2026,87.51,87.59,87.42,87.56,19073595.0,218000.0
VALE3,M15,22/04/2026,87.61,87.67,87.48,87.49,20687603.0,236300.0
VALE3,M15,22/04/2026,87.63,87.71,87.55,87.6,31230005.0,356400.0
VALE3,M15,22/04/2026,87.62,87.7,87.5,87.63,25585713.0,292100.0
VALE3,M15,22/04/2026,87.56,87.81,87.52,87.63,22123859.0,252400.0
VALE3,M15,22/04/2026,87.57,87.65,87.5,87.56,21770468.0,248600.0
VALE3,M15,22/04/2026,87.63,87.69,87.55,87.57,13309988.0,151900.0
VALE3,M15,22/04/2026,87.64,87.68,87.56,87.62,13763092.0,157100.0
VALE3,M15,22/04/2026,87.65,87.87,87.61,87.64,20673257.0,235700.0
VALE3,M15,22/04/2026,87.59,87.73,87.51,87.64,34600610.0,395000.0
VALE3,M15,22/04/2026,87.86,87.91,87.5,87.59,51534571.0,587400.0
VALE3,M15,22/04/2026,87.84,87.97,87.76,87.86,29029069.0,330400.0
VALE3,M15,22/04/2026,87.98,88.02,87.81,87.83,39975652.0,454600.0
VALE3,M15,22/04/2026,87.85,88.08,87.65,87.98,65279495.0,743000.0
VALE3,M15,22/04/2026,88.0,88.26,87.83,87.85,58222694.0,661500.0
VALE3,M15,22/04/2026,88.12,88.12,87.9,87.97,35843832.0,407300.0
VALE3,M15,22/04/2026,88.29,88.33,87.88,88.1,48487492.0,550700.0
VALE3,M15,22/04/2026,88.48,88.73,88.23,88.3,58180148.0,657400.0
VALE3,M15,22/04/2026,88.28,88.52,87.87,88.49,67099211.0,760500.0
VALE3,M15,22/04/2026,88.3,88.4,88.0,88.28,37126385.0,421000.0
VALE3,M15,22/04/2026,87.95,88.41,87.81,88.3,63255761.0,717800.0
VALE3,M15,20/04/2026,88.8,88.93,88.7,88.78,2006444.0,22600.0
VALE3,M15,20/04/2026,88.96,89.03,88.73,88.73,226683372.0,2552200.0
VALE3,M15,20/04/2026,89.01,89.1,88.92,88.96,86956721.0,976900.0
VALE3,M15,20/04/2026,89.09,89.11,88.97,89.01,44448925.0,499100.0
VALE3,M15,20/04/2026,88.96,89.1,88.94,89.09,29693446.0,333600.0
VALE3,M15,20/04/2026,88.87,89.13,88.87,88.96,40730434.0,457600.0
VALE3,M15,20/04/2026,88.83,88.88,88.79,88.88,15103115.0,170000.0
VALE3,M15,20/04/2026,88.8,88.93,88.77,88.83,28244759.0,317900.0
VALE3,M15,20/04/2026,88.71,88.86,88.68,88.8,30366444.0,342100.0
VALE3,M15,20/04/2026,88.69,88.79,88.63,88.7,23127767.0,260700.0
VALE3,M15,20/04/2026,88.79,88.81,88.5,88.7,27417567.0,309300.0
VALE3,M15,20/04/2026,88.84,88.85,88.72,88.8,29866421.0,336300.0
VALE3,M15,20/04/2026,88.78,88.9,88.75,88.85,24003779.0,270200.0
VALE3,M15,20/04/2026,88.92,88.94,88.71,88.77,22206820.0,249900.0
VALE3,M15,20/04/2026,88.87,88.96,88.75,88.91,20857641.0,234800.0
VALE3,M15,20/04/2026,89.23,89.23,88.86,88.88,40174870.0,451200.0
VALE3,M15,20/04/2026,89.39,89.39,89.17,89.23,21269115.0,238300.0
VALE3,M15,20/04/2026,89.38,89.4,89.3,89.39,19416209.0,217300.0
VALE3,M15,20/04/2026,89.33,89.44,89.29,89.38,22262794.0,249100.0
VALE3,M15,20/04/2026,88.98,89.39,88.91,89.33,41037400.0,460300.0
VALE3,M15,20/04/2026,89.02,89.06,88.71,88.97,33911842.0,381600.0
VALE3,M15,20/04/2026,89.21,89.21,88.74,89.02,37056243.0,416400.0
VALE3,M15,20/04/2026,88.97,89.29,88.88,89.21,58681770.0,658700.0
VALE3,M15,20/04/2026,88.26,89.0,88.25,88.97,68493788.0,772900.0
VALE3,M15,20/04/2026,88.53,88.53,88.03,88.27,98260384.0,1114000.0
VALE3,M15,20/04/2026,88.67,88.73,88.35,88.53,83721729.0,945700.0
VALE3,M15,20/04/2026,88.7,88.79,88.2,88.68,109132633.0,1233200.0
VALE3,M15,20/04/2026,88.92,89.17,88.68,88.68,52910390.0,594800.0
VALE3,M15,20/04/2026,88.8,89.0,88.41,88.91,88821844.0,1001000.0
VALE3,M15,17/04/2026,89.65,89.9,89.49,89.9,22342257.0,248700.0
VALE3,M15,17/04/2026,88.91,89.75,88.76,89.75,952447688.0,10620000.0
VALE3,M15,17/04/2026,88.83,88.94,88.79,88.92,50251362.0,565400.0
VALE3,M15,17/04/2026,88.89,88.96,88.8,88.83,41032901.0,461600.0
VALE3,M15,17/04/2026,88.91,88.99,88.78,88.9,29707327.0,334200.0
VALE3,M15,17/04/2026,89.08,89.14,88.82,88.92,49590083.0,557300.0
VALE3,M15,17/04/2026,89.1,89.19,89.03,89.08,44681418.0,501400.0
VALE3,M15,17/04/2026,88.97,89.18,88.97,89.08,31267784.0,351000.0
VALE3,M15,17/04/2026,88.96,89.02,88.89,88.97,34628027.0,389300.0
VALE3,M15,17/04/2026,89.04,89.09,88.8,88.94,61353932.0,690000.0
VALE3,M15,17/04/2026,89.12,89.19,89.01,89.04,29796460.0,334300.0
VALE3,M15,17/04/2026,89.18,89.23,88.91,89.11,56427535.0,633500.0
VALE3,M15,17/04/2026,89.3,89.35,89.17,89.18,276666561.0,3097200.0
VALE3,M15,17/04/2026,88.96,89.3,88.96,89.3,73984019.0,830100.0
VALE3,M15,17/04/2026,89.13,89.19,88.92,88.97,28734382.0,322700.0
VALE3,M15,17/04/2026,89.18,89.29,89.12,89.14,31811720.0,356600.0
VALE3,M15,17/04/2026,89.15,89.2,89.02,89.18,34736891.0,389800.0
VALE3,M15,17/04/2026,88.91,89.15,88.86,89.14,56275923.0,632200.0
VALE3,M15,17/04/2026,88.93,89.02,88.85,88.92,32710347.0,367800.0
VALE3,M15,17/04/2026,88.94,89.06,88.86,88.95,36637918.0,411800.0
VALE3,M15,17/04/2026,88.77,88.96,88.66,88.94,56359031.0,634600.0
VALE3,M15,17/04/2026,89.02,89.05,88.68,88.77,42154715.0,474400.0
VALE3,M15,17/04/2026,88.86,89.02,88.74,89.02,47555578.0,535000.0
VALE3,M15,17/04/2026,88.7,89.19,88.68,88.86,74597525.0,838400.0
VALE3,M15,17/04/2026,88.51,88.87,88.48,88.7,109332464.0,1232300.0
VALE3,M15,17/04/2026,88.28,88.55,87.86,88.51,124019572.0,1407300.0
VALE3,M15,17/04/2026,88.31,88.57,87.8,88.25,115762403.0,1312500.0
VALE3,M15,17/04/2026,88.9,88.9,88.25,88.28,67936691.0,767300.0
VALE3,M15,17/04/2026,88.2,89.06,88.11,88.89,72933548.0,822300.0
VALE3,M15,16/04/2026,87.43,87.5,87.35,87.37,2045557.0,23400.0
VALE3,M15,16/04/2026,87.64,87.65,87.42,87.44,181484050.0,2075100.0
VALE3,M15,16/04/2026,87.51,87.73,87.5,87.64,31006057.0,353900.0
VALE3,M15,16/04/2026,87.47,87.56,87.47,87.54,16798342.0,191900.0
VALE3,M15,16/04/2026,87.36,87.52,87.35,87.47,21948157.0,251000.0
VALE3,M15,16/04/2026,87.41,87.48,87.3,87.36,26323977.0,301300.0
VALE3,M15,16/04/2026,87.36,87.45,87.31,87.41,24529115.0,280700.0
VALE3,M15,16/04/2026,87.45,87.52,87.3,87.34,22953584.0,262600.0
VALE3,M15,16/04/2026,87.34,87.49,87.31,87.46,26149066.0,299100.0
VALE3,M15,16/04/2026,87.37,87.46,87.3,87.34,30805219.0,352600.0
VALE3,M15,16/04/2026,87.38,87.47,87.31,87.39,14138748.0,161800.0
VALE3,M15,16/04/2026,87.32,87.55,87.26,87.39,39627712.0,453400.0
VALE3,M15,16/04/2026,87.29,87.38,87.24,87.33,41749538.0,478200.0
VALE3,M15,16/04/2026,87.28,87.44,87.25,87.29,15637820.0,179100.0
VALE3,M15,16/04/2026,87.46,87.49,87.23,87.3,26954921.0,308600.0
VALE3,M15,16/04/2026,87.55,87.55,87.36,87.46,24808835.0,283700.0
VALE3,M15,16/04/2026,87.56,87.63,87.34,87.54,20456206.0,233800.0
VALE3,M15,16/04/2026,87.37,87.61,87.32,87.55,27697302.0,316800.0
VALE3,M15,16/04/2026,87.31,87.51,87.24,87.37,25226799.0,288700.0
VALE3,M15,16/04/2026,87.46,87.7,87.26,87.33,25028634.0,286000.0
VALE3,M15,16/04/2026,87.28,87.74,87.28,87.47,42001772.0,479700.0
VALE3,M15,16/04/2026,87.22,87.7,87.21,87.25,80348539.0,918300.0
VALE3,M15,16/04/2026,87.88,87.88,87.1,87.24,65399170.0,747400.0
VALE3,M15,16/04/2026,88.47,88.59,87.74,87.88,78232079.0,887600.0
VALE3,M15,16/04/2026,88.64,88.65,88.38,88.47,64682605.0,730900.0
VALE3,M15,16/04/2026,88.94,89.03,88.35,88.64,70568053.0,795500.0
VALE3,M15,16/04/2026,89.09,89.25,88.81,88.94,65828456.0,739300.0
VALE3,M15,16/04/2026,89.27,89.31,89.04,89.08,26301717.0,295000.0
VALE3,M15,16/04/2026,88.89,89.39,88.81,89.27,57341260.0,643500.0
VALE3,M15,15/04/2026,88.44,88.58,88.38,88.38,902091.0,10200.0
VALE3,M15,15/04/2026,88.45,88.58,88.33,88.44,236512758.0,2674100.0
VALE3,M15,15/04/2026,88.88,88.88,88.38,88.46,70513680.0,795700.0
VALE3,M15,15/04/2026,88.75,88.88,88.74,88.87,32106348.0,361400.0
VALE3,M15,15/04/2026,88.8,88.81,88.72,88.75,35134271.0,395800.0
VALE3,M15,15/04/2026,88.73,88.81,88.7,88.8,26415242.0,297600.0
VALE3,M15,15/04/2026,88.66,88.75,88.63,88.74,54740771.0,617100.0
VALE3,M15,15/04/2026,88.57,88.66,88.54,88.66,34156072.0,385500.0
VALE3,M15,15/04/2026,88.36,88.58,88.32,88.58,36778777.0,415800.0
VALE3,M15,15/04/2026,88.39,88.43,88.24,88.37,68260566.0,772700.0
VALE3,M15,15/04/2026,88.25,88.4,88.2,88.39,29105732.0,329600.0
VALE3,M15,15/04/2026,87.98,88.27,87.92,88.24,61526481.0,698700.0
VALE3,M15,15/04/2026,88.14,88.27,87.94,87.98,34743317.0,394400.0
VALE3,M15,15/04/2026,88.31,88.34,88.0,88.16,45262945.0,513600.0
VALE3,M15,15/04/2026,88.47,88.48,88.21,88.3,458033530.0,5178600.0
VALE3,M15,15/04/2026,88.49,88.55,88.45,88.46,10708146.0,121000.0
VALE3,M15,15/04/2026,88.39,88.55,88.39,88.49,20387497.0,230400.0
VALE3,M15,15/04/2026,88.4,88.5,88.33,88.39,19913108.0,225200.0
VALE3,M15,15/04/2026,88.18,88.45,88.18,88.41,30393533.0,344000.0
VALE3,M15,15/04/2026,88.35,88.47,88.09,88.17,55022498.0,622700.0
VALE3,M15,15/04/2026,88.4,88.42,88.1,88.36,73365275.0,830900.0
VALE3,M15,15/04/2026,88.61,88.64,88.34,88.41,71590990.0,809300.0
VALE3,M15,15/04/2026,88.58,88.67,88.46,88.62,53524128.0,604400.0
VALE3,M15,15/04/2026,88.55,88.63,88.42,88.58,228551960.0,2581200.0
VALE3,M15,15/04/2026,88.72,88.78,88.51,88.55,66643412.0,752100.0
VALE3,M15,15/04/2026,88.56,88.75,88.36,88.72,59901772.0,676800.0
VALE3,M15,15/04/2026,88.97,89.08,88.26,88.56,184193034.0,2078600.0
VALE3,M15,15/04/2026,88.6,89.0,88.52,88.98,37234077.0,419500.0
VALE3,M15,15/04/2026,88.15,88.92,87.89,88.59,34549534.0,390400.0
VALE3,M15,14/04/2026,88.25,88.32,88.0,88.0,12863446.0,146100.0
VALE3,M15,14/04/2026,88.28,88.49,88.25,88.3,246079174.0,2786200.0
VALE3,M15,14/04/2026,88.24,88.36,88.22,88.28,121211702.0,1373000.0
VALE3,M15,14/04/2026,88.2,88.31,88.14,88.25,52613085.0,596200.0
VALE3,M15,14/04/2026,88.18,88.37,88.18,88.2,57734649.0,653900.0
VALE3,M15,14/04/2026,88.08,88.22,88.06,88.18,30272768.0,343500.0
VALE3,M15,14/04/2026,88.1,88.18,88.05,88.09,28011702.0,317900.0
VALE3,M15,14/04/2026,88.17,88.28,88.03,88.1,45919606.0,521100.0
VALE3,M15,14/04/2026,88.07,88.18,88.06,88.17,32702114.0,371100.0
VALE3,M15,14/04/2026,88.02,88.08,87.95,88.07,34127797.0,387700.0
VALE3,M15,14/04/2026,87.99,88.06,87.92,88.03,26098683.0,296600.0
VALE3,M15,14/04/2026,87.92,88.05,87.86,87.98,25352053.0,288100.0
VALE3,M15,14/04/2026,87.79,88.0,87.79,87.92,31716943.0,360800.0
VALE3,M15,14/04/2026,87.81,87.89,87.71,87.78,21364086.0,243300.0
VALE3,M15,14/04/2026,87.81,87.89,87.76,87.82,20657482.0,235200.0
VALE3,M15,14/04/2026,87.79,87.84,87.59,87.83,69875448.0,796400.0
VALE3,M15,14/04/2026,87.74,87.98,87.69,87.79,33457706.0,380800.0
VALE3,M15,14/04/2026,87.96,87.97,87.66,87.74,31339724.0,356900.0
VALE3,M15,14/04/2026,88.05,88.17,87.93,87.96,25217632.0,286300.0
VALE3,M15,14/04/2026,87.94,88.18,87.92,88.04,39176891.0,444700.0
VALE3,M15,14/04/2026,88.18,88.21,87.91,87.94,43397346.0,493000.0
VALE3,M15,14/04/2026,88.15,88.39,88.11,88.21,53985047.0,611600.0
VALE3,M15,14/04/2026,88.33,88.45,88.03,88.15,39426684.0,446700.0
VALE3,M15,14/04/2026,88.45,88.52,88.15,88.35,57355263.0,649600.0
VALE3,M15,14/04/2026,88.37,88.5,88.21,88.45,50985262.0,576900.0
VALE3,M15,14/04/2026,88.36,88.54,88.15,88.36,160945114.0,1821800.0
VALE3,M15,14/04/2026,87.4,88.37,87.26,88.34,156277811.0,1782500.0
VALE3,M15,14/04/2026,87.55,87.61,87.18,87.37,51566889.0,590000.0
VALE3,M15,14/04/2026,87.5,87.66,87.38,87.55,32429700.0,370500.0
VALE3,M15,13/04/2026,87.35,87.4,87.23,87.29,2069501.0,23700.0
VALE3,M15,13/04/2026,87.13,87.36,87.01,87.36,444535048.0,5091800.0
VALE3,M15,13/04/2026,87.1,87.18,87.04,87.15,61192688.0,702300.0
VALE3,M15,13/04/2026,86.94,87.21,86.89,87.1,51053598.0,586300.0
VALE3,M15,13/04/2026,87.09,87.15,86.81,86.94,54915079.0,631400.0
VALE3,M15,13/04/2026,87.11,87.18,87.06,87.09,52120016.0,598200.0
VALE3,M15,13/04/2026,86.96,87.12,86.88,87.09,48885178.0,562100.0
VALE3,M15,13/04/2026,87.08,87.09,86.85,86.96,27685427.0,318300.0
VALE3,M15,13/04/2026,87.01,87.13,86.98,87.08,45592967.0,523700.0
VALE3,M15,13/04/2026,87.03,87.06,86.9,87.01,42817485.0,492300.0
VALE3,M15,13/04/2026,86.86,87.09,86.85,87.03,59157099.0,680000.0
VALE3,M15,13/04/2026,86.72,86.88,86.66,86.86,40294537.0,464200.0
VALE3,M15,13/04/2026,86.67,86.73,86.59,86.72,22196218.0,256100.0
VALE3,M15,13/04/2026,86.7,86.72,86.55,86.68,50301934.0,580500.0
VALE3,M15,13/04/2026,86.54,86.78,86.41,86.7,55021427.0,635000.0
VALE3,M15,13/04/2026,86.43,86.64,86.42,86.54,42062558.0,486000.0
VALE3,M15,13/04/2026,86.29,86.49,86.26,86.43,29410084.0,340500.0
VALE3,M15,13/04/2026,86.3,86.37,86.24,86.28,29221123.0,338600.0
VALE3,M15,13/04/2026,86.24,86.36,86.12,86.3,27661889.0,320700.0
VALE3,M15,13/04/2026,86.32,86.33,86.16,86.25,35351423.0,409900.0
VALE3,M15,13/04/2026,86.5,86.51,86.22,86.32,78637079.0,910800.0
VALE3,M15,13/04/2026,86.76,86.8,86.45,86.5,60316059.0,697000.0
VALE3,M15,13/04/2026,86.51,86.8,86.48,86.75,37111730.0,428400.0
VALE3,M15,13/04/2026,86.52,86.74,86.43,86.52,67077976.0,774600.0
VALE3,M15,13/04/2026,86.32,86.63,86.25,86.51,78505075.0,908200.0
VALE3,M15,13/04/2026,86.17,86.38,85.74,86.33,185315541.0,2153900.0
VALE3,M15,13/04/2026,85.37,86.43,85.32,86.18,260246148.0,3029600.0
VALE3,M15,13/04/2026,85.15,85.5,84.92,85.37,106409232.0,1248500.0
VALE3,M15,13/04/2026,85.11,85.59,85.02,85.16,40053613.0,469300.0
VALE3,M15,10/04/2026,85.6,85.8,85.6,85.65,2408397.0,28100.0
VALE3,M15,10/04/2026,85.58,85.6,85.38,85.59,231454005.0,2705000.0
VALE3,M15,10/04/2026,85.57,85.63,85.51,85.6,78278876.0,914900.0
VALE3,M15,10/04/2026,85.63,85.67,85.52,85.58,72063382.0,841900.0
VALE3,M15,10/04/2026,85.59,85.72,85.59,85.63,74423431.0,869100.0
VALE3,M15,10/04/2026,85.76,85.77,85.58,85.59,41677628.0,486400.0
VALE3,M15,10/04/2026,85.85,85.95,85.68,85.75,52443371.0,610900.0
VALE3,M15,10/04/2026,85.74,85.93,85.65,85.85,65918027.0,768000.0
VALE3,M15,10/04/2026,85.65,85.75,85.63,85.73,62327057.0,727300.0
VALE3,M15,10/04/2026,85.66,85.78,85.62,85.68,47596095.0,555400.0
VALE3,M15,10/04/2026,85.53,85.69,85.48,85.64,26277478.0,307000.0
VALE3,M15,10/04/2026,85.49,85.63,85.48,85.53,34912390.0,408100.0
VALE3,M15,10/04/2026,85.54,85.54,85.42,85.48,18505555.0,216500.0
VALE3,M15,10/04/2026,85.5,85.57,85.4,85.54,31087070.0,363600.0
VALE3,M15,10/04/2026,85.59,85.67,85.4,85.49,28605334.0,334400.0
VALE3,M15,10/04/2026,85.69,85.76,85.51,85.6,31167317.0,364000.0
VALE3,M15,10/04/2026,85.65,85.7,85.51,85.69,46585395.0,544300.0
VALE3,M15,10/04/2026,85.89,85.93,85.6,85.66,82678774.0,963900.0
VALE3,M15,10/04/2026,86.14,86.19,85.84,85.88,51228501.0,595800.0
VALE3,M15,10/04/2026,85.93,86.2,85.73,86.13,96168016.0,1118900.0
VALE3,M15,10/04/2026,85.72,85.93,85.4,85.93,74902471.0,874800.0
VALE3,M15,10/04/2026,85.92,86.39,85.66,85.73,296794644.0,3448100.0
VALE3,M15,10/04/2026,85.57,86.05,85.5,85.93,163346651.0,1904100.0
VALE3,M15,10/04/2026,85.27,85.6,85.19,85.57,76349524.0,894400.0
VALE3,M15,10/04/2026,85.17,85.35,85.05,85.28,65160276.0,764500.0
VALE3,M15,10/04/2026,84.86,85.25,84.63,85.19,52636440.0,619500.0
VALE3,M15,10/04/2026,84.98,85.13,84.58,84.86,95301697.0,1124300.0
VALE3,M15,10/04/2026,85.09,85.15,84.92,85.0,27210500.0,320000.0
VALE3,M15,10/04/2026,85.0,85.24,84.93,85.09,28014838.0,329200.0
VALE3,M15,09/04/2026,84.7,84.85,84.6,84.85,2262625.0,26700.0
VALE3,M15,09/04/2026,84.65,84.78,84.54,84.69,227889130.0,2691000.0
VALE3,M15,09/04/2026,84.71,84.81,84.62,84.64,51062748.0,602600.0
VALE3,M15,09/04/2026,84.65,84.75,84.53,84.7,52152411.0,616300.0
VALE3,M15,09/04/2026,84.48,84.68,84.4,84.65,50063773.0,591900.0
VALE3,M15,09/04/2026,84.35,84.49,84.34,84.48,41273012.0,488800.0
VALE3,M15,09/04/2026,84.44,84.46,84.26,84.34,66908966.0,793100.0
VALE3,M15,09/04/2026,84.77,84.79,84.37,84.44,69320807.0,820100.0
VALE3,M15,09/04/2026,84.92,84.94,84.67,84.77,45812161.0,540200.0
VALE3,M15,09/04/2026,85.1,85.16,84.9,84.91,44856160.0,527400.0
VALE3,M15,09/04/2026,85.05,85.16,85.0,85.09,34211834.0,402100.0
VALE3,M15,09/04/2026,84.88,85.07,84.88,85.04,30817037.0,362600.0
VALE3,M15,09/04/2026,84.95,85.06,84.79,84.87,31691078.0,373300.0
VALE3,M15,09/04/2026,84.9,84.99,84.75,84.94,39463690.0,465000.0
VALE3,M15,09/04/2026,85.1,85.11,84.87,84.9,87328634.0,1027400.0
VALE3,M15,09/04/2026,85.08,85.14,85.02,85.1,29851837.0,350800.0
VALE3,M15,09/04/2026,85.05,85.19,85.02,85.08,25827311.0,303500.0
VALE3,M15,09/04/2026,84.97,85.16,84.9,85.04,28755440.0,338100.0
VALE3,M15,09/04/2026,84.76,85.14,84.71,84.97,78852873.0,927700.0
VALE3,M15,09/04/2026,84.4,84.8,84.4,84.79,63394191.0,749000.0
VALE3,M15,09/04/2026,84.53,84.53,84.32,84.41,22754482.0,269500.0
VALE3,M15,09/04/2026,84.43,84.6,84.34,84.53,41632793.0,492800.0
VALE3,M15,09/04/2026,84.59,84.64,84.35,84.42,39794457.0,471200.0
VALE3,M15,09/04/2026,84.78,84.81,84.56,84.6,43813571.0,517500.0
VALE3,M15,09/04/2026,85.08,85.2,84.73,84.77,45976904.0,541000.0
VALE3,M15,09/04/2026,85.11,85.27,84.95,85.09,33086323.0,388700.0
VALE3,M15,09/04/2026,84.84,85.54,84.84,85.1,78816062.0,925100.0
VALE3,M15,09/04/2026,84.92,85.05,84.55,84.84,56498270.0,666800.0
VALE3,M15,09/04/2026,85.36,85.36,84.65,84.9,59699619.0,702900.0
VALE3,M15,08/04/2026,85.59,85.62,85.41,85.49,1907798.0,22300.0
VALE3,M15,08/04/2026,85.65,85.67,85.38,85.59,283162341.0,3309300.0
VALE3,M15,08/04/2026,85.58,85.69,85.54,85.64,57581848.0,672500.0
VALE3,M15,08/04/2026,85.61,85.76,85.55,85.59,34317244.0,400600.0
VALE3,M15,08/04/2026,85.51,85.65,85.46,85.61,39070366.0,456700.0
VALE3,M15,08/04/2026,85.37,85.57,85.37,85.51,31407532.0,367400.0
VALE3,M15,08/04/2026,85.67,85.72,85.29,85.38,36478363.0,426700.0
VALE3,M15,08/04/2026,85.76,85.85,85.56,85.67,32732479.0,382000.0
VALE3,M15,08/04/2026,85.69,85.84,85.62,85.77,49249617.0,574300.0
VALE3,M15,08/04/2026,85.58,85.74,85.55,85.69,32674103.0,381500.0
VALE3,M15,08/04/2026,85.61,85.7,85.55,85.58,43371532.0,506500.0
VALE3,M15,08/04/2026,85.87,85.89,85.56,85.61,68100361.0,794900.0
VALE3,M15,08/04/2026,85.81,85.9,85.75,85.87,34900021.0,406600.0
VALE3,M15,08/04/2026,85.7,85.89,85.68,85.8,32367495.0,377300.0
VALE3,M15,08/04/2026,85.57,85.75,85.52,85.7,39025298.0,455500.0
VALE3,M15,08/04/2026,85.64,85.65,85.52,85.56,29534065.0,345100.0
VALE3,M15,08/04/2026,85.57,85.66,85.53,85.64,36857300.0,430500.0
VALE3,M15,08/04/2026,85.51,85.67,85.48,85.58,40927071.0,478300.0
VALE3,M15,08/04/2026,85.48,85.55,85.42,85.51,35362921.0,413600.0
VALE3,M15,08/04/2026,85.37,85.58,85.31,85.48,45180654.0,528600.0
VALE3,M15,08/04/2026,85.09,85.4,85.09,85.38,55890215.0,655300.0
VALE3,M15,08/04/2026,85.2,85.28,84.83,85.1,68598961.0,806200.0
VALE3,M15,08/04/2026,85.22,85.37,85.02,85.2,81060830.0,951100.0
VALE3,M15,08/04/2026,85.33,85.49,85.13,85.22,88311083.0,1034900.0
VALE3,M15,08/04/2026,84.98,85.38,84.96,85.29,99919886.0,1172400.0
VALE3,M15,08/04/2026,85.1,85.3,84.73,84.98,190589065.0,2242500.0
VALE3,M15,08/04/2026,86.31,86.5,85.03,85.11,293105297.0,3420100.0
VALE3,M15,08/04/2026,86.28,86.72,86.11,86.27,159798135.0,1848800.0
VALE3,M15,08/04/2026,86.5,86.57,86.22,86.26,93415391.0,1080900.0
VALE3,M15,07/04/2026,83.69,83.89,83.48,83.75,5142798.0,61400.0
VALE3,M15,07/04/2026,83.32,83.69,83.3,83.69,227778390.0,2723800.0
VALE3,M15,07/04/2026,83.43,83.48,83.23,83.36,45811854.0,549700.0
VALE3,M15,07/04/2026,83.18,83.69,83.18,83.42,40810410.0,489000.0
VALE3,M15,07/04/2026,83.16,83.22,83.03,83.18,26567537.0,319600.0
VALE3,M15,07/04/2026,83.2,83.22,83.06,83.16,24034426.0,289100.0
VALE3,M15,07/04/2026,83.35,83.38,83.19,83.2,22781808.0,273600.0
VALE3,M15,07/04/2026,83.39,83.46,83.29,83.34,15306118.0,183600.0
VALE3,M15,07/04/2026,83.48,83.55,83.31,83.39,12853499.0,154100.0
VALE3,M15,07/04/2026,83.48,83.58,83.44,83.48,20131269.0,241100.0
VALE3,M15,07/04/2026,83.31,83.67,83.31,83.5,29585438.0,354200.0
VALE3,M15,07/04/2026,83.4,83.42,83.26,83.33,12290093.0,147500.0
VALE3,M15,07/04/2026,83.3,83.46,83.26,83.4,19096064.0,229000.0
VALE3,M15,07/04/2026,83.3,83.4,83.25,83.32,25600325.0,307200.0
VALE3,M15,07/04/2026,83.33,83.4,83.19,83.27,10497825.0,126000.0
VALE3,M15,07/04/2026,83.27,83.38,83.19,83.31,11002611.0,132100.0
VALE3,M15,07/04/2026,83.16,83.51,83.12,83.27,18493643.0,222000.0
VALE3,M15,07/04/2026,82.95,83.17,82.91,83.15,22656273.0,272800.0
VALE3,M15,07/04/2026,83.06,83.2,82.93,82.95,20578554.0,247800.0
VALE3,M15,07/04/2026,83.03,83.21,82.96,83.06,23483924.0,282600.0
VALE3,M15,07/04/2026,83.06,83.2,82.94,83.01,28860776.0,347500.0
VALE3,M15,07/04/2026,83.36,83.48,83.04,83.06,28182983.0,338300.0
VALE3,M15,07/04/2026,83.46,83.7,83.26,83.37,72104011.0,863500.0
VALE3,M15,07/04/2026,82.71,83.5,82.63,83.49,68725433.0,827000.0
VALE3,M15,07/04/2026,83.12,83.15,82.6,82.71,43719859.0,528000.0
VALE3,M15,07/04/2026,83.24,83.34,83.04,83.11,48891309.0,587900.0
VALE3,M15,07/04/2026,83.33,83.69,83.17,83.24,53247360.0,638300.0
VALE3,M15,07/04/2026,83.36,83.44,83.1,83.29,264403736.0,3177100.0
VALE3,M15,07/04/2026,83.05,83.49,82.9,83.33,33199715.0,398700.0
VALE3,M15,06/04/2026,83.09,83.13,82.81,82.81,2571675.0,31000.0
VALE3,M15,06/04/2026,83.11,83.2,83.08,83.09,99212634.0,1193800.0
VALE3,M15,06/04/2026,83.06,83.16,83.02,83.11,38930452.0,468500.0
VALE3,M15,06/04/2026,83.13,83.21,83.0,83.05,29797501.0,358700.0
VALE3,M15,06/04/2026,83.16,83.24,83.11,83.12,18930957.0,227600.0
VALE3,M15,06/04/2026,83.01,83.17,83.01,83.15,16202669.0,195000.0
VALE3,M15,06/04/2026,83.03,83.16,83.01,83.01,30464820.0,366600.0
VALE3,M15,06/04/2026,82.91,83.11,82.9,83.01,22643320.0,272800.0
VALE3,M15,06/04/2026,82.87,83.04,82.8,82.92,19311993.0,232900.0
VALE3,M15,06/04/2026,82.99,83.0,82.82,82.87,13116587.0,158200.0
VALE3,M15,06/04/2026,83.09,83.17,82.95,82.99,25393423.0,305800.0
VALE3,M15,06/04/2026,82.92,83.12,82.89,83.07,12200626.0,147000.0
VALE3,M15,06/04/2026,83.14,83.15,82.86,82.95,22262997.0,268200.0
VALE3,M15,06/04/2026,83.27,83.27,83.07,83.15,19997735.0,240500.0
VALE3,M15,06/04/2026,83.21,83.35,83.16,83.28,18801465.0,225800.0
VALE3,M15,06/04/2026,83.29,83.35,83.2,83.22,10390667.0,124800.0
VALE3,M15,06/04/2026,83.48,83.53,83.28,83.33,23186365.0,278000.0
VALE3,M15,06/04/2026,83.3,83.49,83.26,83.47,24335486.0,291800.0
VALE3,M15,06/04/2026,83.36,83.43,83.13,83.28,29721645.0,357100.0
VALE3,M15,06/04/2026,83.3,83.36,83.23,83.35,10350955.0,124300.0
VALE3,M15,06/04/2026,83.37,83.53,83.25,83.31,16531536.0,198300.0
VALE3,M15,06/04/2026,83.39,83.5,83.23,83.39,11554575.0,138600.0
VALE3,M15,06/04/2026,83.46,83.54,83.29,83.41,18419343.0,220800.0
VALE3,M15,06/04/2026,83.49,83.55,83.35,83.44,19340220.0,231700.0
VALE3,M15,06/04/2026,83.6,83.75,83.23,83.48,31864497.0,381900.0
VALE3,M15,06/04/2026,83.54,83.81,83.4,83.55,46169757.0,552800.0
VALE3,M15,06/04/2026,83.79,84.04,83.5,83.53,35680373.0,425800.0
VALE3,M15,06/04/2026,83.85,83.88,83.69,83.77,28691725.0,342400.0
VALE3,M15,06/04/2026,84.04,84.22,83.75,83.88,26870974.0,320000.0
VALE3,M15,02/04/2026,83.55,83.7,83.51,83.69,894412.0,10700.0
VALE3,M15,02/04/2026,83.66,83.74,83.55,83.55,133389058.0,1596200.0
VALE3,M15,02/04/2026,83.65,83.77,83.54,83.65,39905964.0,477200.0
VALE3,M15,02/04/2026,83.61,83.75,83.53,83.66,50481946.0,603600.0
VALE3,M15,02/04/2026,83.5,83.67,83.4,83.62,25691051.0,307500.0
VALE3,M15,02/04/2026,83.42,83.58,83.42,83.5,13546507.0,162200.0
VALE3,M15,02/04/2026,83.37,83.46,83.3,83.42,14882043.0,178500.0
VALE3,M15,02/04/2026,83.43,83.5,83.34,83.36,15430566.0,185000.0
VALE3,M15,02/04/2026,83.4,83.47,83.27,83.43,15683821.0,188100.0
VALE3,M15,02/04/2026,83.38,83.42,83.23,83.38,9381457.0,112600.0
VALE3,M15,02/04/2026,83.36,83.41,83.23,83.37,25948372.0,311400.0
VALE3,M15,02/04/2026,83.43,83.47,83.32,83.36,11591647.0,139000.0
VALE3,M15,02/04/2026,83.44,83.52,83.35,83.43,13327171.0,159700.0
VALE3,M15,02/04/2026,83.63,83.66,83.41,83.44,17516923.0,209600.0
VALE3,M15,02/04/2026,83.26,83.74,83.23,83.63,20592448.0,246500.0
VALE3,M15,02/04/2026,83.42,83.46,83.2,83.26,16441079.0,197400.0
VALE3,M15,02/04/2026,83.4,83.55,83.28,83.42,16831359.0,201800.0
VALE3,M15,02/04/2026,83.6,83.6,83.38,83.43,23986088.0,287300.0
VALE3,M15,02/04/2026,83.52,83.67,83.47,83.6,22856166.0,273500.0
VALE3,M15,02/04/2026,83.57,83.74,83.29,83.51,49655018.0,594100.0
VALE3,M15,02/04/2026,83.38,83.67,83.25,83.58,47459157.0,568800.0
VALE3,M15,02/04/2026,83.45,83.47,83.01,83.41,33076633.0,397200.0
VALE3,M15,02/04/2026,82.71,83.57,82.69,83.46,101811910.0,1223400.0
VALE3,M15,02/04/2026,82.68,82.85,82.55,82.68,35121584.0,424700.0
VALE3,M15,02/04/2026,82.76,82.85,82.57,82.67,64081576.0,774600.0
VALE3,M15,02/04/2026,82.08,82.77,82.03,82.76,102321040.0,1239000.0
VALE3,M15,02/04/2026,82.32,82.5,81.74,82.06,95098580.0,1156900.0
VALE3,M15,02/04/2026,82.11,82.71,82.0,82.3,97692890.0,1186900.0
VALE3,M15,02/04/2026,81.51,82.27,81.36,82.1,49612241.0,606400.0
VALE3,M15,01/04/2026,83.0,83.0,82.7,82.7,4051469.0,48900.0
VALE3,M15,01/04/2026,83.07,83.17,83.0,83.0,288635324.0,3476100.0
VALE3,M15,01/04/2026,83.08,83.19,82.99,83.07,71229961.0,857400.0
VALE3,M15,01/04/2026,82.87,83.14,82.86,83.08,48452720.0,583800.0
VALE3,M15,01/04/2026,82.97,83.06,82.84,82.88,30574914.0,368600.0
VALE3,M15,01/04/2026,83.05,83.09,82.92,82.96,25336244.0,305300.0
VALE3,M15,01/04/2026,82.84,83.17,82.76,83.05,38454111.0,463500.0
VALE3,M15,01/04/2026,83.13,83.15,82.75,82.83,54117844.0,652700.0
VALE3,M15,01/04/2026,83.21,83.25,83.04,83.13,30636707.0,368500.0
VALE3,M15,01/04/2026,83.21,83.31,83.12,83.2,33568756.0,403300.0
VALE3,M15,01/04/2026,83.34,83.43,83.18,83.23,29061480.0,348700.0
VALE3,M15,01/04/2026,83.24,83.35,83.23,83.34,32860331.0,394500.0
VALE3,M15,01/04/2026,83.14,83.36,83.13,83.24,42761033.0,513700.0
VALE3,M15,01/04/2026,83.15,83.17,83.03,83.15,26747186.0,321800.0
VALE3,M15,01/04/2026,82.83,83.24,82.83,83.14,45210368.0,544000.0
VALE3,M15,01/04/2026,82.89,82.93,82.78,82.82,22313170.0,269300.0
VALE3,M15,01/04/2026,83.0,83.07,82.82,82.89,27857855.0,336000.0
VALE3,M15,01/04/2026,82.93,83.05,82.86,83.0,26404764.0,318300.0
VALE3,M15,01/04/2026,82.85,82.98,82.77,82.94,31081421.0,375000.0
VALE3,M15,01/04/2026,83.15,83.23,82.81,82.86,60407022.0,727000.0
VALE3,M15,01/04/2026,83.1,83.5,83.07,83.14,94849339.0,1139400.0
VALE3,M15,01/04/2026,82.86,83.19,82.7,83.1,669133145.0,8064000.0
VALE3,M15,01/04/2026,83.0,83.11,82.58,82.84,110137378.0,1329000.0
VALE3,M15,01/04/2026,83.08,83.17,82.74,83.0,102587902.0,1236500.0
VALE3,M15,01/04/2026,83.36,83.42,83.02,83.08,69440378.0,834200.0
VALE3,M15,01/04/2026,83.47,83.65,83.31,83.36,71431991.0,855700.0
VALE3,M15,01/04/2026,83.77,83.96,83.43,83.48,66686565.0,797500.0
VALE3,M15,01/04/2026,83.76,84.04,83.53,83.77,117627482.0,1403000.0
VALE3,M15,01/04/2026,83.31,83.82,82.85,83.73,98344755.0,1178300.0
VALE3,M15,31/03/2026,82.47,82.65,82.42,82.44,1592276.0,19300.0
VALE3,M15,31/03/2026,82.55,82.72,82.37,82.48,381761911.0,4627500.0
VALE3,M15,31/03/2026,82.34,82.67,82.34,82.55,101687726.0,1232000.0
VALE3,M15,31/03/2026,82.46,82.52,82.29,82.34,39836604.0,483400.0
VALE3,M15,31/03/2026,82.48,82.55,82.35,82.46,33576035.0,407200.0
VALE3,M15,31/03/2026,82.49,82.55,82.3,82.48,40502689.0,491400.0
VALE3,M15,31/03/2026,82.53,82.62,82.41,82.48,38254136.0,463600.0
VALE3,M15,31/03/2026,82.53,82.65,82.4,82.52,47693744.0,577900.0
VALE3,M15,31/03/2026,82.38,82.62,82.32,82.56,43787429.0,530800.0
VALE3,M15,31/03/2026,82.36,82.43,82.24,82.36,36926821.0,448500.0
VALE3,M15,31/03/2026,82.4,82.66,82.31,82.36,53441212.0,647700.0
VALE3,M15,31/03/2026,82.57,82.74,82.32,82.38,60282765.0,730400.0
VALE3,M15,31/03/2026,82.5,82.73,82.36,82.57,153017647.0,1853600.0
VALE3,M15,31/03/2026,82.42,82.5,82.14,82.5,165617389.0,2011500.0
VALE3,M15,31/03/2026,81.54,82.71,81.48,82.42,99207205.0,1208100.0
VALE3,M15,31/03/2026,81.38,81.62,81.35,81.52,30337081.0,372300.0
VALE3,M15,31/03/2026,81.21,81.4,81.19,81.38,22992377.0,282700.0
VALE3,M15,31/03/2026,81.27,81.38,81.13,81.23,33000147.0,406100.0
VALE3,M15,31/03/2026,81.26,81.44,81.21,81.26,35199334.0,432800.0
VALE3,M15,31/03/2026,81.68,81.68,81.25,81.26,31430955.0,385700.0
VALE3,M15,31/03/2026,81.21,81.68,81.21,81.66,32023111.0,393100.0
VALE3,M15,31/03/2026,81.35,81.41,81.13,81.18,60132951.0,740200.0
VALE3,M15,31/03/2026,81.6,81.7,81.29,81.37,58161673.0,713300.0
VALE3,M15,31/03/2026,81.57,81.65,81.45,81.6,62217369.0,762800.0
VALE3,M15,31/03/2026,81.67,81.8,81.57,81.58,62046518.0,759700.0
VALE3,M15,31/03/2026,81.26,81.67,81.25,81.66,86556535.0,1062400.0
VALE3,M15,31/03/2026,81.01,81.39,80.93,81.25,103111623.0,1270300.0
VALE3,M15,31/03/2026,80.99,81.25,80.83,81.01,77230168.0,952400.0
VALE3,M15,31/03/2026,80.74,81.1,80.59,80.99,55815900.0,689700.0
VALE3,M15,30/03/2026,79.5,79.55,79.33,79.41,2127955.0,26800.0
VALE3,M15,30/03/2026,79.48,79.6,79.41,79.5,224518775.0,2824300.0
VALE3,M15,30/03/2026,79.5,79.54,79.29,79.47,46028221.0,579400.0
VALE3,M15,30/03/2026,79.39,79.61,79.39,79.49,61328148.0,771500.0
VALE3,M15,30/03/2026,79.64,79.74,79.33,79.38,65028098.0,817900.0
VALE3,M15,30/03/2026,79.84,79.87,79.58,79.63,158167590.0,1983800.0
VALE3,M15,30/03/2026,79.71,79.85,79.65,79.83,21877114.0,274300.0
VALE3,M15,30/03/2026,79.71,79.74,79.64,79.71,131919784.0,1656100.0
VALE3,M15,30/03/2026,79.71,79.75,79.61,79.73,11083203.0,139100.0
VALE3,M15,30/03/2026,79.71,79.86,79.58,79.71,25883005.0,324700.0
VALE3,M15,30/03/2026,79.67,79.75,79.52,79.7,18520680.0,232500.0
VALE3,M15,30/03/2026,79.75,79.75,79.58,79.67,23917462.0,300300.0
VALE3,M15,30/03/2026,79.92,79.99,79.68,79.74,23824901.0,298500.0
VALE3,M15,30/03/2026,79.91,79.96,79.81,79.9,15184303.0,190100.0
VALE3,M15,30/03/2026,79.86,79.98,79.81,79.9,16472395.0,206200.0
VALE3,M15,30/03/2026,79.99,79.99,79.85,79.87,30809249.0,385500.0
VALE3,M15,30/03/2026,80.22,80.22,79.9,79.96,36698964.0,458800.0
VALE3,M15,30/03/2026,80.37,80.4,80.2,80.21,12842221.0,159900.0
VALE3,M15,30/03/2026,80.01,80.4,80.0,80.37,21867761.0,272500.0
VALE3,M15,30/03/2026,79.99,80.09,79.82,80.0,21708544.0,271600.0
VALE3,M15,30/03/2026,80.11,80.35,79.89,79.98,30374200.0,379000.0
VALE3,M15,30/03/2026,79.67,80.15,79.55,80.12,66689514.0,835200.0
VALE3,M15,30/03/2026,79.97,80.18,79.62,79.66,28810804.0,360400.0
VALE3,M15,30/03/2026,80.33,80.35,79.93,79.97,33285210.0,415600.0
VALE3,M15,30/03/2026,80.0,80.44,79.95,80.33,88661526.0,1105500.0
VALE3,M15,30/03/2026,80.57,80.57,79.87,79.94,74554416.0,929800.0
VALE3,M15,30/03/2026,80.69,81.06,80.43,80.59,89876414.0,1112200.0
VALE3,M15,30/03/2026,80.37,80.88,80.35,80.68,54953052.0,681100.0
VALE3,M15,30/03/2026,80.25,80.48,80.1,80.4,62961776.0,784100.0
VALE3,M15,27/03/2026,78.9,79.05,78.81,79.04,639876.0,8100.0
VALE3,M15,27/03/2026,78.69,79.0,78.62,79.0,162612671.0,2060400.0
VALE3,M15,27/03/2026,78.76,78.85,78.65,78.69,35882059.0,455700.0
VALE3,M15,27/03/2026,78.75,78.82,78.65,78.74,15394428.0,195500.0
VALE3,M15,27/03/2026,78.79,78.84,78.65,78.73,20906271.0,265600.0
VALE3,M15,27/03/2026,78.72,78.82,78.65,78.77,14712094.0,186800.0
VALE3,M15,27/03/2026,78.64,78.87,78.61,78.72,18901207.0,240100.0
VALE3,M15,27/03/2026,78.63,78.68,78.56,78.63,24789117.0,315300.0
VALE3,M15,27/03/2026,78.7,78.71,78.62,78.63,21922783.0,278700.0
VALE3,M15,27/03/2026,78.89,78.91,78.62,78.72,54063164.0,686100.0
VALE3,M15,27/03/2026,79.01,79.09,78.85,78.88,17076147.0,216200.0
VALE3,M15,27/03/2026,79.17,79.17,79.0,79.01,11807593.0,149300.0
VALE3,M15,27/03/2026,79.21,79.35,79.12,79.17,17598988.0,222200.0
VALE3,M15,27/03/2026,79.31,79.46,79.21,79.21,37072060.0,467000.0
VALE3,M15,27/03/2026,79.23,79.4,79.22,79.3,8502347.0,107200.0
VALE3,M15,27/03/2026,79.3,79.31,79.15,79.2,16884354.0,213100.0
VALE3,M15,27/03/2026,79.35,79.41,79.2,79.3,20500726.0,258600.0
VALE3,M15,27/03/2026,79.6,79.61,79.29,79.32,18316570.0,230600.0
VALE3,M15,27/03/2026,79.72,79.84,79.54,79.58,21530435.0,270100.0
VALE3,M15,27/03/2026,79.77,79.92,79.56,79.69,22646141.0,284100.0
VALE3,M15,27/03/2026,79.64,79.9,79.56,79.75,41948183.0,525800.0
VALE3,M15,27/03/2026,79.38,79.69,79.37,79.65,17739451.0,223000.0
VALE3,M15,27/03/2026,79.41,79.46,79.31,79.39,14594310.0,183900.0
VALE3,M15,27/03/2026,79.45,79.72,79.34,79.45,25839878.0,324700.0
VALE3,M15,27/03/2026,79.27,79.63,79.26,79.5,28696900.0,361300.0
VALE3,M15,27/03/2026,79.57,79.78,79.14,79.28,48846781.0,614700.0
VALE3,M15,27/03/2026,79.1,79.63,79.0,79.58,59467320.0,749600.0
VALE3,M15,27/03/2026,78.96,79.33,78.95,79.07,39825138.0,503100.0
VALE3,M15,27/03/2026,78.47,79.15,78.17,78.97,39730275.0,504900.0
VALE3,M15,26/03/2026,78.91,79.05,78.85,78.93,4226034.0,53500.0
VALE3,M15,26/03/2026,78.64,78.91,78.59,78.91,166046396.0,2105600.0
VALE3,M15,26/03/2026,78.69,78.76,78.56,78.64,34016768.0,432400.0
VALE3,M15,26/03/2026,78.6,78.8,78.58,78.69,97669969.0,1240500.0
VALE3,M15,26/03/2026,78.81,78.85,78.52,78.6,23340045.0,296800.0
VALE3,M15,26/03/2026,78.66,78.87,78.64,78.83,26294654.0,333900.0
VALE3,M15,26/03/2026,78.52,78.76,78.52,78.68,15276922.0,194200.0
VALE3,M15,26/03/2026,78.74,78.77,78.49,78.52,30517717.0,388300.0
VALE3,M15,26/03/2026,78.44,78.82,78.42,78.76,25507864.0,324300.0
VALE3,M15,26/03/2026,78.56,78.64,78.37,78.42,25043306.0,319100.0
VALE3,M15,26/03/2026,78.51,78.64,78.45,78.57,8955332.0,114000.0
VALE3,M15,26/03/2026,78.51,78.65,78.41,78.5,27908057.0,355400.0
VALE3,M15,26/03/2026,78.83,78.9,78.5,78.51,26610528.0,338300.0
VALE3,M15,26/03/2026,78.74,78.85,78.69,78.83,18650923.0,236700.0
VALE3,M15,26/03/2026,78.57,78.86,78.55,78.71,30833566.0,391900.0
VALE3,M15,26/03/2026,79.06,79.07,78.55,78.56,30302359.0,384600.0
VALE3,M15,26/03/2026,79.06,79.12,78.95,79.09,17457643.0,220800.0
VALE3,M15,26/03/2026,78.88,79.15,78.8,79.05,22452478.0,284200.0
VALE3,M15,26/03/2026,79.01,79.04,78.85,78.86,14717675.0,186400.0
VALE3,M15,26/03/2026,78.94,79.04,78.86,79.01,10114572.0,128100.0
VALE3,M15,26/03/2026,78.95,79.07,78.87,78.91,20721799.0,262400.0
VALE3,M15,26/03/2026,78.86,78.98,78.7,78.92,59741973.0,757700.0
VALE3,M15,26/03/2026,79.42,79.55,78.82,78.87,44775684.0,565700.0
VALE3,M15,26/03/2026,79.4,79.59,79.39,79.42,34196345.0,430100.0
VALE3,M15,26/03/2026,79.27,79.43,79.11,79.4,41644911.0,525400.0
VALE3,M15,26/03/2026,78.98,79.37,78.95,79.26,59790157.0,754600.0
VALE3,M15,26/03/2026,78.57,79.15,78.51,78.97,72369209.0,917000.0
VALE3,M15,26/03/2026,78.63,78.77,78.55,78.56,33698166.0,428400.0
VALE3,M15,26/03/2026,78.13,78.7,78.01,78.64,42978287.0,548600.0
VALE3,M15,25/03/2026,79.5,79.5,79.14,79.38,4416172.0,55700.0
VALE3,M15,25/03/2026,79.33,79.55,79.26,79.55,318428029.0,4008400.0
VALE3,M15,25/03/2026,79.29,79.44,79.24,79.32,30114345.0,379600.0
VALE3,M15,25/03/2026,79.26,79.48,79.25,79.3,35518479.0,447600.0
VALE3,M15,25/03/2026,79.5,79.53,79.17,79.28,49434614.0,622700.0
VALE3,M15,25/03/2026,79.52,79.58,79.29,79.5,23472251.0,295300.0
VALE3,M15,25/03/2026,79.55,79.66,79.43,79.52,26006903.0,326800.0
VALE3,M15,25/03/2026,79.7,79.76,79.52,79.52,43013709.0,539900.0
VALE3,M15,25/03/2026,79.24,79.73,79.2,79.68,33201771.0,417300.0
VALE3,M15,25/03/2026,79.49,79.49,79.09,79.24,31066071.0,391900.0
VALE3,M15,25/03/2026,79.25,79.56,79.22,79.45,51315298.0,646400.0
VALE3,M15,25/03/2026,79.32,79.39,79.23,79.23,31245671.0,394000.0
VALE3,M15,25/03/2026,79.49,79.55,79.2,79.3,42362907.0,533900.0
VALE3,M15,25/03/2026,79.54,79.58,79.4,79.48,24202168.0,304400.0
VALE3,M15,25/03/2026,79.39,79.62,79.34,79.54,32876710.0,413500.0
VALE3,M15,25/03/2026,79.42,79.59,79.25,79.39,42028972.0,529400.0
VALE3,M15,25/03/2026,79.63,79.64,79.4,79.45,29540603.0,371600.0
VALE3,M15,25/03/2026,79.64,79.72,79.57,79.6,24013607.0,301500.0
VALE3,M15,25/03/2026,79.68,79.77,79.46,79.63,33315668.0,418400.0
VALE3,M15,25/03/2026,79.75,79.77,79.4,79.68,84091626.0,1056700.0
VALE3,M15,25/03/2026,79.94,79.97,79.65,79.75,62364278.0,781400.0
VALE3,M15,25/03/2026,79.87,80.25,79.87,79.93,93208027.0,1164400.0
VALE3,M15,25/03/2026,79.78,79.94,79.71,79.89,43753565.0,547900.0
VALE3,M15,25/03/2026,79.65,79.95,79.65,79.8,72882646.0,913200.0
VALE3,M15,25/03/2026,79.53,79.68,79.41,79.65,28160264.0,353900.0
VALE3,M15,25/03/2026,79.64,79.72,79.28,79.52,58552307.0,736000.0
VALE3,M15,25/03/2026,79.35,79.78,79.35,79.62,67876396.0,853000.0
VALE3,M15,25/03/2026,79.3,79.51,79.26,79.33,40402353.0,509000.0
VALE3,M15,25/03/2026,79.2,79.41,79.0,79.29,27295130.0,344500.0
VALE3,M15,24/03/2026,78.27,78.82,78.16,78.7,12335539.0,156900.0
VALE3,M15,24/03/2026,78.26,78.3,78.1,78.1,146156523.0,1870800.0
VALE3,M15,24/03/2026,78.05,78.29,78.0,78.26,266779647.0,3414400.0
VALE3,M15,24/03/2026,78.18,78.19,78.02,78.05,28303957.0,362400.0
VALE3,M15,24/03/2026,78.08,78.22,78.05,78.16,22074459.0,282500.0
VALE3,M15,24/03/2026,78.1,78.19,78.04,78.08,18840058.0,241200.0
VALE3,M15,24/03/2026,78.07,78.26,78.02,78.1,18930025.0,242200.0
VALE3,M15,24/03/2026,77.9,78.15,77.9,78.06,41758817.0,535100.0
VALE3,M15,24/03/2026,77.87,78.02,77.82,77.9,16504919.0,211800.0
VALE3,M15,24/03/2026,77.78,77.98,77.76,77.86,33103448.0,425200.0
VALE3,M15,24/03/2026,77.88,77.97,77.74,77.78,20230454.0,259900.0
VALE3,M15,24/03/2026,78.01,78.03,77.83,77.89,22684808.0,291200.0
VALE3,M15,24/03/2026,78.31,78.35,77.93,78.01,36089188.0,461900.0
VALE3,M15,24/03/2026,78.29,78.41,78.27,78.31,22085523.0,281900.0
VALE3,M15,24/03/2026,78.29,78.39,78.27,78.29,33601104.0,429000.0
VALE3,M15,24/03/2026,77.93,78.31,77.93,78.3,20858147.0,266900.0
VALE3,M15,24/03/2026,78.06,78.09,77.88,77.94,20820470.0,267000.0
VALE3,M15,24/03/2026,78.09,78.16,77.97,78.04,22503978.0,288300.0
VALE3,M15,24/03/2026,78.11,78.16,77.97,78.08,16826717.0,215500.0
VALE3,M15,24/03/2026,77.97,78.12,77.86,78.11,30531569.0,391500.0
VALE3,M15,24/03/2026,77.95,78.11,77.87,77.96,37919764.0,486100.0
VALE3,M15,24/03/2026,77.89,78.19,77.7,77.95,68849697.0,883300.0
VALE3,M15,24/03/2026,77.67,77.95,77.66,77.9,34824039.0,447600.0
VALE3,M15,24/03/2026,77.67,77.83,77.51,77.69,29288629.0,377200.0
VALE3,M15,24/03/2026,77.46,77.86,77.41,77.68,39390022.0,507000.0
VALE3,M15,24/03/2026,77.14,77.52,77.06,77.47,51341925.0,664700.0
VALE3,M15,24/03/2026,76.79,77.34,76.75,77.14,48743656.0,632000.0
VALE3,M15,24/03/2026,76.74,76.87,76.56,76.82,26820874.0,349500.0
VALE3,M15,24/03/2026,76.98,77.45,76.71,76.73,35216426.0,457300.0
VALE3,M15,23/03/2026,77.7,77.9,77.55,77.58,4444838.0,57100.0
VALE3,M15,23/03/2026,77.66,77.82,77.49,77.49,167221844.0,2155900.0
VALE3,M15,23/03/2026,77.66,77.76,77.64,77.65,248104525.0,3193700.0
VALE3,M15,23/03/2026,77.93,77.97,77.6,77.66,58952138.0,757900.0
VALE3,M15,23/03/2026,77.97,78.0,77.86,77.92,69866439.0,896500.0
VALE3,M15,23/03/2026,77.92,78.09,77.91,77.96,39624811.0,508000.0
VALE3,M15,23/03/2026,77.71,78.17,77.71,77.95,56943238.0,730400.0
VALE3,M15,23/03/2026,77.75,77.76,77.65,77.7,29812259.0,383600.0
VALE3,M15,23/03/2026,77.76,77.79,77.52,77.76,41239865.0,530900.0
VALE3,M15,23/03/2026,77.77,77.82,77.69,77.76,30271142.0,389300.0
VALE3,M15,23/03/2026,77.68,78.0,77.65,77.77,35520711.0,456300.0
VALE3,M15,23/03/2026,77.54,77.73,77.46,77.67,34007944.0,438200.0
VALE3,M15,23/03/2026,77.68,77.76,77.5,77.54,32890759.0,423600.0
VALE3,M15,23/03/2026,77.8,77.91,77.63,77.67,28261562.0,363300.0
VALE3,M15,23/03/2026,77.53,77.8,77.49,77.79,41525229.0,534700.0
VALE3,M15,23/03/2026,77.92,77.93,77.54,77.54,34451625.0,443000.0
VALE3,M15,23/03/2026,77.72,77.94,77.66,77.94,30151814.0,387700.0
VALE3,M15,23/03/2026,77.91,78.04,77.64,77.71,62318636.0,800000.0
VALE3,M15,23/03/2026,78.0,78.14,77.79,77.91,66095199.0,847600.0
VALE3,M15,23/03/2026,78.33,78.35,77.92,78.0,66733310.0,854200.0
VALE3,M15,23/03/2026,78.17,78.42,78.12,78.33,65614024.0,837900.0
VALE3,M15,23/03/2026,77.94,78.2,77.81,78.17,77509119.0,993200.0
VALE3,M15,23/03/2026,77.83,77.98,77.68,77.92,61518736.0,790400.0
VALE3,M15,23/03/2026,77.64,77.84,77.53,77.84,60684312.0,780900.0
VALE3,M15,23/03/2026,77.73,77.91,77.57,77.65,73255528.0,942500.0
VALE3,M15,23/03/2026,77.11,77.73,77.06,77.71,60099152.0,776800.0
VALE3,M15,23/03/2026,76.12,77.29,75.97,77.11,146357453.0,1907100.0
VALE3,M15,23/03/2026,76.5,76.53,76.01,76.13,41384514.0,542700.0
VALE3,M15,23/03/2026,76.56,76.8,76.21,76.48,50550884.0,661100.0
VALE3,M15,20/03/2026,75.54,75.85,75.21,75.5,10458056.0,138400.0
VALE3,M15,20/03/2026,75.37,75.55,75.0,75.55,1620720386.0,21458400.0
VALE3,M15,20/03/2026,74.99,75.37,74.71,75.34,438825893.0,5844200.0
VALE3,M15,20/03/2026,75.03,75.09,74.88,74.99,77289052.0,1030900.0
VALE3,M15,20/03/2026,74.97,75.1,74.9,75.06,63931448.0,852200.0
VALE3,M15,20/03/2026,74.93,74.98,74.86,74.96,38680260.0,516300.0
VALE3,M15,20/03/2026,75.2,75.24,74.88,74.91,53209565.0,708600.0
VALE3,M15,20/03/2026,75.28,75.3,74.98,75.21,111804819.0,1488300.0
VALE3,M15,20/03/2026,75.38,75.41,75.21,75.29,35305181.0,468800.0
VALE3,M15,20/03/2026,75.32,75.44,75.3,75.37,13075234.0,173500.0
VALE3,M15,20/03/2026,75.32,75.37,75.22,75.31,342676684.0,4553100.0
VALE3,M15,20/03/2026,75.37,75.49,75.25,75.3,38151447.0,506500.0
VALE3,M15,20/03/2026,75.41,75.5,75.29,75.36,20188842.0,267800.0
VALE3,M15,20/03/2026,75.39,75.51,75.27,75.41,19223508.0,255000.0
VALE3,M15,20/03/2026,75.45,75.47,75.25,75.39,29002831.0,384800.0
VALE3,M15,20/03/2026,75.49,75.64,75.45,75.45,21141862.0,279900.0
VALE3,M15,20/03/2026,75.42,75.6,75.4,75.46,14363402.0,190200.0
VALE3,M15,20/03/2026,75.43,75.49,75.3,75.42,14702089.0,195000.0
VALE3,M15,20/03/2026,75.51,75.56,75.4,75.43,14939497.0,197900.0
VALE3,M15,20/03/2026,75.86,75.88,75.41,75.54,56281093.0,744000.0
VALE3,M15,20/03/2026,75.6,75.85,75.55,75.83,21012577.0,277700.0
VALE3,M15,20/03/2026,75.77,75.82,75.45,75.59,26851558.0,355000.0
VALE3,M15,20/03/2026,75.59,75.93,75.59,75.77,32765003.0,432400.0
VALE3,M15,20/03/2026,75.57,75.67,75.4,75.6,44793981.0,593100.0
VALE3,M15,20/03/2026,76.1,76.17,75.55,75.6,45022078.0,593400.0
VALE3,M15,20/03/2026,76.61,76.67,76.04,76.1,30916232.0,405300.0
VALE3,M15,20/03/2026,76.18,76.7,76.13,76.61,58809180.0,769200.0
VALE3,M15,20/03/2026,76.41,76.43,76.12,76.19,21798312.0,285600.0
VALE3,M15,20/03/2026,76.21,76.52,76.06,76.42,18580916.0,243400.0
VALE3,M15,19/03/2026,76.64,76.71,76.4,76.55,2243944.0,29300.0
VALE3,M15,19/03/2026,76.57,76.64,76.48,76.63,214770092.0,2803100.0
VALE3,M15,19/03/2026,76.28,76.65,76.19,76.58,114625264.0,1499400.0
VALE3,M15,19/03/2026,76.52,76.6,76.12,76.26,60063985.0,786200.0
VALE3,M15,19/03/2026,75.98,76.71,75.97,76.54,162995734.0,2131900.0
VALE3,M15,19/03/2026,75.95,75.99,75.81,75.98,30499588.0,401700.0
VALE3,M15,19/03/2026,76.01,76.1,75.93,75.96,27190146.0,357700.0
VALE3,M15,19/03/2026,75.92,76.01,75.81,76.01,31018510.0,408500.0
VALE3,M15,19/03/2026,75.78,75.97,75.7,75.89,25359441.0,334500.0
VALE3,M15,19/03/2026,75.53,75.79,75.48,75.78,46202971.0,610800.0
VALE3,M15,19/03/2026,75.79,75.83,75.53,75.53,41928568.0,554200.0
VALE3,M15,19/03/2026,75.62,75.9,75.58,75.78,34048973.0,449500.0
VALE3,M15,19/03/2026,75.82,75.87,75.6,75.63,31694205.0,418400.0
VALE3,M15,19/03/2026,75.99,76.05,75.64,75.82,28342962.0,373700.0
VALE3,M15,19/03/2026,75.98,76.06,75.88,75.98,22883614.0,301200.0
VALE3,M15,19/03/2026,75.9,75.99,75.85,75.96,30873526.0,406600.0
VALE3,M15,19/03/2026,75.94,76.24,75.85,75.88,21398752.0,281400.0
VALE3,M15,19/03/2026,75.92,76.1,75.73,75.92,42451399.0,559100.0
VALE3,M15,19/03/2026,76.33,76.35,75.87,75.91,42663529.0,560700.0
VALE3,M15,19/03/2026,76.4,76.45,76.19,76.33,45936944.0,601900.0
VALE3,M15,19/03/2026,76.06,76.42,76.0,76.37,35415218.0,464500.0
VALE3,M15,19/03/2026,76.16,76.21,75.92,76.06,37005520.0,486400.0
VALE3,M15,19/03/2026,75.61,76.3,75.58,76.18,56739797.0,746600.0
VALE3,M15,19/03/2026,75.7,75.77,75.38,75.59,52032149.0,688300.0
VALE3,M15,19/03/2026,75.47,75.99,75.33,75.7,159312050.0,2103800.0
VALE3,M15,19/03/2026,74.95,75.48,74.7,75.42,142135539.0,1896100.0
VALE3,M15,19/03/2026,74.7,75.04,74.49,74.95,216097438.0,2891900.0
VALE3,M15,19/03/2026,74.71,75.17,74.49,74.69,156534780.0,2091500.0
VALE3,M15,19/03/2026,74.17,74.87,74.06,74.71,150822265.0,2024000.0
VALE3,M15,18/03/2026,77.13,77.15,76.99,76.99,8366402.0,108600.0
VALE3,M15,18/03/2026,77.18,77.25,77.08,77.13,322310423.0,4178300.0
VALE3,M15,18/03/2026,77.19,77.28,77.15,77.18,66364007.0,859600.0
VALE3,M15,18/03/2026,77.27,77.35,77.05,77.19,64447858.0,835100.0
VALE3,M15,18/03/2026,77.24,77.44,77.13,77.3,64786653.0,838600.0
VALE3,M15,18/03/2026,77.64,77.7,77.23,77.26,56955022.0,735300.0
VALE3,M15,18/03/2026,77.67,77.7,77.44,77.65,52435236.0,676100.0
VALE3,M15,18/03/2026,77.59,77.73,77.51,77.7,52520928.0,676600.0
VALE3,M15,18/03/2026,77.43,77.65,77.33,77.61,89593141.0,1156400.0
VALE3,M15,18/03/2026,77.29,77.51,77.28,77.45,62166356.0,803000.0
VALE3,M15,18/03/2026,77.22,77.54,77.2,77.32,50356729.0,651200.0
VALE3,M15,18/03/2026,77.38,77.48,77.21,77.21,38670818.0,499900.0
VALE3,M15,18/03/2026,77.39,77.43,77.24,77.38,40169405.0,519400.0
VALE3,M15,18/03/2026,77.21,77.39,77.1,77.39,42450155.0,549700.0
VALE3,M15,18/03/2026,77.4,77.44,77.17,77.21,46167186.0,597700.0
VALE3,M15,18/03/2026,77.54,77.54,77.33,77.4,28843679.0,372500.0
VALE3,M15,18/03/2026,77.52,77.61,77.4,77.55,20246087.0,261300.0
VALE3,M15,18/03/2026,77.57,77.64,77.51,77.51,15584711.0,200900.0
VALE3,M15,18/03/2026,77.48,77.71,77.47,77.57,19992555.0,257700.0
VALE3,M15,18/03/2026,77.74,77.79,77.36,77.49,37071348.0,478200.0
VALE3,M15,18/03/2026,77.83,77.99,77.73,77.74,40138311.0,515400.0
VALE3,M15,18/03/2026,77.74,77.85,77.61,77.83,26117926.0,336000.0
VALE3,M15,18/03/2026,77.7,77.87,77.62,77.74,32796970.0,421900.0
VALE3,M15,18/03/2026,77.95,78.05,77.5,77.69,51667495.0,664800.0
VALE3,M15,18/03/2026,78.09,78.26,77.93,77.96,40613627.0,520000.0
VALE3,M15,18/03/2026,78.0,78.11,77.85,78.09,29796581.0,382100.0
VALE3,M15,18/03/2026,78.26,78.34,77.86,77.99,63142913.0,809000.0
VALE3,M15,18/03/2026,78.43,78.43,78.12,78.26,23267223.0,297200.0
VALE3,M15,18/03/2026,78.65,78.67,78.25,78.43,16459144.0,209700.0
VALE3,M15,17/03/2026,78.96,78.96,78.75,78.75,599133.0,7600.0
VALE3,M15,17/03/2026,78.79,78.96,78.72,78.96,164965900.0,2090200.0
VALE3,M15,17/03/2026,78.77,78.87,78.69,78.77,52447778.0,665900.0
VALE3,M15,17/03/2026,78.74,78.8,78.63,78.79,58672423.0,745200.0
VALE3,M15,17/03/2026,78.81,78.86,78.67,78.75,23558253.0,299100.0
VALE3,M15,17/03/2026,78.92,78.92,78.8,78.82,17759054.0,225200.0
VALE3,M15,17/03/2026,78.9,79.0,78.81,78.88,31921384.0,404600.0
VALE3,M15,17/03/2026,79.13,79.14,78.87,78.91,19104874.0,241800.0
VALE3,M15,17/03/2026,79.14,79.21,79.03,79.11,20441387.0,258300.0
VALE3,M15,17/03/2026,78.91,79.16,78.87,79.15,20793589.0,263200.0
VALE3,M15,17/03/2026,78.89,78.98,78.83,78.88,29029870.0,367900.0
VALE3,M15,17/03/2026,78.9,78.97,78.87,78.91,14062279.0,178200.0
VALE3,M15,17/03/2026,78.88,79.03,78.83,78.91,16396028.0,207700.0
VALE3,M15,17/03/2026,78.83,78.93,78.8,78.85,15198455.0,192700.0
VALE3,M15,17/03/2026,78.91,78.96,78.76,78.82,27011096.0,342500.0
VALE3,M15,17/03/2026,78.72,78.98,78.7,78.94,22767062.0,288700.0
VALE3,M15,17/03/2026,78.8,78.86,78.64,78.74,38481914.0,488600.0
VALE3,M15,17/03/2026,78.89,78.91,78.76,78.81,17947342.0,227700.0
VALE3,M15,17/03/2026,78.96,79.08,78.71,78.9,29733109.0,377100.0
VALE3,M15,17/03/2026,79.2,79.26,78.8,78.96,47324974.0,598800.0
VALE3,M15,17/03/2026,79.43,79.44,79.14,79.2,26375161.0,332700.0
VALE3,M15,17/03/2026,79.63,79.68,79.35,79.4,21486272.0,270400.0
VALE3,M15,17/03/2026,79.36,79.71,79.33,79.61,61943271.0,779000.0
VALE3,M15,17/03/2026,79.49,79.58,79.27,79.38,122756971.0,1545700.0
VALE3,M15,17/03/2026,79.47,79.6,79.28,79.52,25670795.0,323100.0
VALE3,M15,17/03/2026,79.29,79.5,79.17,79.44,33231521.0,418700.0
VALE3,M15,17/03/2026,79.54,79.63,78.71,79.32,107448179.0,1358600.0
VALE3,M15,17/03/2026,79.46,79.6,79.3,79.54,31784795.0,399900.0
VALE3,M15,17/03/2026,79.1,79.48,78.9,79.46,25589936.0,323200.0
VALE3,M15,16/03/2026,78.84,79.0,78.8,78.9,7072186.0,89600.0
VALE3,M15,16/03/2026,78.9,78.99,78.81,78.84,141117994.0,1789600.0
VALE3,M15,16/03/2026,79.16,79.22,78.87,78.89,53722942.0,679600.0
VALE3,M15,16/03/2026,79.34,79.48,79.16,79.16,33100836.0,417300.0
VALE3,M15,16/03/2026,79.43,79.58,79.25,79.34,56629794.0,713800.0
VALE3,M15,16/03/2026,79.42,79.48,79.33,79.42,16503152.0,207800.0
VALE3,M15,16/03/2026,79.47,79.55,79.33,79.4,22438366.0,282400.0
VALE3,M15,16/03/2026,79.53,79.61,79.35,79.48,23406973.0,294600.0
VALE3,M15,16/03/2026,79.24,79.65,79.21,79.53,35011832.0,440200.0
VALE3,M15,16/03/2026,79.16,79.29,79.01,79.23,24404533.0,308400.0
VALE3,M15,16/03/2026,79.31,79.4,79.13,79.16,20100003.0,253500.0
VALE3,M15,16/03/2026,79.23,79.4,79.17,79.3,18063823.0,227800.0
VALE3,M15,16/03/2026,79.01,79.3,79.01,79.23,20804578.0,262900.0
VALE3,M15,16/03/2026,79.13,79.16,78.97,79.0,12493251.0,158000.0
VALE3,M15,16/03/2026,79.02,79.22,78.98,79.13,29092795.0,368000.0
VALE3,M15,16/03/2026,79.25,79.29,79.02,79.02,24795064.0,313300.0
VALE3,M15,16/03/2026,79.28,79.35,79.15,79.25,33634214.0,424400.0
VALE3,M15,16/03/2026,79.32,79.38,79.19,79.27,19443532.0,245300.0
VALE3,M15,16/03/2026,79.47,79.54,79.28,79.29,20295024.0,255600.0
VALE3,M15,16/03/2026,79.47,79.6,79.4,79.48,24079310.0,302900.0
VALE3,M15,16/03/2026,79.6,79.65,79.33,79.47,31017730.0,390400.0
VALE3,M15,16/03/2026,79.36,79.66,79.32,79.58,47388248.0,596100.0
VALE3,M15,16/03/2026,79.94,79.97,79.35,79.37,43524950.0,546500.0
VALE3,M15,16/03/2026,79.95,80.05,79.82,79.93,44972153.0,562700.0
VALE3,M15,16/03/2026,80.01,80.2,79.87,79.95,61303719.0,766000.0
VALE3,M15,16/03/2026,79.48,80.05,79.29,80.01,66436919.0,833500.0
VALE3,M15,16/03/2026,79.28,79.55,78.92,79.5,74566898.0,940900.0
VALE3,M15,16/03/2026,79.36,79.43,78.86,79.25,42087629.0,531500.0
VALE3,M15,16/03/2026,79.39,79.55,79.07,79.35,30841789.0,388800.0
VALE3,M15,13/03/2026,78.25,78.59,78.0,78.12,4580413.0,58600.0
VALE3,M15,13/03/2026,78.31,78.33,78.02,78.3,142998848.0,1827400.0
VALE3,M15,13/03/2026,78.36,78.49,78.04,78.3,69889058.0,893100.0
VALE3,M15,13/03/2026,78.8,78.81,78.28,78.37,61916139.0,788800.0
VALE3,M15,13/03/2026,78.86,78.89,78.74,78.8,29901444.0,379400.0
VALE3,M15,13/03/2026,78.92,78.96,78.75,78.86,27568232.0,349500.0
VALE3,M15,13/03/2026,78.81,78.99,78.75,78.93,22154448.0,280800.0
VALE3,M15,13/03/2026,78.71,78.9,78.68,78.81,23869236.0,302900.0
VALE3,M15,13/03/2026,78.57,78.79,78.52,78.69,29396543.0,373700.0
VALE3,M15,13/03/2026,78.69,78.79,78.46,78.58,35944908.0,457200.0
VALE3,M15,13/03/2026,78.63,78.71,78.56,78.68,19023083.0,241900.0
VALE3,M15,13/03/2026,78.76,78.84,78.59,78.61,19417713.0,246700.0
VALE3,M15,13/03/2026,78.76,78.82,78.61,78.75,26049861.0,330900.0
VALE3,M15,13/03/2026,78.76,78.95,78.66,78.75,11567832.0,146800.0
VALE3,M15,13/03/2026,78.56,78.82,78.53,78.76,41673578.0,530000.0
VALE3,M15,13/03/2026,78.77,78.81,78.45,78.55,38495582.0,489700.0
VALE3,M15,13/03/2026,78.89,78.91,78.71,78.79,23651606.0,300100.0
VALE3,M15,13/03/2026,78.97,79.12,78.83,78.87,29009732.0,367300.0
VALE3,M15,13/03/2026,79.01,79.12,78.87,78.97,18354538.0,232300.0
VALE3,M15,13/03/2026,79.15,79.22,78.64,79.01,51250003.0,649100.0
VALE3,M15,13/03/2026,79.03,79.21,78.97,79.13,24726976.0,312700.0
VALE3,M15,13/03/2026,79.07,79.37,78.82,79.02,42990463.0,543500.0
VALE3,M15,13/03/2026,79.08,79.39,78.99,79.06,42559750.0,537200.0
VALE3,M15,13/03/2026,79.13,79.2,78.82,79.09,53937533.0,682800.0
VALE3,M15,13/03/2026,79.5,79.62,79.1,79.14,37900224.0,477400.0
VALE3,M15,13/03/2026,79.26,79.52,79.16,79.51,36568757.0,460700.0
VALE3,M15,13/03/2026,79.07,79.46,78.93,79.26,59723271.0,754400.0
VALE3,M15,13/03/2026,79.7,79.7,79.04,79.14,49782985.0,627900.0
VALE3,M15,13/03/2026,79.3,80.49,79.27,79.69,61806726.0,773600.0
VALE3,M15,12/03/2026,79.24,79.25,78.95,78.95,1842480.0,23300.0
VALE3,M15,12/03/2026,79.6,79.62,78.99,79.24,536607540.0,6761700.0
VALE3,M15,12/03/2026,79.33,79.7,79.33,79.61,216070568.0,2716600.0
VALE3,M15,12/03/2026,79.07,79.4,79.0,79.32,58027162.0,732700.0
VALE3,M15,12/03/2026,79.09,79.15,78.93,79.08,28424800.0,359600.0
VALE3,M15,12/03/2026,78.96,79.19,78.86,79.09,49730359.0,629400.0
VALE3,M15,12/03/2026,78.91,79.06,78.9,78.93,64232378.0,813500.0
VALE3,M15,12/03/2026,78.92,78.97,78.72,78.91,54359185.0,689500.0
VALE3,M15,12/03/2026,78.86,79.06,78.84,78.92,33006846.0,418200.0
VALE3,M15,12/03/2026,78.84,78.93,78.71,78.87,54322537.0,689100.0
VALE3,M15,12/03/2026,78.78,78.95,78.72,78.84,49191471.0,624000.0
VALE3,M15,12/03/2026,78.79,78.9,78.69,78.81,23144403.0,293700.0
VALE3,M15,12/03/2026,78.84,78.92,78.76,78.8,17751208.0,225100.0
VALE3,M15,12/03/2026,78.9,78.98,78.75,78.85,18453352.0,234000.0
VALE3,M15,12/03/2026,78.83,78.95,78.75,78.9,24381864.0,309200.0
VALE3,M15,12/03/2026,78.75,78.95,78.68,78.84,32286152.0,409700.0
VALE3,M15,12/03/2026,78.78,78.9,78.57,78.73,25064951.0,318300.0
VALE3,M15,12/03/2026,78.55,78.87,78.53,78.8,50288300.0,639100.0
VALE3,M15,12/03/2026,78.38,78.7,78.29,78.58,57336003.0,731000.0
VALE3,M15,12/03/2026,78.26,78.46,78.23,78.37,83988268.0,1072700.0
VALE3,M15,12/03/2026,78.29,78.38,78.16,78.28,73183746.0,935500.0
VALE3,M15,12/03/2026,78.42,78.53,78.19,78.32,34532534.0,440900.0
VALE3,M15,12/03/2026,78.03,78.46,78.02,78.39,106259457.0,1358900.0
VALE3,M15,12/03/2026,78.26,78.4,77.85,78.04,135872970.0,1741400.0
VALE3,M15,12/03/2026,78.53,78.68,78.06,78.26,82755136.0,1056700.0
VALE3,M15,12/03/2026,77.82,78.6,77.79,78.51,105102724.0,1343700.0
VALE3,M15,12/03/2026,78.93,78.93,77.66,77.83,126685812.0,1616700.0
VALE3,M15,12/03/2026,78.91,79.04,78.45,78.93,74583868.0,946600.0
VALE3,M15,12/03/2026,79.77,79.77,78.82,78.92,79532255.0,1005700.0
VALE3,M15,11/03/2026,79.68,79.93,79.68,79.93,10182999.0,127500.0
VALE3,M15,11/03/2026,79.46,79.85,79.36,79.85,195119807.0,2445900.0
VALE3,M15,11/03/2026,79.11,79.56,79.01,79.47,109664454.0,1381200.0
VALE3,M15,11/03/2026,78.93,79.12,78.86,79.11,106100414.0,1343800.0
VALE3,M15,11/03/2026,78.85,78.98,78.82,78.91,53520675.0,678400.0
VALE3,M15,11/03/2026,78.93,79.0,78.8,78.86,70727131.0,896300.0
VALE3,M15,11/03/2026,78.92,79.12,78.89,78.92,56594930.0,716600.0
VALE3,M15,11/03/2026,78.99,79.03,78.85,78.93,46645801.0,590900.0
VALE3,M15,11/03/2026,79.22,79.32,78.89,78.96,63984460.0,809000.0
VALE3,M15,11/03/2026,79.14,79.3,79.09,79.22,18500014.0,233600.0
VALE3,M15,11/03/2026,79.47,79.48,79.01,79.13,25568117.0,322800.0
VALE3,M15,11/03/2026,79.33,79.52,79.2,79.46,42637045.0,537200.0
VALE3,M15,11/03/2026,79.4,79.42,79.3,79.31,20031826.0,252400.0
VALE3,M15,11/03/2026,79.27,79.44,79.2,79.38,21728583.0,273900.0
VALE3,M15,11/03/2026,78.99,79.32,78.99,79.29,26691827.0,337100.0
VALE3,M15,11/03/2026,79.05,79.12,78.89,78.99,45708913.0,578800.0
VALE3,M15,11/03/2026,79.0,79.2,78.97,79.04,33784229.0,427300.0
VALE3,M15,11/03/2026,79.31,79.44,79.01,79.03,55768998.0,703900.0
VALE3,M15,11/03/2026,79.67,79.71,79.24,79.29,76734636.0,966000.0
VALE3,M15,11/03/2026,79.95,79.95,79.48,79.67,116877533.0,1467100.0
VALE3,M15,11/03/2026,80.19,80.27,79.94,79.94,36706573.0,458600.0
VALE3,M15,11/03/2026,80.28,80.42,80.13,80.18,30128112.0,375400.0
VALE3,M15,11/03/2026,80.24,80.4,80.15,80.29,38771294.0,483000.0
VALE3,M15,11/03/2026,80.82,80.85,80.11,80.24,60272264.0,748800.0
VALE3,M15,11/03/2026,80.54,80.94,80.51,80.8,76196621.0,943800.0
VALE3,M15,11/03/2026,80.0,80.63,79.9,80.54,54332813.0,676200.0
VALE3,M15,11/03/2026,80.19,80.26,79.8,80.04,71372621.0,892200.0
VALE3,M15,11/03/2026,79.85,80.4,79.82,80.2,60433163.0,754400.0
VALE3,M15,11/03/2026,79.79,80.09,79.73,79.82,35378169.0,442900.0
VALE3,M15,10/03/2026,80.55,80.65,80.39,80.42,2302501.0,28600.0
VALE3,M15,10/03/2026,80.59,80.77,80.31,80.56,212052213.0,2633400.0
VALE3,M15,10/03/2026,80.61,80.75,80.43,80.59,96120384.0,1193300.0
VALE3,M15,10/03/2026,80.83,80.86,80.55,80.61,44955378.0,556900.0
VALE3,M15,10/03/2026,80.63,80.85,80.57,80.83,35176906.0,435800.0
VALE3,M15,10/03/2026,80.58,80.77,80.55,80.63,23576019.0,292300.0
VALE3,M15,10/03/2026,80.7,80.77,80.54,80.59,18338468.0,227400.0
VALE3,M15,10/03/2026,80.48,80.78,80.38,80.67,58145399.0,722100.0
VALE3,M15,10/03/2026,80.86,80.93,80.48,80.49,43066130.0,533100.0
VALE3,M15,10/03/2026,80.75,80.97,80.75,80.84,21099356.0,260900.0
VALE3,M15,10/03/2026,80.86,80.99,80.61,80.75,73046372.0,904100.0
VALE3,M15,10/03/2026,80.6,80.94,80.6,80.88,36337581.0,449900.0
VALE3,M15,10/03/2026,80.59,80.85,80.54,80.59,50940955.0,631400.0
VALE3,M15,10/03/2026,80.49,80.6,80.36,80.6,24925208.0,309800.0
VALE3,M15,10/03/2026,80.59,80.7,80.41,80.5,46679709.0,579700.0
VALE3,M15,10/03/2026,80.62,80.75,80.54,80.59,26683944.0,330900.0
VALE3,M15,10/03/2026,80.72,80.78,80.48,80.62,32668896.0,405200.0
VALE3,M15,10/03/2026,80.59,80.75,80.5,80.73,28160921.0,349200.0
VALE3,M15,10/03/2026,80.5,80.66,80.47,80.58,34542296.0,428800.0
VALE3,M15,10/03/2026,80.41,80.68,80.4,80.5,30707925.0,381200.0
VALE3,M15,10/03/2026,80.54,80.71,80.41,80.42,58515710.0,726400.0
VALE3,M15,10/03/2026,80.44,80.72,80.36,80.54,59989867.0,745000.0
VALE3,M15,10/03/2026,80.15,80.47,80.15,80.44,41860110.0,521000.0
VALE3,M15,10/03/2026,79.86,80.2,79.86,80.17,42251317.0,527800.0
VALE3,M15,10/03/2026,79.84,80.05,79.71,79.86,36882420.0,461800.0
VALE3,M15,10/03/2026,79.84,79.95,79.67,79.81,53583123.0,671300.0
VALE3,M15,10/03/2026,80.26,80.35,79.7,79.83,74218135.0,927900.0
VALE3,M15,10/03/2026,79.96,80.31,79.79,80.26,40297360.0,503500.0
VALE3,M15,10/03/2026,80.16,80.16,79.79,79.95,34726950.0,434100.0
VALE3,M15,09/03/2026,79.3,79.56,79.1,79.5,10485649.0,132100.0
VALE3,M15,09/03/2026,79.58,79.7,79.26,79.26,217884085.0,2747300.0
VALE3,M15,09/03/2026,79.83,80.1,79.53,79.6,196804938.0,2466100.0
VALE3,M15,09/03/2026,79.06,79.83,78.98,79.83,263447873.0,3316800.0
VALE3,M15,09/03/2026,78.88,79.09,78.86,79.07,47014663.0,595300.0
VALE3,M15,09/03/2026,78.86,78.99,78.76,78.88,71315770.0,904400.0
VALE3,M15,09/03/2026,78.72,78.94,78.7,78.87,93896251.0,1191100.0
VALE3,M15,09/03/2026,78.63,78.93,78.63,78.74,59454522.0,754700.0
VALE3,M15,09/03/2026,78.27,78.67,78.27,78.65,105682358.0,1347300.0
VALE3,M15,09/03/2026,78.35,78.38,78.27,78.27,50304740.0,642400.0
VALE3,M15,09/03/2026,78.27,78.39,78.25,78.36,20227661.0,258300.0
VALE3,M15,09/03/2026,78.36,78.39,78.2,78.27,32186828.0,411100.0
VALE3,M15,09/03/2026,78.41,78.42,78.27,78.36,23868076.0,304600.0
VALE3,M15,09/03/2026,78.56,78.59,78.36,78.41,23093168.0,294300.0
VALE3,M15,09/03/2026,78.4,78.59,78.34,78.56,31463230.0,401000.0
VALE3,M15,09/03/2026,78.18,78.46,78.08,78.4,30650146.0,391700.0
VALE3,M15,09/03/2026,78.33,78.48,78.14,78.18,55066297.0,703000.0
VALE3,M15,09/03/2026,77.97,78.45,77.95,78.33,38670573.0,493900.0
VALE3,M15,09/03/2026,78.13,78.25,77.94,77.98,84641233.0,1084500.0
VALE3,M15,09/03/2026,77.86,78.21,77.85,78.13,103876371.0,1331100.0
VALE3,M15,09/03/2026,77.35,77.85,77.31,77.85,43159205.0,556300.0
VALE3,M15,09/03/2026,77.46,77.69,77.24,77.36,73003936.0,942400.0
VALE3,M15,09/03/2026,76.69,77.47,76.68,77.45,84445850.0,1095100.0
VALE3,M15,09/03/2026,76.63,77.01,76.55,76.69,152120759.0,1981600.0
VALE3,M15,09/03/2026,77.34,77.54,76.62,76.66,117947583.0,1531000.0
VALE3,M15,09/03/2026,77.43,77.65,76.95,77.32,102695104.0,1328800.0
VALE3,M15,09/03/2026,77.24,77.72,76.98,77.44,110015496.0,1421200.0
VALE3,M15,09/03/2026,77.4,77.61,77.25,77.25,49676470.0,641900.0
VALE3,M15,09/03/2026,77.72,77.72,76.94,77.44,101009669.0,1307300.0
VALE3,M15,06/03/2026,78.86,78.87,78.3,78.42,3631512.0,46300.0
VALE3,M15,06/03/2026,78.69,78.86,78.4,78.86,315993964.0,4012000.0
VALE3,M15,06/03/2026,78.71,78.78,78.51,78.68,105906762.0,1346600.0
VALE3,M15,06/03/2026,79.02,79.1,78.67,78.72,64876432.0,822600.0
VALE3,M15,06/03/2026,78.84,79.08,78.8,79.02,47751830.0,605200.0
VALE3,M15,06/03/2026,78.94,79.0,78.8,78.88,44154031.0,559500.0
VALE3,M15,06/03/2026,79.07,79.13,78.91,78.97,45369502.0,574200.0
VALE3,M15,06/03/2026,79.3,79.39,79.06,79.09,51044785.0,644400.0
VALE3,M15,06/03/2026,79.16,79.3,79.14,79.28,50268129.0,634600.0
VALE3,M15,06/03/2026,79.29,79.36,79.11,79.16,56303212.0,710600.0
VALE3,M15,06/03/2026,79.49,79.73,79.16,79.28,97968404.0,1234700.0
VALE3,M15,06/03/2026,79.44,79.71,79.42,79.5,40368098.0,507200.0
VALE3,M15,06/03/2026,79.2,79.46,79.18,79.45,46875165.0,590900.0
VALE3,M15,06/03/2026,78.97,79.22,78.86,79.2,51660052.0,652900.0
VALE3,M15,06/03/2026,79.0,79.08,78.8,78.97,65525878.0,830100.0
VALE3,M15,06/03/2026,79.25,79.28,79.0,79.02,49948201.0,631300.0
VALE3,M15,06/03/2026,79.06,79.28,79.01,79.24,37152033.0,469500.0
VALE3,M15,06/03/2026,79.35,79.44,79.06,79.07,39883061.0,503400.0
VALE3,M15,06/03/2026,79.44,79.65,79.34,79.37,54932030.0,690900.0
VALE3,M15,06/03/2026,79.29,79.56,79.25,79.44,27578466.0,347300.0
VALE3,M15,06/03/2026,79.37,79.63,79.14,79.28,42549930.0,535900.0
VALE3,M15,06/03/2026,79.5,79.56,79.21,79.37,51397614.0,647700.0
VALE3,M15,06/03/2026,79.58,79.69,79.42,79.51,86469315.0,1086600.0
VALE3,M15,06/03/2026,79.39,79.9,79.36,79.59,59357097.0,744800.0
VALE3,M15,06/03/2026,79.17,79.56,79.11,79.4,64825260.0,817000.0
VALE3,M15,06/03/2026,79.29,79.62,79.03,79.13,169987954.0,2143500.0
VALE3,M15,06/03/2026,80.23,80.23,79.04,79.28,229182573.0,2881400.0
VALE3,M15,06/03/2026,80.43,80.48,80.09,80.23,34098214.0,424500.0
VALE3,M15,06/03/2026,80.41,80.57,80.14,80.43,37831051.0,470900.0
VALE3,M15,06/03/2026,80.88,80.88,80.32,80.43,58622304.0,728000.0
VALE3,M15,06/03/2026,80.94,81.14,80.78,80.89,35660960.0,440700.0
VALE3,M15,06/03/2026,80.81,81.14,80.7,80.93,36284332.0,448100.0
VALE3,M15,06/03/2026,80.9,81.2,80.62,80.8,139287068.0,1721300.0
VALE3,M15,05/03/2026,80.95,81.43,80.92,81.29,341442958.0,4202200.0
VALE3,M15,05/03/2026,81.26,81.28,80.89,80.95,155623201.0,1919000.0
VALE3,M15,05/03/2026,81.18,81.45,81.11,81.27,111289761.0,1368400.0
VALE3,M15,05/03/2026,80.82,81.28,80.8,81.17,189704490.0,2343700.0
VALE3,M15,05/03/2026,80.87,81.08,80.76,80.84,50067906.0,618900.0
VALE3,M15,05/03/2026,80.83,81.0,80.71,80.88,47835682.0,591900.0
VALE3,M15,05/03/2026,80.88,81.12,80.72,80.84,82190734.0,1016100.0
VALE3,M15,05/03/2026,80.82,80.9,80.72,80.87,42077325.0,520800.0
VALE3,M15,05/03/2026,80.77,80.87,80.58,80.82,46584561.0,577000.0
VALE3,M15,05/03/2026,80.71,80.81,80.57,80.77,96327984.0,1194100.0
VALE3,M15,05/03/2026,80.8,80.88,80.55,80.72,88615714.0,1097500.0
VALE3,M15,05/03/2026,80.9,80.96,80.65,80.8,56857293.0,703900.0
VALE3,M15,05/03/2026,80.81,81.03,80.71,80.9,68726550.0,849900.0
VALE3,M15,05/03/2026,81.27,81.29,80.68,80.8,119201992.0,1472600.0
VALE3,M15,05/03/2026,81.5,81.58,81.2,81.28,80642083.0,990400.0
VALE3,M15,05/03/2026,81.55,81.64,81.32,81.48,61088840.0,749600.0
VALE3,M15,05/03/2026,81.47,81.77,81.44,81.54,67602516.0,828600.0
VALE3,M15,05/03/2026,81.37,81.54,81.19,81.44,71050905.0,872700.0
VALE3,M15,05/03/2026,81.2,81.55,81.13,81.36,54135017.0,665500.0
VALE3,M15,05/03/2026,81.7,81.77,81.14,81.21,126356329.0,1552700.0
VALE3,M15,05/03/2026,81.8,81.86,81.52,81.71,59451867.0,728000.0
VALE3,M15,05/03/2026,82.15,82.18,81.78,81.79,38047840.0,464100.0
VALE3,M15,05/03/2026,82.04,82.19,81.84,82.16,85508582.0,1043400.0
VALE3,M15,05/03/2026,82.43,82.65,81.89,82.05,120146287.0,1462600.0
VALE3,M15,05/03/2026,82.09,82.56,81.77,82.42,175046257.0,2130400.0
VALE3,M15,05/03/2026,83.03,83.09,82.02,82.1,342900494.0,4155000.0
VALE3,M15,05/03/2026,82.99,83.25,82.92,83.05,102259805.0,1231500.0
VALE3,M15,05/03/2026,83.22,83.25,82.93,82.98,40516081.0,487700.0
VALE3,M15,05/03/2026,83.5,83.57,83.1,83.17,70622253.0,846500.0
VALE3,M15,05/03/2026,83.67,83.7,83.42,83.5,40884497.0,489200.0
VALE3,M15,05/03/2026,83.85,83.9,83.63,83.67,29983596.0,358100.0
VALE3,M15,05/03/2026,84.13,84.3,83.84,83.84,28583300.0,340100.0
VALE3,M15,03/03/2026,83.63,84.09,83.58,84.09,376834552.08,4484600.0
VALE3,M15,03/03/2026,83.5,83.87,83.48,83.64,86300321.81,1031200.0
VALE3,M15,03/03/2026,83.36,83.84,83.34,83.54,89840216.67,1074900.0
VALE3,M15,03/03/2026,83.21,83.52,83.17,83.33,50719798.19,608700.0
VALE3,M15,03/03/2026,83.51,83.69,83.19,83.23,44394330.7,531800.0
VALE3,M15,03/03/2026,83.27,83.65,83.17,83.53,200624053.58,2406500.0
VALE3,M15,03/03/2026,83.62,83.75,83.23,83.25,87918975.69,1052100.0
VALE3,M15,03/03/2026,83.95,84.08,83.58,83.61,69059488.44,824300.0
VALE3,M15,03/03/2026,84.13,84.13,83.88,83.95,34376790.41,409200.0
VALE3,M15,03/03/2026,84.18,84.26,83.97,84.14,42758105.68,508300.0
VALE3,M15,03/03/2026,83.78,84.23,83.74,84.18,64115611.42,763200.0
VALE3,M15,03/03/2026,83.62,83.92,83.6,83.78,28375937.37,338700.0
VALE3,M15,03/03/2026,83.77,83.85,83.53,83.62,31017246.2,370500.0
VALE3,M15,03/03/2026,83.81,83.86,83.64,83.8,34825065.67,415700.0
VALE3,M15,03/03/2026,83.61,83.94,83.6,83.82,50421593.67,601900.0
VALE3,M15,03/03/2026,83.65,83.66,83.24,83.61,63249522.96,757700.0
VALE3,M15,03/03/2026,83.53,83.81,83.41,83.63,69620741.28,832600.0
VALE3,M15,03/03/2026,83.57,83.67,83.33,83.53,57031350.52,683000.0
VALE3,M15,03/03/2026,83.42,83.64,83.36,83.57,152419540.42,1826200.0
VALE3,M15,03/03/2026,83.32,83.54,83.2,83.42,55816660.37,669100.0
VALE3,M15,03/03/2026,82.87,83.45,82.87,83.32,70959285.34,853100.0
VALE3,M15,03/03/2026,82.53,83.05,82.51,82.83,80367070.78,970100.0
VALE3,M15,03/03/2026,82.93,83.01,82.38,82.53,74984566.55,906700.0
VALE3,M15,03/03/2026,82.31,83.05,82.22,82.92,141024209.95,1708200.0
VALE3,M15,03/03/2026,82.42,83.11,82.17,82.28,172643374.51,2091700.0
VALE3,M15,03/03/2026,84.01,84.01,82.37,82.4,332313820.35,3991500.0
VALE3,M15,03/03/2026,83.89,84.09,83.71,84.02,92599390.31,1104700.0
VALE3,M15,03/03/2026,84.2,84.31,83.86,83.91,56537672.81,672400.0
VALE3,M15,03/03/2026,84.31,84.36,83.96,84.2,65565477.77,779200.0
VALE3,M15,03/03/2026,84.51,84.71,84.29,84.33,78769954.54,932400.0
VALE3,M15,03/03/2026,84.32,84.84,84.18,84.52,83863780.86,992000.0
VALE3,M15,03/03/2026,84.85,84.91,84.11,84.27,75902666.66,896600.0
VALE3,M15,02/03/2026,87.61,87.75,87.54,87.75,157520523.4,1795500.0
VALE3,M15,02/03/2026,87.38,87.77,87.36,87.61,44956202.65,513500.0
VALE3,M15,02/03/2026,87.57,87.69,87.35,87.38,30521460.31,348800.0
VALE3,M15,02/03/2026,87.79,87.82,87.54,87.59,43050329.07,491100.0
VALE3,M15,02/03/2026,87.86,87.89,87.74,87.78,16029253.72,182500.0
VALE3,M15,02/03/2026,87.95,88.09,87.83,87.85,25110377.24,285500.0
VALE3,M15,02/03/2026,87.74,87.99,87.72,87.96,34446221.89,392100.0
VALE3,M15,02/03/2026,87.25,87.77,87.25,87.73,36059721.79,411900.0
VALE3,M15,02/03/2026,87.37,87.41,87.23,87.25,12961442.18,148400.0
VALE3,M15,02/03/2026,87.4,87.44,87.19,87.38,13335980.02,152700.0
VALE3,M15,02/03/2026,87.32,87.43,87.25,87.39,21053168.8,241000.0
VALE3,M15,02/03/2026,87.25,87.33,87.19,87.33,14291746.63,163800.0
VALE3,M15,02/03/2026,87.26,87.31,87.02,87.23,21911439.69,251200.0
VALE3,M15,02/03/2026,87.37,87.47,87.19,87.25,15970590.06,182900.0
VALE3,M15,02/03/2026,87.31,87.41,87.2,87.36,20687684.77,237000.0
VALE3,M15,02/03/2026,87.0,87.3,86.97,87.3,24599490.72,282300.0
VALE3,M15,02/03/2026,87.27,87.41,86.97,87.0,20338358.46,233200.0
VALE3,M15,02/03/2026,87.25,87.39,87.08,87.27,28529954.73,327100.0
VALE3,M15,02/03/2026,87.28,87.34,87.14,87.23,29776571.12,341300.0
VALE3,M15,02/03/2026,87.15,87.4,86.89,87.28,33900920.72,389000.0
VALE3,M15,02/03/2026,87.28,87.39,87.11,87.18,18969355.32,217400.0
VALE3,M15,02/03/2026,87.34,87.41,87.0,87.3,32389180.67,371500.0
VALE3,M15,02/03/2026,87.76,87.79,87.23,87.35,30163262.33,345000.0
VALE3,M15,02/03/2026,87.15,87.78,87.05,87.76,43866498.13,501300.0
VALE3,M15,02/03/2026,87.39,87.55,86.98,87.15,66802658.13,766100.0
VALE3,M15,02/03/2026,88.16,88.36,87.17,87.38,104230286.17,1189400.0
VALE3,M15,02/03/2026,87.87,88.15,87.61,88.15,50362767.77,573600.0
VALE3,M15,02/03/2026,87.88,88.03,87.77,87.86,42522595.04,483800.0
VALE3,M15,02/03/2026,88.39,88.41,87.79,87.89,30388472.96,345400.0
VALE3,M15,02/03/2026,88.29,88.74,88.21,88.4,42170207.99,476900.0
VALE3,M15,02/03/2026,88.12,88.75,87.9,88.29,51943878.59,587900.0
VALE3,M15,02/03/2026,87.51,88.16,87.38,88.1,63527301.65,723500.0
VALE3,M15,27/02/2026,88.04,88.11,87.89,87.92,1733691.87,19700.0
VALE3,M15,27/02/2026,88.1,88.13,88.03,88.06,514484016.65,5842400.0
VALE3,M15,27/02/2026,87.95,88.21,87.9,88.11,55007523.54,624800.0
VALE3,M15,27/02/2026,87.96,88.09,87.9,87.95,34640932.64,393700.0
VALE3,M15,27/02/2026,87.93,88.04,87.85,87.96,32886642.75,373900.0
VALE3,M15,27/02/2026,88.05,88.19,87.89,87.94,27056764.06,307200.0
VALE3,M15,27/02/2026,88.12,88.32,88.04,88.07,29113491.74,330300.0
VALE3,M15,27/02/2026,88.34,88.35,88.11,88.11,25742294.82,291800.0
VALE3,M15,27/02/2026,88.43,88.51,88.31,88.34,51431955.89,581600.0
VALE3,M15,27/02/2026,88.26,88.49,88.22,88.43,28170074.59,318800.0
VALE3,M15,27/02/2026,88.3,88.39,88.24,88.27,25289230.87,286400.0
VALE3,M15,27/02/2026,88.47,88.55,88.23,88.32,21601242.05,244500.0
VALE3,M15,27/02/2026,88.51,88.56,88.43,88.47,15486864.98,175000.0
VALE3,M15,27/02/2026,88.27,88.56,88.27,88.5,21107639.99,238700.0
VALE3,M15,27/02/2026,88.31,88.33,88.15,88.27,37426677.46,424100.0
VALE3,M15,27/02/2026,88.6,88.61,88.31,88.31,27121135.12,306700.0
VALE3,M15,27/02/2026,88.53,88.72,88.53,88.59,21689934.79,244700.0
VALE3,M15,27/02/2026,88.64,88.74,88.52,88.53,24789249.54,279700.0
VALE3,M15,27/02/2026,88.7,88.74,88.62,88.64,13701218.2,154500.0
VALE3,M15,27/02/2026,88.91,89.01,88.69,88.7,22541298.86,253600.0
VALE3,M15,27/02/2026,88.81,88.93,88.77,88.92,15750706.61,177300.0
VALE3,M15,27/02/2026,88.94,88.98,88.73,88.81,14636899.39,164700.0
VALE3,M15,27/02/2026,88.82,88.97,88.67,88.94,24697724.99,278000.0
VALE3,M15,27/02/2026,88.62,88.82,88.44,88.81,36249313.39,409200.0
VALE3,M15,27/02/2026,88.49,88.89,88.42,88.63,86126626.14,971100.0
VALE3,M15,27/02/2026,88.86,89.03,88.47,88.49,76799287.86,865300.0
VALE3,M15,27/02/2026,88.97,89.08,88.77,88.88,62675816.15,704800.0
VALE3,M15,27/02/2026,88.68,89.0,88.59,88.96,46691758.83,525600.0
VALE3,M15,27/02/2026,88.84,88.84,88.58,88.67,21893130.0,247000.0
VALE3,M15,27/02/2026,88.71,88.89,88.71,88.81,15657609.4,176300.0
VALE3,M15,27/02/2026,88.79,88.88,88.65,88.71,19597170.02,220900.0
VALE3,M15,27/02/2026,88.73,89.05,88.59,88.83,35298858.03,397400.0
VALE3,M15,27/02/2026,88.73,88.93,88.42,88.74,44231464.57,498600.0
VALE3,M15,26/02/2026,88.84,88.97,88.72,88.8,285186393.51,3211300.0
VALE3,M15,26/02/2026,88.63,88.86,88.63,88.84,35962537.62,405300.0
VALE3,M15,26/02/2026,88.55,88.73,88.54,88.64,39933475.04,450600.0
VALE3,M15,26/02/2026,88.36,88.55,88.36,88.55,32287501.44,365000.0
VALE3,M15,26/02/2026,88.38,88.55,88.33,88.36,23921251.97,270500.0
VALE3,M15,26/02/2026,88.37,88.42,88.27,88.38,29480617.12,333800.0
VALE3,M15,26/02/2026,88.5,88.56,88.34,88.38,23482368.94,265400.0
VALE3,M15,26/02/2026,88.57,88.59,88.4,88.49,29372215.22,331900.0
VALE3,M15,26/02/2026,88.73,88.74,88.55,88.57,28606834.51,322800.0
VALE3,M15,26/02/2026,88.41,88.78,88.35,88.74,57868273.88,653200.0
VALE3,M15,26/02/2026,88.42,88.47,88.37,88.42,19364571.81,219000.0
VALE3,M15,26/02/2026,88.16,88.44,88.15,88.42,21844625.01,247400.0
VALE3,M15,26/02/2026,88.17,88.18,88.0,88.18,44429830.29,504500.0
VALE3,M15,26/02/2026,88.21,88.48,88.01,88.16,36116099.1,409100.0
VALE3,M15,26/02/2026,88.34,88.34,88.1,88.21,119632203.96,1355600.0
VALE3,M15,26/02/2026,88.07,88.41,88.01,88.34,51255326.9,580500.0
VALE3,M15,26/02/2026,88.22,88.34,87.97,88.06,110824857.77,1257000.0
VALE3,M15,26/02/2026,88.49,88.52,88.14,88.23,43842479.05,496400.0
VALE3,M15,26/02/2026,88.02,88.57,88.02,88.5,92720280.02,1049800.0
VALE3,M15,26/02/2026,87.62,88.05,87.59,88.03,58033485.08,660800.0
VALE3,M15,26/02/2026,87.61,87.84,87.32,87.62,74520681.02,850800.0
VALE3,M15,26/02/2026,86.74,87.66,86.74,87.61,150474341.08,1724400.0
VALE3,M15,26/02/2026,87.11,87.2,86.64,86.72,53910963.96,620700.0
VALE3,M15,26/02/2026,87.1,87.21,87.01,87.14,35470349.97,407200.0
VALE3,M15,26/02/2026,87.16,87.18,86.77,87.08,126383700.37,1451800.0
VALE3,M15,26/02/2026,87.26,87.48,86.97,87.17,160950492.47,1845700.0
VALE3,M15,26/02/2026,87.83,87.92,87.19,87.27,69683461.04,795400.0
VALE3,M15,26/02/2026,87.97,88.2,87.8,87.8,63376001.63,719700.0
VALE3,M15,26/02/2026,88.25,88.26,87.84,87.96,51581683.24,586100.0
VALE3,M15,26/02/2026,88.24,88.28,88.12,88.25,38283350.8,434100.0
VALE3,M15,26/02/2026,88.27,88.39,88.11,88.26,61650363.24,698500.0
VALE3,M15,26/02/2026,88.53,88.59,88.12,88.26,86485654.25,978800.0
VALE3,M15,25/02/2026,89.82,89.91,89.55,89.55,282819826.53,3155300.0
VALE3,M15,25/02/2026,89.59,89.82,89.55,89.82,167137510.07,1863400.0
VALE3,M15,25/02/2026,89.48,89.64,89.47,89.59,54141228.04,604500.0
VALE3,M15,25/02/2026,89.47,89.63,89.45,89.48,82372362.13,920100.0
VALE3,M15,25/02/2026,89.49,89.56,89.36,89.47,69355169.71,775100.0
VALE3,M15,25/02/2026,89.54,89.6,89.48,89.48,69065168.97,771400.0
VALE3,M15,25/02/2026,89.61,89.73,89.48,89.53,68142752.96,760300.0
VALE3,M15,25/02/2026,89.49,89.63,89.46,89.6,90329135.55,1008900.0
VALE3,M15,25/02/2026,89.42,89.51,89.35,89.48,74263900.49,830500.0
VALE3,M15,25/02/2026,89.58,89.68,89.39,89.41,65834350.96,735000.0
VALE3,M15,25/02/2026,89.09,89.63,88.98,89.58,180214456.06,2018300.0
VALE3,M15,25/02/2026,89.1,89.2,89.08,89.08,58793986.53,659500.0
VALE3,M15,25/02/2026,89.24,89.24,89.07,89.11,33217584.72,372700.0
VALE3,M15,25/02/2026,89.1,89.3,89.04,89.24,42972369.32,481900.0
VALE3,M15,25/02/2026,89.24,89.24,89.08,89.1,27676869.68,310400.0
VALE3,M15,25/02/2026,89.33,89.43,89.24,89.25,34120221.89,381900.0
VALE3,M15,25/02/2026,89.32,89.36,89.28,89.32,17863478.16,200000.0
VALE3,M15,25/02/2026,89.27,89.38,89.25,89.31,28786533.2,322300.0
VALE3,M15,25/02/2026,89.35,89.47,89.22,89.28,28328495.43,317000.0
VALE3,M15,25/02/2026,89.31,89.43,89.24,89.34,41554472.01,465200.0
VALE3,M15,25/02/2026,88.98,89.39,88.98,89.31,45596224.47,510800.0
VALE3,M15,25/02/2026,89.19,89.2,88.95,88.97,26326997.4,295600.0
VALE3,M15,25/02/2026,88.89,89.35,88.85,89.19,237178951.1,2665300.0
VALE3,M15,25/02/2026,88.21,89.02,88.1,88.89,240396210.29,2711700.0
VALE3,M15,25/02/2026,88.59,88.79,88.15,88.22,84049680.66,949900.0
VALE3,M15,25/02/2026,89.25,89.35,88.41,88.6,102378159.15,1151800.0
VALE3,M15,25/02/2026,89.47,89.49,89.2,89.26,31725006.39,354900.0
VALE3,M15,25/02/2026,89.02,89.51,89.0,89.47,79136795.24,886100.0
VALE3,M15,25/02/2026,88.76,89.07,88.73,89.03,47780091.75,537500.0
VALE3,M15,25/02/2026,88.77,88.99,88.58,88.75,64596638.08,727600.0
VALE3,M15,25/02/2026,88.89,88.97,88.75,88.79,27391254.5,308300.0
VALE3,M15,25/02/2026,88.62,89.02,88.62,88.94,58124505.97,654300.0
VALE3,M15,24/02/2026,87.6,87.61,87.32,87.32,233478724.3,2672300.0
VALE3,M15,24/02/2026,87.53,87.63,87.52,87.59,47634360.78,543800.0
VALE3,M15,24/02/2026,87.7,87.74,87.51,87.54,38251923.23,436400.0
VALE3,M15,24/02/2026,87.82,87.84,87.67,87.67,26932440.34,306800.0
VALE3,M15,24/02/2026,87.82,87.93,87.78,87.83,38779909.08,441400.0
VALE3,M15,24/02/2026,87.79,87.89,87.64,87.82,42220656.92,481000.0
VALE3,M15,24/02/2026,87.86,87.86,87.54,87.79,54041342.46,616200.0
VALE3,M15,24/02/2026,88.01,88.06,87.74,87.84,44888649.42,510700.0
VALE3,M15,24/02/2026,88.07,88.11,87.97,88.02,31423714.26,356900.0
VALE3,M15,24/02/2026,88.0,88.11,87.92,88.09,52480158.79,596200.0
VALE3,M15,24/02/2026,88.18,88.24,87.93,88.0,71476996.06,811000.0
VALE3,M15,24/02/2026,88.21,88.26,88.11,88.19,34548580.95,391700.0
VALE3,M15,24/02/2026,88.19,88.3,88.14,88.2,25564756.06,289800.0
VALE3,M15,24/02/2026,88.13,88.3,88.09,88.19,33815569.41,383300.0
VALE3,M15,24/02/2026,88.14,88.17,88.03,88.13,84289572.89,956900.0
VALE3,M15,24/02/2026,87.8,88.14,87.79,88.13,47768073.75,542900.0
VALE3,M15,24/02/2026,87.75,87.84,87.59,87.8,26371437.33,300600.0
VALE3,M15,24/02/2026,87.84,87.9,87.59,87.73,49558298.2,564600.0
VALE3,M15,24/02/2026,87.87,87.88,87.72,87.84,41783048.96,475800.0
VALE3,M15,24/02/2026,87.51,87.88,87.5,87.87,41992237.25,479000.0
VALE3,M15,24/02/2026,87.64,87.79,87.46,87.53,49858525.29,568900.0
VALE3,M15,24/02/2026,87.6,87.73,87.49,87.64,49342403.16,563200.0
VALE3,M15,24/02/2026,87.55,87.63,87.15,87.59,70448840.75,805900.0
VALE3,M15,24/02/2026,87.78,87.9,87.43,87.51,66950356.93,763500.0
VALE3,M15,24/02/2026,87.72,87.89,87.51,87.74,53987634.71,615500.0
VALE3,M15,24/02/2026,87.58,87.82,87.14,87.69,104219057.49,1192100.0
VALE3,M15,24/02/2026,87.59,87.96,87.49,87.55,53623625.81,611000.0
VALE3,M15,24/02/2026,87.75,87.9,87.58,87.61,41390724.0,471700.0
VALE3,M15,24/02/2026,87.95,87.98,87.53,87.75,48098642.46,548400.0
VALE3,M15,24/02/2026,87.42,88.09,87.38,87.96,76910205.04,875100.0
VALE3,M15,24/02/2026,87.31,87.47,87.15,87.43,20017734.4,229300.0
VALE3,M15,24/02/2026,86.99,87.57,86.99,87.32,31311348.83,358800.0
VALE3,M15,23/02/2026,87.16,87.16,86.93,86.98,186009961.92,2138300.0
VALE3,M15,23/02/2026,87.53,87.62,87.08,87.16,77538265.59,886900.0
VALE3,M15,23/02/2026,87.43,87.54,87.33,87.54,38032143.3,435100.0
VALE3,M15,23/02/2026,87.46,87.54,87.4,87.42,22692513.28,259400.0
VALE3,M15,23/02/2026,87.34,87.51,87.27,87.47,26262901.06,300500.0
VALE3,M15,23/02/2026,87.49,87.62,87.29,87.34,42949021.11,491300.0
VALE3,M15,23/02/2026,87.47,87.59,87.31,87.49,44640525.55,510200.0
VALE3,M15,23/02/2026,87.65,87.67,87.24,87.47,41738506.5,477400.0
VALE3,M15,23/02/2026,87.63,87.78,87.57,87.65,46392062.27,529000.0
VALE3,M15,23/02/2026,87.6,87.68,87.52,87.64,24849629.2,283700.0
VALE3,M15,23/02/2026,87.51,87.67,87.42,87.61,41282261.38,471500.0
VALE3,M15,23/02/2026,87.3,87.56,87.28,87.51,42723117.71,488500.0
VALE3,M15,23/02/2026,87.2,87.33,87.02,87.29,25997435.0,298200.0
VALE3,M15,23/02/2026,87.28,87.36,87.06,87.21,31620735.24,362600.0
VALE3,M15,23/02/2026,86.95,87.28,86.94,87.28,36910380.15,423700.0
VALE3,M15,23/02/2026,86.76,86.98,86.76,86.94,41424335.38,476700.0
VALE3,M15,23/02/2026,86.86,86.89,86.73,86.76,22696395.19,261500.0
VALE3,M15,23/02/2026,86.71,86.99,86.68,86.87,36909799.85,424900.0
VALE3,M15,23/02/2026,86.67,86.79,86.59,86.7,23698473.01,273400.0
VALE3,M15,23/02/2026,86.65,86.8,86.3,86.69,64917204.4,750100.0
VALE3,M15,23/02/2026,86.6,86.79,86.53,86.66,60948744.43,703500.0
VALE3,M15,23/02/2026,86.8,86.84,86.51,86.6,53522212.35,617500.0
VALE3,M15,23/02/2026,86.64,86.88,86.59,86.8,102192787.89,1178700.0
VALE3,M15,23/02/2026,87.12,87.21,86.59,86.66,54696844.15,630300.0
VALE3,M15,23/02/2026,87.01,87.5,86.98,87.14,119632133.29,1370200.0
VALE3,M15,23/02/2026,86.65,87.02,86.54,87.0,66154704.27,762400.0
VALE3,M15,23/02/2026,86.62,86.74,86.53,86.64,66453475.15,767400.0
VALE3,M15,23/02/2026,86.52,86.71,86.44,86.62,64417745.63,744100.0
VALE3,M15,23/02/2026,86.05,86.59,86.04,86.53,125827126.73,1459400.0
VALE3,M15,23/02/2026,86.62,86.7,86.02,86.04,65853857.07,763200.0
VALE3,M15,23/02/2026,86.61,86.87,86.32,86.62,72057344.93,832200.0
VALE3,M15,23/02/2026,86.41,87.91,86.41,86.6,71294159.99,822100.0
VALE3,M15,20/02/2026,86.32,86.41,86.03,86.23,7852464.46,91100.0
VALE3,M15,20/02/2026,85.89,86.41,85.86,86.41,1033769217.19,11977700.0
VALE3,M15,20/02/2026,85.79,86.0,85.67,85.9,201768809.59,2350700.0
VALE3,M15,20/02/2026,85.94,86.01,85.75,85.79,93628033.35,1090000.0
VALE3,M15,20/02/2026,85.64,85.94,85.59,85.94,109602258.47,1278200.0
VALE3,M15,20/02/2026,85.54,85.7,85.43,85.62,64154514.16,749700.0
VALE3,M15,20/02/2026,85.28,85.53,85.25,85.53,52923038.2,619800.0
VALE3,M15,20/02/2026,85.45,85.45,85.21,85.28,69238665.56,811000.0
VALE3,M15,20/02/2026,85.29,85.49,85.11,85.45,56274462.24,659300.0
VALE3,M15,20/02/2026,85.04,85.45,84.92,85.29,114433280.34,1344100.0
VALE3,M15,20/02/2026,84.9,85.09,84.8,85.03,48438056.96,570400.0
VALE3,M15,20/02/2026,84.98,85.05,84.79,84.93,55791233.85,656800.0
VALE3,M15,20/02/2026,84.99,85.05,84.9,84.97,27402798.71,322400.0
VALE3,M15,20/02/2026,84.63,85.04,84.63,84.99,57423559.03,676500.0
VALE3,M15,20/02/2026,84.62,84.72,84.55,84.63,25228562.56,298100.0
VALE3,M15,20/02/2026,84.68,84.68,84.46,84.61,171449915.43,2027100.0
VALE3,M15,20/02/2026,84.62,84.7,84.58,84.67,45198702.73,534000.0
VALE3,M15,20/02/2026,84.74,84.83,84.59,84.62,27541833.87,325200.0
VALE3,M15,20/02/2026,84.61,84.8,84.61,84.74,23954238.27,282800.0
VALE3,M15,20/02/2026,84.66,84.71,84.56,84.61,41809306.61,494100.0
VALE3,M15,20/02/2026,84.76,84.76,84.46,84.67,69442968.61,821300.0
VALE3,M15,20/02/2026,84.5,84.78,84.38,84.76,85942371.67,1016800.0
VALE3,M15,20/02/2026,84.53,84.6,84.24,84.5,61011714.03,723100.0
VALE3,M15,20/02/2026,84.46,84.89,84.45,84.52,56898727.48,672000.0
VALE3,M15,20/02/2026,84.74,85.46,84.46,84.47,127797958.64,1504600.0
VALE3,M15,20/02/2026,84.68,84.78,84.31,84.73,70287317.37,831200.0
VALE3,M15,20/02/2026,84.03,84.78,83.9,84.67,130493631.16,1546600.0
VALE3,M15,20/02/2026,83.34,84.03,83.31,84.01,132894056.38,1588600.0
VALE3,M15,20/02/2026,83.17,83.45,83.03,83.33,107693510.28,1294000.0
VALE3,M15,20/02/2026,83.27,83.32,83.13,83.15,64887445.07,780000.0
VALE3,M15,20/02/2026,83.46,83.48,83.17,83.31,43229755.03,518800.0
VALE3,M15,20/02/2026,83.12,83.81,83.1,83.45,74751628.92,895500.0
VALE3,M15,20/02/2026,83.41,83.58,83.07,83.12,102205810.21,1225700.0
VALE3,M15,19/02/2026,83.76,83.96,83.65,83.7,223789385.76,2673100.0
VALE3,M15,19/02/2026,83.69,83.88,83.61,83.79,139115365.21,1661200.0
VALE3,M15,19/02/2026,83.12,83.7,83.04,83.7,199407323.93,2392900.0
VALE3,M15,19/02/2026,83.11,83.27,83.1,83.12,30755267.88,369800.0
VALE3,M15,19/02/2026,83.09,83.18,83.05,83.11,18945422.84,227900.0
VALE3,M15,19/02/2026,83.06,83.16,83.0,83.1,22285452.97,268200.0
VALE3,M15,19/02/2026,83.24,83.27,83.0,83.07,68203780.61,820200.0
VALE3,M15,19/02/2026,83.13,83.31,83.02,83.23,108399649.03,1302600.0
VALE3,M15,19/02/2026,83.11,83.26,83.09,83.13,28922964.5,347700.0
VALE3,M15,19/02/2026,82.96,83.11,82.94,83.1,22836918.42,275100.0
VALE3,M15,19/02/2026,83.22,83.23,82.94,82.97,51137580.54,615600.0
VALE3,M15,19/02/2026,83.18,83.24,83.14,83.2,38753605.64,465800.0
VALE3,M15,19/02/2026,83.31,83.32,83.16,83.18,29753192.05,357500.0
VALE3,M15,19/02/2026,83.29,83.46,83.27,83.3,38316316.19,459700.0
VALE3,M15,19/02/2026,83.22,83.4,83.15,83.27,40801845.87,489900.0
VALE3,M15,19/02/2026,82.92,83.22,82.81,83.22,46415431.38,559400.0
VALE3,M15,19/02/2026,83.15,83.17,82.8,82.89,60069342.01,724100.0
VALE3,M15,19/02/2026,83.05,83.23,83.02,83.15,36564353.46,439800.0
VALE3,M15,19/02/2026,83.22,83.26,83.02,83.03,48680870.57,585800.0
VALE3,M15,19/02/2026,83.08,83.35,83.07,83.2,41171388.99,494700.0
VALE3,M15,19/02/2026,83.02,83.1,82.89,83.07,27519413.34,331500.0
VALE3,M15,19/02/2026,82.98,83.22,82.98,83.02,48338153.46,581600.0
VALE3,M15,19/02/2026,82.76,82.99,82.73,82.97,61309912.57,739700.0
VALE3,M15,19/02/2026,82.38,83.01,82.36,82.77,102093161.1,1234400.0
VALE3,M15,19/02/2026,82.43,82.48,82.19,82.39,51766268.17,628700.0
VALE3,M15,19/02/2026,82.19,82.49,81.95,82.44,149693777.11,1821300.0
VALE3,M15,19/02/2026,82.22,82.41,82.08,82.15,93379001.71,1136000.0
VALE3,M15,19/02/2026,82.75,82.75,82.1,82.21,148641149.83,1805400.0
VALE3,M15,19/02/2026,83.02,83.08,82.63,82.74,145404541.8,1754600.0
VALE3,M15,19/02/2026,83.05,83.23,83.0,83.03,40370961.58,485800.0
VALE3,M15,19/02/2026,83.11,83.53,83.02,83.08,114038335.58,1369800.0
VALE3,M15,19/02/2026,82.64,83.2,82.49,83.11,82034443.66,991100.0
VALE3,M15,18/02/2026,83.45,83.53,83.37,83.53,219854523.24,2632700.0
VALE3,M15,18/02/2026,83.24,83.49,83.2,83.45,90804924.62,1089200.0
VALE3,M15,18/02/2026,83.35,83.44,83.17,83.24,86187226.77,1034600.0
VALE3,M15,18/02/2026,83.37,83.48,83.22,83.34,70237954.38,842700.0
VALE3,M15,18/02/2026,83.43,83.57,83.29,83.37,55004564.33,659500.0
VALE3,M15,18/02/2026,83.55,83.58,83.36,83.42,75304026.03,902300.0
VALE3,M15,18/02/2026,83.7,83.74,83.5,83.56,94945333.39,1135200.0
VALE3,M15,18/02/2026,83.86,84.05,83.69,83.7,83736034.1,998800.0
VALE3,M15,18/02/2026,84.06,84.08,83.81,83.86,69597339.32,829100.0
VALE3,M15,18/02/2026,84.19,84.2,83.99,84.05,49043828.37,583400.0
VALE3,M15,18/02/2026,84.08,84.21,84.03,84.19,56930515.37,676800.0
VALE3,M15,18/02/2026,84.38,84.41,83.98,84.05,98341278.99,1168700.0
VALE3,M15,18/02/2026,84.52,84.59,84.22,84.38,87123940.16,1033000.0
VALE3,M15,18/02/2026,84.64,84.68,84.44,84.52,39574654.97,467900.0
VALE3,M15,18/02/2026,84.44,84.69,84.31,84.68,77196432.36,913700.0
VALE3,M15,18/02/2026,84.39,84.48,84.27,84.44,58678937.6,695500.0
VALE3,M15,18/02/2026,84.41,84.6,84.23,84.39,92595539.25,1096600.0
VALE3,M15,18/02/2026,84.34,84.62,84.31,84.43,88239227.48,1044000.0
VALE3,M15,18/02/2026,84.61,84.71,84.27,84.32,104863132.42,1241100.0
VALE3,M15,18/02/2026,84.71,84.76,84.31,84.61,156891675.52,1853900.0
VALE3,M15,13/02/2026,86.6,86.6,86.5,86.6,164412.92,1900.0
VALE3,M15,13/02/2026,86.35,86.63,86.3,86.63,183152594.81,2115800.0
VALE3,M15,13/02/2026,86.21,86.37,86.17,86.36,44594463.18,516900.0
VALE3,M15,13/02/2026,86.36,86.57,86.1,86.21,46205400.02,535000.0
VALE3,M15,13/02/2026,86.36,86.5,86.22,86.36,52615479.27,609100.0
VALE3,M15,13/02/2026,86.68,86.79,86.32,86.35,54923783.73,634400.0
VALE3,M15,13/02/2026,86.41,86.77,86.28,86.68,41425601.48,478700.0
VALE3,M15,13/02/2026,86.67,86.75,86.26,86.44,94579242.19,1093300.0
VALE3,M15,13/02/2026,86.7,86.99,86.64,86.67,40541071.95,467100.0
VALE3,M15,13/02/2026,86.82,86.99,86.54,86.71,54146773.21,624500.0
VALE3,M15,13/02/2026,86.78,86.89,86.62,86.81,37177109.33,428500.0
VALE3,M15,13/02/2026,87.0,87.11,86.62,86.73,49243935.97,567100.0
VALE3,M15,13/02/2026,86.88,87.03,86.79,87.02,26577429.51,305900.0
VALE3,M15,13/02/2026,86.92,87.03,86.71,86.86,37958184.91,437100.0
VALE3,M15,13/02/2026,86.65,86.96,86.61,86.95,34910350.29,402000.0
VALE3,M15,13/02/2026,86.67,86.9,86.59,86.64,30724582.86,354400.0
VALE3,M15,13/02/2026,86.87,86.91,86.61,86.66,50960691.75,587400.0
VALE3,M15,13/02/2026,86.85,87.17,86.76,86.88,48339039.33,555700.0
VALE3,M15,13/02/2026,86.89,86.99,86.78,86.86,26032117.4,299600.0
VALE3,M15,13/02/2026,86.66,87.03,86.62,86.89,35338051.41,407200.0
VALE3,M15,13/02/2026,86.81,87.07,86.54,86.65,63197304.27,727800.0
VALE3,M15,13/02/2026,86.27,86.82,86.12,86.81,63481609.55,733700.0
VALE3,M15,13/02/2026,86.21,86.72,86.12,86.3,93696587.92,1083900.0
VALE3,M15,13/02/2026,85.91,86.32,85.62,86.2,74353078.96,866100.0
VALE3,M15,13/02/2026,86.15,86.53,85.77,85.92,116136211.53,1348000.0
VALE3,M15,13/02/2026,86.26,86.61,85.91,86.15,133908861.9,1551800.0
VALE3,M15,13/02/2026,86.91,87.35,85.8,86.25,372718602.34,4310200.0
VALE3,M15,13/02/2026,87.3,87.49,86.83,86.89,47051277.66,539800.0
VALE3,M15,13/02/2026,87.56,87.59,87.09,87.3,61428573.67,703100.0
VALE3,M15,13/02/2026,87.32,87.73,87.2,87.6,119945578.79,1369900.0
VALE3,M15,13/02/2026,86.65,87.36,86.6,87.32,79780335.67,917400.0
VALE3,M15,13/02/2026,86.86,86.91,86.1,86.67,136412997.88,1576600.0
VALE3,M15,13/02/2026,87.16,87.36,86.7,86.91,130081016.74,1494900.0
VALE3,M15,12/02/2026,89.2,89.21,88.67,88.82,234416388.26,2638500.0
VALE3,M15,12/02/2026,89.04,89.4,88.82,89.2,115246866.43,1293700.0
VALE3,M15,12/02/2026,89.44,89.45,89.02,89.04,94174483.16,1056100.0
VALE3,M15,12/02/2026,89.57,89.76,89.42,89.46,48609256.26,542600.0
VALE3,M15,12/02/2026,89.84,90.1,89.4,89.57,123594829.12,1376000.0
VALE3,M15,12/02/2026,89.58,89.93,89.55,89.84,46624421.59,519100.0
VALE3,M15,12/02/2026,89.51,89.78,89.4,89.58,121554042.16,1357200.0
VALE3,M15,12/02/2026,89.23,89.65,89.22,89.52,56087823.89,626700.0
VALE3,M15,12/02/2026,89.45,89.67,89.09,89.21,97822186.7,1094500.0
VALE3,M15,12/02/2026,89.12,89.45,88.97,89.44,88584899.82,994000.0
VALE3,M15,12/02/2026,89.24,89.47,89.01,89.15,199729157.35,2238900.0
VALE3,M15,12/02/2026,89.19,89.24,88.79,89.23,128287115.42,1440200.0
VALE3,M15,12/02/2026,89.74,89.81,89.2,89.25,127271468.82,1420000.0
VALE3,M15,12/02/2026,89.44,89.78,89.26,89.73,106000445.12,1183100.0
VALE3,M15,12/02/2026,89.59,89.91,89.44,89.46,126753697.37,1413800.0
VALE3,M15,12/02/2026,89.84,89.86,89.48,89.6,67709927.71,755200.0
VALE3,M15,12/02/2026,90.13,90.21,89.72,89.85,113635108.42,1263100.0
VALE3,M15,12/02/2026,89.46,90.57,89.4,90.13,184492387.05,2052300.0
VALE3,M15,12/02/2026,90.58,90.61,89.43,89.48,597979175.11,6632300.0
VALE3,M15,12/02/2026,90.68,90.78,90.55,90.59,299474097.98,3305400.0
VALE3,M15,12/02/2026,91.01,91.08,90.63,90.69,49773062.5,547700.0
VALE3,M15,12/02/2026,90.97,91.2,90.96,91.03,61108644.38,671000.0
VALE3,M15,12/02/2026,91.07,91.1,90.81,90.97,35725499.1,392900.0
VALE3,M15,12/02/2026,90.7,91.16,90.63,91.07,158990566.74,1748900.0
VALE3,M15,12/02/2026,90.62,90.74,90.38,90.7,359984921.9,3974100.0
VALE3,M15,12/02/2026,90.26,90.94,90.16,90.61,425627616.88,4702700.0
VALE3,M15,12/02/2026,90.32,90.58,89.99,90.26,234525793.49,2598100.0
VALE3,M15,12/02/2026,89.91,90.33,89.9,90.31,79995496.13,887700.0
VALE3,M15,12/02/2026,89.62,90.11,89.6,89.9,128376297.87,1428200.0
VALE3,M15,12/02/2026,89.63,89.8,89.6,89.63,25621001.99,285600.0
VALE3,M15,12/02/2026,89.77,89.82,89.43,89.63,45888483.69,511900.0
VALE3,M15,12/02/2026,89.43,89.98,89.33,89.75,46724450.51,520700.0
VALE3,M15,11/02/2026,89.73,89.78,89.57,89.67,345986350.22,3858200.0
VALE3,M15,11/02/2026,89.45,89.78,89.41,89.76,94389397.77,1052900.0
VALE3,M15,11/02/2026,89.59,89.6,89.38,89.43,53641641.87,599500.0
VALE3,M15,11/02/2026,89.57,89.62,89.52,89.6,32689840.75,364900.0
VALE3,M15,11/02/2026,89.5,89.63,89.32,89.56,33845539.77,378100.0
VALE3,M15,11/02/2026,89.56,89.58,89.4,89.48,57800116.46,645700.0
VALE3,M15,11/02/2026,89.27,89.57,89.27,89.57,50748433.76,567300.0
VALE3,M15,11/02/2026,89.02,89.28,89.0,89.27,48709159.76,546200.0
VALE3,M15,11/02/2026,89.26,89.32,88.98,89.01,78844128.92,884400.0
VALE3,M15,11/02/2026,89.41,89.43,89.23,89.24,60991018.46,682800.0
VALE3,M15,11/02/2026,89.46,89.53,89.25,89.4,76924632.81,860800.0
VALE3,M15,11/02/2026,89.64,89.73,89.4,89.48,60069105.11,670800.0
VALE3,M15,11/02/2026,89.69,89.83,89.61,89.64,138622527.58,1544300.0
VALE3,M15,11/02/2026,89.85,89.85,89.6,89.69,40896606.34,456000.0
VALE3,M15,11/02/2026,89.61,89.9,89.6,89.83,59181185.37,659200.0
VALE3,M15,11/02/2026,89.63,89.65,89.48,89.62,46844259.26,522900.0
VALE3,M15,11/02/2026,89.55,89.73,89.51,89.62,115377615.21,1287500.0
VALE3,M15,11/02/2026,89.26,89.55,89.22,89.55,84817116.8,948500.0
VALE3,M15,11/02/2026,89.34,89.43,89.15,89.25,52489337.03,587900.0
VALE3,M15,11/02/2026,88.89,89.43,88.83,89.35,112972950.74,1267800.0
VALE3,M15,11/02/2026,88.83,88.9,88.62,88.87,39798032.14,448100.0
VALE3,M15,11/02/2026,88.46,88.88,88.19,88.85,68335725.81,772200.0
VALE3,M15,11/02/2026,88.38,88.64,88.31,88.46,113686329.75,1284600.0
VALE3,M15,11/02/2026,88.77,88.83,88.35,88.4,84800839.64,957100.0
VALE3,M15,11/02/2026,88.78,89.07,88.68,88.75,100839910.62,1134600.0
VALE3,M15,11/02/2026,88.73,89.07,88.38,88.78,180702149.66,2036100.0
VALE3,M15,11/02/2026,88.49,88.72,88.45,88.72,50176916.75,566400.0
VALE3,M15,11/02/2026,88.45,88.77,88.37,88.52,76691863.4,865400.0
VALE3,M15,11/02/2026,88.3,88.59,88.3,88.46,36589014.55,413600.0
VALE3,M15,11/02/2026,88.32,88.37,88.08,88.32,38693158.3,438700.0
VALE3,M15,11/02/2026,88.28,88.38,88.19,88.32,43570704.38,493600.0
VALE3,M15,11/02/2026,88.19,88.48,88.07,88.29,52870284.01,599200.0
VALE3,M15,10/02/2026,86.9,86.92,86.63,86.65,117418440.98,1354400.0
VALE3,M15,10/02/2026,86.91,86.94,86.8,86.89,31258765.84,359800.0
VALE3,M15,10/02/2026,87.18,87.19,86.86,86.91,31532162.94,362300.0
VALE3,M15,10/02/2026,87.06,87.19,86.95,87.18,42582009.2,488900.0
VALE3,M15,10/02/2026,87.2,87.2,87.03,87.08,37431061.04,429600.0
VALE3,M15,10/02/2026,87.13,87.31,87.1,87.2,117649875.62,1349100.0
VALE3,M15,10/02/2026,87.06,87.17,87.02,87.12,76258034.82,875200.0
VALE3,M15,10/02/2026,87.03,87.09,86.88,87.06,24163767.97,277800.0
VALE3,M15,10/02/2026,86.97,87.07,86.93,87.03,13443043.16,154500.0
VALE3,M15,10/02/2026,86.87,87.0,86.84,86.97,13157626.06,151400.0
VALE3,M15,10/02/2026,86.86,87.02,86.86,86.88,52102595.05,599200.0
VALE3,M15,10/02/2026,86.85,86.88,86.74,86.87,15748770.63,181400.0
VALE3,M15,10/02/2026,86.79,86.88,86.61,86.86,34178488.39,394000.0
VALE3,M15,10/02/2026,86.88,86.96,86.73,86.8,21692214.17,249800.0
VALE3,M15,10/02/2026,86.65,86.89,86.64,86.87,19153424.65,220800.0
VALE3,M15,10/02/2026,86.6,86.67,86.51,86.65,23541354.1,271800.0
VALE3,M15,10/02/2026,86.44,86.68,86.44,86.6,11383484.67,131500.0
VALE3,M15,10/02/2026,86.38,86.53,86.33,86.44,12768461.38,147700.0
VALE3,M15,10/02/2026,86.66,86.68,86.33,86.38,29932697.65,346000.0
VALE3,M15,10/02/2026,86.8,86.87,86.63,86.65,30550944.93,352300.0
VALE3,M15,10/02/2026,86.91,86.94,86.71,86.8,22707470.58,261500.0
VALE3,M15,10/02/2026,87.23,87.24,86.85,86.92,30352585.18,348600.0
VALE3,M15,10/02/2026,86.7,87.33,86.7,87.24,122078785.12,1402000.0
VALE3,M15,10/02/2026,86.38,86.71,86.33,86.7,45364887.39,524300.0
VALE3,M15,10/02/2026,86.32,86.46,86.06,86.38,38169217.6,442500.0
VALE3,M15,10/02/2026,86.4,86.4,85.85,86.32,73204553.51,850300.0
VALE3,M15,10/02/2026,86.33,86.51,86.29,86.41,20245783.81,234300.0
VALE3,M15,10/02/2026,86.39,86.45,86.15,86.34,19856033.85,230000.0
VALE3,M15,10/02/2026,86.44,86.53,86.23,86.38,19053348.95,220500.0
VALE3,M15,10/02/2026,86.17,86.47,86.17,86.45,26531420.89,307500.0
VALE3,M15,10/02/2026,86.26,86.3,86.1,86.15,18065258.96,209600.0
VALE3,M15,10/02/2026,86.32,86.62,86.06,86.26,38711499.84,448600.0
VALE3,M15,09/02/2026,86.99,87.01,86.74,86.91,190040598.17,2186800.0
VALE3,M15,09/02/2026,87.14,87.16,86.92,86.99,49699525.15,571000.0
VALE3,M15,09/02/2026,87.23,87.26,87.09,87.15,25852672.52,296500.0
VALE3,M15,09/02/2026,86.97,87.27,86.96,87.21,53881468.39,618200.0
VALE3,M15,09/02/2026,87.0,87.09,86.87,86.99,23281311.77,267600.0
VALE3,M15,09/02/2026,86.97,87.23,86.97,87.02,53100974.11,609600.0
VALE3,M15,09/02/2026,86.86,87.03,86.86,86.97,63159904.54,726200.0
VALE3,M15,09/02/2026,86.65,86.9,86.57,86.86,50413788.04,581200.0
VALE3,M15,09/02/2026,86.48,86.69,86.42,86.65,53994556.46,623900.0
VALE3,M15,09/02/2026,86.62,86.65,86.37,86.48,64920175.56,750200.0
VALE3,M15,09/02/2026,86.43,86.76,86.32,86.62,92282195.28,1066100.0
VALE3,M15,09/02/2026,86.18,86.45,86.16,86.44,33645670.06,389900.0
VALE3,M15,09/02/2026,86.2,86.21,85.99,86.18,86436711.3,1003000.0
VALE3,M15,09/02/2026,86.09,86.25,86.06,86.21,28244161.38,327800.0
VALE3,M15,09/02/2026,86.13,86.3,85.99,86.08,57239913.72,664500.0
VALE3,M15,09/02/2026,86.12,86.18,85.99,86.12,40062866.15,465400.0
VALE3,M15,09/02/2026,85.83,86.14,85.74,86.12,47107340.43,547900.0
VALE3,M15,09/02/2026,85.68,85.85,85.6,85.83,42471966.95,495400.0
VALE3,M15,09/02/2026,85.47,85.82,85.42,85.7,101258606.7,1182100.0
VALE3,M15,09/02/2026,84.44,85.57,84.24,85.48,121246869.43,1427100.0
VALE3,M15,09/02/2026,84.79,84.86,84.37,84.44,150000013.21,1773100.0
VALE3,M15,09/02/2026,85.12,85.22,84.76,84.81,72882138.8,857500.0
VALE3,M15,09/02/2026,85.35,85.46,85.01,85.16,129192757.58,1514900.0
VALE3,M15,09/02/2026,85.69,85.8,85.14,85.39,191710648.58,2245700.0
VALE3,M15,09/02/2026,85.95,86.14,85.61,85.69,56239533.99,655000.0
VALE3,M15,09/02/2026,85.82,86.43,85.57,85.95,150234454.83,1745200.0
VALE3,M15,09/02/2026,85.99,86.12,85.73,85.83,44693638.07,519800.0
VALE3,M15,09/02/2026,86.22,86.27,85.98,85.98,20107041.28,233500.0
VALE3,M15,09/02/2026,86.35,86.36,86.21,86.22,21666238.2,251100.0
VALE3,M15,09/02/2026,86.2,86.35,86.06,86.33,40563632.83,470500.0
VALE3,M15,09/02/2026,86.29,86.37,86.03,86.23,36501255.47,423400.0
VALE3,M15,09/02/2026,86.25,86.59,86.11,86.29,89901338.87,1041000.0
VALE3,M15,06/02/2026,85.23,85.4,85.23,85.23,827336.03,9700.0
VALE3,M15,06/02/2026,85.0,85.23,84.8,85.23,292572094.85,3437000.0
VALE3,M15,06/02/2026,85.09,85.32,84.84,84.97,560361869.87,6594300.0
VALE3,M15,06/02/2026,85.18,85.18,84.95,85.09,81505305.18,958400.0
VALE3,M15,06/02/2026,84.97,85.27,84.92,85.16,39426580.92,463100.0
VALE3,M15,06/02/2026,84.87,85.02,84.87,84.95,24882809.59,292900.0
VALE3,M15,06/02/2026,85.03,85.04,84.86,84.87,19146970.72,225400.0
VALE3,M15,06/02/2026,84.96,85.09,84.94,85.04,20183488.07,237400.0
VALE3,M15,06/02/2026,85.0,85.08,84.95,84.96,20023764.31,235500.0
VALE3,M15,06/02/2026,84.8,85.19,84.8,84.99,57062403.83,671300.0
VALE3,M15,06/02/2026,85.0,85.04,84.8,84.81,40990223.13,482900.0
VALE3,M15,06/02/2026,85.18,85.21,84.88,85.01,85453319.41,1005000.0
VALE3,M15,06/02/2026,85.34,85.36,85.1,85.18,29023519.96,340600.0
VALE3,M15,06/02/2026,85.35,85.4,85.24,85.35,13840197.62,162200.0
VALE3,M15,06/02/2026,85.3,85.42,85.11,85.37,24919209.99,292300.0
VALE3,M15,06/02/2026,85.49,85.58,85.28,85.3,22302120.31,261100.0
VALE3,M15,06/02/2026,85.69,85.73,85.43,85.51,24621882.38,287800.0
VALE3,M15,06/02/2026,85.3,85.74,85.29,85.69,82780128.14,968800.0
VALE3,M15,06/02/2026,85.04,85.34,85.03,85.29,37074961.28,435200.0
VALE3,M15,06/02/2026,85.23,85.24,84.93,85.04,40877568.04,480600.0
VALE3,M15,06/02/2026,85.36,85.57,85.15,85.21,41127055.56,481900.0
VALE3,M15,06/02/2026,85.42,85.43,85.23,85.38,28838513.0,338000.0
VALE3,M15,06/02/2026,85.53,85.56,85.32,85.43,44467350.46,520300.0
VALE3,M15,06/02/2026,85.82,85.82,85.5,85.53,27594523.37,322200.0
VALE3,M15,06/02/2026,85.74,86.0,85.64,85.82,52450588.58,611200.0
VALE3,M15,06/02/2026,85.69,86.08,85.4,85.76,126216059.5,1471800.0
VALE3,M15,06/02/2026,86.51,86.54,85.64,85.68,224795221.07,2614300.0
VALE3,M15,06/02/2026,86.88,86.91,86.45,86.51,73452190.65,847100.0
VALE3,M15,06/02/2026,86.45,87.04,86.4,86.87,59615047.79,686800.0
VALE3,M15,06/02/2026,86.43,86.62,86.3,86.45,47791241.79,552600.0
VALE3,M15,06/02/2026,86.99,87.15,86.41,86.44,88551320.28,1020200.0
VALE3,M15,06/02/2026,86.7,87.09,86.68,87.0,73579430.77,846800.0
VALE3,M15,06/02/2026,86.01,86.75,86.01,86.69,63486248.94,734900.0
VALE3,M15,05/02/2026,86.02,86.06,85.84,86.05,1112588885.08,12930500.0
VALE3,M15,05/02/2026,86.16,86.22,85.85,86.02,119030225.88,1384100.0
VALE3,M15,05/02/2026,86.56,86.56,86.09,86.16,77102978.81,893800.0
VALE3,M15,05/02/2026,86.71,86.77,86.52,86.56,53977935.9,622800.0
VALE3,M15,05/02/2026,86.59,86.75,86.31,86.74,71168938.46,822600.0
VALE3,M15,05/02/2026,87.1,87.11,86.57,86.6,125427862.1,1445600.0
VALE3,M15,05/02/2026,87.0,87.43,86.98,87.08,47355644.46,543000.0
VALE3,M15,05/02/2026,87.18,87.18,86.88,87.0,54319233.63,624400.0
VALE3,M15,05/02/2026,87.31,87.35,86.9,87.18,98882991.88,1135800.0
VALE3,M15,05/02/2026,87.9,88.02,86.97,87.31,146974530.44,1681500.0
VALE3,M15,05/02/2026,88.27,88.28,87.81,87.9,157997397.41,1794700.0
VALE3,M15,05/02/2026,88.2,88.52,88.11,88.26,168361765.65,1907100.0
VALE3,M15,05/02/2026,88.16,88.34,88.15,88.19,60165385.49,682100.0
VALE3,M15,05/02/2026,88.11,88.28,87.87,88.16,187562614.33,2128500.0
VALE3,M15,05/02/2026,87.74,88.18,87.63,88.11,145876401.17,1660500.0
VALE3,M15,05/02/2026,87.71,87.74,87.59,87.73,103252570.83,1178300.0
VALE3,M15,05/02/2026,87.6,87.74,87.49,87.71,47060714.68,537000.0
VALE3,M15,05/02/2026,87.53,87.69,87.43,87.6,38805171.37,443000.0
VALE3,M15,05/02/2026,87.29,87.68,87.29,87.52,43129041.31,492900.0
VALE3,M15,05/02/2026,87.32,87.57,87.22,87.29,132114789.38,1512600.0
VALE3,M15,05/02/2026,87.01,87.33,86.82,87.31,230361146.65,2646000.0
VALE3,M15,05/02/2026,87.06,87.16,86.68,86.99,211558649.85,2434000.0
VALE3,M15,05/02/2026,87.4,87.57,86.99,87.04,192635198.64,2210200.0
VALE3,M15,05/02/2026,87.49,87.79,87.29,87.39,222155004.16,2535800.0
VALE3,M15,05/02/2026,87.39,87.71,87.31,87.49,309970687.14,3539400.0
VALE3,M15,05/02/2026,87.13,87.41,86.5,87.41,314814832.85,3622300.0
VALE3,M15,05/02/2026,87.34,87.55,87.1,87.16,92977014.77,1064400.0
VALE3,M15,05/02/2026,86.99,87.48,86.98,87.33,57447537.3,658300.0
VALE3,M15,05/02/2026,87.12,87.16,86.81,86.96,84396642.0,970300.0
VALE3,M15,05/02/2026,87.33,87.41,87.09,87.12,94926640.49,1088200.0
VALE3,M15,05/02/2026,87.72,87.74,87.25,87.33,74068310.84,846700.0
VALE3,M15,05/02/2026,87.58,88.09,87.42,87.74,88814035.16,1012600.0
VALE3,M15,04/02/2026,88.85,89.02,88.83,89.02,255478501.38,2870600.0
VALE3,M15,04/02/2026,88.81,89.05,88.73,88.86,58507575.06,658200.0
VALE3,M15,04/02/2026,88.89,88.99,88.76,88.82,91933883.24,1034400.0
VALE3,M15,04/02/2026,88.71,88.99,88.69,88.9,63585902.6,715500.0
VALE3,M15,04/02/2026,88.4,88.7,88.4,88.68,76499987.45,863800.0
VALE3,M15,04/02/2026,88.21,88.45,88.17,88.4,99716534.98,1129300.0
VALE3,M15,04/02/2026,88.24,88.38,88.15,88.18,65185850.65,738700.0
VALE3,M15,04/02/2026,88.4,88.58,88.16,88.25,321465279.11,3635700.0
VALE3,M15,04/02/2026,88.4,88.52,88.31,88.4,276161251.15,3122700.0
VALE3,M15,04/02/2026,88.38,88.47,88.26,88.4,161003101.34,1821300.0
VALE3,M15,04/02/2026,88.07,88.41,88.01,88.39,112285890.1,1271600.0
VALE3,M15,04/02/2026,88.2,88.51,88.04,88.06,60526656.15,685500.0
VALE3,M15,04/02/2026,88.17,88.25,88.09,88.19,46958488.01,532600.0
VALE3,M15,04/02/2026,88.15,88.3,87.99,88.21,181084749.93,2055000.0
VALE3,M15,04/02/2026,88.13,88.31,87.76,88.16,475259836.64,5390700.0
VALE3,M15,04/02/2026,88.08,88.15,87.89,88.13,110909675.57,1260300.0
VALE3,M15,04/02/2026,87.81,88.16,87.61,88.09,117464701.43,1338100.0
VALE3,M15,04/02/2026,87.45,87.93,87.45,87.81,271475413.8,3097800.0
VALE3,M15,04/02/2026,87.47,87.49,87.14,87.45,166713719.72,1907500.0
VALE3,M15,04/02/2026,87.59,87.64,87.38,87.47,212307181.07,2426600.0
VALE3,M15,04/02/2026,87.55,87.79,87.23,87.6,98606885.39,1126000.0
VALE3,M15,04/02/2026,87.99,88.08,87.19,87.57,130140080.53,1484800.0
VALE3,M15,04/02/2026,88.23,88.47,87.86,88.04,246199437.16,2791800.0
VALE3,M15,04/02/2026,88.34,88.47,88.02,88.22,222170307.85,2518400.0
VALE3,M15,04/02/2026,88.49,88.71,88.34,88.34,53538075.43,605000.0
VALE3,M15,04/02/2026,89.01,89.12,88.42,88.5,190208139.51,2142600.0
VALE3,M15,04/02/2026,89.06,89.17,88.91,89.05,57667231.64,647500.0
VALE3,M15,04/02/2026,88.78,89.07,88.69,89.05,76835753.94,864500.0
VALE3,M15,04/02/2026,88.45,88.94,88.39,88.74,86654616.97,976600.0
VALE3,M15,04/02/2026,88.71,88.78,88.41,88.42,41450437.76,467700.0
VALE3,M15,04/02/2026,88.51,88.97,88.51,88.69,63117496.14,711300.0
VALE3,M15,04/02/2026,88.1,88.64,88.1,88.49,75324873.89,852300.0
VALE3,M15,03/02/2026,88.55,88.59,88.43,88.58,448724066.02,5067000.0
VALE3,M15,03/02/2026,88.46,88.59,88.39,88.55,109360789.6,1235900.0
VALE3,M15,03/02/2026,88.25,88.48,88.23,88.46,84004747.03,950600.0
VALE3,M15,03/02/2026,87.89,88.28,87.85,88.25,159505038.56,1811000.0
VALE3,M15,03/02/2026,87.95,88.02,87.8,87.89,67334481.11,765900.0
VALE3,M15,03/02/2026,87.57,88.03,87.41,87.95,211857955.24,2416800.0
VALE3,M15,03/02/2026,87.52,87.79,87.48,87.57,156908702.18,1790200.0
VALE3,M15,03/02/2026,87.14,87.56,87.03,87.53,98195746.1,1124800.0
VALE3,M15,03/02/2026,87.2,87.37,87.11,87.12,51360071.84,588700.0
VALE3,M15,03/02/2026,86.86,87.23,86.85,87.19,63988073.69,734800.0
VALE3,M15,03/02/2026,87.45,87.48,86.82,86.9,162223819.4,1862000.0
VALE3,M15,03/02/2026,87.5,87.58,87.34,87.45,35444381.97,405100.0
VALE3,M15,03/02/2026,87.37,87.67,87.36,87.51,62659491.21,716100.0
VALE3,M15,03/02/2026,87.63,87.63,87.34,87.37,72713999.25,831100.0
VALE3,M15,03/02/2026,87.63,87.85,87.57,87.63,60374491.17,688700.0
VALE3,M15,03/02/2026,87.8,87.8,87.59,87.62,82745686.62,943800.0
VALE3,M15,03/02/2026,88.16,88.17,87.78,87.81,49551471.01,563000.0
VALE3,M15,03/02/2026,88.08,88.25,88.08,88.14,61963380.74,702700.0
VALE3,M15,03/02/2026,87.97,88.28,87.93,88.1,113584474.35,1289000.0
VALE3,M15,03/02/2026,87.91,87.99,87.76,87.97,55492344.52,631400.0
VALE3,M15,03/02/2026,87.66,88.02,87.59,87.92,53110431.04,604600.0
VALE3,M15,03/02/2026,87.83,87.91,87.59,87.65,72628351.33,827400.0
VALE3,M15,03/02/2026,87.58,87.98,87.51,87.83,61125930.83,696500.0
VALE3,M15,03/02/2026,87.31,87.85,87.15,87.58,126963142.47,1451200.0
VALE3,M15,03/02/2026,87.32,87.65,87.2,87.31,121517573.09,1389700.0
VALE3,M15,03/02/2026,86.79,87.39,86.68,87.31,183258862.66,2105400.0
VALE3,M15,03/02/2026,86.81,86.97,86.7,86.79,105183839.09,1211200.0
VALE3,M15,03/02/2026,86.56,86.86,86.48,86.81,108709334.05,1254200.0
VALE3,M15,03/02/2026,86.66,86.77,86.45,86.56,76668632.64,885000.0
VALE3,M15,03/02/2026,86.36,86.76,86.34,86.65,72304905.42,835300.0
VALE3,M15,03/02/2026,86.45,86.5,86.23,86.4,42158704.59,488100.0
VALE3,M15,03/02/2026,86.02,86.67,86.02,86.47,72754320.37,842500.0
VALE3,M15,02/02/2026,84.44,84.63,84.05,84.43,226993549.96,2688400.0
VALE3,M15,02/02/2026,84.41,84.53,84.33,84.44,64874446.63,768300.0
VALE3,M15,02/02/2026,84.41,84.47,84.33,84.41,32198881.37,381500.0
VALE3,M15,02/02/2026,84.17,84.48,84.06,84.41,40174982.74,476600.0
VALE3,M15,02/02/2026,84.08,84.6,84.02,84.13,55173494.2,654500.0
VALE3,M15,02/02/2026,84.09,84.1,83.92,84.08,18643390.16,221900.0
VALE3,M15,02/02/2026,83.94,84.13,83.9,84.08,40541260.07,482700.0
VALE3,M15,02/02/2026,84.17,84.21,83.86,83.94,39075982.53,464900.0
VALE3,M15,02/02/2026,84.42,84.54,84.16,84.17,27957303.0,331300.0
VALE3,M15,02/02/2026,84.3,84.45,84.27,84.42,20003119.5,237100.0
VALE3,M15,02/02/2026,84.35,84.4,84.23,84.3,25064092.9,297200.0
VALE3,M15,02/02/2026,84.59,84.59,84.34,84.37,18217451.82,215800.0
VALE3,M15,02/02/2026,84.64,84.73,84.56,84.57,19264603.61,227600.0
VALE3,M15,02/02/2026,84.56,84.7,84.54,84.64,26696418.09,315500.0
VALE3,M15,02/02/2026,84.78,84.78,84.49,84.55,30108413.9,356000.0
VALE3,M15,02/02/2026,84.77,84.85,84.61,84.77,37006779.98,436600.0
VALE3,M15,02/02/2026,84.62,84.82,84.54,84.77,25212558.13,297700.0
VALE3,M15,02/02/2026,84.65,84.74,84.52,84.6,92316431.75,1090200.0
VALE3,M15,02/02/2026,84.45,84.72,84.32,84.65,106247875.22,1256900.0
VALE3,M15,02/02/2026,84.31,84.47,84.06,84.45,57877529.75,686800.0
VALE3,M15,02/02/2026,84.37,84.41,84.21,84.28,29561001.57,350600.0
VALE3,M15,02/02/2026,84.45,84.59,84.26,84.37,58956883.51,698600.0
VALE3,M15,02/02/2026,84.57,84.86,84.39,84.45,92395982.09,1091100.0
VALE3,M15,02/02/2026,83.79,84.59,83.65,84.59,63146998.67,750300.0
VALE3,M15,02/02/2026,84.02,84.18,83.71,83.81,116584152.35,1389700.0
VALE3,M15,02/02/2026,84.52,85.09,84.01,84.03,162590311.73,1922800.0
VALE3,M15,02/02/2026,84.95,84.99,84.47,84.51,51557096.8,608300.0
VALE3,M15,02/02/2026,85.3,85.34,84.93,84.98,62234954.34,730600.0
VALE3,M15,02/02/2026,85.27,85.45,85.24,85.3,55967428.87,655900.0
VALE3,M15,02/02/2026,84.98,85.33,84.97,85.27,58687597.25,689000.0
VALE3,M15,02/02/2026,84.77,84.98,84.69,84.97,60366162.97,711300.0
VALE3,M15,02/02/2026,84.03,84.77,84.03,84.77,67941975.49,803700.0
VALE3,M15,30/01/2026,83.95,83.96,83.49,83.86,3981930.2,47600.0
VALE3,M15,30/01/2026,83.87,84.06,83.61,83.93,505169775.34,6020200.0
VALE3,M15,30/01/2026,83.71,83.94,83.67,83.87,104053065.93,1241700.0
VALE3,M15,30/01/2026,83.75,84.03,83.62,83.72,191021643.99,2279600.0
VALE3,M15,30/01/2026,84.37,84.51,83.68,83.75,119797022.99,1425300.0
VALE3,M15,30/01/2026,84.49,84.77,84.28,84.37,54909567.97,649000.0
VALE3,M15,30/01/2026,84.41,84.58,84.19,84.5,133249853.55,1578500.0
VALE3,M15,30/01/2026,84.57,84.82,84.4,84.42,97819569.89,1155900.0
VALE3,M15,30/01/2026,84.76,84.97,84.36,84.57,93667643.78,1107600.0
VALE3,M15,30/01/2026,84.13,84.85,84.11,84.76,111180826.14,1316700.0
VALE3,M15,30/01/2026,84.33,84.41,84.01,84.13,75184383.5,892800.0
VALE3,M15,30/01/2026,84.25,84.52,83.95,84.35,138580853.76,1646000.0
VALE3,M15,30/01/2026,84.93,84.98,84.25,84.29,135049178.59,1595500.0
VALE3,M15,30/01/2026,85.16,85.19,84.9,84.93,119751334.87,1408100.0
VALE3,M15,30/01/2026,85.48,85.57,85.1,85.15,61528956.94,721600.0
VALE3,M15,30/01/2026,85.37,85.7,85.3,85.48,82054723.16,960000.0
VALE3,M15,30/01/2026,85.71,85.79,85.16,85.33,104115654.3,1218000.0
VALE3,M15,30/01/2026,86.01,86.09,85.7,85.71,60625108.42,706200.0
VALE3,M15,30/01/2026,86.1,86.18,85.89,86.02,43334959.83,503700.0
VALE3,M15,30/01/2026,86.15,86.39,86.0,86.09,46732741.87,542300.0
VALE3,M15,30/01/2026,86.51,86.54,85.97,86.2,63053512.27,731200.0
VALE3,M15,30/01/2026,86.94,86.99,86.51,86.51,50598944.31,583300.0
VALE3,M15,30/01/2026,87.13,87.27,86.82,86.94,54484699.64,626000.0
VALE3,M15,30/01/2026,87.05,87.49,86.93,87.13,83106126.15,952900.0
VALE3,M15,30/01/2026,86.99,87.11,86.53,87.04,73287199.43,843600.0
VALE3,M15,30/01/2026,86.69,87.39,86.62,86.95,230226086.96,2645400.0
VALE3,M15,30/01/2026,85.5,86.7,85.41,86.7,240073378.52,2788500.0
VALE3,M15,30/01/2026,85.15,85.81,85.12,85.5,120157121.11,1405000.0
VALE3,M15,30/01/2026,85.26,85.39,85.1,85.13,40778096.53,478500.0
VALE3,M15,30/01/2026,85.61,85.61,85.12,85.26,70601682.59,827200.0
VALE3,M15,30/01/2026,85.52,85.67,85.3,85.6,63277028.8,739800.0
VALE3,M15,30/01/2026,85.55,85.68,85.41,85.51,76771724.29,897700.0
VALE3,M15,30/01/2026,85.27,85.71,85.08,85.56,97888545.5,1146000.0
VALE3,M15,29/01/2026,87.14,87.19,86.95,87.0,289895554.18,3331200.0
VALE3,M15,29/01/2026,87.09,87.28,87.0,87.12,69451111.67,797100.0
VALE3,M15,29/01/2026,87.34,87.35,87.07,87.1,51595093.75,592000.0
VALE3,M15,29/01/2026,87.11,87.4,87.04,87.34,65606486.69,751900.0
VALE3,M15,29/01/2026,87.42,87.57,87.03,87.07,118767784.72,1358300.0
VALE3,M15,29/01/2026,87.85,87.85,87.17,87.42,65811373.03,752900.0
VALE3,M15,29/01/2026,87.6,87.85,87.49,87.83,80890905.97,923200.0
VALE3,M15,29/01/2026,87.28,87.69,87.12,87.6,60672304.51,693400.0
VALE3,M15,29/01/2026,87.34,87.58,87.24,87.3,75316898.05,861600.0
VALE3,M15,29/01/2026,87.69,87.72,87.26,87.37,74176497.74,848600.0
VALE3,M15,29/01/2026,87.56,87.98,87.55,87.68,49977985.67,569600.0
VALE3,M15,29/01/2026,87.49,87.74,87.22,87.59,50676321.77,579100.0
VALE3,M15,29/01/2026,87.97,88.01,87.44,87.49,68768712.31,783500.0
VALE3,M15,29/01/2026,87.89,88.03,87.77,87.97,53727617.26,611200.0
VALE3,M15,29/01/2026,87.4,87.91,87.4,87.89,87634889.39,999700.0
VALE3,M15,29/01/2026,86.88,87.46,86.83,87.4,85161211.49,976200.0
VALE3,M15,29/01/2026,86.96,86.98,86.41,86.86,58946308.78,680100.0
VALE3,M15,29/01/2026,86.7,87.08,86.7,86.95,47542006.11,547000.0
VALE3,M15,29/01/2026,87.21,87.4,86.68,86.7,88415012.41,1016100.0
VALE3,M15,29/01/2026,86.82,87.25,86.47,87.23,92259875.28,1062900.0
VALE3,M15,29/01/2026,86.88,87.18,86.6,86.84,117219972.75,1348900.0
VALE3,M15,29/01/2026,87.77,87.96,86.61,86.88,189175612.57,2164400.0
VALE3,M15,29/01/2026,88.59,88.93,87.72,87.73,319117258.7,3605400.0
VALE3,M15,29/01/2026,88.84,88.86,88.23,88.56,303490384.1,3427400.0
VALE3,M15,29/01/2026,88.93,89.08,88.59,88.82,274711856.6,3093200.0
VALE3,M15,29/01/2026,88.17,89.04,87.9,88.96,194817407.64,2199100.0
VALE3,M15,29/01/2026,88.26,88.32,87.9,88.18,113412222.95,1285600.0
VALE3,M15,29/01/2026,88.34,88.38,88.24,88.25,37639491.86,426200.0
VALE3,M15,29/01/2026,88.26,88.44,88.24,88.35,74237404.94,840200.0
VALE3,M15,29/01/2026,88.23,88.43,88.11,88.27,104943974.74,1188500.0
VALE3,M15,29/01/2026,88.21,88.46,88.1,88.23,126097813.46,1428500.0
VALE3,M15,29/01/2026,87.59,88.23,87.39,88.21,199228152.78,2270200.0
VALE3,M15,28/01/2026,86.46,86.64,86.42,86.57,233870411.24,2702100.0
VALE3,M15,28/01/2026,86.18,86.59,86.17,86.47,57351148.43,663600.0
VALE3,M15,28/01/2026,86.23,86.4,86.17,86.19,51296244.24,594600.0
VALE3,M15,28/01/2026,85.85,86.37,85.81,86.22,57253111.23,664100.0
VALE3,M15,28/01/2026,86.19,86.65,85.83,85.87,114350812.59,1324800.0
VALE3,M15,28/01/2026,85.94,86.3,85.54,86.19,103110283.82,1200200.0
VALE3,M15,28/01/2026,86.17,86.41,85.9,85.9,64038651.02,742900.0
VALE3,M15,28/01/2026,86.03,86.32,85.65,86.17,69234984.71,805400.0
VALE3,M15,28/01/2026,86.18,86.22,85.82,86.03,62651094.34,728600.0
VALE3,M15,28/01/2026,86.42,86.44,86.17,86.19,25009330.07,289800.0
VALE3,M15,28/01/2026,86.33,86.43,86.21,86.43,52016662.45,602900.0
VALE3,M15,28/01/2026,86.26,86.49,86.25,86.34,38602243.91,446900.0
VALE3,M15,28/01/2026,86.12,86.46,86.04,86.25,57912706.85,671300.0
VALE3,M15,28/01/2026,86.13,86.19,86.01,86.12,34246294.45,397700.0
VALE3,M15,28/01/2026,86.39,86.43,86.03,86.14,89921884.14,1043100.0
VALE3,M15,28/01/2026,86.4,86.49,86.36,86.4,22426537.59,259500.0
VALE3,M15,28/01/2026,86.35,86.49,86.3,86.4,48448974.09,560900.0
VALE3,M15,28/01/2026,86.22,86.42,86.1,86.34,33651815.43,389900.0
VALE3,M15,28/01/2026,86.05,86.25,86.05,86.22,22918496.31,266000.0
VALE3,M15,28/01/2026,85.77,86.29,85.77,86.08,35021510.34,406900.0
VALE3,M15,28/01/2026,85.9,86.1,85.71,85.8,57514656.56,669400.0
VALE3,M15,28/01/2026,85.68,86.15,85.63,85.91,116368790.83,1356400.0
VALE3,M15,28/01/2026,86.53,86.59,85.48,85.68,142405564.53,1654900.0
VALE3,M15,28/01/2026,86.54,86.82,86.08,86.54,121421958.6,1403600.0
VALE3,M15,28/01/2026,86.41,87.08,86.38,86.55,252324715.44,2909300.0
VALE3,M15,28/01/2026,85.36,86.54,85.23,86.42,186242154.02,2164200.0
VALE3,M15,28/01/2026,85.25,85.5,85.18,85.35,46594868.29,545700.0
VALE3,M15,28/01/2026,85.29,85.32,85.19,85.22,29269294.77,343300.0
VALE3,M15,28/01/2026,85.26,85.42,85.17,85.3,41764491.43,489700.0
VALE3,M15,28/01/2026,84.94,85.41,84.89,85.29,58857802.18,690700.0
VALE3,M15,28/01/2026,84.8,85.03,84.63,84.93,63691664.8,751100.0
VALE3,M15,28/01/2026,84.89,84.94,84.61,84.76,61656680.81,727200.0
VALE3,M15,27/01/2026,84.87,84.89,84.51,84.51,294658090.16,3483900.0
VALE3,M15,27/01/2026,84.93,85.03,84.71,84.87,62031384.87,730400.0
VALE3,M15,27/01/2026,84.9,85.02,84.81,84.94,50472030.66,594300.0
VALE3,M15,27/01/2026,84.56,84.96,84.55,84.91,78477829.69,925800.0
VALE3,M15,27/01/2026,84.36,84.6,84.35,84.56,34509943.98,408400.0
VALE3,M15,27/01/2026,84.37,84.46,84.31,84.37,41148613.11,487600.0
VALE3,M15,27/01/2026,84.12,84.38,84.07,84.38,52943226.13,628600.0
VALE3,M15,27/01/2026,84.09,84.21,84.06,84.11,38822653.91,461500.0
VALE3,M15,27/01/2026,84.32,84.38,84.05,84.09,43743757.04,519400.0
VALE3,M15,27/01/2026,84.5,84.55,84.25,84.31,53953043.89,639200.0
VALE3,M15,27/01/2026,84.4,84.61,84.31,84.54,76061819.09,900400.0
VALE3,M15,27/01/2026,84.49,84.64,84.24,84.46,88808732.87,1051900.0
VALE3,M15,27/01/2026,84.82,84.99,84.38,84.48,113719404.64,1343500.0
VALE3,M15,27/01/2026,85.14,85.15,84.81,84.81,76443626.06,899100.0
VALE3,M15,27/01/2026,85.04,85.22,84.95,85.14,115377425.09,1356600.0
VALE3,M15,27/01/2026,85.25,85.26,84.97,85.05,62406105.86,733200.0
VALE3,M15,27/01/2026,85.54,85.59,85.21,85.24,99062000.78,1159700.0
VALE3,M15,27/01/2026,85.62,85.73,85.47,85.53,161007955.72,1880800.0
VALE3,M15,27/01/2026,84.99,85.65,84.96,85.61,185251579.6,2170700.0
VALE3,M15,27/01/2026,85.13,85.15,84.97,84.98,33694965.37,396200.0
VALE3,M15,27/01/2026,85.02,85.2,85.0,85.12,41222067.85,484400.0
VALE3,M15,27/01/2026,84.76,85.05,84.71,85.02,84183675.32,991800.0
VALE3,M15,27/01/2026,84.75,84.94,84.63,84.77,130846310.85,1543700.0
VALE3,M15,27/01/2026,84.61,85.03,84.59,84.76,42782154.63,504400.0
VALE3,M15,27/01/2026,84.84,84.95,84.48,84.61,55580344.48,656000.0
VALE3,M15,27/01/2026,84.17,84.92,83.97,84.84,151461830.87,1794700.0
VALE3,M15,27/01/2026,84.3,84.34,83.98,84.16,65713393.56,780400.0
VALE3,M15,27/01/2026,84.11,84.34,84.1,84.29,42298687.34,502300.0
VALE3,M15,27/01/2026,83.93,84.27,83.91,84.14,46372879.65,551200.0
VALE3,M15,27/01/2026,83.54,83.99,83.52,83.92,48688062.06,580900.0
VALE3,M15,27/01/2026,83.6,83.6,83.38,83.55,48775605.16,584200.0
VALE3,M15,27/01/2026,83.2,83.87,82.96,83.57,98239279.25,1177300.0
VALE3,M15,26/01/2026,82.66,82.77,82.49,82.68,340497848.88,4118600.0
VALE3,M15,26/01/2026,82.42,82.7,82.35,82.68,100775383.28,1221000.0
VALE3,M15,26/01/2026,82.35,82.5,82.15,82.42,80827689.53,981300.0
VALE3,M15,26/01/2026,82.25,82.58,82.12,82.35,66710282.56,809800.0
VALE3,M15,26/01/2026,82.38,82.48,82.04,82.24,91687548.03,1114800.0
VALE3,M15,26/01/2026,82.6,82.63,82.23,82.38,86235746.69,1046000.0
VALE3,M15,26/01/2026,82.42,82.62,82.06,82.62,162317156.5,1971000.0
VALE3,M15,26/01/2026,83.19,83.19,81.8,82.42,230305303.85,2795000.0
VALE3,M15,26/01/2026,83.36,83.47,83.11,83.19,54862249.45,658500.0
VALE3,M15,26/01/2026,83.51,83.61,83.34,83.35,45040692.97,539500.0
VALE3,M15,26/01/2026,83.34,83.61,83.32,83.51,45651022.14,546900.0
VALE3,M15,26/01/2026,83.48,83.49,83.2,83.34,87739979.72,1053200.0
VALE3,M15,26/01/2026,83.75,83.78,83.33,83.49,51480505.68,616500.0
VALE3,M15,26/01/2026,83.37,83.83,83.34,83.76,96872669.97,1157500.0
VALE3,M15,26/01/2026,83.57,83.67,82.99,83.37,84896124.66,1019500.0
VALE3,M15,26/01/2026,83.57,83.69,83.4,83.58,59311483.25,710100.0
VALE3,M15,26/01/2026,83.43,83.87,83.41,83.57,48893243.02,584600.0
VALE3,M15,26/01/2026,83.6,83.65,83.34,83.44,57774677.0,691900.0
VALE3,M15,26/01/2026,84.13,84.21,83.45,83.61,55857704.13,666300.0
VALE3,M15,26/01/2026,84.24,84.37,84.07,84.13,20987667.0,249300.0
VALE3,M15,26/01/2026,84.1,84.55,84.02,84.24,55255740.97,655000.0
VALE3,M15,26/01/2026,84.62,84.63,83.9,84.08,123156980.27,1462300.0
VALE3,M15,26/01/2026,85.0,85.05,84.52,84.6,45451660.07,536300.0
VALE3,M15,26/01/2026,85.0,85.18,84.73,85.0,41495467.94,488200.0
VALE3,M15,26/01/2026,84.82,85.08,84.5,85.0,190757268.85,2250100.0
VALE3,M15,26/01/2026,85.36,85.74,84.7,84.81,160206375.68,1877600.0
VALE3,M15,26/01/2026,85.12,85.52,85.05,85.38,72300444.21,847900.0
VALE3,M15,26/01/2026,85.15,85.29,84.96,85.13,33937559.0,398600.0
VALE3,M15,26/01/2026,85.55,85.69,84.89,85.15,95670918.53,1121700.0
VALE3,M15,26/01/2026,85.06,85.73,84.9,85.51,89855730.39,1051700.0
VALE3,M15,26/01/2026,85.01,85.4,84.89,85.06,88805782.62,1043400.0
VALE3,M15,26/01/2026,85.16,85.49,84.21,85.0,123654732.99,1457200.0
VALE3,M15,23/01/2026,84.99,85.49,84.63,84.95,6878138.33,80700.0
VALE3,M15,23/01/2026,85.24,85.25,84.63,84.63,246668850.93,2909300.0
VALE3,M15,23/01/2026,85.12,85.34,84.71,85.25,128843929.94,1515600.0
VALE3,M15,23/01/2026,84.51,85.16,84.5,85.14,203959909.17,2406700.0
VALE3,M15,23/01/2026,84.36,84.53,84.3,84.53,113482126.24,1344500.0
VALE3,M15,23/01/2026,84.4,84.41,84.3,84.36,49310884.02,584500.0
VALE3,M15,23/01/2026,84.33,84.41,84.31,84.4,63079153.8,747800.0
VALE3,M15,23/01/2026,84.38,84.49,84.32,84.33,57318742.42,679100.0
VALE3,M15,23/01/2026,84.34,84.4,84.21,84.39,61749269.39,732300.0
VALE3,M15,23/01/2026,84.33,84.36,84.26,84.34,45376943.21,538200.0
VALE3,M15,23/01/2026,84.08,84.38,84.08,84.32,98100534.73,1164400.0
VALE3,M15,23/01/2026,83.83,84.1,83.82,84.08,90406441.35,1077000.0
VALE3,M15,23/01/2026,83.71,83.9,83.7,83.82,43430331.45,518200.0
VALE3,M15,23/01/2026,83.82,83.85,83.66,83.71,32784930.67,391600.0
VALE3,M15,23/01/2026,83.82,83.9,83.72,83.84,35416208.24,422500.0
VALE3,M15,23/01/2026,83.88,83.92,83.78,83.82,39735559.23,473900.0
VALE3,M15,23/01/2026,83.9,83.91,83.84,83.87,12245639.46,146000.0
VALE3,M15,23/01/2026,83.87,83.9,83.79,83.9,15544026.64,185400.0
VALE3,M15,23/01/2026,83.77,83.91,83.74,83.87,116294060.04,1387200.0
VALE3,M15,23/01/2026,83.94,83.94,83.7,83.76,30175526.19,360000.0
VALE3,M15,23/01/2026,83.89,84.06,83.89,83.93,31907575.71,380000.0
VALE3,M15,23/01/2026,83.86,83.93,83.69,83.89,43850883.89,523300.0
VALE3,M15,23/01/2026,83.9,84.07,83.8,83.85,41879796.16,498900.0
VALE3,M15,23/01/2026,83.77,83.95,83.65,83.89,48650135.78,580500.0
VALE3,M15,23/01/2026,83.78,83.84,83.71,83.78,33191105.11,396200.0
VALE3,M15,23/01/2026,83.55,83.81,83.49,83.79,43667962.21,522100.0
VALE3,M15,23/01/2026,83.65,83.76,83.3,83.57,95460771.71,1143100.0
VALE3,M15,23/01/2026,83.66,83.69,83.42,83.69,65430324.52,783200.0
VALE3,M15,23/01/2026,83.57,83.75,83.53,83.68,58948197.98,705000.0
VALE3,M15,23/01/2026,83.39,83.68,83.34,83.55,28868550.04,345600.0
VALE3,M15,23/01/2026,83.78,83.81,83.34,83.39,62188539.61,744100.0
VALE3,M15,23/01/2026,83.76,83.84,83.61,83.76,34489560.95,411900.0
VALE3,M15,23/01/2026,83.36,83.76,83.33,83.75,61309854.84,733800.0
VALE3,M15,22/01/2026,82.75,83.01,82.6,82.6,331030129.7,4004500.0
VALE3,M15,22/01/2026,82.66,82.91,82.63,82.77,174300947.05,2107100.0
VALE3,M15,22/01/2026,82.63,82.84,82.57,82.69,125955436.87,1523600.0
VALE3,M15,22/01/2026,82.88,82.88,82.48,82.63,184421618.8,2230300.0
VALE3,M15,22/01/2026,83.17,83.4,82.81,82.88,468775763.17,5639500.0
VALE3,M15,22/01/2026,83.21,83.33,83.08,83.18,169409475.85,2036400.0
VALE3,M15,22/01/2026,83.69,83.69,83.06,83.21,589627802.31,7059700.0
VALE3,M15,22/01/2026,83.76,83.8,83.69,83.69,91776723.52,1095900.0
VALE3,M15,22/01/2026,83.67,83.81,83.57,83.77,302350747.24,3613000.0
VALE3,M15,22/01/2026,83.86,83.86,83.64,83.67,118687229.07,1417100.0
VALE3,M15,22/01/2026,83.91,83.92,83.69,83.85,73088459.45,872100.0
VALE3,M15,22/01/2026,83.76,84.01,83.69,83.92,165644791.39,1976900.0
VALE3,M15,22/01/2026,83.77,83.84,83.66,83.76,63153301.31,754000.0
VALE3,M15,22/01/2026,83.8,83.96,83.68,83.77,78167404.12,932900.0
VALE3,M15,22/01/2026,83.64,83.81,83.61,83.8,77924023.15,931500.0
VALE3,M15,22/01/2026,83.65,83.74,83.43,83.62,312613947.87,3738300.0
VALE3,M15,22/01/2026,83.71,83.88,83.62,83.65,92512909.27,1104800.0
VALE3,M15,22/01/2026,83.82,83.86,83.56,83.69,64458619.18,770000.0
VALE3,M15,22/01/2026,83.66,83.98,83.63,83.81,79017683.25,942900.0
VALE3,M15,22/01/2026,83.66,83.71,83.56,83.64,145670395.06,1741800.0
VALE3,M15,22/01/2026,83.75,83.81,83.57,83.67,92217282.74,1101900.0
VALE3,M15,22/01/2026,83.73,83.86,83.55,83.74,204735581.92,2446100.0
VALE3,M15,22/01/2026,82.99,83.83,82.99,83.74,269682869.15,3230800.0
VALE3,M15,22/01/2026,83.44,83.54,82.86,82.99,131865399.41,1585100.0
VALE3,M15,22/01/2026,82.8,83.55,82.77,83.48,149997142.58,1804500.0
VALE3,M15,22/01/2026,82.91,83.19,82.66,82.8,209221566.49,2522700.0
VALE3,M15,22/01/2026,82.27,82.99,82.26,82.91,132187722.54,1598800.0
VALE3,M15,22/01/2026,82.09,82.35,81.92,82.27,86377559.91,1051200.0
VALE3,M15,22/01/2026,81.91,82.19,81.82,82.1,48180849.42,587700.0
VALE3,M15,22/01/2026,81.79,82.01,81.7,81.91,41587853.47,508100.0
VALE3,M15,22/01/2026,81.97,82.15,81.77,81.79,52285668.02,637400.0
VALE3,M15,22/01/2026,82.12,82.52,81.92,81.97,77922686.38,948700.0
VALE3,M15,21/01/2026,82.37,82.42,82.12,82.12,371715002.61,4522400.0
VALE3,M15,21/01/2026,82.19,82.42,82.18,82.38,132809046.49,1613700.0
VALE3,M15,21/01/2026,82.14,82.27,82.03,82.19,124861997.75,1520000.0
VALE3,M15,21/01/2026,81.86,82.22,81.8,82.14,183038395.92,2232000.0
VALE3,M15,21/01/2026,81.57,81.98,81.54,81.89,252880357.43,3094700.0
VALE3,M15,21/01/2026,81.61,81.67,81.48,81.57,348364424.59,4269900.0
VALE3,M15,21/01/2026,81.63,81.69,81.26,81.61,279376693.8,3428100.0
VALE3,M15,21/01/2026,81.65,81.77,81.47,81.64,226351808.16,2773000.0
VALE3,M15,21/01/2026,81.53,81.68,81.35,81.64,246828579.68,3027300.0
VALE3,M15,21/01/2026,81.48,81.57,81.36,81.52,185955996.37,2282700.0
VALE3,M15,21/01/2026,81.48,81.62,81.39,81.49,81531081.07,1000600.0
VALE3,M15,21/01/2026,81.49,81.59,81.18,81.48,199051722.85,2444900.0
VALE3,M15,21/01/2026,81.45,81.56,81.43,81.52,66284359.15,813500.0
VALE3,M15,21/01/2026,81.47,81.56,81.25,81.44,205120002.71,2520100.0
VALE3,M15,21/01/2026,81.7,81.77,81.36,81.47,98816948.61,1211100.0
VALE3,M15,21/01/2026,81.85,81.9,81.58,81.71,491080982.04,6009400.0
VALE3,M15,21/01/2026,81.6,81.92,81.6,81.85,225405889.66,2755000.0
VALE3,M15,21/01/2026,81.85,81.96,81.41,81.62,160701334.42,1967000.0
VALE3,M15,21/01/2026,82.05,82.08,81.65,81.86,183073579.98,2238200.0
VALE3,M15,21/01/2026,82.02,82.18,81.9,82.04,113235288.38,1380300.0
VALE3,M15,21/01/2026,81.7,82.11,81.66,82.01,145790926.44,1781900.0
VALE3,M15,21/01/2026,81.54,81.71,81.29,81.7,363494133.74,4457600.0
VALE3,M15,21/01/2026,82.09,82.22,81.42,81.57,410932443.02,5023000.0
VALE3,M15,21/01/2026,81.76,82.1,81.72,82.07,253878960.44,3101800.0
VALE3,M15,21/01/2026,81.61,81.91,81.45,81.79,199451271.16,2442200.0
VALE3,M15,21/01/2026,80.79,81.86,80.78,81.62,285467313.56,3505200.0
VALE3,M15,21/01/2026,80.95,80.98,80.46,80.82,268451715.71,3322700.0
VALE3,M15,21/01/2026,80.87,80.97,80.79,80.94,96708214.25,1195400.0
VALE3,M15,21/01/2026,80.95,81.03,80.69,80.89,94604886.7,1169500.0
VALE3,M15,21/01/2026,80.84,81.07,80.65,80.96,141707006.46,1752400.0
VALE3,M15,21/01/2026,80.63,80.88,80.48,80.84,147124980.42,1822900.0
VALE3,M15,21/01/2026,80.61,80.98,80.13,80.59,197924019.39,2456000.0
VALE3,M15,20/01/2026,79.7,79.84,79.7,79.71,214323390.55,2688200.0
VALE3,M15,20/01/2026,79.7,79.73,79.63,79.71,155228898.23,1948100.0
VALE3,M15,20/01/2026,79.64,79.77,79.59,79.71,60815648.59,763400.0
VALE3,M15,20/01/2026,79.51,79.7,79.43,79.63,121685836.06,1528800.0
VALE3,M15,20/01/2026,79.45,79.56,79.42,79.52,42393353.25,533300.0
VALE3,M15,20/01/2026,79.48,79.49,79.18,79.44,142453096.05,1795600.0
VALE3,M15,20/01/2026,79.42,79.49,79.33,79.48,32017839.93,403300.0
VALE3,M15,20/01/2026,79.26,79.47,79.25,79.41,69000994.99,869600.0
VALE3,M15,20/01/2026,79.2,79.27,79.11,79.27,123608622.84,1560400.0
VALE3,M15,20/01/2026,79.22,79.26,79.15,79.21,83512373.25,1054500.0
VALE3,M15,20/01/2026,79.3,79.33,79.2,79.22,22807205.87,287700.0
VALE3,M15,20/01/2026,79.23,79.36,79.19,79.31,32213175.77,406300.0
VALE3,M15,20/01/2026,79.32,79.32,79.06,79.23,41292219.98,521600.0
VALE3,M15,20/01/2026,79.29,79.4,79.12,79.32,35153262.44,443400.0
VALE3,M15,20/01/2026,79.18,79.38,79.07,79.29,120860060.76,1526300.0
VALE3,M15,20/01/2026,79.12,79.19,79.08,79.18,95781367.89,1210200.0
VALE3,M15,20/01/2026,79.16,79.21,79.06,79.12,80521197.62,1017500.0
VALE3,M15,20/01/2026,79.04,79.24,78.99,79.14,130686046.6,1651700.0
VALE3,M15,20/01/2026,78.92,79.06,78.9,79.03,58847173.7,745200.0
VALE3,M15,20/01/2026,78.79,78.97,78.78,78.9,68540291.63,868800.0
VALE3,M15,20/01/2026,78.6,78.84,78.55,78.78,158981420.36,2021100.0
VALE3,M15,20/01/2026,78.33,78.63,78.31,78.6,38221958.85,486900.0
VALE3,M15,20/01/2026,78.08,78.4,77.9,78.33,42334577.11,541900.0
VALE3,M15,20/01/2026,77.82,78.12,77.79,78.09,33354972.57,427800.0
VALE3,M15,20/01/2026,77.79,77.84,77.41,77.79,55703587.24,717600.0
VALE3,M15,20/01/2026,77.21,78.0,77.05,77.79,169011996.9,2177500.0
VALE3,M15,20/01/2026,77.54,77.74,77.21,77.21,58583103.14,756000.0
VALE3,M15,20/01/2026,77.66,77.71,77.54,77.54,15494567.09,199600.0
VALE3,M15,20/01/2026,77.7,77.75,77.64,77.66,19559276.59,251800.0
VALE3,M15,20/01/2026,77.67,77.78,77.5,77.7,58771247.48,757100.0
VALE3,M15,20/01/2026,77.76,77.81,77.57,77.67,42221811.54,543200.0
VALE3,M15,20/01/2026,77.47,77.79,77.21,77.78,38287682.61,494100.0
VALE3,M15,19/01/2026,78.12,78.22,78.1,78.21,71835905.73,918600.0
VALE3,M15,19/01/2026,78.06,78.22,78.06,78.12,16975024.9,217200.0
VALE3,M15,19/01/2026,78.04,78.08,78.01,78.07,6508019.89,83400.0
VALE3,M15,19/01/2026,78.03,78.1,78.02,78.04,54527604.72,698700.0
VALE3,M15,19/01/2026,78.02,78.04,77.97,78.03,51285924.33,657400.0
VALE3,M15,19/01/2026,78.08,78.1,78.01,78.02,7578314.86,97100.0
VALE3,M15,19/01/2026,78.03,78.09,78.0,78.07,5821619.18,74600.0
VALE3,M15,19/01/2026,78.07,78.08,77.99,78.03,7444020.6,95400.0
VALE3,M15,19/01/2026,78.04,78.12,78.04,78.06,5042802.07,64600.0
VALE3,M15,19/01/2026,78.01,78.09,78.01,78.05,8343792.12,106900.0
VALE3,M15,19/01/2026,78.02,78.06,77.99,78.01,6943573.43,89000.0
VALE3,M15,19/01/2026,78.04,78.07,78.0,78.01,5469521.77,70100.0
VALE3,M15,19/01/2026,78.06,78.08,77.99,78.04,6937919.78,88900.0
VALE3,M15,19/01/2026,78.1,78.11,77.94,78.08,22684892.78,290800.0
VALE3,M15,19/01/2026,78.14,78.22,78.07,78.1,163747500.81,2096700.0
VALE3,M15,19/01/2026,78.14,78.22,78.12,78.15,10042555.73,128500.0
VALE3,M15,19/01/2026,78.22,78.24,78.11,78.13,8927144.98,114200.0
VALE3,M15,19/01/2026,78.22,78.28,78.18,78.22,11516156.49,147200.0
VALE3,M15,19/01/2026,78.05,78.22,78.01,78.22,16009790.41,205000.0
VALE3,M15,19/01/2026,77.95,78.07,77.95,78.07,42248900.32,541400.0
VALE3,M15,19/01/2026,77.93,78.01,77.91,77.94,13728887.27,176100.0
VALE3,M15,19/01/2026,77.84,77.93,77.83,77.93,5225059.84,67100.0
VALE3,M15,19/01/2026,77.84,77.85,77.69,77.84,11966952.01,153900.0
VALE3,M15,19/01/2026,77.95,78.01,77.82,77.84,21304448.96,273400.0
VALE3,M15,19/01/2026,77.9,77.97,77.88,77.95,21465727.48,275400.0
VALE3,M15,19/01/2026,77.78,78.03,77.77,77.9,23244189.74,298300.0
VALE3,M15,19/01/2026,77.66,77.83,77.64,77.79,41322418.27,531500.0
VALE3,M15,19/01/2026,77.76,77.83,77.64,77.67,10687236.84,137500.0
VALE3,M15,19/01/2026,77.81,77.92,77.71,77.77,20931894.87,269000.0
VALE3,M15,19/01/2026,77.53,77.84,77.53,77.8,26377834.53,339500.0
VALE3,M15,19/01/2026,78.1,78.1,77.51,77.52,46242054.23,594800.0
VALE3,M15,19/01/2026,78.16,78.29,77.85,78.11,60640544.49,776300.0
VALE3,M15,16/01/2026,78.48,79.13,78.33,79.0,17166592.29,218500.0
VALE3,M15,16/01/2026,77.92,78.51,77.9,78.51,1366418112.25,17411100.0
VALE3,M15,16/01/2026,77.95,78.09,77.89,77.92,131726822.11,1689800.0
VALE3,M15,16/01/2026,77.99,78.02,77.95,77.95,82601253.61,1059100.0
VALE3,M15,16/01/2026,78.05,78.18,77.95,77.99,103398125.62,1324400.0
VALE3,M15,16/01/2026,77.95,78.1,77.9,78.04,56295376.79,721900.0
VALE3,M15,16/01/2026,77.72,77.99,77.72,77.94,59831885.44,768100.0
VALE3,M15,16/01/2026,77.58,77.73,77.51,77.73,27762027.88,357600.0
VALE3,M15,16/01/2026,77.7,77.7,77.56,77.6,37503973.3,483100.0
VALE3,M15,16/01/2026,77.68,77.76,77.65,77.7,33243433.28,427800.0
VALE3,M15,16/01/2026,77.36,77.71,77.34,77.69,50993917.93,657400.0
VALE3,M15,16/01/2026,77.33,77.5,77.25,77.36,86894826.71,1123500.0
VALE3,M15,16/01/2026,77.39,77.4,77.21,77.33,99349997.86,1284800.0
VALE3,M15,16/01/2026,77.45,77.47,77.29,77.39,515840640.46,6669200.0
VALE3,M15,16/01/2026,77.43,77.48,77.38,77.45,35230847.93,455000.0
VALE3,M15,16/01/2026,77.52,77.56,77.36,77.43,26109796.45,337100.0
VALE3,M15,16/01/2026,77.61,77.64,77.44,77.53,34228437.66,441600.0
VALE3,M15,16/01/2026,77.67,77.71,77.59,77.63,25232416.6,325000.0
VALE3,M15,16/01/2026,77.61,77.8,77.57,77.65,47080101.35,606000.0
VALE3,M15,16/01/2026,77.52,77.61,77.44,77.6,46506587.64,599900.0
VALE3,M15,16/01/2026,77.57,77.58,77.44,77.51,45095440.87,581800.0
VALE3,M15,16/01/2026,77.48,77.63,77.46,77.59,35156348.06,453400.0
VALE3,M15,16/01/2026,77.71,77.76,77.37,77.47,120794340.98,1557700.0
VALE3,M15,16/01/2026,78.0,78.02,77.46,77.71,72718705.32,935600.0
VALE3,M15,16/01/2026,77.82,78.07,77.78,77.98,28175238.53,361500.0
VALE3,M15,16/01/2026,78.01,78.14,77.79,77.79,41902156.97,537600.0
VALE3,M15,16/01/2026,77.9,78.14,77.77,78.01,86634600.24,1111500.0
VALE3,M15,16/01/2026,77.99,78.01,77.86,77.94,42451370.91,544700.0
VALE3,M15,16/01/2026,77.81,78.05,77.8,77.99,32601602.89,418200.0
VALE3,M15,16/01/2026,77.95,77.97,77.72,77.81,39564687.41,508500.0
VALE3,M15,16/01/2026,77.86,78.05,77.86,77.96,45905272.47,588900.0
VALE3,M15,16/01/2026,77.98,78.12,77.79,77.88,70367478.86,902800.0
VALE3,M15,16/01/2026,78.03,78.22,77.92,77.99,34889090.35,447000.0
VALE3,M15,15/01/2026,78.26,78.48,78.22,78.48,239670000.06,3054700.0
VALE3,M15,15/01/2026,78.24,78.3,78.19,78.26,59747821.13,763600.0
VALE3,M15,15/01/2026,78.32,78.38,78.24,78.24,42143257.57,538200.0
VALE3,M15,15/01/2026,78.37,78.39,78.24,78.29,46363194.78,592000.0
VALE3,M15,15/01/2026,78.41,78.46,78.28,78.37,46832461.23,597500.0
VALE3,M15,15/01/2026,78.88,78.88,78.42,78.42,67127171.07,853600.0
VALE3,M15,15/01/2026,78.93,78.99,78.86,78.88,75308540.99,954100.0
VALE3,M15,15/01/2026,78.94,79.01,78.85,78.93,100101876.49,1268100.0
VALE3,M15,15/01/2026,78.89,78.99,78.87,78.93,44686207.7,566000.0
VALE3,M15,15/01/2026,78.79,78.93,78.76,78.89,62357190.78,790800.0
VALE3,M15,15/01/2026,78.64,78.8,78.54,78.79,71555765.04,909500.0
VALE3,M15,15/01/2026,78.63,78.8,78.6,78.63,49930978.69,634400.0
VALE3,M15,15/01/2026,78.49,78.64,78.38,78.63,35109326.16,447000.0
VALE3,M15,15/01/2026,78.61,78.66,78.48,78.48,19404494.79,246900.0
VALE3,M15,15/01/2026,78.55,78.63,78.45,78.61,426236198.2,5426200.0
VALE3,M15,15/01/2026,78.68,78.7,78.52,78.55,24054213.44,306000.0
VALE3,M15,15/01/2026,78.63,78.73,78.54,78.68,35105159.57,446400.0
VALE3,M15,15/01/2026,78.6,78.78,78.57,78.63,33012397.79,419600.0
VALE3,M15,15/01/2026,78.34,78.62,78.34,78.6,32007414.51,407700.0
VALE3,M15,15/01/2026,78.32,78.37,78.15,78.34,33022755.53,422000.0
VALE3,M15,15/01/2026,78.52,78.59,78.27,78.32,59115867.72,754100.0
VALE3,M15,15/01/2026,78.81,78.83,78.38,78.51,79004095.56,1005400.0
VALE3,M15,15/01/2026,79.13,79.17,78.73,78.81,94338207.29,1196000.0
VALE3,M15,15/01/2026,79.05,79.17,78.94,79.13,112214935.71,1418800.0
VALE3,M15,15/01/2026,79.08,79.27,78.83,79.04,163393533.13,2068500.0
VALE3,M15,15/01/2026,79.16,79.16,78.69,79.08,343437989.3,4356400.0
VALE3,M15,15/01/2026,78.88,79.2,78.79,79.16,141738333.49,1794000.0
VALE3,M15,15/01/2026,78.97,79.03,78.81,78.88,36794913.17,466300.0
VALE3,M15,15/01/2026,78.73,79.03,78.67,78.94,47827085.78,606300.0
VALE3,M15,15/01/2026,78.73,78.92,78.68,78.76,51734536.02,656700.0
VALE3,M15,15/01/2026,78.93,78.95,78.64,78.75,36329483.84,461000.0
VALE3,M15,15/01/2026,78.53,79.01,78.27,78.94,84617280.93,1076100.0
VALE3,M15,14/01/2026,78.57,78.72,78.44,78.55,310072791.38,3947200.0
VALE3,M15,14/01/2026,78.45,78.71,78.45,78.6,112487200.09,1430900.0
VALE3,M15,14/01/2026,78.38,78.48,78.3,78.46,92624926.32,1181300.0
VALE3,M15,14/01/2026,78.53,78.55,78.3,78.42,107076592.81,1365300.0
VALE3,M15,14/01/2026,78.58,78.58,78.41,78.56,86353999.69,1099800.0
VALE3,M15,14/01/2026,78.62,78.63,78.4,78.58,59692978.67,760100.0
VALE3,M15,14/01/2026,78.31,78.63,78.27,78.63,117493471.38,1496900.0
VALE3,M15,14/01/2026,78.06,78.35,78.02,78.31,144620369.65,1849900.0
VALE3,M15,14/01/2026,78.16,78.38,78.04,78.07,157557132.82,2015000.0
VALE3,M15,14/01/2026,78.26,78.33,78.02,78.16,168555358.61,2156800.0
VALE3,M15,14/01/2026,78.02,78.28,77.89,78.28,153030541.47,1961900.0
VALE3,M15,14/01/2026,77.46,78.09,77.44,78.02,161056700.59,2070900.0
VALE3,M15,14/01/2026,77.36,77.51,77.35,77.46,75183047.72,970900.0
VALE3,M15,14/01/2026,77.37,77.41,77.25,77.36,124369201.93,1607600.0
VALE3,M15,14/01/2026,77.27,77.4,77.23,77.37,166698002.95,2155900.0
VALE3,M15,14/01/2026,77.18,77.29,77.15,77.28,78220567.41,1013300.0
VALE3,M15,14/01/2026,77.15,77.21,77.09,77.18,138444247.28,1794500.0
VALE3,M15,14/01/2026,76.81,77.2,76.81,77.14,121695448.28,1579600.0
VALE3,M15,14/01/2026,76.78,76.86,76.69,76.81,72261697.75,941300.0
VALE3,M15,14/01/2026,76.76,76.99,76.69,76.79,110278468.67,1435300.0
VALE3,M15,14/01/2026,76.5,76.78,76.43,76.77,124079759.58,1620600.0
VALE3,M15,14/01/2026,76.42,76.68,76.36,76.5,75092049.73,981300.0
VALE3,M15,14/01/2026,76.27,76.54,76.23,76.43,141736154.64,1854900.0
VALE3,M15,14/01/2026,76.2,76.3,76.1,76.27,44143073.43,579000.0
VALE3,M15,14/01/2026,76.13,76.3,75.95,76.21,66213197.72,869800.0
VALE3,M15,14/01/2026,75.77,76.29,75.77,76.11,115600200.07,1519900.0
VALE3,M15,14/01/2026,75.56,75.86,75.52,75.76,41796214.61,552000.0
VALE3,M15,14/01/2026,75.48,75.6,75.32,75.55,45876438.82,607800.0
VALE3,M15,14/01/2026,75.48,75.58,75.42,75.5,27742066.89,367400.0
VALE3,M15,14/01/2026,75.4,75.48,75.35,75.47,73638467.69,976100.0
VALE3,M15,14/01/2026,75.32,75.53,75.32,75.4,51503074.52,682900.0
VALE3,M15,14/01/2026,75.49,75.63,75.29,75.32,58771282.32,779200.0
VALE3,M15,13/01/2026,75.17,75.19,75.0,75.0,167809516.86,2236900.0
VALE3,M15,13/01/2026,75.29,75.32,75.16,75.17,66464673.97,883400.0
VALE3,M15,13/01/2026,75.51,75.52,75.28,75.28,31609636.95,419400.0
VALE3,M15,13/01/2026,75.54,75.55,75.44,75.49,39409777.21,522000.0
VALE3,M15,13/01/2026,75.53,75.58,75.49,75.53,41074651.73,543800.0
VALE3,M15,13/01/2026,75.57,75.62,75.51,75.53,24507670.55,324300.0
VALE3,M15,13/01/2026,75.54,75.61,75.54,75.57,27340109.81,361700.0
VALE3,M15,13/01/2026,75.48,75.57,75.42,75.54,34020792.18,450700.0
VALE3,M15,13/01/2026,75.55,75.58,75.47,75.47,34702125.51,459400.0
VALE3,M15,13/01/2026,75.57,75.57,75.49,75.53,27718287.69,367000.0
VALE3,M15,13/01/2026,75.63,75.7,75.51,75.57,27714298.28,366500.0
VALE3,M15,13/01/2026,75.6,75.64,75.5,75.63,32702221.06,432800.0
VALE3,M15,13/01/2026,75.5,75.65,75.48,75.6,50560940.39,668800.0
VALE3,M15,13/01/2026,75.31,75.53,75.26,75.48,489021491.24,6491100.0
VALE3,M15,13/01/2026,75.24,75.34,75.23,75.3,49285262.41,654600.0
VALE3,M15,13/01/2026,75.15,75.24,75.12,75.23,15094541.01,200700.0
VALE3,M15,13/01/2026,75.11,75.21,75.03,75.14,29160213.04,388100.0
VALE3,M15,13/01/2026,75.24,75.24,75.07,75.1,21490156.65,285900.0
VALE3,M15,13/01/2026,75.12,75.25,75.06,75.23,34283240.3,456300.0
VALE3,M15,13/01/2026,74.98,75.14,74.89,75.1,27036378.04,360400.0
VALE3,M15,13/01/2026,74.93,75.07,74.87,74.98,45178946.78,602700.0
VALE3,M15,13/01/2026,74.96,75.14,74.9,74.94,82207798.91,1095600.0
VALE3,M15,13/01/2026,74.78,75.02,74.74,74.95,114143083.51,1523800.0
VALE3,M15,13/01/2026,74.47,74.87,74.23,74.78,81239244.88,1088900.0
VALE3,M15,13/01/2026,74.39,74.61,74.39,74.46,36544253.12,490600.0
VALE3,M15,13/01/2026,74.79,74.84,74.31,74.37,47300704.45,635100.0
VALE3,M15,13/01/2026,74.63,74.81,74.47,74.8,34001319.91,455600.0
VALE3,M15,13/01/2026,74.45,74.68,74.45,74.6,22070193.97,296000.0
VALE3,M15,13/01/2026,74.47,74.54,74.39,74.45,17370082.13,233300.0
VALE3,M15,13/01/2026,74.35,74.54,74.3,74.45,15675314.9,210600.0
VALE3,M15,13/01/2026,74.21,74.54,74.16,74.35,31516150.55,424000.0
VALE3,M15,13/01/2026,74.12,74.49,73.94,74.21,45250729.31,609200.0
VALE3,M15,12/01/2026,74.24,74.39,74.16,74.39,163894636.24,2204000.0
VALE3,M15,12/01/2026,74.33,74.38,74.18,74.27,56513634.82,760600.0
VALE3,M15,12/01/2026,74.63,74.69,74.3,74.32,38094170.28,511300.0
VALE3,M15,12/01/2026,74.55,74.65,74.51,74.62,31304866.03,419700.0
VALE3,M15,12/01/2026,74.5,74.55,74.47,74.55,18894986.84,253600.0
VALE3,M15,12/01/2026,74.51,74.57,74.48,74.51,30778518.55,412900.0
VALE3,M15,12/01/2026,74.63,74.63,74.46,74.5,24760602.02,332200.0
VALE3,M15,12/01/2026,74.77,74.77,74.57,74.63,20917977.72,280200.0
VALE3,M15,12/01/2026,74.66,74.8,74.66,74.75,16263223.54,217600.0
VALE3,M15,12/01/2026,74.72,74.78,74.66,74.67,11812628.08,158100.0
VALE3,M15,12/01/2026,74.76,74.77,74.66,74.73,15526441.57,207800.0
VALE3,M15,12/01/2026,74.71,74.77,74.68,74.77,10932236.26,146300.0
VALE3,M15,12/01/2026,74.73,74.78,74.68,74.72,23367182.65,312700.0
VALE3,M15,12/01/2026,74.84,74.85,74.72,74.72,10179519.55,136100.0
VALE3,M15,12/01/2026,74.91,74.91,74.78,74.85,20147687.88,269200.0
VALE3,M15,12/01/2026,74.8,74.93,74.77,74.91,29071056.46,388400.0
VALE3,M15,12/01/2026,74.64,74.89,74.62,74.8,40965103.18,547900.0
VALE3,M15,12/01/2026,74.69,74.76,74.61,74.65,23506048.61,314700.0
VALE3,M15,12/01/2026,74.75,74.79,74.67,74.69,23558155.82,315200.0
VALE3,M15,12/01/2026,74.84,74.89,74.75,74.75,13867320.25,185300.0
VALE3,M15,12/01/2026,74.93,74.95,74.8,74.83,21771451.96,290800.0
VALE3,M15,12/01/2026,74.92,75.04,74.9,74.91,9911711.4,132200.0
VALE3,M15,12/01/2026,74.89,75.0,74.83,74.91,15345587.26,204800.0
VALE3,M15,12/01/2026,74.94,75.05,74.78,74.88,25485874.61,340300.0
VALE3,M15,12/01/2026,74.9,74.98,74.84,74.93,27357341.52,365200.0
VALE3,M15,12/01/2026,74.87,75.12,74.84,74.9,69213690.93,922600.0
VALE3,M15,12/01/2026,74.66,74.87,74.64,74.87,47698547.7,638000.0
VALE3,M15,12/01/2026,74.71,74.75,74.46,74.65,24906413.61,333800.0
VALE3,M15,12/01/2026,74.75,74.85,74.7,74.71,24154553.9,323100.0
VALE3,M15,12/01/2026,74.82,74.93,74.7,74.77,29631610.56,396200.0
VALE3,M15,12/01/2026,74.74,74.85,74.62,74.81,16968042.44,227000.0
VALE3,M15,12/01/2026,74.65,74.96,74.58,74.74,43514458.46,582000.0
VALE3,M15,09/01/2026,74.45,74.45,74.44,74.44,14889.62,200.0
VALE3,M15,09/01/2026,74.51,74.55,74.37,74.37,197117310.25,2649800.0
VALE3,M15,09/01/2026,74.42,74.6,74.35,74.53,58711002.19,788400.0
VALE3,M15,09/01/2026,74.4,74.47,74.37,74.41,29157249.85,391800.0
VALE3,M15,09/01/2026,74.48,74.53,74.35,74.4,30588285.94,411000.0
VALE3,M15,09/01/2026,74.55,74.55,74.47,74.48,22295544.95,299200.0
VALE3,M15,09/01/2026,74.51,74.55,74.47,74.54,32462456.24,435500.0
VALE3,M15,09/01/2026,74.55,74.55,74.46,74.51,29213092.65,392100.0
VALE3,M15,09/01/2026,74.75,74.76,74.53,74.55,43713676.2,585800.0
VALE3,M15,09/01/2026,74.85,74.88,74.72,74.76,23777229.04,317900.0
VALE3,M15,09/01/2026,74.87,74.94,74.81,74.85,26214589.17,350200.0
VALE3,M15,09/01/2026,74.88,74.95,74.85,74.89,36289525.02,484500.0
VALE3,M15,09/01/2026,74.86,74.98,74.81,74.91,50231369.03,670700.0
VALE3,M15,09/01/2026,75.05,75.08,74.81,74.86,43527500.69,581000.0
VALE3,M15,09/01/2026,75.19,75.27,75.01,75.03,32351047.35,430500.0
VALE3,M15,09/01/2026,75.1,75.25,75.06,75.19,55174906.62,733900.0
VALE3,M15,09/01/2026,75.12,75.23,75.04,75.1,35990127.07,479100.0
VALE3,M15,09/01/2026,75.12,75.15,75.06,75.12,34407906.42,458100.0
VALE3,M15,09/01/2026,74.71,75.36,74.68,75.11,85382673.59,1137400.0
VALE3,M15,09/01/2026,74.87,74.91,74.66,74.68,20343160.08,272100.0
VALE3,M15,09/01/2026,74.65,74.89,74.64,74.86,50853302.13,680300.0
VALE3,M15,09/01/2026,74.7,74.74,74.6,74.65,19157906.77,256600.0
VALE3,M15,09/01/2026,74.82,74.87,74.7,74.71,25609938.54,342300.0
VALE3,M15,09/01/2026,74.75,74.82,74.65,74.81,55537382.67,742800.0
VALE3,M15,09/01/2026,74.83,74.89,74.67,74.75,68955016.23,922300.0
VALE3,M15,09/01/2026,74.53,74.84,74.49,74.83,129491609.08,1734000.0
VALE3,M15,09/01/2026,74.25,74.65,74.15,74.54,97249855.47,1307300.0
VALE3,M15,09/01/2026,74.11,74.4,74.1,74.24,68484597.14,922400.0
VALE3,M15,09/01/2026,74.34,74.34,74.08,74.08,43980319.78,592500.0
VALE3,M15,09/01/2026,74.17,74.55,74.14,74.33,181418973.62,2439000.0
VALE3,M15,09/01/2026,74.01,74.34,73.93,74.16,61508360.9,829500.0
VALE3,M15,09/01/2026,74.08,74.18,73.86,74.0,61307959.67,828900.0
VALE3,M15,09/01/2026,74.55,74.61,73.98,74.08,99214010.5,1334100.0
VALE3,M15,08/01/2026,75.09,75.25,75.08,75.23,202451888.79,2691600.0
VALE3,M15,08/01/2026,74.94,75.11,74.93,75.11,59425268.07,792200.0
VALE3,M15,08/01/2026,74.74,75.01,74.72,74.94,60427149.8,806900.0
VALE3,M15,08/01/2026,74.55,74.81,74.55,74.74,55657638.33,745100.0
VALE3,M15,08/01/2026,74.62,74.68,74.55,74.55,28379105.61,380400.0
VALE3,M15,08/01/2026,74.59,74.91,74.58,74.62,59291411.77,793800.0
VALE3,M15,08/01/2026,74.48,74.63,74.46,74.59,35165104.26,471600.0
VALE3,M15,08/01/2026,74.49,74.53,74.47,74.49,25016307.56,335800.0
VALE3,M15,08/01/2026,74.63,74.66,74.48,74.48,48382054.9,648600.0
VALE3,M15,08/01/2026,74.54,74.64,74.48,74.63,39103099.18,524300.0
VALE3,M15,08/01/2026,74.6,74.6,74.51,74.52,26295632.55,352700.0
VALE3,M15,08/01/2026,74.49,74.61,74.43,74.58,268030164.93,3598900.0
VALE3,M15,08/01/2026,74.51,74.54,74.45,74.51,23776995.13,319200.0
VALE3,M15,08/01/2026,74.51,74.57,74.46,74.5,26570971.61,356600.0
VALE3,M15,08/01/2026,74.53,74.56,74.41,74.51,45919753.99,616400.0
VALE3,M15,08/01/2026,74.52,74.59,74.45,74.53,39479309.23,529800.0
VALE3,M15,08/01/2026,74.62,74.64,74.45,74.51,35225903.96,472600.0
VALE3,M15,08/01/2026,74.66,74.75,74.6,74.62,50216091.21,672600.0
VALE3,M15,08/01/2026,74.58,74.68,74.47,74.66,38190695.52,512200.0
VALE3,M15,08/01/2026,74.66,74.67,74.45,74.58,36278371.99,486600.0
VALE3,M15,08/01/2026,74.8,74.8,74.55,74.65,101385455.65,1356600.0
VALE3,M15,08/01/2026,74.7,74.85,74.61,74.79,85995566.81,1149700.0
VALE3,M15,08/01/2026,74.68,74.77,74.64,74.74,46693946.64,625100.0
VALE3,M15,08/01/2026,73.95,74.7,73.89,74.69,80235349.53,1078600.0
VALE3,M15,08/01/2026,74.42,74.44,73.85,73.96,117623317.36,1587900.0
VALE3,M15,08/01/2026,74.82,74.85,74.4,74.42,112852995.67,1512000.0
VALE3,M15,08/01/2026,74.57,74.95,74.52,74.83,71779176.06,959900.0
VALE3,M15,08/01/2026,74.3,74.65,74.27,74.57,43042767.3,577700.0
VALE3,M15,08/01/2026,74.73,74.75,74.2,74.3,89835950.55,1207900.0
VALE3,M15,08/01/2026,74.7,74.88,74.61,74.73,63315512.48,847100.0
VALE3,M15,08/01/2026,74.89,74.92,74.48,74.68,84438326.77,1130800.0
VALE3,M15,08/01/2026,75.45,75.45,74.7,74.87,282632840.78,3753700.0
VALE3,M15,07/01/2026,76.13,76.19,75.97,75.97,180572545.55,2375800.0
VALE3,M15,07/01/2026,76.0,76.25,76.0,76.12,62177985.79,816600.0
VALE3,M15,07/01/2026,75.82,76.03,75.8,76.0,42797524.01,563900.0
VALE3,M15,07/01/2026,75.8,76.11,75.78,75.82,91784307.19,1209200.0
VALE3,M15,07/01/2026,75.86,75.87,75.74,75.77,47122296.74,621600.0
VALE3,M15,07/01/2026,75.87,75.91,75.81,75.86,52868904.43,696900.0
VALE3,M15,07/01/2026,76.08,76.08,75.72,75.86,65993180.89,869600.0
VALE3,M15,07/01/2026,76.12,76.15,75.9,76.07,98521340.99,1295800.0
VALE3,M15,07/01/2026,76.21,76.21,76.1,76.11,69821324.66,916900.0
VALE3,M15,07/01/2026,76.18,76.28,76.12,76.2,80344402.4,1054300.0
VALE3,M15,07/01/2026,76.09,76.19,75.98,76.18,94708365.54,1244800.0
VALE3,M15,07/01/2026,76.32,76.32,76.02,76.1,72025989.03,945600.0
VALE3,M15,07/01/2026,76.45,76.55,76.25,76.32,64332617.29,842100.0
VALE3,M15,07/01/2026,76.44,76.49,76.33,76.45,165618832.35,2166700.0
VALE3,M15,07/01/2026,76.51,76.55,76.29,76.44,172948764.54,2263000.0
VALE3,M15,07/01/2026,76.74,76.78,76.5,76.51,100267402.22,1307700.0
VALE3,M15,07/01/2026,76.76,76.85,76.71,76.74,181297503.61,2361100.0
VALE3,M15,07/01/2026,76.95,76.98,76.57,76.78,117808339.25,1534700.0
VALE3,M15,07/01/2026,76.76,76.95,76.69,76.91,160807828.21,2094300.0
VALE3,M15,07/01/2026,76.7,76.94,76.65,76.76,100128767.19,1304000.0
VALE3,M15,07/01/2026,76.51,76.76,76.43,76.7,164397887.34,2145100.0
VALE3,M15,07/01/2026,76.55,76.63,76.44,76.52,63308137.85,827000.0
VALE3,M15,07/01/2026,76.45,76.61,76.23,76.53,114835019.43,1502100.0
VALE3,M15,07/01/2026,75.8,76.55,75.79,76.44,224987909.24,2954000.0
VALE3,M15,07/01/2026,75.36,75.9,75.33,75.81,105048940.65,1388800.0
VALE3,M15,07/01/2026,75.64,75.66,75.27,75.36,98794174.72,1309800.0
VALE3,M15,07/01/2026,75.67,75.83,75.56,75.61,47622368.66,629300.0
VALE3,M15,07/01/2026,75.81,75.85,75.59,75.67,42681091.53,563800.0
VALE3,M15,07/01/2026,76.02,76.07,75.77,75.8,51966323.01,684400.0
VALE3,M15,07/01/2026,75.66,76.12,75.56,76.02,101465247.86,1337800.0
VALE3,M15,07/01/2026,75.81,75.95,75.62,75.62,50807474.66,670400.0
VALE3,M15,07/01/2026,75.75,75.9,75.4,75.81,76014572.24,1004500.0
VALE3,M15,06/01/2026,75.39,75.52,75.34,75.52,241426610.14,3197800.0
VALE3,M15,06/01/2026,75.26,75.41,75.2,75.4,41934665.5,557100.0
VALE3,M15,06/01/2026,75.23,75.43,75.15,75.26,120769759.52,1605000.0
VALE3,M15,06/01/2026,75.46,75.51,75.15,75.23,145262736.54,1928300.0
VALE3,M15,06/01/2026,75.44,75.5,75.4,75.45,57867571.16,767000.0
VALE3,M15,06/01/2026,75.53,75.57,75.36,75.42,149622268.31,1982600.0
VALE3,M15,06/01/2026,75.57,75.64,75.37,75.55,110573494.0,1464000.0
VALE3,M15,06/01/2026,75.33,75.63,75.31,75.57,119757174.66,1585700.0
VALE3,M15,06/01/2026,75.04,75.38,75.01,75.33,94162315.86,1251800.0
VALE3,M15,06/01/2026,75.16,75.22,75.0,75.0,37161835.49,494700.0
VALE3,M15,06/01/2026,75.32,75.34,75.07,75.17,82697611.63,1099500.0
VALE3,M15,06/01/2026,75.21,75.42,75.19,75.33,137958007.91,1832000.0
VALE3,M15,06/01/2026,75.09,75.26,75.08,75.23,114643056.88,1525100.0
VALE3,M15,06/01/2026,75.18,75.22,75.07,75.11,72181657.7,960700.0
VALE3,M15,06/01/2026,74.98,75.3,74.98,75.18,103408559.0,1376000.0
VALE3,M15,06/01/2026,74.9,75.04,74.9,74.98,63575288.06,847900.0
VALE3,M15,06/01/2026,74.88,74.95,74.76,74.9,85038931.25,1136000.0
VALE3,M15,06/01/2026,74.85,75.03,74.82,74.88,83384724.03,1113000.0
VALE3,M15,06/01/2026,74.78,74.89,74.73,74.84,58737210.07,785100.0
VALE3,M15,06/01/2026,74.69,74.87,74.65,74.78,75746662.56,1013000.0
VALE3,M15,06/01/2026,74.31,74.77,74.26,74.7,144756683.49,1942100.0
VALE3,M15,06/01/2026,73.89,74.37,73.71,74.31,191879800.41,2591100.0
VALE3,M15,06/01/2026,73.85,73.94,73.75,73.87,39557604.41,535700.0
VALE3,M15,06/01/2026,73.65,73.95,73.62,73.84,81867350.23,1109500.0
VALE3,M15,06/01/2026,73.43,73.69,73.39,73.65,89265035.73,1213100.0
VALE3,M15,06/01/2026,72.97,73.53,72.97,73.44,185280043.97,2527700.0
VALE3,M15,06/01/2026,72.92,72.99,72.81,72.95,62207660.52,853000.0
VALE3,M15,06/01/2026,72.57,72.96,72.54,72.92,61508979.02,845100.0
VALE3,M15,06/01/2026,72.72,72.75,72.56,72.56,23636940.72,325300.0
VALE3,M15,06/01/2026,72.71,72.78,72.68,72.75,22141300.65,304400.0
VALE3,M15,06/01/2026,73.06,73.07,72.71,72.73,27549319.99,378200.0
VALE3,M15,06/01/2026,73.11,73.16,73.0,73.05,28444132.62,389100.0
VALE3,M15,05/01/2026,72.91,72.95,72.78,72.78,174632557.91,2399000.0
VALE3,M15,05/01/2026,72.81,72.93,72.78,72.9,48914135.67,671300.0
VALE3,M15,05/01/2026,72.78,72.84,72.71,72.79,38463084.33,528500.0
VALE3,M15,05/01/2026,72.85,72.9,72.76,72.78,21242609.1,291700.0
VALE3,M15,05/01/2026,72.91,72.91,72.81,72.86,37278007.19,511600.0
VALE3,M15,05/01/2026,72.91,72.96,72.87,72.91,24790580.34,340000.0
VALE3,M15,05/01/2026,73.03,73.12,72.9,72.91,106945975.42,1464800.0
VALE3,M15,05/01/2026,72.81,73.05,72.8,73.02,61093930.94,837200.0
VALE3,M15,05/01/2026,72.85,72.91,72.8,72.8,44840595.33,615400.0
VALE3,M15,05/01/2026,73.02,73.03,72.79,72.85,58516804.06,802600.0
VALE3,M15,05/01/2026,73.0,73.07,72.96,73.02,36041017.94,493600.0
VALE3,M15,05/01/2026,73.01,73.1,72.96,73.02,80757671.77,1106000.0
VALE3,M15,05/01/2026,73.11,73.16,72.86,73.02,91393089.07,1251400.0
VALE3,M15,05/01/2026,72.94,73.15,72.93,73.1,53712947.62,734900.0
VALE3,M15,05/01/2026,72.83,73.01,72.8,72.94,84973145.78,1166000.0
VALE3,M15,05/01/2026,72.88,72.94,72.77,72.84,56767980.7,779200.0
VALE3,M15,05/01/2026,72.85,72.9,72.73,72.86,35827008.12,492000.0
VALE3,M15,05/01/2026,72.77,72.94,72.77,72.87,49501663.09,679400.0
VALE3,M15,05/01/2026,72.4,72.8,72.4,72.77,47339045.8,651800.0
VALE3,M15,05/01/2026,72.57,72.65,72.4,72.41,165170890.53,2275300.0
VALE3,M15,05/01/2026,72.46,72.6,72.38,72.57,19849446.54,273800.0
VALE3,M15,05/01/2026,72.68,72.7,72.36,72.46,41816635.46,576800.0
VALE3,M15,05/01/2026,72.66,72.76,72.62,72.7,34117379.13,469300.0
VALE3,M15,05/01/2026,72.49,72.75,72.47,72.64,35197727.25,484600.0
VALE3,M15,05/01/2026,72.61,72.71,72.46,72.48,31839734.81,438500.0
VALE3,M15,05/01/2026,72.54,72.74,72.33,72.61,101293541.92,1397800.0
VALE3,M15,05/01/2026,72.4,72.55,72.35,72.5,28586091.16,394600.0
VALE3,M15,05/01/2026,72.51,72.52,72.33,72.39,45935781.31,634300.0
VALE3,M15,05/01/2026,72.59,72.71,72.47,72.51,27053028.46,372700.0
VALE3,M15,05/01/2026,72.33,72.72,72.28,72.61,56198249.36,775400.0
VALE3,M15,05/01/2026,72.18,72.37,71.96,72.33,53517941.25,741700.0
VALE3,M15,05/01/2026,72.06,72.24,72.02,72.18,22137660.61,306900.0
VALE3,M15,02/01/2026,71.77,72.01,71.77,71.92,1444219.66,20100.0
VALE3,M15,02/01/2026,71.49,72.04,71.42,72.04,1059099134.48,14703800.0
VALE3,M15,02/01/2026,71.74,71.79,71.49,71.5,79352990.88,1108300.0
VALE3,M15,02/01/2026,71.63,71.76,71.59,71.73,25273046.29,352500.0
VALE3,M15,02/01/2026,71.64,71.67,71.62,71.63,17337940.9,242000.0
VALE3,M15,02/01/2026,71.55,71.66,71.52,71.65,27074377.98,378300.0
VALE3,M15,02/01/2026,71.49,71.61,71.47,71.55,15023628.43,210000.0
VALE3,M15,02/01/2026,71.6,71.6,71.44,71.49,9984188.69,139600.0
VALE3,M15,02/01/2026,71.48,71.61,71.48,71.61,84308096.58,1178400.0
VALE3,M15,02/01/2026,71.49,71.49,71.38,71.47,18485895.01,258800.0
VALE3,M15,02/01/2026,71.44,71.49,71.4,71.47,21738916.56,304300.0
VALE3,M15,02/01/2026,71.35,71.47,71.32,71.43,20578197.92,288200.0
VALE3,M15,02/01/2026,71.47,71.47,71.33,71.34,19184644.18,268700.0
VALE3,M15,02/01/2026,71.47,71.53,71.43,71.47,25040461.02,350300.0
VALE3,M15,02/01/2026,71.38,71.47,71.38,71.46,20029132.29,280500.0
VALE3,M15,02/01/2026,71.46,71.48,71.37,71.38,19093065.89,267400.0
VALE3,M15,02/01/2026,71.46,71.46,71.34,71.45,29537369.68,413700.0
VALE3,M15,02/01/2026,71.47,71.5,71.37,71.46,32435046.96,454100.0
VALE3,M15,02/01/2026,71.58,71.58,71.39,71.46,57895991.73,810300.0
VALE3,M15,02/01/2026,71.63,71.68,71.55,71.58,24066780.88,336100.0
VALE3,M15,02/01/2026,71.58,71.67,71.54,71.62,18933425.74,264400.0
VALE3,M15,02/01/2026,71.73,71.75,71.53,71.57,22353998.58,312000.0
VALE3,M15,02/01/2026,71.67,71.84,71.66,71.71,23277591.11,324300.0
VALE3,M15,02/01/2026,71.68,71.77,71.59,71.67,27900835.11,389300.0
VALE3,M15,02/01/2026,71.66,71.75,71.59,71.69,28466936.36,397200.0
VALE3,M15,02/01/2026,71.42,71.66,71.37,71.64,26960105.44,377000.0
VALE3,M15,02/01/2026,71.72,71.85,71.37,71.42,98012714.93,1368900.0
VALE3,M15,02/01/2026,71.86,71.91,71.7,71.72,29230600.07,407000.0
VALE3,M15,02/01/2026,71.76,71.87,71.69,71.87,30430102.99,423800.0
VALE3,M15,02/01/2026,72.07,72.12,71.69,71.74,28589645.6,397700.0
VALE3,M15,02/01/2026,72.04,72.13,71.96,72.07,28313564.99,393100.0
VALE3,M15,02/01/2026,72.0,72.11,71.95,72.04,28907783.24,401200.0
VALE3,M15,02/01/2026,71.99,72.21,71.81,71.98,43049341.67,597600.0
VALE3,M15,30/12/2025,71.77,71.82,71.59,71.63,216791648.7,3025800.0
VALE3,M15,30/12/2025,71.92,71.94,71.73,71.78,55833069.91,777500.0
VALE3,M15,30/12/2025,71.86,71.93,71.86,71.92,20498837.7,285100.0
VALE3,M15,30/12/2025,71.9,71.92,71.82,71.84,25863224.35,359900.0
VALE3,M15,30/12/2025,71.99,72.01,71.84,71.88,32480628.57,451600.0
VALE3,M15,30/12/2025,71.9,72.01,71.9,72.0,34589672.48,480700.0
VALE3,M15,30/12/2025,71.92,71.94,71.87,71.9,21975872.46,305600.0
VALE3,M15,30/12/2025,71.91,71.96,71.9,71.92,21944888.83,305100.0
VALE3,M15,30/12/2025,71.9,71.93,71.85,71.91,14811109.66,206000.0
VALE3,M15,30/12/2025,71.98,71.99,71.87,71.9,16637879.83,231300.0
VALE3,M15,30/12/2025,71.96,72.05,71.95,71.96,25115759.17,348800.0
VALE3,M15,30/12/2025,71.99,72.01,71.9,71.96,28827601.84,400600.0
VALE3,M15,30/12/2025,72.08,72.11,71.97,71.99,21355061.13,296400.0
VALE3,M15,30/12/2025,72.06,72.1,72.03,72.08,11287460.1,156600.0
VALE3,M15,30/12/2025,71.98,72.1,71.95,72.08,12804004.76,177700.0
VALE3,M15,30/12/2025,71.99,72.0,71.92,71.98,18061704.52,251000.0
VALE3,M15,30/12/2025,71.94,72.04,71.89,72.0,12803272.18,177900.0
VALE3,M15,30/12/2025,71.93,71.98,71.9,71.92,13827715.78,192200.0
VALE3,M15,30/12/2025,71.89,71.93,71.84,71.92,11976005.82,166600.0
VALE3,M15,30/12/2025,71.79,71.93,71.79,71.9,16847906.21,234400.0
VALE3,M15,30/12/2025,71.86,71.93,71.79,71.8,7581815.54,105500.0
VALE3,M15,30/12/2025,71.72,71.88,71.69,71.83,7192704.61,100200.0
VALE3,M15,30/12/2025,71.73,71.85,71.7,71.7,19209300.3,267600.0
VALE3,M15,30/12/2025,71.67,71.81,71.58,71.74,311912288.25,4354900.0
VALE3,M15,30/12/2025,71.88,71.89,71.63,71.67,32310146.93,450300.0
VALE3,M15,30/12/2025,72.33,72.43,71.8,71.88,47335153.94,656600.0
VALE3,M15,30/12/2025,72.23,72.33,72.1,72.33,24011071.46,332500.0
VALE3,M15,30/12/2025,72.23,72.27,72.21,72.22,15719731.94,217600.0
VALE3,M15,30/12/2025,72.26,72.3,72.21,72.25,23232493.24,321600.0
VALE3,M15,30/12/2025,72.3,72.38,72.25,72.26,14709437.4,203400.0
VALE3,M15,30/12/2025,72.37,72.39,72.21,72.3,30169985.01,417400.0
VALE3,M15,30/12/2025,72.16,72.5,72.16,72.36,59829954.43,827000.0
VALE3,M15,29/12/2025,71.64,71.79,71.61,71.79,335856320.08,4679900.0
VALE3,M15,29/12/2025,71.43,71.64,71.41,71.64,69235599.85,968000.0
VALE3,M15,29/12/2025,71.44,71.51,71.37,71.42,46189716.1,646700.0
VALE3,M15,29/12/2025,71.42,71.52,71.38,71.46,46938747.99,657100.0
VALE3,M15,29/12/2025,71.49,71.49,71.39,71.39,52710065.54,738000.0
VALE3,M15,29/12/2025,71.6,71.7,71.48,71.49,59442344.5,830800.0
VALE3,M15,29/12/2025,71.6,71.64,71.55,71.6,17855264.43,249400.0
VALE3,M15,29/12/2025,71.64,71.66,71.53,71.6,30998195.96,433000.0
VALE3,M15,29/12/2025,71.68,71.76,71.57,71.66,30333548.88,423500.0
VALE3,M15,29/12/2025,71.78,71.8,71.67,71.67,18806788.8,262200.0
VALE3,M15,29/12/2025,71.79,71.84,71.74,71.77,21841800.17,304200.0
VALE3,M15,29/12/2025,71.85,71.9,71.77,71.78,15830084.75,220400.0
VALE3,M15,29/12/2025,71.89,71.93,71.82,71.85,21060200.04,293000.0
VALE3,M15,29/12/2025,71.81,71.9,71.81,71.89,10525116.24,146500.0
VALE3,M15,29/12/2025,71.78,71.89,71.77,71.8,17641352.15,245600.0
VALE3,M15,29/12/2025,71.82,71.84,71.72,71.78,29551253.99,411800.0
VALE3,M15,29/12/2025,71.87,71.95,71.79,71.82,22991676.33,319900.0
VALE3,M15,29/12/2025,71.94,71.97,71.87,71.87,20782506.95,289000.0
VALE3,M15,29/12/2025,71.8,72.0,71.73,71.95,26256614.35,365300.0
VALE3,M15,29/12/2025,71.79,71.87,71.65,71.82,42078649.61,586500.0
VALE3,M15,29/12/2025,71.88,71.88,71.69,71.8,22422936.37,312500.0
VALE3,M15,29/12/2025,72.04,72.04,71.86,71.88,31510150.51,437900.0
VALE3,M15,29/12/2025,72.12,72.17,71.9,72.02,29494351.12,409400.0
VALE3,M15,29/12/2025,72.35,72.35,72.0,72.11,36625596.1,507800.0
VALE3,M15,29/12/2025,72.77,72.81,72.31,72.33,51796805.88,713600.0
VALE3,M15,29/12/2025,72.83,72.83,71.7,72.77,88823652.35,1224300.0
VALE3,M15,29/12/2025,72.85,72.91,72.78,72.84,36858122.64,506000.0
VALE3,M15,29/12/2025,72.97,72.98,72.84,72.88,21861538.2,299900.0
VALE3,M15,29/12/2025,73.07,73.13,72.96,72.97,40649318.57,556500.0
VALE3,M15,29/12/2025,73.18,73.22,73.06,73.07,42156794.49,576300.0
VALE3,M15,29/12/2025,73.22,73.25,73.1,73.17,21891424.94,299200.0
VALE3,M15,29/12/2025,72.85,73.4,72.85,73.21,76852079.87,1049500.0
VALE3,M15,26/12/2025,72.77,72.83,72.67,72.76,1607622.29,22100.0
VALE3,M15,26/12/2025,72.88,72.89,72.78,72.78,76723813.53,1054000.0
VALE3,M15,26/12/2025,72.7,72.89,72.7,72.87,56252254.72,773200.0
VALE3,M15,26/12/2025,72.73,72.76,72.7,72.71,50700542.91,697100.0
VALE3,M15,26/12/2025,72.73,72.76,72.7,72.72,36967527.87,508200.0
VALE3,M15,26/12/2025,72.76,72.76,72.7,72.75,13877653.1,190800.0
VALE3,M15,26/12/2025,72.72,72.78,72.69,72.76,20747489.11,285200.0
VALE3,M15,26/12/2025,72.73,72.76,72.71,72.71,17136700.57,235600.0
VALE3,M15,26/12/2025,72.74,72.78,72.72,72.72,22656094.97,311400.0
VALE3,M15,26/12/2025,72.78,72.79,72.7,72.74,11571662.86,159100.0
VALE3,M15,26/12/2025,72.78,72.81,72.72,72.8,22035015.88,302800.0
VALE3,M15,26/12/2025,72.74,72.78,72.72,72.77,13095635.91,180000.0
VALE3,M15,26/12/2025,72.82,72.99,72.72,72.74,31528763.78,432800.0
VALE3,M15,26/12/2025,72.79,72.85,72.72,72.81,79949434.75,1098200.0
VALE3,M15,26/12/2025,72.79,72.85,72.74,72.78,13261761.84,182200.0
VALE3,M15,26/12/2025,72.83,72.86,72.75,72.78,16863478.65,231600.0
VALE3,M15,26/12/2025,72.76,73.01,72.74,72.83,281397158.44,3865700.0
VALE3,M15,26/12/2025,72.75,72.76,72.68,72.75,14064088.41,193400.0
VALE3,M15,26/12/2025,72.79,72.83,72.72,72.76,44926969.86,617400.0
VALE3,M15,26/12/2025,72.85,72.85,72.74,72.79,18041955.54,247800.0
VALE3,M15,26/12/2025,72.74,72.95,72.69,72.85,55782354.22,766300.0
VALE3,M15,26/12/2025,72.74,72.76,72.66,72.75,11235682.36,154500.0
VALE3,M15,26/12/2025,72.66,72.76,72.64,72.72,44173351.35,607400.0
VALE3,M15,26/12/2025,72.58,72.76,72.48,72.66,22124227.2,304500.0
VALE3,M15,26/12/2025,72.44,72.63,72.36,72.59,30747779.78,424300.0
VALE3,M15,26/12/2025,72.48,72.52,72.37,72.43,12721795.82,175600.0
VALE3,M15,26/12/2025,72.67,72.75,72.36,72.47,45141505.24,622200.0
VALE3,M15,26/12/2025,72.6,72.7,72.58,72.68,18452429.94,254000.0
VALE3,M15,26/12/2025,72.51,72.64,72.49,72.59,39396530.93,542900.0
VALE3,M15,26/12/2025,72.45,72.56,72.4,72.51,16197995.47,223400.0
VALE3,M15,26/12/2025,72.56,72.63,72.43,72.45,13449789.73,185400.0
VALE3,M15,26/12/2025,72.44,72.66,72.42,72.54,23052363.55,317600.0
VALE3,M15,26/12/2025,72.52,72.6,72.28,72.44,14636805.83,202100.0
VALE3,M15,23/12/2025,72.59,72.68,72.55,72.56,207456790.46,2858000.0
VALE3,M15,23/12/2025,72.55,72.66,72.54,72.6,103059846.83,1419300.0
VALE3,M15,23/12/2025,72.49,72.58,72.48,72.55,78625330.41,1084100.0
VALE3,M15,23/12/2025,72.47,72.55,72.46,72.5,14603050.11,201400.0
VALE3,M15,23/12/2025,72.53,72.56,72.45,72.48,16935246.25,233600.0
VALE3,M15,23/12/2025,72.56,72.61,72.52,72.53,31205073.02,430000.0
VALE3,M15,23/12/2025,72.48,72.66,72.48,72.56,31455425.5,433400.0
VALE3,M15,23/12/2025,72.39,72.49,72.38,72.48,20913227.85,288700.0
VALE3,M15,23/12/2025,72.36,72.43,72.33,72.4,13484196.41,186300.0
VALE3,M15,23/12/2025,72.27,72.38,72.24,72.36,35022872.99,484300.0
VALE3,M15,23/12/2025,72.32,72.36,72.25,72.27,29564276.31,408900.0
VALE3,M15,23/12/2025,72.42,72.47,72.31,72.31,29974120.64,413900.0
VALE3,M15,23/12/2025,72.55,72.56,72.4,72.42,29102745.81,401500.0
VALE3,M15,23/12/2025,72.56,72.61,72.51,72.55,9715587.24,133900.0
VALE3,M15,23/12/2025,72.63,72.65,72.56,72.56,20267363.26,279200.0
VALE3,M15,23/12/2025,72.64,72.71,72.61,72.63,34427874.38,473800.0
VALE3,M15,23/12/2025,72.64,72.7,72.61,72.67,22616413.86,311300.0
VALE3,M15,23/12/2025,72.58,72.76,72.54,72.64,26895636.83,370100.0
VALE3,M15,23/12/2025,72.56,72.63,72.55,72.56,21754173.47,299700.0
VALE3,M15,23/12/2025,72.63,72.7,72.53,72.56,15245827.1,210000.0
VALE3,M15,23/12/2025,72.51,72.76,72.5,72.64,18467444.97,254300.0
VALE3,M15,23/12/2025,72.63,72.68,72.48,72.52,36842994.13,507500.0
VALE3,M15,23/12/2025,72.63,72.7,72.59,72.6,15328303.8,211000.0
VALE3,M15,23/12/2025,72.82,72.89,72.46,72.63,53164248.28,731800.0
VALE3,M15,23/12/2025,72.9,73.04,72.74,72.81,79129459.43,1084600.0
VALE3,M15,23/12/2025,72.93,72.99,72.69,72.9,45325912.99,622200.0
VALE3,M15,23/12/2025,72.75,72.94,72.73,72.93,49025657.04,673300.0
VALE3,M15,23/12/2025,72.98,73.0,72.71,72.75,28256977.66,387900.0
VALE3,M15,23/12/2025,72.94,73.01,72.89,73.01,10438058.88,143100.0
VALE3,M15,23/12/2025,73.02,73.12,72.92,72.94,31534268.13,431900.0
VALE3,M15,23/12/2025,73.04,73.19,72.99,73.01,41278981.66,564800.0
VALE3,M15,23/12/2025,72.89,73.15,72.68,73.03,44280878.33,607100.0
VALE3,M15,22/12/2025,72.83,72.87,72.58,72.58,237750632.35,3273500.0
VALE3,M15,22/12/2025,72.7,72.86,72.7,72.84,72295918.3,993100.0
VALE3,M15,22/12/2025,72.65,72.73,72.62,72.72,49704462.15,683900.0
VALE3,M15,22/12/2025,72.63,72.67,72.57,72.65,39252556.78,540400.0
VALE3,M15,22/12/2025,72.59,72.66,72.57,72.63,23197728.23,319400.0
VALE3,M15,22/12/2025,72.52,72.6,72.49,72.58,83350830.95,1148800.0
VALE3,M15,22/12/2025,72.55,72.56,72.4,72.51,22318666.21,307900.0
VALE3,M15,22/12/2025,72.58,72.63,72.52,72.56,38491682.08,530400.0
VALE3,M15,22/12/2025,72.65,72.69,72.58,72.6,23564070.26,324400.0
VALE3,M15,22/12/2025,72.64,72.74,72.64,72.66,85554044.08,1176600.0
VALE3,M15,22/12/2025,72.75,72.78,72.57,72.65,87874921.96,1209100.0
VALE3,M15,22/12/2025,72.96,72.99,72.75,72.75,57316601.4,786400.0
VALE3,M15,22/12/2025,72.93,73.03,72.91,72.97,61155812.6,838100.0
VALE3,M15,22/12/2025,72.91,72.98,72.9,72.93,65937921.37,903900.0
VALE3,M15,22/12/2025,72.95,72.96,72.84,72.9,52744346.81,723500.0
VALE3,M15,22/12/2025,72.87,73.01,72.86,72.96,83625295.09,1146300.0
VALE3,M15,22/12/2025,72.87,72.94,72.83,72.88,37678483.18,517000.0
VALE3,M15,22/12/2025,72.88,72.94,72.78,72.86,67473724.3,926200.0
VALE3,M15,22/12/2025,72.79,72.94,72.76,72.87,74608125.57,1024300.0
VALE3,M15,22/12/2025,72.52,72.81,72.5,72.79,83501475.03,1149400.0
VALE3,M15,22/12/2025,72.19,72.55,72.16,72.52,73883971.77,1020600.0
VALE3,M15,22/12/2025,72.07,72.21,72.03,72.19,53445501.78,741200.0
VALE3,M15,22/12/2025,72.0,72.15,71.92,72.08,57139367.22,792800.0
VALE3,M15,22/12/2025,72.09,72.2,71.92,72.02,76421295.11,1060000.0
VALE3,M15,22/12/2025,71.65,72.14,71.63,72.1,126553492.23,1760200.0
VALE3,M15,22/12/2025,71.02,71.67,71.02,71.65,80163399.78,1122600.0
VALE3,M15,22/12/2025,71.16,71.17,70.91,71.01,32060396.64,451400.0
VALE3,M15,22/12/2025,71.11,71.21,71.07,71.16,32374374.66,455100.0
VALE3,M15,22/12/2025,71.05,71.14,70.98,71.11,23142657.83,325700.0
VALE3,M15,22/12/2025,70.89,71.09,70.77,71.05,35835965.38,505400.0
VALE3,M15,22/12/2025,70.85,71.02,70.78,70.9,32778459.83,462400.0
VALE3,M15,22/12/2025,70.7,70.89,70.48,70.88,44736871.63,633000.0
VALE3,M15,19/12/2025,70.45,70.67,70.13,70.66,9070056.09,128600.0
VALE3,M15,19/12/2025,70.22,70.52,70.18,70.52,1586470986.28,22497200.0
VALE3,M15,19/12/2025,70.51,70.54,70.22,70.22,67876560.29,964800.0
VALE3,M15,19/12/2025,70.51,70.54,70.49,70.51,21548936.77,305600.0
VALE3,M15,19/12/2025,70.57,70.58,70.48,70.51,22921271.38,325000.0
VALE3,M15,19/12/2025,70.54,70.58,70.52,70.56,21304242.92,302000.0
VALE3,M15,19/12/2025,70.48,70.6,70.47,70.53,26071902.02,369600.0
VALE3,M15,19/12/2025,70.44,70.5,70.36,70.47,79864392.01,1133800.0
VALE3,M15,19/12/2025,70.44,70.47,70.42,70.44,20151755.93,286100.0
VALE3,M15,19/12/2025,70.52,70.53,70.42,70.45,24800658.38,352000.0
VALE3,M15,19/12/2025,70.47,70.55,70.41,70.51,27444917.46,389400.0
VALE3,M15,19/12/2025,70.49,70.51,70.46,70.49,16351868.5,232000.0
VALE3,M15,19/12/2025,70.44,70.52,70.42,70.48,23297836.77,330600.0
VALE3,M15,19/12/2025,70.34,70.48,70.31,70.45,35058782.67,498100.0
VALE3,M15,19/12/2025,70.34,70.42,70.32,70.33,33093711.91,470300.0
VALE3,M15,19/12/2025,70.45,70.49,70.34,70.35,31717971.17,450500.0
VALE3,M15,19/12/2025,70.37,70.45,70.32,70.45,18073727.5,256700.0
VALE3,M15,19/12/2025,70.25,70.41,70.23,70.37,19091646.51,271600.0
VALE3,M15,19/12/2025,70.27,70.36,70.19,70.26,27880412.27,396700.0
VALE3,M15,19/12/2025,70.22,70.28,70.18,70.27,159437550.02,2269000.0
VALE3,M15,19/12/2025,70.15,70.23,70.1,70.22,34382230.06,490100.0
VALE3,M15,19/12/2025,70.12,70.16,70.06,70.14,21107381.2,301000.0
VALE3,M15,19/12/2025,70.15,70.17,70.1,70.12,25474091.52,363200.0
VALE3,M15,19/12/2025,70.21,70.23,70.12,70.15,15876142.14,226200.0
VALE3,M15,19/12/2025,70.16,70.22,70.11,70.21,28245710.16,402600.0
VALE3,M15,19/12/2025,70.22,70.32,70.13,70.15,16395171.73,233500.0
VALE3,M15,19/12/2025,70.19,70.26,70.12,70.22,47190769.69,672400.0
VALE3,M15,19/12/2025,70.28,70.31,70.12,70.19,28707451.68,408900.0
VALE3,M15,19/12/2025,70.39,70.47,70.26,70.28,21730163.34,308900.0
VALE3,M15,19/12/2025,70.18,70.41,70.18,70.39,28365175.52,403400.0
VALE3,M15,19/12/2025,70.19,70.24,70.05,70.19,27750430.92,395600.0
VALE3,M15,19/12/2025,70.22,70.37,70.17,70.19,22805031.99,324700.0
VALE3,M15,19/12/2025,70.17,70.44,70.15,70.23,27191767.01,387000.0
VALE3,M15,18/12/2025,70.18,70.25,70.02,70.02,159902951.48,2281700.0
VALE3,M15,18/12/2025,70.11,70.22,70.09,70.18,47879750.39,682500.0
VALE3,M15,18/12/2025,70.13,70.16,70.08,70.11,49237579.59,702100.0
VALE3,M15,18/12/2025,70.07,70.13,70.05,70.12,41221173.02,588000.0
VALE3,M15,18/12/2025,70.16,70.16,70.04,70.07,27698868.17,395100.0
VALE3,M15,18/12/2025,70.19,70.21,70.13,70.15,33080409.89,471400.0
VALE3,M15,18/12/2025,70.22,70.22,70.14,70.2,21298923.7,303500.0
VALE3,M15,18/12/2025,70.19,70.22,70.11,70.22,17494597.95,249300.0
VALE3,M15,18/12/2025,70.22,70.23,70.13,70.18,33630484.82,479100.0
VALE3,M15,18/12/2025,70.19,70.25,70.16,70.22,18203270.89,259300.0
VALE3,M15,18/12/2025,70.26,70.27,70.17,70.19,14211770.28,202400.0
VALE3,M15,18/12/2025,70.16,70.27,70.14,70.26,15155945.9,215900.0
VALE3,M15,18/12/2025,70.26,70.27,70.09,70.15,20470789.39,291700.0
VALE3,M15,18/12/2025,70.05,70.29,70.05,70.25,51383889.86,731800.0
VALE3,M15,18/12/2025,70.15,70.15,69.98,70.04,46995484.62,670800.0
VALE3,M15,18/12/2025,70.3,70.36,70.15,70.16,39904206.42,568100.0
VALE3,M15,18/12/2025,70.45,70.48,70.27,70.28,21682147.07,308000.0
VALE3,M15,18/12/2025,70.52,70.54,70.37,70.45,35050713.26,497600.0
VALE3,M15,18/12/2025,70.5,70.61,70.5,70.51,17069832.15,241900.0
VALE3,M15,18/12/2025,70.59,70.65,70.47,70.5,35722205.45,506400.0
VALE3,M15,18/12/2025,70.67,70.71,70.59,70.59,17868201.15,252900.0
VALE3,M15,18/12/2025,70.73,70.77,70.59,70.67,83148102.57,1176800.0
VALE3,M15,18/12/2025,70.69,70.75,70.56,70.72,27425350.63,388200.0
VALE3,M15,18/12/2025,70.76,70.77,70.62,70.69,22673660.12,320700.0
VALE3,M15,18/12/2025,70.63,70.79,70.5,70.76,93909241.06,1328700.0
VALE3,M15,18/12/2025,70.43,70.74,70.42,70.63,78630355.0,1113300.0
VALE3,M15,18/12/2025,70.36,70.49,70.26,70.4,31092554.3,441900.0
VALE3,M15,18/12/2025,70.35,70.49,70.32,70.36,20120406.0,285800.0
VALE3,M15,18/12/2025,70.39,70.45,70.23,70.35,26549305.56,377300.0
VALE3,M15,18/12/2025,70.35,70.53,70.26,70.4,66419869.74,943400.0
VALE3,M15,18/12/2025,70.42,70.47,70.26,70.35,27397615.86,389400.0
VALE3,M15,18/12/2025,70.27,70.57,70.21,70.46,53863956.99,765200.0
VALE3,M15,17/12/2025,70.19,70.26,69.84,69.84,342269311.76,4894500.0
VALE3,M15,17/12/2025,70.21,70.24,70.14,70.18,71262493.54,1015300.0
VALE3,M15,17/12/2025,70.07,70.24,70.06,70.21,70618480.32,1006500.0
VALE3,M15,17/12/2025,70.1,70.1,70.0,70.07,60380000.5,862000.0
VALE3,M15,17/12/2025,70.11,70.14,70.08,70.08,40778620.09,581600.0
VALE3,M15,17/12/2025,70.11,70.13,70.06,70.11,46666089.44,665800.0
VALE3,M15,17/12/2025,70.09,70.13,70.07,70.1,43100694.39,614900.0
VALE3,M15,17/12/2025,70.07,70.1,70.02,70.09,39549785.84,564400.0
VALE3,M15,17/12/2025,70.1,70.13,70.04,70.06,71929695.71,1026300.0
VALE3,M15,17/12/2025,70.16,70.23,70.08,70.1,46934710.8,668900.0
VALE3,M15,17/12/2025,70.2,70.22,70.15,70.15,44516898.59,634200.0
VALE3,M15,17/12/2025,70.17,70.24,70.11,70.2,56262856.32,801600.0
VALE3,M15,17/12/2025,70.28,70.28,70.04,70.17,33222915.88,473500.0
VALE3,M15,17/12/2025,70.36,70.44,70.26,70.27,35138378.79,499500.0
VALE3,M15,17/12/2025,70.18,70.42,70.16,70.35,37390969.84,531900.0
VALE3,M15,17/12/2025,70.14,70.22,70.07,70.18,53870278.53,767800.0
VALE3,M15,17/12/2025,69.99,70.14,69.93,70.14,57626115.22,823200.0
VALE3,M15,17/12/2025,70.01,70.08,69.92,70.0,30093073.38,429800.0
VALE3,M15,17/12/2025,69.92,70.07,69.9,70.01,32641673.18,466300.0
VALE3,M15,17/12/2025,69.97,70.02,69.9,69.92,35850610.15,512400.0
VALE3,M15,17/12/2025,70.08,70.1,69.95,69.96,34033320.8,486100.0
VALE3,M15,17/12/2025,70.1,70.15,70.01,70.08,78909939.28,1125900.0
VALE3,M15,17/12/2025,70.01,70.12,69.9,70.11,48488955.8,692400.0
VALE3,M15,17/12/2025,70.08,70.13,69.91,70.01,50133241.25,715600.0
VALE3,M15,17/12/2025,69.73,70.12,69.71,70.08,66131285.39,945000.0
VALE3,M15,17/12/2025,69.72,69.82,69.62,69.73,37916588.72,543800.0
VALE3,M15,17/12/2025,69.56,69.74,69.5,69.74,100094382.4,1438000.0
VALE3,M15,17/12/2025,69.59,69.7,69.52,69.56,21451442.04,308100.0
VALE3,M15,17/12/2025,69.52,69.72,69.47,69.61,49090818.42,705100.0
VALE3,M15,17/12/2025,69.53,69.62,69.42,69.52,196886227.97,2831400.0
VALE3,M15,17/12/2025,69.32,69.61,69.32,69.52,39125777.51,563000.0
VALE3,M15,17/12/2025,69.32,69.75,69.12,69.32,81960717.19,1180200.0
VALE3,M15,16/12/2025,69.44,69.46,68.97,68.97,263095138.67,3811200.0
VALE3,M15,16/12/2025,69.35,69.48,69.34,69.45,52580730.18,757400.0
VALE3,M15,16/12/2025,69.49,69.49,69.29,69.35,43779608.0,631200.0
VALE3,M15,16/12/2025,69.49,69.57,69.48,69.48,32568755.94,468500.0
VALE3,M15,16/12/2025,69.43,69.5,69.41,69.48,27728644.43,399300.0
VALE3,M15,16/12/2025,69.34,69.52,69.33,69.44,35072929.75,505100.0
VALE3,M15,16/12/2025,69.49,69.5,69.32,69.34,38157764.96,549700.0
VALE3,M15,16/12/2025,69.58,69.58,69.45,69.48,52117921.64,749700.0
VALE3,M15,16/12/2025,69.52,69.62,69.52,69.58,14680454.45,211000.0
VALE3,M15,16/12/2025,69.32,69.6,69.31,69.53,78225831.88,1125600.0
VALE3,M15,16/12/2025,69.36,69.37,69.26,69.32,13829941.41,199600.0
VALE3,M15,16/12/2025,69.29,69.37,69.24,69.37,19066826.16,275100.0
VALE3,M15,16/12/2025,69.37,69.43,69.25,69.29,18683741.14,269500.0
VALE3,M15,16/12/2025,69.42,69.46,69.35,69.38,91202948.03,1314200.0
VALE3,M15,16/12/2025,69.54,69.58,69.42,69.43,24686743.16,355200.0
VALE3,M15,16/12/2025,69.58,69.71,69.54,69.55,61910977.91,889000.0
VALE3,M15,16/12/2025,69.51,69.63,69.5,69.58,32629593.47,469000.0
VALE3,M15,16/12/2025,69.56,69.62,69.5,69.51,32878835.13,472700.0
VALE3,M15,16/12/2025,69.57,69.6,69.51,69.56,11942736.84,171700.0
VALE3,M15,16/12/2025,69.56,69.6,69.48,69.57,24205268.59,348100.0
VALE3,M15,16/12/2025,69.28,69.62,69.28,69.56,43203371.97,621800.0
VALE3,M15,16/12/2025,69.2,69.32,69.16,69.28,44263439.58,639400.0
VALE3,M15,16/12/2025,69.16,69.24,69.04,69.19,19823168.98,286700.0
VALE3,M15,16/12/2025,69.36,69.37,69.11,69.14,38505678.86,555900.0
VALE3,M15,16/12/2025,69.38,69.49,69.28,69.35,41382253.46,596200.0
VALE3,M15,16/12/2025,69.29,69.43,69.18,69.4,50356633.36,726300.0
VALE3,M15,16/12/2025,69.18,69.32,69.18,69.29,14819277.6,214000.0
VALE3,M15,16/12/2025,69.1,69.24,69.03,69.2,16298756.97,235700.0
VALE3,M15,16/12/2025,69.04,69.15,68.95,69.13,100328336.3,1453900.0
VALE3,M15,16/12/2025,69.05,69.22,68.98,69.07,36841040.24,533000.0
VALE3,M15,16/12/2025,69.21,69.33,68.94,69.07,55388852.74,800900.0
VALE3,M15,16/12/2025,69.01,69.55,69.01,69.2,91155616.57,1316400.0
VALE3,M15,15/12/2025,68.95,69.07,68.71,68.71,171804549.01,2498200.0
VALE3,M15,15/12/2025,68.83,68.97,68.82,68.95,39922029.38,579400.0
VALE3,M15,15/12/2025,68.82,68.85,68.79,68.82,21024304.29,305500.0
VALE3,M15,15/12/2025,68.72,68.87,68.7,68.82,24722983.3,359400.0
VALE3,M15,15/12/2025,68.69,68.8,68.68,68.74,35730124.55,519800.0
VALE3,M15,15/12/2025,68.68,68.78,68.65,68.69,34083640.34,496100.0
VALE3,M15,15/12/2025,68.54,68.7,68.52,68.68,40178677.52,585400.0
VALE3,M15,15/12/2025,68.51,68.59,68.46,68.54,16744278.07,244300.0
VALE3,M15,15/12/2025,68.42,68.55,68.4,68.5,20089582.63,293300.0
VALE3,M15,15/12/2025,68.45,68.48,68.35,68.41,23052168.46,337000.0
VALE3,M15,15/12/2025,68.48,68.49,68.42,68.46,13437454.21,196300.0
VALE3,M15,15/12/2025,68.49,68.55,68.43,68.48,26588921.97,388200.0
VALE3,M15,15/12/2025,68.54,68.55,68.44,68.49,25112940.3,366600.0
VALE3,M15,15/12/2025,68.57,68.59,68.53,68.54,14095093.94,205600.0
VALE3,M15,15/12/2025,68.57,68.61,68.5,68.57,14218633.3,207400.0
VALE3,M15,15/12/2025,68.61,68.67,68.58,68.59,23167471.21,337600.0
VALE3,M15,15/12/2025,68.62,68.68,68.52,68.61,15375027.09,224100.0
VALE3,M15,15/12/2025,68.74,68.74,68.52,68.64,28302860.87,412400.0
VALE3,M15,15/12/2025,68.57,68.77,68.55,68.74,57449372.75,836700.0
VALE3,M15,15/12/2025,68.52,68.62,68.5,68.58,35861807.97,523100.0
VALE3,M15,15/12/2025,68.58,68.63,68.47,68.52,27641987.21,403200.0
VALE3,M15,15/12/2025,68.35,68.58,68.35,68.57,34143419.8,498500.0
VALE3,M15,15/12/2025,68.45,68.45,68.23,68.34,45717308.28,668900.0
VALE3,M15,15/12/2025,68.3,68.5,68.22,68.45,54953591.84,803900.0
VALE3,M15,15/12/2025,68.34,68.44,68.23,68.3,51257653.06,750000.0
VALE3,M15,15/12/2025,68.59,68.6,68.18,68.34,97464510.29,1425500.0
VALE3,M15,15/12/2025,68.51,68.61,68.4,68.61,37121406.87,542000.0
VALE3,M15,15/12/2025,68.5,68.61,68.46,68.52,23530619.12,343400.0
VALE3,M15,15/12/2025,68.46,68.54,68.41,68.5,18111529.36,264500.0
VALE3,M15,15/12/2025,68.56,68.57,68.39,68.44,17337325.76,253100.0
VALE3,M15,15/12/2025,68.56,68.68,68.52,68.55,32718932.19,477000.0
VALE3,M15,15/12/2025,68.33,68.65,68.32,68.56,33944075.64,495300.0
VALE3,M15,12/12/2025,68.28,68.4,68.23,68.28,280086.94,4100.0
VALE3,M15,12/12/2025,68.42,68.42,68.29,68.29,232120692.05,3398500.0
VALE3,M15,12/12/2025,68.3,68.46,68.2,68.42,37369114.68,547100.0
VALE3,M15,12/12/2025,68.34,68.37,68.25,68.3,19575855.34,286500.0
VALE3,M15,12/12/2025,68.34,68.41,68.3,68.34,20925078.63,306100.0
VALE3,M15,12/12/2025,68.43,68.54,68.32,68.36,28916822.12,422600.0
VALE3,M15,12/12/2025,68.31,68.45,68.26,68.44,33029593.67,483300.0
VALE3,M15,12/12/2025,68.03,68.35,68.03,68.32,56964041.15,835300.0
VALE3,M15,12/12/2025,67.93,68.04,67.88,68.04,191974968.98,2824800.0
VALE3,M15,12/12/2025,68.04,68.06,67.88,67.91,32642587.92,480100.0
VALE3,M15,12/12/2025,68.03,68.08,68.0,68.01,28848382.02,424000.0
VALE3,M15,12/12/2025,68.06,68.1,67.99,68.01,23355293.05,343200.0
VALE3,M15,12/12/2025,68.03,68.1,67.95,68.06,53558964.1,787700.0
VALE3,M15,12/12/2025,68.04,68.16,68.0,68.03,64834336.53,952300.0
VALE3,M15,12/12/2025,67.84,68.07,67.84,68.04,27585755.22,405800.0
VALE3,M15,12/12/2025,67.65,67.98,67.65,67.84,38341539.66,565100.0
VALE3,M15,12/12/2025,67.56,67.7,67.55,67.65,25326162.79,374400.0
VALE3,M15,12/12/2025,67.5,67.58,67.41,67.57,44396540.4,657700.0
VALE3,M15,12/12/2025,67.7,67.7,67.45,67.5,31545017.05,466900.0
VALE3,M15,12/12/2025,67.56,67.73,67.55,67.71,37015850.71,547400.0
VALE3,M15,12/12/2025,67.67,67.77,67.48,67.56,34743290.7,514000.0
VALE3,M15,12/12/2025,68.09,68.13,67.59,67.67,405541836.54,5984100.0
VALE3,M15,12/12/2025,68.11,68.23,67.98,68.09,32849301.74,482300.0
VALE3,M15,12/12/2025,68.52,68.55,68.1,68.12,179033983.47,2615900.0
VALE3,M15,12/12/2025,68.48,68.55,68.33,68.52,184163188.95,2689700.0
VALE3,M15,12/12/2025,67.98,68.66,67.98,68.49,180291924.1,2639400.0
VALE3,M15,12/12/2025,67.93,68.16,67.82,67.98,90859344.05,1336100.0
VALE3,M15,12/12/2025,67.82,67.95,67.82,67.93,27950823.19,411700.0
VALE3,M15,12/12/2025,68.04,68.07,67.81,67.82,48343225.83,711500.0
VALE3,M15,12/12/2025,68.02,68.2,67.96,68.05,46130819.53,677600.0
VALE3,M15,12/12/2025,67.73,68.04,67.71,68.01,48206588.49,710400.0
VALE3,M15,12/12/2025,67.91,68.05,67.66,67.74,69085838.66,1018000.0
VALE3,M15,12/12/2025,67.44,68.1,67.44,67.91,107095421.08,1580100.0
VALE3,M15,11/12/2025,68.5,68.5,68.21,68.34,236343847.14,3458600.0
VALE3,M15,11/12/2025,68.54,68.61,68.46,68.48,58688419.56,856600.0
VALE3,M15,11/12/2025,68.58,68.69,68.53,68.55,104308422.59,1519900.0
VALE3,M15,11/12/2025,68.52,68.62,68.46,68.57,49016804.23,714900.0
VALE3,M15,11/12/2025,68.41,68.53,68.36,68.53,39433668.85,576300.0
VALE3,M15,11/12/2025,68.21,68.45,68.2,68.41,143634169.14,2103800.0
VALE3,M15,11/12/2025,68.15,68.24,68.09,68.22,59966203.15,879800.0
VALE3,M15,11/12/2025,68.24,68.25,68.13,68.14,32402743.69,475200.0
VALE3,M15,11/12/2025,68.22,68.24,68.16,68.24,32638222.36,478500.0
VALE3,M15,11/12/2025,68.19,68.29,68.14,68.21,65667271.34,962400.0
VALE3,M15,11/12/2025,68.26,68.32,68.2,68.2,41291701.64,604800.0
VALE3,M15,11/12/2025,68.15,68.32,68.14,68.25,37834014.65,554400.0
VALE3,M15,11/12/2025,68.17,68.21,68.11,68.15,45849837.39,672700.0
VALE3,M15,11/12/2025,67.97,68.18,67.92,68.17,35353656.16,519400.0
VALE3,M15,11/12/2025,68.02,68.06,67.97,67.97,21363735.37,314100.0
VALE3,M15,11/12/2025,67.97,68.07,67.95,68.04,93107461.53,1369100.0
VALE3,M15,11/12/2025,67.99,68.06,67.92,67.97,14749240.72,216900.0
VALE3,M15,11/12/2025,67.85,68.01,67.79,67.98,27676332.28,407800.0
VALE3,M15,11/12/2025,67.94,67.95,67.81,67.84,18740210.64,276100.0
VALE3,M15,11/12/2025,67.8,67.97,67.78,67.93,27552741.26,405900.0
VALE3,M15,11/12/2025,67.75,67.9,67.75,67.81,30674498.6,452200.0
VALE3,M15,11/12/2025,67.81,67.97,67.71,67.75,64172524.15,945800.0
VALE3,M15,11/12/2025,67.64,67.91,67.55,67.8,83422177.23,1230800.0
VALE3,M15,11/12/2025,67.37,67.64,67.33,67.64,34246472.57,507600.0
VALE3,M15,11/12/2025,67.44,67.48,67.33,67.37,27825492.09,412800.0
VALE3,M15,11/12/2025,67.34,67.49,67.22,67.44,59237881.82,879500.0
VALE3,M15,11/12/2025,67.38,67.49,67.34,67.34,31840341.39,472300.0
VALE3,M15,11/12/2025,67.4,67.48,67.34,67.38,52337104.06,776500.0
VALE3,M15,11/12/2025,67.21,67.43,67.18,67.4,39477212.67,586600.0
VALE3,M15,11/12/2025,67.26,67.29,67.09,67.21,39578064.17,589300.0
VALE3,M15,11/12/2025,67.17,67.31,67.09,67.24,59160136.18,880500.0
VALE3,M15,11/12/2025,67.14,67.36,66.88,67.2,39411377.31,586600.0
VALE3,M15,10/12/2025,67.55,67.56,67.39,67.44,167567291.55,2484600.0
VALE3,M15,10/12/2025,67.54,67.62,67.5,67.55,87762636.61,1299200.0
VALE3,M15,10/12/2025,67.49,67.6,67.47,67.55,97604038.57,1444800.0
VALE3,M15,10/12/2025,67.22,67.59,67.17,67.5,159955034.26,2372900.0
VALE3,M15,10/12/2025,66.96,67.23,66.96,67.22,98874988.63,1473800.0
VALE3,M15,10/12/2025,67.21,67.35,66.91,66.97,107193827.14,1595900.0
VALE3,M15,10/12/2025,67.32,67.37,67.18,67.19,32460926.44,482600.0
VALE3,M15,10/12/2025,67.29,67.42,67.19,67.31,42999472.72,638700.0
VALE3,M15,10/12/2025,67.28,67.33,67.23,67.3,15559363.2,231200.0
VALE3,M15,10/12/2025,67.22,67.32,67.22,67.29,23493679.03,349200.0
VALE3,M15,10/12/2025,67.21,67.29,67.18,67.22,18194803.9,270600.0
VALE3,M15,10/12/2025,67.35,67.37,67.16,67.2,37733093.87,561000.0
VALE3,M15,10/12/2025,67.36,67.4,67.33,67.34,19581577.53,290700.0
VALE3,M15,10/12/2025,67.39,67.39,67.33,67.35,14898473.61,221200.0
VALE3,M15,10/12/2025,67.31,67.4,67.29,67.39,25033027.33,371800.0
VALE3,M15,10/12/2025,67.38,67.38,67.29,67.31,15518475.92,230500.0
VALE3,M15,10/12/2025,67.36,67.41,67.31,67.38,20315707.37,301600.0
VALE3,M15,10/12/2025,67.37,67.38,67.29,67.36,23315061.96,346300.0
VALE3,M15,10/12/2025,67.41,67.45,67.34,67.37,14706293.89,218200.0
VALE3,M15,10/12/2025,67.46,67.49,67.37,67.41,15811161.67,234500.0
VALE3,M15,10/12/2025,67.4,67.5,67.38,67.46,22033261.78,326700.0
VALE3,M15,10/12/2025,67.26,67.42,67.22,67.4,47680067.21,708100.0
VALE3,M15,10/12/2025,67.55,67.55,67.22,67.24,46808684.04,695200.0
VALE3,M15,10/12/2025,67.5,67.59,67.41,67.54,50342016.3,745900.0
VALE3,M15,10/12/2025,67.46,67.62,67.43,67.51,38030160.67,563100.0
VALE3,M15,10/12/2025,67.59,67.72,67.41,67.47,72527131.44,1074200.0
VALE3,M15,10/12/2025,67.39,67.62,67.38,67.61,38762930.44,573900.0
VALE3,M15,10/12/2025,67.46,67.55,67.35,67.38,30265049.67,448700.0
VALE3,M15,10/12/2025,67.25,67.48,67.23,67.47,52598587.16,780500.0
VALE3,M15,10/12/2025,67.39,67.46,67.1,67.24,45916759.47,682700.0
VALE3,M15,10/12/2025,67.35,67.56,67.2,67.39,84206668.28,1249500.0
VALE3,M15,10/12/2025,66.67,67.42,66.67,67.35,79687405.82,1187000.0
VALE3,M15,09/12/2025,66.28,66.4,66.23,66.23,200389781.92,3025200.0
VALE3,M15,09/12/2025,66.53,66.56,66.27,66.29,67832216.9,1021600.0
VALE3,M15,09/12/2025,66.61,66.63,66.49,66.54,19265411.01,289500.0
VALE3,M15,09/12/2025,66.65,66.69,66.62,66.63,17789113.4,266900.0
VALE3,M15,09/12/2025,66.48,66.74,66.48,66.65,32985176.77,495100.0
VALE3,M15,09/12/2025,66.47,66.51,66.43,66.48,14843468.45,223300.0
VALE3,M15,09/12/2025,66.66,66.66,66.39,66.47,31509107.89,473400.0
VALE3,M15,09/12/2025,66.75,66.78,66.62,66.66,27101179.76,406100.0
VALE3,M15,09/12/2025,66.67,66.85,66.66,66.73,39308027.78,588800.0
VALE3,M15,09/12/2025,66.6,66.68,66.59,66.67,22082984.24,331300.0
VALE3,M15,09/12/2025,66.63,66.64,66.55,66.6,168911921.29,2536000.0
VALE3,M15,09/12/2025,66.54,66.65,66.52,66.63,40543092.32,608800.0
VALE3,M15,09/12/2025,66.53,66.55,66.46,66.54,14465538.22,217500.0
VALE3,M15,09/12/2025,66.5,66.53,66.4,66.53,14503914.18,218200.0
VALE3,M15,09/12/2025,66.48,66.53,66.45,66.5,12800546.93,192500.0
VALE3,M15,09/12/2025,66.34,66.54,66.31,66.48,28211471.65,424500.0
VALE3,M15,09/12/2025,66.38,66.42,66.27,66.34,24925727.64,375700.0
VALE3,M15,09/12/2025,66.42,66.52,66.34,66.39,26541754.79,399500.0
VALE3,M15,09/12/2025,66.32,66.47,66.3,66.42,49086305.96,739200.0
VALE3,M15,09/12/2025,66.14,66.34,66.11,66.31,31355375.32,473300.0
VALE3,M15,09/12/2025,66.16,66.18,66.04,66.14,32525085.69,492000.0
VALE3,M15,09/12/2025,66.05,66.23,65.96,66.17,124489080.44,1882900.0
VALE3,M15,09/12/2025,65.8,66.06,65.78,66.04,45814091.39,695200.0
VALE3,M15,09/12/2025,65.78,65.91,65.69,65.8,48929198.38,743400.0
VALE3,M15,09/12/2025,65.73,65.94,65.68,65.75,45529376.2,691700.0
VALE3,M15,09/12/2025,65.87,65.93,65.62,65.74,72192796.28,1097900.0
VALE3,M15,09/12/2025,65.82,65.9,65.72,65.85,68195404.74,1036100.0
VALE3,M15,09/12/2025,65.92,65.97,65.77,65.85,23561483.77,357600.0
VALE3,M15,09/12/2025,65.81,66.07,65.59,65.92,50054194.7,760100.0
VALE3,M15,09/12/2025,65.81,65.83,65.39,65.81,79566534.92,1212800.0
VALE3,M15,09/12/2025,65.7,65.87,65.7,65.81,25900293.3,393700.0
VALE3,M15,09/12/2025,65.58,65.88,65.58,65.7,27051671.79,411500.0
VALE3,M15,08/12/2025,66.1,66.19,65.95,66.19,177920181.27,2689400.0
VALE3,M15,08/12/2025,66.05,66.11,66.01,66.09,49400893.17,747800.0
VALE3,M15,08/12/2025,66.1,66.14,66.01,66.04,48349184.56,731500.0
VALE3,M15,08/12/2025,66.14,66.21,66.07,66.1,32457693.81,490800.0
VALE3,M15,08/12/2025,66.2,66.21,66.1,66.13,32900348.0,497300.0
VALE3,M15,08/12/2025,66.26,66.29,66.19,66.2,19596020.0,295900.0
VALE3,M15,08/12/2025,66.23,66.3,66.23,66.26,44737037.03,675000.0
VALE3,M15,08/12/2025,66.32,66.32,66.21,66.24,19961436.33,301200.0
VALE3,M15,08/12/2025,66.39,66.4,66.28,66.33,19904565.24,300000.0
VALE3,M15,08/12/2025,66.32,66.41,66.21,66.39,28646428.63,432100.0
VALE3,M15,08/12/2025,66.47,66.47,66.29,66.32,30822937.09,464400.0
VALE3,M15,08/12/2025,66.58,66.66,66.46,66.47,58075645.61,872200.0
VALE3,M15,08/12/2025,66.49,66.6,66.45,66.58,37398045.93,562000.0
VALE3,M15,08/12/2025,66.43,66.6,66.39,66.48,39201074.5,589400.0
VALE3,M15,08/12/2025,66.29,66.44,66.21,66.44,21744840.34,327800.0
VALE3,M15,08/12/2025,66.18,66.32,66.14,66.29,19836419.76,299500.0
VALE3,M15,08/12/2025,66.15,66.19,65.98,66.18,56983846.96,862200.0
VALE3,M15,08/12/2025,66.32,66.33,66.13,66.15,30478867.95,459900.0
VALE3,M15,08/12/2025,66.3,66.32,66.2,66.31,27508416.33,415100.0
VALE3,M15,08/12/2025,66.38,66.39,66.15,66.31,73469211.26,1108300.0
VALE3,M15,08/12/2025,66.47,66.56,66.37,66.38,37033909.94,557400.0
VALE3,M15,08/12/2025,66.52,66.57,66.46,66.47,23329685.71,350800.0
VALE3,M15,08/12/2025,66.46,66.61,66.46,66.53,38585911.66,579800.0
VALE3,M15,08/12/2025,66.59,66.61,66.44,66.47,39403007.19,592400.0
VALE3,M15,08/12/2025,66.66,66.71,66.55,66.58,61575175.63,924100.0
VALE3,M15,08/12/2025,66.9,66.91,66.59,66.65,63824043.58,956300.0
VALE3,M15,08/12/2025,67.04,67.04,66.88,66.92,51845820.77,774200.0
VALE3,M15,08/12/2025,67.07,67.13,66.97,67.04,25941863.94,386800.0
VALE3,M15,08/12/2025,67.16,67.19,67.03,67.06,19717675.81,293800.0
VALE3,M15,08/12/2025,67.04,67.25,67.01,67.16,76767370.46,1143900.0
VALE3,M15,08/12/2025,66.89,67.05,66.85,67.04,31497976.83,470300.0
VALE3,M15,08/12/2025,66.84,67.1,66.84,66.9,47491228.33,709300.0
VALE3,M15,05/12/2025,66.65,66.72,66.57,66.72,1453180.35,21800.0
VALE3,M15,05/12/2025,66.66,66.76,66.59,66.65,227360379.58,3410600.0
VALE3,M15,05/12/2025,66.54,66.71,66.36,66.65,124847537.01,1875400.0
VALE3,M15,05/12/2025,66.82,66.84,66.51,66.53,90640187.34,1360000.0
VALE3,M15,05/12/2025,66.61,66.83,66.56,66.83,76055871.0,1141000.0
VALE3,M15,05/12/2025,66.65,66.77,66.51,66.6,102723785.07,1540900.0
VALE3,M15,05/12/2025,66.43,66.65,66.41,66.62,92913540.2,1397400.0
VALE3,M15,05/12/2025,66.74,66.82,66.36,66.42,170466469.45,2561100.0
VALE3,M15,05/12/2025,67.03,67.09,66.61,66.74,77135396.82,1153100.0
VALE3,M15,05/12/2025,67.23,67.5,67.01,67.03,58681041.25,872900.0
VALE3,M15,05/12/2025,67.22,67.36,67.07,67.22,117379414.99,1746100.0
VALE3,M15,05/12/2025,67.45,67.48,67.18,67.21,146124166.71,2173000.0
VALE3,M15,05/12/2025,67.65,67.7,67.41,67.45,55490428.51,821700.0
VALE3,M15,05/12/2025,67.75,67.75,67.35,67.65,95022056.95,1406600.0
VALE3,M15,05/12/2025,67.74,67.86,67.67,67.74,30989013.68,457300.0
VALE3,M15,05/12/2025,67.72,68.0,67.65,67.74,118196748.74,1742600.0
VALE3,M15,05/12/2025,67.98,67.98,67.62,67.72,53897479.71,795000.0
VALE3,M15,05/12/2025,67.67,68.09,67.67,67.99,78169276.57,1150900.0
VALE3,M15,05/12/2025,67.73,68.13,67.59,67.66,122306579.35,1802200.0
VALE3,M15,05/12/2025,68.15,68.54,67.6,67.73,148132547.58,2174100.0
VALE3,M15,05/12/2025,68.0,68.35,67.98,68.13,100223022.8,1471200.0
VALE3,M15,05/12/2025,68.53,68.56,67.93,68.0,143933819.39,2107100.0
VALE3,M15,05/12/2025,68.56,68.6,68.48,68.51,15124035.12,220700.0
VALE3,M15,05/12/2025,68.42,68.62,68.36,68.56,26406624.59,385400.0
VALE3,M15,05/12/2025,68.41,68.65,68.32,68.42,77591712.37,1132500.0
VALE3,M15,05/12/2025,68.02,68.45,67.97,68.39,101288939.46,1484600.0
VALE3,M15,05/12/2025,68.41,68.44,67.92,68.0,95466542.91,1401000.0
VALE3,M15,05/12/2025,68.52,68.53,68.36,68.41,32240606.82,471000.0
VALE3,M15,05/12/2025,68.33,68.53,68.33,68.49,34381571.44,502200.0
VALE3,M15,05/12/2025,68.24,68.38,68.18,68.32,30346977.04,444600.0
VALE3,M15,05/12/2025,68.19,68.31,68.14,68.26,21368682.08,313300.0
VALE3,M15,05/12/2025,68.34,68.39,68.1,68.19,25865780.18,379000.0
VALE3,M15,05/12/2025,68.3,68.42,68.2,68.35,19161872.61,280500.0
VALE3,M15,04/12/2025,68.44,68.46,68.26,68.26,281827435.84,4126300.0
VALE3,M15,04/12/2025,68.69,68.71,68.44,68.44,89880868.36,1310700.0
VALE3,M15,04/12/2025,68.52,68.71,68.5,68.69,113631419.74,1655300.0
VALE3,M15,04/12/2025,68.51,68.58,68.45,68.5,241545218.24,3524600.0
VALE3,M15,04/12/2025,68.48,68.57,68.47,68.52,57201598.32,835000.0
VALE3,M15,04/12/2025,68.43,68.53,68.41,68.49,70537029.31,1029900.0
VALE3,M15,04/12/2025,68.52,68.54,68.34,68.42,47323542.06,691600.0
VALE3,M15,04/12/2025,68.53,68.58,68.5,68.52,55513168.98,810000.0
VALE3,M15,04/12/2025,68.49,68.58,68.42,68.53,71331199.29,1041200.0
VALE3,M15,04/12/2025,68.45,68.57,68.35,68.49,91147743.92,1331200.0
VALE3,M15,04/12/2025,68.17,68.57,68.12,68.45,97683257.21,1430500.0
VALE3,M15,04/12/2025,68.06,68.19,68.0,68.17,52709092.92,774000.0
VALE3,M15,04/12/2025,67.97,68.06,67.96,68.05,137585265.78,2024000.0
VALE3,M15,04/12/2025,67.97,68.05,67.89,67.97,42270139.64,622000.0
VALE3,M15,04/12/2025,67.92,68.07,67.84,67.97,63365087.62,931900.0
VALE3,M15,04/12/2025,68.1,68.11,67.86,67.91,76770543.31,1128700.0
VALE3,M15,04/12/2025,68.09,68.22,68.05,68.1,81883797.01,1202300.0
VALE3,M15,04/12/2025,67.69,68.11,67.69,68.11,59788654.78,880400.0
VALE3,M15,04/12/2025,67.66,67.8,67.66,67.7,19009111.91,280700.0
VALE3,M15,04/12/2025,67.76,67.85,67.66,67.67,28976758.58,427700.0
VALE3,M15,04/12/2025,67.84,67.86,67.72,67.77,25814536.31,380800.0
VALE3,M15,04/12/2025,68.09,68.1,67.81,67.83,27969504.92,411600.0
VALE3,M15,04/12/2025,67.73,68.11,67.69,68.1,81485945.14,1200500.0
VALE3,M15,04/12/2025,67.61,67.75,67.56,67.72,22905815.19,338400.0
VALE3,M15,04/12/2025,67.59,67.73,67.51,67.6,46440908.25,687000.0
VALE3,M15,04/12/2025,67.49,67.76,67.34,67.59,153965141.27,2279800.0
VALE3,M15,04/12/2025,67.39,67.72,67.38,67.5,220592999.9,3265900.0
VALE3,M15,04/12/2025,67.18,67.42,67.18,67.38,42614027.5,632600.0
VALE3,M15,04/12/2025,67.31,67.39,67.15,67.19,28378308.46,421900.0
VALE3,M15,04/12/2025,67.35,67.41,67.2,67.32,65522389.13,974000.0
VALE3,M15,04/12/2025,67.32,67.47,67.27,67.38,59806928.77,887300.0
VALE3,M15,04/12/2025,67.1,67.45,67.09,67.31,32451883.41,482100.0
VALE3,M15,03/12/2025,67.43,67.43,67.09,67.09,380634265.71,5667500.0
VALE3,M15,03/12/2025,67.33,67.48,67.25,67.42,123042138.53,1827000.0
VALE3,M15,03/12/2025,67.37,67.44,67.26,67.33,143059290.9,2124300.0
VALE3,M15,03/12/2025,67.3,67.38,67.23,67.37,64741612.86,962100.0
VALE3,M15,03/12/2025,67.28,67.3,67.22,67.28,50742170.69,754400.0
VALE3,M15,03/12/2025,67.2,67.35,67.16,67.28,76048288.63,1130700.0
VALE3,M15,03/12/2025,67.17,67.23,67.11,67.18,103934351.41,1547200.0
VALE3,M15,03/12/2025,67.11,67.29,67.1,67.15,119382557.77,1776700.0
VALE3,M15,03/12/2025,67.14,67.25,67.06,67.11,87323159.06,1300000.0
VALE3,M15,03/12/2025,67.05,67.25,67.04,67.14,126849700.32,1890100.0
VALE3,M15,03/12/2025,66.85,67.1,66.82,67.08,61476937.01,918000.0
VALE3,M15,03/12/2025,66.9,66.9,66.72,66.82,78568860.54,1176300.0
VALE3,M15,03/12/2025,66.92,66.99,66.88,66.9,35818594.3,535200.0
VALE3,M15,03/12/2025,66.98,67.0,66.86,66.92,56016447.01,836800.0
VALE3,M15,03/12/2025,67.01,67.02,66.92,66.97,36992511.09,552300.0
VALE3,M15,03/12/2025,67.0,67.12,66.89,67.01,87433059.29,1304500.0
VALE3,M15,03/12/2025,66.86,67.04,66.8,67.0,54595072.94,816000.0
VALE3,M15,03/12/2025,66.79,66.9,66.79,66.87,26083873.21,390200.0
VALE3,M15,03/12/2025,66.75,66.85,66.69,66.79,71087808.91,1064600.0
VALE3,M15,03/12/2025,67.0,67.0,66.72,66.76,56160744.57,840500.0
VALE3,M15,03/12/2025,66.51,67.01,66.5,66.99,89833710.36,1345100.0
VALE3,M15,03/12/2025,66.44,66.58,66.38,66.51,43545451.77,654900.0
VALE3,M15,03/12/2025,66.34,66.59,66.32,66.43,68463684.35,1030500.0
VALE3,M15,03/12/2025,66.51,66.81,66.29,66.33,211667745.47,3180300.0
VALE3,M15,03/12/2025,66.23,66.66,66.22,66.49,289806766.59,4359300.0
VALE3,M15,03/12/2025,65.58,66.29,65.44,66.24,151168828.86,2294500.0
VALE3,M15,03/12/2025,65.62,65.62,65.49,65.59,18612114.24,283900.0
VALE3,M15,03/12/2025,65.49,65.62,65.47,65.59,12573607.33,191900.0
VALE3,M15,03/12/2025,65.64,65.64,65.46,65.49,26028259.68,397000.0
VALE3,M15,03/12/2025,65.5,65.64,65.46,65.64,39202066.31,598100.0
VALE3,M15,03/12/2025,65.42,65.53,65.4,65.49,17937130.49,274000.0
VALE3,M15,03/12/2025,65.36,65.51,65.32,65.41,22071747.83,337300.0
VALE3,M15,02/12/2025,65.16,65.22,64.99,64.99,136209092.66,2094600.0
VALE3,M15,02/12/2025,65.02,65.18,64.99,65.17,43928848.82,675100.0
VALE3,M15,02/12/2025,64.92,65.03,64.91,65.03,48324337.09,743800.0
VALE3,M15,02/12/2025,64.9,64.94,64.87,64.92,21751149.96,335100.0
VALE3,M15,02/12/2025,64.87,64.95,64.87,64.89,68805584.8,1059900.0
VALE3,M15,02/12/2025,64.8,64.89,64.76,64.87,82510213.34,1272900.0
VALE3,M15,02/12/2025,64.75,64.81,64.74,64.8,29973909.06,462700.0
VALE3,M15,02/12/2025,64.7,64.77,64.69,64.75,31132539.62,480900.0
VALE3,M15,02/12/2025,64.67,64.76,64.67,64.71,22309796.67,344700.0
VALE3,M15,02/12/2025,64.71,64.76,64.65,64.68,23026791.43,355900.0
VALE3,M15,02/12/2025,64.68,64.72,64.66,64.71,24967641.85,386000.0
VALE3,M15,02/12/2025,64.53,64.71,64.52,64.68,30402680.74,470300.0
VALE3,M15,02/12/2025,64.59,64.62,64.53,64.54,16273060.79,252000.0
VALE3,M15,02/12/2025,64.61,64.63,64.57,64.61,146369350.89,2266200.0
VALE3,M15,02/12/2025,64.6,64.64,64.57,64.62,24099547.32,373000.0
VALE3,M15,02/12/2025,64.56,64.65,64.55,64.61,26627204.27,412100.0
VALE3,M15,02/12/2025,64.58,64.66,64.51,64.57,21077498.76,326400.0
VALE3,M15,02/12/2025,64.42,64.6,64.42,64.59,24440135.16,378900.0
VALE3,M15,02/12/2025,64.56,64.57,64.4,64.42,35481199.23,550000.0
VALE3,M15,02/12/2025,64.45,64.58,64.44,64.57,42402251.69,657000.0
VALE3,M15,02/12/2025,64.51,64.56,64.43,64.45,34088671.2,528600.0
VALE3,M15,02/12/2025,64.59,64.65,64.49,64.51,25212612.48,390500.0
VALE3,M15,02/12/2025,64.75,64.77,64.53,64.56,54226961.16,838600.0
VALE3,M15,02/12/2025,64.82,64.84,64.73,64.75,24707890.86,381400.0
VALE3,M15,02/12/2025,64.55,64.85,64.53,64.82,42457251.16,655600.0
VALE3,M15,02/12/2025,64.89,64.93,64.51,64.56,83792247.0,1294200.0
VALE3,M15,02/12/2025,64.94,64.98,64.84,64.88,78056362.94,1202500.0
VALE3,M15,02/12/2025,64.71,64.94,64.63,64.94,39066589.7,602800.0
VALE3,M15,02/12/2025,64.56,64.7,64.48,64.69,30771886.83,476600.0
VALE3,M15,02/12/2025,64.53,64.62,64.42,64.56,33988800.12,526800.0
VALE3,M15,02/12/2025,64.4,64.54,64.31,64.53,48754513.44,756900.0
VALE3,M15,02/12/2025,64.63,64.72,64.31,64.43,65428859.94,1015200.0
VALE3,M15,01/12/2025,64.49,64.53,64.42,64.46,130751693.89,2028200.0
VALE3,M15,01/12/2025,64.62,64.66,64.49,64.5,38905358.27,602300.0
VALE3,M15,01/12/2025,64.6,64.63,64.58,64.61,95443353.52,1477300.0
VALE3,M15,01/12/2025,64.53,64.61,64.5,64.61,42175178.26,653300.0
VALE3,M15,01/12/2025,64.5,64.54,64.48,64.53,15627496.33,242200.0
VALE3,M15,01/12/2025,64.49,64.57,64.45,64.51,19348824.68,299900.0
VALE3,M15,01/12/2025,64.53,64.54,64.47,64.49,16961919.44,262900.0
VALE3,M15,01/12/2025,64.54,64.57,64.51,64.53,7621912.5,118100.0
VALE3,M15,01/12/2025,64.61,64.61,64.53,64.53,16503186.52,255600.0
VALE3,M15,01/12/2025,64.56,64.61,64.52,64.6,19756896.47,306000.0
VALE3,M15,01/12/2025,64.48,64.56,64.47,64.55,21535239.86,333800.0
VALE3,M15,01/12/2025,64.45,64.51,64.42,64.49,9816796.51,152300.0
VALE3,M15,01/12/2025,64.5,64.51,64.37,64.45,21211920.92,329200.0
VALE3,M15,01/12/2025,64.46,64.53,64.46,64.5,13526183.26,209700.0
VALE3,M15,01/12/2025,64.49,64.53,64.45,64.46,20539431.42,318500.0
VALE3,M15,01/12/2025,64.41,64.51,64.37,64.48,19067220.64,295900.0
VALE3,M15,01/12/2025,64.36,64.49,64.36,64.39,31856493.2,494400.0
VALE3,M15,01/12/2025,64.41,64.43,64.31,64.35,16737399.09,260000.0
VALE3,M15,01/12/2025,64.41,64.43,64.34,64.41,9801340.4,152200.0
VALE3,M15,01/12/2025,64.33,64.44,64.3,64.42,47620320.34,739900.0
VALE3,M15,01/12/2025,64.3,64.36,64.25,64.32,10915463.81,169700.0
VALE3,M15,01/12/2025,64.39,64.4,64.24,64.29,20350872.52,316400.0
VALE3,M15,01/12/2025,64.59,64.59,64.35,64.39,30873002.18,479100.0
VALE3,M15,01/12/2025,64.44,64.61,64.42,64.58,37322623.7,578400.0
VALE3,M15,01/12/2025,64.41,64.53,64.39,64.45,47784262.4,741200.0
VALE3,M15,01/12/2025,64.27,64.43,64.18,64.39,56403811.31,877200.0
VALE3,M15,01/12/2025,64.2,64.32,64.13,64.28,24521003.33,381700.0
VALE3,M15,01/12/2025,64.15,64.21,64.08,64.21,23598094.4,367900.0
VALE3,M15,01/12/2025,64.11,64.18,64.07,64.15,24255891.82,378200.0
VALE3,M15,01/12/2025,64.19,64.34,64.07,64.11,39344764.64,612700.0
VALE3,M15,01/12/2025,64.08,64.27,64.06,64.18,50377908.47,784900.0
VALE3,M15,01/12/2025,64.35,64.35,64.08,64.08,28114256.15,437900.0
VALE3,M15,28/11/2025,64.04,64.14,63.97,64.11,1230840.09,19200.0
VALE3,M15,28/11/2025,64.09,64.11,63.92,63.97,209837716.87,3279500.0
VALE3,M15,28/11/2025,64.05,64.09,64.01,64.09,46151569.98,720600.0
VALE3,M15,28/11/2025,64.05,64.08,64.01,64.05,79525255.66,1241500.0
VALE3,M15,28/11/2025,64.09,64.09,64.01,64.05,20579863.13,321300.0
VALE3,M15,28/11/2025,64.16,64.16,64.08,64.09,16866389.55,263000.0
VALE3,M15,28/11/2025,64.09,64.16,64.05,64.16,16391103.36,255700.0
VALE3,M15,28/11/2025,64.14,64.16,64.06,64.1,22063502.99,344200.0
VALE3,M15,28/11/2025,64.13,64.16,64.08,64.15,121338870.94,1892700.0
VALE3,M15,28/11/2025,64.06,64.16,64.04,64.13,21308879.21,332400.0
VALE3,M15,28/11/2025,64.01,64.1,64.01,64.06,27201831.95,424600.0
VALE3,M15,28/11/2025,64.04,64.08,64.0,64.02,86047869.71,1343400.0
VALE3,M15,28/11/2025,63.87,64.04,63.87,64.02,118694979.45,1856500.0
VALE3,M15,28/11/2025,63.76,63.96,63.75,63.88,96031865.59,1503400.0
VALE3,M15,28/11/2025,63.88,63.91,63.75,63.76,112671460.75,1764700.0
VALE3,M15,28/11/2025,63.97,64.01,63.87,63.88,21917490.4,342600.0
VALE3,M15,28/11/2025,63.68,63.98,63.68,63.96,100861006.78,1580000.0
VALE3,M15,28/11/2025,63.68,63.72,63.64,63.68,299726007.19,4706400.0
VALE3,M15,28/11/2025,63.88,63.9,63.63,63.68,53121748.86,833300.0
VALE3,M15,28/11/2025,63.87,63.89,63.81,63.89,29708980.72,465300.0
VALE3,M15,28/11/2025,63.86,64.16,63.75,63.87,106770320.12,1670500.0
VALE3,M15,28/11/2025,63.96,64.0,63.79,63.86,157646315.04,2464600.0
VALE3,M15,28/11/2025,63.93,64.02,63.89,63.95,331796434.46,5185600.0
VALE3,M15,28/11/2025,63.98,64.0,63.87,63.92,40875041.44,639300.0
VALE3,M15,28/11/2025,64.22,64.23,63.95,63.99,55209777.36,861300.0
VALE3,M15,28/11/2025,64.05,64.25,63.8,64.22,63795688.23,997100.0
VALE3,M15,28/11/2025,64.16,64.36,63.94,64.05,103594843.65,1614600.0
VALE3,M15,28/11/2025,64.1,64.21,64.01,64.14,126683723.38,1975300.0
VALE3,M15,28/11/2025,63.83,64.1,63.81,64.1,97949760.1,1531800.0
VALE3,M15,28/11/2025,63.87,63.93,63.72,63.83,41749593.65,654200.0
VALE3,M15,28/11/2025,63.88,64.02,63.73,63.87,41680199.17,652500.0
VALE3,M15,28/11/2025,63.87,64.06,63.79,63.9,159692263.23,2496800.0
VALE3,M15,28/11/2025,64.25,64.34,63.81,63.87,113784662.59,1773300.0
VALE3,M15,27/11/2025,63.03,63.1,62.95,62.95,90392072.34,1435500.0
VALE3,M15,27/11/2025,63.01,63.07,62.96,63.03,15359220.52,243800.0
VALE3,M15,27/11/2025,63.01,63.05,62.97,63.01,12767552.38,202600.0
VALE3,M15,27/11/2025,62.97,63.03,62.96,63.02,8699579.03,138100.0
VALE3,M15,27/11/2025,62.99,62.99,62.96,62.97,4912687.72,78000.0
VALE3,M15,27/11/2025,63.0,63.01,62.95,62.98,5347073.34,84900.0
VALE3,M15,27/11/2025,63.02,63.03,62.97,62.99,5575082.58,88500.0
VALE3,M15,27/11/2025,62.97,63.04,62.95,63.02,11529370.99,183000.0
VALE3,M15,27/11/2025,63.0,63.01,62.96,62.97,10058805.95,159700.0
VALE3,M15,27/11/2025,63.03,63.04,62.98,63.0,5147796.24,81700.0
VALE3,M15,27/11/2025,63.02,63.05,63.01,63.03,5464207.62,86700.0
VALE3,M15,27/11/2025,63.03,63.04,62.97,63.01,7673347.14,121800.0
VALE3,M15,27/11/2025,63.04,63.05,63.01,63.01,6466195.67,102600.0
VALE3,M15,27/11/2025,63.08,63.08,63.01,63.04,9815764.84,155700.0
VALE3,M15,27/11/2025,63.13,63.13,63.04,63.07,29289843.36,464400.0
VALE3,M15,27/11/2025,63.02,63.14,63.02,63.14,9908787.2,157000.0
VALE3,M15,27/11/2025,63.09,63.09,63.01,63.04,4703529.53,74600.0
VALE3,M15,27/11/2025,63.12,63.13,63.07,63.09,5401235.7,85600.0
VALE3,M15,27/11/2025,63.09,63.13,63.06,63.11,6580996.11,104300.0
VALE3,M15,27/11/2025,63.08,63.1,63.04,63.09,4768036.14,75600.0
VALE3,M15,27/11/2025,63.1,63.12,63.08,63.08,4763812.64,75500.0
VALE3,M15,27/11/2025,63.08,63.12,63.02,63.1,68451240.69,1085800.0
VALE3,M15,27/11/2025,62.98,63.09,62.96,63.08,7310360.51,116000.0
VALE3,M15,27/11/2025,62.97,62.98,62.94,62.98,2336031.51,37100.0
VALE3,M15,27/11/2025,63.0,63.04,62.93,62.97,6228373.67,98900.0
VALE3,M15,27/11/2025,63.07,63.08,62.96,63.0,6138768.07,97400.0
VALE3,M15,27/11/2025,63.01,63.08,62.97,63.07,136811658.07,2170900.0
VALE3,M15,27/11/2025,62.97,63.01,62.86,63.0,43894193.34,697400.0
VALE3,M15,27/11/2025,62.95,62.99,62.93,62.97,11206911.93,178000.0
VALE3,M15,27/11/2025,62.92,62.99,62.88,62.95,19510689.16,310000.0
VALE3,M15,27/11/2025,62.89,62.94,62.77,62.9,22047635.92,350700.0
VALE3,M15,27/11/2025,63.12,63.26,62.83,62.91,25022241.75,397300.0
VALE3,M15,26/11/2025,63.28,63.31,63.18,63.19,277945074.43,4397800.0
VALE3,M15,26/11/2025,63.28,63.3,63.23,63.25,48471786.61,766200.0
VALE3,M15,26/11/2025,63.36,63.36,63.27,63.28,77317991.57,1221100.0
VALE3,M15,26/11/2025,63.32,63.38,63.26,63.36,183026538.8,2890800.0
VALE3,M15,26/11/2025,63.38,63.4,63.3,63.31,27844432.35,439500.0
VALE3,M15,26/11/2025,63.47,63.49,63.34,63.38,38199747.03,602200.0
VALE3,M15,26/11/2025,63.31,63.48,63.3,63.47,35567593.07,560900.0
VALE3,M15,26/11/2025,63.37,63.39,63.31,63.31,26725709.6,421900.0
VALE3,M15,26/11/2025,63.33,63.37,63.31,63.36,27363691.68,432000.0
VALE3,M15,26/11/2025,63.35,63.37,63.26,63.32,23559604.55,372100.0
VALE3,M15,26/11/2025,63.32,63.35,63.27,63.35,26524509.62,418900.0
VALE3,M15,26/11/2025,63.34,63.4,63.23,63.33,134880375.55,2129700.0
VALE3,M15,26/11/2025,63.2,63.35,63.19,63.33,112242294.24,1773700.0
VALE3,M15,26/11/2025,63.19,63.21,63.12,63.19,30443500.64,482000.0
VALE3,M15,26/11/2025,63.29,63.3,63.14,63.18,34230601.7,541500.0
VALE3,M15,26/11/2025,63.26,63.34,63.24,63.27,46160992.65,729300.0
VALE3,M15,26/11/2025,63.27,63.33,63.2,63.25,88751463.46,1403100.0
VALE3,M15,26/11/2025,63.26,63.31,63.17,63.27,52101152.74,823800.0
VALE3,M15,26/11/2025,62.97,63.29,62.95,63.25,102574416.46,1625400.0
VALE3,M15,26/11/2025,63.01,63.09,62.94,62.95,34819646.22,552600.0
VALE3,M15,26/11/2025,62.95,63.01,62.92,63.0,28764248.16,456800.0
VALE3,M15,26/11/2025,62.86,62.98,62.84,62.98,41710706.13,662800.0
VALE3,M15,26/11/2025,62.93,62.95,62.83,62.86,25535073.44,406100.0
VALE3,M15,26/11/2025,62.93,62.93,62.77,62.93,28172599.3,448200.0
VALE3,M15,26/11/2025,62.88,63.0,62.84,62.9,75987427.51,1207600.0
VALE3,M15,26/11/2025,62.65,63.06,62.65,62.86,285520558.79,4542400.0
VALE3,M15,26/11/2025,62.64,62.74,62.62,62.65,19068442.13,304200.0
VALE3,M15,26/11/2025,62.64,62.69,62.62,62.63,32965481.02,526200.0
VALE3,M15,26/11/2025,62.66,62.66,62.56,62.65,43292434.65,691200.0
VALE3,M15,26/11/2025,62.71,62.74,62.61,62.66,54720355.26,873000.0
VALE3,M15,26/11/2025,62.62,62.72,62.56,62.72,25446010.72,406200.0
VALE3,M15,26/11/2025,62.63,62.77,62.58,62.62,18748486.8,299300.0
VALE3,M15,25/11/2025,62.25,62.34,62.2,62.26,160217340.23,2573400.0
VALE3,M15,25/11/2025,62.25,62.3,62.23,62.25,83370624.9,1339000.0
VALE3,M15,25/11/2025,62.29,62.33,62.25,62.25,38221064.79,613600.0
VALE3,M15,25/11/2025,62.23,62.29,62.22,62.28,23273945.0,373800.0
VALE3,M15,25/11/2025,62.18,62.25,62.17,62.22,29462185.92,473600.0
VALE3,M15,25/11/2025,62.13,62.19,62.12,62.19,21961019.03,353300.0
VALE3,M15,25/11/2025,62.25,62.28,62.0,62.14,33895491.12,545600.0
VALE3,M15,25/11/2025,62.33,62.35,62.25,62.26,21506167.94,345200.0
VALE3,M15,25/11/2025,62.25,62.34,62.23,62.33,15532287.24,249400.0
VALE3,M15,25/11/2025,62.23,62.26,62.22,62.25,9398785.74,151000.0
VALE3,M15,25/11/2025,62.29,62.34,62.2,62.22,16634041.96,267100.0
VALE3,M15,25/11/2025,62.24,62.31,62.22,62.29,38436429.16,617300.0
VALE3,M15,25/11/2025,62.21,62.26,62.19,62.25,7853703.91,126200.0
VALE3,M15,25/11/2025,62.23,62.27,62.17,62.22,16643364.04,267500.0
VALE3,M15,25/11/2025,62.28,62.29,62.23,62.23,7322023.07,117600.0
VALE3,M15,25/11/2025,62.26,62.31,62.19,62.28,19632518.64,315300.0
VALE3,M15,25/11/2025,62.26,62.31,62.22,62.25,35060384.81,563100.0
VALE3,M15,25/11/2025,62.21,62.28,62.21,62.24,8509478.79,136700.0
VALE3,M15,25/11/2025,62.21,62.23,62.17,62.21,10722989.87,172400.0
VALE3,M15,25/11/2025,62.16,62.22,62.1,62.21,11953270.94,192300.0
VALE3,M15,25/11/2025,62.36,62.39,62.07,62.14,49163748.83,789600.0
VALE3,M15,25/11/2025,62.4,62.49,62.35,62.37,21377356.87,342500.0
VALE3,M15,25/11/2025,62.28,62.45,62.27,62.41,13349320.14,214000.0
VALE3,M15,25/11/2025,62.37,62.41,62.21,62.28,24064939.29,386400.0
VALE3,M15,25/11/2025,62.26,62.44,62.2,62.36,31710773.88,508800.0
VALE3,M15,25/11/2025,62.07,62.49,62.02,62.26,149356250.43,2397000.0
VALE3,M15,25/11/2025,62.13,62.15,62.02,62.1,21515386.56,346600.0
VALE3,M15,25/11/2025,62.1,62.19,62.02,62.14,31524116.03,507500.0
VALE3,M15,25/11/2025,62.29,62.32,62.09,62.1,37939853.68,610200.0
VALE3,M15,25/11/2025,62.44,62.56,62.28,62.28,67773247.34,1084900.0
VALE3,M15,25/11/2025,62.36,62.54,62.33,62.42,45288579.71,725500.0
VALE3,M15,25/11/2025,61.84,62.45,61.84,62.39,35414187.94,568900.0
VALE3,M15,24/11/2025,61.74,61.78,61.6,61.78,576380233.66,9330300.0
VALE3,M15,24/11/2025,61.74,61.79,61.67,61.73,52090052.05,843900.0
VALE3,M15,24/11/2025,61.73,61.76,61.68,61.73,51677785.23,837400.0
VALE3,M15,24/11/2025,61.74,61.81,61.7,61.74,31482529.26,509800.0
VALE3,M15,24/11/2025,61.81,61.82,61.73,61.74,13312617.44,215500.0
VALE3,M15,24/11/2025,61.83,61.85,61.8,61.81,12203060.16,197400.0
VALE3,M15,24/11/2025,61.86,61.87,61.81,61.83,11372204.56,183900.0
VALE3,M15,24/11/2025,62.0,62.01,61.85,61.85,23671917.4,382200.0
VALE3,M15,24/11/2025,62.05,62.05,61.98,62.01,18113446.93,292100.0
VALE3,M15,24/11/2025,61.99,62.06,61.99,62.05,18648538.84,300600.0
VALE3,M15,24/11/2025,62.0,62.02,61.98,61.99,9503579.8,153300.0
VALE3,M15,24/11/2025,62.0,62.05,61.98,62.0,11670975.95,188200.0
VALE3,M15,24/11/2025,62.04,62.05,62.0,62.0,8248542.38,133000.0
VALE3,M15,24/11/2025,62.02,62.07,62.0,62.05,21951851.67,353900.0
VALE3,M15,24/11/2025,62.01,62.05,61.97,62.04,12265225.34,197800.0
VALE3,M15,24/11/2025,62.1,62.11,61.96,62.01,32458479.66,523100.0
VALE3,M15,24/11/2025,62.16,62.19,62.09,62.1,21947617.72,353200.0
VALE3,M15,24/11/2025,62.04,62.17,62.03,62.15,20894837.58,336400.0
VALE3,M15,24/11/2025,62.0,62.12,62.0,62.04,16552642.29,266700.0
VALE3,M15,24/11/2025,62.02,62.1,61.98,62.0,22903233.63,369100.0
VALE3,M15,24/11/2025,62.08,62.13,62.01,62.03,16163754.69,260400.0
VALE3,M15,24/11/2025,61.97,62.11,61.96,62.1,16660676.59,268500.0
VALE3,M15,24/11/2025,62.0,62.04,61.94,61.99,18835843.03,303800.0
VALE3,M15,24/11/2025,61.97,62.07,61.93,62.0,25610217.58,413000.0
VALE3,M15,24/11/2025,61.82,62.0,61.8,61.96,25706594.07,415000.0
VALE3,M15,24/11/2025,61.72,62.02,61.69,61.81,37217851.46,602000.0
VALE3,M15,24/11/2025,61.56,61.86,61.54,61.75,38880286.81,630200.0
VALE3,M15,24/11/2025,61.56,61.6,61.48,61.56,17746161.82,288400.0
VALE3,M15,24/11/2025,61.6,61.63,61.52,61.57,9236029.1,150000.0
VALE3,M15,24/11/2025,61.69,61.75,61.55,61.59,29160706.74,473200.0
VALE3,M15,24/11/2025,61.65,61.76,61.54,61.72,25077565.81,406900.0
VALE3,M15,24/11/2025,61.7,61.85,61.64,61.66,17502018.81,283600.0
VALE3,M15,21/11/2025,61.83,61.94,61.58,61.94,4114325.56,66600.0
VALE3,M15,21/11/2025,61.81,61.95,61.81,61.84,352782384.81,5704100.0
VALE3,M15,21/11/2025,61.79,61.89,61.72,61.82,74360616.67,1203000.0
VALE3,M15,21/11/2025,61.81,61.86,61.75,61.79,24773327.6,400800.0
VALE3,M15,21/11/2025,61.77,61.81,61.71,61.81,16632090.61,269300.0
VALE3,M15,21/11/2025,61.75,61.78,61.7,61.77,14904008.77,241400.0
VALE3,M15,21/11/2025,61.71,61.76,61.67,61.75,12012665.7,194600.0
VALE3,M15,21/11/2025,61.67,61.78,61.63,61.7,21602459.96,350000.0
VALE3,M15,21/11/2025,61.63,61.71,61.61,61.68,13344129.5,216400.0
VALE3,M15,21/11/2025,61.59,61.72,61.57,61.62,24768819.37,401900.0
VALE3,M15,21/11/2025,61.52,61.61,61.51,61.59,33302379.7,541000.0
VALE3,M15,21/11/2025,61.57,61.57,61.48,61.53,20631622.37,335300.0
VALE3,M15,21/11/2025,61.63,61.65,61.51,61.57,20294743.62,329700.0
VALE3,M15,21/11/2025,61.7,61.72,61.6,61.63,41022111.32,665300.0
VALE3,M15,21/11/2025,61.6,61.71,61.6,61.7,24653157.14,399900.0
VALE3,M15,21/11/2025,61.58,61.63,61.52,61.6,23296970.19,378300.0
VALE3,M15,21/11/2025,61.57,61.63,61.49,61.57,47027250.68,763700.0
VALE3,M15,21/11/2025,61.5,61.61,61.49,61.57,39131197.87,635900.0
VALE3,M15,21/11/2025,61.48,61.51,61.41,61.51,19280414.41,313600.0
VALE3,M15,21/11/2025,61.38,61.49,61.28,61.49,13502489.9,219900.0
VALE3,M15,21/11/2025,61.23,61.41,61.12,61.39,26072631.11,425300.0
VALE3,M15,21/11/2025,61.17,61.3,61.04,61.23,33506203.0,548000.0
VALE3,M15,21/11/2025,61.31,61.4,60.87,61.18,63731806.12,1043000.0
VALE3,M15,21/11/2025,61.43,61.46,61.26,61.31,52974584.07,863500.0
VALE3,M15,21/11/2025,61.34,61.49,61.34,61.43,16220624.84,264100.0
VALE3,M15,21/11/2025,61.46,61.54,61.26,61.32,65878236.62,1072800.0
VALE3,M15,21/11/2025,61.55,61.72,61.42,61.45,78481826.06,1275200.0
VALE3,M15,21/11/2025,61.44,61.58,61.39,61.55,17283117.14,281100.0
VALE3,M15,21/11/2025,61.47,61.52,61.37,61.45,9458785.07,153900.0
VALE3,M15,21/11/2025,61.48,61.5,61.41,61.47,10158401.79,165300.0
VALE3,M15,21/11/2025,61.44,61.51,61.4,61.46,9193751.39,149600.0
VALE3,M15,21/11/2025,61.44,61.49,61.36,61.44,7609520.08,123900.0
VALE3,M15,21/11/2025,61.26,61.54,61.26,61.45,16949773.79,276200.0
VALE3,M15,19/11/2025,61.63,61.64,61.56,61.64,114866524.15,1863700.0
VALE3,M15,19/11/2025,61.61,61.67,61.6,61.63,33333240.68,540900.0
VALE3,M15,19/11/2025,61.6,61.65,61.58,61.61,44933870.19,729300.0
VALE3,M15,19/11/2025,61.58,61.61,61.56,61.6,30513688.58,495500.0
VALE3,M15,19/11/2025,61.53,61.58,61.48,61.58,24871729.47,404200.0
VALE3,M15,19/11/2025,61.48,61.56,61.48,61.53,24513314.66,398400.0
VALE3,M15,19/11/2025,61.62,61.63,61.48,61.48,29134355.9,473300.0
VALE3,M15,19/11/2025,61.6,61.65,61.58,61.62,153206452.49,2486800.0
VALE3,M15,19/11/2025,61.55,61.63,61.5,61.6,50523799.57,820600.0
VALE3,M15,19/11/2025,61.55,61.6,61.5,61.56,58381892.12,948400.0
VALE3,M15,19/11/2025,61.61,61.63,61.55,61.56,22869494.98,371400.0
VALE3,M15,19/11/2025,61.61,61.68,61.58,61.6,16196570.82,262800.0
VALE3,M15,19/11/2025,61.68,61.72,61.57,61.59,19938992.94,323500.0
VALE3,M15,19/11/2025,61.74,61.75,61.45,61.7,35035555.37,568800.0
VALE3,M15,19/11/2025,61.71,61.74,61.67,61.72,37532373.18,608200.0
VALE3,M15,19/11/2025,61.66,61.74,61.61,61.68,23638970.3,383300.0
VALE3,M15,19/11/2025,61.63,61.69,61.58,61.66,16358657.38,265400.0
VALE3,M15,19/11/2025,61.63,61.69,61.59,61.63,13078501.68,212200.0
VALE3,M15,19/11/2025,61.73,61.77,61.58,61.62,12298401.18,199400.0
VALE3,M15,19/11/2025,61.79,61.81,61.68,61.73,18182503.54,294500.0
VALE3,M15,19/11/2025,61.86,61.88,61.78,61.79,19242562.35,311200.0
VALE3,M15,19/11/2025,61.87,61.94,61.82,61.86,57538932.64,929800.0
VALE3,M15,19/11/2025,61.8,61.88,61.74,61.88,14665342.07,237200.0
VALE3,M15,19/11/2025,61.64,61.85,61.63,61.81,20250718.61,327900.0
VALE3,M15,19/11/2025,61.59,61.78,61.41,61.68,50200808.07,814700.0
VALE3,M15,19/11/2025,61.59,61.6,61.44,61.6,15636812.71,254200.0
VALE3,M15,19/11/2025,61.51,61.59,61.48,61.59,17406610.4,282900.0
VALE3,M15,19/11/2025,61.54,61.62,61.49,61.52,13078467.52,212500.0
VALE3,M15,19/11/2025,61.67,61.68,61.53,61.54,9671600.15,157000.0
VALE3,M15,19/11/2025,61.75,61.77,61.66,61.68,5231856.24,84800.0
VALE3,M15,19/11/2025,61.71,61.88,61.66,61.75,16118983.68,261000.0
VALE3,M15,18/11/2025,61.71,61.75,61.67,61.71,256326126.68,4153700.0
VALE3,M15,18/11/2025,61.7,61.74,61.65,61.71,27671743.38,448500.0
VALE3,M15,18/11/2025,61.78,61.8,61.68,61.7,41479837.24,672200.0
VALE3,M15,18/11/2025,61.79,61.81,61.76,61.78,13925621.08,225400.0
VALE3,M15,18/11/2025,61.81,61.86,61.74,61.79,29761154.72,481700.0
VALE3,M15,18/11/2025,61.81,61.86,61.79,61.81,13829001.62,223700.0
VALE3,M15,18/11/2025,61.86,61.86,61.76,61.81,29928554.35,484300.0
VALE3,M15,18/11/2025,61.81,61.86,61.77,61.86,17424872.06,281900.0
VALE3,M15,18/11/2025,61.84,61.85,61.76,61.81,17214660.36,278500.0
VALE3,M15,18/11/2025,61.85,61.9,61.8,61.81,18309588.2,296000.0
VALE3,M15,18/11/2025,61.84,61.86,61.78,61.85,14468636.08,234000.0
VALE3,M15,18/11/2025,61.9,61.96,61.81,61.84,16670453.29,269400.0
VALE3,M15,18/11/2025,61.81,61.97,61.76,61.91,21837527.67,353000.0
VALE3,M15,18/11/2025,61.63,61.86,61.6,61.81,19982608.88,323700.0
VALE3,M15,18/11/2025,61.68,61.72,61.62,61.63,12916696.05,209500.0
VALE3,M15,18/11/2025,61.7,61.76,61.64,61.67,147148285.9,2384600.0
VALE3,M15,18/11/2025,61.64,61.77,61.6,61.7,29946487.62,485500.0
VALE3,M15,18/11/2025,61.7,61.74,61.62,61.64,20565324.8,333400.0
VALE3,M15,18/11/2025,61.57,61.72,61.55,61.7,24045235.0,390200.0
VALE3,M15,18/11/2025,61.3,61.58,61.27,61.57,28237217.92,459900.0
VALE3,M15,18/11/2025,61.31,61.36,61.22,61.3,25072141.7,409100.0
VALE3,M15,18/11/2025,61.3,61.35,61.2,61.29,31616288.95,515800.0
VALE3,M15,18/11/2025,61.13,61.29,61.1,61.27,62491931.53,1021200.0
VALE3,M15,18/11/2025,61.32,61.33,61.12,61.14,60965989.28,996500.0
VALE3,M15,18/11/2025,61.21,61.32,61.08,61.32,72094081.2,1178000.0
VALE3,M15,18/11/2025,61.41,61.41,61.03,61.21,159851710.35,2611200.0
VALE3,M15,18/11/2025,61.48,61.55,61.39,61.4,27031795.71,439700.0
VALE3,M15,18/11/2025,61.52,61.53,61.45,61.47,21343642.89,347100.0
VALE3,M15,18/11/2025,61.6,61.63,61.46,61.52,11142466.06,181000.0
VALE3,M15,18/11/2025,61.6,61.64,61.51,61.6,40777793.67,662300.0
VALE3,M15,18/11/2025,61.26,61.61,61.25,61.6,47232167.34,768000.0
VALE3,M15,18/11/2025,61.17,61.32,61.09,61.27,21411136.33,349700.0
VALE3,M15,17/11/2025,61.67,61.9,61.61,61.9,213328230.42,3449200.0
VALE3,M15,17/11/2025,61.76,61.77,61.63,61.68,121871929.88,1975300.0
VALE3,M15,17/11/2025,61.78,61.81,61.74,61.74,29240417.96,473300.0
VALE3,M15,17/11/2025,61.76,61.82,61.72,61.77,48891792.4,791500.0
VALE3,M15,17/11/2025,61.81,61.87,61.75,61.78,36417547.43,589100.0
VALE3,M15,17/11/2025,62.01,62.04,61.8,61.8,27957090.67,451500.0
VALE3,M15,17/11/2025,62.03,62.08,61.97,62.03,22961376.52,370200.0
VALE3,M15,17/11/2025,62.06,62.06,61.99,62.04,19774559.24,318800.0
VALE3,M15,17/11/2025,62.07,62.14,62.03,62.06,14571477.85,234700.0
VALE3,M15,17/11/2025,62.13,62.15,62.02,62.07,17997202.91,289900.0
VALE3,M15,17/11/2025,62.14,62.2,62.11,62.13,12207367.18,196400.0
VALE3,M15,17/11/2025,62.17,62.19,62.13,62.14,11394135.45,183300.0
VALE3,M15,17/11/2025,62.22,62.24,62.16,62.19,39144687.45,629300.0
VALE3,M15,17/11/2025,62.25,62.26,62.18,62.23,15906156.27,255600.0
VALE3,M15,17/11/2025,62.17,62.25,62.15,62.25,20904271.64,336100.0
VALE3,M15,17/11/2025,62.16,62.2,62.11,62.18,21989427.53,353700.0
VALE3,M15,17/11/2025,62.14,62.18,62.11,62.14,5282695.8,85000.0
VALE3,M15,17/11/2025,62.16,62.19,62.11,62.14,13754147.9,221300.0
VALE3,M15,17/11/2025,62.06,62.16,62.01,62.15,7776998.49,125300.0
VALE3,M15,17/11/2025,62.14,62.16,62.01,62.09,11236504.91,181000.0
VALE3,M15,17/11/2025,62.17,62.21,62.09,62.14,8490034.55,136600.0
VALE3,M15,17/11/2025,62.06,62.19,62.04,62.15,24480619.07,394100.0
VALE3,M15,17/11/2025,62.0,62.11,61.98,62.07,8140699.79,131200.0
VALE3,M15,17/11/2025,62.06,62.14,62.0,62.0,12189561.09,196400.0
VALE3,M15,17/11/2025,61.96,62.1,61.93,62.07,16355208.35,263700.0
VALE3,M15,17/11/2025,62.06,62.15,61.89,61.97,69232721.18,1116600.0
VALE3,M15,17/11/2025,62.05,62.16,62.04,62.06,16933190.15,272700.0
VALE3,M15,17/11/2025,62.01,62.07,61.99,62.07,10093313.37,162700.0
VALE3,M15,17/11/2025,62.0,62.05,61.95,62.04,11561090.9,186500.0
VALE3,M15,17/11/2025,62.14,62.17,61.99,62.03,18813246.83,303100.0
VALE3,M15,17/11/2025,62.09,62.19,62.07,62.14,20336503.12,327400.0
VALE3,M15,17/11/2025,62.26,62.42,62.09,62.13,320943742.31,5149300.0
VALE3,M15,14/11/2025,61.93,62.06,61.86,61.86,731419.2,11800.0
VALE3,M15,14/11/2025,61.94,62.02,61.92,61.95,228266150.58,3684600.0
VALE3,M15,14/11/2025,61.94,61.99,61.92,61.95,30292608.72,489000.0
VALE3,M15,14/11/2025,61.98,61.99,61.88,61.94,25717295.19,415300.0
VALE3,M15,14/11/2025,62.0,62.02,61.98,61.99,9331678.58,150500.0
VALE3,M15,14/11/2025,61.98,62.04,61.97,62.0,17924788.38,289100.0
VALE3,M15,14/11/2025,61.96,61.99,61.91,61.98,16865777.38,272200.0
VALE3,M15,14/11/2025,62.0,62.02,61.95,61.96,18523197.68,298800.0
VALE3,M15,14/11/2025,62.03,62.04,61.93,62.0,26249385.09,423500.0
VALE3,M15,14/11/2025,62.03,62.06,61.98,62.02,16347372.57,263600.0
VALE3,M15,14/11/2025,62.03,62.11,61.98,62.02,14374231.83,231700.0
VALE3,M15,14/11/2025,62.09,62.09,61.96,62.02,18828504.58,303700.0
VALE3,M15,14/11/2025,62.09,62.11,61.91,62.1,21574559.23,348000.0
VALE3,M15,14/11/2025,62.14,62.16,62.0,62.08,16158914.27,260300.0
VALE3,M15,14/11/2025,62.07,62.2,62.04,62.14,39769129.65,640000.0
VALE3,M15,14/11/2025,62.0,62.09,61.99,62.08,12080626.09,194700.0
VALE3,M15,14/11/2025,62.04,62.06,61.94,62.0,15538644.32,250600.0
VALE3,M15,14/11/2025,62.01,62.07,61.98,62.04,7691837.53,124000.0
VALE3,M15,14/11/2025,61.97,62.07,61.95,62.02,13220841.25,213200.0
VALE3,M15,14/11/2025,61.9,62.06,61.9,61.97,13411871.61,216400.0
VALE3,M15,14/11/2025,61.81,61.92,61.75,61.9,17379877.07,281100.0
VALE3,M15,14/11/2025,61.78,61.88,61.76,61.81,15500236.09,250800.0
VALE3,M15,14/11/2025,61.78,61.82,61.7,61.79,18374604.49,297500.0
VALE3,M15,14/11/2025,61.73,61.81,61.7,61.79,17866185.17,289300.0
VALE3,M15,14/11/2025,61.98,61.98,61.64,61.72,37420342.22,605900.0
VALE3,M15,14/11/2025,61.66,61.98,61.66,61.98,28878542.73,467100.0
VALE3,M15,14/11/2025,61.67,61.79,61.32,61.67,76724895.33,1246300.0
VALE3,M15,14/11/2025,61.63,61.87,61.61,61.66,47044495.85,762400.0
VALE3,M15,14/11/2025,61.67,61.7,61.6,61.64,14816382.05,240300.0
VALE3,M15,14/11/2025,61.69,61.73,61.6,61.69,37874706.42,614400.0
VALE3,M15,14/11/2025,61.67,61.76,61.63,61.7,38620069.82,626000.0
VALE3,M15,14/11/2025,61.63,61.75,61.63,61.69,41851347.75,678400.0
VALE3,M15,14/11/2025,61.55,61.65,61.42,61.63,57465683.85,933900.0
VALE3,M15,13/11/2025,62.32,62.4,62.24,62.33,120866619.03,1939100.0
VALE3,M15,13/11/2025,62.19,62.37,62.19,62.33,33130628.44,531900.0
VALE3,M15,13/11/2025,62.35,62.36,62.19,62.2,30316447.3,487000.0
VALE3,M15,13/11/2025,62.23,62.4,62.23,62.34,27346957.12,438600.0
VALE3,M15,13/11/2025,62.2,62.24,62.14,62.23,26019253.65,418300.0
VALE3,M15,13/11/2025,62.11,62.22,62.09,62.21,33727512.54,542500.0
VALE3,M15,13/11/2025,62.07,62.14,61.99,62.11,54132293.06,872100.0
VALE3,M15,13/11/2025,62.34,62.34,62.02,62.06,45487378.46,731500.0
VALE3,M15,13/11/2025,62.37,62.41,62.29,62.34,63747236.61,1022300.0
VALE3,M15,13/11/2025,62.51,62.52,62.31,62.37,47260395.51,757300.0
VALE3,M15,13/11/2025,62.58,62.61,62.48,62.51,58849988.87,940700.0
VALE3,M15,13/11/2025,62.59,62.64,62.53,62.6,35846992.36,572800.0
VALE3,M15,13/11/2025,62.65,62.7,62.54,62.58,32127476.8,513000.0
VALE3,M15,13/11/2025,62.68,62.71,62.6,62.65,16078536.78,256600.0
VALE3,M15,13/11/2025,62.66,62.71,62.6,62.68,17105429.25,273000.0
VALE3,M15,13/11/2025,62.65,62.72,62.63,62.67,55933634.13,892400.0
VALE3,M15,13/11/2025,62.56,62.7,62.53,62.65,33909781.74,541500.0
VALE3,M15,13/11/2025,62.62,62.69,62.49,62.56,32225087.12,514600.0
VALE3,M15,13/11/2025,62.63,62.66,62.56,62.62,25047168.94,400100.0
VALE3,M15,13/11/2025,62.68,62.73,62.63,62.63,16310561.68,260200.0
VALE3,M15,13/11/2025,62.67,62.76,62.62,62.69,63287648.55,1009300.0
VALE3,M15,13/11/2025,62.67,62.77,62.64,62.68,15954165.6,254400.0
VALE3,M15,13/11/2025,62.89,62.9,62.59,62.66,42609266.81,679500.0
VALE3,M15,13/11/2025,62.81,62.9,62.76,62.89,26973751.52,429300.0
VALE3,M15,13/11/2025,62.81,63.07,62.78,62.79,22804876.37,362200.0
VALE3,M15,13/11/2025,62.75,63.01,62.74,62.82,46483663.36,739400.0
VALE3,M15,13/11/2025,62.69,62.79,62.64,62.76,47715342.46,760600.0
VALE3,M15,13/11/2025,62.59,62.71,62.52,62.69,10483079.84,167400.0
VALE3,M15,13/11/2025,62.64,62.66,62.56,62.6,7356156.55,117500.0
VALE3,M15,13/11/2025,62.71,62.74,62.6,62.6,16073606.2,256500.0
VALE3,M15,13/11/2025,62.54,62.82,62.51,62.74,44351872.75,707500.0
VALE3,M15,13/11/2025,62.41,62.58,62.32,62.54,41837328.58,669400.0
VALE3,M15,12/11/2025,62.52,62.57,62.41,62.41,237825139.87,3808300.0
VALE3,M15,12/11/2025,62.5,62.55,62.45,62.52,72656094.37,1162500.0
VALE3,M15,12/11/2025,62.52,62.56,62.49,62.5,27449089.91,439000.0
VALE3,M15,12/11/2025,62.44,62.55,62.44,62.53,25133832.33,402100.0
VALE3,M15,12/11/2025,62.44,62.47,62.37,62.44,42088307.02,674200.0
VALE3,M15,12/11/2025,62.48,62.53,62.42,62.44,26137616.07,418400.0
VALE3,M15,12/11/2025,62.51,62.55,62.45,62.47,38789394.23,620500.0
VALE3,M15,12/11/2025,62.54,62.54,62.45,62.51,26604625.15,425700.0
VALE3,M15,12/11/2025,62.54,62.57,62.49,62.53,29613456.53,473600.0
VALE3,M15,12/11/2025,62.49,62.55,62.48,62.53,37626327.56,601900.0
VALE3,M15,12/11/2025,62.55,62.59,62.46,62.49,60677844.03,970300.0
VALE3,M15,12/11/2025,62.49,62.56,62.39,62.55,60282330.75,965200.0
VALE3,M15,12/11/2025,62.46,62.5,62.4,62.5,172070493.32,2756400.0
VALE3,M15,12/11/2025,62.41,62.49,62.37,62.45,34868516.4,558400.0
VALE3,M15,12/11/2025,62.53,62.57,62.4,62.42,69610381.87,1113800.0
VALE3,M15,12/11/2025,62.46,62.54,62.41,62.52,38591914.73,617800.0
VALE3,M15,12/11/2025,62.4,62.5,62.37,62.44,26596145.88,425900.0
VALE3,M15,12/11/2025,62.35,62.5,62.35,62.41,51701611.47,828200.0
VALE3,M15,12/11/2025,62.42,62.5,62.31,62.35,28274086.7,453100.0
VALE3,M15,12/11/2025,62.47,62.5,62.38,62.41,27871447.57,446300.0
VALE3,M15,12/11/2025,62.37,62.49,62.36,62.46,43398238.57,695100.0
VALE3,M15,12/11/2025,62.43,62.5,62.33,62.37,56216690.3,900700.0
VALE3,M15,12/11/2025,62.23,62.48,62.19,62.45,102085908.34,1636700.0
VALE3,M15,12/11/2025,62.18,62.26,62.16,62.21,49484602.01,795200.0
VALE3,M15,12/11/2025,62.18,62.23,62.02,62.18,75895526.03,1221000.0
VALE3,M15,12/11/2025,62.21,62.48,62.07,62.18,69795430.04,1120600.0
VALE3,M15,12/11/2025,62.19,62.25,62.11,62.21,30138615.14,484600.0
VALE3,M15,12/11/2025,62.19,62.2,62.11,62.19,11761011.49,189200.0
VALE3,M15,12/11/2025,62.05,62.21,62.04,62.18,14694414.94,236500.0
VALE3,M15,12/11/2025,62.19,62.28,62.06,62.06,20688394.76,332600.0
VALE3,M15,12/11/2025,62.2,62.24,62.16,62.19,10735808.43,172600.0
VALE3,M15,12/11/2025,61.94,62.25,61.94,62.18,37531598.72,603900.0
VALE3,M15,11/11/2025,61.86,61.86,61.73,61.73,301240080.93,4879100.0
VALE3,M15,11/11/2025,61.76,61.87,61.69,61.86,31601683.23,511400.0
VALE3,M15,11/11/2025,61.81,61.85,61.72,61.76,24706989.22,399900.0
VALE3,M15,11/11/2025,61.62,61.84,61.59,61.81,49363096.16,799700.0
VALE3,M15,11/11/2025,61.47,61.62,61.46,61.6,170172652.37,2765000.0
VALE3,M15,11/11/2025,61.63,61.66,61.46,61.47,60005542.45,974200.0
VALE3,M15,11/11/2025,61.68,61.72,61.63,61.63,30308520.4,491300.0
VALE3,M15,11/11/2025,61.72,61.73,61.63,61.68,42242653.67,684800.0
VALE3,M15,11/11/2025,61.82,61.82,61.71,61.71,48250595.71,781400.0
VALE3,M15,11/11/2025,61.92,61.97,61.81,61.81,30498285.61,492800.0
VALE3,M15,11/11/2025,61.81,61.98,61.78,61.92,25670482.66,414600.0
VALE3,M15,11/11/2025,61.71,61.83,61.68,61.81,58676178.05,949900.0
VALE3,M15,11/11/2025,61.72,61.79,61.67,61.71,48291822.78,782200.0
VALE3,M15,11/11/2025,61.85,61.86,61.55,61.74,100135857.34,1623000.0
VALE3,M15,11/11/2025,61.96,61.99,61.8,61.83,24083797.93,389200.0
VALE3,M15,11/11/2025,62.0,62.03,61.88,61.94,37996284.39,613200.0
VALE3,M15,11/11/2025,62.02,62.05,61.98,62.0,12985821.94,209400.0
VALE3,M15,11/11/2025,61.97,62.05,61.93,62.01,12672473.31,204400.0
VALE3,M15,11/11/2025,62.03,62.06,61.93,61.96,14943457.22,241000.0
VALE3,M15,11/11/2025,62.02,62.03,61.92,62.03,21892022.22,353300.0
VALE3,M15,11/11/2025,62.04,62.06,61.87,62.0,31217416.8,503800.0
VALE3,M15,11/11/2025,62.26,62.26,61.93,62.03,28737936.22,462900.0
VALE3,M15,11/11/2025,62.16,62.31,62.15,62.25,33327922.87,535600.0
VALE3,M15,11/11/2025,62.3,62.3,62.12,62.15,39646556.07,637300.0
VALE3,M15,11/11/2025,62.28,62.32,62.1,62.28,55274933.17,888500.0
VALE3,M15,11/11/2025,62.13,62.32,62.07,62.27,49764447.37,800200.0
VALE3,M15,11/11/2025,62.1,62.21,62.06,62.15,43601126.05,701500.0
VALE3,M15,11/11/2025,62.12,62.16,62.02,62.09,38773766.33,624400.0
VALE3,M15,11/11/2025,62.01,62.24,62.0,62.11,35431709.3,570100.0
VALE3,M15,11/11/2025,61.94,62.1,61.91,61.99,18000563.68,290200.0
VALE3,M15,11/11/2025,61.96,61.99,61.83,61.91,23021521.07,371800.0
VALE3,M15,11/11/2025,61.89,62.02,61.7,61.92,34052681.28,550400.0
VALE3,M15,10/11/2025,61.84,61.89,61.76,61.89,134492315.56,2173400.0
VALE3,M15,10/11/2025,61.73,61.88,61.69,61.84,27864900.67,450900.0
VALE3,M15,10/11/2025,61.86,61.86,61.72,61.73,17123477.36,277200.0
VALE3,M15,10/11/2025,61.88,61.9,61.81,61.85,17974644.67,290600.0
VALE3,M15,10/11/2025,61.89,61.91,61.82,61.88,19737108.65,319000.0
VALE3,M15,10/11/2025,61.96,62.0,61.88,61.89,20958944.62,338500.0
VALE3,M15,10/11/2025,61.96,62.0,61.91,61.96,14503632.3,234100.0
VALE3,M15,10/11/2025,61.89,61.97,61.86,61.96,16488955.7,266300.0
VALE3,M15,10/11/2025,61.83,61.92,61.81,61.89,21130800.29,341600.0
VALE3,M15,10/11/2025,61.82,61.86,61.8,61.83,10776989.93,174300.0
VALE3,M15,10/11/2025,61.79,61.84,61.77,61.83,14619043.01,236500.0
VALE3,M15,10/11/2025,61.87,61.88,61.77,61.79,16506139.18,266900.0
VALE3,M15,10/11/2025,61.78,61.88,61.77,61.87,22491010.47,363800.0
VALE3,M15,10/11/2025,61.71,61.8,61.68,61.78,15369527.76,248900.0
VALE3,M15,10/11/2025,61.68,61.74,61.67,61.72,11463062.03,185800.0
VALE3,M15,10/11/2025,61.69,61.77,61.66,61.68,15508020.62,251200.0
VALE3,M15,10/11/2025,61.65,61.71,61.61,61.69,16081255.96,260800.0
VALE3,M15,10/11/2025,61.73,61.77,61.64,61.65,28165886.31,456500.0
VALE3,M15,10/11/2025,61.78,61.81,61.72,61.73,22445119.53,363400.0
VALE3,M15,10/11/2025,61.73,61.82,61.72,61.79,14466022.26,234200.0
VALE3,M15,10/11/2025,61.77,61.8,61.73,61.74,27156003.64,439700.0
VALE3,M15,10/11/2025,61.73,61.84,61.73,61.77,26732438.72,432700.0
VALE3,M15,10/11/2025,61.84,61.84,61.71,61.74,31823802.35,515400.0
VALE3,M15,10/11/2025,61.83,61.96,61.79,61.81,30353673.9,490600.0
VALE3,M15,10/11/2025,61.78,61.9,61.7,61.82,45257918.99,732600.0
VALE3,M15,10/11/2025,62.12,62.2,61.74,61.76,51252521.43,827300.0
VALE3,M15,10/11/2025,62.09,62.13,62.04,62.1,8406607.6,135400.0
VALE3,M15,10/11/2025,62.03,62.13,61.95,62.08,14455396.12,232900.0
VALE3,M15,10/11/2025,61.93,62.04,61.89,62.02,15418333.4,248700.0
VALE3,M15,10/11/2025,61.84,61.94,61.79,61.93,17136853.04,277000.0
VALE3,M15,10/11/2025,61.84,61.95,61.8,61.86,17701228.52,286100.0
VALE3,M15,10/11/2025,61.75,61.99,61.75,61.85,20860959.41,337100.0
VALE3,M15,07/11/2025,61.48,61.54,61.26,61.27,1481701.79,24100.0
VALE3,M15,07/11/2025,61.44,61.48,61.33,61.48,139705078.73,2272600.0
VALE3,M15,07/11/2025,61.37,61.44,61.36,61.44,33286278.2,542100.0
VALE3,M15,07/11/2025,61.33,61.38,61.29,61.37,18603284.75,303300.0
VALE3,M15,07/11/2025,61.37,61.4,61.3,61.33,13836528.94,225500.0
VALE3,M15,07/11/2025,61.3,61.4,61.25,61.4,18820362.24,306900.0
VALE3,M15,07/11/2025,61.21,61.34,61.2,61.31,23049825.17,376100.0
VALE3,M15,07/11/2025,61.43,61.44,61.2,61.21,30043598.71,490000.0
VALE3,M15,07/11/2025,61.4,61.47,61.38,61.43,28432519.23,462900.0
VALE3,M15,07/11/2025,61.43,61.44,61.34,61.41,17910958.08,291700.0
VALE3,M15,07/11/2025,61.37,61.44,61.36,61.41,13642680.7,222200.0
VALE3,M15,07/11/2025,61.26,61.45,61.25,61.37,42383200.38,690700.0
VALE3,M15,07/11/2025,61.23,61.32,61.18,61.25,21577600.15,352300.0
VALE3,M15,07/11/2025,61.22,61.25,61.15,61.21,19112217.53,312300.0
VALE3,M15,07/11/2025,61.24,61.25,61.2,61.22,11437684.01,186800.0
VALE3,M15,07/11/2025,61.18,61.31,61.18,61.24,26411558.97,431200.0
VALE3,M15,07/11/2025,61.06,61.21,61.03,61.2,14155845.52,231700.0
VALE3,M15,07/11/2025,61.25,61.26,61.04,61.04,26061752.51,426200.0
VALE3,M15,07/11/2025,61.07,61.25,61.07,61.24,35535303.7,581100.0
VALE3,M15,07/11/2025,61.03,61.12,61.0,61.07,25937049.15,424700.0
VALE3,M15,07/11/2025,60.95,61.05,60.95,61.03,38458650.47,630400.0
VALE3,M15,07/11/2025,61.03,61.1,60.92,60.95,34203777.25,560600.0
VALE3,M15,07/11/2025,61.1,61.15,60.98,61.02,28230006.64,462200.0
VALE3,M15,07/11/2025,60.91,61.12,60.9,61.09,44880223.19,735600.0
VALE3,M15,07/11/2025,61.1,61.15,60.82,60.9,123876844.63,2033600.0
VALE3,M15,07/11/2025,60.82,61.18,60.82,61.09,52038576.59,852600.0
VALE3,M15,07/11/2025,60.96,61.03,60.76,60.82,135078875.33,2218300.0
VALE3,M15,07/11/2025,61.11,61.17,60.94,60.96,63795418.68,1044300.0
VALE3,M15,07/11/2025,61.16,61.19,61.0,61.11,52943607.3,866700.0
VALE3,M15,07/11/2025,61.34,61.35,61.14,61.19,24880348.26,406300.0
VALE3,M15,07/11/2025,61.35,61.41,61.31,61.31,18825394.38,306800.0
VALE3,M15,07/11/2025,61.43,61.47,61.28,61.33,58397531.41,951200.0
VALE3,M15,07/11/2025,61.55,61.56,61.38,61.43,35490987.31,577300.0
VALE3,M15,06/11/2025,62.09,62.17,61.94,62.17,210518487.28,3388800.0
VALE3,M15,06/11/2025,62.11,62.16,62.06,62.11,23618527.6,380300.0
VALE3,M15,06/11/2025,62.07,62.11,62.05,62.11,13323182.84,214600.0
VALE3,M15,06/11/2025,62.11,62.12,62.04,62.07,14472032.92,233100.0
VALE3,M15,06/11/2025,62.19,62.19,62.01,62.12,36146841.92,582200.0
VALE3,M15,06/11/2025,62.19,62.2,62.1,62.19,19406594.57,312300.0
VALE3,M15,06/11/2025,62.26,62.27,62.17,62.19,20115174.6,323400.0
VALE3,M15,06/11/2025,62.34,62.42,62.23,62.27,48681828.42,781100.0
VALE3,M15,06/11/2025,62.4,62.43,62.34,62.36,14410211.31,231000.0
VALE3,M15,06/11/2025,62.32,62.42,62.3,62.4,44744155.29,717500.0
VALE3,M15,06/11/2025,62.26,62.33,62.23,62.32,13608842.39,218500.0
VALE3,M15,06/11/2025,62.34,62.36,62.19,62.25,23981444.95,385200.0
VALE3,M15,06/11/2025,62.4,62.44,62.32,62.35,11337148.56,181700.0
VALE3,M15,06/11/2025,62.47,62.5,62.37,62.4,34158759.48,547000.0
VALE3,M15,06/11/2025,62.57,62.58,62.4,62.46,46351706.01,741300.0
VALE3,M15,06/11/2025,62.29,62.64,62.28,62.58,41167589.57,658600.0
VALE3,M15,06/11/2025,62.24,62.38,62.17,62.28,25577081.61,410600.0
VALE3,M15,06/11/2025,62.33,62.33,62.2,62.23,10177641.97,163500.0
VALE3,M15,06/11/2025,62.31,62.33,62.22,62.33,13149303.69,211100.0
VALE3,M15,06/11/2025,62.28,62.32,62.21,62.3,35009598.4,562200.0
VALE3,M15,06/11/2025,62.39,62.42,62.2,62.27,34773374.69,558300.0
VALE3,M15,06/11/2025,62.57,62.57,62.36,62.39,29473946.23,471800.0
VALE3,M15,06/11/2025,62.43,62.58,62.42,62.57,25708059.48,411100.0
VALE3,M15,06/11/2025,62.51,62.55,62.37,62.45,22109655.89,354100.0
VALE3,M15,06/11/2025,62.42,62.61,62.38,62.51,22563212.4,361000.0
VALE3,M15,06/11/2025,62.31,62.69,62.31,62.4,51570254.91,824600.0
VALE3,M15,06/11/2025,62.25,62.33,62.17,62.31,15547805.05,249800.0
VALE3,M15,06/11/2025,62.32,62.34,62.22,62.26,8888663.73,142700.0
VALE3,M15,06/11/2025,62.33,62.36,62.26,62.32,14376722.27,230700.0
VALE3,M15,06/11/2025,62.36,62.38,62.26,62.33,17414804.94,279500.0
VALE3,M15,06/11/2025,62.42,62.48,62.3,62.38,25579726.75,410100.0
VALE3,M15,06/11/2025,62.41,62.55,62.36,62.43,25067949.51,401400.0
VALE3,M15,05/11/2025,62.64,62.66,62.38,62.38,198481898.54,3179900.0
VALE3,M15,05/11/2025,62.64,62.69,62.6,62.64,54634924.75,872200.0
VALE3,M15,05/11/2025,62.64,62.71,62.6,62.63,31995438.78,510600.0
VALE3,M15,05/11/2025,62.62,62.66,62.56,62.64,29413208.49,469800.0
VALE3,M15,05/11/2025,62.57,62.64,62.55,62.61,28299068.0,452100.0
VALE3,M15,05/11/2025,62.54,62.58,62.51,62.57,40657795.95,650100.0
VALE3,M15,05/11/2025,62.58,62.62,62.52,62.54,60341294.62,964400.0
VALE3,M15,05/11/2025,62.49,62.59,62.46,62.58,23602921.53,377500.0
VALE3,M15,05/11/2025,62.47,62.51,62.43,62.49,25864643.16,414000.0
VALE3,M15,05/11/2025,62.57,62.61,62.44,62.47,33433187.69,534700.0
VALE3,M15,05/11/2025,62.54,62.65,62.52,62.56,38586291.3,616500.0
VALE3,M15,05/11/2025,62.56,62.61,62.53,62.54,29017596.51,463800.0
VALE3,M15,05/11/2025,62.52,62.59,62.46,62.57,25371254.76,405800.0
VALE3,M15,05/11/2025,62.66,62.68,62.52,62.52,22212183.5,354800.0
VALE3,M15,05/11/2025,62.59,62.8,62.56,62.66,43912923.85,700200.0
VALE3,M15,05/11/2025,62.49,62.68,62.45,62.58,42336568.19,676400.0
VALE3,M15,05/11/2025,62.46,62.61,62.4,62.48,80294012.51,1284600.0
VALE3,M15,05/11/2025,62.44,62.49,62.4,62.47,28082491.63,449700.0
VALE3,M15,05/11/2025,62.42,62.57,62.32,62.45,49313985.87,789400.0
VALE3,M15,05/11/2025,62.23,62.49,62.19,62.42,62782888.02,1006200.0
VALE3,M15,05/11/2025,62.19,62.24,62.11,62.21,29249903.28,470400.0
VALE3,M15,05/11/2025,62.19,62.28,62.13,62.19,49171464.07,790700.0
VALE3,M15,05/11/2025,62.05,62.24,61.97,62.19,64985895.4,1046100.0
VALE3,M15,05/11/2025,62.06,62.15,61.95,62.05,64228011.45,1035100.0
VALE3,M15,05/11/2025,61.81,62.12,61.81,62.07,60728377.98,979900.0
VALE3,M15,05/11/2025,61.68,61.84,61.63,61.81,67435471.69,1092300.0
VALE3,M15,05/11/2025,61.59,61.77,61.57,61.67,30843250.71,500200.0
VALE3,M15,05/11/2025,61.6,61.66,61.49,61.6,21756457.34,353300.0
VALE3,M15,05/11/2025,61.62,61.67,61.54,61.61,20104968.92,326300.0
VALE3,M15,05/11/2025,61.4,61.65,61.36,61.62,16032484.49,260600.0
VALE3,M15,05/11/2025,61.37,61.5,61.29,61.4,15260491.21,248500.0
VALE3,M15,05/11/2025,61.32,61.49,61.22,61.39,14074989.69,229300.0
VALE3,M15,04/11/2025,61.11,61.33,61.11,61.33,293187006.91,4781500.0
VALE3,M15,04/11/2025,61.02,61.12,60.95,61.12,49863928.36,816900.0
VALE3,M15,04/11/2025,61.11,61.14,60.97,61.01,38392859.72,628700.0
VALE3,M15,04/11/2025,61.05,61.11,61.01,61.11,14381509.54,235500.0
VALE3,M15,04/11/2025,61.04,61.06,61.01,61.04,23109196.2,378600.0
VALE3,M15,04/11/2025,61.09,61.11,60.95,61.04,31525160.99,516400.0
VALE3,M15,04/11/2025,61.03,61.09,61.01,61.09,19875785.64,325600.0
VALE3,M15,04/11/2025,60.95,61.03,60.91,61.01,20026508.61,328400.0
VALE3,M15,04/11/2025,60.88,60.98,60.87,60.95,22904720.87,376100.0
VALE3,M15,04/11/2025,60.9,60.95,60.77,60.88,54182781.45,890000.0
VALE3,M15,04/11/2025,61.22,61.25,60.87,60.88,52713480.61,863500.0
VALE3,M15,04/11/2025,61.29,61.29,61.13,61.22,16757545.67,273700.0
VALE3,M15,04/11/2025,61.33,61.4,61.24,61.3,31251474.35,509700.0
VALE3,M15,04/11/2025,61.31,61.37,61.27,61.34,14729314.34,240200.0
VALE3,M15,04/11/2025,61.3,61.34,61.19,61.31,20522148.28,334900.0
VALE3,M15,04/11/2025,61.37,61.38,61.26,61.32,10185222.44,166100.0
VALE3,M15,04/11/2025,61.32,61.38,61.29,61.37,11886457.06,193800.0
VALE3,M15,04/11/2025,61.28,61.34,61.26,61.32,13266918.22,216400.0
VALE3,M15,04/11/2025,61.17,61.34,61.15,61.28,29487739.52,481700.0
VALE3,M15,04/11/2025,61.37,61.45,61.11,61.17,50928236.3,831800.0
VALE3,M15,04/11/2025,61.49,61.5,61.34,61.37,18979822.64,309000.0
VALE3,M15,04/11/2025,61.35,61.51,61.35,61.49,24930399.11,405700.0
VALE3,M15,04/11/2025,61.35,61.5,61.35,61.36,26505017.92,431600.0
VALE3,M15,04/11/2025,61.39,61.44,61.27,61.36,51069626.76,832400.0
VALE3,M15,04/11/2025,61.13,61.39,61.07,61.38,70073358.22,1144200.0
VALE3,M15,04/11/2025,61.36,61.52,60.95,61.13,166165882.77,2713600.0
VALE3,M15,04/11/2025,61.54,61.7,61.36,61.39,50795628.82,825300.0
VALE3,M15,04/11/2025,61.55,61.56,61.44,61.54,17583382.41,285900.0
VALE3,M15,04/11/2025,61.56,61.58,61.44,61.55,18529591.78,301200.0
VALE3,M15,04/11/2025,61.44,61.63,61.43,61.55,27265237.61,443300.0
VALE3,M15,04/11/2025,61.45,61.58,61.41,61.45,28875675.5,469600.0
VALE3,M15,04/11/2025,61.55,61.55,61.27,61.45,30988103.49,504400.0
VALE3,M15,03/11/2025,62.0,62.02,61.92,62.02,118646722.4,1913300.0
VALE3,M15,03/11/2025,61.98,62.0,61.89,62.0,37748931.52,609300.0
VALE3,M15,03/11/2025,61.99,61.99,61.93,61.97,11356154.31,183300.0
VALE3,M15,03/11/2025,61.9,61.99,61.89,61.99,15988512.63,258100.0
VALE3,M15,03/11/2025,61.93,61.93,61.87,61.89,16078551.02,259700.0
VALE3,M15,03/11/2025,61.87,61.94,61.85,61.94,21108358.79,341100.0
VALE3,M15,03/11/2025,61.84,61.87,61.81,61.86,12930991.41,209100.0
VALE3,M15,03/11/2025,61.8,61.86,61.8,61.83,13633655.7,220500.0
VALE3,M15,03/11/2025,61.84,61.84,61.75,61.79,19136062.75,309700.0
VALE3,M15,03/11/2025,61.91,61.92,61.79,61.83,23140093.24,374100.0
VALE3,M15,03/11/2025,61.94,61.96,61.88,61.91,11460368.48,185100.0
VALE3,M15,03/11/2025,61.81,61.94,61.81,61.94,25472838.97,411700.0
VALE3,M15,03/11/2025,61.75,61.85,61.74,61.81,20821660.92,337000.0
VALE3,M15,03/11/2025,61.78,61.85,61.74,61.75,10406774.0,168400.0
VALE3,M15,03/11/2025,61.77,61.87,61.76,61.78,16431516.09,265800.0
VALE3,M15,03/11/2025,61.81,61.82,61.72,61.76,12086615.87,195700.0
VALE3,M15,03/11/2025,61.84,61.87,61.78,61.81,11745179.53,190000.0
VALE3,M15,03/11/2025,61.81,61.93,61.81,61.85,15674227.23,253300.0
VALE3,M15,03/11/2025,61.95,61.97,61.75,61.81,17881907.98,289100.0
VALE3,M15,03/11/2025,61.83,62.0,61.75,61.94,35803450.44,578800.0
VALE3,M15,03/11/2025,61.99,62.0,61.81,61.82,17841912.86,288300.0
VALE3,M15,03/11/2025,61.94,62.01,61.81,61.98,39715998.01,641600.0
VALE3,M15,03/11/2025,61.99,62.05,61.92,61.94,88852858.8,1433600.0
VALE3,M15,03/11/2025,61.91,62.03,61.86,61.98,52813870.85,852700.0
VALE3,M15,03/11/2025,61.81,62.06,61.8,61.91,78769714.1,1271400.0
VALE3,M15,03/11/2025,61.65,61.84,61.42,61.81,49856944.88,809100.0
VALE3,M15,03/11/2025,61.75,61.82,61.61,61.64,49570145.45,802700.0
VALE3,M15,03/11/2025,61.93,61.94,61.73,61.75,46496005.47,751800.0
VALE3,M15,03/11/2025,61.66,61.94,61.63,61.93,57930945.63,936700.0
VALE3,M15,03/11/2025,61.53,61.7,61.44,61.64,24449043.42,396900.0
VALE3,M15,03/11/2025,61.59,61.69,61.49,61.57,25888200.8,420400.0
VALE3,M15,03/11/2025,61.79,61.83,61.36,61.6,50944113.81,827100.0
VALE3,M15,31/10/2025,60.46,60.6,60.38,60.6,2343473.18,38700.0
VALE3,M15,31/10/2025,60.4,60.56,60.32,60.56,318438140.47,5261600.0
VALE3,M15,31/10/2025,60.4,60.47,60.38,60.4,77614201.28,1284600.0
VALE3,M15,31/10/2025,60.36,60.41,60.31,60.4,73392238.8,1216100.0
VALE3,M15,31/10/2025,60.19,60.39,60.19,60.37,35189780.63,583400.0
VALE3,M15,31/10/2025,60.17,60.21,60.15,60.2,21254852.54,353200.0
VALE3,M15,31/10/2025,60.15,60.18,60.07,60.17,36397562.19,605300.0
VALE3,M15,31/10/2025,60.06,60.21,60.05,60.15,41425601.72,689000.0
VALE3,M15,31/10/2025,60.1,60.13,60.03,60.05,64876323.2,1080100.0
VALE3,M15,31/10/2025,60.1,60.18,60.08,60.1,38951211.84,647900.0
VALE3,M15,31/10/2025,60.14,60.16,60.08,60.1,44858753.76,746300.0
VALE3,M15,31/10/2025,60.14,60.17,60.09,60.14,16452391.71,273600.0
VALE3,M15,31/10/2025,60.14,60.21,60.12,60.14,17786229.04,295600.0
VALE3,M15,31/10/2025,60.17,60.23,60.1,60.14,49132819.56,816900.0
VALE3,M15,31/10/2025,60.1,60.27,60.1,60.16,23800143.57,395400.0
VALE3,M15,31/10/2025,60.18,60.2,60.08,60.11,322985255.64,5371100.0
VALE3,M15,31/10/2025,60.39,60.46,60.14,60.18,51603296.01,855700.0
VALE3,M15,31/10/2025,60.46,60.52,60.36,60.4,24970067.75,413200.0
VALE3,M15,31/10/2025,60.41,60.52,60.33,60.46,26690091.34,441500.0
VALE3,M15,31/10/2025,60.35,60.52,60.3,60.4,67161374.23,1111100.0
VALE3,M15,31/10/2025,60.2,60.36,60.07,60.35,50402380.82,837500.0
VALE3,M15,31/10/2025,60.27,60.41,60.2,60.22,96653318.89,1602700.0
VALE3,M15,31/10/2025,60.36,60.83,60.22,60.27,292936066.78,4837600.0
VALE3,M15,31/10/2025,59.9,60.37,59.73,60.35,170085775.01,2832500.0
VALE3,M15,31/10/2025,59.55,59.93,59.55,59.88,118631977.32,1983200.0
VALE3,M15,31/10/2025,59.82,59.82,59.43,59.54,50698795.71,850600.0
VALE3,M15,31/10/2025,59.36,59.84,59.27,59.79,100187273.61,1682400.0
VALE3,M15,31/10/2025,59.62,59.62,59.34,59.34,39645268.39,666500.0
VALE3,M15,31/10/2025,59.65,59.94,59.59,59.62,72567662.73,1215100.0
VALE3,M15,30/10/2025,59.21,59.29,59.16,59.24,4392545.26,74200.0
VALE3,M15,30/10/2025,59.16,59.37,59.15,59.22,195578141.68,3302500.0
VALE3,M15,30/10/2025,59.16,59.19,59.13,59.17,49497655.02,836600.0
VALE3,M15,30/10/2025,59.23,59.23,59.15,59.16,75017358.18,1267500.0
VALE3,M15,30/10/2025,59.16,59.26,59.15,59.22,34164907.72,577100.0
VALE3,M15,30/10/2025,59.22,59.24,59.14,59.16,40047264.3,676600.0
VALE3,M15,30/10/2025,59.33,59.37,59.21,59.22,38936866.61,656700.0
VALE3,M15,30/10/2025,59.36,59.39,59.29,59.32,167496869.2,2822900.0
VALE3,M15,30/10/2025,59.28,59.36,59.21,59.36,104944716.51,1769700.0
VALE3,M15,30/10/2025,59.21,59.29,59.2,59.28,97597490.83,1647200.0
VALE3,M15,30/10/2025,59.15,59.21,59.13,59.21,27141232.98,458700.0
VALE3,M15,30/10/2025,59.07,59.16,59.05,59.15,26118045.34,441900.0
VALE3,M15,30/10/2025,59.01,59.07,58.95,59.06,90816758.85,1539200.0
VALE3,M15,30/10/2025,59.03,59.11,58.99,59.01,19107823.08,323600.0
VALE3,M15,30/10/2025,58.97,59.03,58.96,59.01,16903727.3,286500.0
VALE3,M15,30/10/2025,58.95,58.99,58.88,58.98,22404088.52,380200.0
VALE3,M15,30/10/2025,58.88,58.96,58.81,58.95,13626117.72,231400.0
VALE3,M15,30/10/2025,58.85,58.9,58.82,58.88,25662496.57,436000.0
VALE3,M15,30/10/2025,58.98,59.04,58.84,58.86,22416859.84,380300.0
VALE3,M15,30/10/2025,59.1,59.1,58.98,59.0,49926614.35,845500.0
VALE3,M15,30/10/2025,58.91,59.11,58.89,59.1,26710321.11,452700.0
VALE3,M15,30/10/2025,58.87,58.93,58.78,58.9,58400177.27,992600.0
VALE3,M15,30/10/2025,58.79,58.88,58.76,58.86,44956424.39,764300.0
VALE3,M15,30/10/2025,58.79,58.85,58.72,58.77,15400598.07,262000.0
VALE3,M15,30/10/2025,58.87,58.98,58.69,58.79,45996686.54,781700.0
VALE3,M15,30/10/2025,58.77,58.95,58.75,58.86,42850410.34,727700.0
VALE3,M15,30/10/2025,58.77,58.87,58.4,58.74,97797833.14,1668700.0
VALE3,M15,30/10/2025,58.8,58.86,58.7,58.75,30323679.43,515900.0
VALE3,M15,30/10/2025,58.57,58.86,58.47,58.78,27342228.61,466100.0
VALE3,M15,29/10/2025,58.74,58.84,58.74,58.84,2016820.83,34300.0
VALE3,M15,29/10/2025,58.69,58.78,58.68,58.77,154583217.04,2630600.0
VALE3,M15,29/10/2025,58.77,58.81,58.66,58.71,51689924.2,880200.0
VALE3,M15,29/10/2025,58.86,58.88,58.75,58.77,36594324.22,622200.0
VALE3,M15,29/10/2025,58.7,58.96,58.68,58.87,78137418.0,1327000.0
VALE3,M15,29/10/2025,58.53,58.78,58.53,58.72,56531558.32,963600.0
VALE3,M15,29/10/2025,58.78,58.85,58.46,58.54,72812874.49,1241600.0
VALE3,M15,29/10/2025,58.86,58.87,58.76,58.79,44068748.05,749300.0
VALE3,M15,29/10/2025,58.91,58.94,58.82,58.85,34499315.48,586000.0
VALE3,M15,29/10/2025,58.86,58.96,58.83,58.91,48441290.91,822400.0
VALE3,M15,29/10/2025,58.85,58.89,58.79,58.85,60075805.63,1020900.0
VALE3,M15,29/10/2025,58.98,58.99,58.78,58.85,76515462.22,1299000.0
VALE3,M15,29/10/2025,59.0,59.01,58.92,58.98,19484507.42,330500.0
VALE3,M15,29/10/2025,58.98,59.01,58.94,58.99,45925110.73,778600.0
VALE3,M15,29/10/2025,59.02,59.05,58.95,58.98,28796226.04,488100.0
VALE3,M15,29/10/2025,59.02,59.05,58.98,59.02,98384607.64,1666900.0
VALE3,M15,29/10/2025,58.98,59.04,58.94,59.02,37535383.6,636300.0
VALE3,M15,29/10/2025,58.89,59.11,58.85,58.99,180575136.09,3063500.0
VALE3,M15,29/10/2025,58.74,58.89,58.73,58.89,146832065.2,2498300.0
VALE3,M15,29/10/2025,58.75,58.81,58.72,58.74,34041351.09,579200.0
VALE3,M15,29/10/2025,58.77,58.82,58.69,58.74,50651943.1,862000.0
VALE3,M15,29/10/2025,58.58,58.82,58.5,58.76,55280914.61,942200.0
VALE3,M15,29/10/2025,58.5,58.59,58.47,58.56,33673984.01,575200.0
VALE3,M15,29/10/2025,58.39,58.59,58.38,58.52,51969537.41,888300.0
VALE3,M15,29/10/2025,58.37,58.41,58.28,58.39,39617762.08,679100.0
VALE3,M15,29/10/2025,58.4,58.45,58.21,58.36,46678721.61,800200.0
VALE3,M15,29/10/2025,58.68,58.7,58.36,58.4,85342937.89,1458700.0
VALE3,M15,29/10/2025,58.33,58.7,58.33,58.68,96919967.76,1655200.0
VALE3,M15,29/10/2025,58.3,58.4,58.2,58.35,44628374.45,765500.0
VALE3,M15,28/10/2025,57.71,57.91,57.69,57.82,768666.05,13300.0
VALE3,M15,28/10/2025,57.87,57.88,57.72,57.72,200285007.85,3468900.0
VALE3,M15,28/10/2025,57.92,57.94,57.85,57.88,37408036.97,646200.0
VALE3,M15,28/10/2025,57.93,57.97,57.9,57.93,30852099.52,532500.0
VALE3,M15,28/10/2025,57.78,57.98,57.73,57.94,55722524.62,963200.0
VALE3,M15,28/10/2025,57.77,57.8,57.74,57.78,31779196.94,550100.0
VALE3,M15,28/10/2025,57.78,57.81,57.75,57.8,12312708.75,213100.0
VALE3,M15,28/10/2025,57.88,57.9,57.77,57.8,15543324.67,268800.0
VALE3,M15,28/10/2025,57.87,57.91,57.83,57.9,8998601.33,155500.0
VALE3,M15,28/10/2025,57.88,57.95,57.87,57.89,7088125.27,122400.0
VALE3,M15,28/10/2025,57.92,57.98,57.87,57.91,26398742.48,455800.0
VALE3,M15,28/10/2025,57.96,57.99,57.92,57.93,9635688.08,166300.0
VALE3,M15,28/10/2025,58.0,58.03,57.95,57.97,10194995.24,175800.0
VALE3,M15,28/10/2025,57.95,58.04,57.95,58.02,12112855.51,208800.0
VALE3,M15,28/10/2025,57.96,58.03,57.92,57.95,30423660.81,524800.0
VALE3,M15,28/10/2025,58.0,58.01,57.94,57.99,9740022.77,168000.0
VALE3,M15,28/10/2025,57.91,58.03,57.9,58.0,24919421.42,429800.0
VALE3,M15,28/10/2025,57.87,57.95,57.85,57.93,11858520.45,204800.0
VALE3,M15,28/10/2025,57.78,57.89,57.76,57.87,52933563.26,915700.0
VALE3,M15,28/10/2025,57.73,57.8,57.7,57.8,19668728.28,340600.0
VALE3,M15,28/10/2025,57.7,57.75,57.67,57.73,15684501.48,271800.0
VALE3,M15,28/10/2025,57.64,57.8,57.61,57.72,65398894.95,1133400.0
VALE3,M15,28/10/2025,57.61,57.72,57.6,57.64,21967979.77,381000.0
VALE3,M15,28/10/2025,57.58,57.64,57.54,57.63,14422595.4,250400.0
VALE3,M15,28/10/2025,57.45,57.66,57.43,57.58,29832011.45,518300.0
VALE3,M15,28/10/2025,57.23,57.48,57.18,57.45,47666970.47,831700.0
VALE3,M15,28/10/2025,57.41,57.52,57.16,57.25,71614151.27,1248700.0
VALE3,M15,28/10/2025,57.33,57.43,57.31,57.41,14584192.23,254200.0
VALE3,M15,28/10/2025,57.22,57.41,57.15,57.37,21978706.68,383500.0
VALE3,M15,27/10/2025,57.1,57.12,57.01,57.05,656265.07,11500.0
VALE3,M15,27/10/2025,57.12,57.22,57.05,57.22,119486599.67,2088900.0
VALE3,M15,27/10/2025,57.09,57.16,57.07,57.12,22538286.68,394600.0
VALE3,M15,27/10/2025,57.13,57.15,57.07,57.1,12596330.98,220600.0
VALE3,M15,27/10/2025,57.06,57.14,57.04,57.14,13330046.19,233500.0
VALE3,M15,27/10/2025,57.03,57.1,56.99,57.07,20738293.39,363500.0
VALE3,M15,27/10/2025,57.0,57.07,56.99,57.04,14610223.93,256200.0
VALE3,M15,27/10/2025,57.07,57.09,56.98,57.01,11638342.78,204100.0
VALE3,M15,27/10/2025,57.22,57.23,57.05,57.08,20340339.91,356200.0
VALE3,M15,27/10/2025,57.23,57.23,57.17,57.21,7002303.52,122400.0
VALE3,M15,27/10/2025,57.19,57.23,57.14,57.23,10020556.57,175200.0
VALE3,M15,27/10/2025,57.19,57.2,57.09,57.18,21566360.64,377400.0
VALE3,M15,27/10/2025,57.17,57.23,57.15,57.2,10390817.2,181700.0
VALE3,M15,27/10/2025,57.2,57.22,57.15,57.18,12237255.7,214000.0
VALE3,M15,27/10/2025,57.18,57.23,57.17,57.2,6847587.92,119700.0
VALE3,M15,27/10/2025,57.19,57.25,57.16,57.18,11620950.89,203200.0
VALE3,M15,27/10/2025,57.22,57.25,57.17,57.19,11786297.81,206000.0
VALE3,M15,27/10/2025,57.26,57.28,57.18,57.22,6329326.79,110600.0
VALE3,M15,27/10/2025,57.16,57.3,57.15,57.27,30350243.81,530600.0
VALE3,M15,27/10/2025,57.2,57.2,57.08,57.17,17184024.46,300700.0
VALE3,M15,27/10/2025,57.43,57.46,57.14,57.2,43940903.07,767000.0
VALE3,M15,27/10/2025,57.42,57.48,57.4,57.42,37094691.4,645800.0
VALE3,M15,27/10/2025,57.47,57.48,57.36,57.43,28873694.74,502900.0
VALE3,M15,27/10/2025,57.47,57.49,57.35,57.47,22673423.05,395000.0
VALE3,M15,27/10/2025,57.41,57.51,57.36,57.48,31377431.19,546300.0
VALE3,M15,27/10/2025,57.47,57.53,57.39,57.42,40698599.76,708200.0
VALE3,M15,27/10/2025,57.52,57.52,57.3,57.5,34422792.43,599700.0
VALE3,M15,27/10/2025,57.57,57.66,57.47,57.5,33664741.93,584800.0
VALE3,M15,27/10/2025,57.59,57.69,57.56,57.58,34437090.33,597800.0
VALE3,M15,24/10/2025,57.27,57.3,57.27,57.3,492692.51,8600.0
VALE3,M15,24/10/2025,57.24,57.29,57.18,57.29,103791155.06,1812100.0
VALE3,M15,24/10/2025,57.23,57.26,57.22,57.24,24556911.56,429000.0
VALE3,M15,24/10/2025,57.2,57.23,57.19,57.23,8507269.3,148700.0
VALE3,M15,24/10/2025,57.25,57.27,57.17,57.21,14112824.54,246600.0
VALE3,M15,24/10/2025,57.25,57.27,57.21,57.25,76644339.15,1338600.0
VALE3,M15,24/10/2025,57.25,57.28,57.22,57.26,8215956.62,143500.0
VALE3,M15,24/10/2025,57.22,57.26,57.22,57.26,6531289.41,114100.0
VALE3,M15,24/10/2025,57.18,57.29,57.17,57.23,18833804.86,329200.0
VALE3,M15,24/10/2025,57.17,57.21,57.14,57.18,22719994.48,397300.0
VALE3,M15,24/10/2025,57.17,57.19,57.11,57.17,7865767.06,137600.0
VALE3,M15,24/10/2025,57.12,57.19,57.07,57.18,7015581.54,122800.0
VALE3,M15,24/10/2025,57.16,57.2,57.09,57.12,4950497.52,86600.0
VALE3,M15,24/10/2025,57.17,57.23,57.07,57.17,12174529.42,213000.0
VALE3,M15,24/10/2025,57.18,57.21,57.17,57.17,3327910.69,58200.0
VALE3,M15,24/10/2025,57.23,57.25,57.18,57.18,4891698.59,85500.0
VALE3,M15,24/10/2025,57.18,57.25,57.17,57.23,7888626.82,137900.0
VALE3,M15,24/10/2025,57.24,57.24,57.17,57.19,18503317.96,323500.0
VALE3,M15,24/10/2025,57.25,57.3,57.21,57.25,11773072.69,205600.0
VALE3,M15,24/10/2025,57.23,57.28,57.2,57.26,9273720.18,162000.0
VALE3,M15,24/10/2025,57.17,57.31,57.16,57.23,23346617.87,407800.0
VALE3,M15,24/10/2025,57.23,57.33,57.14,57.17,14862073.76,259700.0
VALE3,M15,24/10/2025,57.01,57.3,57.01,57.23,28921087.45,506000.0
VALE3,M15,24/10/2025,57.08,57.13,56.93,57.03,27097606.14,475200.0
VALE3,M15,24/10/2025,57.1,57.14,57.0,57.08,20902627.85,366300.0
VALE3,M15,24/10/2025,57.17,57.24,56.92,57.11,36155709.84,633300.0
VALE3,M15,24/10/2025,57.46,57.52,57.09,57.17,56607538.49,988800.0
VALE3,M15,24/10/2025,57.64,57.66,57.4,57.47,19921175.76,346300.0
VALE3,M15,24/10/2025,57.53,57.64,57.41,57.63,37020485.59,643800.0
VALE3,M15,23/10/2025,57.31,57.31,57.27,57.3,675928.74,11800.0
VALE3,M15,23/10/2025,57.3,57.34,57.24,57.31,154947061.39,2703700.0
VALE3,M15,23/10/2025,57.33,57.35,57.29,57.31,36964673.94,644800.0
VALE3,M15,23/10/2025,57.32,57.37,57.3,57.33,18870659.06,329100.0
VALE3,M15,23/10/2025,57.37,57.4,57.32,57.34,11386234.03,198500.0
VALE3,M15,23/10/2025,57.33,57.39,57.31,57.37,9340594.68,162900.0
VALE3,M15,23/10/2025,57.36,57.38,57.32,57.33,9232926.57,161000.0
VALE3,M15,23/10/2025,57.29,57.37,57.23,57.37,14942719.05,260700.0
VALE3,M15,23/10/2025,57.3,57.33,57.29,57.3,14416065.9,251500.0
VALE3,M15,23/10/2025,57.34,57.37,57.28,57.3,8333718.73,145400.0
VALE3,M15,23/10/2025,57.42,57.44,57.31,57.34,20525956.5,357600.0
VALE3,M15,23/10/2025,57.53,57.53,57.41,57.43,5786563.32,100700.0
VALE3,M15,23/10/2025,57.53,57.54,57.45,57.53,6854809.72,119200.0
VALE3,M15,23/10/2025,57.54,57.54,57.44,57.53,7167679.22,124700.0
VALE3,M15,23/10/2025,57.53,57.56,57.52,57.54,3440657.82,59800.0
VALE3,M15,23/10/2025,57.54,57.55,57.49,57.53,7436915.38,129300.0
VALE3,M15,23/10/2025,57.53,57.61,57.49,57.54,14977953.87,260300.0
VALE3,M15,23/10/2025,57.53,57.6,57.49,57.54,9748379.53,169400.0
VALE3,M15,23/10/2025,57.68,57.69,57.53,57.56,17370867.89,301600.0
VALE3,M15,23/10/2025,57.76,57.81,57.65,57.67,18861107.95,326800.0
VALE3,M15,23/10/2025,57.79,57.87,57.77,57.77,14086517.22,243600.0
VALE3,M15,23/10/2025,57.84,57.88,57.78,57.79,13607614.99,235300.0
VALE3,M15,23/10/2025,57.77,57.88,57.76,57.83,17342380.66,299800.0
VALE3,M15,23/10/2025,57.74,57.82,57.64,57.77,21779077.08,377100.0
VALE3,M15,23/10/2025,57.84,57.91,57.66,57.74,50481466.12,873800.0
VALE3,M15,23/10/2025,57.82,57.93,57.81,57.82,26904537.6,464800.0
VALE3,M15,23/10/2025,57.88,58.04,57.76,57.81,58692551.6,1013100.0
VALE3,M15,23/10/2025,57.84,57.94,57.76,57.87,20052838.58,346600.0
VALE3,M15,23/10/2025,57.74,57.95,57.72,57.82,31488818.77,544800.0
VALE3,M15,22/10/2025,57.43,57.5,57.41,57.49,792870.49,13800.0
VALE3,M15,22/10/2025,57.57,57.66,57.43,57.43,181840314.35,3163200.0
VALE3,M15,22/10/2025,57.5,57.61,57.5,57.58,80188344.25,1393300.0
VALE3,M15,22/10/2025,57.51,57.54,57.44,57.5,41446002.24,720900.0
VALE3,M15,22/10/2025,57.48,57.57,57.45,57.51,46642011.26,811000.0
VALE3,M15,22/10/2025,57.48,57.51,57.44,57.49,16386541.74,285100.0
VALE3,M15,22/10/2025,57.46,57.54,57.44,57.48,20004217.18,348000.0
VALE3,M15,22/10/2025,57.46,57.52,57.39,57.46,72515060.15,1261900.0
VALE3,M15,22/10/2025,57.49,57.56,57.35,57.45,46595473.25,810900.0
VALE3,M15,22/10/2025,57.54,57.61,57.48,57.5,25514419.05,443300.0
VALE3,M15,22/10/2025,57.58,57.7,57.53,57.54,55731739.8,967600.0
VALE3,M15,22/10/2025,57.54,57.61,57.51,57.59,20965184.3,364200.0
VALE3,M15,22/10/2025,57.58,57.62,57.54,57.54,23536953.41,408700.0
VALE3,M15,22/10/2025,57.67,57.71,57.56,57.59,37134009.47,644300.0
VALE3,M15,22/10/2025,57.65,57.76,57.43,57.68,96894632.07,1682100.0
VALE3,M15,22/10/2025,57.58,57.65,57.46,57.65,58949339.39,1024100.0
VALE3,M15,22/10/2025,57.38,57.7,57.32,57.57,99982159.45,1737400.0
VALE3,M15,22/10/2025,57.3,57.42,57.3,57.37,33171631.81,578200.0
VALE3,M15,22/10/2025,57.33,57.37,57.28,57.3,31665333.41,552300.0
VALE3,M15,22/10/2025,57.31,57.37,57.23,57.32,35846545.9,625300.0
VALE3,M15,22/10/2025,57.1,57.33,57.08,57.32,25071995.17,438000.0
VALE3,M15,22/10/2025,57.05,57.1,56.98,57.09,20491986.57,359100.0
VALE3,M15,22/10/2025,57.03,57.14,57.0,57.05,15503330.07,271600.0
VALE3,M15,22/10/2025,57.01,57.17,57.0,57.04,20177996.96,353400.0
VALE3,M15,22/10/2025,57.04,57.1,56.93,57.02,72941375.57,1279600.0
VALE3,M15,22/10/2025,57.08,57.18,56.98,57.06,25708490.77,450400.0
VALE3,M15,22/10/2025,56.9,57.44,56.88,57.09,150898196.6,2636100.0
VALE3,M15,22/10/2025,56.99,57.0,56.78,56.89,29099438.63,511900.0
VALE3,M15,22/10/2025,56.8,57.3,56.8,56.98,64563063.01,1131600.0
VALE3,M15,21/10/2025,56.42,56.42,56.4,56.41,1839078.43,32600.0
VALE3,M15,21/10/2025,56.5,56.51,56.4,56.42,179917041.91,3188500.0
VALE3,M15,21/10/2025,56.42,56.5,56.4,56.5,21974258.71,389300.0
VALE3,M15,21/10/2025,56.43,56.44,56.39,56.41,45792811.28,811800.0
VALE3,M15,21/10/2025,56.4,56.43,56.37,56.41,11330292.46,200900.0
VALE3,M15,21/10/2025,56.39,56.44,56.38,56.4,9515451.88,168700.0
VALE3,M15,21/10/2025,56.42,56.47,56.37,56.4,131074016.8,2323000.0
VALE3,M15,21/10/2025,56.4,56.43,56.39,56.43,5827465.51,103300.0
VALE3,M15,21/10/2025,56.45,56.47,56.38,56.4,12655347.07,224300.0
VALE3,M15,21/10/2025,56.4,56.47,56.38,56.46,6624603.94,117400.0
VALE3,M15,21/10/2025,56.42,56.49,56.4,56.4,11576323.65,205200.0
VALE3,M15,21/10/2025,56.5,56.55,56.39,56.42,12004889.5,212700.0
VALE3,M15,21/10/2025,56.4,56.52,56.34,56.51,5423892.91,96100.0
VALE3,M15,21/10/2025,56.49,56.52,56.38,56.4,6332839.32,112200.0
VALE3,M15,21/10/2025,56.53,56.55,56.47,56.47,4696515.11,83100.0
VALE3,M15,21/10/2025,56.46,56.54,56.46,56.53,13140222.91,232500.0
VALE3,M15,21/10/2025,56.53,56.58,56.45,56.46,12009078.56,212500.0
VALE3,M15,21/10/2025,56.46,56.56,56.46,56.54,7490799.55,132600.0
VALE3,M15,21/10/2025,56.49,56.53,56.39,56.45,12144793.09,215200.0
VALE3,M15,21/10/2025,56.48,56.51,56.42,56.48,14684784.24,260100.0
VALE3,M15,21/10/2025,56.56,56.58,56.45,56.48,5352603.86,94700.0
VALE3,M15,21/10/2025,56.52,56.56,56.44,56.56,30189775.45,534500.0
VALE3,M15,21/10/2025,56.59,56.59,56.47,56.53,19935480.16,352700.0
VALE3,M15,21/10/2025,56.45,56.65,56.45,56.59,14641893.31,258800.0
VALE3,M15,21/10/2025,56.36,56.49,56.21,56.47,33121867.1,588000.0
VALE3,M15,21/10/2025,56.49,56.59,56.33,56.37,25512668.82,452300.0
VALE3,M15,21/10/2025,56.35,56.66,56.27,56.49,60951774.16,1079800.0
VALE3,M15,21/10/2025,56.36,56.4,56.25,56.34,22559798.02,400500.0
VALE3,M15,21/10/2025,56.28,56.41,56.24,56.38,19679457.97,349400.0
VALE3,M15,20/10/2025,56.52,56.72,56.47,56.49,4217954.39,74600.0
VALE3,M15,20/10/2025,56.7,56.72,56.52,56.52,136544061.67,2414800.0
VALE3,M15,20/10/2025,56.69,56.72,56.66,56.69,28996307.57,511500.0
VALE3,M15,20/10/2025,56.73,56.75,56.65,56.69,41300744.94,728600.0
VALE3,M15,20/10/2025,56.71,56.76,56.71,56.74,19049218.11,335800.0
VALE3,M15,20/10/2025,56.71,56.76,56.68,56.72,13198194.98,232700.0
VALE3,M15,20/10/2025,56.7,56.75,56.68,56.7,18374636.84,324000.0
VALE3,M15,20/10/2025,56.75,56.75,56.68,56.7,8358964.41,147400.0
VALE3,M15,20/10/2025,56.76,56.77,56.71,56.75,10515906.9,185300.0
VALE3,M15,20/10/2025,56.75,56.79,56.73,56.77,13528383.99,238300.0
VALE3,M15,20/10/2025,56.68,56.76,56.68,56.74,14571262.22,256900.0
VALE3,M15,20/10/2025,56.75,56.75,56.66,56.69,13358304.2,235600.0
VALE3,M15,20/10/2025,56.73,56.77,56.71,56.75,7751429.32,136600.0
VALE3,M15,20/10/2025,56.77,56.79,56.68,56.73,22137037.82,390200.0
VALE3,M15,20/10/2025,56.85,56.87,56.76,56.79,45318899.91,797400.0
VALE3,M15,20/10/2025,56.8,56.87,56.76,56.86,24905959.66,438400.0
VALE3,M15,20/10/2025,56.76,56.93,56.74,56.8,77201003.33,1358100.0
VALE3,M15,20/10/2025,56.76,56.85,56.73,56.77,41509064.46,730900.0
VALE3,M15,20/10/2025,56.71,56.78,56.62,56.76,22519641.03,397100.0
VALE3,M15,20/10/2025,56.64,56.74,56.59,56.71,43728809.33,771600.0
VALE3,M15,20/10/2025,56.59,56.7,56.54,56.63,53591908.01,946000.0
VALE3,M15,20/10/2025,56.54,56.6,56.53,56.58,54816777.08,968900.0
VALE3,M15,20/10/2025,56.4,56.55,56.35,56.54,47587046.25,843200.0
VALE3,M15,20/10/2025,56.34,56.4,56.27,56.38,56712557.12,1006300.0
VALE3,M15,20/10/2025,56.12,56.39,56.12,56.35,45840798.85,814600.0
VALE3,M15,20/10/2025,56.09,56.19,56.04,56.13,50709379.71,903500.0
VALE3,M15,20/10/2025,55.96,56.14,55.87,56.12,46836108.04,836200.0
VALE3,M15,20/10/2025,56.0,56.03,55.88,55.96,13130912.16,234600.0
VALE3,M15,20/10/2025,55.81,56.07,55.81,56.01,30165574.72,539300.0
VALE3,M15,17/10/2025,55.81,55.87,55.68,55.87,1611918.39,28900.0
VALE3,M15,17/10/2025,55.71,55.8,55.68,55.8,449573937.9,8057700.0
VALE3,M15,17/10/2025,55.76,55.76,55.64,55.71,69401341.44,1246000.0
VALE3,M15,17/10/2025,55.73,55.77,55.7,55.76,11809079.61,211900.0
VALE3,M15,17/10/2025,55.73,55.77,55.71,55.72,5908539.54,106000.0
VALE3,M15,17/10/2025,55.7,55.76,55.68,55.71,11470939.38,205900.0
VALE3,M15,17/10/2025,55.74,55.74,55.65,55.69,10633742.33,190900.0
VALE3,M15,17/10/2025,55.64,55.74,55.59,55.73,17154962.79,308200.0
VALE3,M15,17/10/2025,55.62,55.65,55.6,55.63,8872941.83,159500.0
VALE3,M15,17/10/2025,55.52,55.63,55.5,55.61,7181418.45,129200.0
VALE3,M15,17/10/2025,55.57,55.6,55.5,55.5,12493491.33,225000.0
VALE3,M15,17/10/2025,55.55,55.59,55.52,55.56,6954998.97,125200.0
VALE3,M15,17/10/2025,55.59,55.59,55.5,55.54,12025559.15,216500.0
VALE3,M15,17/10/2025,55.6,55.65,55.55,55.58,15202040.33,273400.0
VALE3,M15,17/10/2025,55.69,55.7,55.57,55.6,19678514.18,353800.0
VALE3,M15,17/10/2025,55.75,55.77,55.65,55.7,6316472.88,113400.0
VALE3,M15,17/10/2025,55.73,55.81,55.73,55.75,5677776.03,101800.0
VALE3,M15,17/10/2025,55.73,55.82,55.71,55.76,19372895.25,347400.0
VALE3,M15,17/10/2025,55.65,55.76,55.61,55.73,8041539.29,144500.0
VALE3,M15,17/10/2025,55.66,55.67,55.54,55.65,22727420.44,408700.0
VALE3,M15,17/10/2025,55.69,55.78,55.63,55.65,9066868.78,162700.0
VALE3,M15,17/10/2025,55.69,55.79,55.63,55.67,47083802.23,845900.0
VALE3,M15,17/10/2025,55.79,55.82,55.59,55.72,20442024.19,367100.0
VALE3,M15,17/10/2025,55.89,55.91,55.74,55.79,35725621.12,639900.0
VALE3,M15,17/10/2025,55.84,55.91,55.76,55.89,16366573.68,293100.0
VALE3,M15,17/10/2025,55.81,55.91,55.75,55.84,18409981.16,329600.0
VALE3,M15,17/10/2025,55.65,55.96,55.61,55.8,51336262.02,920200.0
VALE3,M15,17/10/2025,55.71,55.73,55.59,55.66,20718658.48,372200.0
VALE3,M15,17/10/2025,55.59,55.77,55.59,55.71,24549990.44,440700.0
VALE3,M15,16/10/2025,55.96,56.01,55.95,55.98,3044230.92,54400.0
VALE3,M15,16/10/2025,55.94,56.04,55.91,55.96,200087727.98,3575700.0
VALE3,M15,16/10/2025,55.9,55.96,55.88,55.93,37309597.02,667200.0
VALE3,M15,16/10/2025,55.91,55.92,55.84,55.89,28249457.26,505500.0
VALE3,M15,16/10/2025,55.95,55.98,55.91,55.91,19006007.03,339700.0
VALE3,M15,16/10/2025,55.95,55.99,55.9,55.94,29696665.34,530800.0
VALE3,M15,16/10/2025,55.81,55.96,55.77,55.94,20946209.21,375200.0
VALE3,M15,16/10/2025,55.76,55.84,55.75,55.81,43309595.07,776400.0
VALE3,M15,16/10/2025,55.9,55.9,55.76,55.76,25817752.28,462600.0
VALE3,M15,16/10/2025,55.88,55.92,55.86,55.89,20117094.23,360000.0
VALE3,M15,16/10/2025,55.92,55.96,55.87,55.88,27770275.7,496700.0
VALE3,M15,16/10/2025,55.92,55.96,55.87,55.91,20913524.58,374100.0
VALE3,M15,16/10/2025,56.01,56.04,55.91,55.93,25597685.05,457200.0
VALE3,M15,16/10/2025,55.8,56.0,55.78,56.0,25255312.15,452100.0
VALE3,M15,16/10/2025,55.88,55.88,55.78,55.8,38335038.8,686700.0
VALE3,M15,16/10/2025,55.97,55.97,55.86,55.88,21148546.75,378300.0
VALE3,M15,16/10/2025,55.97,55.99,55.83,55.97,312933534.52,5596800.0
VALE3,M15,16/10/2025,55.89,56.01,55.85,55.95,16321293.12,291800.0
VALE3,M15,16/10/2025,56.03,56.05,55.89,55.89,28834357.18,515200.0
VALE3,M15,16/10/2025,56.13,56.17,56.02,56.03,20019281.62,356800.0
VALE3,M15,16/10/2025,56.1,56.19,56.06,56.13,18736867.37,333800.0
VALE3,M15,16/10/2025,56.07,56.14,56.04,56.09,12112726.51,215900.0
VALE3,M15,16/10/2025,55.99,56.14,55.99,56.07,14103477.59,251600.0
VALE3,M15,16/10/2025,56.06,56.14,55.91,56.0,20993367.14,374800.0
VALE3,M15,16/10/2025,56.03,56.1,55.93,56.05,18268976.02,326200.0
VALE3,M15,16/10/2025,56.14,56.21,55.96,56.01,35920029.71,640600.0
VALE3,M15,16/10/2025,56.27,56.32,56.08,56.14,50943020.99,906500.0
VALE3,M15,16/10/2025,56.4,56.4,56.12,56.27,33132079.88,589000.0
VALE3,M15,16/10/2025,56.25,56.54,56.25,56.4,26338446.66,466900.0
VALE3,M15,15/10/2025,56.48,56.56,56.47,56.55,5930665.24,104900.0
VALE3,M15,15/10/2025,56.56,56.57,56.47,56.48,831439465.53,14720600.0
VALE3,M15,15/10/2025,56.48,56.59,56.46,56.56,109485737.41,1936300.0
VALE3,M15,15/10/2025,56.53,56.55,56.45,56.5,90681402.53,1605000.0
VALE3,M15,15/10/2025,56.53,56.55,56.48,56.54,42214041.88,746900.0
VALE3,M15,15/10/2025,56.46,56.55,56.42,56.53,45571136.73,806800.0
VALE3,M15,15/10/2025,56.4,56.47,56.36,56.47,57860952.32,1025700.0
VALE3,M15,15/10/2025,56.53,56.55,56.38,56.4,45277457.62,802000.0
VALE3,M15,15/10/2025,56.35,56.53,56.29,56.53,62864191.62,1114700.0
VALE3,M15,15/10/2025,56.23,56.39,56.21,56.37,47610055.41,845300.0
VALE3,M15,15/10/2025,56.18,56.26,56.14,56.23,102254625.69,1820000.0
VALE3,M15,15/10/2025,56.03,56.28,56.01,56.18,51699523.57,920600.0
VALE3,M15,15/10/2025,56.26,56.28,56.01,56.03,65309753.7,1163000.0
VALE3,M15,15/10/2025,56.22,56.27,56.15,56.27,85624370.01,1523100.0
VALE3,M15,15/10/2025,56.22,56.31,56.2,56.21,81015937.29,1440200.0
VALE3,M15,15/10/2025,56.26,56.27,56.17,56.22,18019606.77,320500.0
VALE3,M15,15/10/2025,56.2,56.31,56.17,56.25,28437249.12,505600.0
VALE3,M15,15/10/2025,56.29,56.31,56.1,56.2,24535990.43,436700.0
VALE3,M15,15/10/2025,56.21,56.34,56.2,56.28,34493912.59,613000.0
VALE3,M15,15/10/2025,56.11,56.26,56.08,56.2,32379899.07,576400.0
VALE3,M15,15/10/2025,56.13,56.17,56.03,56.11,19419743.23,346200.0
VALE3,M15,15/10/2025,56.05,56.15,56.02,56.14,27486854.85,489900.0
VALE3,M15,15/10/2025,56.11,56.14,56.02,56.02,30030519.08,535400.0
VALE3,M15,15/10/2025,56.15,56.16,56.0,56.1,70761090.75,1261700.0
VALE3,M15,15/10/2025,55.88,56.17,55.87,56.15,64590307.63,1152700.0
VALE3,M15,15/10/2025,55.63,55.96,55.63,55.87,76029597.11,1363600.0
VALE3,M15,15/10/2025,55.59,55.72,55.5,55.62,94419992.55,1697000.0
VALE3,M15,15/10/2025,55.63,55.68,55.54,55.58,99143201.96,1782900.0
VALE3,M15,15/10/2025,55.21,55.68,55.18,55.62,190581178.53,3447900.0
VALE3,M15,14/10/2025,55.45,55.53,55.42,55.44,2334025.08,42100.0
VALE3,M15,14/10/2025,55.53,55.54,55.45,55.45,163107234.2,2940900.0
VALE3,M15,14/10/2025,55.69,55.72,55.48,55.53,251882614.2,4526500.0
VALE3,M15,14/10/2025,55.6,55.73,55.59,55.69,57493847.87,1032600.0
VALE3,M15,14/10/2025,55.6,55.63,55.57,55.6,11724399.32,210900.0
VALE3,M15,14/10/2025,55.52,55.63,55.52,55.59,14109910.58,253800.0
VALE3,M15,14/10/2025,55.62,55.64,55.5,55.52,49003591.84,881600.0
VALE3,M15,14/10/2025,55.63,55.64,55.56,55.62,24441082.5,439600.0
VALE3,M15,14/10/2025,55.61,55.64,55.59,55.62,13096018.85,235500.0
VALE3,M15,14/10/2025,55.63,55.66,55.59,55.61,16510466.79,296800.0
VALE3,M15,14/10/2025,55.64,55.65,55.6,55.62,34510392.25,620500.0
VALE3,M15,14/10/2025,55.66,55.7,55.63,55.64,12778646.63,229600.0
VALE3,M15,14/10/2025,55.61,55.69,55.59,55.67,12812511.7,230300.0
VALE3,M15,14/10/2025,55.68,55.69,55.59,55.61,11909078.62,214000.0
VALE3,M15,14/10/2025,55.66,55.69,55.64,55.66,20121960.73,361400.0
VALE3,M15,14/10/2025,55.59,55.67,55.58,55.66,13516903.54,243000.0
VALE3,M15,14/10/2025,55.63,55.64,55.57,55.59,17143237.34,308300.0
VALE3,M15,14/10/2025,55.65,55.7,55.61,55.63,6009768.17,108000.0
VALE3,M15,14/10/2025,55.64,55.8,55.63,55.66,71894944.91,1290800.0
VALE3,M15,14/10/2025,55.53,55.65,55.53,55.64,19422326.81,349300.0
VALE3,M15,14/10/2025,55.55,55.58,55.46,55.53,13873462.05,249900.0
VALE3,M15,14/10/2025,55.5,55.6,55.49,55.55,9854996.2,177400.0
VALE3,M15,14/10/2025,55.52,55.63,55.42,55.5,13507201.16,243200.0
VALE3,M15,14/10/2025,55.56,55.62,55.52,55.54,21723291.42,390900.0
VALE3,M15,14/10/2025,55.55,55.64,55.5,55.56,29449838.84,529900.0
VALE3,M15,14/10/2025,55.26,55.57,55.24,55.55,32594437.2,588200.0
VALE3,M15,14/10/2025,55.08,55.4,54.98,55.25,55251620.94,1001400.0
VALE3,M15,14/10/2025,55.11,55.22,54.96,55.07,47748579.04,866500.0
VALE3,M15,14/10/2025,55.03,55.15,55.0,55.11,25668307.79,466100.0
VALE3,M15,13/10/2025,55.44,55.57,55.43,55.44,1198139.5,21600.0
VALE3,M15,13/10/2025,55.58,55.59,55.45,55.45,151478095.45,2731200.0
VALE3,M15,13/10/2025,55.59,55.6,55.54,55.58,38700618.53,696500.0
VALE3,M15,13/10/2025,55.5,55.6,55.5,55.59,30205860.71,543500.0
VALE3,M15,13/10/2025,55.5,55.55,55.46,55.5,33518237.38,603800.0
VALE3,M15,13/10/2025,55.59,55.61,55.48,55.5,18729539.78,337300.0
VALE3,M15,13/10/2025,55.58,55.64,55.58,55.59,16460413.46,296000.0
VALE3,M15,13/10/2025,55.61,55.62,55.58,55.58,8484095.88,152600.0
VALE3,M15,13/10/2025,55.55,55.64,55.55,55.59,21007864.57,377800.0
VALE3,M15,13/10/2025,55.59,55.6,55.54,55.56,43899513.67,790000.0
VALE3,M15,13/10/2025,55.63,55.63,55.55,55.57,15337438.4,275900.0
VALE3,M15,13/10/2025,55.63,55.65,55.59,55.63,20094673.43,361300.0
VALE3,M15,13/10/2025,55.67,55.74,55.61,55.63,188668958.73,3388600.0
VALE3,M15,13/10/2025,55.61,55.68,55.59,55.67,31477200.05,565600.0
VALE3,M15,13/10/2025,55.63,55.67,55.6,55.61,26657987.65,479200.0
VALE3,M15,13/10/2025,55.67,55.69,55.61,55.63,17187953.67,308800.0
VALE3,M15,13/10/2025,55.69,55.71,55.61,55.65,24902844.32,447400.0
VALE3,M15,13/10/2025,55.61,55.73,55.61,55.67,98700693.63,1772500.0
VALE3,M15,13/10/2025,55.66,55.67,55.59,55.62,12220196.03,219700.0
VALE3,M15,13/10/2025,55.58,55.72,55.58,55.65,72792448.91,1308200.0
VALE3,M15,13/10/2025,55.46,55.59,55.44,55.58,36284138.54,653500.0
VALE3,M15,13/10/2025,55.51,55.52,55.37,55.46,20263557.94,365400.0
VALE3,M15,13/10/2025,55.36,55.52,55.35,55.51,42202528.94,760700.0
VALE3,M15,13/10/2025,55.51,55.51,55.35,55.38,16962589.33,306100.0
VALE3,M15,13/10/2025,55.53,55.59,55.38,55.51,60850051.83,1096300.0
VALE3,M15,13/10/2025,55.35,55.54,55.33,55.53,62893771.12,1134400.0
VALE3,M15,13/10/2025,55.44,55.62,55.27,55.34,106035957.22,1911200.0
VALE3,M15,13/10/2025,55.41,55.45,55.31,55.44,51069152.86,922300.0
VALE3,M15,13/10/2025,55.37,55.45,55.26,55.41,25866905.44,467100.0
VALE3,M15,10/10/2025,54.62,54.71,54.52,54.69,1097105.76,20100.0
VALE3,M15,10/10/2025,54.74,54.85,54.63,54.63,157837562.26,2887700.0
VALE3,M15,10/10/2025,54.71,54.77,54.63,54.75,38061221.03,695900.0
VALE3,M15,10/10/2025,54.72,54.78,54.64,54.71,23681520.26,432900.0
VALE3,M15,10/10/2025,54.76,54.79,54.69,54.72,15500673.17,283200.0
VALE3,M15,10/10/2025,54.83,54.88,54.76,54.76,14886967.72,271500.0
VALE3,M15,10/10/2025,54.8,54.86,54.8,54.84,12123524.88,221100.0
VALE3,M15,10/10/2025,54.85,54.96,54.79,54.81,32274328.26,588000.0
VALE3,M15,10/10/2025,54.81,54.86,54.77,54.85,30461478.28,555800.0
VALE3,M15,10/10/2025,54.88,54.89,54.8,54.81,11651650.5,212500.0
VALE3,M15,10/10/2025,54.86,54.94,54.86,54.87,20732189.84,377700.0
VALE3,M15,10/10/2025,54.72,54.88,54.71,54.87,22535281.77,411500.0
VALE3,M15,10/10/2025,54.73,54.77,54.68,54.72,21810594.27,398600.0
VALE3,M15,10/10/2025,54.9,54.9,54.68,54.72,19665024.58,359100.0
VALE3,M15,10/10/2025,55.03,55.06,54.85,54.91,17658633.7,321400.0
VALE3,M15,10/10/2025,54.99,55.05,54.95,55.03,53477807.84,972600.0
VALE3,M15,10/10/2025,54.98,55.03,54.93,55.0,23084244.36,419900.0
VALE3,M15,10/10/2025,55.23,55.27,54.9,54.99,63442674.33,1150100.0
VALE3,M15,10/10/2025,55.08,55.24,55.0,55.22,40369919.7,732900.0
VALE3,M15,10/10/2025,55.24,55.31,55.05,55.09,49207190.55,892400.0
VALE3,M15,10/10/2025,55.24,55.35,55.08,55.25,70578233.14,1279300.0
VALE3,M15,10/10/2025,55.37,55.42,55.2,55.24,105618722.41,1908300.0
VALE3,M15,10/10/2025,55.27,55.41,55.26,55.38,59610004.17,1076700.0
VALE3,M15,10/10/2025,55.24,55.35,55.19,55.26,44585171.71,807000.0
VALE3,M15,10/10/2025,55.43,55.47,55.2,55.24,48580801.01,877300.0
VALE3,M15,10/10/2025,55.46,55.48,55.32,55.4,116378574.33,2100800.0
VALE3,M15,10/10/2025,55.22,55.5,55.19,55.45,108661639.26,1960500.0
VALE3,M15,10/10/2025,55.24,55.3,55.2,55.22,15040048.17,272200.0
VALE3,M15,10/10/2025,55.28,55.36,55.17,55.24,26722298.98,483400.0
VALE3,M15,09/10/2025,54.88,54.88,54.81,54.81,1096869.11,20000.0
VALE3,M15,09/10/2025,54.96,55.02,54.85,54.85,122686262.63,2236000.0
VALE3,M15,09/10/2025,54.95,54.98,54.93,54.96,22849637.94,415800.0
VALE3,M15,09/10/2025,55.01,55.08,54.94,54.94,26978590.28,490500.0
VALE3,M15,09/10/2025,54.94,55.04,54.94,55.01,46106169.85,838300.0
VALE3,M15,09/10/2025,54.98,54.99,54.91,54.95,13027112.93,237100.0
VALE3,M15,09/10/2025,54.96,55.01,54.96,54.98,8110582.56,147500.0
VALE3,M15,09/10/2025,54.98,55.09,54.95,54.97,13143019.02,238900.0
VALE3,M15,09/10/2025,55.13,55.21,54.98,54.99,23384447.41,424600.0
VALE3,M15,09/10/2025,55.16,55.22,55.07,55.14,27784642.28,504000.0
VALE3,M15,09/10/2025,55.18,55.26,55.15,55.16,18722626.08,339100.0
VALE3,M15,09/10/2025,55.19,55.22,55.14,55.18,21179901.54,383800.0
VALE3,M15,09/10/2025,55.17,55.24,55.13,55.17,26058063.2,472200.0
VALE3,M15,09/10/2025,55.24,55.3,55.15,55.18,14950592.32,270700.0
VALE3,M15,09/10/2025,55.33,55.35,55.23,55.24,10026876.34,181400.0
VALE3,M15,09/10/2025,55.28,55.36,55.24,55.33,19056533.64,344500.0
VALE3,M15,09/10/2025,55.24,55.35,55.22,55.29,18387593.77,332600.0
VALE3,M15,09/10/2025,55.09,55.26,55.08,55.22,15230465.38,276200.0
VALE3,M15,09/10/2025,55.15,55.22,55.07,55.1,18873054.26,342300.0
VALE3,M15,09/10/2025,55.28,55.32,55.14,55.15,16233998.62,294000.0
VALE3,M15,09/10/2025,55.31,55.35,55.24,55.27,9674842.82,175000.0
VALE3,M15,09/10/2025,55.22,55.37,55.18,55.3,12060474.72,218200.0
VALE3,M15,09/10/2025,55.31,55.32,55.18,55.22,21177467.36,383400.0
VALE3,M15,09/10/2025,55.25,55.51,55.25,55.28,34433920.24,621600.0
VALE3,M15,09/10/2025,55.21,55.31,55.11,55.27,47154526.13,854200.0
VALE3,M15,09/10/2025,55.64,55.67,55.17,55.22,70326779.57,1269200.0
VALE3,M15,09/10/2025,55.44,56.03,55.42,55.64,275258472.85,4932400.0
VALE3,M15,09/10/2025,55.37,55.44,55.29,55.44,27098331.85,489600.0
VALE3,M15,09/10/2025,55.55,55.55,55.32,55.34,25024689.69,451500.0
VALE3,M15,08/10/2025,54.95,54.98,54.93,54.98,6676157.86,121500.0
VALE3,M15,08/10/2025,54.97,54.99,54.9,54.94,257466477.13,4686000.0
VALE3,M15,08/10/2025,54.9,55.04,54.89,54.97,128329628.85,2334400.0
VALE3,M15,08/10/2025,54.86,54.91,54.86,54.89,21286239.81,387800.0
VALE3,M15,08/10/2025,54.91,54.92,54.85,54.87,14372614.46,261900.0
VALE3,M15,08/10/2025,54.95,54.95,54.9,54.92,13027235.43,237200.0
VALE3,M15,08/10/2025,54.94,54.96,54.93,54.95,10159206.41,184900.0
VALE3,M15,08/10/2025,54.89,54.95,54.86,54.94,22596272.66,411500.0
VALE3,M15,08/10/2025,54.94,54.94,54.87,54.89,33439991.94,609100.0
VALE3,M15,08/10/2025,54.91,54.95,54.89,54.93,32084633.05,584100.0
VALE3,M15,08/10/2025,54.94,54.96,54.87,54.91,42668632.01,776800.0
VALE3,M15,08/10/2025,54.87,54.95,54.86,54.94,20660322.63,376200.0
VALE3,M15,08/10/2025,54.94,54.95,54.84,54.87,20398304.55,371600.0
VALE3,M15,08/10/2025,54.95,54.97,54.89,54.94,33778060.71,614900.0
VALE3,M15,08/10/2025,54.94,54.98,54.91,54.94,26653634.34,485100.0
VALE3,M15,08/10/2025,54.96,54.98,54.91,54.94,10610605.1,193100.0
VALE3,M15,08/10/2025,54.92,54.99,54.89,54.95,11813482.11,215000.0
VALE3,M15,08/10/2025,55.0,55.03,54.86,54.91,62514039.19,1138200.0
VALE3,M15,08/10/2025,54.96,55.0,54.94,55.0,14216541.17,258600.0
VALE3,M15,08/10/2025,54.98,55.11,54.91,54.95,81705885.53,1485400.0
VALE3,M15,08/10/2025,54.88,55.0,54.87,54.98,53605591.57,975600.0
VALE3,M15,08/10/2025,54.85,54.99,54.83,54.88,89657955.06,1632200.0
VALE3,M15,08/10/2025,54.89,54.96,54.85,54.85,50047131.73,911700.0
VALE3,M15,08/10/2025,54.91,54.96,54.86,54.89,41317601.38,752400.0
VALE3,M15,08/10/2025,54.84,54.98,54.76,54.91,69582595.44,1267300.0
VALE3,M15,08/10/2025,54.94,55.06,54.8,54.85,47917238.97,872300.0
VALE3,M15,08/10/2025,54.78,54.96,54.65,54.93,76069053.45,1387300.0
VALE3,M15,08/10/2025,54.84,54.85,54.73,54.79,14612673.88,266700.0
VALE3,M15,08/10/2025,54.86,55.07,54.81,54.83,44534190.37,810700.0
VALE3,M15,07/10/2025,54.57,54.71,54.52,54.53,1878570.96,34400.0
VALE3,M15,07/10/2025,54.69,54.73,54.52,54.52,489847190.16,8978500.0
VALE3,M15,07/10/2025,54.74,54.78,54.69,54.69,59985876.5,1096200.0
VALE3,M15,07/10/2025,54.77,54.8,54.73,54.76,57087631.36,1042200.0
VALE3,M15,07/10/2025,54.78,54.84,54.75,54.76,27737578.08,506200.0
VALE3,M15,07/10/2025,54.85,54.85,54.77,54.79,11357954.68,207200.0
VALE3,M15,07/10/2025,54.83,54.85,54.8,54.85,19073494.01,347900.0
VALE3,M15,07/10/2025,54.81,54.85,54.78,54.82,12910938.65,235500.0
VALE3,M15,07/10/2025,54.77,54.83,54.73,54.8,13266969.12,242200.0
VALE3,M15,07/10/2025,54.82,54.85,54.77,54.77,14943085.62,272600.0
VALE3,M15,07/10/2025,54.83,54.88,54.78,54.8,15582783.79,284200.0
VALE3,M15,07/10/2025,54.9,54.91,54.82,54.83,13075633.18,238300.0
VALE3,M15,07/10/2025,54.79,54.91,54.77,54.91,12345826.77,225100.0
VALE3,M15,07/10/2025,54.89,54.93,54.75,54.77,32020862.76,584000.0
VALE3,M15,07/10/2025,54.85,54.99,54.85,54.91,41077553.09,747900.0
VALE3,M15,07/10/2025,54.8,54.93,54.79,54.85,28591162.92,521200.0
VALE3,M15,07/10/2025,54.82,54.9,54.77,54.8,18038445.44,329000.0
VALE3,M15,07/10/2025,54.94,54.95,54.78,54.81,51904799.2,946300.0
VALE3,M15,07/10/2025,54.98,55.01,54.87,54.94,33557429.24,611000.0
VALE3,M15,07/10/2025,55.02,55.08,54.94,54.98,21882251.75,397700.0
VALE3,M15,07/10/2025,55.07,55.12,54.99,55.02,78671455.36,1428700.0
VALE3,M15,07/10/2025,54.99,55.11,54.98,55.05,21877163.46,397300.0
VALE3,M15,07/10/2025,55.05,55.1,54.98,54.99,45185321.67,820800.0
VALE3,M15,07/10/2025,55.13,55.17,54.98,55.04,43269163.38,785100.0
VALE3,M15,07/10/2025,55.14,55.18,55.03,55.14,30088702.73,545900.0
VALE3,M15,07/10/2025,55.09,55.22,54.94,55.15,90098385.56,1635200.0
VALE3,M15,07/10/2025,55.12,55.33,54.96,55.09,76874297.15,1393100.0
VALE3,M15,07/10/2025,55.24,55.26,55.05,55.11,26808092.88,486300.0
VALE3,M15,07/10/2025,55.22,55.28,55.08,55.23,40408706.01,732300.0
VALE3,M15,06/10/2025,55.4,55.4,55.24,55.26,2869522.2,51900.0
VALE3,M15,06/10/2025,55.49,55.55,55.3,55.3,256842795.54,4641500.0
VALE3,M15,06/10/2025,55.52,55.55,55.46,55.49,34048017.94,613400.0
VALE3,M15,06/10/2025,55.43,55.52,55.4,55.52,25516852.3,460100.0
VALE3,M15,06/10/2025,55.42,55.49,55.4,55.42,59697427.67,1076700.0
VALE3,M15,06/10/2025,55.63,55.65,55.42,55.45,164236867.75,2960000.0
VALE3,M15,06/10/2025,55.58,55.64,55.54,55.63,24683268.93,444000.0
VALE3,M15,06/10/2025,55.56,55.58,55.53,55.58,17911501.56,322400.0
VALE3,M15,06/10/2025,55.48,55.57,55.47,55.56,29496613.5,531300.0
VALE3,M15,06/10/2025,55.49,55.53,55.46,55.48,27924785.29,503200.0
VALE3,M15,06/10/2025,55.53,55.56,55.4,55.47,75428056.06,1359200.0
VALE3,M15,06/10/2025,55.5,55.54,55.46,55.53,47339281.53,853000.0
VALE3,M15,06/10/2025,55.29,55.53,55.28,55.48,57064200.88,1029400.0
VALE3,M15,06/10/2025,55.14,55.3,55.12,55.29,24463968.24,443200.0
VALE3,M15,06/10/2025,55.19,55.24,55.11,55.14,14217809.76,257700.0
VALE3,M15,06/10/2025,55.13,55.2,55.08,55.19,7156814.96,129800.0
VALE3,M15,06/10/2025,55.16,55.19,55.11,55.12,8745853.18,158600.0
VALE3,M15,06/10/2025,55.24,55.25,55.13,55.15,14317789.28,259400.0
VALE3,M15,06/10/2025,55.29,55.31,55.22,55.23,10732784.56,194200.0
VALE3,M15,06/10/2025,55.23,55.31,55.19,55.29,32937611.9,596200.0
VALE3,M15,06/10/2025,55.4,55.4,55.21,55.22,64507463.87,1166100.0
VALE3,M15,06/10/2025,55.29,55.46,55.26,55.4,93733064.99,1693000.0
VALE3,M15,06/10/2025,55.07,55.3,55.05,55.3,57513580.21,1042200.0
VALE3,M15,06/10/2025,55.02,55.1,54.98,55.09,56473207.63,1026100.0
VALE3,M15,06/10/2025,54.85,55.02,54.81,55.01,63764134.44,1160900.0
VALE3,M15,06/10/2025,54.86,55.01,54.78,54.86,81101329.37,1476500.0
VALE3,M15,06/10/2025,54.73,54.98,54.72,54.85,41340578.99,753600.0
VALE3,M15,06/10/2025,54.67,54.77,54.6,54.75,13569735.34,248100.0
VALE3,M15,06/10/2025,54.58,54.77,54.57,54.67,35624332.17,651200.0
VALE3,M15,03/10/2025,54.38,54.39,54.35,54.39,620006.66,11400.0
VALE3,M15,03/10/2025,54.34,54.45,54.33,54.37,117375356.27,2158600.0
VALE3,M15,03/10/2025,54.38,54.39,54.31,54.34,36652970.03,674500.0
VALE3,M15,03/10/2025,54.32,54.43,54.32,54.38,39508658.33,726700.0
VALE3,M15,03/10/2025,54.37,54.4,54.3,54.32,16676020.66,306900.0
VALE3,M15,03/10/2025,54.36,54.4,54.32,54.37,27341746.97,503000.0
VALE3,M15,03/10/2025,54.4,54.49,54.34,54.36,33465945.69,614900.0
VALE3,M15,03/10/2025,54.34,54.43,54.34,54.39,28996703.84,533200.0
VALE3,M15,03/10/2025,54.47,54.48,54.34,54.34,33935104.7,624100.0
VALE3,M15,03/10/2025,54.56,54.57,54.44,54.47,84541248.49,1551800.0
VALE3,M15,03/10/2025,54.59,54.65,54.51,54.56,18458665.67,338200.0
VALE3,M15,03/10/2025,54.6,54.61,54.55,54.57,23417130.18,429000.0
VALE3,M15,03/10/2025,54.68,54.71,54.6,54.6,12624309.66,231000.0
VALE3,M15,03/10/2025,54.74,54.76,54.66,54.68,4764605.31,87100.0
VALE3,M15,03/10/2025,54.77,54.78,54.68,54.75,13180981.26,240800.0
VALE3,M15,03/10/2025,54.79,54.82,54.74,54.76,10540463.07,192400.0
VALE3,M15,03/10/2025,54.78,54.83,54.73,54.77,13271565.57,242200.0
VALE3,M15,03/10/2025,54.77,54.81,54.72,54.78,17890327.08,326600.0
VALE3,M15,03/10/2025,54.78,54.79,54.71,54.77,14681307.9,268100.0
VALE3,M15,03/10/2025,54.69,54.79,54.63,54.78,48380063.37,884300.0
VALE3,M15,03/10/2025,54.69,54.72,54.6,54.69,20308980.48,371600.0
VALE3,M15,03/10/2025,54.67,54.72,54.65,54.69,17161599.95,313800.0
VALE3,M15,03/10/2025,54.7,54.75,54.65,54.66,38984561.85,712800.0
VALE3,M15,03/10/2025,54.76,54.77,54.63,54.69,27333951.66,499700.0
VALE3,M15,03/10/2025,54.66,54.86,54.62,54.75,67345219.25,1230100.0
VALE3,M15,03/10/2025,54.6,54.73,54.47,54.64,99040818.89,1813700.0
VALE3,M15,03/10/2025,54.34,54.7,54.33,54.6,132927373.64,2436400.0
VALE3,M15,03/10/2025,54.46,54.56,54.3,54.35,30833038.13,566500.0
VALE3,M15,03/10/2025,54.47,54.51,54.29,54.46,19093501.05,350800.0
VALE3,M15,02/10/2025,54.47,54.53,54.47,54.47,3885604.96,71300.0
VALE3,M15,02/10/2025,54.51,54.57,54.47,54.47,94775119.13,1739400.0
VALE3,M15,02/10/2025,54.6,54.62,54.51,54.52,45234378.31,829000.0
VALE3,M15,02/10/2025,54.56,54.61,54.52,54.61,47688124.54,873700.0
VALE3,M15,02/10/2025,54.49,54.56,54.49,54.56,22862824.09,419300.0
VALE3,M15,02/10/2025,54.47,54.52,54.43,54.49,36700968.73,673600.0
VALE3,M15,02/10/2025,54.44,54.47,54.42,54.47,18302420.7,336100.0
VALE3,M15,02/10/2025,54.46,54.47,54.42,54.44,9818446.39,180300.0
VALE3,M15,02/10/2025,54.4,54.48,54.39,54.46,32623581.46,599200.0
VALE3,M15,02/10/2025,54.3,54.4,54.29,54.39,11990922.9,220600.0
VALE3,M15,02/10/2025,54.32,54.35,54.28,54.3,16698338.46,307400.0
VALE3,M15,02/10/2025,54.39,54.4,54.33,54.34,10270203.3,188900.0
VALE3,M15,02/10/2025,54.38,54.43,54.35,54.39,15115682.19,277900.0
VALE3,M15,02/10/2025,54.34,54.4,54.29,54.37,11652054.18,214400.0
VALE3,M15,02/10/2025,54.46,54.47,54.3,54.35,15813284.68,290800.0
VALE3,M15,02/10/2025,54.25,54.47,54.24,54.46,41312875.93,759500.0
VALE3,M15,02/10/2025,54.27,54.27,54.21,54.25,9888207.94,182300.0
VALE3,M15,02/10/2025,54.19,54.29,54.15,54.27,17211811.04,317500.0
VALE3,M15,02/10/2025,54.19,54.19,54.06,54.17,16017347.4,296000.0
VALE3,M15,02/10/2025,54.14,54.23,54.13,54.21,22010492.99,406300.0
VALE3,M15,02/10/2025,53.95,54.17,53.9,54.17,36638145.01,677800.0
VALE3,M15,02/10/2025,54.03,54.08,53.94,53.95,20964531.91,388200.0
VALE3,M15,02/10/2025,54.21,54.26,54.01,54.04,30319495.02,560200.0
VALE3,M15,02/10/2025,54.26,54.31,54.18,54.2,20636674.99,380500.0
VALE3,M15,02/10/2025,54.47,54.5,54.23,54.27,38571111.48,709700.0
VALE3,M15,02/10/2025,54.38,54.62,54.37,54.49,49155765.61,901500.0
VALE3,M15,02/10/2025,54.4,54.52,54.26,54.38,50664298.67,931700.0
VALE3,M15,02/10/2025,54.2,54.41,54.11,54.39,39552444.78,729200.0
VALE3,M15,02/10/2025,54.16,54.28,54.14,54.2,19632107.95,362200.0
VALE3,M15,01/10/2025,54.11,54.13,54.07,54.07,1033299.27,19100.0
VALE3,M15,01/10/2025,54.1,54.19,54.08,54.11,156554355.48,2892900.0
VALE3,M15,01/10/2025,54.08,54.13,54.07,54.09,41837519.01,773400.0
VALE3,M15,01/10/2025,54.04,54.12,54.03,54.08,31503214.12,582700.0
VALE3,M15,01/10/2025,54.06,54.12,54.04,54.04,18322549.31,338800.0
VALE3,M15,01/10/2025,53.99,54.06,53.98,54.06,10908242.19,201900.0
VALE3,M15,01/10/2025,54.02,54.06,53.96,53.99,10431335.19,193100.0
VALE3,M15,01/10/2025,53.97,54.02,53.93,54.01,15932293.12,295200.0
VALE3,M15,01/10/2025,53.9,53.97,53.87,53.96,19598704.11,363600.0
VALE3,M15,01/10/2025,53.96,53.98,53.88,53.91,10343451.4,191800.0
VALE3,M15,01/10/2025,53.96,53.99,53.94,53.97,6750337.69,125100.0
VALE3,M15,01/10/2025,53.95,53.99,53.94,53.96,10765730.89,199500.0
VALE3,M15,01/10/2025,53.94,54.03,53.94,53.95,15905278.65,294700.0
VALE3,M15,01/10/2025,53.98,54.02,53.94,53.94,12219260.59,226400.0
VALE3,M15,01/10/2025,54.05,54.07,53.96,53.97,13133431.71,243200.0
VALE3,M15,01/10/2025,54.08,54.09,54.03,54.05,9703794.98,179500.0
VALE3,M15,01/10/2025,54.11,54.11,54.02,54.07,9094598.75,168200.0
VALE3,M15,01/10/2025,54.09,54.12,53.99,54.11,29815343.4,551500.0
VALE3,M15,01/10/2025,53.94,54.13,53.94,54.09,14375471.81,266000.0
VALE3,M15,01/10/2025,53.97,54.01,53.93,53.94,33384016.03,618600.0
VALE3,M15,01/10/2025,54.04,54.08,53.94,53.98,13216398.89,244700.0
VALE3,M15,01/10/2025,54.06,54.07,53.91,54.02,22892963.18,424100.0
VALE3,M15,01/10/2025,54.29,54.3,54.05,54.07,62036930.81,1144400.0
VALE3,M15,01/10/2025,54.34,54.36,54.28,54.29,36687840.13,675400.0
VALE3,M15,01/10/2025,54.27,54.37,54.2,54.33,52112250.09,959600.0
VALE3,M15,01/10/2025,54.16,54.45,54.13,54.27,147883501.56,2723300.0
VALE3,M15,01/10/2025,53.69,54.2,53.69,54.13,123329715.55,2284600.0
VALE3,M15,01/10/2025,53.81,53.82,53.63,53.71,17931181.01,333700.0
VALE3,M15,01/10/2025,53.6,53.86,53.6,53.81,41029507.05,763300.0
VALE3,M15,30/09/2025,53.43,53.5,53.36,53.5,854457.17,16000.0
VALE3,M15,30/09/2025,53.35,53.45,53.33,53.44,257431509.59,4817900.0
VALE3,M15,30/09/2025,53.24,53.35,53.21,53.34,26833620.68,503400.0
VALE3,M15,30/09/2025,53.19,53.26,53.16,53.22,17325336.77,325600.0
VALE3,M15,30/09/2025,53.19,53.22,53.15,53.18,12237057.1,230100.0
VALE3,M15,30/09/2025,53.19,53.23,53.14,53.18,15102627.82,284000.0
VALE3,M15,30/09/2025,53.21,53.23,53.17,53.19,16548901.39,311100.0
VALE3,M15,30/09/2025,53.29,53.32,53.18,53.19,25537189.71,479600.0
VALE3,M15,30/09/2025,53.32,53.33,53.22,53.28,16037700.59,301000.0
VALE3,M15,30/09/2025,53.33,53.37,53.31,53.32,13463711.67,252400.0
VALE3,M15,30/09/2025,53.27,53.35,53.22,53.32,17498014.07,328400.0
VALE3,M15,30/09/2025,53.25,53.27,53.21,53.26,16608699.79,311900.0
VALE3,M15,30/09/2025,53.18,53.25,53.17,53.24,14433520.9,271200.0
VALE3,M15,30/09/2025,53.14,53.2,53.12,53.18,16005029.88,301000.0
VALE3,M15,30/09/2025,53.09,53.16,53.07,53.14,10170380.61,191500.0
VALE3,M15,30/09/2025,53.11,53.12,53.06,53.07,12392072.46,233400.0
VALE3,M15,30/09/2025,53.06,53.12,53.03,53.1,17104821.3,322300.0
VALE3,M15,30/09/2025,53.06,53.13,53.05,53.05,10189760.32,191900.0
VALE3,M15,30/09/2025,53.1,53.1,52.98,53.06,59691418.79,1125000.0
VALE3,M15,30/09/2025,53.14,53.17,53.05,53.08,29792126.37,561000.0
VALE3,M15,30/09/2025,53.29,53.31,53.11,53.14,26640701.55,500700.0
VALE3,M15,30/09/2025,53.21,53.35,53.19,53.27,45684662.46,857500.0
VALE3,M15,30/09/2025,53.42,53.44,53.18,53.2,57195812.66,1072600.0
VALE3,M15,30/09/2025,53.36,53.45,53.31,53.4,54538111.37,1021800.0
VALE3,M15,30/09/2025,53.48,53.49,53.29,53.34,55140807.8,1033000.0
VALE3,M15,30/09/2025,53.55,53.56,53.41,53.48,19836716.34,371100.0
VALE3,M15,30/09/2025,53.33,53.62,53.23,53.55,57183558.24,1069600.0
VALE3,M15,30/09/2025,53.28,53.36,53.22,53.33,22770491.4,427200.0
VALE3,M15,30/09/2025,53.52,53.53,53.22,53.25,30315779.25,568500.0
VALE3,M15,29/09/2025,53.14,53.18,53.08,53.14,1264319.84,23800.0
VALE3,M15,29/09/2025,53.2,53.22,53.14,53.16,182293678.57,3429100.0
VALE3,M15,29/09/2025,53.25,53.29,53.18,53.2,50503445.19,948700.0
VALE3,M15,29/09/2025,53.31,53.32,53.24,53.24,41217546.69,773800.0
VALE3,M15,29/09/2025,53.32,53.37,53.29,53.31,14747981.02,276600.0
VALE3,M15,29/09/2025,53.33,53.41,53.32,53.32,14827420.82,277900.0
VALE3,M15,29/09/2025,53.31,53.36,53.31,53.32,14198212.91,266200.0
VALE3,M15,29/09/2025,53.35,53.4,53.31,53.31,10218474.91,191500.0
VALE3,M15,29/09/2025,53.32,53.36,53.28,53.35,15207245.55,285200.0
VALE3,M15,29/09/2025,53.33,53.34,53.29,53.31,23491760.09,440600.0
VALE3,M15,29/09/2025,53.34,53.38,53.3,53.34,11524389.24,216100.0
VALE3,M15,29/09/2025,53.46,53.47,53.33,53.34,22657242.21,424400.0
VALE3,M15,29/09/2025,53.56,53.59,53.46,53.46,12198269.86,227800.0
VALE3,M15,29/09/2025,53.44,53.57,53.44,53.56,33132607.0,619100.0
VALE3,M15,29/09/2025,53.43,53.48,53.41,53.44,11852884.63,221800.0
VALE3,M15,29/09/2025,53.39,53.44,53.39,53.44,16808808.24,314700.0
VALE3,M15,29/09/2025,53.41,53.45,53.36,53.39,10362080.34,194000.0
VALE3,M15,29/09/2025,53.44,53.47,53.36,53.41,11051483.83,206900.0
VALE3,M15,29/09/2025,53.44,53.47,53.35,53.45,23609468.38,441900.0
VALE3,M15,29/09/2025,53.29,53.48,53.28,53.44,24394973.23,457100.0
VALE3,M15,29/09/2025,53.26,53.34,53.24,53.29,21021723.52,394500.0
VALE3,M15,29/09/2025,53.22,53.31,53.21,53.26,16136038.45,302900.0
VALE3,M15,29/09/2025,53.12,53.28,53.1,53.22,15877407.62,298600.0
VALE3,M15,29/09/2025,53.08,53.14,53.02,53.13,24257946.49,457000.0
VALE3,M15,29/09/2025,53.3,53.32,53.08,53.08,44404693.53,835000.0
VALE3,M15,29/09/2025,53.35,53.43,53.25,53.31,17888888.66,335500.0
VALE3,M15,29/09/2025,53.34,53.5,53.3,53.35,73058917.74,1368300.0
VALE3,M15,29/09/2025,53.34,53.42,53.24,53.36,35636394.49,667900.0
VALE3,M15,29/09/2025,53.36,53.45,53.16,53.34,36454304.64,683300.0
VALE3,M15,26/09/2025,52.92,52.98,52.92,52.97,603748.79,11400.0
VALE3,M15,26/09/2025,52.94,52.98,52.84,52.98,165513197.01,3125400.0
VALE3,M15,26/09/2025,52.96,52.97,52.92,52.94,35951691.67,679100.0
VALE3,M15,26/09/2025,52.81,52.96,52.79,52.96,39724850.18,751500.0
VALE3,M15,26/09/2025,52.82,52.83,52.78,52.8,24002685.27,454500.0
VALE3,M15,26/09/2025,52.77,52.82,52.75,52.81,24679439.02,467600.0
VALE3,M15,26/09/2025,52.82,52.85,52.76,52.77,24945029.02,472500.0
VALE3,M15,26/09/2025,52.79,52.85,52.79,52.8,22873812.69,433100.0
VALE3,M15,26/09/2025,52.81,52.87,52.79,52.79,20066226.11,379900.0
VALE3,M15,26/09/2025,52.81,52.83,52.78,52.8,21887889.43,414500.0
VALE3,M15,26/09/2025,52.79,52.83,52.76,52.8,30022098.29,568700.0
VALE3,M15,26/09/2025,52.68,52.79,52.66,52.79,35455237.0,672400.0
VALE3,M15,26/09/2025,52.67,52.69,52.65,52.68,11180104.63,212300.0
VALE3,M15,26/09/2025,52.69,52.73,52.64,52.67,24209356.63,459400.0
VALE3,M15,26/09/2025,52.69,52.73,52.62,52.69,32054402.09,608600.0
VALE3,M15,26/09/2025,52.52,52.7,52.47,52.69,73349302.4,1395300.0
VALE3,M15,26/09/2025,52.62,52.66,52.49,52.51,97040677.24,1845800.0
VALE3,M15,26/09/2025,52.89,52.89,52.56,52.6,54572665.95,1034300.0
VALE3,M15,26/09/2025,52.93,52.93,52.85,52.89,27129783.15,512900.0
VALE3,M15,26/09/2025,52.91,52.93,52.85,52.92,36648262.21,693000.0
VALE3,M15,26/09/2025,52.92,52.96,52.81,52.91,42672448.93,807000.0
VALE3,M15,26/09/2025,52.82,52.97,52.77,52.93,79178520.01,1498000.0
VALE3,M15,26/09/2025,52.87,52.9,52.75,52.82,103567811.01,1960700.0
VALE3,M15,26/09/2025,53.01,53.03,52.82,52.87,171170941.87,3233900.0
VALE3,M15,26/09/2025,53.27,53.27,52.99,53.01,115696269.2,2177200.0
VALE3,M15,26/09/2025,53.38,53.38,53.18,53.27,81719647.97,1534000.0
VALE3,M15,26/09/2025,53.56,53.57,53.31,53.39,65110368.17,1219300.0
VALE3,M15,26/09/2025,53.71,53.77,53.51,53.56,36745239.61,685300.0
VALE3,M15,26/09/2025,53.58,53.74,53.38,53.72,39082977.67,729400.0
VALE3,M15,25/09/2025,54.03,54.11,54.01,54.02,2303803.39,42600.0
VALE3,M15,25/09/2025,54.02,54.1,53.99,54.02,166901335.19,3089500.0
VALE3,M15,25/09/2025,54.0,54.06,53.96,54.03,26822866.86,496600.0
VALE3,M15,25/09/2025,54.01,54.06,53.97,54.0,12865156.04,238200.0
VALE3,M15,25/09/2025,54.04,54.08,54.0,54.02,7640989.23,141400.0
VALE3,M15,25/09/2025,54.12,54.13,54.04,54.04,8809448.08,162900.0
VALE3,M15,25/09/2025,54.08,54.17,54.05,54.12,14594070.93,269700.0
VALE3,M15,25/09/2025,54.05,54.13,54.02,54.09,9665389.15,178700.0
VALE3,M15,25/09/2025,54.03,54.08,53.95,54.05,18900726.69,350000.0
VALE3,M15,25/09/2025,54.08,54.09,54.01,54.01,14438396.69,267200.0
VALE3,M15,25/09/2025,54.21,54.21,54.02,54.08,33092113.13,611900.0
VALE3,M15,25/09/2025,54.27,54.27,54.14,54.21,18255921.66,336800.0
VALE3,M15,25/09/2025,54.31,54.33,54.25,54.28,9287255.25,171100.0
VALE3,M15,25/09/2025,54.32,54.33,54.28,54.3,12729814.57,234400.0
VALE3,M15,25/09/2025,54.27,54.34,54.25,54.32,19981642.33,368000.0
VALE3,M15,25/09/2025,54.27,54.34,54.22,54.27,27217425.66,501400.0
VALE3,M15,25/09/2025,54.27,54.28,54.2,54.26,12927579.79,238300.0
VALE3,M15,25/09/2025,54.21,54.28,54.2,54.26,13447889.97,247900.0
VALE3,M15,25/09/2025,54.14,54.24,54.1,54.21,22536116.05,415900.0
VALE3,M15,25/09/2025,54.1,54.18,54.07,54.16,15340843.29,283400.0
VALE3,M15,25/09/2025,54.09,54.11,54.02,54.09,11344237.72,209800.0
VALE3,M15,25/09/2025,54.08,54.15,54.04,54.09,17472759.12,322900.0
VALE3,M15,25/09/2025,54.08,54.1,53.99,54.1,11933399.07,220800.0
VALE3,M15,25/09/2025,53.96,54.08,53.95,54.06,19376372.52,358800.0
VALE3,M15,25/09/2025,53.97,54.14,53.92,53.96,30714680.23,568500.0
VALE3,M15,25/09/2025,53.97,54.04,53.86,53.97,26216880.62,486100.0
VALE3,M15,25/09/2025,54.02,54.11,53.91,53.97,40492510.26,749700.0
VALE3,M15,25/09/2025,54.09,54.13,54.01,54.01,23315518.29,431200.0
VALE3,M15,25/09/2025,54.0,54.31,54.0,54.09,88696274.29,1637400.0
VALE3,M15,24/09/2025,53.66,53.82,53.66,53.69,1091232.36,20300.0
VALE3,M15,24/09/2025,53.68,53.73,53.59,53.72,139900631.27,2604800.0
VALE3,M15,24/09/2025,53.62,53.74,53.6,53.68,31598317.85,588700.0
VALE3,M15,24/09/2025,53.62,53.66,53.6,53.61,15666946.25,292100.0
VALE3,M15,24/09/2025,53.68,53.7,53.62,53.63,13396222.83,249600.0
VALE3,M15,24/09/2025,53.71,53.71,53.65,53.67,13300288.52,247800.0
VALE3,M15,24/09/2025,53.67,53.73,53.66,53.69,8074786.3,150400.0
VALE3,M15,24/09/2025,53.62,53.69,53.62,53.67,6133245.92,114300.0
VALE3,M15,24/09/2025,53.59,53.66,53.58,53.63,14878952.47,277500.0
VALE3,M15,24/09/2025,53.61,53.66,53.57,53.6,9314348.6,173700.0
VALE3,M15,24/09/2025,53.69,53.69,53.59,53.61,7975482.37,148700.0
VALE3,M15,24/09/2025,53.64,53.75,53.6,53.68,21085519.8,392800.0
VALE3,M15,24/09/2025,53.63,53.65,53.6,53.63,7201958.17,134300.0
VALE3,M15,24/09/2025,53.65,53.69,53.62,53.64,8767049.94,163400.0
VALE3,M15,24/09/2025,53.63,53.66,53.55,53.65,19958034.6,372400.0
VALE3,M15,24/09/2025,53.58,53.67,53.56,53.63,13138103.33,245100.0
VALE3,M15,24/09/2025,53.68,53.69,53.52,53.57,18893807.43,352500.0
VALE3,M15,24/09/2025,53.69,53.77,53.67,53.68,20292693.85,377800.0
VALE3,M15,24/09/2025,53.79,53.81,53.66,53.69,21361539.74,397500.0
VALE3,M15,24/09/2025,53.91,53.94,53.77,53.78,60188547.19,1117600.0
VALE3,M15,24/09/2025,53.83,53.94,53.77,53.91,21032556.22,390600.0
VALE3,M15,24/09/2025,53.85,53.91,53.82,53.82,28127262.03,522200.0
VALE3,M15,24/09/2025,53.78,53.94,53.77,53.85,20893861.84,388000.0
VALE3,M15,24/09/2025,53.85,53.87,53.72,53.78,34906617.77,649200.0
VALE3,M15,24/09/2025,53.89,53.95,53.81,53.85,29636579.26,550200.0
VALE3,M15,24/09/2025,53.71,53.89,53.65,53.89,39477005.65,734300.0
VALE3,M15,24/09/2025,53.72,53.8,53.59,53.73,39276511.15,731900.0
VALE3,M15,24/09/2025,53.67,53.78,53.66,53.73,15543206.81,289300.0
VALE3,M15,24/09/2025,53.78,53.79,53.61,53.67,17648587.02,328700.0
VALE3,M15,23/09/2025,53.51,53.59,53.51,53.57,1462296.65,27300.0
VALE3,M15,23/09/2025,53.6,53.6,53.51,53.52,191079416.84,3569900.0
VALE3,M15,23/09/2025,53.61,53.64,53.59,53.59,40744209.76,760000.0
VALE3,M15,23/09/2025,53.7,53.71,53.56,53.6,47607834.68,887700.0
VALE3,M15,23/09/2025,53.67,53.75,53.67,53.69,21945931.1,408700.0
VALE3,M15,23/09/2025,53.77,53.79,53.64,53.67,33092934.42,616400.0
VALE3,M15,23/09/2025,53.72,53.88,53.67,53.77,34011789.23,632500.0
VALE3,M15,23/09/2025,53.9,53.91,53.69,53.72,66574030.86,1237900.0
VALE3,M15,23/09/2025,54.04,54.04,53.87,53.89,63150014.17,1170800.0
VALE3,M15,23/09/2025,54.03,54.06,53.97,54.04,24304929.95,449900.0
VALE3,M15,23/09/2025,54.08,54.09,53.95,54.03,22595837.42,418200.0
VALE3,M15,23/09/2025,54.15,54.18,54.06,54.08,22433413.74,414400.0
VALE3,M15,23/09/2025,54.13,54.19,54.11,54.14,29005331.58,535700.0
VALE3,M15,23/09/2025,53.87,54.17,53.86,54.14,66520887.24,1230400.0
VALE3,M15,23/09/2025,53.89,53.89,53.83,53.88,9561818.22,177500.0
VALE3,M15,23/09/2025,53.9,53.9,53.85,53.89,19633190.94,364400.0
VALE3,M15,23/09/2025,53.91,53.93,53.87,53.9,9686973.81,179700.0
VALE3,M15,23/09/2025,53.92,53.93,53.88,53.91,9956534.78,184700.0
VALE3,M15,23/09/2025,53.83,53.94,53.83,53.92,9302276.08,172600.0
VALE3,M15,23/09/2025,53.92,53.95,53.83,53.85,12687528.71,235500.0
VALE3,M15,23/09/2025,53.88,53.97,53.83,53.94,24439181.0,453300.0
VALE3,M15,23/09/2025,53.84,53.9,53.79,53.85,19100190.17,354800.0
VALE3,M15,23/09/2025,53.9,53.92,53.81,53.85,24090981.11,447300.0
VALE3,M15,23/09/2025,54.03,54.08,53.84,53.89,34591290.89,640400.0
VALE3,M15,23/09/2025,53.99,54.07,53.88,54.02,23677540.94,438700.0
VALE3,M15,23/09/2025,53.9,54.01,53.85,53.98,33406024.79,619700.0
VALE3,M15,23/09/2025,53.87,53.95,53.83,53.9,18203922.29,337800.0
VALE3,M15,23/09/2025,53.83,53.95,53.75,53.86,24164883.45,448700.0
VALE3,M15,23/09/2025,53.82,53.9,53.65,53.85,12775817.12,237500.0
VALE3,M15,22/09/2025,53.82,53.87,53.77,53.85,33909111.05,630000.0
VALE3,M15,22/09/2025,53.93,53.93,53.82,53.82,119619455.92,2222000.0
VALE3,M15,22/09/2025,53.92,53.95,53.88,53.92,25108067.05,465700.0
VALE3,M15,22/09/2025,53.96,53.96,53.91,53.91,11648519.38,216000.0
VALE3,M15,22/09/2025,54.04,54.04,53.94,53.96,35451541.65,656800.0
VALE3,M15,22/09/2025,54.02,54.05,53.98,54.04,17623902.8,326300.0
VALE3,M15,22/09/2025,54.07,54.08,54.02,54.03,5920489.57,109500.0
VALE3,M15,22/09/2025,54.01,54.08,54.0,54.06,20641949.82,382000.0
VALE3,M15,22/09/2025,53.97,54.01,53.96,54.01,14242455.94,263800.0
VALE3,M15,22/09/2025,53.97,53.99,53.95,53.97,10561781.39,195700.0
VALE3,M15,22/09/2025,54.0,54.01,53.97,53.97,13661992.86,253000.0
VALE3,M15,22/09/2025,53.99,54.0,53.95,53.98,8657355.97,160400.0
VALE3,M15,22/09/2025,53.97,54.06,53.96,53.99,16559618.09,306600.0
VALE3,M15,22/09/2025,53.95,53.98,53.88,53.95,13063909.59,242200.0
VALE3,M15,22/09/2025,54.11,54.14,53.82,53.95,352052708.43,6532400.0
VALE3,M15,22/09/2025,54.2,54.23,54.1,54.11,32311144.41,596400.0
VALE3,M15,22/09/2025,54.17,54.23,54.09,54.21,34112675.42,629800.0
VALE3,M15,22/09/2025,54.17,54.18,54.08,54.15,18927203.84,349700.0
VALE3,M15,22/09/2025,54.09,54.19,54.08,54.17,11426265.74,211100.0
VALE3,M15,22/09/2025,54.0,54.09,53.95,54.09,43822914.52,811300.0
VALE3,M15,22/09/2025,53.87,54.04,53.87,53.99,23340271.19,432400.0
VALE3,M15,22/09/2025,53.83,53.95,53.82,53.87,11070406.03,205400.0
VALE3,M15,22/09/2025,53.85,53.89,53.78,53.83,33042606.4,614000.0
VALE3,M15,22/09/2025,53.9,53.99,53.83,53.85,23112652.71,428700.0
VALE3,M15,22/09/2025,54.19,54.23,53.88,53.92,52877164.18,977400.0
VALE3,M15,22/09/2025,54.04,54.22,53.98,54.2,42390228.0,783700.0
VALE3,M15,22/09/2025,53.97,54.13,53.95,54.04,68229811.8,1262400.0
VALE3,M15,22/09/2025,53.88,53.99,53.86,53.95,38782635.42,719100.0
VALE3,M15,22/09/2025,53.66,53.95,53.65,53.88,51867574.73,963500.0
VALE3,M15,19/09/2025,53.75,53.76,53.27,53.36,11757871.83,219200.0
VALE3,M15,19/09/2025,53.74,53.75,53.67,53.75,629776728.12,11716800.0
VALE3,M15,19/09/2025,53.82,53.83,53.71,53.74,32794144.74,610100.0
VALE3,M15,19/09/2025,53.84,53.85,53.8,53.82,22150697.25,411500.0
VALE3,M15,19/09/2025,53.87,53.87,53.8,53.84,36078164.11,670300.0
VALE3,M15,19/09/2025,53.81,53.87,53.78,53.87,30602410.1,568500.0
VALE3,M15,19/09/2025,53.79,53.82,53.77,53.81,16393193.74,304700.0
VALE3,M15,19/09/2025,53.81,53.81,53.75,53.77,13870260.41,257900.0
VALE3,M15,19/09/2025,53.78,53.82,53.74,53.79,22328422.95,415100.0
VALE3,M15,19/09/2025,53.69,53.81,53.67,53.78,73778679.34,1372700.0
VALE3,M15,19/09/2025,53.69,53.7,53.65,53.67,10406299.24,193900.0
VALE3,M15,19/09/2025,53.7,53.7,53.64,53.69,7950240.41,148100.0
VALE3,M15,19/09/2025,53.65,53.7,53.63,53.69,12350241.33,230100.0
VALE3,M15,19/09/2025,53.64,53.67,53.6,53.67,6350136.56,118400.0
VALE3,M15,19/09/2025,53.58,53.68,53.57,53.64,16090026.62,300000.0
VALE3,M15,19/09/2025,53.52,53.6,53.5,53.59,16638439.83,310700.0
VALE3,M15,19/09/2025,53.49,53.53,53.44,53.5,16255621.33,303900.0
VALE3,M15,19/09/2025,53.51,53.52,53.43,53.48,11575511.64,216500.0
VALE3,M15,19/09/2025,53.44,53.54,53.41,53.51,23058218.23,431300.0
VALE3,M15,19/09/2025,53.48,53.51,53.44,53.44,6395516.41,119600.0
VALE3,M15,19/09/2025,53.47,53.5,53.41,53.47,8632822.08,161500.0
VALE3,M15,19/09/2025,53.53,53.58,53.45,53.49,10599606.28,198100.0
VALE3,M15,19/09/2025,53.44,53.57,53.44,53.54,11882110.55,222100.0
VALE3,M15,19/09/2025,53.51,53.53,53.43,53.44,21724866.25,406300.0
VALE3,M15,19/09/2025,53.51,53.59,53.47,53.5,12038712.81,224900.0
VALE3,M15,19/09/2025,53.57,53.59,53.48,53.51,48308708.42,902900.0
VALE3,M15,19/09/2025,53.66,53.69,53.54,53.57,24612044.84,459100.0
VALE3,M15,19/09/2025,53.86,53.88,53.61,53.65,167146418.88,3106000.0
VALE3,M15,19/09/2025,53.8,54.0,53.74,53.85,41695820.65,774400.0
VALE3,M15,18/09/2025,53.5,53.55,53.47,53.5,5444288.79,101700.0
VALE3,M15,18/09/2025,53.43,53.54,53.42,53.54,115934282.36,2166000.0
VALE3,M15,18/09/2025,53.42,53.44,53.38,53.44,16199439.4,303300.0
VALE3,M15,18/09/2025,53.41,53.45,53.39,53.42,19331801.89,361800.0
VALE3,M15,18/09/2025,53.48,53.49,53.38,53.42,15359409.12,287400.0
VALE3,M15,18/09/2025,53.43,53.49,53.41,53.48,6864202.14,128400.0
VALE3,M15,18/09/2025,53.4,53.45,53.37,53.43,16558923.94,310000.0
VALE3,M15,18/09/2025,53.38,53.43,53.36,53.4,4816801.42,90200.0
VALE3,M15,18/09/2025,53.4,53.4,53.32,53.36,17776972.11,333100.0
VALE3,M15,18/09/2025,53.4,53.42,53.35,53.38,4356124.45,81600.0
VALE3,M15,18/09/2025,53.41,53.44,53.36,53.42,14022050.91,262600.0
VALE3,M15,18/09/2025,53.45,53.49,53.39,53.41,12243314.7,229100.0
VALE3,M15,18/09/2025,53.35,53.48,53.35,53.45,11259972.25,210800.0
VALE3,M15,18/09/2025,53.34,53.4,53.33,53.35,8457510.15,158500.0
VALE3,M15,18/09/2025,53.37,53.39,53.33,53.35,7928971.27,148600.0
VALE3,M15,18/09/2025,53.41,53.43,53.35,53.37,8883417.24,166400.0
VALE3,M15,18/09/2025,53.39,53.43,53.37,53.42,15705426.33,294100.0
VALE3,M15,18/09/2025,53.35,53.43,53.32,53.37,10130677.42,189800.0
VALE3,M15,18/09/2025,53.38,53.45,53.32,53.35,32198126.3,602800.0
VALE3,M15,18/09/2025,53.31,53.46,53.3,53.38,42975300.52,805100.0
VALE3,M15,18/09/2025,53.31,53.36,53.3,53.32,13817483.36,259100.0
VALE3,M15,18/09/2025,53.3,53.39,53.28,53.31,18915365.18,354700.0
VALE3,M15,18/09/2025,53.49,53.54,53.27,53.3,60631616.04,1135400.0
VALE3,M15,18/09/2025,53.59,53.65,53.44,53.49,57364323.18,1071300.0
VALE3,M15,18/09/2025,53.57,53.67,53.56,53.59,209672784.58,3910600.0
VALE3,M15,18/09/2025,53.56,53.69,53.46,53.58,31954838.32,596300.0
VALE3,M15,18/09/2025,53.81,53.88,53.5,53.57,98264537.56,1828100.0
VALE3,M15,18/09/2025,53.88,53.89,53.76,53.78,26465184.52,491700.0
VALE3,M15,18/09/2025,53.68,53.9,53.64,53.89,44188869.17,821900.0
VALE3,M15,17/09/2025,53.56,53.63,53.53,53.56,1205333.46,22500.0
VALE3,M15,17/09/2025,53.6,53.64,53.54,53.64,172768601.33,3221500.0
VALE3,M15,17/09/2025,53.55,53.62,53.52,53.6,35149542.9,656200.0
VALE3,M15,17/09/2025,53.42,53.63,53.42,53.56,56402061.48,1053700.0
VALE3,M15,17/09/2025,53.41,53.5,53.36,53.43,58788861.75,1100600.0
VALE3,M15,17/09/2025,53.48,53.5,53.26,53.43,57544340.15,1078300.0
VALE3,M15,17/09/2025,53.72,53.73,53.43,53.5,55733390.73,1040400.0
VALE3,M15,17/09/2025,53.65,53.76,53.6,53.71,54766861.1,1020300.0
VALE3,M15,17/09/2025,53.6,53.84,53.58,53.66,126156986.22,2348200.0
VALE3,M15,17/09/2025,53.54,53.61,53.47,53.6,23448735.53,437800.0
VALE3,M15,17/09/2025,53.57,53.63,53.54,53.54,16903850.73,315400.0
VALE3,M15,17/09/2025,53.57,53.61,53.55,53.57,25795948.61,481400.0
VALE3,M15,17/09/2025,53.51,53.57,53.5,53.57,45672221.51,852900.0
VALE3,M15,17/09/2025,53.49,53.5,53.42,53.5,18859532.18,352800.0
VALE3,M15,17/09/2025,53.41,53.51,53.38,53.5,16014593.98,299600.0
VALE3,M15,17/09/2025,53.44,53.48,53.38,53.42,10606129.29,198500.0
VALE3,M15,17/09/2025,53.41,53.51,53.4,53.45,12626258.49,236200.0
VALE3,M15,17/09/2025,53.37,53.42,53.35,53.42,4543434.66,85100.0
VALE3,M15,17/09/2025,53.35,53.38,53.31,53.38,6315765.73,118400.0
VALE3,M15,17/09/2025,53.36,53.39,53.31,53.34,8796983.93,164900.0
VALE3,M15,17/09/2025,53.39,53.4,53.26,53.37,17828213.29,334300.0
VALE3,M15,17/09/2025,53.42,53.42,53.34,53.37,11438535.94,214300.0
VALE3,M15,17/09/2025,53.37,53.42,53.25,53.4,26419236.72,495400.0
VALE3,M15,17/09/2025,53.52,53.56,53.36,53.37,146156634.79,2734100.0
VALE3,M15,17/09/2025,53.6,53.67,53.47,53.52,90315577.81,1685400.0
VALE3,M15,17/09/2025,53.44,53.63,53.44,53.59,46532583.64,869400.0
VALE3,M15,17/09/2025,53.44,53.56,53.23,53.44,45001032.13,843200.0
VALE3,M15,17/09/2025,53.24,53.51,53.24,53.44,25138953.19,470700.0
VALE3,M15,17/09/2025,53.4,53.44,53.23,53.25,20544198.46,385200.0
VALE3,M15,16/09/2025,53.54,53.62,53.48,53.5,877844.97,16400.0
VALE3,M15,16/09/2025,53.58,53.64,53.55,53.55,270711651.86,5052900.0
VALE3,M15,16/09/2025,53.45,53.58,53.45,53.58,45477431.51,849600.0
VALE3,M15,16/09/2025,53.42,53.56,53.41,53.45,23520225.04,439800.0
VALE3,M15,16/09/2025,53.4,53.44,53.4,53.42,6890845.41,129000.0
VALE3,M15,16/09/2025,53.42,53.44,53.38,53.41,6509959.02,121900.0
VALE3,M15,16/09/2025,53.42,53.45,53.39,53.42,7607818.32,142400.0
VALE3,M15,16/09/2025,53.4,53.45,53.39,53.42,10913126.32,204300.0
VALE3,M15,16/09/2025,53.44,53.44,53.35,53.4,9029434.58,169100.0
VALE3,M15,16/09/2025,53.35,53.48,53.35,53.44,14038938.9,262800.0
VALE3,M15,16/09/2025,53.37,53.39,53.31,53.36,9139831.05,171300.0
VALE3,M15,16/09/2025,53.31,53.41,53.28,53.37,35300246.7,662000.0
VALE3,M15,16/09/2025,53.33,53.34,53.28,53.31,24057488.17,451200.0
VALE3,M15,16/09/2025,53.42,53.47,53.31,53.34,9470287.33,177400.0
VALE3,M15,16/09/2025,53.45,53.5,53.42,53.42,9762513.17,182600.0
VALE3,M15,16/09/2025,53.44,53.49,53.43,53.45,5676506.5,106200.0
VALE3,M15,16/09/2025,53.42,53.5,53.4,53.44,13338991.31,249500.0
VALE3,M15,16/09/2025,53.43,53.45,53.39,53.43,5918780.17,110800.0
VALE3,M15,16/09/2025,53.41,53.49,53.38,53.44,12478863.05,233500.0
VALE3,M15,16/09/2025,53.38,53.45,53.33,53.4,13634119.98,255400.0
VALE3,M15,16/09/2025,53.29,53.42,53.26,53.39,9624929.62,180400.0
VALE3,M15,16/09/2025,53.29,53.42,53.28,53.31,28054654.27,525900.0
VALE3,M15,16/09/2025,53.26,53.39,53.23,53.29,15783754.37,296100.0
VALE3,M15,16/09/2025,53.21,53.33,53.21,53.26,20485464.5,384400.0
VALE3,M15,16/09/2025,53.29,53.31,53.07,53.22,46358670.22,871400.0
VALE3,M15,16/09/2025,53.5,53.53,53.28,53.3,33134991.06,620800.0
VALE3,M15,16/09/2025,53.61,53.64,53.37,53.5,61396985.79,1146800.0
VALE3,M15,16/09/2025,53.7,53.73,53.59,53.6,26248818.2,489200.0
VALE3,M15,16/09/2025,53.61,53.88,53.61,53.7,59968388.09,1115400.0
VALE3,M15,15/09/2025,53.35,53.38,53.31,53.31,1215845.07,22800.0
VALE3,M15,15/09/2025,53.35,53.36,53.31,53.36,121649362.67,2279900.0
VALE3,M15,15/09/2025,53.33,53.36,53.31,53.33,22976592.96,430800.0
VALE3,M15,15/09/2025,53.37,53.38,53.31,53.35,20157962.08,378000.0
VALE3,M15,15/09/2025,53.31,53.38,53.31,53.37,19277180.88,361400.0
VALE3,M15,15/09/2025,53.29,53.34,53.29,53.34,14595446.24,273800.0
VALE3,M15,15/09/2025,53.31,53.35,53.25,53.29,21937186.43,411600.0
VALE3,M15,15/09/2025,53.28,53.34,53.28,53.31,7678383.53,144000.0
VALE3,M15,15/09/2025,53.32,53.34,53.27,53.3,13659193.97,256300.0
VALE3,M15,15/09/2025,53.36,53.38,53.32,53.32,17987396.35,337100.0
VALE3,M15,15/09/2025,53.3,53.38,53.29,53.36,14845825.18,278300.0
VALE3,M15,15/09/2025,53.26,53.33,53.25,53.29,31186926.74,585200.0
VALE3,M15,15/09/2025,53.3,53.31,53.26,53.26,18034330.63,338500.0
VALE3,M15,15/09/2025,53.3,53.31,53.28,53.3,8384082.02,157300.0
VALE3,M15,15/09/2025,53.23,53.32,53.21,53.31,26316593.8,493900.0
VALE3,M15,15/09/2025,53.18,53.23,53.16,53.22,7064479.49,132800.0
VALE3,M15,15/09/2025,53.19,53.22,53.18,53.18,18871062.75,354700.0
VALE3,M15,15/09/2025,53.19,53.23,53.18,53.19,7347751.86,138100.0
VALE3,M15,15/09/2025,53.2,53.25,53.18,53.19,6459782.27,121400.0
VALE3,M15,15/09/2025,53.13,53.22,53.08,53.18,11689417.86,220000.0
VALE3,M15,15/09/2025,53.18,53.22,53.12,53.13,25214716.2,474200.0
VALE3,M15,15/09/2025,53.19,53.23,53.15,53.21,71330075.24,1341200.0
VALE3,M15,15/09/2025,53.32,53.41,53.18,53.19,27584229.44,517400.0
VALE3,M15,15/09/2025,53.15,53.33,53.14,53.32,26841818.75,504100.0
VALE3,M15,15/09/2025,53.11,53.17,53.0,53.15,13281466.55,250200.0
VALE3,M15,15/09/2025,52.92,53.12,52.91,53.09,18243636.62,343900.0
VALE3,M15,15/09/2025,53.03,53.05,52.88,52.92,20425888.82,385600.0
VALE3,M15,15/09/2025,53.05,53.16,52.99,53.02,24199116.93,456100.0
VALE3,M15,15/09/2025,53.34,53.34,52.98,53.05,24903154.28,468900.0
VALE3,M15,12/09/2025,52.9,53.02,52.85,52.85,952801.53,18000.0
VALE3,M15,12/09/2025,52.93,52.97,52.85,52.9,87808722.31,1659800.0
VALE3,M15,12/09/2025,52.9,52.94,52.86,52.94,17607642.15,332900.0
VALE3,M15,12/09/2025,52.98,52.99,52.89,52.9,7200772.17,136000.0
VALE3,M15,12/09/2025,52.94,53.03,52.92,52.98,8970208.77,169300.0
VALE3,M15,12/09/2025,52.9,52.97,52.88,52.94,6738736.59,127300.0
VALE3,M15,12/09/2025,52.89,52.91,52.87,52.91,4945115.04,93500.0
VALE3,M15,12/09/2025,52.87,52.91,52.79,52.9,8064594.86,152600.0
VALE3,M15,12/09/2025,52.91,52.92,52.85,52.87,71639773.72,1354000.0
VALE3,M15,12/09/2025,52.87,52.92,52.85,52.92,3627780.58,68600.0
VALE3,M15,12/09/2025,52.86,52.87,52.81,52.87,7507736.72,142100.0
VALE3,M15,12/09/2025,52.91,52.93,52.86,52.86,11505913.42,217500.0
VALE3,M15,12/09/2025,52.98,52.99,52.9,52.92,5615089.65,106100.0
VALE3,M15,12/09/2025,52.98,53.02,52.93,52.98,8631782.71,163000.0
VALE3,M15,12/09/2025,52.94,53.0,52.92,52.98,10960619.26,206900.0
VALE3,M15,12/09/2025,52.94,52.99,52.93,52.93,5094850.0,96200.0
VALE3,M15,12/09/2025,52.97,52.99,52.93,52.96,6963285.2,131500.0
VALE3,M15,12/09/2025,52.95,53.03,52.93,52.97,5796172.9,109400.0
VALE3,M15,12/09/2025,52.98,53.05,52.95,52.95,7296687.92,137700.0
VALE3,M15,12/09/2025,53.03,53.06,52.96,52.99,11073917.63,208900.0
VALE3,M15,12/09/2025,53.03,53.05,52.98,53.03,14894783.45,281000.0
VALE3,M15,12/09/2025,53.09,53.11,52.96,53.03,43303774.57,816500.0
VALE3,M15,12/09/2025,53.22,53.3,53.08,53.1,46696811.38,877500.0
VALE3,M15,12/09/2025,53.16,53.3,53.14,53.22,65272654.51,1226800.0
VALE3,M15,12/09/2025,53.11,53.22,53.04,53.18,31119514.0,585600.0
VALE3,M15,12/09/2025,52.98,53.21,52.94,53.11,39540789.86,744900.0
VALE3,M15,12/09/2025,53.03,53.09,52.94,52.98,34131979.95,643800.0
VALE3,M15,12/09/2025,53.04,53.05,52.98,53.03,18039359.53,340300.0
VALE3,M15,12/09/2025,52.62,53.05,52.62,53.05,61142700.84,1156100.0
VALE3,M15,11/09/2025,52.94,53.03,52.92,52.94,545663.51,10300.0
VALE3,M15,11/09/2025,52.99,53.03,52.92,52.92,102338632.25,1933500.0
VALE3,M15,11/09/2025,53.02,53.04,52.96,52.99,23460525.02,442700.0
VALE3,M15,11/09/2025,53.0,53.04,52.97,53.02,14724310.18,277800.0
VALE3,M15,11/09/2025,52.94,53.05,52.93,53.0,14905572.54,281200.0
VALE3,M15,11/09/2025,53.0,53.02,52.93,52.95,8954124.44,169000.0
VALE3,M15,11/09/2025,52.93,53.02,52.9,53.01,29204802.48,551600.0
VALE3,M15,11/09/2025,52.94,52.98,52.87,52.93,22697371.37,428900.0
VALE3,M15,11/09/2025,53.04,53.05,52.92,52.93,49005204.73,925300.0
VALE3,M15,11/09/2025,53.05,53.07,53.01,53.04,11164481.53,210500.0
VALE3,M15,11/09/2025,53.11,53.15,53.04,53.05,19440054.65,366200.0
VALE3,M15,11/09/2025,53.03,53.14,53.02,53.09,34065820.95,641800.0
VALE3,M15,11/09/2025,52.99,53.05,52.94,53.02,17269458.3,325800.0
VALE3,M15,11/09/2025,52.97,52.99,52.92,52.99,8374993.06,158100.0
VALE3,M15,11/09/2025,52.97,52.99,52.92,52.97,12259105.77,231500.0
VALE3,M15,11/09/2025,52.96,53.03,52.95,52.99,12064492.09,227700.0
VALE3,M15,11/09/2025,52.96,52.98,52.9,52.96,13988184.92,264200.0
VALE3,M15,11/09/2025,52.89,52.96,52.88,52.96,17052183.46,322200.0
VALE3,M15,11/09/2025,52.93,52.97,52.87,52.9,9475959.35,179100.0
VALE3,M15,11/09/2025,52.92,53.0,52.91,52.94,18580423.81,350800.0
VALE3,M15,11/09/2025,53.0,53.02,52.85,52.93,22668456.33,428500.0
VALE3,M15,11/09/2025,52.91,53.05,52.9,53.0,26634746.48,502700.0
VALE3,M15,11/09/2025,52.98,53.07,52.88,52.92,55154392.98,1040800.0
VALE3,M15,11/09/2025,52.88,53.03,52.8,52.98,58933147.42,1113500.0
VALE3,M15,11/09/2025,52.78,52.96,52.75,52.88,53629420.17,1014700.0
VALE3,M15,11/09/2025,52.66,52.79,52.55,52.76,35041288.28,664900.0
VALE3,M15,11/09/2025,52.29,52.69,52.26,52.66,32165301.54,612900.0
VALE3,M15,11/09/2025,52.41,52.45,52.27,52.32,10157554.54,194000.0
VALE3,M15,11/09/2025,52.39,52.53,52.38,52.43,12427032.58,237000.0
VALE3,M15,10/09/2025,52.51,52.53,52.45,52.51,524922.41,10000.0
VALE3,M15,10/09/2025,52.5,52.56,52.5,52.51,100556789.97,1915000.0
VALE3,M15,10/09/2025,52.5,52.54,52.43,52.51,27779396.22,529200.0
VALE3,M15,10/09/2025,52.37,52.53,52.37,52.49,14674860.06,279700.0
VALE3,M15,10/09/2025,52.37,52.47,52.35,52.38,14622905.23,279100.0
VALE3,M15,10/09/2025,52.31,52.38,52.29,52.37,7316810.04,139800.0
VALE3,M15,10/09/2025,52.29,52.37,52.28,52.31,8230478.17,157300.0
VALE3,M15,10/09/2025,52.34,52.34,52.23,52.28,10992477.96,210300.0
VALE3,M15,10/09/2025,52.37,52.4,52.32,52.33,11258798.31,215000.0
VALE3,M15,10/09/2025,52.28,52.39,52.26,52.37,11985793.77,229100.0
VALE3,M15,10/09/2025,52.32,52.4,52.27,52.28,12776220.81,244100.0
VALE3,M15,10/09/2025,52.39,52.4,52.3,52.32,8520757.97,162800.0
VALE3,M15,10/09/2025,52.38,52.41,52.33,52.39,7076471.28,135100.0
VALE3,M15,10/09/2025,52.36,52.41,52.33,52.38,8458052.11,161500.0
VALE3,M15,10/09/2025,52.48,52.49,52.34,52.36,13538003.78,258300.0
VALE3,M15,10/09/2025,52.55,52.55,52.42,52.47,11355512.15,216400.0
VALE3,M15,10/09/2025,52.55,52.57,52.53,52.53,6995486.34,133100.0
VALE3,M15,10/09/2025,52.62,52.62,52.53,52.54,10867953.41,206700.0
VALE3,M15,10/09/2025,52.43,52.7,52.42,52.6,23319120.83,443300.0
VALE3,M15,10/09/2025,52.38,52.43,52.35,52.43,8189889.65,156300.0
VALE3,M15,10/09/2025,52.4,52.42,52.27,52.38,18608044.27,355500.0
VALE3,M15,10/09/2025,52.58,52.6,52.37,52.4,35479340.29,676500.0
VALE3,M15,10/09/2025,52.58,52.71,52.53,52.59,17675944.86,336000.0
VALE3,M15,10/09/2025,52.61,52.69,52.52,52.56,27547494.03,523600.0
VALE3,M15,10/09/2025,52.58,52.68,52.53,52.6,31101042.82,591200.0
VALE3,M15,10/09/2025,52.58,52.81,52.54,52.58,75637365.76,1436800.0
VALE3,M15,10/09/2025,52.66,52.94,52.53,52.58,93090359.12,1764500.0
VALE3,M15,10/09/2025,52.44,52.7,52.43,52.66,45673979.17,868500.0
VALE3,M15,10/09/2025,52.4,52.49,52.3,52.43,43432157.79,829000.0
VALE3,M15,09/09/2025,52.12,52.2,52.04,52.08,1475838.22,28300.0
VALE3,M15,09/09/2025,52.07,52.16,52.04,52.15,132391930.34,2539200.0
VALE3,M15,09/09/2025,52.22,52.23,52.02,52.07,62887950.62,1206600.0
VALE3,M15,09/09/2025,52.2,52.24,52.1,52.23,56609411.22,1084900.0
VALE3,M15,09/09/2025,52.23,52.26,52.17,52.21,39407739.66,754700.0
VALE3,M15,09/09/2025,52.38,52.4,52.23,52.23,61604291.91,1177800.0
VALE3,M15,09/09/2025,52.45,52.52,52.36,52.38,46585440.49,888800.0
VALE3,M15,09/09/2025,52.5,52.53,52.45,52.45,69587534.33,1325900.0
VALE3,M15,09/09/2025,52.48,52.53,52.48,52.5,13019807.61,248000.0
VALE3,M15,09/09/2025,52.59,52.59,52.48,52.48,15156108.3,288500.0
VALE3,M15,09/09/2025,52.6,52.6,52.55,52.57,9824344.85,186900.0
VALE3,M15,09/09/2025,52.56,52.6,52.55,52.59,8485926.85,161400.0
VALE3,M15,09/09/2025,52.51,52.64,52.5,52.55,14592075.7,277600.0
VALE3,M15,09/09/2025,52.49,52.53,52.47,52.52,10747111.23,204700.0
VALE3,M15,09/09/2025,52.47,52.57,52.45,52.5,19096929.14,363600.0
VALE3,M15,09/09/2025,52.5,52.52,52.4,52.44,19160362.56,365300.0
VALE3,M15,09/09/2025,52.5,52.61,52.47,52.49,25812724.31,491300.0
VALE3,M15,09/09/2025,52.52,52.53,52.46,52.49,13452414.04,256300.0
VALE3,M15,09/09/2025,52.58,52.6,52.47,52.51,34526902.54,657500.0
VALE3,M15,09/09/2025,52.66,52.67,52.5,52.58,34359104.73,653500.0
VALE3,M15,09/09/2025,52.78,52.81,52.63,52.66,35401732.39,671400.0
VALE3,M15,09/09/2025,52.83,52.9,52.77,52.79,21791978.32,412300.0
VALE3,M15,09/09/2025,52.96,53.01,52.8,52.82,27010356.18,510700.0
VALE3,M15,09/09/2025,53.03,53.09,52.92,52.96,43049587.06,812700.0
VALE3,M15,09/09/2025,53.06,53.17,52.97,53.03,24546249.62,462600.0
VALE3,M15,09/09/2025,53.31,53.31,52.99,53.06,68010736.61,1279600.0
VALE3,M15,09/09/2025,53.18,53.38,53.11,53.31,116696997.99,2190900.0
VALE3,M15,09/09/2025,53.09,53.3,53.07,53.17,104956257.28,1973600.0
VALE3,M15,09/09/2025,52.66,53.14,52.66,53.11,149783437.25,2825700.0
VALE3,M15,08/09/2025,52.32,52.34,52.25,52.3,1537524.2,29400.0
VALE3,M15,08/09/2025,52.4,52.42,52.3,52.3,77443332.67,1480100.0
VALE3,M15,08/09/2025,52.4,52.41,52.39,52.4,15704653.29,299700.0
VALE3,M15,08/09/2025,52.4,52.43,52.37,52.4,13513628.58,257900.0
VALE3,M15,08/09/2025,52.42,52.42,52.38,52.4,6538702.38,124800.0
VALE3,M15,08/09/2025,52.36,52.42,52.35,52.4,10145879.21,193700.0
VALE3,M15,08/09/2025,52.37,52.37,52.34,52.35,4569961.0,87300.0
VALE3,M15,08/09/2025,52.34,52.39,52.32,52.36,8046513.44,153700.0
VALE3,M15,08/09/2025,52.31,52.35,52.29,52.34,9009053.55,172200.0
VALE3,M15,08/09/2025,52.36,52.36,52.29,52.32,7963039.57,152200.0
VALE3,M15,08/09/2025,52.38,52.4,52.3,52.35,8401687.36,160500.0
VALE3,M15,08/09/2025,52.32,52.4,52.31,52.37,10026864.27,191500.0
VALE3,M15,08/09/2025,52.34,52.38,52.3,52.31,20364005.18,389000.0
VALE3,M15,08/09/2025,52.36,52.38,52.32,52.33,8831197.0,168700.0
VALE3,M15,08/09/2025,52.38,52.38,52.29,52.36,13799598.68,263600.0
VALE3,M15,08/09/2025,52.42,52.42,52.33,52.37,13742923.98,262400.0
VALE3,M15,08/09/2025,52.47,52.49,52.4,52.41,7011217.09,133700.0
VALE3,M15,08/09/2025,52.48,52.51,52.43,52.46,8191269.61,156100.0
VALE3,M15,08/09/2025,52.48,52.53,52.45,52.48,18181182.25,346400.0
VALE3,M15,08/09/2025,52.51,52.54,52.48,52.48,14666741.8,279300.0
VALE3,M15,08/09/2025,52.39,52.54,52.37,52.52,27744936.3,528700.0
VALE3,M15,08/09/2025,52.45,52.45,52.38,52.39,9627439.9,183700.0
VALE3,M15,08/09/2025,52.36,52.49,52.33,52.45,40038523.34,763600.0
VALE3,M15,08/09/2025,52.41,52.45,52.31,52.35,26858683.53,512800.0
VALE3,M15,08/09/2025,52.32,52.42,52.27,52.4,21718900.98,414600.0
VALE3,M15,08/09/2025,52.32,52.39,52.22,52.3,32656321.77,624400.0
VALE3,M15,08/09/2025,52.36,52.4,52.2,52.31,23686163.11,452800.0
VALE3,M15,08/09/2025,52.4,52.42,52.31,52.34,23153436.11,442000.0
VALE3,M15,08/09/2025,52.18,52.4,52.18,52.39,24960476.73,477100.0
VALE3,M15,05/09/2025,52.15,52.15,52.08,52.09,703551.06,13500.0
VALE3,M15,05/09/2025,52.14,52.2,52.1,52.17,105873961.35,2029700.0
VALE3,M15,05/09/2025,52.22,52.22,52.11,52.13,35636073.39,683200.0
VALE3,M15,05/09/2025,52.21,52.24,52.18,52.21,28659678.15,548900.0
VALE3,M15,05/09/2025,52.17,52.23,52.15,52.21,17573128.4,336700.0
VALE3,M15,05/09/2025,52.15,52.19,52.14,52.18,5977519.7,114600.0
VALE3,M15,05/09/2025,52.09,52.18,52.08,52.15,19964530.69,382800.0
VALE3,M15,05/09/2025,52.15,52.16,52.08,52.09,4785956.11,91800.0
VALE3,M15,05/09/2025,52.12,52.16,52.1,52.14,7282940.33,139700.0
VALE3,M15,05/09/2025,52.09,52.15,52.05,52.13,10025757.15,192400.0
VALE3,M15,05/09/2025,52.06,52.1,52.04,52.09,9985585.31,191800.0
VALE3,M15,05/09/2025,52.11,52.12,52.02,52.07,7817896.42,150100.0
VALE3,M15,05/09/2025,52.15,52.15,52.08,52.1,12465491.31,239200.0
VALE3,M15,05/09/2025,52.2,52.2,52.13,52.15,9513864.98,182400.0
VALE3,M15,05/09/2025,52.17,52.2,52.09,52.18,8353374.98,160200.0
VALE3,M15,05/09/2025,52.28,52.28,52.15,52.16,7646959.14,146500.0
VALE3,M15,05/09/2025,52.21,52.31,52.17,52.29,15143285.94,289900.0
VALE3,M15,05/09/2025,52.33,52.33,52.19,52.21,7281229.08,139400.0
VALE3,M15,05/09/2025,52.22,52.34,52.22,52.31,8584253.57,164200.0
VALE3,M15,05/09/2025,52.19,52.25,52.17,52.24,6459361.88,123700.0
VALE3,M15,05/09/2025,52.05,52.24,52.05,52.18,11361385.55,217900.0
VALE3,M15,05/09/2025,52.05,52.14,51.99,52.05,27253562.5,523500.0
VALE3,M15,05/09/2025,52.19,52.27,52.02,52.07,38118683.62,730900.0
VALE3,M15,05/09/2025,52.49,52.49,52.13,52.19,27576231.82,527200.0
VALE3,M15,05/09/2025,52.46,52.59,52.41,52.49,57894445.25,1102900.0
VALE3,M15,05/09/2025,52.43,52.53,52.34,52.47,69692058.33,1329100.0
VALE3,M15,05/09/2025,52.1,52.53,52.1,52.43,120538570.57,2301300.0
VALE3,M15,05/09/2025,52.15,52.21,52.09,52.09,15556522.87,298200.0
VALE3,M15,05/09/2025,52.15,52.28,52.06,52.15,34580744.02,663000.0
VALE3,M15,04/09/2025,51.69,51.71,51.68,51.71,847850.65,16400.0
VALE3,M15,04/09/2025,51.74,51.76,51.7,51.7,78782366.87,1523700.0
VALE3,M15,04/09/2025,51.78,51.79,51.72,51.75,11367694.18,219700.0
VALE3,M15,04/09/2025,51.77,51.81,51.76,51.78,5390127.15,104100.0
VALE3,M15,04/09/2025,51.77,51.81,51.76,51.77,8476643.0,163700.0
VALE3,M15,04/09/2025,51.82,51.85,51.76,51.76,5071604.19,97900.0
VALE3,M15,04/09/2025,51.79,51.83,51.75,51.82,5143838.9,99300.0
VALE3,M15,04/09/2025,51.8,51.83,51.76,51.81,7754149.33,149700.0
VALE3,M15,04/09/2025,51.77,51.81,51.74,51.78,6270766.36,121100.0
VALE3,M15,04/09/2025,51.74,51.78,51.68,51.74,10706185.84,207000.0
VALE3,M15,04/09/2025,51.77,51.78,51.68,51.72,15273759.06,295300.0
VALE3,M15,04/09/2025,51.82,51.84,51.76,51.77,12045944.82,232500.0
VALE3,M15,04/09/2025,51.75,51.84,51.73,51.82,24144192.46,466100.0
VALE3,M15,04/09/2025,51.73,51.78,51.71,51.75,6764764.58,130700.0
VALE3,M15,04/09/2025,51.72,51.76,51.66,51.74,7647335.92,147900.0
VALE3,M15,04/09/2025,51.75,51.77,51.72,51.72,5138324.64,99300.0
VALE3,M15,04/09/2025,51.7,51.78,51.69,51.76,9560970.94,184800.0
VALE3,M15,04/09/2025,51.7,51.73,51.67,51.72,3835932.12,74200.0
VALE3,M15,04/09/2025,51.7,51.73,51.66,51.7,4994915.95,96600.0
VALE3,M15,04/09/2025,51.63,51.73,51.63,51.7,5822924.74,112700.0
VALE3,M15,04/09/2025,51.7,51.7,51.59,51.63,9208082.72,178400.0
VALE3,M15,04/09/2025,51.65,51.72,51.61,51.68,25851278.62,500400.0
VALE3,M15,04/09/2025,51.58,51.67,51.57,51.66,11978790.98,232000.0
VALE3,M15,04/09/2025,51.61,51.68,51.55,51.61,14113627.27,273500.0
VALE3,M15,04/09/2025,51.78,51.82,51.55,51.61,23517346.35,455300.0
VALE3,M15,04/09/2025,51.82,51.88,51.76,51.78,7709619.54,148800.0
VALE3,M15,04/09/2025,51.93,51.97,51.73,51.82,36950267.46,712900.0
VALE3,M15,04/09/2025,51.94,52.02,51.89,51.96,22041957.29,424300.0
VALE3,M15,04/09/2025,51.83,52.12,51.83,51.96,50648691.34,973800.0
VALE3,M15,03/09/2025,51.59,51.63,51.5,51.6,2300747.45,44600.0
VALE3,M15,03/09/2025,51.54,51.6,51.52,51.6,81579626.53,1581300.0
VALE3,M15,03/09/2025,51.56,51.61,51.53,51.54,28131904.88,545600.0
VALE3,M15,03/09/2025,51.6,51.61,51.53,51.56,14416455.67,279600.0
VALE3,M15,03/09/2025,51.67,51.68,51.58,51.58,15204377.06,294600.0
VALE3,M15,03/09/2025,51.65,51.68,51.63,51.67,8988474.85,174000.0
VALE3,M15,03/09/2025,51.7,51.72,51.63,51.64,13316531.53,257700.0
VALE3,M15,03/09/2025,51.61,51.7,51.61,51.7,24010496.36,464800.0
VALE3,M15,03/09/2025,51.63,51.69,51.61,51.61,23709717.02,459100.0
VALE3,M15,03/09/2025,51.74,51.76,51.58,51.63,26137128.08,505700.0
VALE3,M15,03/09/2025,51.63,51.8,51.63,51.74,33354356.72,644800.0
VALE3,M15,03/09/2025,51.63,51.64,51.61,51.64,7341553.66,142200.0
VALE3,M15,03/09/2025,51.51,51.65,51.5,51.63,23777038.82,460900.0
VALE3,M15,03/09/2025,51.47,51.52,51.44,51.51,18391233.43,357200.0
VALE3,M15,03/09/2025,51.46,51.49,51.42,51.47,7542615.18,146600.0
VALE3,M15,03/09/2025,51.42,51.46,51.4,51.45,16132431.26,313700.0
VALE3,M15,03/09/2025,51.41,51.48,51.4,51.44,25676210.76,499200.0
VALE3,M15,03/09/2025,51.4,51.48,51.37,51.39,17762649.15,345500.0
VALE3,M15,03/09/2025,51.41,51.45,51.34,51.4,11335039.25,220500.0
VALE3,M15,03/09/2025,51.43,51.43,51.33,51.4,14499365.31,282200.0
VALE3,M15,03/09/2025,51.35,51.43,51.28,51.42,12815211.29,249600.0
VALE3,M15,03/09/2025,51.36,51.37,51.26,51.34,26117422.65,508900.0
VALE3,M15,03/09/2025,51.47,51.49,51.34,51.35,12466231.86,242500.0
VALE3,M15,03/09/2025,51.46,51.49,51.38,51.46,10878593.09,211500.0
VALE3,M15,03/09/2025,51.56,51.58,51.43,51.46,35893355.82,696900.0
VALE3,M15,03/09/2025,51.61,51.62,51.48,51.57,19680247.71,381800.0
VALE3,M15,03/09/2025,51.58,51.68,51.47,51.61,40586114.33,786700.0
VALE3,M15,03/09/2025,51.59,51.66,51.46,51.57,18274991.41,354600.0
VALE3,M15,03/09/2025,51.4,51.68,51.37,51.61,19574249.1,379800.0
VALE3,M15,02/09/2025,51.45,51.47,51.37,51.46,3066686.06,59600.0
VALE3,M15,02/09/2025,51.35,51.48,51.31,51.4,108127284.53,2103700.0
VALE3,M15,02/09/2025,51.24,51.37,51.24,51.35,28324351.65,552000.0
VALE3,M15,02/09/2025,51.19,51.26,51.18,51.25,13509451.59,263700.0
VALE3,M15,02/09/2025,51.17,51.25,51.17,51.19,14353756.3,280300.0
VALE3,M15,02/09/2025,51.2,51.23,51.15,51.18,12493958.12,244100.0
VALE3,M15,02/09/2025,51.22,51.25,51.19,51.19,7887711.8,154000.0
VALE3,M15,02/09/2025,51.26,51.27,51.21,51.23,6578425.06,128400.0
VALE3,M15,02/09/2025,51.35,51.36,51.18,51.26,15207387.54,296700.0
VALE3,M15,02/09/2025,51.39,51.41,51.35,51.35,7553509.13,147000.0
VALE3,M15,02/09/2025,51.33,51.39,51.32,51.39,6649791.15,129500.0
VALE3,M15,02/09/2025,51.32,51.34,51.29,51.34,5249729.86,102300.0
VALE3,M15,02/09/2025,51.33,51.36,51.29,51.32,7653948.01,149100.0
VALE3,M15,02/09/2025,51.28,51.35,51.24,51.34,13066210.14,254700.0
VALE3,M15,02/09/2025,51.22,51.29,51.22,51.29,5038916.78,98300.0
VALE3,M15,02/09/2025,51.19,51.24,51.16,51.22,8427518.61,164600.0
VALE3,M15,02/09/2025,51.14,51.23,51.11,51.19,7090292.18,138600.0
VALE3,M15,02/09/2025,51.15,51.19,51.08,51.15,12788803.74,250100.0
VALE3,M15,02/09/2025,51.28,51.29,51.11,51.14,18531416.35,361900.0
VALE3,M15,02/09/2025,51.24,51.36,51.24,51.3,12115479.93,236200.0
VALE3,M15,02/09/2025,51.37,51.41,51.17,51.24,14416326.67,281200.0
VALE3,M15,02/09/2025,51.38,51.39,51.19,51.36,19571374.11,381700.0
VALE3,M15,02/09/2025,51.44,51.5,51.33,51.37,16539311.3,321700.0
VALE3,M15,02/09/2025,51.45,51.5,51.36,51.45,7365353.49,143200.0
VALE3,M15,02/09/2025,51.4,51.56,51.34,51.45,40755885.1,791800.0
VALE3,M15,02/09/2025,51.44,51.5,51.3,51.41,12847359.53,249900.0
VALE3,M15,02/09/2025,51.52,51.52,51.28,51.44,28933747.41,562900.0
VALE3,M15,02/09/2025,51.38,51.53,51.36,51.5,14979350.53,291100.0
VALE3,M15,02/09/2025,51.14,51.41,51.14,51.37,22580397.14,440200.0
VALE3,M15,01/09/2025,51.6,51.74,51.56,51.64,1836661.88,35600.0
VALE3,M15,01/09/2025,51.38,51.6,51.36,51.6,93338320.58,1810300.0
VALE3,M15,01/09/2025,51.37,51.41,51.34,51.38,27615972.14,537500.0
VALE3,M15,01/09/2025,51.44,51.45,51.32,51.37,7793750.44,151700.0
VALE3,M15,01/09/2025,51.41,51.46,51.39,51.44,9366241.25,182100.0
VALE3,M15,01/09/2025,51.42,51.47,51.32,51.41,14665876.89,285300.0
VALE3,M15,01/09/2025,51.28,51.46,51.28,51.41,12483348.14,243000.0
VALE3,M15,01/09/2025,51.26,51.32,51.26,51.28,9007626.26,175600.0
VALE3,M15,01/09/2025,51.31,51.32,51.26,51.27,19505366.38,380300.0
VALE3,M15,01/09/2025,51.3,51.37,51.27,51.31,6414816.31,125000.0
VALE3,M15,01/09/2025,51.27,51.36,51.24,51.31,9594589.15,187000.0
VALE3,M15,01/09/2025,51.27,51.29,51.24,51.26,6135760.83,119700.0
VALE3,M15,01/09/2025,51.22,51.3,51.22,51.27,10127361.63,197600.0
VALE3,M15,01/09/2025,51.24,51.24,51.19,51.22,5776396.94,112800.0
VALE3,M15,01/09/2025,51.17,51.24,51.15,51.24,7219191.38,141000.0
VALE3,M15,01/09/2025,51.14,51.19,51.1,51.17,8715390.22,170400.0
VALE3,M15,01/09/2025,51.06,51.18,51.05,51.15,8910383.46,174300.0
VALE3,M15,01/09/2025,50.95,51.09,50.95,51.07,8616729.4,168900.0
VALE3,M15,01/09/2025,50.95,51.02,50.95,50.95,6424132.63,126000.0
VALE3,M15,01/09/2025,50.96,50.98,50.9,50.97,4594364.04,90200.0
VALE3,M15,01/09/2025,50.95,51.02,50.92,50.98,7630915.65,149700.0
VALE3,M15,01/09/2025,51.03,51.03,50.92,50.97,7675515.04,150600.0
VALE3,M15,01/09/2025,51.08,51.12,51.0,51.03,7823378.2,153200.0
VALE3,M15,01/09/2025,51.06,51.12,51.05,51.09,4516268.0,88400.0
VALE3,M15,01/09/2025,51.09,51.12,51.07,51.09,4399100.74,86100.0
VALE3,M15,01/09/2025,51.09,51.11,50.98,51.09,7961067.54,156000.0
VALE3,M15,01/09/2025,50.99,51.09,50.95,51.09,5937528.82,116400.0
VALE3,M15,01/09/2025,51.06,51.12,50.94,50.99,28034194.35,549800.0
VALE3,M15,01/09/2025,51.17,51.3,50.86,51.07,46013072.47,900900.0
VALE3,M15,29/08/2025,51.55,51.56,51.46,51.46,1896427.8,36800.0
VALE3,M15,29/08/2025,51.63,51.69,51.56,51.56,235772869.15,4572400.0
VALE3,M15,29/08/2025,51.67,51.69,51.59,51.62,37650019.24,729300.0
VALE3,M15,29/08/2025,51.62,51.69,51.61,51.66,19881712.92,384900.0
VALE3,M15,29/08/2025,51.67,51.67,51.6,51.61,19427789.1,376300.0
VALE3,M15,29/08/2025,51.65,51.67,51.62,51.67,18292940.11,354200.0
VALE3,M15,29/08/2025,51.62,51.66,51.61,51.65,17714515.88,343100.0
VALE3,M15,29/08/2025,51.67,51.69,51.6,51.62,22563502.65,436900.0
VALE3,M15,29/08/2025,51.69,51.71,51.62,51.66,20863204.91,403900.0
VALE3,M15,29/08/2025,51.69,51.72,51.66,51.69,13428990.98,259800.0
VALE3,M15,29/08/2025,51.69,51.74,51.67,51.69,24262413.94,469300.0
VALE3,M15,29/08/2025,51.64,51.7,51.64,51.69,14329130.54,277300.0
VALE3,M15,29/08/2025,51.7,51.7,51.63,51.65,13695063.55,265100.0
VALE3,M15,29/08/2025,51.73,51.75,51.68,51.68,14009047.59,270900.0
VALE3,M15,29/08/2025,51.67,51.76,51.65,51.73,13163919.74,254600.0
VALE3,M15,29/08/2025,51.67,51.73,51.63,51.66,13598210.5,263100.0
VALE3,M15,29/08/2025,51.66,51.68,51.62,51.67,4457074.67,86300.0
VALE3,M15,29/08/2025,51.69,51.75,51.65,51.66,6271083.74,121300.0
VALE3,M15,29/08/2025,51.78,51.8,51.68,51.69,9565883.84,184900.0
VALE3,M15,29/08/2025,51.74,51.81,51.73,51.78,11617708.41,224400.0
VALE3,M15,29/08/2025,51.68,51.77,51.67,51.74,16720540.25,323200.0
VALE3,M15,29/08/2025,51.64,51.77,51.63,51.69,29933436.82,578900.0
VALE3,M15,29/08/2025,51.69,51.76,51.64,51.65,20778799.31,401800.0
VALE3,M15,29/08/2025,51.65,51.72,51.56,51.69,19052442.03,369100.0
VALE3,M15,29/08/2025,51.7,51.78,51.59,51.66,25644450.43,496200.0
VALE3,M15,29/08/2025,51.69,51.76,51.63,51.7,27555929.67,532900.0
VALE3,M15,29/08/2025,51.63,51.81,51.63,51.68,18876623.4,364900.0
VALE3,M15,29/08/2025,51.6,51.68,51.55,51.65,11485918.44,222500.0
VALE3,M15,29/08/2025,51.5,51.63,51.46,51.59,14484021.54,281100.0
VALE3,M15,28/08/2025,51.46,51.46,51.38,51.38,1373147.04,26700.0
VALE3,M15,28/08/2025,51.44,51.5,51.39,51.41,197748274.02,3845400.0
VALE3,M15,28/08/2025,51.5,51.51,51.39,51.44,43684956.98,849000.0
VALE3,M15,28/08/2025,51.51,51.53,51.47,51.5,33317288.15,646900.0
VALE3,M15,28/08/2025,51.54,51.57,51.49,51.51,39919760.83,774900.0
VALE3,M15,28/08/2025,51.62,51.62,51.47,51.53,28840123.85,559600.0
VALE3,M15,28/08/2025,51.53,51.63,51.48,51.61,43134257.15,836500.0
VALE3,M15,28/08/2025,51.43,51.59,51.43,51.53,52400066.01,1017100.0
VALE3,M15,28/08/2025,51.59,51.65,51.35,51.44,90252618.6,1753000.0
VALE3,M15,28/08/2025,51.78,51.81,51.58,51.62,42972899.75,830900.0
VALE3,M15,28/08/2025,51.97,52.01,51.76,51.78,48650167.23,936900.0
VALE3,M15,28/08/2025,51.88,51.92,51.87,51.89,13882344.07,267500.0
VALE3,M15,28/08/2025,51.92,51.95,51.84,51.87,24104262.83,464500.0
VALE3,M15,28/08/2025,51.92,51.95,51.88,51.92,9256853.53,178300.0
VALE3,M15,28/08/2025,51.96,51.96,51.84,51.9,15786809.39,304200.0
VALE3,M15,28/08/2025,51.88,51.99,51.88,51.94,22169043.15,426900.0
VALE3,M15,28/08/2025,51.82,51.89,51.82,51.89,17072814.12,329200.0
VALE3,M15,28/08/2025,51.82,51.87,51.76,51.82,15230637.06,293900.0
VALE3,M15,28/08/2025,51.96,51.97,51.76,51.82,38675479.58,745700.0
VALE3,M15,28/08/2025,52.05,52.05,51.92,51.97,38532452.3,741700.0
VALE3,M15,28/08/2025,51.98,52.07,51.94,52.04,36475030.89,701300.0
VALE3,M15,28/08/2025,51.92,52.03,51.89,52.0,21220457.58,408300.0
VALE3,M15,28/08/2025,51.98,52.15,51.91,51.91,65447151.65,1257000.0
VALE3,M15,28/08/2025,51.96,52.04,51.89,51.97,47983112.15,923100.0
VALE3,M15,28/08/2025,51.9,52.09,51.82,51.96,67751555.47,1304000.0
VALE3,M15,28/08/2025,51.88,52.02,51.79,51.91,33228799.29,640200.0
VALE3,M15,28/08/2025,51.97,52.05,51.81,51.89,51766561.4,996800.0
VALE3,M15,27/08/2025,51.39,51.4,51.33,51.33,2168040.61,42200.0
VALE3,M15,27/08/2025,51.5,51.52,51.39,51.39,83376647.39,1621700.0
VALE3,M15,27/08/2025,51.46,51.53,51.43,51.49,19031049.47,369600.0
VALE3,M15,27/08/2025,51.43,51.47,51.37,51.45,24087767.39,468400.0
VALE3,M15,27/08/2025,51.39,51.43,51.37,51.42,8477643.4,164900.0
VALE3,M15,27/08/2025,51.38,51.4,51.35,51.38,6488982.21,126300.0
VALE3,M15,27/08/2025,51.38,51.41,51.35,51.38,6197079.32,120600.0
VALE3,M15,27/08/2025,51.36,51.41,51.35,51.37,9797109.51,190700.0
VALE3,M15,27/08/2025,51.37,51.37,51.29,51.36,6442758.79,125500.0
VALE3,M15,27/08/2025,51.31,51.37,51.28,51.37,14142311.24,275600.0
VALE3,M15,27/08/2025,51.25,51.36,51.25,51.31,11392434.09,222100.0
VALE3,M15,27/08/2025,51.32,51.33,51.21,51.24,6442175.07,125700.0
VALE3,M15,27/08/2025,51.2,51.35,51.17,51.32,20958660.37,408900.0
VALE3,M15,27/08/2025,51.17,51.25,51.16,51.22,6208796.41,121200.0
VALE3,M15,27/08/2025,51.21,51.23,51.15,51.17,9418917.15,184000.0
VALE3,M15,27/08/2025,51.23,51.24,51.19,51.21,4188724.75,81800.0
VALE3,M15,27/08/2025,51.21,51.24,51.16,51.23,14219117.34,277700.0
VALE3,M15,27/08/2025,51.25,51.25,51.18,51.2,6863762.26,134000.0
VALE3,M15,27/08/2025,51.25,51.3,51.21,51.25,6039203.83,117800.0
VALE3,M15,27/08/2025,51.28,51.32,51.24,51.26,10678375.13,208200.0
VALE3,M15,27/08/2025,51.28,51.32,51.26,51.28,5811548.23,113300.0
VALE3,M15,27/08/2025,51.21,51.3,51.21,51.27,9709301.81,189400.0
VALE3,M15,27/08/2025,51.32,51.33,51.18,51.21,20191018.85,394000.0
VALE3,M15,27/08/2025,51.43,51.43,51.28,51.32,20859106.81,406200.0
VALE3,M15,27/08/2025,51.35,51.44,51.28,51.42,48675793.39,948300.0
VALE3,M15,27/08/2025,51.31,51.42,51.27,51.35,23396631.3,455700.0
VALE3,M15,27/08/2025,51.31,51.39,51.23,51.3,22271426.22,434000.0
VALE3,M15,27/08/2025,51.35,51.36,51.27,51.31,13491617.96,262900.0
VALE3,M15,27/08/2025,51.24,51.42,51.24,51.36,10185862.66,198400.0
VALE3,M15,26/08/2025,51.43,51.5,51.42,51.5,4066774.52,79000.0
VALE3,M15,26/08/2025,51.37,51.42,51.34,51.42,271351578.33,5277400.0
VALE3,M15,26/08/2025,51.35,51.37,51.3,51.37,36239890.86,705900.0
VALE3,M15,26/08/2025,51.3,51.35,51.3,51.34,14811813.49,288600.0
VALE3,M15,26/08/2025,51.25,51.31,51.25,51.3,18714832.62,364900.0
VALE3,M15,26/08/2025,51.25,51.3,51.23,51.26,36789775.9,717600.0
VALE3,M15,26/08/2025,51.27,51.28,51.24,51.24,10302848.95,201000.0
VALE3,M15,26/08/2025,51.21,51.3,51.2,51.27,33309883.53,650100.0
VALE3,M15,26/08/2025,51.22,51.28,51.2,51.22,11805684.01,230400.0
VALE3,M15,26/08/2025,51.23,51.23,51.19,51.23,8061804.32,157400.0
VALE3,M15,26/08/2025,51.23,51.24,51.21,51.23,6664318.27,130100.0
VALE3,M15,26/08/2025,51.21,51.23,51.18,51.22,5427897.29,106000.0
VALE3,M15,26/08/2025,51.21,51.24,51.18,51.21,12399914.17,242100.0
VALE3,M15,26/08/2025,51.22,51.22,51.18,51.19,11496526.56,224600.0
VALE3,M15,26/08/2025,51.21,51.25,51.21,51.21,17000622.11,331900.0
VALE3,M15,26/08/2025,51.19,51.24,51.17,51.21,10251720.06,200200.0
VALE3,M15,26/08/2025,51.18,51.19,51.11,51.18,47358364.27,925500.0
VALE3,M15,26/08/2025,51.19,51.2,51.12,51.18,9286898.9,181500.0
VALE3,M15,26/08/2025,51.12,51.22,51.12,51.18,10076578.88,196900.0
VALE3,M15,26/08/2025,51.18,51.19,51.1,51.14,35351746.8,691200.0
VALE3,M15,26/08/2025,51.04,51.19,51.04,51.17,18907994.89,369900.0
VALE3,M15,26/08/2025,51.08,51.11,51.04,51.06,24381055.81,477300.0
VALE3,M15,26/08/2025,51.11,51.11,51.0,51.06,61137552.23,1197700.0
VALE3,M15,26/08/2025,50.99,51.24,50.99,51.11,63443569.86,1242200.0
VALE3,M15,26/08/2025,51.1,51.11,50.96,50.97,26372476.91,516800.0
VALE3,M15,26/08/2025,51.1,51.17,51.04,51.1,62229465.75,1217500.0
VALE3,M15,26/08/2025,50.84,51.11,50.74,51.09,80232139.05,1575800.0
VALE3,M15,26/08/2025,50.92,50.93,50.76,50.84,8001965.09,157400.0
VALE3,M15,26/08/2025,50.87,50.95,50.78,50.92,11931105.94,234600.0
VALE3,M15,25/08/2025,50.97,50.98,50.91,50.94,769143.05,15100.0
VALE3,M15,25/08/2025,50.96,51.03,50.94,50.97,83726449.97,1642700.0
VALE3,M15,25/08/2025,50.83,50.97,50.83,50.94,19839915.2,389800.0
VALE3,M15,25/08/2025,50.89,50.9,50.8,50.84,11225860.33,220800.0
VALE3,M15,25/08/2025,50.86,50.9,50.86,50.89,5479374.19,107700.0
VALE3,M15,25/08/2025,50.85,50.86,50.82,50.86,11337479.92,223000.0
VALE3,M15,25/08/2025,50.86,50.88,50.85,50.85,9588712.04,188500.0
VALE3,M15,25/08/2025,50.9,50.91,50.81,50.87,14357945.35,282300.0
VALE3,M15,25/08/2025,50.89,50.91,50.88,50.89,8795080.58,172800.0
VALE3,M15,25/08/2025,50.91,50.93,50.87,50.89,6045897.59,118800.0
VALE3,M15,25/08/2025,50.99,50.99,50.87,50.9,11250116.74,220900.0
VALE3,M15,25/08/2025,50.98,51.01,50.95,50.99,6413544.93,125800.0
VALE3,M15,25/08/2025,50.95,50.99,50.92,50.98,9152013.08,179600.0
VALE3,M15,25/08/2025,50.97,50.97,50.92,50.95,6393951.78,125500.0
VALE3,M15,25/08/2025,51.0,51.02,50.95,50.97,6541169.04,128300.0
VALE3,M15,25/08/2025,51.08,51.08,50.99,51.0,10761066.69,210800.0
VALE3,M15,25/08/2025,51.04,51.08,51.01,51.08,7831770.22,153400.0
VALE3,M15,25/08/2025,51.08,51.11,50.96,51.05,17673773.31,346300.0
VALE3,M15,25/08/2025,51.28,51.3,51.05,51.08,40575108.09,793200.0
VALE3,M15,25/08/2025,51.31,51.34,51.25,51.28,13295594.62,259200.0
VALE3,M15,25/08/2025,51.3,51.34,51.27,51.31,12432920.82,242300.0
VALE3,M15,25/08/2025,51.29,51.33,51.27,51.29,9696818.18,189000.0
VALE3,M15,25/08/2025,51.24,51.32,51.22,51.3,20076526.13,391600.0
VALE3,M15,25/08/2025,51.17,51.26,51.13,51.26,14463676.7,282400.0
VALE3,M15,25/08/2025,51.24,51.27,51.15,51.19,11293429.91,220600.0
VALE3,M15,25/08/2025,51.22,51.3,51.22,51.24,10764448.37,210000.0
VALE3,M15,25/08/2025,51.23,51.35,51.15,51.22,50752164.83,989900.0
VALE3,M15,25/08/2025,51.37,51.37,51.17,51.23,38510759.06,752000.0
VALE3,M15,25/08/2025,51.2,51.41,51.18,51.37,62328454.15,1215100.0
VALE3,M15,22/08/2025,50.85,50.87,50.84,50.87,1850884.61,36400.0
VALE3,M15,22/08/2025,50.82,50.85,50.79,50.85,92480578.24,1819000.0
VALE3,M15,22/08/2025,50.84,50.85,50.76,50.82,33010318.96,649700.0
VALE3,M15,22/08/2025,50.89,50.89,50.83,50.83,20637971.43,405900.0
VALE3,M15,22/08/2025,50.9,50.94,50.87,50.88,19141911.8,376000.0
VALE3,M15,22/08/2025,50.86,50.91,50.85,50.9,21631951.7,425100.0
VALE3,M15,22/08/2025,50.83,50.91,50.79,50.86,47138267.34,927000.0
VALE3,M15,22/08/2025,50.83,50.85,50.78,50.82,26228586.59,516200.0
VALE3,M15,22/08/2025,50.84,50.89,50.82,50.85,23119107.97,454600.0
VALE3,M15,22/08/2025,50.86,50.86,50.83,50.85,31657048.11,622500.0
VALE3,M15,22/08/2025,50.86,50.88,50.84,50.85,22600976.76,444400.0
VALE3,M15,22/08/2025,50.84,50.86,50.81,50.86,16601376.84,326500.0
VALE3,M15,22/08/2025,50.81,50.85,50.78,50.82,13860263.85,272700.0
VALE3,M15,22/08/2025,50.8,50.81,50.76,50.79,13165571.6,259200.0
VALE3,M15,22/08/2025,50.79,50.83,50.72,50.8,20100763.05,395900.0
VALE3,M15,22/08/2025,50.88,50.88,50.78,50.78,31030252.1,610300.0
VALE3,M15,22/08/2025,50.77,50.88,50.75,50.86,37877498.51,744900.0
VALE3,M15,22/08/2025,50.71,50.83,50.67,50.75,32765846.83,645300.0
VALE3,M15,22/08/2025,50.83,50.85,50.69,50.72,13993969.23,275700.0
VALE3,M15,22/08/2025,50.83,50.86,50.76,50.82,19746003.96,388500.0
VALE3,M15,22/08/2025,50.79,50.86,50.68,50.82,43590657.83,859000.0
VALE3,M15,22/08/2025,50.83,50.86,50.75,50.77,38780419.33,763200.0
VALE3,M15,22/08/2025,50.72,50.9,50.7,50.81,79073956.1,1556700.0
VALE3,M15,22/08/2025,50.38,50.71,50.33,50.69,158217164.27,3131500.0
VALE3,M15,22/08/2025,50.05,50.41,50.05,50.38,79971346.88,1591600.0
VALE3,M15,22/08/2025,50.08,50.11,49.95,50.04,34596524.88,691200.0
VALE3,M15,22/08/2025,49.68,50.1,49.66,50.07,51200520.57,1026700.0
VALE3,M15,22/08/2025,49.61,49.72,49.58,49.66,9765723.17,196700.0
VALE3,M15,22/08/2025,49.58,49.61,49.47,49.6,14584665.51,294300.0
VALE3,M15,21/08/2025,49.6,49.75,49.6,49.66,1654472.44,33300.0
VALE3,M15,21/08/2025,49.64,49.68,49.57,49.6,108578352.85,2188800.0
VALE3,M15,21/08/2025,49.57,49.65,49.56,49.63,22543557.79,454500.0
VALE3,M15,21/08/2025,49.61,49.63,49.53,49.58,24292430.54,490000.0
VALE3,M15,21/08/2025,49.6,49.64,49.58,49.61,16928147.05,341200.0
VALE3,M15,21/08/2025,49.53,49.6,49.52,49.58,10693277.17,215700.0
VALE3,M15,21/08/2025,49.57,49.57,49.49,49.53,10203508.84,206000.0
VALE3,M15,21/08/2025,49.52,49.6,49.48,49.57,20536607.31,414600.0
VALE3,M15,21/08/2025,49.44,49.56,49.43,49.51,18714771.37,378100.0
VALE3,M15,21/08/2025,49.44,49.44,49.39,49.44,11361528.46,229900.0
VALE3,M15,21/08/2025,49.43,49.44,49.39,49.42,20548944.32,415800.0
VALE3,M15,21/08/2025,49.44,49.45,49.36,49.44,11314717.61,229000.0
VALE3,M15,21/08/2025,49.34,49.47,49.32,49.42,14513544.42,293700.0
VALE3,M15,21/08/2025,49.31,49.34,49.3,49.34,4714480.52,95600.0
VALE3,M15,21/08/2025,49.33,49.35,49.29,49.31,6262046.75,127000.0
VALE3,M15,21/08/2025,49.33,49.37,49.3,49.32,9472388.35,192000.0
VALE3,M15,21/08/2025,49.29,49.35,49.23,49.35,9217077.95,187000.0
VALE3,M15,21/08/2025,49.31,49.34,49.27,49.29,4003587.94,81200.0
VALE3,M15,21/08/2025,49.31,49.33,49.29,49.31,14513474.82,294300.0
VALE3,M15,21/08/2025,49.27,49.37,49.27,49.31,16535175.15,335300.0
VALE3,M15,21/08/2025,49.3,49.33,49.24,49.27,12438225.35,252300.0
VALE3,M15,21/08/2025,49.31,49.32,49.21,49.3,15495761.2,314400.0
VALE3,M15,21/08/2025,49.27,49.34,49.25,49.3,9984780.72,202500.0
VALE3,M15,21/08/2025,49.3,49.37,49.28,49.28,21482406.99,435600.0
VALE3,M15,21/08/2025,49.25,49.35,49.25,49.31,14670993.96,297600.0
VALE3,M15,21/08/2025,49.19,49.28,49.14,49.25,12603044.23,256200.0
VALE3,M15,21/08/2025,49.28,49.38,49.15,49.16,40465346.38,821500.0
VALE3,M15,21/08/2025,49.28,49.44,49.19,49.31,35551738.32,720800.0
VALE3,M15,21/08/2025,49.2,49.37,49.18,49.31,15271104.94,309900.0
VALE3,M15,20/08/2025,49.18,49.27,49.15,49.17,1189779.03,24200.0
VALE3,M15,20/08/2025,49.22,49.29,49.18,49.18,60233012.96,1224200.0
VALE3,M15,20/08/2025,49.29,49.31,49.22,49.24,29573838.13,600300.0
VALE3,M15,20/08/2025,49.3,49.31,49.26,49.28,12904059.29,261800.0
VALE3,M15,20/08/2025,49.27,49.31,49.26,49.3,8663895.68,175800.0
VALE3,M15,20/08/2025,49.31,49.31,49.25,49.26,11024813.66,223700.0
VALE3,M15,20/08/2025,49.28,49.32,49.26,49.31,10615170.93,215300.0
VALE3,M15,20/08/2025,49.23,49.28,49.22,49.28,8209913.4,166700.0
VALE3,M15,20/08/2025,49.26,49.29,49.22,49.24,7673091.07,155800.0
VALE3,M15,20/08/2025,49.3,49.32,49.26,49.27,31155312.11,632200.0
VALE3,M15,20/08/2025,49.29,49.34,49.27,49.31,6247192.97,126700.0
VALE3,M15,20/08/2025,49.29,49.32,49.25,49.29,6081677.14,123400.0
VALE3,M15,20/08/2025,49.25,49.3,49.21,49.29,27874981.6,565900.0
VALE3,M15,20/08/2025,49.18,49.26,49.18,49.24,7574145.36,153900.0
VALE3,M15,20/08/2025,49.17,49.19,49.13,49.18,3893793.75,79200.0
VALE3,M15,20/08/2025,49.2,49.24,49.15,49.18,5314091.3,108000.0
VALE3,M15,20/08/2025,49.21,49.27,49.14,49.2,20143020.14,409300.0
VALE3,M15,20/08/2025,49.22,49.26,49.16,49.21,6963051.34,141500.0
VALE3,M15,20/08/2025,49.19,49.22,49.16,49.22,5745383.66,116800.0
VALE3,M15,20/08/2025,49.19,49.26,49.14,49.22,14279308.28,290200.0
VALE3,M15,20/08/2025,49.13,49.2,49.11,49.2,11563562.54,235200.0
VALE3,M15,20/08/2025,49.18,49.19,49.05,49.13,20917014.84,425800.0
VALE3,M15,20/08/2025,49.15,49.27,49.12,49.17,19793701.99,402500.0
VALE3,M15,20/08/2025,49.23,49.27,49.14,49.15,27695550.21,563000.0
VALE3,M15,20/08/2025,49.18,49.35,49.18,49.23,29449598.49,597800.0
VALE3,M15,20/08/2025,49.27,49.39,49.15,49.18,33209813.07,674300.0
VALE3,M15,20/08/2025,49.25,49.31,49.16,49.29,20040326.18,407100.0
VALE3,M15,20/08/2025,49.31,49.31,49.19,49.26,9026128.07,183300.0
VALE3,M15,20/08/2025,49.09,49.44,49.09,49.29,19881012.27,403400.0
VALE3,M15,19/08/2025,49.38,49.43,49.28,49.28,2513148.36,50900.0
VALE3,M15,19/08/2025,49.35,49.46,49.34,49.41,94447066.41,1911600.0
VALE3,M15,19/08/2025,49.37,49.42,49.34,49.35,26327933.2,533100.0
VALE3,M15,19/08/2025,49.26,49.39,49.24,49.37,31490020.55,638300.0
VALE3,M15,19/08/2025,49.31,49.33,49.24,49.24,11172573.8,226700.0
VALE3,M15,19/08/2025,49.29,49.35,49.25,49.31,21003909.37,426100.0
VALE3,M15,19/08/2025,49.28,49.33,49.25,49.28,15024561.48,304800.0
VALE3,M15,19/08/2025,49.34,49.35,49.28,49.3,8727600.09,177000.0
VALE3,M15,19/08/2025,49.38,49.4,49.31,49.35,15634896.39,316800.0
VALE3,M15,19/08/2025,49.44,49.44,49.37,49.38,12128569.56,245500.0
VALE3,M15,19/08/2025,49.4,49.45,49.35,49.44,20790704.8,420700.0
VALE3,M15,19/08/2025,49.31,49.42,49.31,49.4,20680729.65,419000.0
VALE3,M15,19/08/2025,49.32,49.33,49.23,49.31,17430754.45,353600.0
VALE3,M15,19/08/2025,49.42,49.43,49.32,49.33,17042268.56,345100.0
VALE3,M15,19/08/2025,49.41,49.48,49.37,49.43,27429764.4,555100.0
VALE3,M15,19/08/2025,49.33,49.44,49.33,49.41,36245962.85,733700.0
VALE3,M15,19/08/2025,49.3,49.36,49.28,49.34,9514443.13,192900.0
VALE3,M15,19/08/2025,49.31,49.32,49.27,49.29,34725528.95,704300.0
VALE3,M15,19/08/2025,49.23,49.37,49.23,49.31,43402465.07,880700.0
VALE3,M15,19/08/2025,49.31,49.34,49.18,49.23,25119241.26,510000.0
VALE3,M15,19/08/2025,49.34,49.38,49.28,49.32,16339725.32,331300.0
VALE3,M15,19/08/2025,49.33,49.39,49.29,49.35,18898067.01,383100.0
VALE3,M15,19/08/2025,49.37,49.44,49.33,49.36,27249613.8,551800.0
VALE3,M15,19/08/2025,49.35,49.43,49.29,49.39,32130094.57,651100.0
VALE3,M15,19/08/2025,49.51,49.52,49.3,49.36,31434194.98,636300.0
VALE3,M15,19/08/2025,49.76,49.78,49.5,49.52,30305894.05,610600.0
VALE3,M15,19/08/2025,49.44,49.82,49.42,49.78,104860358.23,2113800.0
VALE3,M15,19/08/2025,49.62,49.65,49.41,49.47,59411581.92,1199300.0
VALE3,M15,19/08/2025,49.66,49.75,49.38,49.62,64514387.78,1301200.0
VALE3,M15,18/08/2025,49.37,49.4,49.34,49.35,622025.09,12600.0
VALE3,M15,18/08/2025,49.39,49.46,49.35,49.37,100645154.48,2038400.0
VALE3,M15,18/08/2025,49.3,49.4,49.3,49.4,19182214.49,388700.0
VALE3,M15,18/08/2025,49.28,49.33,49.25,49.31,18202544.19,369300.0
VALE3,M15,18/08/2025,49.28,49.34,49.27,49.28,7764569.06,157500.0
VALE3,M15,18/08/2025,49.27,49.33,49.21,49.29,12439204.4,252500.0
VALE3,M15,18/08/2025,49.3,49.31,49.26,49.29,9733754.96,197500.0
VALE3,M15,18/08/2025,49.31,49.35,49.24,49.3,11841028.33,240200.0
VALE3,M15,18/08/2025,49.38,49.38,49.29,49.32,11488571.63,232900.0
VALE3,M15,18/08/2025,49.36,49.4,49.35,49.38,9642977.62,195300.0
VALE3,M15,18/08/2025,49.38,49.44,49.35,49.37,8752150.68,177200.0
VALE3,M15,18/08/2025,49.46,49.51,49.37,49.38,10601928.17,214500.0
VALE3,M15,18/08/2025,49.39,49.5,49.39,49.47,14646276.32,296200.0
VALE3,M15,18/08/2025,49.45,49.51,49.39,49.41,21636309.65,437400.0
VALE3,M15,18/08/2025,49.48,49.52,49.44,49.46,56115014.88,1134100.0
VALE3,M15,18/08/2025,49.53,49.54,49.47,49.48,16204041.42,327400.0
VALE3,M15,18/08/2025,49.53,49.58,49.49,49.54,13880227.27,280200.0
VALE3,M15,18/08/2025,49.54,49.57,49.49,49.53,8494186.16,171500.0
VALE3,M15,18/08/2025,49.54,49.57,49.47,49.55,18226262.35,368200.0
VALE3,M15,18/08/2025,49.49,49.57,49.44,49.55,11910041.9,240600.0
VALE3,M15,18/08/2025,49.6,49.67,49.49,49.49,14680845.75,296100.0
VALE3,M15,18/08/2025,49.69,49.72,49.58,49.6,9340199.34,188100.0
VALE3,M15,18/08/2025,49.67,49.79,49.65,49.69,16480287.79,331500.0
VALE3,M15,18/08/2025,49.75,49.83,49.63,49.67,23923777.22,481200.0
VALE3,M15,18/08/2025,49.71,49.8,49.68,49.75,18403229.86,370000.0
VALE3,M15,18/08/2025,49.5,49.8,49.47,49.7,66470858.97,1339400.0
VALE3,M15,18/08/2025,49.62,49.62,49.39,49.5,36955383.6,746500.0
VALE3,M15,18/08/2025,49.66,49.72,49.52,49.59,23316633.76,470200.0
VALE3,M15,18/08/2025,49.28,49.84,49.28,49.68,38568374.77,778200.0
VALE3,M15,15/08/2025,49.48,49.48,49.38,49.39,85655451.96,1731100.0
VALE3,M15,15/08/2025,49.42,49.56,49.41,49.48,396109399.72,8005000.0
VALE3,M15,15/08/2025,49.34,49.44,49.34,49.43,23956160.25,485000.0
VALE3,M15,15/08/2025,49.33,49.36,49.28,49.35,19265943.57,390600.0
VALE3,M15,15/08/2025,49.32,49.36,49.3,49.35,10926728.21,221500.0
VALE3,M15,15/08/2025,49.26,49.36,49.24,49.31,27028412.54,548300.0
VALE3,M15,15/08/2025,49.29,49.3,49.23,49.27,14151230.37,287200.0
VALE3,M15,15/08/2025,49.26,49.37,49.22,49.29,33379013.11,677100.0
VALE3,M15,15/08/2025,49.28,49.31,49.22,49.26,12634044.52,256500.0
VALE3,M15,15/08/2025,49.24,49.34,49.23,49.28,17203754.02,349000.0
VALE3,M15,15/08/2025,49.31,49.36,49.24,49.24,19339138.77,392200.0
VALE3,M15,15/08/2025,49.34,49.38,49.29,49.31,22781693.45,461800.0
VALE3,M15,15/08/2025,49.29,49.37,49.29,49.34,15436931.65,312900.0
VALE3,M15,15/08/2025,49.31,49.32,49.18,49.3,66985770.9,1360200.0
VALE3,M15,15/08/2025,49.33,49.4,49.31,49.32,136497349.19,2766800.0
VALE3,M15,15/08/2025,49.34,49.37,49.29,49.35,64565348.71,1309400.0
VALE3,M15,15/08/2025,49.37,49.4,49.28,49.35,22727542.94,460800.0
VALE3,M15,15/08/2025,49.41,49.44,49.36,49.39,420778106.27,8517800.0
VALE3,M15,15/08/2025,49.42,49.46,49.39,49.41,12570220.4,254300.0
VALE3,M15,15/08/2025,49.43,49.46,49.41,49.44,8581411.07,173600.0
VALE3,M15,15/08/2025,49.43,49.46,49.41,49.43,12596999.15,254800.0
VALE3,M15,15/08/2025,49.44,49.46,49.41,49.44,19034828.34,385000.0
VALE3,M15,15/08/2025,49.44,49.49,49.42,49.45,19517802.69,394700.0
VALE3,M15,15/08/2025,49.54,49.56,49.41,49.44,44456956.46,899000.0
VALE3,M15,15/08/2025,49.47,49.56,49.36,49.54,51222615.64,1036100.0
VALE3,M15,15/08/2025,49.39,49.55,49.38,49.5,31217312.69,631100.0
VALE3,M15,15/08/2025,49.46,49.72,49.39,49.39,46944389.57,947500.0
VALE3,M15,15/08/2025,49.57,49.58,49.4,49.46,22473644.98,454200.0
VALE3,M15,15/08/2025,49.61,49.7,49.56,49.57,11828241.23,238400.0
VALE3,M15,14/08/2025,49.58,49.65,49.55,49.65,758991.51,15300.0
VALE3,M15,14/08/2025,49.55,49.67,49.53,49.57,157839215.98,3183300.0
VALE3,M15,14/08/2025,49.53,49.57,49.43,49.54,50214484.1,1014300.0
VALE3,M15,14/08/2025,49.52,49.57,49.49,49.52,20465051.91,413200.0
VALE3,M15,14/08/2025,49.53,49.56,49.48,49.5,13171031.1,265900.0
VALE3,M15,14/08/2025,49.5,49.54,49.45,49.51,21376400.02,432000.0
VALE3,M15,14/08/2025,49.46,49.5,49.41,49.49,124306992.5,2513900.0
VALE3,M15,14/08/2025,49.52,49.54,49.44,49.44,92971481.54,1878000.0
VALE3,M15,14/08/2025,49.55,49.57,49.49,49.52,42097643.94,850100.0
VALE3,M15,14/08/2025,49.49,49.56,49.48,49.55,11344170.9,229100.0
VALE3,M15,14/08/2025,49.45,49.51,49.44,49.5,28568782.95,577500.0
VALE3,M15,14/08/2025,49.44,49.47,49.44,49.45,229213635.4,4634500.0
VALE3,M15,14/08/2025,49.44,49.5,49.44,49.45,5292464.88,107000.0
VALE3,M15,14/08/2025,49.48,49.51,49.39,49.46,9216539.71,186400.0
VALE3,M15,14/08/2025,49.44,49.56,49.43,49.48,11893587.29,240300.0
VALE3,M15,14/08/2025,49.5,49.52,49.44,49.44,296907078.67,6003700.0
VALE3,M15,14/08/2025,49.57,49.58,49.47,49.49,5616077.99,113400.0
VALE3,M15,14/08/2025,49.53,49.6,49.47,49.56,179604254.07,3623900.0
VALE3,M15,14/08/2025,49.65,49.65,49.46,49.53,84170535.91,1698000.0
VALE3,M15,14/08/2025,49.43,49.66,49.43,49.64,18460539.33,372400.0
VALE3,M15,14/08/2025,49.44,49.47,49.37,49.44,17220339.48,348500.0
VALE3,M15,14/08/2025,49.56,49.57,49.43,49.47,13880548.36,280500.0
VALE3,M15,14/08/2025,49.41,49.58,49.4,49.56,17351923.42,350600.0
VALE3,M15,14/08/2025,49.38,49.45,49.31,49.41,33033653.86,668900.0
VALE3,M15,14/08/2025,49.49,49.51,49.33,49.37,430604442.63,8721700.0
VALE3,M15,14/08/2025,49.29,49.57,49.26,49.49,41983099.25,849500.0
VALE3,M15,14/08/2025,49.42,49.6,49.26,49.3,55337943.82,1120300.0
VALE3,M15,14/08/2025,49.48,49.56,49.4,49.43,44013485.78,889600.0
VALE3,M15,14/08/2025,49.7,49.75,49.46,49.49,61590677.02,1241400.0
VALE3,M15,13/08/2025,50.21,50.25,50.11,50.12,1670422.21,33300.0
VALE3,M15,13/08/2025,50.31,50.33,50.2,50.2,158442185.24,3155400.0
VALE3,M15,13/08/2025,50.34,50.36,50.26,50.31,35689637.4,709000.0
VALE3,M15,13/08/2025,50.35,50.36,50.31,50.35,21915719.63,435400.0
VALE3,M15,13/08/2025,50.34,50.37,50.31,50.36,23712126.14,471000.0
VALE3,M15,13/08/2025,50.37,50.45,50.33,50.35,26740361.83,530600.0
VALE3,M15,13/08/2025,50.34,50.45,50.34,50.38,30754195.97,610500.0
VALE3,M15,13/08/2025,50.26,50.38,50.26,50.34,95030913.96,1888300.0
VALE3,M15,13/08/2025,50.28,50.3,50.23,50.28,18371674.62,365400.0
VALE3,M15,13/08/2025,50.32,50.34,50.27,50.28,19827051.08,394100.0
VALE3,M15,13/08/2025,50.33,50.36,50.25,50.3,21304666.44,423500.0
VALE3,M15,13/08/2025,50.33,50.36,50.3,50.33,17335875.29,344500.0
VALE3,M15,13/08/2025,50.36,50.42,50.32,50.34,21584205.41,428500.0
VALE3,M15,13/08/2025,50.29,50.38,50.28,50.38,17156075.48,340800.0
VALE3,M15,13/08/2025,50.34,50.37,50.28,50.29,15303905.57,304100.0
VALE3,M15,13/08/2025,50.36,50.42,50.34,50.34,12875791.07,255600.0
VALE3,M15,13/08/2025,50.42,50.48,50.36,50.36,14586244.99,289400.0
VALE3,M15,13/08/2025,50.5,50.51,50.38,50.41,19531019.45,387100.0
VALE3,M15,13/08/2025,50.52,50.56,50.45,50.49,25229898.5,499500.0
VALE3,M15,13/08/2025,50.47,50.52,50.42,50.5,21689608.24,429700.0
VALE3,M15,13/08/2025,50.41,50.48,50.4,50.47,32876471.59,651700.0
VALE3,M15,13/08/2025,50.5,50.5,50.37,50.39,29987985.44,594700.0
VALE3,M15,13/08/2025,50.46,50.55,50.43,50.5,29165547.52,577600.0
VALE3,M15,13/08/2025,50.48,50.53,50.36,50.45,27053103.26,536200.0
VALE3,M15,13/08/2025,50.48,50.58,50.43,50.48,49596043.0,981900.0
VALE3,M15,13/08/2025,50.41,50.57,50.4,50.5,42924167.91,850100.0
VALE3,M15,13/08/2025,50.18,50.45,50.17,50.4,63877745.55,1269400.0
VALE3,M15,13/08/2025,50.29,50.3,50.06,50.21,52735499.23,1051000.0
VALE3,M15,13/08/2025,50.39,50.56,50.26,50.28,45954374.7,911700.0
VALE3,M15,12/08/2025,50.38,50.46,50.38,50.43,1240200.01,24600.0
VALE3,M15,12/08/2025,50.45,50.53,50.39,50.39,224056150.95,4443300.0
VALE3,M15,12/08/2025,50.56,50.59,50.41,50.46,174471489.07,3454800.0
VALE3,M15,12/08/2025,50.55,50.61,50.53,50.57,43325985.83,856800.0
VALE3,M15,12/08/2025,50.38,50.6,50.35,50.53,50731821.76,1004800.0
VALE3,M15,12/08/2025,50.41,50.42,50.28,50.38,77201308.81,1533400.0
VALE3,M15,12/08/2025,50.4,50.44,50.35,50.4,18649882.49,370000.0
VALE3,M15,12/08/2025,50.4,50.43,50.38,50.41,16039693.88,318200.0
VALE3,M15,12/08/2025,50.36,50.41,50.34,50.39,25337692.95,503000.0
VALE3,M15,12/08/2025,50.29,50.38,50.29,50.36,43863226.03,871300.0
VALE3,M15,12/08/2025,50.25,50.31,50.21,50.3,15104658.31,300600.0
VALE3,M15,12/08/2025,50.31,50.32,50.2,50.24,24262751.1,482800.0
VALE3,M15,12/08/2025,50.39,50.4,50.28,50.31,20192353.85,401100.0
VALE3,M15,12/08/2025,50.47,50.48,50.38,50.39,15708938.73,311600.0
VALE3,M15,12/08/2025,50.51,50.51,50.46,50.48,10591429.11,209800.0
VALE3,M15,12/08/2025,50.49,50.53,50.44,50.49,24354524.94,482400.0
VALE3,M15,12/08/2025,50.58,50.62,50.48,50.5,22131152.41,437900.0
VALE3,M15,12/08/2025,50.56,50.62,50.49,50.6,34832926.41,689000.0
VALE3,M15,12/08/2025,50.42,50.56,50.39,50.56,31763244.04,629400.0
VALE3,M15,12/08/2025,50.43,50.46,50.4,50.44,16540794.87,328000.0
VALE3,M15,12/08/2025,50.38,50.46,50.36,50.43,24543312.61,486900.0
VALE3,M15,12/08/2025,50.35,50.46,50.33,50.38,41934876.82,832000.0
VALE3,M15,12/08/2025,50.44,50.47,50.32,50.33,30731031.5,609900.0
VALE3,M15,12/08/2025,50.44,50.48,50.4,50.42,27871551.92,552500.0
VALE3,M15,12/08/2025,50.38,50.51,50.36,50.44,40523462.14,803300.0
VALE3,M15,12/08/2025,50.46,50.49,50.25,50.38,53218179.19,1057000.0
VALE3,M15,12/08/2025,50.34,50.61,50.34,50.48,121702243.44,2410000.0
VALE3,M15,12/08/2025,50.48,50.51,50.3,50.34,41216877.48,817800.0
VALE3,M15,12/08/2025,50.43,50.53,50.25,50.48,31705770.82,629100.0
VALE3,M15,11/08/2025,49.87,49.93,49.84,49.91,1810559.25,36300.0
VALE3,M15,11/08/2025,49.98,50.0,49.87,49.87,83025461.74,1664100.0
VALE3,M15,11/08/2025,49.92,49.98,49.92,49.97,107148393.09,2145500.0
VALE3,M15,11/08/2025,49.93,49.97,49.89,49.92,42677701.69,854800.0
VALE3,M15,11/08/2025,49.94,49.98,49.89,49.93,47733211.0,955900.0
VALE3,M15,11/08/2025,49.92,49.98,49.87,49.94,96266863.41,1928100.0
VALE3,M15,11/08/2025,50.01,50.02,49.89,49.9,53013495.78,1061300.0
VALE3,M15,11/08/2025,49.97,50.02,49.94,50.01,15205758.51,304200.0
VALE3,M15,11/08/2025,50.0,50.0,49.94,49.95,7501341.04,150100.0
VALE3,M15,11/08/2025,50.03,50.05,49.98,50.0,9827270.22,196500.0
VALE3,M15,11/08/2025,49.98,50.03,49.96,50.01,16800567.64,336000.0
VALE3,M15,11/08/2025,49.97,50.0,49.9,49.97,17928333.95,358900.0
VALE3,M15,11/08/2025,50.02,50.04,49.95,49.98,40961455.16,819500.0
VALE3,M15,11/08/2025,50.05,50.09,50.0,50.02,21132879.07,422300.0
VALE3,M15,11/08/2025,50.14,50.16,50.03,50.04,34193618.95,682500.0
VALE3,M15,11/08/2025,50.18,50.19,50.08,50.13,13936437.5,278000.0
VALE3,M15,11/08/2025,50.14,50.26,50.1,50.18,37689743.63,751000.0
VALE3,M15,11/08/2025,50.07,50.16,50.07,50.16,21583965.77,430700.0
VALE3,M15,11/08/2025,50.07,50.16,50.06,50.07,17666149.38,352700.0
VALE3,M15,11/08/2025,50.05,50.11,50.03,50.08,41790560.62,834800.0
VALE3,M15,11/08/2025,49.97,50.16,49.95,50.06,144954595.49,2897700.0
VALE3,M15,11/08/2025,49.94,49.99,49.84,49.98,25687592.02,514700.0
VALE3,M15,11/08/2025,50.11,50.16,49.93,49.94,36306551.39,725200.0
VALE3,M15,11/08/2025,50.12,50.19,50.08,50.12,25820989.31,515000.0
VALE3,M15,11/08/2025,50.07,50.15,49.94,50.12,32223739.11,643900.0
VALE3,M15,11/08/2025,50.19,50.26,50.07,50.07,20465072.48,408100.0
VALE3,M15,11/08/2025,50.16,50.41,50.12,50.18,27893683.56,555100.0
VALE3,M15,11/08/2025,50.34,50.41,50.13,50.16,34738980.51,690800.0
VALE3,M15,11/08/2025,50.0,50.46,50.0,50.34,39721416.48,790300.0
VALE3,M15,08/08/2025,49.92,49.95,49.89,49.93,1377917.09,27600.0
VALE3,M15,08/08/2025,50.01,50.07,49.92,49.92,115801829.37,2318500.0
VALE3,M15,08/08/2025,49.94,50.02,49.91,50.0,41244616.83,825400.0
VALE3,M15,08/08/2025,49.98,49.99,49.92,49.95,37808922.45,756900.0
VALE3,M15,08/08/2025,50.07,50.1,49.98,49.98,34056276.79,680700.0
VALE3,M15,08/08/2025,50.07,50.09,50.04,50.07,49891378.3,996600.0
VALE3,M15,08/08/2025,50.11,50.16,50.05,50.07,32212683.21,642900.0
VALE3,M15,08/08/2025,50.15,50.18,50.0,50.11,47504614.15,948300.0
VALE3,M15,08/08/2025,50.07,50.18,50.06,50.15,19086498.36,380800.0
VALE3,M15,08/08/2025,50.12,50.16,50.07,50.07,34093977.0,680300.0
VALE3,M15,08/08/2025,50.1,50.16,50.1,50.12,19687411.64,392700.0
VALE3,M15,08/08/2025,50.15,50.2,50.08,50.11,53849656.4,1074000.0
VALE3,M15,08/08/2025,50.02,50.17,49.95,50.13,34053625.25,680100.0
VALE3,M15,08/08/2025,50.03,50.17,49.98,50.01,46184307.27,922300.0
VALE3,M15,08/08/2025,49.85,50.06,49.8,50.06,61273216.75,1228000.0
VALE3,M15,08/08/2025,49.91,49.92,49.78,49.84,26019895.56,521700.0
VALE3,M15,08/08/2025,49.97,49.98,49.86,49.93,40160900.2,804600.0
VALE3,M15,08/08/2025,49.8,50.01,49.8,49.96,46821556.23,937700.0
VALE3,M15,08/08/2025,49.8,50.05,49.77,49.8,76227857.41,1528400.0
VALE3,M15,08/08/2025,49.68,49.9,49.6,49.8,52060713.25,1047000.0
VALE3,M15,08/08/2025,49.57,49.71,49.54,49.67,32568602.78,656100.0
VALE3,M15,08/08/2025,49.42,49.61,49.42,49.57,31089699.05,627900.0
VALE3,M15,08/08/2025,49.25,49.43,49.25,49.42,48576922.48,984000.0
VALE3,M15,08/08/2025,49.33,49.37,49.18,49.25,19999821.39,405800.0
VALE3,M15,08/08/2025,49.14,49.39,49.13,49.32,72327440.98,1468300.0
VALE3,M15,08/08/2025,48.99,49.21,48.87,49.14,44227350.78,902200.0
VALE3,M15,08/08/2025,48.91,49.12,48.91,48.99,28986831.11,591200.0
VALE3,M15,08/08/2025,48.96,48.98,48.84,48.95,24693993.59,505000.0
VALE3,M15,08/08/2025,48.85,49.1,48.85,48.98,32852277.28,670600.0
VALE3,M15,07/08/2025,48.77,48.89,48.75,48.89,1083249.78,22200.0
VALE3,M15,07/08/2025,48.85,48.89,48.77,48.77,83653574.5,1714500.0
VALE3,M15,07/08/2025,48.85,48.88,48.79,48.86,49805198.66,1019900.0
VALE3,M15,07/08/2025,48.88,48.92,48.83,48.85,67336758.37,1378400.0
VALE3,M15,07/08/2025,48.82,48.88,48.8,48.87,15833895.6,324100.0
VALE3,M15,07/08/2025,48.81,48.87,48.8,48.82,32466322.82,664800.0
VALE3,M15,07/08/2025,48.84,48.86,48.8,48.81,10883729.68,222900.0
VALE3,M15,07/08/2025,48.94,48.97,48.8,48.83,37415008.85,765800.0
VALE3,M15,07/08/2025,48.97,48.98,48.9,48.97,72336954.81,1478300.0
VALE3,M15,07/08/2025,48.98,48.99,48.93,48.97,14959880.66,305500.0
VALE3,M15,07/08/2025,48.93,48.99,48.91,48.98,18525143.73,378400.0
VALE3,M15,07/08/2025,48.98,48.99,48.88,48.93,15562758.7,318000.0
VALE3,M15,07/08/2025,49.01,49.04,48.94,48.98,61065444.68,1247200.0
VALE3,M15,07/08/2025,48.93,49.04,48.93,49.01,12904677.39,263500.0
VALE3,M15,07/08/2025,48.96,49.01,48.93,48.94,14116428.75,288300.0
VALE3,M15,07/08/2025,49.0,49.04,48.96,48.96,17692239.41,361100.0
VALE3,M15,07/08/2025,48.95,49.05,48.94,49.0,26031663.47,531300.0
VALE3,M15,07/08/2025,48.87,49.02,48.85,48.95,22809592.21,466100.0
VALE3,M15,07/08/2025,48.8,48.89,48.78,48.88,18411229.24,377100.0
VALE3,M15,07/08/2025,48.73,48.81,48.72,48.8,14573959.54,298900.0
VALE3,M15,07/08/2025,48.73,48.8,48.69,48.72,18481204.01,379300.0
VALE3,M15,07/08/2025,48.71,48.75,48.66,48.71,23739748.3,487400.0
VALE3,M15,07/08/2025,48.72,48.83,48.7,48.7,24549236.67,503600.0
VALE3,M15,07/08/2025,48.9,48.93,48.71,48.71,73407676.0,1503500.0
VALE3,M15,07/08/2025,48.98,49.04,48.8,48.89,81823906.48,1673300.0
VALE3,M15,07/08/2025,48.92,49.11,48.92,48.99,44130147.68,900000.0
VALE3,M15,07/08/2025,48.79,48.98,48.76,48.91,53319287.5,1091000.0
VALE3,M15,07/08/2025,48.69,48.79,48.58,48.77,46969601.89,964500.0
VALE3,M15,07/08/2025,48.76,48.84,48.62,48.69,18015273.36,369900.0
VALE3,M15,06/08/2025,48.47,48.5,48.4,48.41,3337393.54,68900.0
VALE3,M15,06/08/2025,48.46,48.52,48.43,48.46,98953511.44,2041800.0
VALE3,M15,06/08/2025,48.5,48.52,48.45,48.46,22690732.44,468000.0
VALE3,M15,06/08/2025,48.51,48.52,48.44,48.5,68877837.26,1421000.0
VALE3,M15,06/08/2025,48.52,48.55,48.51,48.52,9971614.36,205500.0
VALE3,M15,06/08/2025,48.52,48.59,48.5,48.52,19312299.48,397900.0
VALE3,M15,06/08/2025,48.49,48.52,48.44,48.52,16722925.75,344900.0
VALE3,M15,06/08/2025,48.52,48.54,48.43,48.49,28274160.99,583200.0
VALE3,M15,06/08/2025,48.55,48.56,48.5,48.52,19080554.47,393200.0
VALE3,M15,06/08/2025,48.55,48.6,48.52,48.55,17017120.79,350500.0
VALE3,M15,06/08/2025,48.56,48.63,48.54,48.56,12150521.72,250100.0
VALE3,M15,06/08/2025,48.54,48.6,48.53,48.57,10921501.1,224900.0
VALE3,M15,06/08/2025,48.55,48.63,48.54,48.55,12895929.65,265400.0
VALE3,M15,06/08/2025,48.64,48.65,48.52,48.55,18375729.93,378200.0
VALE3,M15,06/08/2025,48.72,48.72,48.61,48.63,18300916.24,376000.0
VALE3,M15,06/08/2025,48.68,48.72,48.67,48.72,9800949.47,201300.0
VALE3,M15,06/08/2025,48.67,48.74,48.63,48.7,10818258.57,222200.0
VALE3,M15,06/08/2025,48.74,48.79,48.65,48.65,64708183.81,1329600.0
VALE3,M15,06/08/2025,48.85,48.87,48.7,48.75,22421863.14,459800.0
VALE3,M15,06/08/2025,48.81,48.85,48.79,48.84,56751617.44,1163000.0
VALE3,M15,06/08/2025,48.79,48.83,48.76,48.81,13126635.48,269000.0
VALE3,M15,06/08/2025,48.87,48.89,48.78,48.79,19302496.34,395300.0
VALE3,M15,06/08/2025,48.86,48.91,48.81,48.86,18120160.7,370800.0
VALE3,M15,06/08/2025,48.93,48.99,48.86,48.88,22468583.28,459300.0
VALE3,M15,06/08/2025,48.98,48.98,48.85,48.92,20723779.04,423600.0
VALE3,M15,06/08/2025,48.94,49.01,48.91,48.98,89991641.81,1838400.0
VALE3,M15,06/08/2025,48.97,49.08,48.87,48.94,89179491.08,1821300.0
VALE3,M15,06/08/2025,49.01,49.08,48.86,48.96,38015168.66,776300.0
VALE3,M15,06/08/2025,49.13,49.22,48.97,49.04,22333654.73,454900.0
VALE3,M15,05/08/2025,48.83,48.85,48.73,48.73,1394649.21,28600.0
VALE3,M15,05/08/2025,48.88,48.92,48.77,48.77,83823886.99,1717900.0
VALE3,M15,05/08/2025,48.9,48.91,48.85,48.88,24562475.45,502500.0
VALE3,M15,05/08/2025,48.94,48.94,48.87,48.91,30279302.2,619200.0
VALE3,M15,05/08/2025,48.89,48.95,48.89,48.92,9022208.0,184400.0
VALE3,M15,05/08/2025,48.87,48.89,48.86,48.89,12620194.45,258200.0
VALE3,M15,05/08/2025,48.88,48.9,48.82,48.87,12063819.35,246900.0
VALE3,M15,05/08/2025,48.9,48.93,48.85,48.87,13203619.44,270100.0
VALE3,M15,05/08/2025,48.97,48.99,48.86,48.91,20785838.84,424800.0
VALE3,M15,05/08/2025,48.95,48.99,48.94,48.97,8754703.22,178800.0
VALE3,M15,05/08/2025,48.93,48.98,48.92,48.95,12756294.66,260600.0
VALE3,M15,05/08/2025,48.93,48.95,48.91,48.92,35780057.96,731300.0
VALE3,M15,05/08/2025,48.95,48.98,48.9,48.93,12235709.06,250000.0
VALE3,M15,05/08/2025,48.94,48.98,48.88,48.94,11672601.45,238500.0
VALE3,M15,05/08/2025,48.95,49.05,48.92,48.94,61661656.92,1259100.0
VALE3,M15,05/08/2025,49.15,49.17,48.94,48.97,34999463.47,713300.0
VALE3,M15,05/08/2025,49.38,49.38,49.14,49.15,10368980.73,210400.0
VALE3,M15,05/08/2025,49.3,49.4,49.28,49.38,20700877.72,419600.0
VALE3,M15,05/08/2025,49.16,49.34,49.15,49.3,134165893.24,2723600.0
VALE3,M15,05/08/2025,49.16,49.21,49.08,49.16,61618517.53,1253800.0
VALE3,M15,05/08/2025,49.03,49.2,49.03,49.16,35776518.66,727900.0
VALE3,M15,05/08/2025,49.08,49.14,48.97,49.03,23571080.63,480600.0
VALE3,M15,05/08/2025,49.14,49.17,49.06,49.09,13491218.98,274700.0
VALE3,M15,05/08/2025,49.14,49.21,49.07,49.15,28526747.01,580600.0
VALE3,M15,05/08/2025,49.34,49.37,49.1,49.15,22503589.59,456900.0
VALE3,M15,05/08/2025,49.41,49.54,49.2,49.34,40823021.56,827700.0
VALE3,M15,05/08/2025,48.98,49.43,48.92,49.41,75216475.97,1526700.0
VALE3,M15,05/08/2025,48.91,49.03,48.84,48.93,49547173.46,1012300.0
VALE3,M15,05/08/2025,48.82,49.06,48.78,48.91,129847574.05,2658600.0
VALE3,M15,04/08/2025,48.79,48.85,48.79,48.84,756884.72,15500.0
VALE3,M15,04/08/2025,48.8,48.83,48.68,48.83,99291314.54,2034400.0
VALE3,M15,04/08/2025,48.77,48.83,48.73,48.8,24442203.39,501000.0
VALE3,M15,04/08/2025,48.62,48.79,48.62,48.76,11758974.87,241400.0
VALE3,M15,04/08/2025,48.67,48.67,48.61,48.62,55809749.31,1147500.0
VALE3,M15,04/08/2025,48.64,48.67,48.61,48.66,23567040.22,484500.0
VALE3,M15,04/08/2025,48.62,48.66,48.61,48.65,32105038.87,660000.0
VALE3,M15,04/08/2025,48.57,48.66,48.56,48.63,10294461.75,211800.0
VALE3,M15,04/08/2025,48.61,48.62,48.56,48.57,12571330.18,258700.0
VALE3,M15,04/08/2025,48.59,48.64,48.58,48.61,13071921.96,268900.0
VALE3,M15,04/08/2025,48.56,48.64,48.54,48.59,10740600.46,221000.0
VALE3,M15,04/08/2025,48.64,48.65,48.54,48.56,31129438.84,640200.0
VALE3,M15,04/08/2025,48.6,48.64,48.58,48.63,8721349.84,179400.0
VALE3,M15,04/08/2025,48.61,48.64,48.56,48.61,36057441.58,741800.0
VALE3,M15,04/08/2025,48.59,48.64,48.57,48.62,9497060.34,195400.0
VALE3,M15,04/08/2025,48.61,48.62,48.51,48.58,18240209.25,375600.0
VALE3,M15,04/08/2025,48.6,48.63,48.53,48.61,24281043.32,499800.0
VALE3,M15,04/08/2025,48.61,48.66,48.57,48.61,12501866.44,257200.0
VALE3,M15,04/08/2025,48.58,48.66,48.5,48.61,18623048.92,383400.0
VALE3,M15,04/08/2025,48.63,48.66,48.56,48.57,20998350.69,432000.0
VALE3,M15,04/08/2025,48.62,48.68,48.57,48.64,25525456.77,525000.0
VALE3,M15,04/08/2025,48.71,48.72,48.61,48.62,66116147.51,1357600.0
VALE3,M15,04/08/2025,48.61,48.78,48.61,48.71,15459645.06,317400.0
VALE3,M15,04/08/2025,48.68,48.73,48.59,48.61,43660697.56,897700.0
VALE3,M15,04/08/2025,48.64,48.77,48.61,48.68,27691713.89,568700.0
VALE3,M15,04/08/2025,48.66,48.78,48.53,48.62,24392245.88,501200.0
VALE3,M15,04/08/2025,48.75,48.84,48.59,48.67,43709241.88,897300.0
VALE3,M15,04/08/2025,48.94,48.98,48.7,48.75,33916893.26,694800.0
VALE3,M15,04/08/2025,49.02,49.03,48.86,48.94,33724845.69,688900.0
VALE3,M15,01/08/2025,48.44,48.51,48.4,48.4,2117905.67,43700.0
VALE3,M15,01/08/2025,48.34,48.51,48.34,48.44,187001887.08,3860700.0
VALE3,M15,01/08/2025,48.37,48.41,48.28,48.35,47979133.02,992500.0
VALE3,M15,01/08/2025,48.39,48.45,48.35,48.37,85927793.2,1775200.0
VALE3,M15,01/08/2025,48.48,48.51,48.35,48.39,84012689.98,1733800.0
VALE3,M15,01/08/2025,48.61,48.61,48.44,48.48,25808870.81,531800.0
VALE3,M15,01/08/2025,48.62,48.67,48.6,48.61,22563151.96,464000.0
VALE3,M15,01/08/2025,48.6,48.67,48.58,48.62,28480914.62,585700.0
VALE3,M15,01/08/2025,48.64,48.69,48.52,48.61,45765248.18,941200.0
VALE3,M15,01/08/2025,48.61,48.67,48.56,48.63,16835722.66,346300.0
VALE3,M15,01/08/2025,48.64,48.71,48.52,48.61,27420482.35,564100.0
VALE3,M15,01/08/2025,48.69,48.71,48.58,48.62,89141023.89,1832700.0
VALE3,M15,01/08/2025,48.74,48.74,48.62,48.68,31906182.19,655400.0
VALE3,M15,01/08/2025,48.99,49.03,48.74,48.75,112550884.96,2305800.0
VALE3,M15,01/08/2025,49.15,49.16,48.95,48.98,48537289.04,989200.0
VALE3,M15,01/08/2025,49.1,49.23,49.06,49.15,26599599.2,541200.0
VALE3,M15,01/08/2025,49.31,49.34,49.06,49.09,101278358.2,2057600.0
VALE3,M15,01/08/2025,49.22,49.4,49.13,49.3,156968190.55,3193000.0
VALE3,M15,01/08/2025,49.06,49.34,49.04,49.24,51016524.61,1037000.0
VALE3,M15,01/08/2025,49.26,49.38,48.98,49.06,92832009.01,1887500.0
VALE3,M15,01/08/2025,48.83,49.27,48.8,49.26,60711096.03,1238300.0
VALE3,M15,01/08/2025,48.7,48.88,48.7,48.84,34938472.59,716000.0
VALE3,M15,01/08/2025,48.77,48.85,48.62,48.69,39762379.3,816200.0
VALE3,M15,01/08/2025,48.59,48.94,48.54,48.76,164380348.01,3367000.0
VALE3,M15,01/08/2025,48.56,48.68,48.42,48.6,39306713.24,810100.0
VALE3,M15,01/08/2025,48.75,48.75,48.42,48.55,53815233.21,1107900.0
VALE3,M15,01/08/2025,49.33,49.48,48.67,48.74,149967016.79,3064500.0
VALE3,M15,01/08/2025,49.01,49.34,48.98,49.31,82628503.64,1680100.0
VALE3,M15,01/08/2025,48.88,49.18,48.85,49.01,67276658.84,1372400.0
VALE3,M15,31/07/2025,48.13,48.3,48.13,48.15,1132698.97,23500.0
VALE3,M15,31/07/2025,47.97,48.18,47.94,48.18,187443465.36,3891700.0
VALE3,M15,31/07/2025,48.0,48.11,47.97,47.97,57453643.53,1196700.0
VALE3,M15,31/07/2025,48.1,48.1,47.93,48.0,14321632.19,298400.0
VALE3,M15,31/07/2025,48.16,48.22,47.86,48.1,35812308.18,745300.0
VALE3,M15,31/07/2025,48.15,48.2,48.14,48.16,26717488.29,554800.0
VALE3,M15,31/07/2025,48.13,48.22,48.13,48.17,11377019.35,236200.0
VALE3,M15,31/07/2025,48.09,48.2,48.06,48.14,28551273.33,593200.0
VALE3,M15,31/07/2025,48.13,48.16,48.09,48.09,13591846.01,282400.0
VALE3,M15,31/07/2025,48.19,48.24,48.08,48.14,15426618.85,320400.0
VALE3,M15,31/07/2025,48.17,48.21,48.07,48.19,15446801.03,320800.0
VALE3,M15,31/07/2025,48.25,48.26,48.13,48.17,31525907.54,654100.0
VALE3,M15,31/07/2025,48.24,48.33,48.21,48.26,15115805.24,313200.0
VALE3,M15,31/07/2025,48.23,48.3,48.15,48.25,11886039.82,246400.0
VALE3,M15,31/07/2025,48.22,48.26,48.19,48.24,10045778.24,208300.0
VALE3,M15,31/07/2025,48.16,48.26,48.15,48.24,5817050.91,120700.0
VALE3,M15,31/07/2025,48.09,48.22,48.04,48.16,30127151.24,625800.0
VALE3,M15,31/07/2025,48.26,48.33,48.03,48.06,17216487.6,357500.0
VALE3,M15,31/07/2025,47.97,48.26,47.97,48.26,18893404.42,392700.0
VALE3,M15,31/07/2025,47.95,48.0,47.88,47.97,14463159.85,301600.0
VALE3,M15,31/07/2025,47.74,48.02,47.74,47.95,13741093.97,286600.0
VALE3,M15,31/07/2025,47.97,47.97,47.74,47.75,24494368.12,511900.0
VALE3,M15,31/07/2025,47.82,48.03,47.79,47.97,21945535.42,457900.0
VALE3,M15,31/07/2025,47.98,48.06,47.82,47.82,47798513.58,996400.0
VALE3,M15,31/07/2025,47.84,48.04,47.8,47.98,20567094.68,429100.0
VALE3,M15,31/07/2025,47.97,48.04,47.81,47.86,36668462.62,765700.0
VALE3,M15,31/07/2025,47.7,47.96,47.43,47.96,87850563.54,1841200.0
VALE3,M15,31/07/2025,47.48,47.7,47.2,47.7,116317917.62,2456700.0
VALE3,M15,31/07/2025,47.78,47.78,47.37,47.5,64699469.41,1360800.0
VALE3,M15,30/07/2025,48.53,48.53,48.31,48.4,2100740.94,43400.0
VALE3,M15,30/07/2025,48.37,48.52,48.29,48.52,155358848.41,3204500.0
VALE3,M15,30/07/2025,48.45,48.53,48.32,48.35,52215742.87,1078800.0
VALE3,M15,30/07/2025,48.34,48.47,48.23,48.44,59261877.5,1225500.0
VALE3,M15,30/07/2025,48.21,48.43,48.15,48.34,97481738.57,2019300.0
VALE3,M15,30/07/2025,48.51,48.62,48.06,48.18,178802441.39,3702300.0
VALE3,M15,30/07/2025,48.41,48.65,48.3,48.54,97328027.51,2010200.0
VALE3,M15,30/07/2025,48.46,48.57,48.37,48.38,49247030.92,1016600.0
VALE3,M15,30/07/2025,48.72,48.74,48.43,48.46,50649273.35,1043000.0
VALE3,M15,30/07/2025,48.59,48.73,48.54,48.72,32852674.74,675600.0
VALE3,M15,30/07/2025,48.55,48.63,48.53,48.59,39262085.85,808200.0
VALE3,M15,30/07/2025,48.59,48.62,48.46,48.55,120340070.68,2479300.0
VALE3,M15,30/07/2025,48.62,48.71,48.59,48.59,52578309.33,1081000.0
VALE3,M15,30/07/2025,48.85,48.88,48.52,48.61,153642506.34,3154100.0
VALE3,M15,30/07/2025,48.84,48.9,48.83,48.88,12255759.67,250800.0
VALE3,M15,30/07/2025,48.78,48.89,48.78,48.86,6705093.25,137300.0
VALE3,M15,30/07/2025,48.94,48.98,48.76,48.79,26145903.32,535400.0
VALE3,M15,30/07/2025,49.02,49.03,48.88,48.95,11828467.45,241700.0
VALE3,M15,30/07/2025,48.9,49.04,48.89,49.02,57548550.18,1174900.0
VALE3,M15,30/07/2025,48.91,48.92,48.84,48.91,65247293.25,1335300.0
VALE3,M15,30/07/2025,48.96,48.99,48.88,48.9,180954500.76,3695100.0
VALE3,M15,30/07/2025,48.91,48.98,48.89,48.95,16318853.91,333500.0
VALE3,M15,30/07/2025,49.07,49.09,48.89,48.91,20499060.36,418600.0
VALE3,M15,30/07/2025,49.07,49.11,49.01,49.07,11135487.43,227000.0
VALE3,M15,30/07/2025,49.03,49.11,48.89,49.07,18425716.29,375900.0
VALE3,M15,30/07/2025,49.16,49.23,48.99,49.04,31838742.7,648700.0
VALE3,M15,30/07/2025,49.14,49.23,48.9,49.19,65036309.95,1325100.0
VALE3,M15,30/07/2025,49.12,49.29,49.06,49.16,33735352.72,686100.0
VALE3,M15,30/07/2025,48.96,49.19,48.8,49.07,33379688.2,680600.0
VALE3,M15,29/07/2025,49.43,49.43,49.3,49.3,3365194.18,68200.0
VALE3,M15,29/07/2025,49.36,49.54,49.36,49.41,163134896.29,3301000.0
VALE3,M15,29/07/2025,49.48,49.49,49.36,49.36,37876322.28,766100.0
VALE3,M15,29/07/2025,49.55,49.56,49.48,49.49,19575935.99,395300.0
VALE3,M15,29/07/2025,49.55,49.59,49.52,49.55,8727635.32,176100.0
VALE3,M15,29/07/2025,49.55,49.56,49.52,49.55,10591426.4,213800.0
VALE3,M15,29/07/2025,49.51,49.57,49.51,49.54,6286580.33,126900.0
VALE3,M15,29/07/2025,49.56,49.61,49.51,49.51,20223688.38,408100.0
VALE3,M15,29/07/2025,49.59,49.64,49.51,49.56,20872708.85,421100.0
VALE3,M15,29/07/2025,49.63,49.7,49.57,49.59,8873643.2,178800.0
VALE3,M15,29/07/2025,49.66,49.71,49.63,49.63,10609235.54,213600.0
VALE3,M15,29/07/2025,49.66,49.72,49.64,49.65,5434897.11,109400.0
VALE3,M15,29/07/2025,49.71,49.73,49.63,49.66,7919065.34,159400.0
VALE3,M15,29/07/2025,49.71,49.74,49.69,49.7,4911659.97,98800.0
VALE3,M15,29/07/2025,49.71,49.76,49.69,49.71,17531445.25,352600.0
VALE3,M15,29/07/2025,49.65,49.71,49.62,49.71,10196601.62,205300.0
VALE3,M15,29/07/2025,49.62,49.65,49.53,49.64,23235254.92,468600.0
VALE3,M15,29/07/2025,49.61,49.64,49.58,49.62,13597161.72,274100.0
VALE3,M15,29/07/2025,49.6,49.65,49.58,49.61,9085759.4,183100.0
VALE3,M15,29/07/2025,49.71,49.74,49.56,49.62,22038022.16,444000.0
VALE3,M15,29/07/2025,49.7,49.75,49.53,49.71,23946911.1,482300.0
VALE3,M15,29/07/2025,49.75,49.8,49.69,49.71,14066360.38,282800.0
VALE3,M15,29/07/2025,49.82,49.88,49.72,49.76,24514587.26,492500.0
VALE3,M15,29/07/2025,49.85,49.97,49.83,49.83,21974959.25,440400.0
VALE3,M15,29/07/2025,49.51,50.07,49.48,49.85,51582238.7,1035200.0
VALE3,M15,29/07/2025,49.71,49.79,49.46,49.51,47023067.16,948100.0
VALE3,M15,29/07/2025,49.98,50.18,49.71,49.71,58279598.14,1167700.0
VALE3,M15,29/07/2025,50.06,50.09,49.94,49.98,26165832.25,523300.0
VALE3,M15,29/07/2025,50.07,50.2,49.84,50.06,35586855.86,712100.0
VALE3,M15,28/07/2025,49.65,49.71,49.52,49.7,3056001.06,61600.0
VALE3,M15,28/07/2025,49.57,49.71,49.56,49.71,137471277.2,2766300.0
VALE3,M15,28/07/2025,49.51,49.57,49.51,49.57,27228954.82,549600.0
VALE3,M15,28/07/2025,49.45,49.54,49.45,49.52,20574986.22,415700.0
VALE3,M15,28/07/2025,49.47,49.52,49.35,49.44,32110366.29,649200.0
VALE3,M15,28/07/2025,49.45,49.48,49.38,49.47,24514536.79,496100.0
VALE3,M15,28/07/2025,49.43,49.49,49.41,49.44,5636238.59,114000.0
VALE3,M15,28/07/2025,49.46,49.47,49.37,49.43,17828911.92,360700.0
VALE3,M15,28/07/2025,49.43,49.49,49.43,49.47,8016967.83,162100.0
VALE3,M15,28/07/2025,49.47,49.48,49.41,49.45,9601288.85,194200.0
VALE3,M15,28/07/2025,49.52,49.56,49.45,49.47,11562822.0,233600.0
VALE3,M15,28/07/2025,49.57,49.58,49.48,49.52,9269936.16,187200.0
VALE3,M15,28/07/2025,49.52,49.58,49.49,49.57,14344683.12,289500.0
VALE3,M15,28/07/2025,49.59,49.59,49.51,49.52,6425161.74,129700.0
VALE3,M15,28/07/2025,49.59,49.65,49.53,49.56,14730839.47,297100.0
VALE3,M15,28/07/2025,49.62,49.62,49.54,49.57,5652877.88,114000.0
VALE3,M15,28/07/2025,49.68,49.69,49.6,49.61,9300230.62,187300.0
VALE3,M15,28/07/2025,49.62,49.7,49.62,49.69,52772463.17,1062200.0
VALE3,M15,28/07/2025,49.62,49.74,49.59,49.62,38428311.8,774000.0
VALE3,M15,28/07/2025,49.57,49.64,49.47,49.62,8742317.04,176400.0
VALE3,M15,28/07/2025,49.71,49.71,49.52,49.55,41806829.48,843200.0
VALE3,M15,28/07/2025,49.52,49.71,49.46,49.71,125642560.09,2537600.0
VALE3,M15,28/07/2025,49.44,49.52,49.4,49.52,23815745.36,481700.0
VALE3,M15,28/07/2025,49.62,49.7,49.3,49.43,75614920.26,1528200.0
VALE3,M15,28/07/2025,49.35,49.63,49.34,49.61,35534366.67,717900.0
VALE3,M15,28/07/2025,49.52,49.52,49.25,49.35,73924990.88,1497900.0
VALE3,M15,28/07/2025,49.62,49.63,49.43,49.5,36385559.61,735000.0
VALE3,M15,28/07/2025,49.71,49.86,49.62,49.62,36962272.82,743300.0
VALE3,M15,28/07/2025,49.52,49.74,49.5,49.71,43144303.79,869800.0
VALE3,M15,25/07/2025,50.2,50.32,50.2,50.3,744172.28,14800.0
VALE3,M15,25/07/2025,50.06,50.2,50.03,50.2,155843435.39,3105600.0
VALE3,M15,25/07/2025,49.98,50.09,49.95,50.06,96177255.33,1922700.0
VALE3,M15,25/07/2025,49.97,50.0,49.94,49.98,67296108.29,1346500.0
VALE3,M15,25/07/2025,50.0,50.05,49.95,49.97,18678181.54,373700.0
VALE3,M15,25/07/2025,50.01,50.09,49.97,50.0,21003222.97,420000.0
VALE3,M15,25/07/2025,49.98,50.04,49.95,50.02,223663113.39,4474600.0
VALE3,M15,25/07/2025,49.98,50.05,49.96,49.98,10357878.86,207200.0
VALE3,M15,25/07/2025,49.86,49.98,49.82,49.98,65498355.21,1313700.0
VALE3,M15,25/07/2025,50.06,50.07,49.86,49.87,12658205.61,253400.0
VALE3,M15,25/07/2025,50.1,50.1,50.02,50.05,7966094.62,159100.0
VALE3,M15,25/07/2025,50.1,50.13,50.05,50.09,9686697.91,193400.0
VALE3,M15,25/07/2025,50.08,50.12,50.07,50.1,14752531.29,294500.0
VALE3,M15,25/07/2025,50.03,50.08,50.02,50.07,12929502.94,258300.0
VALE3,M15,25/07/2025,49.95,50.05,49.89,50.03,16332374.79,326900.0
VALE3,M15,25/07/2025,49.91,49.96,49.81,49.96,18176474.89,364500.0
VALE3,M15,25/07/2025,49.86,49.91,49.82,49.91,24259087.43,486700.0
VALE3,M15,25/07/2025,49.85,49.93,49.84,49.84,20147767.01,403900.0
VALE3,M15,25/07/2025,49.97,50.01,49.84,49.86,25556713.79,512100.0
VALE3,M15,25/07/2025,49.98,50.03,49.92,49.97,20637664.29,413000.0
VALE3,M15,25/07/2025,49.97,50.0,49.9,49.98,19172938.47,383900.0
VALE3,M15,25/07/2025,50.07,50.12,49.97,49.98,10393371.86,207700.0
VALE3,M15,25/07/2025,50.2,50.26,50.07,50.08,17416203.19,347200.0
VALE3,M15,25/07/2025,50.16,50.27,50.15,50.2,21414144.47,426500.0
VALE3,M15,25/07/2025,50.14,50.33,50.11,50.16,30454876.31,606400.0
VALE3,M15,25/07/2025,50.18,50.23,49.89,50.14,57440242.51,1147400.0
VALE3,M15,25/07/2025,50.42,50.43,50.17,50.19,51952566.01,1033800.0
VALE3,M15,25/07/2025,50.37,50.45,50.31,50.43,15086352.57,299500.0
VALE3,M15,25/07/2025,50.63,50.72,50.25,50.37,31373990.92,621900.0
VALE3,M15,24/07/2025,50.93,50.95,50.86,50.88,992408.76,19500.0
VALE3,M15,24/07/2025,50.95,50.95,50.82,50.95,161238060.05,3166600.0
VALE3,M15,24/07/2025,50.86,50.99,50.82,50.95,61621345.72,1211000.0
VALE3,M15,24/07/2025,50.75,50.88,50.75,50.87,18220973.4,358700.0
VALE3,M15,24/07/2025,50.76,50.79,50.73,50.76,28288833.7,557300.0
VALE3,M15,24/07/2025,50.79,50.82,50.73,50.77,28760990.34,566500.0
VALE3,M15,24/07/2025,50.84,50.85,50.79,50.8,21324483.22,419600.0
VALE3,M15,24/07/2025,50.86,50.89,50.83,50.85,11793528.74,231900.0
VALE3,M15,24/07/2025,50.83,50.88,50.8,50.86,14930017.91,293700.0
VALE3,M15,24/07/2025,50.87,50.92,50.81,50.83,9762617.46,191900.0
VALE3,M15,24/07/2025,50.86,50.89,50.82,50.87,15914787.48,313000.0
VALE3,M15,24/07/2025,50.89,50.9,50.8,50.85,8601744.72,169200.0
VALE3,M15,24/07/2025,50.82,50.94,50.79,50.9,43135056.74,848100.0
VALE3,M15,24/07/2025,50.84,50.89,50.77,50.81,39702721.39,781300.0
VALE3,M15,24/07/2025,50.9,50.95,50.78,50.83,46932915.61,923100.0
VALE3,M15,24/07/2025,50.86,50.98,50.85,50.9,12208519.49,239800.0
VALE3,M15,24/07/2025,50.95,51.03,50.83,50.85,42795393.41,840300.0
VALE3,M15,24/07/2025,50.98,50.98,50.91,50.96,26387804.76,517900.0
VALE3,M15,24/07/2025,51.07,51.08,50.94,50.97,40127251.2,786500.0
VALE3,M15,24/07/2025,51.16,51.16,51.03,51.07,20938230.43,409900.0
VALE3,M15,24/07/2025,51.17,51.24,51.01,51.16,24369621.25,476600.0
VALE3,M15,24/07/2025,51.31,51.37,51.17,51.17,21464894.2,418500.0
VALE3,M15,24/07/2025,51.18,51.48,51.18,51.32,63245771.55,1231400.0
VALE3,M15,24/07/2025,51.08,51.19,51.03,51.19,34905348.13,683300.0
VALE3,M15,24/07/2025,51.12,51.26,51.05,51.08,53263691.62,1041000.0
VALE3,M15,24/07/2025,51.06,51.16,51.0,51.1,54967848.5,1076500.0
VALE3,M15,24/07/2025,51.35,51.38,50.99,51.08,87050969.33,1702400.0
VALE3,M15,24/07/2025,51.48,51.54,51.32,51.37,83601077.2,1625800.0
VALE3,M15,24/07/2025,51.32,51.63,51.1,51.52,28258488.77,549900.0
VALE3,M15,23/07/2025,51.75,51.77,51.39,51.61,4626804.81,89700.0
VALE3,M15,23/07/2025,51.69,51.76,51.66,51.75,132684684.05,2564200.0
VALE3,M15,23/07/2025,51.7,51.77,51.65,51.7,23227989.76,449200.0
VALE3,M15,23/07/2025,51.67,51.7,51.64,51.7,15457637.93,299200.0
VALE3,M15,23/07/2025,51.77,51.81,51.65,51.67,23357889.21,451700.0
VALE3,M15,23/07/2025,51.81,51.86,51.77,51.77,14138445.92,272900.0
VALE3,M15,23/07/2025,51.8,51.83,51.75,51.81,19980142.12,385700.0
VALE3,M15,23/07/2025,51.66,51.81,51.65,51.79,40035080.81,773600.0
VALE3,M15,23/07/2025,51.55,51.7,51.49,51.66,54963783.76,1065600.0
VALE3,M15,23/07/2025,51.63,51.65,51.53,51.55,43140401.28,836200.0
VALE3,M15,23/07/2025,51.61,51.66,51.6,51.63,32532697.9,630200.0
VALE3,M15,23/07/2025,51.6,51.69,51.57,51.61,32918656.87,637700.0
VALE3,M15,23/07/2025,51.69,51.73,51.55,51.62,41251018.57,798700.0
VALE3,M15,23/07/2025,51.72,51.78,51.68,51.69,24578129.65,475200.0
VALE3,M15,23/07/2025,51.81,51.83,51.7,51.71,18179787.07,351200.0
VALE3,M15,23/07/2025,51.79,51.87,51.74,51.79,14509287.86,280100.0
VALE3,M15,23/07/2025,51.73,51.81,51.71,51.78,21740291.42,420100.0
VALE3,M15,23/07/2025,51.62,51.77,51.61,51.73,21811635.22,421800.0
VALE3,M15,23/07/2025,51.79,51.81,51.61,51.62,22364105.11,432300.0
VALE3,M15,23/07/2025,51.78,51.89,51.78,51.79,15762025.46,304100.0
VALE3,M15,23/07/2025,51.82,51.84,51.66,51.77,61705378.53,1191100.0
VALE3,M15,23/07/2025,51.94,51.96,51.78,51.81,17721379.34,341700.0
VALE3,M15,23/07/2025,52.07,52.12,51.93,51.94,14469047.86,278200.0
VALE3,M15,23/07/2025,52.11,52.18,52.06,52.06,19100916.91,366400.0
VALE3,M15,23/07/2025,51.92,52.15,51.87,52.13,78489922.45,1508500.0
VALE3,M15,23/07/2025,51.87,51.93,51.83,51.93,14423145.17,278000.0
VALE3,M15,23/07/2025,51.63,51.9,51.6,51.86,50587317.2,978000.0
VALE3,M15,23/07/2025,51.62,51.69,51.56,51.63,17117097.11,331500.0
VALE3,M15,23/07/2025,51.78,51.78,51.37,51.57,36234045.85,702000.0
VALE3,M15,22/07/2025,51.86,51.9,51.74,51.76,8500020.84,164100.0
VALE3,M15,22/07/2025,51.91,51.96,51.82,51.82,274243135.69,5289500.0
VALE3,M15,22/07/2025,51.96,51.98,51.85,51.91,107616951.85,2072800.0
VALE3,M15,22/07/2025,51.92,52.0,51.88,51.95,62745122.1,1208000.0
VALE3,M15,22/07/2025,52.0,52.04,51.92,51.93,37524433.2,722100.0
VALE3,M15,22/07/2025,51.98,52.04,51.95,52.02,46088854.44,886400.0
VALE3,M15,22/07/2025,51.87,52.04,51.85,51.98,32815980.35,631600.0
VALE3,M15,22/07/2025,51.82,51.93,51.78,51.89,45961072.08,886300.0
VALE3,M15,22/07/2025,51.96,51.99,51.82,51.82,49701962.44,958000.0
VALE3,M15,22/07/2025,51.99,52.02,51.94,51.96,31653413.22,609100.0
VALE3,M15,22/07/2025,51.98,52.03,51.92,51.99,53371272.87,1026900.0
VALE3,M15,22/07/2025,51.95,51.99,51.91,51.98,20838246.01,401100.0
VALE3,M15,22/07/2025,51.99,52.05,51.9,51.94,34772179.77,669100.0
VALE3,M15,22/07/2025,51.96,52.07,51.86,52.01,35194576.27,677400.0
VALE3,M15,22/07/2025,51.85,51.96,51.77,51.96,34574806.58,666900.0
VALE3,M15,22/07/2025,51.94,52.0,51.84,51.85,21910672.41,422100.0
VALE3,M15,22/07/2025,52.19,52.21,51.9,51.93,42305952.18,812400.0
VALE3,M15,22/07/2025,51.98,52.25,51.96,52.2,146819359.06,2817600.0
VALE3,M15,22/07/2025,51.81,51.99,51.81,51.98,41240480.9,794600.0
VALE3,M15,22/07/2025,51.87,51.9,51.73,51.81,77265492.9,1490700.0
VALE3,M15,22/07/2025,51.85,51.94,51.81,51.89,100079617.61,1929700.0
VALE3,M15,22/07/2025,51.63,51.86,51.62,51.85,358883203.0,6945000.0
VALE3,M15,22/07/2025,51.63,51.75,51.58,51.62,66292151.54,1283100.0
VALE3,M15,22/07/2025,51.53,51.63,51.48,51.62,27510491.5,533500.0
VALE3,M15,22/07/2025,51.45,51.64,51.43,51.53,72938508.88,1414000.0
VALE3,M15,22/07/2025,51.46,51.62,51.44,51.44,87633901.32,1700300.0
VALE3,M15,22/07/2025,51.42,51.73,51.42,51.46,90922579.3,1763000.0
VALE3,M15,22/07/2025,51.51,51.61,51.37,51.42,46049921.29,894600.0
VALE3,M15,22/07/2025,51.33,51.68,51.29,51.51,65722423.18,1276000.0
VALE3,M15,21/07/2025,50.52,50.56,50.47,50.54,1312951.59,26000.0
VALE3,M15,21/07/2025,50.54,50.61,50.46,50.52,164018854.97,3246900.0
VALE3,M15,21/07/2025,50.59,50.67,50.51,50.55,43439164.88,858900.0
VALE3,M15,21/07/2025,50.58,50.65,50.54,50.6,21906361.62,432900.0
VALE3,M15,21/07/2025,50.59,50.64,50.55,50.58,14265907.43,282000.0
VALE3,M15,21/07/2025,50.59,50.63,50.5,50.58,20079276.64,397100.0
VALE3,M15,21/07/2025,50.64,50.64,50.57,50.59,11219721.23,221700.0
VALE3,M15,21/07/2025,50.56,50.65,50.51,50.64,100063040.51,1978400.0
VALE3,M15,21/07/2025,50.58,50.63,50.53,50.57,24927750.23,492900.0
VALE3,M15,21/07/2025,50.76,50.76,50.51,50.58,51524399.56,1017800.0
VALE3,M15,21/07/2025,51.08,51.1,50.75,50.76,49027845.14,963100.0
VALE3,M15,21/07/2025,51.16,51.18,51.06,51.08,33611581.92,657700.0
VALE3,M15,21/07/2025,51.15,51.21,51.15,51.15,31757433.54,620400.0
VALE3,M15,21/07/2025,51.0,51.17,50.99,51.15,24262165.27,474600.0
VALE3,M15,21/07/2025,51.01,51.05,50.95,51.01,29619425.0,580800.0
VALE3,M15,21/07/2025,51.05,51.09,51.0,51.0,43845845.9,859100.0
VALE3,M15,21/07/2025,51.01,51.06,50.98,51.05,18867704.64,369900.0
VALE3,M15,21/07/2025,51.03,51.08,51.01,51.01,17783891.57,348400.0
VALE3,M15,21/07/2025,51.05,51.16,50.96,51.02,55465928.42,1086000.0
VALE3,M15,21/07/2025,51.04,51.09,50.93,51.04,70174534.41,1375100.0
VALE3,M15,21/07/2025,50.99,51.14,50.97,51.06,105099795.25,2058900.0
VALE3,M15,21/07/2025,50.69,51.07,50.62,50.99,76242942.0,1500100.0
VALE3,M15,21/07/2025,50.56,50.76,50.55,50.69,86122135.41,1700400.0
VALE3,M15,21/07/2025,50.44,50.92,50.32,50.56,451090757.5,8933000.0
VALE3,M15,21/07/2025,50.41,50.59,50.38,50.45,56159342.86,1111700.0
VALE3,M15,21/07/2025,50.23,50.51,50.2,50.4,78412395.02,1555700.0
VALE3,M15,21/07/2025,50.07,50.72,50.01,50.22,256764784.38,5095700.0
VALE3,M15,21/07/2025,50.06,50.2,49.89,50.05,69963017.56,1396900.0
VALE3,M15,21/07/2025,49.98,50.1,49.88,50.06,42087668.58,841900.0
VALE3,M15,18/07/2025,49.16,49.21,49.08,49.08,2998478.27,61000.0
VALE3,M15,18/07/2025,49.14,49.17,49.11,49.17,427105069.17,8686100.0
VALE3,M15,18/07/2025,49.09,49.2,49.07,49.16,26953305.24,548600.0
VALE3,M15,18/07/2025,49.03,49.12,48.99,49.08,7962426.44,162300.0
VALE3,M15,18/07/2025,49.15,49.16,48.98,49.01,13975750.08,285000.0
VALE3,M15,18/07/2025,49.06,49.16,49.04,49.15,34406637.32,700400.0
VALE3,M15,18/07/2025,49.06,49.09,49.01,49.05,18177452.77,370600.0
VALE3,M15,18/07/2025,49.07,49.1,49.0,49.04,11070337.17,225700.0
VALE3,M15,18/07/2025,49.16,49.17,49.04,49.07,12195651.12,248300.0
VALE3,M15,18/07/2025,49.15,49.16,49.11,49.16,8957966.22,182300.0
VALE3,M15,18/07/2025,49.15,49.17,49.11,49.15,25525381.07,519400.0
VALE3,M15,18/07/2025,49.14,49.18,49.07,49.15,33810651.3,688400.0
VALE3,M15,18/07/2025,49.25,49.25,49.12,49.14,23365025.49,475400.0
VALE3,M15,18/07/2025,49.27,49.3,49.22,49.24,48685724.95,988600.0
VALE3,M15,18/07/2025,49.31,49.32,49.22,49.27,31355277.81,636200.0
VALE3,M15,18/07/2025,49.36,49.37,49.18,49.28,45376513.29,920800.0
VALE3,M15,18/07/2025,49.25,49.36,49.17,49.34,38847727.79,788200.0
VALE3,M15,18/07/2025,49.22,49.32,49.16,49.25,28620488.33,581300.0
VALE3,M15,18/07/2025,49.25,49.3,49.19,49.21,25655953.77,520900.0
VALE3,M15,18/07/2025,49.07,49.28,49.07,49.25,50193519.86,1020600.0
VALE3,M15,18/07/2025,49.12,49.22,49.06,49.07,40877990.15,831500.0
VALE3,M15,18/07/2025,49.02,49.13,48.98,49.12,22706589.42,463100.0
VALE3,M15,18/07/2025,48.97,49.06,48.92,49.04,14911916.76,304300.0
VALE3,M15,18/07/2025,49.14,49.15,48.95,48.98,28807020.11,587300.0
VALE3,M15,18/07/2025,49.07,49.22,49.01,49.14,13415632.89,273000.0
VALE3,M15,18/07/2025,49.16,49.21,48.98,49.07,35660157.22,726900.0
VALE3,M15,18/07/2025,48.95,49.17,48.94,49.15,43069111.56,878300.0
VALE3,M15,18/07/2025,48.95,49.05,48.88,48.96,24537046.06,501000.0
VALE3,M15,18/07/2025,48.71,49.01,48.64,48.97,26268718.77,538500.0
VALE3,M15,17/07/2025,48.94,48.95,48.8,48.81,2023218.02,41400.0
VALE3,M15,17/07/2025,48.93,49.13,48.9,48.94,136354999.4,2784900.0
VALE3,M15,17/07/2025,48.91,48.98,48.87,48.95,22599368.68,461900.0
VALE3,M15,17/07/2025,49.03,49.04,48.9,48.91,22660898.53,462600.0
VALE3,M15,17/07/2025,49.04,49.08,49.0,49.03,14747457.13,300700.0
VALE3,M15,17/07/2025,49.0,49.06,48.98,49.04,12831291.31,261800.0
VALE3,M15,17/07/2025,49.07,49.11,48.97,49.0,22847328.47,466100.0
VALE3,M15,17/07/2025,48.9,49.07,48.9,49.05,28698600.68,585700.0
VALE3,M15,17/07/2025,48.85,48.94,48.78,48.92,24741439.26,506600.0
VALE3,M15,17/07/2025,48.87,48.89,48.82,48.87,15423623.02,315700.0
VALE3,M15,17/07/2025,48.93,48.93,48.82,48.87,15094963.32,308900.0
VALE3,M15,17/07/2025,48.94,48.95,48.88,48.92,10071291.45,205900.0
VALE3,M15,17/07/2025,48.88,48.98,48.88,48.95,8417793.28,172000.0
VALE3,M15,17/07/2025,48.88,48.94,48.86,48.89,18984670.84,388200.0
VALE3,M15,17/07/2025,48.98,49.05,48.86,48.89,31976774.33,653000.0
VALE3,M15,17/07/2025,48.92,49.0,48.89,48.99,34318759.68,701100.0
VALE3,M15,17/07/2025,49.04,49.04,48.92,48.93,21135413.45,431500.0
VALE3,M15,17/07/2025,48.96,49.06,48.94,49.03,20579577.3,420100.0
VALE3,M15,17/07/2025,48.93,48.98,48.91,48.96,18109747.41,370000.0
VALE3,M15,17/07/2025,49.08,49.13,48.92,48.93,35443053.39,722800.0
VALE3,M15,17/07/2025,49.24,49.24,49.08,49.08,53000273.22,1078000.0
VALE3,M15,17/07/2025,49.28,49.31,49.23,49.23,18135922.15,368200.0
VALE3,M15,17/07/2025,49.24,49.33,49.19,49.29,38522487.52,782100.0
VALE3,M15,17/07/2025,49.24,49.37,49.2,49.24,66234178.11,1344200.0
VALE3,M15,17/07/2025,49.24,49.37,49.13,49.24,70324927.89,1428900.0
VALE3,M15,17/07/2025,49.14,49.25,48.96,49.24,70221817.85,1430900.0
VALE3,M15,17/07/2025,49.28,49.36,48.98,49.14,67054214.97,1364900.0
VALE3,M15,17/07/2025,49.17,49.3,49.12,49.26,24270648.05,493200.0
VALE3,M15,17/07/2025,49.03,49.38,48.89,49.17,68931089.82,1401500.0
VALE3,M15,16/07/2025,48.97,48.98,48.88,48.94,3199163.63,65400.0
VALE3,M15,16/07/2025,49.01,49.03,48.92,49.03,164699433.49,3360200.0
VALE3,M15,16/07/2025,49.07,49.08,49.01,49.01,42808439.33,872800.0
VALE3,M15,16/07/2025,49.1,49.11,49.01,49.07,70277062.23,1433000.0
VALE3,M15,16/07/2025,49.07,49.14,49.07,49.11,19812652.41,403500.0
VALE3,M15,16/07/2025,49.02,49.09,48.98,49.08,25970664.47,529700.0
VALE3,M15,16/07/2025,48.91,49.07,48.9,49.02,34431517.83,702600.0
VALE3,M15,16/07/2025,49.07,49.09,48.88,48.91,28085253.46,573200.0
VALE3,M15,16/07/2025,48.98,49.09,48.93,49.07,23769599.33,484800.0
VALE3,M15,16/07/2025,48.97,49.07,48.96,48.98,34909204.68,712100.0
VALE3,M15,16/07/2025,48.9,48.98,48.83,48.97,56453126.92,1154300.0
VALE3,M15,16/07/2025,49.06,49.07,48.83,48.92,179586418.35,3671800.0
VALE3,M15,16/07/2025,48.98,49.14,48.96,49.09,35841356.18,731000.0
VALE3,M15,16/07/2025,48.86,48.99,48.8,48.98,30644100.2,626600.0
VALE3,M15,16/07/2025,48.86,48.88,48.8,48.87,34082653.42,698000.0
VALE3,M15,16/07/2025,48.75,48.89,48.75,48.86,127192589.52,2604400.0
VALE3,M15,16/07/2025,48.74,48.78,48.7,48.76,6024401.18,123600.0
VALE3,M15,16/07/2025,48.78,48.8,48.7,48.75,13281038.72,272400.0
VALE3,M15,16/07/2025,48.76,48.79,48.63,48.79,14950773.3,306800.0
VALE3,M15,16/07/2025,48.74,48.76,48.6,48.75,16817662.06,345400.0
VALE3,M15,16/07/2025,48.64,48.79,48.63,48.72,111227451.57,2285800.0
VALE3,M15,16/07/2025,48.76,48.77,48.59,48.65,22374439.1,459400.0
VALE3,M15,16/07/2025,48.78,48.79,48.67,48.77,21371342.16,438700.0
VALE3,M15,16/07/2025,48.87,48.88,48.76,48.78,16535527.84,338700.0
VALE3,M15,16/07/2025,48.9,49.06,48.82,48.84,40889515.62,835100.0
VALE3,M15,16/07/2025,48.85,48.94,48.77,48.9,16682341.46,341500.0
VALE3,M15,16/07/2025,48.74,49.03,48.63,48.86,39020962.21,798300.0
VALE3,M15,16/07/2025,48.85,48.96,48.72,48.72,29160943.36,596600.0
VALE3,M15,16/07/2025,48.76,48.88,48.67,48.85,30642324.69,628400.0
VALE3,M15,15/07/2025,48.58,48.59,48.49,48.59,2382682.29,49100.0
VALE3,M15,15/07/2025,48.61,48.61,48.49,48.59,136307992.65,2805700.0
VALE3,M15,15/07/2025,48.49,48.61,48.47,48.6,25613789.55,527500.0
VALE3,M15,15/07/2025,48.57,48.58,48.47,48.49,18749172.94,386300.0
VALE3,M15,15/07/2025,48.53,48.58,48.51,48.58,20009746.2,412200.0
VALE3,M15,15/07/2025,48.58,48.61,48.51,48.54,14575415.09,300200.0
VALE3,M15,15/07/2025,48.6,48.61,48.54,48.59,17317493.16,356500.0
VALE3,M15,15/07/2025,48.62,48.64,48.54,48.61,14219264.8,292600.0
VALE3,M15,15/07/2025,48.56,48.64,48.55,48.63,10473638.25,215500.0
VALE3,M15,15/07/2025,48.6,48.64,48.54,48.55,16710289.01,343900.0
VALE3,M15,15/07/2025,48.62,48.66,48.59,48.6,17174980.41,353200.0
VALE3,M15,15/07/2025,48.66,48.66,48.55,48.62,11496922.79,236500.0
VALE3,M15,15/07/2025,48.58,48.7,48.58,48.66,19290164.23,396500.0
VALE3,M15,15/07/2025,48.53,48.61,48.52,48.59,13016062.01,268000.0
VALE3,M15,15/07/2025,48.45,48.61,48.41,48.53,24895763.18,513200.0
VALE3,M15,15/07/2025,48.54,48.54,48.43,48.47,24696594.66,509400.0
VALE3,M15,15/07/2025,48.6,48.61,48.5,48.54,21243400.27,437500.0
VALE3,M15,15/07/2025,48.6,48.63,48.48,48.61,23359163.61,481200.0
VALE3,M15,15/07/2025,48.62,48.66,48.43,48.61,39023247.83,804000.0
VALE3,M15,15/07/2025,48.74,48.8,48.62,48.62,34150702.17,701300.0
VALE3,M15,15/07/2025,48.65,48.84,48.63,48.75,22031260.81,451900.0
VALE3,M15,15/07/2025,48.69,48.74,48.62,48.65,10913692.47,224200.0
VALE3,M15,15/07/2025,48.7,48.79,48.58,48.68,90416749.34,1856800.0
VALE3,M15,15/07/2025,48.6,48.74,48.47,48.7,41286531.4,850400.0
VALE3,M15,15/07/2025,48.34,48.61,48.24,48.6,91049555.93,1880400.0
VALE3,M15,15/07/2025,48.7,48.74,48.25,48.34,213812370.44,4410100.0
VALE3,M15,15/07/2025,49.14,49.26,48.7,48.7,101775977.57,2079100.0
VALE3,M15,15/07/2025,49.37,49.39,49.07,49.12,63805902.26,1297400.0
VALE3,M15,15/07/2025,49.51,49.89,49.17,49.39,78464770.65,1588500.0
VALE3,M15,14/07/2025,49.89,49.89,49.75,49.84,1220581.12,24500.0
VALE3,M15,14/07/2025,49.85,49.89,49.8,49.89,134528511.07,2696600.0
VALE3,M15,14/07/2025,49.85,49.9,49.81,49.86,27554400.57,552600.0
VALE3,M15,14/07/2025,49.79,49.89,49.78,49.84,17786447.58,356900.0
VALE3,M15,14/07/2025,49.73,49.8,49.73,49.8,20638090.59,414800.0
VALE3,M15,14/07/2025,49.74,49.76,49.71,49.73,14023401.24,282000.0
VALE3,M15,14/07/2025,49.71,49.76,49.69,49.76,9706623.23,195200.0
VALE3,M15,14/07/2025,49.72,49.76,49.7,49.73,11619135.29,233700.0
VALE3,M15,14/07/2025,49.68,49.73,49.66,49.72,11574446.61,232900.0
VALE3,M15,14/07/2025,49.71,49.71,49.62,49.68,13783147.33,277500.0
VALE3,M15,14/07/2025,49.68,49.72,49.66,49.7,29604687.4,595700.0
VALE3,M15,14/07/2025,49.68,49.69,49.62,49.67,12019938.21,242100.0
VALE3,M15,14/07/2025,49.7,49.74,49.64,49.67,7544573.26,151800.0
VALE3,M15,14/07/2025,49.69,49.73,49.62,49.69,10346740.04,208300.0
VALE3,M15,14/07/2025,49.68,49.69,49.61,49.68,7212926.75,145300.0
VALE3,M15,14/07/2025,49.74,49.74,49.68,49.68,6168266.74,124100.0
VALE3,M15,14/07/2025,49.68,49.75,49.64,49.75,9568085.09,192500.0
VALE3,M15,14/07/2025,49.76,49.79,49.66,49.68,16065330.57,323000.0
VALE3,M15,14/07/2025,49.62,49.77,49.62,49.75,15902604.09,320000.0
VALE3,M15,14/07/2025,49.64,49.65,49.45,49.62,20550965.52,414800.0
VALE3,M15,14/07/2025,49.61,49.65,49.54,49.64,30749626.55,619700.0
VALE3,M15,14/07/2025,49.72,49.77,49.52,49.61,25870033.84,521200.0
VALE3,M15,14/07/2025,49.7,49.8,49.66,49.72,12917963.05,259800.0
VALE3,M15,14/07/2025,49.76,49.82,49.6,49.7,27198240.36,546900.0
VALE3,M15,14/07/2025,49.82,49.83,49.62,49.75,30352905.49,610500.0
VALE3,M15,14/07/2025,49.78,49.92,49.76,49.82,23989872.04,481200.0
VALE3,M15,14/07/2025,49.85,49.94,49.71,49.79,55879220.27,1122000.0
VALE3,M15,14/07/2025,49.93,49.99,49.8,49.85,36125431.75,724000.0
VALE3,M15,14/07/2025,50.35,50.39,49.9,49.94,114175328.81,2271700.0
VALE3,M15,11/07/2025,50.46,50.55,50.43,50.53,1034665.8,20500.0
VALE3,M15,11/07/2025,50.46,50.55,50.43,50.47,226009479.82,4477500.0
VALE3,M15,11/07/2025,50.44,50.52,50.44,50.46,73487116.83,1455900.0
VALE3,M15,11/07/2025,50.46,50.53,50.43,50.44,33777659.33,669100.0
VALE3,M15,11/07/2025,50.45,50.49,50.39,50.45,13748072.52,272500.0
VALE3,M15,11/07/2025,50.44,50.52,50.44,50.47,9056593.33,179400.0
VALE3,M15,11/07/2025,50.43,50.5,50.43,50.44,12060315.2,239000.0
VALE3,M15,11/07/2025,50.53,50.56,50.42,50.43,46702105.23,925100.0
VALE3,M15,11/07/2025,50.54,50.67,50.44,50.53,39859326.43,788400.0
VALE3,M15,11/07/2025,50.28,50.62,50.24,50.55,54385578.04,1078800.0
VALE3,M15,11/07/2025,50.3,50.33,50.25,50.28,21155072.9,420700.0
VALE3,M15,11/07/2025,50.32,50.35,50.26,50.31,9134711.99,181600.0
VALE3,M15,11/07/2025,50.25,50.36,50.25,50.32,14526220.96,288700.0
VALE3,M15,11/07/2025,50.25,50.29,50.2,50.26,16900743.13,336300.0
VALE3,M15,11/07/2025,50.16,50.28,50.16,50.26,11076075.57,220500.0
VALE3,M15,11/07/2025,50.17,50.21,50.11,50.17,18247848.43,363800.0
VALE3,M15,11/07/2025,50.14,50.19,50.09,50.18,12685150.04,253000.0
VALE3,M15,11/07/2025,50.09,50.14,50.05,50.13,5830715.09,116400.0
VALE3,M15,11/07/2025,50.11,50.14,50.03,50.08,10854061.61,216700.0
VALE3,M15,11/07/2025,50.23,50.24,50.09,50.1,23793116.22,474200.0
VALE3,M15,11/07/2025,50.25,50.29,50.2,50.21,10917711.25,217300.0
VALE3,M15,11/07/2025,50.16,50.35,50.07,50.25,30973168.17,616600.0
VALE3,M15,11/07/2025,50.17,50.26,50.16,50.17,35198345.39,701000.0
VALE3,M15,11/07/2025,50.04,50.24,50.01,50.16,33571731.27,669600.0
VALE3,M15,11/07/2025,49.99,50.12,49.89,50.05,46968228.35,939500.0
VALE3,M15,11/07/2025,50.05,50.07,49.87,50.01,19827791.08,396800.0
VALE3,M15,11/07/2025,50.19,50.19,49.89,50.05,35787260.03,715800.0
VALE3,M15,11/07/2025,49.81,50.27,49.78,50.16,37007505.87,740200.0
VALE3,M15,11/07/2025,49.75,49.91,49.58,49.81,16833677.67,338300.0
VALE3,M15,10/07/2025,49.8,49.84,49.75,49.81,3202055.81,64300.0
VALE3,M15,10/07/2025,49.83,49.89,49.79,49.82,148863913.79,2987500.0
VALE3,M15,10/07/2025,49.82,49.87,49.77,49.83,42184592.28,846900.0
VALE3,M15,10/07/2025,49.95,50.03,49.81,49.82,35708295.97,715100.0
VALE3,M15,10/07/2025,49.97,50.09,49.94,49.94,20936799.21,418500.0
VALE3,M15,10/07/2025,49.99,50.05,49.91,49.96,41812508.4,836300.0
VALE3,M15,10/07/2025,50.05,50.06,49.9,49.98,30579961.17,612100.0
VALE3,M15,10/07/2025,50.2,50.2,49.99,50.06,25140566.71,502100.0
VALE3,M15,10/07/2025,50.25,50.34,50.16,50.21,39583890.46,787700.0
VALE3,M15,10/07/2025,49.85,50.28,49.84,50.25,55690611.05,1110300.0
VALE3,M15,10/07/2025,50.03,50.11,49.8,49.86,64535948.9,1291800.0
VALE3,M15,10/07/2025,50.3,50.4,50.03,50.04,70532786.47,1404400.0
VALE3,M15,10/07/2025,50.36,50.36,50.23,50.3,40967400.85,814100.0
VALE3,M15,10/07/2025,50.54,50.54,50.34,50.35,58411925.61,1157200.0
VALE3,M15,10/07/2025,50.65,50.65,50.41,50.53,94220298.84,1865400.0
VALE3,M15,10/07/2025,50.88,50.92,50.62,50.65,42423260.86,836000.0
VALE3,M15,10/07/2025,50.9,50.97,50.83,50.87,17710222.49,348000.0
VALE3,M15,10/07/2025,51.06,51.07,50.88,50.9,33287149.19,652800.0
VALE3,M15,10/07/2025,51.35,51.38,51.06,51.07,48217600.61,940800.0
VALE3,M15,10/07/2025,51.23,51.48,51.2,51.35,131736520.55,2564800.0
VALE3,M15,10/07/2025,51.1,51.31,51.09,51.23,104727691.53,2045600.0
VALE3,M15,10/07/2025,50.98,51.16,50.89,51.1,127865807.34,2505300.0
VALE3,M15,10/07/2025,50.72,51.0,50.69,50.98,65380051.53,1284700.0
VALE3,M15,10/07/2025,50.96,50.99,50.66,50.73,84462349.07,1660300.0
VALE3,M15,10/07/2025,50.8,50.98,50.59,50.96,144487605.85,2845800.0
VALE3,M15,10/07/2025,50.7,50.99,50.67,50.78,172934479.43,3401800.0
VALE3,M15,10/07/2025,50.3,50.8,50.2,50.72,275810360.48,5456500.0
VALE3,M15,10/07/2025,50.05,50.35,49.89,50.28,166613208.23,3324100.0
VALE3,M15,10/07/2025,49.88,50.17,49.75,50.02,165832567.77,3317000.0
VALE3,M15,09/07/2025,48.67,48.67,48.25,48.4,6909177.31,142600.0
VALE3,M15,09/07/2025,48.62,48.71,48.61,48.7,100123897.11,2056000.0
VALE3,M15,09/07/2025,48.65,48.72,48.62,48.65,24670473.99,506900.0
VALE3,M15,09/07/2025,48.62,48.69,48.58,48.64,31651959.46,650800.0
VALE3,M15,09/07/2025,48.67,48.69,48.59,48.62,12552679.26,258100.0
VALE3,M15,09/07/2025,48.71,48.73,48.63,48.67,8741056.16,179600.0
VALE3,M15,09/07/2025,48.69,48.74,48.68,48.72,7993580.72,164100.0
VALE3,M15,09/07/2025,48.7,48.74,48.66,48.69,10154340.97,208500.0
VALE3,M15,09/07/2025,48.61,48.72,48.61,48.71,17375396.29,357100.0
VALE3,M15,09/07/2025,48.66,48.69,48.6,48.62,20177116.94,414700.0
VALE3,M15,09/07/2025,48.66,48.72,48.44,48.66,46407298.22,955600.0
VALE3,M15,09/07/2025,48.7,48.7,48.65,48.66,7384711.01,151700.0
VALE3,M15,09/07/2025,48.61,48.7,48.58,48.7,12175845.67,250300.0
VALE3,M15,09/07/2025,48.65,48.69,48.6,48.6,12148598.41,249800.0
VALE3,M15,09/07/2025,48.68,48.7,48.64,48.67,5509567.5,113200.0
VALE3,M15,09/07/2025,48.7,48.75,48.67,48.7,7270122.38,149300.0
VALE3,M15,09/07/2025,48.72,48.72,48.62,48.69,11325069.12,232700.0
VALE3,M15,09/07/2025,48.71,48.76,48.67,48.72,9604876.82,197200.0
VALE3,M15,09/07/2025,48.7,48.77,48.7,48.71,6568781.25,134800.0
VALE3,M15,09/07/2025,48.78,48.78,48.63,48.71,18521936.1,380400.0
VALE3,M15,09/07/2025,48.82,48.87,48.78,48.79,14077398.26,288300.0
VALE3,M15,09/07/2025,48.79,48.91,48.73,48.83,17888349.01,366300.0
VALE3,M15,09/07/2025,48.81,48.86,48.76,48.79,12680643.68,259800.0
VALE3,M15,09/07/2025,48.7,48.86,48.7,48.8,23370464.66,479200.0
VALE3,M15,09/07/2025,48.7,48.75,48.56,48.7,38831395.84,798500.0
VALE3,M15,09/07/2025,48.95,48.97,48.67,48.7,48087092.8,985000.0
VALE3,M15,09/07/2025,49.17,49.17,48.9,48.97,25984468.36,530200.0
VALE3,M15,09/07/2025,49.2,49.2,49.04,49.16,20852100.36,424700.0
VALE3,M15,09/07/2025,49.3,49.3,49.03,49.21,15923176.52,324000.0
VALE3,M15,08/07/2025,49.2,49.21,49.02,49.07,898810.75,18300.0
VALE3,M15,08/07/2025,49.15,49.25,49.0,49.19,127251400.23,2587600.0
VALE3,M15,08/07/2025,49.06,49.25,49.06,49.14,50927387.0,1035900.0
VALE3,M15,08/07/2025,49.16,49.16,48.99,49.07,32892684.91,670300.0
VALE3,M15,08/07/2025,49.3,49.34,49.15,49.16,21797885.41,442800.0
VALE3,M15,08/07/2025,49.36,49.39,49.27,49.29,11012275.42,223300.0
VALE3,M15,08/07/2025,49.48,49.49,49.34,49.37,18604300.65,376500.0
VALE3,M15,08/07/2025,49.51,49.54,49.43,49.48,38957532.48,787000.0
VALE3,M15,08/07/2025,49.37,49.51,49.32,49.49,34683299.02,701800.0
VALE3,M15,08/07/2025,49.52,49.54,49.34,49.37,27333110.33,552700.0
VALE3,M15,08/07/2025,49.62,49.66,49.48,49.52,22014206.04,444200.0
VALE3,M15,08/07/2025,49.68,49.71,49.57,49.62,12790086.05,257600.0
VALE3,M15,08/07/2025,50.02,50.1,49.63,49.7,94087156.61,1885900.0
VALE3,M15,08/07/2025,49.42,50.09,49.4,50.01,499716496.49,10090000.0
VALE3,M15,08/07/2025,49.4,49.44,49.3,49.42,48878646.76,989800.0
VALE3,M15,08/07/2025,49.3,49.43,49.29,49.4,10106765.52,204700.0
VALE3,M15,08/07/2025,49.4,49.43,49.27,49.3,17872706.53,362200.0
VALE3,M15,08/07/2025,49.43,49.52,49.4,49.4,13657756.95,276100.0
VALE3,M15,08/07/2025,49.48,49.52,49.39,49.43,19345307.67,391300.0
VALE3,M15,08/07/2025,49.43,49.48,49.34,49.48,22927137.92,464100.0
VALE3,M15,08/07/2025,49.36,49.53,49.36,49.44,17883838.14,361700.0
VALE3,M15,08/07/2025,49.26,49.37,49.25,49.35,13436073.75,272400.0
VALE3,M15,08/07/2025,49.24,49.33,49.21,49.25,23669977.22,480500.0
VALE3,M15,08/07/2025,49.19,49.26,49.13,49.23,10812472.41,219800.0
VALE3,M15,08/07/2025,49.24,49.29,49.16,49.19,28853868.24,586000.0
VALE3,M15,08/07/2025,49.26,49.34,49.13,49.25,18987080.84,385600.0
VALE3,M15,08/07/2025,49.23,49.38,49.13,49.27,31471826.71,639100.0
VALE3,M15,08/07/2025,49.24,49.35,49.2,49.23,18119293.68,367700.0
VALE3,M15,08/07/2025,49.14,49.33,49.14,49.25,27414724.12,557100.0
VALE3,M15,07/07/2025,48.99,49.03,48.96,49.02,641931.97,13100.0
VALE3,M15,07/07/2025,48.88,49.02,48.85,49.02,156036135.48,3184800.0
VALE3,M15,07/07/2025,48.97,48.98,48.85,48.88,36973223.28,756300.0
VALE3,M15,07/07/2025,48.95,49.02,48.94,48.97,19379955.27,395700.0
VALE3,M15,07/07/2025,49.04,49.06,48.93,48.96,37056305.25,756900.0
VALE3,M15,07/07/2025,48.95,49.05,48.93,49.04,16526088.82,337300.0
VALE3,M15,07/07/2025,48.97,48.99,48.92,48.96,12446963.64,254300.0
VALE3,M15,07/07/2025,49.04,49.07,48.93,48.97,24924239.77,508700.0
VALE3,M15,07/07/2025,49.08,49.1,49.01,49.03,10053527.38,205000.0
VALE3,M15,07/07/2025,49.09,49.14,49.07,49.07,6358135.03,129500.0
VALE3,M15,07/07/2025,49.06,49.11,49.03,49.1,8470018.4,172600.0
VALE3,M15,07/07/2025,48.98,49.11,48.97,49.06,11278345.37,230000.0
VALE3,M15,07/07/2025,49.02,49.04,48.94,48.98,15314454.63,312700.0
VALE3,M15,07/07/2025,49.08,49.11,48.97,49.02,17462266.31,356100.0
VALE3,M15,07/07/2025,49.11,49.16,49.07,49.08,16729802.45,340600.0
VALE3,M15,07/07/2025,49.29,49.29,49.05,49.11,48206875.47,980300.0
VALE3,M15,07/07/2025,49.36,49.37,49.28,49.29,9475161.23,192100.0
VALE3,M15,07/07/2025,49.4,49.4,49.3,49.36,11042339.16,223800.0
VALE3,M15,07/07/2025,49.42,49.47,49.39,49.4,26147176.82,529000.0
VALE3,M15,07/07/2025,49.43,49.5,49.38,49.43,13442176.26,271900.0
VALE3,M15,07/07/2025,49.52,49.58,49.43,49.43,29875979.32,603300.0
VALE3,M15,07/07/2025,49.38,49.58,49.35,49.52,15191978.06,307200.0
VALE3,M15,07/07/2025,49.43,49.44,49.35,49.39,8697938.4,176100.0
VALE3,M15,07/07/2025,49.52,49.58,49.39,49.43,5700460.54,115200.0
VALE3,M15,07/07/2025,49.58,49.64,49.43,49.53,21218164.65,428200.0
VALE3,M15,07/07/2025,49.51,49.6,49.43,49.57,12942307.31,261400.0
VALE3,M15,07/07/2025,49.4,49.68,49.27,49.51,26700457.86,539200.0
VALE3,M15,07/07/2025,49.52,49.53,49.39,49.41,18728186.82,378600.0
VALE3,M15,07/07/2025,49.62,49.73,49.5,49.52,10639937.38,214600.0
VALE3,M15,04/07/2025,49.75,49.83,49.66,49.68,1701528.76,34200.0
VALE3,M15,04/07/2025,49.62,49.75,49.61,49.75,46470453.96,934600.0
VALE3,M15,04/07/2025,49.65,49.68,49.62,49.65,18125752.2,365100.0
VALE3,M15,04/07/2025,49.67,49.69,49.65,49.65,4619382.83,93000.0
VALE3,M15,04/07/2025,49.62,49.69,49.61,49.68,8619964.84,173600.0
VALE3,M15,04/07/2025,49.65,49.66,49.62,49.62,3931320.15,79200.0
VALE3,M15,04/07/2025,49.65,49.67,49.62,49.64,5719511.63,115200.0
VALE3,M15,04/07/2025,49.64,49.69,49.63,49.65,7360389.29,148200.0
VALE3,M15,04/07/2025,49.65,49.66,49.61,49.65,6413853.48,129200.0
VALE3,M15,04/07/2025,49.63,49.65,49.61,49.64,5156513.08,103900.0
VALE3,M15,04/07/2025,49.53,49.64,49.53,49.63,6313223.74,127300.0
VALE3,M15,04/07/2025,49.61,49.64,49.52,49.52,7422877.19,149700.0
VALE3,M15,04/07/2025,49.63,49.66,49.6,49.62,7911117.02,159400.0
VALE3,M15,04/07/2025,49.67,49.68,49.62,49.63,3718316.2,74900.0
VALE3,M15,04/07/2025,49.62,49.68,49.62,49.66,4419091.32,89000.0
VALE3,M15,04/07/2025,49.64,49.69,49.62,49.65,3898196.6,78500.0
VALE3,M15,04/07/2025,49.65,49.69,49.63,49.66,3635099.04,73200.0
VALE3,M15,04/07/2025,49.67,49.67,49.62,49.63,2367946.49,47700.0
VALE3,M15,04/07/2025,49.69,49.69,49.63,49.66,2746443.83,55300.0
VALE3,M15,04/07/2025,49.66,49.71,49.66,49.68,3999929.49,80500.0
VALE3,M15,04/07/2025,49.65,49.69,49.63,49.68,5373253.7,108200.0
VALE3,M15,04/07/2025,49.67,49.69,49.64,49.65,3228411.71,65000.0
VALE3,M15,04/07/2025,49.67,49.69,49.63,49.66,4721745.71,95100.0
VALE3,M15,04/07/2025,49.72,49.72,49.62,49.67,4524688.87,91100.0
VALE3,M15,04/07/2025,49.63,49.72,49.59,49.72,13059068.91,263000.0
VALE3,M15,04/07/2025,49.46,49.64,49.4,49.63,15856246.25,320200.0
VALE3,M15,04/07/2025,49.47,49.57,49.44,49.46,15566918.07,314400.0
VALE3,M15,04/07/2025,49.51,49.73,49.46,49.48,34814420.59,702500.0
VALE3,M15,04/07/2025,49.6,49.61,49.34,49.51,18718791.05,378400.0
VALE3,M15,03/07/2025,49.61,49.62,49.5,49.59,1798840.01,36300.0
VALE3,M15,03/07/2025,49.74,49.75,49.57,49.61,82903881.03,1670600.0
VALE3,M15,03/07/2025,49.72,49.75,49.71,49.74,21969248.79,441800.0
VALE3,M15,03/07/2025,49.71,49.76,49.68,49.74,29160878.47,586400.0
VALE3,M15,03/07/2025,49.65,49.74,49.64,49.72,15518819.88,312300.0
VALE3,M15,03/07/2025,49.58,49.67,49.57,49.65,16473397.74,332000.0
VALE3,M15,03/07/2025,49.6,49.62,49.58,49.58,11567597.84,233200.0
VALE3,M15,03/07/2025,49.56,49.61,49.52,49.61,16888201.93,340700.0
VALE3,M15,03/07/2025,49.48,49.56,49.47,49.56,16211288.89,327400.0
VALE3,M15,03/07/2025,49.5,49.51,49.41,49.48,23715291.38,479500.0
VALE3,M15,03/07/2025,49.71,49.72,49.43,49.51,49647522.9,1001300.0
VALE3,M15,03/07/2025,49.72,49.75,49.7,49.71,16722821.2,336300.0
VALE3,M15,03/07/2025,49.78,49.82,49.71,49.72,16607822.48,333700.0
VALE3,M15,03/07/2025,49.8,49.83,49.72,49.8,26901355.92,540500.0
VALE3,M15,03/07/2025,49.71,49.8,49.71,49.79,11522518.92,231600.0
VALE3,M15,03/07/2025,49.72,49.78,49.69,49.71,11675057.42,234800.0
VALE3,M15,03/07/2025,49.71,49.75,49.7,49.72,12770338.28,256800.0
VALE3,M15,03/07/2025,49.75,49.77,49.7,49.71,13545499.0,272400.0
VALE3,M15,03/07/2025,49.79,49.81,49.73,49.75,16093699.01,323400.0
VALE3,M15,03/07/2025,49.79,49.82,49.73,49.79,32786349.22,658500.0
VALE3,M15,03/07/2025,49.8,49.8,49.66,49.79,33539850.57,674500.0
VALE3,M15,03/07/2025,49.83,49.88,49.77,49.8,17672711.54,354700.0
VALE3,M15,03/07/2025,49.9,49.95,49.74,49.84,32165733.24,645500.0
VALE3,M15,03/07/2025,49.87,49.99,49.8,49.91,115222586.29,2309900.0
VALE3,M15,03/07/2025,50.09,50.1,49.77,49.88,61913805.82,1239500.0
VALE3,M15,03/07/2025,50.25,50.33,50.06,50.09,43495663.82,866400.0
VALE3,M15,03/07/2025,49.91,50.36,49.89,50.26,64991688.87,1296500.0
VALE3,M15,03/07/2025,49.82,49.95,49.72,49.94,39898486.71,800800.0
VALE3,M15,03/07/2025,50.02,50.25,49.8,49.8,55941097.11,1119000.0
VALE3,M15,02/07/2025,49.92,49.92,49.72,49.72,3486080.91,70000.0
VALE3,M15,02/07/2025,50.09,50.11,49.75,49.84,330817280.02,6630100.0
VALE3,M15,02/07/2025,50.06,50.16,50.04,50.08,141230589.56,2818600.0
VALE3,M15,02/07/2025,49.98,50.09,49.96,50.06,77474662.84,1548400.0
VALE3,M15,02/07/2025,49.99,50.06,49.96,49.98,51694108.2,1033900.0
VALE3,M15,02/07/2025,49.95,50.05,49.88,50.01,49654007.56,993500.0
VALE3,M15,02/07/2025,49.9,49.99,49.88,49.97,57715187.29,1155800.0
VALE3,M15,02/07/2025,49.93,49.95,49.87,49.9,68724980.61,1377100.0
VALE3,M15,02/07/2025,49.85,49.93,49.82,49.91,32953694.73,661000.0
VALE3,M15,02/07/2025,49.81,49.88,49.8,49.84,58480184.36,1173400.0
VALE3,M15,02/07/2025,49.85,49.87,49.78,49.81,26975917.26,541400.0
VALE3,M15,02/07/2025,49.91,49.98,49.72,49.87,229858746.35,4608400.0
VALE3,M15,02/07/2025,50.03,50.04,49.89,49.92,67382941.35,1349800.0
VALE3,M15,02/07/2025,50.06,50.2,49.91,50.03,101238781.53,2020900.0
VALE3,M15,02/07/2025,50.05,50.11,50.04,50.07,33207884.11,663300.0
VALE3,M15,02/07/2025,50.0,50.07,49.93,50.06,39150417.33,782900.0
VALE3,M15,02/07/2025,50.07,50.09,49.96,50.02,162504763.77,3249200.0
VALE3,M15,02/07/2025,50.07,50.15,50.02,50.07,57484628.36,1147900.0
VALE3,M15,02/07/2025,49.93,50.14,49.93,50.07,114533499.76,2289400.0
VALE3,M15,02/07/2025,49.98,50.13,49.84,49.93,96928427.79,1938600.0
VALE3,M15,02/07/2025,49.89,50.12,49.89,49.99,105235961.24,2105400.0
VALE3,M15,02/07/2025,49.71,50.04,49.65,49.91,182281145.39,3655300.0
VALE3,M15,02/07/2025,49.52,50.16,49.51,49.71,338452468.98,6784200.0
VALE3,M15,02/07/2025,49.25,49.59,49.16,49.52,119802788.12,2426700.0
VALE3,M15,02/07/2025,48.94,49.32,48.9,49.25,106149563.67,2160700.0
VALE3,M15,02/07/2025,49.17,49.18,48.86,48.93,85606009.31,1746300.0
VALE3,M15,02/07/2025,49.05,49.33,48.81,49.17,174683927.92,3557700.0
VALE3,M15,02/07/2025,48.92,49.04,48.79,49.04,128392498.15,2625900.0
VALE3,M15,02/07/2025,48.5,48.97,48.49,48.92,96648555.76,1984400.0
VALE3,M15,01/07/2025,48.21,48.23,48.07,48.12,828172.64,17200.0
VALE3,M15,01/07/2025,48.25,48.26,48.09,48.09,102722080.77,2134100.0
VALE3,M15,01/07/2025,48.2,48.29,48.17,48.26,28223797.91,585200.0
VALE3,M15,01/07/2025,48.19,48.23,48.12,48.19,22948895.53,476400.0
VALE3,M15,01/07/2025,48.17,48.2,48.1,48.2,15519350.73,322400.0
VALE3,M15,01/07/2025,48.16,48.22,48.15,48.19,16373956.79,339800.0
VALE3,M15,01/07/2025,48.26,48.26,48.12,48.16,25674434.35,533000.0
VALE3,M15,01/07/2025,48.15,48.28,48.11,48.26,28908004.05,599800.0
VALE3,M15,01/07/2025,48.18,48.2,48.14,48.15,13249728.52,275100.0
VALE3,M15,01/07/2025,48.24,48.25,48.15,48.18,16910516.53,350800.0
VALE3,M15,01/07/2025,48.18,48.25,48.17,48.24,26499379.54,549600.0
VALE3,M15,01/07/2025,48.15,48.21,48.14,48.18,18600659.52,386100.0
VALE3,M15,01/07/2025,48.06,48.18,48.06,48.15,33087876.12,687600.0
VALE3,M15,01/07/2025,48.12,48.18,48.04,48.05,27500599.13,571800.0
VALE3,M15,01/07/2025,48.36,48.37,48.11,48.13,65016510.8,1347000.0
VALE3,M15,01/07/2025,48.25,48.41,48.25,48.37,68048145.07,1408200.0
VALE3,M15,01/07/2025,47.98,48.27,47.97,48.26,62755049.61,1303300.0
VALE3,M15,01/07/2025,47.92,48.02,47.92,47.99,43867744.11,914500.0
VALE3,M15,01/07/2025,47.93,48.01,47.9,47.94,47870298.1,998100.0
VALE3,M15,01/07/2025,47.53,47.94,47.53,47.93,66900418.29,1400900.0
VALE3,M15,01/07/2025,47.46,47.54,47.42,47.52,18149772.9,382400.0
VALE3,M15,01/07/2025,47.37,47.47,47.35,47.46,13191360.34,278300.0
VALE3,M15,01/07/2025,47.56,47.58,47.35,47.37,20181983.81,425500.0
VALE3,M15,01/07/2025,47.62,47.63,47.5,47.57,59443198.13,1249300.0
VALE3,M15,01/07/2025,47.74,47.79,47.58,47.62,29319792.57,615100.0
VALE3,M15,01/07/2025,47.6,47.78,47.56,47.74,37724453.42,791100.0
VALE3,M15,01/07/2025,47.41,47.67,47.34,47.6,51588483.62,1086700.0
VALE3,M15,01/07/2025,47.51,47.61,47.41,47.41,60283671.33,1270300.0
VALE3,M15,01/07/2025,47.41,47.52,47.32,47.52,25836916.59,544700.0
VALE3,M15,30/06/2025,47.45,47.49,47.37,47.41,2910881.83,61400.0
VALE3,M15,30/06/2025,47.5,47.52,47.45,47.45,152630579.63,3215400.0
VALE3,M15,30/06/2025,47.45,47.54,47.41,47.49,77942985.46,1641800.0
VALE3,M15,30/06/2025,47.49,47.5,47.42,47.44,62870117.73,1324800.0
VALE3,M15,30/06/2025,47.5,47.52,47.44,47.47,21086461.76,444100.0
VALE3,M15,30/06/2025,47.47,47.52,47.43,47.49,15193696.78,320000.0
VALE3,M15,30/06/2025,47.5,47.53,47.42,47.45,54537924.57,1148200.0
VALE3,M15,30/06/2025,47.49,47.52,47.46,47.5,31081345.16,654400.0
VALE3,M15,30/06/2025,47.58,47.61,47.47,47.48,45694031.46,961000.0
VALE3,M15,30/06/2025,47.62,47.65,47.56,47.59,12633937.05,265400.0
VALE3,M15,30/06/2025,47.58,47.67,47.55,47.63,41347402.41,868300.0
VALE3,M15,30/06/2025,47.6,47.64,47.54,47.57,11620824.27,244200.0
VALE3,M15,30/06/2025,47.64,47.67,47.61,47.61,10492213.47,220300.0
VALE3,M15,30/06/2025,47.61,47.67,47.61,47.67,8320114.31,174700.0
VALE3,M15,30/06/2025,47.56,47.64,47.56,47.62,8454047.85,177600.0
VALE3,M15,30/06/2025,47.59,47.61,47.52,47.56,16031997.92,337100.0
VALE3,M15,30/06/2025,47.47,47.66,47.47,47.6,39808589.32,836000.0
VALE3,M15,30/06/2025,47.57,47.59,47.46,47.49,11076408.14,233100.0
VALE3,M15,30/06/2025,47.49,47.6,47.47,47.57,13073156.7,275100.0
VALE3,M15,30/06/2025,47.56,47.61,47.46,47.5,14927817.0,313900.0
VALE3,M15,30/06/2025,47.64,47.65,47.55,47.58,15946535.69,335000.0
VALE3,M15,30/06/2025,47.64,47.69,47.58,47.64,14647196.01,307500.0
VALE3,M15,30/06/2025,47.72,47.79,47.63,47.63,22519951.29,471800.0
VALE3,M15,30/06/2025,47.62,47.77,47.57,47.7,54822698.62,1148900.0
VALE3,M15,30/06/2025,47.58,47.67,47.49,47.61,14779008.86,310500.0
VALE3,M15,30/06/2025,47.55,47.72,47.52,47.58,40567204.49,851200.0
VALE3,M15,30/06/2025,47.31,47.62,47.26,47.54,50393534.68,1061800.0
VALE3,M15,30/06/2025,47.42,47.49,47.29,47.32,35172231.03,741700.0
VALE3,M15,30/06/2025,47.58,47.59,47.36,47.4,48250236.57,1016700.0
VALE3,M15,27/06/2025,47.74,47.86,47.69,47.86,2904037.57,60800.0
VALE3,M15,27/06/2025,47.7,47.85,47.68,47.77,195183533.55,4086600.0
VALE3,M15,27/06/2025,47.65,47.75,47.61,47.73,83200184.15,1745100.0
VALE3,M15,27/06/2025,47.63,47.71,47.59,47.67,54176311.66,1137300.0
VALE3,M15,27/06/2025,47.67,47.69,47.57,47.64,22330684.14,468900.0
VALE3,M15,27/06/2025,47.72,47.8,47.63,47.66,52887795.36,1108400.0
VALE3,M15,27/06/2025,47.77,47.81,47.66,47.72,41749388.71,874600.0
VALE3,M15,27/06/2025,47.77,47.82,47.74,47.77,59139648.78,1237900.0
VALE3,M15,27/06/2025,47.61,47.79,47.58,47.76,49149025.69,1030200.0
VALE3,M15,27/06/2025,47.67,47.7,47.55,47.6,49739658.15,1044300.0
VALE3,M15,27/06/2025,47.6,47.76,47.58,47.68,65290818.38,1369200.0
VALE3,M15,27/06/2025,47.54,47.63,47.54,47.59,33195340.2,697600.0
VALE3,M15,27/06/2025,47.52,47.59,47.48,47.54,30253255.43,636400.0
VALE3,M15,27/06/2025,47.47,47.52,47.41,47.52,19740081.08,415700.0
VALE3,M15,27/06/2025,47.43,47.48,47.38,47.47,14382312.14,303200.0
VALE3,M15,27/06/2025,47.52,47.53,47.44,47.44,14160726.27,298200.0
VALE3,M15,27/06/2025,47.51,47.56,47.45,47.52,10034787.22,211200.0
VALE3,M15,27/06/2025,47.53,47.57,47.49,47.52,27639568.08,581500.0
VALE3,M15,27/06/2025,47.45,47.57,47.41,47.52,59461260.52,1252100.0
VALE3,M15,27/06/2025,47.39,47.46,47.33,47.44,31625467.47,667100.0
VALE3,M15,27/06/2025,47.28,47.42,47.24,47.39,35389523.23,747800.0
VALE3,M15,27/06/2025,47.29,47.34,47.2,47.28,27072639.98,572500.0
VALE3,M15,27/06/2025,47.26,47.32,47.15,47.3,34739692.51,735300.0
VALE3,M15,27/06/2025,47.18,47.34,47.17,47.26,60100676.14,1271300.0
VALE3,M15,27/06/2025,47.0,47.24,46.98,47.18,32408035.74,687600.0
VALE3,M15,27/06/2025,46.9,47.11,46.8,46.97,29090508.05,619400.0
VALE3,M15,27/06/2025,46.97,47.05,46.85,46.91,24055315.21,512500.0
VALE3,M15,27/06/2025,47.01,47.12,46.94,46.97,23292081.03,495300.0
VALE3,M15,27/06/2025,47.04,47.06,46.79,47.01,54010902.09,1148900.0
VALE3,M15,26/06/2025,46.91,46.92,46.78,46.91,40041195.94,854400.0
VALE3,M15,26/06/2025,46.88,46.93,46.86,46.87,434550717.0,9271800.0
VALE3,M15,26/06/2025,46.88,46.89,46.8,46.87,81442197.91,1738200.0
VALE3,M15,26/06/2025,46.87,46.88,46.79,46.87,40340722.01,861000.0
VALE3,M15,26/06/2025,46.81,46.9,46.79,46.87,43191977.48,921800.0
VALE3,M15,26/06/2025,46.81,46.84,46.78,46.83,25740617.47,549800.0
VALE3,M15,26/06/2025,46.84,46.85,46.79,46.81,16856169.82,360000.0
VALE3,M15,26/06/2025,46.86,46.87,46.82,46.84,8880921.88,189600.0
VALE3,M15,26/06/2025,46.81,46.88,46.79,46.84,25846392.57,552000.0
VALE3,M15,26/06/2025,46.88,46.91,46.79,46.8,12410505.38,264800.0
VALE3,M15,26/06/2025,46.91,46.94,46.87,46.9,34776289.57,741300.0
VALE3,M15,26/06/2025,46.86,46.97,46.82,46.91,55671644.68,1186500.0
VALE3,M15,26/06/2025,46.81,46.87,46.79,46.84,79291564.35,1693500.0
VALE3,M15,26/06/2025,46.81,47.14,46.79,46.8,120475197.5,2571100.0
VALE3,M15,26/06/2025,46.74,46.81,46.73,46.81,79705946.74,1704000.0
VALE3,M15,26/06/2025,46.7,46.8,46.67,46.75,40354710.66,863900.0
VALE3,M15,26/06/2025,46.69,46.76,46.63,46.7,46768146.84,1001300.0
VALE3,M15,26/06/2025,46.79,46.86,46.69,46.69,37747489.94,806500.0
VALE3,M15,26/06/2025,46.85,46.89,46.78,46.79,24614424.78,525500.0
VALE3,M15,26/06/2025,46.92,46.99,46.85,46.86,76772943.18,1635700.0
VALE3,M15,26/06/2025,46.83,46.94,46.8,46.91,50720287.28,1081900.0
VALE3,M15,26/06/2025,46.82,46.9,46.73,46.82,35350186.31,755000.0
VALE3,M15,26/06/2025,46.75,46.88,46.72,46.8,51080855.61,1091200.0
VALE3,M15,26/06/2025,46.74,46.81,46.69,46.72,45499153.89,973000.0
VALE3,M15,26/06/2025,46.68,46.74,46.51,46.74,43226421.4,926900.0
VALE3,M15,26/06/2025,46.73,46.8,46.6,46.69,117627923.86,2518900.0
VALE3,M15,26/06/2025,46.19,46.74,46.17,46.73,117973130.91,2535800.0
VALE3,M15,26/06/2025,46.17,46.24,46.1,46.19,40861956.52,885300.0
VALE3,M15,26/06/2025,45.82,46.32,45.82,46.17,65878774.06,1427700.0
VALE3,M15,25/06/2025,45.48,45.5,45.36,45.41,1226664.7,27000.0
VALE3,M15,25/06/2025,45.42,45.5,45.37,45.5,89299600.01,1963700.0
VALE3,M15,25/06/2025,45.5,45.51,45.42,45.42,251673582.89,5534100.0
VALE3,M15,25/06/2025,45.48,45.6,45.47,45.5,27088904.34,594900.0
VALE3,M15,25/06/2025,45.4,45.48,45.4,45.48,17306588.67,380800.0
VALE3,M15,25/06/2025,45.42,45.46,45.38,45.4,13598935.42,299400.0
VALE3,M15,25/06/2025,45.36,45.48,45.35,45.42,32865562.03,723600.0
VALE3,M15,25/06/2025,45.24,45.38,45.23,45.36,16023839.61,353700.0
VALE3,M15,25/06/2025,45.32,45.35,45.22,45.24,19205224.74,424300.0
VALE3,M15,25/06/2025,45.25,45.33,45.25,45.3,4707309.14,103900.0
VALE3,M15,25/06/2025,45.29,45.32,45.25,45.26,12862519.49,284000.0
VALE3,M15,25/06/2025,45.29,45.33,45.27,45.3,7974475.55,176000.0
VALE3,M15,25/06/2025,45.33,45.34,45.27,45.29,35829764.92,790500.0
VALE3,M15,25/06/2025,45.29,45.35,45.29,45.32,7055621.41,155700.0
VALE3,M15,25/06/2025,45.23,45.3,45.22,45.29,38159084.69,843200.0
VALE3,M15,25/06/2025,45.32,45.32,45.2,45.23,14502440.89,320600.0
VALE3,M15,25/06/2025,45.24,45.34,45.23,45.32,11294438.49,249300.0
VALE3,M15,25/06/2025,45.25,45.32,45.2,45.23,23991960.29,530100.0
VALE3,M15,25/06/2025,45.1,45.26,45.08,45.26,66309451.45,1467500.0
VALE3,M15,25/06/2025,45.05,45.13,44.97,45.1,51532845.38,1143700.0
VALE3,M15,25/06/2025,45.14,45.14,45.04,45.05,16341382.11,362500.0
VALE3,M15,25/06/2025,45.14,45.24,45.14,45.14,30103070.15,666200.0
VALE3,M15,25/06/2025,45.09,45.19,45.09,45.14,23497043.83,520300.0
VALE3,M15,25/06/2025,45.05,45.19,45.05,45.09,23746201.41,526200.0
VALE3,M15,25/06/2025,44.87,45.15,44.87,45.06,44120677.11,978900.0
VALE3,M15,25/06/2025,44.98,45.01,44.81,44.87,58528111.31,1303800.0
VALE3,M15,25/06/2025,45.22,45.29,44.94,44.98,61817522.02,1370200.0
VALE3,M15,25/06/2025,45.32,45.41,45.21,45.23,31009013.56,684800.0
VALE3,M15,25/06/2025,45.29,45.4,45.19,45.32,24496710.53,541000.0
VALE3,M15,24/06/2025,45.57,45.6,45.47,45.59,1284104.58,28200.0
VALE3,M15,24/06/2025,45.65,45.74,45.55,45.55,132869510.63,2913900.0
VALE3,M15,24/06/2025,45.59,45.67,45.53,45.65,75724957.48,1660300.0
VALE3,M15,24/06/2025,45.42,45.59,45.42,45.59,29390406.34,645400.0
VALE3,M15,24/06/2025,45.44,45.51,45.42,45.43,9694336.19,213200.0
VALE3,M15,24/06/2025,45.42,45.49,45.37,45.44,20175537.01,444100.0
VALE3,M15,24/06/2025,45.55,45.55,45.37,45.42,26177519.04,576000.0
VALE3,M15,24/06/2025,45.54,45.55,45.49,45.54,11359491.41,249500.0
VALE3,M15,24/06/2025,45.52,45.55,45.49,45.53,10128204.98,222500.0
VALE3,M15,24/06/2025,45.51,45.55,45.46,45.51,10294858.31,226200.0
VALE3,M15,24/06/2025,45.48,45.54,45.48,45.51,11236792.22,246900.0
VALE3,M15,24/06/2025,45.51,45.51,45.46,45.47,65171185.32,1433000.0
VALE3,M15,24/06/2025,45.42,45.51,45.42,45.5,8190478.93,180100.0
VALE3,M15,24/06/2025,45.51,45.51,45.4,45.42,12137915.63,267100.0
VALE3,M15,24/06/2025,45.46,45.52,45.45,45.51,6723493.62,147800.0
VALE3,M15,24/06/2025,45.47,45.49,45.44,45.46,5433543.4,119500.0
VALE3,M15,24/06/2025,45.54,45.56,45.42,45.47,11368233.75,249900.0
VALE3,M15,24/06/2025,45.52,45.59,45.51,45.53,10202130.93,224000.0
VALE3,M15,24/06/2025,45.5,45.55,45.47,45.51,16177984.18,355400.0
VALE3,M15,24/06/2025,45.48,45.55,45.47,45.5,11357107.54,249600.0
VALE3,M15,24/06/2025,45.46,45.56,45.45,45.48,18728381.49,411500.0
VALE3,M15,24/06/2025,45.42,45.48,45.38,45.45,60603266.03,1334900.0
VALE3,M15,24/06/2025,45.38,45.42,45.32,45.42,27565615.1,607400.0
VALE3,M15,24/06/2025,45.38,45.41,45.32,45.37,28892439.08,637100.0
VALE3,M15,24/06/2025,45.26,45.44,45.25,45.37,63200908.03,1393600.0
VALE3,M15,24/06/2025,45.35,45.4,45.19,45.25,50515448.86,1114900.0
VALE3,M15,24/06/2025,45.47,45.57,45.24,45.35,47337107.32,1042200.0
VALE3,M15,24/06/2025,45.51,45.56,45.38,45.47,47821092.25,1051700.0
VALE3,M15,24/06/2025,45.73,45.73,45.5,45.52,15066049.61,330400.0
VALE3,M15,23/06/2025,45.57,45.58,45.47,45.51,2534364.59,55700.0
VALE3,M15,23/06/2025,45.46,45.56,45.39,45.56,96302284.31,2114700.0
VALE3,M15,23/06/2025,45.52,45.52,45.43,45.46,38234555.42,840500.0
VALE3,M15,23/06/2025,45.48,45.55,45.48,45.51,13003014.29,285700.0
VALE3,M15,23/06/2025,45.37,45.51,45.37,45.49,24238514.09,533000.0
VALE3,M15,23/06/2025,45.36,45.42,45.33,45.37,6964815.54,153500.0
VALE3,M15,23/06/2025,45.33,45.42,45.32,45.37,11310096.29,249300.0
VALE3,M15,23/06/2025,45.37,45.38,45.32,45.32,16833656.94,371200.0
VALE3,M15,23/06/2025,45.32,45.41,45.27,45.37,24771504.79,546100.0
VALE3,M15,23/06/2025,45.22,45.33,45.21,45.32,39818305.94,879200.0
VALE3,M15,23/06/2025,45.22,45.27,45.19,45.22,15045843.99,332700.0
VALE3,M15,23/06/2025,45.13,45.24,45.09,45.21,23148104.61,512300.0
VALE3,M15,23/06/2025,45.1,45.14,45.06,45.11,19394022.33,430000.0
VALE3,M15,23/06/2025,45.13,45.19,45.05,45.08,19523195.35,432700.0
VALE3,M15,23/06/2025,45.2,45.2,45.12,45.14,12243233.79,271200.0
VALE3,M15,23/06/2025,45.16,45.21,45.11,45.2,29882916.41,661800.0
VALE3,M15,23/06/2025,45.08,45.19,45.06,45.14,27847501.48,616900.0
VALE3,M15,23/06/2025,45.13,45.14,45.06,45.08,10947325.25,242700.0
VALE3,M15,23/06/2025,45.16,45.21,45.04,45.13,20819703.23,461400.0
VALE3,M15,23/06/2025,45.14,45.17,45.07,45.15,25150546.5,557500.0
VALE3,M15,23/06/2025,45.19,45.22,45.12,45.14,29825499.07,660300.0
VALE3,M15,23/06/2025,45.15,45.2,45.13,45.19,15182143.37,336100.0
VALE3,M15,23/06/2025,45.01,45.16,44.99,45.16,39016155.72,865300.0
VALE3,M15,23/06/2025,45.05,45.06,45.0,45.0,13454735.49,298800.0
VALE3,M15,23/06/2025,45.05,45.1,44.96,45.04,28693356.18,637300.0
VALE3,M15,23/06/2025,45.03,45.1,44.96,45.05,28649721.09,636300.0
VALE3,M15,23/06/2025,45.08,45.12,44.91,45.01,100534136.35,2233700.0
VALE3,M15,23/06/2025,45.13,45.19,45.06,45.06,16391632.54,363300.0
VALE3,M15,23/06/2025,45.08,45.23,45.03,45.13,32030619.03,709600.0
VALE3,M15,20/06/2025,44.99,45.05,44.98,45.03,13308446.4,295700.0
VALE3,M15,20/06/2025,45.1,45.13,44.99,44.99,557844578.16,12397800.0
VALE3,M15,20/06/2025,45.03,45.14,45.02,45.12,78505895.7,1741800.0
VALE3,M15,20/06/2025,45.14,45.16,45.02,45.03,38401429.55,852000.0
VALE3,M15,20/06/2025,45.15,45.17,45.1,45.14,29411289.72,651600.0
VALE3,M15,20/06/2025,45.19,45.21,45.12,45.15,49070233.78,1086800.0
VALE3,M15,20/06/2025,45.14,45.23,45.13,45.21,41096845.16,909400.0
VALE3,M15,20/06/2025,45.1,45.2,45.08,45.13,71835861.93,1591400.0
VALE3,M15,20/06/2025,45.05,45.12,45.03,45.11,66918951.15,1484800.0
VALE3,M15,20/06/2025,45.16,45.18,45.05,45.05,52029906.87,1153500.0
VALE3,M15,20/06/2025,45.26,45.27,45.15,45.16,43672253.68,965900.0
VALE3,M15,20/06/2025,45.38,45.4,45.25,45.28,26889493.37,593600.0
VALE3,M15,20/06/2025,45.42,45.47,45.34,45.37,16073440.22,353900.0
VALE3,M15,20/06/2025,45.42,45.47,45.41,45.42,20773356.22,457200.0
VALE3,M15,20/06/2025,45.51,45.56,45.37,45.42,43894306.4,965400.0
VALE3,M15,20/06/2025,45.42,45.56,45.4,45.51,48670064.45,1069700.0
VALE3,M15,20/06/2025,45.36,45.51,45.34,45.42,54417628.17,1198100.0
VALE3,M15,20/06/2025,45.32,45.37,45.28,45.36,23043207.35,508400.0
VALE3,M15,20/06/2025,45.16,45.38,45.15,45.32,57952161.47,1279700.0
VALE3,M15,20/06/2025,45.14,45.19,45.11,45.18,58101141.75,1286500.0
VALE3,M15,20/06/2025,45.23,45.32,45.13,45.14,39153040.93,865900.0
VALE3,M15,20/06/2025,45.19,45.32,45.16,45.24,45145998.53,998000.0
VALE3,M15,20/06/2025,45.35,45.36,45.16,45.19,48523577.99,1072000.0
VALE3,M15,20/06/2025,45.56,45.56,45.33,45.35,50599901.66,1113200.0
VALE3,M15,20/06/2025,45.69,45.74,45.53,45.55,69982577.87,1533100.0
VALE3,M15,20/06/2025,45.63,45.73,45.6,45.69,38098311.91,834300.0
VALE3,M15,20/06/2025,45.9,45.9,45.53,45.64,58640641.44,1284100.0
VALE3,M15,20/06/2025,45.98,46.01,45.79,45.9,34582304.26,753900.0
VALE3,M15,20/06/2025,46.18,46.22,45.98,45.99,29932111.45,649500.0
VALE3,M15,18/06/2025,46.19,46.19,46.13,46.18,1860715.05,40300.0
VALE3,M15,18/06/2025,46.18,46.19,46.04,46.18,204866686.75,4438500.0
VALE3,M15,18/06/2025,46.22,46.27,46.18,46.18,59499697.98,1286900.0
VALE3,M15,18/06/2025,46.28,46.31,46.2,46.21,40216358.18,869200.0
VALE3,M15,18/06/2025,46.35,46.38,46.28,46.28,37709084.03,813800.0
VALE3,M15,18/06/2025,46.45,46.45,46.33,46.35,36005450.8,776000.0
VALE3,M15,18/06/2025,46.37,46.47,46.33,46.45,40569458.57,874300.0
VALE3,M15,18/06/2025,46.4,46.41,46.33,46.37,25516262.0,550400.0
VALE3,M15,18/06/2025,46.48,46.5,46.36,46.4,35931939.44,774100.0
VALE3,M15,18/06/2025,46.38,46.49,46.38,46.47,20077339.81,432300.0
VALE3,M15,18/06/2025,46.47,46.47,46.36,46.38,32184727.55,693500.0
VALE3,M15,18/06/2025,46.54,46.59,46.43,46.45,29166172.54,627300.0
VALE3,M15,18/06/2025,46.42,46.55,46.41,46.52,27378623.67,588900.0
VALE3,M15,18/06/2025,46.42,46.45,46.37,46.41,24274617.25,523000.0
VALE3,M15,18/06/2025,46.42,46.46,46.41,46.42,14415177.92,310500.0
VALE3,M15,18/06/2025,46.45,46.46,46.42,46.42,8679032.41,186900.0
VALE3,M15,18/06/2025,46.48,46.49,46.42,46.45,9558746.11,205800.0
VALE3,M15,18/06/2025,46.51,46.52,46.46,46.48,6596182.63,141900.0
VALE3,M15,18/06/2025,46.46,46.52,46.46,46.5,12712454.98,273400.0
VALE3,M15,18/06/2025,46.39,46.48,46.38,46.48,14475473.93,311800.0
VALE3,M15,18/06/2025,46.41,46.43,46.36,46.39,20396553.27,439600.0
VALE3,M15,18/06/2025,46.51,46.52,46.41,46.42,20013210.69,430700.0
VALE3,M15,18/06/2025,46.49,46.51,46.43,46.51,21636166.55,465600.0
VALE3,M15,18/06/2025,46.58,46.58,46.4,46.48,23316458.64,501600.0
VALE3,M15,18/06/2025,46.51,46.62,46.51,46.58,23471435.08,504000.0
VALE3,M15,18/06/2025,46.43,46.51,46.38,46.49,33216112.72,715100.0
VALE3,M15,18/06/2025,46.41,46.49,46.15,46.43,56802273.44,1226000.0
VALE3,M15,18/06/2025,46.46,46.55,46.37,46.42,38846142.45,836100.0
VALE3,M15,18/06/2025,46.33,46.49,46.32,46.44,30693101.46,661500.0
VALE3,M15,17/06/2025,46.33,46.42,46.33,46.39,4412354.32,95100.0
VALE3,M15,17/06/2025,46.35,46.42,46.31,46.33,407393197.01,8792000.0
VALE3,M15,17/06/2025,46.44,46.5,46.33,46.35,96724365.36,2083000.0
VALE3,M15,17/06/2025,46.42,46.51,46.42,46.44,28280165.27,608800.0
VALE3,M15,17/06/2025,46.51,46.61,46.41,46.42,52690103.12,1132800.0
VALE3,M15,17/06/2025,46.41,46.52,46.41,46.51,24562540.35,528600.0
VALE3,M15,17/06/2025,46.5,46.51,46.37,46.42,38657873.92,832200.0
VALE3,M15,17/06/2025,46.65,46.68,46.49,46.51,48100344.2,1032200.0
VALE3,M15,17/06/2025,46.69,46.74,46.62,46.65,43481238.06,931400.0
VALE3,M15,17/06/2025,46.67,46.73,46.6,46.69,63478254.7,1360700.0
VALE3,M15,17/06/2025,46.53,46.68,46.51,46.68,37967748.22,814400.0
VALE3,M15,17/06/2025,46.48,46.53,46.41,46.53,49235016.96,1059500.0
VALE3,M15,17/06/2025,46.52,46.61,46.45,46.48,82054382.49,1764000.0
VALE3,M15,17/06/2025,46.61,46.69,46.45,46.51,56521893.09,1213300.0
VALE3,M15,17/06/2025,46.88,46.9,46.6,46.61,51796176.37,1109300.0
VALE3,M15,17/06/2025,46.97,47.01,46.87,46.9,36312127.56,773400.0
VALE3,M15,17/06/2025,46.72,46.97,46.67,46.97,75578863.97,1614600.0
VALE3,M15,17/06/2025,47.07,47.08,46.69,46.72,101924593.74,2174600.0
VALE3,M15,17/06/2025,47.09,47.19,47.04,47.07,38519155.52,817900.0
VALE3,M15,17/06/2025,47.2,47.23,47.03,47.08,73915912.36,1569000.0
VALE3,M15,17/06/2025,47.68,47.69,47.16,47.17,119354344.85,2520600.0
VALE3,M15,17/06/2025,47.82,47.82,47.6,47.69,45474229.21,954100.0
VALE3,M15,17/06/2025,47.73,47.9,47.69,47.82,50404255.31,1054200.0
VALE3,M15,17/06/2025,47.63,47.75,47.56,47.72,66470296.98,1394400.0
VALE3,M15,17/06/2025,47.8,47.84,47.58,47.61,120273352.2,2523500.0
VALE3,M15,17/06/2025,47.88,47.94,47.65,47.81,66044491.87,1381900.0
VALE3,M15,17/06/2025,48.02,48.09,47.84,47.89,52363550.6,1092000.0
VALE3,M15,17/06/2025,47.99,48.21,47.86,48.03,57640012.18,1200400.0
VALE3,M15,17/06/2025,48.34,48.57,47.95,47.99,59132404.35,1229400.0
VALE3,M15,16/06/2025,48.52,48.52,48.44,48.47,3516776.43,72500.0
VALE3,M15,16/06/2025,48.6,48.65,48.49,48.52,345109732.62,7102400.0
VALE3,M15,16/06/2025,48.56,48.62,48.54,48.59,92812703.76,1910400.0
VALE3,M15,16/06/2025,48.53,48.59,48.52,48.56,53615261.66,1104200.0
VALE3,M15,16/06/2025,48.47,48.58,48.47,48.52,40837653.72,841900.0
VALE3,M15,16/06/2025,48.52,48.56,48.46,48.48,30626767.83,631400.0
VALE3,M15,16/06/2025,48.56,48.61,48.52,48.52,34510073.61,710500.0
VALE3,M15,16/06/2025,48.55,48.59,48.52,48.56,53154023.03,1094500.0
VALE3,M15,16/06/2025,48.52,48.57,48.5,48.57,32931561.29,678600.0
VALE3,M15,16/06/2025,48.52,48.58,48.52,48.54,39521709.0,814100.0
VALE3,M15,16/06/2025,48.58,48.59,48.52,48.53,9141235.4,188300.0
VALE3,M15,16/06/2025,48.45,48.6,48.45,48.58,58696407.65,1209900.0
VALE3,M15,16/06/2025,48.56,48.58,48.46,48.46,28103069.8,579300.0
VALE3,M15,16/06/2025,48.54,48.61,48.53,48.56,46014957.34,947300.0
VALE3,M15,16/06/2025,48.44,48.57,48.41,48.55,83909430.34,1730300.0
VALE3,M15,16/06/2025,48.42,48.45,48.4,48.45,8948462.31,184800.0
VALE3,M15,16/06/2025,48.44,48.47,48.36,48.42,76946431.76,1589700.0
VALE3,M15,16/06/2025,48.52,48.54,48.44,48.45,17026025.36,351100.0
VALE3,M15,16/06/2025,48.52,48.57,48.44,48.52,16266505.32,335300.0
VALE3,M15,16/06/2025,48.38,48.52,48.38,48.51,42873518.38,885100.0
VALE3,M15,16/06/2025,48.52,48.56,48.35,48.4,56505133.93,1167500.0
VALE3,M15,16/06/2025,48.56,48.62,48.43,48.53,66150285.9,1363400.0
VALE3,M15,16/06/2025,48.51,48.63,48.5,48.56,48929446.06,1007400.0
VALE3,M15,16/06/2025,48.58,48.71,48.46,48.51,99331257.12,2044300.0
VALE3,M15,16/06/2025,48.31,48.69,48.28,48.58,175790000.61,3627700.0
VALE3,M15,16/06/2025,47.79,48.34,47.79,48.31,240345688.28,4989000.0
VALE3,M15,16/06/2025,47.37,47.82,47.37,47.79,155003678.7,3249700.0
VALE3,M15,16/06/2025,47.38,47.48,47.34,47.38,14555861.09,307100.0
VALE3,M15,16/06/2025,47.15,47.43,47.15,47.38,23293931.34,492300.0
VALE3,M15,13/06/2025,46.97,47.1,46.88,46.88,2192086.67,46700.0
VALE3,M15,13/06/2025,47.0,47.1,46.98,46.98,113696538.81,2419300.0
VALE3,M15,13/06/2025,46.99,47.03,46.97,47.0,18419269.49,391900.0
VALE3,M15,13/06/2025,46.95,47.04,46.93,46.99,63718748.35,1356400.0
VALE3,M15,13/06/2025,46.97,47.03,46.93,46.95,12149585.3,258700.0
VALE3,M15,13/06/2025,46.93,46.98,46.92,46.97,15241622.83,324600.0
VALE3,M15,13/06/2025,46.95,46.98,46.91,46.92,10654826.39,227000.0
VALE3,M15,13/06/2025,47.03,47.04,46.92,46.96,11089199.9,236100.0
VALE3,M15,13/06/2025,47.11,47.11,46.99,47.03,13590207.5,288900.0
VALE3,M15,13/06/2025,47.1,47.1,47.06,47.1,6525056.94,138600.0
VALE3,M15,13/06/2025,47.15,47.16,47.06,47.09,8946294.75,189900.0
VALE3,M15,13/06/2025,47.21,47.22,47.14,47.15,8069886.02,171100.0
VALE3,M15,13/06/2025,47.22,47.24,47.19,47.22,6190512.84,131100.0
VALE3,M15,13/06/2025,47.19,47.23,47.18,47.22,6933835.22,146900.0
VALE3,M15,13/06/2025,47.22,47.3,47.16,47.19,53679688.19,1135900.0
VALE3,M15,13/06/2025,47.25,47.3,47.2,47.24,14215545.25,300800.0
VALE3,M15,13/06/2025,47.18,47.27,47.15,47.26,15766917.57,333800.0
VALE3,M15,13/06/2025,47.15,47.22,47.14,47.18,9360012.0,198400.0
VALE3,M15,13/06/2025,47.07,47.17,47.06,47.15,15535729.55,329700.0
VALE3,M15,13/06/2025,46.97,47.14,46.96,47.07,24861769.9,528700.0
VALE3,M15,13/06/2025,46.94,46.97,46.88,46.97,13446157.18,286600.0
VALE3,M15,13/06/2025,46.9,46.94,46.83,46.94,16153559.7,344600.0
VALE3,M15,13/06/2025,46.95,47.0,46.88,46.9,14801318.05,315300.0
VALE3,M15,13/06/2025,46.88,47.04,46.88,46.95,16338272.72,348000.0
VALE3,M15,13/06/2025,47.03,47.09,46.88,46.88,30837904.35,656500.0
VALE3,M15,13/06/2025,47.18,47.21,47.01,47.03,18225115.65,387000.0
VALE3,M15,13/06/2025,47.16,47.29,47.1,47.18,28760058.43,609400.0
VALE3,M15,13/06/2025,47.12,47.33,47.09,47.15,27914187.5,591400.0
VALE3,M15,13/06/2025,46.93,47.18,46.87,47.15,26866131.5,571600.0
VALE3,M15,12/06/2025,47.61,47.67,47.59,47.64,1114572.59,23400.0
VALE3,M15,12/06/2025,47.69,47.73,47.61,47.61,108523070.11,2278200.0
VALE3,M15,12/06/2025,47.62,47.71,47.61,47.69,19978288.2,419300.0
VALE3,M15,12/06/2025,47.6,47.64,47.58,47.62,12202940.61,256300.0
VALE3,M15,12/06/2025,47.64,47.65,47.56,47.58,9101544.28,191200.0
VALE3,M15,12/06/2025,47.66,47.69,47.61,47.63,11956510.28,250900.0
VALE3,M15,12/06/2025,47.62,47.69,47.61,47.66,12822645.41,269100.0
VALE3,M15,12/06/2025,47.55,47.64,47.55,47.61,10757119.88,226000.0
VALE3,M15,12/06/2025,47.59,47.63,47.54,47.55,6525536.41,137100.0
VALE3,M15,12/06/2025,47.56,47.61,47.54,47.59,30677130.92,644900.0
VALE3,M15,12/06/2025,47.54,47.58,47.52,47.56,6338575.62,133300.0
VALE3,M15,12/06/2025,47.61,47.63,47.5,47.54,15957036.41,335500.0
VALE3,M15,12/06/2025,47.6,47.66,47.59,47.6,4389792.77,92200.0
VALE3,M15,12/06/2025,47.66,47.67,47.55,47.61,13506844.34,283800.0
VALE3,M15,12/06/2025,47.67,47.7,47.64,47.66,8613503.62,180700.0
VALE3,M15,12/06/2025,47.68,47.7,47.61,47.68,7983472.05,167500.0
VALE3,M15,12/06/2025,47.66,47.73,47.62,47.68,7093775.87,148800.0
VALE3,M15,12/06/2025,47.61,47.7,47.61,47.67,4575581.91,96000.0
VALE3,M15,12/06/2025,47.62,47.65,47.54,47.61,8525613.37,179100.0
VALE3,M15,12/06/2025,47.6,47.67,47.59,47.62,11116682.39,233400.0
VALE3,M15,12/06/2025,47.61,47.66,47.54,47.61,28590080.31,601100.0
VALE3,M15,12/06/2025,47.73,47.75,47.61,47.61,26105703.88,547400.0
VALE3,M15,12/06/2025,47.7,47.79,47.69,47.72,9601609.71,201200.0
VALE3,M15,12/06/2025,47.67,47.8,47.67,47.7,21583489.0,452300.0
VALE3,M15,12/06/2025,47.5,47.73,47.5,47.67,32145078.79,675000.0
VALE3,M15,12/06/2025,47.43,47.54,47.4,47.51,23874128.87,503100.0
VALE3,M15,12/06/2025,47.57,47.6,47.29,47.46,34220464.24,722100.0
VALE3,M15,12/06/2025,47.63,47.63,47.48,47.59,28695495.8,603600.0
VALE3,M15,12/06/2025,47.68,47.7,47.46,47.63,13533357.96,284300.0
VALE3,M15,11/06/2025,47.93,47.94,47.8,47.81,689356.01,14400.0
VALE3,M15,11/06/2025,47.86,47.97,47.8,47.93,95775289.77,1998800.0
VALE3,M15,11/06/2025,47.9,47.93,47.82,47.86,29568364.33,617800.0
VALE3,M15,11/06/2025,47.9,47.94,47.88,47.9,16554738.45,345500.0
VALE3,M15,11/06/2025,47.91,47.96,47.86,47.92,22098109.07,461200.0
VALE3,M15,11/06/2025,47.9,47.93,47.87,47.91,18166217.51,379200.0
VALE3,M15,11/06/2025,47.8,47.9,47.79,47.9,13999347.19,292600.0
VALE3,M15,11/06/2025,47.84,47.86,47.76,47.81,30156405.63,631000.0
VALE3,M15,11/06/2025,47.91,47.93,47.82,47.84,20368058.65,425500.0
VALE3,M15,11/06/2025,47.98,48.01,47.88,47.91,18700736.77,390000.0
VALE3,M15,11/06/2025,48.03,48.03,47.95,47.98,11415685.72,237900.0
VALE3,M15,11/06/2025,47.94,48.06,47.92,48.03,28150876.88,586600.0
VALE3,M15,11/06/2025,47.91,48.0,47.89,47.95,21497640.12,448400.0
VALE3,M15,11/06/2025,47.94,47.99,47.89,47.91,19926985.09,415700.0
VALE3,M15,11/06/2025,47.98,48.01,47.91,47.94,8046878.35,167800.0
VALE3,M15,11/06/2025,48.07,48.07,47.96,47.98,10030102.41,209000.0
VALE3,M15,11/06/2025,48.06,48.14,47.99,48.06,15433672.2,321100.0
VALE3,M15,11/06/2025,48.04,48.09,48.0,48.05,31994400.51,666200.0
VALE3,M15,11/06/2025,48.1,48.16,48.03,48.04,20720446.14,430900.0
VALE3,M15,11/06/2025,48.12,48.13,48.06,48.1,6483155.89,134800.0
VALE3,M15,11/06/2025,48.27,48.37,48.04,48.1,51085195.24,1060700.0
VALE3,M15,11/06/2025,48.24,48.33,48.19,48.27,15575755.95,322700.0
VALE3,M15,11/06/2025,48.21,48.3,48.17,48.23,9400680.1,194900.0
VALE3,M15,11/06/2025,48.22,48.28,48.09,48.22,12993627.55,269700.0
VALE3,M15,11/06/2025,48.07,48.28,48.07,48.22,23441020.75,486300.0
VALE3,M15,11/06/2025,47.9,48.08,47.87,48.05,16073024.73,335000.0
VALE3,M15,11/06/2025,48.19,48.19,47.79,47.88,37238495.6,776800.0
VALE3,M15,11/06/2025,48.21,48.22,48.08,48.18,27929067.5,580000.0
VALE3,M15,11/06/2025,48.5,48.5,48.06,48.2,21176149.15,439200.0
VALE3,M15,10/06/2025,48.31,48.49,48.26,48.49,706413.48,14600.0
VALE3,M15,10/06/2025,48.32,48.39,48.26,48.35,131645376.7,2723000.0
VALE3,M15,10/06/2025,48.35,48.36,48.28,48.31,33301488.43,689300.0
VALE3,M15,10/06/2025,48.38,48.41,48.35,48.35,16675820.76,344700.0
VALE3,M15,10/06/2025,48.29,48.42,48.28,48.39,51626880.51,1068500.0
VALE3,M15,10/06/2025,48.27,48.29,48.21,48.29,20511566.41,425100.0
VALE3,M15,10/06/2025,48.32,48.36,48.26,48.26,16937231.13,350600.0
VALE3,M15,10/06/2025,48.33,48.35,48.3,48.31,12438870.22,257400.0
VALE3,M15,10/06/2025,48.47,48.48,48.32,48.34,16389547.89,338800.0
VALE3,M15,10/06/2025,48.46,48.48,48.44,48.47,6076861.52,125400.0
VALE3,M15,10/06/2025,48.49,48.5,48.4,48.46,15144283.64,312600.0
VALE3,M15,10/06/2025,48.48,48.52,48.46,48.49,10377267.93,214000.0
VALE3,M15,10/06/2025,48.37,48.52,48.36,48.48,18206035.71,375700.0
VALE3,M15,10/06/2025,48.37,48.4,48.34,48.37,6652056.09,137500.0
VALE3,M15,10/06/2025,48.39,48.43,48.34,48.37,42264903.74,873700.0
VALE3,M15,10/06/2025,48.47,48.49,48.37,48.4,25948680.64,535600.0
VALE3,M15,10/06/2025,48.47,48.55,48.46,48.47,28581812.94,589100.0
VALE3,M15,10/06/2025,48.45,48.5,48.41,48.48,33098902.28,682800.0
VALE3,M15,10/06/2025,48.41,48.46,48.33,48.46,167243221.77,3454400.0
VALE3,M15,10/06/2025,48.41,48.42,48.34,48.41,6579389.23,136000.0
VALE3,M15,10/06/2025,48.43,48.45,48.33,48.42,18243479.07,377100.0
VALE3,M15,10/06/2025,48.4,48.5,48.3,48.43,52890461.32,1092800.0
VALE3,M15,10/06/2025,48.49,48.52,48.33,48.4,36465653.86,753200.0
VALE3,M15,10/06/2025,48.36,48.52,48.31,48.49,33855183.15,699500.0
VALE3,M15,10/06/2025,48.18,48.37,48.14,48.36,33723524.42,698700.0
VALE3,M15,10/06/2025,48.02,48.21,48.01,48.17,23459482.41,487700.0
VALE3,M15,10/06/2025,47.95,48.08,47.9,48.02,20757968.8,432500.0
VALE3,M15,10/06/2025,48.09,48.1,47.87,47.97,13608647.53,283800.0
VALE3,M15,10/06/2025,48.04,48.15,47.9,48.09,19998725.45,416500.0
VALE3,M15,09/06/2025,48.02,48.04,47.88,48.04,2178057.47,45400.0
VALE3,M15,09/06/2025,47.89,48.03,47.86,48.03,146914829.91,3060400.0
VALE3,M15,09/06/2025,47.95,47.96,47.88,47.9,20303016.55,423700.0
VALE3,M15,09/06/2025,47.94,47.97,47.89,47.94,15408516.79,321500.0
VALE3,M15,09/06/2025,47.92,47.95,47.88,47.93,13929232.73,290700.0
VALE3,M15,09/06/2025,47.91,47.98,47.9,47.92,19155888.21,399600.0
VALE3,M15,09/06/2025,47.91,47.96,47.86,47.9,23348862.97,487300.0
VALE3,M15,09/06/2025,47.9,47.91,47.84,47.9,13707837.03,286300.0
VALE3,M15,09/06/2025,47.89,47.93,47.88,47.9,20431418.98,426500.0
VALE3,M15,09/06/2025,47.96,47.97,47.89,47.9,12705536.81,265100.0
VALE3,M15,09/06/2025,47.88,48.0,47.87,47.96,17366365.54,362200.0
VALE3,M15,09/06/2025,47.84,47.89,47.82,47.88,12919901.68,269900.0
VALE3,M15,09/06/2025,47.8,47.86,47.79,47.84,10698761.61,223700.0
VALE3,M15,09/06/2025,47.79,47.82,47.75,47.81,14397270.55,301300.0
VALE3,M15,09/06/2025,47.74,47.79,47.72,47.79,6289139.05,131700.0
VALE3,M15,09/06/2025,47.75,47.79,47.7,47.74,12142822.16,254300.0
VALE3,M15,09/06/2025,47.66,47.76,47.65,47.75,27597235.33,578500.0
VALE3,M15,09/06/2025,47.6,47.7,47.6,47.66,11303460.22,237200.0
VALE3,M15,09/06/2025,47.52,47.64,47.51,47.61,16680095.49,350700.0
VALE3,M15,09/06/2025,47.49,47.55,47.42,47.52,19761269.99,416100.0
VALE3,M15,09/06/2025,47.44,47.55,47.42,47.48,37631407.89,792100.0
VALE3,M15,09/06/2025,47.52,47.6,47.43,47.44,11527829.21,242600.0
VALE3,M15,09/06/2025,47.68,47.68,47.47,47.52,21373660.23,449500.0
VALE3,M15,09/06/2025,47.71,47.76,47.56,47.66,31997727.11,671100.0
VALE3,M15,09/06/2025,47.63,47.76,47.61,47.71,18439541.8,386500.0
VALE3,M15,09/06/2025,47.76,47.79,47.61,47.63,23755373.65,498300.0
VALE3,M15,09/06/2025,47.78,47.88,47.74,47.76,18019585.95,376800.0
VALE3,M15,09/06/2025,47.7,47.83,47.61,47.79,13192559.03,276600.0
VALE3,M15,09/06/2025,47.67,47.72,47.56,47.7,9699703.26,203600.0
VALE3,M15,06/06/2025,47.7,47.75,47.68,47.68,209867.52,4400.0
VALE3,M15,06/06/2025,47.7,47.75,47.65,47.75,203478109.41,4262000.0
VALE3,M15,06/06/2025,47.61,47.74,47.61,47.72,39485923.09,828200.0
VALE3,M15,06/06/2025,47.62,47.66,47.6,47.61,23773122.4,499200.0
VALE3,M15,06/06/2025,47.61,47.65,47.6,47.61,17578125.74,369200.0
VALE3,M15,06/06/2025,47.56,47.63,47.54,47.61,13737698.88,288600.0
VALE3,M15,06/06/2025,47.58,47.61,47.51,47.55,18376335.59,386400.0
VALE3,M15,06/06/2025,47.65,47.67,47.57,47.58,26658546.9,560000.0
VALE3,M15,06/06/2025,47.65,47.73,47.61,47.66,19294048.72,404700.0
VALE3,M15,06/06/2025,47.64,47.7,47.63,47.67,9812683.13,205900.0
VALE3,M15,06/06/2025,47.61,47.65,47.57,47.63,12416557.43,260800.0
VALE3,M15,06/06/2025,47.68,47.73,47.59,47.62,27333447.4,573400.0
VALE3,M15,06/06/2025,47.64,47.7,47.6,47.68,25110513.79,526900.0
VALE3,M15,06/06/2025,47.69,47.71,47.6,47.64,12344652.13,259000.0
VALE3,M15,06/06/2025,47.72,47.78,47.68,47.7,11544443.26,241900.0
VALE3,M15,06/06/2025,47.79,47.81,47.71,47.71,9718805.72,203500.0
VALE3,M15,06/06/2025,47.9,47.91,47.78,47.8,9706755.72,202900.0
VALE3,M15,06/06/2025,47.91,47.92,47.87,47.9,8601398.64,179600.0
VALE3,M15,06/06/2025,47.83,47.92,47.83,47.91,24269672.87,506900.0
VALE3,M15,06/06/2025,47.7,47.88,47.59,47.85,22259604.41,466100.0
VALE3,M15,06/06/2025,47.61,47.73,47.61,47.68,25104077.81,526600.0
VALE3,M15,06/06/2025,47.62,47.66,47.56,47.61,30479059.25,640000.0
VALE3,M15,06/06/2025,47.72,47.76,47.54,47.62,23895635.03,501300.0
VALE3,M15,06/06/2025,47.95,47.97,47.69,47.73,39114945.96,818600.0
VALE3,M15,06/06/2025,47.89,47.99,47.85,47.95,27665650.0,577400.0
VALE3,M15,06/06/2025,47.91,47.97,47.84,47.91,23293560.92,486300.0
VALE3,M15,06/06/2025,47.95,48.1,47.86,47.9,32171970.95,671000.0
VALE3,M15,06/06/2025,47.93,48.19,47.92,47.97,27164306.57,564800.0
VALE3,M15,06/06/2025,47.9,48.04,47.69,47.9,29849609.0,623300.0
VALE3,M15,05/06/2025,47.69,47.79,47.68,47.72,634984.06,13300.0
VALE3,M15,05/06/2025,47.74,47.82,47.65,47.69,139501276.39,2924000.0
VALE3,M15,05/06/2025,47.81,47.82,47.72,47.77,26751515.82,560000.0
VALE3,M15,05/06/2025,47.86,47.88,47.79,47.79,22018723.22,460500.0
VALE3,M15,05/06/2025,47.92,47.94,47.85,47.86,8535453.46,178200.0
VALE3,M15,05/06/2025,47.89,47.95,47.88,47.92,9439883.63,197000.0
VALE3,M15,05/06/2025,47.93,47.97,47.87,47.91,18857075.04,393600.0
VALE3,M15,05/06/2025,47.99,48.0,47.9,47.94,29149293.52,608200.0
VALE3,M15,05/06/2025,48.04,48.05,47.97,47.99,9590373.55,199800.0
VALE3,M15,05/06/2025,48.12,48.12,48.01,48.04,6200460.18,129000.0
VALE3,M15,05/06/2025,48.17,48.17,48.11,48.11,10743800.88,223200.0
VALE3,M15,05/06/2025,48.21,48.22,48.16,48.16,3981083.89,82600.0
VALE3,M15,05/06/2025,48.24,48.26,48.2,48.21,5479951.7,113600.0
VALE3,M15,05/06/2025,48.23,48.25,48.15,48.24,10266240.21,213000.0
VALE3,M15,05/06/2025,48.25,48.27,48.22,48.23,5875896.77,121800.0
VALE3,M15,05/06/2025,48.29,48.3,48.22,48.25,10268175.24,212800.0
VALE3,M15,05/06/2025,48.3,48.32,48.26,48.29,5408753.91,112000.0
VALE3,M15,05/06/2025,48.25,48.34,48.2,48.29,20043325.8,415200.0
VALE3,M15,05/06/2025,48.32,48.33,48.25,48.25,14782047.95,306200.0
VALE3,M15,05/06/2025,48.29,48.35,48.26,48.32,13064178.23,270400.0
VALE3,M15,05/06/2025,48.31,48.36,48.27,48.29,21362273.56,442100.0
VALE3,M15,05/06/2025,48.25,48.33,48.23,48.31,11537142.06,239000.0
VALE3,M15,05/06/2025,48.27,48.33,48.21,48.25,17799142.9,368800.0
VALE3,M15,05/06/2025,48.13,48.33,48.13,48.28,24758437.25,513300.0
VALE3,M15,05/06/2025,48.23,48.25,48.06,48.14,36722402.85,762900.0
VALE3,M15,05/06/2025,48.22,48.28,48.11,48.22,39929888.83,828500.0
VALE3,M15,05/06/2025,48.01,48.33,47.95,48.22,48085341.63,998500.0
VALE3,M15,05/06/2025,48.06,48.06,47.88,48.0,18167284.62,378800.0
VALE3,M15,05/06/2025,47.77,48.07,47.66,48.06,15686930.57,327700.0
VALE3,M15,04/06/2025,47.54,47.54,47.18,47.2,7512962.04,158800.0
VALE3,M15,04/06/2025,47.62,47.65,47.51,47.56,77747063.33,1634600.0
VALE3,M15,04/06/2025,47.55,47.64,47.52,47.62,20990806.14,441200.0
VALE3,M15,04/06/2025,47.57,47.59,47.5,47.56,11321531.63,238100.0
VALE3,M15,04/06/2025,47.61,47.63,47.55,47.57,12830426.09,269600.0
VALE3,M15,04/06/2025,47.54,47.63,47.53,47.61,13924873.27,292600.0
VALE3,M15,04/06/2025,47.56,47.6,47.52,47.53,25714120.07,540700.0
VALE3,M15,04/06/2025,47.61,47.62,47.52,47.55,7862288.8,165300.0
VALE3,M15,04/06/2025,47.53,47.63,47.52,47.62,14059752.25,295500.0
VALE3,M15,04/06/2025,47.6,47.61,47.52,47.53,11353835.92,238700.0
VALE3,M15,04/06/2025,47.66,47.72,47.6,47.61,14192885.46,297800.0
VALE3,M15,04/06/2025,47.66,47.72,47.65,47.66,5775406.73,121100.0
VALE3,M15,04/06/2025,47.74,47.77,47.67,47.67,10257012.99,215000.0
VALE3,M15,04/06/2025,47.79,47.81,47.74,47.74,7323741.76,153300.0
VALE3,M15,04/06/2025,47.79,47.82,47.77,47.79,15660256.52,327700.0
VALE3,M15,04/06/2025,47.81,47.86,47.77,47.79,8739387.0,182800.0
VALE3,M15,04/06/2025,47.86,47.87,47.79,47.81,5673042.04,118600.0
VALE3,M15,04/06/2025,47.84,47.89,47.79,47.86,10894717.99,227700.0
VALE3,M15,04/06/2025,47.92,47.92,47.78,47.84,16522532.4,345200.0
VALE3,M15,04/06/2025,48.01,48.03,47.88,47.9,15263090.23,318300.0
VALE3,M15,04/06/2025,47.97,48.06,47.97,48.01,34303673.28,714400.0
VALE3,M15,04/06/2025,47.97,47.99,47.88,47.97,15386760.09,321000.0
VALE3,M15,04/06/2025,47.97,48.0,47.88,47.97,38324511.39,799300.0
VALE3,M15,04/06/2025,47.9,47.99,47.88,47.95,19231052.5,401100.0
VALE3,M15,04/06/2025,47.85,47.92,47.73,47.92,23944269.47,500400.0
VALE3,M15,04/06/2025,47.96,48.04,47.82,47.86,38341532.81,799900.0
VALE3,M15,04/06/2025,47.65,48.04,47.64,47.95,43039485.84,899400.0
VALE3,M15,04/06/2025,47.59,47.71,47.59,47.62,19813650.12,416000.0
VALE3,M15,04/06/2025,47.42,47.61,47.42,47.59,13331531.59,280600.0
VALE3,M15,03/06/2025,47.29,47.44,47.24,47.42,1980952.86,41800.0
VALE3,M15,03/06/2025,47.28,47.34,47.2,47.34,71799567.7,1517700.0
VALE3,M15,03/06/2025,47.23,47.31,47.21,47.3,16274245.45,344400.0
VALE3,M15,03/06/2025,47.21,47.24,47.18,47.24,11119874.7,235500.0
VALE3,M15,03/06/2025,47.24,47.25,47.17,47.22,9396034.04,199000.0
VALE3,M15,03/06/2025,47.19,47.28,47.19,47.24,6402174.79,135500.0
VALE3,M15,03/06/2025,47.27,47.29,47.17,47.21,11752503.73,248800.0
VALE3,M15,03/06/2025,47.29,47.37,47.25,47.26,15914492.77,336400.0
VALE3,M15,03/06/2025,47.26,47.44,47.26,47.29,29177702.52,616300.0
VALE3,M15,03/06/2025,47.21,47.29,47.2,47.27,11179673.2,236600.0
VALE3,M15,03/06/2025,47.17,47.25,47.15,47.21,10139757.49,214800.0
VALE3,M15,03/06/2025,47.21,47.24,47.17,47.17,5682183.64,120400.0
VALE3,M15,03/06/2025,47.22,47.25,47.19,47.21,8212476.28,173900.0
VALE3,M15,03/06/2025,47.2,47.24,47.19,47.22,5217421.05,110500.0
VALE3,M15,03/06/2025,47.17,47.23,47.15,47.21,5511804.46,116800.0
VALE3,M15,03/06/2025,47.2,47.24,47.17,47.18,7195016.67,152400.0
VALE3,M15,03/06/2025,47.2,47.23,47.14,47.2,7902709.05,167500.0
VALE3,M15,03/06/2025,47.09,47.22,47.03,47.2,22398399.42,475500.0
VALE3,M15,03/06/2025,47.05,47.16,47.04,47.09,10815105.92,229600.0
VALE3,M15,03/06/2025,47.1,47.12,47.01,47.05,16084643.03,341800.0
VALE3,M15,03/06/2025,47.08,47.15,47.04,47.11,18160010.45,385600.0
VALE3,M15,03/06/2025,47.04,47.1,46.98,47.08,18298834.3,389000.0
VALE3,M15,03/06/2025,47.04,47.08,46.98,47.03,19364908.53,411800.0
VALE3,M15,03/06/2025,46.96,47.05,46.89,47.04,29724385.35,632400.0
VALE3,M15,03/06/2025,46.98,47.01,46.85,46.96,18305664.14,390100.0
VALE3,M15,03/06/2025,47.01,47.04,46.92,46.99,13387044.54,285000.0
VALE3,M15,03/06/2025,47.01,47.02,46.75,47.01,29372840.55,626600.0
VALE3,M15,03/06/2025,46.96,47.07,46.88,47.01,21485270.16,457300.0
VALE3,M15,03/06/2025,46.8,47.02,46.75,46.96,151304740.75,3231900.0
VALE3,M15,02/06/2025,47.37,47.41,47.32,47.32,1093927.15,23100.0
VALE3,M15,02/06/2025,47.33,47.39,47.32,47.37,71610186.99,1511900.0
VALE3,M15,02/06/2025,47.4,47.41,47.31,47.33,17768536.6,375200.0
VALE3,M15,02/06/2025,47.42,47.46,47.38,47.4,12122840.95,255600.0
VALE3,M15,02/06/2025,47.32,47.43,47.32,47.42,17832343.06,376400.0
VALE3,M15,02/06/2025,47.35,47.36,47.31,47.33,10535826.93,222600.0
VALE3,M15,02/06/2025,47.36,47.37,47.32,47.36,8507740.24,179700.0
VALE3,M15,02/06/2025,47.31,47.38,47.3,47.34,10374096.35,219100.0
VALE3,M15,02/06/2025,47.32,47.33,47.24,47.3,14810301.93,313300.0
VALE3,M15,02/06/2025,47.31,47.33,47.26,47.33,11815611.71,249800.0
VALE3,M15,02/06/2025,47.26,47.33,47.25,47.32,11139871.22,235500.0
VALE3,M15,02/06/2025,47.31,47.33,47.26,47.27,10898947.66,230400.0
VALE3,M15,02/06/2025,47.3,47.38,47.28,47.32,14497104.46,306400.0
VALE3,M15,02/06/2025,47.2,47.33,47.19,47.31,20611759.03,436100.0
VALE3,M15,02/06/2025,47.29,47.33,47.2,47.21,15762731.16,333600.0
VALE3,M15,02/06/2025,47.29,47.31,47.23,47.29,14297153.64,302400.0
VALE3,M15,02/06/2025,47.34,47.39,47.29,47.29,7214207.45,152400.0
VALE3,M15,02/06/2025,47.33,47.39,47.31,47.36,7092776.36,149800.0
VALE3,M15,02/06/2025,47.35,47.37,47.31,47.34,5273547.77,111400.0
VALE3,M15,02/06/2025,47.4,47.4,47.33,47.35,8511287.65,179700.0
VALE3,M15,02/06/2025,47.45,47.46,47.33,47.39,9761771.17,206000.0
VALE3,M15,02/06/2025,47.44,47.5,47.38,47.45,13581048.77,286300.0
VALE3,M15,02/06/2025,47.49,47.52,47.39,47.45,454283076.88,9572600.0
VALE3,M15,02/06/2025,47.39,47.54,47.38,47.47,19131958.53,403200.0
VALE3,M15,02/06/2025,47.25,47.43,47.16,47.39,25981870.89,549000.0
VALE3,M15,02/06/2025,47.39,47.41,47.15,47.26,29212241.07,617600.0
VALE3,M15,02/06/2025,47.23,47.47,47.19,47.41,29841251.5,630200.0
VALE3,M15,02/06/2025,47.41,47.42,47.17,47.25,18192816.76,384800.0
VALE3,M15,02/06/2025,47.39,47.45,47.1,47.38,21462361.63,453600.0
VALE3,M15,30/05/2025,46.97,47.03,46.91,46.91,1849725.84,39400.0
VALE3,M15,30/05/2025,46.93,47.08,46.91,46.96,550668398.99,11725800.0
VALE3,M15,30/05/2025,47.01,47.03,46.92,46.94,51247057.4,1090900.0
VALE3,M15,30/05/2025,47.03,47.03,46.96,47.01,43958319.25,935400.0
VALE3,M15,30/05/2025,47.09,47.16,47.0,47.02,38177418.37,810900.0
VALE3,M15,30/05/2025,47.27,47.29,47.06,47.09,35534965.12,753500.0
VALE3,M15,30/05/2025,47.27,47.31,47.24,47.26,12666430.62,267900.0
VALE3,M15,30/05/2025,47.24,47.3,47.22,47.26,24236371.77,512800.0
VALE3,M15,30/05/2025,47.15,47.28,47.15,47.24,16527859.82,350000.0
VALE3,M15,30/05/2025,47.21,47.24,47.1,47.15,16074415.39,340700.0
VALE3,M15,30/05/2025,47.16,47.3,47.16,47.23,18724430.31,396400.0
VALE3,M15,30/05/2025,47.13,47.18,47.06,47.17,47065856.85,999100.0
VALE3,M15,30/05/2025,47.14,47.25,47.09,47.12,36410552.79,771900.0
VALE3,M15,30/05/2025,47.19,47.22,47.09,47.15,24694955.25,523700.0
VALE3,M15,30/05/2025,47.32,47.33,47.18,47.2,33924845.18,717600.0
VALE3,M15,30/05/2025,47.44,47.45,47.28,47.32,15679539.24,331100.0
VALE3,M15,30/05/2025,47.45,47.46,47.39,47.44,12264034.24,258600.0
VALE3,M15,30/05/2025,47.53,47.54,47.42,47.44,28175543.8,593400.0
VALE3,M15,30/05/2025,47.61,47.62,47.5,47.52,17398826.66,365900.0
VALE3,M15,30/05/2025,47.66,47.66,47.57,47.62,15738833.03,330600.0
VALE3,M15,30/05/2025,47.64,47.7,47.61,47.68,18536843.14,388900.0
VALE3,M15,30/05/2025,47.7,47.71,47.61,47.65,36072902.9,757000.0
VALE3,M15,30/05/2025,47.7,47.73,47.65,47.7,15708623.29,329400.0
VALE3,M15,30/05/2025,47.71,47.73,47.62,47.7,30921253.99,648600.0
VALE3,M15,30/05/2025,47.78,47.81,47.62,47.71,40585508.42,850800.0
VALE3,M15,30/05/2025,47.58,47.81,47.54,47.79,32368497.84,679200.0
VALE3,M15,30/05/2025,48.02,48.02,47.54,47.57,101224423.37,2121800.0
VALE3,M15,30/05/2025,48.06,48.07,47.98,48.0,8036037.84,167300.0
VALE3,M15,30/05/2025,48.08,48.12,47.95,48.05,10925051.21,227500.0
VALE3,M15,29/05/2025,48.21,48.21,48.08,48.08,1790304.06,37200.0
VALE3,M15,29/05/2025,48.19,48.23,48.14,48.17,58797068.93,1220400.0
VALE3,M15,29/05/2025,48.24,48.25,48.15,48.19,22041949.9,457300.0
VALE3,M15,29/05/2025,48.3,48.3,48.22,48.23,14229997.15,294900.0
VALE3,M15,29/05/2025,48.21,48.3,48.21,48.3,15609128.25,323500.0
VALE3,M15,29/05/2025,48.25,48.25,48.18,48.21,11048387.59,229100.0
VALE3,M15,29/05/2025,48.25,48.31,48.2,48.25,16526907.17,342500.0
VALE3,M15,29/05/2025,48.3,48.33,48.25,48.25,11391768.67,236000.0
VALE3,M15,29/05/2025,48.27,48.34,48.26,48.29,19920169.67,412400.0
VALE3,M15,29/05/2025,48.22,48.29,48.2,48.27,8457935.04,175300.0
VALE3,M15,29/05/2025,48.19,48.27,48.13,48.2,27460809.77,569500.0
VALE3,M15,29/05/2025,48.22,48.25,48.16,48.19,13880263.91,287900.0
VALE3,M15,29/05/2025,48.2,48.23,48.15,48.21,5807790.34,120500.0
VALE3,M15,29/05/2025,48.17,48.21,48.13,48.19,6024282.21,125100.0
VALE3,M15,29/05/2025,48.17,48.21,48.12,48.16,3910758.53,81200.0
VALE3,M15,29/05/2025,48.18,48.25,48.16,48.18,10041638.69,208300.0
VALE3,M15,29/05/2025,48.09,48.18,48.06,48.17,5331690.63,110800.0
VALE3,M15,29/05/2025,48.17,48.18,48.06,48.09,11912138.85,247500.0
VALE3,M15,29/05/2025,48.29,48.29,48.15,48.16,9098141.07,188800.0
VALE3,M15,29/05/2025,48.28,48.32,48.22,48.29,5637011.89,116800.0
VALE3,M15,29/05/2025,48.31,48.34,48.26,48.28,7549107.56,156300.0
VALE3,M15,29/05/2025,48.26,48.35,48.25,48.31,16996337.46,351800.0
VALE3,M15,29/05/2025,48.29,48.33,48.16,48.26,23794552.85,493100.0
VALE3,M15,29/05/2025,48.17,48.32,48.11,48.29,18072569.03,374700.0
VALE3,M15,29/05/2025,48.11,48.17,48.07,48.17,19381669.49,402800.0
VALE3,M15,29/05/2025,48.1,48.2,48.06,48.11,31039033.14,644900.0
VALE3,M15,29/05/2025,48.38,48.38,48.06,48.11,44846378.72,930700.0
VALE3,M15,29/05/2025,48.49,48.55,48.33,48.4,16155624.52,333500.0
VALE3,M15,29/05/2025,48.43,48.56,48.25,48.5,37441516.16,773300.0
VALE3,M15,28/05/2025,48.14,48.17,48.08,48.17,1323694.76,27500.0
VALE3,M15,28/05/2025,48.06,48.14,48.02,48.14,151139812.46,3141300.0
VALE3,M15,28/05/2025,48.1,48.12,48.04,48.06,34974443.26,727300.0
VALE3,M15,28/05/2025,48.1,48.13,48.05,48.1,9604250.43,199700.0
VALE3,M15,28/05/2025,48.19,48.19,48.05,48.07,15805742.57,328500.0
VALE3,M15,28/05/2025,48.15,48.19,48.04,48.18,23322985.65,484700.0
VALE3,M15,28/05/2025,48.16,48.19,48.11,48.15,15945388.37,331200.0
VALE3,M15,28/05/2025,48.22,48.23,48.13,48.16,53966327.88,1120300.0
VALE3,M15,28/05/2025,48.19,48.25,48.15,48.22,21784330.28,451900.0
VALE3,M15,28/05/2025,48.12,48.2,48.12,48.19,23077848.64,479200.0
VALE3,M15,28/05/2025,48.22,48.27,48.09,48.14,32405592.4,672400.0
VALE3,M15,28/05/2025,48.27,48.34,48.17,48.19,41556843.63,861400.0
VALE3,M15,28/05/2025,48.16,48.28,48.14,48.27,161670203.81,3355700.0
VALE3,M15,28/05/2025,48.1,48.17,48.08,48.15,18273011.95,379800.0
VALE3,M15,28/05/2025,48.1,48.15,48.08,48.1,10396976.94,216100.0
VALE3,M15,28/05/2025,48.1,48.14,48.08,48.1,6821981.04,141800.0
VALE3,M15,28/05/2025,48.09,48.15,48.08,48.1,5908253.34,122800.0
VALE3,M15,28/05/2025,48.12,48.15,48.07,48.1,11929928.16,248000.0
VALE3,M15,28/05/2025,48.19,48.19,48.09,48.14,12175139.07,253000.0
VALE3,M15,28/05/2025,48.19,48.24,48.11,48.19,19829056.46,411700.0
VALE3,M15,28/05/2025,48.24,48.28,48.19,48.19,8319459.99,172500.0
VALE3,M15,28/05/2025,48.27,48.31,48.19,48.25,6763789.5,140200.0
VALE3,M15,28/05/2025,48.15,48.33,48.13,48.27,14006213.98,290400.0
VALE3,M15,28/05/2025,48.18,48.2,48.1,48.15,11820474.07,245500.0
VALE3,M15,28/05/2025,48.15,48.25,48.14,48.17,16303495.33,338300.0
VALE3,M15,28/05/2025,48.0,48.17,47.97,48.16,37843401.51,787200.0
VALE3,M15,28/05/2025,48.39,48.39,47.94,47.99,69235983.87,1438700.0
VALE3,M15,28/05/2025,48.34,48.47,48.32,48.41,8715915.17,180100.0
VALE3,M15,28/05/2025,48.43,48.48,48.32,48.34,7421626.22,153400.0
VALE3,M15,27/05/2025,48.52,48.52,48.42,48.52,509043.9,10500.0
VALE3,M15,27/05/2025,48.41,48.52,48.41,48.52,336505371.51,6935200.0
VALE3,M15,27/05/2025,48.4,48.46,48.36,48.43,27900975.75,576300.0
VALE3,M15,27/05/2025,48.42,48.43,48.4,48.4,12515865.0,258500.0
VALE3,M15,27/05/2025,48.39,48.42,48.35,48.41,10508843.74,217200.0
VALE3,M15,27/05/2025,48.41,48.43,48.36,48.38,11349744.15,234500.0
VALE3,M15,27/05/2025,48.45,48.45,48.39,48.41,13415649.12,277100.0
VALE3,M15,27/05/2025,48.45,48.49,48.37,48.44,14372869.51,296800.0
VALE3,M15,27/05/2025,48.43,48.49,48.42,48.45,48814034.56,1007800.0
VALE3,M15,27/05/2025,48.39,48.47,48.39,48.45,12104364.88,249900.0
VALE3,M15,27/05/2025,48.43,48.43,48.39,48.39,14828651.83,306300.0
VALE3,M15,27/05/2025,48.45,48.47,48.4,48.42,8746177.19,180600.0
VALE3,M15,27/05/2025,48.4,48.45,48.39,48.45,8726218.52,180200.0
VALE3,M15,27/05/2025,48.4,48.43,48.35,48.4,7674831.41,158600.0
VALE3,M15,27/05/2025,48.34,48.46,48.33,48.39,13676532.25,282500.0
VALE3,M15,27/05/2025,48.43,48.44,48.34,48.34,27940718.25,577300.0
VALE3,M15,27/05/2025,48.42,48.47,48.4,48.43,9929967.47,205000.0
VALE3,M15,27/05/2025,48.52,48.55,48.39,48.42,37397311.47,771700.0
VALE3,M15,27/05/2025,48.43,48.56,48.42,48.52,11750618.27,242300.0
VALE3,M15,27/05/2025,48.42,48.46,48.34,48.43,11309976.42,233700.0
VALE3,M15,27/05/2025,48.44,48.49,48.4,48.43,10411157.56,214900.0
VALE3,M15,27/05/2025,48.46,48.52,48.41,48.45,19114995.69,394300.0
VALE3,M15,27/05/2025,48.45,48.48,48.36,48.48,20475450.63,422900.0
VALE3,M15,27/05/2025,48.48,48.57,48.43,48.44,22514129.97,464200.0
VALE3,M15,27/05/2025,48.61,48.66,48.4,48.48,38315588.79,789500.0
VALE3,M15,27/05/2025,48.78,48.8,48.59,48.61,25224360.69,518500.0
VALE3,M15,27/05/2025,48.67,48.86,48.62,48.79,36424253.93,747200.0
VALE3,M15,27/05/2025,48.73,48.73,48.58,48.67,28663800.76,589000.0
VALE3,M15,27/05/2025,48.67,48.83,48.61,48.69,29231253.4,600500.0
VALE3,M15,26/05/2025,48.69,48.7,48.53,48.65,2138095.96,44000.0
VALE3,M15,26/05/2025,48.6,48.68,48.6,48.68,63270936.87,1300100.0
VALE3,M15,26/05/2025,48.61,48.62,48.58,48.6,15211363.52,313000.0
VALE3,M15,26/05/2025,48.6,48.67,48.56,48.61,15815754.8,325400.0
VALE3,M15,26/05/2025,48.52,48.61,48.49,48.6,10505806.45,216400.0
VALE3,M15,26/05/2025,48.58,48.58,48.52,48.52,4354067.25,89700.0
VALE3,M15,26/05/2025,48.53,48.58,48.52,48.58,5543504.0,114200.0
VALE3,M15,26/05/2025,48.58,48.59,48.52,48.54,4204383.97,86600.0
VALE3,M15,26/05/2025,48.56,48.6,48.53,48.59,6429112.91,132400.0
VALE3,M15,26/05/2025,48.54,48.59,48.53,48.57,4117497.73,84800.0
VALE3,M15,26/05/2025,48.59,48.6,48.52,48.55,7692084.46,158400.0
VALE3,M15,26/05/2025,48.57,48.65,48.54,48.6,29749610.15,612300.0
VALE3,M15,26/05/2025,48.62,48.64,48.56,48.6,4839897.08,99600.0
VALE3,M15,26/05/2025,48.65,48.67,48.61,48.63,3186120.42,65500.0
VALE3,M15,26/05/2025,48.61,48.67,48.61,48.66,8317534.87,171000.0
VALE3,M15,26/05/2025,48.64,48.64,48.57,48.61,15222867.36,313200.0
VALE3,M15,26/05/2025,48.67,48.69,48.62,48.63,15085817.21,310000.0
VALE3,M15,26/05/2025,48.69,48.7,48.62,48.68,3620531.78,74400.0
VALE3,M15,26/05/2025,48.65,48.7,48.61,48.7,9590816.97,197100.0
VALE3,M15,26/05/2025,48.68,48.7,48.6,48.64,5848187.15,120200.0
VALE3,M15,26/05/2025,48.61,48.68,48.58,48.68,3919997.47,80600.0
VALE3,M15,26/05/2025,48.71,48.71,48.59,48.61,10230274.95,210300.0
VALE3,M15,26/05/2025,48.67,48.71,48.63,48.71,5874744.94,120700.0
VALE3,M15,26/05/2025,48.62,48.7,48.58,48.7,14951829.59,307500.0
VALE3,M15,26/05/2025,48.65,48.72,48.54,48.61,22075479.93,453900.0
VALE3,M15,26/05/2025,48.65,48.74,48.61,48.63,14738882.42,302800.0
VALE3,M15,26/05/2025,48.72,48.72,48.61,48.65,26337465.1,541100.0
VALE3,M15,26/05/2025,48.62,48.75,48.61,48.71,6458603.44,132700.0
VALE3,M15,26/05/2025,48.61,48.72,48.51,48.65,10533835.12,216600.0
VALE3,M15,23/05/2025,48.95,49.03,48.9,49.03,484967.32,9900.0
VALE3,M15,23/05/2025,48.87,48.96,48.73,48.96,93909058.93,1919600.0
VALE3,M15,23/05/2025,48.84,48.88,48.75,48.87,32048229.89,656400.0
VALE3,M15,23/05/2025,48.9,48.9,48.81,48.84,15091006.74,308800.0
VALE3,M15,23/05/2025,48.88,48.94,48.85,48.9,8945157.34,182900.0
VALE3,M15,23/05/2025,48.91,48.93,48.86,48.89,12417821.01,254000.0
VALE3,M15,23/05/2025,48.9,48.98,48.83,48.91,11338657.6,231800.0
VALE3,M15,23/05/2025,48.86,48.93,48.79,48.9,17916560.63,366800.0
VALE3,M15,23/05/2025,48.79,48.88,48.78,48.87,22026703.08,451100.0
VALE3,M15,23/05/2025,48.93,48.94,48.79,48.79,15538614.52,318000.0
VALE3,M15,23/05/2025,48.99,49.03,48.89,48.93,16491979.27,336800.0
VALE3,M15,23/05/2025,48.96,49.04,48.95,48.99,28665986.35,585200.0
VALE3,M15,23/05/2025,48.94,48.99,48.87,48.96,11118550.73,227300.0
VALE3,M15,23/05/2025,49.0,49.01,48.89,48.93,25557935.02,522000.0
VALE3,M15,23/05/2025,49.04,49.06,48.94,48.97,6767993.03,138100.0
VALE3,M15,23/05/2025,48.98,49.07,48.95,49.04,6684206.27,136400.0
VALE3,M15,23/05/2025,48.98,49.07,48.93,48.99,6701630.57,136800.0
VALE3,M15,23/05/2025,48.93,49.03,48.89,48.98,8923990.06,182300.0
VALE3,M15,23/05/2025,48.93,49.02,48.93,48.94,11462452.73,234100.0
VALE3,M15,23/05/2025,48.79,48.98,48.77,48.95,34455349.27,705000.0
VALE3,M15,23/05/2025,48.82,48.89,48.76,48.79,18037101.27,369400.0
VALE3,M15,23/05/2025,48.85,48.93,48.72,48.8,13829913.44,283200.0
VALE3,M15,23/05/2025,48.67,48.88,48.62,48.85,30170416.81,618000.0
VALE3,M15,23/05/2025,48.61,48.74,48.58,48.64,18236499.61,374800.0
VALE3,M15,23/05/2025,48.56,48.7,48.49,48.61,31114260.52,640000.0
VALE3,M15,23/05/2025,48.8,48.81,48.49,48.52,66274079.23,1361200.0
VALE3,M15,23/05/2025,48.65,49.0,48.58,48.78,67188527.95,1377400.0
VALE3,M15,23/05/2025,48.52,48.7,48.43,48.63,40451436.98,832600.0
VALE3,M15,23/05/2025,48.67,48.67,48.3,48.52,47868711.86,987400.0
VALE3,M15,22/05/2025,48.87,48.88,48.61,48.67,4547841.65,93400.0
VALE3,M15,22/05/2025,48.72,48.88,48.7,48.88,129061780.13,2641700.0
VALE3,M15,22/05/2025,48.85,48.86,48.64,48.74,46441255.45,952800.0
VALE3,M15,22/05/2025,48.84,48.92,48.78,48.86,40498933.12,829000.0
VALE3,M15,22/05/2025,48.82,48.88,48.79,48.84,26428116.85,541200.0
VALE3,M15,22/05/2025,48.86,48.92,48.79,48.83,37622636.71,770200.0
VALE3,M15,22/05/2025,49.02,49.05,48.86,48.89,25785075.42,526800.0
VALE3,M15,22/05/2025,49.07,49.09,49.0,49.04,16691427.19,340300.0
VALE3,M15,22/05/2025,49.11,49.12,49.05,49.08,11976340.97,244000.0
VALE3,M15,22/05/2025,49.07,49.15,49.05,49.12,16840750.85,342900.0
VALE3,M15,22/05/2025,49.09,49.15,49.02,49.07,33907451.53,690800.0
VALE3,M15,22/05/2025,48.87,49.12,48.87,49.12,67664053.54,1380800.0
VALE3,M15,22/05/2025,48.85,48.91,48.82,48.87,14533686.2,297400.0
VALE3,M15,22/05/2025,48.89,48.94,48.85,48.86,11599173.91,237200.0
VALE3,M15,22/05/2025,48.92,48.95,48.89,48.89,14396679.31,294300.0
VALE3,M15,22/05/2025,48.87,48.93,48.84,48.92,10934429.84,223700.0
VALE3,M15,22/05/2025,48.76,48.88,48.72,48.88,25687033.24,526200.0
VALE3,M15,22/05/2025,48.76,48.78,48.7,48.75,17366425.93,356400.0
VALE3,M15,22/05/2025,48.81,48.86,48.7,48.76,80713444.59,1653900.0
VALE3,M15,22/05/2025,48.89,48.9,48.79,48.81,25272115.49,517500.0
VALE3,M15,22/05/2025,49.03,49.09,48.88,48.89,27267110.17,556900.0
VALE3,M15,22/05/2025,48.93,49.07,48.93,49.04,25146545.75,513400.0
VALE3,M15,22/05/2025,48.9,48.95,48.86,48.94,14874821.3,304100.0
VALE3,M15,22/05/2025,48.98,49.05,48.89,48.89,27938702.1,570400.0
VALE3,M15,22/05/2025,48.92,49.01,48.84,48.96,25152361.66,514000.0
VALE3,M15,22/05/2025,48.87,48.98,48.78,48.94,29776380.64,609100.0
VALE3,M15,22/05/2025,49.04,49.04,48.73,48.91,51388598.58,1051900.0
VALE3,M15,22/05/2025,49.09,49.17,48.98,49.04,25617841.67,522000.0
VALE3,M15,22/05/2025,49.23,49.25,49.08,49.08,18371652.58,373700.0
VALE3,M15,21/05/2025,49.25,49.25,49.15,49.15,978619.29,19900.0
VALE3,M15,21/05/2025,49.24,49.25,49.14,49.25,132582698.81,2692700.0
VALE3,M15,21/05/2025,49.11,49.26,49.11,49.23,50292316.41,1022000.0
VALE3,M15,21/05/2025,49.15,49.21,49.07,49.11,17524442.36,356700.0
VALE3,M15,21/05/2025,49.18,49.23,49.14,49.16,17258035.34,350900.0
VALE3,M15,21/05/2025,49.21,49.25,49.16,49.18,17869809.84,363200.0
VALE3,M15,21/05/2025,49.16,49.25,49.13,49.22,11912184.82,242100.0
VALE3,M15,21/05/2025,49.12,49.17,49.07,49.16,14798678.22,301200.0
VALE3,M15,21/05/2025,49.21,49.22,49.09,49.12,20361688.46,414300.0
VALE3,M15,21/05/2025,49.26,49.27,49.17,49.21,11675718.95,237200.0
VALE3,M15,21/05/2025,49.23,49.34,49.16,49.26,19429045.76,394300.0
VALE3,M15,21/05/2025,49.49,49.5,49.2,49.25,47319715.47,958800.0
VALE3,M15,21/05/2025,49.52,49.57,49.47,49.49,30957613.11,625200.0
VALE3,M15,21/05/2025,49.56,49.6,49.52,49.53,14059335.86,283700.0
VALE3,M15,21/05/2025,49.6,49.61,49.52,49.56,29601592.43,597100.0
VALE3,M15,21/05/2025,49.64,49.65,49.56,49.61,15106968.27,304600.0
VALE3,M15,21/05/2025,49.64,49.7,49.61,49.64,51199781.17,1031300.0
VALE3,M15,21/05/2025,49.7,49.71,49.64,49.64,8215806.48,165400.0
VALE3,M15,21/05/2025,49.73,49.75,49.63,49.71,11401414.98,229400.0
VALE3,M15,21/05/2025,49.71,49.76,49.69,49.71,15169036.17,305000.0
VALE3,M15,21/05/2025,49.66,49.75,49.64,49.73,19173113.32,385900.0
VALE3,M15,21/05/2025,49.61,49.68,49.58,49.66,12355838.72,249000.0
VALE3,M15,21/05/2025,49.62,49.64,49.57,49.63,19008912.35,383200.0
VALE3,M15,21/05/2025,49.54,49.65,49.51,49.62,25477386.53,514000.0
VALE3,M15,21/05/2025,49.76,49.77,49.53,49.55,29019132.7,584700.0
VALE3,M15,21/05/2025,49.71,49.77,49.62,49.76,15894908.12,319900.0
VALE3,M15,21/05/2025,49.79,49.8,49.66,49.71,19667784.63,395500.0
VALE3,M15,21/05/2025,49.8,49.84,49.71,49.74,22350960.06,449200.0
VALE3,M15,21/05/2025,49.71,49.82,49.66,49.81,15418957.13,309900.0
VALE3,M15,20/05/2025,49.84,49.87,49.72,49.81,2817065.71,56600.0
VALE3,M15,20/05/2025,49.8,49.92,49.77,49.89,94883815.38,1902500.0
VALE3,M15,20/05/2025,49.77,49.84,49.76,49.8,16747148.34,336300.0
VALE3,M15,20/05/2025,49.78,49.85,49.73,49.77,28936023.7,581100.0
VALE3,M15,20/05/2025,49.75,49.79,49.71,49.78,13520566.2,271800.0
VALE3,M15,20/05/2025,49.72,49.78,49.65,49.73,16537127.6,332600.0
VALE3,M15,20/05/2025,49.67,49.77,49.66,49.71,16303991.03,327900.0
VALE3,M15,20/05/2025,49.83,49.85,49.65,49.66,29139588.62,585700.0
VALE3,M15,20/05/2025,49.86,49.89,49.81,49.83,10285070.49,206300.0
VALE3,M15,20/05/2025,49.87,49.89,49.82,49.85,11483888.59,230300.0
VALE3,M15,20/05/2025,49.82,49.87,49.78,49.85,21088477.9,423200.0
VALE3,M15,20/05/2025,49.91,49.91,49.81,49.85,14197527.92,284800.0
VALE3,M15,20/05/2025,49.9,49.96,49.85,49.89,21909052.82,439000.0
VALE3,M15,20/05/2025,49.92,49.95,49.86,49.9,11226930.5,225000.0
VALE3,M15,20/05/2025,49.98,49.98,49.89,49.92,34661946.98,693800.0
VALE3,M15,20/05/2025,49.93,49.98,49.92,49.98,11299189.09,226200.0
VALE3,M15,20/05/2025,49.98,50.05,49.92,49.93,18579037.1,371700.0
VALE3,M15,20/05/2025,49.96,49.99,49.92,49.98,11631194.31,232800.0
VALE3,M15,20/05/2025,49.94,49.98,49.92,49.96,11226382.53,224700.0
VALE3,M15,20/05/2025,49.98,49.99,49.92,49.94,7982897.94,159800.0
VALE3,M15,20/05/2025,49.93,49.99,49.93,49.98,11893201.32,238000.0
VALE3,M15,20/05/2025,49.98,50.01,49.89,49.93,10633905.16,212900.0
VALE3,M15,20/05/2025,49.98,50.0,49.89,49.98,8693559.12,174000.0
VALE3,M15,20/05/2025,49.89,50.0,49.87,49.98,22353396.2,447600.0
VALE3,M15,20/05/2025,49.94,49.98,49.89,49.89,9735957.83,195000.0
VALE3,M15,20/05/2025,49.89,49.98,49.86,49.93,19917647.01,399100.0
VALE3,M15,20/05/2025,49.91,49.98,49.81,49.89,18527386.99,371300.0
VALE3,M15,20/05/2025,49.89,49.97,49.86,49.93,8319358.14,166700.0
VALE3,M15,20/05/2025,49.87,49.94,49.82,49.91,9101527.15,182500.0
VALE3,M15,19/05/2025,49.87,49.93,49.86,49.86,598540.22,12000.0
VALE3,M15,19/05/2025,49.85,49.93,49.8,49.88,121526097.92,2436800.0
VALE3,M15,19/05/2025,49.93,49.93,49.82,49.85,34322545.92,688200.0
VALE3,M15,19/05/2025,49.9,49.95,49.88,49.93,24430516.6,489400.0
VALE3,M15,19/05/2025,49.88,49.92,49.86,49.9,29143803.87,584100.0
VALE3,M15,19/05/2025,49.81,49.89,49.8,49.88,14831582.77,297500.0
VALE3,M15,19/05/2025,49.83,49.89,49.8,49.81,14260318.64,286100.0
VALE3,M15,19/05/2025,49.92,49.92,49.82,49.84,34941001.56,700300.0
VALE3,M15,19/05/2025,49.98,49.99,49.9,49.92,9335670.44,186900.0
VALE3,M15,19/05/2025,49.95,49.98,49.91,49.98,5953227.72,119200.0
VALE3,M15,19/05/2025,49.95,49.99,49.94,49.95,12195879.15,244100.0
VALE3,M15,19/05/2025,49.92,49.95,49.9,49.95,12428778.68,249000.0
VALE3,M15,19/05/2025,49.93,49.97,49.89,49.92,24802440.96,496900.0
VALE3,M15,19/05/2025,49.91,49.96,49.89,49.93,7924082.72,158700.0
VALE3,M15,19/05/2025,50.01,50.02,49.89,49.91,6655138.44,133200.0
VALE3,M15,19/05/2025,49.97,50.02,49.96,50.01,6824373.91,136500.0
VALE3,M15,19/05/2025,49.95,49.98,49.93,49.97,5924326.62,118600.0
VALE3,M15,19/05/2025,49.93,49.99,49.91,49.95,16839745.03,337000.0
VALE3,M15,19/05/2025,49.83,49.97,49.8,49.92,24939559.6,500000.0
VALE3,M15,19/05/2025,49.88,49.91,49.82,49.82,7165512.62,143700.0
VALE3,M15,19/05/2025,49.81,49.9,49.75,49.89,57801797.74,1160500.0
VALE3,M15,19/05/2025,49.84,49.89,49.79,49.81,12745216.22,255700.0
VALE3,M15,19/05/2025,49.87,49.9,49.8,49.84,11297471.27,226600.0
VALE3,M15,19/05/2025,49.76,49.92,49.75,49.84,29422403.31,590100.0
VALE3,M15,19/05/2025,49.83,49.9,49.71,49.76,43731117.56,877900.0
VALE3,M15,19/05/2025,49.68,49.85,49.63,49.81,40001647.22,804700.0
VALE3,M15,19/05/2025,49.6,49.74,49.53,49.68,65239930.75,1313300.0
VALE3,M15,19/05/2025,49.63,49.7,49.53,49.59,22798181.2,459500.0
VALE3,M15,19/05/2025,49.57,49.72,49.45,49.62,23259821.79,468700.0
VALE3,M15,16/05/2025,50.02,50.02,49.84,49.86,2201964.61,44100.0
VALE3,M15,16/05/2025,49.89,50.01,49.85,50.01,226514644.64,4530600.0
VALE3,M15,16/05/2025,50.01,50.04,49.89,49.9,23807262.59,476500.0
VALE3,M15,16/05/2025,50.13,50.13,49.98,50.01,12364057.42,247000.0
VALE3,M15,16/05/2025,50.12,50.17,50.09,50.13,15609661.81,311300.0
VALE3,M15,16/05/2025,50.1,50.16,50.1,50.12,17301939.91,345100.0
VALE3,M15,16/05/2025,50.07,50.16,50.04,50.11,38955003.51,777300.0
VALE3,M15,16/05/2025,50.03,50.08,49.99,50.06,16206543.69,323800.0
VALE3,M15,16/05/2025,49.92,50.08,49.91,50.01,12595593.33,251900.0
VALE3,M15,16/05/2025,49.98,49.98,49.87,49.92,9362383.24,187600.0
VALE3,M15,16/05/2025,49.95,50.0,49.9,49.99,12496009.97,250200.0
VALE3,M15,16/05/2025,49.91,49.97,49.89,49.95,9946507.62,199200.0
VALE3,M15,16/05/2025,49.81,49.92,49.8,49.92,19484429.83,390800.0
VALE3,M15,16/05/2025,49.75,49.83,49.75,49.8,8192363.49,164500.0
VALE3,M15,16/05/2025,49.63,49.8,49.62,49.75,32986038.68,663400.0
VALE3,M15,16/05/2025,49.65,49.66,49.62,49.63,14579083.27,293700.0
VALE3,M15,16/05/2025,49.59,49.67,49.59,49.64,51054621.38,1028600.0
VALE3,M15,16/05/2025,49.64,49.67,49.56,49.59,38514254.4,776400.0
VALE3,M15,16/05/2025,49.59,49.74,49.58,49.64,12567242.01,253000.0
VALE3,M15,16/05/2025,49.51,49.63,49.48,49.58,31649725.21,638500.0
VALE3,M15,16/05/2025,49.46,49.52,49.42,49.51,13404430.98,271000.0
VALE3,M15,16/05/2025,49.44,49.51,49.43,49.45,32958137.1,666200.0
VALE3,M15,16/05/2025,49.52,49.53,49.42,49.43,33849998.13,684200.0
VALE3,M15,16/05/2025,49.58,49.61,49.5,49.52,22644781.08,457000.0
VALE3,M15,16/05/2025,49.56,49.65,49.52,49.58,28873579.96,582400.0
VALE3,M15,16/05/2025,49.5,49.57,49.4,49.57,37948652.07,766200.0
VALE3,M15,16/05/2025,49.69,49.71,49.47,49.51,94787577.54,1912200.0
VALE3,M15,16/05/2025,49.77,49.8,49.64,49.69,16147209.34,324800.0
VALE3,M15,16/05/2025,49.75,49.93,49.66,49.75,17237231.27,346300.0
VALE3,M15,15/05/2025,49.98,50.07,49.93,50.03,1569700.59,31400.0
VALE3,M15,15/05/2025,50.13,50.16,49.98,49.98,118853653.04,2376100.0
VALE3,M15,15/05/2025,50.1,50.13,50.07,50.13,32852197.97,655700.0
VALE3,M15,15/05/2025,50.13,50.14,50.06,50.1,27129905.01,541500.0
VALE3,M15,15/05/2025,50.07,50.15,50.05,50.14,23259662.27,464300.0
VALE3,M15,15/05/2025,50.06,50.11,50.04,50.07,10561410.44,210900.0
VALE3,M15,15/05/2025,49.99,50.1,49.98,50.06,26047624.1,520600.0
VALE3,M15,15/05/2025,49.89,50.0,49.88,49.98,22427237.42,449100.0
VALE3,M15,15/05/2025,49.94,49.98,49.88,49.89,25381536.24,508300.0
VALE3,M15,15/05/2025,49.98,50.02,49.92,49.93,25443148.1,509300.0
VALE3,M15,15/05/2025,50.09,50.1,49.94,49.98,24550776.94,490800.0
VALE3,M15,15/05/2025,50.01,50.15,49.99,50.09,42794404.72,854400.0
VALE3,M15,15/05/2025,50.02,50.07,49.98,50.02,20727905.96,414400.0
VALE3,M15,15/05/2025,50.07,50.07,49.98,50.03,21004083.68,419800.0
VALE3,M15,15/05/2025,50.05,50.11,50.01,50.05,16345056.59,326500.0
VALE3,M15,15/05/2025,50.05,50.07,50.01,50.07,10448840.65,208800.0
VALE3,M15,15/05/2025,50.03,50.09,49.98,50.06,14612449.27,292000.0
VALE3,M15,15/05/2025,49.94,50.05,49.91,50.04,22363092.08,447500.0
VALE3,M15,15/05/2025,49.89,49.96,49.84,49.93,8476458.89,169900.0
VALE3,M15,15/05/2025,49.87,50.01,49.85,49.9,43029331.21,862100.0
VALE3,M15,15/05/2025,49.74,49.9,49.68,49.85,20960446.79,420800.0
VALE3,M15,15/05/2025,49.64,49.77,49.62,49.74,20049461.66,403500.0
VALE3,M15,15/05/2025,49.64,49.69,49.58,49.63,16456957.64,331600.0
VALE3,M15,15/05/2025,49.61,49.66,49.58,49.63,14918076.95,300600.0
VALE3,M15,15/05/2025,49.54,49.62,49.49,49.61,22865929.83,461400.0
VALE3,M15,15/05/2025,49.53,49.56,49.46,49.55,17667425.58,356800.0
VALE3,M15,15/05/2025,49.6,49.6,49.43,49.52,21638718.95,437200.0
VALE3,M15,15/05/2025,49.59,49.62,49.49,49.57,9013223.21,181900.0
VALE3,M15,15/05/2025,49.57,49.64,49.49,49.59,15279948.52,308200.0
VALE3,M15,14/05/2025,49.45,49.49,49.36,49.43,2351880.41,47600.0
VALE3,M15,14/05/2025,49.53,49.57,49.44,49.48,125638522.39,2538700.0
VALE3,M15,14/05/2025,49.5,49.55,49.48,49.52,31807501.01,642300.0
VALE3,M15,14/05/2025,49.5,49.52,49.43,49.48,26641684.1,538500.0
VALE3,M15,14/05/2025,49.53,49.57,49.49,49.49,28900748.81,583600.0
VALE3,M15,14/05/2025,49.57,49.6,49.52,49.54,43709312.18,881900.0
VALE3,M15,14/05/2025,49.58,49.67,49.55,49.57,44422301.35,895400.0
VALE3,M15,14/05/2025,49.56,49.62,49.56,49.57,22989667.28,463700.0
VALE3,M15,14/05/2025,49.61,49.62,49.52,49.56,54792720.51,1105300.0
VALE3,M15,14/05/2025,49.65,49.67,49.58,49.59,30376911.77,612000.0
VALE3,M15,14/05/2025,49.64,49.67,49.61,49.64,13114306.98,264200.0
VALE3,M15,14/05/2025,49.73,49.74,49.62,49.64,11433063.15,230200.0
VALE3,M15,14/05/2025,49.7,49.78,49.69,49.72,16012621.47,322000.0
VALE3,M15,14/05/2025,49.62,49.71,49.61,49.7,22715749.05,457500.0
VALE3,M15,14/05/2025,49.66,49.68,49.59,49.62,20801785.04,419100.0
VALE3,M15,14/05/2025,49.62,49.71,49.59,49.65,16419762.14,330700.0
VALE3,M15,14/05/2025,49.71,49.71,49.62,49.62,22700557.21,456900.0
VALE3,M15,14/05/2025,49.72,49.76,49.68,49.71,11584663.43,233000.0
VALE3,M15,14/05/2025,49.69,49.75,49.68,49.71,12770198.58,256900.0
VALE3,M15,14/05/2025,49.69,49.72,49.65,49.7,14466174.6,291100.0
VALE3,M15,14/05/2025,49.77,49.82,49.64,49.67,18192714.01,365900.0
VALE3,M15,14/05/2025,49.71,49.8,49.67,49.78,31830355.46,639500.0
VALE3,M15,14/05/2025,49.71,49.74,49.65,49.71,18842726.79,379100.0
VALE3,M15,14/05/2025,49.7,49.8,49.7,49.71,12070441.89,242600.0
VALE3,M15,14/05/2025,49.67,49.8,49.61,49.71,25489615.89,512600.0
VALE3,M15,14/05/2025,49.64,49.72,49.57,49.7,37694947.57,759400.0
VALE3,M15,14/05/2025,49.97,50.03,49.62,49.65,47120610.04,946600.0
VALE3,M15,14/05/2025,49.98,50.19,49.94,49.97,25563328.23,510600.0
VALE3,M15,14/05/2025,50.02,50.07,49.85,49.97,18529510.39,370900.0
VALE3,M15,13/05/2025,49.73,49.83,49.73,49.77,632076.56,12700.0
VALE3,M15,13/05/2025,49.89,49.91,49.72,49.72,132220847.96,2657600.0
VALE3,M15,13/05/2025,49.89,49.92,49.8,49.88,63289909.55,1269100.0
VALE3,M15,13/05/2025,49.86,49.96,49.85,49.9,41625964.9,834100.0
VALE3,M15,13/05/2025,49.77,49.88,49.76,49.85,31625025.85,634700.0
VALE3,M15,13/05/2025,49.78,49.8,49.73,49.75,27630677.04,555200.0
VALE3,M15,13/05/2025,49.73,49.8,49.7,49.77,41337649.75,831000.0
VALE3,M15,13/05/2025,49.71,49.75,49.69,49.72,18042557.57,362900.0
VALE3,M15,13/05/2025,49.66,49.71,49.63,49.71,29921583.69,602400.0
VALE3,M15,13/05/2025,49.72,49.74,49.62,49.66,22716764.78,457200.0
VALE3,M15,13/05/2025,49.66,49.75,49.66,49.71,59315252.64,1193100.0
VALE3,M15,13/05/2025,49.63,49.71,49.62,49.67,14842305.2,298900.0
VALE3,M15,13/05/2025,49.65,49.69,49.6,49.63,33959299.01,684100.0
VALE3,M15,13/05/2025,49.66,49.7,49.63,49.64,10176459.99,204900.0
VALE3,M15,13/05/2025,49.63,49.7,49.58,49.66,12712241.38,256000.0
VALE3,M15,13/05/2025,49.6,49.65,49.57,49.62,19975616.83,402600.0
VALE3,M15,13/05/2025,49.61,49.63,49.57,49.6,17068436.53,344100.0
VALE3,M15,13/05/2025,49.6,49.64,49.57,49.61,12725532.44,256500.0
VALE3,M15,13/05/2025,49.57,49.63,49.52,49.6,42385365.97,854800.0
VALE3,M15,13/05/2025,49.51,49.61,49.49,49.57,30420961.44,613900.0
VALE3,M15,13/05/2025,49.43,49.52,49.41,49.5,20717462.92,418900.0
VALE3,M15,13/05/2025,49.43,49.45,49.34,49.43,17937506.19,363000.0
VALE3,M15,13/05/2025,49.49,49.61,49.4,49.43,61052218.51,1232100.0
VALE3,M15,13/05/2025,49.44,49.56,49.4,49.49,67690358.97,1367300.0
VALE3,M15,13/05/2025,49.36,49.44,49.3,49.44,76125550.41,1541200.0
VALE3,M15,13/05/2025,49.16,49.36,49.15,49.36,50345594.21,1021800.0
VALE3,M15,13/05/2025,49.0,49.18,48.99,49.15,30967583.89,630700.0
VALE3,M15,13/05/2025,48.98,49.1,48.82,49.0,40481813.46,826400.0
VALE3,M15,13/05/2025,49.11,49.11,48.79,49.0,22513167.41,460000.0
VALE3,M15,12/05/2025,48.89,48.98,48.86,48.92,851258.73,17400.0
VALE3,M15,12/05/2025,49.03,49.11,48.92,48.92,127531219.98,2605600.0
VALE3,M15,12/05/2025,49.01,49.07,48.99,49.04,37785240.62,770600.0
VALE3,M15,12/05/2025,48.98,49.06,48.98,49.02,13490112.22,275200.0
VALE3,M15,12/05/2025,49.1,49.12,48.98,48.98,15043256.44,306700.0
VALE3,M15,12/05/2025,48.98,49.11,48.98,49.1,32313403.97,659000.0
VALE3,M15,12/05/2025,48.99,49.03,48.94,48.97,59033898.01,1205300.0
VALE3,M15,12/05/2025,48.98,49.03,48.95,48.99,23255369.51,474600.0
VALE3,M15,12/05/2025,49.07,49.13,48.93,48.98,42449307.62,865700.0
VALE3,M15,12/05/2025,49.1,49.13,49.05,49.07,12995638.28,264700.0
VALE3,M15,12/05/2025,49.13,49.16,49.08,49.1,14016336.17,285400.0
VALE3,M15,12/05/2025,49.16,49.22,49.11,49.13,13646190.02,277500.0
VALE3,M15,12/05/2025,49.16,49.19,49.12,49.16,13590521.14,276500.0
VALE3,M15,12/05/2025,49.15,49.19,49.12,49.16,12811009.08,260600.0
VALE3,M15,12/05/2025,49.11,49.16,49.08,49.15,9908464.92,201700.0
VALE3,M15,12/05/2025,49.08,49.14,49.04,49.12,60253029.88,1227600.0
VALE3,M15,12/05/2025,49.07,49.16,49.07,49.08,13780392.14,280700.0
VALE3,M15,12/05/2025,49.03,49.12,49.02,49.07,20657589.62,421000.0
VALE3,M15,12/05/2025,49.18,49.23,49.02,49.03,34109453.65,694300.0
VALE3,M15,12/05/2025,49.26,49.33,49.18,49.18,29248088.27,594000.0
VALE3,M15,12/05/2025,49.27,49.34,49.24,49.27,16015920.13,325000.0
VALE3,M15,12/05/2025,49.31,49.32,49.17,49.28,34027030.51,690800.0
VALE3,M15,12/05/2025,49.26,49.34,49.19,49.31,41814218.11,848700.0
VALE3,M15,12/05/2025,49.49,49.51,49.17,49.26,45498954.71,921400.0
VALE3,M15,12/05/2025,49.4,49.55,49.38,49.52,52113959.51,1053200.0
VALE3,M15,12/05/2025,49.44,49.49,49.34,49.41,67656997.48,1369000.0
VALE3,M15,12/05/2025,49.53,49.75,49.43,49.44,193065571.1,3892100.0
VALE3,M15,12/05/2025,49.44,49.55,49.31,49.53,131428598.22,2657700.0
VALE3,M15,12/05/2025,49.17,49.64,49.16,49.44,136369797.39,2760400.0
VALE3,M15,09/05/2025,47.7,47.77,47.7,47.77,2066688.17,43300.0
VALE3,M15,09/05/2025,47.76,47.79,47.68,47.72,124904176.68,2617300.0
VALE3,M15,09/05/2025,47.71,47.77,47.67,47.77,36389434.18,762900.0
VALE3,M15,09/05/2025,47.69,47.77,47.67,47.7,33544493.02,702800.0
VALE3,M15,09/05/2025,47.6,47.73,47.6,47.69,26655429.4,559200.0
VALE3,M15,09/05/2025,47.57,47.63,47.57,47.6,15241923.85,320300.0
VALE3,M15,09/05/2025,47.55,47.59,47.53,47.57,14927234.78,313800.0
VALE3,M15,09/05/2025,47.43,47.59,47.42,47.55,25908387.47,545400.0
VALE3,M15,09/05/2025,47.41,47.46,47.39,47.43,26650291.25,562200.0
VALE3,M15,09/05/2025,47.42,47.47,47.4,47.42,54797830.72,1155600.0
VALE3,M15,09/05/2025,47.41,47.43,47.37,47.42,11796988.72,248800.0
VALE3,M15,09/05/2025,47.42,47.48,47.33,47.42,22473563.71,474100.0
VALE3,M15,09/05/2025,47.44,47.48,47.41,47.44,33560603.26,707500.0
VALE3,M15,09/05/2025,47.49,47.54,47.44,47.45,18085929.49,380900.0
VALE3,M15,09/05/2025,47.57,47.59,47.48,47.5,8638615.77,181700.0
VALE3,M15,09/05/2025,47.54,47.57,47.42,47.56,37824764.11,796300.0
VALE3,M15,09/05/2025,47.57,47.61,47.52,47.54,15454899.86,325000.0
VALE3,M15,09/05/2025,47.65,47.7,47.56,47.59,34049513.65,714900.0
VALE3,M15,09/05/2025,47.5,47.66,47.48,47.64,14221830.72,298900.0
VALE3,M15,09/05/2025,47.5,47.51,47.4,47.5,19974720.06,421000.0
VALE3,M15,09/05/2025,47.5,47.53,47.44,47.51,10982838.07,231300.0
VALE3,M15,09/05/2025,47.52,47.58,47.42,47.5,24288292.25,511200.0
VALE3,M15,09/05/2025,47.59,47.59,47.39,47.52,20798082.62,438100.0
VALE3,M15,09/05/2025,47.5,47.61,47.48,47.59,23322375.49,490600.0
VALE3,M15,09/05/2025,47.57,47.61,47.5,47.5,14496159.03,304800.0
VALE3,M15,09/05/2025,47.67,47.7,47.55,47.59,21234517.33,445900.0
VALE3,M15,09/05/2025,47.71,47.75,47.61,47.67,16453930.27,345100.0
VALE3,M15,09/05/2025,47.71,47.75,47.62,47.69,16961792.6,355700.0
VALE3,M15,09/05/2025,47.77,47.84,47.61,47.68,14501202.55,304200.0
VALE3,M15,08/05/2025,47.58,47.66,47.53,47.61,671223.31,14100.0
VALE3,M15,08/05/2025,47.61,47.63,47.53,47.53,143876263.06,3026300.0
VALE3,M15,08/05/2025,47.67,47.7,47.59,47.61,24880639.83,522400.0
VALE3,M15,08/05/2025,47.62,47.71,47.61,47.67,19572154.25,410600.0
VALE3,M15,08/05/2025,47.69,47.71,47.59,47.63,15095054.35,316800.0
VALE3,M15,08/05/2025,47.72,47.76,47.69,47.69,16375154.58,343100.0
VALE3,M15,08/05/2025,47.69,47.74,47.67,47.72,17498002.65,366800.0
VALE3,M15,08/05/2025,47.72,47.73,47.65,47.7,17993199.4,377200.0
VALE3,M15,08/05/2025,47.7,47.75,47.66,47.72,10248337.34,214800.0
VALE3,M15,08/05/2025,47.7,47.75,47.68,47.69,7914972.66,165900.0
VALE3,M15,08/05/2025,47.74,47.75,47.67,47.71,10598864.6,222100.0
VALE3,M15,08/05/2025,47.73,47.75,47.69,47.73,9370898.46,196400.0
VALE3,M15,08/05/2025,47.82,47.85,47.73,47.73,12945055.29,270900.0
VALE3,M15,08/05/2025,47.73,47.87,47.73,47.84,11631557.52,243300.0
VALE3,M15,08/05/2025,47.7,47.75,47.64,47.75,30168193.37,632600.0
VALE3,M15,08/05/2025,47.78,47.79,47.69,47.7,11996890.88,251300.0
VALE3,M15,08/05/2025,47.81,47.9,47.78,47.79,11327171.79,236800.0
VALE3,M15,08/05/2025,47.97,48.0,47.79,47.81,34442682.79,719200.0
VALE3,M15,08/05/2025,47.72,48.04,47.7,47.98,30028277.18,627400.0
VALE3,M15,08/05/2025,47.52,47.76,47.51,47.73,23296715.37,489000.0
VALE3,M15,08/05/2025,47.5,47.57,47.48,47.52,12568880.53,264500.0
VALE3,M15,08/05/2025,47.59,47.61,47.48,47.5,27455785.18,577800.0
VALE3,M15,08/05/2025,47.6,47.73,47.56,47.58,22835364.98,479300.0
VALE3,M15,08/05/2025,47.48,47.61,47.48,47.61,17390323.16,365700.0
VALE3,M15,08/05/2025,47.65,47.68,47.47,47.48,35850292.29,753300.0
VALE3,M15,08/05/2025,47.64,47.73,47.58,47.68,53681692.62,1126700.0
VALE3,M15,08/05/2025,47.78,47.82,47.61,47.64,52852836.81,1108000.0
VALE3,M15,08/05/2025,47.76,47.82,47.67,47.79,19846128.36,415700.0
VALE3,M15,08/05/2025,47.68,47.93,47.63,47.75,32320692.56,676600.0
VALE3,M15,07/05/2025,47.67,47.72,47.66,47.7,505409.97,10600.0
VALE3,M15,07/05/2025,47.69,47.73,47.61,47.68,100317231.69,2104100.0
VALE3,M15,07/05/2025,47.5,47.77,47.5,47.69,14359737.97,301600.0
VALE3,M15,07/05/2025,47.57,47.61,47.46,47.51,19649178.77,413300.0
VALE3,M15,07/05/2025,47.67,47.69,47.57,47.58,16945462.45,355900.0
VALE3,M15,07/05/2025,47.65,47.7,47.52,47.66,19617152.97,412000.0
VALE3,M15,07/05/2025,47.65,47.73,47.61,47.66,26548948.61,557000.0
VALE3,M15,07/05/2025,47.65,47.71,47.59,47.64,17546260.36,368200.0
VALE3,M15,07/05/2025,47.79,47.88,47.61,47.66,26340177.03,552000.0
VALE3,M15,07/05/2025,47.74,47.82,47.72,47.78,10523777.82,220300.0
VALE3,M15,07/05/2025,47.88,47.89,47.74,47.74,14691575.55,307400.0
VALE3,M15,07/05/2025,47.95,47.97,47.85,47.88,7942506.53,165800.0
VALE3,M15,07/05/2025,47.94,47.97,47.9,47.94,14627346.39,305200.0
VALE3,M15,07/05/2025,47.83,47.94,47.82,47.94,8299036.26,173300.0
VALE3,M15,07/05/2025,47.79,47.84,47.77,47.82,4745942.17,99300.0
VALE3,M15,07/05/2025,47.8,47.82,47.79,47.79,8466926.13,177100.0
VALE3,M15,07/05/2025,47.79,47.82,47.78,47.8,5376692.05,112500.0
VALE3,M15,07/05/2025,47.82,47.86,47.71,47.79,11406348.54,238800.0
VALE3,M15,07/05/2025,47.79,47.86,47.77,47.82,26216714.47,548100.0
VALE3,M15,07/05/2025,47.66,47.79,47.62,47.79,18307799.25,384000.0
VALE3,M15,07/05/2025,47.63,47.67,47.61,47.66,7489200.9,157200.0
VALE3,M15,07/05/2025,47.58,47.65,47.52,47.63,14486560.48,304500.0
VALE3,M15,07/05/2025,47.61,47.67,47.56,47.6,18090466.49,380000.0
VALE3,M15,07/05/2025,47.62,47.68,47.61,47.61,11916214.41,250100.0
VALE3,M15,07/05/2025,47.76,47.79,47.61,47.62,17868201.07,374700.0
VALE3,M15,07/05/2025,47.87,47.88,47.72,47.77,43685301.39,913300.0
VALE3,M15,07/05/2025,48.1,48.1,47.82,47.85,21369509.87,445800.0
VALE3,M15,07/05/2025,48.02,48.1,47.95,48.09,12897506.87,268600.0
VALE3,M15,07/05/2025,48.26,48.26,47.89,48.02,16302192.99,339400.0
VALE3,M15,06/05/2025,47.77,47.86,47.75,47.75,635882.63,13300.0
VALE3,M15,06/05/2025,47.79,47.83,47.7,47.77,194147103.96,4064400.0
VALE3,M15,06/05/2025,47.95,47.96,47.73,47.79,56952846.26,1191400.0
VALE3,M15,06/05/2025,47.94,47.97,47.88,47.95,8992355.16,187600.0
VALE3,M15,06/05/2025,47.96,47.97,47.92,47.94,6641243.53,138500.0
VALE3,M15,06/05/2025,47.91,47.96,47.89,47.94,9571445.03,199700.0
VALE3,M15,06/05/2025,47.95,47.97,47.89,47.92,8408172.2,175400.0
VALE3,M15,06/05/2025,47.9,47.96,47.9,47.93,5501419.1,114800.0
VALE3,M15,06/05/2025,47.94,47.97,47.89,47.91,10062232.76,209900.0
VALE3,M15,06/05/2025,47.93,47.94,47.88,47.94,9840810.03,205400.0
VALE3,M15,06/05/2025,47.96,47.97,47.9,47.93,11504368.2,240000.0
VALE3,M15,06/05/2025,48.02,48.02,47.95,47.96,8007968.63,166900.0
VALE3,M15,06/05/2025,47.96,48.06,47.95,48.02,8021559.81,167100.0
VALE3,M15,06/05/2025,48.05,48.05,47.96,47.96,7647594.07,159300.0
VALE3,M15,06/05/2025,48.15,48.18,48.04,48.04,15784341.86,328100.0
VALE3,M15,06/05/2025,48.18,48.23,48.13,48.15,8816665.68,183000.0
VALE3,M15,06/05/2025,48.07,48.21,48.06,48.18,11310263.92,235000.0
VALE3,M15,06/05/2025,48.1,48.15,48.02,48.08,10296010.13,214100.0
VALE3,M15,06/05/2025,48.14,48.17,48.04,48.1,8275438.25,172000.0
VALE3,M15,06/05/2025,48.05,48.17,48.01,48.13,15907178.04,330800.0
VALE3,M15,06/05/2025,47.96,48.09,47.93,48.02,8037819.66,167400.0
VALE3,M15,06/05/2025,47.98,48.03,47.93,47.96,8098963.76,168800.0
VALE3,M15,06/05/2025,48.07,48.12,47.98,47.98,17664318.0,367500.0
VALE3,M15,06/05/2025,48.14,48.22,48.06,48.08,11431455.28,237400.0
VALE3,M15,06/05/2025,48.06,48.18,48.06,48.14,13324889.21,276900.0
VALE3,M15,06/05/2025,48.06,48.15,47.97,48.05,33642403.62,700000.0
VALE3,M15,06/05/2025,48.01,48.29,48.01,48.06,23858732.44,495200.0
VALE3,M15,06/05/2025,48.07,48.23,48.01,48.01,30927494.4,642600.0
VALE3,M15,06/05/2025,47.76,48.09,47.76,48.08,14988826.81,312500.0
VALE3,M15,05/05/2025,47.72,47.77,47.72,47.73,2305762.32,48300.0
VALE3,M15,05/05/2025,47.69,47.73,47.64,47.73,108580576.68,2275100.0
VALE3,M15,05/05/2025,47.7,47.72,47.64,47.69,13759437.56,288500.0
VALE3,M15,05/05/2025,47.72,47.74,47.64,47.69,15653223.89,328200.0
VALE3,M15,05/05/2025,47.69,47.74,47.65,47.73,11454966.77,240100.0
VALE3,M15,05/05/2025,47.73,47.75,47.68,47.7,11502867.58,241100.0
VALE3,M15,05/05/2025,47.73,47.77,47.7,47.73,9919449.63,207800.0
VALE3,M15,05/05/2025,47.76,47.76,47.68,47.73,13083643.9,274200.0
VALE3,M15,05/05/2025,47.69,47.76,47.63,47.76,14534946.17,304700.0
VALE3,M15,05/05/2025,47.69,47.71,47.61,47.7,11918088.15,250100.0
VALE3,M15,05/05/2025,47.7,47.74,47.66,47.69,8679337.04,182000.0
VALE3,M15,05/05/2025,47.61,47.77,47.6,47.69,71175649.46,1490600.0
VALE3,M15,05/05/2025,47.58,47.62,47.54,47.62,13996336.94,294200.0
VALE3,M15,05/05/2025,47.56,47.61,47.54,47.58,8800945.69,185000.0
VALE3,M15,05/05/2025,47.56,47.61,47.52,47.55,16537026.65,347700.0
VALE3,M15,05/05/2025,47.7,47.7,47.53,47.56,11414686.21,239900.0
VALE3,M15,05/05/2025,47.68,47.74,47.67,47.7,5219276.76,109400.0
VALE3,M15,05/05/2025,47.69,47.71,47.66,47.67,4706767.47,98700.0
VALE3,M15,05/05/2025,47.79,47.79,47.7,47.7,6416764.59,134400.0
VALE3,M15,05/05/2025,47.71,47.79,47.7,47.79,29434398.34,616900.0
VALE3,M15,05/05/2025,47.7,47.75,47.6,47.72,15960557.68,335000.0
VALE3,M15,05/05/2025,47.63,47.71,47.57,47.7,8455967.56,177500.0
VALE3,M15,05/05/2025,47.57,47.63,47.53,47.61,39952248.49,839600.0
VALE3,M15,05/05/2025,47.67,47.68,47.54,47.57,10212916.45,214600.0
VALE3,M15,05/05/2025,47.7,47.73,47.56,47.65,26328996.75,552600.0
VALE3,M15,05/05/2025,47.67,47.75,47.52,47.7,47447361.74,996900.0
VALE3,M15,05/05/2025,47.73,47.76,47.52,47.65,21468548.86,450800.0
VALE3,M15,05/05/2025,47.78,47.81,47.7,47.7,9832711.2,205900.0
VALE3,M15,05/05/2025,47.68,47.84,47.62,47.74,12981754.19,271800.0
VALE3,M15,02/05/2025,47.61,47.68,47.53,47.6,1360710.0,28600.0
VALE3,M15,02/05/2025,47.7,47.73,47.59,47.59,132239700.77,2778400.0
VALE3,M15,02/05/2025,47.75,47.77,47.65,47.7,34802670.71,729600.0
VALE3,M15,02/05/2025,47.69,47.77,47.65,47.75,24192969.21,506900.0
VALE3,M15,02/05/2025,47.61,47.72,47.59,47.69,28922184.66,607200.0
VALE3,M15,02/05/2025,47.59,47.63,47.58,47.61,16718529.34,351100.0
VALE3,M15,02/05/2025,47.52,47.63,47.52,47.59,15996072.31,336200.0
VALE3,M15,02/05/2025,47.41,47.55,47.36,47.52,54257785.76,1143400.0
VALE3,M15,02/05/2025,47.45,47.5,47.39,47.41,33876376.57,714000.0
VALE3,M15,02/05/2025,47.62,47.63,47.46,47.46,30063047.36,632300.0
VALE3,M15,02/05/2025,47.63,47.7,47.61,47.63,33899012.92,711000.0
VALE3,M15,02/05/2025,47.71,47.71,47.62,47.63,17189198.88,360600.0
VALE3,M15,02/05/2025,47.7,47.76,47.63,47.71,15081919.21,316200.0
VALE3,M15,02/05/2025,47.83,47.83,47.69,47.7,9671147.36,202500.0
VALE3,M15,02/05/2025,47.75,47.84,47.73,47.8,8344573.03,174600.0
VALE3,M15,02/05/2025,47.75,47.79,47.74,47.75,9338035.38,195500.0
VALE3,M15,02/05/2025,47.63,47.82,47.5,47.76,37786142.79,792700.0
VALE3,M15,02/05/2025,47.74,47.75,47.62,47.64,12429152.7,260700.0
VALE3,M15,02/05/2025,47.97,47.97,47.7,47.74,91076402.12,1904000.0
VALE3,M15,02/05/2025,48.19,48.19,47.96,47.96,18441062.25,383300.0
VALE3,M15,02/05/2025,48.23,48.25,48.12,48.19,18162683.62,377100.0
VALE3,M15,02/05/2025,48.05,48.27,48.05,48.23,24508382.0,508800.0
VALE3,M15,02/05/2025,47.99,48.06,47.95,48.05,9867359.7,205600.0
VALE3,M15,02/05/2025,47.97,48.03,47.9,47.99,17291970.94,360500.0
VALE3,M15,02/05/2025,47.88,47.98,47.77,47.97,23397677.67,488900.0
VALE3,M15,02/05/2025,47.88,47.96,47.84,47.91,27593739.3,576100.0
VALE3,M15,02/05/2025,47.95,48.17,47.79,47.88,31869741.96,664500.0
VALE3,M15,02/05/2025,48.09,48.13,47.87,47.92,18715988.1,390000.0
VALE3,M15,02/05/2025,48.0,48.13,47.95,48.07,20916586.38,435500.0
VALE3,M15,30/04/2025,47.63,47.79,47.63,47.77,1597898.69,33500.0
VALE3,M15,30/04/2025,47.56,47.68,47.55,47.64,209626714.0,4400400.0
VALE3,M15,30/04/2025,47.55,47.61,47.54,47.56,34682506.8,729100.0
VALE3,M15,30/04/2025,47.56,47.61,47.53,47.55,23562729.44,495300.0
VALE3,M15,30/04/2025,47.61,47.63,47.52,47.57,45361045.66,953900.0
VALE3,M15,30/04/2025,47.6,47.7,47.6,47.62,16730130.52,351200.0
VALE3,M15,30/04/2025,47.71,47.77,47.6,47.6,13647896.13,286200.0
VALE3,M15,30/04/2025,47.84,47.88,47.66,47.72,18865848.92,394800.0
VALE3,M15,30/04/2025,47.84,47.97,47.79,47.83,30235433.68,631600.0
VALE3,M15,30/04/2025,47.92,47.92,47.8,47.84,11359963.67,237400.0
VALE3,M15,30/04/2025,47.94,47.99,47.84,47.92,17769993.05,370800.0
VALE3,M15,30/04/2025,47.88,47.97,47.88,47.93,15114189.26,315400.0
VALE3,M15,30/04/2025,47.92,47.96,47.86,47.87,15030344.82,313700.0
VALE3,M15,30/04/2025,47.86,47.94,47.83,47.92,11972178.9,250000.0
VALE3,M15,30/04/2025,47.84,47.94,47.78,47.86,14971635.95,312900.0
VALE3,M15,30/04/2025,47.79,47.91,47.76,47.84,21016748.36,439500.0
VALE3,M15,30/04/2025,47.93,47.96,47.73,47.79,25330451.23,529600.0
VALE3,M15,30/04/2025,47.95,47.98,47.88,47.93,26621632.6,555400.0
VALE3,M15,30/04/2025,47.83,47.97,47.82,47.94,17239205.96,359800.0
VALE3,M15,30/04/2025,47.88,47.96,47.81,47.83,17740994.62,370400.0
VALE3,M15,30/04/2025,47.73,47.93,47.72,47.88,19449145.93,406500.0
VALE3,M15,30/04/2025,47.73,47.83,47.66,47.74,17493033.93,366400.0
VALE3,M15,30/04/2025,47.71,47.81,47.67,47.75,16671423.45,349200.0
VALE3,M15,30/04/2025,47.65,47.72,47.58,47.7,15984610.84,335500.0
VALE3,M15,30/04/2025,47.69,47.74,47.52,47.65,32336661.3,679100.0
VALE3,M15,30/04/2025,47.66,47.85,47.53,47.69,34341557.36,720400.0
VALE3,M15,30/04/2025,47.63,47.81,47.58,47.68,36884705.74,773500.0
VALE3,M15,30/04/2025,47.39,47.73,47.28,47.62,54191957.75,1140000.0
VALE3,M15,30/04/2025,47.41,47.42,47.06,47.39,79108934.17,1672900.0
VALE3,M15,29/04/2025,48.53,48.61,48.49,48.53,1325528.85,27300.0
VALE3,M15,29/04/2025,48.65,48.67,48.52,48.52,145034778.07,2988100.0
VALE3,M15,29/04/2025,48.62,48.68,48.61,48.65,24051353.22,494500.0
VALE3,M15,29/04/2025,48.69,48.7,48.61,48.62,12713216.55,261300.0
VALE3,M15,29/04/2025,48.66,48.7,48.65,48.69,8420774.69,173000.0
VALE3,M15,29/04/2025,48.7,48.71,48.65,48.66,9739055.51,200100.0
VALE3,M15,29/04/2025,48.7,48.73,48.67,48.7,7885676.81,161900.0
VALE3,M15,29/04/2025,48.65,48.72,48.63,48.7,11573846.36,237800.0
VALE3,M15,29/04/2025,48.7,48.71,48.64,48.66,17076748.96,350800.0
VALE3,M15,29/04/2025,48.68,48.71,48.63,48.69,10447558.14,214600.0
VALE3,M15,29/04/2025,48.7,48.75,48.65,48.68,10536038.73,216300.0
VALE3,M15,29/04/2025,48.7,48.74,48.68,48.7,8093938.27,166200.0
VALE3,M15,29/04/2025,48.67,48.73,48.66,48.7,11058381.8,227100.0
VALE3,M15,29/04/2025,48.71,48.72,48.62,48.66,13122678.0,269600.0
VALE3,M15,29/04/2025,48.68,48.74,48.65,48.71,9675604.15,198700.0
VALE3,M15,29/04/2025,48.65,48.71,48.61,48.68,19615427.93,403200.0
VALE3,M15,29/04/2025,48.73,48.78,48.65,48.65,33234506.79,682000.0
VALE3,M15,29/04/2025,48.75,48.79,48.72,48.73,10531381.85,216000.0
VALE3,M15,29/04/2025,48.73,48.78,48.69,48.76,10911671.82,223900.0
VALE3,M15,29/04/2025,48.72,48.78,48.69,48.73,18100949.19,371500.0
VALE3,M15,29/04/2025,48.76,48.79,48.7,48.72,17043196.4,349700.0
VALE3,M15,29/04/2025,48.76,48.79,48.71,48.76,16541784.47,339300.0
VALE3,M15,29/04/2025,48.64,48.79,48.61,48.76,22589183.41,463700.0
VALE3,M15,29/04/2025,48.75,48.77,48.55,48.64,25486059.47,523800.0
VALE3,M15,29/04/2025,48.7,48.79,48.61,48.75,29839803.16,612700.0
VALE3,M15,29/04/2025,48.73,48.84,48.68,48.7,12239708.91,251000.0
VALE3,M15,29/04/2025,48.75,48.83,48.63,48.76,21068516.53,432400.0
VALE3,M15,29/04/2025,48.7,48.79,48.7,48.75,11413117.1,234100.0
VALE3,M15,29/04/2025,48.86,48.98,48.68,48.7,25666725.77,525600.0
VALE3,M15,28/04/2025,48.7,48.75,48.6,48.69,1119373.66,23000.0
VALE3,M15,28/04/2025,48.66,48.79,48.64,48.7,92706680.81,1904000.0
VALE3,M15,28/04/2025,48.65,48.67,48.57,48.67,21673688.31,445700.0
VALE3,M15,28/04/2025,48.69,48.73,48.65,48.65,15626201.05,321000.0
VALE3,M15,28/04/2025,48.69,48.79,48.68,48.69,14991366.6,307700.0
VALE3,M15,28/04/2025,48.64,48.71,48.63,48.69,35061794.55,720300.0
VALE3,M15,28/04/2025,48.77,48.79,48.61,48.64,17108664.81,351400.0
VALE3,M15,28/04/2025,48.72,48.8,48.71,48.79,13026749.3,267200.0
VALE3,M15,28/04/2025,48.7,48.73,48.63,48.71,19277359.86,395900.0
VALE3,M15,28/04/2025,48.65,48.72,48.64,48.7,9404954.83,193200.0
VALE3,M15,28/04/2025,48.61,48.67,48.59,48.65,8758171.32,180100.0
VALE3,M15,28/04/2025,48.58,48.66,48.56,48.61,8570214.62,176300.0
VALE3,M15,28/04/2025,48.56,48.62,48.52,48.58,16118785.92,331900.0
VALE3,M15,28/04/2025,48.64,48.69,48.55,48.57,33307658.54,685000.0
VALE3,M15,28/04/2025,48.61,48.67,48.58,48.65,6900261.93,141900.0
VALE3,M15,28/04/2025,48.67,48.71,48.6,48.61,29841776.94,612900.0
VALE3,M15,28/04/2025,48.61,48.69,48.61,48.67,6120383.05,125800.0
VALE3,M15,28/04/2025,48.67,48.7,48.57,48.61,14717389.79,302600.0
VALE3,M15,28/04/2025,48.61,48.72,48.61,48.65,5822544.16,119600.0
VALE3,M15,28/04/2025,48.75,48.8,48.61,48.62,11953981.31,245300.0
VALE3,M15,28/04/2025,48.75,48.78,48.61,48.74,16888242.49,346900.0
VALE3,M15,28/04/2025,48.81,48.83,48.59,48.73,18672717.12,383500.0
VALE3,M15,28/04/2025,48.67,48.83,48.65,48.81,14547477.46,298600.0
VALE3,M15,28/04/2025,48.38,48.74,48.38,48.67,33611525.14,692200.0
VALE3,M15,28/04/2025,48.43,48.49,48.34,48.38,24786808.39,512100.0
VALE3,M15,28/04/2025,48.62,48.65,48.41,48.42,31735147.78,654300.0
VALE3,M15,28/04/2025,48.6,48.74,48.58,48.62,19053601.93,391500.0
VALE3,M15,28/04/2025,48.58,48.67,48.49,48.6,23993642.96,493800.0
VALE3,M15,28/04/2025,48.58,48.77,48.41,48.58,18363899.84,378200.0
VALE3,M15,25/04/2025,48.53,48.55,48.49,48.55,1188635.53,24500.0
VALE3,M15,25/04/2025,48.46,48.73,48.46,48.53,158897759.18,3271800.0
VALE3,M15,25/04/2025,48.4,48.49,48.36,48.48,56625780.02,1169500.0
VALE3,M15,25/04/2025,48.43,48.43,48.36,48.4,32397063.66,669600.0
VALE3,M15,25/04/2025,48.43,48.52,48.4,48.43,49937642.4,1030800.0
VALE3,M15,25/04/2025,48.61,48.62,48.38,48.41,47258764.24,974800.0
VALE3,M15,25/04/2025,48.62,48.64,48.5,48.57,49859713.9,1026500.0
VALE3,M15,25/04/2025,48.69,48.71,48.61,48.64,22523663.63,462800.0
VALE3,M15,25/04/2025,48.57,48.71,48.51,48.7,19936937.84,410100.0
VALE3,M15,25/04/2025,48.61,48.69,48.54,48.56,35266440.1,725800.0
VALE3,M15,25/04/2025,48.68,48.75,48.6,48.62,32733124.6,672600.0
VALE3,M15,25/04/2025,48.65,48.7,48.61,48.69,22738658.49,467300.0
VALE3,M15,25/04/2025,48.66,48.7,48.54,48.65,28477799.83,585600.0
VALE3,M15,25/04/2025,48.78,48.8,48.67,48.67,19555263.51,401300.0
VALE3,M15,25/04/2025,48.8,48.84,48.74,48.8,16460785.34,337400.0
VALE3,M15,25/04/2025,48.84,48.85,48.75,48.8,35221555.85,721800.0
VALE3,M15,25/04/2025,48.89,48.91,48.8,48.85,22162774.44,453600.0
VALE3,M15,25/04/2025,48.79,48.92,48.79,48.9,14292051.53,292500.0
VALE3,M15,25/04/2025,48.79,48.83,48.71,48.79,18495043.94,379200.0
VALE3,M15,25/04/2025,48.78,48.89,48.78,48.79,13912363.62,284900.0
VALE3,M15,25/04/2025,48.76,48.79,48.65,48.75,26157656.81,536900.0
VALE3,M15,25/04/2025,48.88,48.89,48.7,48.76,78498038.41,1609100.0
VALE3,M15,25/04/2025,48.86,48.94,48.82,48.89,31504770.91,644600.0
VALE3,M15,25/04/2025,48.96,49.07,48.8,48.86,46284750.44,945900.0
VALE3,M15,25/04/2025,48.7,48.98,48.67,48.95,45009465.71,921300.0
VALE3,M15,25/04/2025,48.7,48.9,48.66,48.68,56148001.25,1151300.0
VALE3,M15,25/04/2025,48.9,48.96,48.6,48.7,91921827.81,1885000.0
VALE3,M15,25/04/2025,48.71,49.12,48.34,48.86,118008905.1,2422700.0
VALE3,M15,25/04/2025,49.12,49.23,48.7,48.73,82465406.74,1683000.0
VALE3,M15,24/04/2025,49.86,49.94,49.84,49.93,1691201.08,33900.0
VALE3,M15,24/04/2025,49.89,49.91,49.76,49.85,159053790.12,3190600.0
VALE3,M15,24/04/2025,49.87,49.89,49.77,49.87,26061033.23,522900.0
VALE3,M15,24/04/2025,49.96,49.99,49.8,49.85,24309803.81,487100.0
VALE3,M15,24/04/2025,50.0,50.02,49.89,49.95,103610781.95,2072700.0
VALE3,M15,24/04/2025,49.99,50.06,49.97,49.99,42314078.95,846200.0
VALE3,M15,24/04/2025,49.97,50.02,49.93,49.99,12518494.91,250500.0
VALE3,M15,24/04/2025,49.99,50.02,49.96,49.98,12217384.4,244400.0
VALE3,M15,24/04/2025,49.95,50.03,49.92,49.99,13700865.69,274100.0
VALE3,M15,24/04/2025,49.91,50.04,49.9,49.93,10542216.95,210900.0
VALE3,M15,24/04/2025,49.97,50.02,49.9,49.94,10995137.73,220100.0
VALE3,M15,24/04/2025,49.87,49.98,49.84,49.98,19562982.91,391900.0
VALE3,M15,24/04/2025,50.08,50.11,49.87,49.87,44957013.48,899000.0
VALE3,M15,24/04/2025,49.99,50.17,49.97,50.08,33480218.8,668400.0
VALE3,M15,24/04/2025,49.92,49.99,49.87,49.98,25962363.76,519900.0
VALE3,M15,24/04/2025,49.85,49.97,49.79,49.92,38499580.79,771800.0
VALE3,M15,24/04/2025,49.85,49.89,49.77,49.84,13751966.02,276000.0
VALE3,M15,24/04/2025,49.8,49.89,49.77,49.84,25489067.91,511500.0
VALE3,M15,24/04/2025,49.82,49.88,49.8,49.8,12771798.34,256300.0
VALE3,M15,24/04/2025,49.83,49.89,49.72,49.82,25278278.39,507600.0
VALE3,M15,24/04/2025,49.76,49.89,49.74,49.83,20725471.63,416000.0
VALE3,M15,24/04/2025,49.71,49.76,49.57,49.76,22815049.41,459200.0
VALE3,M15,24/04/2025,49.6,49.71,49.56,49.71,24249458.24,488600.0
VALE3,M15,24/04/2025,49.57,49.65,49.5,49.6,36633021.9,738700.0
VALE3,M15,24/04/2025,49.62,49.63,49.51,49.57,48003625.09,968400.0
VALE3,M15,24/04/2025,49.52,49.71,49.5,49.62,27245594.1,549200.0
VALE3,M15,24/04/2025,49.59,49.61,49.45,49.52,83154861.88,1678100.0
VALE3,M15,24/04/2025,49.34,49.62,49.26,49.57,41606171.16,840600.0
VALE3,M15,24/04/2025,49.07,49.35,48.95,49.34,16093415.11,327100.0
VALE3,M15,23/04/2025,49.12,49.16,48.98,48.98,2085321.97,42500.0
VALE3,M15,23/04/2025,49.21,49.29,49.08,49.08,120575265.75,2455500.0
VALE3,M15,23/04/2025,49.07,49.24,49.07,49.2,29308490.62,596200.0
VALE3,M15,23/04/2025,49.25,49.27,49.06,49.07,19453201.66,395600.0
VALE3,M15,23/04/2025,49.15,49.26,49.13,49.25,14020649.66,284900.0
VALE3,M15,23/04/2025,49.16,49.23,49.12,49.14,9780488.79,198900.0
VALE3,M15,23/04/2025,49.21,49.27,49.12,49.16,11929431.56,242400.0
VALE3,M15,23/04/2025,49.22,49.27,49.2,49.22,17066003.99,346600.0
VALE3,M15,23/04/2025,49.33,49.33,49.16,49.22,9886320.67,200700.0
VALE3,M15,23/04/2025,49.26,49.35,49.25,49.32,18777763.99,380900.0
VALE3,M15,23/04/2025,49.21,49.28,49.12,49.26,10964276.37,222900.0
VALE3,M15,23/04/2025,49.26,49.33,49.18,49.18,13082575.89,265500.0
VALE3,M15,23/04/2025,49.3,49.32,49.15,49.26,22413810.27,455000.0
VALE3,M15,23/04/2025,49.25,49.34,49.16,49.3,12388953.26,251500.0
VALE3,M15,23/04/2025,49.21,49.29,49.17,49.26,12365111.01,251100.0
VALE3,M15,23/04/2025,49.25,49.28,49.03,49.22,22599284.86,459600.0
VALE3,M15,23/04/2025,49.29,49.36,49.25,49.25,22230197.71,450900.0
VALE3,M15,23/04/2025,49.24,49.33,49.12,49.27,31166227.87,633100.0
VALE3,M15,23/04/2025,49.43,49.44,49.1,49.24,65435028.23,1327900.0
VALE3,M15,23/04/2025,49.74,49.76,49.4,49.43,46869090.22,944900.0
VALE3,M15,23/04/2025,49.8,49.87,49.64,49.74,30482371.42,612900.0
VALE3,M15,23/04/2025,49.8,49.89,49.67,49.8,31932931.95,641700.0
VALE3,M15,23/04/2025,49.72,49.8,49.66,49.79,35195524.41,707800.0
VALE3,M15,23/04/2025,49.65,49.74,49.58,49.72,22042678.13,443900.0
VALE3,M15,23/04/2025,49.62,49.72,49.52,49.65,50413794.37,1016000.0
VALE3,M15,23/04/2025,49.69,49.75,49.57,49.62,76964623.93,1549300.0
VALE3,M15,23/04/2025,49.49,49.73,49.35,49.7,76504662.41,1543000.0
VALE3,M15,23/04/2025,49.66,49.66,49.48,49.48,35101757.86,708100.0
VALE3,M15,23/04/2025,49.48,49.68,49.44,49.65,37058380.88,748100.0
VALE3,M15,22/04/2025,48.58,48.62,48.5,48.53,844870.51,17400.0
VALE3,M15,22/04/2025,48.72,48.77,48.51,48.51,112115721.93,2309500.0
VALE3,M15,22/04/2025,48.57,48.76,48.54,48.72,37846656.01,777600.0
VALE3,M15,22/04/2025,48.75,48.76,48.55,48.58,21853730.03,449300.0
VALE3,M15,22/04/2025,48.73,48.78,48.7,48.75,24218512.16,496800.0
VALE3,M15,22/04/2025,48.7,48.78,48.68,48.74,30886778.53,633700.0
VALE3,M15,22/04/2025,48.63,48.74,48.61,48.7,24013233.01,493300.0
VALE3,M15,22/04/2025,48.58,48.76,48.53,48.65,37700060.49,774900.0
VALE3,M15,22/04/2025,48.34,48.58,48.33,48.58,29082228.06,599700.0
VALE3,M15,22/04/2025,48.35,48.38,48.25,48.34,15594169.84,322800.0
VALE3,M15,22/04/2025,48.24,48.35,48.23,48.34,9371955.66,194100.0
VALE3,M15,22/04/2025,48.3,48.38,48.24,48.24,14763716.98,305700.0
VALE3,M15,22/04/2025,48.45,48.51,48.28,48.29,22723484.67,469500.0
VALE3,M15,22/04/2025,48.56,48.57,48.43,48.46,13963048.46,287900.0
VALE3,M15,22/04/2025,48.92,48.92,48.55,48.56,41630124.27,853600.0
VALE3,M15,22/04/2025,48.77,48.93,48.74,48.92,27197179.57,556900.0
VALE3,M15,22/04/2025,48.43,48.83,48.43,48.79,49194844.56,1011300.0
VALE3,M15,22/04/2025,48.21,48.44,48.21,48.43,17794504.05,368200.0
VALE3,M15,22/04/2025,48.34,48.35,48.19,48.21,16083763.39,333300.0
VALE3,M15,22/04/2025,48.21,48.38,48.19,48.34,14959742.76,309700.0
VALE3,M15,22/04/2025,48.21,48.28,48.13,48.21,12859310.06,266800.0
VALE3,M15,22/04/2025,48.17,48.31,48.15,48.21,27959794.58,579800.0
VALE3,M15,22/04/2025,47.82,48.19,47.78,48.17,49505547.31,1031400.0
VALE3,M15,22/04/2025,47.71,47.86,47.7,47.81,35522603.27,743100.0
VALE3,M15,22/04/2025,47.58,47.74,47.57,47.7,18896714.79,396700.0
VALE3,M15,22/04/2025,47.67,47.8,47.57,47.59,33411309.34,700800.0
VALE3,M15,22/04/2025,47.68,47.77,47.6,47.69,27394228.29,574600.0
VALE3,M15,22/04/2025,47.68,47.69,47.55,47.66,21145536.54,444100.0
VALE3,M15,22/04/2025,47.91,47.96,47.66,47.68,22859230.67,478400.0
VALE3,M15,17/04/2025,47.68,47.77,47.48,47.5,5990482.7,126000.0
VALE3,M15,17/04/2025,47.7,47.73,47.56,47.66,356653572.03,7483600.0
VALE3,M15,17/04/2025,47.66,47.77,47.66,47.7,66780881.66,1399900.0
VALE3,M15,17/04/2025,47.7,47.7,47.63,47.67,13894006.51,291500.0
VALE3,M15,17/04/2025,47.85,47.89,47.68,47.7,164917384.52,3447900.0
VALE3,M15,17/04/2025,47.94,47.96,47.84,47.86,26149188.45,546000.0
VALE3,M15,17/04/2025,47.92,48.02,47.92,47.94,18100932.97,377300.0
VALE3,M15,17/04/2025,47.98,48.01,47.92,47.92,13814383.62,288000.0
VALE3,M15,17/04/2025,47.91,48.06,47.9,47.99,17143840.56,357400.0
VALE3,M15,17/04/2025,47.93,48.03,47.91,47.92,11162086.68,232700.0
VALE3,M15,17/04/2025,47.82,47.95,47.81,47.95,11465652.25,239400.0
VALE3,M15,17/04/2025,47.88,47.88,47.77,47.81,21849235.39,457000.0
VALE3,M15,17/04/2025,47.96,48.0,47.88,47.88,14227402.38,296700.0
VALE3,M15,17/04/2025,47.9,47.99,47.88,47.97,6755805.13,140900.0
VALE3,M15,17/04/2025,47.95,48.03,47.88,47.91,13963618.06,291100.0
VALE3,M15,17/04/2025,47.71,47.97,47.67,47.96,17413639.97,363900.0
VALE3,M15,17/04/2025,47.79,47.9,47.67,47.73,19015748.5,398000.0
VALE3,M15,17/04/2025,47.77,47.86,47.71,47.79,17937523.32,375200.0
VALE3,M15,17/04/2025,47.8,47.94,47.77,47.77,23079075.28,482400.0
VALE3,M15,17/04/2025,47.77,47.89,47.74,47.8,31211563.66,652800.0
VALE3,M15,17/04/2025,47.63,47.79,47.63,47.79,19138489.15,401000.0
VALE3,M15,17/04/2025,47.66,47.79,47.63,47.64,18639023.06,390600.0
VALE3,M15,17/04/2025,47.66,47.69,47.52,47.66,28066908.96,589500.0
VALE3,M15,17/04/2025,47.67,47.79,47.64,47.65,26734292.51,560300.0
VALE3,M15,17/04/2025,47.74,47.87,47.62,47.68,37186577.82,779000.0
VALE3,M15,17/04/2025,47.65,47.81,47.61,47.73,17376160.57,364200.0
VALE3,M15,17/04/2025,47.47,47.83,47.43,47.66,38964209.1,817800.0
VALE3,M15,17/04/2025,47.48,47.53,47.42,47.47,20362809.64,428800.0
VALE3,M15,17/04/2025,47.57,47.6,47.37,47.48,28197274.37,593500.0
VALE3,M15,16/04/2025,47.39,47.41,47.36,47.37,1743618.17,36800.0
VALE3,M15,16/04/2025,47.4,47.49,47.37,47.37,183384464.69,3870200.0
VALE3,M15,16/04/2025,47.27,47.47,47.25,47.42,63154142.82,1333500.0
VALE3,M15,16/04/2025,47.48,47.51,47.24,47.27,37815162.85,798200.0
VALE3,M15,16/04/2025,47.47,47.52,47.41,47.48,31120290.03,655800.0
VALE3,M15,16/04/2025,47.51,47.52,47.44,47.47,35755483.87,753000.0
VALE3,M15,16/04/2025,47.53,47.57,47.48,47.52,18576190.88,391000.0
VALE3,M15,16/04/2025,47.54,47.58,47.45,47.56,19837829.45,417500.0
VALE3,M15,16/04/2025,47.52,47.59,47.42,47.54,42437088.17,893600.0
VALE3,M15,16/04/2025,47.73,47.73,47.52,47.52,28785024.56,604300.0
VALE3,M15,16/04/2025,47.86,47.88,47.65,47.73,25727267.83,539000.0
VALE3,M15,16/04/2025,47.79,47.93,47.76,47.88,24569211.56,513400.0
VALE3,M15,16/04/2025,47.73,47.88,47.67,47.79,38527827.56,806400.0
VALE3,M15,16/04/2025,47.63,47.78,47.6,47.76,26802453.92,561900.0
VALE3,M15,16/04/2025,47.61,47.66,47.57,47.63,18639534.99,391400.0
VALE3,M15,16/04/2025,47.67,47.71,47.61,47.61,17155203.79,360100.0
VALE3,M15,16/04/2025,47.66,47.7,47.58,47.67,22590764.24,474300.0
VALE3,M15,16/04/2025,47.7,47.71,47.63,47.66,11835206.27,248300.0
VALE3,M15,16/04/2025,47.73,47.76,47.67,47.69,13489815.7,282700.0
VALE3,M15,16/04/2025,47.71,47.86,47.64,47.74,25315853.33,530200.0
VALE3,M15,16/04/2025,47.62,47.72,47.57,47.7,30549682.03,641600.0
VALE3,M15,16/04/2025,47.74,47.75,47.59,47.61,28669880.74,601500.0
VALE3,M15,16/04/2025,47.83,47.84,47.65,47.73,43248498.06,905400.0
VALE3,M15,16/04/2025,47.74,47.86,47.72,47.84,16623956.15,347700.0
VALE3,M15,16/04/2025,47.61,47.84,47.56,47.72,30820224.09,645900.0
VALE3,M15,16/04/2025,47.78,47.83,47.59,47.6,111386685.62,2334700.0
VALE3,M15,16/04/2025,47.85,47.97,47.68,47.78,56982475.59,1191100.0
VALE3,M15,16/04/2025,47.77,47.93,47.75,47.84,31928088.51,667500.0
VALE3,M15,16/04/2025,48.24,48.34,47.75,47.77,62702391.89,1308900.0
VALE3,M15,15/04/2025,48.4,48.5,48.36,48.36,1535350.4,31700.0
VALE3,M15,15/04/2025,48.35,48.5,48.3,48.5,116504988.36,2403300.0
VALE3,M15,15/04/2025,48.3,48.4,48.27,48.35,18955206.45,392100.0
VALE3,M15,15/04/2025,48.33,48.39,48.28,48.31,17260568.81,357100.0
VALE3,M15,15/04/2025,48.27,48.34,48.25,48.34,16067293.54,332600.0
VALE3,M15,15/04/2025,48.32,48.35,48.25,48.27,21577728.97,446800.0
VALE3,M15,15/04/2025,48.27,48.34,48.25,48.32,14001616.59,290000.0
VALE3,M15,15/04/2025,48.35,48.38,48.25,48.28,16091433.21,333000.0
VALE3,M15,15/04/2025,48.35,48.39,48.33,48.35,12064126.68,249500.0
VALE3,M15,15/04/2025,48.51,48.52,48.31,48.36,15169930.24,313500.0
VALE3,M15,15/04/2025,48.43,48.52,48.43,48.51,7638303.75,157600.0
VALE3,M15,15/04/2025,48.56,48.58,48.41,48.43,18978121.29,391500.0
VALE3,M15,15/04/2025,48.56,48.65,48.53,48.56,13275630.18,273200.0
VALE3,M15,15/04/2025,48.55,48.58,48.52,48.57,50099673.1,1031900.0
VALE3,M15,15/04/2025,48.52,48.61,48.5,48.56,18194843.72,374700.0
VALE3,M15,15/04/2025,48.53,48.67,48.52,48.54,25511085.09,525100.0
VALE3,M15,15/04/2025,48.48,48.56,48.4,48.52,19047052.39,392900.0
VALE3,M15,15/04/2025,48.35,48.48,48.34,48.48,7066559.25,146000.0
VALE3,M15,15/04/2025,48.45,48.5,48.3,48.36,18427416.09,380900.0
VALE3,M15,15/04/2025,48.52,48.52,48.4,48.46,17273999.57,356500.0
VALE3,M15,15/04/2025,48.36,48.53,48.35,48.52,29187942.77,602300.0
VALE3,M15,15/04/2025,48.35,48.51,48.34,48.36,31898271.73,659100.0
VALE3,M15,15/04/2025,48.53,48.61,48.34,48.35,38428355.96,792900.0
VALE3,M15,15/04/2025,48.69,48.72,48.5,48.54,72022899.33,1483000.0
VALE3,M15,15/04/2025,48.83,48.85,48.59,48.7,33702600.49,691900.0
VALE3,M15,15/04/2025,48.88,48.94,48.77,48.84,24817467.87,508000.0
VALE3,M15,15/04/2025,49.2,49.25,48.61,48.87,140118275.56,2869300.0
VALE3,M15,15/04/2025,49.15,49.24,49.05,49.2,16661203.03,339000.0
VALE3,M15,15/04/2025,49.01,49.16,48.91,49.16,16991085.75,346500.0
VALE3,M15,14/04/2025,48.99,48.99,48.92,48.94,2419043.21,49400.0
VALE3,M15,14/04/2025,49.17,49.17,48.99,48.99,120534694.98,2458700.0
VALE3,M15,14/04/2025,49.19,49.29,49.15,49.18,30879362.87,627400.0
VALE3,M15,14/04/2025,49.29,49.29,49.15,49.19,25618751.06,520700.0
VALE3,M15,14/04/2025,49.26,49.34,49.26,49.29,58274806.98,1181900.0
VALE3,M15,14/04/2025,49.28,49.31,49.25,49.26,84596453.85,1716800.0
VALE3,M15,14/04/2025,49.27,49.35,49.23,49.28,28498230.76,578200.0
VALE3,M15,14/04/2025,49.2,49.3,49.16,49.27,26953525.15,547500.0
VALE3,M15,14/04/2025,49.2,49.25,49.15,49.2,15200672.63,309000.0
VALE3,M15,14/04/2025,49.13,49.28,49.08,49.21,19032578.86,386700.0
VALE3,M15,14/04/2025,49.14,49.2,49.07,49.13,32587315.89,663500.0
VALE3,M15,14/04/2025,49.2,49.25,49.12,49.16,16146753.29,328300.0
VALE3,M15,14/04/2025,49.14,49.4,49.14,49.2,40689367.41,826100.0
VALE3,M15,14/04/2025,49.23,49.23,49.08,49.16,10793454.66,219500.0
VALE3,M15,14/04/2025,49.06,49.25,49.05,49.21,16993580.47,345600.0
VALE3,M15,14/04/2025,49.0,49.18,48.97,49.07,13593956.79,276900.0
VALE3,M15,14/04/2025,48.97,49.07,48.88,48.98,19023169.58,388400.0
VALE3,M15,14/04/2025,49.07,49.07,48.84,48.97,28140642.94,575200.0
VALE3,M15,14/04/2025,49.18,49.23,48.91,49.04,25961721.15,529200.0
VALE3,M15,14/04/2025,49.19,49.3,49.14,49.18,51821897.77,1052600.0
VALE3,M15,14/04/2025,49.14,49.22,49.08,49.19,18003911.92,366200.0
VALE3,M15,14/04/2025,49.26,49.36,49.12,49.14,34113668.0,692600.0
VALE3,M15,14/04/2025,49.27,49.29,49.18,49.25,28852071.1,586000.0
VALE3,M15,14/04/2025,49.18,49.46,49.16,49.28,51397465.3,1041700.0
VALE3,M15,14/04/2025,49.15,49.21,49.09,49.16,21785892.18,443200.0
VALE3,M15,14/04/2025,49.16,49.25,49.06,49.14,30228529.93,614800.0
VALE3,M15,14/04/2025,49.18,49.28,48.97,49.16,54399551.36,1107200.0
VALE3,M15,14/04/2025,49.15,49.28,49.07,49.16,37292821.58,758200.0
VALE3,M15,14/04/2025,49.03,49.21,48.98,49.17,39416891.95,803300.0
VALE3,M15,11/04/2025,48.36,48.53,48.34,48.43,1904105.89,39300.0
VALE3,M15,11/04/2025,48.63,48.63,48.36,48.36,134138436.89,2771100.0
VALE3,M15,11/04/2025,48.66,48.66,48.5,48.62,37493260.9,771900.0
VALE3,M15,11/04/2025,48.78,48.79,48.62,48.65,34429407.96,706500.0
VALE3,M15,11/04/2025,48.62,48.8,48.6,48.78,24518553.76,503200.0
VALE3,M15,11/04/2025,48.61,48.65,48.52,48.62,11379556.43,234100.0
VALE3,M15,11/04/2025,48.61,48.74,48.57,48.61,23184818.83,476200.0
VALE3,M15,11/04/2025,48.6,48.71,48.52,48.61,107861649.93,2217000.0
VALE3,M15,11/04/2025,48.61,48.64,48.5,48.6,19672575.8,405000.0
VALE3,M15,11/04/2025,48.62,48.77,48.53,48.61,36771326.61,755800.0
VALE3,M15,11/04/2025,48.36,48.7,48.27,48.62,44191706.37,910800.0
VALE3,M15,11/04/2025,48.43,48.44,48.29,48.35,20623501.7,426400.0
VALE3,M15,11/04/2025,48.5,48.54,48.36,48.42,18315545.69,377900.0
VALE3,M15,11/04/2025,48.51,48.53,48.35,48.48,15547281.16,320900.0
VALE3,M15,11/04/2025,48.25,48.53,48.25,48.5,46194094.18,953700.0
VALE3,M15,11/04/2025,48.24,48.31,48.2,48.25,25609209.29,530600.0
VALE3,M15,11/04/2025,48.09,48.26,48.01,48.24,22626111.23,469800.0
VALE3,M15,11/04/2025,48.01,48.1,47.95,48.08,8303813.9,172900.0
VALE3,M15,11/04/2025,47.88,48.02,47.83,48.01,12007614.21,250500.0
VALE3,M15,11/04/2025,47.79,48.03,47.73,47.86,22078665.02,460700.0
VALE3,M15,11/04/2025,47.83,48.2,47.75,47.77,30330578.27,632600.0
VALE3,M15,11/04/2025,47.97,48.12,47.81,47.84,41010276.17,855500.0
VALE3,M15,11/04/2025,47.78,47.97,47.72,47.97,28726567.15,600900.0
VALE3,M15,11/04/2025,48.19,48.31,47.74,47.78,51473854.42,1071300.0
VALE3,M15,11/04/2025,47.91,48.34,47.83,48.2,73842646.15,1533600.0
VALE3,M15,11/04/2025,47.86,48.04,47.84,47.91,39139488.5,816100.0
VALE3,M15,11/04/2025,47.6,47.95,47.59,47.86,66703605.69,1397400.0
VALE3,M15,11/04/2025,47.56,47.77,47.49,47.61,42556125.49,893100.0
VALE3,M15,11/04/2025,47.37,47.61,47.37,47.58,27287378.88,575100.0
VALE3,M15,10/04/2025,47.45,47.57,47.36,47.5,1168492.09,24600.0
VALE3,M15,10/04/2025,47.23,47.57,47.18,47.57,166766931.9,3510600.0
VALE3,M15,10/04/2025,47.54,47.68,47.15,47.21,61305407.48,1291500.0
VALE3,M15,10/04/2025,47.71,47.79,47.5,47.54,63490871.61,1332700.0
VALE3,M15,10/04/2025,47.6,47.77,47.53,47.71,36042668.83,756300.0
VALE3,M15,10/04/2025,47.71,47.72,47.52,47.6,30747529.29,645800.0
VALE3,M15,10/04/2025,47.83,47.94,47.61,47.72,25272122.7,529200.0
VALE3,M15,10/04/2025,47.62,47.93,47.53,47.85,58127010.06,1217700.0
VALE3,M15,10/04/2025,47.73,47.98,47.61,47.63,80007877.4,1674800.0
VALE3,M15,10/04/2025,47.7,47.81,47.51,47.74,101578170.87,2131000.0
VALE3,M15,10/04/2025,47.17,47.72,47.13,47.71,50197048.34,1059000.0
VALE3,M15,10/04/2025,47.03,47.2,46.87,47.18,25064234.37,533200.0
VALE3,M15,10/04/2025,47.3,47.49,46.93,47.03,83754140.25,1773300.0
VALE3,M15,10/04/2025,46.97,47.36,46.87,47.29,83771348.24,1774500.0
VALE3,M15,10/04/2025,46.57,46.98,46.55,46.97,68125931.16,1455900.0
VALE3,M15,10/04/2025,46.69,46.73,46.45,46.57,33053512.42,709200.0
VALE3,M15,10/04/2025,46.72,46.86,46.52,46.69,48061636.37,1029100.0
VALE3,M15,10/04/2025,46.87,46.99,46.69,46.72,46816569.49,1000100.0
VALE3,M15,10/04/2025,46.99,47.07,46.84,46.87,34514259.12,735200.0
VALE3,M15,10/04/2025,47.03,47.2,46.97,47.0,24032951.04,510300.0
VALE3,M15,10/04/2025,46.88,47.11,46.84,47.05,102457236.55,2180100.0
VALE3,M15,10/04/2025,47.06,47.09,46.82,46.88,26524571.9,565000.0
VALE3,M15,10/04/2025,46.7,47.12,46.67,47.05,25301637.56,538500.0
VALE3,M15,10/04/2025,46.51,46.78,46.43,46.69,49240239.83,1056700.0
VALE3,M15,10/04/2025,46.64,46.86,46.38,46.48,109523714.69,2349900.0
VALE3,M15,10/04/2025,46.96,47.22,46.61,46.61,84201265.85,1796100.0
VALE3,M15,10/04/2025,47.15,47.3,46.77,46.97,105387751.69,2241800.0
VALE3,M15,10/04/2025,47.05,47.33,46.9,47.18,92688951.89,1963300.0
VALE3,M15,10/04/2025,46.96,47.32,46.87,47.05,76504114.44,1625000.0
VALE3,M15,09/04/2025,46.69,46.78,46.68,46.69,6378395.63,136500.0
VALE3,M15,09/04/2025,46.76,46.81,46.53,46.73,294557270.33,6304200.0
VALE3,M15,09/04/2025,46.69,46.87,46.63,46.78,82592261.69,1766400.0
VALE3,M15,09/04/2025,46.51,46.79,46.5,46.69,78491955.72,1682300.0
VALE3,M15,09/04/2025,46.11,46.53,46.02,46.5,68351119.41,1477100.0
VALE3,M15,09/04/2025,46.3,46.55,46.1,46.12,81041280.52,1750800.0
VALE3,M15,09/04/2025,46.79,46.87,46.29,46.29,63809092.77,1371500.0
VALE3,M15,09/04/2025,46.63,46.92,46.58,46.78,80897122.95,1730500.0
VALE3,M15,09/04/2025,46.61,46.78,46.32,46.63,72221478.42,1551900.0
VALE3,M15,09/04/2025,46.26,46.7,46.25,46.61,84377305.93,1813900.0
VALE3,M15,09/04/2025,46.08,46.75,45.98,46.24,161492820.84,3481900.0
VALE3,M15,09/04/2025,45.05,46.53,44.74,46.08,281477467.65,6156900.0
VALE3,M15,09/04/2025,45.04,45.35,44.89,45.05,51809398.03,1149100.0
VALE3,M15,09/04/2025,44.9,45.14,44.85,45.03,39786494.63,883500.0
VALE3,M15,09/04/2025,44.89,44.96,44.78,44.9,41508299.31,925000.0
VALE3,M15,09/04/2025,44.78,44.97,44.78,44.88,49567837.83,1104400.0
VALE3,M15,09/04/2025,44.41,44.8,44.38,44.78,53489130.43,1198800.0
VALE3,M15,09/04/2025,44.33,44.66,44.32,44.41,50506483.0,1133700.0
VALE3,M15,09/04/2025,44.46,44.58,44.3,44.33,43447789.15,977800.0
VALE3,M15,09/04/2025,44.36,44.5,44.32,44.45,67654983.13,1522400.0
VALE3,M15,09/04/2025,44.24,44.43,44.2,44.36,36851075.67,831900.0
VALE3,M15,09/04/2025,44.37,44.58,44.22,44.23,78722691.3,1772700.0
VALE3,M15,09/04/2025,44.43,44.5,44.35,44.37,65907487.69,1483800.0
VALE3,M15,09/04/2025,44.1,44.49,44.1,44.41,90878198.86,2051000.0
VALE3,M15,09/04/2025,44.31,44.41,43.96,44.1,105727282.53,2393400.0
VALE3,M15,09/04/2025,44.38,44.47,44.11,44.28,100637007.55,2274000.0
VALE3,M15,09/04/2025,44.59,44.66,44.17,44.37,110849120.96,2496100.0
VALE3,M15,09/04/2025,44.48,44.95,44.45,44.56,143889796.56,3216000.0
VALE3,M15,09/04/2025,44.3,44.67,44.23,44.46,82345404.16,1854400.0
VALE3,M15,08/04/2025,44.33,44.46,44.33,44.42,7992814.64,180000.0
VALE3,M15,08/04/2025,44.42,44.47,44.18,44.34,276803563.26,6241300.0
VALE3,M15,08/04/2025,44.58,44.59,44.33,44.44,174905469.62,3935400.0
VALE3,M15,08/04/2025,44.46,44.62,44.32,44.58,97877655.7,2201500.0
VALE3,M15,08/04/2025,44.86,44.87,44.44,44.48,75062122.31,1683500.0
VALE3,M15,08/04/2025,45.02,45.12,44.85,44.87,61655354.32,1370100.0
VALE3,M15,08/04/2025,45.04,45.42,44.99,45.02,75137724.62,1664200.0
VALE3,M15,08/04/2025,45.07,45.29,45.02,45.05,52108394.15,1153900.0
VALE3,M15,08/04/2025,45.05,45.15,44.94,45.07,54990118.93,1220700.0
VALE3,M15,08/04/2025,44.98,45.11,44.88,45.05,61366583.13,1364400.0
VALE3,M15,08/04/2025,44.5,45.08,44.47,44.98,79494438.9,1775900.0
VALE3,M15,08/04/2025,44.55,44.79,44.46,44.5,74231025.94,1663800.0
VALE3,M15,08/04/2025,44.88,44.99,44.46,44.56,99809206.23,2233800.0
VALE3,M15,08/04/2025,44.94,45.14,44.87,44.88,78625769.39,1746600.0
VALE3,M15,08/04/2025,45.3,45.33,44.86,44.94,98354941.47,2183700.0
VALE3,M15,08/04/2025,45.39,45.41,45.15,45.32,52786499.58,1166100.0
VALE3,M15,08/04/2025,45.52,45.52,45.29,45.38,49856952.41,1098600.0
VALE3,M15,08/04/2025,45.69,45.82,45.36,45.54,72053798.54,1580100.0
VALE3,M15,08/04/2025,45.55,45.78,45.52,45.69,31248547.36,684000.0
VALE3,M15,08/04/2025,45.69,45.76,45.52,45.55,50395945.58,1104400.0
VALE3,M15,08/04/2025,45.89,46.05,45.58,45.68,42666723.3,931800.0
VALE3,M15,08/04/2025,46.28,46.35,45.87,45.89,56401027.99,1223400.0
VALE3,M15,08/04/2025,46.7,46.7,46.25,46.26,41693146.62,896500.0
VALE3,M15,08/04/2025,46.66,46.77,46.59,46.69,42548619.7,911500.0
VALE3,M15,08/04/2025,46.81,46.91,46.6,46.66,46848038.31,1001900.0
VALE3,M15,08/04/2025,47.01,47.02,46.7,46.81,46787013.17,998400.0
VALE3,M15,08/04/2025,47.47,47.54,46.87,47.01,83195201.92,1765100.0
VALE3,M15,08/04/2025,46.99,47.6,46.95,47.46,74276160.74,1570800.0
VALE3,M15,08/04/2025,47.18,47.3,46.92,46.96,59481525.63,1263900.0
VALE3,M15,07/04/2025,46.92,47.0,46.82,46.87,2003316.13,42700.0
VALE3,M15,07/04/2025,46.74,46.91,46.61,46.91,115060496.1,2456500.0
VALE3,M15,07/04/2025,46.73,47.05,46.71,46.76,172340106.69,3673900.0
VALE3,M15,07/04/2025,46.72,46.87,46.65,46.73,25730254.64,550000.0
VALE3,M15,07/04/2025,46.64,46.8,46.63,46.7,33606592.47,719300.0
VALE3,M15,07/04/2025,46.87,46.99,46.6,46.67,136908877.09,2927500.0
VALE3,M15,07/04/2025,46.79,46.99,46.69,46.88,18678930.49,398600.0
VALE3,M15,07/04/2025,46.89,47.07,46.78,46.79,24638820.41,525300.0
VALE3,M15,07/04/2025,47.02,47.07,46.85,46.87,15133533.26,322400.0
VALE3,M15,07/04/2025,46.79,47.05,46.68,47.03,33444721.3,713000.0
VALE3,M15,07/04/2025,46.76,46.87,46.65,46.79,20301504.21,433900.0
VALE3,M15,07/04/2025,46.56,46.78,46.53,46.73,24481882.8,524500.0
VALE3,M15,07/04/2025,46.28,46.79,46.27,46.56,69813400.98,1500300.0
VALE3,M15,07/04/2025,46.34,46.36,46.18,46.28,30805324.26,665800.0
VALE3,M15,07/04/2025,46.37,46.52,46.29,46.38,18504447.82,398700.0
VALE3,M15,07/04/2025,46.33,46.42,46.16,46.38,47664066.31,1029800.0
VALE3,M15,07/04/2025,46.69,46.73,46.3,46.33,49808879.45,1071500.0
VALE3,M15,07/04/2025,47.06,47.09,46.7,46.7,20346890.47,434000.0
VALE3,M15,07/04/2025,46.7,47.11,46.7,47.06,54690484.7,1166000.0
VALE3,M15,07/04/2025,47.01,47.15,46.69,46.73,57391207.0,1223700.0
VALE3,M15,07/04/2025,47.33,47.53,46.95,46.96,38956665.45,824500.0
VALE3,M15,07/04/2025,47.0,47.49,46.94,47.34,43279144.01,915400.0
VALE3,M15,07/04/2025,46.94,47.24,46.74,47.0,51326033.17,1091900.0
VALE3,M15,07/04/2025,47.86,48.12,46.88,46.92,113755105.28,2394200.0
VALE3,M15,07/04/2025,47.08,48.2,46.99,47.86,178514828.33,3759400.0
VALE3,M15,07/04/2025,46.32,47.15,46.25,47.09,83800295.29,1793000.0
VALE3,M15,07/04/2025,46.6,46.69,46.12,46.29,88961284.09,1916100.0
VALE3,M15,07/04/2025,46.78,46.91,46.6,46.66,66453422.46,1421700.0
VALE3,M15,07/04/2025,46.6,46.79,46.43,46.78,48904976.52,1049200.0
VALE3,M15,04/04/2025,47.49,47.5,47.45,47.49,1998380.76,42100.0
VALE3,M15,04/04/2025,47.4,47.48,47.24,47.48,197352825.24,4160100.0
VALE3,M15,04/04/2025,47.15,47.44,47.14,47.4,47148886.55,996000.0
VALE3,M15,04/04/2025,47.26,47.3,47.15,47.15,143597949.33,3040900.0
VALE3,M15,04/04/2025,47.14,47.3,47.11,47.28,35107338.54,744100.0
VALE3,M15,04/04/2025,47.04,47.17,47.03,47.13,17788340.25,377600.0
VALE3,M15,04/04/2025,47.21,47.22,47.02,47.04,21329439.31,452600.0
VALE3,M15,04/04/2025,47.28,47.33,47.11,47.19,44965986.54,952300.0
VALE3,M15,04/04/2025,47.41,47.45,47.26,47.27,42476789.21,896600.0
VALE3,M15,04/04/2025,47.24,47.4,47.19,47.4,38897715.05,822300.0
VALE3,M15,04/04/2025,47.16,47.29,47.06,47.24,47295472.15,1003000.0
VALE3,M15,04/04/2025,46.93,47.16,46.87,47.16,145267554.13,3084200.0
VALE3,M15,04/04/2025,47.16,47.19,46.91,46.94,38497086.97,818700.0
VALE3,M15,04/04/2025,47.25,47.26,47.15,47.16,111698989.03,2365200.0
VALE3,M15,04/04/2025,47.21,47.34,47.18,47.24,14862030.44,314400.0
VALE3,M15,04/04/2025,47.38,47.39,47.05,47.21,30297489.87,641800.0
VALE3,M15,04/04/2025,47.26,47.42,47.24,47.38,25795851.03,545200.0
VALE3,M15,04/04/2025,47.26,47.47,47.22,47.24,22980898.8,485700.0
VALE3,M15,04/04/2025,47.3,47.38,47.12,47.27,32634222.6,690800.0
VALE3,M15,04/04/2025,47.48,47.52,47.22,47.32,65843241.41,1390100.0
VALE3,M15,04/04/2025,46.96,47.53,46.95,47.48,73043426.87,1545900.0
VALE3,M15,04/04/2025,46.86,47.06,46.51,46.98,138835190.32,2971700.0
VALE3,M15,04/04/2025,47.25,47.37,46.81,46.87,98194182.47,2085900.0
VALE3,M15,04/04/2025,47.36,47.43,47.24,47.27,60318243.23,1274400.0
VALE3,M15,04/04/2025,47.88,47.89,47.3,47.34,157153712.01,3304900.0
VALE3,M15,04/04/2025,47.55,47.9,47.47,47.9,136673275.54,2867600.0
VALE3,M15,04/04/2025,48.07,48.13,47.5,47.53,237093140.5,4962000.0
VALE3,M15,04/04/2025,48.11,48.24,47.94,48.08,69871738.52,1453100.0
VALE3,M15,04/04/2025,47.97,48.15,47.75,48.06,73390864.57,1530400.0
VALE3,M15,03/04/2025,49.45,49.62,49.44,49.58,8947887.29,180700.0
VALE3,M15,03/04/2025,49.52,49.52,49.35,49.45,178426047.62,3609100.0
VALE3,M15,03/04/2025,49.59,49.6,49.48,49.52,50092197.05,1011100.0
VALE3,M15,03/04/2025,49.68,49.69,49.57,49.58,31057235.23,626100.0
VALE3,M15,03/04/2025,49.67,49.7,49.62,49.69,30222934.84,608500.0
VALE3,M15,03/04/2025,49.68,49.71,49.64,49.68,27777480.74,559200.0
VALE3,M15,03/04/2025,49.65,49.7,49.54,49.68,56750773.84,1143700.0
VALE3,M15,03/04/2025,49.79,49.81,49.62,49.66,60485294.02,1216900.0
VALE3,M15,03/04/2025,49.92,49.95,49.78,49.79,62452233.9,1253000.0
VALE3,M15,03/04/2025,49.9,49.98,49.81,49.92,34588117.47,693200.0
VALE3,M15,03/04/2025,49.8,49.93,49.8,49.91,20437389.01,409800.0
VALE3,M15,03/04/2025,49.99,50.01,49.8,49.8,33335232.06,668200.0
VALE3,M15,03/04/2025,50.14,50.16,49.91,50.0,59751789.19,1195100.0
VALE3,M15,03/04/2025,50.15,50.26,50.09,50.14,42463293.56,846100.0
VALE3,M15,03/04/2025,50.21,50.22,50.13,50.15,18168221.94,362100.0
VALE3,M15,03/04/2025,50.14,50.22,50.11,50.2,16951227.89,337900.0
VALE3,M15,03/04/2025,50.17,50.25,50.06,50.15,36351992.63,725100.0
VALE3,M15,03/04/2025,50.25,50.28,50.15,50.18,48880769.25,973700.0
VALE3,M15,03/04/2025,50.21,50.31,50.17,50.25,28118500.48,559700.0
VALE3,M15,03/04/2025,50.16,50.27,50.09,50.21,67018735.49,1335200.0
VALE3,M15,03/04/2025,50.43,50.44,50.07,50.14,122891128.62,2446400.0
VALE3,M15,03/04/2025,50.83,50.87,50.41,50.43,57115101.38,1128300.0
VALE3,M15,03/04/2025,50.49,50.85,50.43,50.83,59737747.38,1179800.0
VALE3,M15,03/04/2025,50.41,50.59,50.32,50.49,81546804.05,1615900.0
VALE3,M15,03/04/2025,50.28,50.5,50.22,50.41,47911509.67,951600.0
VALE3,M15,03/04/2025,50.28,50.52,50.26,50.28,67057740.74,1331100.0
VALE3,M15,03/04/2025,50.32,50.36,50.04,50.27,117987040.24,2349300.0
VALE3,M15,03/04/2025,50.35,50.56,50.27,50.29,80905310.1,1605300.0
VALE3,M15,03/04/2025,50.47,50.53,50.22,50.35,71934408.82,1429000.0
VALE3,M15,02/04/2025,51.3,51.57,51.1,51.17,8880655.1,173300.0
VALE3,M15,02/04/2025,51.36,51.64,51.31,51.31,157536519.23,3066800.0
VALE3,M15,02/04/2025,51.26,51.39,51.23,51.36,37730228.77,735100.0
VALE3,M15,02/04/2025,51.17,51.27,51.15,51.26,19748682.82,385500.0
VALE3,M15,02/04/2025,51.07,51.21,51.07,51.17,22523011.11,440300.0
VALE3,M15,02/04/2025,51.16,51.18,51.07,51.07,15212881.26,297500.0
VALE3,M15,02/04/2025,51.08,51.17,51.07,51.16,20563287.71,402300.0
VALE3,M15,02/04/2025,51.15,51.16,51.04,51.08,16686788.34,326600.0
VALE3,M15,02/04/2025,51.1,51.17,51.08,51.15,11484038.2,224600.0
VALE3,M15,02/04/2025,51.12,51.17,51.08,51.1,9599034.77,187800.0
VALE3,M15,02/04/2025,51.12,51.19,51.08,51.13,16178876.44,316400.0
VALE3,M15,02/04/2025,51.18,51.18,51.11,51.12,7818006.6,152900.0
VALE3,M15,02/04/2025,51.19,51.29,51.17,51.18,16480881.01,321700.0
VALE3,M15,02/04/2025,51.12,51.22,51.09,51.21,13029359.38,254700.0
VALE3,M15,02/04/2025,51.16,51.17,51.05,51.12,19864202.47,388700.0
VALE3,M15,02/04/2025,51.25,51.29,51.14,51.16,10753422.86,210000.0
VALE3,M15,02/04/2025,51.09,51.27,51.09,51.24,16691902.16,326000.0
VALE3,M15,02/04/2025,51.15,51.17,51.01,51.08,28720729.61,562300.0
VALE3,M15,02/04/2025,51.19,51.24,51.11,51.16,12857571.51,251300.0
VALE3,M15,02/04/2025,51.2,51.24,51.15,51.22,9977776.35,194900.0
VALE3,M15,02/04/2025,51.16,51.24,51.1,51.2,18654335.68,364500.0
VALE3,M15,02/04/2025,51.2,51.28,51.14,51.17,32486944.82,634500.0
VALE3,M15,02/04/2025,51.29,51.29,51.12,51.18,26421312.25,516200.0
VALE3,M15,02/04/2025,51.16,51.31,51.11,51.27,15056469.09,293900.0
VALE3,M15,02/04/2025,51.13,51.19,51.08,51.17,24786258.62,484800.0
VALE3,M15,02/04/2025,51.29,51.35,51.12,51.12,29039629.43,567100.0
VALE3,M15,02/04/2025,51.53,51.53,51.22,51.31,35122781.83,683500.0
VALE3,M15,02/04/2025,51.51,51.58,51.37,51.52,13907926.65,270300.0
VALE3,M15,02/04/2025,51.56,51.61,51.38,51.51,8454410.17,164200.0
VALE3,M15,01/04/2025,51.54,51.64,51.53,51.56,1237758.46,24000.0
VALE3,M15,01/04/2025,51.67,51.72,51.54,51.54,78714368.95,1526400.0
VALE3,M15,01/04/2025,51.73,51.73,51.64,51.64,15233850.26,294800.0
VALE3,M15,01/04/2025,51.78,51.8,51.67,51.72,17433426.5,336900.0
VALE3,M15,01/04/2025,51.76,51.78,51.71,51.77,10199643.41,197100.0
VALE3,M15,01/04/2025,51.72,51.78,51.69,51.74,10976096.56,212200.0
VALE3,M15,01/04/2025,51.9,51.9,51.71,51.71,11630869.85,224600.0
VALE3,M15,01/04/2025,51.91,51.93,51.88,51.9,12270485.55,236400.0
VALE3,M15,01/04/2025,51.88,51.94,51.86,51.92,11852871.2,228400.0
VALE3,M15,01/04/2025,51.92,51.97,51.87,51.87,13364068.41,257400.0
VALE3,M15,01/04/2025,51.89,51.98,51.89,51.92,16367602.82,315200.0
VALE3,M15,01/04/2025,51.95,52.0,51.87,51.9,21056147.47,405300.0
VALE3,M15,01/04/2025,51.92,51.97,51.86,51.94,18710866.17,360500.0
VALE3,M15,01/04/2025,51.88,51.99,51.82,51.91,8236755.65,158700.0
VALE3,M15,01/04/2025,51.88,51.94,51.84,51.88,11036508.83,212700.0
VALE3,M15,01/04/2025,51.9,51.94,51.84,51.9,11457246.09,220800.0
VALE3,M15,01/04/2025,52.06,52.08,51.85,51.9,13575207.63,261200.0
VALE3,M15,01/04/2025,52.1,52.1,52.01,52.05,13546033.45,260200.0
VALE3,M15,01/04/2025,52.08,52.18,52.05,52.12,54044546.58,1037200.0
VALE3,M15,01/04/2025,52.17,52.21,52.07,52.08,29719475.22,570100.0
VALE3,M15,01/04/2025,51.99,52.17,51.97,52.17,30684969.28,589200.0
VALE3,M15,01/04/2025,51.99,51.99,51.82,51.99,22324379.74,429900.0
VALE3,M15,01/04/2025,51.82,52.04,51.82,51.99,24300573.89,467900.0
VALE3,M15,01/04/2025,51.78,51.86,51.67,51.84,16893119.27,326400.0
VALE3,M15,01/04/2025,51.72,51.85,51.62,51.77,21170441.39,409100.0
VALE3,M15,01/04/2025,51.8,51.87,51.68,51.72,27327826.17,527600.0
VALE3,M15,01/04/2025,51.7,51.94,51.68,51.81,49066153.72,946500.0
VALE3,M15,01/04/2025,51.57,51.77,51.51,51.71,30771195.79,596300.0
VALE3,M15,01/04/2025,51.46,51.67,51.33,51.54,37199401.12,721800.0
VALE3,M15,31/03/2025,51.1,51.29,51.08,51.12,1575111.83,30800.0
VALE3,M15,31/03/2025,51.29,51.37,51.1,51.1,172927120.54,3382600.0
VALE3,M15,31/03/2025,51.26,51.37,51.26,51.31,53602490.63,1044200.0
VALE3,M15,31/03/2025,51.32,51.35,51.26,51.26,20420994.87,398000.0
VALE3,M15,31/03/2025,51.24,51.37,51.23,51.31,36841453.69,718100.0
VALE3,M15,31/03/2025,51.29,51.3,51.23,51.23,17388077.19,339200.0
VALE3,M15,31/03/2025,51.27,51.39,51.26,51.27,27515155.58,536200.0
VALE3,M15,31/03/2025,51.26,51.36,51.23,51.26,47450227.78,925000.0
VALE3,M15,31/03/2025,51.07,51.34,51.05,51.27,28342821.71,553700.0
VALE3,M15,31/03/2025,51.07,51.13,51.05,51.07,19009921.78,372100.0
VALE3,M15,31/03/2025,50.97,51.11,50.95,51.07,14686281.48,287700.0
VALE3,M15,31/03/2025,51.14,51.15,50.95,50.96,19024940.58,372800.0
VALE3,M15,31/03/2025,51.11,51.16,51.04,51.15,9050869.35,177100.0
VALE3,M15,31/03/2025,51.12,51.2,51.09,51.1,20456946.61,400000.0
VALE3,M15,31/03/2025,51.05,51.14,50.98,51.1,14302976.76,280100.0
VALE3,M15,31/03/2025,50.88,51.06,50.85,51.04,23610779.86,463500.0
VALE3,M15,31/03/2025,50.98,51.0,50.85,50.86,17777643.05,349200.0
VALE3,M15,31/03/2025,50.98,51.04,50.95,50.98,11293446.19,221500.0
VALE3,M15,31/03/2025,50.89,50.99,50.87,50.99,16862786.96,331200.0
VALE3,M15,31/03/2025,50.99,51.0,50.89,50.9,14181531.24,278300.0
VALE3,M15,31/03/2025,51.01,51.05,50.95,50.99,11413313.58,223800.0
VALE3,M15,31/03/2025,51.07,51.1,50.94,51.03,18034036.94,353500.0
VALE3,M15,31/03/2025,50.88,51.08,50.86,51.07,8481713.3,166500.0
VALE3,M15,31/03/2025,50.99,51.03,50.83,50.87,46643099.84,916000.0
VALE3,M15,31/03/2025,50.94,51.13,50.89,50.99,29497290.01,578000.0
VALE3,M15,31/03/2025,50.53,51.02,50.5,50.95,60050626.7,1182700.0
VALE3,M15,31/03/2025,50.89,50.9,50.53,50.54,156011638.91,3081200.0
VALE3,M15,31/03/2025,50.91,51.04,50.85,50.88,37837995.68,742900.0
VALE3,M15,31/03/2025,51.12,51.2,50.65,50.9,89809181.97,1763400.0
VALE3,M15,28/03/2025,51.89,51.9,51.82,51.82,1223847.33,23600.0
VALE3,M15,28/03/2025,52.1,52.14,51.88,51.88,1123919186.69,21664200.0
VALE3,M15,28/03/2025,52.12,52.12,52.05,52.09,11344641.15,217800.0
VALE3,M15,28/03/2025,52.17,52.17,52.1,52.12,4707125.28,90300.0
VALE3,M15,28/03/2025,52.16,52.19,52.13,52.15,8188822.4,157000.0
VALE3,M15,28/03/2025,52.16,52.17,52.1,52.14,6730962.47,129100.0
VALE3,M15,28/03/2025,52.19,52.21,52.09,52.15,25945117.92,497500.0
VALE3,M15,28/03/2025,52.26,52.26,52.13,52.19,9782187.69,187400.0
VALE3,M15,28/03/2025,52.05,52.26,52.03,52.26,39495635.19,757100.0
VALE3,M15,28/03/2025,52.01,52.08,51.99,52.06,9707520.0,186600.0
VALE3,M15,28/03/2025,51.96,52.03,51.96,52.01,12358737.22,237700.0
VALE3,M15,28/03/2025,51.96,52.0,51.92,51.98,13747074.82,264600.0
VALE3,M15,28/03/2025,51.97,52.02,51.93,51.96,10284537.84,197900.0
VALE3,M15,28/03/2025,52.01,52.08,51.96,51.99,8219398.95,158000.0
VALE3,M15,28/03/2025,52.01,52.05,51.98,52.03,12565712.56,241600.0
VALE3,M15,28/03/2025,52.12,52.14,52.0,52.03,12177243.54,233900.0
VALE3,M15,28/03/2025,52.09,52.16,52.06,52.11,7692279.14,147600.0
VALE3,M15,28/03/2025,52.08,52.13,52.06,52.09,4922568.07,94500.0
VALE3,M15,28/03/2025,52.17,52.2,52.07,52.08,6147058.9,117900.0
VALE3,M15,28/03/2025,52.13,52.21,52.09,52.17,7557181.15,144900.0
VALE3,M15,28/03/2025,52.09,52.21,52.06,52.11,22811732.73,437600.0
VALE3,M15,28/03/2025,52.15,52.19,52.08,52.09,29555394.12,566900.0
VALE3,M15,28/03/2025,52.21,52.26,52.11,52.14,41285854.54,791100.0
VALE3,M15,28/03/2025,52.28,52.38,52.18,52.21,31338988.21,599500.0
VALE3,M15,28/03/2025,52.42,52.46,52.26,52.29,34643271.72,661600.0
VALE3,M15,28/03/2025,52.42,52.62,52.38,52.43,22734381.05,433100.0
VALE3,M15,28/03/2025,52.36,52.62,52.36,52.43,39769271.32,757600.0
VALE3,M15,28/03/2025,52.35,52.39,52.25,52.39,13551446.49,259000.0
VALE3,M15,28/03/2025,52.36,52.44,52.08,52.33,46561688.83,890400.0
VALE3,M15,27/03/2025,52.45,52.45,52.36,52.38,1912851.84,36500.0
VALE3,M15,27/03/2025,52.53,52.54,52.41,52.41,140469119.17,2679500.0
VALE3,M15,27/03/2025,52.64,52.64,52.47,52.5,57146080.81,1087200.0
VALE3,M15,27/03/2025,52.66,52.67,52.59,52.62,31961084.99,607300.0
VALE3,M15,27/03/2025,52.64,52.68,52.57,52.66,26191589.7,497800.0
VALE3,M15,27/03/2025,52.59,52.67,52.58,52.64,17885333.35,339900.0
VALE3,M15,27/03/2025,52.54,52.63,52.54,52.59,38885507.32,739500.0
VALE3,M15,27/03/2025,52.56,52.6,52.53,52.54,8736430.83,166200.0
VALE3,M15,27/03/2025,52.46,52.6,52.45,52.56,32878957.64,625700.0
VALE3,M15,27/03/2025,52.6,52.68,52.41,52.45,31240376.43,594100.0
VALE3,M15,27/03/2025,52.47,52.6,52.46,52.56,14137215.69,269000.0
VALE3,M15,27/03/2025,52.52,52.54,52.46,52.47,17525508.57,333700.0
VALE3,M15,27/03/2025,52.51,52.54,52.46,52.52,16611102.21,316400.0
VALE3,M15,27/03/2025,52.54,52.55,52.46,52.51,10832564.46,206300.0
VALE3,M15,27/03/2025,52.57,52.58,52.53,52.54,9607861.83,182800.0
VALE3,M15,27/03/2025,52.52,52.62,52.5,52.57,22272032.06,423700.0
VALE3,M15,27/03/2025,52.54,52.56,52.47,52.52,27845771.03,530200.0
VALE3,M15,27/03/2025,52.61,52.63,52.51,52.53,26168055.69,497800.0
VALE3,M15,27/03/2025,52.47,52.61,52.46,52.59,25684703.45,488800.0
VALE3,M15,27/03/2025,52.43,52.54,52.42,52.46,17162166.12,327000.0
VALE3,M15,27/03/2025,52.42,52.46,52.39,52.43,16643785.04,317500.0
VALE3,M15,27/03/2025,52.41,52.46,52.38,52.42,25035978.59,477500.0
VALE3,M15,27/03/2025,52.3,52.44,52.28,52.43,14450070.67,276000.0
VALE3,M15,27/03/2025,52.4,52.41,52.26,52.31,15457317.98,295400.0
VALE3,M15,27/03/2025,52.49,52.51,52.34,52.4,20475887.75,390600.0
VALE3,M15,27/03/2025,52.3,52.51,52.3,52.47,33811503.9,644800.0
VALE3,M15,27/03/2025,52.23,52.35,52.15,52.29,25213928.46,482700.0
VALE3,M15,27/03/2025,52.04,52.25,51.95,52.23,47724288.41,915800.0
VALE3,M15,27/03/2025,52.27,52.44,51.92,52.04,31047641.19,595600.0
VALE3,M15,26/03/2025,51.98,52.05,51.9,51.9,1215533.99,23400.0
VALE3,M15,26/03/2025,52.11,52.17,51.99,51.99,838039957.38,16116800.0
VALE3,M15,26/03/2025,52.06,52.12,52.0,52.12,30430432.91,584700.0
VALE3,M15,26/03/2025,52.09,52.1,51.99,52.07,27873178.72,535400.0
VALE3,M15,26/03/2025,52.1,52.13,52.05,52.09,22014108.7,422600.0
VALE3,M15,26/03/2025,52.14,52.17,52.07,52.1,26049555.53,499800.0
VALE3,M15,26/03/2025,52.17,52.23,52.12,52.13,20113039.2,385400.0
VALE3,M15,26/03/2025,52.11,52.22,52.09,52.17,18022647.57,345500.0
VALE3,M15,26/03/2025,52.1,52.2,52.09,52.1,28234165.24,541400.0
VALE3,M15,26/03/2025,52.03,52.14,52.01,52.11,24700695.45,474300.0
VALE3,M15,26/03/2025,52.08,52.09,52.0,52.02,26694550.02,512900.0
VALE3,M15,26/03/2025,52.08,52.1,52.0,52.08,20062260.62,385500.0
VALE3,M15,26/03/2025,52.12,52.15,52.05,52.08,17686026.94,339500.0
VALE3,M15,26/03/2025,52.17,52.31,52.11,52.11,38379376.33,734700.0
VALE3,M15,26/03/2025,52.06,52.21,52.04,52.17,24557841.11,471000.0
VALE3,M15,26/03/2025,52.04,52.09,52.03,52.04,12552784.71,241100.0
VALE3,M15,26/03/2025,52.04,52.08,52.01,52.04,12174440.59,233900.0
VALE3,M15,26/03/2025,52.02,52.06,51.94,52.04,19499294.51,374900.0
VALE3,M15,26/03/2025,52.01,52.07,51.99,52.03,11015773.26,211700.0
VALE3,M15,26/03/2025,52.06,52.08,51.99,52.01,15390260.63,295800.0
VALE3,M15,26/03/2025,51.99,52.08,51.99,52.05,16646038.22,319900.0
VALE3,M15,26/03/2025,52.05,52.08,51.97,51.99,29184813.56,561000.0
VALE3,M15,26/03/2025,51.98,52.07,51.96,52.05,43285769.26,832200.0
VALE3,M15,26/03/2025,52.08,52.09,51.97,51.97,28276476.36,543400.0
VALE3,M15,26/03/2025,51.97,52.09,51.93,52.06,69822784.13,1342300.0
VALE3,M15,26/03/2025,51.86,52.0,51.77,51.96,35855835.12,691400.0
VALE3,M15,26/03/2025,51.84,51.96,51.77,51.86,32747427.79,631600.0
VALE3,M15,26/03/2025,51.9,51.91,51.79,51.84,22668847.75,437300.0
VALE3,M15,26/03/2025,51.73,51.92,51.72,51.9,16175387.61,312200.0
VALE3,M15,25/03/2025,51.68,51.71,51.58,51.62,872813.55,16900.0
VALE3,M15,25/03/2025,51.68,51.75,51.67,51.68,92648283.79,1792500.0
VALE3,M15,25/03/2025,51.59,51.69,51.58,51.67,20185116.63,390900.0
VALE3,M15,25/03/2025,51.61,51.62,51.56,51.6,17375727.96,336800.0
VALE3,M15,25/03/2025,51.62,51.65,51.59,51.6,14658105.91,284000.0
VALE3,M15,25/03/2025,51.64,51.71,51.59,51.62,17166297.55,332400.0
VALE3,M15,25/03/2025,51.62,51.67,51.61,51.64,13673943.79,264800.0
VALE3,M15,25/03/2025,51.62,51.67,51.59,51.62,15618283.37,302500.0
VALE3,M15,25/03/2025,51.62,51.69,51.56,51.62,25103170.23,486300.0
VALE3,M15,25/03/2025,51.53,51.68,51.52,51.62,17693511.1,342900.0
VALE3,M15,25/03/2025,51.53,51.59,51.47,51.53,20824299.72,404100.0
VALE3,M15,25/03/2025,51.6,51.66,51.5,51.53,27954163.43,542100.0
VALE3,M15,25/03/2025,51.64,51.71,51.6,51.6,21318557.35,412600.0
VALE3,M15,25/03/2025,51.71,51.75,51.59,51.64,22993532.83,445100.0
VALE3,M15,25/03/2025,51.73,51.78,51.69,51.72,18260870.91,353000.0
VALE3,M15,25/03/2025,51.81,51.84,51.71,51.73,13849461.13,267500.0
VALE3,M15,25/03/2025,51.85,51.87,51.79,51.81,46715281.83,901500.0
VALE3,M15,25/03/2025,51.86,51.95,51.77,51.85,38995439.08,751800.0
VALE3,M15,25/03/2025,51.88,51.92,51.82,51.86,23534578.21,453700.0
VALE3,M15,25/03/2025,51.85,51.96,51.85,51.86,27291444.52,525900.0
VALE3,M15,25/03/2025,51.82,51.91,51.78,51.85,40264524.86,776600.0
VALE3,M15,25/03/2025,51.83,51.88,51.74,51.82,44778732.84,863900.0
VALE3,M15,25/03/2025,51.91,51.92,51.77,51.85,27780405.37,535700.0
VALE3,M15,25/03/2025,51.93,51.94,51.84,51.91,28180430.5,543000.0
VALE3,M15,25/03/2025,51.84,51.98,51.76,51.93,44984615.84,867600.0
VALE3,M15,25/03/2025,51.94,52.05,51.83,51.84,31855774.04,613100.0
VALE3,M15,25/03/2025,51.81,51.97,51.78,51.94,36444040.45,702400.0
VALE3,M15,25/03/2025,51.62,51.89,51.56,51.82,31546918.0,609700.0
VALE3,M15,25/03/2025,51.66,51.8,51.58,51.62,25663198.19,496500.0
VALE3,M15,24/03/2025,51.5,51.55,51.43,51.43,1477793.36,28700.0
VALE3,M15,24/03/2025,51.43,51.51,51.42,51.51,130580243.4,2535700.0
VALE3,M15,24/03/2025,51.42,51.5,51.41,51.43,35281202.94,685800.0
VALE3,M15,24/03/2025,51.44,51.46,51.41,51.42,26320508.57,511700.0
VALE3,M15,24/03/2025,51.4,51.46,51.39,51.44,41382069.84,804800.0
VALE3,M15,24/03/2025,51.44,51.46,51.4,51.4,23226462.11,451600.0
VALE3,M15,24/03/2025,51.39,51.45,51.35,51.45,29463241.75,573200.0
VALE3,M15,24/03/2025,51.35,51.42,51.35,51.39,16932106.5,329500.0
VALE3,M15,24/03/2025,51.42,51.45,51.34,51.35,21126552.14,411200.0
VALE3,M15,24/03/2025,51.53,51.53,51.4,51.44,29868514.08,580300.0
VALE3,M15,24/03/2025,51.53,51.58,51.51,51.53,17925185.8,347800.0
VALE3,M15,24/03/2025,51.62,51.62,51.48,51.53,37733873.52,732100.0
VALE3,M15,24/03/2025,51.64,51.68,51.61,51.62,15817290.57,306300.0
VALE3,M15,24/03/2025,51.61,51.71,51.6,51.64,21166055.8,409800.0
VALE3,M15,24/03/2025,51.65,51.67,51.59,51.61,37214511.85,720800.0
VALE3,M15,24/03/2025,51.67,51.71,51.63,51.65,49068515.95,949100.0
VALE3,M15,24/03/2025,51.74,51.75,51.65,51.67,18938611.33,366300.0
VALE3,M15,24/03/2025,51.75,51.79,51.71,51.74,12963700.8,250500.0
VALE3,M15,24/03/2025,51.75,51.87,51.73,51.75,33172472.23,640400.0
VALE3,M15,24/03/2025,51.84,51.87,51.69,51.76,29205056.13,564200.0
VALE3,M15,24/03/2025,52.04,52.05,51.83,51.84,36254971.59,698400.0
VALE3,M15,24/03/2025,52.03,52.1,52.02,52.04,17629603.7,338700.0
VALE3,M15,24/03/2025,52.18,52.21,52.01,52.03,21222360.97,407300.0
VALE3,M15,24/03/2025,52.12,52.26,52.09,52.19,28108275.55,538700.0
VALE3,M15,24/03/2025,52.08,52.13,52.01,52.12,29304623.26,562700.0
VALE3,M15,24/03/2025,52.16,52.18,52.05,52.09,26027716.8,499200.0
VALE3,M15,24/03/2025,52.22,52.49,52.08,52.16,74033291.34,1415700.0
VALE3,M15,24/03/2025,52.1,52.26,51.99,52.22,57865156.26,1109000.0
VALE3,M15,24/03/2025,52.23,52.37,52.09,52.1,45793507.57,877000.0
VALE3,M15,21/03/2025,51.69,51.87,51.68,51.82,5050929.95,97500.0
VALE3,M15,21/03/2025,51.63,51.78,51.62,51.78,790548941.63,15269000.0
VALE3,M15,21/03/2025,51.62,51.65,51.57,51.64,70908681.84,1373900.0
VALE3,M15,21/03/2025,51.58,51.66,51.57,51.62,35896901.58,695300.0
VALE3,M15,21/03/2025,51.53,51.62,51.47,51.57,31437995.66,610000.0
VALE3,M15,21/03/2025,51.61,51.62,51.53,51.53,15675145.53,304000.0
VALE3,M15,21/03/2025,51.55,51.62,51.53,51.62,16407707.62,318100.0
VALE3,M15,21/03/2025,51.53,51.59,51.53,51.55,13164757.49,255400.0
VALE3,M15,21/03/2025,51.61,51.63,51.53,51.54,16850682.87,326700.0
VALE3,M15,21/03/2025,51.67,51.67,51.58,51.62,13727431.59,265900.0
VALE3,M15,21/03/2025,51.64,51.67,51.59,51.65,15998124.51,309800.0
VALE3,M15,21/03/2025,51.62,51.69,51.56,51.64,40560723.44,785500.0
VALE3,M15,21/03/2025,51.56,51.62,51.51,51.62,25427610.17,493100.0
VALE3,M15,21/03/2025,51.53,51.64,51.52,51.54,19305398.43,374300.0
VALE3,M15,21/03/2025,51.54,51.57,51.47,51.53,18703415.35,363000.0
VALE3,M15,21/03/2025,51.54,51.62,51.52,51.52,21393842.42,414900.0
VALE3,M15,21/03/2025,51.51,51.6,51.49,51.54,13069259.6,253600.0
VALE3,M15,21/03/2025,51.51,51.54,51.46,51.51,13380509.42,259800.0
VALE3,M15,21/03/2025,51.53,51.55,51.45,51.5,19762362.33,383700.0
VALE3,M15,21/03/2025,51.52,51.55,51.44,51.53,22346825.02,433900.0
VALE3,M15,21/03/2025,51.6,51.61,51.45,51.52,41570821.46,806700.0
VALE3,M15,21/03/2025,51.62,51.63,51.53,51.6,33369749.88,646900.0
VALE3,M15,21/03/2025,51.66,51.73,51.59,51.62,17900148.46,346400.0
VALE3,M15,21/03/2025,51.69,51.76,51.6,51.66,26633587.97,515500.0
VALE3,M15,21/03/2025,51.51,51.71,51.4,51.71,89138702.21,1730600.0
VALE3,M15,21/03/2025,51.44,51.62,51.42,51.51,47709740.98,925800.0
VALE3,M15,21/03/2025,51.41,51.61,51.37,51.44,44685860.35,868100.0
VALE3,M15,21/03/2025,51.27,51.41,51.22,51.41,21902067.06,427000.0
VALE3,M15,21/03/2025,51.33,51.51,51.25,51.26,34401663.19,669700.0
VALE3,M15,20/03/2025,51.71,51.71,51.57,51.71,5015504.55,97000.0
VALE3,M15,20/03/2025,51.68,51.81,51.59,51.59,134203595.26,2600100.0
VALE3,M15,20/03/2025,51.72,51.77,51.62,51.67,53334474.83,1031400.0
VALE3,M15,20/03/2025,51.66,51.74,51.64,51.71,25041205.97,484300.0
VALE3,M15,20/03/2025,51.64,51.73,51.64,51.66,25263737.27,488800.0
VALE3,M15,20/03/2025,51.61,51.73,51.58,51.64,23922342.42,462900.0
VALE3,M15,20/03/2025,51.56,51.68,51.55,51.6,19114673.93,370300.0
VALE3,M15,20/03/2025,51.62,51.67,51.53,51.56,30304971.33,587500.0
VALE3,M15,20/03/2025,51.61,51.68,51.6,51.64,29173787.39,565000.0
VALE3,M15,20/03/2025,51.7,51.7,51.57,51.61,27899579.68,540400.0
VALE3,M15,20/03/2025,51.65,51.7,51.62,51.7,15309043.39,296300.0
VALE3,M15,20/03/2025,51.64,51.72,51.61,51.66,20548457.28,397800.0
VALE3,M15,20/03/2025,51.61,51.65,51.57,51.63,8454441.71,163800.0
VALE3,M15,20/03/2025,51.61,51.66,51.56,51.61,15554021.77,301300.0
VALE3,M15,20/03/2025,51.59,51.63,51.5,51.61,40125231.45,778300.0
VALE3,M15,20/03/2025,51.53,51.62,51.53,51.6,24011001.46,465700.0
VALE3,M15,20/03/2025,51.47,51.55,51.47,51.53,22208768.16,431200.0
VALE3,M15,20/03/2025,51.53,51.55,51.42,51.49,44622495.52,866900.0
VALE3,M15,20/03/2025,51.6,51.64,51.52,51.53,16460720.45,319100.0
VALE3,M15,20/03/2025,51.65,51.69,51.57,51.61,20228575.97,391800.0
VALE3,M15,20/03/2025,51.71,51.81,51.62,51.65,27162518.44,525200.0
VALE3,M15,20/03/2025,51.62,51.75,51.59,51.72,39491247.8,764400.0
VALE3,M15,20/03/2025,51.65,51.71,51.53,51.62,32068665.33,621300.0
VALE3,M15,20/03/2025,51.71,51.73,51.61,51.65,30373595.99,587900.0
VALE3,M15,20/03/2025,51.57,51.75,51.53,51.72,27772823.87,538000.0
VALE3,M15,20/03/2025,51.52,51.7,51.45,51.54,43854346.7,850600.0
VALE3,M15,20/03/2025,51.45,51.57,51.31,51.53,25371119.33,493000.0
VALE3,M15,20/03/2025,51.26,51.45,51.21,51.44,28945345.55,563800.0
VALE3,M15,20/03/2025,51.41,51.51,51.17,51.25,35878750.86,699100.0
VALE3,M15,19/03/2025,51.77,51.82,51.62,51.78,1754273.01,33900.0
VALE3,M15,19/03/2025,51.74,51.77,51.69,51.75,188499433.63,3642600.0
VALE3,M15,19/03/2025,51.68,51.77,51.63,51.73,48529865.26,938500.0
VALE3,M15,19/03/2025,51.68,51.72,51.57,51.67,46674728.19,903900.0
VALE3,M15,19/03/2025,51.81,51.83,51.65,51.68,45838896.53,886000.0
VALE3,M15,19/03/2025,51.64,51.81,51.55,51.8,74803137.26,1446800.0
VALE3,M15,19/03/2025,51.51,51.69,51.51,51.62,45601077.86,884400.0
VALE3,M15,19/03/2025,51.44,51.53,51.39,51.51,39801798.24,773200.0
VALE3,M15,19/03/2025,51.44,51.46,51.34,51.43,39600242.24,770300.0
VALE3,M15,19/03/2025,51.46,51.48,51.4,51.44,19325871.73,375700.0
VALE3,M15,19/03/2025,51.44,51.48,51.43,51.45,20702494.6,402300.0
VALE3,M15,19/03/2025,51.44,51.46,51.39,51.43,26804963.96,521200.0
VALE3,M15,19/03/2025,51.45,51.49,51.38,51.44,22922001.57,445600.0
VALE3,M15,19/03/2025,51.49,51.5,51.43,51.45,15263675.15,296600.0
VALE3,M15,19/03/2025,51.44,51.49,51.43,51.47,15266666.48,296700.0
VALE3,M15,19/03/2025,51.45,51.55,51.44,51.44,14567734.45,282900.0
VALE3,M15,19/03/2025,51.43,51.5,51.41,51.46,14473081.95,281300.0
VALE3,M15,19/03/2025,51.42,51.47,51.39,51.44,14450265.35,281000.0
VALE3,M15,19/03/2025,51.44,51.5,51.39,51.42,16925998.58,329000.0
VALE3,M15,19/03/2025,51.4,51.5,51.38,51.44,15941004.59,309900.0
VALE3,M15,19/03/2025,51.44,51.5,51.35,51.4,24795351.55,482200.0
VALE3,M15,19/03/2025,51.55,51.6,51.38,51.44,36621006.14,711500.0
VALE3,M15,19/03/2025,51.55,51.62,51.5,51.55,25739559.37,499300.0
VALE3,M15,19/03/2025,51.52,51.63,51.46,51.53,106183204.55,2060000.0
VALE3,M15,19/03/2025,51.33,51.53,51.24,51.49,55471937.2,1080300.0
VALE3,M15,19/03/2025,51.52,51.52,51.32,51.33,38383670.89,746400.0
VALE3,M15,19/03/2025,51.59,51.66,51.35,51.52,84729786.25,1645700.0
VALE3,M15,19/03/2025,51.73,51.87,51.52,51.62,65373075.68,1264500.0
VALE3,M15,19/03/2025,51.69,51.78,51.53,51.73,32050109.94,620200.0
VALE3,M15,18/03/2025,51.84,51.9,51.84,51.9,1721893.0,33200.0
VALE3,M15,18/03/2025,51.78,51.88,51.74,51.84,224123424.6,4324300.0
VALE3,M15,18/03/2025,51.81,51.82,51.75,51.78,22857910.31,441300.0
VALE3,M15,18/03/2025,51.81,51.83,51.75,51.81,20039483.68,386900.0
VALE3,M15,18/03/2025,51.72,51.83,51.67,51.83,35530723.73,686400.0
VALE3,M15,18/03/2025,51.77,51.8,51.66,51.72,17986831.01,347700.0
VALE3,M15,18/03/2025,51.71,51.81,51.7,51.77,12998992.82,251100.0
VALE3,M15,18/03/2025,51.79,51.84,51.64,51.72,25592803.43,494300.0
VALE3,M15,18/03/2025,51.74,51.82,51.68,51.78,45270068.55,874700.0
VALE3,M15,18/03/2025,51.75,51.77,51.67,51.72,40418067.38,781400.0
VALE3,M15,18/03/2025,51.67,51.76,51.6,51.74,31266717.91,604800.0
VALE3,M15,18/03/2025,51.42,51.69,51.38,51.67,47337969.83,918100.0
VALE3,M15,18/03/2025,51.41,51.44,51.36,51.43,9426962.1,183400.0
VALE3,M15,18/03/2025,51.39,51.42,51.33,51.41,24922908.59,485200.0
VALE3,M15,18/03/2025,51.45,51.45,51.36,51.39,12176197.16,236800.0
VALE3,M15,18/03/2025,51.36,51.46,51.3,51.45,13347297.54,259800.0
VALE3,M15,18/03/2025,51.37,51.44,51.33,51.34,22199476.95,432000.0
VALE3,M15,18/03/2025,51.36,51.4,51.27,51.37,27029501.49,526500.0
VALE3,M15,18/03/2025,51.34,51.39,51.26,51.36,20368803.1,396800.0
VALE3,M15,18/03/2025,51.28,51.42,51.26,51.31,31190805.56,607400.0
VALE3,M15,18/03/2025,51.11,51.28,51.08,51.27,25163169.72,491500.0
VALE3,M15,18/03/2025,51.11,51.14,51.03,51.12,14518272.64,284200.0
VALE3,M15,18/03/2025,51.08,51.16,51.06,51.11,16830521.41,329400.0
VALE3,M15,18/03/2025,51.12,51.17,51.04,51.09,25954076.56,507900.0
VALE3,M15,18/03/2025,51.27,51.35,51.03,51.11,46459413.37,908200.0
VALE3,M15,18/03/2025,51.24,51.35,51.2,51.28,21992982.89,428800.0
VALE3,M15,18/03/2025,51.59,51.65,51.15,51.25,59602451.11,1161200.0
VALE3,M15,18/03/2025,51.58,51.61,51.51,51.59,20940268.21,406000.0
VALE3,M15,18/03/2025,51.55,51.65,51.48,51.6,19394692.87,376000.0
VALE3,M15,17/03/2025,51.45,51.53,51.43,51.53,17816581.61,346200.0
VALE3,M15,17/03/2025,51.44,51.46,51.36,51.46,163830877.54,3184000.0
VALE3,M15,17/03/2025,51.5,51.52,51.43,51.44,51337677.61,997400.0
VALE3,M15,17/03/2025,51.56,51.59,51.46,51.5,27787645.29,539300.0
VALE3,M15,17/03/2025,51.45,51.57,51.44,51.57,38933359.46,755800.0
VALE3,M15,17/03/2025,51.51,51.51,51.44,51.44,30313786.67,588900.0
VALE3,M15,17/03/2025,51.38,51.51,51.37,51.5,228790093.58,4451500.0
VALE3,M15,17/03/2025,51.49,51.53,51.37,51.38,70632350.0,1373400.0
VALE3,M15,17/03/2025,51.4,51.51,51.34,51.49,34852039.69,677700.0
VALE3,M15,17/03/2025,51.37,51.42,51.33,51.4,18480529.86,359700.0
VALE3,M15,17/03/2025,51.33,51.4,51.31,51.36,15799546.32,307600.0
VALE3,M15,17/03/2025,51.37,51.43,51.33,51.33,37417866.78,728100.0
VALE3,M15,17/03/2025,51.24,51.37,51.2,51.36,23118181.47,450800.0
VALE3,M15,17/03/2025,51.28,51.36,51.22,51.24,24265545.04,473000.0
VALE3,M15,17/03/2025,51.28,51.3,51.2,51.28,12316925.4,240300.0
VALE3,M15,17/03/2025,51.4,51.42,51.28,51.3,11028747.97,214800.0
VALE3,M15,17/03/2025,51.34,51.43,51.27,51.4,18853589.82,367100.0
VALE3,M15,17/03/2025,51.34,51.39,51.3,51.32,64138405.88,1248700.0
VALE3,M15,17/03/2025,51.38,51.44,51.32,51.34,33365653.6,649200.0
VALE3,M15,17/03/2025,51.39,51.53,51.37,51.4,28675034.22,557400.0
VALE3,M15,17/03/2025,51.2,51.4,51.2,51.4,31246541.13,609200.0
VALE3,M15,17/03/2025,51.15,51.24,51.09,51.2,14669069.89,286600.0
VALE3,M15,17/03/2025,51.21,51.21,51.06,51.15,16756857.74,327800.0
VALE3,M15,17/03/2025,51.04,51.26,50.98,51.21,21185088.87,414300.0
VALE3,M15,17/03/2025,50.98,51.1,50.89,51.04,22751331.27,445800.0
VALE3,M15,17/03/2025,50.88,51.06,50.87,50.98,17511479.37,343600.0
VALE3,M15,17/03/2025,50.83,51.12,50.83,50.88,61842811.72,1212900.0
VALE3,M15,17/03/2025,50.67,50.83,50.62,50.83,21438035.39,422900.0
VALE3,M15,17/03/2025,50.73,50.87,50.6,50.69,31360909.86,617800.0
VALE3,M15,14/03/2025,50.74,50.74,50.68,50.68,927826.3,18300.0
VALE3,M15,14/03/2025,50.64,50.73,50.62,50.73,179194949.91,3533100.0
VALE3,M15,14/03/2025,50.64,50.67,50.56,50.64,44515293.7,879500.0
VALE3,M15,14/03/2025,50.69,50.71,50.63,50.63,34874692.26,688300.0
VALE3,M15,14/03/2025,50.6,50.73,50.57,50.7,35707154.96,705000.0
VALE3,M15,14/03/2025,50.64,50.69,50.57,50.61,17671534.48,349000.0
VALE3,M15,14/03/2025,50.49,50.68,50.47,50.63,61844270.87,1222200.0
VALE3,M15,14/03/2025,50.59,50.59,50.45,50.49,32584540.88,645000.0
VALE3,M15,14/03/2025,50.59,50.71,50.52,50.59,39735591.69,785200.0
VALE3,M15,14/03/2025,50.69,50.77,50.56,50.59,84984557.85,1676400.0
VALE3,M15,14/03/2025,50.7,50.74,50.65,50.69,32154356.48,634200.0
VALE3,M15,14/03/2025,50.67,50.74,50.65,50.7,17938839.17,353800.0
VALE3,M15,14/03/2025,50.66,50.72,50.62,50.62,25923689.27,511700.0
VALE3,M15,14/03/2025,50.77,50.78,50.66,50.66,16605777.49,327300.0
VALE3,M15,14/03/2025,50.67,50.77,50.64,50.77,21796271.23,429900.0
VALE3,M15,14/03/2025,50.74,50.79,50.66,50.66,26514611.94,522800.0
VALE3,M15,14/03/2025,50.8,50.84,50.73,50.75,49348264.51,971800.0
VALE3,M15,14/03/2025,50.66,50.82,50.62,50.8,56680475.52,1117000.0
VALE3,M15,14/03/2025,50.7,50.71,50.6,50.65,27669314.57,546200.0
VALE3,M15,14/03/2025,50.63,50.71,50.58,50.71,81998025.04,1619200.0
VALE3,M15,14/03/2025,50.68,50.75,50.61,50.62,55295574.47,1090600.0
VALE3,M15,14/03/2025,50.49,50.7,50.44,50.68,74159971.44,1466600.0
VALE3,M15,14/03/2025,50.29,50.53,50.28,50.49,110171330.98,2185300.0
VALE3,M15,14/03/2025,50.33,50.35,50.22,50.3,36670297.61,729200.0
VALE3,M15,14/03/2025,50.19,50.35,50.09,50.33,92116361.09,1834000.0
VALE3,M15,14/03/2025,50.1,50.29,50.08,50.22,100961206.85,2010900.0
VALE3,M15,14/03/2025,49.97,50.11,49.77,50.09,127754265.01,2558900.0
VALE3,M15,14/03/2025,49.95,50.01,49.85,49.95,57610732.55,1153800.0
VALE3,M15,14/03/2025,49.75,49.98,49.71,49.97,61001624.7,1224100.0
VALE3,M15,13/03/2025,49.12,49.16,49.08,49.15,628674.26,12800.0
VALE3,M15,13/03/2025,49.16,49.2,49.09,49.12,135704377.37,2762400.0
VALE3,M15,13/03/2025,49.18,49.19,49.09,49.16,27478572.94,559300.0
VALE3,M15,13/03/2025,49.22,49.24,49.14,49.19,27318913.49,555400.0
VALE3,M15,13/03/2025,49.18,49.33,49.12,49.22,21974172.44,446500.0
VALE3,M15,13/03/2025,49.22,49.24,49.15,49.18,11430256.59,232400.0
VALE3,M15,13/03/2025,49.22,49.26,49.16,49.22,17833239.82,362300.0
VALE3,M15,13/03/2025,49.2,49.26,49.13,49.22,20618545.61,419100.0
VALE3,M15,13/03/2025,49.04,49.22,49.04,49.21,21741564.02,442300.0
VALE3,M15,13/03/2025,49.25,49.28,49.03,49.04,33375542.35,678800.0
VALE3,M15,13/03/2025,49.32,49.34,49.23,49.25,21143428.46,429000.0
VALE3,M15,13/03/2025,49.35,49.37,49.3,49.32,13375565.94,271100.0
VALE3,M15,13/03/2025,49.4,49.44,49.33,49.36,8605721.14,174300.0
VALE3,M15,13/03/2025,49.43,49.47,49.34,49.41,10786424.74,218300.0
VALE3,M15,13/03/2025,49.35,49.49,49.35,49.43,19840575.62,401400.0
VALE3,M15,13/03/2025,49.56,49.59,49.34,49.38,21433148.7,433400.0
VALE3,M15,13/03/2025,49.52,49.66,49.51,49.56,29577386.06,596500.0
VALE3,M15,13/03/2025,49.64,49.71,49.47,49.52,30820614.34,621400.0
VALE3,M15,13/03/2025,49.64,49.7,49.54,49.66,46720399.25,941300.0
VALE3,M15,13/03/2025,49.35,49.71,49.32,49.67,101943652.94,2058100.0
VALE3,M15,13/03/2025,49.3,49.39,49.25,49.36,30765752.11,623600.0
VALE3,M15,13/03/2025,49.23,49.3,49.14,49.3,20457628.88,415600.0
VALE3,M15,13/03/2025,49.15,49.3,49.13,49.23,30935782.5,628500.0
VALE3,M15,13/03/2025,49.06,49.33,49.05,49.15,71377470.42,1450300.0
VALE3,M15,13/03/2025,48.82,49.15,48.81,49.05,32406903.75,660600.0
VALE3,M15,13/03/2025,48.94,49.01,48.79,48.82,33610186.75,687000.0
VALE3,M15,13/03/2025,48.6,49.15,48.53,48.94,126769565.73,2591900.0
VALE3,M15,13/03/2025,48.5,48.71,48.48,48.6,26391349.46,542800.0
VALE3,M15,13/03/2025,48.56,48.6,48.4,48.5,17852947.94,368200.0
VALE3,M15,12/03/2025,48.35,48.45,48.29,48.31,1929154.05,39900.0
VALE3,M15,12/03/2025,48.34,48.45,48.28,48.45,182812122.65,3774300.0
VALE3,M15,12/03/2025,48.27,48.38,48.25,48.34,42441744.15,878400.0
VALE3,M15,12/03/2025,48.24,48.27,48.18,48.26,23973514.85,497100.0
VALE3,M15,12/03/2025,48.22,48.26,48.16,48.24,28893890.13,599200.0
VALE3,M15,12/03/2025,48.15,48.27,48.09,48.22,42415383.74,880200.0
VALE3,M15,12/03/2025,48.15,48.26,48.14,48.15,31272294.08,649000.0
VALE3,M15,12/03/2025,48.1,48.17,48.08,48.15,25807257.53,536100.0
VALE3,M15,12/03/2025,47.94,48.12,47.93,48.09,25406631.26,529200.0
VALE3,M15,12/03/2025,48.16,48.17,47.9,47.93,34074742.05,709300.0
VALE3,M15,12/03/2025,48.15,48.22,48.12,48.16,31391316.97,651800.0
VALE3,M15,12/03/2025,48.2,48.2,48.13,48.14,11760832.39,244200.0
VALE3,M15,12/03/2025,48.21,48.23,48.15,48.19,19778725.82,410500.0
VALE3,M15,12/03/2025,48.24,48.33,48.21,48.21,25769578.05,533900.0
VALE3,M15,12/03/2025,48.18,48.28,48.16,48.24,20250375.94,419900.0
VALE3,M15,12/03/2025,48.18,48.25,48.15,48.18,8616720.26,178800.0
VALE3,M15,12/03/2025,48.23,48.23,48.08,48.18,18826435.39,391000.0
VALE3,M15,12/03/2025,48.12,48.25,48.12,48.21,14328375.51,297400.0
VALE3,M15,12/03/2025,48.16,48.22,48.11,48.13,16401983.65,340600.0
VALE3,M15,12/03/2025,48.02,48.22,48.0,48.17,18961379.26,394100.0
VALE3,M15,12/03/2025,48.13,48.15,48.01,48.02,31580043.36,656800.0
VALE3,M15,12/03/2025,48.12,48.24,48.09,48.13,18621970.09,386700.0
VALE3,M15,12/03/2025,48.19,48.22,48.08,48.12,24858078.29,516200.0
VALE3,M15,12/03/2025,48.25,48.28,48.16,48.17,20158886.91,418000.0
VALE3,M15,12/03/2025,48.35,48.35,48.15,48.25,38574406.21,799600.0
VALE3,M15,12/03/2025,48.53,48.53,48.27,48.35,40735445.85,841900.0
VALE3,M15,12/03/2025,48.53,48.7,48.37,48.53,41692085.82,859600.0
VALE3,M15,12/03/2025,48.79,48.83,48.47,48.53,40253214.8,827600.0
VALE3,M15,12/03/2025,49.12,49.12,48.72,48.79,27632923.91,564400.0
VALE3,M15,11/03/2025,49.07,49.08,48.98,49.02,2177240.92,44400.0
VALE3,M15,11/03/2025,49.12,49.16,49.03,49.07,129422326.83,2637500.0
VALE3,M15,11/03/2025,49.09,49.19,49.07,49.13,23257890.37,473400.0
VALE3,M15,11/03/2025,49.1,49.14,49.04,49.11,26986235.92,549700.0
VALE3,M15,11/03/2025,49.16,49.2,48.98,49.1,80465709.22,1639400.0
VALE3,M15,11/03/2025,49.16,49.24,49.05,49.17,54008199.18,1098800.0
VALE3,M15,11/03/2025,48.91,49.16,48.88,49.16,35580871.41,726100.0
VALE3,M15,11/03/2025,48.73,49.01,48.7,48.91,63822392.84,1306700.0
VALE3,M15,11/03/2025,48.58,48.81,48.57,48.75,41337218.04,848600.0
VALE3,M15,11/03/2025,48.53,48.67,48.53,48.58,23004465.27,473200.0
VALE3,M15,11/03/2025,48.35,48.59,48.35,48.54,33304191.34,687000.0
VALE3,M15,11/03/2025,48.18,48.38,48.18,48.35,26229869.43,543100.0
VALE3,M15,11/03/2025,48.22,48.25,48.14,48.18,16470950.79,341800.0
VALE3,M15,11/03/2025,48.29,48.32,48.14,48.19,18930842.36,392700.0
VALE3,M15,11/03/2025,48.26,48.4,48.25,48.31,20800856.73,430700.0
VALE3,M15,11/03/2025,48.29,48.32,48.23,48.26,32272744.89,668300.0
VALE3,M15,11/03/2025,48.36,48.42,48.25,48.28,21569036.2,446300.0
VALE3,M15,11/03/2025,48.48,48.51,48.35,48.37,12567107.72,259500.0
VALE3,M15,11/03/2025,48.39,48.48,48.36,48.47,12885938.14,266100.0
VALE3,M15,11/03/2025,48.43,48.49,48.35,48.37,17093677.55,352900.0
VALE3,M15,11/03/2025,48.36,48.49,48.28,48.42,23061031.81,476700.0
VALE3,M15,11/03/2025,48.47,48.52,48.34,48.38,25882684.99,534200.0
VALE3,M15,11/03/2025,48.55,48.6,48.33,48.47,37106385.33,766100.0
VALE3,M15,11/03/2025,48.69,48.7,48.48,48.53,84101879.87,1730800.0
VALE3,M15,11/03/2025,48.76,48.89,48.61,48.7,44413014.64,911200.0
VALE3,M15,11/03/2025,49.15,49.16,48.7,48.76,59732934.58,1221000.0
VALE3,M15,11/03/2025,48.86,49.32,48.8,49.15,92081371.0,1876600.0
VALE3,M15,11/03/2025,48.99,49.06,48.75,48.86,31506277.84,644600.0
VALE3,M15,11/03/2025,48.74,48.99,48.7,48.98,34794032.91,712700.0
VALE3,M15,10/03/2025,48.61,48.67,48.58,48.58,2320150.23,47700.0
VALE3,M15,10/03/2025,48.41,48.66,48.37,48.66,201773723.62,4150100.0
VALE3,M15,10/03/2025,48.34,48.46,48.31,48.41,32895303.11,679800.0
VALE3,M15,10/03/2025,48.1,48.46,48.1,48.34,56256855.09,1164800.0
VALE3,M15,10/03/2025,48.08,48.11,47.99,48.1,38877239.05,809000.0
VALE3,M15,10/03/2025,48.25,48.27,48.07,48.07,43625994.98,905500.0
VALE3,M15,10/03/2025,48.4,48.41,48.24,48.25,31518115.15,652400.0
VALE3,M15,10/03/2025,48.38,48.41,48.34,48.4,20833684.67,430700.0
VALE3,M15,10/03/2025,48.42,48.46,48.34,48.39,33287542.14,687800.0
VALE3,M15,10/03/2025,48.46,48.47,48.39,48.42,17459387.64,360600.0
VALE3,M15,10/03/2025,48.48,48.48,48.4,48.45,18371357.86,379300.0
VALE3,M15,10/03/2025,48.43,48.52,48.42,48.47,13389215.71,276300.0
VALE3,M15,10/03/2025,48.43,48.48,48.37,48.43,18801145.7,388300.0
VALE3,M15,10/03/2025,48.52,48.54,48.43,48.43,17712865.02,365200.0
VALE3,M15,10/03/2025,48.56,48.63,48.49,48.52,15796387.36,325300.0
VALE3,M15,10/03/2025,48.59,48.61,48.5,48.54,14407754.15,296800.0
VALE3,M15,10/03/2025,48.5,48.59,48.36,48.58,31683777.97,653700.0
VALE3,M15,10/03/2025,48.55,48.7,48.47,48.49,25583648.31,526600.0
VALE3,M15,10/03/2025,48.55,48.67,48.53,48.54,21797418.55,448500.0
VALE3,M15,10/03/2025,48.7,48.74,48.54,48.55,22331851.29,459200.0
VALE3,M15,10/03/2025,48.39,48.77,48.39,48.7,36896260.05,759400.0
VALE3,M15,10/03/2025,48.4,48.52,48.27,48.4,69085849.96,1427200.0
VALE3,M15,10/03/2025,48.55,48.57,48.35,48.4,36990287.07,763400.0
VALE3,M15,10/03/2025,48.61,48.65,48.5,48.57,42837420.63,882100.0
VALE3,M15,10/03/2025,48.68,48.71,48.55,48.61,53140978.02,1092700.0
VALE3,M15,10/03/2025,48.83,48.85,48.63,48.68,49263880.2,1011000.0
VALE3,M15,10/03/2025,48.88,49.16,48.81,48.83,63430731.52,1296000.0
VALE3,M15,10/03/2025,49.05,49.13,48.78,48.91,65487366.0,1337600.0
VALE3,M15,10/03/2025,48.88,49.11,48.88,49.05,51397578.86,1049600.0
VALE3,M15,07/03/2025,49.45,49.53,49.33,49.34,1729242.87,35000.0
VALE3,M15,07/03/2025,49.62,49.63,49.46,49.46,188371522.95,3806800.0
VALE3,M15,07/03/2025,49.64,49.66,49.55,49.62,51460345.25,1037600.0
VALE3,M15,07/03/2025,49.6,49.69,49.54,49.64,29515145.22,594600.0
VALE3,M15,07/03/2025,49.56,49.64,49.54,49.6,44087200.63,889300.0
VALE3,M15,07/03/2025,49.7,49.7,49.56,49.56,65073874.78,1310800.0
VALE3,M15,07/03/2025,49.7,49.74,49.66,49.72,27732027.05,557900.0
VALE3,M15,07/03/2025,49.64,49.75,49.62,49.7,46807468.92,941900.0
VALE3,M15,07/03/2025,49.66,49.7,49.63,49.65,67412849.73,1357300.0
VALE3,M15,07/03/2025,49.44,49.69,49.44,49.65,48338719.39,975100.0
VALE3,M15,07/03/2025,49.39,49.48,49.37,49.44,27681560.69,560000.0
VALE3,M15,07/03/2025,49.43,49.49,49.35,49.37,29563375.37,598200.0
VALE3,M15,07/03/2025,49.34,49.43,49.3,49.43,31176932.49,631100.0
VALE3,M15,07/03/2025,49.32,49.43,49.29,49.34,36396072.01,737400.0
VALE3,M15,07/03/2025,49.23,49.33,49.12,49.32,31105345.39,631800.0
VALE3,M15,07/03/2025,49.1,49.23,49.09,49.23,17584550.6,357700.0
VALE3,M15,07/03/2025,48.99,49.11,48.98,49.1,32883118.53,670500.0
VALE3,M15,07/03/2025,48.98,49.01,48.93,48.97,9143851.78,186700.0
VALE3,M15,07/03/2025,49.04,49.07,48.93,48.98,16065199.37,327900.0
VALE3,M15,07/03/2025,49.18,49.18,49.01,49.04,13922642.44,283600.0
VALE3,M15,07/03/2025,49.17,49.18,49.07,49.18,8266219.52,168300.0
VALE3,M15,07/03/2025,48.9,49.25,48.9,49.17,33617194.05,684500.0
VALE3,M15,07/03/2025,49.09,49.1,48.85,48.9,22981447.4,469600.0
VALE3,M15,07/03/2025,48.79,49.16,48.77,49.09,73339543.48,1497300.0
VALE3,M15,07/03/2025,48.69,48.84,48.66,48.79,34991794.12,717600.0
VALE3,M15,07/03/2025,48.7,48.75,48.63,48.68,26848867.6,551500.0
VALE3,M15,07/03/2025,48.51,48.74,48.43,48.68,52680348.09,1084300.0
VALE3,M15,07/03/2025,48.38,48.52,48.38,48.48,53600729.29,1106100.0
VALE3,M15,07/03/2025,48.34,48.55,48.31,48.36,30663670.25,633400.0
VALE3,M15,07/03/2025,48.36,48.42,48.25,48.33,17354402.17,359000.0
VALE3,M15,07/03/2025,48.32,48.36,48.19,48.33,28473971.78,589800.0
VALE3,M15,07/03/2025,48.3,48.36,48.25,48.32,21968143.23,454800.0
VALE3,M15,07/03/2025,48.56,48.66,48.25,48.29,32634017.89,673200.0
VALE3,M15,06/03/2025,48.84,48.96,48.75,48.75,168333441.9,3451800.0
VALE3,M15,06/03/2025,48.84,48.88,48.77,48.85,24472087.12,501100.0
VALE3,M15,06/03/2025,48.78,48.84,48.71,48.84,19867602.28,407300.0
VALE3,M15,06/03/2025,48.63,48.79,48.62,48.77,23374560.17,479900.0
VALE3,M15,06/03/2025,48.68,48.82,48.62,48.63,21838947.46,448200.0
VALE3,M15,06/03/2025,48.64,48.71,48.61,48.68,14367607.7,295300.0
VALE3,M15,06/03/2025,48.7,48.73,48.58,48.64,20942395.08,430400.0
VALE3,M15,06/03/2025,48.84,48.84,48.67,48.71,19091040.64,391700.0
VALE3,M15,06/03/2025,48.75,48.85,48.73,48.84,17093356.33,350200.0
VALE3,M15,06/03/2025,48.78,48.86,48.71,48.75,22907018.64,469700.0
VALE3,M15,06/03/2025,48.84,48.9,48.77,48.78,12089588.78,247500.0
VALE3,M15,06/03/2025,48.79,48.86,48.77,48.84,11733827.88,240400.0
VALE3,M15,06/03/2025,48.84,48.85,48.75,48.78,23894271.66,489700.0
VALE3,M15,06/03/2025,48.96,48.97,48.83,48.84,17686804.39,361800.0
VALE3,M15,06/03/2025,48.83,48.96,48.83,48.96,18676126.2,382000.0
VALE3,M15,06/03/2025,48.85,48.9,48.71,48.84,58894076.39,1207400.0
VALE3,M15,06/03/2025,48.87,48.96,48.84,48.86,19863699.77,406300.0
VALE3,M15,06/03/2025,48.92,48.97,48.8,48.86,30183233.69,617300.0
VALE3,M15,06/03/2025,48.91,48.98,48.85,48.93,18379877.08,375700.0
VALE3,M15,06/03/2025,48.76,48.93,48.74,48.91,14874275.83,304400.0
VALE3,M15,06/03/2025,48.82,48.86,48.71,48.76,20193942.11,413900.0
VALE3,M15,06/03/2025,48.84,48.85,48.71,48.83,18372986.32,376700.0
VALE3,M15,06/03/2025,48.91,49.01,48.81,48.84,22803591.24,466400.0
VALE3,M15,06/03/2025,48.59,49.03,48.57,48.91,41072926.37,840600.0
VALE3,M15,06/03/2025,48.7,48.73,48.44,48.6,29302012.05,603500.0
VALE3,M15,06/03/2025,48.56,48.84,48.55,48.7,39140029.47,803600.0
VALE3,M15,06/03/2025,48.45,48.56,48.44,48.56,12294155.33,253500.0
VALE3,M15,06/03/2025,48.43,48.47,48.34,48.45,35160741.9,726800.0
VALE3,M15,06/03/2025,48.52,48.53,48.41,48.42,9295273.39,191800.0
VALE3,M15,06/03/2025,48.38,48.59,48.38,48.52,17858685.78,368000.0
VALE3,M15,06/03/2025,48.5,48.58,48.36,48.38,12810368.53,264300.0
VALE3,M15,06/03/2025,48.26,48.53,48.19,48.5,24722744.77,511200.0
VALE3,M15,05/03/2025,48.48,48.52,48.22,48.22,104828642.2,2172000.0
VALE3,M15,05/03/2025,48.56,48.58,48.41,48.51,23266401.88,479800.0
VALE3,M15,05/03/2025,48.47,48.58,48.41,48.58,31571494.71,651000.0
VALE3,M15,05/03/2025,48.31,48.51,48.31,48.45,19879639.43,410800.0
VALE3,M15,05/03/2025,48.3,48.37,48.3,48.31,11300282.18,233800.0
VALE3,M15,05/03/2025,48.34,48.38,48.3,48.3,16467621.26,340700.0
VALE3,M15,05/03/2025,48.43,48.45,48.32,48.34,15279806.55,315900.0
VALE3,M15,05/03/2025,48.38,48.44,48.32,48.43,17311086.81,357900.0
VALE3,M15,05/03/2025,48.34,48.42,48.33,48.38,11773662.3,243400.0
VALE3,M15,05/03/2025,48.34,48.39,48.29,48.33,15259542.81,315700.0
VALE3,M15,05/03/2025,48.33,48.38,48.3,48.34,21770425.81,450400.0
VALE3,M15,05/03/2025,48.46,48.48,48.25,48.33,21459846.95,443700.0
VALE3,M15,05/03/2025,48.45,48.51,48.39,48.45,19048305.58,393100.0
VALE3,M15,05/03/2025,48.35,48.45,48.35,48.45,25808616.23,533300.0
VALE3,M15,05/03/2025,48.32,48.38,48.29,48.35,15905844.35,329100.0
VALE3,M15,05/03/2025,48.41,48.54,48.32,48.32,24182016.62,499500.0
VALE3,M15,05/03/2025,48.45,48.48,48.31,48.42,33158051.73,685400.0
VALE3,M15,05/03/2025,48.19,48.44,48.07,48.44,73655642.58,1526800.0
VALE3,M15,05/03/2025,48.44,48.45,48.05,48.19,60959066.23,1263500.0
VALE3,M15,05/03/2025,48.71,48.77,48.34,48.45,106675406.27,2197600.0
VALE3,M15,28/02/2025,47.88,48.05,47.86,48.05,254149.01,5300.0
VALE3,M15,28/02/2025,48.11,48.12,47.84,47.84,1375142120.21,28743800.0
VALE3,M15,28/02/2025,48.11,48.17,48.07,48.11,51095685.51,1061900.0
VALE3,M15,28/02/2025,48.18,48.22,48.08,48.12,36905363.22,766500.0
VALE3,M15,28/02/2025,48.14,48.26,48.14,48.18,31478214.36,652900.0
VALE3,M15,28/02/2025,48.12,48.19,48.11,48.15,30705171.84,637600.0
VALE3,M15,28/02/2025,47.99,48.12,47.99,48.12,30286851.92,630300.0
VALE3,M15,28/02/2025,47.95,48.05,47.93,47.99,34213202.73,713000.0
VALE3,M15,28/02/2025,47.98,47.99,47.92,47.95,34470328.71,718900.0
VALE3,M15,28/02/2025,48.05,48.08,47.94,47.98,30319212.66,631300.0
VALE3,M15,28/02/2025,47.97,48.1,47.94,48.05,36633782.59,762800.0
VALE3,M15,28/02/2025,47.97,47.99,47.88,47.97,48707969.5,1016200.0
VALE3,M15,28/02/2025,48.06,48.09,47.92,47.97,42337023.51,882200.0
VALE3,M15,28/02/2025,48.18,48.19,48.06,48.06,23393541.87,486100.0
VALE3,M15,28/02/2025,48.17,48.24,48.14,48.18,19527979.68,405200.0
VALE3,M15,28/02/2025,48.23,48.25,48.13,48.17,28719527.28,596000.0
VALE3,M15,28/02/2025,48.23,48.25,48.19,48.24,18488087.42,383400.0
VALE3,M15,28/02/2025,48.27,48.32,48.23,48.23,28582378.16,592100.0
VALE3,M15,28/02/2025,48.28,48.34,48.25,48.29,20889316.07,432600.0
VALE3,M15,28/02/2025,48.32,48.36,48.27,48.28,15944189.41,330000.0
VALE3,M15,28/02/2025,48.39,48.42,48.3,48.31,23655732.7,489200.0
VALE3,M15,28/02/2025,48.36,48.4,48.3,48.4,25504072.87,527600.0
VALE3,M15,28/02/2025,48.46,48.52,48.32,48.36,47431958.38,979300.0
VALE3,M15,28/02/2025,48.45,48.48,48.39,48.46,14897166.98,307600.0
VALE3,M15,28/02/2025,48.51,48.6,48.45,48.46,19198951.72,395600.0
VALE3,M15,28/02/2025,48.51,48.57,48.45,48.51,17644024.22,363800.0
VALE3,M15,28/02/2025,48.5,48.57,48.37,48.51,34634871.75,714700.0
VALE3,M15,28/02/2025,48.47,48.52,48.38,48.46,32716238.67,675600.0
VALE3,M15,28/02/2025,48.52,48.6,48.45,48.47,15530111.16,320100.0
VALE3,M15,28/02/2025,48.53,48.63,48.5,48.53,14578587.94,300200.0
VALE3,M15,28/02/2025,48.6,48.64,48.49,48.53,18460494.87,380300.0
VALE3,M15,28/02/2025,48.64,48.7,48.59,48.62,18023866.37,370500.0
VALE3,M15,28/02/2025,48.52,48.66,48.52,48.64,25105913.46,516800.0
VALE3,M15,27/02/2025,48.65,48.84,48.64,48.84,149938705.95,3072100.0
VALE3,M15,27/02/2025,48.65,48.7,48.58,48.66,44811278.3,921500.0
VALE3,M15,27/02/2025,48.81,48.82,48.64,48.65,82584717.44,1694600.0
VALE3,M15,27/02/2025,48.84,48.86,48.76,48.78,19011245.17,389600.0
VALE3,M15,27/02/2025,48.84,48.94,48.82,48.84,23531240.07,481400.0
VALE3,M15,27/02/2025,48.95,48.96,48.8,48.85,24052076.6,492200.0
VALE3,M15,27/02/2025,49.04,49.06,48.94,48.96,11632120.57,237300.0
VALE3,M15,27/02/2025,48.91,49.07,48.88,49.04,30344517.84,619600.0
VALE3,M15,27/02/2025,48.83,48.95,48.82,48.91,20077798.37,410700.0
VALE3,M15,27/02/2025,48.71,48.87,48.71,48.83,17284405.91,354200.0
VALE3,M15,27/02/2025,48.77,48.79,48.7,48.71,25128939.06,515600.0
VALE3,M15,27/02/2025,48.76,48.86,48.75,48.79,15024243.65,307900.0
VALE3,M15,27/02/2025,48.84,48.87,48.76,48.77,26968706.54,552500.0
VALE3,M15,27/02/2025,48.84,48.93,48.84,48.86,14011440.85,286700.0
VALE3,M15,27/02/2025,48.91,48.91,48.84,48.85,16944313.18,346700.0
VALE3,M15,27/02/2025,48.93,48.97,48.88,48.91,14176327.38,289800.0
VALE3,M15,27/02/2025,48.93,49.0,48.92,48.92,20296502.96,414600.0
VALE3,M15,27/02/2025,48.97,49.02,48.87,48.92,26753452.54,546800.0
VALE3,M15,27/02/2025,49.04,49.06,48.97,48.98,15375873.04,313800.0
VALE3,M15,27/02/2025,49.04,49.13,49.02,49.04,20858754.34,425200.0
VALE3,M15,27/02/2025,49.12,49.13,49.03,49.04,7012762.12,142900.0
VALE3,M15,27/02/2025,49.14,49.2,49.08,49.11,16544097.13,336700.0
VALE3,M15,27/02/2025,48.97,49.19,48.96,49.13,23051497.44,469800.0
VALE3,M15,27/02/2025,49.1,49.1,48.92,48.97,23636199.33,482500.0
VALE3,M15,27/02/2025,49.16,49.21,49.07,49.1,32163441.27,654600.0
VALE3,M15,27/02/2025,49.29,49.33,48.83,49.16,70435252.56,1437700.0
VALE3,M15,27/02/2025,49.25,49.36,49.23,49.27,13521604.95,274300.0
VALE3,M15,27/02/2025,49.12,49.3,49.12,49.25,9034674.27,183500.0
VALE3,M15,27/02/2025,49.35,49.41,49.02,49.15,43450772.9,883800.0
VALE3,M15,27/02/2025,49.25,49.4,49.23,49.35,13532584.72,274500.0
VALE3,M15,27/02/2025,49.29,49.43,49.23,49.26,22117469.16,448300.0
VALE3,M15,27/02/2025,48.97,49.34,48.92,49.27,19488791.49,396600.0
VALE3,M15,26/02/2025,49.3,49.33,49.2,49.2,210495542.85,4273400.0
VALE3,M15,26/02/2025,49.38,49.4,49.27,49.3,30984080.41,627900.0
VALE3,M15,26/02/2025,49.38,49.43,49.36,49.38,22981480.37,465300.0
VALE3,M15,26/02/2025,49.38,49.44,49.36,49.38,25254496.89,511100.0
VALE3,M15,26/02/2025,49.37,49.43,49.33,49.38,20775662.68,420700.0
VALE3,M15,26/02/2025,49.33,49.4,49.27,49.36,28713133.55,582200.0
VALE3,M15,26/02/2025,49.3,49.38,49.3,49.33,44203653.17,895800.0
VALE3,M15,26/02/2025,49.39,49.4,49.27,49.31,28194060.48,571600.0
VALE3,M15,26/02/2025,49.43,49.46,49.36,49.39,17479498.53,353800.0
VALE3,M15,26/02/2025,49.39,49.44,49.31,49.43,44917994.95,909900.0
VALE3,M15,26/02/2025,49.49,49.54,49.39,49.4,36373967.61,735400.0
VALE3,M15,26/02/2025,49.43,49.54,49.43,49.49,29195866.16,589900.0
VALE3,M15,26/02/2025,49.51,49.53,49.42,49.43,27149607.34,548800.0
VALE3,M15,26/02/2025,49.6,49.63,49.5,49.51,17750183.12,358100.0
VALE3,M15,26/02/2025,49.74,49.76,49.56,49.62,49456751.22,996300.0
VALE3,M15,26/02/2025,49.71,49.8,49.7,49.76,20443304.71,410900.0
VALE3,M15,26/02/2025,49.76,49.81,49.7,49.72,23204581.89,466400.0
VALE3,M15,26/02/2025,49.79,49.83,49.74,49.76,38758259.06,778500.0
VALE3,M15,26/02/2025,49.72,49.81,49.69,49.79,35003248.37,703600.0
VALE3,M15,26/02/2025,49.69,49.81,49.69,49.72,32097361.4,645000.0
VALE3,M15,26/02/2025,49.76,49.83,49.59,49.69,47342577.07,952300.0
VALE3,M15,26/02/2025,49.97,49.99,49.69,49.75,54779839.46,1100400.0
VALE3,M15,26/02/2025,49.94,49.99,49.89,49.97,32551697.37,651800.0
VALE3,M15,26/02/2025,49.91,50.0,49.78,49.94,49460907.02,991400.0
VALE3,M15,26/02/2025,49.9,49.94,49.82,49.89,19279722.18,386500.0
VALE3,M15,26/02/2025,49.93,49.95,49.76,49.9,91613959.94,1839500.0
VALE3,M15,26/02/2025,50.0,50.01,49.81,49.93,28751852.47,575900.0
VALE3,M15,26/02/2025,49.72,50.04,49.72,50.0,61974228.41,1241500.0
VALE3,M15,26/02/2025,49.68,49.74,49.67,49.72,15884114.67,319600.0
VALE3,M15,26/02/2025,49.74,49.76,49.63,49.69,18632280.85,374900.0
VALE3,M15,26/02/2025,49.69,49.83,49.66,49.75,29757937.12,598300.0
VALE3,M15,26/02/2025,49.76,49.77,49.59,49.69,25944749.61,522400.0
VALE3,M15,25/02/2025,49.38,49.5,49.36,49.5,111784311.76,2259200.0
VALE3,M15,25/02/2025,49.46,49.47,49.35,49.36,62703722.23,1269200.0
VALE3,M15,25/02/2025,49.51,49.53,49.45,49.46,16364742.07,330600.0
VALE3,M15,25/02/2025,49.52,49.55,49.49,49.51,16342013.99,330000.0
VALE3,M15,25/02/2025,49.49,49.54,49.46,49.52,18609392.3,376000.0
VALE3,M15,25/02/2025,49.43,49.51,49.38,49.5,20218064.99,408900.0
VALE3,M15,25/02/2025,49.49,49.51,49.39,49.42,19817857.62,400800.0
VALE3,M15,25/02/2025,49.49,49.55,49.45,49.51,18291267.78,369500.0
VALE3,M15,25/02/2025,49.55,49.56,49.49,49.5,11024538.81,222600.0
VALE3,M15,25/02/2025,49.46,49.58,49.43,49.55,19899536.26,401900.0
VALE3,M15,25/02/2025,49.56,49.6,49.44,49.47,18779406.14,379100.0
VALE3,M15,25/02/2025,49.47,49.6,49.45,49.56,19748549.22,398700.0
VALE3,M15,25/02/2025,49.5,49.53,49.45,49.47,15495240.98,313100.0
VALE3,M15,25/02/2025,49.49,49.54,49.43,49.5,21497363.63,434500.0
VALE3,M15,25/02/2025,49.52,49.54,49.43,49.49,18485957.05,373600.0
VALE3,M15,25/02/2025,49.5,49.54,49.48,49.52,13812352.9,279000.0
VALE3,M15,25/02/2025,49.49,49.55,49.43,49.5,29013386.67,586400.0
VALE3,M15,25/02/2025,49.48,49.56,49.46,49.49,35241782.12,711900.0
VALE3,M15,25/02/2025,49.45,49.51,49.42,49.49,24094377.95,487100.0
VALE3,M15,25/02/2025,49.44,49.56,49.41,49.45,34337052.61,694300.0
VALE3,M15,25/02/2025,49.56,49.59,49.44,49.44,26084603.34,526900.0
VALE3,M15,25/02/2025,49.51,49.56,49.43,49.56,28301149.24,571900.0
VALE3,M15,25/02/2025,49.57,49.62,49.4,49.5,35734987.94,722400.0
VALE3,M15,25/02/2025,49.62,49.62,49.47,49.57,29812121.23,601800.0
VALE3,M15,25/02/2025,49.49,49.75,49.48,49.6,51280793.29,1033200.0
VALE3,M15,25/02/2025,49.69,49.72,49.36,49.49,77305067.74,1560900.0
VALE3,M15,25/02/2025,49.63,49.71,49.62,49.69,15964351.67,321500.0
VALE3,M15,25/02/2025,49.64,49.76,49.63,49.63,14228813.95,286300.0
VALE3,M15,25/02/2025,49.72,49.82,49.62,49.63,33744467.63,678000.0
VALE3,M15,25/02/2025,49.6,49.77,49.59,49.73,20233907.51,407200.0
VALE3,M15,25/02/2025,49.56,49.72,49.56,49.59,26273991.82,529400.0
VALE3,M15,25/02/2025,49.7,49.79,49.49,49.56,63984963.02,1288900.0
VALE3,M15,24/02/2025,50.03,50.08,49.99,49.99,97605022.15,1952200.0
VALE3,M15,24/02/2025,49.99,50.07,49.98,50.03,41479765.15,829100.0
VALE3,M15,24/02/2025,50.03,50.05,49.96,50.01,36357508.36,727100.0
VALE3,M15,24/02/2025,49.97,50.06,49.95,50.04,23740266.01,474800.0
VALE3,M15,24/02/2025,49.97,50.02,49.95,49.97,22481952.81,449900.0
VALE3,M15,24/02/2025,50.02,50.08,49.95,49.97,20414368.52,408100.0
VALE3,M15,24/02/2025,50.08,50.09,50.02,50.02,11037742.64,220500.0
VALE3,M15,24/02/2025,50.02,50.17,50.02,50.09,28415739.44,567000.0
VALE3,M15,24/02/2025,50.06,50.09,50.01,50.03,11604632.11,231800.0
VALE3,M15,24/02/2025,50.06,50.09,50.01,50.07,20293438.37,405400.0
VALE3,M15,24/02/2025,50.03,50.09,49.98,50.08,19726793.52,394200.0
VALE3,M15,24/02/2025,49.9,50.05,49.86,50.02,38590477.95,772800.0
VALE3,M15,24/02/2025,49.95,50.0,49.9,49.91,28129412.71,563200.0
VALE3,M15,24/02/2025,50.0,50.07,49.92,49.94,31348724.54,627100.0
VALE3,M15,24/02/2025,50.13,50.17,50.0,50.02,19896847.26,397400.0
VALE3,M15,24/02/2025,50.16,50.2,50.1,50.14,14921635.96,297600.0
VALE3,M15,24/02/2025,50.29,50.29,50.14,50.16,13871639.16,276300.0
VALE3,M15,24/02/2025,50.25,50.36,50.23,50.28,17833013.69,354500.0
VALE3,M15,24/02/2025,50.21,50.33,50.21,50.23,12404004.22,246700.0
VALE3,M15,24/02/2025,50.21,50.3,50.16,50.21,21860678.0,435200.0
VALE3,M15,24/02/2025,50.28,50.29,50.18,50.21,20082974.25,399800.0
VALE3,M15,24/02/2025,50.23,50.28,50.15,50.28,20387719.72,405900.0
VALE3,M15,24/02/2025,50.27,50.35,50.21,50.23,21814085.53,434000.0
VALE3,M15,24/02/2025,50.36,50.36,50.18,50.27,45739081.99,910100.0
VALE3,M15,24/02/2025,50.5,50.55,50.29,50.35,39349490.86,780300.0
VALE3,M15,24/02/2025,50.58,50.69,50.41,50.48,52212080.53,1033400.0
VALE3,M15,24/02/2025,50.7,50.73,50.56,50.58,21270885.24,420100.0
VALE3,M15,24/02/2025,50.65,50.73,50.61,50.7,20267058.47,400000.0
VALE3,M15,24/02/2025,50.76,50.76,50.56,50.67,55018510.27,1086800.0
VALE3,M15,24/02/2025,50.51,50.8,50.47,50.75,45372454.95,895800.0
VALE3,M15,24/02/2025,50.36,50.57,50.35,50.5,48335051.95,957200.0
VALE3,M15,24/02/2025,50.4,50.41,50.23,50.36,36602421.97,727400.0
VALE3,M15,21/02/2025,50.46,50.47,50.27,50.28,1988012.61,39500.0
VALE3,M15,21/02/2025,50.15,50.45,50.09,50.45,660026434.72,13088700.0
VALE3,M15,21/02/2025,50.15,50.21,50.08,50.17,67546549.13,1347100.0
VALE3,M15,21/02/2025,50.05,50.18,49.98,50.15,63393983.63,1266500.0
VALE3,M15,21/02/2025,50.18,50.2,50.02,50.06,67601136.59,1350000.0
VALE3,M15,21/02/2025,50.18,50.25,50.14,50.19,81927964.38,1632500.0
VALE3,M15,21/02/2025,50.26,50.38,50.15,50.16,92390482.54,1836800.0
VALE3,M15,21/02/2025,50.32,50.35,50.25,50.26,57283896.12,1139100.0
VALE3,M15,21/02/2025,50.39,50.4,50.25,50.32,54575359.65,1084800.0
VALE3,M15,21/02/2025,50.36,50.41,50.34,50.39,33361662.38,662300.0
VALE3,M15,21/02/2025,50.34,50.42,50.33,50.36,40211048.14,798000.0
VALE3,M15,21/02/2025,50.28,50.41,50.28,50.34,36736843.94,729500.0
VALE3,M15,21/02/2025,50.39,50.4,50.21,50.28,44603468.48,886300.0
VALE3,M15,21/02/2025,50.37,50.41,50.33,50.36,28540141.86,566500.0
VALE3,M15,21/02/2025,50.32,50.4,50.29,50.38,17728938.33,352100.0
VALE3,M15,21/02/2025,50.28,50.35,50.25,50.32,19054897.09,378800.0
VALE3,M15,21/02/2025,50.2,50.29,50.2,50.28,25585447.91,509100.0
VALE3,M15,21/02/2025,50.24,50.25,50.19,50.2,19321232.44,384700.0
VALE3,M15,21/02/2025,50.2,50.25,50.19,50.25,40198798.47,800600.0
VALE3,M15,21/02/2025,50.13,50.31,50.11,50.2,30431840.76,606000.0
VALE3,M15,21/02/2025,50.14,50.17,50.09,50.13,23427429.27,467300.0
VALE3,M15,21/02/2025,50.08,50.14,50.0,50.14,46935670.63,937000.0
VALE3,M15,21/02/2025,49.99,50.12,49.93,50.08,20866862.96,417500.0
VALE3,M15,21/02/2025,50.1,50.13,49.97,50.0,23070363.77,460800.0
VALE3,M15,21/02/2025,50.11,50.22,50.08,50.11,17798328.26,355100.0
VALE3,M15,21/02/2025,50.25,50.27,50.06,50.11,29524590.53,588800.0
VALE3,M15,21/02/2025,50.13,50.31,50.07,50.27,56180172.34,1118400.0
VALE3,M15,21/02/2025,50.11,50.15,50.06,50.12,20637670.43,411900.0
VALE3,M15,21/02/2025,50.16,50.19,50.1,50.11,11619372.13,231700.0
VALE3,M15,21/02/2025,50.21,50.24,50.09,50.15,17079907.89,340400.0
VALE3,M15,21/02/2025,50.17,50.44,50.17,50.21,48719300.58,968000.0
VALE3,M15,21/02/2025,50.04,50.21,50.02,50.18,38053393.82,759700.0
VALE3,M15,21/02/2025,50.22,50.3,50.0,50.04,31037993.02,619200.0
VALE3,M15,20/02/2025,49.95,50.08,49.95,50.08,174141643.81,3479000.0
VALE3,M15,20/02/2025,49.95,49.98,49.87,49.95,59979023.18,1200900.0
VALE3,M15,20/02/2025,49.91,49.95,49.85,49.95,51802708.89,1038200.0
VALE3,M15,20/02/2025,50.04,50.05,49.88,49.92,65075744.93,1301900.0
VALE3,M15,20/02/2025,49.86,50.05,49.86,50.05,72859625.64,1458300.0
VALE3,M15,20/02/2025,49.76,49.87,49.76,49.86,51581671.81,1035500.0
VALE3,M15,20/02/2025,49.66,49.79,49.64,49.76,53511064.34,1076600.0
VALE3,M15,20/02/2025,49.58,49.7,49.52,49.68,41304067.99,832300.0
VALE3,M15,20/02/2025,49.56,49.62,49.5,49.59,29157891.49,588200.0
VALE3,M15,20/02/2025,49.43,49.62,49.37,49.55,43715196.47,883200.0
VALE3,M15,20/02/2025,49.58,49.6,49.39,49.42,49933699.03,1009300.0
VALE3,M15,20/02/2025,49.56,49.64,49.55,49.58,135962159.57,2741300.0
VALE3,M15,20/02/2025,49.58,49.62,49.5,49.56,305645849.66,6165700.0
VALE3,M15,20/02/2025,49.79,49.85,49.58,49.58,100558799.25,2022300.0
VALE3,M15,20/02/2025,49.68,49.79,49.65,49.78,23016421.68,462900.0
VALE3,M15,20/02/2025,49.77,49.78,49.64,49.68,134433285.83,2702500.0
VALE3,M15,20/02/2025,49.56,49.85,49.56,49.78,588895235.71,11861900.0
VALE3,M15,20/02/2025,49.62,49.67,49.56,49.57,22380190.85,451000.0
VALE3,M15,20/02/2025,49.68,49.76,49.61,49.62,52991047.52,1066800.0
VALE3,M15,20/02/2025,49.81,49.82,49.61,49.69,52727692.61,1060300.0
VALE3,M15,20/02/2025,49.96,49.98,49.76,49.81,43145353.45,866000.0
VALE3,M15,20/02/2025,49.98,50.01,49.83,49.96,41938662.87,840300.0
VALE3,M15,20/02/2025,50.04,50.09,49.84,49.98,106309702.16,2127400.0
VALE3,M15,20/02/2025,50.27,50.36,50.02,50.04,150162293.23,2991500.0
VALE3,M15,20/02/2025,49.83,50.45,49.82,50.27,310291553.31,6180500.0
VALE3,M15,20/02/2025,49.24,49.92,49.22,49.83,486111184.29,9790200.0
VALE3,M15,20/02/2025,49.17,49.26,49.1,49.25,48741109.19,991200.0
VALE3,M15,20/02/2025,49.27,49.28,49.04,49.15,65604416.84,1334900.0
VALE3,M15,20/02/2025,49.31,49.33,49.22,49.29,37622637.73,763500.0
VALE3,M15,20/02/2025,49.35,49.39,49.23,49.31,62790306.99,1273200.0
VALE3,M15,20/02/2025,49.5,49.59,49.27,49.36,152060695.53,3075800.0
VALE3,M15,20/02/2025,49.27,49.54,48.99,49.49,209994152.95,4261400.0
VALE3,M15,19/02/2025,48.24,48.31,48.21,48.31,135458953.3,2804600.0
VALE3,M15,19/02/2025,48.3,48.31,48.19,48.24,44383324.84,920000.0
VALE3,M15,19/02/2025,48.29,48.31,48.23,48.3,20506483.93,424800.0
VALE3,M15,19/02/2025,48.31,48.34,48.21,48.27,70483738.6,1459300.0
VALE3,M15,19/02/2025,48.11,48.32,48.1,48.31,86830323.88,1801900.0
VALE3,M15,19/02/2025,48.1,48.13,48.05,48.12,17218977.48,358100.0
VALE3,M15,19/02/2025,48.17,48.25,48.07,48.1,39979339.23,830200.0
VALE3,M15,19/02/2025,48.05,48.18,48.05,48.16,17030139.81,353800.0
VALE3,M15,19/02/2025,48.03,48.1,48.01,48.05,11609512.2,241500.0
VALE3,M15,19/02/2025,48.04,48.09,47.98,48.03,133344153.74,2777000.0
VALE3,M15,19/02/2025,48.08,48.11,47.99,48.04,53391960.1,1111700.0
VALE3,M15,19/02/2025,47.99,48.09,47.92,48.08,48588234.65,1012800.0
VALE3,M15,19/02/2025,47.92,48.13,47.91,48.01,30565416.99,636000.0
VALE3,M15,19/02/2025,47.87,47.99,47.79,47.91,77787953.88,1624900.0
VALE3,M15,19/02/2025,47.73,47.89,47.71,47.88,40375189.57,844500.0
VALE3,M15,19/02/2025,47.74,47.76,47.62,47.74,24838161.62,520700.0
VALE3,M15,19/02/2025,47.76,47.89,47.71,47.73,45913040.85,960500.0
VALE3,M15,19/02/2025,47.81,47.85,47.74,47.74,9093394.97,190300.0
VALE3,M15,19/02/2025,47.83,47.88,47.76,47.8,15938876.48,333300.0
VALE3,M15,19/02/2025,47.64,47.84,47.64,47.83,14523751.53,304200.0
VALE3,M15,19/02/2025,47.7,47.73,47.62,47.65,12048759.44,252700.0
VALE3,M15,19/02/2025,47.7,47.82,47.69,47.71,21194615.82,443800.0
VALE3,M15,19/02/2025,47.7,47.73,47.68,47.71,10552457.22,221200.0
VALE3,M15,19/02/2025,47.52,47.74,47.47,47.72,49677965.25,1044400.0
VALE3,M15,19/02/2025,47.62,47.64,47.49,47.52,47121265.03,990900.0
VALE3,M15,19/02/2025,48.03,48.04,47.6,47.61,79477181.91,1663500.0
VALE3,M15,19/02/2025,47.98,48.05,47.96,48.04,27441047.49,571700.0
VALE3,M15,19/02/2025,47.97,48.05,47.97,47.97,9893039.45,206100.0
VALE3,M15,19/02/2025,47.85,47.99,47.84,47.98,10818168.03,225700.0
VALE3,M15,19/02/2025,47.91,47.93,47.84,47.85,20033551.4,418300.0
VALE3,M15,19/02/2025,47.89,47.98,47.84,47.93,13253905.15,276600.0
VALE3,M15,19/02/2025,47.97,48.05,47.79,47.86,31020635.12,647500.0
VALE3,M15,18/02/2025,48.22,48.35,48.19,48.35,718087680.96,14852500.0
VALE3,M15,18/02/2025,48.29,48.32,48.21,48.22,19230360.05,398500.0
VALE3,M15,18/02/2025,48.29,48.3,48.22,48.29,28303542.45,586500.0
VALE3,M15,18/02/2025,48.32,48.33,48.25,48.29,31120579.84,644300.0
VALE3,M15,18/02/2025,48.43,48.44,48.31,48.32,25907603.32,535500.0
VALE3,M15,18/02/2025,48.32,48.45,48.32,48.43,21064637.64,435300.0
VALE3,M15,18/02/2025,48.38,48.43,48.32,48.32,17607760.1,363900.0
VALE3,M15,18/02/2025,48.35,48.42,48.28,48.38,24601414.74,508800.0
VALE3,M15,18/02/2025,48.3,48.38,48.28,48.35,16637778.22,344300.0
VALE3,M15,18/02/2025,48.4,48.41,48.29,48.3,25628000.81,529900.0
VALE3,M15,18/02/2025,48.45,48.45,48.38,48.39,9729574.62,201000.0
VALE3,M15,18/02/2025,48.38,48.45,48.36,48.45,16339533.18,337500.0
VALE3,M15,18/02/2025,48.47,48.47,48.38,48.38,14556944.13,300600.0
VALE3,M15,18/02/2025,48.51,48.51,48.43,48.47,10303746.05,212600.0
VALE3,M15,18/02/2025,48.49,48.55,48.48,48.51,9285947.79,191400.0
VALE3,M15,18/02/2025,48.53,48.55,48.42,48.5,16812941.05,346800.0
VALE3,M15,18/02/2025,48.45,48.55,48.43,48.52,19274047.53,397500.0
VALE3,M15,18/02/2025,48.47,48.49,48.41,48.45,15213668.56,314000.0
VALE3,M15,18/02/2025,48.42,48.51,48.41,48.48,15047674.34,310500.0
VALE3,M15,18/02/2025,48.41,48.46,48.37,48.42,9112328.09,188200.0
VALE3,M15,18/02/2025,48.48,48.51,48.38,48.42,16926140.78,349500.0
VALE3,M15,18/02/2025,48.37,48.48,48.37,48.45,12063143.82,249100.0
VALE3,M15,18/02/2025,48.44,48.49,48.35,48.39,15479309.99,319700.0
VALE3,M15,18/02/2025,48.25,48.49,48.24,48.44,25242510.04,521600.0
VALE3,M15,18/02/2025,48.32,48.42,48.23,48.24,29128444.4,603100.0
VALE3,M15,18/02/2025,48.47,48.53,48.23,48.33,49789347.74,1029400.0
VALE3,M15,18/02/2025,48.31,48.51,48.29,48.46,33871363.01,699500.0
VALE3,M15,18/02/2025,48.31,48.45,48.28,48.32,16664137.31,344600.0
VALE3,M15,18/02/2025,48.19,48.33,48.15,48.31,15661517.11,324600.0
VALE3,M15,18/02/2025,48.2,48.25,48.17,48.18,7413714.61,153800.0
VALE3,M15,18/02/2025,48.28,48.3,48.15,48.23,13318410.65,276200.0
VALE3,M15,18/02/2025,48.23,48.41,48.2,48.26,35624308.93,737500.0
VALE3,M15,17/02/2025,48.06,48.09,47.95,48.03,69095245.97,1438700.0
VALE3,M15,17/02/2025,48.07,48.14,48.04,48.06,33444448.72,695400.0
VALE3,M15,17/02/2025,48.12,48.12,47.99,48.07,25543830.08,531500.0
VALE3,M15,17/02/2025,48.19,48.19,48.07,48.1,28188186.32,585600.0
VALE3,M15,17/02/2025,48.22,48.23,48.11,48.19,20214180.7,419600.0
VALE3,M15,17/02/2025,48.2,48.23,48.16,48.21,17036265.51,353400.0
VALE3,M15,17/02/2025,48.17,48.25,48.14,48.2,18786205.83,389700.0
VALE3,M15,17/02/2025,48.25,48.25,48.11,48.17,17783733.09,369200.0
VALE3,M15,17/02/2025,48.24,48.28,48.06,48.25,53520440.25,1110700.0
VALE3,M15,17/02/2025,48.31,48.31,48.19,48.24,26121212.7,541500.0
VALE3,M15,17/02/2025,48.41,48.44,48.28,48.29,21840483.65,451900.0
VALE3,M15,17/02/2025,48.41,48.45,48.4,48.42,31841034.31,657500.0
VALE3,M15,17/02/2025,48.39,48.43,48.35,48.41,8458911.12,174800.0
VALE3,M15,17/02/2025,48.35,48.39,48.25,48.38,18506005.67,383000.0
VALE3,M15,17/02/2025,48.47,48.47,48.32,48.35,11703921.06,241800.0
VALE3,M15,17/02/2025,48.49,48.49,48.41,48.46,8124798.36,167700.0
VALE3,M15,17/02/2025,48.44,48.49,48.44,48.47,7377532.02,152200.0
VALE3,M15,17/02/2025,48.42,48.48,48.4,48.46,6962868.26,143700.0
VALE3,M15,17/02/2025,48.42,48.45,48.39,48.4,9587915.79,198000.0
VALE3,M15,17/02/2025,48.46,48.47,48.37,48.42,6198388.88,128000.0
VALE3,M15,17/02/2025,48.45,48.51,48.44,48.46,10799816.95,222800.0
VALE3,M15,17/02/2025,48.37,48.45,48.37,48.45,5295768.06,109400.0
VALE3,M15,17/02/2025,48.36,48.4,48.35,48.38,5442431.88,112500.0
VALE3,M15,17/02/2025,48.39,48.39,48.31,48.35,52782863.83,1091700.0
VALE3,M15,17/02/2025,48.3,48.46,48.3,48.38,16879842.37,348700.0
VALE3,M15,17/02/2025,48.32,48.35,48.29,48.32,6247676.42,129300.0
VALE3,M15,17/02/2025,48.3,48.38,48.29,48.32,12326995.76,255000.0
VALE3,M15,17/02/2025,48.27,48.34,48.25,48.3,6848383.02,141800.0
VALE3,M15,17/02/2025,48.2,48.27,48.16,48.26,7076699.47,146800.0
VALE3,M15,17/02/2025,48.27,48.27,48.12,48.2,12854301.49,266600.0
VALE3,M15,17/02/2025,48.34,48.39,48.23,48.27,9870763.3,204300.0
VALE3,M15,17/02/2025,48.26,48.39,48.23,48.34,11047838.51,228600.0
VALE3,M15,14/02/2025,48.25,48.38,48.23,48.38,149746.63,3100.0
VALE3,M15,14/02/2025,48.37,48.41,48.17,48.29,1152996723.31,23876400.0
VALE3,M15,14/02/2025,48.35,48.4,48.31,48.37,63703793.95,1317400.0
VALE3,M15,14/02/2025,48.27,48.38,48.23,48.35,143978455.28,2980100.0
VALE3,M15,14/02/2025,48.14,48.29,48.14,48.26,96246431.14,1995700.0
VALE3,M15,14/02/2025,48.1,48.16,48.02,48.14,103141684.21,2144400.0
VALE3,M15,14/02/2025,47.99,48.11,47.97,48.09,70804504.41,1474300.0
VALE3,M15,14/02/2025,48.05,48.08,47.97,47.99,28965910.3,603100.0
VALE3,M15,14/02/2025,47.98,48.08,47.95,48.05,22149230.52,461400.0
VALE3,M15,14/02/2025,47.94,48.0,47.93,47.99,17408748.49,362900.0
VALE3,M15,14/02/2025,47.86,47.98,47.86,47.93,18168562.02,379100.0
VALE3,M15,14/02/2025,47.88,47.92,47.85,47.87,8473699.72,177000.0
VALE3,M15,14/02/2025,47.89,47.9,47.82,47.87,17991437.96,375900.0
VALE3,M15,14/02/2025,48.04,48.05,47.86,47.88,22645830.54,472500.0
VALE3,M15,14/02/2025,48.08,48.12,47.99,48.04,31114564.3,647600.0
VALE3,M15,14/02/2025,47.97,48.12,47.97,48.09,25668870.93,534000.0
VALE3,M15,14/02/2025,47.95,48.0,47.92,47.99,11531810.67,240400.0
VALE3,M15,14/02/2025,47.85,47.99,47.82,47.98,15898469.57,331900.0
VALE3,M15,14/02/2025,47.91,47.93,47.82,47.86,15081470.66,315000.0
VALE3,M15,14/02/2025,47.79,47.91,47.78,47.91,22095558.19,461900.0
VALE3,M15,14/02/2025,47.93,47.99,47.71,47.81,34706020.81,725600.0
VALE3,M15,14/02/2025,48.02,48.04,47.93,47.95,23429237.84,488100.0
VALE3,M15,14/02/2025,47.99,48.04,47.94,48.01,32036538.95,667800.0
VALE3,M15,14/02/2025,48.1,48.14,47.92,48.0,68342625.93,1423200.0
VALE3,M15,14/02/2025,48.16,48.17,48.05,48.1,35250590.75,732900.0
VALE3,M15,14/02/2025,48.04,48.19,48.0,48.16,122207576.68,2541200.0
VALE3,M15,14/02/2025,48.04,48.16,47.96,48.05,55193555.13,1148300.0
VALE3,M15,14/02/2025,48.01,48.05,47.94,48.04,21700831.16,452300.0
VALE3,M15,14/02/2025,47.99,48.03,47.92,48.03,7624419.0,158900.0
VALE3,M15,14/02/2025,47.98,48.01,47.93,47.99,7964749.41,166000.0
VALE3,M15,14/02/2025,48.05,48.1,47.95,47.98,10337354.14,215200.0
VALE3,M15,14/02/2025,47.96,48.13,47.93,48.05,53871230.85,1121300.0
VALE3,M15,14/02/2025,47.9,48.16,47.87,47.96,38808375.84,808300.0
VALE3,M15,13/02/2025,47.6,47.66,47.58,47.59,146295981.6,3073600.0
VALE3,M15,13/02/2025,47.59,47.64,47.56,47.6,30614577.02,643300.0
VALE3,M15,13/02/2025,47.6,47.61,47.51,47.59,29530883.64,620900.0
VALE3,M15,13/02/2025,47.59,47.63,47.56,47.6,31398647.89,659700.0
VALE3,M15,13/02/2025,47.64,47.64,47.56,47.58,24658322.54,518000.0
VALE3,M15,13/02/2025,47.68,47.69,47.59,47.64,16065141.25,337300.0
VALE3,M15,13/02/2025,47.61,47.69,47.6,47.66,20311950.8,426400.0
VALE3,M15,13/02/2025,47.55,47.6,47.47,47.6,41696623.01,877000.0
VALE3,M15,13/02/2025,47.53,47.59,47.5,47.56,17572791.89,369700.0
VALE3,M15,13/02/2025,47.61,47.64,47.47,47.53,47271526.03,993600.0
VALE3,M15,13/02/2025,47.53,47.63,47.47,47.61,52864298.73,1111400.0
VALE3,M15,13/02/2025,47.34,47.54,47.29,47.53,46272886.42,975200.0
VALE3,M15,13/02/2025,47.27,47.37,47.26,47.33,46728692.66,987200.0
VALE3,M15,13/02/2025,47.27,47.32,47.24,47.27,10447075.53,221000.0
VALE3,M15,13/02/2025,47.21,47.32,47.2,47.27,14776302.76,312600.0
VALE3,M15,13/02/2025,47.29,47.32,47.2,47.21,15164596.15,321000.0
VALE3,M15,13/02/2025,47.28,47.31,47.26,47.3,16605872.0,351200.0
VALE3,M15,13/02/2025,47.28,47.35,47.25,47.28,16921655.36,357700.0
VALE3,M15,13/02/2025,47.28,47.32,47.19,47.27,27298019.01,577500.0
VALE3,M15,13/02/2025,47.2,47.3,47.19,47.28,19019695.55,402600.0
VALE3,M15,13/02/2025,47.27,47.32,47.2,47.2,16220300.56,343300.0
VALE3,M15,13/02/2025,47.27,47.33,47.22,47.27,24317938.35,514200.0
VALE3,M15,13/02/2025,47.32,47.35,47.22,47.27,21196430.46,448100.0
VALE3,M15,13/02/2025,47.27,47.34,47.18,47.32,49228903.19,1041600.0
VALE3,M15,13/02/2025,47.2,47.38,47.16,47.27,53420397.52,1129700.0
VALE3,M15,13/02/2025,47.07,47.27,46.95,47.18,50966274.62,1082700.0
VALE3,M15,13/02/2025,47.12,47.14,47.04,47.06,21632595.76,459300.0
VALE3,M15,13/02/2025,47.21,47.31,47.08,47.13,34119227.58,723500.0
VALE3,M15,13/02/2025,47.32,47.35,47.21,47.21,26489408.03,560200.0
VALE3,M15,13/02/2025,47.32,47.38,47.28,47.32,22043066.42,465700.0
VALE3,M15,13/02/2025,47.58,47.6,47.31,47.33,20110251.06,423900.0
VALE3,M15,13/02/2025,47.58,47.71,47.53,47.58,20029985.45,420800.0
VALE3,M15,12/02/2025,47.56,47.61,47.53,47.53,122964035.91,2586600.0
VALE3,M15,12/02/2025,47.6,47.62,47.49,47.6,141456711.98,2975100.0
VALE3,M15,12/02/2025,47.59,47.68,47.51,47.6,159471472.2,3348400.0
VALE3,M15,12/02/2025,47.59,47.6,47.59,47.6,19107441.77,401500.0
VALE3,M15,12/02/2025,47.59,47.63,47.55,47.6,21526405.63,452300.0
VALE3,M15,12/02/2025,47.56,47.61,47.54,47.6,27929609.15,587100.0
VALE3,M15,12/02/2025,47.57,47.63,47.5,47.57,54597434.56,1147700.0
VALE3,M15,12/02/2025,47.63,47.64,47.45,47.59,58449793.79,1229300.0
VALE3,M15,12/02/2025,47.64,47.69,47.63,47.64,142766041.48,2995000.0
VALE3,M15,12/02/2025,47.8,47.8,47.64,47.66,102454573.27,2145900.0
VALE3,M15,12/02/2025,47.83,47.9,47.79,47.8,35759299.05,747500.0
VALE3,M15,12/02/2025,47.84,47.92,47.8,47.85,27888788.48,582800.0
VALE3,M15,12/02/2025,47.81,47.88,47.79,47.85,16731613.72,349800.0
VALE3,M15,12/02/2025,47.82,47.86,47.74,47.81,43619444.85,912700.0
VALE3,M15,12/02/2025,47.76,47.88,47.75,47.84,31471956.81,657900.0
VALE3,M15,12/02/2025,47.71,47.78,47.66,47.76,19477809.12,408200.0
VALE3,M15,12/02/2025,47.66,47.74,47.63,47.71,14488720.01,303900.0
VALE3,M15,12/02/2025,47.65,47.69,47.62,47.66,19476868.84,408800.0
VALE3,M15,12/02/2025,47.69,47.71,47.63,47.65,24756775.3,519400.0
VALE3,M15,12/02/2025,47.76,47.78,47.66,47.69,19990705.31,418800.0
VALE3,M15,12/02/2025,47.73,47.79,47.66,47.78,33144640.58,694700.0
VALE3,M15,12/02/2025,47.75,47.81,47.66,47.73,30876856.33,646800.0
VALE3,M15,12/02/2025,47.78,47.84,47.67,47.75,150295408.0,3145000.0
VALE3,M15,12/02/2025,47.89,47.96,47.72,47.76,42944684.2,897600.0
VALE3,M15,12/02/2025,47.79,47.93,47.75,47.89,29106515.22,608600.0
VALE3,M15,12/02/2025,47.79,47.82,47.69,47.79,40639979.18,851000.0
VALE3,M15,12/02/2025,47.74,47.83,47.72,47.77,27843897.89,583000.0
VALE3,M15,12/02/2025,47.73,47.78,47.71,47.74,54800860.46,1148000.0
VALE3,M15,12/02/2025,47.65,47.74,47.59,47.72,52033163.52,1091900.0
VALE3,M15,12/02/2025,47.69,47.73,47.48,47.65,64954703.75,1365100.0
VALE3,M15,12/02/2025,47.73,47.74,47.58,47.71,24167242.76,507200.0
VALE3,M15,12/02/2025,47.72,47.83,47.66,47.72,34122077.04,715000.0
VALE3,M15,11/02/2025,47.8,47.87,47.79,47.85,101533173.72,2122200.0
