symbol,timeframe,date,open,high,low,close,volume,quantity
WDOFUT,M30,09/06/2026,5200.0,5204.0,5196.0,5204.0,1298030535.0,24970.0
WDOFUT,M30,09/06/2026,5202.5,5205.0,5199.0,5199.5,2157044085.0,41472.0
WDOFUT,M30,09/06/2026,5205.0,5207.0,5201.5,5202.5,2311984955.0,44427.0
WDOFUT,M30,09/06/2026,5208.0,5211.0,5204.0,5205.5,4110558810.0,78939.0
WDOFUT,M30,09/06/2026,5198.0,5209.5,5197.0,5208.0,4088256985.0,78549.0
WDOFUT,M30,09/06/2026,5203.5,5204.5,5195.0,5197.5,4628359215.0,89003.0
WDOFUT,M30,09/06/2026,5207.0,5208.5,5201.0,5203.5,4530709010.0,87058.0
WDOFUT,M30,09/06/2026,5201.0,5208.5,5199.0,5207.5,4588490370.0,88184.0
WDOFUT,M30,09/06/2026,5208.5,5208.5,5196.0,5201.0,6586714510.0,126622.0
WDOFUT,M30,09/06/2026,5203.5,5221.5,5202.0,5208.0,10975273090.0,210556.0
WDOFUT,M30,09/06/2026,5205.5,5211.5,5202.0,5203.5,5036826085.0,96737.0
WDOFUT,M30,09/06/2026,5209.5,5213.5,5201.0,5206.0,6255899940.0,120158.0
WDOFUT,M30,09/06/2026,5199.5,5211.0,5197.0,5210.0,8286881460.0,159278.0
WDOFUT,M30,09/06/2026,5193.5,5209.0,5190.5,5199.5,10506345665.0,202035.0
WDOFUT,M30,09/06/2026,5193.5,5198.5,5183.0,5193.5,9502632245.0,183045.0
WDOFUT,M30,09/06/2026,5188.0,5202.0,5183.5,5193.0,11790215875.0,227030.0
WDOFUT,M30,09/06/2026,5185.5,5193.0,5183.0,5188.0,10063010740.0,193960.0
WDOFUT,M30,09/06/2026,5183.0,5192.5,5177.5,5185.5,9710311975.0,187287.0
WDOFUT,M30,09/06/2026,5195.0,5199.0,5181.0,5183.0,13770066045.0,265299.0
WDOFUT,M30,08/06/2026,5223.0,5232.5,5221.5,5223.5,1779247555.0,34042.0
WDOFUT,M30,08/06/2026,5207.5,5228.0,5207.5,5223.0,3843583445.0,73646.0
WDOFUT,M30,08/06/2026,5209.5,5212.5,5207.5,5208.0,1967148345.0,37756.0
WDOFUT,M30,08/06/2026,5209.0,5212.0,5206.0,5209.5,3480087160.0,66814.0
WDOFUT,M30,08/06/2026,5212.0,5214.0,5207.5,5209.0,4578727770.0,87863.0
WDOFUT,M30,08/06/2026,5204.0,5214.0,5201.5,5212.5,5513022150.0,105837.0
WDOFUT,M30,08/06/2026,5218.0,5218.0,5204.0,5204.0,6878687670.0,132046.0
WDOFUT,M30,08/06/2026,5216.5,5222.0,5215.0,5218.0,5018135915.0,96157.0
WDOFUT,M30,08/06/2026,5206.0,5219.5,5205.0,5216.0,6297679975.0,120791.0
WDOFUT,M30,08/06/2026,5199.5,5206.0,5196.5,5205.5,4496928345.0,86452.0
WDOFUT,M30,08/06/2026,5198.5,5202.5,5191.0,5199.0,7082933515.0,136309.0
WDOFUT,M30,08/06/2026,5205.5,5215.5,5197.5,5199.0,7811477120.0,150061.0
WDOFUT,M30,08/06/2026,5204.0,5212.0,5195.5,5205.0,8964989455.0,172272.0
WDOFUT,M30,08/06/2026,5215.0,5217.5,5203.0,5204.0,11564755160.0,222002.0
WDOFUT,M30,08/06/2026,5204.5,5225.0,5199.5,5215.5,16492308990.0,316293.0
WDOFUT,M30,08/06/2026,5188.5,5205.0,5183.0,5204.5,14639387340.0,281810.0
WDOFUT,M30,08/06/2026,5179.5,5197.0,5175.5,5188.0,15174484600.0,292590.0
WDOFUT,M30,08/06/2026,5164.5,5196.0,5162.5,5179.0,18050557235.0,348495.0
WDOFUT,M30,08/06/2026,5180.0,5185.5,5162.0,5165.0,17807062620.0,344146.0
WDOFUT,M30,05/06/2026,5199.5,5207.0,5198.0,5203.5,1398725185.0,26888.0
WDOFUT,M30,05/06/2026,5195.0,5208.0,5193.5,5199.5,4829074565.0,92875.0
WDOFUT,M30,05/06/2026,5186.5,5197.0,5186.5,5195.0,5505797500.0,106033.0
WDOFUT,M30,05/06/2026,5183.0,5187.5,5182.5,5186.5,5313729170.0,102481.0
WDOFUT,M30,05/06/2026,5184.0,5187.0,5182.0,5183.5,6229116515.0,120143.0
WDOFUT,M30,05/06/2026,5176.5,5184.5,5175.0,5183.5,6390078220.0,123367.0
WDOFUT,M30,05/06/2026,5173.0,5179.5,5172.0,5176.0,4619086135.0,89237.0
WDOFUT,M30,05/06/2026,5169.0,5176.5,5165.0,5173.5,5971941205.0,115488.0
WDOFUT,M30,05/06/2026,5171.5,5175.5,5167.5,5169.0,5277197860.0,102041.0
WDOFUT,M30,05/06/2026,5181.0,5182.0,5170.5,5171.5,7811934410.0,150894.0
WDOFUT,M30,05/06/2026,5176.0,5186.0,5173.0,5181.0,11713230815.0,226106.0
WDOFUT,M30,05/06/2026,5167.0,5179.5,5161.5,5176.0,10697078650.0,206842.0
WDOFUT,M30,05/06/2026,5152.5,5167.0,5152.0,5166.5,9282350890.0,179918.0
WDOFUT,M30,05/06/2026,5151.5,5157.0,5144.5,5152.5,8487405720.0,164771.0
WDOFUT,M30,05/06/2026,5153.5,5160.5,5149.0,5151.5,13206723545.0,256250.0
WDOFUT,M30,05/06/2026,5149.0,5153.5,5142.0,5153.5,11973342435.0,232604.0
WDOFUT,M30,05/06/2026,5129.5,5150.5,5126.5,5148.5,18403406415.0,358173.0
WDOFUT,M30,05/06/2026,5095.0,5131.0,5095.0,5129.5,17251248385.0,337506.0
WDOFUT,M30,05/06/2026,5089.0,5096.5,5085.0,5095.0,8761827650.0,172103.0
WDOFUT,M30,03/06/2026,5099.0,5105.5,5091.0,5093.0,1802935815.0,35360.0
WDOFUT,M30,03/06/2026,5096.5,5100.0,5093.0,5099.0,2649276555.0,51994.0
WDOFUT,M30,03/06/2026,5099.5,5101.0,5094.5,5097.0,4453647195.0,87365.0
WDOFUT,M30,03/06/2026,5109.0,5109.0,5099.0,5100.0,4312075270.0,84488.0
WDOFUT,M30,03/06/2026,5109.0,5111.0,5104.0,5109.0,4800347295.0,93982.0
WDOFUT,M30,03/06/2026,5109.5,5124.0,5107.0,5109.0,11397314860.0,222830.0
WDOFUT,M30,03/06/2026,5109.5,5114.0,5108.0,5109.5,6018060955.0,117749.0
WDOFUT,M30,03/06/2026,5102.5,5114.0,5100.0,5109.5,5190029395.0,101623.0
WDOFUT,M30,03/06/2026,5104.0,5107.0,5100.0,5102.5,5372824925.0,105287.0
WDOFUT,M30,03/06/2026,5090.5,5109.5,5090.5,5103.5,11112867045.0,217781.0
WDOFUT,M30,03/06/2026,5080.0,5093.0,5079.5,5090.5,7333136890.0,144151.0
WDOFUT,M30,03/06/2026,5078.0,5083.0,5077.5,5079.5,3459453435.0,68089.0
WDOFUT,M30,03/06/2026,5073.5,5079.5,5069.0,5077.5,6414336995.0,126416.0
WDOFUT,M30,03/06/2026,5073.5,5079.0,5071.0,5073.5,6546409440.0,128989.0
WDOFUT,M30,03/06/2026,5083.5,5085.0,5072.5,5073.5,9123164575.0,179629.0
WDOFUT,M30,03/06/2026,5081.0,5086.5,5078.5,5083.0,11705511050.0,230316.0
WDOFUT,M30,03/06/2026,5066.5,5082.0,5063.0,5081.5,10764522595.0,212182.0
WDOFUT,M30,03/06/2026,5055.5,5075.0,5054.5,5066.5,15079519535.0,297608.0
WDOFUT,M30,03/06/2026,5047.0,5055.5,5044.5,5055.5,9728479485.0,192639.0
WDOFUT,M30,02/06/2026,5040.0,5042.0,5039.0,5041.0,855165115.0,16967.0
WDOFUT,M30,02/06/2026,5037.0,5040.5,5036.5,5039.5,1358312205.0,26960.0
WDOFUT,M30,02/06/2026,5044.0,5044.5,5035.0,5037.5,4255299330.0,84448.0
WDOFUT,M30,02/06/2026,5047.0,5047.5,5043.0,5043.5,2246133080.0,44515.0
WDOFUT,M30,02/06/2026,5046.5,5048.5,5045.5,5047.0,2147301155.0,42546.0
WDOFUT,M30,02/06/2026,5050.0,5050.5,5043.5,5046.5,4206976985.0,83372.0
WDOFUT,M30,02/06/2026,5053.5,5055.5,5050.0,5050.0,2798648800.0,55387.0
WDOFUT,M30,02/06/2026,5055.5,5056.0,5052.5,5054.0,2594636895.0,51334.0
WDOFUT,M30,02/06/2026,5051.0,5057.0,5049.5,5055.5,3312124980.0,65543.0
WDOFUT,M30,02/06/2026,5053.5,5053.5,5048.0,5051.5,2694382220.0,53349.0
WDOFUT,M30,02/06/2026,5047.5,5054.0,5046.5,5053.0,4617514995.0,91452.0
WDOFUT,M30,02/06/2026,5049.0,5052.5,5045.5,5047.0,4047331405.0,80166.0
WDOFUT,M30,02/06/2026,5046.0,5052.0,5046.0,5049.0,5763868885.0,114171.0
WDOFUT,M30,02/06/2026,5046.5,5048.5,5037.0,5046.0,8111970030.0,160860.0
WDOFUT,M30,02/06/2026,5050.5,5056.0,5045.0,5046.5,12421546365.0,245927.0
WDOFUT,M30,02/06/2026,5054.5,5056.5,5045.0,5050.5,8762424625.0,173532.0
WDOFUT,M30,02/06/2026,5046.0,5055.0,5046.0,5054.5,10043663575.0,198885.0
WDOFUT,M30,02/06/2026,5038.5,5047.0,5034.0,5046.0,7408140405.0,146983.0
WDOFUT,M30,02/06/2026,5049.5,5056.0,5036.5,5038.5,10870175570.0,215564.0
WDOFUT,M30,01/06/2026,5062.5,5064.0,5060.0,5061.5,815434485.0,16110.0
WDOFUT,M30,01/06/2026,5059.0,5063.5,5057.0,5062.0,1996969055.0,39465.0
WDOFUT,M30,01/06/2026,5057.0,5060.0,5055.0,5059.0,3016342485.0,59642.0
WDOFUT,M30,01/06/2026,5048.5,5058.0,5048.0,5057.5,4332544995.0,85750.0
WDOFUT,M30,01/06/2026,5051.5,5053.0,5047.0,5049.0,3086854105.0,61125.0
WDOFUT,M30,01/06/2026,5054.0,5057.0,5048.5,5051.5,5865912175.0,116106.0
WDOFUT,M30,01/06/2026,5056.0,5058.5,5051.5,5054.0,5967247005.0,118065.0
WDOFUT,M30,01/06/2026,5061.5,5065.0,5050.5,5055.5,7881617280.0,155854.0
WDOFUT,M30,01/06/2026,5062.5,5068.5,5061.0,5061.0,3864926205.0,76291.0
WDOFUT,M30,01/06/2026,5071.5,5073.5,5062.0,5063.0,3891164880.0,76776.0
WDOFUT,M30,01/06/2026,5068.5,5076.5,5065.0,5071.5,5195958145.0,102440.0
WDOFUT,M30,01/06/2026,5065.5,5069.0,5059.0,5068.5,5542496495.0,109435.0
WDOFUT,M30,01/06/2026,5060.0,5068.0,5058.5,5065.0,7924667740.0,156524.0
WDOFUT,M30,01/06/2026,5072.5,5073.5,5060.0,5060.0,8141534620.0,160709.0
WDOFUT,M30,01/06/2026,5078.0,5081.5,5071.0,5072.0,8900510495.0,175343.0
WDOFUT,M30,01/06/2026,5074.0,5080.5,5070.5,5078.0,10632904955.0,209501.0
WDOFUT,M30,01/06/2026,5059.5,5078.5,5054.5,5073.5,14935737145.0,294673.0
WDOFUT,M30,01/06/2026,5064.5,5068.0,5053.0,5059.0,8823399540.0,174371.0
WDOFUT,M30,01/06/2026,5069.0,5076.0,5057.0,5065.0,11406001000.0,225211.0
WDOFUT,M30,29/05/2026,5073.5,5076.0,5068.0,5073.5,980425230.0,19327.0
WDOFUT,M30,29/05/2026,5071.5,5074.5,5066.5,5073.5,2399457660.0,47321.0
WDOFUT,M30,29/05/2026,5081.5,5082.0,5068.5,5071.0,5606117385.0,110493.0
WDOFUT,M30,29/05/2026,5081.0,5086.0,5080.5,5081.5,3349237935.0,65891.0
WDOFUT,M30,29/05/2026,5080.0,5083.0,5077.0,5081.0,3377009350.0,66485.0
WDOFUT,M30,29/05/2026,5083.5,5083.5,5076.0,5080.0,3868058930.0,76144.0
WDOFUT,M30,29/05/2026,5085.5,5086.5,5079.0,5083.5,3781104565.0,74403.0
WDOFUT,M30,29/05/2026,5080.0,5085.5,5076.5,5085.5,2977953835.0,58607.0
WDOFUT,M30,29/05/2026,5088.0,5088.5,5070.5,5080.0,10086688220.0,198592.0
WDOFUT,M30,29/05/2026,5093.5,5095.0,5085.0,5088.0,4394287315.0,86336.0
WDOFUT,M30,29/05/2026,5095.5,5097.0,5090.5,5094.0,3379960150.0,66345.0
WDOFUT,M30,29/05/2026,5099.0,5100.0,5092.5,5095.5,4734410025.0,92902.0
WDOFUT,M30,29/05/2026,5098.0,5100.0,5090.0,5098.5,9495927740.0,186408.0
WDOFUT,M30,29/05/2026,5100.5,5107.5,5089.0,5098.0,18135070240.0,355610.0
WDOFUT,M30,29/05/2026,5096.5,5103.0,5089.0,5100.0,11372046605.0,223181.0
WDOFUT,M30,29/05/2026,5084.0,5097.0,5084.0,5096.5,8296402620.0,162957.0
WDOFUT,M30,29/05/2026,5092.0,5094.5,5084.0,5084.0,8681138445.0,170542.0
WDOFUT,M30,29/05/2026,5073.5,5092.5,5072.5,5092.0,10056537015.0,197847.0
WDOFUT,M30,29/05/2026,5073.5,5089.0,5071.5,5073.5,8954036895.0,176228.0
WDOFUT,M30,28/05/2026,5078.981,5084.019,5072.433,5081.5,1161764546.27,22880.0
WDOFUT,M30,28/05/2026,5076.967,5083.011,5076.967,5078.981,2410344137.46,47444.0
WDOFUT,M30,28/05/2026,5071.426,5079.485,5069.915,5076.967,3718685407.55,73275.0
WDOFUT,M30,28/05/2026,5069.411,5072.433,5067.9,5071.929,2064441536.33,40720.0
WDOFUT,M30,28/05/2026,5068.907,5071.426,5066.892,5069.411,2465816240.53,48642.0
WDOFUT,M30,28/05/2026,5067.396,5073.944,5067.396,5068.907,4213407805.73,83092.0
WDOFUT,M30,28/05/2026,5065.885,5069.411,5062.359,5067.9,5840793466.13,115305.0
WDOFUT,M30,28/05/2026,5068.907,5069.915,5063.366,5065.885,5905365519.2,116564.0
WDOFUT,M30,28/05/2026,5073.944,5074.448,5067.9,5068.907,5731568573.01,113025.0
WDOFUT,M30,28/05/2026,5079.485,5082.004,5073.441,5073.944,3084043579.45,60731.0
WDOFUT,M30,28/05/2026,5087.545,5088.552,5077.47,5079.485,4863189834.13,95672.0
WDOFUT,M30,28/05/2026,5083.011,5089.056,5080.996,5087.545,3620075842.49,71196.0
WDOFUT,M30,28/05/2026,5085.026,5086.033,5080.493,5083.011,6424472901.51,126399.0
WDOFUT,M30,28/05/2026,5090.063,5091.574,5079.485,5085.53,7492161247.64,147308.0
WDOFUT,M30,28/05/2026,5101.145,5104.167,5075.959,5090.567,13929696137.85,273717.0
WDOFUT,M30,28/05/2026,5094.093,5104.671,5093.589,5101.649,9870258416.8,193553.0
WDOFUT,M30,28/05/2026,5102.656,5103.664,5090.063,5094.093,10170684015.81,199646.0
WDOFUT,M30,28/05/2026,5109.708,5111.219,5094.093,5103.16,9575448882.72,187675.0
WDOFUT,M30,28/05/2026,5108.197,5115.249,5105.175,5110.212,9461288557.55,185097.0
WDOFUT,M30,27/05/2026,5099.634,5103.16,5098.626,5101.145,1278740530.19,25071.0
WDOFUT,M30,27/05/2026,5100.138,5101.649,5096.612,5100.138,1438751882.69,28217.0
WDOFUT,M30,27/05/2026,5101.145,5102.152,5097.619,5100.138,1929083875.95,37828.0
WDOFUT,M30,27/05/2026,5099.13,5102.656,5096.612,5101.649,2692404410.68,52798.0
WDOFUT,M30,27/05/2026,5100.138,5101.649,5096.108,5099.634,2739773178.48,53736.0
WDOFUT,M30,27/05/2026,5097.619,5100.641,5096.108,5100.138,3462763200.7,67919.0
WDOFUT,M30,27/05/2026,5101.145,5103.664,5097.619,5097.619,3169418325.38,62141.0
WDOFUT,M30,27/05/2026,5105.175,5105.175,5097.115,5101.649,3099704573.05,60763.0
WDOFUT,M30,27/05/2026,5101.649,5109.204,5100.641,5105.175,4232927656.58,82905.0
WDOFUT,M30,27/05/2026,5103.16,5103.664,5098.123,5101.649,3208179249.79,62899.0
WDOFUT,M30,27/05/2026,5102.152,5104.671,5099.13,5103.16,3706323585.88,72643.0
WDOFUT,M30,27/05/2026,5093.085,5105.175,5092.078,5102.152,6060837049.12,118859.0
WDOFUT,M30,27/05/2026,5106.182,5107.693,5093.085,5093.589,8166858739.95,160137.0
WDOFUT,M30,27/05/2026,5105.678,5108.197,5095.1,5106.182,11629697734.99,227922.0
WDOFUT,M30,27/05/2026,5096.612,5111.723,5096.108,5105.175,14720551179.27,288379.0
WDOFUT,M30,27/05/2026,5097.115,5097.619,5086.537,5097.115,11106790495.84,218113.0
WDOFUT,M30,27/05/2026,5092.582,5102.152,5089.559,5097.115,11143796836.93,218728.0
WDOFUT,M30,27/05/2026,5074.952,5094.093,5071.426,5092.582,11284826686.42,221993.0
WDOFUT,M30,27/05/2026,5076.463,5092.582,5070.922,5074.952,21130815389.76,415849.0
WDOFUT,M30,26/05/2026,5076.463,5079.485,5075.959,5075.959,855561380.49,16849.0
WDOFUT,M30,26/05/2026,5072.433,5078.478,5072.433,5076.463,2278793310.41,44899.0
WDOFUT,M30,26/05/2026,5069.411,5073.441,5066.892,5072.937,2486853212.3,49050.0
WDOFUT,M30,26/05/2026,5073.441,5074.448,5068.907,5069.411,2291259754.16,45188.0
WDOFUT,M30,26/05/2026,5072.937,5074.952,5070.418,5073.441,2234381373.16,44048.0
WDOFUT,M30,26/05/2026,5066.892,5073.944,5065.885,5072.937,2475987143.86,48829.0
WDOFUT,M30,26/05/2026,5067.396,5069.915,5065.381,5066.892,4039771802.26,79721.0
WDOFUT,M30,26/05/2026,5072.433,5072.937,5064.374,5066.892,3390142883.77,66904.0
WDOFUT,M30,26/05/2026,5070.922,5072.937,5068.403,5072.433,2496743378.87,49236.0
WDOFUT,M30,26/05/2026,5070.922,5074.448,5067.9,5070.922,2373245172.83,46800.0
WDOFUT,M30,26/05/2026,5071.426,5072.433,5067.9,5071.426,3390015851.3,66857.0
WDOFUT,M30,26/05/2026,5071.426,5077.974,5069.411,5071.929,4569170889.37,90073.0
WDOFUT,M30,26/05/2026,5063.366,5076.967,5062.359,5071.426,9311939650.82,183704.0
WDOFUT,M30,26/05/2026,5060.344,5065.381,5056.818,5063.366,8261645327.55,163248.0
WDOFUT,M30,26/05/2026,5067.9,5072.433,5058.833,5059.84,9239513763.73,182479.0
WDOFUT,M30,26/05/2026,5057.825,5080.493,5054.299,5067.9,15353174944.65,303006.0
WDOFUT,M30,26/05/2026,5045.736,5059.336,5045.232,5057.825,13247833277.19,262124.0
WDOFUT,M30,26/05/2026,5057.825,5060.848,5045.232,5045.232,8685907998.33,171863.0
WDOFUT,M30,26/05/2026,5064.374,5069.411,5055.81,5057.825,8660995637.31,171105.0
WDOFUT,M30,25/05/2026,5060.344,5063.366,5051.781,5053.796,1461832334.74,28905.0
WDOFUT,M30,25/05/2026,5062.359,5062.862,5058.833,5060.344,1307463200.19,25837.0
WDOFUT,M30,25/05/2026,5062.862,5064.374,5060.344,5062.862,1673804563.47,33065.0
WDOFUT,M30,25/05/2026,5059.84,5064.877,5059.336,5062.862,1892541372.85,37379.0
WDOFUT,M30,25/05/2026,5058.833,5062.359,5058.329,5059.84,2015317510.23,39822.0
WDOFUT,M30,25/05/2026,5060.344,5063.366,5057.825,5058.833,3116754980.12,61586.0
WDOFUT,M30,25/05/2026,5053.292,5060.848,5053.292,5060.344,3917280184.55,77447.0
WDOFUT,M30,25/05/2026,5048.758,5053.796,5048.758,5053.292,1991290492.79,39420.0
WDOFUT,M30,25/05/2026,5052.788,5053.796,5047.247,5048.758,2578007852.17,51051.0
WDOFUT,M30,25/05/2026,5053.292,5057.322,5051.277,5053.292,2608338513.68,51611.0
WDOFUT,M30,25/05/2026,5049.766,5053.796,5049.262,5052.788,2964715724.4,58693.0
WDOFUT,M30,25/05/2026,5051.781,5052.284,5046.24,5049.766,2053604456.82,40675.0
WDOFUT,M30,25/05/2026,5054.299,5054.803,5047.247,5051.781,4671343317.33,92480.0
WDOFUT,M30,25/05/2026,5054.803,5056.818,5051.277,5053.796,3008675968.28,59527.0
WDOFUT,M30,25/05/2026,5054.803,5058.329,5053.292,5055.307,4997194958.18,98844.0
WDOFUT,M30,25/05/2026,5052.788,5057.322,5047.247,5055.307,5852006016.51,115828.0
WDOFUT,M30,25/05/2026,5047.751,5054.299,5044.225,5052.284,6780785767.39,134313.0
WDOFUT,M30,25/05/2026,5039.691,5048.758,5037.173,5047.247,6959421416.8,138022.0
WDOFUT,M30,25/05/2026,5059.84,5059.84,5038.684,5039.691,11003888181.52,218049.0
WDOFUT,M30,22/05/2026,5080.996,5089.559,5078.478,5089.056,1522149951.31,29941.0
WDOFUT,M30,22/05/2026,5067.9,5081.5,5067.396,5080.996,2180657491.46,42971.0
WDOFUT,M30,22/05/2026,5072.433,5072.433,5064.877,5067.396,2408078240.8,47511.0
WDOFUT,M30,22/05/2026,5067.396,5072.937,5066.892,5072.433,2761700742.56,54477.0
WDOFUT,M30,22/05/2026,5064.877,5070.922,5063.87,5067.9,3295646825.19,65035.0
WDOFUT,M30,22/05/2026,5064.374,5066.892,5061.351,5064.877,2296371482.23,45345.0
WDOFUT,M30,22/05/2026,5062.862,5066.388,5060.848,5064.374,2826333216.52,55816.0
WDOFUT,M30,22/05/2026,5057.825,5064.374,5056.314,5062.862,3948416627.49,78023.0
WDOFUT,M30,22/05/2026,5065.381,5067.9,5056.314,5057.825,5181165860.22,102347.0
WDOFUT,M30,22/05/2026,5069.411,5071.929,5065.381,5065.381,2749420377.02,54249.0
WDOFUT,M30,22/05/2026,5068.403,5075.959,5066.388,5068.907,5426908711.37,107013.0
WDOFUT,M30,22/05/2026,5067.396,5070.418,5064.374,5068.403,3297273298.09,65063.0
WDOFUT,M30,22/05/2026,5071.426,5073.441,5062.862,5067.396,6667893520.26,131551.0
WDOFUT,M30,22/05/2026,5062.359,5071.929,5057.322,5070.922,8471440409.56,167293.0
WDOFUT,M30,22/05/2026,5051.781,5067.396,5051.781,5062.359,8155865362.0,161143.0
WDOFUT,M30,22/05/2026,5052.284,5061.351,5047.751,5051.781,10402837848.94,205808.0
WDOFUT,M30,22/05/2026,5042.21,5054.803,5041.203,5052.284,10586062121.07,209665.0
WDOFUT,M30,22/05/2026,5054.299,5064.877,5040.699,5042.21,8943527566.21,176975.0
WDOFUT,M30,22/05/2026,5059.336,5064.374,5045.736,5053.796,10189979803.14,201603.0
WDOFUT,M30,21/05/2026,5050.27,5055.307,5049.262,5052.788,1230277265.32,24349.0
WDOFUT,M30,21/05/2026,5047.751,5052.788,5047.247,5050.27,1594852651.2,31577.0
WDOFUT,M30,21/05/2026,5046.24,5050.27,5045.232,5047.247,1923905647.12,38116.0
WDOFUT,M30,21/05/2026,5042.21,5049.262,5040.699,5046.744,2703840450.34,53596.0
WDOFUT,M30,21/05/2026,5046.744,5047.247,5041.203,5042.21,2928397123.63,58057.0
WDOFUT,M30,21/05/2026,5036.165,5051.277,5034.654,5046.744,7190575985.65,142578.0
WDOFUT,M30,21/05/2026,5037.677,5041.203,5034.654,5036.669,4394652489.06,87237.0
WDOFUT,M30,21/05/2026,5033.647,5038.18,5031.128,5037.677,5337767908.03,106030.0
WDOFUT,M30,21/05/2026,5056.314,5057.825,5029.113,5033.647,12014352813.19,238344.0
WDOFUT,M30,21/05/2026,5057.825,5057.825,5054.299,5056.314,1952496025.84,38620.0
WDOFUT,M30,21/05/2026,5050.27,5059.336,5048.255,5057.322,4701831168.86,93031.0
WDOFUT,M30,21/05/2026,5052.788,5054.299,5049.262,5050.27,3295009506.97,65226.0
WDOFUT,M30,21/05/2026,5054.299,5063.366,5050.773,5052.788,6381734771.48,126217.0
WDOFUT,M30,21/05/2026,5058.833,5061.351,5050.773,5054.299,7477591950.44,147890.0
WDOFUT,M30,21/05/2026,5056.314,5059.336,5052.284,5058.329,7529387682.96,148930.0
WDOFUT,M30,21/05/2026,5065.381,5070.922,5049.766,5055.81,13102028202.92,258853.0
WDOFUT,M30,21/05/2026,5067.396,5068.907,5055.81,5065.885,8029423573.18,158610.0
WDOFUT,M30,21/05/2026,5070.922,5071.929,5056.314,5067.396,8433229574.66,166532.0
WDOFUT,M30,21/05/2026,5064.877,5071.426,5053.796,5070.922,8077057276.13,159569.0
WDOFUT,M30,20/05/2026,5048.758,5050.27,5041.203,5045.736,2050179818.98,40638.0
WDOFUT,M30,20/05/2026,5053.292,5053.796,5046.24,5048.758,2266723695.14,44889.0
WDOFUT,M30,20/05/2026,5052.284,5053.796,5049.766,5052.788,2531797966.58,50113.0
WDOFUT,M30,20/05/2026,5050.27,5052.788,5048.255,5052.284,2174040736.72,43042.0
WDOFUT,M30,20/05/2026,5051.277,5052.284,5048.758,5050.27,2952902868.94,58471.0
WDOFUT,M30,20/05/2026,5052.284,5054.803,5049.262,5051.277,5133556204.73,101622.0
WDOFUT,M30,20/05/2026,5055.81,5057.825,5051.781,5052.284,3682341535.29,72854.0
WDOFUT,M30,20/05/2026,5053.796,5057.825,5052.284,5055.81,2952268205.31,58398.0
WDOFUT,M30,20/05/2026,5056.314,5057.825,5053.292,5054.299,3298646209.78,65253.0
WDOFUT,M30,20/05/2026,5063.366,5065.381,5054.803,5055.81,3656325615.32,72254.0
WDOFUT,M30,20/05/2026,5065.381,5067.9,5058.329,5063.87,4833615509.17,95468.0
WDOFUT,M30,20/05/2026,5062.359,5067.9,5055.81,5065.381,5910053253.32,116773.0
WDOFUT,M30,20/05/2026,5064.877,5067.9,5051.277,5062.359,12653966129.44,250118.0
WDOFUT,M30,20/05/2026,5068.907,5072.937,5057.322,5064.374,11551226177.6,228008.0
WDOFUT,M30,20/05/2026,5096.612,5097.115,5061.351,5068.403,21369347281.11,420798.0
WDOFUT,M30,20/05/2026,5103.664,5104.671,5091.574,5097.115,13312438827.46,261155.0
WDOFUT,M30,20/05/2026,5099.13,5107.693,5095.1,5104.167,14418299086.26,282625.0
WDOFUT,M30,20/05/2026,5083.011,5103.16,5079.989,5099.13,9758833064.94,191712.0
WDOFUT,M30,20/05/2026,5079.485,5088.552,5074.952,5083.011,12371876277.94,243503.0
WDOFUT,M30,19/05/2026,5100.138,5101.145,5094.093,5097.115,1201682176.84,23576.0
WDOFUT,M30,19/05/2026,5091.071,5102.152,5090.567,5100.138,3261512040.35,63985.0
WDOFUT,M30,19/05/2026,5093.589,5095.604,5090.567,5091.071,2372388133.13,46586.0
WDOFUT,M30,19/05/2026,5097.115,5099.634,5092.078,5093.085,3313542495.06,65036.0
WDOFUT,M30,19/05/2026,5092.582,5099.634,5091.071,5097.115,5820328999.28,114252.0
WDOFUT,M30,19/05/2026,5087.545,5093.085,5087.041,5092.078,4490756725.53,88219.0
WDOFUT,M30,19/05/2026,5083.515,5096.108,5083.515,5087.545,9846099606.77,193420.0
WDOFUT,M30,19/05/2026,5083.011,5087.041,5081.5,5083.515,4941862440.2,97203.0
WDOFUT,M30,19/05/2026,5085.026,5087.041,5079.485,5083.515,4627925385.56,91051.0
WDOFUT,M30,19/05/2026,5089.056,5091.071,5083.011,5085.026,4755754608.24,93490.0
WDOFUT,M30,19/05/2026,5096.108,5100.641,5088.552,5089.056,7201270553.47,141337.0
WDOFUT,M30,19/05/2026,5107.19,5107.693,5094.597,5096.108,6047444017.42,118554.0
WDOFUT,M30,19/05/2026,5103.664,5110.716,5099.13,5106.686,11127167245.35,217981.0
WDOFUT,M30,19/05/2026,5090.063,5105.175,5088.552,5104.167,9656656390.64,189449.0
WDOFUT,M30,19/05/2026,5083.515,5095.1,5074.952,5090.063,11817043437.08,232393.0
WDOFUT,M30,19/05/2026,5096.108,5096.108,5080.996,5083.515,11791982232.64,231843.0
WDOFUT,M30,19/05/2026,5083.515,5097.619,5081.5,5095.604,12874465113.15,253019.0
WDOFUT,M30,19/05/2026,5063.366,5085.53,5060.848,5083.515,10746912591.0,211835.0
WDOFUT,M30,19/05/2026,5074.448,5079.485,5062.359,5063.87,14621379294.45,288279.0
WDOFUT,M30,18/05/2026,5045.232,5046.24,5038.684,5044.225,1756132137.15,34824.0
WDOFUT,M30,18/05/2026,5050.773,5051.781,5042.714,5045.232,2412698431.47,47791.0
WDOFUT,M30,18/05/2026,5051.781,5053.292,5048.758,5051.277,2861961563.42,56662.0
WDOFUT,M30,18/05/2026,5060.344,5061.351,5049.766,5052.284,5231518896.05,103520.0
WDOFUT,M30,18/05/2026,5067.396,5067.9,5053.292,5060.344,8323929557.15,164522.0
WDOFUT,M30,18/05/2026,5065.381,5067.396,5063.87,5066.892,3463810338.27,68379.0
WDOFUT,M30,18/05/2026,5057.322,5068.403,5056.818,5065.381,5741397401.93,113396.0
WDOFUT,M30,18/05/2026,5056.314,5059.336,5054.803,5057.322,3025191860.79,59816.0
WDOFUT,M30,18/05/2026,5055.307,5059.84,5054.299,5056.314,3039722034.27,60108.0
WDOFUT,M30,18/05/2026,5060.848,5062.359,5053.292,5055.307,3379481123.06,66827.0
WDOFUT,M30,18/05/2026,5060.848,5062.359,5056.818,5060.848,3979267548.37,78650.0
WDOFUT,M30,18/05/2026,5066.892,5067.9,5056.314,5060.848,5900374940.17,116594.0
WDOFUT,M30,18/05/2026,5065.381,5072.433,5061.855,5066.388,9560465449.32,188688.0
WDOFUT,M30,18/05/2026,5069.411,5075.959,5064.877,5065.381,7620559021.06,150280.0
WDOFUT,M30,18/05/2026,5064.374,5073.944,5063.366,5068.907,9167834813.81,180869.0
WDOFUT,M30,18/05/2026,5070.418,5075.455,5063.366,5064.374,8330504518.46,164323.0
WDOFUT,M30,18/05/2026,5070.922,5072.937,5062.359,5070.418,11433701136.8,225612.0
WDOFUT,M30,18/05/2026,5088.552,5091.071,5068.907,5070.922,10882407302.78,214312.0
WDOFUT,M30,18/05/2026,5110.212,5110.212,5083.011,5088.552,13185925999.39,258855.0
WDOFUT,M30,15/05/2026,5112.73,5115.753,5108.701,5112.227,1189339657.62,23265.0
WDOFUT,M30,15/05/2026,5119.783,5119.783,5110.212,5112.73,2885301928.56,56429.0
WDOFUT,M30,15/05/2026,5122.805,5124.316,5116.76,5119.783,2455073774.24,47950.0
WDOFUT,M30,15/05/2026,5120.286,5127.338,5119.783,5122.805,3523776108.3,68771.0
WDOFUT,M30,15/05/2026,5126.835,5130.361,5120.286,5120.79,4499057497.83,87763.0
WDOFUT,M30,15/05/2026,5122.805,5132.375,5121.294,5126.835,7557970264.14,147433.0
WDOFUT,M30,15/05/2026,5115.753,5124.82,5113.234,5122.805,5580553424.91,109012.0
WDOFUT,M30,15/05/2026,5125.323,5126.331,5114.745,5116.256,6086235487.24,118867.0
WDOFUT,M30,15/05/2026,5129.353,5130.864,5122.805,5125.323,3128136492.39,61029.0
WDOFUT,M30,15/05/2026,5128.346,5131.368,5123.812,5129.353,4728361182.69,92211.0
WDOFUT,M30,15/05/2026,5130.361,5139.427,5126.835,5128.849,8437716214.76,164407.0
WDOFUT,M30,15/05/2026,5126.835,5134.894,5122.805,5130.361,7045844892.05,137399.0
WDOFUT,M30,15/05/2026,5124.316,5131.872,5120.79,5126.835,11071927693.44,215975.0
WDOFUT,M30,15/05/2026,5106.686,5125.827,5101.649,5124.316,11744265491.89,229590.0
WDOFUT,M30,15/05/2026,5124.316,5129.353,5100.641,5106.686,15760332731.33,308132.0
WDOFUT,M30,15/05/2026,5103.664,5132.879,5101.649,5123.812,20513970024.4,400777.0
WDOFUT,M30,15/05/2026,5109.708,5115.249,5102.656,5104.167,11911286972.1,233135.0
WDOFUT,M30,15/05/2026,5097.619,5113.738,5097.619,5109.708,13883791645.98,271805.0
WDOFUT,M30,15/05/2026,5078.478,5108.701,5074.448,5098.123,21860413341.58,429137.0
WDOFUT,M30,14/05/2026,5038.684,5045.736,5038.18,5044.225,951871143.68,18884.0
WDOFUT,M30,14/05/2026,5040.195,5043.217,5038.18,5038.684,3227053692.72,64030.0
WDOFUT,M30,14/05/2026,5044.729,5045.232,5038.18,5039.691,3282509651.65,65095.0
WDOFUT,M30,14/05/2026,5045.232,5048.255,5043.721,5044.729,2529275627.45,50123.0
WDOFUT,M30,14/05/2026,5045.736,5046.744,5041.203,5045.232,3639050691.38,72141.0
WDOFUT,M30,14/05/2026,5042.714,5048.255,5041.706,5045.232,3773911394.36,74793.0
WDOFUT,M30,14/05/2026,5045.736,5048.758,5039.188,5042.714,4447187139.59,88179.0
WDOFUT,M30,14/05/2026,5043.721,5046.24,5037.677,5045.736,6340597565.8,125767.0
WDOFUT,M30,14/05/2026,5046.744,5047.247,5039.691,5043.721,4709345497.43,93396.0
WDOFUT,M30,14/05/2026,5048.255,5053.292,5046.744,5046.744,5003763497.1,99091.0
WDOFUT,M30,14/05/2026,5037.173,5049.766,5035.662,5048.255,5550705662.05,110093.0
WDOFUT,M30,14/05/2026,5037.677,5046.24,5035.158,5037.173,5190589075.82,102966.0
WDOFUT,M30,14/05/2026,5037.677,5047.247,5036.669,5038.18,6420558030.9,127344.0
WDOFUT,M30,14/05/2026,5038.18,5039.691,5029.617,5037.173,7596388479.46,150876.0
WDOFUT,M30,14/05/2026,5042.21,5045.232,5031.632,5037.677,11319058744.1,224666.0
WDOFUT,M30,14/05/2026,5039.691,5054.803,5035.158,5042.714,14035194414.61,278193.0
WDOFUT,M30,14/05/2026,5040.699,5041.706,5029.617,5039.691,11859398711.75,235514.0
WDOFUT,M30,14/05/2026,5041.203,5053.292,5032.136,5040.699,11903240360.44,236053.0
WDOFUT,M30,14/05/2026,5063.366,5088.552,5031.632,5040.699,23037863226.11,455977.0
WDOFUT,M30,13/05/2026,5070.418,5076.463,5065.381,5065.381,2010116578.86,39642.0
WDOFUT,M30,13/05/2026,5071.929,5077.47,5059.336,5070.418,6508522452.89,128445.0
WDOFUT,M30,13/05/2026,5064.877,5074.448,5063.366,5071.929,6561224367.77,129457.0
WDOFUT,M30,13/05/2026,5062.359,5072.433,5057.322,5064.877,10042207501.3,198346.0
WDOFUT,M30,13/05/2026,5048.255,5062.862,5045.232,5062.359,8163060243.15,161499.0
WDOFUT,M30,13/05/2026,5047.751,5056.314,5028.61,5047.751,14930483499.06,296052.0
WDOFUT,M30,13/05/2026,5001.913,5064.374,4999.394,5047.751,31737407773.22,630481.0
WDOFUT,M30,13/05/2026,4965.645,5004.935,4965.141,5001.409,10965301387.14,220054.0
WDOFUT,M30,13/05/2026,4965.645,4968.667,4963.126,4965.645,3032607647.15,61066.0
WDOFUT,M30,13/05/2026,4963.126,4966.652,4961.615,4965.645,2317197325.94,46677.0
WDOFUT,M30,13/05/2026,4964.638,4965.141,4959.6,4963.126,4148471706.1,83605.0
WDOFUT,M30,13/05/2026,4968.667,4970.178,4963.63,4964.638,3207679139.11,64583.0
WDOFUT,M30,13/05/2026,4969.675,4970.682,4966.652,4968.667,5619888717.99,113118.0
WDOFUT,M30,13/05/2026,4972.697,4975.216,4969.171,4969.171,5378023029.18,108165.0
WDOFUT,M30,13/05/2026,4973.705,4980.253,4972.193,4972.697,9634773561.69,193650.0
WDOFUT,M30,13/05/2026,4983.779,4993.349,4972.697,4973.705,12034260113.31,241492.0
WDOFUT,M30,13/05/2026,4977.734,4984.786,4971.186,4983.779,10028187925.89,201480.0
WDOFUT,M30,13/05/2026,4967.66,4981.764,4964.134,4977.734,13614160924.25,273709.0
WDOFUT,M30,13/05/2026,4951.037,4971.69,4949.526,4967.66,11920322713.26,240217.0
WDOFUT,M30,12/05/2026,4953.052,4954.06,4949.022,4950.534,1019749360.28,20598.0
WDOFUT,M30,12/05/2026,4953.556,4954.563,4952.045,4953.052,978674514.8,19759.0
WDOFUT,M30,12/05/2026,4954.06,4955.571,4953.052,4954.06,1425725144.12,28776.0
WDOFUT,M30,12/05/2026,4954.563,4954.563,4951.037,4953.556,1897750595.4,38320.0
WDOFUT,M30,12/05/2026,4952.045,4954.563,4948.519,4954.06,2991564868.31,60420.0
WDOFUT,M30,12/05/2026,4953.052,4954.06,4950.03,4952.045,3043669278.79,61466.0
WDOFUT,M30,12/05/2026,4954.563,4956.074,4951.037,4953.052,2937032742.0,59287.0
WDOFUT,M30,12/05/2026,4952.045,4955.571,4951.037,4954.563,3260749276.37,65828.0
WDOFUT,M30,12/05/2026,4959.6,4960.104,4948.015,4951.541,6412841107.23,129441.0
WDOFUT,M30,12/05/2026,4959.097,4961.112,4956.578,4959.6,2426819657.03,48936.0
WDOFUT,M30,12/05/2026,4961.112,4962.119,4955.571,4959.097,4422935655.65,89200.0
WDOFUT,M30,12/05/2026,4973.705,4973.705,4959.097,4961.615,6465099922.17,130214.0
WDOFUT,M30,12/05/2026,4963.63,4975.719,4961.112,4973.201,8064855727.23,162287.0
WDOFUT,M30,12/05/2026,4962.119,4966.149,4960.608,4963.63,5277071586.73,106313.0
WDOFUT,M30,12/05/2026,4961.615,4964.134,4958.089,4962.119,4458708831.34,89883.0
WDOFUT,M30,12/05/2026,4957.586,4963.63,4955.571,4961.112,7036935730.01,141886.0
WDOFUT,M30,12/05/2026,4950.534,4960.104,4948.519,4958.089,9255170143.28,186816.0
WDOFUT,M30,12/05/2026,4960.608,4962.623,4950.03,4950.534,10840151693.61,218803.0
WDOFUT,M30,12/05/2026,4962.119,4968.667,4958.089,4960.608,9568030371.26,192808.0
WDOFUT,M30,11/05/2026,4952.548,4953.052,4947.511,4949.022,1141521004.79,23062.0
WDOFUT,M30,11/05/2026,4953.556,4954.563,4952.045,4952.548,780225166.02,15751.0
WDOFUT,M30,11/05/2026,4952.548,4955.067,4950.534,4953.052,2302786397.45,46492.0
WDOFUT,M30,11/05/2026,4957.082,4958.089,4952.045,4952.045,2120346166.32,42793.0
WDOFUT,M30,11/05/2026,4953.556,4959.097,4952.548,4957.082,2705734583.5,54589.0
WDOFUT,M30,11/05/2026,4956.074,4957.082,4951.541,4953.052,2919145323.02,58920.0
WDOFUT,M30,11/05/2026,4956.578,4958.089,4954.563,4956.578,3396792752.88,68533.0
WDOFUT,M30,11/05/2026,4959.6,4960.104,4955.571,4957.082,3243474297.02,65421.0
WDOFUT,M30,11/05/2026,4960.608,4963.63,4958.593,4959.6,2113464627.56,42602.0
WDOFUT,M30,11/05/2026,4961.615,4963.63,4959.097,4960.608,2828842665.53,57018.0
WDOFUT,M30,11/05/2026,4959.097,4964.134,4959.097,4962.119,3679795964.71,74170.0
WDOFUT,M30,11/05/2026,4959.6,4963.126,4957.082,4959.097,3807204598.57,76759.0
WDOFUT,M30,11/05/2026,4958.593,4962.119,4957.586,4959.6,5747788445.98,115886.0
WDOFUT,M30,11/05/2026,4950.534,4960.608,4947.511,4958.593,8342539115.3,168413.0
WDOFUT,M30,11/05/2026,4951.037,4954.06,4946.504,4951.037,6876087315.24,138891.0
WDOFUT,M30,11/05/2026,4953.052,4954.563,4947.511,4950.534,6921799069.76,139799.0
WDOFUT,M30,11/05/2026,4962.119,4963.126,4952.548,4953.556,8075740191.42,162888.0
WDOFUT,M30,11/05/2026,4956.578,4966.149,4952.548,4962.119,7730305332.09,155885.0
WDOFUT,M30,11/05/2026,4961.615,4965.141,4954.06,4957.082,8023848042.38,161749.0
WDOFUT,M30,08/05/2026,4952.548,4957.082,4951.037,4951.541,1128953575.8,22792.0
WDOFUT,M30,08/05/2026,4954.563,4955.571,4950.534,4952.045,2633097457.52,53167.0
WDOFUT,M30,08/05/2026,4958.593,4959.097,4954.06,4954.563,2028845281.26,40934.0
WDOFUT,M30,08/05/2026,4957.586,4959.097,4956.578,4958.593,1969091032.19,39714.0
WDOFUT,M30,08/05/2026,4956.578,4959.097,4954.06,4958.089,2576585097.65,51985.0
WDOFUT,M30,08/05/2026,4958.593,4960.608,4955.571,4956.578,3094869007.98,62423.0
WDOFUT,M30,08/05/2026,4960.104,4960.608,4955.571,4958.593,2998726418.48,60483.0
WDOFUT,M30,08/05/2026,4960.608,4965.645,4958.593,4960.104,3560676744.32,71756.0
WDOFUT,M30,08/05/2026,4960.104,4961.112,4958.089,4961.112,1919006694.26,38691.0
WDOFUT,M30,08/05/2026,4961.112,4963.63,4957.586,4960.104,2560246256.73,51613.0
WDOFUT,M30,08/05/2026,4961.615,4963.126,4959.6,4961.615,2691165648.98,54243.0
WDOFUT,M30,08/05/2026,4956.578,4962.119,4956.074,4961.112,3051933924.49,61539.0
WDOFUT,M30,08/05/2026,4958.593,4961.615,4955.571,4956.074,4878975719.4,98391.0
WDOFUT,M30,08/05/2026,4962.119,4963.126,4955.067,4958.593,5287101549.96,106626.0
WDOFUT,M30,08/05/2026,4958.593,4966.652,4957.082,4962.623,8177125626.61,164816.0
WDOFUT,M30,08/05/2026,4959.6,4962.623,4953.556,4958.593,8123654082.08,163882.0
WDOFUT,M30,08/05/2026,4963.126,4971.69,4957.082,4960.104,9985400522.23,201125.0
WDOFUT,M30,08/05/2026,4968.667,4976.727,4956.578,4962.623,11549233577.79,232735.0
WDOFUT,M30,08/05/2026,4976.223,4978.742,4967.66,4969.171,6884578548.08,138396.0
WDOFUT,M30,07/05/2026,4990.327,4996.875,4988.816,4996.372,1195049670.86,23940.0
WDOFUT,M30,07/05/2026,4979.749,4990.327,4975.216,4989.823,2584476000.23,51881.0
WDOFUT,M30,07/05/2026,4987.809,4989.32,4975.719,4979.749,4394791051.62,88236.0
WDOFUT,M30,07/05/2026,4986.801,4992.342,4983.275,4988.312,4983728247.75,99921.0
WDOFUT,M30,07/05/2026,4987.305,4990.327,4983.779,4987.305,3664942596.15,73482.0
WDOFUT,M30,07/05/2026,4982.268,4989.32,4980.757,4986.801,5399340636.95,108294.0
WDOFUT,M30,07/05/2026,4984.786,4987.305,4979.245,4982.268,3916743720.6,78590.0
WDOFUT,M30,07/05/2026,4992.846,4996.875,4984.283,4984.786,4514253333.7,90452.0
WDOFUT,M30,07/05/2026,4988.312,4996.372,4986.297,4992.342,4930799811.2,98796.0
WDOFUT,M30,07/05/2026,4985.29,4989.823,4984.283,4988.312,2573248519.67,51601.0
WDOFUT,M30,07/05/2026,4993.853,4995.364,4983.779,4985.794,4183399885.97,83848.0
WDOFUT,M30,07/05/2026,4988.312,4994.357,4985.29,4993.853,4514970465.93,90485.0
WDOFUT,M30,07/05/2026,4982.268,4991.838,4980.253,4988.312,6836317938.75,137150.0
WDOFUT,M30,07/05/2026,4980.253,4988.816,4977.231,4982.268,8220704259.31,164950.0
WDOFUT,M30,07/05/2026,4982.268,4987.809,4975.719,4980.253,9461147138.92,189897.0
WDOFUT,M30,07/05/2026,4972.193,4982.268,4970.682,4982.268,9604178493.94,192990.0
WDOFUT,M30,07/05/2026,4966.652,4972.697,4964.134,4972.193,7946632524.19,159957.0
WDOFUT,M30,07/05/2026,4979.749,4980.253,4960.608,4966.652,12340139504.73,248329.0
WDOFUT,M30,07/05/2026,4969.171,4985.29,4966.652,4979.749,9098204905.23,182751.0
WDOFUT,M30,06/05/2026,4990.327,4993.349,4986.297,4986.801,1132898080.1,22706.0
WDOFUT,M30,06/05/2026,4989.32,4994.861,4988.312,4990.327,1976751020.69,39601.0
WDOFUT,M30,06/05/2026,4986.801,4989.823,4985.29,4989.32,2057211500.76,41244.0
WDOFUT,M30,06/05/2026,4985.29,4989.823,4985.29,4986.801,2624323054.97,52617.0
WDOFUT,M30,06/05/2026,4990.327,4990.327,4983.275,4985.794,2887568611.02,57916.0
WDOFUT,M30,06/05/2026,4992.342,4993.349,4989.32,4989.823,4267942490.93,85513.0
WDOFUT,M30,06/05/2026,4983.779,4993.349,4982.771,4992.342,4576580641.2,91735.0
WDOFUT,M30,06/05/2026,4990.831,4992.846,4983.275,4983.275,4186565079.18,83925.0
WDOFUT,M30,06/05/2026,4997.379,4997.883,4989.823,4990.831,3502362275.41,70129.0
WDOFUT,M30,06/05/2026,4989.823,5000.402,4988.816,4997.883,4017652493.15,80447.0
WDOFUT,M30,06/05/2026,4993.853,4995.868,4989.32,4989.32,3886727257.79,77840.0
WDOFUT,M30,06/05/2026,4993.349,4995.364,4989.823,4993.853,2975772414.57,59604.0
WDOFUT,M30,06/05/2026,4989.823,4994.357,4988.816,4993.853,4817550352.96,96508.0
WDOFUT,M30,06/05/2026,4997.883,4998.387,4983.275,4989.823,8919629777.45,178761.0
WDOFUT,M30,06/05/2026,4995.868,5001.409,4989.823,4998.387,9653762716.16,193227.0
WDOFUT,M30,06/05/2026,4987.809,4996.372,4983.779,4996.372,8471742488.82,169762.0
WDOFUT,M30,06/05/2026,4993.349,4997.883,4981.764,4987.305,11683908086.7,234122.0
WDOFUT,M30,06/05/2026,4974.208,4994.861,4970.178,4993.349,13893846266.17,278756.0
WDOFUT,M30,06/05/2026,4951.541,4992.342,4950.534,4974.208,24670064318.0,495849.0
WDOFUT,M30,05/05/2026,4979.245,4979.749,4974.712,4976.223,1398400511.24,28100.0
WDOFUT,M30,05/05/2026,4980.757,4981.764,4977.734,4979.245,1731741612.13,34773.0
WDOFUT,M30,05/05/2026,4981.26,4982.771,4978.742,4980.757,1811611564.27,36371.0
WDOFUT,M30,05/05/2026,4980.757,4983.275,4979.749,4981.26,3136457781.1,62960.0
WDOFUT,M30,05/05/2026,4979.245,4981.764,4979.245,4980.253,2362206984.19,47430.0
WDOFUT,M30,05/05/2026,4975.216,4980.253,4974.712,4979.749,3177147242.55,63827.0
WDOFUT,M30,05/05/2026,4983.275,4984.283,4974.208,4975.216,5089818916.19,102232.0
WDOFUT,M30,05/05/2026,4982.771,4984.283,4980.757,4983.275,2708702818.21,54364.0
WDOFUT,M30,05/05/2026,4980.253,4984.283,4979.749,4983.275,2890792834.86,58021.0
WDOFUT,M30,05/05/2026,4983.779,4984.786,4976.727,4980.757,5140316241.85,103231.0
WDOFUT,M30,05/05/2026,4979.749,4985.29,4978.742,4984.283,4606970046.22,92491.0
WDOFUT,M30,05/05/2026,4985.29,4985.29,4978.742,4979.245,5159976095.89,103597.0
WDOFUT,M30,05/05/2026,4992.342,4993.853,4983.779,4984.786,8301323626.92,166403.0
WDOFUT,M30,05/05/2026,4991.838,4994.861,4990.831,4992.342,7283332088.86,145872.0
WDOFUT,M30,05/05/2026,4997.379,4998.387,4989.823,4991.838,12181099807.78,243896.0
WDOFUT,M30,05/05/2026,4998.387,5002.416,4995.364,4996.875,7925225431.03,158536.0
WDOFUT,M30,05/05/2026,5005.942,5006.95,4995.364,4998.387,10359786688.84,207155.0
WDOFUT,M30,05/05/2026,5006.446,5013.498,5004.935,5006.446,6305928185.8,125890.0
WDOFUT,M30,05/05/2026,5017.528,5022.061,5005.942,5006.446,12113810910.18,241525.0
WDOFUT,M30,04/05/2026,5033.647,5035.662,5031.128,5035.662,1036976421.01,20601.0
WDOFUT,M30,04/05/2026,5041.706,5043.217,5033.647,5034.151,1698643235.69,33711.0
WDOFUT,M30,04/05/2026,5039.188,5044.225,5037.173,5041.203,3019323398.24,59907.0
WDOFUT,M30,04/05/2026,5038.684,5040.699,5037.173,5039.691,2369629167.76,47029.0
WDOFUT,M30,04/05/2026,5038.18,5041.706,5035.158,5039.188,3875740256.9,76922.0
WDOFUT,M30,04/05/2026,5037.677,5042.21,5037.173,5038.18,3404137761.92,67542.0
WDOFUT,M30,04/05/2026,5039.188,5042.21,5035.158,5037.677,3317158913.18,65835.0
WDOFUT,M30,04/05/2026,5042.21,5043.721,5037.173,5039.188,3342558026.28,66311.0
WDOFUT,M30,04/05/2026,5053.292,5053.796,5038.684,5042.21,5609191092.61,111189.0
WDOFUT,M30,04/05/2026,5043.217,5054.299,5039.691,5053.292,8090378779.97,160303.0
WDOFUT,M30,04/05/2026,5038.18,5050.27,5036.669,5043.217,11488466756.22,227788.0
WDOFUT,M30,04/05/2026,5023.573,5040.699,5023.573,5038.18,9816048377.39,195031.0
WDOFUT,M30,04/05/2026,5023.573,5031.632,5018.535,5023.573,9900155332.39,197017.0
WDOFUT,M30,04/05/2026,5023.573,5024.076,5018.535,5023.573,5548208201.52,110490.0
WDOFUT,M30,04/05/2026,5028.61,5031.632,5020.55,5023.069,7851440202.39,156204.0
WDOFUT,M30,04/05/2026,5031.632,5033.143,5019.039,5028.61,7817244089.98,155564.0
WDOFUT,M30,04/05/2026,5023.573,5032.136,5023.069,5031.632,7735750712.42,153877.0
WDOFUT,M30,04/05/2026,5023.069,5027.099,5018.535,5023.573,6579432715.11,130986.0
WDOFUT,M30,04/05/2026,5033.647,5039.691,5020.55,5023.069,10564351241.05,209963.0
WDOFUT,M30,30/04/2026,5027.602,5032.136,5011.987,5017.024,1815120791.35,36119.0
WDOFUT,M30,30/04/2026,5029.113,5032.136,5026.595,5027.602,2169861157.64,43142.0
WDOFUT,M30,30/04/2026,5026.091,5030.625,5024.076,5028.61,2667429190.78,53066.0
WDOFUT,M30,30/04/2026,5029.113,5030.121,5023.573,5025.587,3012432933.6,59924.0
WDOFUT,M30,30/04/2026,5028.61,5030.625,5025.084,5029.617,4117430309.58,81893.0
WDOFUT,M30,30/04/2026,5036.165,5036.165,5027.602,5029.113,4596391771.61,91350.0
WDOFUT,M30,30/04/2026,5038.684,5039.188,5034.151,5036.165,3215234344.34,63848.0
WDOFUT,M30,30/04/2026,5041.706,5042.21,5035.158,5039.188,6140888314.29,121876.0
WDOFUT,M30,30/04/2026,5049.766,5051.277,5040.195,5041.706,5265509381.0,104374.0
WDOFUT,M30,30/04/2026,5054.299,5055.307,5047.751,5050.27,3495815063.89,69207.0
WDOFUT,M30,30/04/2026,5052.788,5059.336,5051.781,5054.299,7561276785.31,149550.0
WDOFUT,M30,30/04/2026,5048.758,5053.292,5044.225,5052.788,6001647925.51,118888.0
WDOFUT,M30,30/04/2026,5055.81,5057.825,5045.232,5048.758,10920640961.12,216128.0
WDOFUT,M30,30/04/2026,5054.299,5061.351,5047.247,5055.81,14165346902.32,280295.0
WDOFUT,M30,30/04/2026,5069.411,5072.937,5052.788,5054.299,13537514964.24,267250.0
WDOFUT,M30,30/04/2026,5060.344,5069.915,5055.307,5069.411,8342852412.34,164777.0
WDOFUT,M30,30/04/2026,5062.862,5067.396,5057.322,5059.84,11599379993.83,229116.0
WDOFUT,M30,30/04/2026,5056.818,5063.366,5049.262,5062.359,10421861286.41,206084.0
WDOFUT,M30,30/04/2026,5067.396,5067.396,5045.232,5056.818,11274194030.49,223068.0
WDOFUT,M30,29/04/2026,5073.948,5079.529,5068.874,5073.441,1618797722.2,31905.0
WDOFUT,M30,29/04/2026,5080.544,5080.544,5071.918,5073.441,2169621865.11,42741.0
WDOFUT,M30,29/04/2026,5078.007,5085.618,5073.948,5080.544,4059115074.07,79907.0
WDOFUT,M30,29/04/2026,5083.588,5085.111,5076.485,5078.514,4559167538.52,89735.0
WDOFUT,M30,29/04/2026,5085.618,5090.185,5079.022,5083.081,5996005720.16,117926.0
WDOFUT,M30,29/04/2026,5079.022,5090.692,5072.426,5085.618,13687169896.89,269301.0
WDOFUT,M30,29/04/2026,5072.426,5082.066,5070.904,5078.514,7551106160.65,148703.0
WDOFUT,M30,29/04/2026,5074.455,5076.485,5068.874,5072.426,5523931014.68,108894.0
WDOFUT,M30,29/04/2026,5079.022,5080.544,5073.441,5074.963,3807129207.05,74987.0
WDOFUT,M30,29/04/2026,5076.485,5081.051,5075.47,5079.529,3409757567.01,67145.0
WDOFUT,M30,29/04/2026,5074.963,5076.992,5072.933,5076.485,4896437712.41,96477.0
WDOFUT,M30,29/04/2026,5074.455,5081.559,5071.411,5074.963,6567176206.48,129372.0
WDOFUT,M30,29/04/2026,5071.411,5079.529,5069.889,5074.455,7193014366.65,141736.0
WDOFUT,M30,29/04/2026,5074.963,5077.5,5070.396,5071.411,6352870542.23,125204.0
WDOFUT,M30,29/04/2026,5079.022,5083.081,5069.889,5074.963,10891043165.01,214568.0
WDOFUT,M30,29/04/2026,5073.948,5080.544,5072.933,5078.514,9621488936.33,189494.0
WDOFUT,M30,29/04/2026,5069.889,5074.455,5066.337,5073.948,7558399184.47,149077.0
WDOFUT,M30,29/04/2026,5066.337,5077.5,5065.83,5069.889,9969836340.21,196570.0
WDOFUT,M30,29/04/2026,5055.682,5067.352,5054.16,5066.844,9366241469.63,185061.0
WDOFUT,M30,28/04/2026,5052.637,5055.174,5049.593,5050.1,998644464.02,19768.0
WDOFUT,M30,28/04/2026,5052.13,5055.174,5050.1,5052.637,2494996954.56,49387.0
WDOFUT,M30,28/04/2026,5058.219,5059.741,5052.13,5052.637,3228673891.34,63842.0
WDOFUT,M30,28/04/2026,5056.189,5059.233,5055.682,5058.219,2198043487.97,43460.0
WDOFUT,M30,28/04/2026,5054.16,5057.711,5053.145,5056.696,2677850372.53,52969.0
WDOFUT,M30,28/04/2026,5050.1,5054.667,5048.578,5054.16,5092704532.83,100817.0
WDOFUT,M30,28/04/2026,5060.248,5061.77,5049.593,5050.1,6011888455.78,118938.0
WDOFUT,M30,28/04/2026,5059.233,5060.756,5055.682,5060.756,2913181675.27,57597.0
WDOFUT,M30,28/04/2026,5054.667,5061.77,5054.16,5059.233,3369837165.49,66624.0
WDOFUT,M30,28/04/2026,5060.756,5062.785,5053.652,5055.174,4035144196.55,79786.0
WDOFUT,M30,28/04/2026,5063.8,5064.815,5056.696,5060.756,6738712843.23,133149.0
WDOFUT,M30,28/04/2026,5074.455,5076.485,5063.8,5063.8,5869845724.38,115784.0
WDOFUT,M30,28/04/2026,5089.17,5089.17,5071.411,5074.455,11138094876.45,219202.0
WDOFUT,M30,28/04/2026,5075.977,5093.229,5069.889,5088.662,17257134604.12,339515.0
WDOFUT,M30,28/04/2026,5063.293,5076.485,5061.263,5075.47,13550902459.86,267362.0
WDOFUT,M30,28/04/2026,5061.263,5068.874,5059.741,5063.293,7619205097.26,150488.0
WDOFUT,M30,28/04/2026,5057.204,5068.367,5056.696,5061.77,11747387496.26,232027.0
WDOFUT,M30,28/04/2026,5072.933,5078.007,5057.204,5057.204,10364561931.64,204593.0
WDOFUT,M30,28/04/2026,5073.441,5086.125,5069.889,5073.441,13394022078.97,263780.0
WDOFUT,M30,27/04/2026,5061.77,5062.278,5057.204,5060.248,965791133.28,19085.0
WDOFUT,M30,27/04/2026,5061.263,5062.278,5059.741,5061.263,1053044700.22,20806.0
WDOFUT,M30,27/04/2026,5060.756,5062.278,5058.219,5060.756,1797183940.02,35516.0
WDOFUT,M30,27/04/2026,5057.711,5061.263,5057.711,5060.756,3763493838.46,74379.0
WDOFUT,M30,27/04/2026,5054.667,5059.233,5053.652,5057.711,3072688828.85,60762.0
WDOFUT,M30,27/04/2026,5046.549,5056.696,5046.041,5055.174,5136515769.53,101661.0
WDOFUT,M30,27/04/2026,5050.1,5050.608,5045.026,5046.549,3206963325.69,63541.0
WDOFUT,M30,27/04/2026,5051.623,5052.13,5048.071,5050.1,2595220318.85,51388.0
WDOFUT,M30,27/04/2026,5052.13,5056.696,5051.115,5052.13,5062274347.1,100165.0
WDOFUT,M30,27/04/2026,5047.056,5053.652,5045.534,5052.13,4079040579.17,80778.0
WDOFUT,M30,27/04/2026,5048.071,5050.1,5047.056,5047.563,3450996164.97,68353.0
WDOFUT,M30,27/04/2026,5051.115,5053.145,5047.056,5048.578,3959254278.88,78394.0
WDOFUT,M30,27/04/2026,5046.549,5053.145,5045.534,5051.623,7107832061.35,140788.0
WDOFUT,M30,27/04/2026,5051.623,5054.667,5046.041,5047.056,7401585434.66,146560.0
WDOFUT,M30,27/04/2026,5050.608,5055.174,5050.1,5051.115,6256875755.4,123834.0
WDOFUT,M30,27/04/2026,5047.563,5055.682,5046.041,5051.115,9947600839.14,196940.0
WDOFUT,M30,27/04/2026,5052.637,5053.145,5041.982,5047.563,12539983872.27,248515.0
WDOFUT,M30,27/04/2026,5046.041,5053.145,5044.012,5052.13,6109237174.87,121010.0
WDOFUT,M30,27/04/2026,5061.77,5062.785,5043.504,5046.549,12066660128.26,238899.0
WDOFUT,M30,24/04/2026,5060.756,5071.411,5058.726,5070.396,1088931363.88,21510.0
WDOFUT,M30,24/04/2026,5072.933,5073.948,5058.219,5060.756,3966730690.4,78332.0
WDOFUT,M30,24/04/2026,5080.037,5080.544,5070.396,5073.441,4715773119.46,92921.0
WDOFUT,M30,24/04/2026,5079.529,5081.559,5076.992,5080.037,2877374012.98,56649.0
WDOFUT,M30,24/04/2026,5082.574,5082.574,5074.963,5080.037,4812709362.11,94775.0
WDOFUT,M30,24/04/2026,5089.677,5090.185,5080.544,5082.066,3870668643.31,76134.0
WDOFUT,M30,24/04/2026,5089.17,5092.722,5086.633,5090.185,3563446637.62,70019.0
WDOFUT,M30,24/04/2026,5087.648,5089.677,5083.588,5089.677,3623633376.54,71231.0
WDOFUT,M30,24/04/2026,5090.185,5091.199,5086.125,5088.155,3840695112.89,75476.0
WDOFUT,M30,24/04/2026,5086.125,5094.751,5084.096,5090.185,4649068757.45,91334.0
WDOFUT,M30,24/04/2026,5080.037,5090.692,5077.5,5086.633,8495561464.71,167129.0
WDOFUT,M30,24/04/2026,5086.125,5087.648,5078.007,5080.544,8712831283.67,171448.0
WDOFUT,M30,24/04/2026,5093.736,5094.751,5085.618,5086.125,6842513092.17,134440.0
WDOFUT,M30,24/04/2026,5101.855,5102.362,5093.736,5093.736,6351969282.23,124618.0
WDOFUT,M30,24/04/2026,5098.81,5102.869,5091.707,5101.855,11739847873.5,230311.0
WDOFUT,M30,24/04/2026,5094.751,5106.929,5093.229,5098.81,11073050806.6,217149.0
WDOFUT,M30,24/04/2026,5087.14,5096.273,5084.096,5095.258,8517908836.19,167365.0
WDOFUT,M30,24/04/2026,5081.559,5101.855,5081.559,5087.14,12025954091.87,236112.0
WDOFUT,M30,24/04/2026,5088.155,5093.229,5074.963,5082.066,15570178717.12,306361.0
WDOFUT,M30,23/04/2026,5102.362,5115.554,5097.795,5115.554,3048964413.28,59695.0
WDOFUT,M30,23/04/2026,5092.214,5106.421,5090.185,5102.869,4173154012.07,81868.0
WDOFUT,M30,23/04/2026,5085.618,5092.722,5076.992,5091.707,6010752069.03,118230.0
WDOFUT,M30,23/04/2026,5090.692,5099.825,5085.111,5085.618,7830554968.66,153770.0
WDOFUT,M30,23/04/2026,5071.411,5092.214,5069.889,5090.692,9403998578.23,185104.0
WDOFUT,M30,23/04/2026,5054.16,5072.933,5053.145,5070.904,8665855938.12,171151.0
WDOFUT,M30,23/04/2026,5061.263,5063.8,5053.145,5054.16,7394692303.9,146219.0
WDOFUT,M30,23/04/2026,5050.1,5076.485,5047.056,5061.263,22249156783.33,439244.0
WDOFUT,M30,23/04/2026,5037.923,5057.711,5036.908,5050.1,15094375826.93,298968.0
WDOFUT,M30,23/04/2026,5037.415,5039.952,5035.386,5037.923,2912262747.78,57809.0
WDOFUT,M30,23/04/2026,5035.386,5038.43,5033.864,5037.415,5105205629.31,101375.0
WDOFUT,M30,23/04/2026,5022.701,5035.893,5022.194,5035.386,10195734407.61,202754.0
WDOFUT,M30,23/04/2026,5035.386,5035.893,5020.671,5022.701,15539685583.99,309167.0
WDOFUT,M30,23/04/2026,5032.849,5040.46,5032.342,5035.893,10268931779.0,203917.0
WDOFUT,M30,23/04/2026,5034.879,5040.46,5028.79,5032.849,9637095050.46,191441.0
WDOFUT,M30,23/04/2026,5039.445,5041.475,5032.342,5035.386,8410074108.59,166977.0
WDOFUT,M30,23/04/2026,5032.849,5044.519,5032.342,5039.445,10049975603.01,199433.0
WDOFUT,M30,23/04/2026,5041.475,5044.012,5026.76,5032.849,15203128315.0,302050.0
WDOFUT,M30,23/04/2026,5047.056,5052.637,5037.415,5041.475,15087665530.8,299026.0
WDOFUT,M30,22/04/2026,5045.534,5051.115,5045.534,5048.071,1190910567.85,23588.0
WDOFUT,M30,22/04/2026,5055.682,5056.189,5042.489,5046.041,3810175828.63,75472.0
WDOFUT,M30,22/04/2026,5055.682,5059.741,5055.174,5056.189,2961546308.35,58563.0
WDOFUT,M30,22/04/2026,5054.16,5056.696,5053.145,5055.682,3164570967.79,62601.0
WDOFUT,M30,22/04/2026,5049.593,5054.667,5049.086,5054.667,3441885384.09,68134.0
WDOFUT,M30,22/04/2026,5049.086,5051.115,5048.071,5049.593,4019018941.44,79589.0
WDOFUT,M30,22/04/2026,5047.563,5049.086,5045.026,5049.086,2344465219.08,46452.0
WDOFUT,M30,22/04/2026,5047.056,5049.086,5045.026,5047.563,3315445204.9,65690.0
WDOFUT,M30,22/04/2026,5055.174,5055.682,5046.549,5047.056,4667722467.36,92407.0
WDOFUT,M30,22/04/2026,5052.637,5057.204,5051.623,5055.174,3593117978.92,71094.0
WDOFUT,M30,22/04/2026,5049.086,5053.145,5045.534,5052.637,4189542153.5,82980.0
WDOFUT,M30,22/04/2026,5049.593,5054.667,5048.071,5049.593,4425898195.83,87628.0
WDOFUT,M30,22/04/2026,5048.071,5052.637,5045.534,5049.593,6236150261.22,123510.0
WDOFUT,M30,22/04/2026,5039.952,5053.652,5038.938,5047.563,12062022286.16,238953.0
WDOFUT,M30,22/04/2026,5040.967,5042.997,5036.401,5039.952,7452832166.57,147873.0
WDOFUT,M30,22/04/2026,5042.997,5048.578,5039.952,5041.475,7978703658.54,158170.0
WDOFUT,M30,22/04/2026,5054.667,5059.233,5039.445,5043.504,13880566207.39,274947.0
WDOFUT,M30,22/04/2026,5065.322,5066.844,5053.652,5055.174,8823979958.87,174385.0
WDOFUT,M30,22/04/2026,5051.623,5072.426,5046.549,5064.815,14794087107.22,292400.0
WDOFUT,M30,20/04/2026,5049.086,5049.593,5033.864,5036.401,2042419731.16,40504.0
WDOFUT,M30,20/04/2026,5056.696,5057.711,5048.578,5049.086,2750036927.24,54423.0
WDOFUT,M30,20/04/2026,5058.219,5058.726,5056.696,5057.204,1579925968.73,31237.0
WDOFUT,M30,20/04/2026,5058.726,5059.741,5057.204,5057.711,2144124845.53,42389.0
WDOFUT,M30,20/04/2026,5061.263,5061.77,5056.189,5058.726,2613633143.08,51671.0
WDOFUT,M30,20/04/2026,5056.696,5061.77,5055.682,5060.756,4402916930.97,87043.0
WDOFUT,M30,20/04/2026,5064.815,5064.815,5054.667,5056.696,6320059523.14,124936.0
WDOFUT,M30,20/04/2026,5068.367,5069.889,5064.307,5064.307,3186181596.95,62874.0
WDOFUT,M30,20/04/2026,5068.874,5069.889,5065.322,5067.859,2059790280.23,40646.0
WDOFUT,M30,20/04/2026,5067.352,5070.396,5066.337,5068.367,2245074677.39,44294.0
WDOFUT,M30,20/04/2026,5066.844,5069.381,5065.83,5066.844,2921547940.55,57653.0
WDOFUT,M30,20/04/2026,5065.322,5068.367,5061.77,5066.844,3618723652.02,71445.0
WDOFUT,M30,20/04/2026,5068.874,5071.411,5062.785,5064.815,6574402837.69,129742.0
WDOFUT,M30,20/04/2026,5067.352,5073.948,5065.322,5068.874,6489529206.01,128027.0
WDOFUT,M30,20/04/2026,5064.815,5071.918,5064.307,5067.352,6461364324.92,127486.0
WDOFUT,M30,20/04/2026,5059.233,5067.352,5057.711,5065.322,6171419938.94,121908.0
WDOFUT,M30,20/04/2026,5068.367,5072.933,5057.711,5059.233,7292895650.44,143943.0
WDOFUT,M30,20/04/2026,5070.396,5071.918,5065.322,5068.367,3529134815.77,69629.0
WDOFUT,M30,20/04/2026,5063.8,5071.411,5062.785,5070.396,6617140817.7,130587.0
WDOFUT,M30,17/04/2026,5064.815,5068.367,5063.8,5063.8,1045029237.55,20628.0
WDOFUT,M30,17/04/2026,5065.322,5065.83,5063.8,5064.815,1910201284.27,37717.0
WDOFUT,M30,17/04/2026,5069.381,5071.918,5063.8,5065.322,4320442469.9,85262.0
WDOFUT,M30,17/04/2026,5069.381,5069.889,5066.337,5069.381,3260035572.73,64327.0
WDOFUT,M30,17/04/2026,5072.426,5073.441,5066.844,5069.381,3693174481.36,72851.0
WDOFUT,M30,17/04/2026,5075.47,5078.514,5071.411,5072.426,5501198698.0,108387.0
WDOFUT,M30,17/04/2026,5072.426,5077.5,5071.918,5075.47,2986791188.23,58856.0
WDOFUT,M30,17/04/2026,5074.455,5076.992,5072.426,5072.426,2540814212.09,50070.0
WDOFUT,M30,17/04/2026,5070.904,5078.514,5070.396,5073.948,6866455900.61,135302.0
WDOFUT,M30,17/04/2026,5069.381,5072.426,5067.859,5070.904,2666592961.58,52594.0
WDOFUT,M30,17/04/2026,5067.859,5070.396,5065.83,5069.381,3742314469.49,73849.0
WDOFUT,M30,17/04/2026,5073.948,5074.963,5066.337,5067.859,6398888931.05,126223.0
WDOFUT,M30,17/04/2026,5064.307,5078.007,5061.263,5073.948,15181809168.92,299372.0
WDOFUT,M30,17/04/2026,5051.623,5065.83,5050.1,5064.307,14642649032.71,289471.0
WDOFUT,M30,17/04/2026,5047.563,5053.652,5044.519,5051.623,11148786648.77,220820.0
WDOFUT,M30,17/04/2026,5049.593,5057.204,5046.041,5048.071,12383842511.9,245143.0
WDOFUT,M30,17/04/2026,5040.967,5052.637,5035.893,5049.593,19535177897.42,387459.0
WDOFUT,M30,17/04/2026,5049.086,5051.623,5038.938,5040.967,19874192159.72,393824.0
WDOFUT,M30,17/04/2026,5073.441,5073.441,5047.056,5049.593,19929057250.73,393955.0
WDOFUT,M30,16/04/2026,5080.037,5081.051,5077.5,5080.037,1118083269.92,22013.0
WDOFUT,M30,16/04/2026,5082.066,5082.574,5079.022,5080.544,1753788716.3,34520.0
WDOFUT,M30,16/04/2026,5080.544,5083.081,5079.529,5082.066,1549918772.66,30501.0
WDOFUT,M30,16/04/2026,5081.051,5081.051,5078.007,5080.544,2342118913.94,46106.0
WDOFUT,M30,16/04/2026,5081.559,5081.559,5078.007,5081.051,3566476748.58,70205.0
WDOFUT,M30,16/04/2026,5082.066,5084.603,5079.022,5081.559,4637510207.68,91267.0
WDOFUT,M30,16/04/2026,5088.662,5090.185,5079.529,5082.574,5629946518.84,110731.0
WDOFUT,M30,16/04/2026,5093.229,5093.736,5088.662,5088.662,3653238112.13,71757.0
WDOFUT,M30,16/04/2026,5094.244,5098.81,5092.214,5093.229,3847897876.25,75515.0
WDOFUT,M30,16/04/2026,5088.155,5096.273,5088.155,5093.736,5443403437.58,106883.0
WDOFUT,M30,16/04/2026,5090.185,5090.692,5084.096,5088.662,4596639049.81,90362.0
WDOFUT,M30,16/04/2026,5097.795,5098.303,5088.662,5090.185,5414311632.46,106331.0
WDOFUT,M30,16/04/2026,5099.825,5100.84,5094.244,5097.795,7715782413.9,151377.0
WDOFUT,M30,16/04/2026,5094.751,5102.869,5091.199,5099.318,9334173129.37,183161.0
WDOFUT,M30,16/04/2026,5084.096,5097.288,5081.559,5094.751,11030112811.56,216763.0
WDOFUT,M30,16/04/2026,5081.051,5088.155,5075.47,5084.096,14524499369.84,285823.0
WDOFUT,M30,16/04/2026,5081.559,5083.081,5075.977,5081.051,7267571185.68,143085.0
WDOFUT,M30,16/04/2026,5081.051,5082.066,5072.933,5082.066,7485023042.67,147422.0
WDOFUT,M30,16/04/2026,5084.096,5084.603,5072.933,5080.544,9853295976.33,193963.0
WDOFUT,M30,15/04/2026,5082.066,5083.081,5078.514,5080.037,758196323.28,14924.0
WDOFUT,M30,15/04/2026,5082.574,5083.588,5079.529,5082.574,1695485234.04,33367.0
WDOFUT,M30,15/04/2026,5080.544,5083.588,5080.037,5082.574,1772945569.04,34887.0
WDOFUT,M30,15/04/2026,5080.544,5082.066,5078.007,5080.544,3606384338.37,70999.0
WDOFUT,M30,15/04/2026,5079.529,5082.066,5078.514,5080.544,2797136640.33,55056.0
WDOFUT,M30,15/04/2026,5083.081,5083.081,5078.514,5079.022,3322645669.76,65395.0
WDOFUT,M30,15/04/2026,5085.111,5087.648,5080.037,5083.081,4224856988.3,83109.0
WDOFUT,M30,15/04/2026,5084.603,5086.633,5082.574,5085.111,2949361907.41,58007.0
WDOFUT,M30,15/04/2026,5083.588,5087.14,5081.559,5084.603,2626134401.92,51659.0
WDOFUT,M30,15/04/2026,5081.051,5087.14,5081.051,5083.081,2824737181.71,55560.0
WDOFUT,M30,15/04/2026,5086.633,5087.14,5080.544,5081.051,2988949884.15,58793.0
WDOFUT,M30,15/04/2026,5083.588,5088.662,5082.066,5086.125,5080323470.74,99895.0
WDOFUT,M30,15/04/2026,5081.051,5084.096,5076.992,5083.081,6757452911.73,133001.0
WDOFUT,M30,15/04/2026,5077.5,5085.111,5076.485,5081.559,7755331468.39,152636.0
WDOFUT,M30,15/04/2026,5080.544,5084.096,5075.977,5077.5,6848574607.94,134822.0
WDOFUT,M30,15/04/2026,5074.963,5085.618,5073.441,5080.544,9741072973.84,191747.0
WDOFUT,M30,15/04/2026,5082.574,5083.081,5072.933,5074.455,8690559595.2,171144.0
WDOFUT,M30,15/04/2026,5087.648,5089.677,5077.5,5082.066,9937131660.92,195529.0
WDOFUT,M30,15/04/2026,5084.096,5091.199,5078.514,5088.155,8446130703.84,166046.0
WDOFUT,M30,14/04/2026,5078.514,5081.051,5075.977,5075.977,1230712046.17,24231.0
WDOFUT,M30,14/04/2026,5083.588,5084.096,5078.007,5078.514,2743621432.57,54004.0
WDOFUT,M30,14/04/2026,5083.081,5084.603,5081.559,5084.096,2349588653.21,46223.0
WDOFUT,M30,14/04/2026,5081.051,5084.603,5080.037,5083.588,3523223179.34,69320.0
WDOFUT,M30,14/04/2026,5082.066,5083.588,5078.514,5080.544,3440177731.69,67701.0
WDOFUT,M30,14/04/2026,5084.603,5085.111,5081.559,5081.559,3952129248.4,77744.0
WDOFUT,M30,14/04/2026,5078.514,5087.14,5076.992,5084.603,6724328540.83,132316.0
WDOFUT,M30,14/04/2026,5076.485,5081.051,5074.455,5078.514,3186525260.52,62758.0
WDOFUT,M30,14/04/2026,5078.007,5080.544,5073.948,5076.485,3694805933.2,72772.0
WDOFUT,M30,14/04/2026,5076.485,5081.559,5076.485,5078.007,3544052349.49,69778.0
WDOFUT,M30,14/04/2026,5077.5,5080.544,5074.963,5076.485,4057588120.18,79911.0
WDOFUT,M30,14/04/2026,5068.367,5079.529,5066.844,5077.5,6616415912.91,130409.0
WDOFUT,M30,14/04/2026,5064.815,5072.426,5062.785,5068.874,9265260732.36,182854.0
WDOFUT,M30,14/04/2026,5071.411,5072.426,5062.278,5064.815,8008467985.02,158045.0
WDOFUT,M30,14/04/2026,5063.8,5072.933,5061.77,5071.411,11666264511.66,230208.0
WDOFUT,M30,14/04/2026,5072.426,5075.977,5062.278,5063.8,8844437873.32,174587.0
WDOFUT,M30,14/04/2026,5065.83,5075.47,5064.815,5071.918,9424514523.43,185892.0
WDOFUT,M30,14/04/2026,5072.933,5079.529,5065.83,5066.337,11285580954.4,222447.0
WDOFUT,M30,14/04/2026,5065.322,5082.574,5064.307,5072.933,13480845471.54,265738.0
WDOFUT,M30,13/04/2026,5088.662,5095.766,5085.618,5091.707,1595161496.92,31340.0
WDOFUT,M30,13/04/2026,5093.736,5094.244,5087.648,5089.17,1900340883.4,37334.0
WDOFUT,M30,13/04/2026,5090.692,5095.766,5088.155,5093.736,2863011041.46,56216.0
WDOFUT,M30,13/04/2026,5089.17,5092.722,5087.648,5090.692,4046529628.28,79503.0
WDOFUT,M30,13/04/2026,5090.692,5092.722,5087.14,5089.677,3887079734.2,76365.0
WDOFUT,M30,13/04/2026,5094.244,5095.258,5089.17,5090.185,6282735856.54,123381.0
WDOFUT,M30,13/04/2026,5088.155,5095.766,5085.111,5094.244,5695966197.25,111908.0
WDOFUT,M30,13/04/2026,5083.081,5089.17,5081.051,5087.648,5340505158.98,105013.0
WDOFUT,M30,13/04/2026,5088.155,5089.17,5075.977,5082.574,9747215733.66,191769.0
WDOFUT,M30,13/04/2026,5112.51,5113.017,5085.111,5088.155,18119450053.68,355494.0
WDOFUT,M30,13/04/2026,5116.569,5118.599,5108.451,5112.003,7563044607.04,147906.0
WDOFUT,M30,13/04/2026,5121.643,5124.18,5114.54,5116.062,5133335439.27,100287.0
WDOFUT,M30,13/04/2026,5118.599,5123.673,5116.569,5121.643,6615691069.01,129210.0
WDOFUT,M30,13/04/2026,5123.673,5128.239,5117.076,5118.599,7669737899.32,149741.0
WDOFUT,M30,13/04/2026,5122.15,5129.254,5119.106,5123.673,8609213651.18,168035.0
WDOFUT,M30,13/04/2026,5120.121,5130.776,5114.54,5122.15,14260512677.31,278409.0
WDOFUT,M30,13/04/2026,5117.584,5125.702,5112.51,5120.628,9187394192.32,179458.0
WDOFUT,M30,13/04/2026,5121.136,5130.269,5117.584,5118.091,12428245939.21,242555.0
WDOFUT,M30,13/04/2026,5123.165,5135.343,5110.988,5120.628,15088719080.28,294634.0
WDOFUT,M30,10/04/2026,5099.825,5108.451,5096.273,5108.451,1524647234.26,29892.0
WDOFUT,M30,10/04/2026,5106.929,5106.929,5098.303,5099.825,2956603907.6,57944.0
WDOFUT,M30,10/04/2026,5105.914,5109.973,5105.406,5106.929,3116155042.17,61012.0
WDOFUT,M30,10/04/2026,5103.377,5106.929,5102.362,5106.421,3263545166.69,63937.0
WDOFUT,M30,10/04/2026,5106.929,5107.436,5099.825,5103.377,4878948255.37,95604.0
WDOFUT,M30,10/04/2026,5109.973,5110.48,5105.406,5106.929,4589836387.54,89861.0
WDOFUT,M30,10/04/2026,5119.106,5122.15,5108.958,5109.466,4748117269.39,92820.0
WDOFUT,M30,10/04/2026,5123.165,5124.18,5114.032,5119.613,5237004973.17,102328.0
WDOFUT,M30,10/04/2026,5120.628,5126.21,5120.121,5122.658,3345068830.8,65300.0
WDOFUT,M30,10/04/2026,5125.195,5128.239,5117.076,5120.628,4984943950.84,97299.0
WDOFUT,M30,10/04/2026,5121.136,5125.702,5117.584,5125.702,4786091431.33,93435.0
WDOFUT,M30,10/04/2026,5113.525,5124.687,5111.495,5121.643,6581975106.23,128574.0
WDOFUT,M30,10/04/2026,5118.599,5124.18,5109.466,5113.525,11943406459.4,233482.0
WDOFUT,M30,10/04/2026,5105.914,5124.687,5104.392,5119.106,15916225187.09,311074.0
WDOFUT,M30,10/04/2026,5115.554,5118.599,5101.855,5105.914,13326656480.06,260841.0
WDOFUT,M30,10/04/2026,5115.554,5119.106,5107.436,5115.554,11628187566.76,227411.0
WDOFUT,M30,10/04/2026,5122.15,5127.732,5115.047,5115.554,14862513602.67,290230.0
WDOFUT,M30,10/04/2026,5152.087,5154.624,5122.15,5122.658,24018749731.13,467935.0
WDOFUT,M30,10/04/2026,5162.742,5164.772,5146.505,5152.087,10049639956.28,195085.0
WDOFUT,M30,09/04/2026,5155.638,5159.698,5154.116,5157.161,1657789713.02,32147.0
WDOFUT,M30,09/04/2026,5156.653,5159.19,5155.131,5156.146,2493011229.53,48340.0
WDOFUT,M30,09/04/2026,5161.22,5164.772,5156.653,5157.161,4292547639.54,83172.0
WDOFUT,M30,09/04/2026,5163.757,5164.264,5160.205,5161.22,3393197768.85,65735.0
WDOFUT,M30,09/04/2026,5168.323,5169.846,5161.727,5164.264,3715238193.78,71938.0
WDOFUT,M30,09/04/2026,5168.323,5171.368,5165.279,5167.816,6179104493.95,119559.0
WDOFUT,M30,09/04/2026,5160.712,5170.353,5160.205,5168.323,6290188095.77,121774.0
WDOFUT,M30,09/04/2026,5160.712,5164.264,5156.146,5160.712,6502278875.2,126001.0
WDOFUT,M30,09/04/2026,5171.875,5172.89,5160.205,5161.22,6579229821.34,127369.0
WDOFUT,M30,09/04/2026,5169.846,5172.89,5167.816,5172.383,3746085965.43,72451.0
WDOFUT,M30,09/04/2026,5168.831,5177.456,5165.786,5169.338,11589238907.45,224107.0
WDOFUT,M30,09/04/2026,5175.427,5176.949,5167.309,5169.338,8168231438.93,157988.0
WDOFUT,M30,09/04/2026,5181.516,5185.575,5170.86,5175.427,9583151510.16,185093.0
WDOFUT,M30,09/04/2026,5182.53,5188.112,5177.964,5181.008,8659299139.07,167095.0
WDOFUT,M30,09/04/2026,5177.964,5183.545,5171.368,5182.023,9773342536.73,188757.0
WDOFUT,M30,09/04/2026,5188.112,5188.619,5172.383,5177.456,15466694016.99,298686.0
WDOFUT,M30,09/04/2026,5194.2,5197.245,5184.56,5188.619,9959724804.29,191853.0
WDOFUT,M30,09/04/2026,5201.811,5205.871,5193.186,5194.708,11216282820.65,215719.0
WDOFUT,M30,09/04/2026,5197.245,5205.363,5193.693,5201.304,7523420605.27,144688.0
WDOFUT,M30,08/04/2026,5199.782,5201.304,5195.215,5200.289,1325478922.38,25498.0
WDOFUT,M30,08/04/2026,5199.274,5200.797,5194.708,5199.782,3020260917.39,58108.0
WDOFUT,M30,08/04/2026,5202.826,5204.348,5197.752,5199.274,3505613723.43,67389.0
WDOFUT,M30,08/04/2026,5211.452,5211.959,5201.304,5202.826,5547537927.77,106572.0
WDOFUT,M30,08/04/2026,5215.511,5219.57,5207.9,5211.959,6534338336.05,125352.0
WDOFUT,M30,08/04/2026,5208.915,5216.018,5204.856,5215.511,7914977140.75,151876.0
WDOFUT,M30,08/04/2026,5195.215,5210.437,5195.215,5208.915,8454233925.51,162461.0
WDOFUT,M30,08/04/2026,5198.26,5201.304,5193.693,5195.215,4549887267.48,87540.0
WDOFUT,M30,08/04/2026,5192.171,5201.304,5189.127,5197.752,4811313341.45,92615.0
WDOFUT,M30,08/04/2026,5200.797,5202.319,5191.156,5191.664,4804946424.75,92478.0
WDOFUT,M30,08/04/2026,5193.186,5202.319,5191.156,5201.304,5564072198.89,107074.0
WDOFUT,M30,08/04/2026,5201.304,5201.811,5191.156,5192.678,5251392167.72,101077.0
WDOFUT,M30,08/04/2026,5203.334,5205.363,5195.723,5201.304,9849912566.38,189386.0
WDOFUT,M30,08/04/2026,5198.767,5208.915,5196.737,5202.826,13128489689.39,252347.0
WDOFUT,M30,08/04/2026,5187.604,5199.782,5184.053,5199.274,13525754071.25,260528.0
WDOFUT,M30,08/04/2026,5175.427,5191.664,5172.89,5187.604,16709896727.6,322399.0
WDOFUT,M30,08/04/2026,5174.412,5177.964,5163.757,5175.427,19167356463.25,370604.0
WDOFUT,M30,08/04/2026,5192.678,5193.186,5173.397,5174.412,14010445660.7,270227.0
WDOFUT,M30,08/04/2026,5193.186,5201.304,5169.846,5192.171,30307863433.65,584080.0
WDOFUT,M30,07/04/2026,5256.61,5258.132,5252.043,5253.566,1050642855.65,19995.0
WDOFUT,M30,07/04/2026,5255.088,5258.132,5252.043,5256.61,2324446733.88,44226.0
WDOFUT,M30,07/04/2026,5256.61,5258.132,5251.536,5255.088,3301868218.36,62841.0
WDOFUT,M30,07/04/2026,5263.206,5266.758,5253.058,5256.61,7798076795.48,148294.0
WDOFUT,M30,07/04/2026,5270.817,5272.339,5259.147,5263.206,6437819983.76,122249.0
WDOFUT,M30,07/04/2026,5264.221,5272.339,5261.177,5271.324,4576209930.01,86870.0
WDOFUT,M30,07/04/2026,5264.728,5266.758,5261.684,5264.221,3063456095.63,58191.0
WDOFUT,M30,07/04/2026,5272.847,5272.847,5263.206,5264.221,5079702302.82,96449.0
WDOFUT,M30,07/04/2026,5274.369,5276.398,5268.788,5272.847,3579764997.04,67895.0
WDOFUT,M30,07/04/2026,5268.28,5274.876,5265.743,5273.861,3490940266.9,66238.0
WDOFUT,M30,07/04/2026,5263.206,5272.339,5256.61,5267.773,7934675495.35,150679.0
WDOFUT,M30,07/04/2026,5262.699,5268.28,5260.669,5263.206,3384766003.98,64296.0
WDOFUT,M30,07/04/2026,5265.743,5271.324,5259.654,5262.699,7018319968.56,133273.0
WDOFUT,M30,07/04/2026,5265.743,5268.28,5254.58,5265.236,8533170008.11,162179.0
WDOFUT,M30,07/04/2026,5269.802,5275.891,5264.221,5265.743,9297982820.37,176412.0
WDOFUT,M30,07/04/2026,5260.669,5271.324,5256.61,5269.802,10378282921.89,197102.0
WDOFUT,M30,07/04/2026,5259.654,5261.177,5254.58,5260.162,5088018072.17,96770.0
WDOFUT,M30,07/04/2026,5253.566,5263.714,5248.999,5259.654,9411161186.36,179027.0
WDOFUT,M30,07/04/2026,5246.462,5260.162,5238.344,5253.566,14034075553.69,267345.0
WDOFUT,M30,06/04/2026,5248.999,5250.014,5243.925,5244.433,1116920498.64,21289.0
WDOFUT,M30,06/04/2026,5248.999,5250.014,5247.477,5248.492,855249687.87,16294.0
WDOFUT,M30,06/04/2026,5251.536,5252.043,5247.984,5249.507,1483476748.97,28256.0
WDOFUT,M30,06/04/2026,5252.551,5253.566,5249.507,5251.029,2233555004.21,42531.0
WDOFUT,M30,06/04/2026,5250.014,5253.566,5247.477,5252.043,2301290920.14,43825.0
WDOFUT,M30,06/04/2026,5248.492,5254.073,5247.477,5250.014,3738378481.24,71204.0
WDOFUT,M30,06/04/2026,5257.117,5259.147,5247.984,5248.492,4437290756.46,84477.0
WDOFUT,M30,06/04/2026,5255.088,5259.654,5253.566,5257.117,2989723666.28,56872.0
WDOFUT,M30,06/04/2026,5258.132,5264.728,5254.073,5255.088,6167973703.37,117268.0
WDOFUT,M30,06/04/2026,5258.64,5260.162,5255.595,5258.64,3255245913.04,61914.0
WDOFUT,M30,06/04/2026,5259.147,5259.654,5254.073,5258.64,3425077053.82,65149.0
WDOFUT,M30,06/04/2026,5258.132,5260.669,5255.088,5258.64,2698428986.06,51326.0
WDOFUT,M30,06/04/2026,5258.132,5264.728,5255.595,5258.132,7661509376.5,145658.0
WDOFUT,M30,06/04/2026,5246.97,5260.669,5243.418,5257.625,10414502928.71,198329.0
WDOFUT,M30,06/04/2026,5253.566,5259.654,5246.462,5247.477,9400500552.87,178924.0
WDOFUT,M30,06/04/2026,5254.58,5256.103,5248.492,5253.566,7032103708.33,133882.0
WDOFUT,M30,06/04/2026,5256.61,5263.714,5252.043,5254.58,9565769864.37,181921.0
WDOFUT,M30,06/04/2026,5258.132,5262.699,5253.058,5257.117,5548142960.54,105510.0
WDOFUT,M30,06/04/2026,5253.058,5264.221,5252.551,5257.625,8539887544.76,162424.0
WDOFUT,M30,02/04/2026,5263.714,5269.295,5263.206,5266.251,1453515619.28,27601.0
WDOFUT,M30,02/04/2026,5264.728,5265.236,5262.191,5263.714,1334793041.73,25359.0
WDOFUT,M30,02/04/2026,5264.728,5266.758,5263.714,5265.236,2554394166.89,48516.0
WDOFUT,M30,02/04/2026,5268.788,5271.832,5264.728,5265.236,3846315068.35,73004.0
WDOFUT,M30,02/04/2026,5266.251,5269.295,5261.177,5268.28,3134457898.72,59528.0
WDOFUT,M30,02/04/2026,5269.802,5272.847,5262.191,5266.251,4751579244.35,90205.0
WDOFUT,M30,02/04/2026,5267.773,5272.339,5262.191,5269.802,4309767761.27,81810.0
WDOFUT,M30,02/04/2026,5262.191,5269.295,5261.684,5268.28,3989566967.2,75763.0
WDOFUT,M30,02/04/2026,5268.788,5271.324,5260.162,5262.191,3910553050.24,74266.0
WDOFUT,M30,02/04/2026,5267.265,5268.788,5262.699,5268.788,3662889268.46,69566.0
WDOFUT,M30,02/04/2026,5266.758,5271.324,5264.221,5267.265,3721854393.54,70657.0
WDOFUT,M30,02/04/2026,5258.64,5267.265,5256.61,5266.251,4563575485.11,86725.0
WDOFUT,M30,02/04/2026,5264.221,5267.265,5257.625,5259.147,9609716783.51,182599.0
WDOFUT,M30,02/04/2026,5272.847,5273.354,5245.447,5264.221,20908226141.99,397566.0
WDOFUT,M30,02/04/2026,5267.265,5274.369,5265.236,5272.339,7994272382.75,151717.0
WDOFUT,M30,02/04/2026,5277.921,5279.443,5262.699,5267.265,13671995814.21,259370.0
WDOFUT,M30,02/04/2026,5285.024,5292.635,5275.891,5277.921,12004372120.36,227120.0
WDOFUT,M30,02/04/2026,5289.083,5290.098,5277.413,5285.024,10097714968.41,191098.0
WDOFUT,M30,02/04/2026,5297.202,5302.783,5285.532,5289.083,13560280678.39,256241.0
WDOFUT,M30,01/04/2026,5263.714,5264.221,5261.177,5262.699,904081266.23,17179.0
WDOFUT,M30,01/04/2026,5260.669,5264.728,5260.669,5263.206,1834571918.9,34862.0
WDOFUT,M30,01/04/2026,5266.251,5266.758,5258.64,5260.669,2741701080.28,52098.0
WDOFUT,M30,01/04/2026,5265.743,5267.265,5261.684,5266.251,4137843459.68,78598.0
WDOFUT,M30,01/04/2026,5268.788,5272.339,5265.236,5265.743,3585210560.9,68047.0
WDOFUT,M30,01/04/2026,5271.324,5271.832,5261.177,5268.28,7773449886.94,147591.0
WDOFUT,M30,01/04/2026,5264.221,5272.847,5262.699,5270.817,7001666556.07,132904.0
WDOFUT,M30,01/04/2026,5261.684,5265.236,5259.147,5263.714,4553162028.98,86528.0
WDOFUT,M30,01/04/2026,5258.132,5262.191,5256.103,5262.191,4988022766.62,94839.0
WDOFUT,M30,01/04/2026,5263.206,5265.743,5256.61,5258.132,5966778668.96,113425.0
WDOFUT,M30,01/04/2026,5259.147,5266.251,5258.132,5263.714,6260749963.26,118976.0
WDOFUT,M30,01/04/2026,5266.251,5267.773,5259.147,5259.654,4508221250.29,85650.0
WDOFUT,M30,01/04/2026,5262.191,5267.265,5258.132,5266.758,8594311963.39,163321.0
WDOFUT,M30,01/04/2026,5268.28,5272.339,5260.669,5262.699,10545783030.11,200243.0
WDOFUT,M30,01/04/2026,5277.413,5283.502,5266.758,5268.28,11508985957.78,218174.0
WDOFUT,M30,01/04/2026,5277.921,5286.546,5269.295,5277.413,10914034293.63,206824.0
WDOFUT,M30,01/04/2026,5279.443,5284.517,5270.817,5277.921,13930058149.93,263935.0
WDOFUT,M30,01/04/2026,5269.802,5283.502,5258.64,5279.443,17530814196.35,332517.0
WDOFUT,M30,01/04/2026,5264.728,5273.354,5259.654,5269.802,15111403407.56,286896.0
WDOFUT,M30,31/03/2026,5291.113,5292.128,5285.024,5288.069,1083656244.08,20494.0
WDOFUT,M30,31/03/2026,5292.635,5293.65,5286.039,5291.113,1857635544.09,35113.0
WDOFUT,M30,31/03/2026,5288.069,5293.65,5286.039,5292.635,3678647012.45,69546.0
WDOFUT,M30,31/03/2026,5299.739,5300.246,5287.054,5288.069,4978606853.73,94082.0
WDOFUT,M30,31/03/2026,5301.261,5303.29,5297.709,5300.246,3594258150.83,67810.0
WDOFUT,M30,31/03/2026,5298.216,5303.798,5294.665,5301.768,5987131375.1,112963.0
WDOFUT,M30,31/03/2026,5299.739,5301.261,5292.635,5298.216,5095935039.36,96210.0
WDOFUT,M30,31/03/2026,5296.187,5302.783,5291.113,5300.246,7472145540.44,141063.0
WDOFUT,M30,31/03/2026,5304.305,5305.32,5289.591,5296.694,9903522585.93,186978.0
WDOFUT,M30,31/03/2026,5321.049,5322.571,5293.65,5303.798,17236008009.29,324891.0
WDOFUT,M30,31/03/2026,5322.571,5324.601,5316.483,5321.049,7059923845.11,132688.0
WDOFUT,M30,31/03/2026,5322.571,5327.645,5318.512,5322.571,5354135219.02,100578.0
WDOFUT,M30,31/03/2026,5330.69,5333.227,5317.497,5322.064,12749367345.31,239423.0
WDOFUT,M30,31/03/2026,5314.96,5338.301,5307.35,5330.69,17269874683.54,324456.0
WDOFUT,M30,31/03/2026,5324.094,5324.601,5313.946,5315.468,13778426905.15,259043.0
WDOFUT,M30,31/03/2026,5339.823,5344.897,5322.571,5324.094,14357700197.08,269255.0
WDOFUT,M30,31/03/2026,5341.852,5345.912,5329.675,5339.315,12911013873.22,241868.0
WDOFUT,M30,31/03/2026,5337.793,5347.434,5329.167,5341.852,11211085697.57,210031.0
WDOFUT,M30,31/03/2026,5337.793,5347.434,5329.675,5337.286,17141255010.32,321106.0
WDOFUT,M30,30/03/2026,5362.65,5367.753,5360.098,5363.67,1299586849.84,24235.0
WDOFUT,M30,30/03/2026,5361.629,5365.201,5357.037,5362.65,1563085271.68,29160.0
WDOFUT,M30,30/03/2026,5355.506,5362.139,5354.995,5361.629,2440509896.12,45546.0
WDOFUT,M30,30/03/2026,5370.814,5370.814,5354.995,5356.016,4592616278.83,85631.0
WDOFUT,M30,30/03/2026,5360.098,5376.938,5359.078,5370.814,6431371161.46,119806.0
WDOFUT,M30,30/03/2026,5363.16,5363.16,5357.037,5360.098,3173926804.61,59214.0
WDOFUT,M30,30/03/2026,5360.609,5366.732,5356.016,5363.16,5508230149.37,102731.0
WDOFUT,M30,30/03/2026,5364.181,5368.263,5351.934,5361.119,7359949412.57,137321.0
WDOFUT,M30,30/03/2026,5357.037,5368.263,5352.954,5363.67,7050557644.31,131518.0
WDOFUT,M30,30/03/2026,5356.526,5359.078,5351.934,5357.037,4522375252.27,84448.0
WDOFUT,M30,30/03/2026,5346.32,5357.037,5344.279,5356.526,7127648931.61,133231.0
WDOFUT,M30,30/03/2026,5352.954,5353.975,5343.259,5345.81,5320430751.74,99515.0
WDOFUT,M30,30/03/2026,5342.238,5359.078,5340.197,5352.954,8841001028.09,165227.0
WDOFUT,M30,30/03/2026,5357.547,5359.588,5342.238,5342.748,9149092018.28,170994.0
WDOFUT,M30,30/03/2026,5351.934,5361.119,5344.79,5357.547,11981610958.83,223887.0
WDOFUT,M30,30/03/2026,5344.279,5356.016,5338.666,5351.934,11267360688.23,210672.0
WDOFUT,M30,30/03/2026,5336.625,5344.79,5332.032,5344.79,9923583782.61,185911.0
WDOFUT,M30,30/03/2026,5349.892,5350.403,5333.053,5336.625,10942599297.33,204879.0
WDOFUT,M30,30/03/2026,5340.707,5360.609,5340.707,5349.892,14131049916.98,264017.0
WDOFUT,M30,27/03/2026,5349.382,5352.954,5347.341,5349.382,1041745178.96,19470.0
WDOFUT,M30,27/03/2026,5349.382,5354.485,5347.851,5348.872,1856104332.89,34685.0
WDOFUT,M30,27/03/2026,5348.362,5352.954,5343.259,5349.892,4996537963.14,93413.0
WDOFUT,M30,27/03/2026,5352.954,5359.078,5346.831,5348.362,3906788414.27,72975.0
WDOFUT,M30,27/03/2026,5354.995,5358.057,5348.872,5352.954,4390608063.79,82019.0
WDOFUT,M30,27/03/2026,5357.037,5358.567,5346.831,5354.995,5961785991.89,111384.0
WDOFUT,M30,27/03/2026,5357.547,5363.67,5353.465,5357.037,5629281162.33,105051.0
WDOFUT,M30,27/03/2026,5362.139,5363.16,5351.423,5358.057,6062352371.66,113193.0
WDOFUT,M30,27/03/2026,5347.851,5364.181,5346.32,5362.139,8560880178.0,159837.0
WDOFUT,M30,27/03/2026,5346.831,5355.506,5343.259,5347.851,6195186119.68,115818.0
WDOFUT,M30,27/03/2026,5341.728,5349.892,5336.625,5346.831,7368520528.19,137896.0
WDOFUT,M30,27/03/2026,5334.584,5343.769,5329.991,5342.238,5810342221.36,108844.0
WDOFUT,M30,27/03/2026,5343.259,5344.279,5327.44,5335.094,13354388864.12,250335.0
WDOFUT,M30,27/03/2026,5351.423,5358.057,5340.707,5343.769,8306243916.33,155241.0
WDOFUT,M30,27/03/2026,5352.954,5356.016,5346.32,5351.934,10687140834.14,199698.0
WDOFUT,M30,27/03/2026,5368.263,5372.856,5343.259,5352.954,16599914105.49,309910.0
WDOFUT,M30,27/03/2026,5360.098,5370.814,5359.588,5368.263,10161225333.13,189365.0
WDOFUT,M30,27/03/2026,5372.856,5378.979,5357.037,5360.098,10895007492.72,202957.0
WDOFUT,M30,27/03/2026,5377.448,5391.736,5370.304,5372.856,14888209626.88,276711.0
WDOFUT,M30,26/03/2026,5353.465,5353.975,5348.362,5349.892,817305396.47,15275.0
WDOFUT,M30,26/03/2026,5359.078,5361.629,5350.403,5353.465,3085855761.1,57627.0
WDOFUT,M30,26/03/2026,5369.284,5373.876,5335.094,5359.078,11508445566.1,214885.0
WDOFUT,M30,26/03/2026,5358.057,5369.794,5357.037,5369.794,5038980986.11,93949.0
WDOFUT,M30,26/03/2026,5348.872,5363.16,5348.362,5358.057,7055434200.92,131741.0
WDOFUT,M30,26/03/2026,5353.975,5354.995,5346.32,5348.872,4634331172.45,86623.0
WDOFUT,M30,26/03/2026,5363.67,5363.67,5350.913,5353.975,5707060878.33,106534.0
WDOFUT,M30,26/03/2026,5358.057,5366.732,5354.995,5363.16,5986043789.34,111634.0
WDOFUT,M30,26/03/2026,5360.098,5361.119,5353.465,5357.547,4642256718.72,86656.0
WDOFUT,M30,26/03/2026,5351.423,5362.65,5350.913,5360.098,6837127327.17,127627.0
WDOFUT,M30,26/03/2026,5342.748,5352.954,5341.728,5351.423,5722565059.63,107029.0
WDOFUT,M30,26/03/2026,5345.3,5348.872,5342.238,5342.748,4020303120.85,75213.0
WDOFUT,M30,26/03/2026,5345.81,5350.913,5340.707,5345.81,6956860390.75,130159.0
WDOFUT,M30,26/03/2026,5339.687,5351.934,5334.584,5345.81,11998454807.51,224559.0
WDOFUT,M30,26/03/2026,5333.563,5347.341,5331.012,5340.197,10495038926.83,196586.0
WDOFUT,M30,26/03/2026,5344.279,5351.423,5332.543,5333.053,15507655301.92,290387.0
WDOFUT,M30,26/03/2026,5351.423,5353.465,5343.769,5344.279,9457229327.59,176811.0
WDOFUT,M30,26/03/2026,5367.242,5371.835,5349.892,5351.423,11582204723.59,215977.0
WDOFUT,M30,26/03/2026,5364.691,5377.448,5356.016,5367.753,14846559989.29,276688.0
WDOFUT,M30,25/03/2026,5341.728,5345.3,5339.687,5341.218,1041720103.25,19498.0
WDOFUT,M30,25/03/2026,5330.501,5343.769,5328.971,5341.728,2903691284.19,54407.0
WDOFUT,M30,25/03/2026,5332.543,5334.584,5328.46,5331.012,2762863763.96,51823.0
WDOFUT,M30,25/03/2026,5334.584,5341.218,5332.543,5332.543,3808240940.23,71369.0
WDOFUT,M30,25/03/2026,5331.522,5340.707,5331.012,5334.073,5568986664.65,104388.0
WDOFUT,M30,25/03/2026,5323.357,5342.748,5321.316,5331.012,9035633387.59,169516.0
WDOFUT,M30,25/03/2026,5325.399,5326.929,5317.234,5323.357,5524702322.38,103834.0
WDOFUT,M30,25/03/2026,5327.44,5329.481,5319.275,5325.399,6558613894.23,123201.0
WDOFUT,M30,25/03/2026,5330.501,5337.645,5325.399,5327.95,5223904954.31,97970.0
WDOFUT,M30,25/03/2026,5331.522,5333.053,5323.868,5330.501,6008743550.52,112769.0
WDOFUT,M30,25/03/2026,5333.563,5342.748,5326.929,5331.522,7266656238.18,136200.0
WDOFUT,M30,25/03/2026,5336.625,5343.259,5332.543,5333.563,6161011579.05,115419.0
WDOFUT,M30,25/03/2026,5323.868,5345.3,5321.316,5336.625,11761518979.46,220521.0
WDOFUT,M30,25/03/2026,5339.176,5340.707,5319.785,5323.868,12392325725.77,232478.0
WDOFUT,M30,25/03/2026,5357.547,5362.65,5334.073,5339.687,13611527460.95,254565.0
WDOFUT,M30,25/03/2026,5347.341,5362.65,5338.666,5357.547,14207092367.15,265520.0
WDOFUT,M30,25/03/2026,5344.79,5355.506,5339.176,5347.851,11473574227.99,214557.0
WDOFUT,M30,25/03/2026,5347.851,5358.567,5342.748,5344.79,11311591245.82,211442.0
WDOFUT,M30,25/03/2026,5327.44,5354.995,5326.419,5347.341,17313892579.71,324250.0
WDOFUT,M30,24/03/2026,5349.382,5353.465,5345.3,5350.913,1227822690.93,22952.0
WDOFUT,M30,24/03/2026,5347.341,5352.444,5327.95,5349.382,8532081105.65,159703.0
WDOFUT,M30,24/03/2026,5370.304,5371.835,5336.115,5347.341,9566979922.48,178736.0
WDOFUT,M30,24/03/2026,5372.345,5376.428,5370.304,5370.304,3786250116.35,70465.0
WDOFUT,M30,24/03/2026,5377.958,5377.958,5365.712,5371.835,4707796540.02,87658.0
WDOFUT,M30,24/03/2026,5373.876,5383.061,5369.284,5377.958,8585604274.41,159676.0
WDOFUT,M30,24/03/2026,5383.061,5388.675,5373.366,5374.386,8822461987.09,163944.0
WDOFUT,M30,24/03/2026,5388.164,5395.819,5375.407,5383.061,12362727506.84,229489.0
WDOFUT,M30,24/03/2026,5377.448,5392.757,5375.407,5387.654,10647926438.62,197709.0
WDOFUT,M30,24/03/2026,5371.325,5378.979,5367.242,5376.938,5578534947.01,103823.0
WDOFUT,M30,24/03/2026,5383.572,5386.633,5367.753,5371.325,9480094499.65,176308.0
WDOFUT,M30,24/03/2026,5368.773,5383.572,5364.691,5383.572,8233554905.73,153255.0
WDOFUT,M30,24/03/2026,5377.448,5380.51,5358.567,5368.773,11168015567.88,207983.0
WDOFUT,M30,24/03/2026,5369.284,5389.185,5366.732,5376.938,17188014931.92,319632.0
WDOFUT,M30,24/03/2026,5374.897,5376.938,5362.65,5369.794,13040028498.02,242847.0
WDOFUT,M30,24/03/2026,5394.288,5395.308,5374.386,5375.407,12150947267.19,225652.0
WDOFUT,M30,24/03/2026,5382.551,5394.798,5368.263,5394.288,19159421725.43,356007.0
WDOFUT,M30,24/03/2026,5376.428,5396.839,5375.407,5382.551,16586298583.19,307924.0
WDOFUT,M30,24/03/2026,5370.814,5392.247,5362.139,5376.938,14397640652.21,267556.0
WDOFUT,M30,23/03/2026,5352.954,5356.526,5348.872,5349.892,1158307374.94,21642.0
WDOFUT,M30,23/03/2026,5351.934,5354.485,5348.872,5352.954,1577336116.68,29474.0
WDOFUT,M30,23/03/2026,5359.588,5360.609,5349.892,5351.423,3390479710.7,63304.0
WDOFUT,M30,23/03/2026,5351.934,5361.629,5348.872,5359.078,4939374851.84,92273.0
WDOFUT,M30,23/03/2026,5342.748,5352.954,5341.728,5351.934,4593448237.12,85881.0
WDOFUT,M30,23/03/2026,5350.913,5350.913,5335.604,5342.748,7472618877.98,139864.0
WDOFUT,M30,23/03/2026,5344.79,5360.098,5343.259,5351.423,6943615411.28,129783.0
WDOFUT,M30,23/03/2026,5354.485,5354.995,5341.218,5344.279,7630185489.22,142705.0
WDOFUT,M30,23/03/2026,5359.588,5362.139,5352.954,5354.485,5808709856.09,108447.0
WDOFUT,M30,23/03/2026,5376.428,5376.938,5355.506,5359.588,8643064165.94,161133.0
WDOFUT,M30,23/03/2026,5364.691,5377.958,5350.913,5375.917,12304222436.96,229343.0
WDOFUT,M30,23/03/2026,5347.341,5368.263,5346.32,5364.181,12150089554.5,226800.0
WDOFUT,M30,23/03/2026,5350.403,5351.423,5332.032,5347.341,14138327929.29,264695.0
WDOFUT,M30,23/03/2026,5345.3,5354.485,5340.707,5350.913,11724704962.92,219252.0
WDOFUT,M30,23/03/2026,5377.448,5378.979,5341.218,5345.3,20216017162.89,377232.0
WDOFUT,M30,23/03/2026,5384.082,5398.37,5371.325,5377.448,19497950001.19,362278.0
WDOFUT,M30,23/03/2026,5373.366,5390.205,5371.325,5384.592,13483915440.68,250553.0
WDOFUT,M30,23/03/2026,5393.267,5411.638,5370.814,5373.876,22150871356.92,411246.0
WDOFUT,M30,23/03/2026,5411.127,5434.601,5391.736,5393.267,27085094350.06,500364.0
WDOFUT,M30,20/03/2026,5434.601,5438.683,5386.633,5399.391,3974393041.98,73410.0
WDOFUT,M30,20/03/2026,5433.58,5441.745,5427.967,5435.111,3194310257.28,58779.0
WDOFUT,M30,20/03/2026,5433.07,5436.132,5427.457,5433.07,4430251777.47,81568.0
WDOFUT,M30,20/03/2026,5440.214,5447.868,5431.029,5432.56,7774047435.39,142905.0
WDOFUT,M30,20/03/2026,5442.765,5445.827,5433.07,5440.214,7900216387.99,145218.0
WDOFUT,M30,20/03/2026,5428.988,5443.276,5426.946,5443.276,9216358287.23,169521.0
WDOFUT,M30,20/03/2026,5423.374,5439.704,5416.741,5428.477,10346280012.4,190654.0
WDOFUT,M30,20/03/2026,5423.374,5435.621,5420.313,5423.374,9052319959.44,166783.0
WDOFUT,M30,20/03/2026,5414.189,5425.926,5407.045,5423.374,11282819958.81,208322.0
WDOFUT,M30,20/03/2026,5407.045,5418.782,5406.535,5414.189,7211350137.63,133254.0
WDOFUT,M30,20/03/2026,5412.148,5416.23,5392.757,5406.535,12874927667.5,238163.0
WDOFUT,M30,20/03/2026,5408.576,5416.23,5397.86,5412.148,11277085184.33,208503.0
WDOFUT,M30,20/03/2026,5421.333,5421.333,5395.308,5408.576,15268239724.2,282239.0
WDOFUT,M30,20/03/2026,5430.518,5430.518,5415.72,5420.823,11192006044.2,206433.0
WDOFUT,M30,20/03/2026,5409.086,5433.58,5406.535,5430.008,21727287460.35,400834.0
WDOFUT,M30,20/03/2026,5391.736,5411.127,5387.144,5408.576,20941094597.33,387854.0
WDOFUT,M30,20/03/2026,5366.222,5393.267,5364.181,5391.226,12589213745.68,233986.0
WDOFUT,M30,20/03/2026,5357.547,5377.448,5356.016,5365.712,12801739923.84,238424.0
WDOFUT,M30,20/03/2026,5369.284,5370.304,5353.975,5357.547,12271839528.57,228844.0
WDOFUT,M30,19/03/2026,5343.259,5348.872,5340.197,5347.341,864280157.01,16169.0
WDOFUT,M30,19/03/2026,5344.279,5349.382,5341.218,5343.259,2073771444.41,38799.0
WDOFUT,M30,19/03/2026,5338.156,5347.341,5334.584,5344.79,4541182083.87,85026.0
WDOFUT,M30,19/03/2026,5336.115,5352.954,5329.481,5338.156,9962817416.11,186517.0
WDOFUT,M30,19/03/2026,5359.588,5360.098,5322.847,5336.115,18421659065.19,345183.0
WDOFUT,M30,19/03/2026,5369.794,5382.551,5358.057,5359.078,9349414634.46,174028.0
WDOFUT,M30,19/03/2026,5363.67,5373.366,5362.139,5369.794,5522874566.62,102884.0
WDOFUT,M30,19/03/2026,5360.609,5368.263,5356.016,5364.181,6628175116.01,123609.0
WDOFUT,M30,19/03/2026,5372.856,5383.061,5357.037,5360.609,8510773240.14,158549.0
WDOFUT,M30,19/03/2026,5366.732,5380.51,5364.691,5373.366,4805391545.41,89442.0
WDOFUT,M30,19/03/2026,5368.263,5373.366,5356.526,5367.242,9536578168.48,177722.0
WDOFUT,M30,19/03/2026,5375.917,5389.695,5358.567,5368.263,12114428632.68,225282.0
WDOFUT,M30,19/03/2026,5371.325,5377.958,5354.995,5375.917,12188733240.39,227167.0
WDOFUT,M30,19/03/2026,5401.432,5401.942,5367.753,5370.814,12086918877.27,224698.0
WDOFUT,M30,19/03/2026,5386.123,5402.963,5379.489,5401.942,14356886677.65,266401.0
WDOFUT,M30,19/03/2026,5406.025,5417.761,5384.592,5386.633,20356838222.83,376975.0
WDOFUT,M30,19/03/2026,5405.514,5439.704,5395.308,5405.514,22179321339.09,409528.0
WDOFUT,M30,19/03/2026,5435.111,5436.642,5401.432,5405.004,21350910716.03,394200.0
WDOFUT,M30,19/03/2026,5364.181,5439.193,5364.181,5435.621,25393727790.84,470499.0
WDOFUT,M30,18/03/2026,5391.736,5398.37,5369.284,5369.794,2920847119.78,54227.0
WDOFUT,M30,18/03/2026,5386.123,5394.288,5380.0,5391.736,4945419939.48,91817.0
WDOFUT,M30,18/03/2026,5366.732,5387.654,5365.712,5386.123,7422726175.65,138102.0
WDOFUT,M30,18/03/2026,5351.934,5369.794,5344.79,5366.732,10459516048.98,195262.0
WDOFUT,M30,18/03/2026,5347.341,5354.995,5339.687,5351.934,9159691546.34,171294.0
WDOFUT,M30,18/03/2026,5334.073,5348.362,5331.012,5347.341,10435117645.9,195340.0
WDOFUT,M30,18/03/2026,5326.419,5339.176,5319.275,5333.563,7295633560.34,136875.0
WDOFUT,M30,18/03/2026,5333.053,5336.625,5320.806,5326.419,6485902522.67,121747.0
WDOFUT,M30,18/03/2026,5326.929,5336.625,5326.419,5333.053,4375992365.72,82064.0
WDOFUT,M30,18/03/2026,5316.724,5336.625,5316.213,5327.44,8338515407.75,156478.0
WDOFUT,M30,18/03/2026,5325.909,5327.95,5314.172,5316.724,6304815341.83,118517.0
WDOFUT,M30,18/03/2026,5326.929,5327.44,5320.296,5325.399,4242072325.19,79675.0
WDOFUT,M30,18/03/2026,5326.419,5329.991,5316.213,5326.929,10964932291.85,205969.0
WDOFUT,M30,18/03/2026,5346.831,5347.851,5325.909,5326.929,10065781235.58,188639.0
WDOFUT,M30,18/03/2026,5336.625,5349.382,5324.378,5346.831,15741436765.18,295076.0
WDOFUT,M30,18/03/2026,5342.748,5346.831,5335.094,5337.135,10549300073.56,197518.0
WDOFUT,M30,18/03/2026,5354.485,5356.526,5341.728,5342.238,12601502255.82,235602.0
WDOFUT,M30,18/03/2026,5333.563,5355.506,5332.032,5354.485,16877243122.04,315843.0
WDOFUT,M30,18/03/2026,5316.724,5336.625,5306.518,5333.563,15335829298.32,288033.0
WDOFUT,M30,17/03/2026,5318.254,5323.868,5316.213,5321.826,1555937164.2,29249.0
WDOFUT,M30,17/03/2026,5321.826,5323.868,5315.703,5318.765,2518673616.42,47341.0
WDOFUT,M30,17/03/2026,5325.399,5327.44,5320.296,5321.826,3179505547.37,59723.0
WDOFUT,M30,17/03/2026,5329.991,5337.645,5323.357,5325.399,6506692457.96,122036.0
WDOFUT,M30,17/03/2026,5322.847,5331.012,5320.806,5329.991,6786376850.92,127433.0
WDOFUT,M30,17/03/2026,5315.193,5336.625,5313.152,5322.847,12971134226.79,243606.0
WDOFUT,M30,17/03/2026,5304.987,5316.724,5302.435,5315.193,8085894984.95,152342.0
WDOFUT,M30,17/03/2026,5324.888,5326.929,5304.987,5305.497,8665274216.01,163076.0
WDOFUT,M30,17/03/2026,5325.909,5331.012,5323.357,5324.888,4344762960.29,81559.0
WDOFUT,M30,17/03/2026,5319.785,5326.419,5318.765,5325.399,3378433063.26,63471.0
WDOFUT,M30,17/03/2026,5322.847,5327.95,5317.234,5319.785,7703677994.07,144739.0
WDOFUT,M30,17/03/2026,5340.197,5345.3,5322.847,5322.847,8675991213.1,162665.0
WDOFUT,M30,17/03/2026,5324.888,5343.259,5321.826,5340.197,9666521555.96,181257.0
WDOFUT,M30,17/03/2026,5329.991,5333.563,5322.337,5324.888,6755554372.07,126807.0
WDOFUT,M30,17/03/2026,5327.44,5332.032,5314.682,5330.501,10907937602.14,204876.0
WDOFUT,M30,17/03/2026,5322.847,5332.032,5318.765,5326.929,9915589984.9,186217.0
WDOFUT,M30,17/03/2026,5335.604,5339.687,5321.316,5323.357,13059428782.93,244995.0
WDOFUT,M30,17/03/2026,5332.032,5341.218,5322.337,5335.604,15692373638.08,294380.0
WDOFUT,M30,17/03/2026,5361.119,5369.284,5329.481,5332.032,17970816685.68,336248.0
WDOFUT,M30,16/03/2026,5360.098,5364.181,5357.037,5360.609,1462353368.78,27276.0
WDOFUT,M30,16/03/2026,5361.119,5365.712,5358.567,5360.098,2599098722.6,48469.0
WDOFUT,M30,16/03/2026,5359.078,5362.139,5356.526,5361.629,2440424713.22,45535.0
WDOFUT,M30,16/03/2026,5358.567,5362.139,5356.016,5359.078,4093434308.94,76378.0
WDOFUT,M30,16/03/2026,5361.119,5361.629,5353.975,5358.057,5431702182.68,101370.0
WDOFUT,M30,16/03/2026,5367.753,5369.794,5355.506,5361.119,10052526535.06,187506.0
WDOFUT,M30,16/03/2026,5387.654,5388.164,5366.222,5367.753,9508886096.24,176894.0
WDOFUT,M30,16/03/2026,5384.592,5390.716,5381.531,5388.164,4658795321.44,86486.0
WDOFUT,M30,16/03/2026,5392.247,5393.267,5381.531,5384.592,6364679322.16,118161.0
WDOFUT,M30,16/03/2026,5396.839,5402.963,5387.654,5392.757,6197613957.43,114883.0
WDOFUT,M30,16/03/2026,5395.308,5398.88,5384.592,5397.35,7058242675.05,130914.0
WDOFUT,M30,16/03/2026,5394.798,5401.942,5386.633,5394.798,7005324997.36,129877.0
WDOFUT,M30,16/03/2026,5398.88,5402.452,5392.247,5394.798,5552711698.76,102870.0
WDOFUT,M30,16/03/2026,5390.716,5411.638,5390.205,5398.37,11393965490.71,210881.0
WDOFUT,M30,16/03/2026,5385.613,5392.757,5381.531,5391.226,8443885107.14,156739.0
WDOFUT,M30,16/03/2026,5408.576,5409.086,5380.51,5385.103,12719962530.79,235914.0
WDOFUT,M30,16/03/2026,5392.757,5409.597,5386.633,5408.066,14343852667.85,265680.0
WDOFUT,M30,16/03/2026,5391.736,5397.35,5386.123,5393.267,9165565620.11,170025.0
WDOFUT,M30,16/03/2026,5413.679,5415.72,5386.633,5392.247,16545676462.77,306608.0
WDOFUT,M30,13/03/2026,5456.543,5468.79,5455.523,5464.198,1982225256.89,36294.0
WDOFUT,M30,13/03/2026,5455.012,5459.095,5449.399,5456.033,3009255904.59,55176.0
WDOFUT,M30,13/03/2026,5448.889,5456.033,5446.338,5455.012,4429884357.63,81251.0
WDOFUT,M30,13/03/2026,5445.317,5457.564,5444.296,5448.379,9093964203.25,166797.0
WDOFUT,M30,13/03/2026,5430.518,5447.868,5428.988,5445.317,6965911720.96,128043.0
WDOFUT,M30,13/03/2026,5435.111,5436.642,5425.416,5431.029,6716997425.47,123677.0
WDOFUT,M30,13/03/2026,5426.436,5442.255,5420.313,5434.601,10993802463.07,202375.0
WDOFUT,M30,13/03/2026,5418.782,5437.152,5415.21,5425.926,10911126217.66,201059.0
WDOFUT,M30,13/03/2026,5414.699,5427.457,5413.169,5418.782,7040153766.97,129903.0
WDOFUT,M30,13/03/2026,5423.885,5423.885,5406.025,5414.699,9488319765.43,175256.0
WDOFUT,M30,13/03/2026,5423.885,5426.946,5406.535,5423.374,10560150613.85,194948.0
WDOFUT,M30,13/03/2026,5404.494,5428.988,5401.942,5424.395,21029607333.56,388393.0
WDOFUT,M30,13/03/2026,5390.205,5409.086,5376.428,5404.494,18287447158.53,339141.0
WDOFUT,M30,13/03/2026,5364.181,5391.226,5357.037,5389.695,13421346850.88,249703.0
WDOFUT,M30,13/03/2026,5351.423,5372.345,5350.403,5364.181,12010748502.21,224002.0
WDOFUT,M30,13/03/2026,5360.098,5366.732,5345.3,5351.423,16527806785.98,308684.0
WDOFUT,M30,13/03/2026,5357.547,5377.448,5354.995,5360.609,14176601700.02,264063.0
WDOFUT,M30,13/03/2026,5369.794,5375.407,5357.547,5357.547,13901700531.42,259085.0
WDOFUT,M30,13/03/2026,5370.304,5374.386,5356.016,5369.794,13787162073.62,256989.0
WDOFUT,M30,12/03/2026,5377.448,5395.819,5374.897,5389.695,3122871429.4,58001.0
WDOFUT,M30,12/03/2026,5379.489,5384.082,5374.386,5377.448,3768392405.89,70057.0
WDOFUT,M30,12/03/2026,5376.428,5383.061,5372.856,5378.979,3472182147.08,64556.0
WDOFUT,M30,12/03/2026,5370.304,5383.061,5366.732,5376.428,6929550378.6,128925.0
WDOFUT,M30,12/03/2026,5366.732,5373.366,5364.691,5369.794,6901261495.34,128533.0
WDOFUT,M30,12/03/2026,5364.691,5367.753,5358.567,5366.732,6397926291.25,119296.0
WDOFUT,M30,12/03/2026,5351.934,5366.732,5347.341,5364.181,7932454195.09,148064.0
WDOFUT,M30,12/03/2026,5346.831,5357.037,5342.238,5352.444,7076809843.3,132269.0
WDOFUT,M30,12/03/2026,5338.156,5347.851,5328.46,5347.341,7501887112.03,140576.0
WDOFUT,M30,12/03/2026,5345.81,5347.341,5329.481,5338.156,8158037718.66,152873.0
WDOFUT,M30,12/03/2026,5345.81,5352.954,5332.543,5345.3,11201467383.15,209594.0
WDOFUT,M30,12/03/2026,5356.526,5359.078,5335.094,5345.81,16884174212.91,315774.0
WDOFUT,M30,12/03/2026,5348.362,5371.325,5346.32,5356.016,15445701791.56,288104.0
WDOFUT,M30,12/03/2026,5337.645,5358.057,5328.971,5347.851,18836343045.13,352426.0
WDOFUT,M30,12/03/2026,5341.728,5342.748,5328.971,5337.645,13872977987.43,259986.0
WDOFUT,M30,12/03/2026,5314.172,5351.423,5312.641,5341.728,21973427690.65,412093.0
WDOFUT,M30,12/03/2026,5306.007,5322.337,5287.127,5314.172,20977391408.27,395392.0
WDOFUT,M30,12/03/2026,5302.946,5310.09,5295.291,5306.007,13030887280.03,245712.0
WDOFUT,M30,12/03/2026,5295.291,5313.662,5294.271,5302.946,12779007167.23,240934.0
WDOFUT,M30,11/03/2026,5288.658,5291.719,5287.127,5287.127,704203423.58,13312.0
WDOFUT,M30,11/03/2026,5289.678,5291.209,5287.127,5289.168,1030351908.31,19480.0
WDOFUT,M30,11/03/2026,5290.699,5293.25,5288.658,5290.188,2233040126.69,42204.0
WDOFUT,M30,11/03/2026,5293.76,5295.291,5289.168,5290.699,2997754319.55,56647.0
WDOFUT,M30,11/03/2026,5288.147,5299.374,5287.637,5293.76,4238722447.46,80049.0
WDOFUT,M30,11/03/2026,5296.822,5298.353,5287.127,5288.147,5227777875.38,98783.0
WDOFUT,M30,11/03/2026,5298.353,5307.028,5293.25,5296.822,7174848046.76,135368.0
WDOFUT,M30,11/03/2026,5292.23,5304.987,5291.209,5298.863,7809856724.36,147379.0
WDOFUT,M30,11/03/2026,5292.74,5297.843,5289.678,5292.74,3786501643.96,71523.0
WDOFUT,M30,11/03/2026,5290.699,5293.25,5283.555,5292.23,3679978125.24,69583.0
WDOFUT,M30,11/03/2026,5289.168,5294.781,5287.637,5291.209,6340152688.02,119813.0
WDOFUT,M30,11/03/2026,5289.168,5292.23,5278.452,5288.658,8366838705.04,158243.0
WDOFUT,M30,11/03/2026,5285.596,5290.699,5277.941,5289.168,10589343273.77,200406.0
WDOFUT,M30,11/03/2026,5289.168,5292.23,5283.555,5285.086,7609847396.33,143917.0
WDOFUT,M30,11/03/2026,5286.106,5294.781,5277.941,5289.168,17237863708.39,326090.0
WDOFUT,M30,11/03/2026,5294.781,5302.946,5285.596,5286.616,14764569667.05,278776.0
WDOFUT,M30,11/03/2026,5313.662,5314.172,5289.168,5295.291,11505304800.58,217127.0
WDOFUT,M30,11/03/2026,5289.168,5315.193,5286.616,5314.172,14400277051.05,271467.0
WDOFUT,M30,11/03/2026,5299.374,5302.435,5284.575,5289.168,15452440803.73,291967.0
WDOFUT,M30,10/03/2026,5294.271,5301.925,5293.76,5297.843,1188647929.72,22434.0
WDOFUT,M30,10/03/2026,5291.719,5296.822,5290.699,5294.271,2016556375.26,38093.0
WDOFUT,M30,10/03/2026,5291.719,5295.291,5289.168,5291.209,3179640498.97,60086.0
WDOFUT,M30,10/03/2026,5294.271,5303.966,5288.658,5291.719,9401782907.18,177503.0
WDOFUT,M30,10/03/2026,5287.127,5295.291,5282.024,5294.781,5696459783.67,107720.0
WDOFUT,M30,10/03/2026,5281.003,5288.147,5276.921,5287.127,8813465538.69,166824.0
WDOFUT,M30,10/03/2026,5277.941,5300.394,5275.39,5280.493,15453119919.61,292233.0
WDOFUT,M30,10/03/2026,5267.736,5281.513,5267.736,5277.941,7642865734.57,144867.0
WDOFUT,M30,10/03/2026,5276.411,5276.921,5264.674,5267.736,8256622413.34,156659.0
WDOFUT,M30,10/03/2026,5285.596,5286.106,5275.39,5275.9,5737222968.98,108653.0
WDOFUT,M30,10/03/2026,5275.39,5288.147,5274.88,5285.086,7591130176.96,143725.0
WDOFUT,M30,10/03/2026,5284.065,5286.106,5274.88,5275.9,8520751988.8,161400.0
WDOFUT,M30,10/03/2026,5287.637,5289.678,5279.983,5284.575,8685022330.68,164309.0
WDOFUT,M30,10/03/2026,5298.353,5300.905,5285.086,5287.637,12042174915.75,227621.0
WDOFUT,M30,10/03/2026,5310.6,5318.765,5297.332,5298.353,11251124968.83,211974.0
WDOFUT,M30,10/03/2026,5312.641,5322.847,5306.007,5310.6,13634410064.55,256549.0
WDOFUT,M30,10/03/2026,5311.11,5320.806,5302.946,5313.152,11613641286.82,218612.0
WDOFUT,M30,10/03/2026,5316.213,5320.296,5296.822,5311.11,13752975872.83,259110.0
WDOFUT,M30,10/03/2026,5291.719,5317.234,5286.106,5316.724,18348564174.1,345996.0
WDOFUT,M30,09/03/2026,5297.332,5305.497,5292.23,5303.966,1796055198.52,33902.0
WDOFUT,M30,09/03/2026,5295.802,5304.987,5292.74,5297.332,3395263838.28,64079.0
WDOFUT,M30,09/03/2026,5302.946,5312.641,5294.781,5295.291,6242137799.76,117699.0
WDOFUT,M30,09/03/2026,5309.579,5315.703,5295.802,5302.946,15155895094.83,285707.0
WDOFUT,M30,09/03/2026,5344.79,5345.3,5284.575,5309.579,19642712835.78,369177.0
WDOFUT,M30,09/03/2026,5344.79,5345.81,5340.197,5345.3,5809071157.54,108725.0
WDOFUT,M30,09/03/2026,5356.526,5356.526,5343.259,5345.3,6476573170.53,121087.0
WDOFUT,M30,09/03/2026,5360.098,5363.16,5353.975,5356.526,3920012982.1,73157.0
WDOFUT,M30,09/03/2026,5351.423,5361.629,5350.913,5359.588,5581609395.09,104199.0
WDOFUT,M30,09/03/2026,5348.872,5355.506,5345.81,5351.934,5963227145.97,111467.0
WDOFUT,M30,09/03/2026,5347.341,5356.016,5340.707,5349.382,9496535279.55,177577.0
WDOFUT,M30,09/03/2026,5345.81,5361.629,5344.79,5347.341,10622971190.52,198434.0
WDOFUT,M30,09/03/2026,5344.279,5350.913,5339.687,5345.81,8724049296.25,163230.0
WDOFUT,M30,09/03/2026,5346.831,5351.423,5342.238,5344.79,9268027108.96,173344.0
WDOFUT,M30,09/03/2026,5352.954,5369.794,5341.728,5346.831,19595034399.04,365873.0
WDOFUT,M30,09/03/2026,5357.037,5362.139,5349.892,5353.465,20794014943.94,388253.0
WDOFUT,M30,09/03/2026,5377.448,5378.469,5355.506,5357.547,21204545184.49,395190.0
WDOFUT,M30,09/03/2026,5389.695,5398.37,5376.938,5377.448,13960832539.92,258989.0
WDOFUT,M30,09/03/2026,5421.844,5426.946,5389.695,5389.695,16897989044.72,312546.0
WDOFUT,M30,06/03/2026,5379.489,5403.473,5376.428,5397.86,5905375565.15,109502.0
WDOFUT,M30,06/03/2026,5392.757,5395.819,5370.304,5378.979,8413430272.65,156295.0
WDOFUT,M30,06/03/2026,5382.041,5393.267,5376.428,5393.267,7177552732.77,133304.0
WDOFUT,M30,06/03/2026,5389.185,5397.86,5379.489,5381.531,10599590991.81,196685.0
WDOFUT,M30,06/03/2026,5405.514,5406.535,5388.164,5388.675,8866950797.93,164236.0
WDOFUT,M30,06/03/2026,5404.494,5407.555,5394.798,5405.514,9299835669.34,172194.0
WDOFUT,M30,06/03/2026,5422.354,5423.374,5400.922,5404.494,8898974308.25,164475.0
WDOFUT,M30,06/03/2026,5414.189,5422.354,5407.045,5421.844,6854026766.97,126548.0
WDOFUT,M30,06/03/2026,5412.148,5416.23,5403.473,5413.679,7684957794.6,142036.0
WDOFUT,M30,06/03/2026,5412.148,5417.251,5400.411,5412.148,9878442049.14,182640.0
WDOFUT,M30,06/03/2026,5425.416,5426.946,5405.004,5411.638,13143173373.9,242743.0
WDOFUT,M30,06/03/2026,5425.926,5433.07,5416.741,5425.416,9913001104.36,182773.0
WDOFUT,M30,06/03/2026,5437.152,5438.683,5419.292,5425.926,14199688200.66,261623.0
WDOFUT,M30,06/03/2026,5442.255,5446.338,5423.885,5437.663,18442316763.63,339280.0
WDOFUT,M30,06/03/2026,5447.868,5464.708,5440.724,5442.765,17756697429.55,325780.0
WDOFUT,M30,06/03/2026,5424.395,5448.889,5408.576,5448.379,25928460745.42,477803.0
WDOFUT,M30,06/03/2026,5434.601,5436.642,5414.189,5424.905,14955826766.93,275775.0
WDOFUT,M30,06/03/2026,5433.58,5440.724,5425.416,5434.601,12225438692.49,225011.0
WDOFUT,M30,06/03/2026,5459.095,5462.667,5431.539,5434.091,23444439036.8,430360.0
WDOFUT,M30,05/03/2026,5407.555,5418.271,5407.045,5410.617,2529932583.54,46745.0
WDOFUT,M30,05/03/2026,5417.761,5418.782,5403.983,5407.555,6228414396.81,115112.0
WDOFUT,M30,05/03/2026,5431.539,5435.111,5411.638,5417.761,11721059534.75,216189.0
WDOFUT,M30,05/03/2026,5422.864,5438.683,5422.354,5431.539,8956451427.22,164868.0
WDOFUT,M30,05/03/2026,5422.864,5427.457,5416.741,5422.354,5998520270.34,110630.0
WDOFUT,M30,05/03/2026,5425.926,5429.498,5414.189,5423.374,10722832439.76,197739.0
WDOFUT,M30,05/03/2026,5407.045,5432.049,5404.494,5425.416,14310941526.47,264140.0
WDOFUT,M30,05/03/2026,5403.983,5415.21,5382.041,5407.045,17055864035.11,315817.0
WDOFUT,M30,05/03/2026,5402.963,5406.535,5388.164,5403.983,15829249734.05,293279.0
WDOFUT,M30,05/03/2026,5423.374,5425.416,5401.432,5402.963,12873140163.51,237841.0
WDOFUT,M30,05/03/2026,5395.819,5432.049,5395.308,5423.374,20228671398.7,373317.0
WDOFUT,M30,05/03/2026,5391.736,5402.963,5386.123,5395.308,13323470057.61,246982.0
WDOFUT,M30,05/03/2026,5382.551,5396.839,5370.304,5391.736,14113051427.4,262193.0
WDOFUT,M30,05/03/2026,5399.901,5401.432,5376.938,5382.551,14771604765.46,274008.0
WDOFUT,M30,05/03/2026,5397.86,5407.555,5381.02,5399.901,15076557398.69,279567.0
WDOFUT,M30,05/03/2026,5392.757,5402.963,5387.144,5397.86,13309219595.33,246671.0
WDOFUT,M30,05/03/2026,5388.164,5398.37,5380.51,5392.247,11889250581.36,220626.0
WDOFUT,M30,05/03/2026,5380.0,5395.308,5379.489,5388.164,10137725420.1,188110.0
WDOFUT,M30,05/03/2026,5388.675,5405.004,5375.407,5379.489,16688373210.12,309539.0
WDOFUT,M30,04/03/2026,5375.407,5378.469,5372.856,5376.428,2485498394.27,46241.0
WDOFUT,M30,04/03/2026,5366.732,5376.428,5364.181,5374.897,4161805251.09,77498.0
WDOFUT,M30,04/03/2026,5361.629,5369.284,5361.119,5366.732,3473776725.3,64742.0
WDOFUT,M30,04/03/2026,5363.16,5363.67,5357.547,5361.629,3081244397.7,57474.0
WDOFUT,M30,04/03/2026,5359.078,5367.242,5358.057,5363.16,4536334011.71,84585.0
WDOFUT,M30,04/03/2026,5363.67,5364.181,5354.995,5358.567,4947686004.72,92317.0
WDOFUT,M30,04/03/2026,5365.201,5371.835,5363.16,5363.67,4393688068.95,81867.0
WDOFUT,M30,04/03/2026,5367.753,5374.386,5363.67,5365.201,5608987939.34,104463.0
WDOFUT,M30,04/03/2026,5357.037,5368.773,5354.485,5368.263,5566192657.28,103808.0
WDOFUT,M30,04/03/2026,5361.629,5362.65,5351.423,5357.547,6460407907.03,120613.0
WDOFUT,M30,04/03/2026,5340.707,5374.897,5337.135,5361.629,14263706221.47,266370.0
WDOFUT,M30,04/03/2026,5342.238,5358.567,5339.176,5340.707,10845348534.35,202765.0
WDOFUT,M30,04/03/2026,5354.995,5363.67,5341.728,5342.238,11366317732.16,212347.0
WDOFUT,M30,04/03/2026,5352.444,5367.242,5341.728,5354.995,23939253429.78,446979.0
WDOFUT,M30,04/03/2026,5354.995,5359.588,5348.362,5352.444,12632544767.12,235909.0
WDOFUT,M30,04/03/2026,5362.139,5369.794,5352.954,5354.485,14513668644.79,270662.0
WDOFUT,M30,04/03/2026,5369.794,5369.794,5357.037,5362.139,16605057381.08,309631.0
WDOFUT,M30,04/03/2026,5389.695,5398.37,5369.284,5369.794,15198703205.61,282315.0
WDOFUT,M30,04/03/2026,5398.88,5403.983,5371.835,5389.695,19638347238.81,364698.0
WDOFUT,M30,03/03/2026,5419.802,5433.58,5415.72,5428.477,3878688762.28,71494.0
WDOFUT,M30,03/03/2026,5411.638,5422.864,5407.555,5419.802,6218699213.53,114795.0
WDOFUT,M30,03/03/2026,5411.638,5415.21,5407.555,5412.148,4951064851.69,91483.0
WDOFUT,M30,03/03/2026,5419.292,5424.905,5400.411,5411.638,13424582178.45,248127.0
WDOFUT,M30,03/03/2026,5410.107,5419.292,5405.514,5419.292,8332177520.15,153901.0
WDOFUT,M30,03/03/2026,5424.395,5425.416,5407.045,5410.107,13706829141.34,253243.0
WDOFUT,M30,03/03/2026,5431.539,5432.049,5418.271,5424.395,7829076702.99,144326.0
WDOFUT,M30,03/03/2026,5432.56,5448.379,5425.416,5431.539,10597232017.85,194919.0
WDOFUT,M30,03/03/2026,5422.354,5447.868,5419.292,5432.56,14183309895.71,260908.0
WDOFUT,M30,03/03/2026,5440.724,5456.543,5420.313,5422.354,22357575607.96,411164.0
WDOFUT,M30,03/03/2026,5466.749,5467.259,5431.539,5440.724,18943348584.88,347612.0
WDOFUT,M30,03/03/2026,5474.404,5481.548,5453.482,5466.749,23577156203.71,431255.0
WDOFUT,M30,03/03/2026,5462.157,5494.305,5456.543,5474.404,31994883296.3,584005.0
WDOFUT,M30,03/03/2026,5439.704,5464.708,5428.988,5462.667,28628599449.01,525546.0
WDOFUT,M30,03/03/2026,5407.555,5442.765,5403.473,5440.214,27027867544.22,497913.0
WDOFUT,M30,03/03/2026,5404.494,5411.127,5395.308,5407.555,14453702315.36,267530.0
WDOFUT,M30,03/03/2026,5391.736,5409.086,5386.123,5404.494,18032635550.61,334123.0
WDOFUT,M30,03/03/2026,5392.247,5402.452,5388.675,5391.226,15828152439.66,293311.0
WDOFUT,M30,03/03/2026,5385.613,5411.127,5378.469,5392.757,31977689484.84,593136.0
WDOFUT,M30,02/03/2026,5323.357,5324.888,5317.744,5322.337,2798342134.22,52588.0
WDOFUT,M30,02/03/2026,5325.399,5325.399,5317.744,5323.357,3583022121.74,67326.0
WDOFUT,M30,02/03/2026,5312.641,5337.645,5311.621,5325.909,13334451885.6,250366.0
WDOFUT,M30,02/03/2026,5317.234,5318.254,5311.11,5312.131,4281875127.24,80572.0
WDOFUT,M30,02/03/2026,5317.744,5319.275,5312.641,5317.234,4911043476.63,92391.0
WDOFUT,M30,02/03/2026,5322.847,5326.929,5316.213,5318.254,4634005622.0,87077.0
WDOFUT,M30,02/03/2026,5316.724,5325.909,5314.682,5322.847,6997489216.4,131503.0
WDOFUT,M30,02/03/2026,5328.46,5331.522,5315.193,5316.724,7801624477.8,146569.0
WDOFUT,M30,02/03/2026,5338.666,5342.238,5325.399,5328.46,6296497692.93,118055.0
WDOFUT,M30,02/03/2026,5348.362,5350.913,5333.053,5338.666,7416393559.36,138894.0
WDOFUT,M30,02/03/2026,5347.851,5352.954,5341.728,5347.851,9835852113.34,183955.0
WDOFUT,M30,02/03/2026,5335.604,5349.892,5332.543,5347.341,9466054996.84,177172.0
WDOFUT,M30,02/03/2026,5337.645,5343.259,5323.868,5335.604,14136436279.98,265039.0
WDOFUT,M30,02/03/2026,5352.954,5354.995,5334.584,5337.645,13484549263.12,252428.0
WDOFUT,M30,02/03/2026,5357.037,5363.16,5338.156,5352.954,14517111482.27,271363.0
WDOFUT,M30,02/03/2026,5345.3,5363.67,5343.769,5357.037,15247444390.02,284788.0
WDOFUT,M30,02/03/2026,5348.362,5358.567,5336.625,5345.3,22731235868.35,424932.0
WDOFUT,M30,02/03/2026,5326.929,5353.465,5324.888,5348.872,20595549047.64,385698.0
WDOFUT,M30,02/03/2026,5295.291,5335.604,5284.575,5326.929,28307460150.66,532657.0
WDOFUT,M30,27/02/2026,5274.88,5281.003,5274.369,5276.921,2722512536.7,51583.0
WDOFUT,M30,27/02/2026,5271.818,5276.411,5263.143,5274.88,5689950545.4,107961.0
WDOFUT,M30,27/02/2026,5282.024,5282.534,5271.818,5272.328,3985674706.85,75523.0
WDOFUT,M30,27/02/2026,5284.575,5286.616,5282.024,5282.024,2539782432.66,48058.0
WDOFUT,M30,27/02/2026,5284.065,5287.127,5281.513,5284.575,4981368762.46,94272.0
WDOFUT,M30,27/02/2026,5289.678,5291.209,5282.534,5284.575,4553050348.83,86113.0
WDOFUT,M30,27/02/2026,5285.086,5292.74,5284.065,5289.678,3770169510.15,71284.0
WDOFUT,M30,27/02/2026,5288.658,5289.678,5283.044,5285.086,3637537475.12,68811.0
WDOFUT,M30,27/02/2026,5285.086,5290.188,5281.513,5288.147,6108285842.27,115570.0
WDOFUT,M30,27/02/2026,5279.983,5286.106,5278.452,5285.596,4880381627.23,92391.0
WDOFUT,M30,27/02/2026,5275.9,5281.513,5270.287,5279.983,11846874202.41,224510.0
WDOFUT,M30,27/02/2026,5288.658,5292.74,5272.328,5275.9,13392455997.55,253522.0
WDOFUT,M30,27/02/2026,5304.987,5306.518,5287.127,5289.168,11902106081.11,224776.0
WDOFUT,M30,27/02/2026,5297.332,5308.559,5292.23,5304.987,11697477546.5,220740.0
WDOFUT,M30,27/02/2026,5313.152,5313.662,5295.291,5297.843,13642800577.92,257106.0
WDOFUT,M30,27/02/2026,5312.131,5319.275,5308.049,5313.152,11052562397.87,208020.0
WDOFUT,M30,27/02/2026,5297.843,5317.234,5291.209,5311.621,14986863113.91,282549.0
WDOFUT,M30,27/02/2026,5293.76,5306.518,5292.23,5298.353,9183683027.94,173262.0
WDOFUT,M30,27/02/2026,5287.127,5301.925,5282.534,5293.76,12603415367.98,238059.0
WDOFUT,M30,26/02/2026,5289.18,5292.782,5285.579,5287.637,1946860542.35,36809.0
WDOFUT,M30,26/02/2026,5287.123,5290.724,5284.55,5288.666,2611446551.98,49388.0
WDOFUT,M30,26/02/2026,5290.209,5290.724,5285.065,5286.608,2659362101.55,50298.0
WDOFUT,M30,26/02/2026,5294.325,5295.868,5289.695,5289.695,2714850212.97,51291.0
WDOFUT,M30,26/02/2026,5291.238,5295.354,5290.724,5294.325,3882898431.89,73360.0
WDOFUT,M30,26/02/2026,5299.47,5299.984,5289.695,5291.238,6177859837.4,116705.0
WDOFUT,M30,26/02/2026,5310.788,5310.788,5298.441,5299.984,5560953362.91,104853.0
WDOFUT,M30,26/02/2026,5315.932,5316.961,5307.701,5311.302,4878063013.13,91844.0
WDOFUT,M30,26/02/2026,5304.614,5317.99,5303.071,5315.932,6614177906.01,124557.0
WDOFUT,M30,26/02/2026,5294.839,5307.701,5292.782,5304.1,6103639785.88,115141.0
WDOFUT,M30,26/02/2026,5293.811,5301.013,5291.238,5294.325,7304822957.64,137931.0
WDOFUT,M30,26/02/2026,5304.1,5306.158,5291.753,5293.296,10496440674.22,198090.0
WDOFUT,M30,26/02/2026,5296.383,5312.331,5289.695,5303.585,18846451234.29,355492.0
WDOFUT,M30,26/02/2026,5292.267,5304.1,5289.695,5295.868,15863186498.6,299445.0
WDOFUT,M30,26/02/2026,5284.036,5292.267,5283.007,5292.267,8347541355.03,157877.0
WDOFUT,M30,26/02/2026,5284.55,5286.608,5279.406,5283.521,6959385097.24,131719.0
WDOFUT,M30,26/02/2026,5278.891,5285.065,5271.174,5284.55,11123036689.42,210747.0
WDOFUT,M30,26/02/2026,5282.492,5293.296,5277.862,5278.891,8675218867.04,164077.0
WDOFUT,M30,26/02/2026,5281.463,5285.065,5277.348,5282.492,8396537392.42,158987.0
WDOFUT,M30,25/02/2026,5276.833,5277.348,5272.718,5276.319,2966632581.15,56236.0
WDOFUT,M30,25/02/2026,5277.348,5277.862,5271.689,5276.833,2943830009.44,55811.0
WDOFUT,M30,25/02/2026,5276.319,5277.862,5274.261,5277.348,2417985317.27,45831.0
WDOFUT,M30,25/02/2026,5278.377,5279.406,5274.261,5276.319,3459809199.59,65570.0
WDOFUT,M30,25/02/2026,5280.434,5281.463,5277.348,5278.891,2494510980.17,47251.0
WDOFUT,M30,25/02/2026,5281.463,5284.036,5279.406,5279.92,2835518739.18,53690.0
WDOFUT,M30,25/02/2026,5283.007,5285.579,5279.92,5281.978,3956887809.09,74904.0
WDOFUT,M30,25/02/2026,5281.978,5284.55,5276.833,5283.007,6404982674.21,121306.0
WDOFUT,M30,25/02/2026,5290.209,5290.724,5280.949,5281.978,5888980657.41,111421.0
WDOFUT,M30,25/02/2026,5291.753,5295.354,5289.18,5289.695,3739771899.82,70671.0
WDOFUT,M30,25/02/2026,5298.955,5299.984,5288.151,5292.267,10050789411.9,189843.0
WDOFUT,M30,25/02/2026,5313.875,5322.106,5298.441,5298.955,17098826589.04,322000.0
WDOFUT,M30,25/02/2026,5305.129,5316.447,5299.47,5313.875,9385864377.18,176861.0
WDOFUT,M30,25/02/2026,5296.897,5306.158,5290.724,5305.643,10204210044.02,192589.0
WDOFUT,M30,25/02/2026,5301.013,5308.73,5295.354,5296.383,11629834400.6,219326.0
WDOFUT,M30,25/02/2026,5289.695,5301.527,5288.666,5301.013,9740467999.74,183968.0
WDOFUT,M30,25/02/2026,5275.804,5289.695,5274.775,5289.695,9995241159.92,189225.0
WDOFUT,M30,25/02/2026,5289.18,5293.296,5274.261,5276.319,10607938520.02,200777.0
WDOFUT,M30,25/02/2026,5292.782,5295.354,5269.116,5289.18,19723975163.73,373440.0
WDOFUT,M30,24/02/2026,5310.273,5316.447,5307.701,5310.273,3012072988.79,56711.0
WDOFUT,M30,24/02/2026,5313.875,5313.875,5307.187,5310.273,3686385904.48,69423.0
WDOFUT,M30,24/02/2026,5309.244,5316.961,5309.244,5313.875,4950923949.55,93181.0
WDOFUT,M30,24/02/2026,5308.73,5310.788,5306.672,5309.244,3456111861.37,65101.0
WDOFUT,M30,24/02/2026,5304.1,5310.273,5303.585,5308.73,4610891239.44,86871.0
WDOFUT,M30,24/02/2026,5304.614,5305.129,5301.013,5304.1,2934636481.8,55337.0
WDOFUT,M30,24/02/2026,5303.585,5305.129,5299.984,5304.1,3610056529.28,68079.0
WDOFUT,M30,24/02/2026,5302.556,5306.158,5300.499,5303.071,3618396148.31,68227.0
WDOFUT,M30,24/02/2026,5302.042,5305.129,5301.013,5302.042,3428308706.88,64645.0
WDOFUT,M30,24/02/2026,5299.984,5303.071,5296.897,5302.556,4951508763.84,93424.0
WDOFUT,M30,24/02/2026,5307.701,5310.788,5296.897,5299.984,12188116070.34,229863.0
WDOFUT,M30,24/02/2026,5312.846,5317.99,5305.129,5307.701,9654100350.84,181777.0
WDOFUT,M30,24/02/2026,5326.736,5328.279,5311.817,5313.36,12137357852.57,228172.0
WDOFUT,M30,24/02/2026,5324.678,5330.852,5322.62,5326.222,11007514384.95,206625.0
WDOFUT,M30,24/02/2026,5333.939,5335.482,5323.649,5324.678,11899858416.63,223295.0
WDOFUT,M30,24/02/2026,5331.881,5340.112,5329.308,5334.453,8671718788.86,162545.0
WDOFUT,M30,24/02/2026,5328.279,5334.967,5327.251,5331.366,7838940985.61,147014.0
WDOFUT,M30,24/02/2026,5338.054,5340.627,5327.765,5328.794,9128576548.98,171096.0
WDOFUT,M30,24/02/2026,5328.794,5338.054,5320.048,5338.054,9948470765.99,186646.0
WDOFUT,M30,23/02/2026,5322.62,5330.852,5320.563,5329.308,3038329470.88,57053.0
WDOFUT,M30,23/02/2026,5322.62,5324.164,5321.077,5322.106,2282277991.17,42879.0
WDOFUT,M30,23/02/2026,5325.707,5326.222,5321.591,5322.62,2601471778.29,48866.0
WDOFUT,M30,23/02/2026,5324.164,5329.308,5323.649,5325.707,3194361392.07,59971.0
WDOFUT,M30,23/02/2026,5323.649,5326.222,5322.106,5324.678,3068417648.0,57633.0
WDOFUT,M30,23/02/2026,5317.476,5325.193,5315.932,5323.135,4615757089.86,86743.0
WDOFUT,M30,23/02/2026,5318.505,5324.678,5316.447,5317.476,4919333930.22,92465.0
WDOFUT,M30,23/02/2026,5319.534,5325.707,5316.447,5317.99,6258603504.59,117623.0
WDOFUT,M30,23/02/2026,5311.302,5321.591,5308.215,5319.534,7724561367.38,145301.0
WDOFUT,M30,23/02/2026,5305.129,5312.846,5302.042,5310.788,8668181535.68,163345.0
WDOFUT,M30,23/02/2026,5310.788,5322.62,5303.585,5305.129,14908705226.62,280502.0
WDOFUT,M30,23/02/2026,5303.585,5312.331,5303.585,5310.788,9370554810.97,176523.0
WDOFUT,M30,23/02/2026,5298.441,5306.158,5295.868,5303.585,10709369477.77,202028.0
WDOFUT,M30,23/02/2026,5314.389,5315.932,5294.325,5298.955,21547236754.8,406370.0
WDOFUT,M30,23/02/2026,5325.193,5325.707,5313.36,5314.903,11036701811.73,207516.0
WDOFUT,M30,23/02/2026,5327.765,5328.279,5319.019,5325.193,10225774923.86,192068.0
WDOFUT,M30,23/02/2026,5339.598,5347.315,5327.251,5328.279,11757462759.67,220289.0
WDOFUT,M30,23/02/2026,5343.199,5343.713,5334.453,5340.112,7961550292.72,149133.0
WDOFUT,M30,23/02/2026,5342.17,5348.343,5338.054,5343.199,9656590520.2,180740.0
WDOFUT,M30,20/02/2026,5334.967,5336.511,5329.308,5335.996,3189313849.22,59811.0
WDOFUT,M30,20/02/2026,5333.939,5335.996,5331.366,5334.453,3467421493.3,65015.0
WDOFUT,M30,20/02/2026,5335.482,5335.996,5331.366,5333.939,3103939774.98,58199.0
WDOFUT,M30,20/02/2026,5340.112,5340.112,5333.424,5335.482,2727971897.2,51115.0
WDOFUT,M30,20/02/2026,5337.025,5340.112,5335.996,5339.598,3660361655.52,68569.0
WDOFUT,M30,20/02/2026,5343.199,5347.315,5332.91,5337.54,11087786568.61,207693.0
WDOFUT,M30,20/02/2026,5350.916,5354.003,5341.141,5343.713,6400085127.81,119706.0
WDOFUT,M30,20/02/2026,5356.575,5356.575,5344.228,5351.43,6478365588.57,121109.0
WDOFUT,M30,20/02/2026,5346.286,5358.118,5345.257,5356.575,6797843878.14,126996.0
WDOFUT,M30,20/02/2026,5345.257,5347.829,5342.17,5346.8,4171756729.88,78049.0
WDOFUT,M30,20/02/2026,5346.286,5347.315,5337.025,5345.257,8782031536.21,164379.0
WDOFUT,M30,20/02/2026,5351.945,5359.147,5345.257,5345.771,10353257525.64,193485.0
WDOFUT,M30,20/02/2026,5358.118,5360.691,5341.655,5351.43,23895260646.73,446533.0
WDOFUT,M30,20/02/2026,5365.321,5366.864,5350.401,5357.604,14409381490.99,268983.0
WDOFUT,M30,20/02/2026,5363.777,5368.407,5361.205,5365.321,8007544533.77,149256.0
WDOFUT,M30,20/02/2026,5372.523,5376.124,5362.748,5363.777,12395960938.03,230834.0
WDOFUT,M30,20/02/2026,5379.726,5383.841,5370.465,5372.009,10876113951.82,202282.0
WDOFUT,M30,20/02/2026,5378.182,5384.87,5374.581,5379.726,9469319108.14,176018.0
WDOFUT,M30,20/02/2026,5373.552,5378.182,5365.835,5377.668,9113770311.48,169664.0
WDOFUT,M30,19/02/2026,5378.182,5378.697,5372.523,5374.067,3126168238.34,58154.0
WDOFUT,M30,19/02/2026,5387.957,5388.471,5376.124,5377.668,5988367777.3,111262.0
WDOFUT,M30,19/02/2026,5392.073,5392.587,5387.443,5387.957,2665934035.46,49458.0
WDOFUT,M30,19/02/2026,5387.957,5396.703,5387.443,5392.073,6701339220.06,124260.0
WDOFUT,M30,19/02/2026,5389.5,5392.073,5387.443,5387.957,3302131412.65,61262.0
WDOFUT,M30,19/02/2026,5390.015,5393.102,5387.957,5389.5,3680651179.75,68287.0
WDOFUT,M30,19/02/2026,5394.131,5396.188,5389.5,5390.015,4929807351.02,91423.0
WDOFUT,M30,19/02/2026,5388.471,5396.188,5384.87,5394.645,5229626424.5,97001.0
WDOFUT,M30,19/02/2026,5388.986,5394.131,5385.385,5387.957,4932641165.34,91508.0
WDOFUT,M30,19/02/2026,5388.986,5390.529,5383.327,5388.471,4648970883.96,86296.0
WDOFUT,M30,19/02/2026,5379.726,5390.529,5378.697,5388.986,9268941497.15,172158.0
WDOFUT,M30,19/02/2026,5385.899,5386.414,5378.697,5379.726,7494551083.62,139249.0
WDOFUT,M30,19/02/2026,5395.159,5397.732,5378.182,5385.385,17944763992.35,333137.0
WDOFUT,M30,19/02/2026,5384.87,5397.217,5382.812,5395.159,14836617129.95,275197.0
WDOFUT,M30,19/02/2026,5380.755,5389.5,5379.211,5384.87,11801448341.75,219194.0
WDOFUT,M30,19/02/2026,5392.587,5395.674,5378.182,5381.269,16041780794.49,297941.0
WDOFUT,M30,19/02/2026,5395.674,5405.449,5391.044,5392.587,14507332794.69,268736.0
WDOFUT,M30,19/02/2026,5395.674,5398.246,5388.471,5395.674,10549277224.5,195579.0
WDOFUT,M30,19/02/2026,5412.137,5418.825,5393.102,5396.188,16848754214.26,311590.0
WDOFUT,M30,18/02/2026,5400.304,5405.963,5399.79,5401.333,2641660823.65,48893.0
WDOFUT,M30,18/02/2026,5405.963,5406.478,5399.79,5400.304,3303564517.64,61155.0
WDOFUT,M30,18/02/2026,5408.021,5408.021,5399.275,5405.963,4617795582.46,85459.0
WDOFUT,M30,18/02/2026,5409.05,5413.68,5405.963,5407.507,5844104176.92,108018.0
WDOFUT,M30,18/02/2026,5406.478,5410.593,5404.42,5409.05,4011684149.63,74188.0
WDOFUT,M30,18/02/2026,5408.021,5414.709,5401.847,5405.963,10361434446.18,191586.0
WDOFUT,M30,18/02/2026,5391.044,5412.137,5391.044,5408.021,8682347669.69,160690.0
WDOFUT,M30,18/02/2026,5387.957,5400.304,5385.899,5391.044,9687334831.43,179586.0
WDOFUT,M30,18/02/2026,5379.726,5389.5,5376.124,5387.957,8385769859.03,155796.0
WDOFUT,M30,18/02/2026,5370.465,5380.24,5369.951,5379.726,9354060182.32,174008.0
WDOFUT,M30,18/02/2026,5368.922,5381.269,5356.06,5370.98,22600374420.76,420967.0
WDOFUT,M30,13/02/2026,5388.986,5388.986,5382.298,5382.298,1961062205.09,36414.0
WDOFUT,M30,13/02/2026,5393.616,5394.131,5387.443,5388.986,3445884857.41,63921.0
WDOFUT,M30,13/02/2026,5396.703,5397.217,5390.529,5393.616,2736796591.85,50737.0
WDOFUT,M30,13/02/2026,5391.558,5397.217,5389.5,5396.188,4458193338.5,82668.0
WDOFUT,M30,13/02/2026,5392.073,5394.645,5387.957,5391.558,2987990894.34,55423.0
WDOFUT,M30,13/02/2026,5392.073,5393.102,5385.385,5392.073,3950700337.52,73303.0
WDOFUT,M30,13/02/2026,5386.928,5397.217,5384.356,5392.587,4505510193.61,83555.0
WDOFUT,M30,13/02/2026,5391.044,5393.616,5383.841,5387.443,4823439922.7,89513.0
WDOFUT,M30,13/02/2026,5396.703,5398.761,5388.986,5391.044,5176579690.9,95976.0
WDOFUT,M30,13/02/2026,5395.159,5401.333,5391.558,5396.703,6391575510.06,118459.0
WDOFUT,M30,13/02/2026,5402.362,5405.963,5392.587,5394.645,5813941598.36,107703.0
WDOFUT,M30,13/02/2026,5400.304,5405.963,5393.102,5402.362,8865265429.36,164191.0
WDOFUT,M30,13/02/2026,5406.478,5416.767,5397.732,5399.79,16454049930.85,304287.0
WDOFUT,M30,13/02/2026,5380.755,5416.252,5380.24,5405.963,24195025336.46,447821.0
WDOFUT,M30,13/02/2026,5385.899,5389.5,5376.124,5381.269,10412379367.24,193475.0
WDOFUT,M30,13/02/2026,5379.211,5393.102,5368.407,5385.385,16788777491.72,312047.0
WDOFUT,M30,13/02/2026,5378.697,5388.986,5377.668,5379.726,8831806818.39,164047.0
WDOFUT,M30,13/02/2026,5385.899,5394.131,5377.153,5378.697,11691864828.37,217121.0
WDOFUT,M30,13/02/2026,5385.385,5397.217,5378.697,5385.899,14123314337.87,262124.0
WDOFUT,M30,12/02/2026,5380.24,5386.928,5377.153,5380.24,3328929447.96,61869.0
WDOFUT,M30,12/02/2026,5372.009,5387.443,5369.951,5379.726,5377043597.69,100021.0
WDOFUT,M30,12/02/2026,5366.35,5372.523,5366.35,5372.523,3710003434.9,69099.0
WDOFUT,M30,12/02/2026,5369.951,5370.98,5363.777,5366.864,3056870566.29,56965.0
WDOFUT,M30,12/02/2026,5373.552,5376.639,5365.835,5370.465,7618168689.28,141858.0
WDOFUT,M30,12/02/2026,5373.038,5378.182,5369.436,5374.067,7385614716.71,137434.0
WDOFUT,M30,12/02/2026,5364.292,5375.61,5361.719,5373.038,11028039023.31,205359.0
WDOFUT,M30,12/02/2026,5368.922,5370.465,5359.147,5364.292,7178364854.81,133853.0
WDOFUT,M30,12/02/2026,5363.777,5373.038,5362.234,5368.922,8306588406.12,154763.0
WDOFUT,M30,12/02/2026,5367.379,5368.407,5349.372,5363.777,13667906407.89,255001.0
WDOFUT,M30,12/02/2026,5338.054,5370.465,5332.395,5367.893,19113588744.84,357242.0
WDOFUT,M30,12/02/2026,5330.852,5339.598,5327.765,5338.054,11779523796.62,220851.0
WDOFUT,M30,12/02/2026,5327.765,5330.852,5320.563,5330.852,8853217935.93,166214.0
WDOFUT,M30,12/02/2026,5331.366,5333.424,5322.106,5327.251,9573962364.51,179739.0
WDOFUT,M30,12/02/2026,5329.823,5332.395,5323.649,5331.366,11477928194.43,215425.0
WDOFUT,M30,12/02/2026,5343.199,5345.257,5328.279,5329.308,11474925487.49,214995.0
WDOFUT,M30,12/02/2026,5343.713,5346.286,5340.112,5343.199,8798901346.32,164679.0
WDOFUT,M30,12/02/2026,5342.17,5351.945,5340.112,5343.199,9185600621.7,171796.0
WDOFUT,M30,12/02/2026,5344.228,5346.286,5335.482,5341.655,8513445111.27,159377.0
WDOFUT,M30,11/02/2026,5350.916,5352.974,5345.771,5348.858,2071435674.35,38721.0
WDOFUT,M30,11/02/2026,5352.459,5352.974,5348.343,5350.916,2373296368.35,44353.0
WDOFUT,M30,11/02/2026,5353.488,5355.546,5351.43,5352.459,2317374334.24,43289.0
WDOFUT,M30,11/02/2026,5351.945,5356.06,5350.916,5353.488,3317178042.65,61954.0
WDOFUT,M30,11/02/2026,5352.459,5354.003,5348.343,5351.945,3895503555.46,72794.0
WDOFUT,M30,11/02/2026,5349.887,5352.459,5347.829,5351.945,3463264133.76,64732.0
WDOFUT,M30,11/02/2026,5344.742,5352.974,5343.199,5350.401,5345828636.35,99940.0
WDOFUT,M30,11/02/2026,5343.713,5347.829,5342.684,5345.257,3469749000.18,64911.0
WDOFUT,M30,11/02/2026,5342.684,5346.286,5340.112,5343.713,5549962568.59,103862.0
WDOFUT,M30,11/02/2026,5350.401,5351.43,5341.655,5342.684,5066273574.96,94789.0
WDOFUT,M30,11/02/2026,5354.517,5355.031,5345.771,5350.401,6140336506.0,114761.0
WDOFUT,M30,11/02/2026,5359.147,5362.748,5351.945,5354.517,7585890027.0,141606.0
WDOFUT,M30,11/02/2026,5350.916,5359.662,5342.684,5358.633,11961441226.74,223513.0
WDOFUT,M30,11/02/2026,5348.343,5353.488,5342.684,5350.401,11489857428.55,214796.0
WDOFUT,M30,11/02/2026,5349.887,5353.488,5334.967,5348.343,15883535973.05,297224.0
WDOFUT,M30,11/02/2026,5352.459,5371.494,5345.257,5349.887,21027627950.18,392444.0
WDOFUT,M30,11/02/2026,5349.372,5360.176,5347.829,5352.459,8813238616.0,164623.0
WDOFUT,M30,11/02/2026,5355.031,5358.118,5346.286,5348.858,8295373337.38,154979.0
WDOFUT,M30,11/02/2026,5355.031,5356.06,5340.627,5355.031,11882940442.63,222191.0
WDOFUT,M30,10/02/2026,5366.35,5367.379,5360.691,5360.691,2354867687.96,43900.0
WDOFUT,M30,10/02/2026,5366.35,5367.379,5363.777,5366.35,2403639224.57,44798.0
WDOFUT,M30,10/02/2026,5366.35,5367.379,5364.292,5366.864,2446613400.74,45596.0
WDOFUT,M30,10/02/2026,5370.465,5372.009,5364.806,5366.35,3503177134.43,65264.0
WDOFUT,M30,10/02/2026,5373.038,5375.61,5369.436,5370.465,2395648425.97,44588.0
WDOFUT,M30,10/02/2026,5376.124,5378.182,5372.009,5372.523,3510099082.33,65301.0
WDOFUT,M30,10/02/2026,5374.067,5377.668,5370.465,5376.639,3822552186.97,71141.0
WDOFUT,M30,10/02/2026,5370.98,5375.61,5367.379,5374.067,3766512263.98,70126.0
WDOFUT,M30,10/02/2026,5368.922,5373.552,5367.379,5370.98,4098119959.56,76307.0
WDOFUT,M30,10/02/2026,5368.407,5370.98,5364.292,5369.436,5758845866.85,107289.0
WDOFUT,M30,10/02/2026,5375.095,5376.639,5368.407,5368.407,6965348021.72,129645.0
WDOFUT,M30,10/02/2026,5381.783,5382.812,5368.407,5375.61,6968460221.53,129657.0
WDOFUT,M30,10/02/2026,5366.35,5382.812,5366.35,5381.783,9905131239.72,184295.0
WDOFUT,M30,10/02/2026,5357.604,5375.095,5352.459,5366.864,13661965378.89,254681.0
WDOFUT,M30,10/02/2026,5369.951,5373.552,5354.003,5357.604,12662808148.15,236133.0
WDOFUT,M30,10/02/2026,5376.124,5377.668,5368.922,5369.436,9758469435.15,181623.0
WDOFUT,M30,10/02/2026,5374.067,5379.726,5372.009,5376.124,6733380874.99,125251.0
WDOFUT,M30,10/02/2026,5365.835,5377.668,5364.292,5374.581,11333069336.19,210968.0
WDOFUT,M30,10/02/2026,5364.806,5372.009,5358.633,5365.835,9496864018.31,177068.0
WDOFUT,M30,09/02/2026,5363.777,5369.951,5362.748,5367.379,1838953690.4,34269.0
WDOFUT,M30,09/02/2026,5361.719,5365.321,5358.633,5363.777,2686238350.47,50099.0
WDOFUT,M30,09/02/2026,5359.147,5362.748,5358.118,5361.205,2430366655.16,45339.0
WDOFUT,M30,09/02/2026,5359.662,5360.691,5356.06,5359.147,3366869086.88,62831.0
WDOFUT,M30,09/02/2026,5363.263,5366.35,5359.147,5359.662,2874557473.99,53598.0
WDOFUT,M30,09/02/2026,5365.321,5372.523,5362.234,5363.263,4995182237.47,93067.0
WDOFUT,M30,09/02/2026,5362.748,5377.668,5358.118,5365.321,8534825556.6,159055.0
WDOFUT,M30,09/02/2026,5361.205,5365.321,5359.662,5362.234,3954909992.1,73745.0
WDOFUT,M30,09/02/2026,5362.748,5366.35,5354.517,5361.719,4949569217.65,92347.0
WDOFUT,M30,09/02/2026,5359.147,5366.35,5358.118,5363.263,6970813513.23,130001.0
WDOFUT,M30,09/02/2026,5347.829,5359.662,5345.257,5359.147,7536168109.93,140835.0
WDOFUT,M30,09/02/2026,5357.089,5357.604,5347.315,5347.829,7967276765.48,148856.0
WDOFUT,M30,09/02/2026,5360.691,5361.205,5352.974,5357.089,7639074811.24,142603.0
WDOFUT,M30,09/02/2026,5373.552,5376.639,5357.089,5360.176,13590603583.76,253346.0
WDOFUT,M30,09/02/2026,5382.298,5383.327,5372.009,5373.552,7637301024.6,142040.0
WDOFUT,M30,09/02/2026,5367.379,5383.841,5365.321,5381.783,11864883316.74,220692.0
WDOFUT,M30,09/02/2026,5377.153,5377.153,5361.205,5366.864,13497368422.15,251451.0
WDOFUT,M30,09/02/2026,5376.639,5382.812,5372.009,5377.153,8228381950.66,153041.0
WDOFUT,M30,09/02/2026,5381.269,5384.87,5367.893,5376.124,14367582005.71,267271.0
WDOFUT,M30,06/02/2026,5391.044,5399.275,5386.414,5392.073,2512676389.95,46578.0
WDOFUT,M30,06/02/2026,5394.645,5395.159,5390.015,5391.044,2456609421.7,45552.0
WDOFUT,M30,06/02/2026,5393.616,5395.674,5392.073,5395.159,1971727381.18,36555.0
WDOFUT,M30,06/02/2026,5395.159,5398.246,5391.558,5393.616,2084102121.74,38631.0
WDOFUT,M30,06/02/2026,5393.102,5398.761,5390.015,5395.159,2992815289.44,55479.0
WDOFUT,M30,06/02/2026,5391.558,5396.188,5390.015,5393.102,5031086933.57,93297.0
WDOFUT,M30,06/02/2026,5384.356,5406.992,5383.841,5392.073,12065832062.49,223657.0
WDOFUT,M30,06/02/2026,5385.385,5385.899,5379.211,5384.356,5368790968.98,99739.0
WDOFUT,M30,06/02/2026,5394.131,5395.674,5384.87,5385.385,4970725157.06,92213.0
WDOFUT,M30,06/02/2026,5394.131,5395.159,5385.899,5393.616,4174635729.37,77447.0
WDOFUT,M30,06/02/2026,5401.333,5404.934,5388.986,5394.645,8596495758.32,159308.0
WDOFUT,M30,06/02/2026,5405.449,5409.05,5400.819,5401.333,5394187137.41,99817.0
WDOFUT,M30,06/02/2026,5401.333,5409.05,5396.703,5405.449,9407717772.27,174124.0
WDOFUT,M30,06/02/2026,5391.558,5404.42,5384.87,5401.847,12352802085.54,229048.0
WDOFUT,M30,06/02/2026,5401.847,5404.42,5388.986,5392.073,15058625266.1,279017.0
WDOFUT,M30,06/02/2026,5412.137,5416.252,5400.819,5401.333,12624902623.18,233413.0
WDOFUT,M30,06/02/2026,5423.969,5431.172,5409.05,5412.137,15028151463.95,277371.0
WDOFUT,M30,06/02/2026,5411.108,5426.027,5402.876,5423.969,10703795779.54,197756.0
WDOFUT,M30,06/02/2026,5421.397,5421.397,5399.275,5411.108,15146398614.61,279974.0
WDOFUT,M30,05/02/2026,5450.721,5456.895,5448.663,5451.75,3519032086.59,64538.0
WDOFUT,M30,05/02/2026,5441.975,5452.779,5439.918,5450.207,4994097356.15,91699.0
WDOFUT,M30,05/02/2026,5431.172,5443.004,5431.172,5442.49,4274863397.3,78640.0
WDOFUT,M30,05/02/2026,5429.628,5433.744,5429.114,5431.686,2613852246.74,48124.0
WDOFUT,M30,05/02/2026,5427.056,5431.172,5426.542,5429.628,2857576324.09,52636.0
WDOFUT,M30,05/02/2026,5427.571,5433.744,5424.484,5427.571,4702758915.65,86614.0
WDOFUT,M30,05/02/2026,5433.23,5433.744,5427.571,5427.571,4040301048.71,74399.0
WDOFUT,M30,05/02/2026,5435.287,5438.889,5429.628,5433.23,5922720807.52,108999.0
WDOFUT,M30,05/02/2026,5440.432,5449.178,5431.686,5435.287,7239379051.02,133037.0
WDOFUT,M30,05/02/2026,5443.519,5444.548,5435.802,5439.918,6649003349.01,122198.0
WDOFUT,M30,05/02/2026,5452.779,5464.612,5440.947,5443.519,13577164481.83,248994.0
WDOFUT,M30,05/02/2026,5434.773,5467.699,5432.715,5452.265,20942325540.45,383988.0
WDOFUT,M30,05/02/2026,5422.94,5437.86,5419.339,5434.773,12400026203.79,228356.0
WDOFUT,M30,05/02/2026,5421.397,5428.599,5412.651,5422.94,15433112415.17,284746.0
WDOFUT,M30,05/02/2026,5426.542,5431.686,5416.767,5420.883,11490584825.9,211837.0
WDOFUT,M30,05/02/2026,5436.316,5436.316,5421.911,5426.027,11319220136.28,208520.0
WDOFUT,M30,05/02/2026,5445.577,5446.091,5431.686,5436.316,10035315341.43,184541.0
WDOFUT,M30,05/02/2026,5439.918,5453.294,5435.802,5445.577,14254983860.17,261760.0
WDOFUT,M30,05/02/2026,5428.599,5440.947,5418.31,5439.918,13126180989.01,241728.0
WDOFUT,M30,04/02/2026,5420.883,5423.455,5417.281,5420.368,1876991159.35,34629.0
WDOFUT,M30,04/02/2026,5427.056,5427.056,5418.31,5420.368,4159277479.65,76708.0
WDOFUT,M30,04/02/2026,5428.599,5431.686,5424.998,5426.542,3403017853.89,62692.0
WDOFUT,M30,04/02/2026,5439.918,5440.432,5424.998,5428.599,5809253551.03,106943.0
WDOFUT,M30,04/02/2026,5436.316,5444.548,5436.316,5440.432,5313747619.96,97673.0
WDOFUT,M30,04/02/2026,5434.773,5438.374,5432.715,5436.316,3682683591.42,67754.0
WDOFUT,M30,04/02/2026,5434.259,5440.947,5432.715,5435.287,5881189572.83,108162.0
WDOFUT,M30,04/02/2026,5426.027,5440.947,5422.426,5433.744,8689542956.22,159910.0
WDOFUT,M30,04/02/2026,5426.542,5429.628,5417.796,5426.542,8904326857.07,164185.0
WDOFUT,M30,04/02/2026,5430.143,5438.374,5425.513,5426.542,6001536256.97,110473.0
WDOFUT,M30,04/02/2026,5428.599,5436.316,5427.056,5430.657,6757159900.08,124405.0
WDOFUT,M30,04/02/2026,5425.513,5436.316,5423.455,5429.114,11408675522.34,210094.0
WDOFUT,M30,04/02/2026,5424.998,5429.114,5419.854,5425.513,8773778321.01,161747.0
WDOFUT,M30,04/02/2026,5404.934,5426.027,5403.905,5424.998,15143023921.02,279551.0
WDOFUT,M30,04/02/2026,5396.703,5406.992,5396.703,5405.449,10657391394.22,197264.0
WDOFUT,M30,04/02/2026,5404.42,5406.992,5394.131,5397.217,8530273491.78,157962.0
WDOFUT,M30,04/02/2026,5397.732,5405.963,5393.102,5404.42,9070497516.03,167977.0
WDOFUT,M30,04/02/2026,5409.05,5410.079,5395.674,5397.217,8154256812.17,150944.0
WDOFUT,M30,04/02/2026,5420.368,5421.911,5403.905,5409.564,10324105483.54,190718.0
WDOFUT,M30,03/02/2026,5420.368,5423.969,5418.31,5418.825,1921038600.3,35437.0
WDOFUT,M30,03/02/2026,5427.571,5428.085,5418.31,5420.883,3622424846.14,66813.0
WDOFUT,M30,03/02/2026,5429.114,5435.287,5427.056,5428.085,3844776498.62,70799.0
WDOFUT,M30,03/02/2026,5419.854,5445.577,5417.796,5429.114,12126998585.66,223358.0
WDOFUT,M30,03/02/2026,5422.426,5428.599,5416.252,5419.854,7629567734.65,140708.0
WDOFUT,M30,03/02/2026,5418.825,5423.455,5415.738,5422.426,6284753812.09,115964.0
WDOFUT,M30,03/02/2026,5413.166,5419.854,5408.535,5418.825,5863700788.18,108330.0
WDOFUT,M30,03/02/2026,5415.223,5420.368,5411.108,5413.68,6500560148.91,120037.0
WDOFUT,M30,03/02/2026,5404.934,5417.796,5403.391,5415.738,7727208272.63,142765.0
WDOFUT,M30,03/02/2026,5404.42,5409.05,5399.275,5405.449,5897962885.36,109157.0
WDOFUT,M30,03/02/2026,5395.674,5404.934,5393.102,5404.42,7769236991.74,143971.0
WDOFUT,M30,03/02/2026,5400.819,5406.478,5395.159,5395.159,8818108396.91,163284.0
WDOFUT,M30,03/02/2026,5410.593,5419.854,5397.732,5400.819,13757476266.81,254342.0
WDOFUT,M30,03/02/2026,5390.015,5410.593,5386.414,5410.079,13025321870.84,241394.0
WDOFUT,M30,03/02/2026,5395.674,5401.847,5389.5,5390.529,10655805638.17,197491.0
WDOFUT,M30,03/02/2026,5412.137,5413.166,5391.044,5395.159,12855624247.94,238029.0
WDOFUT,M30,03/02/2026,5414.195,5415.223,5403.905,5412.137,10574772164.44,195506.0
WDOFUT,M30,03/02/2026,5422.94,5426.027,5406.478,5414.195,13336045226.76,246214.0
WDOFUT,M30,03/02/2026,5428.085,5430.657,5413.166,5423.455,11938185759.0,220286.0
WDOFUT,M30,02/02/2026,5440.947,5444.548,5439.403,5444.548,1798129290.02,33042.0
WDOFUT,M30,02/02/2026,5441.461,5443.004,5439.403,5440.947,1988348850.36,36541.0
WDOFUT,M30,02/02/2026,5440.947,5443.519,5439.918,5441.461,2245690002.52,41268.0
WDOFUT,M30,02/02/2026,5445.577,5448.149,5438.889,5441.461,3701892226.55,68016.0
WDOFUT,M30,02/02/2026,5444.548,5447.12,5443.519,5445.577,2128432105.04,39090.0
WDOFUT,M30,02/02/2026,5446.091,5447.635,5441.975,5444.548,3503763147.42,64347.0
WDOFUT,M30,02/02/2026,5442.49,5451.75,5441.975,5446.091,5508882022.9,101138.0
WDOFUT,M30,02/02/2026,5439.403,5444.033,5438.374,5441.975,2522500879.1,46358.0
WDOFUT,M30,02/02/2026,5444.033,5444.548,5433.23,5439.403,4686404688.74,86158.0
WDOFUT,M30,02/02/2026,5442.49,5446.606,5436.831,5443.519,4505878717.93,82809.0
WDOFUT,M30,02/02/2026,5447.12,5449.692,5438.889,5442.49,6464508954.7,118753.0
WDOFUT,M30,02/02/2026,5451.75,5453.808,5443.004,5446.606,7044963412.75,129341.0
WDOFUT,M30,02/02/2026,5442.49,5454.323,5437.345,5451.75,11683545983.3,214543.0
WDOFUT,M30,02/02/2026,5460.496,5463.068,5430.657,5442.49,13433675701.87,246783.0
WDOFUT,M30,02/02/2026,5441.461,5465.641,5438.374,5460.496,13305037439.13,243947.0
WDOFUT,M30,02/02/2026,5440.947,5448.149,5438.374,5441.461,6692548912.03,122961.0
WDOFUT,M30,02/02/2026,5426.542,5448.663,5425.513,5440.947,11735196107.82,215723.0
WDOFUT,M30,02/02/2026,5431.172,5435.287,5418.825,5427.056,11499951655.1,211886.0
WDOFUT,M30,02/02/2026,5450.721,5450.721,5423.455,5430.657,15907671478.91,292771.0
WDOFUT,M30,30/01/2026,5447.635,5451.236,5441.461,5443.519,2994728947.92,54982.0
WDOFUT,M30,30/01/2026,5447.12,5451.75,5442.49,5447.635,4222750375.6,77521.0
WDOFUT,M30,30/01/2026,5432.201,5449.178,5431.172,5447.12,5049321764.81,92827.0
WDOFUT,M30,30/01/2026,5435.802,5437.86,5430.143,5431.686,3748627210.08,68985.0
WDOFUT,M30,30/01/2026,5437.86,5438.889,5425.513,5435.802,9130173947.29,168076.0
WDOFUT,M30,30/01/2026,5453.294,5464.097,5433.23,5437.86,14298654097.83,262430.0
WDOFUT,M30,30/01/2026,5443.519,5465.641,5439.403,5453.808,13135153246.7,240872.0
WDOFUT,M30,30/01/2026,5443.004,5444.548,5434.259,5443.519,7326762535.34,134725.0
WDOFUT,M30,30/01/2026,5431.172,5450.721,5428.599,5443.004,12569840563.19,230935.0
WDOFUT,M30,30/01/2026,5422.426,5436.831,5418.31,5431.172,7853616673.32,144703.0
WDOFUT,M30,30/01/2026,5421.911,5428.599,5416.767,5422.426,11960462638.35,220592.0
WDOFUT,M30,30/01/2026,5413.68,5422.94,5402.362,5421.911,11247238481.73,207729.0
WDOFUT,M30,30/01/2026,5404.934,5414.195,5400.819,5413.166,11906991309.25,220183.0
WDOFUT,M30,30/01/2026,5408.535,5409.564,5398.761,5405.449,10468853856.0,193735.0
WDOFUT,M30,30/01/2026,5422.94,5423.455,5402.876,5408.535,13769801075.65,254427.0
WDOFUT,M30,30/01/2026,5402.876,5428.085,5402.876,5422.94,16200265123.55,299190.0
WDOFUT,M30,30/01/2026,5403.905,5414.195,5399.275,5403.391,13320619922.1,246390.0
WDOFUT,M30,30/01/2026,5387.443,5410.079,5378.182,5403.391,13609000408.68,252226.0
WDOFUT,M30,30/01/2026,5391.044,5400.304,5378.697,5387.957,11693131324.95,217046.0
WDOFUT,M30,29/01/2026,5375.066,5382.314,5374.031,5379.726,1973868581.43,36709.0
WDOFUT,M30,29/01/2026,5376.102,5378.69,5373.513,5375.066,2716585323.54,50535.0
WDOFUT,M30,29/01/2026,5380.243,5381.279,5373.513,5376.62,3001676416.74,55815.0
WDOFUT,M30,29/01/2026,5376.102,5381.279,5372.478,5380.243,4809482088.79,89458.0
WDOFUT,M30,29/01/2026,5376.102,5376.62,5370.407,5375.584,3856473462.27,71767.0
WDOFUT,M30,29/01/2026,5383.349,5385.42,5372.478,5376.102,5731763541.81,106557.0
WDOFUT,M30,29/01/2026,5394.738,5396.809,5380.761,5383.349,6012083690.18,111583.0
WDOFUT,M30,29/01/2026,5391.632,5399.915,5383.349,5394.221,7618575718.02,141298.0
WDOFUT,M30,29/01/2026,5401.468,5402.503,5385.938,5391.115,6430510215.95,119259.0
WDOFUT,M30,29/01/2026,5403.539,5405.092,5389.562,5401.986,7755054894.08,143634.0
WDOFUT,M30,29/01/2026,5418.552,5419.069,5398.362,5403.021,13792737774.53,255131.0
WDOFUT,M30,29/01/2026,5434.6,5434.6,5410.786,5418.552,13125795057.65,242066.0
WDOFUT,M30,29/01/2026,5383.349,5438.223,5383.349,5434.6,30620962976.93,565980.0
WDOFUT,M30,29/01/2026,5364.195,5385.938,5350.218,5383.867,18240582387.74,340009.0
WDOFUT,M30,29/01/2026,5369.89,5370.925,5359.536,5364.195,9965590613.91,185739.0
WDOFUT,M30,29/01/2026,5375.066,5379.726,5368.854,5369.89,9785143611.44,182091.0
WDOFUT,M30,29/01/2026,5378.173,5379.208,5366.266,5374.549,12808317379.58,238400.0
WDOFUT,M30,29/01/2026,5379.726,5387.491,5372.996,5378.69,10761325121.25,199976.0
WDOFUT,M30,29/01/2026,5383.867,5390.079,5363.16,5380.243,13032871226.13,242256.0
WDOFUT,M30,28/01/2026,5383.867,5385.42,5378.69,5380.761,2805056422.64,52115.0
WDOFUT,M30,28/01/2026,5386.455,5388.008,5378.173,5384.385,4062817284.5,75479.0
WDOFUT,M30,28/01/2026,5394.738,5395.256,5385.42,5386.455,4377634690.33,81222.0
WDOFUT,M30,28/01/2026,5400.95,5405.61,5392.668,5394.738,7147013763.63,132371.0
WDOFUT,M30,28/01/2026,5409.233,5412.857,5397.327,5401.468,7326487797.8,135564.0
WDOFUT,M30,28/01/2026,5401.986,5411.822,5400.433,5409.233,8535567702.86,157879.0
WDOFUT,M30,28/01/2026,5397.327,5401.986,5393.185,5401.468,4213100333.27,78071.0
WDOFUT,M30,28/01/2026,5395.256,5397.844,5388.526,5397.327,4946157853.65,91727.0
WDOFUT,M30,28/01/2026,5398.88,5400.95,5392.668,5395.774,4918326936.6,91138.0
WDOFUT,M30,28/01/2026,5400.433,5404.574,5397.844,5399.397,4013355770.52,74305.0
WDOFUT,M30,28/01/2026,5398.88,5403.539,5388.526,5400.433,13611436942.51,252279.0
WDOFUT,M30,28/01/2026,5388.008,5400.433,5383.349,5398.362,13427020461.46,248955.0
WDOFUT,M30,28/01/2026,5375.584,5394.221,5367.301,5388.008,19369259254.94,359850.0
WDOFUT,M30,28/01/2026,5375.066,5383.867,5369.372,5375.584,12089512591.12,224867.0
WDOFUT,M30,28/01/2026,5362.642,5377.137,5360.054,5375.066,13678634850.63,254734.0
WDOFUT,M30,28/01/2026,5365.231,5370.407,5360.571,5363.16,9461330441.96,176329.0
WDOFUT,M30,28/01/2026,5366.266,5374.031,5356.948,5365.231,16816624739.4,313518.0
WDOFUT,M30,28/01/2026,5381.796,5382.832,5363.16,5365.748,13000560175.89,241937.0
WDOFUT,M30,28/01/2026,5375.584,5390.597,5375.584,5381.279,12862336984.11,238924.0
WDOFUT,M30,27/01/2026,5377.655,5379.208,5363.16,5366.784,4712148808.04,87701.0
WDOFUT,M30,27/01/2026,5388.526,5392.668,5365.231,5377.655,12578259704.13,233834.0
WDOFUT,M30,27/01/2026,5396.809,5397.327,5387.491,5388.526,3197700142.39,59298.0
WDOFUT,M30,27/01/2026,5394.738,5397.844,5388.526,5396.809,5045607113.2,93565.0
WDOFUT,M30,27/01/2026,5394.221,5397.327,5386.455,5394.738,9937229344.55,184289.0
WDOFUT,M30,27/01/2026,5400.95,5403.539,5392.668,5394.221,7493887847.51,138781.0
WDOFUT,M30,27/01/2026,5400.95,5405.092,5398.88,5401.468,5983802184.87,110778.0
WDOFUT,M30,27/01/2026,5407.68,5411.822,5398.88,5400.95,6135153180.61,113509.0
WDOFUT,M30,27/01/2026,5403.539,5409.751,5401.986,5407.68,5496744265.32,101665.0
WDOFUT,M30,27/01/2026,5408.716,5412.857,5396.291,5403.021,8238116783.27,152430.0
WDOFUT,M30,27/01/2026,5408.198,5410.786,5400.95,5409.233,11962207384.71,221245.0
WDOFUT,M30,27/01/2026,5412.857,5420.622,5407.68,5408.198,9987434567.28,184436.0
WDOFUT,M30,27/01/2026,5437.706,5438.741,5409.751,5412.857,14749222153.13,271899.0
WDOFUT,M30,27/01/2026,5441.329,5442.883,5436.67,5437.706,7035923486.07,129336.0
WDOFUT,M30,27/01/2026,5437.188,5443.4,5434.082,5441.847,8256601291.62,151815.0
WDOFUT,M30,27/01/2026,5445.989,5446.506,5435.635,5436.67,11929801966.67,219257.0
WDOFUT,M30,27/01/2026,5448.059,5448.059,5441.847,5445.989,10899181749.34,200163.0
WDOFUT,M30,27/01/2026,5462.037,5465.66,5445.989,5448.059,10955731755.85,200852.0
WDOFUT,M30,27/01/2026,5468.766,5470.32,5459.448,5461.519,9676163157.48,177037.0
WDOFUT,M30,26/01/2026,5477.567,5481.708,5474.461,5476.532,2294610415.24,41890.0
WDOFUT,M30,26/01/2026,5472.908,5479.638,5468.766,5478.085,3750222354.52,68524.0
WDOFUT,M30,26/01/2026,5474.461,5475.496,5471.873,5472.908,2464775914.14,45030.0
WDOFUT,M30,26/01/2026,5474.979,5478.602,5473.943,5473.943,2903625425.11,53022.0
WDOFUT,M30,26/01/2026,5470.837,5480.155,5470.32,5474.979,5751967357.03,105043.0
WDOFUT,M30,26/01/2026,5465.66,5470.837,5465.66,5470.32,5529827129.14,101109.0
WDOFUT,M30,26/01/2026,5464.107,5466.696,5460.484,5465.66,2795555667.79,51168.0
WDOFUT,M30,26/01/2026,5467.213,5470.837,5460.484,5463.59,3816265102.2,69836.0
WDOFUT,M30,26/01/2026,5468.249,5469.802,5464.625,5467.213,2741621558.04,50147.0
WDOFUT,M30,26/01/2026,5463.59,5469.284,5462.037,5468.249,3948311083.08,72231.0
WDOFUT,M30,26/01/2026,5455.824,5465.143,5454.789,5463.072,6626148891.57,121353.0
WDOFUT,M30,26/01/2026,5465.143,5468.766,5454.271,5455.824,8921303165.39,163373.0
WDOFUT,M30,26/01/2026,5463.59,5471.873,5460.484,5465.143,7950612532.15,145477.0
WDOFUT,M30,26/01/2026,5467.213,5474.461,5461.519,5463.59,11017737902.62,201488.0
WDOFUT,M30,26/01/2026,5477.049,5480.155,5463.59,5466.696,10580080571.35,193392.0
WDOFUT,M30,26/01/2026,5479.12,5482.744,5473.943,5477.049,8354402834.19,152525.0
WDOFUT,M30,26/01/2026,5477.567,5485.332,5476.014,5479.12,9139867071.6,166783.0
WDOFUT,M30,26/01/2026,5473.943,5485.332,5473.943,5477.049,7267193924.17,132613.0
WDOFUT,M30,26/01/2026,5476.014,5477.049,5461.519,5473.943,9351404560.24,170935.0
WDOFUT,M30,23/01/2026,5483.262,5491.544,5480.155,5487.403,2539649037.22,46296.0
WDOFUT,M30,23/01/2026,5482.744,5486.368,5479.12,5483.262,3197322531.42,58312.0
WDOFUT,M30,23/01/2026,5482.744,5483.779,5472.908,5482.744,4387844645.42,80086.0
WDOFUT,M30,23/01/2026,5484.297,5486.368,5479.638,5483.262,2878897277.23,52505.0
WDOFUT,M30,23/01/2026,5484.815,5486.885,5482.226,5483.779,2757169860.6,50271.0
WDOFUT,M30,23/01/2026,5481.191,5488.956,5480.673,5485.332,4194454930.13,76457.0
WDOFUT,M30,23/01/2026,5488.438,5495.686,5480.673,5481.708,7794205640.06,142003.0
WDOFUT,M30,23/01/2026,5474.979,5489.474,5469.284,5488.438,9911603778.5,180883.0
WDOFUT,M30,23/01/2026,5492.58,5494.65,5473.426,5474.461,9199842801.64,167835.0
WDOFUT,M30,23/01/2026,5487.921,5495.168,5484.297,5492.062,3971183344.7,72343.0
WDOFUT,M30,23/01/2026,5479.638,5492.062,5477.567,5487.403,9045185619.74,164906.0
WDOFUT,M30,23/01/2026,5482.744,5487.921,5479.12,5479.638,6799176376.53,123993.0
WDOFUT,M30,23/01/2026,5495.686,5495.686,5480.673,5482.226,10157712009.2,185065.0
WDOFUT,M30,23/01/2026,5492.062,5502.416,5490.509,5495.686,7917850386.33,144049.0
WDOFUT,M30,23/01/2026,5491.544,5500.863,5488.438,5492.58,10042271748.26,182781.0
WDOFUT,M30,23/01/2026,5487.921,5495.686,5485.85,5491.027,7315407074.69,133236.0
WDOFUT,M30,23/01/2026,5483.262,5488.438,5472.908,5487.921,13842436220.08,252566.0
WDOFUT,M30,23/01/2026,5492.062,5494.65,5483.262,5483.262,7440815042.59,135551.0
WDOFUT,M30,23/01/2026,5486.368,5495.686,5483.262,5492.062,9722695532.01,177109.0
WDOFUT,M30,22/01/2026,5487.921,5495.168,5483.779,5485.332,3403944968.77,62024.0
WDOFUT,M30,22/01/2026,5479.12,5487.921,5479.12,5487.921,2621247997.61,47805.0
WDOFUT,M30,22/01/2026,5481.191,5483.779,5478.085,5479.638,3254038464.56,59366.0
WDOFUT,M30,22/01/2026,5482.744,5483.779,5479.12,5481.708,2924499122.81,53349.0
WDOFUT,M30,22/01/2026,5481.191,5484.297,5480.673,5483.262,2469164288.63,45033.0
WDOFUT,M30,22/01/2026,5491.544,5491.544,5480.155,5480.673,5070867870.48,92448.0
WDOFUT,M30,22/01/2026,5491.027,5492.062,5482.226,5491.544,6060459143.58,110452.0
WDOFUT,M30,22/01/2026,5492.58,5494.65,5484.297,5491.027,7225861557.62,131613.0
WDOFUT,M30,22/01/2026,5495.686,5499.827,5492.062,5492.58,7165712824.26,130391.0
WDOFUT,M30,22/01/2026,5491.027,5498.274,5490.509,5495.686,5057606639.81,92050.0
WDOFUT,M30,22/01/2026,5493.097,5495.168,5487.921,5490.509,9979399259.62,181720.0
WDOFUT,M30,22/01/2026,5501.898,5508.628,5492.58,5493.097,11400276833.87,207237.0
WDOFUT,M30,22/01/2026,5513.287,5515.875,5500.863,5501.898,8255124067.21,149845.0
WDOFUT,M30,22/01/2026,5518.981,5518.981,5509.145,5513.287,9301899887.31,168703.0
WDOFUT,M30,22/01/2026,5525.194,5525.711,5514.322,5518.981,7665545102.07,138867.0
WDOFUT,M30,22/01/2026,5515.875,5525.711,5513.287,5525.711,10875223773.99,197048.0
WDOFUT,M30,22/01/2026,5512.769,5518.981,5512.252,5515.358,8166727648.55,148079.0
WDOFUT,M30,22/01/2026,5511.216,5514.84,5506.039,5513.287,7288383836.05,132253.0
WDOFUT,M30,22/01/2026,5515.875,5524.158,5503.969,5511.216,13115732594.63,237828.0
WDOFUT,M30,21/01/2026,5516.911,5522.605,5516.393,5521.57,3170794991.63,57447.0
WDOFUT,M30,21/01/2026,5520.534,5522.087,5514.84,5516.911,2551559321.06,46236.0
WDOFUT,M30,21/01/2026,5519.499,5524.158,5518.464,5521.052,2476082531.89,44847.0
WDOFUT,M30,21/01/2026,5517.428,5523.641,5515.875,5520.017,5803672437.12,105136.0
WDOFUT,M30,21/01/2026,5519.499,5525.194,5516.393,5516.911,5221929933.75,94574.0
WDOFUT,M30,21/01/2026,5523.641,5525.194,5518.464,5518.981,5005287281.2,90651.0
WDOFUT,M30,21/01/2026,5526.229,5530.37,5522.087,5523.641,4670572935.4,84501.0
WDOFUT,M30,21/01/2026,5527.782,5535.029,5525.194,5526.229,5782822604.44,104565.0
WDOFUT,M30,21/01/2026,5524.158,5529.335,5522.605,5527.782,4841839916.54,87617.0
WDOFUT,M30,21/01/2026,5524.158,5525.711,5518.464,5524.158,7819411973.69,141595.0
WDOFUT,M30,21/01/2026,5524.676,5529.853,5522.605,5524.158,9328520200.45,168810.0
WDOFUT,M30,21/01/2026,5538.653,5540.724,5524.158,5524.676,10322746765.64,186577.0
WDOFUT,M30,21/01/2026,5530.37,5538.653,5527.264,5538.136,10203872229.1,184459.0
WDOFUT,M30,21/01/2026,5553.148,5553.666,5524.158,5529.853,16708800631.36,301792.0
WDOFUT,M30,21/01/2026,5550.042,5557.29,5544.348,5553.148,12735236509.6,229451.0
WDOFUT,M30,21/01/2026,5552.631,5559.36,5550.042,5550.042,10877270176.67,195824.0
WDOFUT,M30,21/01/2026,5552.631,5556.254,5545.901,5552.113,12820477832.05,230974.0
WDOFUT,M30,21/01/2026,5562.984,5565.055,5551.595,5553.148,10542985183.91,189717.0
WDOFUT,M30,21/01/2026,5573.855,5575.926,5557.807,5562.984,13092676137.45,235284.0
WDOFUT,M30,20/01/2026,5579.55,5583.691,5578.515,5582.656,1888846910.4,33844.0
WDOFUT,M30,20/01/2026,5581.103,5583.174,5578.515,5580.068,2170625103.15,38895.0
WDOFUT,M30,20/01/2026,5585.244,5586.28,5580.585,5581.103,2776946528.1,49732.0
WDOFUT,M30,20/01/2026,5582.138,5585.762,5581.621,5584.727,2455227051.33,43971.0
WDOFUT,M30,20/01/2026,5588.35,5588.868,5581.103,5582.138,4809982462.28,86136.0
WDOFUT,M30,20/01/2026,5581.103,5592.492,5579.032,5588.35,7321050884.14,131035.0
WDOFUT,M30,20/01/2026,5577.479,5586.28,5575.408,5581.103,5641919277.06,101099.0
WDOFUT,M30,20/01/2026,5571.267,5580.068,5571.267,5576.961,5729871713.05,102763.0
WDOFUT,M30,20/01/2026,5567.126,5571.785,5564.537,5571.785,3608991853.68,64819.0
WDOFUT,M30,20/01/2026,5565.573,5570.749,5564.02,5567.126,3359195197.8,60335.0
WDOFUT,M30,20/01/2026,5570.749,5572.302,5564.02,5565.573,5213098952.66,93627.0
WDOFUT,M30,20/01/2026,5566.608,5573.338,5563.502,5570.232,7195256851.56,129214.0
WDOFUT,M30,20/01/2026,5582.138,5585.244,5564.02,5567.126,12892902512.18,231244.0
WDOFUT,M30,20/01/2026,5599.222,5599.222,5580.585,5581.621,17021091755.94,304669.0
WDOFUT,M30,20/01/2026,5596.633,5600.257,5591.457,5599.222,8372285886.94,149628.0
WDOFUT,M30,20/01/2026,5601.292,5615.787,5596.633,5597.151,16483645080.73,294055.0
WDOFUT,M30,20/01/2026,5587.315,5602.328,5586.797,5601.292,14502487421.5,259156.0
WDOFUT,M30,20/01/2026,5598.704,5603.881,5583.691,5587.315,14099635310.05,252050.0
WDOFUT,M30,20/01/2026,5584.727,5599.222,5577.479,5599.222,17355275091.97,310692.0
WDOFUT,M30,19/01/2026,5573.855,5579.55,5572.82,5577.997,1714018444.26,30740.0
WDOFUT,M30,19/01/2026,5572.302,5575.408,5571.785,5573.855,1617402682.87,29020.0
WDOFUT,M30,19/01/2026,5571.785,5573.338,5570.232,5572.302,1116433839.67,20038.0
WDOFUT,M30,19/01/2026,5570.749,5572.82,5568.679,5571.785,1466415807.38,26324.0
WDOFUT,M30,19/01/2026,5571.785,5575.408,5569.714,5570.232,2160582441.37,38772.0
WDOFUT,M30,19/01/2026,5567.126,5573.855,5567.126,5571.785,3808271519.51,68366.0
WDOFUT,M30,19/01/2026,5560.396,5568.161,5558.843,5567.643,2651087102.24,47647.0
WDOFUT,M30,19/01/2026,5565.055,5569.714,5559.36,5560.396,3910325856.31,70265.0
WDOFUT,M30,19/01/2026,5562.466,5565.055,5559.878,5565.055,2831345079.21,50904.0
WDOFUT,M30,19/01/2026,5559.36,5564.02,5558.843,5561.949,2521373650.69,45336.0
WDOFUT,M30,19/01/2026,5566.09,5567.643,5552.113,5559.878,11765003266.92,211600.0
WDOFUT,M30,19/01/2026,5571.267,5574.891,5565.573,5566.09,3749576414.72,67324.0
WDOFUT,M30,19/01/2026,5573.855,5576.444,5569.714,5571.267,3563182444.49,63930.0
WDOFUT,M30,19/01/2026,5575.926,5576.961,5571.267,5574.373,3540825046.21,63518.0
WDOFUT,M30,19/01/2026,5571.267,5578.515,5570.232,5575.408,4993312302.95,89577.0
WDOFUT,M30,19/01/2026,5571.785,5576.444,5567.643,5570.749,4304911852.68,77259.0
WDOFUT,M30,19/01/2026,5576.444,5582.138,5565.573,5572.302,9068608625.08,162710.0
WDOFUT,M30,19/01/2026,5581.621,5582.656,5571.785,5576.444,6044702242.05,108394.0
WDOFUT,M30,19/01/2026,5587.833,5590.939,5576.961,5581.621,7582881331.85,135777.0
WDOFUT,M30,16/01/2026,5579.032,5580.585,5575.926,5577.479,1960460422.95,35144.0
WDOFUT,M30,16/01/2026,5581.103,5582.138,5577.997,5579.032,1648092598.97,29537.0
WDOFUT,M30,16/01/2026,5580.585,5581.621,5578.515,5580.585,1537336307.53,27550.0
WDOFUT,M30,16/01/2026,5579.55,5581.621,5579.032,5580.585,1514991670.06,27148.0
WDOFUT,M30,16/01/2026,5576.444,5580.068,5574.891,5579.55,2341917937.21,41988.0
WDOFUT,M30,16/01/2026,5577.997,5579.55,5574.373,5575.926,4111399328.27,73718.0
WDOFUT,M30,16/01/2026,5584.209,5585.762,5577.997,5578.515,2319603040.42,41557.0
WDOFUT,M30,16/01/2026,5581.621,5585.762,5579.032,5584.727,3555791844.55,63693.0
WDOFUT,M30,16/01/2026,5580.585,5584.727,5577.997,5581.621,3992961692.54,71535.0
WDOFUT,M30,16/01/2026,5583.174,5585.244,5576.444,5580.585,5077525695.06,90989.0
WDOFUT,M30,16/01/2026,5590.939,5592.492,5582.138,5583.174,5985927207.54,107139.0
WDOFUT,M30,16/01/2026,5595.598,5602.845,5589.386,5590.939,8446376873.91,150954.0
WDOFUT,M30,16/01/2026,5592.492,5596.116,5581.621,5595.08,9389282679.12,167980.0
WDOFUT,M30,16/01/2026,5597.669,5604.399,5589.903,5592.492,7491606739.28,133869.0
WDOFUT,M30,16/01/2026,5585.762,5598.704,5584.727,5597.669,8069530740.13,144318.0
WDOFUT,M30,16/01/2026,5579.55,5586.28,5576.444,5585.762,4821705765.45,86381.0
WDOFUT,M30,16/01/2026,5582.656,5584.727,5575.408,5579.032,6689474039.18,119881.0
WDOFUT,M30,16/01/2026,5582.138,5587.833,5577.479,5582.138,8001443147.98,143306.0
WDOFUT,M30,16/01/2026,5575.926,5583.691,5571.785,5582.138,9085056235.34,162855.0
WDOFUT,M30,15/01/2026,5579.55,5581.103,5574.373,5576.961,2123764664.75,38070.0
WDOFUT,M30,15/01/2026,5576.961,5582.138,5575.408,5580.068,2992923139.35,53644.0
WDOFUT,M30,15/01/2026,5576.961,5580.068,5576.444,5576.961,2690736932.69,48236.0
WDOFUT,M30,15/01/2026,5570.749,5579.55,5570.232,5576.444,4378977877.15,78533.0
WDOFUT,M30,15/01/2026,5568.679,5571.785,5567.643,5570.232,2546855058.52,45723.0
WDOFUT,M30,15/01/2026,5569.714,5572.302,5567.126,5568.161,3243092105.17,58229.0
WDOFUT,M30,15/01/2026,5573.338,5573.855,5562.466,5569.714,6557180038.04,117749.0
WDOFUT,M30,15/01/2026,5571.785,5574.891,5569.714,5573.338,3166099493.41,56815.0
WDOFUT,M30,15/01/2026,5571.785,5573.855,5565.055,5571.785,6847433555.69,122939.0
WDOFUT,M30,15/01/2026,5577.997,5579.032,5570.232,5572.302,6220880562.72,111621.0
WDOFUT,M30,15/01/2026,5579.55,5583.691,5573.855,5578.515,8806573745.73,157837.0
WDOFUT,M30,15/01/2026,5591.457,5595.598,5578.515,5579.032,9041056131.61,161845.0
WDOFUT,M30,15/01/2026,5600.257,5600.775,5589.386,5590.939,9798460254.53,175168.0
WDOFUT,M30,15/01/2026,5600.775,5609.575,5599.222,5600.257,7942731834.65,141727.0
WDOFUT,M30,15/01/2026,5609.575,5611.128,5596.116,5601.292,9710036217.67,173257.0
WDOFUT,M30,15/01/2026,5601.81,5615.27,5600.775,5609.575,12013772924.28,214211.0
WDOFUT,M30,15/01/2026,5595.08,5605.952,5588.35,5601.81,12467504903.6,222823.0
WDOFUT,M30,15/01/2026,5596.633,5600.257,5593.01,5594.563,5509866773.42,98452.0
WDOFUT,M30,15/01/2026,5603.363,5603.363,5591.974,5596.633,9773138571.54,174623.0
WDOFUT,M30,14/01/2026,5605.952,5610.611,5603.881,5610.611,1876549112.38,33473.0
WDOFUT,M30,14/01/2026,5610.093,5610.611,5603.881,5605.434,2088671889.48,37256.0
WDOFUT,M30,14/01/2026,5613.717,5615.27,5606.987,5610.093,3962737346.34,70631.0
WDOFUT,M30,14/01/2026,5609.575,5617.341,5608.54,5614.234,5954910040.33,106099.0
WDOFUT,M30,14/01/2026,5607.505,5611.646,5600.257,5610.093,4290545842.14,76551.0
WDOFUT,M30,14/01/2026,5600.775,5613.717,5600.257,5607.505,7438269917.81,132640.0
WDOFUT,M30,14/01/2026,5602.845,5605.434,5600.257,5601.292,2856475629.75,50983.0
WDOFUT,M30,14/01/2026,5591.974,5603.363,5591.974,5602.845,3591098064.26,64136.0
WDOFUT,M30,14/01/2026,5591.974,5597.151,5590.421,5591.974,4409470065.56,78825.0
WDOFUT,M30,14/01/2026,5591.974,5595.598,5589.903,5592.492,3179554983.33,56855.0
WDOFUT,M30,14/01/2026,5605.434,5607.505,5591.457,5591.974,6330678763.96,113063.0
WDOFUT,M30,14/01/2026,5595.598,5608.54,5595.08,5604.916,8264213996.78,147523.0
WDOFUT,M30,14/01/2026,5587.315,5598.186,5586.28,5595.598,8100136082.93,144852.0
WDOFUT,M30,14/01/2026,5595.08,5595.598,5577.479,5586.797,12210120241.05,218599.0
WDOFUT,M30,14/01/2026,5581.103,5638.565,5580.585,5595.08,34551829414.52,616197.0
WDOFUT,M30,14/01/2026,5583.691,5585.762,5570.232,5581.103,11228231992.66,201270.0
WDOFUT,M30,14/01/2026,5584.209,5584.727,5575.408,5583.691,14138944517.73,253405.0
WDOFUT,M30,14/01/2026,5584.727,5595.08,5583.691,5584.209,8605501516.2,153966.0
WDOFUT,M30,14/01/2026,5584.209,5587.833,5577.479,5584.727,9510100346.45,170327.0
WDOFUT,M30,13/01/2026,5588.868,5589.903,5586.797,5586.797,2117668537.99,37898.0
WDOFUT,M30,13/01/2026,5590.421,5590.421,5586.797,5588.868,2055118998.55,36775.0
WDOFUT,M30,13/01/2026,5589.386,5593.01,5587.833,5590.421,2371185544.35,42414.0
WDOFUT,M30,13/01/2026,5595.08,5596.116,5588.868,5589.386,2695248737.51,48195.0
WDOFUT,M30,13/01/2026,5594.563,5596.633,5593.01,5595.08,2392378127.46,42758.0
WDOFUT,M30,13/01/2026,5596.116,5597.669,5591.457,5594.563,3582008062.22,64035.0
WDOFUT,M30,13/01/2026,5600.775,5604.399,5596.116,5596.633,3016108881.81,53863.0
WDOFUT,M30,13/01/2026,5598.704,5604.399,5596.116,5600.775,4237267849.76,75671.0
WDOFUT,M30,13/01/2026,5599.739,5601.81,5596.633,5598.704,3024303660.65,54017.0
WDOFUT,M30,13/01/2026,5605.434,5606.469,5599.222,5599.739,4247713830.48,75829.0
WDOFUT,M30,13/01/2026,5595.08,5610.611,5593.01,5605.434,8224905260.18,146826.0
WDOFUT,M30,13/01/2026,5605.434,5605.952,5591.974,5595.598,7715205632.77,137842.0
WDOFUT,M30,13/01/2026,5591.457,5605.952,5587.315,5605.434,11116802981.85,198672.0
WDOFUT,M30,13/01/2026,5582.138,5595.08,5579.032,5590.939,9876502114.68,176786.0
WDOFUT,M30,13/01/2026,5592.492,5594.045,5582.138,5582.138,9558833723.48,171103.0
WDOFUT,M30,13/01/2026,5594.045,5597.669,5580.585,5591.974,15397381577.76,275533.0
WDOFUT,M30,13/01/2026,5595.598,5601.81,5591.457,5594.045,9111290385.43,162833.0
WDOFUT,M30,13/01/2026,5590.421,5602.328,5589.386,5596.116,9371298269.9,167441.0
WDOFUT,M30,13/01/2026,5588.35,5598.704,5585.244,5589.903,11345402343.74,202897.0
WDOFUT,M30,12/01/2026,5592.492,5595.08,5589.903,5592.492,2336301745.96,41776.0
WDOFUT,M30,12/01/2026,5590.421,5592.492,5589.386,5592.492,1545910048.49,27652.0
WDOFUT,M30,12/01/2026,5589.386,5592.492,5588.35,5590.421,1994306077.19,35676.0
WDOFUT,M30,12/01/2026,5586.797,5589.386,5585.762,5588.868,1465572698.98,26231.0
WDOFUT,M30,12/01/2026,5589.903,5589.903,5586.28,5586.797,1669596499.02,29879.0
WDOFUT,M30,12/01/2026,5587.833,5589.903,5586.797,5589.903,2468560715.72,44173.0
WDOFUT,M30,12/01/2026,5586.797,5589.903,5585.762,5588.35,2397586583.97,42909.0
WDOFUT,M30,12/01/2026,5588.35,5589.386,5584.209,5587.315,2559771721.71,45822.0
WDOFUT,M30,12/01/2026,5585.762,5590.939,5581.103,5588.35,3915032753.83,70087.0
WDOFUT,M30,12/01/2026,5583.174,5586.797,5581.103,5585.762,2576601426.04,46145.0
WDOFUT,M30,12/01/2026,5586.797,5588.868,5578.515,5583.174,6833850395.65,122402.0
WDOFUT,M30,12/01/2026,5591.457,5592.492,5584.209,5586.797,4666196017.15,83505.0
WDOFUT,M30,12/01/2026,5591.974,5596.633,5586.797,5591.457,5861400040.29,104824.0
WDOFUT,M30,12/01/2026,5590.421,5595.08,5583.174,5591.457,6420894349.88,114866.0
WDOFUT,M30,12/01/2026,5597.151,5604.399,5586.797,5589.903,10859994320.59,194091.0
WDOFUT,M30,12/01/2026,5586.28,5602.328,5584.209,5596.633,11042062301.9,197357.0
WDOFUT,M30,12/01/2026,5599.222,5603.363,5578.515,5586.28,17140196934.24,306561.0
WDOFUT,M30,12/01/2026,5576.961,5599.739,5571.267,5599.222,11631330421.2,208408.0
WDOFUT,M30,12/01/2026,5578.515,5580.068,5567.126,5576.961,11111660472.54,199344.0
WDOFUT,M30,09/01/2026,5586.28,5593.01,5583.691,5593.01,2502949400.24,44786.0
WDOFUT,M30,09/01/2026,5583.691,5586.797,5581.621,5586.28,2341998058.47,41938.0
WDOFUT,M30,09/01/2026,5585.762,5585.762,5582.656,5583.691,1721570777.64,30831.0
WDOFUT,M30,09/01/2026,5587.315,5588.868,5584.209,5585.762,2016587469.75,36098.0
WDOFUT,M30,09/01/2026,5584.727,5589.386,5584.727,5586.797,3216084153.61,57561.0
WDOFUT,M30,09/01/2026,5585.244,5585.244,5582.138,5585.244,1819453932.39,32583.0
WDOFUT,M30,09/01/2026,5585.762,5587.833,5581.621,5585.244,3182982492.86,56996.0
WDOFUT,M30,09/01/2026,5579.55,5587.315,5577.479,5585.762,4440283215.27,79549.0
WDOFUT,M30,09/01/2026,5574.891,5581.103,5572.302,5579.55,3188952730.31,57174.0
WDOFUT,M30,09/01/2026,5577.997,5581.103,5572.82,5574.891,3664121823.84,65703.0
WDOFUT,M30,09/01/2026,5574.373,5580.068,5571.785,5578.515,7069506449.01,126792.0
WDOFUT,M30,09/01/2026,5582.656,5583.691,5573.338,5574.373,6286601049.72,112742.0
WDOFUT,M30,09/01/2026,5584.209,5591.457,5577.997,5582.138,8312621934.57,148831.0
WDOFUT,M30,09/01/2026,5588.868,5589.386,5579.55,5583.691,8547381972.68,153047.0
WDOFUT,M30,09/01/2026,5586.797,5593.01,5584.209,5588.868,10423930748.56,186521.0
WDOFUT,M30,09/01/2026,5588.868,5606.469,5574.373,5587.315,22164939631.73,396938.0
WDOFUT,M30,09/01/2026,5608.022,5615.787,5587.833,5588.868,13676578694.87,244145.0
WDOFUT,M30,09/01/2026,5608.54,5613.717,5602.328,5607.505,7326893151.22,130638.0
WDOFUT,M30,09/01/2026,5620.447,5620.447,5604.399,5608.54,9746378308.93,173691.0
WDOFUT,M30,08/01/2026,5610.611,5612.164,5608.54,5609.058,1469704345.84,26195.0
WDOFUT,M30,08/01/2026,5612.681,5613.717,5609.575,5610.093,1718602988.23,30627.0
WDOFUT,M30,08/01/2026,5612.681,5613.717,5611.128,5612.681,1819033421.31,32411.0
WDOFUT,M30,08/01/2026,5614.752,5615.27,5610.611,5612.164,2441543130.15,43499.0
WDOFUT,M30,08/01/2026,5617.341,5618.894,5612.681,5614.234,2875237950.81,51201.0
WDOFUT,M30,08/01/2026,5613.717,5617.858,5611.646,5616.823,4041317857.21,71969.0
WDOFUT,M30,08/01/2026,5608.54,5615.27,5608.022,5614.234,3551896311.32,63295.0
WDOFUT,M30,08/01/2026,5610.611,5612.164,5604.916,5608.54,2893860280.97,51599.0
WDOFUT,M30,08/01/2026,5609.058,5612.681,5605.952,5611.128,3359718395.78,59893.0
WDOFUT,M30,08/01/2026,5614.234,5615.787,5605.952,5609.058,3817252860.61,68050.0
WDOFUT,M30,08/01/2026,5612.164,5619.929,5609.575,5614.234,5126494864.75,91315.0
WDOFUT,M30,08/01/2026,5616.305,5619.929,5611.646,5612.681,5634592864.2,100331.0
WDOFUT,M30,08/01/2026,5610.611,5616.305,5604.399,5616.305,6355982695.72,113321.0
WDOFUT,M30,08/01/2026,5613.199,5616.305,5604.916,5610.093,8900166890.28,158621.0
WDOFUT,M30,08/01/2026,5609.575,5620.447,5608.022,5613.199,10902085444.85,194177.0
WDOFUT,M30,08/01/2026,5606.469,5615.27,5604.399,5609.058,8282002909.5,147628.0
WDOFUT,M30,08/01/2026,5603.881,5609.058,5597.669,5606.469,10051486992.5,179386.0
WDOFUT,M30,08/01/2026,5610.093,5613.199,5601.292,5603.881,11101866498.82,198033.0
WDOFUT,M30,08/01/2026,5615.787,5619.411,5609.575,5610.093,8566503330.37,152565.0
WDOFUT,M30,07/01/2026,5612.681,5615.787,5609.575,5612.164,2061097472.28,36723.0
WDOFUT,M30,07/01/2026,5612.681,5614.234,5611.128,5612.164,1645998005.5,29327.0
WDOFUT,M30,07/01/2026,5609.575,5613.717,5609.575,5613.199,2652727281.8,47274.0
WDOFUT,M30,07/01/2026,5612.681,5614.234,5609.058,5609.575,2105079602.18,37513.0
WDOFUT,M30,07/01/2026,5610.093,5615.27,5609.575,5612.164,3042482137.57,54207.0
WDOFUT,M30,07/01/2026,5614.234,5614.752,5606.469,5610.093,5356279790.4,95482.0
WDOFUT,M30,07/01/2026,5619.929,5620.964,5611.646,5614.752,5046112327.0,89872.0
WDOFUT,M30,07/01/2026,5615.27,5622.0,5614.752,5619.411,2732354758.09,48634.0
WDOFUT,M30,07/01/2026,5614.752,5619.411,5611.646,5615.787,3746667387.12,66711.0
WDOFUT,M30,07/01/2026,5615.27,5618.894,5612.681,5614.752,3888775515.23,69252.0
WDOFUT,M30,07/01/2026,5616.823,5622.0,5614.234,5615.27,4627147559.47,82364.0
WDOFUT,M30,07/01/2026,5621.482,5624.07,5615.27,5617.341,6233144545.91,110922.0
WDOFUT,M30,07/01/2026,5614.234,5626.141,5612.164,5621.482,10958441528.6,194991.0
WDOFUT,M30,07/01/2026,5617.858,5624.588,5611.646,5613.717,9707105069.62,172788.0
WDOFUT,M30,07/01/2026,5604.916,5619.929,5601.292,5617.341,11337106808.93,202006.0
WDOFUT,M30,07/01/2026,5609.575,5612.164,5601.81,5604.916,9988613132.02,178159.0
WDOFUT,M30,07/01/2026,5605.952,5615.787,5604.399,5609.575,10862985198.51,193637.0
WDOFUT,M30,07/01/2026,5604.399,5612.681,5601.292,5606.469,8045171252.54,143457.0
WDOFUT,M30,07/01/2026,5594.045,5609.575,5591.974,5604.399,12993274416.41,231922.0
WDOFUT,M30,06/01/2026,5601.81,5605.434,5599.739,5600.257,2454331652.12,43811.0
WDOFUT,M30,06/01/2026,5601.292,5602.845,5596.633,5601.292,2542516821.29,45402.0
WDOFUT,M30,06/01/2026,5606.987,5607.505,5600.775,5600.775,2549908917.33,45502.0
WDOFUT,M30,06/01/2026,5603.363,5609.575,5602.845,5606.987,4326500098.25,77171.0
WDOFUT,M30,06/01/2026,5599.222,5605.434,5598.186,5603.363,3412464161.84,60915.0
WDOFUT,M30,06/01/2026,5605.952,5606.987,5596.633,5599.222,5564575564.69,99355.0
WDOFUT,M30,06/01/2026,5597.151,5606.469,5593.01,5605.952,4803880496.1,85774.0
WDOFUT,M30,06/01/2026,5599.222,5599.222,5590.421,5597.151,3344946094.82,59788.0
WDOFUT,M30,06/01/2026,5596.633,5600.775,5595.08,5599.222,2986348298.81,53349.0
WDOFUT,M30,06/01/2026,5591.974,5598.704,5591.974,5596.633,3963466875.86,70831.0
WDOFUT,M30,06/01/2026,5596.633,5599.739,5590.939,5591.974,6548596352.46,117031.0
WDOFUT,M30,06/01/2026,5605.952,5609.058,5596.116,5596.633,8539339831.65,152418.0
WDOFUT,M30,06/01/2026,5594.563,5605.952,5591.974,5605.952,7651845453.78,136701.0
WDOFUT,M30,06/01/2026,5602.845,5607.505,5588.35,5594.563,10758920194.44,192245.0
WDOFUT,M30,06/01/2026,5619.929,5621.482,5597.151,5603.363,15252444957.45,272058.0
WDOFUT,M30,06/01/2026,5619.929,5623.553,5613.199,5619.929,8443970896.21,150299.0
WDOFUT,M30,06/01/2026,5626.141,5632.353,5611.646,5619.411,14471100998.66,257468.0
WDOFUT,M30,06/01/2026,5639.083,5644.778,5622.517,5626.141,12508961606.42,222068.0
WDOFUT,M30,06/01/2026,5641.671,5644.26,5631.318,5638.565,11582896723.67,205480.0
WDOFUT,M30,05/01/2026,5637.53,5641.671,5635.459,5641.671,2647184544.1,46952.0
WDOFUT,M30,05/01/2026,5634.942,5637.53,5632.353,5637.53,2517401262.76,44671.0
WDOFUT,M30,05/01/2026,5633.906,5637.012,5632.871,5634.942,2954883255.98,52438.0
WDOFUT,M30,05/01/2026,5630.8,5634.942,5629.765,5633.389,3590051036.72,63736.0
WDOFUT,M30,05/01/2026,5628.729,5631.836,5626.659,5630.282,3271946127.79,58119.0
WDOFUT,M30,05/01/2026,5625.623,5630.8,5624.588,5628.212,4491286622.18,79801.0
WDOFUT,M30,05/01/2026,5625.623,5629.247,5624.588,5625.623,4024714472.01,71527.0
WDOFUT,M30,05/01/2026,5637.012,5639.601,5623.553,5625.623,6559679539.73,116510.0
WDOFUT,M30,05/01/2026,5639.083,5641.154,5632.353,5637.53,5025471864.63,89164.0
WDOFUT,M30,05/01/2026,5643.224,5644.26,5637.012,5638.565,4074529643.93,72241.0
WDOFUT,M30,05/01/2026,5643.742,5648.401,5638.048,5643.224,7614463670.5,134925.0
WDOFUT,M30,05/01/2026,5647.366,5654.096,5641.671,5643.224,7039078018.01,124648.0
WDOFUT,M30,05/01/2026,5664.967,5670.144,5644.26,5647.366,11391882701.83,201336.0
WDOFUT,M30,05/01/2026,5660.308,5669.108,5655.649,5664.967,9982216875.38,176275.0
WDOFUT,M30,05/01/2026,5673.25,5676.356,5655.649,5660.308,12327490400.89,217562.0
WDOFUT,M30,05/01/2026,5679.98,5683.603,5671.697,5673.25,7056695604.7,124296.0
WDOFUT,M30,05/01/2026,5669.108,5683.603,5668.591,5679.98,12760287135.59,224810.0
WDOFUT,M30,05/01/2026,5658.237,5673.768,5653.06,5668.591,10916278291.59,192666.0
WDOFUT,M30,05/01/2026,5647.884,5666.52,5647.884,5658.237,11650224351.92,205832.0
WDOFUT,M30,02/01/2026,5655.131,5657.202,5644.778,5648.919,2284552316.26,40421.0
WDOFUT,M30,02/01/2026,5658.755,5659.273,5655.131,5655.649,1610601129.76,28469.0
WDOFUT,M30,02/01/2026,5653.578,5659.273,5653.06,5658.755,2918284447.44,51600.0
WDOFUT,M30,02/01/2026,5652.543,5654.613,5647.884,5654.096,3026247971.75,53555.0
WDOFUT,M30,02/01/2026,5656.166,5658.237,5650.472,5652.543,4414235031.19,78072.0
WDOFUT,M30,02/01/2026,5650.472,5656.684,5649.437,5656.166,3766353414.11,66623.0
WDOFUT,M30,02/01/2026,5653.578,5655.649,5646.848,5650.99,3467466156.44,61360.0
WDOFUT,M30,02/01/2026,5649.954,5655.649,5648.401,5653.578,3572190694.57,63192.0
WDOFUT,M30,02/01/2026,5653.578,5655.649,5646.848,5649.954,5223158428.67,92437.0
WDOFUT,M30,02/01/2026,5663.932,5664.449,5653.06,5654.096,5339013283.61,94334.0
WDOFUT,M30,02/01/2026,5668.591,5673.768,5661.343,5663.414,6844449557.74,120770.0
WDOFUT,M30,02/01/2026,5681.015,5682.568,5667.038,5668.591,6403105877.18,112836.0
WDOFUT,M30,02/01/2026,5668.591,5685.674,5667.038,5681.015,8756163666.85,154233.0
WDOFUT,M30,02/01/2026,5655.131,5673.768,5655.131,5668.591,10516329389.03,185583.0
WDOFUT,M30,02/01/2026,5663.414,5668.073,5649.954,5655.131,9936178688.07,175599.0
WDOFUT,M30,02/01/2026,5668.591,5672.732,5652.025,5663.414,12708431840.44,224487.0
WDOFUT,M30,02/01/2026,5664.967,5674.803,5663.414,5668.591,7766222173.21,136980.0
WDOFUT,M30,02/01/2026,5678.944,5684.639,5660.826,5664.967,10755406310.08,189587.0
WDOFUT,M30,02/01/2026,5701.722,5702.758,5675.321,5678.944,14488541140.34,254733.0
WDOFUT,M30,30/12/2025,5713.111,5716.217,5707.934,5714.147,2802879937.45,49064.0
WDOFUT,M30,30/12/2025,5716.735,5718.806,5708.97,5713.111,3312083187.86,57952.0
WDOFUT,M30,30/12/2025,5722.947,5726.571,5715.182,5716.735,2838772232.5,49625.0
WDOFUT,M30,30/12/2025,5723.465,5725.536,5720.876,5723.465,2823428656.66,49334.0
WDOFUT,M30,30/12/2025,5727.089,5728.642,5720.359,5723.465,3769900849.27,65863.0
WDOFUT,M30,30/12/2025,5728.642,5733.301,5724.5,5727.089,5987843066.98,104511.0
WDOFUT,M30,30/12/2025,5722.429,5729.677,5720.876,5728.642,4499956335.74,78594.0
WDOFUT,M30,30/12/2025,5729.677,5730.712,5720.876,5721.912,4126382940.84,72067.0
WDOFUT,M30,30/12/2025,5735.889,5737.96,5727.089,5730.195,4500355218.17,78524.0
WDOFUT,M30,30/12/2025,5731.748,5740.548,5728.642,5735.889,5441376012.46,94875.0
WDOFUT,M30,30/12/2025,5735.889,5736.924,5724.5,5731.23,8740306024.89,152526.0
WDOFUT,M30,30/12/2025,5725.536,5738.478,5724.5,5735.371,7664736124.28,133708.0
WDOFUT,M30,30/12/2025,5732.783,5741.066,5722.947,5725.018,10165468846.69,177344.0
WDOFUT,M30,30/12/2025,5736.924,5740.031,5726.053,5732.783,7239069933.21,126285.0
WDOFUT,M30,30/12/2025,5736.924,5743.137,5727.089,5737.442,13784445288.86,240304.0
WDOFUT,M30,30/12/2025,5746.243,5749.349,5729.677,5736.924,11423867655.38,199067.0
WDOFUT,M30,30/12/2025,5757.114,5764.879,5738.995,5746.243,15253966412.39,265102.0
WDOFUT,M30,30/12/2025,5777.303,5780.41,5756.596,5757.632,9709281596.23,168342.0
WDOFUT,M30,30/12/2025,5802.152,5806.294,5762.291,5777.821,16474703435.29,284992.0
WDOFUT,M30,29/12/2025,5815.094,5819.79,5813.529,5815.094,2158870440.86,37117.0
WDOFUT,M30,29/12/2025,5814.051,5816.138,5811.963,5815.094,1861338530.48,32013.0
WDOFUT,M30,29/12/2025,5813.007,5815.094,5804.137,5813.529,3880603573.76,66800.0
WDOFUT,M30,29/12/2025,5823.442,5826.051,5810.92,5813.529,3941583676.52,67749.0
WDOFUT,M30,29/12/2025,5821.355,5826.051,5819.268,5823.442,3432440800.47,58952.0
WDOFUT,M30,29/12/2025,5826.573,5828.138,5820.834,5820.834,4555008115.5,78203.0
WDOFUT,M30,29/12/2025,5823.964,5829.182,5820.312,5826.573,4387515013.76,75332.0
WDOFUT,M30,29/12/2025,5821.877,5825.529,5819.79,5823.964,2426005662.26,41666.0
WDOFUT,M30,29/12/2025,5821.877,5823.964,5819.268,5821.877,2203014356.61,37843.0
WDOFUT,M30,29/12/2025,5820.834,5827.616,5819.268,5822.399,5312743023.21,91219.0
WDOFUT,M30,29/12/2025,5808.833,5821.877,5805.702,5820.834,9277729424.53,159613.0
WDOFUT,M30,29/12/2025,5811.442,5816.138,5804.137,5808.833,9506928052.23,163648.0
WDOFUT,M30,29/12/2025,5815.616,5825.008,5810.398,5810.92,11798580241.7,202837.0
WDOFUT,M30,29/12/2025,5815.616,5818.746,5808.311,5815.616,7554673512.95,129956.0
WDOFUT,M30,29/12/2025,5818.225,5822.921,5814.051,5816.138,8193602604.98,140826.0
WDOFUT,M30,29/12/2025,5818.746,5822.399,5816.138,5818.225,5224221560.06,89775.0
WDOFUT,M30,29/12/2025,5808.833,5824.486,5808.311,5818.225,12831943382.23,220587.0
WDOFUT,M30,29/12/2025,5802.572,5810.398,5799.963,5808.833,9014972355.9,155296.0
WDOFUT,M30,29/12/2025,5786.919,5809.355,5784.31,5802.572,11449670292.43,197473.0
WDOFUT,M30,26/12/2025,5787.44,5791.615,5781.179,5786.919,1886425529.85,32605.0
WDOFUT,M30,26/12/2025,5789.527,5791.093,5784.832,5786.919,1691098492.04,29220.0
WDOFUT,M30,26/12/2025,5788.484,5792.136,5787.962,5789.527,1364742676.05,23570.0
WDOFUT,M30,26/12/2025,5789.006,5794.223,5786.397,5788.484,2726976132.48,47095.0
WDOFUT,M30,26/12/2025,5787.44,5791.093,5786.919,5789.527,1821535633.33,31466.0
WDOFUT,M30,26/12/2025,5790.571,5791.615,5786.919,5787.962,2365313867.13,40855.0
WDOFUT,M30,26/12/2025,5784.31,5791.615,5783.266,5790.571,2369870260.74,40943.0
WDOFUT,M30,26/12/2025,5771.266,5790.571,5770.744,5784.832,6623821793.59,114566.0
WDOFUT,M30,26/12/2025,5783.266,5783.266,5768.657,5771.266,5403424012.46,93568.0
WDOFUT,M30,26/12/2025,5781.179,5784.31,5779.614,5782.745,2053003316.47,35505.0
WDOFUT,M30,26/12/2025,5779.092,5784.832,5777.527,5781.701,5520256578.1,95482.0
WDOFUT,M30,26/12/2025,5770.744,5781.179,5769.179,5779.092,6642153698.97,115014.0
WDOFUT,M30,26/12/2025,5783.788,5784.31,5763.439,5771.266,10913565227.89,189064.0
WDOFUT,M30,26/12/2025,5786.397,5790.049,5782.223,5783.788,6702701773.36,115834.0
WDOFUT,M30,26/12/2025,5797.354,5797.354,5784.31,5786.397,9623903049.84,166238.0
WDOFUT,M30,26/12/2025,5800.485,5804.137,5795.267,5797.354,6768653638.07,116727.0
WDOFUT,M30,26/12/2025,5799.441,5808.311,5794.223,5800.485,10585178892.7,182492.0
WDOFUT,M30,26/12/2025,5809.876,5812.485,5796.832,5799.963,7776135253.2,133961.0
WDOFUT,M30,26/12/2025,5791.615,5810.92,5784.31,5809.876,14091421141.79,243010.0
WDOFUT,M30,23/12/2025,5774.918,5774.918,5763.439,5769.179,3059887711.79,53047.0
WDOFUT,M30,23/12/2025,5775.962,5778.049,5772.831,5774.918,2641066332.7,45733.0
WDOFUT,M30,23/12/2025,5777.005,5779.092,5773.874,5775.962,2443263124.0,42294.0
WDOFUT,M30,23/12/2025,5784.832,5785.353,5775.962,5777.005,3809908460.22,65920.0
WDOFUT,M30,23/12/2025,5784.832,5786.397,5780.657,5784.31,2234835537.55,38639.0
WDOFUT,M30,23/12/2025,5785.353,5789.527,5782.745,5784.832,3060060411.47,52890.0
WDOFUT,M30,23/12/2025,5787.962,5790.049,5782.745,5784.832,3824053988.32,66083.0
WDOFUT,M30,23/12/2025,5788.484,5789.006,5780.657,5787.962,3872360238.32,66935.0
WDOFUT,M30,23/12/2025,5786.397,5790.049,5781.701,5788.484,4249562542.98,73448.0
WDOFUT,M30,23/12/2025,5791.093,5792.658,5781.179,5786.397,4562161923.02,78841.0
WDOFUT,M30,23/12/2025,5792.658,5794.745,5787.44,5791.093,4615128544.38,79696.0
WDOFUT,M30,23/12/2025,5782.223,5793.702,5779.092,5793.18,7561738792.26,130680.0
WDOFUT,M30,23/12/2025,5803.093,5805.181,5780.657,5782.745,15366421143.2,265252.0
WDOFUT,M30,23/12/2025,5824.486,5831.269,5802.05,5803.093,11925440800.11,205025.0
WDOFUT,M30,23/12/2025,5828.66,5829.182,5819.268,5824.486,7951174322.59,136521.0
WDOFUT,M30,23/12/2025,5834.921,5843.27,5818.225,5829.182,14561006064.24,249711.0
WDOFUT,M30,23/12/2025,5838.574,5840.661,5826.573,5834.921,11983065491.83,205370.0
WDOFUT,M30,23/12/2025,5839.617,5841.704,5828.138,5839.095,10632856862.09,182197.0
WDOFUT,M30,23/12/2025,5831.791,5846.922,5825.008,5839.617,16219805765.42,277952.0
WDOFUT,M30,22/12/2025,5842.748,5847.965,5839.617,5842.226,2804235576.75,47984.0
WDOFUT,M30,22/12/2025,5838.574,5846.4,5838.574,5842.226,4362580219.07,74665.0
WDOFUT,M30,22/12/2025,5834.921,5839.095,5833.878,5839.095,3341872674.66,57256.0
WDOFUT,M30,22/12/2025,5830.747,5838.574,5829.704,5834.921,5610964093.99,96172.0
WDOFUT,M30,22/12/2025,5833.878,5835.443,5827.095,5830.747,6068667169.58,104072.0
WDOFUT,M30,22/12/2025,5849.009,5849.009,5831.269,5833.878,8244123484.91,141179.0
WDOFUT,M30,22/12/2025,5840.661,5858.401,5840.661,5849.009,11067155376.26,189140.0
WDOFUT,M30,22/12/2025,5838.052,5848.487,5836.487,5840.661,10330983239.15,176843.0
WDOFUT,M30,22/12/2025,5830.747,5840.139,5827.095,5837.53,9772740641.04,167511.0
WDOFUT,M30,22/12/2025,5827.095,5835.443,5821.877,5830.747,9708075709.62,166577.0
WDOFUT,M30,22/12/2025,5810.92,5830.747,5808.833,5826.573,14008882526.06,240773.0
WDOFUT,M30,22/12/2025,5792.658,5813.529,5791.615,5810.92,13116518631.67,225932.0
WDOFUT,M30,22/12/2025,5794.745,5796.832,5787.44,5793.18,8913020091.63,153878.0
WDOFUT,M30,22/12/2025,5801.006,5802.572,5792.136,5794.745,9462558931.37,163224.0
WDOFUT,M30,22/12/2025,5783.266,5801.528,5776.483,5800.485,11488145527.16,198461.0
WDOFUT,M30,22/12/2025,5778.049,5786.919,5778.049,5783.266,7655805413.28,132382.0
WDOFUT,M30,22/12/2025,5776.483,5786.397,5765.526,5778.049,14819534883.79,256540.0
WDOFUT,M30,22/12/2025,5779.614,5784.832,5769.179,5776.483,10890612480.23,188540.0
WDOFUT,M30,22/12/2025,5779.614,5793.702,5777.527,5779.092,12969604190.43,224159.0
WDOFUT,M30,19/12/2025,5794.223,5802.572,5792.136,5796.832,2665121313.31,45973.0
WDOFUT,M30,19/12/2025,5784.31,5800.485,5783.788,5794.223,5215010664.97,90036.0
WDOFUT,M30,19/12/2025,5781.179,5785.353,5778.57,5784.31,2953246034.6,51076.0
WDOFUT,M30,19/12/2025,5779.614,5782.745,5778.57,5781.179,2506728549.44,43364.0
WDOFUT,M30,19/12/2025,5782.745,5784.31,5775.962,5779.614,5010924441.48,86704.0
WDOFUT,M30,19/12/2025,5780.136,5784.832,5779.614,5782.745,4017090228.64,69471.0
WDOFUT,M30,19/12/2025,5781.701,5784.31,5775.44,5780.136,5517573390.9,95461.0
WDOFUT,M30,19/12/2025,5769.179,5783.266,5767.613,5781.701,6354629114.17,110028.0
WDOFUT,M30,19/12/2025,5761.874,5771.787,5760.309,5769.179,4125339751.94,71542.0
WDOFUT,M30,19/12/2025,5754.047,5763.439,5753.526,5761.874,3118174505.06,54143.0
WDOFUT,M30,19/12/2025,5762.396,5762.396,5753.004,5754.047,6066549003.95,105381.0
WDOFUT,M30,19/12/2025,5758.743,5762.396,5753.004,5762.396,7590284142.08,131864.0
WDOFUT,M30,19/12/2025,5756.134,5764.483,5753.526,5759.265,8942786011.17,155280.0
WDOFUT,M30,19/12/2025,5757.178,5759.787,5747.786,5756.656,14548483023.04,252839.0
WDOFUT,M30,19/12/2025,5762.917,5769.179,5755.091,5757.7,14307123643.12,248296.0
WDOFUT,M30,19/12/2025,5775.44,5781.179,5761.874,5763.439,12772152104.89,221217.0
WDOFUT,M30,19/12/2025,5791.093,5791.093,5773.353,5775.962,12144607876.58,210045.0
WDOFUT,M30,19/12/2025,5794.745,5798.398,5782.745,5791.093,12312834760.23,212587.0
WDOFUT,M30,19/12/2025,5775.962,5796.31,5771.266,5794.223,17090869202.38,295477.0
WDOFUT,M30,18/12/2025,5775.962,5778.049,5772.309,5775.44,2228685281.17,38592.0
WDOFUT,M30,18/12/2025,5774.918,5778.57,5773.353,5775.962,2898555907.02,50183.0
WDOFUT,M30,18/12/2025,5775.962,5777.005,5770.222,5775.44,2368836181.01,41026.0
WDOFUT,M30,18/12/2025,5772.831,5777.527,5770.744,5775.962,2786105428.27,48250.0
WDOFUT,M30,18/12/2025,5771.787,5775.962,5768.135,5772.831,3553902254.04,61572.0
WDOFUT,M30,18/12/2025,5762.917,5772.831,5761.874,5771.787,5806089484.47,100675.0
WDOFUT,M30,18/12/2025,5768.135,5770.222,5762.396,5763.439,4092563888.57,70989.0
WDOFUT,M30,18/12/2025,5782.223,5784.31,5767.613,5768.135,5504716126.59,95316.0
WDOFUT,M30,18/12/2025,5769.179,5784.832,5764.483,5782.223,9344875201.88,161767.0
WDOFUT,M30,18/12/2025,5770.744,5774.918,5764.483,5769.7,5511546579.4,95529.0
WDOFUT,M30,18/12/2025,5765.526,5770.744,5753.526,5770.744,12811874462.08,222307.0
WDOFUT,M30,18/12/2025,5765.526,5775.44,5754.569,5765.526,11156951130.26,193477.0
WDOFUT,M30,18/12/2025,5783.266,5785.875,5765.004,5765.004,10579457779.3,183163.0
WDOFUT,M30,18/12/2025,5789.006,5795.267,5777.005,5783.788,11740653921.64,202882.0
WDOFUT,M30,18/12/2025,5792.658,5795.267,5780.136,5788.484,12135872561.74,209694.0
WDOFUT,M30,18/12/2025,5790.049,5795.267,5769.179,5792.658,22807964758.4,394499.0
WDOFUT,M30,18/12/2025,5810.398,5811.963,5787.962,5790.571,17126314274.81,295359.0
WDOFUT,M30,18/12/2025,5770.222,5814.051,5769.7,5810.92,21551062493.31,371967.0
WDOFUT,M30,18/12/2025,5759.265,5777.005,5756.134,5770.222,14884889805.22,257999.0
WDOFUT,M30,17/12/2025,5768.657,5780.657,5765.526,5775.44,3104559019.26,53795.0
WDOFUT,M30,17/12/2025,5768.135,5771.266,5762.917,5768.657,3369408791.29,58430.0
WDOFUT,M30,17/12/2025,5777.005,5778.57,5767.092,5768.657,3105812663.8,53808.0
WDOFUT,M30,17/12/2025,5775.962,5783.266,5772.309,5776.483,5581608278.14,96606.0
WDOFUT,M30,17/12/2025,5773.353,5775.962,5770.744,5775.962,2364433160.82,40954.0
WDOFUT,M30,17/12/2025,5772.309,5777.527,5771.787,5773.874,3286086590.98,56909.0
WDOFUT,M30,17/12/2025,5768.657,5781.179,5768.135,5772.309,8743520169.36,151452.0
WDOFUT,M30,17/12/2025,5766.048,5770.222,5761.352,5768.135,6078008490.79,105415.0
WDOFUT,M30,17/12/2025,5779.092,5779.092,5764.483,5766.57,8251067088.13,142986.0
WDOFUT,M30,17/12/2025,5777.005,5786.397,5774.396,5779.092,7222823974.88,124965.0
WDOFUT,M30,17/12/2025,5777.005,5786.397,5771.266,5777.005,10498644130.75,181690.0
WDOFUT,M30,17/12/2025,5763.961,5780.657,5763.439,5777.005,12272178648.68,212519.0
WDOFUT,M30,17/12/2025,5754.569,5766.57,5752.482,5764.483,9734864233.17,169020.0
WDOFUT,M30,17/12/2025,5758.221,5758.743,5745.699,5754.569,10686128685.88,185761.0
WDOFUT,M30,17/12/2025,5754.569,5763.439,5745.177,5758.221,17117789096.45,297473.0
WDOFUT,M30,17/12/2025,5762.396,5773.874,5751.96,5754.047,15368817494.16,266645.0
WDOFUT,M30,17/12/2025,5747.786,5768.135,5743.09,5762.917,18280507775.99,317501.0
WDOFUT,M30,17/12/2025,5740.481,5758.743,5737.873,5747.264,12931478137.88,224890.0
WDOFUT,M30,17/12/2025,5756.134,5775.962,5737.873,5741.003,19569350722.33,340100.0
WDOFUT,M30,16/12/2025,5722.741,5781.701,5721.698,5769.179,10445368597.19,181553.0
WDOFUT,M30,16/12/2025,5726.915,5727.437,5720.132,5722.22,3650697842.11,63784.0
WDOFUT,M30,16/12/2025,5718.045,5728.481,5716.48,5726.915,3372925313.56,58930.0
WDOFUT,M30,16/12/2025,5721.176,5722.22,5716.48,5717.524,2381734132.72,41647.0
WDOFUT,M30,16/12/2025,5718.567,5727.437,5715.958,5721.176,5058045403.65,88429.0
WDOFUT,M30,16/12/2025,5715.958,5719.611,5710.741,5719.089,4405199536.64,77073.0
WDOFUT,M30,16/12/2025,5713.871,5720.132,5711.784,5715.958,4983525304.36,87195.0
WDOFUT,M30,16/12/2025,5713.871,5714.915,5707.61,5713.871,4098033854.6,71749.0
WDOFUT,M30,16/12/2025,5714.915,5715.437,5700.305,5713.349,10745315271.7,188272.0
WDOFUT,M30,16/12/2025,5718.045,5725.872,5712.828,5715.437,6526425182.03,114110.0
WDOFUT,M30,16/12/2025,5721.698,5725.872,5717.524,5717.524,7566383479.3,132242.0
WDOFUT,M30,16/12/2025,5720.132,5730.568,5717.002,5722.22,12166620786.07,212590.0
WDOFUT,M30,16/12/2025,5705.001,5720.654,5702.392,5720.654,11111579773.12,194535.0
WDOFUT,M30,16/12/2025,5700.305,5711.784,5699.262,5704.479,11482921652.58,201243.0
WDOFUT,M30,16/12/2025,5697.175,5713.349,5693.522,5699.784,12659776452.76,221920.0
WDOFUT,M30,16/12/2025,5683.087,5707.088,5670.565,5696.653,21188543971.66,372309.0
WDOFUT,M30,16/12/2025,5688.305,5691.957,5679.435,5683.087,8478500922.16,149121.0
WDOFUT,M30,16/12/2025,5688.305,5694.566,5684.131,5688.826,11970990580.72,210374.0
WDOFUT,M30,16/12/2025,5675.261,5713.349,5668.999,5688.826,31939141352.37,561728.0
WDOFUT,M30,15/12/2025,5674.739,5677.348,5667.956,5670.043,2041999947.98,35991.0
WDOFUT,M30,15/12/2025,5674.739,5675.261,5669.521,5674.739,3150806668.57,55544.0
WDOFUT,M30,15/12/2025,5676.304,5678.391,5673.173,5674.739,2371040026.01,41779.0
WDOFUT,M30,15/12/2025,5677.348,5677.869,5674.217,5676.304,2510569323.85,44230.0
WDOFUT,M30,15/12/2025,5678.913,5681.0,5675.782,5676.826,2524512995.93,44459.0
WDOFUT,M30,15/12/2025,5678.913,5679.956,5673.695,5678.913,6099472610.89,107446.0
WDOFUT,M30,15/12/2025,5670.043,5681.0,5667.956,5678.913,5725624438.93,100921.0
WDOFUT,M30,15/12/2025,5663.782,5672.13,5661.695,5670.565,4838830726.37,85373.0
WDOFUT,M30,15/12/2025,5661.173,5664.825,5658.564,5663.26,2761482488.54,48776.0
WDOFUT,M30,15/12/2025,5649.694,5663.782,5649.172,5661.173,5054165063.63,89329.0
WDOFUT,M30,15/12/2025,5656.477,5656.999,5648.129,5650.216,8351071778.51,147735.0
WDOFUT,M30,15/12/2025,5665.869,5667.434,5654.39,5656.477,7228643248.31,127726.0
WDOFUT,M30,15/12/2025,5660.651,5667.434,5652.825,5665.869,10535240910.08,186136.0
WDOFUT,M30,15/12/2025,5650.216,5666.39,5647.607,5661.173,12633632697.66,223326.0
WDOFUT,M30,15/12/2025,5643.954,5650.737,5641.346,5649.694,10415383780.7,184446.0
WDOFUT,M30,15/12/2025,5642.911,5644.998,5635.084,5643.954,7340101978.29,130125.0
WDOFUT,M30,15/12/2025,5641.346,5646.563,5634.041,5642.911,10814155837.21,191733.0
WDOFUT,M30,15/12/2025,5665.347,5665.347,5639.78,5641.867,12810001704.38,226716.0
WDOFUT,M30,15/12/2025,5655.955,5666.912,5650.216,5664.825,10228519590.97,180813.0
WDOFUT,M30,12/12/2025,5675.782,5682.043,5667.434,5669.521,2395988788.41,42206.0
WDOFUT,M30,12/12/2025,5672.652,5678.391,5671.608,5675.261,2849151645.16,50209.0
WDOFUT,M30,12/12/2025,5668.478,5677.348,5666.39,5673.173,2748406885.57,48465.0
WDOFUT,M30,12/12/2025,5669.521,5671.086,5665.869,5668.478,2276531650.88,40161.0
WDOFUT,M30,12/12/2025,5661.695,5671.086,5661.695,5669.521,5573884502.7,98354.0
WDOFUT,M30,12/12/2025,5656.999,5664.825,5655.433,5662.216,3257487248.7,57557.0
WDOFUT,M30,12/12/2025,5658.564,5662.216,5651.781,5657.52,5242238109.42,92668.0
WDOFUT,M30,12/12/2025,5664.303,5666.39,5648.129,5658.042,12459974563.1,220307.0
WDOFUT,M30,12/12/2025,5663.782,5666.39,5659.086,5664.825,4513910291.6,79712.0
WDOFUT,M30,12/12/2025,5675.261,5677.869,5662.216,5663.782,7018055373.97,123776.0
WDOFUT,M30,12/12/2025,5674.217,5681.522,5668.999,5675.261,9892816735.2,174339.0
WDOFUT,M30,12/12/2025,5674.739,5683.087,5664.825,5673.695,12826760560.28,226099.0
WDOFUT,M30,12/12/2025,5639.259,5681.522,5638.737,5674.217,15865651243.07,280355.0
WDOFUT,M30,12/12/2025,5644.476,5647.085,5635.084,5639.259,7432300923.62,131750.0
WDOFUT,M30,12/12/2025,5643.433,5651.781,5641.867,5644.476,8673145232.96,153600.0
WDOFUT,M30,12/12/2025,5643.433,5651.259,5639.259,5643.433,11996768577.1,212545.0
WDOFUT,M30,12/12/2025,5656.999,5660.129,5634.041,5643.954,17538940269.89,310543.0
WDOFUT,M30,12/12/2025,5666.39,5672.652,5655.955,5657.52,10111501688.45,178463.0
WDOFUT,M30,12/12/2025,5665.869,5676.826,5663.26,5666.912,12577564583.22,221822.0
WDOFUT,M30,11/12/2025,5664.825,5668.478,5661.695,5667.956,3128466391.97,55227.0
WDOFUT,M30,11/12/2025,5664.825,5667.434,5663.782,5664.303,2240714882.02,39552.0
WDOFUT,M30,11/12/2025,5662.738,5665.347,5662.216,5664.303,2294824136.76,40519.0
WDOFUT,M30,11/12/2025,5660.129,5663.782,5658.564,5662.738,2256855162.19,39867.0
WDOFUT,M30,11/12/2025,5656.999,5663.782,5654.39,5660.129,5827111104.34,102961.0
WDOFUT,M30,11/12/2025,5667.434,5668.478,5653.346,5656.999,8140031276.45,143813.0
WDOFUT,M30,11/12/2025,5671.086,5675.261,5662.216,5667.434,7552356590.59,133243.0
WDOFUT,M30,11/12/2025,5666.39,5675.782,5665.869,5671.086,7352915450.69,129672.0
WDOFUT,M30,11/12/2025,5663.782,5666.39,5660.129,5666.39,4130490892.2,72938.0
WDOFUT,M30,11/12/2025,5665.347,5665.347,5656.477,5663.782,5920627579.38,104596.0
WDOFUT,M30,11/12/2025,5663.26,5667.434,5659.086,5665.347,8027008492.27,141727.0
WDOFUT,M30,11/12/2025,5666.912,5671.086,5660.651,5663.782,9385287945.61,165639.0
WDOFUT,M30,11/12/2025,5679.956,5681.522,5664.825,5666.912,14281198409.29,251697.0
WDOFUT,M30,11/12/2025,5689.348,5689.87,5678.391,5679.956,10126780948.58,178151.0
WDOFUT,M30,11/12/2025,5688.826,5691.435,5679.956,5689.348,10501042307.89,184681.0
WDOFUT,M30,11/12/2025,5694.044,5695.088,5685.696,5688.826,9110428343.51,160109.0
WDOFUT,M30,11/12/2025,5705.523,5711.784,5688.826,5694.566,16080000786.72,282138.0
WDOFUT,M30,11/12/2025,5724.828,5727.437,5703.436,5705.523,13739026153.69,240423.0
WDOFUT,M30,11/12/2025,5738.916,5739.438,5722.22,5724.828,13084126486.24,228381.0
WDOFUT,M30,10/12/2025,5736.307,5739.438,5732.655,5736.307,2445463358.37,42631.0
WDOFUT,M30,10/12/2025,5728.481,5737.873,5725.872,5736.307,4244398765.53,74049.0
WDOFUT,M30,10/12/2025,5730.568,5733.177,5718.045,5727.959,8439525704.13,147398.0
WDOFUT,M30,10/12/2025,5739.96,5745.699,5727.437,5730.568,13025669675.16,227087.0
WDOFUT,M30,10/12/2025,5749.351,5749.873,5732.655,5739.96,9190692086.1,160156.0
WDOFUT,M30,10/12/2025,5744.656,5753.004,5741.003,5748.83,5303141481.1,92271.0
WDOFUT,M30,10/12/2025,5745.699,5747.786,5738.394,5744.656,3409662291.71,59372.0
WDOFUT,M30,10/12/2025,5744.656,5747.264,5739.438,5745.699,3893423307.37,67789.0
WDOFUT,M30,10/12/2025,5736.307,5747.786,5735.785,5744.656,5803644536.12,101058.0
WDOFUT,M30,10/12/2025,5744.656,5745.699,5734.22,5736.829,5689128308.46,99141.0
WDOFUT,M30,10/12/2025,5744.134,5748.83,5741.003,5744.134,5400902661.76,94014.0
WDOFUT,M30,10/12/2025,5743.09,5755.091,5738.394,5743.612,12433661223.26,216388.0
WDOFUT,M30,10/12/2025,5730.046,5743.612,5721.698,5743.09,10330080378.62,180233.0
WDOFUT,M30,10/12/2025,5723.785,5732.133,5719.611,5730.046,8128170399.42,141948.0
WDOFUT,M30,10/12/2025,5725.35,5730.046,5721.176,5723.785,8047965966.1,140556.0
WDOFUT,M30,10/12/2025,5722.22,5731.611,5717.002,5724.828,9605576852.6,167803.0
WDOFUT,M30,10/12/2025,5706.045,5732.133,5705.001,5722.22,16346971161.03,285761.0
WDOFUT,M30,10/12/2025,5689.348,5708.132,5687.783,5706.567,11990989991.07,210414.0
WDOFUT,M30,10/12/2025,5686.739,5695.088,5679.435,5689.348,14801866619.18,260304.0
WDOFUT,M30,09/12/2025,5703.436,5704.479,5696.653,5697.175,1780691367.36,31234.0
WDOFUT,M30,09/12/2025,5699.784,5705.001,5699.262,5703.436,3161288828.27,55447.0
WDOFUT,M30,09/12/2025,5701.349,5702.914,5695.088,5700.305,3035695360.34,53265.0
WDOFUT,M30,09/12/2025,5703.436,5703.958,5695.609,5701.871,5245420189.42,92026.0
WDOFUT,M30,09/12/2025,5702.392,5709.175,5698.218,5703.436,5666287688.55,99349.0
WDOFUT,M30,09/12/2025,5705.523,5707.088,5700.305,5702.914,3959580951.79,69426.0
WDOFUT,M30,09/12/2025,5711.262,5713.871,5703.958,5705.001,5346489519.44,93652.0
WDOFUT,M30,09/12/2025,5699.784,5713.871,5698.218,5710.741,5603518613.45,98186.0
WDOFUT,M30,09/12/2025,5700.305,5702.392,5693.522,5699.784,4416372896.85,77506.0
WDOFUT,M30,09/12/2025,5691.435,5706.567,5684.131,5700.305,9089294528.06,159578.0
WDOFUT,M30,09/12/2025,5696.131,5698.218,5687.261,5691.435,8954158002.89,157276.0
WDOFUT,M30,09/12/2025,5713.871,5714.393,5689.87,5696.131,18690328479.94,327988.0
WDOFUT,M30,09/12/2025,5732.133,5744.134,5710.219,5713.871,14930816176.44,260713.0
WDOFUT,M30,09/12/2025,5730.046,5734.742,5722.22,5732.133,10809195637.62,188668.0
WDOFUT,M30,09/12/2025,5735.264,5742.568,5726.915,5730.046,10776892135.2,187888.0
WDOFUT,M30,09/12/2025,5733.177,5762.396,5731.09,5735.264,20944805782.59,364463.0
WDOFUT,M30,09/12/2025,5731.611,5738.394,5721.698,5733.177,18580842921.74,324227.0
WDOFUT,M30,09/12/2025,5703.436,5734.22,5702.392,5731.611,19966971974.59,349048.0
WDOFUT,M30,09/12/2025,5686.218,5712.306,5683.087,5702.914,17731562446.3,311017.0
WDOFUT,M30,08/12/2025,5697.696,5702.392,5695.088,5695.088,2304900179.06,40443.0
WDOFUT,M30,08/12/2025,5691.435,5710.741,5689.348,5697.696,6309582306.58,110721.0
WDOFUT,M30,08/12/2025,5685.696,5691.435,5683.609,5690.914,3646983418.81,64122.0
WDOFUT,M30,08/12/2025,5687.783,5688.826,5684.131,5686.218,3949332048.06,69455.0
WDOFUT,M30,08/12/2025,5686.218,5694.044,5685.696,5688.305,5533689560.21,97251.0
WDOFUT,M30,08/12/2025,5688.826,5695.088,5681.0,5685.696,6563999022.4,115433.0
WDOFUT,M30,08/12/2025,5693.522,5695.088,5686.739,5688.305,5381657397.9,94570.0
WDOFUT,M30,08/12/2025,5709.697,5714.915,5691.957,5694.044,9829128343.03,172434.0
WDOFUT,M30,08/12/2025,5708.654,5717.002,5705.523,5709.697,5249554781.32,91921.0
WDOFUT,M30,08/12/2025,5706.567,5711.262,5698.74,5708.654,5687849890.42,99685.0
WDOFUT,M30,08/12/2025,5713.349,5718.045,5697.696,5706.567,10235333915.96,179312.0
WDOFUT,M30,08/12/2025,5725.872,5734.22,5709.175,5712.828,13921625894.14,243330.0
WDOFUT,M30,08/12/2025,5689.348,5727.437,5689.348,5725.872,18245112793.2,319618.0
WDOFUT,M30,08/12/2025,5656.477,5696.131,5655.433,5689.348,16426597424.25,289360.0
WDOFUT,M30,08/12/2025,5654.39,5662.216,5652.303,5656.477,7934114636.66,140241.0
WDOFUT,M30,08/12/2025,5669.521,5670.565,5649.694,5654.39,13493399000.83,238423.0
WDOFUT,M30,08/12/2025,5679.956,5687.261,5663.26,5669.521,15051425725.25,265216.0
WDOFUT,M30,08/12/2025,5689.348,5690.914,5658.564,5679.956,15473132439.76,272702.0
WDOFUT,M30,08/12/2025,5688.826,5702.914,5670.565,5689.87,26288468592.37,462172.0
WDOFUT,M30,05/12/2025,5721.698,5724.828,5702.392,5703.958,3893809289.79,68175.0
WDOFUT,M30,05/12/2025,5713.349,5724.828,5708.654,5721.698,5651974214.06,98846.0
WDOFUT,M30,05/12/2025,5701.349,5717.002,5696.131,5713.871,8028114085.4,140711.0
WDOFUT,M30,05/12/2025,5724.828,5728.481,5699.262,5701.349,11199269435.19,196151.0
WDOFUT,M30,05/12/2025,5746.221,5751.96,5713.349,5725.35,13361545924.57,233101.0
WDOFUT,M30,05/12/2025,5683.609,5754.569,5680.478,5746.221,25528564933.71,446435.0
WDOFUT,M30,05/12/2025,5682.565,5696.653,5674.739,5683.609,10835994867.83,190628.0
WDOFUT,M30,05/12/2025,5648.65,5694.044,5635.606,5682.043,21599048581.81,381138.0
WDOFUT,M30,05/12/2025,5671.086,5676.304,5644.476,5648.65,20390898275.81,360258.0
WDOFUT,M30,05/12/2025,5680.478,5698.74,5668.999,5671.608,24178523253.78,425445.0
WDOFUT,M30,05/12/2025,5639.259,5682.043,5631.432,5679.956,35178998707.21,622113.0
WDOFUT,M30,05/12/2025,5603.778,5652.825,5595.43,5638.737,22866598547.65,406605.0
WDOFUT,M30,05/12/2025,5605.865,5609.518,5595.952,5604.3,10228428125.2,182595.0
WDOFUT,M30,05/12/2025,5600.126,5612.648,5595.43,5605.865,14432534586.5,257611.0
WDOFUT,M30,05/12/2025,5581.342,5603.778,5577.69,5600.126,16010921361.45,286558.0
WDOFUT,M30,05/12/2025,5571.951,5582.908,5570.385,5581.342,8604415417.73,154272.0
WDOFUT,M30,05/12/2025,5569.864,5576.125,5568.298,5571.951,9119260576.59,163637.0
WDOFUT,M30,05/12/2025,5570.385,5572.472,5566.733,5569.864,4795007102.56,86091.0
WDOFUT,M30,05/12/2025,5559.428,5570.907,5557.863,5570.385,10627767321.65,190991.0
WDOFUT,M30,04/12/2025,5575.603,5577.168,5571.951,5573.516,2058395090.48,36928.0
WDOFUT,M30,04/12/2025,5575.081,5577.168,5572.994,5575.603,2022232922.25,36271.0
WDOFUT,M30,04/12/2025,5572.994,5576.125,5572.472,5575.081,2369784894.43,42515.0
WDOFUT,M30,04/12/2025,5571.429,5572.994,5567.255,5572.994,3508026139.43,62977.0
WDOFUT,M30,04/12/2025,5574.038,5579.777,5570.907,5571.951,6683091272.55,119860.0
WDOFUT,M30,04/12/2025,5577.69,5579.777,5571.951,5574.038,5264583462.81,94432.0
WDOFUT,M30,04/12/2025,5571.429,5579.777,5571.429,5577.69,5129814595.59,92000.0
WDOFUT,M30,04/12/2025,5568.82,5575.081,5568.298,5571.951,5823773156.86,104510.0
WDOFUT,M30,04/12/2025,5565.689,5570.907,5563.602,5568.82,4372679949.6,78542.0
WDOFUT,M30,04/12/2025,5561.515,5566.733,5557.863,5565.168,6287879446.73,113037.0
WDOFUT,M30,04/12/2025,5554.732,5563.602,5554.211,5561.515,7127210711.01,128242.0
WDOFUT,M30,04/12/2025,5555.776,5559.95,5553.689,5554.732,4705702253.1,84697.0
WDOFUT,M30,04/12/2025,5558.385,5559.428,5554.211,5555.776,5765384154.63,103760.0
WDOFUT,M30,04/12/2025,5554.732,5558.385,5551.602,5557.863,6118106259.39,110126.0
WDOFUT,M30,04/12/2025,5553.167,5555.776,5550.036,5554.732,7835927516.67,141124.0
WDOFUT,M30,04/12/2025,5554.211,5559.95,5551.08,5553.167,9478223704.32,170605.0
WDOFUT,M30,04/12/2025,5567.776,5570.385,5551.08,5554.211,14934928233.21,268554.0
WDOFUT,M30,04/12/2025,5567.255,5574.038,5564.646,5567.255,7744235838.51,139039.0
WDOFUT,M30,04/12/2025,5568.298,5571.429,5560.994,5567.776,10560168384.38,189704.0
WDOFUT,M30,03/12/2025,5575.603,5577.168,5571.429,5574.038,2021865879.98,36272.0
WDOFUT,M30,03/12/2025,5575.603,5576.647,5574.038,5575.081,1979615029.11,35507.0
WDOFUT,M30,03/12/2025,5578.212,5578.212,5574.559,5575.603,2412199574.95,43258.0
WDOFUT,M30,03/12/2025,5576.125,5578.734,5575.081,5578.212,2493733684.71,44716.0
WDOFUT,M30,03/12/2025,5573.516,5577.168,5571.951,5575.603,2781984318.84,49907.0
WDOFUT,M30,03/12/2025,5572.994,5573.516,5568.298,5573.516,3530337066.62,63363.0
WDOFUT,M30,03/12/2025,5572.994,5578.734,5570.385,5572.994,4413211964.06,79167.0
WDOFUT,M30,03/12/2025,5571.429,5575.603,5569.864,5572.994,2564759682.06,46024.0
WDOFUT,M30,03/12/2025,5576.125,5576.647,5568.82,5571.429,3843926170.98,68985.0
WDOFUT,M30,03/12/2025,5566.733,5577.168,5565.689,5575.603,5601121156.34,100527.0
WDOFUT,M30,03/12/2025,5565.168,5567.776,5562.037,5566.733,6392017429.81,114870.0
WDOFUT,M30,03/12/2025,5570.907,5572.472,5563.602,5565.168,6808995927.59,122271.0
WDOFUT,M30,03/12/2025,5569.342,5575.081,5565.168,5570.907,7667727582.29,137631.0
WDOFUT,M30,03/12/2025,5578.734,5578.734,5563.081,5569.342,11819268890.7,212206.0
WDOFUT,M30,03/12/2025,5579.777,5583.951,5575.603,5578.212,9756661391.98,174854.0
WDOFUT,M30,03/12/2025,5578.212,5581.864,5564.124,5580.299,15572342781.51,279439.0
WDOFUT,M30,03/12/2025,5587.082,5588.125,5576.647,5578.734,11906227525.78,213293.0
WDOFUT,M30,03/12/2025,5584.473,5588.647,5582.386,5586.56,6597387904.69,118113.0
WDOFUT,M30,03/12/2025,5582.908,5587.082,5576.647,5584.473,12304629978.15,220438.0
WDOFUT,M30,02/12/2025,5595.43,5596.995,5593.343,5594.908,2261137654.17,40413.0
WDOFUT,M30,02/12/2025,5595.43,5597.517,5594.387,5594.908,2251311131.32,40233.0
WDOFUT,M30,02/12/2025,5598.039,5600.126,5595.43,5595.43,2467817602.67,44088.0
WDOFUT,M30,02/12/2025,5598.561,5601.691,5596.474,5598.039,3158395196.76,56407.0
WDOFUT,M30,02/12/2025,5601.691,5602.213,5598.039,5599.083,2599331759.91,46416.0
WDOFUT,M30,02/12/2025,5601.691,5604.3,5600.648,5601.691,2679238801.65,47822.0
WDOFUT,M30,02/12/2025,5602.735,5603.778,5598.561,5601.17,3401564831.9,60731.0
WDOFUT,M30,02/12/2025,5598.039,5603.778,5596.995,5602.735,3816687602.46,68156.0
WDOFUT,M30,02/12/2025,5611.083,5611.605,5595.952,5597.517,8199981374.47,146372.0
WDOFUT,M30,02/12/2025,5613.17,5613.692,5608.474,5611.605,3224243490.7,57464.0
WDOFUT,M30,02/12/2025,5607.953,5613.692,5606.909,5613.17,6406488050.11,114201.0
WDOFUT,M30,02/12/2025,5610.04,5611.605,5604.3,5607.953,4591611390.84,81872.0
WDOFUT,M30,02/12/2025,5606.909,5611.605,5601.691,5610.04,10109141897.7,180305.0
WDOFUT,M30,02/12/2025,5611.083,5614.736,5606.387,5606.387,6739165251.65,120116.0
WDOFUT,M30,02/12/2025,5613.692,5616.301,5604.3,5611.083,12465782462.01,222178.0
WDOFUT,M30,02/12/2025,5623.606,5627.78,5613.17,5613.692,10029034408.71,178406.0
WDOFUT,M30,02/12/2025,5622.04,5628.823,5618.91,5624.127,9313954335.25,165589.0
WDOFUT,M30,02/12/2025,5619.431,5631.432,5618.91,5621.518,10560450827.34,187722.0
WDOFUT,M30,02/12/2025,5622.562,5623.084,5608.474,5619.953,10818165627.64,192607.0
WDOFUT,M30,01/12/2025,5626.214,5626.736,5619.953,5620.475,1818012187.21,32327.0
WDOFUT,M30,01/12/2025,5627.258,5627.78,5623.606,5625.693,2493764677.67,44330.0
WDOFUT,M30,01/12/2025,5629.345,5635.084,5627.258,5627.258,5803308987.71,103077.0
WDOFUT,M30,01/12/2025,5628.823,5631.432,5627.78,5628.823,2200168753.76,39085.0
WDOFUT,M30,01/12/2025,5627.78,5630.389,5627.258,5629.345,3131470241.56,55630.0
WDOFUT,M30,01/12/2025,5625.693,5630.389,5624.649,5627.78,5362974708.51,95292.0
WDOFUT,M30,01/12/2025,5623.084,5626.736,5621.518,5625.693,2959555602.12,52625.0
WDOFUT,M30,01/12/2025,5619.431,5627.258,5617.866,5623.606,4299619780.68,76471.0
WDOFUT,M30,01/12/2025,5623.606,5624.127,5618.388,5619.953,3330002348.42,59244.0
WDOFUT,M30,01/12/2025,5616.301,5624.649,5613.692,5623.606,6280853112.12,111762.0
WDOFUT,M30,01/12/2025,5614.214,5618.388,5611.083,5616.301,7065967924.62,125842.0
WDOFUT,M30,01/12/2025,5607.431,5617.344,5606.387,5614.214,8885887248.77,158290.0
WDOFUT,M30,01/12/2025,5611.605,5614.214,5604.3,5607.431,7749608093.21,138184.0
WDOFUT,M30,01/12/2025,5614.214,5615.257,5606.387,5611.605,8070897138.69,143851.0
WDOFUT,M30,01/12/2025,5614.736,5619.953,5610.561,5614.214,7321274994.22,130399.0
WDOFUT,M30,01/12/2025,5617.344,5618.91,5611.083,5614.214,7225222365.95,128666.0
WDOFUT,M30,01/12/2025,5610.561,5619.953,5609.518,5617.344,13527722326.22,240920.0
WDOFUT,M30,01/12/2025,5602.735,5612.127,5600.126,5611.083,9949285561.53,177462.0
WDOFUT,M30,01/12/2025,5605.344,5608.996,5595.43,5602.735,11829014294.42,211172.0
WDOFUT,M30,28/11/2025,5603.778,5607.953,5603.778,5605.344,1925538223.07,34346.0
WDOFUT,M30,28/11/2025,5605.344,5606.387,5603.778,5604.3,1268690924.34,22635.0
WDOFUT,M30,28/11/2025,5604.822,5606.909,5602.213,5605.865,1693216767.24,30210.0
WDOFUT,M30,28/11/2025,5601.691,5605.865,5601.691,5604.822,2492503864.05,44480.0
WDOFUT,M30,28/11/2025,5601.17,5603.257,5598.039,5601.691,2542798234.45,45399.0
WDOFUT,M30,28/11/2025,5600.648,5602.735,5598.039,5601.17,3806769676.45,67975.0
WDOFUT,M30,28/11/2025,5608.474,5611.083,5599.083,5601.17,5679303069.16,101314.0
WDOFUT,M30,28/11/2025,5613.692,5613.692,5607.953,5608.996,2776501559.08,49487.0
WDOFUT,M30,28/11/2025,5612.648,5615.257,5610.561,5613.692,2700316151.46,48108.0
WDOFUT,M30,28/11/2025,5614.214,5617.866,5611.605,5612.648,3268478251.32,58217.0
WDOFUT,M30,28/11/2025,5616.823,5617.866,5607.953,5614.214,8861738845.76,157897.0
WDOFUT,M30,28/11/2025,5615.257,5620.997,5610.561,5616.823,9098959287.47,162055.0
WDOFUT,M30,28/11/2025,5598.561,5615.779,5596.995,5615.257,8642858370.73,154152.0
WDOFUT,M30,28/11/2025,5607.431,5610.04,5598.561,5599.083,7822290174.05,139615.0
WDOFUT,M30,28/11/2025,5600.126,5610.561,5594.908,5607.431,11742475671.39,209629.0
WDOFUT,M30,28/11/2025,5612.127,5617.866,5599.083,5600.126,10742190158.22,191530.0
WDOFUT,M30,28/11/2025,5611.083,5618.388,5605.865,5612.127,10527891559.91,187613.0
WDOFUT,M30,28/11/2025,5625.171,5626.736,5608.474,5610.561,9703456641.34,172780.0
WDOFUT,M30,28/11/2025,5622.562,5630.91,5615.779,5624.649,10353990636.7,184095.0
WDOFUT,M30,27/11/2025,5625.154,5627.78,5620.952,5627.78,1466232677.42,26075.0
WDOFUT,M30,27/11/2025,5624.103,5627.254,5623.053,5625.154,1522011442.91,27058.0
WDOFUT,M30,27/11/2025,5623.578,5625.679,5623.053,5624.103,1081951713.28,19237.0
WDOFUT,M30,27/11/2025,5626.204,5627.254,5622.527,5623.578,1712681501.43,30447.0
WDOFUT,M30,27/11/2025,5628.305,5629.355,5623.053,5626.204,2225523738.09,39557.0
WDOFUT,M30,27/11/2025,5621.477,5630.931,5620.952,5628.305,4998765838.33,88838.0
WDOFUT,M30,27/11/2025,5620.952,5621.477,5615.7,5621.477,2773238192.57,49357.0
WDOFUT,M30,27/11/2025,5620.427,5623.578,5618.326,5620.952,2762088628.71,49135.0
WDOFUT,M30,27/11/2025,5619.376,5621.477,5615.7,5619.901,3047882156.1,54246.0
WDOFUT,M30,27/11/2025,5611.498,5619.901,5609.922,5618.851,2700359968.64,48094.0
WDOFUT,M30,27/11/2025,5619.901,5620.952,5609.922,5611.498,4789122567.48,85284.0
WDOFUT,M30,27/11/2025,5619.901,5622.002,5618.851,5619.376,1639106866.68,29163.0
WDOFUT,M30,27/11/2025,5625.679,5626.204,5616.225,5619.376,4481225169.82,79727.0
WDOFUT,M30,27/11/2025,5625.154,5627.78,5619.901,5625.679,5927409453.25,105386.0
WDOFUT,M30,27/11/2025,5619.376,5625.154,5618.326,5624.628,3735460770.47,66444.0
WDOFUT,M30,27/11/2025,5616.75,5623.053,5616.225,5619.376,3777641617.44,67212.0
WDOFUT,M30,27/11/2025,5619.901,5622.002,5615.174,5616.75,5815100053.0,103496.0
WDOFUT,M30,27/11/2025,5616.225,5625.154,5615.174,5619.376,7460013181.14,132724.0
WDOFUT,M30,27/11/2025,5609.397,5620.427,5599.418,5616.225,10824665660.97,192817.0
WDOFUT,M30,26/11/2025,5603.094,5606.245,5600.468,5604.67,3425667076.29,61141.0
WDOFUT,M30,26/11/2025,5606.771,5607.821,5603.094,5603.094,3316028132.35,59154.0
WDOFUT,M30,26/11/2025,5604.145,5609.922,5604.145,5607.296,5062324753.2,90283.0
WDOFUT,M30,26/11/2025,5606.771,5608.346,5602.569,5604.67,5047105367.1,90036.0
WDOFUT,M30,26/11/2025,5608.872,5609.922,5606.245,5606.245,3029999740.36,54025.0
WDOFUT,M30,26/11/2025,5607.821,5613.073,5607.296,5608.346,3806581288.84,67847.0
WDOFUT,M30,26/11/2025,5612.548,5615.7,5607.296,5607.821,5940423821.17,105866.0
WDOFUT,M30,26/11/2025,5615.174,5615.174,5609.922,5613.073,5260852421.21,93736.0
WDOFUT,M30,26/11/2025,5621.477,5622.002,5613.073,5614.649,7455772708.23,132745.0
WDOFUT,M30,26/11/2025,5621.477,5623.578,5618.851,5622.002,3656853834.46,65051.0
WDOFUT,M30,26/11/2025,5626.204,5626.729,5617.275,5621.477,9820551503.44,174698.0
WDOFUT,M30,26/11/2025,5638.809,5638.809,5624.103,5625.679,10129606968.43,179914.0
WDOFUT,M30,26/11/2025,5645.637,5647.738,5637.234,5638.809,8759997816.59,155262.0
WDOFUT,M30,26/11/2025,5651.94,5652.99,5642.486,5646.163,9130623612.75,161706.0
WDOFUT,M30,26/11/2025,5652.99,5656.142,5650.364,5651.94,6720712056.98,118879.0
WDOFUT,M30,26/11/2025,5646.688,5655.617,5645.637,5652.99,11403021330.15,201778.0
WDOFUT,M30,26/11/2025,5657.717,5657.717,5645.112,5646.163,12228977419.91,216435.0
WDOFUT,M30,26/11/2025,5650.364,5664.545,5649.839,5657.717,10278792007.79,181640.0
WDOFUT,M30,26/11/2025,5656.667,5657.717,5647.213,5650.364,9534876193.57,168677.0
WDOFUT,M30,25/11/2025,5661.394,5661.919,5653.516,5656.667,2232185794.97,39463.0
WDOFUT,M30,25/11/2025,5655.091,5664.02,5653.516,5661.919,3924546972.72,69357.0
WDOFUT,M30,25/11/2025,5650.364,5656.142,5648.789,5655.617,3359363475.13,59428.0
WDOFUT,M30,25/11/2025,5649.839,5653.516,5648.789,5650.364,3663951722.57,64839.0
WDOFUT,M30,25/11/2025,5650.89,5650.89,5645.112,5650.364,4231556998.46,74925.0
WDOFUT,M30,25/11/2025,5650.89,5655.091,5648.789,5650.89,4862047331.55,86031.0
WDOFUT,M30,25/11/2025,5658.243,5658.243,5649.314,5650.89,5820637247.24,102967.0
WDOFUT,M30,25/11/2025,5660.869,5661.919,5654.566,5658.243,4435986198.39,78397.0
WDOFUT,M30,25/11/2025,5665.596,5667.697,5651.415,5660.869,10802370603.75,190814.0
WDOFUT,M30,25/11/2025,5666.121,5667.172,5660.869,5665.071,3464077872.86,61156.0
WDOFUT,M30,25/11/2025,5670.323,5671.899,5662.97,5666.121,6276531069.88,110730.0
WDOFUT,M30,25/11/2025,5660.869,5671.373,5653.516,5670.323,10491061138.14,185285.0
WDOFUT,M30,25/11/2025,5675.05,5675.575,5660.344,5660.869,10933389963.34,192878.0
WDOFUT,M30,25/11/2025,5665.596,5688.706,5658.243,5674.525,22051222372.94,388559.0
WDOFUT,M30,25/11/2025,5643.536,5665.596,5643.536,5665.596,15444158954.46,273096.0
WDOFUT,M30,25/11/2025,5633.557,5646.688,5628.83,5643.536,12829430120.94,227533.0
WDOFUT,M30,25/11/2025,5645.637,5646.163,5633.032,5633.557,15383188329.78,272767.0
WDOFUT,M30,25/11/2025,5652.465,5656.142,5641.961,5645.112,15014153391.13,265746.0
WDOFUT,M30,25/11/2025,5664.02,5664.02,5648.789,5652.99,12469335499.9,220524.0
WDOFUT,M30,24/11/2025,5669.798,5670.323,5664.02,5666.646,3122067616.35,55089.0
WDOFUT,M30,24/11/2025,5671.373,5672.424,5668.222,5669.272,2466207578.03,43498.0
WDOFUT,M30,24/11/2025,5674.525,5675.05,5670.323,5671.373,2238690200.49,39463.0
WDOFUT,M30,24/11/2025,5672.949,5675.05,5671.899,5674.525,2754551180.28,48548.0
WDOFUT,M30,24/11/2025,5671.373,5674.525,5670.848,5672.949,2182689186.29,38475.0
WDOFUT,M30,24/11/2025,5674.525,5679.252,5669.798,5671.373,5476997833.86,96520.0
WDOFUT,M30,24/11/2025,5675.05,5675.575,5672.424,5675.05,1906279281.69,33596.0
WDOFUT,M30,24/11/2025,5675.05,5676.1,5671.373,5675.05,2993154895.15,52756.0
WDOFUT,M30,24/11/2025,5675.575,5676.626,5672.949,5674.525,3238254291.57,57063.0
WDOFUT,M30,24/11/2025,5675.05,5679.252,5675.05,5675.05,4363735276.25,76868.0
WDOFUT,M30,24/11/2025,5672.424,5676.1,5668.747,5675.575,5401904854.08,95242.0
WDOFUT,M30,24/11/2025,5676.1,5677.676,5669.272,5672.424,7980388475.36,140673.0
WDOFUT,M30,24/11/2025,5674.525,5678.726,5669.798,5675.575,8275738608.19,145856.0
WDOFUT,M30,24/11/2025,5671.899,5679.252,5666.121,5675.05,11783463912.18,207713.0
WDOFUT,M30,24/11/2025,5686.605,5688.181,5670.848,5671.899,10880981058.76,191532.0
WDOFUT,M30,24/11/2025,5680.827,5687.655,5676.1,5686.605,9556662623.46,168235.0
WDOFUT,M30,24/11/2025,5666.646,5683.979,5665.596,5680.827,13534239888.52,238449.0
WDOFUT,M30,24/11/2025,5668.222,5668.747,5658.243,5666.646,11710622858.38,206773.0
WDOFUT,M30,24/11/2025,5680.827,5680.827,5666.646,5668.747,12592618398.27,222028.0
WDOFUT,M30,21/11/2025,5687.13,5692.908,5683.453,5689.756,2556522018.54,44955.0
WDOFUT,M30,21/11/2025,5687.13,5690.807,5683.453,5687.655,3186258623.06,56027.0
WDOFUT,M30,21/11/2025,5684.504,5689.231,5683.453,5687.13,2397531312.31,42160.0
WDOFUT,M30,21/11/2025,5680.302,5685.554,5679.252,5683.979,2537851204.17,44659.0
WDOFUT,M30,21/11/2025,5686.08,5686.605,5679.777,5680.827,2642098982.02,46491.0
WDOFUT,M30,21/11/2025,5691.857,5695.008,5678.726,5686.08,7583310738.53,133346.0
WDOFUT,M30,21/11/2025,5685.029,5698.685,5683.453,5691.857,6407326956.98,112550.0
WDOFUT,M30,21/11/2025,5676.1,5685.554,5672.424,5684.504,5000038551.64,88048.0
WDOFUT,M30,21/11/2025,5671.899,5682.928,5667.697,5676.1,9279319284.76,163520.0
WDOFUT,M30,21/11/2025,5694.483,5694.483,5671.899,5671.899,10025668731.6,176352.0
WDOFUT,M30,21/11/2025,5699.21,5710.765,5693.433,5694.483,13575683997.95,238070.0
WDOFUT,M30,21/11/2025,5693.433,5717.593,5692.382,5699.21,17904789783.59,313971.0
WDOFUT,M30,21/11/2025,5677.676,5697.635,5673.999,5692.908,14803810726.19,260286.0
WDOFUT,M30,21/11/2025,5677.151,5680.302,5671.899,5677.151,9856553668.08,173637.0
WDOFUT,M30,21/11/2025,5655.617,5678.201,5655.091,5677.676,12064585704.88,212761.0
WDOFUT,M30,21/11/2025,5655.617,5659.818,5654.041,5655.617,7556598034.44,133593.0
WDOFUT,M30,21/11/2025,5638.284,5658.243,5635.133,5655.617,13179276815.14,233243.0
WDOFUT,M30,21/11/2025,5659.293,5660.344,5631.981,5638.284,15065415216.07,266965.0
WDOFUT,M30,21/11/2025,5633.032,5662.445,5630.931,5659.293,18564866481.15,328746.0
WDOFUT,M30,19/11/2025,5613.073,5617.8,5605.195,5607.821,2828558557.94,50401.0
WDOFUT,M30,19/11/2025,5615.174,5617.275,5612.023,5612.548,2278374529.73,40574.0
WDOFUT,M30,19/11/2025,5618.851,5622.527,5614.649,5615.7,3038976912.97,54093.0
WDOFUT,M30,19/11/2025,5620.427,5623.053,5617.275,5618.851,3372840119.33,60010.0
WDOFUT,M30,19/11/2025,5612.548,5621.477,5612.023,5620.952,4955123417.83,88218.0
WDOFUT,M30,19/11/2025,5624.103,5624.628,5610.973,5613.073,6540170589.06,116458.0
WDOFUT,M30,19/11/2025,5623.053,5625.679,5618.326,5624.103,4293444512.66,76369.0
WDOFUT,M30,19/11/2025,5624.103,5629.881,5620.952,5622.527,7208249784.51,128146.0
WDOFUT,M30,19/11/2025,5619.376,5628.83,5617.8,5623.578,5866071512.87,104296.0
WDOFUT,M30,19/11/2025,5619.901,5622.002,5617.275,5619.376,3435503804.93,61133.0
WDOFUT,M30,19/11/2025,5616.75,5620.952,5615.174,5620.427,5858357914.68,104287.0
WDOFUT,M30,19/11/2025,5612.023,5619.376,5609.922,5616.75,6145116841.32,109420.0
WDOFUT,M30,19/11/2025,5610.973,5613.599,5605.72,5612.023,6732948620.05,120014.0
WDOFUT,M30,19/11/2025,5623.053,5625.154,5609.922,5610.447,8781368389.53,156327.0
WDOFUT,M30,19/11/2025,5617.275,5625.154,5616.75,5623.053,5899422675.51,104955.0
WDOFUT,M30,19/11/2025,5616.225,5619.901,5614.124,5617.275,4232245488.9,75340.0
WDOFUT,M30,19/11/2025,5620.952,5623.053,5613.599,5615.7,11503891620.82,204770.0
WDOFUT,M30,19/11/2025,5610.973,5620.952,5605.195,5620.952,11247341927.56,200423.0
WDOFUT,M30,19/11/2025,5605.72,5612.548,5601.518,5610.447,9791519334.77,174629.0
WDOFUT,M30,18/11/2025,5603.619,5609.397,5603.094,5608.872,1935756016.07,34534.0
WDOFUT,M30,18/11/2025,5603.619,5608.346,5603.094,5603.619,2973320840.0,53041.0
WDOFUT,M30,18/11/2025,5599.418,5606.245,5598.892,5603.619,2619966150.87,46768.0
WDOFUT,M30,18/11/2025,5600.468,5600.993,5597.842,5599.943,1713830014.93,30608.0
WDOFUT,M30,18/11/2025,5600.993,5602.044,5596.791,5600.468,2501637862.55,44675.0
WDOFUT,M30,18/11/2025,5600.468,5601.518,5596.791,5600.993,4082356811.63,72910.0
WDOFUT,M30,18/11/2025,5603.619,5604.145,5598.892,5600.468,3940925781.23,70358.0
WDOFUT,M30,18/11/2025,5608.872,5610.973,5601.518,5604.145,4127371533.24,73632.0
WDOFUT,M30,18/11/2025,5602.044,5609.922,5600.993,5608.872,3694638337.67,65918.0
WDOFUT,M30,18/11/2025,5608.872,5608.872,5599.943,5602.569,6750532403.69,120450.0
WDOFUT,M30,18/11/2025,5620.952,5626.729,5607.821,5608.872,9735873025.62,173277.0
WDOFUT,M30,18/11/2025,5618.851,5624.103,5616.75,5620.952,5765143904.46,102578.0
WDOFUT,M30,18/11/2025,5619.901,5625.679,5615.174,5618.851,10349794902.16,184120.0
WDOFUT,M30,18/11/2025,5605.72,5619.901,5599.418,5619.901,10574001517.04,188515.0
WDOFUT,M30,18/11/2025,5605.195,5608.872,5600.468,5605.72,6469088832.25,115420.0
WDOFUT,M30,18/11/2025,5610.447,5610.973,5597.317,5605.72,12338622424.94,220154.0
WDOFUT,M30,18/11/2025,5627.254,5627.78,5605.72,5610.973,14140773296.54,251812.0
WDOFUT,M30,18/11/2025,5625.154,5628.83,5619.376,5626.729,7014591183.27,124706.0
WDOFUT,M30,18/11/2025,5620.952,5628.83,5615.7,5625.154,9981782543.95,177560.0
WDOFUT,M30,17/11/2025,5605.195,5613.599,5603.094,5613.599,3407972170.92,60778.0
WDOFUT,M30,17/11/2025,5616.225,5618.326,5604.67,5604.67,4179357374.81,74454.0
WDOFUT,M30,17/11/2025,5616.225,5617.275,5613.073,5615.7,4006674414.5,71350.0
WDOFUT,M30,17/11/2025,5607.821,5616.75,5607.821,5615.7,5844577496.43,104110.0
WDOFUT,M30,17/11/2025,5600.468,5610.973,5600.468,5608.346,9063708870.96,161673.0
WDOFUT,M30,17/11/2025,5600.468,5602.044,5598.367,5600.468,4092410384.42,73075.0
WDOFUT,M30,17/11/2025,5593.64,5602.044,5593.115,5600.468,5891776195.74,105257.0
WDOFUT,M30,17/11/2025,5591.014,5596.266,5589.438,5593.64,3661499050.57,65467.0
WDOFUT,M30,17/11/2025,5589.438,5594.691,5587.337,5591.014,3366102377.6,60205.0
WDOFUT,M30,17/11/2025,5591.539,5593.115,5588.913,5589.438,3318350233.56,59349.0
WDOFUT,M30,17/11/2025,5593.115,5596.791,5591.014,5591.539,6284312096.39,112343.0
WDOFUT,M30,17/11/2025,5590.489,5593.64,5588.913,5593.115,5071094609.23,90695.0
WDOFUT,M30,17/11/2025,5595.216,5598.367,5588.388,5589.964,7391585619.69,132127.0
WDOFUT,M30,17/11/2025,5593.115,5597.842,5591.014,5595.741,6658075541.24,119006.0
WDOFUT,M30,17/11/2025,5592.59,5594.691,5588.913,5593.115,6738936409.58,120516.0
WDOFUT,M30,17/11/2025,5587.337,5594.691,5586.812,5592.59,6950177812.29,124295.0
WDOFUT,M30,17/11/2025,5586.287,5589.438,5582.085,5587.337,7610059446.75,136241.0
WDOFUT,M30,17/11/2025,5578.409,5593.115,5577.358,5586.812,9511452549.87,170237.0
WDOFUT,M30,17/11/2025,5585.237,5591.014,5576.308,5578.409,10954427607.02,196155.0
WDOFUT,M30,14/11/2025,5580.509,5587.337,5580.509,5581.035,1986970339.72,35584.0
WDOFUT,M30,14/11/2025,5582.61,5584.711,5580.509,5581.035,2237988763.28,40090.0
WDOFUT,M30,14/11/2025,5580.509,5585.237,5580.509,5582.61,2208452836.1,39559.0
WDOFUT,M30,14/11/2025,5583.661,5583.661,5579.459,5580.509,3312563457.93,59352.0
WDOFUT,M30,14/11/2025,5582.61,5585.237,5580.509,5583.136,3637561059.84,65152.0
WDOFUT,M30,14/11/2025,5578.409,5583.136,5576.833,5582.085,5940848612.18,106458.0
WDOFUT,M30,14/11/2025,5566.854,5581.56,5566.854,5577.883,7929163557.93,142206.0
WDOFUT,M30,14/11/2025,5566.854,5568.955,5562.652,5566.328,3207493425.49,57628.0
WDOFUT,M30,14/11/2025,5571.055,5571.581,5564.753,5566.328,3749023246.83,67338.0
WDOFUT,M30,14/11/2025,5563.177,5571.055,5562.652,5571.055,5950361676.52,106880.0
WDOFUT,M30,14/11/2025,5557.4,5564.228,5556.349,5563.702,5549234475.14,99796.0
WDOFUT,M30,14/11/2025,5563.702,5565.803,5555.824,5556.874,8775184460.2,157817.0
WDOFUT,M30,14/11/2025,5573.156,5577.358,5560.026,5563.177,12069381607.87,216726.0
WDOFUT,M30,14/11/2025,5577.883,5585.237,5569.48,5573.156,13323822300.32,238917.0
WDOFUT,M30,14/11/2025,5591.014,5597.842,5577.358,5577.883,11633142182.12,208194.0
WDOFUT,M30,14/11/2025,5592.59,5597.317,5587.863,5591.539,9363312129.36,167399.0
WDOFUT,M30,14/11/2025,5581.56,5596.266,5581.035,5593.115,16238089805.38,290607.0
WDOFUT,M30,14/11/2025,5592.59,5594.691,5578.934,5581.035,12207942633.44,218543.0
WDOFUT,M30,14/11/2025,5593.64,5602.569,5586.287,5592.59,14525772804.45,259555.0
WDOFUT,M30,13/11/2025,5583.661,5584.711,5575.782,5577.358,3271868980.31,58617.0
WDOFUT,M30,13/11/2025,5590.489,5590.489,5583.661,5584.186,4042909479.4,72368.0
WDOFUT,M30,13/11/2025,5584.711,5593.115,5584.186,5590.489,5270697180.53,94292.0
WDOFUT,M30,13/11/2025,5583.136,5586.812,5582.085,5585.237,3678845879.21,65875.0
WDOFUT,M30,13/11/2025,5585.762,5590.489,5582.61,5583.661,6200882502.46,110992.0
WDOFUT,M30,13/11/2025,5581.035,5588.913,5580.509,5585.762,8849763759.98,158464.0
WDOFUT,M30,13/11/2025,5576.308,5582.61,5574.207,5581.035,7178292096.88,128699.0
WDOFUT,M30,13/11/2025,5573.156,5576.833,5571.055,5576.308,4257529923.95,76379.0
WDOFUT,M30,13/11/2025,5571.581,5575.257,5567.379,5573.156,6152898792.22,110431.0
WDOFUT,M30,13/11/2025,5570.005,5573.156,5566.328,5571.581,4261202009.5,76503.0
WDOFUT,M30,13/11/2025,5567.904,5573.156,5567.904,5570.005,7089808704.25,127283.0
WDOFUT,M30,13/11/2025,5572.631,5576.308,5566.328,5567.904,7660601267.79,137493.0
WDOFUT,M30,13/11/2025,5574.732,5576.308,5570.005,5572.106,7439406625.9,133477.0
WDOFUT,M30,13/11/2025,5572.106,5575.782,5566.328,5574.732,10512309065.93,188686.0
WDOFUT,M30,13/11/2025,5563.702,5573.682,5563.177,5571.581,7070298071.79,126971.0
WDOFUT,M30,13/11/2025,5569.48,5573.682,5563.702,5563.702,7222720547.23,129693.0
WDOFUT,M30,13/11/2025,5561.076,5573.682,5560.026,5568.955,14789483822.44,265618.0
WDOFUT,M30,13/11/2025,5563.177,5566.854,5558.975,5561.076,7727188164.5,138903.0
WDOFUT,M30,13/11/2025,5568.955,5577.883,5562.127,5563.702,14306136041.23,256880.0
WDOFUT,M30,12/11/2025,5577.883,5583.136,5576.833,5581.035,2432583545.54,43590.0
WDOFUT,M30,12/11/2025,5579.984,5582.085,5576.833,5577.883,3167054585.1,56761.0
WDOFUT,M30,12/11/2025,5581.035,5581.035,5578.409,5580.509,1538645258.38,27575.0
WDOFUT,M30,12/11/2025,5579.984,5581.035,5577.883,5581.035,2389245324.53,42821.0
WDOFUT,M30,12/11/2025,5582.085,5584.711,5578.409,5579.984,3054408174.6,54724.0
WDOFUT,M30,12/11/2025,5581.56,5582.61,5578.934,5582.61,2453106206.68,43956.0
WDOFUT,M30,12/11/2025,5583.661,5585.237,5576.833,5581.56,3908847683.81,70042.0
WDOFUT,M30,12/11/2025,5585.762,5586.812,5582.61,5583.661,2098469639.07,37575.0
WDOFUT,M30,12/11/2025,5583.661,5586.287,5581.035,5585.762,2811414817.83,50351.0
WDOFUT,M30,12/11/2025,5583.136,5587.337,5582.61,5584.186,3351125214.5,60010.0
WDOFUT,M30,12/11/2025,5588.913,5590.489,5583.136,5583.136,5778567437.96,103439.0
WDOFUT,M30,12/11/2025,5582.085,5591.014,5582.085,5588.913,7623498217.01,136443.0
WDOFUT,M30,12/11/2025,5583.661,5585.237,5578.934,5582.61,6843639058.03,122605.0
WDOFUT,M30,12/11/2025,5582.085,5587.863,5580.509,5584.186,7813344361.23,139901.0
WDOFUT,M30,12/11/2025,5577.358,5583.661,5574.732,5581.56,9892119098.1,177304.0
WDOFUT,M30,12/11/2025,5564.228,5578.409,5564.228,5576.833,9965174947.68,178884.0
WDOFUT,M30,12/11/2025,5553.723,5567.904,5552.673,5564.228,12272962712.16,220716.0
WDOFUT,M30,12/11/2025,5559.501,5561.076,5553.198,5554.248,6003607731.06,108035.0
WDOFUT,M30,12/11/2025,5565.803,5567.904,5555.299,5560.026,10491467451.76,188697.0
WDOFUT,M30,11/11/2025,5560.551,5564.753,5559.501,5562.652,2931931285.63,52720.0
WDOFUT,M30,11/11/2025,5562.127,5563.177,5560.551,5561.076,2102184125.98,37796.0
WDOFUT,M30,11/11/2025,5562.127,5563.702,5560.026,5562.127,2023131116.88,36374.0
WDOFUT,M30,11/11/2025,5560.026,5564.228,5558.975,5562.652,2612324686.99,46967.0
WDOFUT,M30,11/11/2025,5561.076,5562.652,5558.975,5559.501,2297175069.28,41312.0
WDOFUT,M30,11/11/2025,5562.652,5564.228,5560.026,5560.551,2387153607.76,42918.0
WDOFUT,M30,11/11/2025,5563.702,5563.702,5560.026,5562.652,3349108226.66,60213.0
WDOFUT,M30,11/11/2025,5565.278,5568.429,5562.652,5563.702,3698509467.52,66447.0
WDOFUT,M30,11/11/2025,5567.379,5567.904,5559.501,5564.753,4436887199.87,79758.0
WDOFUT,M30,11/11/2025,5563.702,5568.429,5559.501,5567.904,4786212488.03,86038.0
WDOFUT,M30,11/11/2025,5564.753,5566.328,5558.45,5563.177,6833884080.57,122854.0
WDOFUT,M30,11/11/2025,5561.076,5570.53,5561.076,5565.278,9383292601.33,168575.0
WDOFUT,M30,11/11/2025,5553.723,5563.177,5552.673,5561.601,10077613899.78,181333.0
WDOFUT,M30,11/11/2025,5559.501,5562.127,5553.198,5554.248,7861091121.72,141457.0
WDOFUT,M30,11/11/2025,5561.076,5564.228,5553.198,5559.501,12844780792.14,231069.0
WDOFUT,M30,11/11/2025,5572.106,5572.631,5560.026,5561.076,11160022306.2,200508.0
WDOFUT,M30,11/11/2025,5578.409,5581.035,5567.904,5572.106,13927030544.02,249793.0
WDOFUT,M30,11/11/2025,5587.337,5589.964,5577.358,5577.883,10091665895.82,180705.0
WDOFUT,M30,11/11/2025,5581.56,5588.388,5570.53,5587.337,16789555344.41,300941.0
WDOFUT,M30,10/11/2025,5589.964,5590.489,5576.308,5582.61,5914523219.08,105950.0
WDOFUT,M30,10/11/2025,5596.266,5597.317,5589.964,5590.489,3798231544.08,67914.0
WDOFUT,M30,10/11/2025,5597.842,5598.367,5593.115,5595.741,3689719689.73,65940.0
WDOFUT,M30,10/11/2025,5597.842,5600.468,5596.791,5597.842,2151840219.06,38435.0
WDOFUT,M30,10/11/2025,5596.266,5598.892,5595.216,5597.317,2363393190.16,42223.0
WDOFUT,M30,10/11/2025,5597.842,5599.943,5595.216,5596.266,4086798639.83,73006.0
WDOFUT,M30,10/11/2025,5597.842,5598.892,5594.691,5597.842,4011617984.34,71675.0
WDOFUT,M30,10/11/2025,5607.296,5607.821,5596.791,5598.367,7666206063.67,136879.0
WDOFUT,M30,10/11/2025,5611.498,5612.023,5606.245,5606.771,3792982871.37,67632.0
WDOFUT,M30,10/11/2025,5613.599,5614.649,5610.973,5611.498,3086717706.91,54993.0
WDOFUT,M30,10/11/2025,5610.447,5614.124,5609.397,5613.599,4833080217.17,86132.0
WDOFUT,M30,10/11/2025,5608.872,5614.649,5606.245,5609.922,6251668736.69,111421.0
WDOFUT,M30,10/11/2025,5608.346,5610.973,5605.195,5608.872,5606161055.58,99966.0
WDOFUT,M30,10/11/2025,5607.821,5610.447,5604.67,5607.821,6508727782.1,116074.0
WDOFUT,M30,10/11/2025,5609.922,5615.174,5605.72,5607.296,8044244184.05,143396.0
WDOFUT,M30,10/11/2025,5604.67,5616.75,5604.145,5610.447,11015151659.84,196315.0
WDOFUT,M30,10/11/2025,5607.821,5610.447,5600.993,5604.145,9848757136.94,175688.0
WDOFUT,M30,10/11/2025,5599.943,5608.346,5597.842,5607.296,8506370130.61,151803.0
WDOFUT,M30,10/11/2025,5609.397,5614.124,5595.741,5599.943,18612774679.87,332094.0
WDOFUT,M30,07/11/2025,5627.78,5628.305,5622.002,5624.628,3732370943.46,66341.0
WDOFUT,M30,07/11/2025,5630.406,5633.032,5627.78,5627.78,3068911658.81,54504.0
WDOFUT,M30,07/11/2025,5628.83,5632.507,5628.83,5630.406,2113109025.09,37527.0
WDOFUT,M30,07/11/2025,5633.032,5633.032,5627.254,5629.355,3379142607.57,60019.0
WDOFUT,M30,07/11/2025,5632.507,5633.032,5629.355,5632.507,4144606956.53,73606.0
WDOFUT,M30,07/11/2025,5634.082,5635.133,5630.931,5632.507,2454482872.42,43572.0
WDOFUT,M30,07/11/2025,5634.608,5636.709,5630.931,5634.082,3591045703.77,63739.0
WDOFUT,M30,07/11/2025,5637.759,5640.385,5633.557,5635.133,4310944670.07,76484.0
WDOFUT,M30,07/11/2025,5638.284,5643.011,5636.183,5637.234,4816682983.79,85408.0
WDOFUT,M30,07/11/2025,5640.91,5640.91,5631.456,5638.284,8282596468.74,146967.0
WDOFUT,M30,07/11/2025,5642.486,5646.163,5636.709,5640.91,7746223122.2,137291.0
WDOFUT,M30,07/11/2025,5641.436,5644.062,5637.234,5642.486,8967312872.61,158962.0
WDOFUT,M30,07/11/2025,5647.738,5650.364,5639.86,5640.91,10312240746.63,182693.0
WDOFUT,M30,07/11/2025,5650.89,5660.869,5645.112,5647.738,13537425127.79,239484.0
WDOFUT,M30,07/11/2025,5656.142,5659.818,5650.364,5650.89,7895877344.54,139615.0
WDOFUT,M30,07/11/2025,5652.465,5658.768,5649.839,5656.142,7412038436.49,131059.0
WDOFUT,M30,07/11/2025,5660.869,5662.445,5650.364,5652.99,9737011638.64,172148.0
WDOFUT,M30,07/11/2025,5647.738,5662.445,5646.163,5660.344,11595076736.36,205037.0
WDOFUT,M30,07/11/2025,5647.213,5648.789,5639.86,5647.738,9758408924.5,172887.0
WDOFUT,M30,06/11/2025,5650.364,5652.99,5646.688,5649.839,2259075730.79,39985.0
WDOFUT,M30,06/11/2025,5650.364,5652.99,5648.789,5650.364,3151075976.6,55762.0
WDOFUT,M30,06/11/2025,5649.314,5650.89,5648.263,5650.364,1806056771.3,31968.0
WDOFUT,M30,06/11/2025,5648.789,5650.364,5645.637,5648.789,3720544580.67,65869.0
WDOFUT,M30,06/11/2025,5651.94,5654.041,5647.213,5648.789,3782036606.13,66929.0
WDOFUT,M30,06/11/2025,5655.617,5656.142,5645.637,5652.465,7781725724.88,137730.0
WDOFUT,M30,06/11/2025,5654.566,5660.869,5654.566,5655.617,3986418514.85,70456.0
WDOFUT,M30,06/11/2025,5659.818,5661.919,5654.041,5654.566,3714471457.93,65654.0
WDOFUT,M30,06/11/2025,5658.768,5665.071,5651.415,5659.818,6130569227.76,108348.0
WDOFUT,M30,06/11/2025,5656.667,5661.919,5654.566,5658.243,4768914263.66,84281.0
WDOFUT,M30,06/11/2025,5654.041,5658.768,5651.94,5656.142,5715966401.12,101074.0
WDOFUT,M30,06/11/2025,5650.89,5664.02,5648.263,5654.566,11593452752.95,204959.0
WDOFUT,M30,06/11/2025,5650.364,5655.617,5646.688,5650.364,9788539048.57,173209.0
WDOFUT,M30,06/11/2025,5639.86,5653.516,5636.709,5650.89,12068615730.87,213805.0
WDOFUT,M30,06/11/2025,5636.183,5642.486,5634.608,5639.86,10282116484.06,182372.0
WDOFUT,M30,06/11/2025,5638.809,5643.011,5629.881,5636.183,12684525261.46,225065.0
WDOFUT,M30,06/11/2025,5641.436,5642.486,5634.608,5638.284,10440330908.6,185186.0
WDOFUT,M30,06/11/2025,5647.738,5650.364,5638.809,5641.436,10017857520.44,177475.0
WDOFUT,M30,06/11/2025,5651.415,5655.091,5636.709,5648.263,14532795312.35,257472.0
WDOFUT,M30,05/11/2025,5659.293,5660.869,5654.041,5657.717,3078277392.45,54409.0
WDOFUT,M30,05/11/2025,5662.97,5664.545,5657.192,5659.293,3482882440.87,61519.0
WDOFUT,M30,05/11/2025,5662.445,5665.071,5662.445,5663.495,1585135240.86,27989.0
WDOFUT,M30,05/11/2025,5662.445,5665.071,5661.394,5662.445,2520772964.8,44512.0
WDOFUT,M30,05/11/2025,5661.919,5664.545,5659.293,5661.919,2758686413.98,48721.0
WDOFUT,M30,05/11/2025,5662.445,5665.596,5660.869,5662.445,2638431061.5,46593.0
WDOFUT,M30,05/11/2025,5662.445,5667.172,5660.344,5662.445,4601264471.23,81240.0
WDOFUT,M30,05/11/2025,5658.243,5663.495,5655.617,5661.919,4706502323.38,83144.0
WDOFUT,M30,05/11/2025,5660.344,5661.919,5656.667,5658.768,3901631242.04,68951.0
WDOFUT,M30,05/11/2025,5662.445,5667.697,5659.818,5659.818,4957924712.8,87538.0
WDOFUT,M30,05/11/2025,5664.02,5667.172,5654.566,5662.445,11820220241.31,208756.0
WDOFUT,M30,05/11/2025,5671.373,5671.899,5664.02,5664.02,7840623420.06,138362.0
WDOFUT,M30,05/11/2025,5672.949,5679.252,5671.373,5671.899,9543275461.75,168146.0
WDOFUT,M30,05/11/2025,5675.05,5677.151,5668.222,5672.949,9684915221.58,170733.0
WDOFUT,M30,05/11/2025,5685.554,5687.655,5672.949,5675.575,14466396304.18,254672.0
WDOFUT,M30,05/11/2025,5700.786,5703.412,5683.453,5686.08,14055604978.67,246988.0
WDOFUT,M30,05/11/2025,5702.887,5706.038,5697.635,5700.786,8677201380.7,152167.0
WDOFUT,M30,05/11/2025,5704.462,5706.563,5701.311,5703.412,5208331192.13,91316.0
WDOFUT,M30,05/11/2025,5707.089,5709.715,5695.534,5704.462,11812177264.38,207151.0
WDOFUT,M30,04/11/2025,5706.563,5718.118,5704.462,5717.068,3952285061.94,69199.0
WDOFUT,M30,04/11/2025,5703.937,5708.139,5701.311,5707.089,3788754110.96,66409.0
WDOFUT,M30,04/11/2025,5704.988,5707.614,5702.887,5704.462,3604722106.57,63185.0
WDOFUT,M30,04/11/2025,5703.937,5706.038,5703.412,5704.988,3098349348.0,54313.0
WDOFUT,M30,04/11/2025,5703.412,5704.462,5701.311,5704.462,2913192570.26,51080.0
WDOFUT,M30,04/11/2025,5702.887,5708.139,5700.786,5703.937,6575417465.22,115273.0
WDOFUT,M30,04/11/2025,5700.786,5703.937,5699.21,5702.887,4065197519.62,71296.0
WDOFUT,M30,04/11/2025,5695.008,5702.362,5695.008,5700.786,5654662332.47,99211.0
WDOFUT,M30,04/11/2025,5690.281,5697.635,5689.756,5695.534,5026820942.51,88275.0
WDOFUT,M30,04/11/2025,5689.756,5692.908,5687.13,5690.281,3005916393.77,52830.0
WDOFUT,M30,04/11/2025,5685.554,5693.433,5683.979,5689.231,7004314474.12,123131.0
WDOFUT,M30,04/11/2025,5687.13,5690.281,5683.453,5685.554,6466918846.53,113719.0
WDOFUT,M30,04/11/2025,5687.13,5691.332,5683.979,5686.605,8151394714.46,143323.0
WDOFUT,M30,04/11/2025,5692.908,5701.311,5686.08,5687.13,11368059750.64,199647.0
WDOFUT,M30,04/11/2025,5694.483,5698.16,5689.756,5692.382,10543947671.31,185173.0
WDOFUT,M30,04/11/2025,5700.261,5702.362,5693.433,5693.958,7110102929.54,124777.0
WDOFUT,M30,04/11/2025,5694.483,5703.412,5685.029,5700.261,16550026977.2,290657.0
WDOFUT,M30,04/11/2025,5700.786,5705.513,5693.433,5695.008,10534619501.72,184815.0
WDOFUT,M30,04/11/2025,5690.807,5703.937,5687.13,5701.311,20543272942.1,360604.0
WDOFUT,M30,03/11/2025,5662.445,5669.798,5662.445,5668.222,2586939151.49,45656.0
WDOFUT,M30,03/11/2025,5667.172,5667.172,5662.445,5662.445,2067484187.03,36497.0
WDOFUT,M30,03/11/2025,5664.02,5667.172,5662.97,5666.646,2164020168.19,38198.0
WDOFUT,M30,03/11/2025,5661.919,5666.121,5661.394,5664.02,2390885589.9,42216.0
WDOFUT,M30,03/11/2025,5662.97,5664.545,5660.344,5661.919,2812172180.94,49666.0
WDOFUT,M30,03/11/2025,5665.596,5666.646,5660.869,5662.445,4578349785.76,80837.0
WDOFUT,M30,03/11/2025,5661.394,5668.222,5660.344,5665.596,3524131109.04,62213.0
WDOFUT,M30,03/11/2025,5662.97,5667.172,5659.818,5661.919,3853574982.56,68036.0
WDOFUT,M30,03/11/2025,5666.121,5671.373,5662.97,5662.97,4032646825.27,71157.0
WDOFUT,M30,03/11/2025,5665.596,5669.272,5661.919,5666.646,3500902686.0,61796.0
WDOFUT,M30,03/11/2025,5665.596,5666.646,5658.768,5665.596,6814399488.74,120339.0
WDOFUT,M30,03/11/2025,5671.373,5677.676,5665.596,5665.596,9805807592.51,172925.0
WDOFUT,M30,03/11/2025,5658.243,5675.575,5649.314,5671.373,15249564550.35,269394.0
WDOFUT,M30,03/11/2025,5660.869,5663.495,5658.243,5658.243,6564565955.72,115965.0
WDOFUT,M30,03/11/2025,5656.142,5661.394,5653.516,5660.344,6573602142.55,116202.0
WDOFUT,M30,03/11/2025,5665.071,5667.172,5651.415,5656.142,10377743065.4,183413.0
WDOFUT,M30,03/11/2025,5659.818,5666.646,5655.091,5665.071,10328984334.0,182432.0
WDOFUT,M30,03/11/2025,5668.747,5669.798,5655.617,5659.818,11758424168.68,207641.0
WDOFUT,M30,03/11/2025,5682.403,5690.281,5664.02,5669.272,15683723551.65,276262.0
WDOFUT,M30,31/10/2025,5683.453,5687.13,5681.878,5687.13,1145943176.73,20161.0
WDOFUT,M30,31/10/2025,5689.231,5690.281,5683.453,5683.453,1470260791.59,25853.0
WDOFUT,M30,31/10/2025,5689.231,5690.281,5685.029,5688.706,2335914572.3,41070.0
WDOFUT,M30,31/10/2025,5690.807,5692.382,5687.655,5689.231,3383775801.29,59469.0
WDOFUT,M30,31/10/2025,5686.605,5692.382,5686.605,5690.281,3341809713.33,58737.0
WDOFUT,M30,31/10/2025,5688.181,5692.908,5685.554,5687.13,5168138482.41,90839.0
WDOFUT,M30,31/10/2025,5691.857,5692.382,5686.605,5688.181,2837285503.13,49866.0
WDOFUT,M30,31/10/2025,5686.08,5693.433,5683.453,5691.857,6098641969.54,107199.0
WDOFUT,M30,31/10/2025,5688.181,5689.756,5683.453,5686.08,3943903178.69,69348.0
WDOFUT,M30,31/10/2025,5687.655,5689.756,5679.777,5688.181,8559251416.79,150563.0
WDOFUT,M30,31/10/2025,5695.008,5695.534,5686.605,5688.181,10259562296.87,180215.0
WDOFUT,M30,31/10/2025,5700.261,5701.311,5690.281,5695.008,9611344415.72,168743.0
WDOFUT,M30,31/10/2025,5699.735,5708.664,5698.16,5700.786,12604234413.94,220979.0
WDOFUT,M30,31/10/2025,5693.958,5700.786,5690.807,5699.735,7877148330.06,138292.0
WDOFUT,M30,31/10/2025,5689.756,5699.735,5687.13,5693.433,13606825362.86,238981.0
WDOFUT,M30,31/10/2025,5686.605,5696.059,5682.928,5690.281,11559679320.38,203191.0
WDOFUT,M30,31/10/2025,5685.029,5692.382,5683.979,5686.605,10877653047.73,191200.0
WDOFUT,M30,31/10/2025,5693.433,5705.513,5679.252,5685.554,16208828544.32,284782.0
WDOFUT,M30,31/10/2025,5698.685,5698.685,5686.08,5693.958,10079492375.44,177069.0
WDOFUT,M30,30/10/2025,5690.787,5695.543,5688.145,5693.958,960176662.01,16872.0
WDOFUT,M30,30/10/2025,5689.202,5692.901,5687.088,5690.259,1933940074.79,33994.0
WDOFUT,M30,30/10/2025,5688.674,5690.787,5686.56,5689.202,3226680123.04,56720.0
WDOFUT,M30,30/10/2025,5687.088,5690.259,5685.503,5688.674,2924400693.02,51412.0
WDOFUT,M30,30/10/2025,5686.56,5691.316,5685.503,5687.088,3109140126.4,54659.0
WDOFUT,M30,30/10/2025,5687.088,5687.617,5683.918,5686.031,2653071964.53,46664.0
WDOFUT,M30,30/10/2025,5684.974,5690.259,5683.389,5687.088,5478827665.44,96347.0
WDOFUT,M30,30/10/2025,5693.958,5696.072,5684.446,5685.503,5837279478.44,102586.0
WDOFUT,M30,30/10/2025,5692.901,5696.6,5691.844,5693.43,3465909302.16,60872.0
WDOFUT,M30,30/10/2025,5692.373,5694.486,5690.787,5692.901,3098569080.72,54435.0
WDOFUT,M30,30/10/2025,5692.901,5697.129,5689.73,5692.901,5621562662.51,98745.0
WDOFUT,M30,30/10/2025,5689.202,5697.129,5688.145,5692.901,5179744641.12,90979.0
WDOFUT,M30,30/10/2025,5692.373,5696.072,5686.031,5689.202,7094548985.1,124662.0
WDOFUT,M30,30/10/2025,5691.316,5696.6,5688.674,5691.844,8652966956.4,151987.0
WDOFUT,M30,30/10/2025,5692.373,5693.43,5683.389,5690.787,9841939130.81,173003.0
WDOFUT,M30,30/10/2025,5696.072,5697.657,5683.918,5692.901,12749074115.65,224041.0
WDOFUT,M30,30/10/2025,5697.657,5705.055,5690.787,5696.072,15345221846.37,269295.0
WDOFUT,M30,30/10/2025,5688.674,5697.657,5683.918,5697.129,10927843664.03,192039.0
WDOFUT,M30,30/10/2025,5670.707,5691.316,5670.707,5688.145,13955697010.2,245567.0
WDOFUT,M30,29/10/2025,5669.65,5670.707,5662.78,5663.837,1234544605.96,21787.0
WDOFUT,M30,29/10/2025,5669.121,5671.235,5666.479,5669.65,1824685159.56,32188.0
WDOFUT,M30,29/10/2025,5665.951,5670.707,5664.894,5669.65,3049044957.79,53792.0
WDOFUT,M30,29/10/2025,5673.877,5675.991,5665.951,5665.951,5094258245.85,89831.0
WDOFUT,M30,29/10/2025,5666.479,5675.991,5663.837,5673.877,9518392199.68,167834.0
WDOFUT,M30,29/10/2025,5655.382,5676.519,5650.097,5667.007,26277958234.69,463689.0
WDOFUT,M30,29/10/2025,5649.04,5656.967,5647.984,5655.382,5434732756.53,96139.0
WDOFUT,M30,29/10/2025,5652.74,5654.325,5647.984,5649.04,3755429843.26,66445.0
WDOFUT,M30,29/10/2025,5650.097,5654.853,5648.512,5652.74,4248858274.93,75182.0
WDOFUT,M30,29/10/2025,5652.211,5653.268,5649.04,5650.097,3362393283.58,59501.0
WDOFUT,M30,29/10/2025,5653.796,5656.967,5650.097,5652.211,7460313589.28,131953.0
WDOFUT,M30,29/10/2025,5651.154,5654.325,5649.569,5653.268,8020984414.72,141908.0
WDOFUT,M30,29/10/2025,5648.512,5651.683,5641.642,5650.626,11285285514.21,199899.0
WDOFUT,M30,29/10/2025,5650.626,5653.796,5647.455,5647.984,5721921475.2,101256.0
WDOFUT,M30,29/10/2025,5647.455,5652.211,5644.284,5650.626,8927911974.41,158081.0
WDOFUT,M30,29/10/2025,5646.398,5653.796,5643.756,5647.455,9892342601.67,175120.0
WDOFUT,M30,29/10/2025,5654.853,5656.967,5643.756,5646.398,15836950064.84,280259.0
WDOFUT,M30,29/10/2025,5671.763,5673.349,5652.74,5654.853,15668618779.36,276559.0
WDOFUT,M30,29/10/2025,5672.292,5674.406,5660.666,5672.292,13268770606.51,234053.0
WDOFUT,M30,28/10/2025,5669.121,5672.82,5667.007,5670.178,1513890015.09,26703.0
WDOFUT,M30,28/10/2025,5672.292,5672.292,5668.593,5669.65,1328342821.77,23426.0
WDOFUT,M30,28/10/2025,5670.707,5673.349,5669.65,5671.763,2061028640.78,36340.0
WDOFUT,M30,28/10/2025,5670.707,5672.82,5670.178,5670.178,2383838728.83,42032.0
WDOFUT,M30,28/10/2025,5667.007,5671.763,5666.479,5670.178,3804599730.67,67112.0
WDOFUT,M30,28/10/2025,5670.178,5670.707,5664.894,5666.479,3220668608.67,56829.0
WDOFUT,M30,28/10/2025,5670.178,5670.178,5663.308,5669.65,5924620344.29,104546.0
WDOFUT,M30,28/10/2025,5673.349,5673.349,5667.536,5670.178,3369091227.7,59421.0
WDOFUT,M30,28/10/2025,5671.763,5675.991,5670.178,5672.82,3924362775.32,69168.0
WDOFUT,M30,28/10/2025,5673.877,5674.934,5667.536,5671.763,7243429757.7,127725.0
WDOFUT,M30,28/10/2025,5674.406,5674.934,5670.707,5673.877,4812447693.76,84838.0
WDOFUT,M30,28/10/2025,5678.105,5678.105,5672.292,5673.877,4896435862.04,86294.0
WDOFUT,M30,28/10/2025,5678.105,5679.69,5673.349,5678.105,9123981306.14,160729.0
WDOFUT,M30,28/10/2025,5688.674,5690.259,5675.991,5678.105,9934529012.12,174839.0
WDOFUT,M30,28/10/2025,5683.389,5689.202,5679.69,5688.674,10848849289.78,190870.0
WDOFUT,M30,28/10/2025,5686.56,5688.674,5675.463,5682.861,13560802386.53,238694.0
WDOFUT,M30,28/10/2025,5689.202,5695.015,5684.974,5686.56,9575386187.77,168274.0
WDOFUT,M30,28/10/2025,5693.43,5695.015,5687.617,5688.674,9725367757.02,170877.0
WDOFUT,M30,28/10/2025,5691.844,5700.299,5688.674,5693.43,10710276541.63,188068.0
WDOFUT,M30,27/10/2025,5687.617,5688.674,5684.974,5688.145,992943796.9,17460.0
WDOFUT,M30,27/10/2025,5684.974,5689.202,5683.389,5687.088,1609296135.94,28304.0
WDOFUT,M30,27/10/2025,5683.389,5688.145,5683.389,5684.446,2328461771.96,40953.0
WDOFUT,M30,27/10/2025,5685.503,5687.617,5683.389,5683.389,3149157839.05,55387.0
WDOFUT,M30,27/10/2025,5682.861,5686.56,5682.861,5685.503,2539831928.7,44679.0
WDOFUT,M30,27/10/2025,5685.503,5687.617,5681.275,5682.861,4186406637.37,73650.0
WDOFUT,M30,27/10/2025,5683.918,5687.088,5683.918,5685.503,3019898968.79,53117.0
WDOFUT,M30,27/10/2025,5685.503,5687.088,5681.804,5683.918,5238776178.38,92160.0
WDOFUT,M30,27/10/2025,5689.73,5693.43,5684.974,5684.974,3825237572.5,67243.0
WDOFUT,M30,27/10/2025,5689.202,5691.316,5687.088,5689.73,2953594934.02,51916.0
WDOFUT,M30,27/10/2025,5691.316,5694.486,5688.145,5689.202,6005189506.15,105530.0
WDOFUT,M30,27/10/2025,5689.202,5697.129,5688.674,5690.787,5775901893.1,101459.0
WDOFUT,M30,27/10/2025,5691.844,5692.373,5684.446,5689.73,10446886057.2,183647.0
WDOFUT,M30,27/10/2025,5695.015,5696.6,5691.316,5691.844,5677123078.45,99713.0
WDOFUT,M30,27/10/2025,5689.73,5700.299,5689.73,5694.486,10435976412.59,183230.0
WDOFUT,M30,27/10/2025,5681.804,5693.958,5681.275,5690.259,10045677396.92,176575.0
WDOFUT,M30,27/10/2025,5676.519,5686.031,5675.463,5682.332,10717517676.14,188634.0
WDOFUT,M30,27/10/2025,5687.617,5690.787,5675.463,5675.991,8958981242.37,157598.0
WDOFUT,M30,27/10/2025,5678.105,5690.259,5673.349,5687.088,13762301793.65,242222.0
WDOFUT,M30,24/10/2025,5706.641,5707.697,5702.413,5702.413,1668103666.82,29236.0
WDOFUT,M30,24/10/2025,5707.169,5707.697,5705.055,5706.112,1059038473.69,18559.0
WDOFUT,M30,24/10/2025,5710.34,5710.868,5706.641,5707.169,1618339504.58,28350.0
WDOFUT,M30,24/10/2025,5708.754,5710.868,5707.697,5709.811,1755249019.86,30746.0
WDOFUT,M30,24/10/2025,5705.584,5712.453,5704.527,5708.754,2494194995.57,43692.0
WDOFUT,M30,24/10/2025,5708.754,5711.925,5705.584,5706.112,3317443424.9,58120.0
WDOFUT,M30,24/10/2025,5707.697,5712.453,5705.055,5709.283,5408265654.54,94726.0
WDOFUT,M30,24/10/2025,5705.584,5708.226,5701.885,5707.697,3377294527.49,59192.0
WDOFUT,M30,24/10/2025,5703.47,5705.584,5700.828,5705.584,2203227523.31,38630.0
WDOFUT,M30,24/10/2025,5701.356,5706.112,5697.129,5703.47,2917175876.79,51158.0
WDOFUT,M30,24/10/2025,5698.714,5702.413,5697.657,5701.356,2334694026.94,40957.0
WDOFUT,M30,24/10/2025,5702.941,5707.697,5697.657,5699.242,5593877772.2,98075.0
WDOFUT,M30,24/10/2025,5703.47,5705.055,5694.486,5702.941,8090215788.59,141947.0
WDOFUT,M30,24/10/2025,5701.885,5708.226,5695.543,5703.47,8480466980.29,148730.0
WDOFUT,M30,24/10/2025,5692.373,5701.885,5691.316,5701.885,10155235214.87,178271.0
WDOFUT,M30,24/10/2025,5689.202,5696.6,5687.088,5692.901,9812054819.1,172392.0
WDOFUT,M30,24/10/2025,5682.332,5691.316,5677.576,5689.202,9459078458.77,166387.0
WDOFUT,M30,24/10/2025,5703.47,5703.998,5678.633,5682.861,21977707716.59,386505.0
WDOFUT,M30,24/10/2025,5703.998,5708.754,5700.828,5703.47,8376083815.5,146830.0
WDOFUT,M30,23/10/2025,5701.885,5701.885,5697.657,5698.714,1386740905.55,24331.0
WDOFUT,M30,23/10/2025,5701.885,5703.998,5701.356,5701.356,1086716367.44,19057.0
WDOFUT,M30,23/10/2025,5703.998,5705.584,5701.356,5701.356,1637662129.32,28714.0
WDOFUT,M30,23/10/2025,5703.998,5706.112,5703.47,5704.527,2694143194.15,47226.0
WDOFUT,M30,23/10/2025,5698.714,5704.527,5697.657,5703.998,2759962029.73,48406.0
WDOFUT,M30,23/10/2025,5699.242,5701.356,5697.657,5698.714,3129439522.55,54909.0
WDOFUT,M30,23/10/2025,5699.242,5701.356,5696.6,5699.771,2923171205.0,51295.0
WDOFUT,M30,23/10/2025,5704.527,5705.055,5696.072,5699.771,6556613951.54,115031.0
WDOFUT,M30,23/10/2025,5704.527,5709.811,5702.941,5704.527,3897526995.5,68317.0
WDOFUT,M30,23/10/2025,5702.413,5707.169,5702.413,5705.055,3393201813.18,59482.0
WDOFUT,M30,23/10/2025,5702.941,5704.527,5697.657,5702.941,5947860195.45,104322.0
WDOFUT,M30,23/10/2025,5708.754,5709.283,5701.356,5702.941,5364020974.72,94025.0
WDOFUT,M30,23/10/2025,5702.413,5714.567,5700.828,5708.754,8590415353.55,150488.0
WDOFUT,M30,23/10/2025,5702.413,5705.584,5699.242,5702.413,6803408226.28,119310.0
WDOFUT,M30,23/10/2025,5699.771,5706.112,5697.657,5702.413,7518725956.84,131855.0
WDOFUT,M30,23/10/2025,5700.828,5702.941,5697.129,5700.299,8216007384.57,144142.0
WDOFUT,M30,23/10/2025,5706.641,5707.169,5697.657,5701.356,11687725866.11,204995.0
WDOFUT,M30,23/10/2025,5706.641,5714.039,5704.527,5706.641,8509091978.74,149045.0
WDOFUT,M30,23/10/2025,5721.965,5723.022,5700.828,5706.641,16139867820.57,282743.0
WDOFUT,M30,22/10/2025,5720.908,5721.965,5717.738,5721.965,1172077072.88,20491.0
WDOFUT,M30,22/10/2025,5719.323,5722.494,5716.681,5720.908,2507331804.76,43834.0
WDOFUT,M30,22/10/2025,5717.738,5719.323,5714.039,5718.795,2577034722.91,45078.0
WDOFUT,M30,22/10/2025,5721.965,5722.494,5716.153,5717.209,3873460112.13,67725.0
WDOFUT,M30,22/10/2025,5722.494,5724.608,5719.323,5721.965,3207694501.35,56063.0
WDOFUT,M30,22/10/2025,5726.721,5728.835,5721.437,5723.022,3803057563.77,66433.0
WDOFUT,M30,22/10/2025,5727.778,5732.006,5723.022,5726.721,4717052717.75,82365.0
WDOFUT,M30,22/10/2025,5730.42,5731.477,5723.551,5727.778,6821661813.71,119101.0
WDOFUT,M30,22/10/2025,5721.965,5734.12,5720.38,5730.949,8397266586.29,146583.0
WDOFUT,M30,22/10/2025,5719.323,5734.648,5716.681,5722.494,13607943787.54,237718.0
WDOFUT,M30,22/10/2025,5712.453,5719.323,5711.925,5718.795,6060750772.87,106045.0
WDOFUT,M30,22/10/2025,5712.982,5714.567,5706.112,5712.982,4914634909.01,86064.0
WDOFUT,M30,22/10/2025,5713.51,5716.153,5706.112,5712.982,9855034858.96,172569.0
WDOFUT,M30,22/10/2025,5711.925,5721.965,5707.697,5713.51,12482151332.21,218393.0
WDOFUT,M30,22/10/2025,5710.868,5711.925,5703.47,5711.925,10411284456.82,182406.0
WDOFUT,M30,22/10/2025,5715.096,5716.681,5705.584,5710.34,10451543661.98,183018.0
WDOFUT,M30,22/10/2025,5706.641,5717.209,5705.055,5715.624,12221848595.32,213998.0
WDOFUT,M30,22/10/2025,5700.299,5708.226,5697.657,5706.112,8523331952.0,149432.0
WDOFUT,M30,22/10/2025,5715.096,5717.738,5695.543,5700.299,14595089116.57,255862.0
WDOFUT,M30,21/10/2025,5710.34,5711.925,5705.584,5709.811,1292110262.15,22631.0
WDOFUT,M30,21/10/2025,5705.055,5710.34,5703.47,5710.34,1779222284.51,31179.0
WDOFUT,M30,21/10/2025,5711.397,5712.453,5703.998,5705.584,3397762496.49,59530.0
WDOFUT,M30,21/10/2025,5709.811,5712.982,5707.697,5711.925,3196518157.55,55978.0
WDOFUT,M30,21/10/2025,5705.055,5710.34,5705.055,5709.811,2674834499.14,46866.0
WDOFUT,M30,21/10/2025,5704.527,5708.754,5703.47,5705.584,3075128564.44,53891.0
WDOFUT,M30,21/10/2025,5705.055,5706.112,5701.356,5705.055,2498791544.21,43810.0
WDOFUT,M30,21/10/2025,5708.754,5709.283,5699.771,5705.055,4536358393.65,79529.0
WDOFUT,M30,21/10/2025,5705.055,5711.397,5704.527,5708.226,7096044242.24,124314.0
WDOFUT,M30,21/10/2025,5698.186,5706.112,5696.072,5704.527,5242016999.59,91948.0
WDOFUT,M30,21/10/2025,5692.901,5702.413,5690.259,5698.186,8631680426.11,151528.0
WDOFUT,M30,21/10/2025,5697.657,5700.828,5690.259,5692.901,7650841571.68,134330.0
WDOFUT,M30,21/10/2025,5706.641,5708.226,5696.6,5697.129,9167131705.0,160753.0
WDOFUT,M30,21/10/2025,5711.925,5715.624,5705.584,5706.641,8214614217.06,143825.0
WDOFUT,M30,21/10/2025,5720.908,5723.551,5708.754,5711.925,15072575876.85,263654.0
WDOFUT,M30,21/10/2025,5718.795,5727.778,5718.266,5720.908,14147814090.4,247198.0
WDOFUT,M30,21/10/2025,5707.169,5720.908,5705.584,5719.323,14185170914.76,248282.0
WDOFUT,M30,21/10/2025,5706.641,5712.982,5699.242,5707.169,12270673489.64,215064.0
WDOFUT,M30,21/10/2025,5711.925,5714.039,5701.356,5707.169,13742827913.08,240789.0
WDOFUT,M30,20/10/2025,5698.186,5699.242,5693.43,5696.072,1858010069.82,32614.0
WDOFUT,M30,20/10/2025,5695.543,5699.242,5695.543,5697.657,1652423119.55,29002.0
WDOFUT,M30,20/10/2025,5693.43,5698.186,5692.901,5695.543,2740276074.99,48108.0
WDOFUT,M30,20/10/2025,5695.543,5697.129,5691.844,5693.43,2453583103.21,43094.0
WDOFUT,M30,20/10/2025,5692.901,5696.6,5692.901,5695.015,1940772475.59,34078.0
WDOFUT,M30,20/10/2025,5694.486,5697.129,5690.787,5692.901,3524537760.04,61902.0
WDOFUT,M30,20/10/2025,5696.6,5698.186,5693.43,5694.486,3037684325.28,53335.0
WDOFUT,M30,20/10/2025,5699.242,5700.299,5696.072,5696.6,3270608208.22,57399.0
WDOFUT,M30,20/10/2025,5693.43,5699.242,5692.901,5699.242,3145755399.27,55221.0
WDOFUT,M30,20/10/2025,5692.901,5693.958,5689.202,5693.43,3999322572.13,70266.0
WDOFUT,M30,20/10/2025,5693.958,5696.6,5691.316,5693.43,3844169235.03,67505.0
WDOFUT,M30,20/10/2025,5697.129,5697.657,5689.73,5694.486,5102719747.48,89631.0
WDOFUT,M30,20/10/2025,5700.828,5705.584,5693.43,5697.129,8522728001.41,149527.0
WDOFUT,M30,20/10/2025,5699.242,5704.527,5697.657,5700.828,6714672332.79,117763.0
WDOFUT,M30,20/10/2025,5705.584,5705.584,5689.202,5699.771,12265690280.3,215293.0
WDOFUT,M30,20/10/2025,5696.6,5706.112,5692.901,5705.584,9946396251.0,174548.0
WDOFUT,M30,20/10/2025,5708.226,5708.754,5695.543,5696.6,15095418345.24,264752.0
WDOFUT,M30,20/10/2025,5724.608,5725.136,5707.697,5708.226,12265310589.75,214552.0
WDOFUT,M30,20/10/2025,5738.347,5738.347,5721.965,5725.136,14190324784.31,247705.0
WDOFUT,M30,17/10/2025,5736.233,5738.347,5729.364,5733.591,1942671113.32,33880.0
WDOFUT,M30,17/10/2025,5736.233,5738.876,5735.176,5735.705,2227020388.58,38817.0
WDOFUT,M30,17/10/2025,5733.591,5736.762,5732.006,5736.233,2341402624.45,40833.0
WDOFUT,M30,17/10/2025,5732.534,5735.176,5730.949,5733.063,2108753832.34,36783.0
WDOFUT,M30,17/10/2025,5730.949,5735.176,5729.892,5732.534,2696074283.49,47027.0
WDOFUT,M30,17/10/2025,5733.591,5734.12,5730.42,5731.477,3237376150.43,56477.0
WDOFUT,M30,17/10/2025,5739.932,5740.989,5730.42,5733.591,5183668298.68,90390.0
WDOFUT,M30,17/10/2025,5741.518,5743.103,5737.29,5740.461,2547444790.14,44378.0
WDOFUT,M30,17/10/2025,5742.046,5744.688,5735.705,5741.518,5599526648.82,97554.0
WDOFUT,M30,17/10/2025,5739.932,5743.631,5734.648,5742.575,5741627753.8,100038.0
WDOFUT,M30,17/10/2025,5745.217,5748.916,5738.876,5739.404,8073059124.33,140577.0
WDOFUT,M30,17/10/2025,5755.786,5758.428,5742.575,5745.745,7222548943.71,125617.0
WDOFUT,M30,17/10/2025,5759.485,5760.013,5749.444,5756.314,8994596539.96,156290.0
WDOFUT,M30,17/10/2025,5768.997,5773.224,5749.973,5759.485,13367531438.29,232051.0
WDOFUT,M30,17/10/2025,5776.923,5782.208,5766.354,5769.525,14100926584.43,244172.0
WDOFUT,M30,17/10/2025,5785.378,5790.134,5772.696,5776.395,14231948800.81,246154.0
WDOFUT,M30,17/10/2025,5781.679,5790.663,5779.037,5785.378,12616643787.42,218099.0
WDOFUT,M30,17/10/2025,5770.582,5784.321,5767.411,5781.151,14003940275.31,242437.0
WDOFUT,M30,17/10/2025,5780.622,5784.321,5760.542,5771.11,17509159532.46,303429.0
WDOFUT,M30,16/10/2025,5777.452,5784.85,5775.338,5784.321,1782791854.51,30845.0
WDOFUT,M30,16/10/2025,5775.338,5778.509,5773.224,5777.98,1823335075.88,31570.0
WDOFUT,M30,16/10/2025,5774.281,5777.452,5773.224,5775.338,1971409943.37,34136.0
WDOFUT,M30,16/10/2025,5778.509,5781.151,5771.11,5773.753,3966031661.8,68667.0
WDOFUT,M30,16/10/2025,5776.923,5780.622,5774.281,5778.509,3588264157.22,62106.0
WDOFUT,M30,16/10/2025,5785.378,5787.492,5775.338,5776.923,5697857160.06,98581.0
WDOFUT,M30,16/10/2025,5779.037,5790.134,5778.509,5785.907,6590676730.06,113931.0
WDOFUT,M30,16/10/2025,5772.696,5783.793,5771.639,5779.566,4599917517.93,79599.0
WDOFUT,M30,16/10/2025,5774.281,5780.622,5771.11,5773.224,5641118372.26,97677.0
WDOFUT,M30,16/10/2025,5774.281,5791.191,5773.753,5774.281,15155293671.58,262013.0
WDOFUT,M30,16/10/2025,5766.354,5774.281,5762.127,5774.281,8632008001.76,149653.0
WDOFUT,M30,16/10/2025,5760.542,5770.054,5760.013,5766.354,7338546060.04,127274.0
WDOFUT,M30,16/10/2025,5753.672,5761.598,5752.087,5760.542,8206040395.18,142569.0
WDOFUT,M30,16/10/2025,5757.899,5758.428,5751.558,5753.672,9312056188.77,161813.0
WDOFUT,M30,16/10/2025,5768.997,5775.338,5756.843,5758.428,14505448980.29,251596.0
WDOFUT,M30,16/10/2025,5780.622,5784.321,5765.826,5769.525,12991325716.36,224978.0
WDOFUT,M30,16/10/2025,5777.98,5783.265,5770.054,5780.622,14008651157.57,242528.0
WDOFUT,M30,16/10/2025,5770.054,5784.85,5769.525,5777.98,13784652420.32,238550.0
WDOFUT,M30,16/10/2025,5781.151,5782.736,5769.525,5770.582,14290620300.26,247394.0
WDOFUT,M30,15/10/2025,5788.021,5788.549,5780.622,5786.435,1606150339.1,27765.0
WDOFUT,M30,15/10/2025,5791.191,5792.777,5786.435,5788.021,2408455788.57,41605.0
WDOFUT,M30,15/10/2025,5795.947,5797.004,5787.492,5791.72,3437705461.08,59348.0
WDOFUT,M30,15/10/2025,5789.077,5797.004,5789.077,5795.947,3963531504.3,68410.0
WDOFUT,M30,15/10/2025,5790.663,5792.777,5786.964,5789.606,3055353641.28,52771.0
WDOFUT,M30,15/10/2025,5785.907,5790.663,5784.321,5790.663,3557666956.68,61471.0
WDOFUT,M30,15/10/2025,5788.549,5790.134,5782.208,5785.907,3566806538.68,61647.0
WDOFUT,M30,15/10/2025,5792.777,5794.362,5785.907,5788.021,3835436716.85,66253.0
WDOFUT,M30,15/10/2025,5779.566,5802.288,5779.037,5792.777,14691519103.54,253672.0
WDOFUT,M30,15/10/2025,5776.923,5780.094,5772.696,5779.037,4697076960.36,81307.0
WDOFUT,M30,15/10/2025,5775.866,5783.793,5774.281,5776.923,5517324850.87,95473.0
WDOFUT,M30,15/10/2025,5774.281,5780.094,5771.639,5775.338,5232155946.87,90591.0
WDOFUT,M30,15/10/2025,5766.354,5777.98,5765.298,5774.281,9585462437.75,166044.0
WDOFUT,M30,15/10/2025,5780.094,5782.736,5764.769,5766.354,11337245145.1,196336.0
WDOFUT,M30,15/10/2025,5776.923,5781.679,5771.639,5779.566,10452663852.43,180919.0
WDOFUT,M30,15/10/2025,5783.793,5786.964,5774.81,5777.452,15499884044.59,268145.0
WDOFUT,M30,15/10/2025,5790.663,5795.419,5783.265,5783.265,18640624004.87,321991.0
WDOFUT,M30,15/10/2025,5800.703,5803.874,5790.134,5790.663,10320714184.1,178007.0
WDOFUT,M30,15/10/2025,5794.362,5805.988,5790.134,5801.232,17471089010.76,301320.0
WDOFUT,M30,14/10/2025,5818.67,5822.898,5813.386,5813.386,1401388534.5,24084.0
WDOFUT,M30,14/10/2025,5813.386,5822.898,5812.857,5818.67,3369217710.19,57905.0
WDOFUT,M30,14/10/2025,5805.988,5813.914,5805.459,5812.857,2470912219.1,42523.0
WDOFUT,M30,14/10/2025,5801.76,5817.085,5801.232,5805.988,8630963209.35,148588.0
WDOFUT,M30,14/10/2025,5801.76,5802.817,5798.589,5801.76,2563573751.8,44191.0
WDOFUT,M30,14/10/2025,5801.232,5804.931,5799.118,5801.76,4900650426.68,84468.0
WDOFUT,M30,14/10/2025,5797.533,5801.232,5792.248,5800.703,6026849708.05,103962.0
WDOFUT,M30,14/10/2025,5805.459,5807.044,5795.947,5797.004,5385499604.1,92825.0
WDOFUT,M30,14/10/2025,5804.931,5809.158,5800.175,5805.459,6318064744.62,108841.0
WDOFUT,M30,14/10/2025,5813.914,5818.142,5797.533,5805.459,12156568025.05,209392.0
WDOFUT,M30,14/10/2025,5816.556,5826.068,5808.63,5813.914,13399866080.75,230369.0
WDOFUT,M30,14/10/2025,5845.092,5845.621,5813.386,5817.085,11996105747.21,205839.0
WDOFUT,M30,14/10/2025,5838.223,5845.621,5834.523,5844.564,7949876602.94,136119.0
WDOFUT,M30,14/10/2025,5838.751,5840.336,5829.239,5837.694,11476522612.36,196697.0
WDOFUT,M30,14/10/2025,5846.149,5849.848,5835.58,5838.223,15616656390.01,267285.0
WDOFUT,M30,14/10/2025,5845.092,5858.303,5837.166,5846.149,19187459209.97,328151.0
WDOFUT,M30,14/10/2025,5839.808,5847.734,5833.995,5844.564,15837069756.86,271161.0
WDOFUT,M30,14/10/2025,5829.767,5844.035,5823.426,5839.808,18191498640.52,311832.0
WDOFUT,M30,14/10/2025,5819.199,5853.547,5819.199,5829.767,30226159981.81,517709.0
WDOFUT,M30,13/10/2025,5803.874,5806.516,5795.947,5795.947,1629744996.5,28082.0
WDOFUT,M30,13/10/2025,5799.646,5807.044,5797.004,5803.345,2778845223.59,47892.0
WDOFUT,M30,13/10/2025,5797.533,5801.232,5796.476,5799.646,2718225000.71,46870.0
WDOFUT,M30,13/10/2025,5795.947,5799.646,5794.89,5797.533,3632446887.83,62660.0
WDOFUT,M30,13/10/2025,5785.907,5795.947,5784.85,5795.947,4576304840.67,79040.0
WDOFUT,M30,13/10/2025,5784.85,5789.606,5784.321,5785.907,4158683292.36,71860.0
WDOFUT,M30,13/10/2025,5784.321,5785.378,5780.094,5784.85,2605803399.34,45062.0
WDOFUT,M30,13/10/2025,5781.151,5785.907,5779.037,5784.321,5052478148.85,87383.0
WDOFUT,M30,13/10/2025,5792.248,5794.362,5781.151,5781.151,6339898809.08,109554.0
WDOFUT,M30,13/10/2025,5789.077,5793.305,5787.492,5791.72,4232376351.3,73089.0
WDOFUT,M30,13/10/2025,5790.663,5791.72,5783.793,5788.549,5441841421.3,94024.0
WDOFUT,M30,13/10/2025,5790.663,5793.305,5786.435,5791.191,4071055033.56,70318.0
WDOFUT,M30,13/10/2025,5789.606,5791.191,5784.321,5790.663,9058729763.17,156511.0
WDOFUT,M30,13/10/2025,5809.687,5809.687,5789.606,5789.606,12768417487.0,220241.0
WDOFUT,M30,13/10/2025,5809.687,5820.256,5808.63,5809.687,12752119249.66,219300.0
WDOFUT,M30,13/10/2025,5804.402,5820.784,5800.703,5809.687,14724017985.63,253294.0
WDOFUT,M30,13/10/2025,5798.589,5809.687,5794.362,5803.874,14881994458.44,256422.0
WDOFUT,M30,13/10/2025,5823.955,5825.011,5792.777,5798.589,17882795945.03,308012.0
WDOFUT,M30,13/10/2025,5833.995,5840.336,5808.63,5823.426,25210259221.86,433137.0
WDOFUT,M30,10/10/2025,5863.588,5876.27,5855.133,5875.742,3122723648.4,53237.0
WDOFUT,M30,10/10/2025,5844.564,5865.173,5841.922,5863.588,7666240723.81,131028.0
WDOFUT,M30,10/10/2025,5843.507,5853.019,5842.978,5844.035,6183935127.95,105740.0
WDOFUT,M30,10/10/2025,5838.751,5845.092,5834.523,5844.035,6880739800.99,117820.0
WDOFUT,M30,10/10/2025,5842.978,5843.507,5835.58,5839.279,5048606701.31,86457.0
WDOFUT,M30,10/10/2025,5840.336,5846.149,5835.58,5843.507,7547370185.27,129220.0
WDOFUT,M30,10/10/2025,5831.353,5840.865,5827.125,5840.865,6941905988.56,119014.0
WDOFUT,M30,10/10/2025,5846.678,5848.263,5828.182,5831.353,10477671995.93,179534.0
WDOFUT,M30,10/10/2025,5830.296,5860.946,5829.239,5846.678,17478013983.96,298954.0
WDOFUT,M30,10/10/2025,5825.54,5831.353,5818.142,5830.296,10967890277.15,188265.0
WDOFUT,M30,10/10/2025,5824.483,5829.239,5816.028,5825.54,9585013098.6,164613.0
WDOFUT,M30,10/10/2025,5820.256,5831.353,5810.215,5824.483,16481128911.26,283053.0
WDOFUT,M30,10/10/2025,5792.777,5821.841,5788.549,5820.256,24026118461.95,413738.0
WDOFUT,M30,10/10/2025,5789.606,5805.988,5778.509,5793.305,19318099516.34,333713.0
WDOFUT,M30,10/10/2025,5799.118,5801.232,5760.542,5789.606,32061768340.52,554789.0
WDOFUT,M30,10/10/2025,5734.648,5837.166,5733.063,5799.646,47065365887.75,815793.0
WDOFUT,M30,10/10/2025,5724.079,5734.648,5723.022,5734.12,16426351915.24,286772.0
WDOFUT,M30,10/10/2025,5708.754,5724.079,5705.584,5723.551,17323837143.47,303033.0
WDOFUT,M30,10/10/2025,5706.641,5708.754,5693.958,5708.754,15239969987.05,267350.0
WDOFUT,M30,09/10/2025,5704.527,5717.209,5703.998,5714.039,2603386846.58,45579.0
WDOFUT,M30,09/10/2025,5711.925,5711.925,5703.47,5704.527,3337480412.81,58481.0
WDOFUT,M30,09/10/2025,5710.34,5714.567,5709.283,5711.397,2847234494.1,49849.0
WDOFUT,M30,09/10/2025,5712.982,5713.51,5707.169,5710.34,4436318659.27,77700.0
WDOFUT,M30,09/10/2025,5711.925,5715.096,5710.868,5713.51,3410659509.47,59703.0
WDOFUT,M30,09/10/2025,5708.226,5715.624,5706.641,5712.453,6218667801.29,108869.0
WDOFUT,M30,09/10/2025,5704.527,5711.397,5703.998,5708.226,4728193185.64,82835.0
WDOFUT,M30,09/10/2025,5705.055,5707.169,5699.771,5703.998,5726942066.5,100415.0
WDOFUT,M30,09/10/2025,5706.641,5710.868,5703.47,5705.055,7767754900.02,136105.0
WDOFUT,M30,09/10/2025,5702.413,5707.697,5700.299,5706.641,6526064522.12,114405.0
WDOFUT,M30,09/10/2025,5699.242,5706.641,5695.015,5701.885,8725423345.8,153050.0
WDOFUT,M30,09/10/2025,5700.299,5703.998,5698.714,5698.714,7021415688.47,123148.0
WDOFUT,M30,09/10/2025,5699.242,5703.998,5695.015,5700.828,10034091790.98,176039.0
WDOFUT,M30,09/10/2025,5694.486,5702.413,5692.901,5699.242,11903640382.6,208905.0
WDOFUT,M30,09/10/2025,5689.202,5695.015,5686.031,5694.486,12018955613.78,211220.0
WDOFUT,M30,09/10/2025,5678.105,5693.43,5672.292,5688.674,15610070095.02,274621.0
WDOFUT,M30,09/10/2025,5670.707,5684.446,5664.894,5678.633,19125952473.51,337001.0
WDOFUT,M30,09/10/2025,5661.195,5674.406,5658.024,5670.707,13441250190.06,237189.0
WDOFUT,M30,09/10/2025,5664.894,5669.121,5656.967,5660.666,15272246971.24,269700.0
WDOFUT,M30,08/10/2025,5680.218,5680.218,5669.121,5669.121,2441575219.61,43031.0
WDOFUT,M30,08/10/2025,5679.162,5683.389,5678.633,5680.218,1876531857.2,33034.0
WDOFUT,M30,08/10/2025,5679.162,5683.389,5678.633,5679.69,3261694165.08,57412.0
WDOFUT,M30,08/10/2025,5680.218,5683.389,5676.519,5678.633,5798408737.66,102087.0
WDOFUT,M30,08/10/2025,5690.787,5691.316,5679.69,5680.218,5014614395.77,88210.0
WDOFUT,M30,08/10/2025,5691.316,5691.844,5684.974,5691.316,6381474647.56,112184.0
WDOFUT,M30,08/10/2025,5686.56,5696.6,5686.56,5690.787,7138905308.77,125414.0
WDOFUT,M30,08/10/2025,5687.088,5692.373,5684.974,5687.088,5902847193.29,103765.0
WDOFUT,M30,08/10/2025,5681.804,5687.617,5680.747,5687.088,2933194336.03,51605.0
WDOFUT,M30,08/10/2025,5684.446,5686.56,5680.747,5681.804,3361582030.64,59152.0
WDOFUT,M30,08/10/2025,5682.332,5684.974,5679.162,5684.446,4660246432.1,82021.0
WDOFUT,M30,08/10/2025,5679.69,5689.73,5679.69,5682.332,6400684413.03,112597.0
WDOFUT,M30,08/10/2025,5683.918,5687.088,5679.69,5679.69,7576250130.36,133292.0
WDOFUT,M30,08/10/2025,5680.747,5685.503,5674.934,5684.446,8279525168.87,145740.0
WDOFUT,M30,08/10/2025,5677.048,5684.446,5675.463,5680.218,13504391385.75,237756.0
WDOFUT,M30,08/10/2025,5670.178,5678.633,5664.894,5677.576,11872369017.44,209326.0
WDOFUT,M30,08/10/2025,5675.463,5675.991,5664.894,5670.707,13302507547.95,234588.0
WDOFUT,M30,08/10/2025,5680.747,5681.804,5671.763,5675.991,12650650339.76,222876.0
WDOFUT,M30,08/10/2025,5694.486,5701.885,5676.519,5680.747,20820738883.47,366009.0
WDOFUT,M30,07/10/2025,5689.73,5697.657,5688.674,5694.486,2333805019.11,40986.0
WDOFUT,M30,07/10/2025,5693.43,5693.958,5689.202,5690.259,2267512071.04,39847.0
WDOFUT,M30,07/10/2025,5689.202,5696.6,5688.145,5693.43,5678120691.59,99753.0
WDOFUT,M30,07/10/2025,5686.031,5689.202,5685.503,5688.674,2698911158.67,47455.0
WDOFUT,M30,07/10/2025,5689.73,5690.259,5686.031,5686.56,2966582506.03,52159.0
WDOFUT,M30,07/10/2025,5687.617,5692.373,5686.031,5689.73,4952416500.0,87045.0
WDOFUT,M30,07/10/2025,5687.617,5690.259,5683.918,5687.617,4877907204.92,85770.0
WDOFUT,M30,07/10/2025,5683.389,5689.73,5681.804,5687.617,6636335471.97,116705.0
WDOFUT,M30,07/10/2025,5683.918,5688.674,5682.332,5683.389,6329422084.93,111324.0
WDOFUT,M30,07/10/2025,5680.747,5686.031,5679.69,5683.918,5256528359.3,92500.0
WDOFUT,M30,07/10/2025,5680.747,5682.332,5675.991,5680.747,4212627168.52,74174.0
WDOFUT,M30,07/10/2025,5673.349,5682.861,5671.235,5680.218,7869249116.99,138585.0
WDOFUT,M30,07/10/2025,5674.934,5675.991,5669.121,5673.349,8383101133.86,147777.0
WDOFUT,M30,07/10/2025,5677.048,5680.747,5673.877,5674.934,9073045065.78,159814.0
WDOFUT,M30,07/10/2025,5667.536,5680.218,5667.536,5677.576,10419721407.05,183650.0
WDOFUT,M30,07/10/2025,5667.007,5672.292,5661.723,5668.064,12869410302.75,227078.0
WDOFUT,M30,07/10/2025,5673.349,5674.934,5666.479,5667.007,11141154617.57,196485.0
WDOFUT,M30,07/10/2025,5682.861,5683.389,5669.65,5673.349,12894478154.86,227206.0
WDOFUT,M30,07/10/2025,5659.081,5684.974,5656.439,5682.861,21534015714.54,379713.0
WDOFUT,M30,06/10/2025,5652.211,5653.268,5645.87,5646.927,2143057907.84,37937.0
WDOFUT,M30,06/10/2025,5649.569,5653.796,5647.984,5652.211,3140488749.72,55581.0
WDOFUT,M30,06/10/2025,5649.04,5651.154,5647.984,5649.569,2275935852.51,40285.0
WDOFUT,M30,06/10/2025,5647.984,5650.626,5647.455,5649.04,2786402942.15,49327.0
WDOFUT,M30,06/10/2025,5650.097,5651.154,5646.927,5648.512,2729203992.71,48314.0
WDOFUT,M30,06/10/2025,5651.154,5651.683,5647.455,5649.569,4218320920.4,74664.0
WDOFUT,M30,06/10/2025,5653.268,5654.853,5650.626,5651.154,2156490290.27,38148.0
WDOFUT,M30,06/10/2025,5652.211,5656.439,5651.683,5653.796,2385226051.78,42184.0
WDOFUT,M30,06/10/2025,5651.683,5656.439,5650.626,5652.211,3347406437.42,59215.0
WDOFUT,M30,06/10/2025,5654.853,5656.967,5646.927,5651.683,5925277857.72,104834.0
WDOFUT,M30,06/10/2025,5655.382,5659.081,5652.211,5655.382,5248385243.73,92799.0
WDOFUT,M30,06/10/2025,5660.666,5660.666,5653.796,5654.853,5587507937.45,98784.0
WDOFUT,M30,06/10/2025,5662.251,5664.365,5658.552,5660.666,5526912324.09,97625.0
WDOFUT,M30,06/10/2025,5665.951,5667.536,5656.439,5661.723,10007278665.45,176738.0
WDOFUT,M30,06/10/2025,5660.666,5667.536,5652.74,5665.951,16036903447.43,283303.0
WDOFUT,M30,06/10/2025,5662.78,5666.479,5652.74,5660.138,14587217847.2,257788.0
WDOFUT,M30,06/10/2025,5667.007,5669.65,5658.024,5663.308,13206053548.6,233169.0
WDOFUT,M30,06/10/2025,5670.178,5677.048,5658.552,5666.479,14424184901.91,254504.0
WDOFUT,M30,06/10/2025,5688.145,5692.373,5668.064,5670.707,18110594869.47,318965.0
WDOFUT,M30,03/10/2025,5680.747,5684.446,5680.218,5683.918,1005691900.33,17699.0
WDOFUT,M30,03/10/2025,5681.275,5684.974,5679.69,5680.218,2437894624.04,42898.0
WDOFUT,M30,03/10/2025,5679.162,5681.804,5677.048,5681.275,2724347910.56,47968.0
WDOFUT,M30,03/10/2025,5672.292,5679.162,5671.235,5678.633,4525473089.05,79739.0
WDOFUT,M30,03/10/2025,5677.048,5678.633,5670.178,5672.292,5441281865.09,95911.0
WDOFUT,M30,03/10/2025,5681.275,5682.861,5676.519,5677.576,3045885928.77,53629.0
WDOFUT,M30,03/10/2025,5684.974,5688.674,5681.275,5681.275,3759360555.51,66133.0
WDOFUT,M30,03/10/2025,5683.389,5686.56,5677.048,5684.974,5557065052.42,97809.0
WDOFUT,M30,03/10/2025,5683.389,5687.088,5679.69,5682.861,4529959542.17,79702.0
WDOFUT,M30,03/10/2025,5687.617,5688.145,5678.105,5683.918,6914008067.59,121669.0
WDOFUT,M30,03/10/2025,5692.901,5698.714,5685.503,5687.617,7775143046.97,136605.0
WDOFUT,M30,03/10/2025,5695.015,5696.072,5688.145,5692.901,6282653002.72,110373.0
WDOFUT,M30,03/10/2025,5698.186,5706.112,5692.901,5695.015,8917201731.94,156444.0
WDOFUT,M30,03/10/2025,5695.543,5703.47,5691.844,5698.186,8402424043.96,147434.0
WDOFUT,M30,03/10/2025,5696.6,5700.828,5688.674,5696.072,15882812869.75,278913.0
WDOFUT,M30,03/10/2025,5695.543,5699.242,5690.259,5696.6,11567518766.72,203136.0
WDOFUT,M30,03/10/2025,5675.463,5695.543,5675.463,5695.015,17088924898.69,300611.0
WDOFUT,M30,03/10/2025,5673.877,5681.275,5666.479,5675.991,17471045842.37,307889.0
WDOFUT,M30,03/10/2025,5675.463,5691.844,5669.65,5674.406,16931708752.91,298147.0
WDOFUT,M30,02/10/2025,5683.918,5686.031,5681.275,5684.974,1210264580.97,21292.0
WDOFUT,M30,02/10/2025,5687.088,5687.617,5683.389,5683.389,1915957699.43,33697.0
WDOFUT,M30,02/10/2025,5684.974,5688.145,5682.861,5686.56,3053302135.96,53698.0
WDOFUT,M30,02/10/2025,5686.031,5686.56,5681.804,5684.974,3012426984.58,52994.0
WDOFUT,M30,02/10/2025,5684.974,5686.56,5680.218,5685.503,4907959270.41,86359.0
WDOFUT,M30,02/10/2025,5688.145,5689.73,5684.446,5685.503,3347096083.68,58858.0
WDOFUT,M30,02/10/2025,5692.901,5698.186,5687.617,5688.674,5446107265.92,95669.0
WDOFUT,M30,02/10/2025,5691.844,5694.486,5689.73,5692.901,4488670399.1,78852.0
WDOFUT,M30,02/10/2025,5691.844,5692.373,5682.332,5691.316,8682736939.78,152650.0
WDOFUT,M30,02/10/2025,5697.129,5699.242,5690.787,5691.316,5478545715.44,96196.0
WDOFUT,M30,02/10/2025,5713.51,5714.567,5696.072,5697.129,9036391110.99,158388.0
WDOFUT,M30,02/10/2025,5718.266,5720.908,5709.283,5712.982,10338031425.9,180915.0
WDOFUT,M30,02/10/2025,5694.486,5718.795,5691.844,5718.795,16841076240.34,295321.0
WDOFUT,M30,02/10/2025,5685.503,5700.299,5681.804,5694.486,15108042391.72,265381.0
WDOFUT,M30,02/10/2025,5679.69,5689.73,5679.162,5684.974,12689747898.23,223222.0
WDOFUT,M30,02/10/2025,5669.121,5681.804,5664.365,5679.162,14651104082.09,258170.0
WDOFUT,M30,02/10/2025,5673.877,5678.105,5669.121,5669.65,10153483510.31,178970.0
WDOFUT,M30,02/10/2025,5662.251,5675.463,5661.195,5673.877,12743768636.22,224770.0
WDOFUT,M30,02/10/2025,5664.365,5665.422,5651.154,5662.251,14743324138.85,260647.0
WDOFUT,M30,01/10/2025,5674.934,5676.519,5671.235,5673.349,1295420266.93,22830.0
WDOFUT,M30,01/10/2025,5678.105,5679.69,5674.406,5674.934,2332728081.6,41092.0
WDOFUT,M30,01/10/2025,5673.349,5679.162,5673.349,5678.105,2940642963.11,51808.0
WDOFUT,M30,01/10/2025,5666.479,5673.877,5664.894,5673.877,3953822901.7,69744.0
WDOFUT,M30,01/10/2025,5667.007,5668.593,5664.894,5667.007,2283693993.11,40300.0
WDOFUT,M30,01/10/2025,5669.65,5670.178,5663.837,5667.007,5646418968.89,99650.0
WDOFUT,M30,01/10/2025,5679.69,5681.804,5667.536,5669.65,7006743365.45,123488.0
WDOFUT,M30,01/10/2025,5676.519,5680.218,5675.991,5679.69,2112121056.77,37194.0
WDOFUT,M30,01/10/2025,5679.69,5680.218,5674.406,5676.519,2803428558.19,49380.0
WDOFUT,M30,01/10/2025,5674.934,5682.332,5674.406,5679.162,3492131085.72,61498.0
WDOFUT,M30,01/10/2025,5680.218,5682.332,5674.406,5674.934,5079628081.9,89465.0
WDOFUT,M30,01/10/2025,5675.463,5682.332,5672.82,5680.218,9991420456.12,175970.0
WDOFUT,M30,01/10/2025,5665.422,5676.519,5661.723,5675.463,10848314644.3,191326.0
WDOFUT,M30,01/10/2025,5655.91,5671.763,5654.325,5664.894,13415779004.92,236839.0
WDOFUT,M30,01/10/2025,5654.853,5663.837,5652.74,5655.91,9117992784.26,161146.0
WDOFUT,M30,01/10/2025,5657.496,5664.365,5652.211,5655.382,11038684580.39,195094.0
WDOFUT,M30,01/10/2025,5657.496,5662.251,5652.74,5658.024,14228173661.76,251472.0
WDOFUT,M30,01/10/2025,5646.398,5661.195,5640.585,5657.496,17773777761.06,314580.0
WDOFUT,M30,01/10/2025,5651.683,5659.081,5637.415,5646.927,22297655971.16,394816.0
WDOFUT,M30,30/09/2025,5670.178,5670.178,5663.308,5665.951,1148253785.22,20263.0
WDOFUT,M30,30/09/2025,5663.837,5670.707,5663.308,5670.178,1853052230.96,32701.0
WDOFUT,M30,30/09/2025,5669.121,5672.82,5662.78,5663.837,3421416297.08,60362.0
WDOFUT,M30,30/09/2025,5670.178,5672.292,5667.536,5669.65,3056893969.2,53919.0
WDOFUT,M30,30/09/2025,5665.951,5670.707,5665.422,5670.707,3300699351.97,58233.0
WDOFUT,M30,30/09/2025,5671.763,5673.877,5664.365,5665.422,4741409224.09,83627.0
WDOFUT,M30,30/09/2025,5668.064,5677.576,5667.536,5671.763,5911509872.63,104203.0
WDOFUT,M30,30/09/2025,5664.894,5669.121,5664.894,5668.593,2723325788.3,48054.0
WDOFUT,M30,30/09/2025,5664.365,5668.593,5658.552,5665.422,5787735501.95,102199.0
WDOFUT,M30,30/09/2025,5674.406,5674.934,5662.78,5664.365,5301161618.07,93528.0
WDOFUT,M30,30/09/2025,5675.463,5676.519,5671.235,5674.406,6617942782.87,116637.0
WDOFUT,M30,30/09/2025,5677.048,5681.804,5671.763,5675.463,6683526409.1,117753.0
WDOFUT,M30,30/09/2025,5675.463,5678.633,5668.064,5676.519,13031250333.46,229701.0
WDOFUT,M30,30/09/2025,5670.178,5675.463,5663.837,5675.463,9515617384.68,167880.0
WDOFUT,M30,30/09/2025,5660.138,5671.763,5656.967,5670.178,13538214082.69,239064.0
WDOFUT,M30,30/09/2025,5663.837,5663.837,5655.91,5660.138,7407046583.36,130881.0
WDOFUT,M30,30/09/2025,5669.65,5669.65,5655.382,5663.837,16538430484.05,292161.0
WDOFUT,M30,30/09/2025,5653.796,5673.877,5650.097,5669.65,16103075916.11,284358.0
WDOFUT,M30,30/09/2025,5659.609,5669.65,5652.211,5654.325,15645928729.38,276447.0
WDOFUT,M30,29/09/2025,5671.788,5674.984,5666.995,5668.593,1510686669.91,26636.0
WDOFUT,M30,29/09/2025,5668.06,5672.321,5668.06,5671.788,1812726755.9,31971.0
WDOFUT,M30,29/09/2025,5669.658,5672.853,5666.463,5668.593,2696447455.51,47556.0
WDOFUT,M30,29/09/2025,5665.397,5670.723,5664.865,5669.658,2726232619.33,48099.0
WDOFUT,M30,29/09/2025,5661.669,5666.463,5660.604,5665.397,3347702765.38,59103.0
WDOFUT,M30,29/09/2025,5665.397,5666.463,5659.007,5661.137,4845635394.45,85568.0
WDOFUT,M30,29/09/2025,5666.995,5669.125,5664.332,5665.93,2635971511.06,46516.0
WDOFUT,M30,29/09/2025,5662.735,5669.125,5662.735,5666.995,3374558634.35,59558.0
WDOFUT,M30,29/09/2025,5663.8,5666.995,5661.137,5662.735,4633832435.45,81818.0
WDOFUT,M30,29/09/2025,5673.386,5673.918,5663.267,5663.267,5129872243.35,90492.0
WDOFUT,M30,29/09/2025,5675.516,5676.581,5673.386,5673.918,3676015996.02,64776.0
WDOFUT,M30,29/09/2025,5672.853,5676.581,5666.995,5674.984,6205584138.24,109408.0
WDOFUT,M30,29/09/2025,5673.386,5679.777,5669.658,5673.386,9128842658.06,160878.0
WDOFUT,M30,29/09/2025,5667.528,5676.581,5663.267,5673.918,9532102189.05,168117.0
WDOFUT,M30,29/09/2025,5665.397,5669.658,5661.137,5667.528,9322681173.38,164548.0
WDOFUT,M30,29/09/2025,5666.463,5667.528,5652.083,5665.397,17177336257.78,303519.0
WDOFUT,M30,29/09/2025,5671.788,5681.374,5666.463,5666.995,18090633244.97,318786.0
WDOFUT,M30,29/09/2025,5683.505,5687.232,5665.93,5671.256,15527432064.7,273576.0
WDOFUT,M30,29/09/2025,5693.091,5694.688,5678.179,5684.037,12955972095.19,227930.0
WDOFUT,M30,26/09/2025,5693.623,5703.742,5690.96,5703.209,1554399711.05,27281.0
WDOFUT,M30,26/09/2025,5689.363,5696.286,5688.83,5693.623,2674696254.46,46981.0
WDOFUT,M30,26/09/2025,5687.765,5689.895,5687.232,5688.83,1892621768.62,33271.0
WDOFUT,M30,26/09/2025,5689.363,5691.493,5687.232,5687.232,2080353168.74,36563.0
WDOFUT,M30,26/09/2025,5689.363,5691.493,5686.7,5689.895,2495190427.68,43855.0
WDOFUT,M30,26/09/2025,5690.96,5691.493,5685.635,5689.895,3959698708.56,69608.0
WDOFUT,M30,26/09/2025,5690.96,5692.558,5688.298,5691.493,2048587262.05,36002.0
WDOFUT,M30,26/09/2025,5689.895,5693.091,5686.7,5691.493,4973672491.76,87409.0
WDOFUT,M30,26/09/2025,5693.091,5695.753,5688.83,5690.428,3609916870.38,63415.0
WDOFUT,M30,26/09/2025,5691.493,5693.623,5690.428,5693.091,2285112283.43,40145.0
WDOFUT,M30,26/09/2025,5692.026,5697.884,5690.96,5692.026,4850919642.36,85181.0
WDOFUT,M30,26/09/2025,5693.091,5695.221,5690.428,5692.558,5487661980.71,96400.0
WDOFUT,M30,26/09/2025,5697.884,5700.014,5692.558,5692.558,5871594667.22,103078.0
WDOFUT,M30,26/09/2025,5698.416,5704.274,5695.753,5697.884,8578554997.76,150505.0
WDOFUT,M30,26/09/2025,5706.405,5706.405,5693.623,5697.884,11358328072.36,199294.0
WDOFUT,M30,26/09/2025,5706.405,5708.535,5699.481,5705.872,10929597717.74,191608.0
WDOFUT,M30,26/09/2025,5704.274,5709.068,5687.765,5706.405,21655573612.84,380268.0
WDOFUT,M30,26/09/2025,5712.263,5718.654,5698.416,5704.274,20798469209.06,364400.0
WDOFUT,M30,26/09/2025,5719.719,5719.719,5706.405,5711.73,12964886202.31,226963.0
WDOFUT,M30,25/09/2025,5719.186,5722.914,5717.589,5718.654,1673362916.58,29254.0
WDOFUT,M30,25/09/2025,5715.458,5721.849,5714.926,5718.654,2829093570.36,49480.0
WDOFUT,M30,25/09/2025,5719.719,5720.251,5713.861,5715.458,3298671429.62,57700.0
WDOFUT,M30,25/09/2025,5724.512,5725.577,5718.654,5719.719,4888796434.79,85447.0
WDOFUT,M30,25/09/2025,5720.251,5727.175,5720.251,5723.979,5030000638.89,87878.0
WDOFUT,M30,25/09/2025,5718.654,5723.979,5718.121,5720.784,7169273914.02,125322.0
WDOFUT,M30,25/09/2025,5709.068,5721.316,5708.002,5718.654,8816663928.56,154226.0
WDOFUT,M30,25/09/2025,5710.665,5715.458,5705.34,5709.068,8209198476.61,143759.0
WDOFUT,M30,25/09/2025,5698.949,5711.198,5697.351,5710.133,6602569025.92,115724.0
WDOFUT,M30,25/09/2025,5697.884,5703.209,5696.819,5699.481,3653990003.49,64104.0
WDOFUT,M30,25/09/2025,5697.884,5704.274,5696.819,5697.884,7514349302.39,131814.0
WDOFUT,M30,25/09/2025,5704.274,5706.405,5697.351,5697.884,6833057075.87,119869.0
WDOFUT,M30,25/09/2025,5705.34,5709.6,5702.677,5704.807,8858280304.0,155234.0
WDOFUT,M30,25/09/2025,5698.949,5708.002,5692.558,5705.34,12103338525.02,212291.0
WDOFUT,M30,25/09/2025,5694.688,5707.47,5693.623,5698.416,17225315101.38,302205.0
WDOFUT,M30,25/09/2025,5683.505,5698.416,5678.711,5694.688,15444213884.73,271380.0
WDOFUT,M30,25/09/2025,5676.581,5686.7,5675.516,5683.505,14788085486.32,260323.0
WDOFUT,M30,25/09/2025,5665.397,5693.623,5663.8,5676.581,22865242551.23,402527.0
WDOFUT,M30,25/09/2025,5678.179,5679.777,5660.604,5664.332,15073624955.9,265801.0
WDOFUT,M30,24/09/2025,5687.232,5688.83,5652.616,5659.007,8699529302.21,153575.0
WDOFUT,M30,24/09/2025,5680.842,5688.83,5679.777,5686.7,3700700837.63,65101.0
WDOFUT,M30,24/09/2025,5680.842,5682.439,5677.646,5680.842,3181058817.98,56007.0
WDOFUT,M30,24/09/2025,5679.777,5684.037,5679.777,5680.842,3433707188.65,60432.0
WDOFUT,M30,24/09/2025,5681.907,5684.037,5678.711,5680.309,3242841350.7,57088.0
WDOFUT,M30,24/09/2025,5679.244,5684.037,5678.711,5682.439,5036071539.86,88638.0
WDOFUT,M30,24/09/2025,5677.114,5682.439,5676.581,5679.777,4790142688.4,84334.0
WDOFUT,M30,24/09/2025,5670.723,5679.244,5670.19,5677.114,6823272762.0,120211.0
WDOFUT,M30,24/09/2025,5669.658,5671.256,5667.528,5671.256,2364141126.24,41697.0
WDOFUT,M30,24/09/2025,5670.723,5672.321,5668.593,5670.19,3018320873.98,53229.0
WDOFUT,M30,24/09/2025,5671.788,5674.984,5669.658,5671.256,5803273649.19,102305.0
WDOFUT,M30,24/09/2025,5668.06,5672.853,5665.93,5671.256,5758800673.66,101578.0
WDOFUT,M30,24/09/2025,5661.137,5669.125,5660.072,5668.06,6906771261.45,121931.0
WDOFUT,M30,24/09/2025,5660.072,5663.267,5656.876,5661.137,8175642798.56,144447.0
WDOFUT,M30,24/09/2025,5663.8,5670.723,5659.007,5660.072,10241481904.02,180745.0
WDOFUT,M30,24/09/2025,5664.332,5667.528,5658.474,5663.8,11753349466.86,207544.0
WDOFUT,M30,24/09/2025,5657.409,5664.332,5656.344,5663.8,8734656938.97,154315.0
WDOFUT,M30,24/09/2025,5651.018,5662.735,5649.953,5657.409,12805056527.6,226332.0
WDOFUT,M30,24/09/2025,5647.29,5653.681,5645.16,5650.486,15286162568.57,270537.0
WDOFUT,M30,23/09/2025,5636.106,5636.639,5628.651,5629.183,2549657940.72,45279.0
WDOFUT,M30,23/09/2025,5634.509,5636.639,5631.313,5635.574,2960073457.64,52532.0
WDOFUT,M30,23/09/2025,5630.248,5636.106,5629.716,5634.509,3472989822.97,61658.0
WDOFUT,M30,23/09/2025,5637.172,5638.769,5629.183,5630.248,5231646431.84,92863.0
WDOFUT,M30,23/09/2025,5637.172,5640.367,5636.106,5637.704,3472439079.03,61587.0
WDOFUT,M30,23/09/2025,5638.237,5639.302,5635.041,5637.704,3684956033.6,65378.0
WDOFUT,M30,23/09/2025,5639.834,5640.9,5633.444,5638.237,4828867064.32,85662.0
WDOFUT,M30,23/09/2025,5633.976,5642.497,5632.911,5639.834,6102319313.29,108233.0
WDOFUT,M30,23/09/2025,5641.965,5644.095,5629.183,5634.509,8679625453.15,153996.0
WDOFUT,M30,23/09/2025,5646.758,5651.018,5638.237,5641.965,6476474145.92,114738.0
WDOFUT,M30,23/09/2025,5643.03,5649.421,5642.497,5647.29,6134504090.85,108639.0
WDOFUT,M30,23/09/2025,5655.811,5656.876,5642.497,5643.562,7314729871.59,129468.0
WDOFUT,M30,23/09/2025,5655.279,5657.942,5631.313,5656.344,22335279128.66,395454.0
WDOFUT,M30,23/09/2025,5666.995,5668.06,5645.693,5655.279,16633964371.21,293989.0
WDOFUT,M30,23/09/2025,5675.516,5676.049,5662.735,5666.995,17674202570.37,311780.0
WDOFUT,M30,23/09/2025,5684.57,5689.363,5675.516,5675.516,13427757771.21,236316.0
WDOFUT,M30,23/09/2025,5692.558,5692.558,5677.114,5684.57,20068025309.01,353056.0
WDOFUT,M30,23/09/2025,5699.481,5702.144,5690.428,5692.558,11345767905.48,199192.0
WDOFUT,M30,23/09/2025,5695.753,5703.209,5693.091,5699.481,9807335204.74,172103.0
WDOFUT,M30,22/09/2025,5693.623,5695.221,5691.493,5694.688,1507515911.34,26480.0
WDOFUT,M30,22/09/2025,5698.416,5699.481,5693.091,5694.156,2008261439.43,35259.0
WDOFUT,M30,22/09/2025,5696.286,5699.481,5695.753,5698.416,1975011036.73,34665.0
WDOFUT,M30,22/09/2025,5694.156,5698.416,5694.156,5696.286,2354308711.34,41331.0
WDOFUT,M30,22/09/2025,5697.351,5698.416,5693.623,5694.688,3109512315.27,54587.0
WDOFUT,M30,22/09/2025,5693.091,5697.884,5689.363,5697.884,4174444484.16,73314.0
WDOFUT,M30,22/09/2025,5696.286,5696.286,5691.493,5692.558,3418613042.57,60038.0
WDOFUT,M30,22/09/2025,5701.079,5702.144,5692.026,5696.286,6403816569.2,112416.0
WDOFUT,M30,22/09/2025,5708.002,5710.133,5701.079,5701.612,4380218167.25,76771.0
WDOFUT,M30,22/09/2025,5703.209,5708.535,5698.416,5708.002,3621855494.48,63508.0
WDOFUT,M30,22/09/2025,5710.665,5711.198,5697.351,5703.209,8735197899.75,153173.0
WDOFUT,M30,22/09/2025,5712.263,5714.926,5707.47,5710.665,4336269461.99,75930.0
WDOFUT,M30,22/09/2025,5713.328,5716.523,5709.6,5712.263,8678816416.5,151910.0
WDOFUT,M30,22/09/2025,5717.589,5726.11,5713.328,5713.328,11524464722.24,201452.0
WDOFUT,M30,22/09/2025,5703.209,5722.382,5702.677,5717.589,17349406679.17,303634.0
WDOFUT,M30,22/09/2025,5695.221,5708.535,5692.026,5702.677,12154007409.87,213196.0
WDOFUT,M30,22/09/2025,5688.298,5706.937,5687.765,5695.221,17307896022.67,303780.0
WDOFUT,M30,22/09/2025,5700.014,5701.612,5686.7,5688.83,13171129775.74,231344.0
WDOFUT,M30,22/09/2025,5682.439,5703.742,5678.179,5699.481,15792970258.29,277281.0
WDOFUT,M30,19/09/2025,5684.037,5695.753,5683.505,5694.156,1775933621.17,31219.0
WDOFUT,M30,19/09/2025,5682.972,5686.167,5682.439,5683.505,2477307125.2,43578.0
WDOFUT,M30,19/09/2025,5680.309,5682.972,5678.711,5682.439,2077027626.26,36560.0
WDOFUT,M30,19/09/2025,5679.244,5681.374,5678.711,5679.777,1992988416.34,35089.0
WDOFUT,M30,19/09/2025,5679.244,5681.374,5674.984,5679.244,4306280928.62,75842.0
WDOFUT,M30,19/09/2025,5684.57,5685.635,5678.179,5679.777,4133496021.69,72762.0
WDOFUT,M30,19/09/2025,5684.57,5686.167,5682.972,5684.57,2387836142.29,42006.0
WDOFUT,M30,19/09/2025,5679.244,5685.102,5679.244,5684.57,3105384739.35,54643.0
WDOFUT,M30,19/09/2025,5681.374,5682.439,5677.646,5679.244,3546768890.61,62438.0
WDOFUT,M30,19/09/2025,5686.7,5687.765,5680.309,5680.842,3226960828.5,56777.0
WDOFUT,M30,19/09/2025,5686.167,5689.895,5684.57,5686.7,2781884119.47,48911.0
WDOFUT,M30,19/09/2025,5689.363,5689.895,5679.777,5686.167,4806274303.05,84549.0
WDOFUT,M30,19/09/2025,5677.646,5690.428,5677.646,5689.363,10830427529.74,190493.0
WDOFUT,M30,19/09/2025,5685.635,5686.7,5677.114,5677.646,9118051897.37,160497.0
WDOFUT,M30,19/09/2025,5688.83,5689.363,5682.439,5685.635,7775592711.48,136761.0
WDOFUT,M30,19/09/2025,5687.765,5689.895,5681.907,5688.298,9407355831.28,165443.0
WDOFUT,M30,19/09/2025,5689.363,5693.091,5682.972,5687.765,12338227323.39,216938.0
WDOFUT,M30,19/09/2025,5696.286,5700.014,5687.765,5689.363,11202671225.39,196731.0
WDOFUT,M30,19/09/2025,5685.635,5696.819,5676.581,5696.286,18228587903.22,320381.0
WDOFUT,M30,18/09/2025,5675.516,5675.516,5666.463,5667.528,1487096297.02,26223.0
WDOFUT,M30,18/09/2025,5671.788,5676.581,5671.788,5675.516,1715426484.55,30235.0
WDOFUT,M30,18/09/2025,5680.842,5681.374,5670.723,5671.788,3433224122.72,60491.0
WDOFUT,M30,18/09/2025,5670.723,5681.374,5669.658,5680.309,5839761737.58,102862.0
WDOFUT,M30,18/09/2025,5663.267,5672.321,5663.267,5670.723,5063403210.61,89336.0
WDOFUT,M30,18/09/2025,5662.202,5665.397,5660.072,5663.267,3345432180.82,59081.0
WDOFUT,M30,18/09/2025,5659.539,5665.397,5658.474,5662.202,3718664439.86,65676.0
WDOFUT,M30,18/09/2025,5656.344,5661.669,5655.279,5659.539,3330718459.95,58862.0
WDOFUT,M30,18/09/2025,5659.539,5661.669,5654.746,5656.876,4746522158.65,83875.0
WDOFUT,M30,18/09/2025,5664.332,5665.397,5659.539,5659.539,3311471611.66,58474.0
WDOFUT,M30,18/09/2025,5665.397,5665.93,5659.539,5663.8,5208708831.18,91984.0
WDOFUT,M30,18/09/2025,5659.539,5669.125,5658.474,5665.93,6049619938.94,106781.0
WDOFUT,M30,18/09/2025,5662.202,5664.865,5654.746,5659.539,8350565362.5,147549.0
WDOFUT,M30,18/09/2025,5661.137,5667.528,5659.007,5661.669,8389317053.55,148113.0
WDOFUT,M30,18/09/2025,5666.995,5668.593,5651.018,5661.669,15873621892.88,280531.0
WDOFUT,M30,18/09/2025,5657.942,5676.049,5656.344,5666.995,15965928152.09,281664.0
WDOFUT,M30,18/09/2025,5651.551,5663.8,5651.551,5657.409,15096773664.26,266842.0
WDOFUT,M30,18/09/2025,5632.911,5652.616,5631.313,5651.551,13820615311.96,244988.0
WDOFUT,M30,18/09/2025,5655.279,5655.279,5628.651,5632.911,22665912493.46,402022.0
WDOFUT,M30,17/09/2025,5668.06,5674.451,5666.463,5673.918,1577406619.37,27818.0
WDOFUT,M30,17/09/2025,5662.202,5669.125,5661.669,5668.06,2002691008.53,35350.0
WDOFUT,M30,17/09/2025,5663.267,5664.332,5655.811,5662.202,4758354493.98,84064.0
WDOFUT,M30,17/09/2025,5659.539,5666.463,5659.007,5663.8,3507192521.57,61940.0
WDOFUT,M30,17/09/2025,5664.865,5667.528,5656.876,5660.072,9929884796.42,175391.0
WDOFUT,M30,17/09/2025,5649.421,5676.049,5646.758,5664.332,22798863324.46,402628.0
WDOFUT,M30,17/09/2025,5664.332,5664.332,5635.574,5649.421,24746856289.73,438163.0
WDOFUT,M30,17/09/2025,5670.19,5671.256,5662.202,5664.332,5617198166.24,99132.0
WDOFUT,M30,17/09/2025,5668.593,5671.788,5666.463,5670.19,4022258995.22,70954.0
WDOFUT,M30,17/09/2025,5669.658,5675.516,5668.593,5668.593,4840676888.24,85335.0
WDOFUT,M30,17/09/2025,5669.658,5671.788,5666.463,5669.658,3857753253.37,68054.0
WDOFUT,M30,17/09/2025,5668.593,5672.853,5666.463,5669.658,4623699820.54,81545.0
WDOFUT,M30,17/09/2025,5664.865,5670.19,5661.669,5668.593,5038175826.52,88933.0
WDOFUT,M30,17/09/2025,5659.539,5666.995,5659.007,5664.865,7570316260.47,133677.0
WDOFUT,M30,17/09/2025,5658.474,5664.332,5654.214,5659.539,11264831989.15,199053.0
WDOFUT,M30,17/09/2025,5663.267,5665.93,5656.344,5658.474,9908715606.04,175037.0
WDOFUT,M30,17/09/2025,5662.202,5665.397,5658.474,5663.267,8040107677.2,141983.0
WDOFUT,M30,17/09/2025,5667.528,5668.06,5661.137,5662.202,7369234083.49,130089.0
WDOFUT,M30,17/09/2025,5663.8,5671.256,5660.072,5667.528,12428160847.28,219381.0
WDOFUT,M30,16/09/2025,5661.137,5661.669,5658.474,5659.007,1616499262.11,28561.0
WDOFUT,M30,16/09/2025,5662.202,5663.8,5661.137,5661.669,2151132696.57,37989.0
WDOFUT,M30,16/09/2025,5662.735,5662.735,5657.942,5662.202,3098486737.22,54738.0
WDOFUT,M30,16/09/2025,5661.669,5664.332,5660.604,5662.202,2480712227.15,43811.0
WDOFUT,M30,16/09/2025,5665.397,5665.93,5657.942,5661.137,5438525218.92,96066.0
WDOFUT,M30,16/09/2025,5662.735,5667.528,5662.202,5665.397,5174929508.93,91335.0
WDOFUT,M30,16/09/2025,5662.202,5664.865,5661.137,5662.735,3230086580.24,57038.0
WDOFUT,M30,16/09/2025,5655.811,5662.735,5655.811,5662.202,4902286221.06,86622.0
WDOFUT,M30,16/09/2025,5663.8,5664.865,5655.811,5655.811,5182248070.15,91564.0
WDOFUT,M30,16/09/2025,5661.137,5665.397,5659.007,5663.267,4562517906.22,80573.0
WDOFUT,M30,16/09/2025,5664.865,5666.995,5660.072,5661.137,5130953818.74,90589.0
WDOFUT,M30,16/09/2025,5673.386,5674.451,5662.202,5664.865,8026339536.61,141623.0
WDOFUT,M30,16/09/2025,5677.114,5679.777,5672.321,5672.853,6208780289.39,109396.0
WDOFUT,M30,16/09/2025,5674.984,5678.711,5671.256,5677.114,7094027594.72,125008.0
WDOFUT,M30,16/09/2025,5678.179,5687.765,5673.918,5674.984,12555857413.62,221022.0
WDOFUT,M30,16/09/2025,5670.723,5681.907,5669.658,5677.646,9701260080.66,170919.0
WDOFUT,M30,16/09/2025,5666.995,5683.505,5665.93,5670.723,17973098643.05,316709.0
WDOFUT,M30,16/09/2025,5671.256,5680.842,5661.669,5666.995,17257433468.42,304274.0
WDOFUT,M30,16/09/2025,5671.256,5677.114,5666.463,5671.788,11221187254.46,197790.0
WDOFUT,M30,15/09/2025,5685.102,5687.765,5681.374,5685.102,1712968075.94,30131.0
WDOFUT,M30,15/09/2025,5689.363,5690.96,5684.037,5685.102,2542890016.93,44708.0
WDOFUT,M30,15/09/2025,5688.83,5690.96,5686.7,5688.83,2814180420.9,49471.0
WDOFUT,M30,15/09/2025,5684.57,5689.363,5684.57,5689.363,3020912140.91,53117.0
WDOFUT,M30,15/09/2025,5684.57,5686.7,5684.037,5684.57,2036065599.43,35811.0
WDOFUT,M30,15/09/2025,5687.232,5688.298,5684.037,5684.57,3493990840.84,61448.0
WDOFUT,M30,15/09/2025,5684.037,5688.298,5683.505,5687.232,3793956671.35,66725.0
WDOFUT,M30,15/09/2025,5686.167,5686.7,5679.777,5684.037,4268051047.41,75103.0
WDOFUT,M30,15/09/2025,5687.232,5688.298,5684.037,5686.7,3444367828.4,60574.0
WDOFUT,M30,15/09/2025,5684.037,5687.232,5681.374,5686.7,4067537071.76,71559.0
WDOFUT,M30,15/09/2025,5676.581,5684.037,5676.049,5684.037,7974613909.76,140380.0
WDOFUT,M30,15/09/2025,5683.505,5683.505,5676.049,5676.581,6327811710.82,111412.0
WDOFUT,M30,15/09/2025,5684.037,5686.7,5681.907,5683.505,8372546278.96,147282.0
WDOFUT,M30,15/09/2025,5688.83,5690.96,5682.972,5684.037,10246855947.26,180167.0
WDOFUT,M30,15/09/2025,5693.623,5706.405,5687.765,5689.363,16191659718.01,284140.0
WDOFUT,M30,15/09/2025,5699.481,5700.547,5691.493,5693.091,7772789804.31,136477.0
WDOFUT,M30,15/09/2025,5693.091,5701.612,5689.363,5699.481,13658399268.33,239824.0
WDOFUT,M30,15/09/2025,5709.6,5711.198,5692.026,5693.623,14021056773.93,245876.0
WDOFUT,M30,15/09/2025,5719.186,5721.316,5694.688,5709.6,20804731044.25,364598.0
WDOFUT,M30,12/09/2025,5727.175,5727.707,5712.795,5720.251,3373085652.33,58988.0
WDOFUT,M30,12/09/2025,5729.305,5730.37,5726.11,5727.175,2342795881.42,40898.0
WDOFUT,M30,12/09/2025,5725.577,5730.37,5723.979,5729.305,3040141617.01,53080.0
WDOFUT,M30,12/09/2025,5727.707,5728.772,5723.979,5726.11,2371124141.27,41410.0
WDOFUT,M30,12/09/2025,5722.914,5728.24,5721.316,5727.175,5139560216.71,89779.0
WDOFUT,M30,12/09/2025,5722.382,5726.642,5720.784,5722.914,5642437410.49,98569.0
WDOFUT,M30,12/09/2025,5722.382,5722.382,5717.589,5721.849,3566950337.75,62350.0
WDOFUT,M30,12/09/2025,5724.512,5725.577,5715.458,5722.382,6994571069.29,122276.0
WDOFUT,M30,12/09/2025,5726.11,5727.175,5718.654,5724.512,8307633457.08,145159.0
WDOFUT,M30,12/09/2025,5729.837,5730.37,5725.577,5726.642,3279953548.8,57264.0
WDOFUT,M30,12/09/2025,5727.175,5734.098,5723.447,5729.837,7292952021.12,127304.0
WDOFUT,M30,12/09/2025,5726.11,5731.968,5723.447,5727.175,7764349768.14,135546.0
WDOFUT,M30,12/09/2025,5736.228,5738.891,5723.447,5726.642,14469383300.41,252468.0
WDOFUT,M30,12/09/2025,5728.24,5738.891,5726.11,5735.696,10973607225.64,191344.0
WDOFUT,M30,12/09/2025,5742.619,5747.945,5727.175,5728.772,19841369582.47,345787.0
WDOFUT,M30,12/09/2025,5759.128,5759.128,5739.956,5743.151,14132809262.1,245746.0
WDOFUT,M30,12/09/2025,5764.454,5765.519,5754.335,5759.128,14675946432.51,254837.0
WDOFUT,M30,12/09/2025,5765.519,5773.508,5762.856,5764.987,11988435526.29,207854.0
WDOFUT,M30,12/09/2025,5776.17,5785.224,5764.987,5766.052,15447388206.15,267563.0
WDOFUT,M30,11/09/2025,5767.649,5769.247,5761.259,5767.117,1780397121.4,30884.0
WDOFUT,M30,11/09/2025,5764.987,5769.247,5763.389,5767.117,2452122772.14,42529.0
WDOFUT,M30,11/09/2025,5768.182,5769.78,5762.324,5764.987,3299600047.8,57218.0
WDOFUT,M30,11/09/2025,5769.247,5771.377,5766.584,5768.714,3711022299.13,64329.0
WDOFUT,M30,11/09/2025,5765.519,5769.78,5762.856,5769.247,4251064925.94,73728.0
WDOFUT,M30,11/09/2025,5766.052,5769.78,5762.856,5764.987,7305459863.75,126688.0
WDOFUT,M30,11/09/2025,5755.933,5767.117,5754.868,5766.052,8225128692.19,142745.0
WDOFUT,M30,11/09/2025,5758.596,5760.193,5755.933,5755.933,3046118243.81,52904.0
WDOFUT,M30,11/09/2025,5758.596,5759.661,5753.803,5758.063,5025014492.7,87284.0
WDOFUT,M30,11/09/2025,5760.726,5763.389,5757.531,5758.063,4035857828.93,70065.0
WDOFUT,M30,11/09/2025,5760.193,5761.791,5754.335,5761.259,5650916195.89,98134.0
WDOFUT,M30,11/09/2025,5755.4,5760.726,5750.607,5760.193,6438201878.08,111861.0
WDOFUT,M30,11/09/2025,5758.063,5760.193,5750.607,5755.4,6820250343.32,118504.0
WDOFUT,M30,11/09/2025,5766.584,5767.117,5751.672,5758.063,14924711385.74,259211.0
WDOFUT,M30,11/09/2025,5766.052,5769.78,5762.324,5766.584,9424086029.94,163460.0
WDOFUT,M30,11/09/2025,5774.04,5778.301,5762.856,5766.052,13276222849.68,230154.0
WDOFUT,M30,11/09/2025,5778.301,5778.833,5769.78,5774.04,12966032010.03,224573.0
WDOFUT,M30,11/09/2025,5796.408,5803.864,5777.235,5778.301,22559622262.14,389941.0
WDOFUT,M30,11/09/2025,5788.952,5803.864,5785.756,5795.343,14705854293.34,253717.0
WDOFUT,M30,10/09/2025,5787.887,5787.887,5779.366,5780.963,1718103643.12,29709.0
WDOFUT,M30,10/09/2025,5786.289,5790.55,5785.756,5787.887,2474580097.5,42754.0
WDOFUT,M30,10/09/2025,5785.224,5788.952,5783.626,5786.289,3243440456.62,56053.0
WDOFUT,M30,10/09/2025,5786.289,5788.419,5784.691,5785.224,1832089772.0,31660.0
WDOFUT,M30,10/09/2025,5784.691,5787.354,5784.691,5786.822,2089251405.51,36110.0
WDOFUT,M30,10/09/2025,5782.029,5785.756,5780.431,5785.224,2618453599.55,45271.0
WDOFUT,M30,10/09/2025,5782.561,5784.691,5780.963,5782.561,2364951627.43,40897.0
WDOFUT,M30,10/09/2025,5783.094,5786.822,5780.963,5782.029,3919946498.11,67777.0
WDOFUT,M30,10/09/2025,5784.159,5784.691,5780.963,5783.094,2269074788.51,39240.0
WDOFUT,M30,10/09/2025,5784.691,5787.354,5782.029,5784.691,3153012661.69,54509.0
WDOFUT,M30,10/09/2025,5788.419,5789.484,5782.561,5785.224,5662595850.94,97868.0
WDOFUT,M30,10/09/2025,5783.094,5790.55,5782.561,5788.952,7145245679.08,123459.0
WDOFUT,M30,10/09/2025,5784.691,5785.224,5777.235,5783.626,7356624537.44,127245.0
WDOFUT,M30,10/09/2025,5786.289,5786.289,5779.366,5784.691,7738097957.92,133813.0
WDOFUT,M30,10/09/2025,5793.745,5793.745,5782.029,5786.289,10573045580.54,182688.0
WDOFUT,M30,10/09/2025,5800.668,5801.201,5784.159,5793.212,17957318125.39,310090.0
WDOFUT,M30,10/09/2025,5813.982,5814.515,5800.136,5800.668,13766850951.54,237059.0
WDOFUT,M30,10/09/2025,5812.385,5820.906,5791.082,5813.45,19955836327.49,343458.0
WDOFUT,M30,10/09/2025,5816.113,5817.178,5805.994,5812.917,12995292647.95,223581.0
WDOFUT,M30,09/09/2025,5823.036,5826.231,5815.58,5816.113,1990134644.15,34200.0
WDOFUT,M30,09/09/2025,5825.166,5825.166,5818.243,5823.036,2411885589.18,41429.0
WDOFUT,M30,09/09/2025,5819.308,5828.361,5818.775,5824.634,4029863350.65,69207.0
WDOFUT,M30,09/09/2025,5817.71,5820.373,5816.113,5818.775,2270155895.24,39020.0
WDOFUT,M30,09/09/2025,5815.58,5819.308,5815.58,5817.178,1902992305.73,32714.0
WDOFUT,M30,09/09/2025,5819.308,5820.906,5813.982,5816.113,4091946046.11,70347.0
WDOFUT,M30,09/09/2025,5820.373,5822.503,5816.645,5818.775,2659420424.76,45702.0
WDOFUT,M30,09/09/2025,5815.58,5822.503,5813.982,5819.84,5714585953.54,98212.0
WDOFUT,M30,09/09/2025,5817.71,5820.906,5812.917,5815.047,4128015881.39,70970.0
WDOFUT,M30,09/09/2025,5819.84,5820.373,5813.45,5817.71,3674929228.16,63180.0
WDOFUT,M30,09/09/2025,5812.385,5823.568,5808.124,5819.84,7242946863.3,124522.0
WDOFUT,M30,09/09/2025,5809.189,5813.45,5805.994,5811.852,3144833607.66,54130.0
WDOFUT,M30,09/09/2025,5805.994,5813.45,5805.461,5809.189,6548756617.73,112722.0
WDOFUT,M30,09/09/2025,5809.189,5812.385,5802.798,5805.994,9684481594.57,166772.0
WDOFUT,M30,09/09/2025,5804.929,5814.515,5795.343,5809.189,17351890890.43,298808.0
WDOFUT,M30,09/09/2025,5814.515,5816.113,5801.201,5805.461,15408195367.15,265374.0
WDOFUT,M30,09/09/2025,5819.308,5823.036,5812.917,5813.982,10524425366.88,180898.0
WDOFUT,M30,09/09/2025,5811.319,5819.308,5810.787,5819.308,11284038522.48,194052.0
WDOFUT,M30,09/09/2025,5804.929,5816.113,5801.733,5811.852,14225244465.29,244901.0
WDOFUT,M30,08/09/2025,5804.929,5809.722,5803.331,5807.059,1164738997.8,20064.0
WDOFUT,M30,08/09/2025,5807.592,5809.722,5803.864,5804.929,1921271067.66,33085.0
WDOFUT,M30,08/09/2025,5802.266,5808.124,5800.668,5807.592,2897811853.21,49923.0
WDOFUT,M30,08/09/2025,5804.396,5805.461,5801.201,5802.798,3867084676.29,66638.0
WDOFUT,M30,08/09/2025,5805.994,5807.592,5803.331,5804.929,2985778757.79,51431.0
WDOFUT,M30,08/09/2025,5808.124,5810.254,5803.864,5805.461,4509888776.83,77667.0
WDOFUT,M30,08/09/2025,5817.71,5817.71,5807.059,5808.124,4906553892.82,84431.0
WDOFUT,M30,08/09/2025,5816.645,5819.308,5815.047,5817.71,2445294397.2,42034.0
WDOFUT,M30,08/09/2025,5820.373,5821.438,5816.113,5816.645,2173213825.27,37347.0
WDOFUT,M30,08/09/2025,5818.243,5825.166,5818.243,5820.906,4542425338.4,78036.0
WDOFUT,M30,08/09/2025,5813.45,5819.308,5812.917,5818.775,4005321608.53,68876.0
WDOFUT,M30,08/09/2025,5812.917,5818.243,5812.385,5813.982,4357413611.29,74928.0
WDOFUT,M30,08/09/2025,5825.166,5825.166,5809.722,5812.917,9807073791.23,168595.0
WDOFUT,M30,08/09/2025,5831.024,5831.024,5823.036,5824.634,8368405144.0,143633.0
WDOFUT,M30,08/09/2025,5819.308,5835.285,5818.243,5831.024,14578151096.6,250208.0
WDOFUT,M30,08/09/2025,5805.994,5821.971,5803.864,5819.308,15527352638.37,267116.0
WDOFUT,M30,08/09/2025,5797.473,5805.994,5795.343,5805.461,11558870257.83,199258.0
WDOFUT,M30,08/09/2025,5795.343,5800.136,5791.082,5796.94,10985954090.67,189571.0
WDOFUT,M30,08/09/2025,5793.212,5800.136,5786.822,5795.343,12592607000.73,217375.0
WDOFUT,M30,05/09/2025,5801.201,5807.592,5798.538,5798.538,1875111020.07,32309.0
WDOFUT,M30,05/09/2025,5801.733,5802.798,5798.538,5801.201,1408270797.15,24280.0
WDOFUT,M30,05/09/2025,5801.733,5803.864,5796.408,5801.733,4034776125.74,69567.0
WDOFUT,M30,05/09/2025,5804.929,5807.059,5800.668,5801.201,3460363479.91,59618.0
WDOFUT,M30,05/09/2025,5796.94,5805.994,5795.875,5805.461,5475218109.45,94394.0
WDOFUT,M30,05/09/2025,5791.615,5799.071,5789.484,5796.94,4414057264.29,76167.0
WDOFUT,M30,05/09/2025,5788.419,5794.277,5788.419,5791.615,2653334942.24,45816.0
WDOFUT,M30,05/09/2025,5786.289,5793.745,5784.691,5788.952,4128050412.73,71303.0
WDOFUT,M30,05/09/2025,5786.822,5790.017,5783.626,5786.289,4533831727.25,78345.0
WDOFUT,M30,05/09/2025,5783.626,5788.952,5782.029,5786.289,4858153451.62,83963.0
WDOFUT,M30,05/09/2025,5784.691,5787.354,5780.431,5783.626,4630772231.48,80064.0
WDOFUT,M30,05/09/2025,5793.745,5793.745,5782.561,5784.691,8060155733.47,139278.0
WDOFUT,M30,05/09/2025,5795.875,5805.994,5792.147,5793.745,10044615452.67,173247.0
WDOFUT,M30,05/09/2025,5788.419,5806.526,5787.887,5795.875,15932580988.15,274780.0
WDOFUT,M30,05/09/2025,5768.182,5788.952,5767.649,5788.419,13223617057.17,228812.0
WDOFUT,M30,05/09/2025,5783.094,5784.159,5767.649,5767.649,14741688730.78,255307.0
WDOFUT,M30,05/09/2025,5784.691,5790.017,5778.301,5783.094,17068674963.39,295107.0
WDOFUT,M30,05/09/2025,5807.059,5807.592,5779.366,5784.159,27705116170.48,478360.0
WDOFUT,M30,05/09/2025,5819.308,5828.894,5804.396,5807.059,18050211412.02,310452.0
WDOFUT,M30,04/09/2025,5837.948,5839.545,5835.285,5837.415,1350172689.97,23129.0
WDOFUT,M30,04/09/2025,5835.817,5840.078,5835.817,5838.48,1577493309.86,27019.0
WDOFUT,M30,04/09/2025,5838.48,5841.676,5835.285,5836.35,2853901971.74,48883.0
WDOFUT,M30,04/09/2025,5837.948,5840.078,5835.817,5838.48,2387815398.99,40901.0
WDOFUT,M30,04/09/2025,5839.545,5840.078,5835.285,5837.948,3490345207.14,59790.0
WDOFUT,M30,04/09/2025,5837.948,5841.143,5837.948,5839.545,3362217994.97,57579.0
WDOFUT,M30,04/09/2025,5849.131,5851.262,5833.155,5837.948,11975223332.78,205063.0
WDOFUT,M30,04/09/2025,5859.783,5860.315,5847.534,5849.131,5966099577.81,101921.0
WDOFUT,M30,04/09/2025,5862.978,5864.576,5858.185,5859.783,3639262696.96,62084.0
WDOFUT,M30,04/09/2025,5860.315,5865.641,5859.783,5863.511,4168605817.62,71105.0
WDOFUT,M30,04/09/2025,5856.587,5863.511,5854.457,5860.315,6853279993.64,116969.0
WDOFUT,M30,04/09/2025,5853.924,5858.718,5852.859,5856.587,3224393755.88,55062.0
WDOFUT,M30,04/09/2025,5853.392,5860.315,5850.729,5853.924,9123716522.56,155823.0
WDOFUT,M30,04/09/2025,5849.664,5856.055,5847.001,5853.392,7252697300.89,123926.0
WDOFUT,M30,04/09/2025,5843.806,5853.924,5842.741,5849.664,10334967138.93,176714.0
WDOFUT,M30,04/09/2025,5844.871,5849.664,5839.013,5843.273,9638226367.45,164923.0
WDOFUT,M30,04/09/2025,5849.131,5853.392,5843.273,5844.871,9145842919.06,156391.0
WDOFUT,M30,04/09/2025,5841.676,5856.055,5837.948,5849.664,15666380068.75,267829.0
WDOFUT,M30,04/09/2025,5857.652,5858.185,5838.48,5842.208,15456793303.73,264248.0
WDOFUT,M30,03/09/2025,5843.806,5844.338,5840.078,5841.143,1169585319.76,20017.0
WDOFUT,M30,03/09/2025,5847.001,5847.534,5841.143,5843.806,2692791841.59,46074.0
WDOFUT,M30,03/09/2025,5845.936,5850.197,5843.806,5847.534,3384606625.12,57887.0
WDOFUT,M30,03/09/2025,5850.729,5851.794,5845.403,5846.469,3295982762.38,56363.0
WDOFUT,M30,03/09/2025,5851.794,5852.859,5848.599,5851.262,2169057799.87,37077.0
WDOFUT,M30,03/09/2025,5848.599,5854.457,5848.599,5852.327,4507470422.22,77026.0
WDOFUT,M30,03/09/2025,5854.457,5854.99,5846.469,5848.599,3171221791.1,54212.0
WDOFUT,M30,03/09/2025,5854.457,5855.522,5849.664,5854.457,4630225092.98,79114.0
WDOFUT,M30,03/09/2025,5856.587,5858.718,5852.859,5854.99,2772184456.38,47344.0
WDOFUT,M30,03/09/2025,5856.055,5859.25,5852.859,5856.587,4437919925.62,75786.0
WDOFUT,M30,03/09/2025,5850.197,5862.445,5849.664,5856.055,9841419610.61,168044.0
WDOFUT,M30,03/09/2025,5844.338,5851.262,5840.61,5850.197,6631848250.26,113462.0
WDOFUT,M30,03/09/2025,5833.155,5845.936,5832.089,5844.338,9379281715.47,160651.0
WDOFUT,M30,03/09/2025,5828.361,5835.285,5825.699,5832.622,8215593473.67,140893.0
WDOFUT,M30,03/09/2025,5841.676,5842.208,5825.166,5828.894,15780401687.58,270655.0
WDOFUT,M30,03/09/2025,5846.469,5851.794,5839.013,5842.208,12364424929.42,211528.0
WDOFUT,M30,03/09/2025,5840.078,5850.197,5839.545,5846.469,12576816422.98,215150.0
WDOFUT,M30,03/09/2025,5840.61,5845.403,5836.882,5839.545,9272097450.57,158735.0
WDOFUT,M30,03/09/2025,5857.12,5858.185,5834.752,5841.143,17837311566.48,305223.0
WDOFUT,M30,02/09/2025,5860.315,5866.706,5859.783,5864.576,1366880611.55,23312.0
WDOFUT,M30,02/09/2025,5869.369,5869.901,5859.25,5860.848,3198326675.54,54552.0
WDOFUT,M30,02/09/2025,5870.434,5872.564,5867.239,5869.369,3059518149.54,52122.0
WDOFUT,M30,02/09/2025,5872.564,5874.694,5867.771,5870.434,4267562836.93,72693.0
WDOFUT,M30,02/09/2025,5866.706,5873.629,5864.576,5872.564,3221569594.15,54900.0
WDOFUT,M30,02/09/2025,5858.185,5872.032,5858.185,5866.706,9482898452.24,161652.0
WDOFUT,M30,02/09/2025,5855.522,5863.511,5852.859,5858.185,7547202173.99,128808.0
WDOFUT,M30,02/09/2025,5846.469,5856.055,5845.936,5855.522,3724648650.34,63670.0
WDOFUT,M30,02/09/2025,5842.741,5848.066,5842.208,5846.469,2883126438.03,49321.0
WDOFUT,M30,02/09/2025,5851.794,5852.327,5839.545,5842.741,6026017679.26,103092.0
WDOFUT,M30,02/09/2025,5859.25,5860.848,5844.338,5851.794,7171591459.91,122539.0
WDOFUT,M30,02/09/2025,5856.055,5865.641,5854.457,5858.718,5161455683.55,88072.0
WDOFUT,M30,02/09/2025,5854.99,5862.978,5850.197,5856.055,10137049404.34,173106.0
WDOFUT,M30,02/09/2025,5852.327,5858.185,5850.197,5854.457,7839100042.96,133904.0
WDOFUT,M30,02/09/2025,5865.641,5866.173,5849.131,5852.327,14649017911.39,250184.0
WDOFUT,M30,02/09/2025,5880.02,5881.618,5861.913,5865.641,15789960903.36,268875.0
WDOFUT,M30,02/09/2025,5894.932,5899.725,5872.564,5879.487,21062867666.14,357946.0
WDOFUT,M30,02/09/2025,5886.943,5897.062,5883.748,5894.932,17383856518.62,295159.0
WDOFUT,M30,02/09/2025,5863.511,5886.943,5857.652,5886.943,28066201743.98,477998.0
WDOFUT,M30,01/09/2025,5836.35,5840.078,5833.687,5834.22,1447108102.9,24791.0
WDOFUT,M30,01/09/2025,5835.817,5837.948,5833.687,5836.35,1618225323.04,27731.0
WDOFUT,M30,01/09/2025,5835.285,5837.948,5834.22,5836.35,1767209654.76,30280.0
WDOFUT,M30,01/09/2025,5841.143,5842.208,5834.22,5835.285,2828615217.61,48448.0
WDOFUT,M30,01/09/2025,5839.545,5842.208,5839.545,5841.676,807816671.24,13830.0
WDOFUT,M30,01/09/2025,5841.143,5842.741,5839.013,5839.545,2568567559.93,43980.0
WDOFUT,M30,01/09/2025,5842.208,5844.338,5839.545,5841.143,2816068322.18,48206.0
WDOFUT,M30,01/09/2025,5842.208,5843.806,5841.143,5842.208,1321435390.34,22618.0
WDOFUT,M30,01/09/2025,5843.273,5845.403,5840.61,5842.208,2388561199.19,40879.0
WDOFUT,M30,01/09/2025,5842.208,5844.871,5840.61,5842.741,2144663076.89,36710.0
WDOFUT,M30,01/09/2025,5841.676,5845.403,5840.61,5842.208,3337181896.59,57116.0
WDOFUT,M30,01/09/2025,5836.35,5842.208,5835.285,5841.676,3811368501.78,65280.0
WDOFUT,M30,01/09/2025,5835.817,5846.469,5834.752,5836.35,9115040923.45,156063.0
WDOFUT,M30,01/09/2025,5825.166,5838.48,5824.101,5836.35,10327629847.5,177075.0
WDOFUT,M30,01/09/2025,5819.84,5825.699,5819.84,5825.166,4116730508.82,70694.0
WDOFUT,M30,01/09/2025,5824.101,5825.699,5816.113,5820.373,9291582008.03,159648.0
WDOFUT,M30,01/09/2025,5815.047,5832.622,5815.047,5824.634,13983991462.61,240057.0
WDOFUT,M30,01/09/2025,5813.45,5817.71,5809.722,5815.047,6740154000.75,115928.0
WDOFUT,M30,01/09/2025,5819.308,5826.231,5812.385,5812.917,9698513822.14,166637.0
WDOFUT,M30,29/08/2025,5826.764,5830.492,5823.036,5823.036,1586111812.97,27219.0
WDOFUT,M30,29/08/2025,5823.568,5826.764,5823.568,5826.764,1166884648.57,20033.0
WDOFUT,M30,29/08/2025,5817.178,5825.699,5816.113,5824.101,3882335454.25,66682.0
WDOFUT,M30,29/08/2025,5815.047,5818.775,5812.917,5817.178,4236982179.52,72847.0
WDOFUT,M30,29/08/2025,5819.308,5821.971,5813.45,5815.58,3937626649.4,67687.0
WDOFUT,M30,29/08/2025,5823.036,5824.101,5816.645,5819.308,4939085464.27,84864.0
WDOFUT,M30,29/08/2025,5823.568,5825.166,5821.438,5823.568,2460729819.83,42256.0
WDOFUT,M30,29/08/2025,5823.568,5826.764,5819.84,5823.568,4536722102.44,77905.0
WDOFUT,M30,29/08/2025,5824.634,5828.894,5823.036,5823.568,3115499721.13,53481.0
WDOFUT,M30,29/08/2025,5824.101,5825.166,5818.775,5824.101,3865624236.11,66393.0
WDOFUT,M30,29/08/2025,5825.699,5829.427,5820.906,5824.634,5789869168.75,99394.0
WDOFUT,M30,29/08/2025,5826.764,5829.959,5821.438,5825.699,4299124335.56,73800.0
WDOFUT,M30,29/08/2025,5823.036,5831.557,5821.438,5826.764,11239524710.07,192923.0
WDOFUT,M30,29/08/2025,5813.982,5825.699,5809.189,5823.568,10173372888.38,174832.0
WDOFUT,M30,29/08/2025,5812.917,5825.166,5808.124,5813.982,14556410994.15,250245.0
WDOFUT,M30,29/08/2025,5820.373,5825.166,5807.059,5812.917,10247938103.14,176244.0
WDOFUT,M30,29/08/2025,5835.285,5838.48,5812.917,5820.373,18144373757.25,311604.0
WDOFUT,M30,29/08/2025,5814.515,5840.078,5809.189,5834.752,19531322129.88,335512.0
WDOFUT,M30,29/08/2025,5815.58,5830.492,5810.254,5815.047,18853541821.32,323944.0
WDOFUT,M30,28/08/2025,5810.224,5814.515,5807.005,5814.515,1637982913.04,28191.0
WDOFUT,M30,28/08/2025,5803.251,5815.588,5802.714,5810.224,3090665579.05,53222.0
WDOFUT,M30,28/08/2025,5802.178,5803.251,5798.959,5802.714,2432693797.72,41933.0
WDOFUT,M30,28/08/2025,5800.569,5803.787,5799.496,5802.178,2375981921.86,40952.0
WDOFUT,M30,28/08/2025,5802.178,5802.178,5796.277,5801.105,3655630145.72,63036.0
WDOFUT,M30,28/08/2025,5798.959,5803.251,5798.423,5802.714,2666535089.73,45963.0
WDOFUT,M30,28/08/2025,5803.251,5804.323,5796.277,5798.959,4271458940.33,73641.0
WDOFUT,M30,28/08/2025,5798.423,5804.323,5797.887,5803.251,7065377514.68,121784.0
WDOFUT,M30,28/08/2025,5800.569,5801.105,5791.45,5798.959,7599376185.26,131124.0
WDOFUT,M30,28/08/2025,5805.396,5806.469,5794.668,5801.105,9203091094.17,158666.0
WDOFUT,M30,28/08/2025,5808.078,5808.615,5804.323,5805.933,4070356392.15,70100.0
WDOFUT,M30,28/08/2025,5810.224,5811.296,5807.005,5808.078,3038384218.67,52304.0
WDOFUT,M30,28/08/2025,5805.396,5811.833,5803.251,5810.76,5556933983.92,95687.0
WDOFUT,M30,28/08/2025,5805.933,5811.296,5800.569,5804.86,12395395390.32,213495.0
WDOFUT,M30,28/08/2025,5813.442,5813.978,5802.178,5805.933,11161134974.29,192185.0
WDOFUT,M30,28/08/2025,5826.852,5829.534,5809.687,5812.906,16853987544.48,289590.0
WDOFUT,M30,28/08/2025,5811.296,5827.388,5807.005,5826.316,19914644401.71,342418.0
WDOFUT,M30,28/08/2025,5803.787,5815.051,5800.032,5811.296,13117303630.46,225896.0
WDOFUT,M30,28/08/2025,5811.833,5813.978,5801.105,5804.86,14733732276.45,253751.0
WDOFUT,M30,27/08/2025,5817.733,5819.879,5813.978,5819.342,1545429284.19,26568.0
WDOFUT,M30,27/08/2025,5818.806,5820.415,5815.588,5818.27,2284789291.78,39268.0
WDOFUT,M30,27/08/2025,5816.124,5818.806,5815.051,5818.27,2210946600.04,38007.0
WDOFUT,M30,27/08/2025,5819.879,5821.488,5815.051,5816.66,3570804398.66,61375.0
WDOFUT,M30,27/08/2025,5821.488,5823.097,5817.733,5820.415,3709123762.71,63732.0
WDOFUT,M30,27/08/2025,5819.342,5826.316,5819.342,5820.952,4179080535.43,71777.0
WDOFUT,M30,27/08/2025,5820.415,5825.779,5817.733,5819.342,6879073362.69,118168.0
WDOFUT,M30,27/08/2025,5816.124,5823.634,5813.978,5820.415,7066008550.46,121427.0
WDOFUT,M30,27/08/2025,5827.925,5828.997,5814.515,5816.124,6923883216.33,118961.0
WDOFUT,M30,27/08/2025,5828.997,5832.752,5822.561,5828.461,5524330727.95,94796.0
WDOFUT,M30,27/08/2025,5834.898,5838.653,5825.779,5828.997,9780535819.63,167731.0
WDOFUT,M30,27/08/2025,5844.017,5844.553,5832.752,5834.898,6925618114.15,118638.0
WDOFUT,M30,27/08/2025,5847.235,5849.38,5842.407,5844.017,7979857202.86,136491.0
WDOFUT,M30,27/08/2025,5859.036,5860.108,5844.017,5847.235,12529567524.84,214088.0
WDOFUT,M30,27/08/2025,5847.771,5859.572,5845.626,5859.572,12786768989.6,218522.0
WDOFUT,M30,27/08/2025,5847.235,5852.062,5842.944,5847.771,9701933266.27,165924.0
WDOFUT,M30,27/08/2025,5846.699,5852.599,5840.798,5847.235,14869664889.44,254323.0
WDOFUT,M30,27/08/2025,5834.898,5850.99,5832.752,5846.699,14262445503.2,244105.0
WDOFUT,M30,27/08/2025,5852.062,5857.426,5827.925,5834.898,21422685652.79,366794.0
WDOFUT,M30,26/08/2025,5833.825,5836.507,5831.679,5835.434,1489773080.7,25535.0
WDOFUT,M30,26/08/2025,5835.971,5836.507,5833.825,5834.361,1311415407.3,22475.0
WDOFUT,M30,26/08/2025,5836.507,5838.653,5831.143,5835.971,4214709650.97,72239.0
WDOFUT,M30,26/08/2025,5838.116,5839.189,5834.898,5836.507,3140490591.19,53798.0
WDOFUT,M30,26/08/2025,5838.116,5839.725,5834.361,5838.653,4334759315.91,74263.0
WDOFUT,M30,26/08/2025,5839.189,5843.48,5837.58,5838.116,3226068277.32,55235.0
WDOFUT,M30,26/08/2025,5838.116,5847.235,5837.043,5839.725,5403208714.14,92481.0
WDOFUT,M30,26/08/2025,5847.235,5850.453,5838.116,5838.653,5505473687.75,94195.0
WDOFUT,M30,26/08/2025,5848.308,5851.526,5845.626,5847.235,3871714585.26,66203.0
WDOFUT,M30,26/08/2025,5848.308,5853.135,5847.235,5848.308,6524932301.15,111540.0
WDOFUT,M30,26/08/2025,5837.58,5849.917,5835.971,5848.308,9426194318.24,161324.0
WDOFUT,M30,26/08/2025,5838.116,5840.262,5834.361,5837.58,4489255105.45,76908.0
WDOFUT,M30,26/08/2025,5830.07,5839.189,5826.316,5838.653,8301360856.2,142318.0
WDOFUT,M30,26/08/2025,5818.27,5835.971,5817.197,5830.07,15981706322.28,274161.0
WDOFUT,M30,26/08/2025,5814.515,5822.561,5813.978,5818.27,9804614449.72,168529.0
WDOFUT,M30,26/08/2025,5811.833,5820.415,5807.005,5814.515,11844323941.73,203682.0
WDOFUT,M30,26/08/2025,5808.078,5813.442,5804.86,5811.833,7882946356.81,135689.0
WDOFUT,M30,26/08/2025,5805.396,5811.833,5803.251,5807.542,10697947503.74,184183.0
WDOFUT,M30,26/08/2025,5803.787,5811.296,5798.959,5805.396,14258017460.5,245595.0
WDOFUT,M30,25/08/2025,5815.588,5816.124,5811.296,5812.906,1802546470.66,31008.0
WDOFUT,M30,25/08/2025,5815.588,5817.733,5814.515,5816.124,1434976411.62,24671.0
WDOFUT,M30,25/08/2025,5818.27,5819.342,5814.515,5815.588,2780581697.21,47801.0
WDOFUT,M30,25/08/2025,5818.27,5819.342,5815.051,5818.806,2512066956.68,43182.0
WDOFUT,M30,25/08/2025,5816.124,5819.342,5815.051,5817.733,4396847263.22,75586.0
WDOFUT,M30,25/08/2025,5812.906,5817.197,5809.687,5816.124,3819675321.11,65707.0
WDOFUT,M30,25/08/2025,5812.906,5813.978,5810.224,5812.906,2903125526.19,49948.0
WDOFUT,M30,25/08/2025,5813.978,5816.124,5810.76,5812.906,4228433080.69,72737.0
WDOFUT,M30,25/08/2025,5809.687,5813.978,5808.078,5813.978,3431869843.92,59063.0
WDOFUT,M30,25/08/2025,5810.76,5812.369,5807.542,5809.151,3563077841.76,61326.0
WDOFUT,M30,25/08/2025,5812.369,5813.978,5808.078,5810.224,2864345973.48,49292.0
WDOFUT,M30,25/08/2025,5809.151,5815.051,5808.615,5812.906,4677197518.45,80477.0
WDOFUT,M30,25/08/2025,5808.078,5814.515,5807.005,5809.687,10397793402.53,178938.0
WDOFUT,M30,25/08/2025,5811.833,5812.906,5804.323,5808.615,9864529892.6,169817.0
WDOFUT,M30,25/08/2025,5829.534,5830.07,5810.224,5812.369,13411624952.6,230486.0
WDOFUT,M30,25/08/2025,5833.289,5834.898,5825.243,5830.07,6643393214.28,113969.0
WDOFUT,M30,25/08/2025,5826.852,5836.507,5825.779,5833.289,8353291468.31,143233.0
WDOFUT,M30,25/08/2025,5841.335,5841.871,5825.779,5826.852,9959541618.33,170731.0
WDOFUT,M30,25/08/2025,5834.361,5842.944,5828.997,5841.871,11661516120.81,199804.0
WDOFUT,M30,22/08/2025,5833.289,5837.043,5830.607,5833.289,1487183610.12,25491.0
WDOFUT,M30,22/08/2025,5832.752,5834.361,5828.997,5833.289,1820895824.34,31224.0
WDOFUT,M30,22/08/2025,5832.216,5833.825,5828.461,5832.752,2373654351.19,40705.0
WDOFUT,M30,22/08/2025,5832.752,5835.971,5831.143,5832.216,2835724539.12,48609.0
WDOFUT,M30,22/08/2025,5831.143,5834.898,5830.607,5833.289,3060909788.62,52475.0
WDOFUT,M30,22/08/2025,5826.316,5833.825,5825.243,5831.679,4133512397.18,70906.0
WDOFUT,M30,22/08/2025,5827.388,5828.461,5823.097,5825.779,4111535687.39,70572.0
WDOFUT,M30,22/08/2025,5830.607,5831.143,5825.779,5827.388,3856410674.92,66163.0
WDOFUT,M30,22/08/2025,5833.289,5834.361,5828.461,5830.607,2837129865.51,48658.0
WDOFUT,M30,22/08/2025,5830.07,5834.898,5826.852,5833.825,3696329502.11,63393.0
WDOFUT,M30,22/08/2025,5830.607,5832.216,5826.316,5830.07,3623053452.0,62154.0
WDOFUT,M30,22/08/2025,5823.634,5834.361,5822.024,5831.143,7676519713.78,131689.0
WDOFUT,M30,22/08/2025,5829.534,5829.534,5818.27,5823.634,11641906884.07,199921.0
WDOFUT,M30,22/08/2025,5841.335,5841.335,5825.243,5829.534,12731701162.45,218295.0
WDOFUT,M30,22/08/2025,5886.392,5886.392,5833.825,5841.871,36241351030.28,619661.0
WDOFUT,M30,22/08/2025,5877.809,5888.001,5874.591,5886.928,11934170618.9,202928.0
WDOFUT,M30,22/08/2025,5879.419,5880.491,5871.373,5877.809,9650098003.62,164231.0
WDOFUT,M30,22/08/2025,5872.445,5884.246,5871.373,5879.419,12494586062.57,212534.0
WDOFUT,M30,22/08/2025,5885.855,5885.855,5871.373,5871.909,14800684172.71,251821.0
WDOFUT,M30,21/08/2025,5889.074,5889.61,5883.71,5883.71,1626543187.66,27628.0
WDOFUT,M30,21/08/2025,5889.074,5892.292,5888.001,5888.537,1965138666.38,33362.0
WDOFUT,M30,21/08/2025,5891.219,5894.974,5888.001,5889.61,3101155891.78,52629.0
WDOFUT,M30,21/08/2025,5893.365,5894.974,5890.683,5891.219,3127717083.69,53077.0
WDOFUT,M30,21/08/2025,5887.464,5893.901,5887.464,5892.828,2842137627.15,48244.0
WDOFUT,M30,21/08/2025,5884.783,5891.756,5884.783,5888.001,4673247236.84,79358.0
WDOFUT,M30,21/08/2025,5889.074,5891.756,5879.955,5885.319,6622926454.61,112538.0
WDOFUT,M30,21/08/2025,5893.901,5894.438,5885.855,5889.074,4586361687.17,77865.0
WDOFUT,M30,21/08/2025,5897.656,5898.192,5884.783,5893.901,8473226629.15,143846.0
WDOFUT,M30,21/08/2025,5903.02,5903.556,5896.583,5898.192,4437441116.21,75208.0
WDOFUT,M30,21/08/2025,5901.947,5909.457,5900.874,5902.484,5812557296.01,98432.0
WDOFUT,M30,21/08/2025,5900.874,5909.457,5900.338,5901.947,5488541101.76,92958.0
WDOFUT,M30,21/08/2025,5898.192,5908.92,5896.583,5900.874,11381318437.59,192805.0
WDOFUT,M30,21/08/2025,5897.656,5905.165,5891.219,5898.192,11874822182.4,201388.0
WDOFUT,M30,21/08/2025,5891.219,5900.874,5884.783,5897.12,11391954644.23,193324.0
WDOFUT,M30,21/08/2025,5887.464,5898.192,5878.882,5891.219,19008260524.3,322818.0
WDOFUT,M30,21/08/2025,5895.51,5899.802,5884.246,5887.464,18477105623.51,313581.0
WDOFUT,M30,21/08/2025,5907.311,5910.529,5893.901,5894.974,13223001855.16,223975.0
WDOFUT,M30,21/08/2025,5903.556,5911.602,5897.656,5907.311,15369823555.68,260315.0
WDOFUT,M30,20/08/2025,5897.12,5898.729,5889.61,5892.292,1912784410.01,32446.0
WDOFUT,M30,20/08/2025,5896.583,5901.947,5893.365,5897.12,3184760424.44,53999.0
WDOFUT,M30,20/08/2025,5886.392,5899.802,5885.319,5896.583,5529092252.39,93816.0
WDOFUT,M30,20/08/2025,5886.928,5892.292,5885.319,5885.855,3207736817.77,54476.0
WDOFUT,M30,20/08/2025,5886.392,5891.219,5884.783,5886.392,3698539135.76,62817.0
WDOFUT,M30,20/08/2025,5886.392,5888.001,5883.173,5886.928,2686376660.32,45643.0
WDOFUT,M30,20/08/2025,5886.392,5889.61,5883.173,5886.392,4021521091.96,68317.0
WDOFUT,M30,20/08/2025,5886.392,5889.61,5880.491,5885.855,5538506440.04,94103.0
WDOFUT,M30,20/08/2025,5879.419,5901.947,5875.127,5886.392,19805258707.17,336287.0
WDOFUT,M30,20/08/2025,5881.028,5884.783,5878.882,5879.419,2873790703.42,48857.0
WDOFUT,M30,20/08/2025,5889.074,5891.219,5881.028,5881.028,5836664757.3,99172.0
WDOFUT,M30,20/08/2025,5881.564,5890.683,5881.028,5888.537,4900397862.09,83243.0
WDOFUT,M30,20/08/2025,5885.855,5888.001,5877.809,5881.564,8758571177.15,148883.0
WDOFUT,M30,20/08/2025,5886.392,5891.219,5882.637,5886.392,7665406695.47,130216.0
WDOFUT,M30,20/08/2025,5889.074,5891.756,5878.882,5886.392,11901761296.32,202184.0
WDOFUT,M30,20/08/2025,5889.61,5893.365,5878.346,5889.074,12342497004.78,209714.0
WDOFUT,M30,20/08/2025,5888.001,5893.901,5881.028,5889.61,12699450907.61,215688.0
WDOFUT,M30,20/08/2025,5900.874,5901.947,5885.319,5888.001,17175737740.77,291507.0
WDOFUT,M30,20/08/2025,5914.284,5921.257,5896.047,5901.411,22446034487.74,380015.0
WDOFUT,M30,19/08/2025,5922.33,5926.085,5915.893,5916.966,2699025595.6,45587.0
WDOFUT,M30,19/08/2025,5920.185,5927.158,5920.185,5922.33,3983391777.94,67239.0
WDOFUT,M30,19/08/2025,5917.503,5924.476,5915.893,5920.185,5718766618.4,96596.0
WDOFUT,M30,19/08/2025,5918.575,5924.476,5915.893,5917.503,6891328648.88,116398.0
WDOFUT,M30,19/08/2025,5909.457,5920.185,5908.92,5918.039,8190164117.31,138447.0
WDOFUT,M30,19/08/2025,5909.993,5914.284,5907.311,5909.457,6243015136.09,105624.0
WDOFUT,M30,19/08/2025,5900.338,5913.748,5899.802,5909.457,11211265227.01,189770.0
WDOFUT,M30,19/08/2025,5895.51,5903.02,5894.974,5899.802,5016439668.85,85032.0
WDOFUT,M30,19/08/2025,5892.292,5898.729,5891.219,5894.974,7635482884.88,129518.0
WDOFUT,M30,19/08/2025,5882.101,5894.974,5877.809,5892.828,8935118836.06,151797.0
WDOFUT,M30,19/08/2025,5893.901,5894.438,5878.882,5882.101,8232150042.39,139881.0
WDOFUT,M30,19/08/2025,5894.974,5903.02,5889.61,5894.438,7241986494.2,122811.0
WDOFUT,M30,19/08/2025,5897.656,5899.265,5884.783,5894.974,11158182659.74,189379.0
WDOFUT,M30,19/08/2025,5899.265,5901.947,5892.292,5897.12,9051897857.86,153494.0
WDOFUT,M30,19/08/2025,5886.928,5900.338,5879.955,5899.265,14104423317.68,239498.0
WDOFUT,M30,19/08/2025,5896.583,5901.411,5884.783,5886.392,14590725480.11,247580.0
WDOFUT,M30,19/08/2025,5875.664,5907.311,5875.127,5896.583,24865146174.19,422014.0
WDOFUT,M30,19/08/2025,5859.036,5878.882,5857.426,5875.664,20548895875.1,350185.0
WDOFUT,M30,19/08/2025,5848.308,5860.645,5842.407,5859.036,16609211971.5,283745.0
WDOFUT,M30,18/08/2025,5852.062,5857.426,5850.99,5853.672,2457782243.83,41984.0
WDOFUT,M30,18/08/2025,5849.917,5852.599,5848.308,5852.062,2305891169.19,39418.0
WDOFUT,M30,18/08/2025,5849.917,5852.062,5848.308,5849.917,1932866403.28,33041.0
WDOFUT,M30,18/08/2025,5849.38,5852.062,5846.699,5849.917,3630682701.6,62069.0
WDOFUT,M30,18/08/2025,5849.917,5851.526,5846.162,5849.38,3150893895.4,53872.0
WDOFUT,M30,18/08/2025,5849.917,5855.817,5848.308,5850.453,5644770265.77,96455.0
WDOFUT,M30,18/08/2025,5846.162,5853.135,5846.162,5849.917,4764889419.03,81452.0
WDOFUT,M30,18/08/2025,5846.162,5847.235,5842.944,5846.699,3770958789.36,64515.0
WDOFUT,M30,18/08/2025,5849.917,5856.354,5845.089,5846.162,8007140419.12,136868.0
WDOFUT,M30,18/08/2025,5838.116,5850.453,5837.043,5849.917,8095489992.82,138516.0
WDOFUT,M30,18/08/2025,5835.434,5842.407,5834.898,5837.58,5833026313.91,99913.0
WDOFUT,M30,18/08/2025,5831.143,5837.58,5827.925,5835.434,6140246756.38,105262.0
WDOFUT,M30,18/08/2025,5829.534,5833.825,5827.388,5830.607,7035625243.0,120669.0
WDOFUT,M30,18/08/2025,5825.243,5837.043,5822.561,5829.534,11908209384.08,204266.0
WDOFUT,M30,18/08/2025,5823.634,5827.925,5817.197,5825.243,9599718407.99,164844.0
WDOFUT,M30,18/08/2025,5823.097,5828.997,5818.27,5823.097,7811198960.89,134115.0
WDOFUT,M30,18/08/2025,5824.706,5828.461,5818.27,5823.097,10445281977.41,179379.0
WDOFUT,M30,18/08/2025,5830.07,5834.898,5824.17,5824.17,9987893171.24,171299.0
WDOFUT,M30,18/08/2025,5816.66,5831.143,5816.66,5829.534,11212387927.22,192478.0
WDOFUT,M30,15/08/2025,5816.66,5817.733,5805.933,5808.078,1464136723.85,25183.0
WDOFUT,M30,15/08/2025,5814.515,5818.806,5813.978,5817.197,1563548245.76,26883.0
WDOFUT,M30,15/08/2025,5814.515,5816.124,5809.687,5814.515,3516410883.58,60497.0
WDOFUT,M30,15/08/2025,5813.978,5815.051,5811.833,5813.978,3350491063.55,57637.0
WDOFUT,M30,15/08/2025,5816.124,5817.197,5812.906,5813.978,2149371472.55,36960.0
WDOFUT,M30,15/08/2025,5813.442,5819.342,5812.906,5816.66,4024542360.0,69194.0
WDOFUT,M30,15/08/2025,5815.051,5816.124,5811.296,5813.442,2614828551.0,44974.0
WDOFUT,M30,15/08/2025,5812.369,5817.733,5811.833,5815.051,3977201958.7,68395.0
WDOFUT,M30,15/08/2025,5815.588,5820.952,5808.615,5812.906,6131250221.47,105436.0
WDOFUT,M30,15/08/2025,5809.151,5819.879,5807.005,5816.124,5669884796.73,97515.0
WDOFUT,M30,15/08/2025,5811.296,5812.906,5807.542,5809.687,3304192731.66,56870.0
WDOFUT,M30,15/08/2025,5809.151,5813.978,5808.078,5811.833,2854725177.45,49127.0
WDOFUT,M30,15/08/2025,5808.615,5815.588,5807.542,5809.151,6357895085.85,109408.0
WDOFUT,M30,15/08/2025,5808.615,5810.76,5803.787,5809.151,5936588846.92,102227.0
WDOFUT,M30,15/08/2025,5810.76,5811.296,5804.323,5808.615,6726460027.69,115815.0
WDOFUT,M30,15/08/2025,5808.615,5812.369,5802.714,5810.76,9629554587.83,165820.0
WDOFUT,M30,15/08/2025,5805.396,5810.224,5798.959,5808.615,11836499074.47,203949.0
WDOFUT,M30,15/08/2025,5815.051,5815.588,5801.105,5805.396,16178721856.57,278595.0
WDOFUT,M30,15/08/2025,5823.097,5824.706,5809.151,5815.051,13164029495.47,226335.0
WDOFUT,M30,14/08/2025,5835.434,5835.971,5828.997,5830.07,1578603816.23,27070.0
WDOFUT,M30,14/08/2025,5835.971,5837.58,5834.361,5834.898,1660706380.33,28458.0
WDOFUT,M30,14/08/2025,5836.507,5839.189,5834.898,5836.507,2680249137.92,45917.0
WDOFUT,M30,14/08/2025,5835.971,5837.043,5833.825,5837.043,2369715725.43,40610.0
WDOFUT,M30,14/08/2025,5832.216,5837.58,5831.143,5835.434,3842880685.09,65861.0
WDOFUT,M30,14/08/2025,5834.361,5838.116,5827.388,5832.216,6493514669.82,111336.0
WDOFUT,M30,14/08/2025,5839.189,5852.599,5833.825,5833.825,10107738571.85,172983.0
WDOFUT,M30,14/08/2025,5839.725,5841.871,5834.361,5839.189,3610481290.85,61839.0
WDOFUT,M30,14/08/2025,5843.48,5844.017,5834.898,5839.725,6099386567.5,104461.0
WDOFUT,M30,14/08/2025,5835.971,5844.553,5828.997,5844.017,7502188409.53,128529.0
WDOFUT,M30,14/08/2025,5833.289,5838.116,5825.779,5835.971,5988770588.14,102685.0
WDOFUT,M30,14/08/2025,5829.534,5839.189,5826.852,5833.289,8357858356.69,143283.0
WDOFUT,M30,14/08/2025,5817.733,5831.679,5816.66,5829.534,9067903779.68,155677.0
WDOFUT,M30,14/08/2025,5820.952,5825.779,5813.978,5817.197,10136450785.59,174164.0
WDOFUT,M30,14/08/2025,5842.407,5843.48,5820.415,5820.952,15745919769.32,269997.0
WDOFUT,M30,14/08/2025,5834.361,5842.944,5831.679,5842.407,13176778462.93,225700.0
WDOFUT,M30,14/08/2025,5823.634,5836.507,5822.024,5834.361,13963300558.25,239539.0
WDOFUT,M30,14/08/2025,5819.342,5831.143,5815.588,5823.634,20488382390.05,351782.0
WDOFUT,M30,14/08/2025,5820.415,5824.706,5811.833,5819.879,11998829139.63,206208.0
WDOFUT,M30,13/08/2025,5818.27,5818.27,5807.005,5809.151,1543170758.19,26544.0
WDOFUT,M30,13/08/2025,5819.342,5820.952,5815.588,5817.733,2668841263.63,45873.0
WDOFUT,M30,13/08/2025,5819.879,5821.488,5817.733,5818.806,2817648135.08,48417.0
WDOFUT,M30,13/08/2025,5822.561,5826.316,5818.806,5820.415,3516385635.5,60391.0
WDOFUT,M30,13/08/2025,5824.17,5825.243,5820.415,5823.097,3079496684.54,52887.0
WDOFUT,M30,13/08/2025,5818.806,5825.243,5816.66,5823.634,4317615884.03,74179.0
WDOFUT,M30,13/08/2025,5815.588,5821.488,5814.515,5818.27,3701169120.21,63613.0
WDOFUT,M30,13/08/2025,5813.442,5819.879,5813.442,5815.588,4052687905.29,69679.0
WDOFUT,M30,13/08/2025,5818.27,5818.806,5810.224,5813.978,7012306694.45,120596.0
WDOFUT,M30,13/08/2025,5818.806,5822.561,5817.197,5818.27,3340727495.44,57397.0
WDOFUT,M30,13/08/2025,5825.243,5826.852,5815.051,5818.806,7600464738.6,130590.0
WDOFUT,M30,13/08/2025,5808.615,5830.607,5808.078,5824.706,10911677284.68,187449.0
WDOFUT,M30,13/08/2025,5811.833,5812.906,5808.078,5808.078,4925172163.48,84765.0
WDOFUT,M30,13/08/2025,5811.833,5815.051,5808.615,5811.833,7578194143.71,130398.0
WDOFUT,M30,13/08/2025,5812.906,5816.124,5805.396,5811.833,10563138878.3,181799.0
WDOFUT,M30,13/08/2025,5816.66,5823.097,5810.76,5812.906,12517585268.75,215193.0
WDOFUT,M30,13/08/2025,5803.251,5822.561,5801.641,5816.66,15382731301.23,264680.0
WDOFUT,M30,13/08/2025,5809.687,5812.369,5797.35,5803.251,14356253028.96,247332.0
WDOFUT,M30,13/08/2025,5807.005,5818.27,5802.714,5810.224,16670836297.08,286931.0
WDOFUT,M30,12/08/2025,5809.687,5825.243,5808.078,5823.634,3464249552.17,59575.0
WDOFUT,M30,12/08/2025,5808.078,5811.296,5807.542,5809.687,2570345447.35,44242.0
WDOFUT,M30,12/08/2025,5805.933,5811.296,5805.396,5807.542,4116952846.65,70881.0
WDOFUT,M30,12/08/2025,5809.687,5813.442,5805.396,5806.469,3959567329.05,68151.0
WDOFUT,M30,12/08/2025,5811.833,5816.124,5807.005,5810.224,5712746659.16,98300.0
WDOFUT,M30,12/08/2025,5809.151,5813.442,5806.469,5811.296,5991093427.82,103124.0
WDOFUT,M30,12/08/2025,5815.051,5815.588,5805.933,5809.687,6689970294.22,115131.0
WDOFUT,M30,12/08/2025,5817.197,5822.024,5812.906,5815.051,4868996451.33,83691.0
WDOFUT,M30,12/08/2025,5814.515,5818.806,5810.76,5817.197,4808925518.44,82698.0
WDOFUT,M30,12/08/2025,5817.733,5819.879,5811.296,5814.515,5244613627.26,90188.0
WDOFUT,M30,12/08/2025,5813.442,5821.488,5812.906,5817.733,5335790760.91,91712.0
WDOFUT,M30,12/08/2025,5815.051,5819.879,5808.615,5812.906,9759133851.03,167822.0
WDOFUT,M30,12/08/2025,5830.607,5831.143,5813.442,5815.051,16069144406.42,276065.0
WDOFUT,M30,12/08/2025,5836.507,5838.653,5826.852,5830.607,8228602609.03,141073.0
WDOFUT,M30,12/08/2025,5838.653,5843.48,5830.607,5837.043,11242032528.46,192597.0
WDOFUT,M30,12/08/2025,5844.553,5845.089,5830.607,5839.189,12129834809.52,207806.0
WDOFUT,M30,12/08/2025,5828.997,5845.626,5825.779,5845.089,17248170321.47,295589.0
WDOFUT,M30,12/08/2025,5862.254,5862.79,5827.388,5828.997,25013315594.58,428261.0
WDOFUT,M30,12/08/2025,5866.545,5868.691,5855.281,5862.254,13770238706.31,234926.0
WDOFUT,M30,11/08/2025,5869.227,5870.3,5864.936,5865.472,1297636138.92,22114.0
WDOFUT,M30,11/08/2025,5866.009,5870.3,5864.936,5869.227,1634520991.67,27855.0
WDOFUT,M30,11/08/2025,5869.763,5870.3,5863.863,5865.472,2794921857.08,47637.0
WDOFUT,M30,11/08/2025,5871.373,5872.445,5868.691,5870.3,1925351604.15,32797.0
WDOFUT,M30,11/08/2025,5870.3,5871.373,5863.327,5871.373,5253370399.25,89534.0
WDOFUT,M30,11/08/2025,5867.081,5872.445,5866.545,5870.3,3857380744.12,65711.0
WDOFUT,M30,11/08/2025,5874.591,5875.664,5865.472,5867.081,4706250879.01,80183.0
WDOFUT,M30,11/08/2025,5872.982,5876.2,5869.227,5874.591,2843989861.23,48420.0
WDOFUT,M30,11/08/2025,5871.909,5879.419,5870.836,5872.445,5533360492.49,94186.0
WDOFUT,M30,11/08/2025,5863.863,5872.982,5863.327,5871.909,6286119620.42,107097.0
WDOFUT,M30,11/08/2025,5868.691,5869.763,5859.572,5864.4,6608346955.58,112683.0
WDOFUT,M30,11/08/2025,5878.346,5879.419,5868.691,5869.227,5243239443.92,89277.0
WDOFUT,M30,11/08/2025,5879.955,5886.928,5875.664,5878.346,7469895312.88,127009.0
WDOFUT,M30,11/08/2025,5874.591,5885.855,5872.982,5879.955,8443974856.32,143610.0
WDOFUT,M30,11/08/2025,5869.763,5882.637,5868.154,5874.591,8982465566.81,152855.0
WDOFUT,M30,11/08/2025,5876.2,5879.419,5868.154,5869.763,9594291851.09,163347.0
WDOFUT,M30,11/08/2025,5876.737,5879.419,5869.227,5876.2,10328030182.98,175803.0
WDOFUT,M30,11/08/2025,5878.882,5884.246,5874.591,5877.273,10098054631.48,171762.0
WDOFUT,M30,11/08/2025,5868.154,5884.783,5861.718,5878.346,15875911278.4,270214.0
WDOFUT,M30,08/08/2025,5861.718,5864.4,5856.89,5859.572,1255982215.13,21431.0
WDOFUT,M30,08/08/2025,5868.691,5869.227,5860.645,5861.181,2476979647.71,42240.0
WDOFUT,M30,08/08/2025,5861.718,5869.227,5861.181,5868.691,2668462016.73,45489.0
WDOFUT,M30,08/08/2025,5870.3,5871.373,5860.645,5861.181,4209244441.5,71755.0
WDOFUT,M30,08/08/2025,5861.181,5871.373,5857.963,5870.3,6174322945.89,105276.0
WDOFUT,M30,08/08/2025,5854.744,5869.227,5853.135,5861.718,9861937359.21,168211.0
WDOFUT,M30,08/08/2025,5854.208,5871.909,5844.553,5855.281,16571243876.17,282924.0
WDOFUT,M30,08/08/2025,5849.38,5855.817,5847.771,5854.744,3560078742.9,60838.0
WDOFUT,M30,08/08/2025,5850.99,5854.208,5848.844,5849.38,2333197026.66,39876.0
WDOFUT,M30,08/08/2025,5852.062,5853.672,5849.917,5850.453,2906728712.38,49670.0
WDOFUT,M30,08/08/2025,5849.38,5852.062,5845.626,5851.526,4651621119.76,79535.0
WDOFUT,M30,08/08/2025,5847.771,5850.99,5846.162,5848.844,3315644332.82,56688.0
WDOFUT,M30,08/08/2025,5853.135,5853.672,5842.944,5848.308,9143636741.23,156368.0
WDOFUT,M30,08/08/2025,5853.135,5857.426,5849.917,5853.135,6082561609.05,103915.0
WDOFUT,M30,08/08/2025,5852.062,5857.426,5845.626,5853.672,11406926842.93,194931.0
WDOFUT,M30,08/08/2025,5850.99,5856.354,5841.335,5852.062,13012249422.29,222482.0
WDOFUT,M30,08/08/2025,5858.499,5866.545,5847.235,5851.526,12900587522.2,220293.0
WDOFUT,M30,08/08/2025,5851.526,5864.936,5844.017,5858.499,18745739872.71,320225.0
WDOFUT,M30,08/08/2025,5854.208,5862.254,5849.917,5851.526,12879484341.35,219980.0
WDOFUT,M30,07/08/2025,5853.135,5854.744,5841.871,5844.553,2651051814.48,45338.0
WDOFUT,M30,07/08/2025,5855.281,5856.89,5851.526,5853.135,2624200438.59,44824.0
WDOFUT,M30,07/08/2025,5852.599,5857.963,5850.453,5854.744,4055277279.32,69271.0
WDOFUT,M30,07/08/2025,5870.836,5871.373,5844.553,5852.599,19475314212.75,332449.0
WDOFUT,M30,07/08/2025,5879.955,5881.564,5869.763,5870.836,7220861240.72,122892.0
WDOFUT,M30,07/08/2025,5885.319,5886.928,5876.2,5880.491,8471487719.1,144055.0
WDOFUT,M30,07/08/2025,5893.365,5893.901,5883.71,5885.319,5402826989.09,91767.0
WDOFUT,M30,07/08/2025,5892.292,5894.438,5890.683,5893.901,2882376086.69,48913.0
WDOFUT,M30,07/08/2025,5888.537,5892.828,5884.783,5892.292,4525108643.03,76840.0
WDOFUT,M30,07/08/2025,5892.292,5897.12,5886.392,5888.537,5339425288.62,90604.0
WDOFUT,M30,07/08/2025,5888.001,5896.047,5883.173,5892.292,9738607460.4,165362.0
WDOFUT,M30,07/08/2025,5905.702,5907.847,5886.928,5888.001,7523580449.47,127593.0
WDOFUT,M30,07/08/2025,5904.629,5909.993,5899.265,5905.165,9356001516.55,158439.0
WDOFUT,M30,07/08/2025,5906.775,5906.775,5897.656,5904.093,8320135645.7,140948.0
WDOFUT,M30,07/08/2025,5897.12,5908.92,5895.51,5906.775,17493583661.99,296370.0
WDOFUT,M30,07/08/2025,5892.828,5897.12,5883.173,5896.583,12706106043.59,215672.0
WDOFUT,M30,07/08/2025,5893.901,5898.192,5883.71,5892.828,14802606765.64,251302.0
WDOFUT,M30,07/08/2025,5898.729,5900.338,5887.464,5893.901,16957633867.66,287769.0
WDOFUT,M30,07/08/2025,5898.192,5905.165,5891.219,5898.729,14967460550.16,253772.0
WDOFUT,M30,06/08/2025,5898.192,5899.265,5891.756,5892.828,2206750547.89,37442.0
WDOFUT,M30,06/08/2025,5897.12,5900.338,5895.51,5898.729,3098019261.41,52525.0
WDOFUT,M30,06/08/2025,5896.583,5901.947,5894.974,5897.12,3948619890.32,66947.0
WDOFUT,M30,06/08/2025,5897.656,5899.265,5895.51,5896.583,1955916663.47,33167.0
WDOFUT,M30,06/08/2025,5898.729,5901.411,5896.583,5897.656,4108450663.51,69647.0
WDOFUT,M30,06/08/2025,5897.12,5903.02,5892.292,5898.729,6759000514.79,114619.0
WDOFUT,M30,06/08/2025,5897.656,5901.411,5896.047,5897.12,4673845933.4,79237.0
WDOFUT,M30,06/08/2025,5904.093,5906.238,5896.047,5897.12,5546654838.91,94018.0
WDOFUT,M30,06/08/2025,5911.602,5911.602,5898.192,5904.629,7545841453.64,127795.0
WDOFUT,M30,06/08/2025,5909.993,5916.43,5909.993,5911.602,3402437531.47,57545.0
WDOFUT,M30,06/08/2025,5912.675,5914.821,5908.384,5910.529,4315857953.44,73008.0
WDOFUT,M30,06/08/2025,5912.139,5919.112,5906.775,5912.675,6861118602.17,116024.0
WDOFUT,M30,06/08/2025,5916.43,5918.575,5908.384,5911.602,9107488261.85,154006.0
WDOFUT,M30,06/08/2025,5908.92,5926.621,5904.629,5916.43,13123546552.75,221820.0
WDOFUT,M30,06/08/2025,5904.093,5915.893,5901.947,5908.384,11687361124.34,197792.0
WDOFUT,M30,06/08/2025,5918.039,5919.112,5893.901,5904.629,22087358667.84,373930.0
WDOFUT,M30,06/08/2025,5923.403,5928.767,5914.284,5917.503,14686960281.53,248027.0
WDOFUT,M30,06/08/2025,5930.912,5940.568,5920.721,5923.939,16196686631.58,273099.0
WDOFUT,M30,06/08/2025,5941.64,5949.15,5928.767,5930.912,15250756683.2,256805.0
WDOFUT,M30,05/08/2025,5948.077,5948.613,5942.177,5944.859,1420301091.1,23890.0
WDOFUT,M30,05/08/2025,5943.249,5949.15,5941.64,5948.077,2527107465.2,42503.0
WDOFUT,M30,05/08/2025,5945.395,5946.468,5942.713,5943.786,2372352548.9,39906.0
WDOFUT,M30,05/08/2025,5946.468,5947.541,5944.322,5945.395,1704700050.94,28671.0
WDOFUT,M30,05/08/2025,5945.931,5948.613,5944.859,5945.931,2395595889.6,40283.0
WDOFUT,M30,05/08/2025,5945.931,5947.541,5942.713,5945.931,3068500863.03,51616.0
WDOFUT,M30,05/08/2025,5947.004,5953.441,5943.786,5945.395,4875054752.04,81964.0
WDOFUT,M30,05/08/2025,5944.859,5947.004,5938.958,5947.004,5061454671.87,85165.0
WDOFUT,M30,05/08/2025,5945.395,5952.368,5943.786,5944.859,5019484339.78,84386.0
WDOFUT,M30,05/08/2025,5946.468,5949.15,5941.104,5944.859,4618966353.85,77692.0
WDOFUT,M30,05/08/2025,5947.004,5948.077,5943.249,5946.468,3887148056.29,65372.0
WDOFUT,M30,05/08/2025,5950.759,5953.977,5942.177,5947.541,5508976219.53,92620.0
WDOFUT,M30,05/08/2025,5952.905,5955.05,5946.468,5950.223,6081343677.38,102206.0
WDOFUT,M30,05/08/2025,5947.541,5953.977,5944.322,5952.905,6071296276.2,102048.0
WDOFUT,M30,05/08/2025,5942.177,5955.05,5938.422,5947.541,11162045975.74,187692.0
WDOFUT,M30,05/08/2025,5948.077,5953.441,5937.886,5942.713,18112406030.6,304712.0
WDOFUT,M30,05/08/2025,5959.341,5967.387,5946.468,5948.077,15638973633.87,262554.0
WDOFUT,M30,05/08/2025,5968.996,5969.533,5948.077,5959.341,14727213459.73,247178.0
WDOFUT,M30,05/08/2025,5975.97,5978.652,5956.659,5968.46,18801227911.2,315077.0
WDOFUT,M30,04/08/2025,5940.031,5963.632,5934.131,5963.632,5230833784.94,87946.0
WDOFUT,M30,04/08/2025,5943.249,5944.859,5938.958,5940.568,2778147968.73,46755.0
WDOFUT,M30,04/08/2025,5949.15,5949.686,5941.104,5942.713,4216236695.97,70928.0
WDOFUT,M30,04/08/2025,5951.295,5951.832,5945.931,5948.613,4336971180.95,72901.0
WDOFUT,M30,04/08/2025,5954.514,5956.123,5951.295,5951.832,3100402214.8,52075.0
WDOFUT,M30,04/08/2025,5953.977,5956.659,5949.15,5954.514,5214323813.34,87589.0
WDOFUT,M30,04/08/2025,5963.096,5965.242,5953.441,5953.441,5514072255.59,92536.0
WDOFUT,M30,04/08/2025,5964.705,5966.851,5960.951,5962.56,3300793879.54,55348.0
WDOFUT,M30,04/08/2025,5964.169,5965.242,5959.878,5964.169,2863508205.95,48025.0
WDOFUT,M30,04/08/2025,5966.314,5970.069,5960.414,5964.169,5089857622.08,85343.0
WDOFUT,M30,04/08/2025,5958.805,5970.069,5957.196,5966.851,8150780665.01,136664.0
WDOFUT,M30,04/08/2025,5953.977,5959.341,5945.931,5958.805,7995609860.71,134316.0
WDOFUT,M30,04/08/2025,5948.077,5957.732,5947.541,5953.441,9544830219.3,160356.0
WDOFUT,M30,04/08/2025,5944.322,5951.295,5936.813,5948.613,10979861976.1,184677.0
WDOFUT,M30,04/08/2025,5940.568,5947.004,5939.495,5944.322,7782561552.7,130951.0
WDOFUT,M30,04/08/2025,5942.177,5947.541,5938.958,5940.031,11848261387.42,199363.0
WDOFUT,M30,04/08/2025,5962.023,5965.242,5937.886,5941.64,21587416533.28,362751.0
WDOFUT,M30,04/08/2025,5966.851,5973.824,5958.269,5961.487,10904991837.05,182782.0
WDOFUT,M30,04/08/2025,5977.579,5989.379,5964.705,5966.851,17381333331.93,290785.0
WDOFUT,M30,01/08/2025,5990.452,5991.525,5984.552,5987.234,1533991682.92,25616.0
WDOFUT,M30,01/08/2025,5994.207,5994.743,5979.724,5990.452,4581543444.39,76523.0
WDOFUT,M30,01/08/2025,5992.598,5998.498,5990.989,5994.207,3562999302.9,59435.0
WDOFUT,M30,01/08/2025,5997.962,6001.716,5987.77,5993.134,5412210173.14,90303.0
WDOFUT,M30,01/08/2025,6007.08,6007.08,5992.061,5997.962,5850959495.29,97524.0
WDOFUT,M30,01/08/2025,6003.862,6007.08,5990.452,6006.544,9537835867.53,159016.0
WDOFUT,M30,01/08/2025,5998.498,6010.835,5997.962,6004.398,5694441992.5,94830.0
WDOFUT,M30,01/08/2025,6001.18,6005.471,5997.425,5999.034,4408644624.18,73455.0
WDOFUT,M30,01/08/2025,5997.425,6004.935,5995.816,6001.716,6518683162.06,108622.0
WDOFUT,M30,01/08/2025,5985.625,6001.716,5984.552,5997.425,5478989656.16,91406.0
WDOFUT,M30,01/08/2025,5990.452,5993.671,5984.015,5986.161,4719953577.09,78809.0
WDOFUT,M30,01/08/2025,5999.034,6000.107,5987.77,5989.916,6431463878.54,107322.0
WDOFUT,M30,01/08/2025,5995.816,5999.571,5990.452,5998.498,8358370640.13,139418.0
WDOFUT,M30,01/08/2025,6002.789,6010.835,5995.816,5995.816,10452458853.46,174122.0
WDOFUT,M30,01/08/2025,5995.28,6004.398,5982.943,6002.789,17241252244.97,287705.0
WDOFUT,M30,01/08/2025,5979.724,6006.544,5973.288,5995.28,18434332925.92,307624.0
WDOFUT,M30,01/08/2025,5999.034,6000.107,5975.433,5979.724,27930934399.77,466583.0
WDOFUT,M30,01/08/2025,6074.13,6074.666,5992.598,5999.034,42733321238.37,709049.0
WDOFUT,M30,01/08/2025,6074.13,6082.176,6069.302,6074.13,13419899023.31,220883.0
WDOFUT,M30,31/07/2025,6055.892,6063.402,6055.892,6060.72,1624752054.25,26811.0
WDOFUT,M30,31/07/2025,6053.21,6056.429,6048.383,6056.429,2049713112.69,33865.0
WDOFUT,M30,31/07/2025,6053.747,6056.429,6048.383,6053.747,3003658090.85,49626.0
WDOFUT,M30,31/07/2025,6054.82,6056.965,6047.846,6053.747,4075640101.86,67344.0
WDOFUT,M30,31/07/2025,6051.601,6058.038,6047.846,6055.356,4561674474.77,75353.0
WDOFUT,M30,31/07/2025,6062.865,6065.547,6049.992,6051.065,7645499175.19,126256.0
WDOFUT,M30,31/07/2025,6056.429,6071.984,6054.283,6062.865,10672580749.42,175993.0
WDOFUT,M30,31/07/2025,6054.283,6059.111,6050.528,6056.429,4584848212.94,75720.0
WDOFUT,M30,31/07/2025,6043.555,6056.965,6041.41,6054.283,5613332921.94,92796.0
WDOFUT,M30,31/07/2025,6037.655,6047.31,6035.509,6043.019,4191646152.57,69374.0
WDOFUT,M30,31/07/2025,6038.191,6041.946,6032.827,6037.655,5259610966.77,87118.0
WDOFUT,M30,31/07/2025,6040.337,6041.946,6033.9,6038.191,5623589656.39,93151.0
WDOFUT,M30,31/07/2025,6051.601,6053.21,6037.655,6040.337,11769381684.46,194709.0
WDOFUT,M30,31/07/2025,6049.456,6055.892,6038.191,6051.601,15660776294.42,258965.0
WDOFUT,M30,31/07/2025,6070.911,6073.057,6043.555,6049.456,17478124095.37,288508.0
WDOFUT,M30,31/07/2025,6075.739,6077.884,6062.865,6070.911,14796511201.62,243732.0
WDOFUT,M30,31/07/2025,6053.21,6080.566,6051.601,6075.739,20669639768.44,340562.0
WDOFUT,M30,31/07/2025,6045.164,6056.965,6040.873,6052.674,16337069311.63,270051.0
WDOFUT,M30,31/07/2025,6018.345,6048.919,6014.054,6045.701,18075365114.38,299613.0
WDOFUT,M30,30/07/2025,6023.094,6037.147,6022.013,6033.364,1414763565.73,23467.0
WDOFUT,M30,30/07/2025,6029.58,6030.121,6022.013,6022.553,2111027481.35,35037.0
WDOFUT,M30,30/07/2025,6042.012,6045.796,6027.418,6029.58,3985638053.24,66053.0
WDOFUT,M30,30/07/2025,6030.121,6042.553,6023.634,6042.553,5890892810.36,97597.0
WDOFUT,M30,30/07/2025,6025.256,6035.526,6018.229,6030.121,8340060843.49,138391.0
WDOFUT,M30,30/07/2025,6050.12,6058.228,5984.716,6025.256,30629736292.49,508548.0
WDOFUT,M30,30/07/2025,6053.904,6087.416,6039.31,6050.12,24109948456.28,397620.0
WDOFUT,M30,30/07/2025,6051.201,6062.552,6050.12,6054.444,6821471849.77,112622.0
WDOFUT,M30,30/07/2025,6051.742,6056.066,6039.85,6051.201,10843134527.63,179269.0
WDOFUT,M30,30/07/2025,6077.146,6079.849,6050.12,6052.282,14232354175.84,234783.0
WDOFUT,M30,30/07/2025,6076.065,6088.498,6072.822,6077.146,14699129447.85,241736.0
WDOFUT,M30,30/07/2025,6065.255,6083.092,6065.255,6076.065,11431397059.46,188212.0
WDOFUT,M30,30/07/2025,6060.39,6068.498,6058.228,6065.255,7523214353.7,124089.0
WDOFUT,M30,30/07/2025,6063.633,6067.957,6058.228,6059.85,9000136327.74,148454.0
WDOFUT,M30,30/07/2025,6050.12,6071.201,6046.336,6064.174,16917281021.25,279251.0
WDOFUT,M30,30/07/2025,6052.823,6059.85,6045.255,6050.12,14306870531.41,236362.0
WDOFUT,M30,30/07/2025,6037.688,6056.066,6033.904,6052.823,16729098525.21,276622.0
WDOFUT,M30,30/07/2025,6038.228,6051.201,6033.904,6038.228,16765600792.03,277486.0
WDOFUT,M30,30/07/2025,6032.823,6046.336,6032.823,6038.228,14495009639.34,239984.0
WDOFUT,M30,29/07/2025,6029.58,6037.688,6029.04,6032.283,1946783801.85,32260.0
WDOFUT,M30,29/07/2025,6030.121,6032.283,6028.499,6029.58,2205429283.82,36572.0
WDOFUT,M30,29/07/2025,6023.094,6030.661,6023.094,6029.58,2922198463.38,48484.0
WDOFUT,M30,29/07/2025,6023.094,6027.958,6021.472,6023.094,3364234841.41,55839.0
WDOFUT,M30,29/07/2025,6023.634,6025.796,6020.391,6023.094,3258925358.36,54106.0
WDOFUT,M30,29/07/2025,6027.418,6030.661,6019.851,6023.634,5970298963.47,99097.0
WDOFUT,M30,29/07/2025,6024.715,6035.526,6023.094,6027.958,7202953990.48,119483.0
WDOFUT,M30,29/07/2025,6025.256,6025.796,6020.932,6024.715,3416802547.26,56721.0
WDOFUT,M30,29/07/2025,6024.175,6025.256,6018.77,6024.715,5087766255.66,84484.0
WDOFUT,M30,29/07/2025,6017.688,6025.256,6016.607,6024.175,3811085348.58,63295.0
WDOFUT,M30,29/07/2025,6024.175,6024.715,6012.824,6017.688,10105079595.4,167919.0
WDOFUT,M30,29/07/2025,6035.526,6040.931,6023.634,6024.715,5524651291.3,91566.0
WDOFUT,M30,29/07/2025,6049.58,6051.742,6029.58,6036.066,15544939769.97,257418.0
WDOFUT,M30,29/07/2025,6031.202,6054.985,6027.958,6049.58,15591259030.93,258030.0
WDOFUT,M30,29/07/2025,6045.255,6045.255,6024.715,6031.742,22548208663.48,373748.0
WDOFUT,M30,29/07/2025,6058.769,6060.39,6042.012,6044.715,12614012225.99,208463.0
WDOFUT,M30,29/07/2025,6052.823,6059.309,6037.688,6058.769,19067512848.29,315329.0
WDOFUT,M30,29/07/2025,6051.201,6055.525,6042.553,6052.282,15754524021.21,260433.0
WDOFUT,M30,29/07/2025,6058.228,6062.012,6044.715,6051.201,15883572974.39,262425.0
WDOFUT,M30,28/07/2025,6047.958,6051.201,6046.336,6047.958,1379925560.3,22814.0
WDOFUT,M30,28/07/2025,6048.498,6049.58,6045.255,6047.417,1806496808.73,29871.0
WDOFUT,M30,28/07/2025,6050.661,6052.282,6043.634,6048.498,4525539315.34,74825.0
WDOFUT,M30,28/07/2025,6054.985,6056.606,6050.661,6051.201,2996458355.05,49503.0
WDOFUT,M30,28/07/2025,6058.228,6059.85,6053.904,6055.525,3602470186.8,59486.0
WDOFUT,M30,28/07/2025,6053.904,6060.931,6050.661,6058.228,5125335193.3,84640.0
WDOFUT,M30,28/07/2025,6059.309,6063.093,6053.363,6054.444,4295487496.53,70903.0
WDOFUT,M30,28/07/2025,6057.147,6063.633,6053.904,6059.309,5687971809.92,93868.0
WDOFUT,M30,28/07/2025,6049.58,6059.309,6049.58,6057.147,5082853734.36,83952.0
WDOFUT,M30,28/07/2025,6049.039,6053.363,6046.877,6050.12,3245914751.62,53649.0
WDOFUT,M30,28/07/2025,6053.363,6053.904,6045.796,6049.58,4557015912.33,75329.0
WDOFUT,M30,28/07/2025,6049.039,6056.606,6045.796,6053.363,6053694401.33,100029.0
WDOFUT,M30,28/07/2025,6041.472,6051.742,6039.31,6048.498,9548535708.61,157947.0
WDOFUT,M30,28/07/2025,6040.931,6047.958,6039.31,6041.472,8660585400.15,143302.0
WDOFUT,M30,28/07/2025,6053.904,6058.228,6039.31,6040.391,11784777692.38,194792.0
WDOFUT,M30,28/07/2025,6044.715,6066.336,6042.012,6054.444,20551793693.69,339363.0
WDOFUT,M30,28/07/2025,6031.742,6045.796,6025.256,6044.174,16895609197.08,279969.0
WDOFUT,M30,28/07/2025,6042.553,6045.255,6027.958,6031.742,11631124231.07,192689.0
WDOFUT,M30,28/07/2025,6045.796,6052.823,6030.661,6042.012,19083779590.42,315803.0
WDOFUT,M30,25/07/2025,6022.553,6026.337,6018.77,6019.31,1594029575.01,26463.0
WDOFUT,M30,25/07/2025,6024.175,6024.715,6020.391,6022.013,1623514994.4,26957.0
WDOFUT,M30,25/07/2025,6020.391,6025.796,6016.607,6024.175,3813407847.68,63330.0
WDOFUT,M30,25/07/2025,6026.877,6027.418,6019.31,6020.932,3954971906.4,65659.0
WDOFUT,M30,25/07/2025,6027.418,6027.958,6023.634,6027.418,2611008815.52,43329.0
WDOFUT,M30,25/07/2025,6020.391,6029.04,6019.31,6027.418,4703602327.46,78072.0
WDOFUT,M30,25/07/2025,6024.175,6025.796,6019.31,6020.391,2787684851.25,46291.0
WDOFUT,M30,25/07/2025,6020.932,6025.796,6018.77,6023.634,3343982052.28,55526.0
WDOFUT,M30,25/07/2025,6018.229,6025.796,6016.607,6020.932,3798884808.21,63086.0
WDOFUT,M30,25/07/2025,6016.067,6020.932,6013.364,6018.229,3645920643.3,60591.0
WDOFUT,M30,25/07/2025,6026.877,6027.958,6007.418,6016.067,7823003500.79,129966.0
WDOFUT,M30,25/07/2025,6007.959,6033.364,6006.878,6026.877,21241003292.54,352736.0
WDOFUT,M30,25/07/2025,5995.527,6008.499,5993.905,6007.959,7491845781.06,124839.0
WDOFUT,M30,25/07/2025,5992.284,6003.094,5992.284,5994.986,7208199049.47,120192.0
WDOFUT,M30,25/07/2025,5995.527,5997.689,5984.716,5992.284,10239232897.55,170910.0
WDOFUT,M30,25/07/2025,5990.122,6002.013,5986.878,5995.527,8952256002.83,149315.0
WDOFUT,M30,25/07/2025,5983.095,6004.175,5982.554,5989.581,19366875108.67,323135.0
WDOFUT,M30,25/07/2025,5986.878,5994.446,5980.392,5983.095,12769816217.7,213254.0
WDOFUT,M30,25/07/2025,5989.041,5993.905,5976.608,5986.878,15554457236.41,259831.0
WDOFUT,M30,24/07/2025,5979.311,5980.933,5973.906,5980.933,1128990373.41,18885.0
WDOFUT,M30,24/07/2025,5974.446,5982.014,5973.365,5979.311,2634276491.97,44064.0
WDOFUT,M30,24/07/2025,5978.77,5979.311,5973.365,5974.987,1959644606.92,32794.0
WDOFUT,M30,24/07/2025,5975.527,5978.77,5969.041,5978.23,5127370429.26,85822.0
WDOFUT,M30,24/07/2025,5979.852,5980.933,5971.744,5975.527,5559884486.92,93040.0
WDOFUT,M30,24/07/2025,5982.014,5984.176,5978.77,5979.311,3004866967.93,50235.0
WDOFUT,M30,24/07/2025,5988.5,5990.122,5978.23,5982.014,4112336670.18,68726.0
WDOFUT,M30,24/07/2025,5983.635,5990.122,5980.392,5989.041,4585746728.84,76627.0
WDOFUT,M30,24/07/2025,5987.959,5989.041,5977.689,5983.095,5474474623.39,91511.0
WDOFUT,M30,24/07/2025,5981.473,5994.986,5976.608,5987.959,6863944384.6,114677.0
WDOFUT,M30,24/07/2025,5978.77,5982.014,5974.987,5981.473,6261712480.63,104746.0
WDOFUT,M30,24/07/2025,5986.338,5987.959,5978.77,5978.77,5655019568.49,94517.0
WDOFUT,M30,24/07/2025,5986.878,5990.122,5980.392,5986.338,7866817786.09,131446.0
WDOFUT,M30,24/07/2025,5984.176,5989.041,5979.311,5986.338,7990424479.78,133516.0
WDOFUT,M30,24/07/2025,5992.284,5995.527,5983.095,5984.176,8660895322.19,144627.0
WDOFUT,M30,24/07/2025,5981.473,5998.77,5976.608,5992.824,14758828338.83,246376.0
WDOFUT,M30,24/07/2025,5985.257,5989.581,5973.906,5980.933,16785235520.83,280615.0
WDOFUT,M30,24/07/2025,5985.797,5998.77,5983.095,5985.257,18726803365.68,312601.0
WDOFUT,M30,24/07/2025,5983.095,5988.5,5977.149,5985.797,11363834201.54,189921.0
WDOFUT,M30,23/07/2025,5979.852,5980.392,5967.96,5968.5,2503198302.67,41911.0
WDOFUT,M30,23/07/2025,5978.77,5981.473,5975.527,5980.392,2345383966.28,39229.0
WDOFUT,M30,23/07/2025,5981.473,5982.014,5973.906,5978.77,3976378899.31,66513.0
WDOFUT,M30,23/07/2025,5980.392,5982.554,5978.77,5982.014,3131616075.51,52362.0
WDOFUT,M30,23/07/2025,5977.149,5981.473,5975.527,5980.392,3301572202.38,55226.0
WDOFUT,M30,23/07/2025,5982.554,5982.554,5973.365,5977.149,4269323216.31,71424.0
WDOFUT,M30,23/07/2025,5981.473,5984.176,5973.365,5982.554,8195867298.69,137085.0
WDOFUT,M30,23/07/2025,5982.554,5988.5,5978.23,5981.473,7300765708.31,122019.0
WDOFUT,M30,23/07/2025,5993.905,5994.986,5980.392,5983.095,9186162223.26,153468.0
WDOFUT,M30,23/07/2025,5999.311,5999.851,5990.662,5993.905,5821984348.0,97114.0
WDOFUT,M30,23/07/2025,6002.013,6002.554,5993.365,5998.77,9288085741.71,154844.0
WDOFUT,M30,23/07/2025,6014.986,6020.391,5999.851,6002.554,10261960452.27,170712.0
WDOFUT,M30,23/07/2025,6018.77,6023.634,6012.824,6014.445,7569185396.28,125758.0
WDOFUT,M30,23/07/2025,6027.958,6029.58,6016.067,6018.229,8869360336.34,147289.0
WDOFUT,M30,23/07/2025,6023.094,6032.283,6017.148,6028.499,11086411731.65,183974.0
WDOFUT,M30,23/07/2025,6025.796,6031.202,6016.067,6023.094,12903986584.29,214220.0
WDOFUT,M30,23/07/2025,6025.256,6028.499,6017.148,6025.796,12238971806.44,203194.0
WDOFUT,M30,23/07/2025,6034.445,6039.85,6021.472,6024.715,15520035588.21,257263.0
WDOFUT,M30,23/07/2025,6026.877,6041.472,6022.553,6033.904,18038082062.82,298958.0
WDOFUT,M30,22/07/2025,6030.121,6030.661,6023.634,6026.877,1232470123.5,20451.0
WDOFUT,M30,22/07/2025,6027.418,6031.202,6026.877,6030.661,1712875678.77,28412.0
WDOFUT,M30,22/07/2025,6030.661,6032.283,6024.175,6027.418,3276433815.62,54361.0
WDOFUT,M30,22/07/2025,6030.121,6039.31,6027.418,6030.661,5872911467.54,97336.0
WDOFUT,M30,22/07/2025,6030.661,6033.364,6027.958,6030.121,2103859480.91,34887.0
WDOFUT,M30,22/07/2025,6032.283,6036.607,6029.04,6031.202,4052443556.99,67173.0
WDOFUT,M30,22/07/2025,6031.202,6035.526,6027.958,6031.742,4194725376.27,69541.0
WDOFUT,M30,22/07/2025,6033.904,6035.526,6024.175,6030.661,6649649120.58,110289.0
WDOFUT,M30,22/07/2025,6025.796,6036.066,6025.796,6033.904,5788207137.85,95993.0
WDOFUT,M30,22/07/2025,6023.094,6026.337,6017.148,6026.337,3680542632.48,61117.0
WDOFUT,M30,22/07/2025,6018.77,6025.796,6014.986,6022.553,6817265608.24,113242.0
WDOFUT,M30,22/07/2025,6027.958,6030.121,6016.067,6018.77,8983535085.8,149164.0
WDOFUT,M30,22/07/2025,6031.742,6036.607,6026.877,6027.958,8468928476.85,140420.0
WDOFUT,M30,22/07/2025,6047.417,6047.958,6027.958,6031.202,12686538279.63,210148.0
WDOFUT,M30,22/07/2025,6044.174,6057.687,6043.093,6046.877,15337431488.82,253465.0
WDOFUT,M30,22/07/2025,6030.661,6045.796,6025.796,6043.634,13641462066.04,225915.0
WDOFUT,M30,22/07/2025,6042.553,6045.255,6025.796,6030.661,15087375182.83,250040.0
WDOFUT,M30,22/07/2025,6044.174,6053.363,6036.607,6042.012,17121683174.1,283229.0
WDOFUT,M30,22/07/2025,6037.147,6044.715,6024.715,6043.634,16556370688.76,274331.0
WDOFUT,M30,21/07/2025,6034.445,6036.066,6032.283,6033.364,1585426588.57,26274.0
WDOFUT,M30,21/07/2025,6031.742,6034.985,6031.202,6034.985,1513838441.38,25092.0
WDOFUT,M30,21/07/2025,6031.202,6033.364,6029.04,6032.283,1978578050.42,32806.0
WDOFUT,M30,21/07/2025,6034.445,6036.607,6031.202,6031.742,2940500349.58,48731.0
WDOFUT,M30,21/07/2025,6030.121,6036.066,6027.958,6034.985,3486460072.1,57800.0
WDOFUT,M30,21/07/2025,6031.202,6034.445,6028.499,6030.661,3343393229.06,55432.0
WDOFUT,M30,21/07/2025,6031.202,6034.445,6028.499,6031.742,3195513008.22,52980.0
WDOFUT,M30,21/07/2025,6029.58,6037.688,6028.499,6031.742,6507536253.86,107875.0
WDOFUT,M30,21/07/2025,6022.553,6030.121,6021.472,6029.58,3989150425.51,66194.0
WDOFUT,M30,21/07/2025,6023.634,6025.256,6019.31,6023.094,2175018579.29,36117.0
WDOFUT,M30,21/07/2025,6018.229,6027.958,6016.607,6024.175,5318005015.78,88286.0
WDOFUT,M30,21/07/2025,6018.229,6024.175,6016.067,6018.229,5270391700.45,87546.0
WDOFUT,M30,21/07/2025,6025.796,6027.958,6017.148,6018.77,8819631760.02,146443.0
WDOFUT,M30,21/07/2025,6033.364,6036.607,6024.175,6025.796,9214803625.76,152833.0
WDOFUT,M30,21/07/2025,6043.093,6044.715,6029.04,6033.364,11460843733.87,189905.0
WDOFUT,M30,21/07/2025,6034.445,6046.336,6031.202,6043.093,11566743223.89,191543.0
WDOFUT,M30,21/07/2025,6025.796,6036.066,6021.472,6034.985,13449461659.38,223106.0
WDOFUT,M30,21/07/2025,6044.174,6048.498,6024.715,6025.796,14101564487.49,233651.0
WDOFUT,M30,21/07/2025,6064.714,6082.552,6039.31,6044.174,23695043064.19,390997.0
WDOFUT,M30,18/07/2025,6050.12,6052.282,6040.931,6045.796,2101912826.53,34758.0
WDOFUT,M30,18/07/2025,6058.769,6059.309,6048.498,6050.12,2577415135.95,42573.0
WDOFUT,M30,18/07/2025,6058.769,6060.39,6053.904,6059.309,2688797187.17,44391.0
WDOFUT,M30,18/07/2025,6056.066,6060.931,6054.444,6058.769,5563787860.29,91846.0
WDOFUT,M30,18/07/2025,6065.795,6065.795,6054.985,6055.525,6951794619.98,114703.0
WDOFUT,M30,18/07/2025,6049.58,6070.12,6049.039,6065.795,11279507792.2,186078.0
WDOFUT,M30,18/07/2025,6045.796,6049.58,6042.553,6049.039,5769886073.74,95430.0
WDOFUT,M30,18/07/2025,6040.391,6050.661,6036.607,6045.796,7489058742.14,123892.0
WDOFUT,M30,18/07/2025,6042.553,6042.553,6033.904,6040.931,5513306837.78,91306.0
WDOFUT,M30,18/07/2025,6040.391,6045.796,6034.985,6042.553,6741560352.45,111604.0
WDOFUT,M30,18/07/2025,6033.364,6044.715,6029.04,6040.391,9099774789.4,150722.0
WDOFUT,M30,18/07/2025,6022.553,6034.985,6022.013,6032.823,7933939757.66,131610.0
WDOFUT,M30,18/07/2025,6011.743,6024.175,6005.797,6022.013,8980084728.21,149319.0
WDOFUT,M30,18/07/2025,6006.337,6013.905,6002.554,6012.283,9249176129.24,153927.0
WDOFUT,M30,18/07/2025,5993.905,6009.04,5988.5,6006.878,13831492321.61,230559.0
WDOFUT,M30,18/07/2025,6002.554,6009.04,5993.905,5994.446,10716400489.96,178528.0
WDOFUT,M30,18/07/2025,6026.337,6029.58,5995.527,6002.554,23763439620.34,395347.0
WDOFUT,M30,18/07/2025,6018.229,6036.066,6014.986,6025.796,15968059525.71,264972.0
WDOFUT,M30,18/07/2025,6033.364,6037.688,6014.445,6018.77,16658118849.41,276472.0
WDOFUT,M30,17/07/2025,6018.229,6024.175,6013.905,6018.229,3234852091.11,53737.0
WDOFUT,M30,17/07/2025,6011.202,6019.851,6006.878,6018.229,5022655001.74,83531.0
WDOFUT,M30,17/07/2025,6017.148,6018.229,6009.581,6011.202,4150414973.55,69020.0
WDOFUT,M30,17/07/2025,6017.148,6019.31,6015.526,6017.688,2326183307.79,38659.0
WDOFUT,M30,17/07/2025,6017.688,6021.472,6015.526,6017.688,3083157424.41,51225.0
WDOFUT,M30,17/07/2025,6013.364,6020.932,6012.283,6017.688,4179731126.88,69459.0
WDOFUT,M30,17/07/2025,6025.796,6029.04,6011.743,6013.364,8982256025.66,149230.0
WDOFUT,M30,17/07/2025,6033.904,6039.31,6024.715,6025.796,5133096924.94,85098.0
WDOFUT,M30,17/07/2025,6034.445,6038.769,6029.58,6033.904,4077043038.22,67570.0
WDOFUT,M30,17/07/2025,6032.823,6041.472,6029.58,6034.985,5434011476.52,90036.0
WDOFUT,M30,17/07/2025,6036.066,6043.093,6032.283,6032.823,4795319699.27,79420.0
WDOFUT,M30,17/07/2025,6037.688,6039.85,6030.121,6036.066,5170977044.05,85691.0
WDOFUT,M30,17/07/2025,6032.283,6040.931,6027.418,6037.688,7724099058.74,128002.0
WDOFUT,M30,17/07/2025,6047.958,6048.498,6027.418,6032.283,12615897427.84,209023.0
WDOFUT,M30,17/07/2025,6053.363,6062.552,6042.553,6047.417,12827481856.45,211911.0
WDOFUT,M30,17/07/2025,6064.714,6065.255,6048.498,6053.363,13070775292.5,215866.0
WDOFUT,M30,17/07/2025,6059.309,6065.795,6050.12,6064.714,11623548100.23,191852.0
WDOFUT,M30,17/07/2025,6080.93,6085.254,6051.742,6059.309,19811008640.05,326521.0
WDOFUT,M30,17/07/2025,6054.985,6083.633,6051.201,6080.93,22677113312.14,373801.0
WDOFUT,M30,16/07/2025,6040.931,6040.931,6035.526,6039.85,1210912523.52,20055.0
WDOFUT,M30,16/07/2025,6040.391,6043.093,6036.607,6040.931,1946720814.23,32231.0
WDOFUT,M30,16/07/2025,6031.742,6040.931,6030.661,6039.85,3103428959.02,51421.0
WDOFUT,M30,16/07/2025,6033.904,6034.985,6030.121,6031.742,2974996141.89,49316.0
WDOFUT,M30,16/07/2025,6029.58,6036.066,6026.877,6033.904,3870927144.12,64179.0
WDOFUT,M30,16/07/2025,6047.958,6049.58,6028.499,6030.121,11107608805.44,183947.0
WDOFUT,M30,16/07/2025,6020.391,6051.742,6018.229,6047.958,10972970958.57,181837.0
WDOFUT,M30,16/07/2025,6015.526,6023.094,6010.662,6020.391,7246567205.11,120414.0
WDOFUT,M30,16/07/2025,6035.526,6038.769,6012.824,6016.067,9998017047.77,166009.0
WDOFUT,M30,16/07/2025,6034.985,6038.769,6027.418,6035.526,4269786350.76,70764.0
WDOFUT,M30,16/07/2025,6038.228,6043.093,6031.202,6034.985,8161476979.44,135181.0
WDOFUT,M30,16/07/2025,6037.147,6047.417,6028.499,6038.228,16355512847.93,270930.0
WDOFUT,M30,16/07/2025,6044.174,6046.877,6022.553,6036.607,22710456084.42,376405.0
WDOFUT,M30,16/07/2025,6043.093,6056.606,6038.769,6043.634,15536131972.41,256903.0
WDOFUT,M30,16/07/2025,6056.606,6059.85,6041.472,6043.093,12264455476.53,202666.0
WDOFUT,M30,16/07/2025,6051.742,6068.498,6049.58,6056.606,15076613277.01,248778.0
WDOFUT,M30,16/07/2025,6047.417,6058.769,6038.228,6051.742,19366742776.82,320156.0
WDOFUT,M30,16/07/2025,6042.012,6050.661,6028.499,6047.417,17964843848.49,297533.0
WDOFUT,M30,16/07/2025,6037.688,6047.958,6031.742,6042.012,14197543304.86,235081.0
WDOFUT,M30,15/07/2025,6030.661,6032.283,6024.175,6025.796,1760415758.07,29204.0
WDOFUT,M30,15/07/2025,6032.823,6034.445,6029.04,6030.121,1920409797.11,31838.0
WDOFUT,M30,15/07/2025,6031.742,6037.147,6030.121,6032.823,2979741002.48,49385.0
WDOFUT,M30,15/07/2025,6036.066,6039.31,6025.796,6032.283,4846629976.87,80330.0
WDOFUT,M30,15/07/2025,6036.066,6037.688,6027.958,6036.607,4858932082.29,80532.0
WDOFUT,M30,15/07/2025,6034.985,6040.391,6032.283,6036.066,6315056902.33,104623.0
WDOFUT,M30,15/07/2025,6051.742,6054.444,6034.985,6034.985,7504115627.82,124177.0
WDOFUT,M30,15/07/2025,6056.066,6056.606,6046.877,6051.742,5516614409.73,91156.0
WDOFUT,M30,15/07/2025,6073.903,6073.903,6042.012,6055.525,15981860075.01,263841.0
WDOFUT,M30,15/07/2025,6075.525,6079.309,6066.336,6073.903,10170551899.82,167475.0
WDOFUT,M30,15/07/2025,6042.012,6083.092,6038.228,6075.525,17570576041.38,289932.0
WDOFUT,M30,15/07/2025,6034.985,6051.742,6033.904,6042.012,13164277128.12,217902.0
WDOFUT,M30,15/07/2025,6029.04,6034.985,6021.472,6034.985,9811781876.36,162744.0
WDOFUT,M30,15/07/2025,6032.823,6040.931,6024.715,6029.04,9617972990.27,159458.0
WDOFUT,M30,15/07/2025,6027.958,6040.931,6025.796,6032.823,12782272097.68,211837.0
WDOFUT,M30,15/07/2025,6018.77,6040.931,6017.148,6027.958,15189769613.91,251868.0
WDOFUT,M30,15/07/2025,6025.256,6027.958,6006.878,6018.77,22960604188.14,381441.0
WDOFUT,M30,15/07/2025,6056.066,6057.147,6018.77,6024.715,29948395844.24,496012.0
WDOFUT,M30,15/07/2025,6052.823,6078.768,6051.742,6056.606,21479356710.68,354124.0
WDOFUT,M30,14/07/2025,6067.957,6077.146,6066.336,6067.957,2052939663.89,33810.0
WDOFUT,M30,14/07/2025,6061.471,6070.12,6059.309,6068.498,3711147240.3,61189.0
WDOFUT,M30,14/07/2025,6064.714,6065.255,6059.309,6061.471,3561787575.11,58756.0
WDOFUT,M30,14/07/2025,6062.552,6073.363,6062.012,6065.255,9929279164.96,163619.0
WDOFUT,M30,14/07/2025,6061.471,6063.633,6058.228,6062.552,3825104838.39,63107.0
WDOFUT,M30,14/07/2025,6067.417,6068.498,6061.471,6061.471,5566680783.07,91786.0
WDOFUT,M30,14/07/2025,6051.742,6069.039,6050.12,6067.957,8159893786.31,134663.0
WDOFUT,M30,14/07/2025,6049.039,6053.363,6046.877,6051.742,2117180290.77,34994.0
WDOFUT,M30,14/07/2025,6046.877,6053.904,6041.472,6049.58,5066698248.93,83768.0
WDOFUT,M30,14/07/2025,6049.039,6051.201,6043.093,6046.336,3001963337.31,49642.0
WDOFUT,M30,14/07/2025,6052.823,6053.904,6044.715,6049.039,6387681850.8,105589.0
WDOFUT,M30,14/07/2025,6050.661,6054.985,6045.796,6052.823,7669080824.54,126760.0
WDOFUT,M30,14/07/2025,6040.391,6053.363,6039.85,6050.661,9400334944.37,155432.0
WDOFUT,M30,14/07/2025,6038.769,6047.417,6037.147,6040.931,10403068900.68,172187.0
WDOFUT,M30,14/07/2025,6021.472,6040.931,6020.391,6039.31,10997850281.49,182349.0
WDOFUT,M30,14/07/2025,6030.121,6035.526,6019.851,6021.472,10140695457.2,168234.0
WDOFUT,M30,14/07/2025,6033.364,6036.607,6019.851,6030.121,15718206711.96,260758.0
WDOFUT,M30,14/07/2025,6030.661,6051.742,6030.121,6033.904,16278612129.92,269467.0
WDOFUT,M30,14/07/2025,6044.715,6053.363,6025.256,6030.661,16951801164.3,280755.0
WDOFUT,M30,11/07/2025,6037.147,6050.661,6037.147,6043.634,1932333620.03,31968.0
WDOFUT,M30,11/07/2025,6033.364,6042.012,6032.823,6037.688,3429357084.24,56799.0
WDOFUT,M30,11/07/2025,6025.796,6033.904,6023.634,6032.823,3106321719.64,51523.0
WDOFUT,M30,11/07/2025,6024.175,6026.337,6019.31,6025.256,3109080283.59,51623.0
WDOFUT,M30,11/07/2025,6025.256,6026.337,6018.77,6024.175,3347658642.09,55585.0
WDOFUT,M30,11/07/2025,6023.094,6026.877,6021.472,6025.796,3580471786.96,59438.0
WDOFUT,M30,11/07/2025,6031.202,6032.283,6020.391,6023.094,6474215297.25,107447.0
WDOFUT,M30,11/07/2025,6042.553,6043.093,6030.121,6031.742,4844253289.93,80251.0
WDOFUT,M30,11/07/2025,6043.634,6045.796,6038.228,6042.553,3714309540.18,61478.0
WDOFUT,M30,11/07/2025,6049.58,6050.661,6038.769,6043.634,5877263624.37,97234.0
WDOFUT,M30,11/07/2025,6052.823,6056.066,6047.417,6049.039,6104027589.67,100869.0
WDOFUT,M30,11/07/2025,6063.633,6064.714,6050.661,6053.363,7002541008.87,115609.0
WDOFUT,M30,11/07/2025,6052.282,6063.633,6044.715,6063.633,9481952831.76,156629.0
WDOFUT,M30,11/07/2025,6046.336,6060.39,6045.255,6051.742,14203985328.73,234659.0
WDOFUT,M30,11/07/2025,6065.795,6074.444,6036.066,6046.336,23759479178.12,392542.0
WDOFUT,M30,11/07/2025,6050.12,6074.444,6049.58,6065.255,19074479772.63,314633.0
WDOFUT,M30,11/07/2025,6051.742,6053.363,6037.688,6050.661,16404500912.9,271318.0
WDOFUT,M30,11/07/2025,6049.039,6058.228,6039.85,6051.201,13929123276.36,230234.0
WDOFUT,M30,11/07/2025,6031.742,6054.985,6029.04,6048.498,17287143234.21,285907.0
WDOFUT,M30,10/07/2025,6011.202,6017.688,6008.499,6012.283,1649527100.01,27437.0
WDOFUT,M30,10/07/2025,6016.067,6017.688,6010.121,6011.743,2686037196.23,44668.0
WDOFUT,M30,10/07/2025,6021.472,6025.796,6012.283,6016.067,4415036074.74,73340.0
WDOFUT,M30,10/07/2025,6021.472,6027.958,6016.607,6021.472,4447647292.22,73845.0
WDOFUT,M30,10/07/2025,6030.121,6031.742,6018.229,6021.472,7208353451.04,119650.0
WDOFUT,M30,10/07/2025,6034.985,6044.174,6029.04,6030.121,7151472219.84,118441.0
WDOFUT,M30,10/07/2025,6038.228,6039.31,6026.877,6035.526,5896519643.65,97729.0
WDOFUT,M30,10/07/2025,6032.283,6046.336,6026.877,6037.688,8110527557.75,134329.0
WDOFUT,M30,10/07/2025,6025.796,6039.31,6019.31,6032.283,7903640736.85,131111.0
WDOFUT,M30,10/07/2025,6012.824,6038.228,6012.824,6025.796,9527436686.43,158091.0
WDOFUT,M30,10/07/2025,6016.067,6018.77,6005.256,6013.364,8960749851.43,149037.0
WDOFUT,M30,10/07/2025,6033.364,6033.904,6014.445,6015.526,10225397224.8,169734.0
WDOFUT,M30,10/07/2025,6027.958,6044.174,6024.175,6033.364,11256017959.1,186515.0
WDOFUT,M30,10/07/2025,6027.958,6034.445,6015.526,6027.418,12171946762.2,201986.0
WDOFUT,M30,10/07/2025,6029.04,6034.985,6014.986,6027.418,13340713504.94,221395.0
WDOFUT,M30,10/07/2025,6034.445,6039.85,6003.094,6029.04,22528632289.99,374436.0
WDOFUT,M30,10/07/2025,6059.309,6059.85,6014.986,6034.985,34355546298.53,569242.0
WDOFUT,M30,10/07/2025,6060.931,6094.984,6056.066,6059.309,29085254006.42,478748.0
WDOFUT,M30,10/07/2025,6100.93,6116.605,6052.282,6060.39,35765547117.63,587314.0
WDOFUT,M30,09/07/2025,6060.931,6089.579,6056.066,6063.093,6022296607.79,99182.0
WDOFUT,M30,09/07/2025,6071.741,6072.822,6021.472,6060.39,15865666175.68,262440.0
WDOFUT,M30,09/07/2025,5980.392,6094.984,5978.77,6072.282,25941808835.37,430374.0
WDOFUT,M30,09/07/2025,5970.122,5980.933,5968.5,5980.392,4950644978.54,82866.0
WDOFUT,M30,09/07/2025,5963.636,5971.744,5962.014,5970.122,5197509001.62,87096.0
WDOFUT,M30,09/07/2025,5956.609,5966.338,5952.825,5963.095,6930575919.69,116266.0
WDOFUT,M30,09/07/2025,5959.312,5974.446,5955.528,5957.149,13414988347.59,224894.0
WDOFUT,M30,09/07/2025,5926.88,5967.419,5926.339,5959.312,20989767453.66,352649.0
WDOFUT,M30,09/07/2025,5926.88,5928.501,5922.015,5926.339,3558523023.71,60059.0
WDOFUT,M30,09/07/2025,5929.042,5930.664,5924.718,5927.42,2831132237.56,47761.0
WDOFUT,M30,09/07/2025,5930.123,5932.826,5924.177,5928.501,5840502428.84,98502.0
WDOFUT,M30,09/07/2025,5941.474,5942.555,5929.583,5930.123,5362967505.01,90335.0
WDOFUT,M30,09/07/2025,5946.339,5946.879,5938.771,5942.015,6677468905.64,112357.0
WDOFUT,M30,09/07/2025,5940.934,5947.96,5934.988,5946.339,5856051102.31,98556.0
WDOFUT,M30,09/07/2025,5937.69,5948.501,5932.826,5940.934,11940822288.93,201049.0
WDOFUT,M30,09/07/2025,5928.501,5939.853,5925.258,5937.15,8820729759.79,148671.0
WDOFUT,M30,09/07/2025,5942.555,5945.798,5923.637,5929.042,13022467832.25,219504.0
WDOFUT,M30,09/07/2025,5950.123,5950.123,5937.15,5942.015,11472467504.78,193011.0
WDOFUT,M30,09/07/2025,5932.826,5952.825,5930.664,5950.123,16231749595.96,273204.0
WDOFUT,M30,08/07/2025,5922.556,5929.583,5920.394,5927.961,1690022819.05,28524.0
WDOFUT,M30,08/07/2025,5920.934,5925.258,5918.231,5922.556,1731677444.46,29242.0
WDOFUT,M30,08/07/2025,5920.934,5922.015,5916.069,5921.475,3119415886.48,52700.0
WDOFUT,M30,08/07/2025,5920.934,5923.637,5919.313,5920.934,3156218886.38,53303.0
WDOFUT,M30,08/07/2025,5914.988,5921.475,5913.907,5920.394,5950686126.02,100553.0
WDOFUT,M30,08/07/2025,5915.529,5920.934,5910.124,5914.988,6811991706.73,115149.0
WDOFUT,M30,08/07/2025,5923.096,5924.177,5913.367,5915.529,7785498258.86,131561.0
WDOFUT,M30,08/07/2025,5931.745,5932.285,5922.015,5923.637,6395628302.19,107917.0
WDOFUT,M30,08/07/2025,5938.771,5940.393,5929.042,5931.204,7553642814.55,127312.0
WDOFUT,M30,08/07/2025,5933.907,5951.204,5933.366,5938.771,13234923882.46,222624.0
WDOFUT,M30,08/07/2025,5937.69,5943.096,5933.366,5933.366,5169393742.81,87054.0
WDOFUT,M30,08/07/2025,5937.69,5939.312,5932.826,5937.69,3565938455.85,60068.0
WDOFUT,M30,08/07/2025,5936.069,5941.474,5931.204,5937.69,6963638277.32,117312.0
WDOFUT,M30,08/07/2025,5930.123,5942.015,5925.799,5936.069,10281895379.02,173268.0
WDOFUT,M30,08/07/2025,5929.583,5938.231,5926.88,5930.123,9727061017.35,163965.0
WDOFUT,M30,08/07/2025,5940.934,5947.96,5929.583,5930.123,14429326880.69,242980.0
WDOFUT,M30,08/07/2025,5929.042,5942.015,5923.637,5941.474,14773631009.2,249034.0
WDOFUT,M30,08/07/2025,5932.285,5937.69,5924.718,5929.042,14136995094.43,238374.0
WDOFUT,M30,08/07/2025,5951.744,5957.149,5929.042,5931.745,20608733999.1,346897.0
WDOFUT,M30,07/07/2025,5969.041,5973.906,5965.257,5967.96,2274305001.04,38089.0
WDOFUT,M30,07/07/2025,5961.474,5970.663,5959.852,5969.041,4508908793.05,75586.0
WDOFUT,M30,07/07/2025,5958.771,5962.014,5953.906,5961.474,4282136687.42,71871.0
WDOFUT,M30,07/07/2025,5959.312,5960.393,5957.69,5958.23,2048350258.9,34374.0
WDOFUT,M30,07/07/2025,5962.555,5963.095,5957.69,5958.771,2667184512.88,44754.0
WDOFUT,M30,07/07/2025,5960.393,5963.636,5957.69,5962.014,4831980113.52,81059.0
WDOFUT,M30,07/07/2025,5957.149,5962.014,5952.825,5959.852,4465788112.15,74959.0
WDOFUT,M30,07/07/2025,5960.393,5960.933,5952.285,5957.149,5361750140.64,90013.0
WDOFUT,M30,07/07/2025,5963.095,5963.636,5957.69,5960.933,5144164196.15,86306.0
WDOFUT,M30,07/07/2025,5945.258,5964.176,5944.717,5962.555,11460178404.44,192350.0
WDOFUT,M30,07/07/2025,5943.636,5951.744,5938.231,5945.258,10162391637.53,170945.0
WDOFUT,M30,07/07/2025,5944.177,5946.879,5940.934,5943.096,4197742955.42,70632.0
WDOFUT,M30,07/07/2025,5933.907,5949.582,5932.826,5943.636,13294515884.2,223736.0
WDOFUT,M30,07/07/2025,5929.583,5947.96,5927.42,5934.447,15103126775.58,254364.0
WDOFUT,M30,07/07/2025,5924.718,5932.826,5921.475,5929.583,13931913471.96,235054.0
WDOFUT,M30,07/07/2025,5929.583,5930.664,5918.772,5924.718,12604077532.08,212758.0
WDOFUT,M30,07/07/2025,5923.096,5936.069,5920.934,5929.042,17439264274.1,294174.0
WDOFUT,M30,07/07/2025,5925.258,5930.664,5920.934,5923.096,10939125290.66,184608.0
WDOFUT,M30,07/07/2025,5917.691,5934.447,5913.907,5925.258,17461118374.83,294730.0
WDOFUT,M30,04/07/2025,5897.691,5900.935,5894.448,5897.691,1313739662.78,22278.0
WDOFUT,M30,04/07/2025,5899.313,5899.854,5893.908,5898.232,1450383124.74,24595.0
WDOFUT,M30,04/07/2025,5902.016,5902.556,5898.232,5899.313,1308790034.31,22181.0
WDOFUT,M30,04/07/2025,5902.016,5904.718,5899.313,5901.475,1735689004.33,29410.0
WDOFUT,M30,04/07/2025,5899.854,5903.097,5899.313,5902.016,1760732561.02,29839.0
WDOFUT,M30,04/07/2025,5899.854,5900.935,5894.989,5900.394,2837783980.54,48115.0
WDOFUT,M30,04/07/2025,5896.61,5903.097,5894.989,5900.394,3286067635.92,55697.0
WDOFUT,M30,04/07/2025,5894.448,5899.854,5892.286,5896.07,3659099937.76,62056.0
WDOFUT,M30,04/07/2025,5887.421,5895.529,5885.8,5894.448,4109301977.95,69748.0
WDOFUT,M30,04/07/2025,5886.34,5888.502,5885.8,5886.881,1830249840.69,31088.0
WDOFUT,M30,04/07/2025,5883.638,5887.421,5883.638,5885.8,1915590684.31,32547.0
WDOFUT,M30,04/07/2025,5883.097,5885.8,5881.476,5883.638,1455089829.52,24731.0
WDOFUT,M30,04/07/2025,5882.557,5887.962,5880.935,5883.638,3965428819.79,67396.0
WDOFUT,M30,04/07/2025,5885.8,5889.584,5880.935,5882.016,3897957716.35,66228.0
WDOFUT,M30,04/07/2025,5884.178,5887.421,5878.773,5886.34,6356387292.54,108036.0
WDOFUT,M30,04/07/2025,5886.881,5891.205,5878.232,5884.178,7923782647.65,134670.0
WDOFUT,M30,04/07/2025,5892.827,5894.989,5883.097,5887.421,9594231882.33,162908.0
WDOFUT,M30,04/07/2025,5895.529,5902.016,5890.124,5892.827,8475994669.01,143748.0
WDOFUT,M30,04/07/2025,5897.691,5902.556,5891.746,5895.529,9235971570.55,156633.0
WDOFUT,M30,03/07/2025,5885.8,5890.665,5881.476,5889.584,1727738071.98,29358.0
WDOFUT,M30,03/07/2025,5880.935,5886.34,5880.935,5885.259,2142748439.84,36416.0
WDOFUT,M30,03/07/2025,5879.854,5882.557,5878.232,5880.935,3385457709.16,57571.0
WDOFUT,M30,03/07/2025,5889.043,5889.043,5879.314,5879.854,4529140701.62,76969.0
WDOFUT,M30,03/07/2025,5888.502,5891.205,5886.34,5889.043,3594985237.48,61051.0
WDOFUT,M30,03/07/2025,5898.772,5900.394,5888.502,5889.043,4663201487.14,79122.0
WDOFUT,M30,03/07/2025,5899.313,5901.475,5897.151,5899.313,2276303562.24,38586.0
WDOFUT,M30,03/07/2025,5896.07,5901.475,5894.448,5899.854,3780699524.52,64093.0
WDOFUT,M30,03/07/2025,5894.448,5899.313,5894.448,5896.07,3757984661.37,63733.0
WDOFUT,M30,03/07/2025,5909.043,5909.583,5892.827,5894.448,6089804585.99,103197.0
WDOFUT,M30,03/07/2025,5895.529,5911.745,5893.367,5908.502,8161883590.97,138231.0
WDOFUT,M30,03/07/2025,5894.448,5899.313,5892.286,5896.07,5044672482.19,85557.0
WDOFUT,M30,03/07/2025,5887.421,5897.691,5886.34,5893.908,7243717546.12,122911.0
WDOFUT,M30,03/07/2025,5884.719,5893.367,5882.557,5886.881,8561522659.33,145395.0
WDOFUT,M30,03/07/2025,5892.286,5895.529,5881.476,5885.259,11241061319.58,190882.0
WDOFUT,M30,03/07/2025,5898.232,5901.475,5880.935,5891.746,18329426311.44,311288.0
WDOFUT,M30,03/07/2025,5911.205,5916.069,5897.151,5898.772,16097721928.53,272556.0
WDOFUT,M30,03/07/2025,5906.34,5926.88,5905.799,5911.745,22023603773.01,372166.0
WDOFUT,M30,03/07/2025,5907.961,5913.907,5902.016,5906.34,11800143040.68,199722.0
WDOFUT,M30,02/07/2025,5904.718,5907.961,5899.854,5907.421,2342009379.78,39669.0
WDOFUT,M30,02/07/2025,5900.394,5905.259,5898.772,5904.718,2541114042.51,43047.0
WDOFUT,M30,02/07/2025,5897.691,5904.718,5897.691,5899.854,4522295298.58,76625.0
WDOFUT,M30,02/07/2025,5903.637,5904.718,5894.448,5898.232,5123150112.41,86848.0
WDOFUT,M30,02/07/2025,5902.556,5906.88,5902.016,5903.637,3957309145.68,67026.0
WDOFUT,M30,02/07/2025,5907.421,5907.961,5898.232,5903.097,5866868325.67,99384.0
WDOFUT,M30,02/07/2025,5911.205,5913.367,5903.637,5907.961,5630916442.51,95310.0
WDOFUT,M30,02/07/2025,5906.34,5913.367,5904.718,5911.205,5935154500.77,100436.0
WDOFUT,M30,02/07/2025,5907.421,5910.124,5900.394,5906.88,7042634689.25,119252.0
WDOFUT,M30,02/07/2025,5908.502,5911.205,5904.718,5907.421,3783859597.42,64044.0
WDOFUT,M30,02/07/2025,5909.583,5913.367,5904.178,5908.502,7572742745.81,128154.0
WDOFUT,M30,02/07/2025,5914.988,5916.069,5907.421,5909.583,9379324336.22,158673.0
WDOFUT,M30,02/07/2025,5928.501,5929.583,5912.826,5915.529,13053900684.37,220466.0
WDOFUT,M30,02/07/2025,5945.258,5947.96,5923.637,5927.961,13247115401.43,223182.0
WDOFUT,M30,02/07/2025,5944.177,5954.447,5943.636,5945.258,12709552616.42,213644.0
WDOFUT,M30,02/07/2025,5949.042,5956.609,5938.231,5944.177,15438417560.28,259589.0
WDOFUT,M30,02/07/2025,5942.555,5951.204,5939.312,5948.501,15553910385.12,261627.0
WDOFUT,M30,02/07/2025,5952.285,5961.474,5932.826,5942.015,19133130403.15,321713.0
WDOFUT,M30,02/07/2025,5947.96,5965.798,5944.717,5952.285,18430365254.33,309559.0
WDOFUT,M30,01/07/2025,5944.177,5947.42,5938.231,5940.934,1456370651.78,24504.0
WDOFUT,M30,01/07/2025,5944.717,5947.42,5940.934,5944.177,2316433074.15,38972.0
WDOFUT,M30,01/07/2025,5946.339,5948.501,5943.096,5945.258,2392714115.65,40238.0
WDOFUT,M30,01/07/2025,5949.582,5950.123,5937.15,5946.339,6648325596.68,111860.0
WDOFUT,M30,01/07/2025,5952.825,5955.528,5949.042,5949.582,4163655450.27,69955.0
WDOFUT,M30,01/07/2025,5952.825,5956.068,5950.663,5953.366,4590266281.5,77104.0
WDOFUT,M30,01/07/2025,5950.123,5956.068,5948.501,5952.825,5382644816.53,90422.0
WDOFUT,M30,01/07/2025,5943.096,5951.204,5943.096,5950.123,7203380136.66,121115.0
WDOFUT,M30,01/07/2025,5937.69,5945.258,5936.069,5943.096,4703139728.13,79155.0
WDOFUT,M30,01/07/2025,5941.474,5942.555,5936.069,5937.69,4551000829.22,76629.0
WDOFUT,M30,01/07/2025,5945.258,5950.123,5940.393,5942.015,5128427857.06,86257.0
WDOFUT,M30,01/07/2025,5953.906,5955.528,5943.636,5944.717,5468017345.85,91924.0
WDOFUT,M30,01/07/2025,5936.069,5954.447,5933.366,5953.366,11266098125.08,189502.0
WDOFUT,M30,01/07/2025,5942.015,5944.717,5931.745,5936.069,9132914393.75,153834.0
WDOFUT,M30,01/07/2025,5930.123,5943.636,5930.123,5941.474,10472545630.01,176370.0
WDOFUT,M30,01/07/2025,5924.718,5939.853,5922.015,5930.123,16387723729.39,276283.0
WDOFUT,M30,01/07/2025,5922.015,5925.799,5916.61,5924.177,14303083452.45,241525.0
WDOFUT,M30,01/07/2025,5917.691,5923.096,5910.124,5922.015,14786968424.05,249889.0
WDOFUT,M30,01/07/2025,5910.664,5918.231,5899.854,5918.231,19976547546.85,338020.0
WDOFUT,M30,30/06/2025,5917.691,5918.772,5911.745,5917.15,1981280659.0,33493.0
WDOFUT,M30,30/06/2025,5918.772,5922.015,5915.529,5918.231,2869178828.21,48476.0
WDOFUT,M30,30/06/2025,5920.394,5920.934,5916.069,5918.231,2554977152.42,43168.0
WDOFUT,M30,30/06/2025,5915.529,5922.015,5914.448,5920.394,4322313517.07,73035.0
WDOFUT,M30,30/06/2025,5911.745,5917.15,5911.205,5916.069,4706045391.13,79567.0
WDOFUT,M30,30/06/2025,5916.61,5917.15,5909.583,5911.745,5880421745.97,99447.0
WDOFUT,M30,30/06/2025,5921.475,5921.475,5910.124,5916.61,6765138615.78,114365.0
WDOFUT,M30,30/06/2025,5921.475,5926.88,5917.691,5921.475,4830423395.41,81568.0
WDOFUT,M30,30/06/2025,5922.015,5925.799,5917.691,5921.475,4408315549.69,74445.0
WDOFUT,M30,30/06/2025,5926.88,5929.042,5920.934,5922.015,5275148236.43,89032.0
WDOFUT,M30,30/06/2025,5911.205,5928.501,5911.205,5926.339,8498724239.89,143540.0
WDOFUT,M30,30/06/2025,5934.988,5939.312,5907.961,5911.745,16731814938.86,282511.0
WDOFUT,M30,30/06/2025,5943.096,5947.42,5928.501,5934.447,15921847894.51,268092.0
WDOFUT,M30,30/06/2025,5953.906,5958.23,5942.015,5943.096,15125699063.89,254304.0
WDOFUT,M30,30/06/2025,5960.933,5970.122,5947.96,5953.906,13958316578.67,234242.0
WDOFUT,M30,30/06/2025,5962.014,5974.446,5958.771,5960.933,14650404533.09,245523.0
WDOFUT,M30,30/06/2025,5963.095,5969.041,5951.204,5962.014,16424466736.18,275574.0
WDOFUT,M30,30/06/2025,5984.716,5997.148,5960.393,5962.555,18238128799.47,304961.0
WDOFUT,M30,30/06/2025,5973.365,5993.365,5971.203,5984.176,13995689196.87,233890.0
WDOFUT,M30,27/06/2025,5976.112,5976.656,5967.399,5970.122,1532506995.98,25664.0
WDOFUT,M30,27/06/2025,5972.3,5978.834,5969.578,5976.112,2149214348.77,35975.0
WDOFUT,M30,27/06/2025,5973.389,5979.379,5971.211,5972.845,2535351536.17,42428.0
WDOFUT,M30,27/06/2025,5977.745,5981.557,5971.756,5972.845,4025580898.21,67350.0
WDOFUT,M30,27/06/2025,5978.834,5982.102,5973.389,5977.745,4336744645.82,72548.0
WDOFUT,M30,27/06/2025,5983.191,5988.091,5976.112,5979.379,6958091428.74,116320.0
WDOFUT,M30,27/06/2025,5975.023,5984.28,5971.756,5983.735,7035584321.02,117684.0
WDOFUT,M30,27/06/2025,5965.766,5986.458,5963.043,5975.023,12314794440.12,206115.0
WDOFUT,M30,27/06/2025,5957.598,5967.399,5954.875,5966.31,4980342089.44,83530.0
WDOFUT,M30,27/06/2025,5957.598,5961.954,5953.786,5957.054,4238079682.71,71135.0
WDOFUT,M30,27/06/2025,5971.756,5972.845,5953.242,5958.143,9463261885.13,158791.0
WDOFUT,M30,27/06/2025,5968.489,5972.845,5960.865,5971.211,7680251720.07,128694.0
WDOFUT,M30,27/06/2025,5978.29,5979.379,5960.865,5968.489,14924357691.88,250078.0
WDOFUT,M30,27/06/2025,5987.002,5992.992,5976.656,5977.745,11435683750.82,191102.0
WDOFUT,M30,27/06/2025,5982.102,5997.348,5979.923,5986.458,15540610223.09,259550.0
WDOFUT,M30,27/06/2025,5976.112,5984.28,5968.489,5982.646,13184268223.07,220627.0
WDOFUT,M30,27/06/2025,5958.143,5979.379,5954.875,5976.112,18165259996.18,304514.0
WDOFUT,M30,27/06/2025,5981.012,5982.102,5947.797,5957.598,23954085768.04,401972.0
WDOFUT,M30,27/06/2025,5978.29,5983.191,5963.588,5981.012,14559080075.04,243669.0
WDOFUT,M30,26/06/2025,5980.468,5981.557,5893.345,5971.211,6782023696.91,113632.0
WDOFUT,M30,26/06/2025,5989.725,5991.358,5979.379,5981.012,6586829113.01,110065.0
WDOFUT,M30,26/06/2025,5991.903,5995.17,5988.091,5989.725,4352241245.49,72642.0
WDOFUT,M30,26/06/2025,5995.715,5996.804,5990.269,5991.903,4016618777.92,67019.0
WDOFUT,M30,26/06/2025,5987.547,6001.16,5987.547,5996.259,6743997738.43,112488.0
WDOFUT,M30,26/06/2025,5989.18,5990.814,5985.369,5987.547,5227353308.86,87297.0
WDOFUT,M30,26/06/2025,5989.18,5993.536,5987.547,5989.18,4453046021.46,74333.0
WDOFUT,M30,26/06/2025,5992.447,5992.447,5983.735,5989.18,8060842133.71,134602.0
WDOFUT,M30,26/06/2025,5993.536,5996.259,5989.725,5992.447,3649422396.29,60893.0
WDOFUT,M30,26/06/2025,5999.526,6000.615,5988.636,5992.992,7328609842.42,122260.0
WDOFUT,M30,26/06/2025,5998.982,6005.516,5997.893,5999.526,5098595374.82,84949.0
WDOFUT,M30,26/06/2025,6005.516,6007.149,5997.348,5999.526,7374992027.85,122875.0
WDOFUT,M30,26/06/2025,6000.615,6006.605,5995.17,6004.971,10349623762.5,172488.0
WDOFUT,M30,26/06/2025,6011.506,6013.684,5997.348,6000.615,11799392593.4,196556.0
WDOFUT,M30,26/06/2025,6010.417,6015.862,6007.149,6012.05,10341081913.97,172013.0
WDOFUT,M30,26/06/2025,6019.129,6022.941,6004.971,6010.417,15612298625.53,259622.0
WDOFUT,M30,26/06/2025,6034.375,6037.098,6013.684,6018.584,19593665929.06,325251.0
WDOFUT,M30,26/06/2025,6038.732,6045.266,6033.286,6034.375,13679564039.28,226514.0
WDOFUT,M30,26/06/2025,6046.355,6062.691,6034.92,6038.732,24620596816.77,406960.0
WDOFUT,M30,25/06/2025,6064.324,6064.869,6057.245,6057.245,1648094341.97,27192.0
WDOFUT,M30,25/06/2025,6062.691,6065.958,6057.79,6064.324,2990739422.37,49332.0
WDOFUT,M30,25/06/2025,6056.701,6063.78,6052.889,6062.691,4760373312.23,78570.0
WDOFUT,M30,25/06/2025,6057.245,6058.334,6051.256,6057.245,4364526486.88,72085.0
WDOFUT,M30,25/06/2025,6051.256,6059.968,6049.622,6057.245,5355708510.15,88441.0
WDOFUT,M30,25/06/2025,6045.81,6051.8,6041.454,6051.256,5438078432.39,89927.0
WDOFUT,M30,25/06/2025,6043.088,6051.8,6042.543,6045.81,5817365639.82,96202.0
WDOFUT,M30,25/06/2025,6043.632,6044.721,6036.554,6043.632,4832963467.74,80006.0
WDOFUT,M30,25/06/2025,6034.375,6045.266,6033.286,6043.632,6650324944.12,110094.0
WDOFUT,M30,25/06/2025,6038.732,6039.821,6028.93,6034.375,6004494846.92,99510.0
WDOFUT,M30,25/06/2025,6058.879,6059.423,6036.554,6039.276,10041604604.06,166054.0
WDOFUT,M30,25/06/2025,6065.958,6066.502,6053.434,6059.423,8308146365.02,137143.0
WDOFUT,M30,25/06/2025,6043.088,6075.759,6041.999,6065.413,16260092824.28,268341.0
WDOFUT,M30,25/06/2025,6047.988,6048.533,6037.643,6043.088,12159170679.07,201205.0
WDOFUT,M30,25/06/2025,6038.732,6052.889,6036.009,6047.988,13824184490.73,228724.0
WDOFUT,M30,25/06/2025,6039.276,6045.266,6030.019,6038.187,12054774349.77,199644.0
WDOFUT,M30,25/06/2025,6026.208,6042.543,6022.396,6039.276,16509942334.7,273703.0
WDOFUT,M30,25/06/2025,6043.632,6047.988,6025.119,6025.663,17733573363.89,293652.0
WDOFUT,M30,25/06/2025,6008.783,6044.721,6006.06,6043.088,20997995602.24,348251.0
WDOFUT,M30,24/06/2025,6008.783,6016.951,6008.238,6010.961,1714341090.32,28514.0
WDOFUT,M30,24/06/2025,6018.04,6018.584,6007.149,6009.328,3400689621.06,56562.0
WDOFUT,M30,24/06/2025,6016.951,6022.396,6016.406,6018.584,3360851830.73,55832.0
WDOFUT,M30,24/06/2025,6012.05,6019.129,6011.506,6016.951,4375256055.16,72725.0
WDOFUT,M30,24/06/2025,6020.218,6020.762,6008.238,6012.595,6711994671.49,111621.0
WDOFUT,M30,24/06/2025,6007.149,6022.396,6006.06,6020.218,9816934018.12,163231.0
WDOFUT,M30,24/06/2025,6002.793,6009.328,5998.982,6007.149,5948368713.31,99076.0
WDOFUT,M30,24/06/2025,5997.893,6004.427,5991.903,6003.338,6266151112.27,104489.0
WDOFUT,M30,24/06/2025,6003.882,6006.605,5994.625,5998.437,4950899499.17,82508.0
WDOFUT,M30,24/06/2025,6000.071,6007.149,5997.348,6003.338,5309848470.81,88470.0
WDOFUT,M30,24/06/2025,5995.715,6006.06,5994.625,6000.071,7352123487.26,122518.0
WDOFUT,M30,24/06/2025,5996.259,6002.249,5993.536,5995.715,6295329359.66,104962.0
WDOFUT,M30,24/06/2025,5992.447,5997.893,5982.102,5996.259,11718746067.45,195626.0
WDOFUT,M30,24/06/2025,5988.091,5994.625,5970.122,5991.903,16473591952.72,275459.0
WDOFUT,M30,24/06/2025,6001.16,6001.16,5981.557,5987.547,15908089886.02,265622.0
WDOFUT,M30,24/06/2025,5996.259,6003.882,5990.269,6001.16,11193974924.39,186663.0
WDOFUT,M30,24/06/2025,5994.081,6003.882,5989.18,5996.259,12802190179.59,213511.0
WDOFUT,M30,24/06/2025,5986.458,6000.071,5977.745,5993.536,19058396355.75,318231.0
WDOFUT,M30,24/06/2025,5970.122,5991.903,5970.122,5986.458,18675997671.42,312184.0
WDOFUT,M30,23/06/2025,5995.17,5996.259,5990.814,5995.17,1774110675.51,29598.0
WDOFUT,M30,23/06/2025,5994.625,5997.348,5994.081,5995.715,1464654396.96,24430.0
WDOFUT,M30,23/06/2025,6003.338,6003.882,5992.992,5995.17,4966267641.02,82806.0
WDOFUT,M30,23/06/2025,6004.427,6007.694,6002.793,6003.338,3282830312.56,54668.0
WDOFUT,M30,23/06/2025,6001.16,6004.971,6000.071,6004.427,2532943301.97,42198.0
WDOFUT,M30,23/06/2025,6002.249,6006.06,5999.526,6001.16,5415928735.01,90231.0
WDOFUT,M30,23/06/2025,6011.506,6013.684,6000.615,6002.249,4851801495.29,80756.0
WDOFUT,M30,23/06/2025,6010.417,6016.406,6001.16,6010.961,7228753321.56,120307.0
WDOFUT,M30,23/06/2025,6022.396,6023.485,6007.694,6010.417,7681461268.76,127737.0
WDOFUT,M30,23/06/2025,6024.574,6026.752,6012.05,6022.396,8516815548.18,141472.0
WDOFUT,M30,23/06/2025,6017.495,6025.119,6009.328,6024.574,8999045977.69,149573.0
WDOFUT,M30,23/06/2025,5999.526,6018.04,5998.982,6017.495,8002782484.26,133179.0
WDOFUT,M30,23/06/2025,6013.684,6015.317,5995.17,5999.526,13133556277.94,218769.0
WDOFUT,M30,23/06/2025,6014.228,6022.396,6006.605,6013.684,11032169979.72,183432.0
WDOFUT,M30,23/06/2025,6031.108,6035.465,6008.783,6014.773,14859879344.43,246802.0
WDOFUT,M30,23/06/2025,6019.673,6033.831,6016.951,6030.564,12989984033.77,215619.0
WDOFUT,M30,23/06/2025,6022.941,6030.019,6011.506,6019.673,14831860800.34,246447.0
WDOFUT,M30,23/06/2025,6037.643,6041.454,6020.762,6022.396,17078507682.79,283159.0
WDOFUT,M30,23/06/2025,6039.276,6046.899,6023.485,6037.643,20349565387.28,337199.0
WDOFUT,M30,20/06/2025,6014.773,6022.941,6013.139,6019.129,2016849669.26,33518.0
WDOFUT,M30,20/06/2025,6019.673,6021.852,6014.228,6015.862,2595217114.87,43123.0
WDOFUT,M30,20/06/2025,6029.475,6030.019,6017.495,6020.218,4901321457.95,81389.0
WDOFUT,M30,20/06/2025,6026.752,6031.108,6025.663,6029.475,3176779191.09,52689.0
WDOFUT,M30,20/06/2025,6027.297,6030.019,6024.03,6026.208,3498415466.12,58044.0
WDOFUT,M30,20/06/2025,6022.941,6027.841,6021.307,6026.752,4606162810.41,76452.0
WDOFUT,M30,20/06/2025,6015.862,6024.03,6015.862,6023.485,5139615014.09,85363.0
WDOFUT,M30,20/06/2025,6012.05,6019.673,6010.961,6016.406,5300633785.6,88102.0
WDOFUT,M30,20/06/2025,6013.684,6014.228,6005.516,6012.595,3782232700.43,62934.0
WDOFUT,M30,20/06/2025,6006.06,6015.862,6000.071,6014.228,6137414104.15,102159.0
WDOFUT,M30,20/06/2025,6006.06,6007.694,6000.071,6006.06,4845242572.38,80703.0
WDOFUT,M30,20/06/2025,6015.317,6016.951,6003.338,6006.06,6406702656.54,106608.0
WDOFUT,M30,20/06/2025,6004.427,6016.406,6001.704,6015.317,12073883303.46,200930.0
WDOFUT,M30,20/06/2025,5989.18,6007.694,5988.636,6004.971,13553387654.84,225887.0
WDOFUT,M30,20/06/2025,5988.091,5991.903,5979.379,5989.18,10395147582.25,173681.0
WDOFUT,M30,20/06/2025,5982.646,5994.625,5979.923,5987.547,10198784566.4,170309.0
WDOFUT,M30,20/06/2025,5997.348,5998.982,5975.023,5982.646,13063554538.44,218317.0
WDOFUT,M30,20/06/2025,5991.358,6000.071,5985.913,5997.348,12406226124.44,207021.0
WDOFUT,M30,20/06/2025,5971.211,5994.081,5967.944,5991.358,16064100953.56,268532.0
WDOFUT,M30,18/06/2025,5994.625,5996.259,5982.102,5985.369,2022669928.42,33765.0
WDOFUT,M30,18/06/2025,5997.348,5998.437,5992.992,5994.625,2136126740.18,35631.0
WDOFUT,M30,18/06/2025,6003.882,6005.516,5997.348,5997.348,3150605427.79,52486.0
WDOFUT,M30,18/06/2025,6008.238,6008.783,6001.16,6004.427,3335165505.78,55545.0
WDOFUT,M30,18/06/2025,6009.872,6010.961,5997.893,6008.238,6536533105.26,108842.0
WDOFUT,M30,18/06/2025,5997.348,6012.595,5995.17,6009.872,7587327548.79,126348.0
WDOFUT,M30,18/06/2025,6000.615,6008.238,5989.725,5997.893,10221878053.83,170354.0
WDOFUT,M30,18/06/2025,6004.427,6009.328,5998.437,6000.615,4839753082.17,80602.0
WDOFUT,M30,18/06/2025,6012.05,6012.595,6001.704,6004.427,5581049242.84,92935.0
WDOFUT,M30,18/06/2025,6002.793,6013.684,6000.615,6012.595,8224442618.19,136895.0
WDOFUT,M30,18/06/2025,5996.259,6002.793,5993.536,6002.793,4636222886.86,77299.0
WDOFUT,M30,18/06/2025,5995.17,5999.526,5993.536,5995.715,3657271108.42,60989.0
WDOFUT,M30,18/06/2025,5984.28,5999.526,5983.735,5995.17,9069809539.4,151362.0
WDOFUT,M30,18/06/2025,5986.458,5991.903,5982.102,5984.28,7863502329.87,131355.0
WDOFUT,M30,18/06/2025,5986.458,5988.091,5976.656,5986.458,10345573668.5,172925.0
WDOFUT,M30,18/06/2025,5984.824,5990.814,5981.557,5987.002,8232215309.82,137518.0
WDOFUT,M30,18/06/2025,6007.149,6008.238,5976.656,5984.824,20603979519.95,344140.0
WDOFUT,M30,18/06/2025,5998.437,6016.406,5995.17,6007.149,16980482520.29,282686.0
WDOFUT,M30,18/06/2025,5996.259,6001.16,5979.923,5998.982,19997394143.2,333761.0
WDOFUT,M30,17/06/2025,6004.971,6005.516,5997.893,5997.893,1513258154.99,25216.0
WDOFUT,M30,17/06/2025,6001.704,6007.694,6000.615,6004.427,2083148479.22,34693.0
WDOFUT,M30,17/06/2025,6001.16,6004.971,5999.526,6001.704,2514832933.42,41896.0
WDOFUT,M30,17/06/2025,6006.06,6007.149,5997.348,6000.615,6042358271.49,100658.0
WDOFUT,M30,17/06/2025,6007.149,6009.872,6003.882,6005.516,4341663614.75,72275.0
WDOFUT,M30,17/06/2025,6006.06,6012.595,6001.16,6007.149,7334929927.77,122093.0
WDOFUT,M30,17/06/2025,6006.06,6008.238,5995.715,6005.516,7079334588.7,117964.0
WDOFUT,M30,17/06/2025,5992.992,6008.783,5990.269,6006.06,12593799867.13,209886.0
WDOFUT,M30,17/06/2025,5991.903,5995.17,5984.824,5992.992,7418271976.9,123844.0
WDOFUT,M30,17/06/2025,5981.557,5995.17,5975.567,5992.447,10354186881.87,173027.0
WDOFUT,M30,17/06/2025,5978.834,5982.102,5971.211,5981.557,7585137090.09,126930.0
WDOFUT,M30,17/06/2025,5988.636,5989.725,5978.29,5978.834,5618525143.11,93904.0
WDOFUT,M30,17/06/2025,5989.725,5991.903,5982.102,5988.636,8647247474.18,144437.0
WDOFUT,M30,17/06/2025,5983.735,5997.348,5982.646,5989.725,15042172289.81,251137.0
WDOFUT,M30,17/06/2025,5971.211,5987.002,5967.944,5983.191,14146647707.16,236661.0
WDOFUT,M30,17/06/2025,5979.379,5981.557,5969.578,5971.211,14054906152.59,235237.0
WDOFUT,M30,17/06/2025,5995.17,5995.715,5972.3,5979.379,18819552452.81,314512.0
WDOFUT,M30,17/06/2025,6000.615,6006.06,5992.447,5995.17,12993208901.61,216577.0
WDOFUT,M30,17/06/2025,5998.437,6011.506,5988.091,6000.615,20666765378.08,344481.0
WDOFUT,M30,16/06/2025,5997.893,5998.437,5987.547,5988.091,2387470790.39,39842.0
WDOFUT,M30,16/06/2025,5993.536,6000.615,5992.447,5997.348,3875876771.29,64630.0
WDOFUT,M30,16/06/2025,5992.447,5996.804,5990.814,5993.536,4128961408.3,68890.0
WDOFUT,M30,16/06/2025,5998.982,6000.071,5990.269,5991.903,8359557180.35,139445.0
WDOFUT,M30,16/06/2025,6003.882,6004.427,5997.893,5998.982,4270432702.04,71172.0
WDOFUT,M30,16/06/2025,6002.793,6006.605,5998.437,6003.882,5759361329.99,95959.0
WDOFUT,M30,16/06/2025,6008.238,6009.328,5997.348,6002.793,9090383743.13,151437.0
WDOFUT,M30,16/06/2025,6009.328,6013.684,6005.516,6008.238,5146798376.69,85639.0
WDOFUT,M30,16/06/2025,6017.495,6021.307,6008.238,6009.872,5634855338.23,93677.0
WDOFUT,M30,16/06/2025,6016.951,6021.307,6013.139,6018.04,4224044064.04,70213.0
WDOFUT,M30,16/06/2025,6026.208,6026.752,6013.684,6016.406,5314208690.97,88275.0
WDOFUT,M30,16/06/2025,6019.129,6026.208,6013.684,6026.208,7800660462.36,129577.0
WDOFUT,M30,16/06/2025,6010.417,6028.93,6009.872,6019.129,11788864606.58,195807.0
WDOFUT,M30,16/06/2025,6008.783,6013.139,6003.338,6010.961,10501555576.97,174791.0
WDOFUT,M30,16/06/2025,6009.328,6018.04,6007.149,6009.328,10559109840.66,175628.0
WDOFUT,M30,16/06/2025,6028.93,6030.564,6007.694,6008.783,14701188005.73,244278.0
WDOFUT,M30,16/06/2025,6027.297,6046.355,6026.752,6028.93,18306927834.56,303323.0
WDOFUT,M30,16/06/2025,6022.941,6031.653,6016.951,6027.297,13569172403.84,225242.0
WDOFUT,M30,16/06/2025,6036.554,6047.988,6019.129,6023.485,18047853086.14,299109.0
WDOFUT,M30,13/06/2025,6056.701,6065.413,6056.156,6064.869,1642767619.8,27108.0
WDOFUT,M30,13/06/2025,6054.523,6058.334,6051.8,6056.156,2164597121.89,35746.0
WDOFUT,M30,13/06/2025,6052.889,6057.245,6051.256,6054.523,3434749875.32,56733.0
WDOFUT,M30,13/06/2025,6049.078,6055.067,6047.988,6052.889,3578385256.63,59128.0
WDOFUT,M30,13/06/2025,6046.899,6052.889,6042.543,6048.533,6840582535.47,113115.0
WDOFUT,M30,13/06/2025,6055.067,6058.879,6045.266,6046.899,7654977923.81,126466.0
WDOFUT,M30,13/06/2025,6055.067,6065.413,6049.078,6055.067,7324932336.53,120929.0
WDOFUT,M30,13/06/2025,6054.523,6061.601,6051.8,6054.523,5604253698.09,92531.0
WDOFUT,M30,13/06/2025,6057.79,6059.423,6050.711,6053.978,4792198533.35,79147.0
WDOFUT,M30,13/06/2025,6063.235,6063.78,6055.067,6057.245,3597873338.12,59372.0
WDOFUT,M30,13/06/2025,6058.879,6067.047,6057.245,6063.235,5992673084.99,98847.0
WDOFUT,M30,13/06/2025,6055.067,6060.512,6049.078,6058.879,6666512344.2,110083.0
WDOFUT,M30,13/06/2025,6065.958,6073.036,6053.434,6055.067,11423853968.11,188420.0
WDOFUT,M30,13/06/2025,6064.869,6068.68,6058.879,6065.413,9365500352.2,154439.0
WDOFUT,M30,13/06/2025,6082.838,6087.194,6063.78,6065.413,15562874983.08,256175.0
WDOFUT,M30,13/06/2025,6098.629,6099.173,6076.848,6082.838,18694801769.9,307177.0
WDOFUT,M30,13/06/2025,6094.273,6111.697,6093.728,6098.629,19429393571.7,318349.0
WDOFUT,M30,13/06/2025,6083.382,6098.084,6080.66,6093.728,14221510592.96,233559.0
WDOFUT,M30,13/06/2025,6084.471,6087.738,6072.492,6083.927,19997349830.13,328907.0
WDOFUT,M30,12/06/2025,6051.8,6052.889,6046.355,6047.444,1537888600.36,25423.0
WDOFUT,M30,12/06/2025,6050.167,6054.523,6050.167,6052.345,1837138975.93,30356.0
WDOFUT,M30,12/06/2025,6057.79,6058.334,6050.167,6050.711,3405610882.42,56266.0
WDOFUT,M30,12/06/2025,6058.334,6062.146,6057.245,6058.334,3169226442.16,52298.0
WDOFUT,M30,12/06/2025,6058.334,6060.512,6055.067,6058.334,3103987911.51,51238.0
WDOFUT,M30,12/06/2025,6055.612,6058.879,6051.8,6058.334,5873495672.2,96990.0
WDOFUT,M30,12/06/2025,6059.423,6061.601,6053.434,6055.612,5886374794.8,97177.0
WDOFUT,M30,12/06/2025,6066.502,6067.047,6058.879,6059.968,3589533724.48,59216.0
WDOFUT,M30,12/06/2025,6069.225,6071.403,6062.691,6066.502,4444536844.16,73262.0
WDOFUT,M30,12/06/2025,6063.78,6076.304,6063.235,6069.225,5976491707.31,98447.0
WDOFUT,M30,12/06/2025,6061.057,6064.869,6058.334,6063.235,4213941315.01,69512.0
WDOFUT,M30,12/06/2025,6066.502,6073.036,6059.423,6061.057,6068944116.97,100057.0
WDOFUT,M30,12/06/2025,6062.146,6069.769,6052.889,6066.502,11515156715.44,190005.0
WDOFUT,M30,12/06/2025,6049.622,6075.759,6043.088,6062.146,15345345031.22,253285.0
WDOFUT,M30,12/06/2025,6049.078,6052.345,6045.266,6049.622,6785871267.43,112173.0
WDOFUT,M30,12/06/2025,6048.533,6056.156,6044.177,6049.078,10671904972.97,176382.0
WDOFUT,M30,12/06/2025,6044.177,6056.156,6039.821,6047.988,13379981794.84,221225.0
WDOFUT,M30,12/06/2025,6046.899,6057.79,6038.187,6044.177,17111466971.18,282949.0
WDOFUT,M30,12/06/2025,6044.177,6055.067,6040.91,6047.444,18931320630.47,312968.0
WDOFUT,M30,11/06/2025,6052.345,6055.067,6051.256,6055.067,1457132048.61,24071.0
WDOFUT,M30,11/06/2025,6054.523,6055.612,6050.167,6052.345,2125476252.6,35115.0
WDOFUT,M30,11/06/2025,6054.523,6056.701,6052.889,6055.067,3364624290.09,55573.0
WDOFUT,M30,11/06/2025,6059.968,6061.601,6053.978,6053.978,2806151671.85,46320.0
WDOFUT,M30,11/06/2025,6055.612,6062.691,6053.978,6059.968,4910437530.5,81046.0
WDOFUT,M30,11/06/2025,6061.057,6062.691,6053.434,6055.612,4682520573.61,77310.0
WDOFUT,M30,11/06/2025,6046.355,6063.235,6045.266,6061.057,7433473735.09,122745.0
WDOFUT,M30,11/06/2025,6043.088,6049.078,6042.543,6046.355,3467018744.47,57341.0
WDOFUT,M30,11/06/2025,6046.355,6047.988,6041.999,6042.543,3377436496.58,55871.0
WDOFUT,M30,11/06/2025,6045.266,6050.167,6041.454,6046.355,4244594063.84,70204.0
WDOFUT,M30,11/06/2025,6044.177,6050.167,6036.009,6045.81,8824862150.44,146051.0
WDOFUT,M30,11/06/2025,6049.622,6051.8,6040.365,6043.632,7863459666.7,130094.0
WDOFUT,M30,11/06/2025,6059.968,6062.146,6048.533,6050.167,10591932645.0,174929.0
WDOFUT,M30,11/06/2025,6057.245,6063.235,6051.8,6059.968,9480723321.45,156494.0
WDOFUT,M30,11/06/2025,6055.612,6059.968,6046.355,6056.701,17155209032.94,283438.0
WDOFUT,M30,11/06/2025,6074.125,6082.293,6055.067,6055.612,14427520621.46,237682.0
WDOFUT,M30,11/06/2025,6070.858,6082.293,6062.146,6074.125,18917232732.4,311546.0
WDOFUT,M30,11/06/2025,6082.838,6083.382,6057.79,6071.403,20818607820.41,343164.0
WDOFUT,M30,11/06/2025,6088.828,6100.807,6077.937,6082.293,21057588768.26,345858.0
WDOFUT,M30,10/06/2025,6095.362,6097.54,6090.461,6090.461,1260467248.64,20682.0
WDOFUT,M30,10/06/2025,6091.55,6098.629,6091.006,6095.906,2009646856.39,32972.0
WDOFUT,M30,10/06/2025,6089.372,6093.184,6086.105,6092.095,3339805407.98,54837.0
WDOFUT,M30,10/06/2025,6094.273,6095.906,6088.283,6089.917,3323980761.98,54572.0
WDOFUT,M30,10/06/2025,6095.906,6098.629,6091.55,6094.273,5134783141.21,84238.0
WDOFUT,M30,10/06/2025,6087.738,6099.718,6087.194,6095.362,6225191549.94,102161.0
WDOFUT,M30,10/06/2025,6088.283,6091.006,6086.105,6087.194,2335688677.47,38360.0
WDOFUT,M30,10/06/2025,6086.649,6091.006,6082.838,6087.738,4237485142.62,69613.0
WDOFUT,M30,10/06/2025,6079.571,6090.461,6078.482,6086.649,3868235886.28,63579.0
WDOFUT,M30,10/06/2025,6091.006,6096.451,6079.026,6080.115,7011233007.72,115160.0
WDOFUT,M30,10/06/2025,6086.105,6091.55,6082.293,6091.55,5258684502.93,86397.0
WDOFUT,M30,10/06/2025,6079.026,6086.649,6076.848,6086.105,4167916737.93,68528.0
WDOFUT,M30,10/06/2025,6081.749,6085.56,6071.403,6079.026,8378382095.84,137853.0
WDOFUT,M30,10/06/2025,6062.146,6085.016,6062.146,6081.204,14001571007.49,230414.0
WDOFUT,M30,10/06/2025,6073.036,6074.125,6056.701,6062.146,14972250567.59,246904.0
WDOFUT,M30,10/06/2025,6065.958,6081.749,6063.235,6072.492,12662983056.28,208495.0
WDOFUT,M30,10/06/2025,6073.036,6074.67,6064.869,6065.958,9632663875.47,158700.0
WDOFUT,M30,10/06/2025,6074.125,6081.204,6064.324,6072.492,16958195271.6,279273.0
WDOFUT,M30,10/06/2025,6078.482,6093.728,6065.958,6073.581,24837010479.95,408545.0
WDOFUT,M30,09/06/2025,6081.204,6084.471,6080.66,6081.204,1619037974.6,26619.0
WDOFUT,M30,09/06/2025,6082.293,6084.471,6080.115,6081.749,1299298895.89,21363.0
WDOFUT,M30,09/06/2025,6085.56,6085.56,6081.204,6082.838,2469077360.33,40590.0
WDOFUT,M30,09/06/2025,6086.649,6087.194,6079.026,6085.016,3721650413.04,61182.0
WDOFUT,M30,09/06/2025,6081.204,6091.006,6080.66,6086.105,5355310699.85,87996.0
WDOFUT,M30,09/06/2025,6087.194,6087.194,6077.393,6080.66,6344700150.95,104333.0
WDOFUT,M30,09/06/2025,6098.629,6099.718,6084.471,6087.194,6562707070.04,107742.0
WDOFUT,M30,09/06/2025,6095.362,6100.807,6094.273,6098.084,2993281265.55,49086.0
WDOFUT,M30,09/06/2025,6099.718,6102.985,6093.728,6095.362,3664989925.2,60097.0
WDOFUT,M30,09/06/2025,6100.262,6105.163,6094.817,6099.718,4267725215.74,69959.0
WDOFUT,M30,09/06/2025,6100.262,6106.797,6098.084,6099.718,4787425544.91,78456.0
WDOFUT,M30,09/06/2025,6095.906,6104.074,6094.817,6100.807,5891740303.16,96602.0
WDOFUT,M30,09/06/2025,6111.697,6112.242,6092.095,6095.362,9622252007.64,157692.0
WDOFUT,M30,09/06/2025,6112.242,6118.232,6102.985,6111.697,8932274573.0,146189.0
WDOFUT,M30,09/06/2025,6110.608,6117.687,6102.441,6112.242,10081765403.92,164985.0
WDOFUT,M30,09/06/2025,6123.132,6124.221,6096.451,6110.608,17079376067.65,279523.0
WDOFUT,M30,09/06/2025,6094.273,6125.31,6088.283,6122.588,15575300792.42,255120.0
WDOFUT,M30,09/06/2025,6089.917,6105.163,6085.56,6094.273,17037405445.21,279543.0
WDOFUT,M30,09/06/2025,6094.817,6096.451,6074.125,6089.917,16725823102.96,274960.0
WDOFUT,M30,06/06/2025,6085.016,6091.006,6082.293,6089.917,1895453793.1,31146.0
WDOFUT,M30,06/06/2025,6086.649,6089.372,6082.838,6085.016,1894502548.56,31130.0
WDOFUT,M30,06/06/2025,6096.451,6096.995,6083.927,6086.105,3966787964.87,65139.0
WDOFUT,M30,06/06/2025,6087.738,6096.451,6085.016,6095.906,4604234652.66,75598.0
WDOFUT,M30,06/06/2025,6091.006,6092.639,6087.738,6088.283,3131187769.13,51413.0
WDOFUT,M30,06/06/2025,6095.362,6096.451,6086.105,6090.461,6575005815.54,107975.0
WDOFUT,M30,06/06/2025,6110.608,6114.42,6086.649,6095.362,10276638339.6,168482.0
WDOFUT,M30,06/06/2025,6102.441,6112.242,6101.896,6110.064,4928144186.16,80678.0
WDOFUT,M30,06/06/2025,6108.975,6112.786,6093.728,6102.441,8505747598.56,139387.0
WDOFUT,M30,06/06/2025,6112.786,6113.331,6099.718,6108.975,8919678513.91,146050.0
WDOFUT,M30,06/06/2025,6127.488,6127.488,6111.153,6112.786,7338915643.12,119933.0
WDOFUT,M30,06/06/2025,6137.834,6140.012,6126.399,6127.488,5618301334.32,91635.0
WDOFUT,M30,06/06/2025,6140.012,6148.18,6132.389,6137.834,13097190573.16,213281.0
WDOFUT,M30,06/06/2025,6111.153,6142.191,6110.064,6140.012,12824931090.04,209228.0
WDOFUT,M30,06/06/2025,6120.954,6127.488,6110.064,6110.608,10710041812.15,175010.0
WDOFUT,M30,06/06/2025,6123.132,6135.656,6114.42,6121.499,15072959388.16,246096.0
WDOFUT,M30,06/06/2025,6107.886,6130.756,6105.708,6122.588,17935983578.67,293078.0
WDOFUT,M30,06/06/2025,6116.054,6124.766,6089.372,6107.886,28363304597.42,464397.0
WDOFUT,M30,06/06/2025,6124.766,6128.033,6105.708,6116.598,15473712113.94,253048.0
WDOFUT,M30,05/06/2025,6119.321,6119.865,6110.608,6112.786,1788954580.31,29254.0
WDOFUT,M30,05/06/2025,6116.054,6120.41,6115.509,6118.776,2585879362.61,42267.0
WDOFUT,M30,05/06/2025,6116.598,6117.143,6112.242,6116.054,3213024137.57,52547.0
WDOFUT,M30,05/06/2025,6121.499,6122.588,6113.875,6116.598,4422138545.97,72290.0
WDOFUT,M30,05/06/2025,6118.776,6125.31,6118.232,6121.499,4150918198.43,67806.0
WDOFUT,M30,05/06/2025,6120.41,6126.399,6117.687,6118.232,6233310611.02,101808.0
WDOFUT,M30,05/06/2025,6116.054,6122.043,6114.965,6120.954,4296557975.8,70220.0
WDOFUT,M30,05/06/2025,6116.054,6121.499,6114.965,6116.598,4701779967.41,76855.0
WDOFUT,M30,05/06/2025,6118.776,6119.321,6107.341,6116.598,7798715849.2,127579.0
WDOFUT,M30,05/06/2025,6123.132,6126.399,6111.153,6118.232,10318094324.88,168658.0
WDOFUT,M30,05/06/2025,6123.132,6129.122,6119.865,6123.132,7083769620.53,115671.0
WDOFUT,M30,05/06/2025,6124.766,6135.112,6122.043,6123.132,6806370915.42,111038.0
WDOFUT,M30,05/06/2025,6128.578,6129.122,6120.41,6124.766,8430508656.06,137640.0
WDOFUT,M30,05/06/2025,6130.211,6133.478,6121.499,6128.578,11206801958.17,182913.0
WDOFUT,M30,05/06/2025,6127.488,6141.101,6125.855,6130.211,15199156600.51,247809.0
WDOFUT,M30,05/06/2025,6123.132,6132.934,6119.321,6126.944,16071965211.74,262320.0
WDOFUT,M30,05/06/2025,6146.002,6146.547,6119.865,6123.132,23006659533.9,375242.0
WDOFUT,M30,05/06/2025,6158.526,6163.427,6137.29,6146.002,22062189076.48,358772.0
WDOFUT,M30,05/06/2025,6169.417,6173.228,6155.804,6158.526,15067212486.81,244443.0
WDOFUT,M30,04/06/2025,6172.684,6174.317,6166.149,6166.149,1478876138.16,23969.0
WDOFUT,M30,04/06/2025,6173.773,6175.406,6168.328,6172.139,2147537476.3,34798.0
WDOFUT,M30,04/06/2025,6180.307,6181.941,6169.417,6173.773,5616931680.29,90958.0
WDOFUT,M30,04/06/2025,6184.663,6185.752,6178.129,6180.307,4075753196.36,65935.0
WDOFUT,M30,04/06/2025,6183.574,6190.108,6183.03,6184.663,4256148743.94,68789.0
WDOFUT,M30,04/06/2025,6181.396,6185.752,6181.396,6183.574,4113589073.64,66517.0
WDOFUT,M30,04/06/2025,6178.129,6182.485,6174.862,6181.396,4351442700.83,70414.0
WDOFUT,M30,04/06/2025,6173.773,6180.851,6169.417,6177.584,6081273105.13,98483.0
WDOFUT,M30,04/06/2025,6174.862,6179.218,6171.05,6173.773,5572413132.38,90241.0
WDOFUT,M30,04/06/2025,6178.673,6184.119,6172.684,6174.862,7286982801.49,117941.0
WDOFUT,M30,04/06/2025,6176.495,6181.396,6172.684,6178.673,4150650005.78,67194.0
WDOFUT,M30,04/06/2025,6174.862,6176.495,6171.595,6175.951,4729426086.75,76603.0
WDOFUT,M30,04/06/2025,6163.427,6181.941,6163.427,6174.862,9653917036.29,156388.0
WDOFUT,M30,04/06/2025,6165.06,6169.961,6161.793,6162.882,7960745375.88,129115.0
WDOFUT,M30,04/06/2025,6173.228,6179.762,6151.447,6165.06,17266020853.02,280145.0
WDOFUT,M30,04/06/2025,6172.684,6177.04,6162.338,6173.773,12037368427.3,195123.0
WDOFUT,M30,04/06/2025,6159.615,6173.228,6156.893,6173.228,15546523344.75,252205.0
WDOFUT,M30,04/06/2025,6150.903,6161.249,6147.091,6159.615,14789006611.82,240297.0
WDOFUT,M30,04/06/2025,6174.862,6175.406,6143.824,6150.903,20201682811.91,328291.0
WDOFUT,M30,03/06/2025,6177.584,6180.851,6173.228,6177.04,1671422681.06,27064.0
WDOFUT,M30,03/06/2025,6173.773,6179.218,6172.684,6177.584,2137730538.0,34611.0
WDOFUT,M30,03/06/2025,6174.862,6179.218,6170.506,6173.773,3349645491.24,54252.0
WDOFUT,M30,03/06/2025,6179.218,6180.851,6174.317,6174.862,2509643860.58,40624.0
WDOFUT,M30,03/06/2025,6178.129,6185.752,6172.684,6179.218,7448684815.47,120554.0
WDOFUT,M30,03/06/2025,6172.684,6185.208,6169.417,6178.129,9908352699.29,160428.0
WDOFUT,M30,03/06/2025,6175.951,6176.495,6162.338,6172.684,8198004909.49,132893.0
WDOFUT,M30,03/06/2025,6180.851,6180.851,6171.05,6175.951,5216932069.83,84482.0
WDOFUT,M30,03/06/2025,6181.396,6182.485,6173.773,6180.851,5517724930.22,89310.0
WDOFUT,M30,03/06/2025,6189.564,6192.831,6180.307,6181.941,4854332497.06,78478.0
WDOFUT,M30,03/06/2025,6185.752,6192.286,6183.574,6189.564,5151947144.13,83251.0
WDOFUT,M30,03/06/2025,6192.286,6198.821,6183.574,6185.208,7361638453.7,118887.0
WDOFUT,M30,03/06/2025,6183.574,6193.375,6180.307,6192.286,8470021639.96,136907.0
WDOFUT,M30,03/06/2025,6192.286,6200.999,6180.851,6183.03,13959099235.67,225519.0
WDOFUT,M30,03/06/2025,6234.214,6241.838,6189.564,6192.286,26432760415.41,425556.0
WDOFUT,M30,03/06/2025,6227.68,6244.016,6222.235,6233.67,18107857424.99,290557.0
WDOFUT,M30,03/06/2025,6254.362,6254.906,6227.136,6228.225,16617737789.27,266355.0
WDOFUT,M30,03/06/2025,6222.78,6256.54,6218.968,6254.362,20921205576.94,335168.0
WDOFUT,M30,03/06/2025,6222.78,6229.858,6212.978,6222.78,11225636860.17,180461.0
WDOFUT,M30,02/06/2025,6217.334,6222.78,6216.79,6222.235,1300705942.14,20915.0
WDOFUT,M30,02/06/2025,6219.512,6220.601,6216.79,6217.879,1571663901.63,25274.0
WDOFUT,M30,02/06/2025,6217.879,6221.691,6215.701,6220.057,4552548222.87,73209.0
WDOFUT,M30,02/06/2025,6227.136,6231.492,6217.334,6218.423,5329532900.92,85606.0
WDOFUT,M30,02/06/2025,6226.591,6228.769,6224.413,6227.136,3353329765.52,53855.0
WDOFUT,M30,02/06/2025,6231.492,6233.67,6224.958,6227.136,4776285054.28,76672.0
WDOFUT,M30,02/06/2025,6244.016,6246.738,6229.314,6230.947,6207979356.96,99510.0
WDOFUT,M30,02/06/2025,6253.817,6253.817,6242.382,6244.016,5031130860.96,80543.0
WDOFUT,M30,02/06/2025,6247.827,6254.362,6244.016,6253.273,3386360331.63,54197.0
WDOFUT,M30,02/06/2025,6245.105,6250.55,6240.749,6247.283,4867891458.87,77938.0
WDOFUT,M30,02/06/2025,6252.728,6256.54,6244.016,6245.105,6756361554.12,108093.0
WDOFUT,M30,02/06/2025,6232.581,6254.362,6230.947,6253.273,7266906752.28,116378.0
WDOFUT,M30,02/06/2025,6234.214,6242.927,6230.403,6232.581,8966057127.28,143768.0
WDOFUT,M30,02/06/2025,6229.314,6234.759,6221.691,6234.214,10051384245.55,161382.0
WDOFUT,M30,02/06/2025,6229.314,6242.927,6225.502,6229.858,12537723459.12,201117.0
WDOFUT,M30,02/06/2025,6217.334,6234.759,6215.701,6229.314,12388122518.83,198987.0
WDOFUT,M30,02/06/2025,6221.691,6237.482,6209.167,6217.334,18702773211.49,300549.0
WDOFUT,M30,02/06/2025,6227.68,6239.115,6220.601,6221.146,15682751810.59,251731.0
WDOFUT,M30,02/06/2025,6248.372,6256.54,6222.235,6227.68,21536894616.62,345379.0
WDOFUT,M30,30/05/2025,6272.875,6283.766,6272.875,6282.677,2178759662.82,34700.0
WDOFUT,M30,30/05/2025,6271.242,6274.509,6269.608,6272.875,2351679581.9,37492.0
WDOFUT,M30,30/05/2025,6271.242,6272.875,6262.53,6271.242,3969924751.08,63340.0
WDOFUT,M30,30/05/2025,6267.43,6273.964,6264.163,6270.697,4293310956.87,68477.0
WDOFUT,M30,30/05/2025,6260.351,6270.697,6260.351,6267.43,5170840908.79,82512.0
WDOFUT,M30,30/05/2025,6259.807,6267.43,6258.173,6260.896,5350122378.45,85420.0
WDOFUT,M30,30/05/2025,6264.708,6267.975,6254.362,6259.807,6133191375.39,97968.0
WDOFUT,M30,30/05/2025,6259.262,6265.797,6257.084,6264.708,3992970168.24,63775.0
WDOFUT,M30,30/05/2025,6260.351,6262.53,6255.451,6259.262,5027910768.57,80336.0
WDOFUT,M30,30/05/2025,6271.786,6272.331,6259.807,6260.896,5127887873.48,81868.0
WDOFUT,M30,30/05/2025,6269.608,6273.42,6260.351,6271.786,5929733465.17,94614.0
WDOFUT,M30,30/05/2025,6264.708,6277.776,6263.619,6269.608,7105588559.87,113329.0
WDOFUT,M30,30/05/2025,6282.132,6284.855,6259.262,6264.708,15348722811.28,244736.0
WDOFUT,M30,30/05/2025,6270.697,6291.934,6264.708,6282.677,20375975603.14,324435.0
WDOFUT,M30,30/05/2025,6265.797,6270.697,6255.995,6270.697,15242825805.43,243352.0
WDOFUT,M30,30/05/2025,6239.115,6266.341,6238.571,6265.797,16447001647.62,263078.0
WDOFUT,M30,30/05/2025,6223.869,6240.204,6219.512,6238.571,15879456556.58,254796.0
WDOFUT,M30,30/05/2025,6224.958,6235.304,6205.355,6223.869,16553075671.62,266133.0
WDOFUT,M30,30/05/2025,6215.156,6239.115,6203.177,6224.958,20498307036.21,329324.0
WDOFUT,M30,29/05/2025,6211.348,6213.539,6206.417,6210.8,1561823293.78,25151.0
WDOFUT,M30,29/05/2025,6212.991,6214.635,6209.157,6211.896,1449448861.24,23334.0
WDOFUT,M30,29/05/2025,6210.252,6220.661,6210.252,6212.991,4565003883.44,73451.0
WDOFUT,M30,29/05/2025,6206.417,6213.539,6202.583,6210.252,4749550590.63,76494.0
WDOFUT,M30,29/05/2025,6199.843,6206.965,6198.2,6205.87,4238046132.21,68319.0
WDOFUT,M30,29/05/2025,6199.843,6202.035,6196.556,6199.296,4061275289.76,65511.0
WDOFUT,M30,29/05/2025,6205.322,6205.322,6197.104,6199.843,4767533752.22,76880.0
WDOFUT,M30,29/05/2025,6201.487,6205.322,6193.817,6204.774,5352584016.04,86329.0
WDOFUT,M30,29/05/2025,6196.009,6203.13,6193.269,6201.487,8319030284.25,134209.0
WDOFUT,M30,29/05/2025,6192.722,6197.104,6191.626,6195.461,2764826604.59,44633.0
WDOFUT,M30,29/05/2025,6194.913,6197.652,6190.53,6193.269,5826980436.73,94074.0
WDOFUT,M30,29/05/2025,6193.269,6195.461,6186.695,6194.913,5497640887.22,88805.0
WDOFUT,M30,29/05/2025,6188.339,6197.652,6185.052,6193.269,9096882683.41,146966.0
WDOFUT,M30,29/05/2025,6206.417,6206.965,6185.6,6187.791,16172053773.51,261076.0
WDOFUT,M30,29/05/2025,6210.8,6211.348,6202.583,6206.417,10707854026.45,172527.0
WDOFUT,M30,29/05/2025,6218.47,6223.4,6204.226,6210.8,14605055048.55,235087.0
WDOFUT,M30,29/05/2025,6208.609,6219.018,6202.583,6217.922,15546566511.58,250389.0
WDOFUT,M30,29/05/2025,6226.687,6236.548,6208.061,6208.609,17483872564.6,281009.0
WDOFUT,M30,29/05/2025,6245.862,6251.888,6217.922,6226.139,17878009916.91,286834.0
WDOFUT,M30,28/05/2025,6236.0,6238.74,6232.713,6238.74,1210303666.14,19410.0
WDOFUT,M30,28/05/2025,6238.192,6239.835,6233.261,6236.0,2458877151.76,39428.0
WDOFUT,M30,28/05/2025,6243.122,6246.409,6237.644,6238.192,3194567843.71,51181.0
WDOFUT,M30,28/05/2025,6239.835,6245.862,6238.192,6243.122,3459790258.4,55428.0
WDOFUT,M30,28/05/2025,6236.0,6240.931,6229.974,6239.287,5411279818.68,86788.0
WDOFUT,M30,28/05/2025,6233.809,6243.122,6228.331,6236.548,8519011555.57,136624.0
WDOFUT,M30,28/05/2025,6243.122,6249.149,6233.261,6233.809,7065123235.02,113211.0
WDOFUT,M30,28/05/2025,6240.383,6243.67,6236.0,6243.122,5904269075.05,94624.0
WDOFUT,M30,28/05/2025,6255.723,6258.462,6237.096,6239.835,10084844855.69,161449.0
WDOFUT,M30,28/05/2025,6261.749,6263.94,6251.888,6255.723,6507962032.98,104005.0
WDOFUT,M30,28/05/2025,6259.557,6268.323,6256.27,6262.297,10816616728.35,172711.0
WDOFUT,M30,28/05/2025,6245.314,6260.653,6244.218,6259.557,7922963436.81,126717.0
WDOFUT,M30,28/05/2025,6245.314,6251.34,6240.931,6244.766,11871921077.08,190092.0
WDOFUT,M30,28/05/2025,6234.357,6248.053,6232.713,6244.766,10029549593.48,160692.0
WDOFUT,M30,28/05/2025,6227.783,6239.835,6226.687,6234.357,13023161732.58,208914.0
WDOFUT,M30,28/05/2025,6232.713,6233.809,6216.826,6227.783,15126059341.26,242975.0
WDOFUT,M30,28/05/2025,6211.896,6234.357,6209.157,6232.713,23275180448.94,373908.0
WDOFUT,M30,28/05/2025,6193.817,6212.444,6187.791,6211.348,12534645545.17,202133.0
WDOFUT,M30,28/05/2025,6193.817,6209.704,6187.243,6193.817,16315450771.79,263267.0
WDOFUT,M30,27/05/2025,6186.695,6187.791,6181.217,6182.861,1241157772.77,20069.0
WDOFUT,M30,27/05/2025,6184.504,6188.339,6179.574,6187.243,2690241710.47,43506.0
WDOFUT,M30,27/05/2025,6190.53,6193.817,6183.956,6184.504,3004311621.45,48546.0
WDOFUT,M30,27/05/2025,6193.269,6196.556,6190.53,6190.53,3323593580.86,53661.0
WDOFUT,M30,27/05/2025,6189.435,6193.817,6187.791,6193.269,3262315664.24,52692.0
WDOFUT,M30,27/05/2025,6194.365,6196.009,6185.6,6189.982,7806778787.71,126131.0
WDOFUT,M30,27/05/2025,6200.391,6201.487,6193.269,6193.817,4575369509.94,73833.0
WDOFUT,M30,27/05/2025,6200.939,6202.035,6194.913,6199.843,3347999012.16,54015.0
WDOFUT,M30,27/05/2025,6209.157,6210.252,6198.2,6200.939,5022928612.53,80965.0
WDOFUT,M30,27/05/2025,6197.104,6210.252,6197.104,6208.609,6783627483.19,109318.0
WDOFUT,M30,27/05/2025,6198.2,6200.391,6193.817,6197.652,4028612112.99,65001.0
WDOFUT,M30,27/05/2025,6205.322,6205.87,6192.722,6197.652,6854476792.23,110587.0
WDOFUT,M30,27/05/2025,6200.391,6208.609,6197.652,6205.322,7272826924.35,117256.0
WDOFUT,M30,27/05/2025,6204.226,6216.278,6198.748,6200.391,11408522681.17,183820.0
WDOFUT,M30,27/05/2025,6204.774,6206.417,6194.913,6203.678,13322318809.65,214878.0
WDOFUT,M30,27/05/2025,6213.539,6220.113,6202.583,6205.322,13562053885.58,218331.0
WDOFUT,M30,27/05/2025,6201.487,6217.922,6194.365,6214.087,15121602159.5,243618.0
WDOFUT,M30,27/05/2025,6190.53,6208.061,6188.887,6201.487,14721080672.25,237471.0
WDOFUT,M30,27/05/2025,6206.965,6219.565,6188.887,6190.53,22081707612.79,355845.0
WDOFUT,M30,26/05/2025,6219.018,6220.113,6211.348,6211.348,1107469251.56,17813.0
WDOFUT,M30,26/05/2025,6222.305,6222.852,6215.183,6219.018,1520260955.89,24447.0
WDOFUT,M30,26/05/2025,6225.592,6226.687,6220.113,6222.305,1627067187.27,26147.0
WDOFUT,M30,26/05/2025,6223.948,6228.331,6223.4,6225.592,1396450778.79,22431.0
WDOFUT,M30,26/05/2025,6223.4,6226.687,6220.661,6223.948,2301646783.7,36982.0
WDOFUT,M30,26/05/2025,6224.496,6227.783,6221.209,6223.4,2665061926.02,42820.0
WDOFUT,M30,26/05/2025,6219.018,6229.974,6216.826,6224.496,5016275156.65,80587.0
WDOFUT,M30,26/05/2025,6214.635,6220.113,6213.539,6219.018,2357900559.12,37923.0
WDOFUT,M30,26/05/2025,6215.731,6219.018,6212.444,6214.635,3864610285.48,62180.0
WDOFUT,M30,26/05/2025,6222.305,6223.4,6214.635,6216.278,3149506749.62,50653.0
WDOFUT,M30,26/05/2025,6224.496,6225.044,6217.374,6222.852,4043883143.02,65000.0
WDOFUT,M30,26/05/2025,6219.565,6226.139,6217.922,6224.496,3961169726.64,63660.0
WDOFUT,M30,26/05/2025,6214.635,6220.661,6209.157,6220.113,4572693529.99,73571.0
WDOFUT,M30,26/05/2025,6205.87,6221.209,6204.226,6214.087,8067952518.93,129842.0
WDOFUT,M30,26/05/2025,6204.774,6212.991,6200.391,6205.87,7741853695.56,124734.0
WDOFUT,M30,26/05/2025,6205.322,6210.252,6193.817,6205.322,9747461594.17,157178.0
WDOFUT,M30,26/05/2025,6207.513,6215.731,6197.652,6205.322,11393804169.65,183561.0
WDOFUT,M30,26/05/2025,6202.583,6211.348,6194.913,6208.061,10093927125.01,162717.0
WDOFUT,M30,26/05/2025,6190.53,6208.061,6181.765,6202.583,16086499922.72,259559.0
WDOFUT,M30,23/05/2025,6194.365,6205.87,6193.817,6200.939,2030900679.41,32756.0
WDOFUT,M30,23/05/2025,6194.365,6198.2,6193.269,6194.913,2067254874.92,33366.0
WDOFUT,M30,23/05/2025,6193.817,6196.556,6191.078,6194.365,3357591036.03,54213.0
WDOFUT,M30,23/05/2025,6201.487,6205.322,6193.269,6193.817,4725307263.57,76233.0
WDOFUT,M30,23/05/2025,6202.583,6203.13,6193.269,6200.939,6756298878.04,108992.0
WDOFUT,M30,23/05/2025,6211.896,6214.087,6200.939,6202.035,7300096522.23,117593.0
WDOFUT,M30,23/05/2025,6221.209,6223.4,6211.348,6212.444,6486695140.24,104359.0
WDOFUT,M30,23/05/2025,6217.374,6222.852,6215.183,6221.209,4428576123.82,71218.0
WDOFUT,M30,23/05/2025,6230.522,6232.166,6216.278,6216.826,4595752093.65,73842.0
WDOFUT,M30,23/05/2025,6222.305,6231.618,6220.661,6230.522,4695835710.52,75417.0
WDOFUT,M30,23/05/2025,6240.931,6242.027,6219.565,6222.305,7296499177.73,117157.0
WDOFUT,M30,23/05/2025,6227.783,6242.027,6222.305,6241.479,8013372766.97,128615.0
WDOFUT,M30,23/05/2025,6235.453,6239.287,6223.948,6227.783,8388502578.33,134621.0
WDOFUT,M30,23/05/2025,6243.67,6246.957,6231.618,6235.453,9343113926.45,149754.0
WDOFUT,M30,23/05/2025,6261.749,6265.584,6235.453,6243.67,13280749990.88,212527.0
WDOFUT,M30,23/05/2025,6281.471,6283.662,6259.01,6262.297,18388294912.09,293200.0
WDOFUT,M30,23/05/2025,6249.149,6302.836,6244.766,6281.471,24755215547.63,394100.0
WDOFUT,M30,23/05/2025,6239.287,6264.488,6238.74,6249.696,19351683944.49,309553.0
WDOFUT,M30,23/05/2025,6289.14,6298.454,6234.357,6239.287,36621328937.7,584306.0
WDOFUT,M30,22/05/2025,6273.801,6336.802,6272.158,6316.532,10391454898.35,164685.0
WDOFUT,M30,22/05/2025,6252.983,6275.992,6229.426,6273.253,13360498115.9,213792.0
WDOFUT,M30,22/05/2025,6211.896,6254.627,6207.513,6252.983,15030356614.71,241237.0
WDOFUT,M30,22/05/2025,6200.939,6217.374,6198.2,6212.444,8959195572.73,144314.0
WDOFUT,M30,22/05/2025,6205.87,6208.061,6178.478,6200.939,14675378918.55,236902.0
WDOFUT,M30,22/05/2025,6153.277,6206.965,6148.347,6206.417,22885104878.81,370306.0
WDOFUT,M30,22/05/2025,6149.443,6160.399,6148.347,6153.277,9190918771.31,149335.0
WDOFUT,M30,22/05/2025,6153.277,6156.564,6140.677,6148.895,11000595095.56,178929.0
WDOFUT,M30,22/05/2025,6177.382,6182.861,6143.964,6153.825,20411189636.26,331223.0
WDOFUT,M30,22/05/2025,6171.904,6178.478,6171.356,6177.382,3797234313.11,61490.0
WDOFUT,M30,22/05/2025,6169.713,6174.643,6164.782,6171.904,7621977907.2,123513.0
WDOFUT,M30,22/05/2025,6166.973,6171.904,6163.138,6169.713,8319307861.05,134893.0
WDOFUT,M30,22/05/2025,6187.243,6188.887,6162.591,6166.973,17607108041.36,285084.0
WDOFUT,M30,22/05/2025,6200.391,6202.035,6186.695,6186.695,10895198924.53,175887.0
WDOFUT,M30,22/05/2025,6194.913,6201.487,6185.052,6199.843,12711596258.13,205307.0
WDOFUT,M30,22/05/2025,6191.626,6203.13,6189.435,6194.913,14263800147.26,230225.0
WDOFUT,M30,22/05/2025,6210.8,6210.8,6188.887,6192.174,21111772050.86,340528.0
WDOFUT,M30,22/05/2025,6215.183,6235.453,6206.965,6210.8,19702623420.83,316667.0
WDOFUT,M30,22/05/2025,6202.035,6228.331,6200.391,6215.183,23001033015.35,370023.0
WDOFUT,M30,21/05/2025,6199.843,6200.939,6196.009,6198.748,1386889077.56,22376.0
WDOFUT,M30,21/05/2025,6200.939,6201.487,6197.104,6199.296,1669630501.03,26931.0
WDOFUT,M30,21/05/2025,6193.817,6201.487,6193.269,6200.939,3363127583.3,54253.0
WDOFUT,M30,21/05/2025,6203.678,6204.774,6193.269,6193.817,5887697381.74,94980.0
WDOFUT,M30,21/05/2025,6211.348,6214.087,6200.391,6204.226,6700480324.29,107958.0
WDOFUT,M30,21/05/2025,6209.157,6212.991,6207.513,6210.8,3690168462.94,59421.0
WDOFUT,M30,21/05/2025,6212.444,6215.731,6205.322,6209.157,5354429818.5,86219.0
WDOFUT,M30,21/05/2025,6219.018,6222.852,6205.322,6212.444,9992064886.63,160816.0
WDOFUT,M30,21/05/2025,6208.609,6220.661,6200.391,6218.47,11768202463.04,189501.0
WDOFUT,M30,21/05/2025,6211.896,6212.991,6206.965,6208.609,4423845862.98,71235.0
WDOFUT,M30,21/05/2025,6214.635,6215.183,6210.252,6211.896,3443900093.16,55434.0
WDOFUT,M30,21/05/2025,6211.896,6220.661,6211.348,6215.183,7298508262.27,117414.0
WDOFUT,M30,21/05/2025,6201.487,6214.087,6200.391,6212.444,8095983486.3,130410.0
WDOFUT,M30,21/05/2025,6215.731,6216.278,6198.748,6201.487,12763383494.78,205701.0
WDOFUT,M30,21/05/2025,6211.896,6218.47,6210.252,6216.278,8094846828.25,130265.0
WDOFUT,M30,21/05/2025,6220.113,6225.592,6210.252,6211.348,11662130116.27,187535.0
WDOFUT,M30,21/05/2025,6212.991,6222.305,6210.8,6219.565,12740246316.87,204911.0
WDOFUT,M30,21/05/2025,6210.252,6222.305,6204.774,6212.991,16239232037.87,261315.0
WDOFUT,M30,21/05/2025,6226.687,6235.453,6205.322,6209.704,21221497341.86,341179.0
WDOFUT,M30,20/05/2025,6226.139,6228.879,6219.565,6219.565,1615009573.82,25946.0
WDOFUT,M30,20/05/2025,6226.687,6229.426,6225.044,6226.687,1373336801.67,22054.0
WDOFUT,M30,20/05/2025,6226.139,6229.974,6223.948,6226.687,2506871954.55,40257.0
WDOFUT,M30,20/05/2025,6229.974,6230.522,6223.948,6226.139,4767135690.17,76552.0
WDOFUT,M30,20/05/2025,6240.383,6240.383,6229.426,6230.522,5726455917.14,91853.0
WDOFUT,M30,20/05/2025,6233.809,6243.67,6233.261,6239.835,7764785577.96,124459.0
WDOFUT,M30,20/05/2025,6227.783,6236.0,6226.139,6233.261,5698297742.6,91435.0
WDOFUT,M30,20/05/2025,6229.426,6233.261,6223.948,6227.783,4549571729.79,73040.0
WDOFUT,M30,20/05/2025,6225.592,6232.713,6224.496,6229.974,4431847293.12,71158.0
WDOFUT,M30,20/05/2025,6227.783,6232.166,6224.496,6225.592,3360956942.36,53968.0
WDOFUT,M30,20/05/2025,6228.879,6233.809,6222.305,6228.331,7282011786.64,116923.0
WDOFUT,M30,20/05/2025,6226.687,6229.974,6215.731,6228.879,9493964613.47,152542.0
WDOFUT,M30,20/05/2025,6226.139,6232.166,6220.661,6227.235,10802482482.36,173514.0
WDOFUT,M30,20/05/2025,6226.139,6234.905,6220.113,6226.687,11336570685.3,182048.0
WDOFUT,M30,20/05/2025,6221.757,6230.522,6214.087,6226.687,13689873258.23,220027.0
WDOFUT,M30,20/05/2025,6220.661,6228.331,6216.826,6221.757,15638195036.54,251289.0
WDOFUT,M30,20/05/2025,6208.609,6224.496,6198.748,6221.209,22773326238.25,366684.0
WDOFUT,M30,20/05/2025,6217.922,6221.757,6198.748,6209.157,17968101305.82,289350.0
WDOFUT,M30,20/05/2025,6204.226,6222.852,6198.748,6217.922,22334965995.12,359667.0
WDOFUT,M30,19/05/2025,6211.348,6211.896,6204.774,6204.774,1474274278.92,23744.0
WDOFUT,M30,19/05/2025,6208.061,6212.444,6206.965,6210.8,1752496620.81,28221.0
WDOFUT,M30,19/05/2025,6214.087,6215.183,6206.965,6207.513,3327052164.36,53576.0
WDOFUT,M30,19/05/2025,6209.157,6215.731,6208.609,6214.087,6187133668.16,99579.0
WDOFUT,M30,19/05/2025,6203.678,6209.704,6199.843,6209.704,4750060635.54,76567.0
WDOFUT,M30,19/05/2025,6208.061,6209.704,6202.035,6203.13,3951575862.03,63674.0
WDOFUT,M30,19/05/2025,6205.87,6208.609,6205.322,6208.609,2200092444.76,35446.0
WDOFUT,M30,19/05/2025,6206.965,6210.8,6205.322,6205.87,3967399991.3,63909.0
WDOFUT,M30,19/05/2025,6204.774,6210.8,6199.296,6206.965,5543333492.08,89332.0
WDOFUT,M30,19/05/2025,6196.009,6205.87,6194.913,6205.322,3780717748.4,60959.0
WDOFUT,M30,19/05/2025,6202.035,6203.13,6194.913,6196.009,3987624250.83,64329.0
WDOFUT,M30,19/05/2025,6197.104,6205.322,6194.913,6202.035,5922347116.1,95529.0
WDOFUT,M30,19/05/2025,6212.444,6212.444,6190.53,6197.104,16501234861.88,266084.0
WDOFUT,M30,19/05/2025,6227.783,6228.879,6208.609,6212.444,12557546140.75,202016.0
WDOFUT,M30,19/05/2025,6222.852,6229.426,6218.47,6227.235,13786045380.36,221495.0
WDOFUT,M30,19/05/2025,6232.166,6242.575,6219.565,6222.852,18786558893.76,301596.0
WDOFUT,M30,19/05/2025,6244.218,6250.244,6231.618,6232.166,15550604353.4,249147.0
WDOFUT,M30,19/05/2025,6247.505,6254.627,6239.835,6244.218,15449282959.18,247285.0
WDOFUT,M30,19/05/2025,6219.565,6249.149,6214.635,6246.957,18468339547.08,296240.0
WDOFUT,M30,16/05/2025,6226.687,6232.713,6223.948,6232.166,1491069225.76,23942.0
WDOFUT,M30,16/05/2025,6228.331,6229.974,6223.948,6226.139,2048422476.67,32899.0
WDOFUT,M30,16/05/2025,6231.618,6234.905,6226.687,6228.331,2820271770.76,45271.0
WDOFUT,M30,16/05/2025,6230.522,6233.261,6228.879,6231.618,2581903799.47,41436.0
WDOFUT,M30,16/05/2025,6233.809,6233.809,6223.4,6230.522,4994746048.4,80199.0
WDOFUT,M30,16/05/2025,6232.166,6234.905,6223.4,6233.261,7534540278.07,120930.0
WDOFUT,M30,16/05/2025,6242.027,6242.027,6227.235,6232.166,5402313794.37,86655.0
WDOFUT,M30,16/05/2025,6240.931,6243.122,6235.453,6241.479,4825151471.28,77333.0
WDOFUT,M30,16/05/2025,6239.287,6243.67,6236.0,6240.931,4764024411.86,76331.0
WDOFUT,M30,16/05/2025,6239.835,6240.383,6231.07,6238.74,5095412555.74,81719.0
WDOFUT,M30,16/05/2025,6242.575,6244.218,6231.618,6240.383,7295765906.69,116955.0
WDOFUT,M30,16/05/2025,6245.862,6251.888,6242.027,6242.575,6321418326.48,101197.0
WDOFUT,M30,16/05/2025,6263.392,6265.584,6244.218,6245.862,12322671113.13,196993.0
WDOFUT,M30,16/05/2025,6261.201,6269.966,6257.366,6263.392,8900063693.8,142056.0
WDOFUT,M30,16/05/2025,6255.175,6265.036,6250.244,6261.201,13338141892.55,213145.0
WDOFUT,M30,16/05/2025,6270.514,6272.705,6254.079,6255.175,10694368044.02,170691.0
WDOFUT,M30,16/05/2025,6262.297,6281.471,6261.749,6269.966,19090061624.43,304404.0
WDOFUT,M30,16/05/2025,6266.131,6270.514,6254.627,6262.297,16810551037.31,268419.0
WDOFUT,M30,16/05/2025,6237.644,6275.992,6232.713,6266.131,24740258262.43,395338.0
WDOFUT,M30,15/05/2025,6249.149,6254.627,6246.409,6248.601,1607505100.82,25716.0
WDOFUT,M30,15/05/2025,6244.218,6252.983,6243.122,6249.149,2070623854.6,33139.0
WDOFUT,M30,15/05/2025,6245.862,6248.601,6238.74,6244.766,3740733146.57,59911.0
WDOFUT,M30,15/05/2025,6251.34,6252.983,6245.314,6246.409,4977545523.22,79649.0
WDOFUT,M30,15/05/2025,6248.053,6260.105,6247.505,6251.888,6362251973.22,101746.0
WDOFUT,M30,15/05/2025,6256.818,6266.131,6246.957,6248.053,10943334077.05,174930.0
WDOFUT,M30,15/05/2025,6244.766,6262.844,6222.852,6256.818,17396702223.93,278692.0
WDOFUT,M30,15/05/2025,6225.592,6258.462,6216.278,6244.766,17811524422.18,285491.0
WDOFUT,M30,15/05/2025,6196.556,6234.905,6196.556,6225.592,11799169423.58,189844.0
WDOFUT,M30,15/05/2025,6199.296,6204.774,6195.461,6196.556,4570984072.59,73727.0
WDOFUT,M30,15/05/2025,6199.843,6203.678,6195.461,6198.748,7901758920.51,127459.0
WDOFUT,M30,15/05/2025,6213.539,6214.087,6199.296,6200.391,7199067972.97,115998.0
WDOFUT,M30,15/05/2025,6208.061,6216.278,6203.13,6212.991,11259283011.17,181318.0
WDOFUT,M30,15/05/2025,6187.791,6210.252,6187.243,6208.061,15425953924.13,248745.0
WDOFUT,M30,15/05/2025,6189.982,6193.817,6181.217,6187.791,11984483542.87,193668.0
WDOFUT,M30,15/05/2025,6179.026,6190.53,6176.834,6189.982,13785676961.64,222908.0
WDOFUT,M30,15/05/2025,6181.765,6190.53,6174.643,6178.478,16887644865.67,273121.0
WDOFUT,M30,15/05/2025,6181.217,6188.339,6174.095,6181.217,15595158875.85,252336.0
WDOFUT,M30,15/05/2025,6194.913,6201.487,6177.93,6181.765,17293828715.87,279403.0
WDOFUT,M30,14/05/2025,6201.487,6206.965,6199.296,6204.226,1897780196.87,30591.0
WDOFUT,M30,14/05/2025,6198.2,6202.583,6198.2,6201.487,1930713593.03,31138.0
WDOFUT,M30,14/05/2025,6196.009,6200.391,6194.365,6198.748,3501347079.59,56497.0
WDOFUT,M30,14/05/2025,6189.982,6196.009,6187.791,6195.461,3770100868.54,60889.0
WDOFUT,M30,14/05/2025,6183.956,6192.722,6183.408,6190.53,5259247753.89,84979.0
WDOFUT,M30,14/05/2025,6186.148,6187.243,6177.93,6183.956,5651755227.24,91426.0
WDOFUT,M30,14/05/2025,6178.478,6199.296,6177.93,6185.6,11120404491.85,179661.0
WDOFUT,M30,14/05/2025,6180.669,6183.956,6176.287,6179.026,4954955495.04,80186.0
WDOFUT,M30,14/05/2025,6171.904,6187.243,6171.904,6181.217,6391293103.63,103420.0
WDOFUT,M30,14/05/2025,6176.287,6178.478,6169.165,6171.904,5173980628.74,83814.0
WDOFUT,M30,14/05/2025,6174.643,6178.478,6172.452,6176.287,4214955514.75,68255.0
WDOFUT,M30,14/05/2025,6171.356,6182.313,6163.686,6174.643,8248788923.62,133623.0
WDOFUT,M30,14/05/2025,6175.191,6182.861,6168.617,6171.356,11092174052.46,179565.0
WDOFUT,M30,14/05/2025,6165.33,6179.026,6165.33,6175.191,12027521818.2,194814.0
WDOFUT,M30,14/05/2025,6162.043,6170.808,6154.921,6165.33,12679016856.21,205715.0
WDOFUT,M30,14/05/2025,6161.495,6171.904,6154.373,6161.495,16016231197.76,259945.0
WDOFUT,M30,14/05/2025,6155.469,6174.095,6154.373,6162.043,19147663324.81,310585.0
WDOFUT,M30,14/05/2025,6153.825,6158.756,6140.677,6155.469,22056649064.12,358645.0
WDOFUT,M30,14/05/2025,6165.33,6178.478,6152.182,6153.825,24766616449.92,401541.0
WDOFUT,M30,13/05/2025,6171.904,6177.93,6170.26,6177.93,1963745796.63,31805.0
WDOFUT,M30,13/05/2025,6169.713,6173.0,6166.973,6171.904,2407996362.13,39027.0
WDOFUT,M30,13/05/2025,6170.808,6172.452,6166.426,6169.713,4496743076.12,72881.0
WDOFUT,M30,13/05/2025,6163.138,6170.808,6162.591,6170.808,5056214282.73,81992.0
WDOFUT,M30,13/05/2025,6158.756,6165.878,6157.112,6163.138,6633681134.03,107639.0
WDOFUT,M30,13/05/2025,6162.043,6165.33,6156.564,6158.756,7402782013.48,120160.0
WDOFUT,M30,13/05/2025,6174.643,6176.834,6160.399,6161.495,9810553889.45,159073.0
WDOFUT,M30,13/05/2025,6171.356,6176.287,6168.617,6175.191,5648940738.29,91523.0
WDOFUT,M30,13/05/2025,6173.547,6181.765,6170.808,6170.808,6913340533.55,111934.0
WDOFUT,M30,13/05/2025,6176.834,6179.026,6168.069,6173.0,6417821147.21,103970.0
WDOFUT,M30,13/05/2025,6165.878,6178.478,6162.591,6177.382,8845784544.13,143356.0
WDOFUT,M30,13/05/2025,6174.095,6175.739,6162.591,6165.878,11030339344.21,178859.0
WDOFUT,M30,13/05/2025,6194.365,6194.913,6170.26,6174.095,17202139940.07,278248.0
WDOFUT,M30,13/05/2025,6190.53,6197.104,6187.791,6194.365,10541910689.8,170232.0
WDOFUT,M30,13/05/2025,6200.391,6207.513,6188.887,6190.53,15966952928.22,257600.0
WDOFUT,M30,13/05/2025,6200.391,6204.226,6186.695,6200.391,19937477932.04,321840.0
WDOFUT,M30,13/05/2025,6205.322,6210.252,6197.104,6200.391,18709363464.01,301612.0
WDOFUT,M30,13/05/2025,6222.305,6225.592,6204.226,6204.774,19248264502.88,309822.0
WDOFUT,M30,13/05/2025,6230.522,6244.218,6217.374,6222.852,19576422099.39,314224.0
WDOFUT,M30,12/05/2025,6247.505,6248.053,6240.383,6242.575,1921918504.05,30776.0
WDOFUT,M30,12/05/2025,6251.888,6253.531,6246.957,6247.505,2303501515.85,36853.0
WDOFUT,M30,12/05/2025,6255.175,6258.462,6250.792,6252.436,3449931373.36,55159.0
WDOFUT,M30,12/05/2025,6258.462,6260.653,6250.244,6255.175,7432645125.79,118823.0
WDOFUT,M30,12/05/2025,6266.679,6267.775,6257.366,6258.462,5635355269.1,89997.0
WDOFUT,M30,12/05/2025,6275.992,6279.279,6263.94,6266.679,8031605434.32,128104.0
WDOFUT,M30,12/05/2025,6274.349,6281.471,6273.253,6275.992,5786209500.61,92176.0
WDOFUT,M30,12/05/2025,6269.966,6276.54,6269.418,6274.897,5424394785.65,86476.0
WDOFUT,M30,12/05/2025,6266.679,6269.966,6263.94,6269.966,3924181396.22,62616.0
WDOFUT,M30,12/05/2025,6260.105,6267.227,6254.079,6266.131,6117679348.53,97707.0
WDOFUT,M30,12/05/2025,6257.914,6262.844,6256.818,6260.105,3262690152.97,52115.0
WDOFUT,M30,12/05/2025,6264.488,6265.036,6256.27,6257.366,5092913970.09,81348.0
WDOFUT,M30,12/05/2025,6256.27,6266.131,6252.983,6264.488,9769752258.17,156088.0
WDOFUT,M30,12/05/2025,6269.966,6269.966,6255.175,6256.27,10739482623.19,171496.0
WDOFUT,M30,12/05/2025,6249.696,6269.966,6244.766,6269.966,17841522860.57,285097.0
WDOFUT,M30,12/05/2025,6246.409,6256.818,6231.07,6249.149,15674730888.5,251106.0
WDOFUT,M30,12/05/2025,6248.053,6251.34,6237.096,6245.862,15789713796.82,252878.0
WDOFUT,M30,12/05/2025,6266.131,6268.871,6245.862,6248.053,16943672232.04,270843.0
WDOFUT,M30,12/05/2025,6245.314,6272.705,6233.261,6266.679,23665669398.57,378418.0
WDOFUT,M30,09/05/2025,6228.331,6228.879,6212.991,6222.305,2166352351.29,34815.0
WDOFUT,M30,09/05/2025,6226.687,6228.879,6223.948,6228.331,1622594277.19,26062.0
WDOFUT,M30,09/05/2025,6227.235,6229.426,6223.948,6226.687,2680299368.32,43043.0
WDOFUT,M30,09/05/2025,6227.783,6227.783,6222.305,6227.783,3556364951.26,57134.0
WDOFUT,M30,09/05/2025,6222.305,6229.426,6222.305,6227.235,4665904053.16,74941.0
WDOFUT,M30,09/05/2025,6215.731,6226.139,6212.444,6222.852,6465605258.32,103968.0
WDOFUT,M30,09/05/2025,6224.496,6225.044,6214.635,6215.183,4967462617.69,79872.0
WDOFUT,M30,09/05/2025,6223.948,6229.426,6219.565,6223.948,4414351534.44,70910.0
WDOFUT,M30,09/05/2025,6220.661,6228.331,6219.565,6223.948,4418672820.36,71004.0
WDOFUT,M30,09/05/2025,6217.374,6225.044,6216.826,6220.113,4633617435.93,74487.0
WDOFUT,M30,09/05/2025,6216.278,6222.305,6214.635,6217.922,5941030886.84,95530.0
WDOFUT,M30,09/05/2025,6211.896,6218.47,6210.252,6216.278,4079743673.88,65636.0
WDOFUT,M30,09/05/2025,6217.922,6229.974,6208.609,6211.896,14657500617.96,235712.0
WDOFUT,M30,09/05/2025,6223.948,6230.522,6217.374,6218.47,10294994050.98,165400.0
WDOFUT,M30,09/05/2025,6228.331,6233.261,6220.113,6223.948,11139314304.6,178899.0
WDOFUT,M30,09/05/2025,6239.287,6242.575,6224.496,6228.331,12334181237.19,197915.0
WDOFUT,M30,09/05/2025,6229.426,6243.122,6224.496,6239.287,16001836374.27,256601.0
WDOFUT,M30,09/05/2025,6236.548,6243.67,6217.922,6229.974,16770935856.75,269266.0
WDOFUT,M30,09/05/2025,6242.575,6243.122,6222.305,6237.096,16998078736.81,272702.0
WDOFUT,M30,08/05/2025,6238.192,6240.931,6233.809,6234.905,2381529988.28,38181.0
WDOFUT,M30,08/05/2025,6243.67,6248.601,6237.644,6238.74,4508955573.36,72216.0
WDOFUT,M30,08/05/2025,6237.644,6244.218,6236.0,6243.122,4462933276.19,71511.0
WDOFUT,M30,08/05/2025,6243.67,6248.601,6237.096,6237.644,5630790799.43,90187.0
WDOFUT,M30,08/05/2025,6252.983,6255.723,6243.122,6243.67,7022566867.81,112373.0
WDOFUT,M30,08/05/2025,6254.079,6259.557,6252.436,6253.531,4713486254.38,75341.0
WDOFUT,M30,08/05/2025,6259.557,6261.749,6252.436,6254.079,5115027327.44,81749.0
WDOFUT,M30,08/05/2025,6255.723,6261.749,6251.34,6260.105,4249146092.55,67906.0
WDOFUT,M30,08/05/2025,6252.983,6258.462,6251.34,6255.175,3533785463.42,56488.0
WDOFUT,M30,08/05/2025,6261.749,6262.297,6246.957,6252.983,7321332725.28,117074.0
WDOFUT,M30,08/05/2025,6259.01,6266.131,6256.818,6262.297,7869714205.09,125703.0
WDOFUT,M30,08/05/2025,6249.149,6259.01,6237.096,6259.01,10565745414.47,169153.0
WDOFUT,M30,08/05/2025,6254.627,6259.01,6245.314,6249.149,10155325033.83,162393.0
WDOFUT,M30,08/05/2025,6250.792,6260.105,6247.505,6254.627,10742111719.47,171748.0
WDOFUT,M30,08/05/2025,6261.201,6267.227,6247.505,6250.792,14320544437.29,228872.0
WDOFUT,M30,08/05/2025,6279.279,6282.566,6258.462,6261.201,16575431412.53,264441.0
WDOFUT,M30,08/05/2025,6280.923,6283.114,6269.418,6279.279,15140162612.69,241182.0
WDOFUT,M30,08/05/2025,6303.932,6308.315,6276.54,6280.923,21010118647.0,334003.0
WDOFUT,M30,08/05/2025,6302.288,6333.515,6295.714,6303.932,29471766114.47,466868.0
WDOFUT,M30,07/05/2025,6330.776,6332.967,6322.558,6324.75,1614028363.82,25505.0
WDOFUT,M30,07/05/2025,6329.132,6332.419,6326.941,6330.776,1930177191.81,30496.0
WDOFUT,M30,07/05/2025,6329.132,6334.611,6323.654,6329.132,5322933490.93,84102.0
WDOFUT,M30,07/05/2025,6345.567,6348.307,6328.037,6329.68,7461173532.38,117726.0
WDOFUT,M30,07/05/2025,6331.872,6349.95,6331.324,6345.02,9576875425.59,150989.0
WDOFUT,M30,07/05/2025,6331.324,6340.089,6318.724,6331.872,11153310693.51,176181.0
WDOFUT,M30,07/05/2025,6328.037,6335.159,6319.819,6330.776,7033987798.92,111160.0
WDOFUT,M30,07/05/2025,6324.75,6331.872,6322.558,6328.037,5358063889.83,84677.0
WDOFUT,M30,07/05/2025,6325.298,6327.489,6319.271,6324.75,5333904847.12,84350.0
WDOFUT,M30,07/05/2025,6333.515,6335.706,6322.558,6325.845,5857597139.26,92550.0
WDOFUT,M30,07/05/2025,6329.68,6335.159,6324.75,6333.515,5005194956.7,79068.0
WDOFUT,M30,07/05/2025,6325.845,6333.515,6324.202,6329.68,6248217607.53,98721.0
WDOFUT,M30,07/05/2025,6324.202,6332.967,6312.697,6325.298,14541543747.51,229995.0
WDOFUT,M30,07/05/2025,6317.08,6329.132,6314.889,6323.654,11560803068.4,182816.0
WDOFUT,M30,07/05/2025,6326.941,6327.489,6311.054,6317.628,11631709878.16,184134.0
WDOFUT,M30,07/05/2025,6311.602,6327.489,6309.41,6326.941,12594696915.06,199355.0
WDOFUT,M30,07/05/2025,6313.793,6324.202,6310.506,6312.149,16743857124.41,265049.0
WDOFUT,M30,07/05/2025,6291.88,6313.793,6290.784,6313.245,19371090774.64,307303.0
WDOFUT,M30,07/05/2025,6289.14,6293.523,6278.184,6291.88,16172524451.03,257270.0
WDOFUT,M30,06/05/2025,6297.906,6301.193,6293.523,6299.549,1485159044.38,23584.0
WDOFUT,M30,06/05/2025,6302.836,6308.315,6296.81,6297.906,2974400398.31,47194.0
WDOFUT,M30,06/05/2025,6294.071,6303.932,6292.975,6302.836,3838536763.78,60957.0
WDOFUT,M30,06/05/2025,6288.593,6295.167,6288.593,6294.619,3409529995.46,54194.0
WDOFUT,M30,06/05/2025,6290.784,6292.427,6286.401,6288.593,3913826967.46,62231.0
WDOFUT,M30,06/05/2025,6283.114,6295.714,6281.471,6291.332,5379347387.43,85535.0
WDOFUT,M30,06/05/2025,6283.114,6289.688,6278.732,6283.114,6520310667.09,103759.0
WDOFUT,M30,06/05/2025,6285.306,6288.593,6281.471,6283.662,4052089857.72,64468.0
WDOFUT,M30,06/05/2025,6295.167,6296.81,6284.21,6285.853,8312882813.83,132156.0
WDOFUT,M30,06/05/2025,6301.741,6303.932,6291.332,6295.714,6675928133.6,106014.0
WDOFUT,M30,06/05/2025,6305.575,6313.245,6294.071,6301.741,10645121981.68,168851.0
WDOFUT,M30,06/05/2025,6293.523,6307.767,6289.14,6305.575,7507199938.31,119222.0
WDOFUT,M30,06/05/2025,6302.288,6303.384,6289.688,6293.523,12786160838.54,203093.0
WDOFUT,M30,06/05/2025,6315.436,6316.532,6300.645,6302.836,11442005988.16,181443.0
WDOFUT,M30,06/05/2025,6316.532,6319.271,6305.028,6315.436,16709854393.59,264729.0
WDOFUT,M30,06/05/2025,6301.741,6324.202,6301.741,6316.532,18862332534.03,298638.0
WDOFUT,M30,06/05/2025,6288.593,6303.932,6288.045,6302.288,17243917072.92,273835.0
WDOFUT,M30,06/05/2025,6283.114,6296.81,6274.349,6288.593,20637943789.37,328409.0
WDOFUT,M30,06/05/2025,6281.471,6297.358,6275.445,6283.662,21169026369.36,336714.0
WDOFUT,M30,05/05/2025,6272.158,6288.593,6271.062,6281.471,2729393165.54,43474.0
WDOFUT,M30,05/05/2025,6272.158,6272.705,6268.871,6271.61,2515761758.65,40117.0
WDOFUT,M30,05/05/2025,6273.253,6274.349,6271.61,6272.705,2126093207.67,33894.0
WDOFUT,M30,05/05/2025,6271.062,6274.349,6268.871,6273.253,5165237501.86,82356.0
WDOFUT,M30,05/05/2025,6271.062,6272.158,6267.227,6271.062,3051039655.49,48666.0
WDOFUT,M30,05/05/2025,6265.036,6274.349,6263.94,6271.61,5462460175.19,87122.0
WDOFUT,M30,05/05/2025,6266.679,6271.062,6262.844,6265.036,4970185481.32,79305.0
WDOFUT,M30,05/05/2025,6262.844,6267.775,6261.201,6266.131,3246894012.58,51831.0
WDOFUT,M30,05/05/2025,6267.775,6268.323,6259.557,6263.392,5209436989.19,83165.0
WDOFUT,M30,05/05/2025,6260.105,6268.323,6258.462,6267.227,7592694370.96,121229.0
WDOFUT,M30,05/05/2025,6248.601,6262.844,6245.314,6259.557,8871703729.89,141862.0
WDOFUT,M30,05/05/2025,6240.383,6249.696,6240.383,6248.053,5142498150.42,82344.0
WDOFUT,M30,05/05/2025,6235.453,6248.601,6233.809,6240.931,12134649255.93,194430.0
WDOFUT,M30,05/05/2025,6225.592,6237.644,6225.592,6235.453,9890088233.01,158695.0
WDOFUT,M30,05/05/2025,6221.757,6230.522,6220.113,6225.592,12091409722.62,194217.0
WDOFUT,M30,05/05/2025,6220.661,6226.687,6214.635,6221.757,11872193060.5,190835.0
WDOFUT,M30,05/05/2025,6214.635,6221.209,6211.348,6220.661,12272919372.12,197431.0
WDOFUT,M30,05/05/2025,6217.374,6219.565,6206.965,6214.087,13921639220.78,224060.0
WDOFUT,M30,05/05/2025,6236.0,6236.0,6206.417,6216.826,16857594492.57,271117.0
WDOFUT,M30,02/05/2025,6239.835,6243.122,6235.453,6239.835,1615792966.25,25895.0
WDOFUT,M30,02/05/2025,6234.357,6240.931,6233.809,6240.383,2079914448.96,33349.0
WDOFUT,M30,02/05/2025,6237.096,6238.74,6232.166,6234.357,2737234167.81,43899.0
WDOFUT,M30,02/05/2025,6237.644,6240.931,6234.357,6237.644,2973702791.3,47671.0
WDOFUT,M30,02/05/2025,6236.0,6238.74,6232.166,6237.096,2581570683.21,41398.0
WDOFUT,M30,02/05/2025,6231.618,6237.644,6230.522,6236.0,3841951876.6,61628.0
WDOFUT,M30,02/05/2025,6236.0,6238.74,6229.974,6231.07,4854492645.19,77876.0
WDOFUT,M30,02/05/2025,6232.713,6239.835,6231.07,6236.0,3665507702.41,58791.0
WDOFUT,M30,02/05/2025,6237.644,6244.766,6232.166,6233.261,5690701337.49,91233.0
WDOFUT,M30,02/05/2025,6234.905,6240.931,6232.166,6237.096,4172375546.83,66900.0
WDOFUT,M30,02/05/2025,6229.974,6238.74,6223.4,6235.453,6498033381.22,104286.0
WDOFUT,M30,02/05/2025,6230.522,6238.192,6227.235,6230.522,7021572120.82,112670.0
WDOFUT,M30,02/05/2025,6213.539,6232.713,6212.444,6230.522,7828949788.21,125850.0
WDOFUT,M30,02/05/2025,6210.8,6217.922,6206.417,6214.087,7878509535.12,126818.0
WDOFUT,M30,02/05/2025,6212.444,6226.687,6209.704,6210.8,14211668224.08,228508.0
WDOFUT,M30,02/05/2025,6211.896,6219.565,6205.87,6212.444,13667046976.41,220022.0
WDOFUT,M30,02/05/2025,6227.783,6228.331,6210.252,6212.444,13826630458.14,222327.0
WDOFUT,M30,02/05/2025,6249.149,6261.749,6220.661,6227.783,21091661910.74,338414.0
WDOFUT,M30,02/05/2025,6256.27,6259.01,6234.905,6249.149,16678531488.52,266996.0
WDOFUT,M30,30/04/2025,6261.749,6267.227,6255.175,6256.818,1886374227.12,30124.0
WDOFUT,M30,30/04/2025,6264.488,6265.036,6256.818,6261.201,2762083881.96,44119.0
WDOFUT,M30,30/04/2025,6262.297,6269.418,6259.557,6265.036,4056473766.61,64758.0
WDOFUT,M30,30/04/2025,6257.366,6269.418,6256.27,6261.749,7049002530.06,112565.0
WDOFUT,M30,30/04/2025,6250.244,6259.01,6245.314,6256.818,5064669292.47,80985.0
WDOFUT,M30,30/04/2025,6255.175,6258.462,6247.505,6249.696,4483794234.49,71714.0
WDOFUT,M30,30/04/2025,6263.392,6265.584,6246.409,6254.627,11041640655.66,176561.0
WDOFUT,M30,30/04/2025,6265.584,6269.966,6259.557,6263.392,6648310545.74,106132.0
WDOFUT,M30,30/04/2025,6269.966,6274.349,6263.94,6265.584,6196680884.65,98844.0
WDOFUT,M30,30/04/2025,6259.557,6274.897,6256.818,6269.966,8442307621.05,134709.0
WDOFUT,M30,30/04/2025,6246.409,6262.844,6242.027,6259.557,10362674241.35,165747.0
WDOFUT,M30,30/04/2025,6241.479,6251.888,6239.835,6246.409,7767806551.23,124363.0
WDOFUT,M30,30/04/2025,6246.409,6254.079,6236.548,6240.931,15624160162.26,250178.0
WDOFUT,M30,30/04/2025,6252.983,6264.488,6244.218,6246.409,15446735687.48,246994.0
WDOFUT,M30,30/04/2025,6256.818,6259.01,6248.601,6253.531,11595801932.23,185429.0
WDOFUT,M30,30/04/2025,6264.488,6265.036,6243.122,6257.366,16808825637.93,268801.0
WDOFUT,M30,30/04/2025,6215.731,6264.488,6209.157,6263.94,27884707622.78,446859.0
WDOFUT,M30,30/04/2025,6197.652,6217.374,6195.461,6215.183,22065190105.8,355526.0
WDOFUT,M30,30/04/2025,6204.774,6206.965,6184.504,6197.104,15720298444.66,253814.0
WDOFUT,M30,29/04/2025,6203.726,6204.277,6195.449,6197.104,2529560608.12,40801.0
WDOFUT,M30,29/04/2025,6214.761,6215.313,6202.622,6203.726,2833024823.68,45635.0
WDOFUT,M30,29/04/2025,6214.761,6217.52,6212.002,6214.21,2073256097.87,33358.0
WDOFUT,M30,29/04/2025,6219.727,6219.727,6214.21,6214.21,3094202694.86,49778.0
WDOFUT,M30,29/04/2025,6216.969,6221.935,6215.865,6219.176,4294630739.54,69062.0
WDOFUT,M30,29/04/2025,6220.831,6222.486,6214.761,6216.969,3747134430.67,60259.0
WDOFUT,M30,29/04/2025,6218.072,6222.486,6210.899,6221.383,4794109483.44,77113.0
WDOFUT,M30,29/04/2025,6214.21,6219.176,6210.347,6217.52,4398525972.82,70776.0
WDOFUT,M30,29/04/2025,6220.279,6225.245,6210.899,6214.21,5883390060.65,94620.0
WDOFUT,M30,29/04/2025,6217.52,6223.59,6213.106,6219.727,3523051004.04,56656.0
WDOFUT,M30,29/04/2025,6217.52,6221.383,6211.451,6216.969,6627189757.63,106598.0
WDOFUT,M30,29/04/2025,6212.554,6219.176,6209.244,6218.072,5689573526.16,91550.0
WDOFUT,M30,29/04/2025,6232.419,6234.626,6202.622,6212.554,19078736549.18,306834.0
WDOFUT,M30,29/04/2025,6235.177,6236.281,6222.486,6232.419,12459889828.66,200022.0
WDOFUT,M30,29/04/2025,6239.04,6242.902,6229.66,6235.177,11028619938.15,176864.0
WDOFUT,M30,29/04/2025,6234.074,6244.558,6229.108,6239.04,13318951250.12,213541.0
WDOFUT,M30,29/04/2025,6231.315,6246.213,6230.763,6234.074,18714621692.18,299998.0
WDOFUT,M30,29/04/2025,6233.522,6241.247,6223.038,6231.315,15297210336.45,245494.0
WDOFUT,M30,29/04/2025,6247.869,6250.627,6230.211,6233.522,17648948661.03,282847.0
WDOFUT,M30,28/04/2025,6242.351,6244.558,6236.833,6242.902,1559492214.84,24991.0
WDOFUT,M30,28/04/2025,6241.247,6244.006,6240.144,6242.351,1939279482.78,31065.0
WDOFUT,M30,28/04/2025,6234.626,6241.799,6232.97,6240.695,3134987829.22,50266.0
WDOFUT,M30,28/04/2025,6240.695,6242.351,6233.522,6234.626,5759193150.32,92342.0
WDOFUT,M30,28/04/2025,6238.488,6244.558,6237.385,6241.247,4197680351.75,67261.0
WDOFUT,M30,28/04/2025,6243.454,6246.213,6237.385,6239.04,7643612060.2,122455.0
WDOFUT,M30,28/04/2025,6255.594,6256.145,6241.799,6243.454,6605263872.03,105702.0
WDOFUT,M30,28/04/2025,6266.077,6266.077,6250.627,6255.594,9876134239.03,157846.0
WDOFUT,M30,28/04/2025,6269.94,6277.113,6262.767,6266.077,7017397094.1,111927.0
WDOFUT,M30,28/04/2025,6272.147,6273.802,6265.526,6269.388,4393304684.89,70068.0
WDOFUT,M30,28/04/2025,6267.733,6279.872,6266.629,6272.147,7252035445.66,115577.0
WDOFUT,M30,28/04/2025,6272.699,6278.769,6265.526,6268.285,8261412488.81,131700.0
WDOFUT,M30,28/04/2025,6264.422,6278.769,6260.56,6272.699,16225031518.0,258832.0
WDOFUT,M30,28/04/2025,6248.42,6266.077,6241.799,6264.974,13769358010.87,220148.0
WDOFUT,M30,28/04/2025,6237.936,6252.283,6235.177,6248.42,13449816478.56,215426.0
WDOFUT,M30,28/04/2025,6258.352,6258.904,6237.936,6237.936,17332658100.58,277494.0
WDOFUT,M30,28/04/2025,6256.145,6261.663,6250.076,6258.352,17463485206.16,279162.0
WDOFUT,M30,28/04/2025,6274.906,6280.424,6251.731,6256.145,19364370712.02,308994.0
WDOFUT,M30,28/04/2025,6290.356,6293.115,6274.354,6274.906,14091372558.01,224314.0
WDOFUT,M30,25/04/2025,6278.217,6283.735,6274.906,6280.976,1316425884.29,20962.0
WDOFUT,M30,25/04/2025,6280.976,6282.079,6276.01,6277.665,1794707243.06,28584.0
WDOFUT,M30,25/04/2025,6283.183,6286.494,6279.872,6281.527,3120506022.64,49666.0
WDOFUT,M30,25/04/2025,6276.01,6283.735,6274.906,6283.183,3009024112.39,47931.0
WDOFUT,M30,25/04/2025,6279.32,6280.976,6274.354,6275.458,3397296756.07,54119.0
WDOFUT,M30,25/04/2025,6278.217,6284.838,6277.113,6279.32,5319030328.13,84677.0
WDOFUT,M30,25/04/2025,6276.561,6281.527,6272.699,6278.217,5285187848.66,84197.0
WDOFUT,M30,25/04/2025,6271.595,6281.527,6267.733,6276.561,6954767296.98,110836.0
WDOFUT,M30,25/04/2025,6262.215,6272.147,6262.215,6271.595,6052009078.82,96560.0
WDOFUT,M30,25/04/2025,6263.319,6264.422,6256.145,6262.215,6662612098.64,106438.0
WDOFUT,M30,25/04/2025,6274.354,6282.079,6260.56,6262.767,9023825641.65,143903.0
WDOFUT,M30,25/04/2025,6284.286,6284.838,6272.147,6274.354,5495671012.44,87552.0
WDOFUT,M30,25/04/2025,6269.388,6285.942,6268.285,6284.286,9439566156.66,150366.0
WDOFUT,M30,25/04/2025,6277.113,6282.631,6269.388,6269.94,9348114020.06,148963.0
WDOFUT,M30,25/04/2025,6276.01,6287.045,6273.802,6277.665,10561985245.26,168175.0
WDOFUT,M30,25/04/2025,6283.183,6294.77,6269.94,6276.01,16775693211.26,266917.0
WDOFUT,M30,25/04/2025,6279.32,6289.804,6277.113,6283.183,13927273949.68,221682.0
WDOFUT,M30,25/04/2025,6300.84,6303.047,6277.665,6279.32,15267946182.23,242683.0
WDOFUT,M30,25/04/2025,6296.426,6303.599,6272.699,6300.84,20868136817.52,332080.0
WDOFUT,M30,24/04/2025,6278.769,6280.424,6272.699,6277.665,1408739750.0,22445.0
WDOFUT,M30,24/04/2025,6279.872,6280.976,6276.01,6278.217,1694165608.25,26983.0
WDOFUT,M30,24/04/2025,6289.252,6289.804,6274.906,6279.872,4562473281.53,72635.0
WDOFUT,M30,24/04/2025,6279.32,6289.252,6276.01,6289.252,4173356201.71,66441.0
WDOFUT,M30,24/04/2025,6278.217,6281.527,6276.561,6278.769,3768908531.08,60022.0
WDOFUT,M30,24/04/2025,6273.802,6279.872,6270.492,6278.217,3588865647.03,57183.0
WDOFUT,M30,24/04/2025,6277.665,6280.424,6272.147,6273.802,5803875993.43,92472.0
WDOFUT,M30,24/04/2025,6271.595,6277.665,6265.526,6277.665,4799258752.31,76535.0
WDOFUT,M30,24/04/2025,6270.492,6273.802,6267.733,6272.147,4284662881.4,68326.0
WDOFUT,M30,24/04/2025,6261.111,6281.527,6258.904,6271.044,9398232006.64,149813.0
WDOFUT,M30,24/04/2025,6265.526,6271.595,6258.352,6261.111,8587525495.33,137080.0
WDOFUT,M30,24/04/2025,6270.492,6271.595,6254.49,6265.526,8703463835.89,138950.0
WDOFUT,M30,24/04/2025,6271.044,6273.251,6261.663,6271.044,9507538629.02,151675.0
WDOFUT,M30,24/04/2025,6277.113,6284.286,6266.077,6270.492,11396842436.25,181645.0
WDOFUT,M30,24/04/2025,6271.044,6288.149,6265.526,6277.113,16420565755.58,261552.0
WDOFUT,M30,24/04/2025,6264.974,6287.045,6257.249,6270.492,22270891337.92,355127.0
WDOFUT,M30,24/04/2025,6273.251,6274.906,6256.145,6264.422,16118988006.76,257325.0
WDOFUT,M30,24/04/2025,6282.079,6286.494,6262.767,6273.251,17209747225.95,274220.0
WDOFUT,M30,24/04/2025,6302.495,6302.495,6270.492,6281.527,20246076239.79,322257.0
WDOFUT,M30,23/04/2025,6307.461,6310.772,6300.288,6301.392,1460289101.57,23158.0
WDOFUT,M30,23/04/2025,6306.91,6308.565,6304.702,6308.013,1710466243.67,27121.0
WDOFUT,M30,23/04/2025,6316.29,6319.601,6306.91,6307.461,4592454453.57,72755.0
WDOFUT,M30,23/04/2025,6313.531,6328.981,6312.427,6316.29,8276431105.53,130942.0
WDOFUT,M30,23/04/2025,6308.565,6315.738,6306.91,6314.083,3986522867.31,63166.0
WDOFUT,M30,23/04/2025,6308.565,6314.635,6304.151,6308.565,5889560452.94,93333.0
WDOFUT,M30,23/04/2025,6305.806,6310.772,6301.392,6309.117,6758306798.96,107170.0
WDOFUT,M30,23/04/2025,6316.29,6322.36,6305.254,6306.358,6511124004.26,103132.0
WDOFUT,M30,23/04/2025,6306.358,6320.704,6300.288,6315.738,10066916741.69,159513.0
WDOFUT,M30,23/04/2025,6298.633,6306.91,6293.667,6306.91,5163466772.79,81959.0
WDOFUT,M30,23/04/2025,6294.219,6303.047,6290.356,6299.185,7047525664.63,111945.0
WDOFUT,M30,23/04/2025,6308.013,6310.772,6293.667,6294.219,7639346029.05,121227.0
WDOFUT,M30,23/04/2025,6291.46,6310.22,6285.39,6309.117,14250979201.05,226335.0
WDOFUT,M30,23/04/2025,6283.735,6298.633,6282.631,6290.908,14067184147.23,223655.0
WDOFUT,M30,23/04/2025,6273.251,6285.39,6260.008,6283.735,15663026056.05,249683.0
WDOFUT,M30,23/04/2025,6278.769,6282.079,6250.627,6273.802,26098483687.17,416537.0
WDOFUT,M30,23/04/2025,6281.527,6289.252,6271.044,6278.769,16450398375.89,261903.0
WDOFUT,M30,23/04/2025,6279.32,6293.667,6271.595,6282.079,16536590897.53,263224.0
WDOFUT,M30,23/04/2025,6299.185,6308.565,6273.251,6278.769,24927679152.6,396259.0
WDOFUT,M30,22/04/2025,6328.429,6328.981,6318.497,6324.015,1669442478.58,26400.0
WDOFUT,M30,22/04/2025,6332.292,6334.499,6326.222,6327.877,2446006019.0,38644.0
WDOFUT,M30,22/04/2025,6330.636,6335.602,6324.567,6332.292,5322491508.24,84071.0
WDOFUT,M30,22/04/2025,6322.911,6330.636,6322.36,6330.636,4346749881.5,68710.0
WDOFUT,M30,22/04/2025,6323.463,6325.67,6320.704,6323.463,5044548983.04,79775.0
WDOFUT,M30,22/04/2025,6326.222,6334.499,6319.601,6323.463,9529008463.81,150618.0
WDOFUT,M30,22/04/2025,6341.12,6342.224,6324.015,6325.67,6057189269.76,95651.0
WDOFUT,M30,22/04/2025,6344.983,6347.19,6334.499,6340.568,5052703121.87,79689.0
WDOFUT,M30,22/04/2025,6331.188,6349.397,6328.981,6344.983,10804411261.71,170420.0
WDOFUT,M30,22/04/2025,6333.395,6334.499,6326.222,6331.188,6255270731.83,98816.0
WDOFUT,M30,22/04/2025,6346.638,6347.19,6330.085,6333.395,9573635924.19,151093.0
WDOFUT,M30,22/04/2025,6341.672,6348.845,6340.568,6346.638,5509451289.82,86837.0
WDOFUT,M30,22/04/2025,6357.674,6359.881,6338.361,6342.224,14420058077.35,227109.0
WDOFUT,M30,22/04/2025,6367.054,6372.572,6356.57,6357.674,10824336913.42,170029.0
WDOFUT,M30,22/04/2025,6363.192,6369.261,6356.018,6366.502,11444208232.06,179898.0
WDOFUT,M30,22/04/2025,6371.468,6374.227,6360.433,6362.64,11998775364.59,188498.0
WDOFUT,M30,22/04/2025,6380.297,6383.608,6365.399,6371.468,17886848076.6,280609.0
WDOFUT,M30,22/04/2025,6407.335,6409.542,6378.09,6380.297,17678826268.42,276685.0
WDOFUT,M30,22/04/2025,6405.127,6412.301,6395.747,6407.335,14572375455.86,227505.0
WDOFUT,M30,17/04/2025,6420.577,6428.854,6419.474,6427.199,1561056869.16,24304.0
WDOFUT,M30,17/04/2025,6421.129,6422.785,6417.267,6420.577,1278902150.53,19918.0
WDOFUT,M30,17/04/2025,6419.474,6422.233,6411.197,6420.577,3699006320.96,57646.0
WDOFUT,M30,17/04/2025,6422.233,6423.888,6418.37,6419.474,2544382899.53,39627.0
WDOFUT,M30,17/04/2025,6413.404,6425.543,6411.749,6422.233,4814838948.84,75000.0
WDOFUT,M30,17/04/2025,6421.681,6422.233,6408.438,6413.404,8890206346.37,138588.0
WDOFUT,M30,17/04/2025,6419.474,6424.992,6418.37,6421.681,3708928993.37,57762.0
WDOFUT,M30,17/04/2025,6426.647,6434.924,6417.267,6419.474,8848217894.49,137674.0
WDOFUT,M30,17/04/2025,6417.818,6429.406,6412.852,6426.647,6862072754.38,106853.0
WDOFUT,M30,17/04/2025,6421.129,6428.854,6412.852,6417.267,8739225166.39,136102.0
WDOFUT,M30,17/04/2025,6447.063,6453.133,6413.404,6421.681,19338322932.7,300664.0
WDOFUT,M30,17/04/2025,6469.135,6470.79,6444.856,6447.063,10903433328.6,168874.0
WDOFUT,M30,17/04/2025,6477.411,6480.722,6463.617,6469.686,11537699989.01,178267.0
WDOFUT,M30,17/04/2025,6482.377,6491.206,6475.756,6477.411,9093649945.16,140234.0
WDOFUT,M30,17/04/2025,6476.86,6484.585,6466.927,6482.377,10806966779.53,166824.0
WDOFUT,M30,17/04/2025,6482.377,6485.136,6471.342,6476.86,15737261438.61,242952.0
WDOFUT,M30,17/04/2025,6488.999,6505.001,6478.515,6481.826,16764032579.7,258255.0
WDOFUT,M30,17/04/2025,6486.24,6500.586,6481.826,6488.447,17028714256.42,262297.0
WDOFUT,M30,17/04/2025,6495.068,6510.518,6481.274,6485.688,18066030357.19,278075.0
WDOFUT,M30,16/04/2025,6488.447,6494.517,6487.343,6487.343,1168768666.37,18005.0
WDOFUT,M30,16/04/2025,6487.343,6491.758,6486.792,6488.447,1340037237.67,20651.0
WDOFUT,M30,16/04/2025,6486.792,6489.551,6479.067,6487.895,3444673256.52,53122.0
WDOFUT,M30,16/04/2025,6491.206,6493.413,6485.688,6487.343,3337855038.28,51435.0
WDOFUT,M30,16/04/2025,6477.411,6491.758,6476.86,6491.206,5686451026.55,87688.0
WDOFUT,M30,16/04/2025,6483.481,6487.895,6473.549,6477.411,6428414789.33,99200.0
WDOFUT,M30,16/04/2025,6495.068,6495.068,6481.274,6482.929,7703950164.76,118732.0
WDOFUT,M30,16/04/2025,6477.963,6498.379,6476.308,6494.517,10026328738.26,154536.0
WDOFUT,M30,16/04/2025,6479.067,6482.377,6472.445,6477.411,6970252696.75,107619.0
WDOFUT,M30,16/04/2025,6479.067,6484.033,6476.86,6479.067,3812808147.61,58835.0
WDOFUT,M30,16/04/2025,6482.929,6490.654,6475.756,6479.618,8830087681.44,136189.0
WDOFUT,M30,16/04/2025,6485.136,6487.895,6475.756,6482.929,7298803950.1,112591.0
WDOFUT,M30,16/04/2025,6506.104,6508.311,6479.067,6484.585,14652992029.36,225709.0
WDOFUT,M30,16/04/2025,6500.035,6509.415,6494.517,6506.656,11538088572.99,177460.0
WDOFUT,M30,16/04/2025,6504.449,6507.208,6492.31,6500.035,15073937284.25,231895.0
WDOFUT,M30,16/04/2025,6528.727,6533.142,6501.138,6505.001,18250652383.14,280071.0
WDOFUT,M30,16/04/2025,6529.831,6543.074,6522.106,6529.279,17020515345.71,260571.0
WDOFUT,M30,16/04/2025,6495.068,6537.004,6492.31,6529.279,23768478835.04,364594.0
WDOFUT,M30,16/04/2025,6488.999,6503.345,6483.481,6495.068,17515190321.29,269705.0
WDOFUT,M30,15/04/2025,6509.415,6509.967,6497.827,6500.035,1702380421.42,26172.0
WDOFUT,M30,15/04/2025,6509.967,6511.622,6506.656,6509.967,1786323594.52,27445.0
WDOFUT,M30,15/04/2025,6513.829,6513.829,6509.415,6510.518,2693500887.09,41365.0
WDOFUT,M30,15/04/2025,6514.381,6517.692,6512.726,6513.829,2820380606.66,43287.0
WDOFUT,M30,15/04/2025,6519.347,6521.002,6510.518,6514.933,3979181271.43,61082.0
WDOFUT,M30,15/04/2025,6522.106,6523.21,6511.622,6519.899,6317204142.4,96924.0
WDOFUT,M30,15/04/2025,6515.485,6523.21,6510.518,6521.554,5743360335.3,88140.0
WDOFUT,M30,15/04/2025,6521.002,6522.106,6511.622,6514.933,5795635483.6,88935.0
WDOFUT,M30,15/04/2025,6519.899,6527.624,6518.243,6521.002,5213029547.17,79919.0
WDOFUT,M30,15/04/2025,6523.21,6528.176,6516.588,6519.899,6644703245.42,101874.0
WDOFUT,M30,15/04/2025,6504.449,6527.624,6503.897,6523.21,8788487979.08,134884.0
WDOFUT,M30,15/04/2025,6507.208,6516.036,6501.69,6504.449,6217789678.69,95544.0
WDOFUT,M30,15/04/2025,6499.483,6521.554,6498.379,6507.208,10491714861.7,161135.0
WDOFUT,M30,15/04/2025,6501.69,6518.243,6497.276,6499.483,17385307629.9,267160.0
WDOFUT,M30,15/04/2025,6484.585,6502.793,6480.17,6502.242,15201026152.64,234292.0
WDOFUT,M30,15/04/2025,6486.24,6497.276,6482.377,6484.585,13612769811.71,209740.0
WDOFUT,M30,15/04/2025,6481.274,6493.413,6470.79,6485.688,17122131108.46,264132.0
WDOFUT,M30,15/04/2025,6457.547,6482.377,6450.374,6481.274,20366900023.96,314996.0
WDOFUT,M30,15/04/2025,6477.963,6487.343,6450.374,6458.099,18507956614.47,286335.0
WDOFUT,M30,14/04/2025,6477.963,6483.481,6475.204,6482.929,980719461.34,15136.0
WDOFUT,M30,14/04/2025,6476.308,6480.17,6474.652,6477.411,1646355652.6,25418.0
WDOFUT,M30,14/04/2025,6472.997,6476.86,6467.479,6476.308,3623557076.27,55979.0
WDOFUT,M30,14/04/2025,6472.997,6475.204,6468.031,6473.549,3727066368.61,57589.0
WDOFUT,M30,14/04/2025,6475.204,6480.17,6471.342,6472.997,3614103388.51,55819.0
WDOFUT,M30,14/04/2025,6474.652,6480.17,6471.342,6475.204,4287547241.38,66212.0
WDOFUT,M30,14/04/2025,6484.585,6484.585,6470.79,6474.101,4503751930.9,69537.0
WDOFUT,M30,14/04/2025,6481.274,6485.688,6475.204,6484.033,6269899396.15,96760.0
WDOFUT,M30,14/04/2025,6475.756,6488.447,6464.72,6480.722,8464397752.4,130666.0
WDOFUT,M30,14/04/2025,6488.999,6490.654,6472.997,6475.756,6663520839.89,102830.0
WDOFUT,M30,14/04/2025,6487.895,6498.379,6485.136,6488.447,7503598093.85,115614.0
WDOFUT,M30,14/04/2025,6482.929,6496.172,6476.308,6487.895,11449574816.18,176472.0
WDOFUT,M30,14/04/2025,6462.513,6483.481,6456.995,6482.377,11684791025.22,180616.0
WDOFUT,M30,14/04/2025,6453.133,6466.927,6451.477,6462.513,9826146529.03,152094.0
WDOFUT,M30,14/04/2025,6455.892,6458.099,6446.511,6452.581,11158160726.62,172930.0
WDOFUT,M30,14/04/2025,6461.41,6463.617,6449.27,6455.892,13109929341.55,203039.0
WDOFUT,M30,14/04/2025,6477.411,6481.826,6447.063,6461.961,20283928523.25,313945.0
WDOFUT,M30,14/04/2025,6464.168,6477.963,6462.513,6477.411,15354395560.08,237316.0
WDOFUT,M30,14/04/2025,6466.376,6478.515,6456.995,6464.168,17577175097.58,271852.0
WDOFUT,M30,11/04/2025,6491.206,6493.413,6484.585,6490.102,1624235902.64,25031.0
WDOFUT,M30,11/04/2025,6494.517,6499.483,6489.551,6491.206,1522958445.17,23450.0
WDOFUT,M30,11/04/2025,6495.068,6500.035,6485.688,6494.517,3686653071.53,56779.0
WDOFUT,M30,11/04/2025,6495.068,6502.793,6491.206,6494.517,3472992317.86,53467.0
WDOFUT,M30,11/04/2025,6500.035,6501.69,6490.654,6495.068,4220806663.5,64985.0
WDOFUT,M30,11/04/2025,6496.172,6509.967,6493.413,6499.483,7402384726.27,113850.0
WDOFUT,M30,11/04/2025,6484.585,6498.379,6479.067,6496.724,6187321500.67,95349.0
WDOFUT,M30,11/04/2025,6500.586,6509.967,6474.101,6484.033,13206079916.1,203554.0
WDOFUT,M30,11/04/2025,6508.863,6514.933,6490.654,6500.586,8962682156.33,137803.0
WDOFUT,M30,11/04/2025,6496.172,6515.485,6489.551,6508.863,9069344599.98,139436.0
WDOFUT,M30,11/04/2025,6505.552,6506.656,6484.033,6496.172,11292517240.59,173855.0
WDOFUT,M30,11/04/2025,6517.14,6520.451,6503.345,6505.552,7797009790.79,119774.0
WDOFUT,M30,11/04/2025,6518.795,6526.52,6508.311,6517.14,10912409291.4,167401.0
WDOFUT,M30,11/04/2025,6533.142,6537.556,6516.588,6519.347,13444516815.01,206007.0
WDOFUT,M30,11/04/2025,6511.622,6544.177,6494.517,6532.59,19586882548.38,300463.0
WDOFUT,M30,11/04/2025,6538.108,6550.247,6497.276,6512.174,28655417767.14,439366.0
WDOFUT,M30,11/04/2025,6475.756,6543.626,6475.756,6538.108,25514921693.89,391724.0
WDOFUT,M30,11/04/2025,6459.202,6498.931,6437.131,6476.308,26734516276.75,413589.0
WDOFUT,M30,11/04/2025,6448.167,6481.274,6445.96,6459.202,23258825125.79,360005.0
WDOFUT,M30,10/04/2025,6516.588,6518.795,6509.415,6509.415,1402108274.61,21527.0
WDOFUT,M30,10/04/2025,6519.347,6523.761,6512.726,6516.036,2036661140.7,31241.0
WDOFUT,M30,10/04/2025,6530.935,6533.142,6517.14,6519.347,4877693515.83,74767.0
WDOFUT,M30,10/04/2025,6537.556,6543.074,6525.968,6530.383,8010379543.77,122584.0
WDOFUT,M30,10/04/2025,6524.865,6537.556,6517.692,6537.556,8290079428.9,126960.0
WDOFUT,M30,10/04/2025,6546.385,6549.143,6515.485,6524.865,11749116387.8,179995.0
WDOFUT,M30,10/04/2025,6531.486,6566.249,6522.106,6545.833,14568965972.55,222603.0
WDOFUT,M30,10/04/2025,6557.972,6559.627,6523.21,6532.038,13442744352.7,205584.0
WDOFUT,M30,10/04/2025,6570.111,6572.87,6555.213,6557.972,10306649856.74,156993.0
WDOFUT,M30,10/04/2025,6585.01,6588.32,6561.835,6570.111,10348400180.01,157444.0
WDOFUT,M30,10/04/2025,6579.492,6593.838,6571.215,6585.561,12158226183.37,184783.0
WDOFUT,M30,10/04/2025,6571.215,6593.286,6570.663,6580.043,15120260619.09,229686.0
WDOFUT,M30,10/04/2025,6557.42,6573.422,6548.04,6571.215,14307424728.47,218064.0
WDOFUT,M30,10/04/2025,6542.522,6561.835,6525.968,6557.42,16986708969.56,259646.0
WDOFUT,M30,10/04/2025,6533.693,6547.488,6521.002,6542.522,15678587784.32,239894.0
WDOFUT,M30,10/04/2025,6526.52,6535.349,6506.104,6533.693,21992703858.53,337304.0
WDOFUT,M30,10/04/2025,6512.174,6544.177,6511.07,6526.52,20504752833.67,314090.0
WDOFUT,M30,10/04/2025,6470.238,6515.485,6447.615,6511.622,25489880007.35,393091.0
WDOFUT,M30,10/04/2025,6488.447,6496.724,6463.065,6469.686,21880056759.15,337609.0
WDOFUT,M30,09/04/2025,6447.615,6449.822,6440.442,6449.27,1647901656.57,25567.0
WDOFUT,M30,09/04/2025,6462.513,6465.272,6443.752,6447.615,4051290392.26,62759.0
WDOFUT,M30,09/04/2025,6473.549,6476.86,6458.099,6462.513,5217284641.94,80678.0
WDOFUT,M30,09/04/2025,6463.065,6474.101,6459.202,6474.101,6225576615.23,96266.0
WDOFUT,M30,09/04/2025,6488.999,6498.379,6453.685,6462.513,12843406190.7,198551.0
WDOFUT,M30,09/04/2025,6490.102,6495.62,6469.135,6488.999,13620985706.38,210071.0
WDOFUT,M30,09/04/2025,6516.588,6521.002,6472.997,6490.102,14722861303.4,226460.0
WDOFUT,M30,09/04/2025,6533.142,6570.663,6505.001,6516.588,22916123214.48,350719.0
WDOFUT,M30,09/04/2025,6660.604,6680.468,6497.827,6533.142,38418608139.93,581289.0
WDOFUT,M30,09/04/2025,6682.676,6686.538,6655.638,6660.604,15541912683.76,233103.0
WDOFUT,M30,09/04/2025,6703.643,6704.747,6681.02,6682.676,11815857136.73,176571.0
WDOFUT,M30,09/04/2025,6711.368,6712.472,6685.435,6704.195,14626666613.59,218334.0
WDOFUT,M30,09/04/2025,6712.472,6722.956,6699.781,6711.92,17010549860.24,253433.0
WDOFUT,M30,09/04/2025,6714.127,6718.542,6693.16,6713.024,16538922263.48,246653.0
WDOFUT,M30,09/04/2025,6689.849,6723.508,6682.124,6714.679,22055943075.28,328819.0
WDOFUT,M30,09/04/2025,6720.197,6721.301,6677.158,6689.849,27581748418.89,411941.0
WDOFUT,M30,09/04/2025,6734.543,6740.061,6699.229,6720.197,26715754191.91,397715.0
WDOFUT,M30,09/04/2025,6721.301,6751.097,6713.024,6735.095,27345624207.99,406053.0
WDOFUT,M30,09/04/2025,6676.054,6726.267,6673.847,6721.852,30956859872.87,461705.0
WDOFUT,M30,08/04/2025,6658.949,6665.57,6656.742,6662.26,2354915009.54,35355.0
WDOFUT,M30,08/04/2025,6661.156,6667.777,6656.19,6658.949,4800040489.06,72049.0
WDOFUT,M30,08/04/2025,6642.947,6662.811,6638.533,6661.156,6581256893.88,98970.0
WDOFUT,M30,08/04/2025,6633.015,6651.776,6629.704,6642.947,8920355840.6,134261.0
WDOFUT,M30,08/04/2025,6629.704,6639.085,6620.876,6633.015,8602140370.52,129746.0
WDOFUT,M30,08/04/2025,6634.118,6634.67,6612.599,6629.152,11887423157.06,179483.0
WDOFUT,M30,08/04/2025,6619.22,6636.326,6617.565,6634.67,9962548368.81,150340.0
WDOFUT,M30,08/04/2025,6637.981,6640.188,6618.117,6619.22,12976440245.6,195804.0
WDOFUT,M30,08/04/2025,6637.429,6649.017,6632.463,6637.429,10903898257.64,164214.0
WDOFUT,M30,08/04/2025,6618.668,6645.706,6615.358,6636.877,17741608303.19,267449.0
WDOFUT,M30,08/04/2025,6633.567,6640.188,6618.668,6618.668,14541062201.62,219248.0
WDOFUT,M30,08/04/2025,6624.186,6635.222,6609.288,6633.567,14696437162.15,221910.0
WDOFUT,M30,08/04/2025,6585.561,6630.256,6583.354,6624.186,25147400840.86,380512.0
WDOFUT,M30,08/04/2025,6550.247,6599.356,6548.592,6586.113,27340666988.11,415889.0
WDOFUT,M30,08/04/2025,6525.968,6552.454,6519.899,6550.247,16233109593.18,248410.0
WDOFUT,M30,08/04/2025,6508.311,6534.245,6506.104,6526.52,16866457784.36,258505.0
WDOFUT,M30,08/04/2025,6532.038,6546.936,6503.345,6508.311,22117821715.6,338839.0
WDOFUT,M30,08/04/2025,6515.485,6537.556,6511.622,6532.038,18819992747.81,288528.0
WDOFUT,M30,08/04/2025,6509.415,6518.243,6492.861,6514.933,21867595602.53,336083.0
WDOFUT,M30,07/04/2025,6553.558,6555.213,6549.143,6551.902,1534498478.47,23418.0
WDOFUT,M30,07/04/2025,6550.247,6559.076,6549.143,6553.558,2141423212.62,32667.0
WDOFUT,M30,07/04/2025,6549.143,6556.317,6544.177,6550.799,3222634002.47,49198.0
WDOFUT,M30,07/04/2025,6551.902,6554.11,6540.867,6549.143,6081887342.84,92900.0
WDOFUT,M30,07/04/2025,6556.868,6557.972,6545.833,6551.902,5811902123.51,88709.0
WDOFUT,M30,07/04/2025,6545.281,6558.524,6539.211,6556.868,8007359648.7,122289.0
WDOFUT,M30,07/04/2025,6530.935,6550.247,6523.21,6545.833,10726699215.94,164155.0
WDOFUT,M30,07/04/2025,6534.245,6543.074,6524.313,6530.935,9920162537.49,151873.0
WDOFUT,M30,07/04/2025,6561.283,6561.283,6530.935,6533.693,13641127851.18,208464.0
WDOFUT,M30,07/04/2025,6567.904,6570.111,6554.11,6561.835,8343731000.9,127148.0
WDOFUT,M30,07/04/2025,6565.697,6575.629,6562.938,6567.904,8779481408.73,133659.0
WDOFUT,M30,07/04/2025,6564.593,6571.215,6546.936,6565.145,12976714157.5,197856.0
WDOFUT,M30,07/04/2025,6511.07,6573.974,6496.172,6564.593,22165961550.76,339290.0
WDOFUT,M30,07/04/2025,6503.897,6528.176,6488.999,6511.07,18182274210.4,279296.0
WDOFUT,M30,07/04/2025,6523.21,6537.556,6444.304,6503.897,38172548753.16,588640.0
WDOFUT,M30,07/04/2025,6534.245,6547.488,6522.106,6522.658,23521740625.05,359951.0
WDOFUT,M30,07/04/2025,6500.035,6541.97,6491.206,6534.245,22164115783.74,340012.0
WDOFUT,M30,07/04/2025,6525.417,6527.072,6490.654,6500.035,27240150845.79,418688.0
WDOFUT,M30,07/04/2025,6516.588,6538.108,6500.035,6524.865,30889318350.58,473643.0
WDOFUT,M30,04/04/2025,6476.86,6493.965,6475.204,6492.31,2721997833.07,41984.0
WDOFUT,M30,04/04/2025,6485.688,6486.24,6473.549,6476.86,3556312381.53,54880.0
WDOFUT,M30,04/04/2025,6471.342,6488.447,6464.168,6486.24,7996857579.31,123470.0
WDOFUT,M30,04/04/2025,6469.135,6471.342,6459.202,6471.342,6585560661.65,101854.0
WDOFUT,M30,04/04/2025,6473.549,6480.17,6468.031,6469.135,7232190442.93,111701.0
WDOFUT,M30,04/04/2025,6458.651,6477.411,6455.892,6473.549,9643082298.71,149090.0
WDOFUT,M30,04/04/2025,6454.236,6469.686,6447.615,6458.099,11950032024.95,184995.0
WDOFUT,M30,04/04/2025,6465.824,6475.204,6445.408,6453.685,14656177504.27,226894.0
WDOFUT,M30,04/04/2025,6438.786,6471.893,6434.924,6465.824,13552204012.82,209910.0
WDOFUT,M30,04/04/2025,6447.615,6452.029,6434.372,6438.235,8606892055.79,133587.0
WDOFUT,M30,04/04/2025,6433.268,6456.995,6428.854,6447.615,10843027387.52,168320.0
WDOFUT,M30,04/04/2025,6432.717,6437.131,6416.715,6433.268,9652835915.05,150186.0
WDOFUT,M30,04/04/2025,6442.649,6454.788,6411.749,6432.717,24875561859.13,386983.0
WDOFUT,M30,04/04/2025,6418.922,6454.236,6412.301,6443.201,26053792158.97,404698.0
WDOFUT,M30,04/04/2025,6411.197,6422.785,6400.713,6418.37,16567737931.87,258383.0
WDOFUT,M30,04/04/2025,6368.71,6418.37,6365.399,6411.197,26074237692.05,407529.0
WDOFUT,M30,04/04/2025,6358.226,6382.504,6348.293,6368.71,18668612670.98,293114.0
WDOFUT,M30,04/04/2025,6363.192,6370.365,6344.431,6358.777,21977050423.49,345739.0
WDOFUT,M30,04/04/2025,6319.601,6378.09,6316.842,6362.088,36089391651.49,567866.0
WDOFUT,M30,03/04/2025,6241.799,6249.524,6239.592,6247.869,1964576005.99,31455.0
WDOFUT,M30,03/04/2025,6241.247,6246.765,6240.695,6241.799,2346047538.82,37570.0
WDOFUT,M30,03/04/2025,6240.695,6246.765,6238.488,6241.247,5138401944.37,82322.0
WDOFUT,M30,03/04/2025,6236.833,6242.902,6232.419,6240.695,4189814465.72,67174.0
WDOFUT,M30,03/04/2025,6229.66,6239.592,6227.452,6237.385,4347168719.89,69743.0
WDOFUT,M30,03/04/2025,6232.419,6238.488,6228.004,6229.66,6940244067.86,111337.0
WDOFUT,M30,03/04/2025,6228.556,6234.074,6221.383,6231.867,6362513300.8,102172.0
WDOFUT,M30,03/04/2025,6221.383,6229.66,6218.624,6229.108,5916409176.67,95067.0
WDOFUT,M30,03/04/2025,6216.417,6222.486,6214.21,6221.383,5059006742.8,81355.0
WDOFUT,M30,03/04/2025,6213.106,6218.072,6208.14,6216.417,5528185586.73,88971.0
WDOFUT,M30,03/04/2025,6212.554,6222.486,6209.795,6212.554,6482348108.58,104296.0
WDOFUT,M30,03/04/2025,6215.865,6225.245,6209.795,6213.106,8157841032.3,131199.0
WDOFUT,M30,03/04/2025,6204.829,6225.245,6202.07,6215.865,13008785383.08,209313.0
WDOFUT,M30,03/04/2025,6209.244,6214.761,6201.519,6204.829,11592155308.48,186721.0
WDOFUT,M30,03/04/2025,6224.142,6224.142,6206.485,6209.244,15763597426.59,253729.0
WDOFUT,M30,03/04/2025,6228.004,6231.867,6207.588,6224.142,21528873687.76,346148.0
WDOFUT,M30,03/04/2025,6249.524,6255.042,6220.279,6228.004,18609624945.84,298587.0
WDOFUT,M30,03/04/2025,6237.936,6259.456,6228.556,6249.524,24071863698.3,385508.0
WDOFUT,M30,03/04/2025,6237.936,6246.213,6216.969,6238.488,26061017924.01,418177.0
WDOFUT,M30,02/04/2025,6280.424,6316.842,6279.32,6311.876,2900418798.49,46084.0
WDOFUT,M30,02/04/2025,6317.945,6319.601,6262.767,6279.872,12216635223.34,194360.0
WDOFUT,M30,02/04/2025,6316.842,6332.292,6278.217,6318.497,21940737235.64,347978.0
WDOFUT,M30,02/04/2025,6314.083,6320.152,6312.979,6316.842,3429728126.6,54301.0
WDOFUT,M30,02/04/2025,6312.427,6314.635,6308.565,6314.635,3386166958.81,53649.0
WDOFUT,M30,02/04/2025,6311.324,6314.635,6302.495,6312.427,6680352673.81,105903.0
WDOFUT,M30,02/04/2025,6315.186,6315.738,6308.013,6311.876,4679403175.32,74142.0
WDOFUT,M30,02/04/2025,6317.393,6318.497,6305.254,6315.186,7141604703.55,113123.0
WDOFUT,M30,02/04/2025,6310.772,6323.463,6310.22,6317.945,5104215134.11,80785.0
WDOFUT,M30,02/04/2025,6316.842,6321.808,6309.669,6310.772,5226228170.78,82738.0
WDOFUT,M30,02/04/2025,6321.256,6322.911,6309.117,6317.393,5444936924.12,86202.0
WDOFUT,M30,02/04/2025,6313.531,6323.463,6311.324,6321.256,6827402403.35,108073.0
WDOFUT,M30,02/04/2025,6322.36,6332.843,6309.669,6314.083,12187484218.28,192747.0
WDOFUT,M30,02/04/2025,6328.429,6336.706,6317.945,6322.911,15831629491.8,250203.0
WDOFUT,M30,02/04/2025,6306.91,6330.636,6305.254,6328.429,15305351756.62,242212.0
WDOFUT,M30,02/04/2025,6289.804,6312.979,6288.149,6306.91,16730078093.26,265464.0
WDOFUT,M30,02/04/2025,6303.047,6303.047,6277.113,6290.356,18144738480.82,288580.0
WDOFUT,M30,02/04/2025,6303.047,6306.91,6293.667,6303.047,14698028925.71,233291.0
WDOFUT,M30,02/04/2025,6301.392,6303.599,6280.424,6303.599,19566201424.91,310989.0
WDOFUT,M30,01/04/2025,6303.047,6305.806,6300.288,6302.495,1738634744.78,27585.0
WDOFUT,M30,01/04/2025,6308.013,6308.013,6300.84,6302.495,2414205041.46,38294.0
WDOFUT,M30,01/04/2025,6303.047,6308.013,6302.495,6308.013,1885206445.9,29897.0
WDOFUT,M30,01/04/2025,6306.91,6307.461,6302.495,6303.047,2882662398.12,45720.0
WDOFUT,M30,01/04/2025,6302.495,6308.013,6300.288,6306.91,3918058709.82,62156.0
WDOFUT,M30,01/04/2025,6306.91,6309.669,6300.288,6302.495,5464568915.52,86673.0
WDOFUT,M30,01/04/2025,6306.91,6309.669,6302.495,6307.461,5386584684.95,85417.0
WDOFUT,M30,01/04/2025,6305.806,6308.565,6302.495,6306.358,4069334096.37,64534.0
WDOFUT,M30,01/04/2025,6308.013,6315.738,6304.702,6305.254,6623957491.31,104983.0
WDOFUT,M30,01/04/2025,6303.047,6314.635,6296.426,6308.565,8043136484.38,127532.0
WDOFUT,M30,01/04/2025,6310.22,6310.22,6292.563,6303.047,8707182887.48,138173.0
WDOFUT,M30,01/04/2025,6314.635,6316.842,6301.944,6310.22,8880279932.84,140732.0
WDOFUT,M30,01/04/2025,6314.083,6317.393,6306.91,6314.635,10025916030.21,158853.0
WDOFUT,M30,01/04/2025,6330.085,6334.499,6311.324,6314.083,14653959933.06,231804.0
WDOFUT,M30,01/04/2025,6343.879,6348.845,6325.67,6330.085,15759025126.83,248605.0
WDOFUT,M30,01/04/2025,6335.602,6352.708,6332.292,6344.431,12727206734.15,200649.0
WDOFUT,M30,01/04/2025,6352.708,6358.777,6332.843,6335.051,17477390429.87,275189.0
WDOFUT,M30,01/04/2025,6337.258,6353.811,6335.602,6352.708,12624364219.55,198987.0
WDOFUT,M30,01/04/2025,6338.913,6345.535,6326.774,6336.706,17142796594.33,270508.0
WDOFUT,M30,31/03/2025,6331.188,6331.74,6323.463,6324.567,2250543094.19,35569.0
WDOFUT,M30,31/03/2025,6329.533,6334.499,6327.877,6331.188,2909070151.33,45945.0
WDOFUT,M30,31/03/2025,6332.292,6333.395,6326.774,6330.085,3259621190.93,51499.0
WDOFUT,M30,31/03/2025,6331.188,6334.499,6326.774,6332.292,4804525810.85,75891.0
WDOFUT,M30,31/03/2025,6338.361,6342.776,6330.085,6330.636,8315666665.87,131241.0
WDOFUT,M30,31/03/2025,6330.636,6340.017,6326.222,6338.913,7458185966.73,117751.0
WDOFUT,M30,31/03/2025,6348.845,6350.501,6328.429,6330.636,8703578049.99,137319.0
WDOFUT,M30,31/03/2025,6351.052,6353.811,6343.879,6349.397,4739127986.72,74646.0
WDOFUT,M30,31/03/2025,6350.501,6352.156,6346.086,6350.501,3741731445.26,58934.0
WDOFUT,M30,31/03/2025,6359.881,6360.985,6345.535,6349.949,6966082797.68,109681.0
WDOFUT,M30,31/03/2025,6370.365,6370.917,6354.915,6359.329,7923421689.97,124532.0
WDOFUT,M30,31/03/2025,6362.088,6370.917,6356.57,6370.365,6159166027.22,96772.0
WDOFUT,M30,31/03/2025,6354.363,6366.502,6353.811,6362.088,10931592289.34,171864.0
WDOFUT,M30,31/03/2025,6370.917,6371.468,6348.845,6354.363,17122940180.67,269297.0
WDOFUT,M30,31/03/2025,6370.917,6385.815,6369.813,6371.468,12688339948.69,198929.0
WDOFUT,M30,31/03/2025,6366.502,6381.952,6362.088,6370.365,15602002854.48,244841.0
WDOFUT,M30,31/03/2025,6389.126,6394.643,6364.847,6366.502,20578261812.53,322404.0
WDOFUT,M30,31/03/2025,6408.438,6419.474,6383.608,6389.126,19433229434.85,303417.0
WDOFUT,M30,31/03/2025,6397.402,6413.404,6388.574,6408.99,16185301905.37,252739.0
WDOFUT,M30,28/03/2025,6395.769,6397.988,6391.33,6391.885,1175030742.17,18374.0
WDOFUT,M30,28/03/2025,6394.104,6397.988,6392.439,6395.214,1503715368.49,23514.0
WDOFUT,M30,28/03/2025,6395.769,6401.318,6393.549,6394.104,3059029442.86,47821.0
WDOFUT,M30,28/03/2025,6393.549,6397.434,6390.775,6395.769,3143361561.66,49163.0
WDOFUT,M30,28/03/2025,6391.33,6395.769,6390.775,6393.549,3379523417.64,52859.0
WDOFUT,M30,28/03/2025,6391.33,6396.324,6386.89,6390.775,5998396092.54,93843.0
WDOFUT,M30,28/03/2025,6391.885,6392.994,6379.122,6391.33,10524939670.25,164804.0
WDOFUT,M30,28/03/2025,6400.208,6406.867,6389.11,6391.33,11702250038.45,182938.0
WDOFUT,M30,28/03/2025,6404.092,6404.647,6394.104,6399.653,6304862391.64,98524.0
WDOFUT,M30,28/03/2025,6405.757,6409.086,6401.873,6404.647,4785432670.13,74697.0
WDOFUT,M30,28/03/2025,6402.983,6405.757,6400.763,6405.757,3926212253.36,61316.0
WDOFUT,M30,28/03/2025,6395.769,6404.092,6395.214,6402.983,5073916160.3,79285.0
WDOFUT,M30,28/03/2025,6403.537,6406.312,6388.555,6396.324,10766558866.11,168305.0
WDOFUT,M30,28/03/2025,6409.086,6410.196,6397.988,6404.092,10384371979.74,162149.0
WDOFUT,M30,28/03/2025,6389.665,6419.075,6386.89,6409.641,19354996904.8,302263.0
WDOFUT,M30,28/03/2025,6405.757,6407.977,6388.0,6389.665,15368190484.78,240267.0
WDOFUT,M30,28/03/2025,6403.537,6414.635,6397.988,6406.312,15933205922.81,248736.0
WDOFUT,M30,28/03/2025,6407.977,6411.306,6387.445,6403.537,16441230032.99,256977.0
WDOFUT,M30,28/03/2025,6381.896,6414.635,6380.787,6407.977,18817571368.63,293809.0
WDOFUT,M30,27/03/2025,6381.341,6383.006,6372.463,6375.238,1759910608.12,27593.0
WDOFUT,M30,27/03/2025,6383.561,6385.226,6380.232,6381.341,1335055797.6,20917.0
WDOFUT,M30,27/03/2025,6394.659,6395.214,6378.012,6384.116,5409884882.6,84741.0
WDOFUT,M30,27/03/2025,6394.104,6395.214,6386.89,6394.104,5064331912.56,79240.0
WDOFUT,M30,27/03/2025,6388.0,6400.208,6383.561,6394.104,6473896763.68,101304.0
WDOFUT,M30,27/03/2025,6378.012,6389.665,6378.012,6388.0,5566758554.16,87184.0
WDOFUT,M30,27/03/2025,6385.226,6386.89,6374.128,6378.012,8736032196.54,136922.0
WDOFUT,M30,27/03/2025,6371.353,6402.428,6367.469,6385.226,11243338635.53,176235.0
WDOFUT,M30,27/03/2025,6371.908,6373.018,6365.804,6371.908,3691406365.85,57957.0
WDOFUT,M30,27/03/2025,6369.134,6373.573,6368.579,6372.463,3886254784.57,60999.0
WDOFUT,M30,27/03/2025,6369.134,6373.573,6366.914,6368.579,4930716876.71,77405.0
WDOFUT,M30,27/03/2025,6375.238,6376.902,6364.694,6368.579,7538054594.37,118343.0
WDOFUT,M30,27/03/2025,6375.238,6379.677,6372.463,6375.238,7028666375.34,110239.0
WDOFUT,M30,27/03/2025,6365.249,6378.012,6360.81,6375.792,12643668969.72,198526.0
WDOFUT,M30,27/03/2025,6386.336,6392.994,6364.694,6365.249,17172502583.38,269111.0
WDOFUT,M30,27/03/2025,6403.537,6405.757,6384.671,6386.89,14230647266.02,222556.0
WDOFUT,M30,27/03/2025,6394.659,6409.641,6392.439,6403.537,15358157073.84,239908.0
WDOFUT,M30,27/03/2025,6371.353,6397.434,6366.914,6394.659,18265958584.4,286041.0
WDOFUT,M30,27/03/2025,6358.036,6376.902,6354.706,6370.798,16398672461.65,257594.0
WDOFUT,M30,26/03/2025,6371.908,6374.683,6369.134,6372.463,1784215561.87,28002.0
WDOFUT,M30,26/03/2025,6369.689,6373.018,6368.579,6371.353,1539999010.21,24173.0
WDOFUT,M30,26/03/2025,6368.579,6374.683,6364.694,6370.243,5052136935.96,79308.0
WDOFUT,M30,26/03/2025,6370.798,6372.463,6360.81,6368.024,5929081817.21,93143.0
WDOFUT,M30,26/03/2025,6367.469,6371.908,6364.14,6370.798,3969738512.34,62333.0
WDOFUT,M30,26/03/2025,6368.579,6372.463,6364.694,6367.469,4645920830.83,72948.0
WDOFUT,M30,26/03/2025,6375.792,6376.347,6363.585,6368.579,5668779524.01,88995.0
WDOFUT,M30,26/03/2025,6376.347,6381.896,6370.243,6375.792,6184975441.35,97012.0
WDOFUT,M30,26/03/2025,6367.469,6376.902,6366.914,6375.792,5094181558.43,79951.0
WDOFUT,M30,26/03/2025,6371.908,6374.128,6364.694,6368.024,5874866539.37,92236.0
WDOFUT,M30,26/03/2025,6373.573,6384.116,6370.243,6371.908,8857861022.33,138921.0
WDOFUT,M30,26/03/2025,6373.018,6378.567,6366.914,6373.573,8073021771.45,126692.0
WDOFUT,M30,26/03/2025,6362.475,6378.012,6358.036,6372.463,10840777729.51,170170.0
WDOFUT,M30,26/03/2025,6360.81,6368.579,6358.036,6362.475,7848160838.39,123339.0
WDOFUT,M30,26/03/2025,6363.585,6364.694,6350.822,6360.81,9728736376.65,153003.0
WDOFUT,M30,26/03/2025,6359.7,6373.018,6356.926,6363.03,15313526504.29,240610.0
WDOFUT,M30,26/03/2025,6358.036,6368.024,6353.042,6360.255,18007831479.65,283156.0
WDOFUT,M30,26/03/2025,6353.597,6363.585,6353.042,6358.036,15065341213.26,236943.0
WDOFUT,M30,26/03/2025,6338.059,6354.706,6324.742,6353.597,16492510615.13,260066.0
WDOFUT,M30,25/03/2025,6333.065,6336.395,6331.401,6332.51,1668562648.3,26344.0
WDOFUT,M30,25/03/2025,6339.724,6344.163,6331.955,6332.51,2984032244.46,47081.0
WDOFUT,M30,25/03/2025,6341.389,6346.938,6334.73,6340.279,5404785019.93,85228.0
WDOFUT,M30,25/03/2025,6333.62,6343.608,6330.291,6341.389,4917708534.31,77606.0
WDOFUT,M30,25/03/2025,6330.291,6336.95,6326.961,6333.62,4775836702.92,75427.0
WDOFUT,M30,25/03/2025,6327.516,6330.291,6323.632,6330.291,4073210066.53,64376.0
WDOFUT,M30,25/03/2025,6326.961,6329.736,6315.863,6326.961,6949079582.98,109897.0
WDOFUT,M30,25/03/2025,6333.62,6335.84,6321.967,6326.961,8634011204.5,136428.0
WDOFUT,M30,25/03/2025,6331.955,6341.389,6327.516,6333.62,8024367727.27,126679.0
WDOFUT,M30,25/03/2025,6320.303,6334.73,6318.638,6331.955,9342055777.37,147635.0
WDOFUT,M30,25/03/2025,6315.863,6323.077,6313.089,6320.857,7258136945.33,114886.0
WDOFUT,M30,25/03/2025,6316.973,6322.522,6314.754,6315.863,6856352981.5,108507.0
WDOFUT,M30,25/03/2025,6314.199,6319.193,6308.65,6316.418,10129350069.04,160421.0
WDOFUT,M30,25/03/2025,6330.846,6335.285,6313.089,6314.199,16704727247.46,264213.0
WDOFUT,M30,25/03/2025,6342.499,6347.493,6328.071,6330.846,18270463767.09,288267.0
WDOFUT,M30,25/03/2025,6356.926,6358.591,6340.834,6343.053,16237314599.24,255773.0
WDOFUT,M30,25/03/2025,6365.804,6373.018,6355.816,6356.926,16811492517.18,264126.0
WDOFUT,M30,25/03/2025,6377.457,6382.451,6362.475,6366.359,14288948194.97,224242.0
WDOFUT,M30,25/03/2025,6393.549,6394.104,6374.683,6376.902,19450848854.27,304700.0
WDOFUT,M30,24/03/2025,6407.422,6407.977,6402.428,6402.983,1886759835.01,29459.0
WDOFUT,M30,24/03/2025,6402.428,6408.532,6401.318,6407.977,2511887298.84,39214.0
WDOFUT,M30,24/03/2025,6392.439,6406.312,6392.439,6402.428,4836204043.41,75559.0
WDOFUT,M30,24/03/2025,6392.994,6397.434,6391.33,6392.994,3390356160.96,53024.0
WDOFUT,M30,24/03/2025,6393.549,6397.434,6391.33,6392.994,3255355169.87,50910.0
WDOFUT,M30,24/03/2025,6398.543,6403.537,6390.22,6393.549,9435741244.77,147544.0
WDOFUT,M30,24/03/2025,6389.665,6401.873,6387.445,6399.098,8220173835.52,128517.0
WDOFUT,M30,24/03/2025,6380.787,6391.33,6379.122,6389.665,7573398425.41,118575.0
WDOFUT,M30,24/03/2025,6369.689,6383.006,6365.804,6380.787,6540547572.51,102607.0
WDOFUT,M30,24/03/2025,6372.463,6375.238,6366.359,6369.689,4003664980.86,62844.0
WDOFUT,M30,24/03/2025,6368.579,6373.573,6363.03,6373.018,5524303156.42,86741.0
WDOFUT,M30,24/03/2025,6373.018,6374.128,6367.469,6368.579,4318178606.57,67780.0
WDOFUT,M30,24/03/2025,6380.232,6382.451,6366.914,6373.018,7263932107.87,113980.0
WDOFUT,M30,24/03/2025,6369.134,6384.671,6368.024,6380.232,8902409655.45,139591.0
WDOFUT,M30,24/03/2025,6376.347,6380.787,6361.92,6368.579,11762526935.91,184587.0
WDOFUT,M30,24/03/2025,6375.238,6376.347,6360.255,6375.792,16948494974.4,266082.0
WDOFUT,M30,24/03/2025,6398.543,6403.537,6375.238,6375.238,15829373451.04,247653.0
WDOFUT,M30,24/03/2025,6361.365,6416.3,6360.81,6398.543,29299253328.95,458329.0
WDOFUT,M30,24/03/2025,6350.822,6362.475,6338.614,6360.81,15293073894.26,240809.0
WDOFUT,M30,21/03/2025,6369.689,6379.122,6368.579,6368.579,2506999812.76,39330.0
WDOFUT,M30,21/03/2025,6367.469,6373.018,6366.914,6369.689,2564943497.56,40270.0
WDOFUT,M30,21/03/2025,6354.706,6369.689,6354.151,6367.469,5355188207.45,84154.0
WDOFUT,M30,21/03/2025,6355.816,6358.591,6352.487,6354.706,2786231611.87,43842.0
WDOFUT,M30,21/03/2025,6361.92,6362.475,6354.151,6356.371,3194665382.97,50254.0
WDOFUT,M30,21/03/2025,6356.926,6362.475,6351.377,6362.475,4687082747.31,73738.0
WDOFUT,M30,21/03/2025,6354.706,6361.92,6352.487,6356.926,4374836312.34,68805.0
WDOFUT,M30,21/03/2025,6351.377,6360.81,6351.377,6354.706,6238571523.76,98151.0
WDOFUT,M30,21/03/2025,6346.383,6354.151,6342.499,6351.377,7213491942.85,113642.0
WDOFUT,M30,21/03/2025,6362.475,6362.475,6345.273,6346.383,7628545684.31,120070.0
WDOFUT,M30,21/03/2025,6365.249,6365.804,6356.926,6362.475,8314390735.49,130682.0
WDOFUT,M30,21/03/2025,6369.134,6370.798,6362.475,6365.249,8837907277.82,138838.0
WDOFUT,M30,21/03/2025,6371.908,6376.347,6367.469,6369.134,7744502860.24,121544.0
WDOFUT,M30,21/03/2025,6364.694,6373.018,6361.92,6372.463,7539249908.41,118419.0
WDOFUT,M30,21/03/2025,6366.359,6374.128,6363.03,6364.694,11622553636.84,182518.0
WDOFUT,M30,21/03/2025,6366.359,6372.463,6359.146,6366.359,12835449522.46,201650.0
WDOFUT,M30,21/03/2025,6358.591,6368.579,6352.487,6366.914,15883761252.62,249682.0
WDOFUT,M30,21/03/2025,6352.487,6362.475,6340.834,6358.591,21013523744.99,330832.0
WDOFUT,M30,21/03/2025,6325.297,6352.487,6317.528,6352.487,20990339560.12,331395.0
WDOFUT,M30,20/03/2025,6318.083,6320.303,6312.534,6313.089,1827316324.1,28927.0
WDOFUT,M30,20/03/2025,6310.869,6319.193,6306.985,6318.638,3148534265.95,49866.0
WDOFUT,M30,20/03/2025,6314.199,6315.863,6304.21,6311.424,4456991694.52,70633.0
WDOFUT,M30,20/03/2025,6305.32,6315.308,6299.771,6313.644,5652690824.85,89625.0
WDOFUT,M30,20/03/2025,6309.759,6310.869,6302.546,6305.32,5352678681.11,84874.0
WDOFUT,M30,20/03/2025,6296.442,6312.534,6295.332,6309.759,7933900092.92,125856.0
WDOFUT,M30,20/03/2025,6300.326,6305.875,6289.228,6296.442,8713324237.31,138416.0
WDOFUT,M30,20/03/2025,6303.656,6307.54,6298.107,6299.771,4370323771.69,69334.0
WDOFUT,M30,20/03/2025,6309.759,6310.314,6295.887,6303.656,7041552995.03,111729.0
WDOFUT,M30,20/03/2025,6311.424,6312.534,6301.436,6309.205,5979940559.38,94816.0
WDOFUT,M30,20/03/2025,6310.869,6320.303,6309.205,6311.424,8018107853.24,126986.0
WDOFUT,M30,20/03/2025,6303.101,6319.193,6300.881,6310.869,8690929807.26,137703.0
WDOFUT,M30,20/03/2025,6303.101,6309.205,6295.887,6303.101,8731537168.51,138533.0
WDOFUT,M30,20/03/2025,6312.534,6313.644,6300.881,6302.546,8982225404.79,142438.0
WDOFUT,M30,20/03/2025,6308.095,6314.754,6300.881,6313.089,11863497481.46,188119.0
WDOFUT,M30,20/03/2025,6304.765,6316.973,6303.656,6308.65,16709250325.64,264782.0
WDOFUT,M30,20/03/2025,6291.448,6306.985,6281.46,6305.32,18673346736.64,296689.0
WDOFUT,M30,20/03/2025,6293.112,6296.442,6284.789,6291.448,9714842276.32,154426.0
WDOFUT,M30,20/03/2025,6298.107,6298.661,6283.124,6292.558,15326070967.55,243617.0
WDOFUT,M30,19/03/2025,6284.789,6287.009,6279.24,6284.789,1469494309.5,23390.0
WDOFUT,M30,19/03/2025,6279.24,6286.454,6276.466,6284.234,2573137206.6,40964.0
WDOFUT,M30,19/03/2025,6282.569,6285.899,6277.02,6279.795,3275164429.71,52140.0
WDOFUT,M30,19/03/2025,6285.344,6288.118,6275.356,6283.124,5962818848.67,94925.0
WDOFUT,M30,19/03/2025,6268.697,6287.563,6265.922,6285.344,10002473785.27,159338.0
WDOFUT,M30,19/03/2025,6284.234,6284.234,6265.368,6269.252,12010376307.58,191449.0
WDOFUT,M30,19/03/2025,6296.997,6298.107,6278.13,6284.234,10709638742.93,170363.0
WDOFUT,M30,19/03/2025,6294.777,6301.991,6292.003,6297.552,6434689940.41,102163.0
WDOFUT,M30,19/03/2025,6292.003,6296.997,6291.448,6294.777,4440528277.45,70549.0
WDOFUT,M30,19/03/2025,6287.009,6294.777,6285.899,6292.003,6139035248.52,97596.0
WDOFUT,M30,19/03/2025,6283.679,6289.228,6281.46,6286.454,6900720107.07,109792.0
WDOFUT,M30,19/03/2025,6296.997,6298.661,6283.679,6283.679,8689702264.67,138136.0
WDOFUT,M30,19/03/2025,6296.442,6298.661,6290.338,6297.552,8268721749.67,131369.0
WDOFUT,M30,19/03/2025,6314.199,6314.754,6290.893,6296.997,14028994639.3,222616.0
WDOFUT,M30,19/03/2025,6318.083,6320.303,6309.205,6314.199,11854355677.1,187713.0
WDOFUT,M30,19/03/2025,6315.863,6323.632,6310.869,6318.083,10816502418.48,171204.0
WDOFUT,M30,19/03/2025,6324.187,6324.742,6314.199,6315.863,12379704763.14,195895.0
WDOFUT,M30,19/03/2025,6321.967,6330.846,6314.754,6324.187,13215028759.64,208976.0
WDOFUT,M30,19/03/2025,6324.187,6326.406,6308.095,6322.522,15304058003.0,242256.0
WDOFUT,M30,18/03/2025,6311.424,6313.644,6305.32,6313.644,1640563158.64,26004.0
WDOFUT,M30,18/03/2025,6312.534,6314.754,6309.205,6310.869,1656311549.18,26241.0
WDOFUT,M30,18/03/2025,6313.089,6314.754,6310.314,6312.534,2337284762.44,37028.0
WDOFUT,M30,18/03/2025,6311.979,6315.308,6310.869,6313.089,3162081798.41,50088.0
WDOFUT,M30,18/03/2025,6306.985,6313.644,6306.43,6311.424,4286156419.13,67926.0
WDOFUT,M30,18/03/2025,6306.43,6309.759,6304.765,6306.985,3501841159.62,55521.0
WDOFUT,M30,18/03/2025,6304.765,6310.314,6301.436,6306.43,5264124494.77,83468.0
WDOFUT,M30,18/03/2025,6299.771,6308.095,6299.216,6304.765,4852697208.64,76977.0
WDOFUT,M30,18/03/2025,6307.54,6310.869,6298.661,6300.326,7297616307.37,115742.0
WDOFUT,M30,18/03/2025,6303.101,6309.759,6297.552,6307.54,6116709304.13,97049.0
WDOFUT,M30,18/03/2025,6311.979,6313.644,6293.667,6303.656,12765580170.31,202495.0
WDOFUT,M30,18/03/2025,6319.193,6322.522,6308.65,6311.979,8472293772.92,134151.0
WDOFUT,M30,18/03/2025,6330.846,6334.175,6316.418,6319.748,12369853392.45,195593.0
WDOFUT,M30,18/03/2025,6334.73,6339.724,6326.961,6330.846,9286830532.94,146633.0
WDOFUT,M30,18/03/2025,6334.73,6343.608,6329.736,6334.175,12222140414.02,192877.0
WDOFUT,M30,18/03/2025,6330.846,6337.504,6324.742,6334.175,12242992035.47,193351.0
WDOFUT,M30,18/03/2025,6333.065,6335.84,6320.857,6330.291,17736765977.55,280287.0
WDOFUT,M30,18/03/2025,6339.724,6354.151,6333.065,6333.065,14832274607.53,233809.0
WDOFUT,M30,18/03/2025,6346.938,6359.7,6337.504,6340.279,19897887948.95,313419.0
WDOFUT,M30,17/03/2025,6327.516,6332.51,6325.297,6331.401,1634079865.53,25821.0
WDOFUT,M30,17/03/2025,6325.852,6329.181,6325.297,6326.961,1685065529.81,26630.0
WDOFUT,M30,17/03/2025,6329.181,6332.51,6322.522,6326.406,4800178801.63,75864.0
WDOFUT,M30,17/03/2025,6315.308,6330.846,6314.199,6329.181,7060994101.41,111677.0
WDOFUT,M30,17/03/2025,6310.314,6316.973,6307.54,6315.308,6916341076.09,109570.0
WDOFUT,M30,17/03/2025,6328.071,6328.626,6308.65,6309.759,11676386444.82,184818.0
WDOFUT,M30,17/03/2025,6339.169,6339.724,6327.516,6328.071,4643178074.78,73335.0
WDOFUT,M30,17/03/2025,6333.065,6339.724,6330.291,6339.169,6509078114.68,102756.0
WDOFUT,M30,17/03/2025,6329.181,6333.62,6324.742,6333.065,5243318652.51,82828.0
WDOFUT,M30,17/03/2025,6329.181,6333.62,6324.187,6328.626,8110692944.32,128141.0
WDOFUT,M30,17/03/2025,6331.955,6336.95,6326.406,6329.181,8096246536.11,127842.0
WDOFUT,M30,17/03/2025,6335.285,6338.059,6328.626,6331.401,7763912126.5,122597.0
WDOFUT,M30,17/03/2025,6353.597,6354.151,6332.51,6335.84,14192320468.58,223722.0
WDOFUT,M30,17/03/2025,6361.365,6363.585,6348.048,6353.042,8948734915.07,140800.0
WDOFUT,M30,17/03/2025,6374.128,6376.902,6353.042,6361.92,15614644889.66,245370.0
WDOFUT,M30,17/03/2025,6369.134,6375.238,6361.92,6374.128,13278997252.05,208500.0
WDOFUT,M30,17/03/2025,6354.151,6373.573,6351.932,6369.134,13727330244.17,215741.0
WDOFUT,M30,17/03/2025,6355.816,6362.475,6345.828,6353.597,16423217065.29,258451.0
WDOFUT,M30,17/03/2025,6388.0,6393.549,6354.706,6356.371,16396829064.12,257359.0
WDOFUT,M30,14/03/2025,6395.214,6399.653,6393.549,6399.098,1548356686.43,24207.0
WDOFUT,M30,14/03/2025,6399.653,6400.208,6391.33,6395.214,2886449025.95,45129.0
WDOFUT,M30,14/03/2025,6397.434,6404.092,6392.994,6400.208,5201407810.71,81291.0
WDOFUT,M30,14/03/2025,6392.994,6397.988,6390.775,6397.988,4264097941.74,66684.0
WDOFUT,M30,14/03/2025,6389.11,6394.659,6383.561,6392.994,7246226299.1,113413.0
WDOFUT,M30,14/03/2025,6386.336,6394.659,6381.896,6389.665,7701503394.87,120543.0
WDOFUT,M30,14/03/2025,6381.896,6388.0,6374.683,6385.781,8719192208.19,136629.0
WDOFUT,M30,14/03/2025,6363.585,6383.006,6362.475,6381.341,8392719188.35,131668.0
WDOFUT,M30,14/03/2025,6366.359,6371.908,6361.365,6363.03,7545475994.62,118529.0
WDOFUT,M30,14/03/2025,6376.347,6376.902,6364.14,6366.359,6526240072.23,102454.0
WDOFUT,M30,14/03/2025,6381.896,6384.671,6369.134,6376.347,8255872252.74,129485.0
WDOFUT,M30,14/03/2025,6383.561,6386.89,6371.908,6381.341,6792735912.35,106502.0
WDOFUT,M30,14/03/2025,6384.671,6389.11,6379.677,6383.561,7485194558.08,117236.0
WDOFUT,M30,14/03/2025,6385.226,6391.33,6377.457,6384.116,13748700851.8,215378.0
WDOFUT,M30,14/03/2025,6394.104,6400.763,6381.896,6385.781,16496638888.04,258109.0
WDOFUT,M30,14/03/2025,6405.757,6408.532,6389.11,6394.104,19193324192.55,300091.0
WDOFUT,M30,14/03/2025,6413.526,6416.855,6398.543,6406.312,17862873148.76,278776.0
WDOFUT,M30,14/03/2025,6428.508,6429.618,6410.196,6413.526,17089427927.34,266287.0
WDOFUT,M30,14/03/2025,6447.929,6450.149,6425.733,6428.508,19559524631.04,303909.0
WDOFUT,M30,13/03/2025,6461.802,6462.912,6457.918,6462.357,1312723194.42,20319.0
WDOFUT,M30,13/03/2025,6462.912,6466.241,6460.137,6461.247,3018447584.77,46702.0
WDOFUT,M30,13/03/2025,6457.918,6464.021,6457.918,6462.912,3331659205.96,51561.0
WDOFUT,M30,13/03/2025,6461.802,6463.467,6451.814,6458.472,5592281772.59,86607.0
WDOFUT,M30,13/03/2025,6472.345,6472.345,6457.918,6461.802,5994112470.03,92740.0
WDOFUT,M30,13/03/2025,6468.461,6472.9,6466.241,6471.79,3380814252.04,52260.0
WDOFUT,M30,13/03/2025,6474.01,6474.01,6464.576,6467.906,4179951303.56,64623.0
WDOFUT,M30,13/03/2025,6470.125,6474.565,6469.016,6474.01,4801163187.36,74190.0
WDOFUT,M30,13/03/2025,6462.357,6471.235,6456.808,6470.125,6860665458.77,106119.0
WDOFUT,M30,13/03/2025,6469.016,6470.125,6460.137,6462.357,3538937784.24,54749.0
WDOFUT,M30,13/03/2025,6465.131,6470.125,6465.131,6469.016,4119392927.91,63698.0
WDOFUT,M30,13/03/2025,6459.582,6471.235,6459.582,6465.686,7410591032.96,114605.0
WDOFUT,M30,13/03/2025,6469.016,6474.01,6455.698,6459.582,9870137786.65,152666.0
WDOFUT,M30,13/03/2025,6469.57,6475.674,6466.241,6469.57,9119059394.6,140929.0
WDOFUT,M30,13/03/2025,6490.102,6491.212,6468.461,6470.125,14440191520.17,222894.0
WDOFUT,M30,13/03/2025,6494.541,6500.09,6487.882,6489.547,11152923916.38,171753.0
WDOFUT,M30,13/03/2025,6476.784,6501.2,6471.79,6494.541,16564269576.83,255271.0
WDOFUT,M30,13/03/2025,6477.894,6488.437,6471.79,6476.784,15516786740.75,239442.0
WDOFUT,M30,13/03/2025,6485.108,6487.327,6471.79,6477.894,12095460514.64,186656.0
WDOFUT,M30,12/03/2025,6460.692,6467.351,6460.137,6466.796,1593446512.8,24647.0
WDOFUT,M30,12/03/2025,6464.021,6467.906,6457.363,6460.692,2839901545.82,43948.0
WDOFUT,M30,12/03/2025,6470.68,6471.235,6461.802,6464.576,2782198620.7,43025.0
WDOFUT,M30,12/03/2025,6467.906,6471.79,6461.247,6470.68,3711919881.63,57408.0
WDOFUT,M30,12/03/2025,6463.467,6470.125,6461.802,6467.906,5986466185.76,92576.0
WDOFUT,M30,12/03/2025,6463.467,6465.686,6445.71,6463.467,13767392006.28,213277.0
WDOFUT,M30,12/03/2025,6471.79,6473.455,6453.478,6462.912,12516069119.51,193675.0
WDOFUT,M30,12/03/2025,6480.668,6483.998,6465.131,6472.345,7463415594.54,115294.0
WDOFUT,M30,12/03/2025,6482.333,6488.992,6478.449,6481.223,4675985039.59,72122.0
WDOFUT,M30,12/03/2025,6481.778,6487.882,6480.114,6482.333,3142229278.62,48467.0
WDOFUT,M30,12/03/2025,6486.217,6489.547,6475.674,6481.778,5361205523.91,82697.0
WDOFUT,M30,12/03/2025,6482.888,6488.437,6479.004,6485.663,4442712205.56,68522.0
WDOFUT,M30,12/03/2025,6488.437,6493.986,6476.784,6482.888,8351353917.94,128758.0
WDOFUT,M30,12/03/2025,6485.108,6491.212,6479.004,6487.882,9435490247.19,145483.0
WDOFUT,M30,12/03/2025,6474.565,6497.87,6470.125,6485.108,14764123833.87,227652.0
WDOFUT,M30,12/03/2025,6502.31,6503.419,6469.57,6474.01,19266267253.77,297184.0
WDOFUT,M30,12/03/2025,6511.188,6514.517,6497.87,6501.755,14474749408.55,222486.0
WDOFUT,M30,12/03/2025,6483.998,6511.743,6463.467,6511.188,28093484203.17,433080.0
WDOFUT,M30,12/03/2025,6476.784,6493.986,6475.674,6483.998,12183021303.67,187849.0
WDOFUT,M30,11/03/2025,6476.229,6478.449,6469.57,6474.565,1697467100.96,26222.0
WDOFUT,M30,11/03/2025,6480.668,6481.223,6473.455,6476.229,2140769121.15,33049.0
WDOFUT,M30,11/03/2025,6476.229,6482.333,6474.01,6480.114,3325461347.48,51331.0
WDOFUT,M30,11/03/2025,6472.9,6479.559,6467.906,6475.674,6214356186.24,95994.0
WDOFUT,M30,11/03/2025,6473.455,6480.668,6471.79,6472.9,6738536094.0,104050.0
WDOFUT,M30,11/03/2025,6486.772,6491.766,6471.79,6473.455,10673029108.99,164716.0
WDOFUT,M30,11/03/2025,6498.98,6502.864,6485.663,6487.327,8465192005.74,130350.0
WDOFUT,M30,11/03/2025,6506.194,6511.188,6497.87,6498.98,6991605269.82,107500.0
WDOFUT,M30,11/03/2025,6501.2,6510.078,6499.535,6506.194,8381770953.84,128857.0
WDOFUT,M30,11/03/2025,6492.876,6501.755,6490.657,6500.645,4737902224.81,72925.0
WDOFUT,M30,11/03/2025,6492.321,6497.315,6487.882,6492.876,7398475162.79,113948.0
WDOFUT,M30,11/03/2025,6496.761,6501.2,6486.217,6492.321,7411008095.25,114129.0
WDOFUT,M30,11/03/2025,6508.968,6509.523,6490.657,6496.761,10594045492.12,163027.0
WDOFUT,M30,11/03/2025,6500.645,6514.517,6491.766,6508.968,14701694576.52,226062.0
WDOFUT,M30,11/03/2025,6494.541,6508.413,6493.431,6500.645,15744543737.44,242146.0
WDOFUT,M30,11/03/2025,6504.529,6511.188,6488.992,6494.541,16846430789.0,259252.0
WDOFUT,M30,11/03/2025,6507.859,6510.633,6493.431,6504.529,16063546492.6,247010.0
WDOFUT,M30,11/03/2025,6503.419,6516.737,6499.535,6508.413,12249091088.59,188188.0
WDOFUT,M30,11/03/2025,6507.859,6518.402,6498.425,6503.419,20054872644.76,308232.0
WDOFUT,M30,10/03/2025,6527.835,6530.609,6526.17,6526.17,1717157778.83,26303.0
WDOFUT,M30,10/03/2025,6530.054,6532.274,6526.725,6528.39,2381494307.72,36474.0
WDOFUT,M30,10/03/2025,6526.17,6535.603,6520.066,6530.054,5110264092.65,78294.0
WDOFUT,M30,10/03/2025,6526.725,6533.939,6522.286,6526.17,8176336516.66,125253.0
WDOFUT,M30,10/03/2025,6539.488,6546.701,6524.505,6526.17,11362956825.91,173823.0
WDOFUT,M30,10/03/2025,6528.39,6542.817,6527.835,6539.488,11325144997.18,173285.0
WDOFUT,M30,10/03/2025,6510.633,6533.384,6506.749,6527.835,16797167665.2,257675.0
WDOFUT,M30,10/03/2025,6490.102,6512.853,6488.437,6510.633,13206849688.85,203127.0
WDOFUT,M30,10/03/2025,6483.998,6491.766,6478.449,6490.102,7678656433.38,118425.0
WDOFUT,M30,10/03/2025,6481.778,6486.217,6475.119,6483.443,7817889541.23,120624.0
WDOFUT,M30,10/03/2025,6462.357,6487.327,6461.802,6481.778,13186740439.37,203642.0
WDOFUT,M30,10/03/2025,6448.484,6464.576,6446.82,6462.912,10105423262.49,156503.0
WDOFUT,M30,10/03/2025,6441.271,6449.594,6439.051,6447.929,8798475154.36,136518.0
WDOFUT,M30,10/03/2025,6445.71,6452.369,6434.612,6441.271,12578474444.06,195205.0
WDOFUT,M30,10/03/2025,6453.478,6457.363,6442.935,6445.71,12014020647.31,186273.0
WDOFUT,M30,10/03/2025,6460.692,6462.357,6447.929,6454.033,14231590173.04,220527.0
WDOFUT,M30,10/03/2025,6466.796,6470.125,6457.918,6460.137,11563053975.68,178910.0
WDOFUT,M30,10/03/2025,6452.369,6480.668,6449.039,6466.241,18009912240.88,278514.0
WDOFUT,M30,10/03/2025,6456.808,6464.021,6447.929,6452.923,15496208912.15,240057.0
WDOFUT,M30,07/03/2025,6455.698,6458.472,6452.369,6452.923,2947816716.62,45669.0
WDOFUT,M30,07/03/2025,6456.808,6460.137,6454.033,6455.698,2853712128.26,44197.0
WDOFUT,M30,07/03/2025,6455.143,6458.472,6454.033,6456.253,3008364327.24,46598.0
WDOFUT,M30,07/03/2025,6457.918,6460.137,6454.033,6455.143,3164794295.8,49006.0
WDOFUT,M30,07/03/2025,6461.802,6467.351,6454.033,6457.918,6987070494.35,108145.0
WDOFUT,M30,07/03/2025,6455.143,6462.357,6450.149,6461.802,5950385343.06,92176.0
WDOFUT,M30,07/03/2025,6458.472,6460.137,6450.149,6455.143,6584345260.46,101996.0
WDOFUT,M30,07/03/2025,6454.033,6462.912,6450.149,6459.027,7314354072.19,113254.0
WDOFUT,M30,07/03/2025,6452.923,6462.912,6450.149,6453.478,8741679345.26,135409.0
WDOFUT,M30,07/03/2025,6446.82,6459.582,6446.265,6452.923,9970648365.11,154518.0
WDOFUT,M30,07/03/2025,6429.063,6448.484,6427.953,6447.374,8242437503.56,128034.0
WDOFUT,M30,07/03/2025,6440.716,6444.6,6425.179,6429.618,10619257112.42,165049.0
WDOFUT,M30,07/03/2025,6437.386,6450.704,6432.392,6440.716,10730769156.86,166632.0
WDOFUT,M30,07/03/2025,6437.941,6447.374,6435.167,6437.386,10675540411.01,165736.0
WDOFUT,M30,07/03/2025,6436.276,6447.929,6425.733,6437.941,16216521885.89,251904.0
WDOFUT,M30,07/03/2025,6440.161,6444.6,6417.965,6436.276,22781184880.76,354343.0
WDOFUT,M30,07/03/2025,6432.947,6443.49,6429.063,6439.606,9526371453.5,148029.0
WDOFUT,M30,07/03/2025,6429.618,6440.161,6424.624,6432.392,12552505441.77,195099.0
WDOFUT,M30,07/03/2025,6423.514,6431.837,6415.19,6429.618,14234560587.61,221605.0
WDOFUT,M30,06/03/2025,6429.063,6431.282,6423.514,6430.728,2585848683.44,40232.0
WDOFUT,M30,06/03/2025,6430.728,6432.947,6426.843,6429.063,3171943218.32,49334.0
WDOFUT,M30,06/03/2025,6424.624,6431.282,6420.184,6430.173,5062404869.52,78796.0
WDOFUT,M30,06/03/2025,6430.728,6431.282,6422.959,6424.624,4163916074.5,64800.0
WDOFUT,M30,06/03/2025,6424.624,6433.502,6419.63,6430.173,5781158304.45,89969.0
WDOFUT,M30,06/03/2025,6422.404,6427.953,6415.745,6424.624,7084802836.5,110325.0
WDOFUT,M30,06/03/2025,6436.276,6436.831,6422.404,6422.959,5826185255.18,90608.0
WDOFUT,M30,06/03/2025,6431.282,6439.606,6427.953,6436.276,7471656447.82,116136.0
WDOFUT,M30,06/03/2025,6445.71,6447.374,6429.063,6431.282,8224808465.1,127791.0
WDOFUT,M30,06/03/2025,6426.843,6448.484,6422.404,6446.265,13775024662.22,213898.0
WDOFUT,M30,06/03/2025,6416.855,6432.392,6414.635,6426.843,9394643347.02,146247.0
WDOFUT,M30,06/03/2025,6410.196,6427.953,6410.196,6416.855,10655944770.74,166022.0
WDOFUT,M30,06/03/2025,6423.514,6427.398,6397.988,6410.751,17619059442.86,274859.0
WDOFUT,M30,06/03/2025,6405.202,6434.612,6401.873,6424.069,18075890273.21,281675.0
WDOFUT,M30,06/03/2025,6402.428,6406.867,6394.659,6405.757,13032064662.73,203598.0
WDOFUT,M30,06/03/2025,6404.647,6412.971,6401.318,6402.428,13208762975.94,206143.0
WDOFUT,M30,06/03/2025,6407.977,6419.63,6397.988,6404.092,16250683653.89,253605.0
WDOFUT,M30,06/03/2025,6422.959,6427.953,6407.422,6407.977,15452883371.33,240788.0
WDOFUT,M30,06/03/2025,6415.745,6432.947,6411.306,6422.404,17920276922.13,278993.0
WDOFUT,M30,05/03/2025,6422.959,6422.959,6401.318,6404.647,6308192164.52,98416.0
WDOFUT,M30,05/03/2025,6429.063,6431.282,6412.416,6422.404,7592729289.96,118258.0
WDOFUT,M30,05/03/2025,6420.739,6432.392,6419.63,6429.618,7187456779.92,111821.0
WDOFUT,M30,05/03/2025,6422.404,6425.733,6416.3,6421.294,8523040425.44,132723.0
WDOFUT,M30,05/03/2025,6442.935,6444.045,6417.965,6422.404,13321223864.83,207162.0
WDOFUT,M30,05/03/2025,6447.374,6454.588,6436.831,6442.935,11338130888.35,175913.0
WDOFUT,M30,05/03/2025,6462.357,6466.241,6445.71,6447.374,14111813797.53,218555.0
WDOFUT,M30,05/03/2025,6471.235,6476.784,6461.802,6462.912,10419121208.49,161047.0
WDOFUT,M30,05/03/2025,6480.114,6488.992,6468.461,6471.235,10396882621.89,160503.0
WDOFUT,M30,05/03/2025,6472.345,6491.212,6464.576,6479.559,17972420011.93,277345.0
WDOFUT,M30,05/03/2025,6516.182,6518.402,6462.912,6472.345,35411934358.56,546442.0
WDOFUT,M30,28/02/2025,6567.233,6579.995,6556.69,6561.129,4671667817.93,71127.0
WDOFUT,M30,28/02/2025,6575.556,6585.544,6565.013,6567.788,5428299741.64,82552.0
WDOFUT,M30,28/02/2025,6601.636,6603.856,6570.562,6575.556,9360860447.59,142144.0
WDOFUT,M30,28/02/2025,6587.209,6604.411,6584.989,6601.636,8658535343.46,131303.0
WDOFUT,M30,28/02/2025,6588.874,6589.984,6575.556,6586.654,7474189324.33,113542.0
WDOFUT,M30,28/02/2025,6581.105,6590.538,6573.892,6588.874,8253328150.62,125361.0
WDOFUT,M30,28/02/2025,6568.343,6592.203,6568.343,6581.105,13240251416.88,201139.0
WDOFUT,M30,28/02/2025,6558.909,6575.001,6552.25,6568.343,11925769863.24,181756.0
WDOFUT,M30,28/02/2025,6566.123,6566.123,6549.476,6558.909,11233510037.91,171365.0
WDOFUT,M30,28/02/2025,6556.135,6576.666,6552.805,6566.123,12968589364.79,197517.0
WDOFUT,M30,28/02/2025,6550.031,6558.909,6535.049,6556.69,13969554380.1,213360.0
WDOFUT,M30,28/02/2025,6530.609,6553.915,6528.39,6550.031,16470915883.69,251686.0
WDOFUT,M30,28/02/2025,6521.176,6538.378,6520.066,6530.609,11804442683.03,180798.0
WDOFUT,M30,28/02/2025,6522.841,6526.725,6510.633,6520.621,10840149222.87,166290.0
WDOFUT,M30,28/02/2025,6511.743,6525.615,6503.419,6522.286,21070489103.56,323468.0
WDOFUT,M30,28/02/2025,6512.298,6521.176,6506.749,6512.298,11539370320.43,177147.0
WDOFUT,M30,28/02/2025,6520.621,6523.951,6497.87,6512.298,17644898077.12,271063.0
WDOFUT,M30,28/02/2025,6530.054,6530.054,6512.298,6520.621,17193299796.96,263628.0
WDOFUT,M30,28/02/2025,6511.188,6541.152,6507.859,6530.054,18701247293.31,286488.0
WDOFUT,M30,27/02/2025,6517.284,6529.577,6516.167,6518.402,2916966411.28,44721.0
WDOFUT,M30,27/02/2025,6515.049,6521.754,6513.373,6517.284,3352463771.55,51431.0
WDOFUT,M30,27/02/2025,6516.167,6516.725,6509.462,6514.49,5488938439.56,84268.0
WDOFUT,M30,27/02/2025,6518.402,6525.107,6512.255,6515.608,6536961068.15,100282.0
WDOFUT,M30,27/02/2025,6508.344,6519.519,6503.874,6518.402,5871729181.33,90167.0
WDOFUT,M30,27/02/2025,6512.255,6514.49,6506.668,6508.344,5404892345.27,83021.0
WDOFUT,M30,27/02/2025,6512.814,6523.989,6511.138,6512.814,6121088125.26,93928.0
WDOFUT,M30,27/02/2025,6511.138,6521.754,6508.903,6512.814,6577932854.02,100960.0
WDOFUT,M30,27/02/2025,6515.608,6516.167,6505.55,6511.138,6580431995.55,101078.0
WDOFUT,M30,27/02/2025,6521.754,6523.43,6514.49,6515.608,6686485931.2,102556.0
WDOFUT,M30,27/02/2025,6515.049,6525.107,6513.373,6521.195,8431537076.58,129350.0
WDOFUT,M30,27/02/2025,6518.96,6520.637,6509.462,6515.049,9234196514.59,141733.0
WDOFUT,M30,27/02/2025,6515.608,6522.872,6510.02,6518.96,12671986548.46,194434.0
WDOFUT,M30,27/02/2025,6498.287,6518.402,6491.581,6516.167,15263147122.81,234748.0
WDOFUT,M30,27/02/2025,6509.462,6517.284,6491.581,6498.287,17779988811.4,273357.0
WDOFUT,M30,27/02/2025,6487.67,6514.49,6480.965,6509.462,22442758543.33,345276.0
WDOFUT,M30,27/02/2025,6489.905,6497.728,6484.318,6487.111,15223702188.42,234520.0
WDOFUT,M30,27/02/2025,6499.963,6504.433,6478.73,6490.464,16859827636.04,259785.0
WDOFUT,M30,27/02/2025,6502.757,6510.02,6484.876,6499.963,20068551287.9,308727.0
WDOFUT,M30,26/02/2025,6494.375,6500.522,6482.641,6485.994,3927405962.35,60494.0
WDOFUT,M30,26/02/2025,6493.816,6502.757,6491.581,6494.934,5701927686.37,87753.0
WDOFUT,M30,26/02/2025,6484.318,6497.728,6483.2,6494.375,13803316176.46,212609.0
WDOFUT,M30,26/02/2025,6480.406,6484.318,6471.466,6484.318,6800655712.66,105011.0
WDOFUT,M30,26/02/2025,6473.143,6483.2,6471.466,6480.406,7419978099.27,114532.0
WDOFUT,M30,26/02/2025,6464.761,6474.819,6461.968,6473.143,7769548846.07,120112.0
WDOFUT,M30,26/02/2025,6465.879,6469.79,6460.85,6464.203,5031708579.77,77836.0
WDOFUT,M30,26/02/2025,6451.91,6469.79,6449.675,6465.32,10081844646.18,156011.0
WDOFUT,M30,26/02/2025,6460.291,6469.79,6450.234,6451.91,10685042906.54,165389.0
WDOFUT,M30,26/02/2025,6453.586,6464.203,6450.234,6460.85,6742777670.58,104423.0
WDOFUT,M30,26/02/2025,6461.409,6462.526,6451.351,6453.028,9835628140.62,152330.0
WDOFUT,M30,26/02/2025,6472.025,6475.936,6455.263,6460.85,14811025391.16,229051.0
WDOFUT,M30,26/02/2025,6483.2,6487.111,6470.349,6472.025,17100553486.21,263967.0
WDOFUT,M30,26/02/2025,6465.32,6488.788,6458.615,6482.641,21079302650.56,325592.0
WDOFUT,M30,26/02/2025,6455.263,6470.349,6452.469,6465.32,16144816354.55,249829.0
WDOFUT,M30,26/02/2025,6432.913,6458.056,6432.913,6455.821,18988356631.77,294458.0
WDOFUT,M30,26/02/2025,6419.502,6436.824,6415.032,6433.471,15417565474.98,239826.0
WDOFUT,M30,26/02/2025,6426.207,6432.354,6416.15,6420.061,13117484726.98,204190.0
WDOFUT,M30,26/02/2025,6417.267,6430.678,6408.886,6426.766,18993660596.92,295814.0
WDOFUT,M30,25/02/2025,6431.236,6431.795,6416.709,6417.267,4463144616.42,69478.0
WDOFUT,M30,25/02/2025,6432.354,6434.589,6430.119,6431.236,1910257418.65,29699.0
WDOFUT,M30,25/02/2025,6431.795,6437.383,6431.236,6432.354,3885058897.68,60387.0
WDOFUT,M30,25/02/2025,6432.913,6433.471,6425.09,6432.354,4916258658.22,76470.0
WDOFUT,M30,25/02/2025,6427.325,6437.383,6425.649,6432.354,7415429633.96,115288.0
WDOFUT,M30,25/02/2025,6432.354,6432.913,6420.061,6427.325,7946190181.5,123642.0
WDOFUT,M30,25/02/2025,6439.059,6445.764,6429.001,6431.795,9115230053.4,141654.0
WDOFUT,M30,25/02/2025,6450.234,6451.351,6436.824,6439.059,7019135162.27,108953.0
WDOFUT,M30,25/02/2025,6449.116,6454.145,6446.323,6450.234,4839141475.07,75019.0
WDOFUT,M30,25/02/2025,6450.234,6456.939,6444.088,6449.675,10334463455.82,160216.0
WDOFUT,M30,25/02/2025,6438.5,6451.91,6436.824,6450.234,10494066183.44,162876.0
WDOFUT,M30,25/02/2025,6450.234,6455.821,6435.706,6439.059,11140005546.02,172789.0
WDOFUT,M30,25/02/2025,6458.056,6460.85,6446.323,6450.234,9812509578.37,152056.0
WDOFUT,M30,25/02/2025,6452.469,6461.968,6446.323,6458.056,12418647300.67,192407.0
WDOFUT,M30,25/02/2025,6464.203,6470.349,6452.469,6453.028,13767795419.29,213079.0
WDOFUT,M30,25/02/2025,6471.466,6474.26,6459.174,6463.644,17439568512.5,269720.0
WDOFUT,M30,25/02/2025,6495.493,6496.61,6470.908,6471.466,18810309314.11,290254.0
WDOFUT,M30,25/02/2025,6487.67,6499.963,6478.73,6495.493,23938641547.43,368788.0
WDOFUT,M30,25/02/2025,6446.323,6489.346,6445.205,6487.67,28687003323.26,443440.0
WDOFUT,M30,24/02/2025,6459.174,6469.79,6458.056,6461.409,4585644413.35,70938.0
WDOFUT,M30,24/02/2025,6457.498,6461.409,6447.44,6458.615,7578686689.48,117414.0
WDOFUT,M30,24/02/2025,6436.265,6458.056,6435.706,6457.498,9291115805.18,144153.0
WDOFUT,M30,24/02/2025,6430.678,6436.824,6428.443,6436.265,5105214576.25,79373.0
WDOFUT,M30,24/02/2025,6429.56,6435.706,6426.207,6430.678,8022738264.49,124747.0
WDOFUT,M30,24/02/2025,6420.061,6431.236,6418.944,6429.001,10627276676.34,165417.0
WDOFUT,M30,24/02/2025,6414.474,6421.737,6410.004,6420.061,5575635315.1,86907.0
WDOFUT,M30,24/02/2025,6415.032,6421.737,6408.327,6414.474,8721605544.92,135967.0
WDOFUT,M30,24/02/2025,6412.797,6421.737,6411.121,6415.032,7132059809.45,111128.0
WDOFUT,M30,24/02/2025,6420.061,6421.737,6407.21,6412.797,6906542089.74,107697.0
WDOFUT,M30,24/02/2025,6410.004,6420.061,6403.857,6420.061,8596071701.94,134096.0
WDOFUT,M30,24/02/2025,6412.239,6413.356,6403.299,6410.004,6108009594.48,95300.0
WDOFUT,M30,24/02/2025,6411.68,6415.591,6408.327,6412.239,8675963843.4,135298.0
WDOFUT,M30,24/02/2025,6407.769,6414.474,6399.946,6411.68,10957692720.68,171006.0
WDOFUT,M30,24/02/2025,6402.74,6412.797,6401.064,6407.769,10942775850.91,170754.0
WDOFUT,M30,24/02/2025,6403.857,6408.886,6398.829,6402.74,11161082880.81,174266.0
WDOFUT,M30,24/02/2025,6387.095,6406.092,6387.095,6403.857,14395991408.9,225024.0
WDOFUT,M30,24/02/2025,6392.682,6400.505,6387.095,6387.654,13073077884.28,204452.0
WDOFUT,M30,24/02/2025,6396.594,6397.711,6383.742,6392.682,15310127683.68,239581.0
WDOFUT,M30,21/02/2025,6411.121,6415.032,6407.21,6413.356,3227176561.73,50337.0
WDOFUT,M30,21/02/2025,6413.356,6413.915,6406.651,6411.68,3919120842.61,61134.0
WDOFUT,M30,21/02/2025,6410.562,6413.356,6406.651,6412.797,3189846364.22,49762.0
WDOFUT,M30,21/02/2025,6407.769,6412.239,6404.416,6411.121,4942024397.77,77112.0
WDOFUT,M30,21/02/2025,6411.68,6413.356,6406.092,6407.21,4863277061.06,75876.0
WDOFUT,M30,21/02/2025,6416.709,6417.826,6405.534,6412.239,9319126722.27,145371.0
WDOFUT,M30,21/02/2025,6380.949,6417.267,6380.39,6416.709,22664635736.31,354045.0
WDOFUT,M30,21/02/2025,6382.066,6383.742,6375.361,6380.39,4793140116.02,75134.0
WDOFUT,M30,21/02/2025,6374.802,6386.536,6373.685,6382.625,7210057172.37,112973.0
WDOFUT,M30,21/02/2025,6379.272,6382.066,6371.45,6375.361,5649518446.89,88616.0
WDOFUT,M30,21/02/2025,6375.361,6381.507,6373.126,6379.272,4932486460.91,77342.0
WDOFUT,M30,21/02/2025,6378.714,6380.949,6370.332,6375.361,9020298960.42,141471.0
WDOFUT,M30,21/02/2025,6379.272,6386.536,6373.126,6378.155,10583494440.23,165906.0
WDOFUT,M30,21/02/2025,6377.596,6387.095,6373.685,6378.714,14762944681.0,231392.0
WDOFUT,M30,21/02/2025,6379.831,6391.006,6377.596,6377.596,12573157807.82,196933.0
WDOFUT,M30,21/02/2025,6392.124,6395.476,6376.479,6379.831,13360350267.89,209215.0
WDOFUT,M30,21/02/2025,6386.536,6396.035,6382.625,6391.565,13132511726.78,205543.0
WDOFUT,M30,21/02/2025,6386.536,6397.711,6381.507,6387.095,13930192236.89,217980.0
WDOFUT,M30,21/02/2025,6382.625,6395.476,6381.507,6387.095,15043442134.36,235485.0
WDOFUT,M30,20/02/2025,6383.184,6388.212,6380.949,6384.301,2735763479.86,42846.0
WDOFUT,M30,20/02/2025,6380.949,6384.86,6377.037,6382.625,3219174818.68,50456.0
WDOFUT,M30,20/02/2025,6384.301,6384.86,6377.596,6381.507,2885606462.82,45223.0
WDOFUT,M30,20/02/2025,6385.977,6388.771,6380.949,6384.301,4820248866.44,75499.0
WDOFUT,M30,20/02/2025,6378.714,6390.447,6377.037,6385.977,9191689551.84,143952.0
WDOFUT,M30,20/02/2025,6377.596,6379.831,6373.685,6378.714,4081520817.17,64005.0
WDOFUT,M30,20/02/2025,6372.567,6378.714,6372.009,6377.596,5145093672.17,80693.0
WDOFUT,M30,20/02/2025,6369.774,6373.685,6364.186,6372.009,7993421549.41,125499.0
WDOFUT,M30,20/02/2025,6376.479,6379.831,6369.774,6369.774,4346021573.28,68176.0
WDOFUT,M30,20/02/2025,6382.066,6382.625,6374.244,6376.479,3338851459.34,52355.0
WDOFUT,M30,20/02/2025,6376.479,6382.625,6374.802,6382.625,5831938614.09,91427.0
WDOFUT,M30,20/02/2025,6382.066,6384.301,6367.539,6377.037,9631478083.27,151055.0
WDOFUT,M30,20/02/2025,6372.009,6388.212,6368.097,6382.066,12734137496.09,199649.0
WDOFUT,M30,20/02/2025,6384.301,6385.977,6368.656,6372.009,14952183858.39,234464.0
WDOFUT,M30,20/02/2025,6391.565,6394.359,6377.596,6384.86,13300942010.65,208355.0
WDOFUT,M30,20/02/2025,6379.831,6397.711,6379.272,6392.124,17276606137.23,270367.0
WDOFUT,M30,20/02/2025,6377.037,6385.419,6373.685,6380.39,15437295915.57,241969.0
WDOFUT,M30,20/02/2025,6378.714,6383.184,6369.215,6377.037,13582010614.78,213046.0
WDOFUT,M30,20/02/2025,6383.184,6394.917,6376.479,6378.155,17043180226.33,266963.0
WDOFUT,M30,19/02/2025,6403.857,6409.445,6399.946,6404.416,2646115499.41,41309.0
WDOFUT,M30,19/02/2025,6399.387,6406.651,6393.8,6403.857,4770609724.14,74541.0
WDOFUT,M30,19/02/2025,6407.769,6410.004,6398.829,6399.387,4356641773.77,68040.0
WDOFUT,M30,19/02/2025,6397.152,6413.915,6396.594,6408.327,7498494464.64,117058.0
WDOFUT,M30,19/02/2025,6396.594,6400.505,6393.8,6396.594,4395467711.45,68712.0
WDOFUT,M30,19/02/2025,6396.594,6401.064,6393.8,6396.594,5652153555.15,88353.0
WDOFUT,M30,19/02/2025,6392.124,6397.711,6389.889,6396.594,4527840355.63,70817.0
WDOFUT,M30,19/02/2025,6389.33,6393.241,6386.536,6392.124,4709681923.89,73708.0
WDOFUT,M30,19/02/2025,6395.476,6397.711,6384.301,6389.33,6034405682.28,94430.0
WDOFUT,M30,19/02/2025,6388.212,6396.594,6381.507,6395.476,7008221309.63,109709.0
WDOFUT,M30,19/02/2025,6375.92,6392.682,6374.802,6388.212,9235661311.07,144660.0
WDOFUT,M30,19/02/2025,6374.244,6376.479,6359.716,6375.92,12107437755.1,190081.0
WDOFUT,M30,19/02/2025,6369.774,6383.184,6367.539,6374.244,9506539098.91,149107.0
WDOFUT,M30,19/02/2025,6382.625,6382.625,6367.539,6370.332,18830248443.0,295407.0
WDOFUT,M30,19/02/2025,6387.095,6394.359,6381.507,6382.066,11418328325.17,178730.0
WDOFUT,M30,19/02/2025,6406.651,6408.886,6385.419,6387.095,15214171638.27,237741.0
WDOFUT,M30,19/02/2025,6401.064,6416.15,6401.064,6407.21,16816131956.21,262350.0
WDOFUT,M30,19/02/2025,6376.479,6404.975,6374.244,6401.622,19757134311.22,308977.0
WDOFUT,M30,19/02/2025,6383.184,6387.095,6363.069,6375.92,19305452283.91,302820.0
WDOFUT,M30,18/02/2025,6364.745,6371.45,6363.069,6369.215,3244885381.46,50960.0
WDOFUT,M30,18/02/2025,6363.069,6369.215,6363.069,6364.745,4637944154.18,72849.0
WDOFUT,M30,18/02/2025,6369.215,6369.774,6356.922,6362.51,6029865374.75,94769.0
WDOFUT,M30,18/02/2025,6372.009,6373.126,6366.421,6369.215,2766786696.39,43438.0
WDOFUT,M30,18/02/2025,6372.567,6373.126,6368.097,6372.567,3064801244.9,48107.0
WDOFUT,M30,18/02/2025,6378.155,6379.272,6369.774,6372.567,5259496145.92,82519.0
WDOFUT,M30,18/02/2025,6377.037,6382.066,6375.92,6378.155,5200800979.24,81538.0
WDOFUT,M30,18/02/2025,6373.126,6378.714,6368.097,6377.037,8374408019.3,131398.0
WDOFUT,M30,18/02/2025,6368.097,6375.361,6365.862,6373.126,5607815276.92,88019.0
WDOFUT,M30,18/02/2025,6363.627,6370.891,6361.951,6368.097,6318565610.15,99247.0
WDOFUT,M30,18/02/2025,6357.481,6366.98,6356.922,6364.186,5992586822.69,94190.0
WDOFUT,M30,18/02/2025,6357.481,6365.304,6356.363,6357.481,6631281568.04,104254.0
WDOFUT,M30,18/02/2025,6373.685,6375.361,6354.128,6357.481,18816953379.03,295636.0
WDOFUT,M30,18/02/2025,6395.476,6396.035,6370.891,6373.685,18740907681.2,293525.0
WDOFUT,M30,18/02/2025,6395.476,6408.886,6394.359,6395.476,16052511133.67,250742.0
WDOFUT,M30,18/02/2025,6390.447,6398.829,6387.654,6395.476,12986072851.38,203118.0
WDOFUT,M30,18/02/2025,6387.654,6394.359,6381.507,6390.447,13415116217.42,209995.0
WDOFUT,M30,18/02/2025,6394.917,6396.035,6382.625,6387.654,11970546231.54,187371.0
WDOFUT,M30,18/02/2025,6396.594,6406.092,6387.095,6395.476,16812431380.39,262778.0
WDOFUT,M30,17/02/2025,6398.27,6400.505,6395.476,6397.711,1943578380.12,30377.0
WDOFUT,M30,17/02/2025,6399.387,6401.064,6396.594,6397.711,1847484043.57,28873.0
WDOFUT,M30,17/02/2025,6396.594,6403.299,6396.594,6399.946,3626882946.74,56668.0
WDOFUT,M30,17/02/2025,6393.8,6397.711,6392.682,6397.152,1464331465.14,22897.0
WDOFUT,M30,17/02/2025,6395.476,6396.035,6392.124,6393.8,2322617649.35,36324.0
WDOFUT,M30,17/02/2025,6394.359,6398.829,6393.241,6394.917,2669985504.96,41743.0
WDOFUT,M30,17/02/2025,6392.682,6397.152,6390.447,6394.359,3205962545.01,50143.0
WDOFUT,M30,17/02/2025,6394.359,6398.27,6390.447,6392.682,4192237214.72,65559.0
WDOFUT,M30,17/02/2025,6394.917,6398.27,6391.565,6393.8,2954855003.25,46202.0
WDOFUT,M30,17/02/2025,6396.035,6399.387,6390.447,6394.917,4689618467.07,73327.0
WDOFUT,M30,17/02/2025,6401.064,6401.622,6389.889,6396.035,5615895289.95,87808.0
WDOFUT,M30,17/02/2025,6396.035,6402.74,6391.565,6400.505,6236769219.3,97493.0
WDOFUT,M30,17/02/2025,6390.447,6398.829,6387.654,6396.035,5908333358.75,92412.0
WDOFUT,M30,17/02/2025,6384.86,6395.476,6383.184,6390.447,7582988320.48,118673.0
WDOFUT,M30,17/02/2025,6389.33,6389.889,6381.507,6385.419,7701194124.55,120608.0
WDOFUT,M30,17/02/2025,6389.889,6392.124,6378.155,6388.771,10335779870.09,161871.0
WDOFUT,M30,17/02/2025,6393.8,6400.505,6382.625,6390.447,12534444134.61,196127.0
WDOFUT,M30,17/02/2025,6391.006,6396.035,6383.184,6393.8,11606962726.09,181653.0
WDOFUT,M30,17/02/2025,6397.152,6408.327,6385.419,6390.447,16470760013.26,257526.0
WDOFUT,M30,14/02/2025,6383.184,6391.006,6379.831,6389.889,3999739886.98,62638.0
WDOFUT,M30,14/02/2025,6379.272,6389.33,6378.714,6383.742,5075079915.2,79497.0
WDOFUT,M30,14/02/2025,6380.949,6382.066,6375.361,6378.714,4885580275.53,76589.0
WDOFUT,M30,14/02/2025,6386.536,6388.771,6377.037,6380.39,8890841079.91,139297.0
WDOFUT,M30,14/02/2025,6399.946,6402.181,6384.301,6386.536,10228136066.9,160005.0
WDOFUT,M30,14/02/2025,6397.152,6402.74,6394.917,6399.946,4121553715.17,64402.0
WDOFUT,M30,14/02/2025,6401.622,6403.299,6394.359,6397.152,4276318331.59,66848.0
WDOFUT,M30,14/02/2025,6399.946,6404.416,6398.829,6402.181,3268994214.4,51063.0
WDOFUT,M30,14/02/2025,6399.946,6403.299,6388.771,6399.946,9733969767.77,152171.0
WDOFUT,M30,14/02/2025,6406.651,6410.004,6398.27,6400.505,4476057069.32,69899.0
WDOFUT,M30,14/02/2025,6407.769,6410.004,6403.857,6406.092,4118642348.72,64279.0
WDOFUT,M30,14/02/2025,6412.239,6412.239,6401.064,6407.21,5996012581.89,93577.0
WDOFUT,M30,14/02/2025,6409.445,6412.797,6392.124,6411.68,17079879520.12,266767.0
WDOFUT,M30,14/02/2025,6413.915,6417.267,6408.327,6409.445,8344940938.44,130146.0
WDOFUT,M30,14/02/2025,6417.826,6421.179,6408.327,6413.915,11398000919.47,177710.0
WDOFUT,M30,14/02/2025,6418.385,6423.414,6406.651,6417.826,16313231546.52,254297.0
WDOFUT,M30,14/02/2025,6427.884,6430.119,6414.474,6417.826,16556924146.65,257781.0
WDOFUT,M30,14/02/2025,6432.913,6435.706,6416.709,6427.884,16109234056.43,250668.0
WDOFUT,M30,14/02/2025,6457.498,6463.085,6426.766,6432.354,20810798357.68,322903.0
WDOFUT,M30,13/02/2025,6461.968,6461.968,6454.704,6454.704,2243135978.33,34736.0
WDOFUT,M30,13/02/2025,6460.291,6464.203,6455.821,6461.968,5053196977.27,78224.0
WDOFUT,M30,13/02/2025,6461.409,6464.761,6459.174,6460.291,2823500181.83,43694.0
WDOFUT,M30,13/02/2025,6462.526,6464.203,6458.056,6460.85,2968268986.42,45943.0
WDOFUT,M30,13/02/2025,6474.26,6474.819,6456.38,6462.526,8602367273.2,133091.0
WDOFUT,M30,13/02/2025,6473.143,6490.464,6466.996,6473.701,13151167083.69,203028.0
WDOFUT,M30,13/02/2025,6466.996,6485.994,6460.291,6473.143,15442985363.77,238540.0
WDOFUT,M30,13/02/2025,6460.291,6466.996,6453.028,6466.996,7089183260.14,109735.0
WDOFUT,M30,13/02/2025,6456.38,6463.644,6454.704,6460.291,4638584908.7,71815.0
WDOFUT,M30,13/02/2025,6456.38,6459.174,6453.586,6455.821,3514377251.86,54435.0
WDOFUT,M30,13/02/2025,6453.028,6460.85,6452.469,6456.38,4882808390.35,75624.0
WDOFUT,M30,13/02/2025,6461.968,6463.644,6451.91,6453.028,8323576611.83,128882.0
WDOFUT,M30,13/02/2025,6482.641,6483.759,6458.615,6461.968,17331288268.36,267870.0
WDOFUT,M30,13/02/2025,6491.581,6492.699,6478.73,6482.641,11046376328.59,170334.0
WDOFUT,M30,13/02/2025,6487.111,6497.169,6486.553,6491.581,11523693252.48,177518.0
WDOFUT,M30,13/02/2025,6483.759,6490.464,6468.114,6487.67,18459441524.97,284865.0
WDOFUT,M30,13/02/2025,6465.32,6490.464,6460.291,6483.759,19553171491.69,301807.0
WDOFUT,M30,13/02/2025,6473.701,6480.406,6463.085,6465.32,13518394971.25,208937.0
WDOFUT,M30,13/02/2025,6453.586,6477.613,6448.558,6473.701,17751908318.5,274616.0
WDOFUT,M30,12/02/2025,6456.38,6464.761,6454.145,6459.174,3745442703.48,57974.0
WDOFUT,M30,12/02/2025,6455.263,6456.939,6451.351,6455.821,2525938496.28,39136.0
WDOFUT,M30,12/02/2025,6459.174,6459.733,6452.469,6455.821,2814657919.23,43595.0
WDOFUT,M30,12/02/2025,6454.704,6459.174,6453.028,6458.615,3068075269.38,47520.0
WDOFUT,M30,12/02/2025,6454.704,6459.733,6451.351,6455.263,4233474703.96,65580.0
WDOFUT,M30,12/02/2025,6448.558,6464.761,6448.558,6455.263,10618764194.8,164444.0
WDOFUT,M30,12/02/2025,6452.469,6457.498,6436.824,6449.116,11085673115.46,172010.0
WDOFUT,M30,12/02/2025,6455.263,6462.526,6450.793,6453.028,5771246724.55,89378.0
WDOFUT,M30,12/02/2025,6456.38,6459.733,6450.234,6455.263,6884882764.39,106666.0
WDOFUT,M30,12/02/2025,6464.761,6466.438,6453.586,6456.38,5996777910.18,92835.0
WDOFUT,M30,12/02/2025,6464.203,6469.79,6461.409,6464.761,3760157785.53,58157.0
WDOFUT,M30,12/02/2025,6469.231,6472.025,6453.586,6464.203,10553413754.62,163307.0
WDOFUT,M30,12/02/2025,6463.644,6481.524,6461.409,6469.231,18688559848.57,288755.0
WDOFUT,M30,12/02/2025,6451.91,6464.203,6445.205,6463.644,14409466815.69,223200.0
WDOFUT,M30,12/02/2025,6463.085,6471.466,6450.793,6451.91,13350411437.6,206684.0
WDOFUT,M30,12/02/2025,6450.234,6487.111,6449.116,6463.085,30528677122.03,471704.0
WDOFUT,M30,12/02/2025,6466.996,6477.054,6442.97,6450.234,23209958133.73,359167.0
WDOFUT,M30,12/02/2025,6462.526,6467.555,6451.91,6466.438,12468138530.13,192980.0
WDOFUT,M30,12/02/2025,6466.996,6470.349,6451.91,6461.968,19119991522.08,295929.0
WDOFUT,M30,11/02/2025,6463.085,6465.879,6459.733,6460.291,2099208252.05,32481.0
WDOFUT,M30,11/02/2025,6462.526,6470.349,6461.968,6463.644,2975765120.31,46026.0
WDOFUT,M30,11/02/2025,6465.879,6467.555,6460.291,6461.968,2747422327.81,42502.0
WDOFUT,M30,11/02/2025,6467.555,6468.114,6455.263,6465.879,7219022740.38,111721.0
WDOFUT,M30,11/02/2025,6466.438,6469.79,6464.761,6467.555,3228609168.49,49923.0
WDOFUT,M30,11/02/2025,6465.32,6470.349,6461.968,6466.996,4108301546.6,63536.0
WDOFUT,M30,11/02/2025,6466.996,6467.555,6458.615,6465.879,4795935586.12,74203.0
WDOFUT,M30,11/02/2025,6461.409,6469.231,6459.174,6466.996,4078096561.01,63086.0
WDOFUT,M30,11/02/2025,6460.85,6464.203,6454.704,6460.85,6797341335.1,105220.0
WDOFUT,M30,11/02/2025,6460.85,6466.438,6456.38,6460.85,5481367147.93,84832.0
WDOFUT,M30,11/02/2025,6462.526,6465.879,6456.939,6460.291,6294111094.07,97414.0
WDOFUT,M30,11/02/2025,6461.409,6464.761,6454.704,6462.526,8313582403.63,128710.0
WDOFUT,M30,11/02/2025,6475.936,6477.054,6458.056,6461.409,11447693746.67,177046.0
WDOFUT,M30,11/02/2025,6463.644,6478.171,6463.644,6475.378,11800419861.37,182357.0
WDOFUT,M30,11/02/2025,6489.905,6491.581,6461.409,6464.203,19447187182.13,300353.0
WDOFUT,M30,11/02/2025,6493.258,6503.315,6487.111,6489.905,13108832803.27,201813.0
WDOFUT,M30,11/02/2025,6491.581,6510.579,6488.788,6493.258,19857851220.36,305474.0
WDOFUT,M30,11/02/2025,6502.198,6507.227,6485.435,6491.581,16544398802.77,254750.0
WDOFUT,M30,11/02/2025,6501.639,6503.874,6478.171,6502.198,22855097027.39,352166.0
WDOFUT,M30,10/02/2025,6491.023,6493.816,6488.788,6492.699,2130717560.52,32824.0
WDOFUT,M30,10/02/2025,6496.052,6496.61,6490.464,6491.581,2970504586.96,45745.0
WDOFUT,M30,10/02/2025,6488.229,6496.052,6487.67,6495.493,2923357260.94,45032.0
WDOFUT,M30,10/02/2025,6491.581,6496.052,6485.435,6488.229,4991216152.88,76895.0
WDOFUT,M30,10/02/2025,6485.994,6491.581,6485.435,6491.581,4592042096.55,70771.0
WDOFUT,M30,10/02/2025,6482.641,6486.553,6481.524,6485.994,3249228287.48,50115.0
WDOFUT,M30,10/02/2025,6480.965,6484.876,6477.054,6482.641,3476895749.88,53644.0
WDOFUT,M30,10/02/2025,6480.406,6487.67,6479.289,6480.965,4522543352.53,69750.0
WDOFUT,M30,10/02/2025,6478.171,6482.641,6472.584,6479.848,5255873286.94,81143.0
WDOFUT,M30,10/02/2025,6488.788,6491.581,6477.054,6478.171,5778006048.85,89124.0
WDOFUT,M30,10/02/2025,6478.73,6491.023,6476.495,6488.229,7628646957.78,117650.0
WDOFUT,M30,10/02/2025,6488.229,6491.023,6474.26,6478.171,6571367198.77,101384.0
WDOFUT,M30,10/02/2025,6495.493,6496.052,6482.641,6487.67,9983720771.26,153856.0
WDOFUT,M30,10/02/2025,6497.169,6511.138,6491.581,6494.934,13531202686.08,208153.0
WDOFUT,M30,10/02/2025,6482.641,6499.963,6482.641,6497.169,13937098675.03,214673.0
WDOFUT,M30,10/02/2025,6476.495,6491.581,6474.26,6483.2,14174248830.47,218629.0
WDOFUT,M30,10/02/2025,6493.816,6495.493,6465.32,6475.936,24405115110.83,376750.0
WDOFUT,M30,10/02/2025,6519.519,6519.519,6492.699,6493.816,17458429920.41,268379.0
WDOFUT,M30,10/02/2025,6516.725,6532.929,6508.344,6518.96,17665907072.51,270855.0
WDOFUT,M30,07/02/2025,6518.402,6522.872,6508.903,6515.608,3330827913.79,51123.0
WDOFUT,M30,07/02/2025,6512.814,6520.637,6512.255,6517.843,4624638624.79,70969.0
WDOFUT,M30,07/02/2025,6498.287,6513.932,6497.728,6512.814,4801427744.56,73772.0
WDOFUT,M30,07/02/2025,6495.493,6505.55,6488.788,6498.845,6447432627.11,99227.0
WDOFUT,M30,07/02/2025,6510.579,6511.697,6491.581,6496.052,11307512430.63,173935.0
WDOFUT,M30,07/02/2025,6478.171,6517.284,6476.495,6510.579,14291910013.32,219934.0
WDOFUT,M30,07/02/2025,6482.083,6488.229,6476.495,6477.613,6349586580.49,97969.0
WDOFUT,M30,07/02/2025,6488.229,6493.816,6482.083,6482.083,6302518848.71,97133.0
WDOFUT,M30,07/02/2025,6491.023,6495.493,6470.908,6488.788,14813667495.0,228425.0
WDOFUT,M30,07/02/2025,6483.759,6497.728,6478.73,6491.023,10083956376.97,155395.0
WDOFUT,M30,07/02/2025,6458.615,6491.581,6458.056,6483.2,19712276337.69,304356.0
WDOFUT,M30,07/02/2025,6449.675,6474.26,6436.824,6459.174,17724147532.35,274578.0
WDOFUT,M30,07/02/2025,6447.999,6457.498,6434.589,6449.116,14613323606.43,226785.0
WDOFUT,M30,07/02/2025,6458.615,6463.644,6445.764,6447.44,13005873823.24,201457.0
WDOFUT,M30,07/02/2025,6446.881,6468.673,6439.059,6458.615,15821865221.03,245182.0
WDOFUT,M30,07/02/2025,6464.761,6479.848,6436.824,6447.44,32739348705.8,507147.0
WDOFUT,M30,07/02/2025,6474.26,6479.289,6459.733,6464.203,12279232413.66,189806.0
WDOFUT,M30,07/02/2025,6475.378,6477.613,6464.761,6473.701,10470780431.4,161791.0
WDOFUT,M30,07/02/2025,6477.613,6482.641,6464.203,6475.378,14604309426.99,225598.0
WDOFUT,M30,06/02/2025,6468.673,6473.143,6466.438,6466.438,2608818894.08,40322.0
WDOFUT,M30,06/02/2025,6470.908,6472.025,6465.32,6468.673,2970115980.48,45924.0
WDOFUT,M30,06/02/2025,6470.349,6475.378,6468.114,6470.908,3092226785.39,47781.0
WDOFUT,M30,06/02/2025,6474.819,6481.524,6469.79,6470.908,5950169142.94,91875.0
WDOFUT,M30,06/02/2025,6460.291,6479.848,6459.733,6475.378,10426073717.65,161102.0
WDOFUT,M30,06/02/2025,6455.821,6464.203,6453.586,6460.85,6079453631.51,94138.0
WDOFUT,M30,06/02/2025,6463.644,6465.879,6453.586,6455.821,7247447284.87,112179.0
WDOFUT,M30,06/02/2025,6469.79,6470.908,6451.91,6463.085,14830055810.39,229526.0
WDOFUT,M30,06/02/2025,6481.524,6482.641,6469.231,6470.349,5667671882.41,87550.0
WDOFUT,M30,06/02/2025,6480.406,6487.111,6479.289,6480.965,4625723117.85,71349.0
WDOFUT,M30,06/02/2025,6481.524,6485.435,6472.584,6480.406,7823521524.11,120746.0
WDOFUT,M30,06/02/2025,6494.375,6498.845,6478.73,6481.524,8659036941.3,133445.0
WDOFUT,M30,06/02/2025,6486.553,6497.169,6482.083,6493.816,12669223463.63,195205.0
WDOFUT,M30,06/02/2025,6490.464,6490.464,6468.114,6487.111,15959060247.55,246323.0
WDOFUT,M30,06/02/2025,6493.816,6506.109,6480.406,6489.905,19744038531.76,304027.0
WDOFUT,M30,06/02/2025,6520.078,6521.195,6492.699,6493.816,18307316101.29,281341.0
WDOFUT,M30,06/02/2025,6511.697,6531.253,6505.55,6520.078,16668162759.48,255722.0
WDOFUT,M30,06/02/2025,6527.342,6528.459,6508.903,6511.138,17085904314.55,262133.0
WDOFUT,M30,06/02/2025,6515.608,6537.399,6507.785,6527.9,20623619008.6,315936.0
WDOFUT,M30,05/02/2025,6518.402,6520.637,6501.639,6502.198,3671584112.09,56403.0
WDOFUT,M30,05/02/2025,6520.078,6522.872,6512.814,6518.402,4661246573.79,71519.0
WDOFUT,M30,05/02/2025,6502.757,6520.637,6502.757,6519.519,4546973071.19,69840.0
WDOFUT,M30,05/02/2025,6498.287,6505.55,6496.052,6503.315,3803070609.02,58494.0
WDOFUT,M30,05/02/2025,6498.845,6501.08,6494.375,6498.845,4617309401.32,71051.0
WDOFUT,M30,05/02/2025,6487.67,6499.404,6484.318,6498.845,5611536940.03,86428.0
WDOFUT,M30,05/02/2025,6478.73,6489.346,6476.495,6487.111,8208734651.64,126610.0
WDOFUT,M30,05/02/2025,6495.493,6498.845,6474.819,6478.73,8426443515.11,129898.0
WDOFUT,M30,05/02/2025,6509.462,6509.462,6490.464,6495.493,7110709161.09,109414.0
WDOFUT,M30,05/02/2025,6511.697,6511.697,6503.874,6510.02,3952082129.79,60725.0
WDOFUT,M30,05/02/2025,6514.49,6520.078,6500.522,6511.138,9166688682.4,140796.0
WDOFUT,M30,05/02/2025,6494.375,6518.402,6489.905,6513.932,12702891605.69,195208.0
WDOFUT,M30,05/02/2025,6506.109,6507.785,6488.229,6494.375,16008492668.36,246363.0
WDOFUT,M30,05/02/2025,6520.078,6520.078,6503.874,6506.668,12872024101.21,197684.0
WDOFUT,M30,05/02/2025,6515.049,6530.694,6513.932,6520.078,15934721415.5,244230.0
WDOFUT,M30,05/02/2025,6509.462,6517.284,6506.668,6515.049,12480137909.52,191639.0
WDOFUT,M30,05/02/2025,6496.052,6512.255,6494.934,6508.903,15726313622.72,241851.0
WDOFUT,M30,05/02/2025,6482.641,6497.728,6478.73,6496.052,16541605377.7,254958.0
WDOFUT,M30,05/02/2025,6466.996,6487.67,6453.586,6483.2,21076336124.1,325645.0
WDOFUT,M30,04/02/2025,6465.32,6470.349,6455.263,6459.174,4923861480.22,76193.0
WDOFUT,M30,04/02/2025,6477.054,6480.406,6464.203,6465.879,4954269488.38,76557.0
WDOFUT,M30,04/02/2025,6479.289,6482.641,6473.143,6477.613,4362667311.34,67349.0
WDOFUT,M30,04/02/2025,6476.495,6483.2,6475.378,6479.289,3473831570.32,53622.0
WDOFUT,M30,04/02/2025,6484.876,6484.876,6475.378,6477.054,4770861866.59,73617.0
WDOFUT,M30,04/02/2025,6475.936,6485.994,6473.143,6484.318,5137043127.72,79270.0
WDOFUT,M30,04/02/2025,6480.406,6486.553,6474.819,6475.936,5017007444.16,77416.0
WDOFUT,M30,04/02/2025,6475.378,6488.788,6472.025,6480.406,7941148215.19,122543.0
WDOFUT,M30,04/02/2025,6468.114,6486.553,6467.555,6475.936,9441352529.53,145763.0
WDOFUT,M30,04/02/2025,6469.79,6473.143,6463.644,6468.114,5816545961.34,89927.0
WDOFUT,M30,04/02/2025,6471.466,6475.378,6464.761,6469.79,6953509313.2,107465.0
WDOFUT,M30,04/02/2025,6480.965,6482.641,6462.526,6471.466,13626690011.15,210556.0
WDOFUT,M30,04/02/2025,6503.315,6503.874,6465.879,6480.965,24395368837.67,376283.0
WDOFUT,M30,04/02/2025,6518.402,6527.342,6499.404,6503.315,15474743439.84,237574.0
WDOFUT,M30,04/02/2025,6524.548,6527.9,6509.462,6518.402,15341563348.63,235365.0
WDOFUT,M30,04/02/2025,6530.135,6537.399,6523.43,6523.989,13205844582.77,202257.0
WDOFUT,M30,04/02/2025,6522.872,6538.517,6521.754,6530.135,15187893863.91,232513.0
WDOFUT,M30,04/02/2025,6523.989,6529.577,6511.138,6523.43,13616467077.78,208737.0
WDOFUT,M30,04/02/2025,6513.373,6542.428,6512.255,6523.989,22078763086.75,338231.0
WDOFUT,M30,03/02/2025,6527.9,6529.018,6517.284,6522.872,3383468353.7,51869.0
WDOFUT,M30,03/02/2025,6525.665,6529.577,6521.195,6527.9,3672562838.96,56282.0
WDOFUT,M30,03/02/2025,6532.929,6532.929,6507.785,6525.665,11144714987.8,170929.0
WDOFUT,M30,03/02/2025,6531.812,6534.605,6527.9,6532.929,3544893009.76,54273.0
WDOFUT,M30,03/02/2025,6535.164,6536.282,6529.577,6531.812,5004884787.31,76615.0
WDOFUT,M30,03/02/2025,6542.428,6543.545,6531.812,6535.164,6902035743.16,105583.0
WDOFUT,M30,03/02/2025,6551.927,6555.838,6536.84,6542.428,7563180733.0,115547.0
WDOFUT,M30,03/02/2025,6537.399,6558.073,6536.282,6552.485,11301174282.46,172588.0
WDOFUT,M30,03/02/2025,6551.368,6553.603,6535.723,6536.84,7808371503.87,119328.0
WDOFUT,M30,03/02/2025,6543.545,6553.603,6539.634,6551.368,5840204183.09,89221.0
WDOFUT,M30,03/02/2025,6542.987,6556.955,6532.37,6544.104,14486683076.75,221379.0
WDOFUT,M30,03/02/2025,6559.749,6569.807,6540.193,6542.987,21149911260.57,322681.0
WDOFUT,M30,03/02/2025,6625.682,6632.387,6555.279,6559.19,26566564515.44,402625.0
WDOFUT,M30,03/02/2025,6616.742,6632.387,6614.507,6626.241,15077313271.05,227616.0
WDOFUT,M30,03/02/2025,6605.567,6622.329,6601.656,6616.742,16102473642.56,243516.0
WDOFUT,M30,03/02/2025,6604.449,6620.094,6597.186,6605.008,14470357274.53,218976.0
WDOFUT,M30,03/02/2025,6580.423,6608.361,6563.102,6604.449,22553809208.72,342458.0
WDOFUT,M30,03/02/2025,6582.658,6587.687,6569.248,6580.423,12860931906.08,195488.0
WDOFUT,M30,03/02/2025,6589.922,6613.948,6574.277,6583.217,14024437254.97,212747.0
WDOFUT,M30,31/01/2025,6567.572,6568.131,6556.955,6562.543,3008663195.86,45851.0
WDOFUT,M30,31/01/2025,6566.454,6569.248,6556.397,6568.131,4195850122.34,63922.0
WDOFUT,M30,31/01/2025,6556.397,6568.131,6556.397,6565.896,3435026641.72,52355.0
WDOFUT,M30,31/01/2025,6560.867,6561.984,6553.603,6556.397,4714487644.24,71894.0
WDOFUT,M30,31/01/2025,6560.308,6564.219,6556.397,6561.425,4868958954.93,74220.0
WDOFUT,M30,31/01/2025,6569.807,6580.423,6559.749,6560.308,9361868310.6,142515.0
WDOFUT,M30,31/01/2025,6558.632,6577.629,6550.25,6569.807,10907856037.17,166158.0
WDOFUT,M30,31/01/2025,6547.457,6565.337,6545.78,6558.632,7489281123.62,114223.0
WDOFUT,M30,31/01/2025,6558.073,6567.572,6535.723,6547.457,14735424459.96,224972.0
WDOFUT,M30,31/01/2025,6563.102,6563.661,6550.25,6558.073,7854480869.69,119810.0
WDOFUT,M30,31/01/2025,6562.543,6577.071,6558.632,6563.102,12827462685.34,195355.0
WDOFUT,M30,31/01/2025,6538.517,6573.718,6535.723,6562.543,15711888583.27,239636.0
WDOFUT,M30,31/01/2025,6535.723,6554.162,6535.164,6538.517,12205448169.82,186462.0
WDOFUT,M30,31/01/2025,6551.368,6558.073,6530.135,6535.723,12900283193.62,197140.0
WDOFUT,M30,31/01/2025,6532.37,6556.955,6530.135,6551.368,16236107898.61,248170.0
WDOFUT,M30,31/01/2025,6554.72,6564.219,6528.459,6532.37,16495599671.55,252007.0
WDOFUT,M30,31/01/2025,6579.864,6579.864,6547.457,6554.72,26734943679.07,407545.0
WDOFUT,M30,31/01/2025,6578.188,6598.862,6577.629,6580.423,13369528189.62,202912.0
WDOFUT,M30,31/01/2025,6593.274,6598.862,6571.483,6577.629,17409281518.86,264472.0
WDOFUT,M30,30/01/2025,6607.833,6616.819,6593.232,6601.656,6532374377.64,98926.0
WDOFUT,M30,30/01/2025,6578.63,6624.12,6573.014,6608.395,14507457490.35,219787.0
WDOFUT,M30,30/01/2025,6576.945,6581.438,6570.767,6578.63,5876554387.35,89351.0
WDOFUT,M30,30/01/2025,6593.232,6594.355,6574.699,6576.383,7047487493.83,107036.0
WDOFUT,M30,30/01/2025,6588.177,6597.724,6584.246,6593.232,6044099780.0,91695.0
WDOFUT,M30,30/01/2025,6594.916,6598.848,6583.123,6588.177,8764936851.72,132994.0
WDOFUT,M30,30/01/2025,6597.724,6599.409,6587.616,6595.478,7490899637.75,113617.0
WDOFUT,M30,30/01/2025,6609.518,6612.888,6589.862,6597.724,9598033760.25,145447.0
WDOFUT,M30,30/01/2025,6625.243,6625.805,6608.956,6610.08,6649870167.45,100464.0
WDOFUT,M30,30/01/2025,6607.272,6629.174,6607.272,6624.681,7297646549.99,110283.0
WDOFUT,M30,30/01/2025,6611.203,6616.257,6599.971,6607.272,6517459606.07,98625.0
WDOFUT,M30,30/01/2025,6615.134,6619.065,6600.532,6611.203,9855771870.89,149104.0
WDOFUT,M30,30/01/2025,6626.928,6631.421,6609.518,6615.134,12087918095.29,182569.0
WDOFUT,M30,30/01/2025,6644.338,6644.338,6608.395,6627.489,19940935191.12,301093.0
WDOFUT,M30,30/01/2025,6628.051,6647.707,6627.489,6644.338,16068306360.42,242074.0
WDOFUT,M30,30/01/2025,6634.229,6646.022,6624.12,6628.051,13694161342.35,206413.0
WDOFUT,M30,30/01/2025,6646.022,6651.077,6628.051,6633.667,14163500616.92,213352.0
WDOFUT,M30,30/01/2025,6636.475,6649.954,6629.736,6646.584,15366523402.73,231497.0
WDOFUT,M30,30/01/2025,6586.492,6691.512,6585.931,6635.913,36962206836.05,556625.0
WDOFUT,M30,29/01/2025,6590.424,6590.985,6570.767,6573.014,2685235025.17,40792.0
WDOFUT,M30,29/01/2025,6590.985,6596.601,6586.492,6590.985,2845584455.93,43172.0
WDOFUT,M30,29/01/2025,6593.232,6597.163,6585.369,6590.985,4304886681.33,65310.0
WDOFUT,M30,29/01/2025,6606.148,6607.833,6585.931,6592.67,9757032218.75,147968.0
WDOFUT,M30,29/01/2025,6596.601,6613.449,6595.478,6606.71,7845969745.59,118789.0
WDOFUT,M30,29/01/2025,6596.04,6598.848,6592.67,6595.478,3527437793.05,53478.0
WDOFUT,M30,29/01/2025,6605.025,6607.272,6592.108,6596.601,5227924248.71,79213.0
WDOFUT,M30,29/01/2025,6598.848,6606.148,6598.848,6604.464,3771240097.85,57113.0
WDOFUT,M30,29/01/2025,6608.956,6609.518,6590.985,6598.848,10321499059.83,156416.0
WDOFUT,M30,29/01/2025,6598.848,6610.08,6598.286,6608.956,9871837975.69,149477.0
WDOFUT,M30,29/01/2025,6594.916,6602.217,6584.246,6598.848,11096173118.64,168275.0
WDOFUT,M30,29/01/2025,6575.822,6601.656,6565.151,6594.916,19994290709.92,303810.0
WDOFUT,M30,29/01/2025,6579.191,6588.177,6574.699,6575.822,9785965082.38,148695.0
WDOFUT,M30,29/01/2025,6594.916,6602.217,6577.507,6579.753,14327291445.0,217421.0
WDOFUT,M30,29/01/2025,6606.148,6611.765,6594.355,6595.478,15467820886.15,234260.0
WDOFUT,M30,29/01/2025,6578.63,6616.819,6574.699,6606.148,22352830924.76,338753.0
WDOFUT,M30,29/01/2025,6567.959,6585.931,6565.151,6579.191,16487593190.43,250781.0
WDOFUT,M30,29/01/2025,6584.808,6590.424,6566.836,6568.521,15545797643.32,236295.0
WDOFUT,M30,29/01/2025,6588.739,6601.656,6576.383,6585.369,19203218739.4,291492.0
WDOFUT,M30,28/01/2025,6594.916,6596.601,6582.0,6587.054,4041953222.13,61350.0
WDOFUT,M30,28/01/2025,6594.916,6595.478,6588.739,6594.355,3603390371.96,54664.0
WDOFUT,M30,28/01/2025,6597.163,6601.656,6592.67,6595.478,4051501866.96,61420.0
WDOFUT,M30,28/01/2025,6598.848,6601.094,6594.916,6597.163,4219430857.65,63951.0
WDOFUT,M30,28/01/2025,6593.793,6601.094,6591.547,6599.409,5730083546.21,86862.0
WDOFUT,M30,28/01/2025,6587.616,6598.848,6584.246,6593.232,7643058241.87,115949.0
WDOFUT,M30,28/01/2025,6596.04,6599.971,6583.684,6587.616,7500682095.2,113805.0
WDOFUT,M30,28/01/2025,6591.547,6602.779,6590.985,6596.04,8439428626.51,127916.0
WDOFUT,M30,28/01/2025,6586.492,6592.108,6583.123,6591.547,7635518589.52,115902.0
WDOFUT,M30,28/01/2025,6596.04,6602.779,6585.931,6586.492,8073134238.29,122410.0
WDOFUT,M30,28/01/2025,6603.902,6605.025,6590.424,6596.04,7559623558.17,114589.0
WDOFUT,M30,28/01/2025,6601.656,6608.395,6594.916,6603.902,10778532758.42,163269.0
WDOFUT,M30,28/01/2025,6613.449,6613.449,6596.04,6601.094,16799273067.12,254392.0
WDOFUT,M30,28/01/2025,6621.312,6621.873,6611.203,6613.449,14896166647.63,225165.0
WDOFUT,M30,28/01/2025,6643.776,6643.776,6618.504,6621.312,16123440187.23,243185.0
WDOFUT,M30,28/01/2025,6638.722,6649.392,6634.79,6643.214,14291706504.91,215131.0
WDOFUT,M30,28/01/2025,6640.406,6649.392,6633.105,6638.722,17556875873.43,264336.0
WDOFUT,M30,28/01/2025,6647.146,6655.008,6626.928,6640.406,18291193722.06,275466.0
WDOFUT,M30,28/01/2025,6645.461,6653.885,6636.475,6646.584,15010597730.42,225874.0
WDOFUT,M30,27/01/2025,6642.091,6642.653,6625.243,6626.366,3228800350.55,48692.0
WDOFUT,M30,27/01/2025,6633.667,6642.653,6630.297,6642.091,3843538302.34,57927.0
WDOFUT,M30,27/01/2025,6647.707,6648.83,6625.243,6633.667,6729728028.62,101436.0
WDOFUT,M30,27/01/2025,6646.584,6650.515,6644.899,6647.707,2993277499.12,45029.0
WDOFUT,M30,27/01/2025,6648.269,6652.2,6643.776,6647.146,4491741610.67,67569.0
WDOFUT,M30,27/01/2025,6643.776,6650.515,6641.53,6648.83,4961848249.79,74661.0
WDOFUT,M30,27/01/2025,6645.461,6647.146,6630.297,6643.776,7991141658.33,120370.0
WDOFUT,M30,27/01/2025,6643.214,6652.762,6642.653,6645.461,5345973313.98,80418.0
WDOFUT,M30,27/01/2025,6651.638,6662.309,6638.722,6643.214,10586262163.26,159201.0
WDOFUT,M30,27/01/2025,6657.254,6661.186,6648.269,6651.638,7122603445.57,107040.0
WDOFUT,M30,27/01/2025,6670.171,6680.28,6655.008,6657.816,10910431451.4,163698.0
WDOFUT,M30,27/01/2025,6663.994,6680.842,6663.994,6670.171,10182107827.47,152535.0
WDOFUT,M30,27/01/2025,6658.378,6670.733,6657.254,6664.555,7847741123.4,117747.0
WDOFUT,M30,27/01/2025,6656.693,6675.226,6652.762,6658.378,15532683374.35,233101.0
WDOFUT,M30,27/01/2025,6648.269,6658.378,6643.776,6657.254,10765226156.92,161829.0
WDOFUT,M30,27/01/2025,6655.57,6656.693,6636.475,6647.707,14001121273.94,210662.0
WDOFUT,M30,27/01/2025,6671.856,6674.664,6644.899,6655.57,22694157924.34,340873.0
WDOFUT,M30,27/01/2025,6685.896,6688.143,6667.363,6671.295,16942391098.36,253881.0
WDOFUT,M30,27/01/2025,6683.65,6696.567,6661.747,6685.896,22017062406.91,329490.0
WDOFUT,M30,24/01/2025,6651.638,6657.254,6643.776,6647.146,2690926219.56,40453.0
WDOFUT,M30,24/01/2025,6655.57,6655.57,6647.146,6651.638,4301134919.15,64669.0
WDOFUT,M30,24/01/2025,6655.57,6659.501,6651.638,6655.57,3599248918.34,54085.0
WDOFUT,M30,24/01/2025,6647.707,6663.432,6645.461,6655.008,7656296097.42,115041.0
WDOFUT,M30,24/01/2025,6640.968,6651.077,6638.16,6647.707,6152641860.23,92625.0
WDOFUT,M30,24/01/2025,6634.79,6642.091,6629.736,6641.53,5681352724.47,85611.0
WDOFUT,M30,24/01/2025,6630.859,6636.475,6624.681,6634.229,5873293512.04,88574.0
WDOFUT,M30,24/01/2025,6617.942,6631.982,6615.134,6630.859,6787518646.96,102474.0
WDOFUT,M30,24/01/2025,6614.573,6620.189,6610.08,6617.381,5874620734.05,88806.0
WDOFUT,M30,24/01/2025,6606.71,6619.065,6598.848,6614.011,8222029995.87,124398.0
WDOFUT,M30,24/01/2025,6617.942,6619.065,6602.217,6606.71,8612059428.11,130273.0
WDOFUT,M30,24/01/2025,6611.765,6622.435,6607.272,6617.942,8513254450.19,128691.0
WDOFUT,M30,24/01/2025,6624.681,6628.051,6598.848,6611.203,15620332289.93,236301.0
WDOFUT,M30,24/01/2025,6625.805,6626.366,6610.641,6624.12,11609817735.71,175407.0
WDOFUT,M30,24/01/2025,6612.888,6637.037,6611.203,6625.805,15504253107.03,234013.0
WDOFUT,M30,24/01/2025,6610.08,6623.558,6603.902,6612.888,15469139992.98,233874.0
WDOFUT,M30,24/01/2025,6634.79,6649.392,6606.148,6610.08,20962804895.59,316261.0
WDOFUT,M30,24/01/2025,6630.859,6648.269,6630.297,6635.352,13045150127.28,196438.0
WDOFUT,M30,24/01/2025,6640.406,6651.077,6619.065,6630.859,21442699591.35,323035.0
WDOFUT,M30,23/01/2025,6665.117,6667.363,6658.378,6661.747,3596447496.92,53970.0
WDOFUT,M30,23/01/2025,6667.363,6679.719,6653.885,6664.555,9129600296.85,136942.0
WDOFUT,M30,23/01/2025,6665.117,6670.171,6658.378,6667.363,5229947095.96,78474.0
WDOFUT,M30,23/01/2025,6656.131,6674.103,6653.885,6665.117,9269624305.35,139060.0
WDOFUT,M30,23/01/2025,6646.584,6669.61,6644.338,6656.131,16698820224.97,250836.0
WDOFUT,M30,23/01/2025,6626.366,6648.269,6626.366,6646.584,10975120746.52,165351.0
WDOFUT,M30,23/01/2025,6620.189,6628.613,6617.942,6626.366,6697385739.8,101124.0
WDOFUT,M30,23/01/2025,6636.475,6639.283,6607.272,6620.189,14001381408.93,211441.0
WDOFUT,M30,23/01/2025,6645.461,6647.707,6633.667,6636.475,10104879772.74,152180.0
WDOFUT,M30,23/01/2025,6657.254,6658.378,6636.475,6645.461,12489097844.66,187866.0
WDOFUT,M30,23/01/2025,6659.501,6671.295,6646.022,6657.254,15888948036.48,238593.0
WDOFUT,M30,23/01/2025,6654.446,6663.994,6649.392,6659.501,9222542931.55,138531.0
WDOFUT,M30,23/01/2025,6685.335,6685.896,6653.885,6653.885,18824138395.94,282264.0
WDOFUT,M30,23/01/2025,6695.444,6697.69,6679.719,6684.773,11457086851.44,171312.0
WDOFUT,M30,23/01/2025,6690.951,6699.936,6687.581,6695.444,11654502374.35,174096.0
WDOFUT,M30,23/01/2025,6696.567,6703.868,6683.088,6690.951,16335903963.75,244153.0
WDOFUT,M30,23/01/2025,6704.991,6710.045,6688.143,6696.005,18361583405.03,274097.0
WDOFUT,M30,23/01/2025,6706.676,6716.784,6699.375,6704.991,16888695292.43,251776.0
WDOFUT,M30,23/01/2025,6685.335,6709.484,6680.842,6706.676,20015260848.02,298923.0
WDOFUT,M30,22/01/2025,6685.335,6690.389,6683.088,6684.211,2816328260.0,42122.0
WDOFUT,M30,22/01/2025,6683.65,6686.458,6681.965,6684.773,2950967664.99,44148.0
WDOFUT,M30,22/01/2025,6689.827,6690.951,6681.965,6684.211,3780749604.5,56548.0
WDOFUT,M30,22/01/2025,6683.088,6690.389,6680.28,6689.827,5667889244.48,84769.0
WDOFUT,M30,22/01/2025,6672.979,6685.335,6671.856,6682.527,8727673091.79,130635.0
WDOFUT,M30,22/01/2025,6671.856,6678.034,6669.048,6672.979,9742022508.03,145988.0
WDOFUT,M30,22/01/2025,6677.472,6679.719,6669.61,6672.418,8462127673.92,126795.0
WDOFUT,M30,22/01/2025,6665.679,6681.403,6661.186,6677.472,9616547341.13,144130.0
WDOFUT,M30,22/01/2025,6666.24,6675.226,6662.87,6665.117,8918127425.76,133720.0
WDOFUT,M30,22/01/2025,6674.664,6676.911,6655.008,6666.24,15573337728.89,233698.0
WDOFUT,M30,22/01/2025,6684.773,6688.704,6669.61,6674.664,11817609151.84,176956.0
WDOFUT,M30,22/01/2025,6684.211,6688.143,6678.034,6684.773,9705938436.72,145208.0
WDOFUT,M30,22/01/2025,6682.527,6687.581,6671.856,6684.773,17568188657.0,262947.0
WDOFUT,M30,22/01/2025,6731.386,6733.633,6668.487,6682.527,41551731805.09,620331.0
WDOFUT,M30,22/01/2025,6739.249,6742.618,6726.332,6731.948,19348967481.28,287241.0
WDOFUT,M30,22/01/2025,6762.274,6766.767,6735.879,6738.687,17423029357.89,258046.0
WDOFUT,M30,22/01/2025,6752.166,6763.398,6749.919,6762.836,15546337732.32,230086.0
WDOFUT,M30,22/01/2025,6768.452,6772.383,6745.988,6752.166,18241919334.98,269989.0
WDOFUT,M30,22/01/2025,6765.082,6772.945,6747.111,6767.89,25580647575.27,378369.0
WDOFUT,M30,21/01/2025,6780.246,6781.931,6772.945,6778.561,2496366245.47,36833.0
WDOFUT,M30,21/01/2025,6777.438,6782.492,6774.63,6780.807,3103309717.07,45786.0
WDOFUT,M30,21/01/2025,6787.547,6789.231,6776.315,6777.438,3448587258.6,50850.0
WDOFUT,M30,21/01/2025,6788.108,6793.163,6784.739,6788.108,3990626992.18,58780.0
WDOFUT,M30,21/01/2025,6783.615,6790.916,6777.999,6788.108,5952807143.63,87751.0
WDOFUT,M30,21/01/2025,6783.054,6784.739,6771.822,6783.054,9672410073.83,142690.0
WDOFUT,M30,21/01/2025,6790.916,6793.724,6781.931,6783.054,5467212279.05,80551.0
WDOFUT,M30,21/01/2025,6783.615,6792.601,6779.123,6790.916,6204038021.12,91447.0
WDOFUT,M30,21/01/2025,6784.177,6790.355,6781.931,6783.615,4717115086.27,69514.0
WDOFUT,M30,21/01/2025,6783.615,6791.478,6778.561,6784.177,8529108549.46,125710.0
WDOFUT,M30,21/01/2025,6788.108,6792.039,6780.246,6784.177,7786346399.82,114727.0
WDOFUT,M30,21/01/2025,6788.108,6795.409,6782.492,6787.547,9115319037.12,134255.0
WDOFUT,M30,21/01/2025,6808.326,6813.38,6785.862,6788.108,14832925235.14,218198.0
WDOFUT,M30,21/01/2025,6809.449,6815.627,6801.025,6808.326,10213718705.64,150024.0
WDOFUT,M30,21/01/2025,6813.942,6819.558,6801.587,6810.011,16342665743.94,239954.0
WDOFUT,M30,21/01/2025,6812.257,6817.873,6801.587,6813.38,13689059113.37,201031.0
WDOFUT,M30,21/01/2025,6802.148,6816.75,6802.148,6812.819,16304657808.09,239419.0
WDOFUT,M30,21/01/2025,6808.888,6822.366,6799.902,6802.148,18082859976.13,265489.0
WDOFUT,M30,21/01/2025,6812.257,6829.105,6801.587,6808.888,24389152847.09,357819.0
WDOFUT,M30,20/01/2025,6792.039,6793.724,6778.561,6778.561,2391614357.99,35237.0
WDOFUT,M30,20/01/2025,6797.655,6798.217,6785.3,6792.601,4033989261.07,59393.0
WDOFUT,M30,20/01/2025,6802.148,6803.833,6797.094,6797.094,2287035562.49,33633.0
WDOFUT,M30,20/01/2025,6806.641,6810.011,6798.217,6801.587,3492258555.73,51321.0
WDOFUT,M30,20/01/2025,6800.463,6806.641,6796.532,6806.08,3200693780.58,47059.0
WDOFUT,M30,20/01/2025,6793.163,6808.326,6789.793,6800.463,5697449071.65,83785.0
WDOFUT,M30,20/01/2025,6809.449,6809.449,6792.039,6793.163,6530349626.54,96045.0
WDOFUT,M30,20/01/2025,6816.188,6818.996,6796.532,6809.449,9461786319.98,139020.0
WDOFUT,M30,20/01/2025,6803.833,6828.544,6799.902,6816.188,13167953653.85,193223.0
WDOFUT,M30,20/01/2025,6799.902,6804.956,6795.971,6803.272,3598145939.21,52906.0
WDOFUT,M30,20/01/2025,6806.641,6807.764,6796.532,6799.902,5823263700.12,85605.0
WDOFUT,M30,20/01/2025,6794.847,6807.764,6788.67,6806.641,6823133133.03,100352.0
WDOFUT,M30,20/01/2025,6793.163,6800.463,6789.793,6794.847,8614447278.69,126769.0
WDOFUT,M30,20/01/2025,6811.696,6816.75,6786.985,6792.601,13339367796.42,196238.0
WDOFUT,M30,20/01/2025,6808.326,6820.12,6801.025,6811.696,15713515701.14,230783.0
WDOFUT,M30,20/01/2025,6844.269,6849.885,6802.148,6807.764,29104590736.55,426787.0
WDOFUT,M30,20/01/2025,6845.392,6851.008,6833.598,6844.269,12078347486.12,176534.0
WDOFUT,M30,20/01/2025,6839.776,6851.569,6830.228,6845.953,15446423210.12,225734.0
WDOFUT,M30,20/01/2025,6829.105,6842.022,6815.627,6839.776,16331051783.35,239124.0
WDOFUT,M30,17/01/2025,6842.584,6842.584,6825.736,6834.721,2647293998.84,38735.0
WDOFUT,M30,17/01/2025,6837.529,6845.392,6830.228,6842.584,4903540972.58,71719.0
WDOFUT,M30,17/01/2025,6826.859,6841.461,6826.859,6837.529,4986354494.11,72969.0
WDOFUT,M30,17/01/2025,6822.928,6829.105,6821.243,6826.859,2972883628.55,43559.0
WDOFUT,M30,17/01/2025,6820.681,6825.174,6818.996,6823.489,3021025209.71,44284.0
WDOFUT,M30,17/01/2025,6827.982,6831.352,6819.558,6820.12,6813527176.5,99820.0
WDOFUT,M30,17/01/2025,6814.504,6828.544,6812.819,6827.42,7929394561.9,116209.0
WDOFUT,M30,17/01/2025,6800.463,6820.681,6797.655,6814.504,8241199575.21,120966.0
WDOFUT,M30,17/01/2025,6797.094,6806.08,6791.478,6801.025,6819438025.47,100288.0
WDOFUT,M30,17/01/2025,6804.956,6805.518,6789.793,6796.532,6732975644.46,99073.0
WDOFUT,M30,17/01/2025,6796.532,6806.641,6794.286,6804.395,9433923576.03,138729.0
WDOFUT,M30,17/01/2025,6799.34,6800.463,6788.108,6797.094,10514992693.84,154749.0
WDOFUT,M30,17/01/2025,6818.435,6821.243,6798.779,6798.779,13456468261.91,197701.0
WDOFUT,M30,17/01/2025,6833.598,6833.598,6807.764,6818.435,22205794907.77,325574.0
WDOFUT,M30,17/01/2025,6849.323,6856.624,6833.037,6833.037,17250944716.23,251953.0
WDOFUT,M30,17/01/2025,6842.584,6850.446,6824.612,6848.761,18693499706.58,273365.0
WDOFUT,M30,17/01/2025,6817.312,6845.953,6815.065,6842.584,19344339993.05,283038.0
WDOFUT,M30,17/01/2025,6803.272,6824.051,6802.71,6817.312,16190886632.53,237596.0
WDOFUT,M30,17/01/2025,6820.12,6822.366,6785.862,6802.71,20297764753.91,298616.0
WDOFUT,M30,16/01/2025,6818.996,6821.243,6810.572,6811.696,2291270568.11,33620.0
WDOFUT,M30,16/01/2025,6818.435,6822.366,6811.134,6818.996,3653321538.13,53600.0
WDOFUT,M30,16/01/2025,6817.873,6822.928,6816.188,6818.996,3034947947.03,44506.0
WDOFUT,M30,16/01/2025,6822.928,6825.174,6817.312,6817.873,4237010243.88,62122.0
WDOFUT,M30,16/01/2025,6833.037,6833.598,6821.804,6822.928,5699623198.18,83485.0
WDOFUT,M30,16/01/2025,6825.736,6835.845,6824.051,6833.037,7042316985.03,103116.0
WDOFUT,M30,16/01/2025,6818.996,6829.105,6818.435,6826.297,6375106765.97,93432.0
WDOFUT,M30,16/01/2025,6803.833,6822.928,6802.71,6818.996,9109171151.94,133666.0
WDOFUT,M30,16/01/2025,6807.203,6808.326,6797.655,6803.833,6904589364.27,101502.0
WDOFUT,M30,16/01/2025,6806.08,6815.065,6793.163,6807.764,11145909144.25,163824.0
WDOFUT,M30,16/01/2025,6784.177,6806.641,6781.369,6806.641,13028006770.44,191771.0
WDOFUT,M30,16/01/2025,6776.315,6797.094,6774.068,6783.615,15744394258.86,232034.0
WDOFUT,M30,16/01/2025,6780.807,6781.931,6761.713,6775.753,18206602016.07,268908.0
WDOFUT,M30,16/01/2025,6797.655,6803.833,6780.807,6780.807,18137979847.07,267071.0
WDOFUT,M30,16/01/2025,6809.449,6811.696,6793.163,6797.655,11372155565.95,167166.0
WDOFUT,M30,16/01/2025,6806.641,6812.257,6789.793,6808.888,17172194079.91,252428.0
WDOFUT,M30,16/01/2025,6788.108,6809.449,6786.985,6806.08,19775558606.61,290898.0
WDOFUT,M30,16/01/2025,6757.782,6789.793,6751.604,6788.108,24578566186.17,363003.0
WDOFUT,M30,16/01/2025,6784.177,6788.67,6757.22,6757.782,22648723561.14,334435.0
WDOFUT,M30,15/01/2025,6773.506,6774.068,6761.713,6770.698,3900652496.67,57627.0
WDOFUT,M30,15/01/2025,6781.369,6782.492,6767.89,6773.506,5313894945.36,78444.0
WDOFUT,M30,15/01/2025,6785.862,6787.547,6779.684,6781.369,3741401939.72,55155.0
WDOFUT,M30,15/01/2025,6780.807,6789.793,6779.123,6785.862,4255079764.44,62712.0
WDOFUT,M30,15/01/2025,6786.423,6786.423,6777.999,6780.246,6238124652.14,91976.0
WDOFUT,M30,15/01/2025,6797.094,6797.094,6784.177,6786.423,7190523856.61,105917.0
WDOFUT,M30,15/01/2025,6805.518,6809.449,6790.916,6796.532,6258326886.55,92036.0
WDOFUT,M30,15/01/2025,6815.627,6816.188,6796.532,6805.518,9153923037.05,134531.0
WDOFUT,M30,15/01/2025,6812.257,6817.873,6807.203,6815.627,4835893849.3,70981.0
WDOFUT,M30,15/01/2025,6812.257,6825.174,6810.572,6811.696,8589977858.75,125998.0
WDOFUT,M30,15/01/2025,6804.395,6819.558,6802.71,6812.257,8850308850.38,129948.0
WDOFUT,M30,15/01/2025,6803.833,6807.764,6798.779,6804.395,6588905930.22,96848.0
WDOFUT,M30,15/01/2025,6803.272,6826.859,6799.34,6803.833,18974926394.13,278506.0
WDOFUT,M30,15/01/2025,6784.177,6804.395,6781.369,6803.272,10673684376.13,157152.0
WDOFUT,M30,15/01/2025,6775.753,6793.163,6770.698,6784.177,15040860023.17,221808.0
WDOFUT,M30,15/01/2025,6833.037,6834.721,6772.945,6775.191,39428743061.03,580569.0
WDOFUT,M30,15/01/2025,6824.051,6836.968,6810.011,6832.475,18067965613.26,264718.0
WDOFUT,M30,15/01/2025,6806.641,6830.228,6801.587,6823.489,15654661797.85,229592.0
WDOFUT,M30,15/01/2025,6812.257,6822.928,6797.655,6806.641,16334771831.75,239919.0
WDOFUT,M30,14/01/2025,6824.051,6831.352,6822.366,6829.667,1863716679.33,27299.0
WDOFUT,M30,14/01/2025,6815.065,6825.736,6811.134,6824.051,4016089794.22,58885.0
WDOFUT,M30,14/01/2025,6812.819,6820.12,6811.134,6815.065,3043323507.7,44653.0
WDOFUT,M30,14/01/2025,6814.504,6816.75,6807.203,6812.819,3928404514.77,57675.0
WDOFUT,M30,14/01/2025,6818.996,6822.366,6812.257,6813.942,4566437359.03,66992.0
WDOFUT,M30,14/01/2025,6829.105,6831.352,6812.257,6818.996,10035866867.72,147158.0
WDOFUT,M30,14/01/2025,6830.79,6831.913,6824.612,6829.105,4791549458.48,70173.0
WDOFUT,M30,14/01/2025,6824.612,6832.475,6810.572,6830.79,8125744514.13,119118.0
WDOFUT,M30,14/01/2025,6818.996,6830.228,6814.504,6825.174,6659426455.71,97588.0
WDOFUT,M30,14/01/2025,6824.051,6827.42,6816.75,6819.558,6704388201.02,98265.0
WDOFUT,M30,14/01/2025,6818.435,6824.612,6810.572,6824.051,8574287893.88,125752.0
WDOFUT,M30,14/01/2025,6840.899,6847.077,6815.627,6818.435,12835619294.23,187930.0
WDOFUT,M30,14/01/2025,6840.899,6842.584,6829.667,6840.337,10492496980.8,153469.0
WDOFUT,M30,14/01/2025,6838.653,6842.584,6820.681,6840.899,15225118263.85,222883.0
WDOFUT,M30,14/01/2025,6827.982,6845.392,6825.736,6838.653,17124022671.96,250553.0
WDOFUT,M30,14/01/2025,6844.83,6848.2,6808.326,6827.982,35856087273.98,525156.0
WDOFUT,M30,14/01/2025,6851.569,6859.994,6836.406,6845.392,15117758393.85,220776.0
WDOFUT,M30,14/01/2025,6856.624,6862.802,6838.091,6852.131,16457618832.08,240251.0
WDOFUT,M30,14/01/2025,6866.733,6866.733,6838.091,6857.185,21434896979.14,312789.0
WDOFUT,M30,13/01/2025,6872.91,6874.034,6866.733,6870.102,1931086606.08,28109.0
WDOFUT,M30,13/01/2025,6874.034,6874.034,6867.294,6873.472,2422374439.72,35256.0
WDOFUT,M30,13/01/2025,6872.91,6875.157,6870.102,6873.472,2181207978.61,31736.0
WDOFUT,M30,13/01/2025,6872.91,6879.65,6870.664,6873.472,3737455345.86,54366.0
WDOFUT,M30,13/01/2025,6862.24,6877.403,6861.678,6872.91,6378311188.84,92825.0
WDOFUT,M30,13/01/2025,6863.363,6869.541,6852.693,6862.24,8882372909.33,129457.0
WDOFUT,M30,13/01/2025,6868.979,6870.664,6861.117,6862.802,6129765514.43,89279.0
WDOFUT,M30,13/01/2025,6873.472,6876.28,6866.171,6868.979,4848213027.33,70568.0
WDOFUT,M30,13/01/2025,6886.389,6888.074,6868.979,6873.472,7091071276.2,103109.0
WDOFUT,M30,13/01/2025,6869.541,6889.759,6868.979,6886.951,8327710422.64,121012.0
WDOFUT,M30,13/01/2025,6884.142,6884.142,6868.418,6868.979,7204131803.62,104753.0
WDOFUT,M30,13/01/2025,6878.526,6886.951,6871.226,6883.581,7853242282.2,114172.0
WDOFUT,M30,13/01/2025,6892.005,6898.183,6876.842,6879.088,10112842492.66,146822.0
WDOFUT,M30,13/01/2025,6906.607,6908.853,6882.458,6892.567,12744274973.44,184846.0
WDOFUT,M30,13/01/2025,6895.936,6911.099,6884.704,6906.607,19405119720.87,281362.0
WDOFUT,M30,13/01/2025,6872.91,6901.552,6872.349,6895.375,20239884694.52,293915.0
WDOFUT,M30,13/01/2025,6874.034,6875.718,6854.377,6872.91,13905123384.02,202513.0
WDOFUT,M30,13/01/2025,6867.294,6877.403,6848.761,6874.034,18636274398.89,271535.0
WDOFUT,M30,13/01/2025,6907.168,6917.839,6866.171,6866.733,20690139646.86,300145.0
WDOFUT,M30,10/01/2025,6889.197,6890.882,6871.787,6883.581,3583584568.24,52048.0
WDOFUT,M30,10/01/2025,6881.334,6890.32,6879.65,6889.197,3248336573.1,47184.0
WDOFUT,M30,10/01/2025,6881.334,6885.266,6878.526,6880.773,3663132176.87,53233.0
WDOFUT,M30,10/01/2025,6874.595,6881.334,6869.541,6881.334,5028313612.12,73135.0
WDOFUT,M30,10/01/2025,6872.349,6878.526,6871.226,6874.595,5226270515.72,76013.0
WDOFUT,M30,10/01/2025,6884.704,6889.197,6871.226,6872.91,7758621069.15,112743.0
WDOFUT,M30,10/01/2025,6881.896,6886.389,6874.595,6884.704,6554850333.45,95273.0
WDOFUT,M30,10/01/2025,6888.635,6890.882,6879.65,6881.334,5791593993.92,84114.0
WDOFUT,M30,10/01/2025,6892.005,6898.183,6883.581,6889.197,5702454036.42,82751.0
WDOFUT,M30,10/01/2025,6896.498,6899.306,6881.896,6892.567,7220015611.74,104785.0
WDOFUT,M30,10/01/2025,6890.32,6901.552,6889.197,6895.936,8164747123.76,118398.0
WDOFUT,M30,10/01/2025,6877.965,6894.813,6877.403,6890.882,7991744697.53,116028.0
WDOFUT,M30,10/01/2025,6879.65,6892.567,6872.91,6877.965,14070714579.9,204427.0
WDOFUT,M30,10/01/2025,6883.019,6885.266,6867.856,6879.65,14519070647.85,211151.0
WDOFUT,M30,10/01/2025,6882.458,6891.443,6874.034,6883.019,15382157628.4,223487.0
WDOFUT,M30,10/01/2025,6868.418,6907.73,6868.418,6882.458,27534799641.7,399871.0
WDOFUT,M30,10/01/2025,6825.736,6879.65,6821.804,6868.979,43619653710.48,636380.0
WDOFUT,M30,10/01/2025,6833.598,6836.968,6821.804,6825.174,10229478197.09,149797.0
WDOFUT,M30,10/01/2025,6811.134,6833.598,6801.025,6833.037,17221316732.8,252534.0
WDOFUT,M30,09/01/2025,6807.764,6811.696,6802.148,6807.764,3515288006.03,51642.0
WDOFUT,M30,09/01/2025,6813.38,6816.188,6807.203,6808.326,3398895566.01,49895.0
WDOFUT,M30,09/01/2025,6815.627,6816.188,6807.203,6813.38,4478087477.34,65744.0
WDOFUT,M30,09/01/2025,6826.859,6827.982,6806.641,6816.188,8387191267.0,123012.0
WDOFUT,M30,09/01/2025,6829.105,6832.475,6825.174,6826.859,4394041116.98,64343.0
WDOFUT,M30,09/01/2025,6833.598,6839.214,6820.681,6828.544,10383662518.26,152021.0
WDOFUT,M30,09/01/2025,6848.2,6848.761,6831.352,6833.598,9393652695.97,137375.0
WDOFUT,M30,09/01/2025,6845.953,6858.87,6845.953,6848.2,6939369941.34,101275.0
WDOFUT,M30,09/01/2025,6845.953,6848.761,6839.214,6845.953,5101995058.63,74554.0
WDOFUT,M30,09/01/2025,6844.83,6849.323,6838.653,6845.953,6044402866.48,88299.0
WDOFUT,M30,09/01/2025,6845.953,6854.939,6843.707,6844.83,8888300421.08,129777.0
WDOFUT,M30,09/01/2025,6842.584,6848.2,6829.667,6846.515,11338774854.38,165789.0
WDOFUT,M30,09/01/2025,6853.254,6865.048,6840.337,6842.584,14082705539.67,205540.0
WDOFUT,M30,09/01/2025,6883.019,6883.581,6851.569,6853.816,18452749955.68,268742.0
WDOFUT,M30,09/01/2025,6885.266,6896.498,6875.718,6883.581,13221433584.79,192007.0
WDOFUT,M30,09/01/2025,6894.813,6901.552,6876.28,6885.827,16572094101.89,240595.0
WDOFUT,M30,09/01/2025,6892.005,6898.744,6885.266,6894.251,15541629159.7,225456.0
WDOFUT,M30,09/01/2025,6900.429,6904.922,6886.389,6891.443,15316502127.19,222111.0
WDOFUT,M30,09/01/2025,6887.512,6902.114,6875.157,6900.429,20954868009.46,304117.0
WDOFUT,M30,08/01/2025,6892.567,6893.69,6882.458,6885.827,2880928366.79,41826.0
WDOFUT,M30,08/01/2025,6890.882,6894.251,6885.827,6892.567,3176771402.3,46105.0
WDOFUT,M30,08/01/2025,6892.005,6894.251,6888.635,6890.882,3086744756.24,44790.0
WDOFUT,M30,08/01/2025,6886.951,6893.69,6886.389,6892.567,3089186363.56,44830.0
WDOFUT,M30,08/01/2025,6903.237,6904.922,6883.581,6886.389,7347659496.94,106595.0
WDOFUT,M30,08/01/2025,6904.922,6908.291,6895.375,6903.237,7306333761.59,105862.0
WDOFUT,M30,08/01/2025,6904.36,6910.538,6895.936,6904.922,6965097124.1,100887.0
WDOFUT,M30,08/01/2025,6914.469,6916.154,6900.429,6904.36,5554224975.86,80409.0
WDOFUT,M30,08/01/2025,6913.346,6919.524,6910.538,6914.469,5563944893.09,80459.0
WDOFUT,M30,08/01/2025,6917.277,6918.4,6907.168,6913.346,5219249925.91,75511.0
WDOFUT,M30,08/01/2025,6902.675,6920.085,6902.114,6917.277,9792985616.03,141692.0
WDOFUT,M30,08/01/2025,6904.922,6921.77,6893.69,6902.675,10459828922.31,151394.0
WDOFUT,M30,08/01/2025,6917.839,6921.208,6903.237,6904.922,10174471354.58,147200.0
WDOFUT,M30,08/01/2025,6918.4,6929.071,6902.114,6917.839,16062927979.49,232247.0
WDOFUT,M30,08/01/2025,6933.564,6936.372,6911.099,6918.4,16146158739.14,233168.0
WDOFUT,M30,08/01/2025,6922.332,6943.673,6919.524,6933.564,20339605878.91,293312.0
WDOFUT,M30,08/01/2025,6912.784,6929.071,6907.73,6922.332,19611287326.27,283466.0
WDOFUT,M30,08/01/2025,6927.386,6931.879,6906.607,6913.346,18196219069.11,262987.0
WDOFUT,M30,08/01/2025,6909.415,6934.125,6908.291,6927.386,24027907722.97,347079.0
WDOFUT,M30,07/01/2025,6883.581,6895.375,6883.019,6886.389,2780882367.46,40372.0
WDOFUT,M30,07/01/2025,6893.69,6895.375,6879.088,6883.581,4840947757.87,70299.0
WDOFUT,M30,07/01/2025,6887.512,6895.375,6885.266,6893.128,3876419085.22,56257.0
WDOFUT,M30,07/01/2025,6899.867,6899.867,6886.389,6888.074,7812332751.63,113359.0
WDOFUT,M30,07/01/2025,6888.074,6902.114,6885.827,6899.306,8596738931.32,124687.0
WDOFUT,M30,07/01/2025,6868.979,6891.443,6867.856,6887.512,13453208784.99,195494.0
WDOFUT,M30,07/01/2025,6853.816,6868.979,6853.254,6868.979,7244700002.49,105567.0
WDOFUT,M30,07/01/2025,6852.693,6862.24,6848.761,6853.816,7953486275.04,116015.0
WDOFUT,M30,07/01/2025,6842.022,6854.377,6835.283,6852.131,7196469249.84,105148.0
WDOFUT,M30,07/01/2025,6849.885,6854.939,6835.283,6842.584,8425202005.25,123105.0
WDOFUT,M30,07/01/2025,6842.022,6854.939,6829.667,6850.446,10300056528.48,150533.0
WDOFUT,M30,07/01/2025,6835.283,6845.953,6832.475,6842.022,8283256681.89,121101.0
WDOFUT,M30,07/01/2025,6848.761,6865.61,6832.475,6834.721,17525895210.48,255792.0
WDOFUT,M30,07/01/2025,6856.062,6870.102,6845.953,6848.761,16173282305.46,235820.0
WDOFUT,M30,07/01/2025,6840.337,6858.87,6840.337,6856.062,11071139550.58,161622.0
WDOFUT,M30,07/01/2025,6852.131,6859.994,6840.337,6840.337,14427591480.3,210590.0
WDOFUT,M30,07/01/2025,6881.334,6882.458,6844.269,6852.131,22675059438.46,330664.0
WDOFUT,M30,07/01/2025,6871.226,6883.019,6861.117,6881.334,15294506331.61,222579.0
WDOFUT,M30,07/01/2025,6899.867,6904.36,6859.432,6870.664,28749776933.56,418226.0
WDOFUT,M30,06/01/2025,6902.114,6904.36,6890.882,6896.498,2838456493.04,41154.0
WDOFUT,M30,06/01/2025,6898.183,6904.36,6892.567,6902.114,3351119218.43,48570.0
WDOFUT,M30,06/01/2025,6899.306,6901.552,6891.443,6898.183,4039954900.12,58580.0
WDOFUT,M30,06/01/2025,6896.498,6900.991,6894.251,6899.867,2376131158.88,34445.0
WDOFUT,M30,06/01/2025,6896.498,6902.114,6893.128,6896.498,5321104161.12,77151.0
WDOFUT,M30,06/01/2025,6909.976,6912.223,6895.375,6897.059,7099949994.8,102858.0
WDOFUT,M30,06/01/2025,6906.607,6913.907,6901.552,6910.538,4712385015.44,68208.0
WDOFUT,M30,06/01/2025,6903.237,6916.154,6902.675,6906.045,6968099936.73,100858.0
WDOFUT,M30,06/01/2025,6894.813,6904.922,6886.389,6903.237,6744607374.2,97803.0
WDOFUT,M30,06/01/2025,6892.005,6897.059,6884.704,6895.375,6110725412.9,88689.0
WDOFUT,M30,06/01/2025,6900.429,6904.922,6889.197,6892.005,6623012677.9,96025.0
WDOFUT,M30,06/01/2025,6889.759,6901.552,6887.512,6900.429,6930412890.21,100496.0
WDOFUT,M30,06/01/2025,6902.675,6906.607,6881.896,6889.759,12093243730.36,175474.0
WDOFUT,M30,06/01/2025,6927.948,6939.18,6900.991,6902.675,16781786126.53,242517.0
WDOFUT,M30,06/01/2025,6892.005,6945.357,6888.635,6927.948,23241528072.25,335907.0
WDOFUT,M30,06/01/2025,6883.019,6897.621,6875.157,6892.005,15166895581.06,220230.0
WDOFUT,M30,06/01/2025,6911.099,6911.099,6877.965,6883.581,22624321028.24,328285.0
WDOFUT,M30,06/01/2025,6927.948,6940.864,6907.73,6911.099,16113913871.77,232791.0
WDOFUT,M30,06/01/2025,6937.495,6939.741,6910.538,6928.509,28851854771.43,416703.0
WDOFUT,M30,03/01/2025,6981.862,6984.108,6963.329,6979.054,2736982323.38,39225.0
WDOFUT,M30,03/01/2025,6976.807,6982.985,6972.876,6982.423,2665780167.82,38205.0
WDOFUT,M30,03/01/2025,6979.054,6980.177,6973.438,6976.246,2746250362.75,39367.0
WDOFUT,M30,03/01/2025,6977.93,6980.177,6969.506,6979.615,4935277262.55,70754.0
WDOFUT,M30,03/01/2025,6982.423,6983.546,6971.191,6977.93,4963522133.13,71140.0
WDOFUT,M30,03/01/2025,6976.807,6984.108,6974.561,6982.985,4772829241.0,68397.0
WDOFUT,M30,03/01/2025,6983.546,6988.039,6975.122,6976.807,5340139870.91,76493.0
WDOFUT,M30,03/01/2025,6972.314,6986.354,6969.506,6983.546,7927351025.15,113582.0
WDOFUT,M30,03/01/2025,6972.876,6977.369,6959.959,6971.753,9095192164.36,130504.0
WDOFUT,M30,03/01/2025,6958.274,6975.684,6957.151,6972.314,6295165383.04,90361.0
WDOFUT,M30,03/01/2025,6951.535,6959.959,6944.796,6958.274,6828137934.94,98189.0
WDOFUT,M30,03/01/2025,6958.274,6960.521,6948.165,6952.097,7788001014.53,111985.0
WDOFUT,M30,03/01/2025,6949.289,6972.314,6948.727,6958.274,14431088066.45,207316.0
WDOFUT,M30,03/01/2025,6938.618,6952.658,6935.81,6948.727,8614721302.15,124056.0
WDOFUT,M30,03/01/2025,6935.248,6949.289,6927.948,6939.18,12951043933.22,186638.0
WDOFUT,M30,03/01/2025,6927.948,6954.905,6926.263,6935.81,17625066522.72,253836.0
WDOFUT,M30,03/01/2025,6984.67,6988.039,6927.386,6927.948,27194796320.41,390983.0
WDOFUT,M30,03/01/2025,6984.108,6999.833,6982.985,6984.108,13601042942.43,194526.0
WDOFUT,M30,03/01/2025,6941.426,6993.655,6938.056,6983.546,24757963260.79,355115.0
WDOFUT,M30,02/01/2025,6947.042,6953.781,6943.111,6947.042,2571212245.37,37008.0
WDOFUT,M30,02/01/2025,6943.673,6947.604,6941.426,6947.042,2936256435.59,42278.0
WDOFUT,M30,02/01/2025,6961.082,6963.89,6935.81,6943.673,6451106367.99,92787.0
WDOFUT,M30,02/01/2025,6959.959,6965.013,6956.589,6961.082,3671336032.72,52745.0
WDOFUT,M30,02/01/2025,6953.22,6971.191,6950.412,6959.959,8035325812.28,115399.0
WDOFUT,M30,02/01/2025,6970.068,6974.561,6952.658,6953.781,7745906505.02,111280.0
WDOFUT,M30,02/01/2025,6961.644,6973.438,6961.082,6969.506,4908132271.04,70439.0
WDOFUT,M30,02/01/2025,6967.821,6976.807,6957.713,6961.644,8762089934.76,125744.0
WDOFUT,M30,02/01/2025,6949.85,6969.506,6948.727,6967.821,7359825828.81,105761.0
WDOFUT,M30,02/01/2025,6952.097,6959.959,6945.919,6950.412,8812634333.24,126723.0
WDOFUT,M30,02/01/2025,6986.354,6993.655,6947.042,6951.535,17884409523.66,256606.0
WDOFUT,M30,02/01/2025,7001.518,7004.887,6982.423,6985.793,10294506229.32,147195.0
WDOFUT,M30,02/01/2025,7006.011,7013.311,6998.71,7000.956,11925622661.56,170222.0
WDOFUT,M30,02/01/2025,7019.489,7020.051,6995.902,7005.449,13180878841.96,188152.0
WDOFUT,M30,02/01/2025,7011.065,7023.42,7003.764,7019.489,12841086442.3,183089.0
WDOFUT,M30,02/01/2025,7020.051,7022.297,7004.887,7011.627,11063333782.15,157767.0
WDOFUT,M30,02/01/2025,7017.804,7030.721,7011.065,7020.051,12189210361.4,173601.0
WDOFUT,M30,02/01/2025,7016.681,7032.406,7013.873,7017.243,16111762928.25,229359.0
WDOFUT,M30,02/01/2025,6985.793,7018.927,6955.466,7017.243,22828525366.96,326407.0
WDOFUT,M30,30/12/2024,6977.93,6981.3,6966.698,6968.383,2235873405.17,32050.0
WDOFUT,M30,30/12/2024,6980.738,6984.108,6973.999,6977.93,3693184407.23,52915.0
WDOFUT,M30,30/12/2024,6980.738,6983.546,6976.807,6981.3,2581324555.35,36984.0
WDOFUT,M30,30/12/2024,6980.177,6986.354,6976.807,6980.738,4064050875.83,58214.0
WDOFUT,M30,30/12/2024,6984.108,6985.231,6970.068,6980.738,4925158280.72,70591.0
WDOFUT,M30,30/12/2024,6981.862,6996.463,6980.177,6984.108,7305825167.35,104565.0
WDOFUT,M30,30/12/2024,6979.054,6988.601,6976.246,6981.862,4645151339.45,66525.0
WDOFUT,M30,30/12/2024,6982.423,6987.478,6967.26,6979.054,6644250684.28,95213.0
WDOFUT,M30,30/12/2024,7005.449,7008.819,6959.397,6981.862,18267752694.61,261571.0
WDOFUT,M30,30/12/2024,7039.707,7050.377,6984.108,7005.449,14249048066.3,202947.0
WDOFUT,M30,30/12/2024,7027.913,7050.939,7025.105,7039.707,13686527340.52,194484.0
WDOFUT,M30,30/12/2024,6998.71,7032.968,6993.655,7027.352,12567806461.77,179190.0
WDOFUT,M30,30/12/2024,6984.67,7000.395,6973.999,6999.271,12495998329.83,178883.0
WDOFUT,M30,30/12/2024,6976.246,6988.039,6967.821,6985.231,11409482837.69,163530.0
WDOFUT,M30,30/12/2024,6970.068,6981.3,6962.205,6975.122,13498741400.82,193649.0
WDOFUT,M30,30/12/2024,6981.3,6986.354,6948.727,6970.068,16414599242.76,235760.0
WDOFUT,M30,30/12/2024,6981.862,7004.887,6973.999,6981.862,18379379710.83,262864.0
WDOFUT,M30,30/12/2024,6989.162,6999.833,6971.191,6982.423,14232441928.66,203751.0
WDOFUT,M30,30/12/2024,7008.819,7025.105,6985.793,6988.601,18694529059.42,266847.0
WDOFUT,M30,27/12/2024,6990.241,6999.274,6989.677,6998.71,1899854557.37,27166.0
WDOFUT,M30,27/12/2024,6990.806,6997.016,6972.176,6989.677,5261738370.82,75306.0
WDOFUT,M30,27/12/2024,6993.629,6996.452,6984.596,6991.371,4912612707.75,70262.0
WDOFUT,M30,27/12/2024,6991.935,6996.452,6987.419,6993.629,3877564072.44,55454.0
WDOFUT,M30,27/12/2024,7004.92,7006.049,6989.112,6991.935,6142732979.69,87803.0
WDOFUT,M30,27/12/2024,6999.274,7009.436,6997.016,7005.484,5808358047.19,82933.0
WDOFUT,M30,27/12/2024,6998.145,7003.226,6992.5,6999.274,4616904266.08,65967.0
WDOFUT,M30,27/12/2024,7002.097,7006.049,6990.241,6998.71,7053857228.62,100789.0
WDOFUT,M30,27/12/2024,7006.049,7007.742,6995.322,7001.532,5894127389.94,84190.0
WDOFUT,M30,27/12/2024,7010.001,7015.082,7000.968,7005.484,5912999466.85,84364.0
WDOFUT,M30,27/12/2024,7004.355,7014.517,7002.097,7010.565,6662706557.82,95079.0
WDOFUT,M30,27/12/2024,7011.694,7012.259,6989.112,7004.92,10602073533.22,151468.0
WDOFUT,M30,27/12/2024,7000.403,7015.082,6997.016,7011.694,10657925568.3,152120.0
WDOFUT,M30,27/12/2024,7009.436,7010.001,6989.112,7000.403,10769796321.45,153919.0
WDOFUT,M30,27/12/2024,7011.694,7017.904,7002.662,7009.436,10358979361.04,147749.0
WDOFUT,M30,27/12/2024,6999.839,7019.598,6989.677,7012.259,14332495100.03,204584.0
WDOFUT,M30,27/12/2024,6981.773,7007.178,6981.209,6999.839,16147086059.91,230876.0
WDOFUT,M30,27/12/2024,6997.016,7002.662,6968.789,6981.209,16291331409.1,233224.0
WDOFUT,M30,27/12/2024,7000.403,7020.727,6987.983,6997.581,22798350560.07,325386.0
WDOFUT,M30,26/12/2024,6981.773,6986.854,6977.257,6984.596,2792999975.22,40007.0
WDOFUT,M30,26/12/2024,6978.951,6985.725,6978.386,6982.338,3550545146.85,50851.0
WDOFUT,M30,26/12/2024,6979.515,6983.467,6976.128,6978.951,3706697335.32,53111.0
WDOFUT,M30,26/12/2024,6979.515,6984.596,6973.305,6980.08,4558867450.28,65322.0
WDOFUT,M30,26/12/2024,6974.999,6986.29,6973.305,6980.08,6117956181.1,87643.0
WDOFUT,M30,26/12/2024,6968.224,6976.692,6966.53,6974.434,6912499144.99,99153.0
WDOFUT,M30,26/12/2024,6972.74,6980.08,6959.756,6968.789,8563505311.53,122876.0
WDOFUT,M30,26/12/2024,6970.482,6980.644,6961.449,6972.74,8155006811.32,116961.0
WDOFUT,M30,26/12/2024,6958.062,6981.773,6955.804,6970.482,8445171543.25,121157.0
WDOFUT,M30,26/12/2024,6951.852,6962.014,6951.288,6958.062,4407913620.2,63356.0
WDOFUT,M30,26/12/2024,6949.594,6962.579,6946.207,6951.852,10723727903.32,154198.0
WDOFUT,M30,26/12/2024,6963.708,6970.482,6944.513,6949.594,11684739036.37,168000.0
WDOFUT,M30,26/12/2024,6963.708,6974.434,6960.32,6963.708,10953087007.49,157195.0
WDOFUT,M30,26/12/2024,6987.419,6992.5,6961.449,6963.708,12837748143.46,184055.0
WDOFUT,M30,26/12/2024,6976.692,6994.193,6968.789,6987.983,13274394221.14,190110.0
WDOFUT,M30,26/12/2024,6986.854,6992.5,6971.047,6976.692,13800797421.36,197675.0
WDOFUT,M30,26/12/2024,6964.837,7002.662,6959.191,6986.854,22347256423.28,319935.0
WDOFUT,M30,26/12/2024,6966.53,6971.047,6952.981,6965.401,17398351366.33,249913.0
WDOFUT,M30,26/12/2024,6960.885,6998.145,6946.207,6965.966,25539487640.54,365971.0
WDOFUT,M30,23/12/2024,6995.887,7005.484,6989.112,7002.097,3750802083.85,53622.0
WDOFUT,M30,23/12/2024,7003.791,7003.791,6990.806,6995.322,4505928299.98,64381.0
WDOFUT,M30,23/12/2024,6988.548,7004.355,6984.596,7003.791,5450775479.09,77917.0
WDOFUT,M30,23/12/2024,6994.193,6997.581,6984.031,6988.548,7180980466.25,102734.0
WDOFUT,M30,23/12/2024,6994.758,6998.145,6990.806,6993.629,4741222430.79,67788.0
WDOFUT,M30,23/12/2024,6997.016,7007.178,6993.629,6994.758,8988863385.59,128424.0
WDOFUT,M30,23/12/2024,6990.806,6998.71,6984.031,6997.016,8397646753.3,120109.0
WDOFUT,M30,23/12/2024,6991.935,7000.968,6989.677,6990.806,7727212523.5,110464.0
WDOFUT,M30,23/12/2024,6981.773,6993.629,6980.644,6991.935,6511429393.79,93170.0
WDOFUT,M30,23/12/2024,6979.515,6988.548,6978.386,6982.338,5627960362.52,80594.0
WDOFUT,M30,23/12/2024,6969.918,6983.467,6965.401,6978.951,8414395873.21,120630.0
WDOFUT,M30,23/12/2024,6971.611,6980.644,6966.53,6969.918,9323331948.48,133719.0
WDOFUT,M30,23/12/2024,6959.191,6980.644,6954.675,6971.047,14743042341.67,211530.0
WDOFUT,M30,23/12/2024,6951.852,6963.143,6942.819,6959.191,9925163755.31,142708.0
WDOFUT,M30,23/12/2024,6954.675,6971.047,6947.336,6951.288,14594372438.35,209674.0
WDOFUT,M30,23/12/2024,6944.513,6959.191,6942.819,6954.675,10520254309.2,151324.0
WDOFUT,M30,23/12/2024,6952.981,6962.014,6938.303,6944.513,12299535449.08,177000.0
WDOFUT,M30,23/12/2024,6942.819,6956.933,6937.174,6953.546,17117803940.97,246402.0
WDOFUT,M30,23/12/2024,6913.463,6945.078,6902.172,6943.384,24114629352.02,348307.0
WDOFUT,M30,20/12/2024,6875.638,6896.526,6867.17,6888.058,4800490137.68,69772.0
WDOFUT,M30,20/12/2024,6868.299,6879.59,6862.089,6876.203,6375589248.26,92801.0
WDOFUT,M30,20/12/2024,6861.524,6868.299,6854.185,6868.299,4039878501.46,58876.0
WDOFUT,M30,20/12/2024,6850.233,6866.041,6849.104,6860.96,6615603146.99,96482.0
WDOFUT,M30,20/12/2024,6845.152,6855.314,6842.894,6850.233,7593259189.92,110861.0
WDOFUT,M30,20/12/2024,6846.846,6857.008,6832.168,6845.717,16469655788.82,240698.0
WDOFUT,M30,20/12/2024,6886.365,6901.043,6838.378,6846.846,20451508629.96,297662.0
WDOFUT,M30,20/12/2024,6882.413,6889.752,6860.96,6885.8,9630854598.3,140053.0
WDOFUT,M30,20/12/2024,6875.638,6884.671,6867.17,6882.413,8322170216.51,120992.0
WDOFUT,M30,20/12/2024,6878.461,6878.461,6858.137,6876.203,8592905481.35,125067.0
WDOFUT,M30,20/12/2024,6876.203,6893.704,6867.17,6877.896,16392708015.64,238333.0
WDOFUT,M30,20/12/2024,6875.074,6889.187,6867.17,6876.203,17550087316.47,255179.0
WDOFUT,M30,20/12/2024,6872.251,6880.154,6858.702,6875.074,17454232820.04,254045.0
WDOFUT,M30,20/12/2024,6884.106,6894.833,6867.17,6871.686,15009161207.45,218091.0
WDOFUT,M30,20/12/2024,6889.752,6895.397,6863.218,6884.106,20769379309.89,301854.0
WDOFUT,M30,20/12/2024,6891.445,6904.43,6876.767,6889.752,20081995189.74,291410.0
WDOFUT,M30,20/12/2024,6849.104,6911.769,6847.411,6891.445,25371679012.69,368756.0
WDOFUT,M30,20/12/2024,6860.395,6873.944,6838.378,6848.54,23576018266.94,343957.0
WDOFUT,M30,20/12/2024,6894.268,6908.382,6844.588,6859.831,30324362588.16,441122.0
WDOFUT,M30,19/12/2024,6946.207,6964.272,6943.948,6960.32,5923579368.39,85170.0
WDOFUT,M30,19/12/2024,6932.093,6949.594,6927.577,6945.642,7634208224.36,110032.0
WDOFUT,M30,19/12/2024,6923.06,6936.609,6911.205,6932.093,9869602022.44,142519.0
WDOFUT,M30,19/12/2024,6912.898,6929.835,6908.382,6923.06,10725070721.82,155048.0
WDOFUT,M30,19/12/2024,6909.511,6920.802,6906.124,6912.334,9211632626.18,133234.0
WDOFUT,M30,19/12/2024,6925.883,6926.447,6901.043,6909.511,12390013342.17,179287.0
WDOFUT,M30,19/12/2024,6921.931,6928.706,6911.769,6925.883,10088414397.95,145777.0
WDOFUT,M30,19/12/2024,6939.997,6951.852,6917.415,6921.931,10217768839.14,147281.0
WDOFUT,M30,19/12/2024,6943.948,6952.981,6929.835,6939.997,11590379504.3,166957.0
WDOFUT,M30,19/12/2024,6945.078,6949.029,6917.415,6943.384,14794039800.26,213455.0
WDOFUT,M30,19/12/2024,6933.787,6952.417,6925.883,6945.078,21534881111.74,310287.0
WDOFUT,M30,19/12/2024,6963.143,6977.257,6932.658,6933.222,18826036733.88,270780.0
WDOFUT,M30,19/12/2024,6952.417,6992.5,6950.159,6963.143,24110475696.56,345955.0
WDOFUT,M30,19/12/2024,6981.773,6992.5,6949.029,6952.417,25092665787.82,359968.0
WDOFUT,M30,19/12/2024,6995.887,7004.92,6941.126,6981.773,43311531749.99,620677.0
WDOFUT,M30,19/12/2024,7077.182,7081.134,6989.112,6995.887,54531926280.46,774389.0
WDOFUT,M30,19/12/2024,7080.569,7122.91,7042.745,7076.617,46889614648.86,661771.0
WDOFUT,M30,19/12/2024,7084.521,7117.829,7071.536,7080.005,29922816307.09,421859.0
WDOFUT,M30,19/12/2024,7056.858,7086.779,7046.696,7084.521,32034730063.75,453189.0
WDOFUT,M30,18/12/2024,7110.49,7124.604,7060.81,7060.81,7791383047.56,109762.0
WDOFUT,M30,18/12/2024,7086.215,7140.976,7085.65,7110.49,18402846007.28,258745.0
WDOFUT,M30,18/12/2024,7082.263,7094.118,7073.795,7086.779,11600543768.18,163745.0
WDOFUT,M30,18/12/2024,7053.471,7089.037,7050.648,7082.827,17757054975.63,251165.0
WDOFUT,M30,18/12/2024,7024.679,7071.536,7022.985,7052.906,20684105708.6,293487.0
WDOFUT,M30,18/12/2024,7010.565,7034.276,7007.178,7025.243,13159462044.83,187396.0
WDOFUT,M30,18/12/2024,7008.872,7021.292,7005.484,7010.001,10454308719.96,149065.0
WDOFUT,M30,18/12/2024,7003.791,7015.082,7000.403,7008.872,10426222136.31,148779.0
WDOFUT,M30,18/12/2024,6998.71,7006.049,6987.419,7004.355,9146726071.81,130718.0
WDOFUT,M30,18/12/2024,6995.322,7003.226,6986.854,6999.274,11020204842.5,157540.0
WDOFUT,M30,18/12/2024,6990.241,7004.92,6989.112,6995.322,15258079257.94,218110.0
WDOFUT,M30,18/12/2024,6974.434,6994.758,6968.224,6990.241,15668190193.8,224449.0
WDOFUT,M30,18/12/2024,6955.239,6977.257,6949.594,6974.434,15758396826.9,226302.0
WDOFUT,M30,18/12/2024,6949.594,6955.804,6931.528,6955.239,22036827928.61,317384.0
WDOFUT,M30,18/12/2024,6963.143,6972.176,6946.207,6949.029,18103831320.27,259991.0
WDOFUT,M30,18/12/2024,6951.288,6964.272,6947.9,6963.143,14978735783.4,215321.0
WDOFUT,M30,18/12/2024,6942.255,6955.804,6941.69,6951.288,15614619550.65,224731.0
WDOFUT,M30,18/12/2024,6922.496,6946.207,6901.607,6942.255,27065925044.86,390512.0
WDOFUT,M30,18/12/2024,6895.962,6934.351,6887.494,6922.496,28503488805.79,412163.0
WDOFUT,M30,17/12/2024,6904.43,6907.817,6893.704,6903.301,4665054192.05,67609.0
WDOFUT,M30,17/12/2024,6890.316,6911.769,6888.623,6904.43,6902384589.62,100003.0
WDOFUT,M30,17/12/2024,6893.139,6898.785,6884.106,6890.316,6196372102.58,89922.0
WDOFUT,M30,17/12/2024,6882.413,6901.043,6880.154,6893.139,10973176426.31,159236.0
WDOFUT,M30,17/12/2024,6889.187,6889.187,6866.041,6882.977,9586881192.01,139381.0
WDOFUT,M30,17/12/2024,6876.203,6902.736,6873.38,6889.187,11600675573.36,168404.0
WDOFUT,M30,17/12/2024,6888.623,6895.962,6850.798,6876.203,21885030420.09,318369.0
WDOFUT,M30,17/12/2024,6914.592,6928.706,6887.494,6888.623,13237153966.52,191584.0
WDOFUT,M30,17/12/2024,6912.898,6929.835,6904.43,6914.592,14339512445.49,207338.0
WDOFUT,M30,17/12/2024,6946.771,6950.723,6901.607,6912.898,24161963189.03,348904.0
WDOFUT,M30,17/12/2024,6974.999,6981.773,6944.513,6946.771,14073503587.66,202024.0
WDOFUT,M30,17/12/2024,6981.209,6987.419,6960.885,6974.999,20043241498.73,287389.0
WDOFUT,M30,17/12/2024,6995.887,7020.163,6967.66,6981.773,44706910340.73,639586.0
WDOFUT,M30,17/12/2024,6978.951,6997.016,6974.434,6995.322,17767118766.78,254249.0
WDOFUT,M30,17/12/2024,6953.546,6983.467,6951.288,6978.386,17308118910.77,248290.0
WDOFUT,M30,17/12/2024,6980.644,6980.644,6945.642,6952.981,20935067560.72,300842.0
WDOFUT,M30,17/12/2024,6941.126,6982.338,6940.561,6980.644,24629786929.27,353780.0
WDOFUT,M30,17/12/2024,6936.609,6945.078,6892.01,6940.561,40992124807.12,592561.0
WDOFUT,M30,17/12/2024,6949.594,6969.353,6929.27,6937.174,32944300155.4,474378.0
WDOFUT,M30,16/12/2024,6934.351,6956.369,6932.658,6955.804,7337000403.55,105645.0
WDOFUT,M30,16/12/2024,6903.866,6943.948,6902.172,6934.351,14302223809.05,206610.0
WDOFUT,M30,16/12/2024,6889.187,6904.995,6888.623,6903.301,8748447940.33,126827.0
WDOFUT,M30,16/12/2024,6881.848,6892.575,6878.461,6889.187,6541490525.89,94995.0
WDOFUT,M30,16/12/2024,6872.251,6883.542,6867.734,6881.284,5218229559.85,75895.0
WDOFUT,M30,16/12/2024,6876.767,6887.494,6869.993,6872.251,8668373668.46,126014.0
WDOFUT,M30,16/12/2024,6877.332,6881.848,6869.428,6876.767,8186100113.37,119073.0
WDOFUT,M30,16/12/2024,6869.993,6880.719,6868.299,6877.332,7993510159.26,116283.0
WDOFUT,M30,16/12/2024,6851.927,6876.203,6849.104,6869.993,9653380236.53,140642.0
WDOFUT,M30,16/12/2024,6859.831,6859.831,6842.33,6851.363,7868461457.3,114881.0
WDOFUT,M30,16/12/2024,6862.089,6864.347,6848.54,6859.266,8393425860.1,122401.0
WDOFUT,M30,16/12/2024,6864.347,6871.686,6855.314,6862.089,9157817685.9,133436.0
WDOFUT,M30,16/12/2024,6847.411,6872.251,6844.023,6864.347,12086518735.74,176167.0
WDOFUT,M30,16/12/2024,6871.122,6876.767,6846.282,6846.846,15487077101.78,225762.0
WDOFUT,M30,16/12/2024,6831.039,6878.461,6831.039,6871.122,19429304701.68,283288.0
WDOFUT,M30,16/12/2024,6826.522,6847.975,6824.829,6831.039,13908420995.92,203452.0
WDOFUT,M30,16/12/2024,6838.378,6843.459,6811.28,6826.522,18000118233.13,263690.0
WDOFUT,M30,16/12/2024,6884.671,6895.397,6812.409,6838.942,47822006134.49,698380.0
WDOFUT,M30,16/12/2024,6863.218,6888.623,6843.459,6884.671,25567701061.33,372029.0
WDOFUT,M30,13/12/2024,6849.104,6852.492,6811.28,6829.345,4418245944.57,64628.0
WDOFUT,M30,13/12/2024,6832.168,6852.492,6832.168,6849.669,5395778927.18,78883.0
WDOFUT,M30,13/12/2024,6817.49,6836.684,6817.49,6832.732,7207580926.36,105560.0
WDOFUT,M30,13/12/2024,6832.732,6836.684,6811.844,6818.054,7709634572.78,112989.0
WDOFUT,M30,13/12/2024,6838.942,6845.152,6824.829,6832.732,7959253499.13,116433.0
WDOFUT,M30,13/12/2024,6825.393,6841.765,6815.231,6838.942,8576539560.13,125561.0
WDOFUT,M30,13/12/2024,6824.264,6834.426,6808.457,6825.393,12145389045.53,178038.0
WDOFUT,M30,13/12/2024,6858.137,6871.122,6792.085,6823.7,34353881548.36,503448.0
WDOFUT,M30,13/12/2024,6858.137,6860.395,6845.717,6858.702,7120978710.62,103915.0
WDOFUT,M30,13/12/2024,6859.266,6866.041,6849.669,6857.573,8742748211.92,127486.0
WDOFUT,M30,13/12/2024,6838.378,6864.912,6837.249,6858.702,16230538782.89,236853.0
WDOFUT,M30,13/12/2024,6829.91,6838.942,6814.102,6838.378,11294873645.27,165414.0
WDOFUT,M30,13/12/2024,6815.231,6831.603,6812.973,6829.91,15088098128.3,221179.0
WDOFUT,M30,13/12/2024,6801.682,6818.619,6797.166,6815.231,11823075249.11,173639.0
WDOFUT,M30,13/12/2024,6805.634,6818.619,6798.859,6801.682,16634831508.51,244318.0
WDOFUT,M30,13/12/2024,6804.505,6811.844,6789.262,6805.634,20046504928.7,294748.0
WDOFUT,M30,13/12/2024,6824.829,6833.862,6801.682,6804.505,22271128673.97,326569.0
WDOFUT,M30,13/12/2024,6796.601,6825.393,6794.343,6824.829,18206903356.76,267303.0
WDOFUT,M30,13/12/2024,6766.116,6807.328,6752.566,6796.037,26133011532.39,385095.0
WDOFUT,M30,12/12/2024,6783.617,6789.262,6752.566,6757.083,6014375401.58,88761.0
WDOFUT,M30,12/12/2024,6799.424,6799.989,6777.407,6783.617,5715559768.78,84238.0
WDOFUT,M30,12/12/2024,6798.295,6805.07,6775.713,6799.424,9176834264.68,135192.0
WDOFUT,M30,12/12/2024,6824.264,6830.474,6768.374,6798.859,21281564894.13,312875.0
WDOFUT,M30,12/12/2024,6820.877,6825.393,6812.973,6823.7,7568262290.75,110986.0
WDOFUT,M30,12/12/2024,6820.312,6829.91,6814.102,6820.877,8633818237.89,126551.0
WDOFUT,M30,12/12/2024,6821.441,6826.522,6814.102,6820.312,7525559288.3,110327.0
WDOFUT,M30,12/12/2024,6817.49,6841.201,6812.973,6822.006,16841475907.1,246683.0
WDOFUT,M30,12/12/2024,6797.73,6830.474,6797.166,6817.49,19593157215.29,287481.0
WDOFUT,M30,12/12/2024,6775.148,6804.505,6768.938,6797.73,12653896121.04,186423.0
WDOFUT,M30,12/12/2024,6791.52,6793.214,6767.809,6775.148,12446231503.99,183597.0
WDOFUT,M30,12/12/2024,6746.356,6801.682,6745.792,6792.085,27304233278.38,402911.0
WDOFUT,M30,12/12/2024,6721.516,6753.131,6717.564,6745.792,16576358115.94,246077.0
WDOFUT,M30,12/12/2024,6708.532,6728.291,6706.274,6721.516,18571454871.56,276484.0
WDOFUT,M30,12/12/2024,6697.241,6719.258,6687.643,6708.532,23936799200.77,356870.0
WDOFUT,M30,12/12/2024,6675.788,6698.37,6667.32,6697.241,19186699569.77,287013.0
WDOFUT,M30,12/12/2024,6671.836,6684.256,6657.158,6675.788,18407032186.39,275848.0
WDOFUT,M30,12/12/2024,6667.884,6683.692,6655.464,6672.401,20936203968.94,313870.0
WDOFUT,M30,12/12/2024,6660.545,6685.385,6635.705,6667.884,40856110057.98,613241.0
WDOFUT,M30,11/12/2024,6740.711,6748.05,6717.0,6735.065,5187977085.28,77056.0
WDOFUT,M30,11/12/2024,6745.792,6773.455,6737.888,6741.276,11466426591.28,169677.0
WDOFUT,M30,11/12/2024,6736.195,6750.873,6715.871,6745.792,14559699079.21,216153.0
WDOFUT,M30,11/12/2024,6799.989,6799.989,6728.855,6735.63,35980047178.77,532556.0
WDOFUT,M30,11/12/2024,6803.376,6804.505,6798.859,6799.989,3844829672.6,56528.0
WDOFUT,M30,11/12/2024,6808.457,6811.844,6798.859,6803.376,7597804049.37,111656.0
WDOFUT,M30,11/12/2024,6801.682,6817.49,6798.859,6807.892,8472667055.74,124433.0
WDOFUT,M30,11/12/2024,6799.424,6803.376,6797.166,6801.118,4786274757.31,70377.0
WDOFUT,M30,11/12/2024,6795.472,6801.682,6788.698,6799.989,7488259067.33,110185.0
WDOFUT,M30,11/12/2024,6806.199,6807.328,6790.391,6795.472,11902932655.26,175145.0
WDOFUT,M30,11/12/2024,6829.91,6832.168,6802.811,6805.634,14538195979.74,213335.0
WDOFUT,M30,11/12/2024,6834.991,6844.588,6828.216,6829.345,10365043516.9,151601.0
WDOFUT,M30,11/12/2024,6815.796,6841.201,6812.973,6834.991,16526858399.3,241990.0
WDOFUT,M30,11/12/2024,6809.021,6824.264,6808.457,6815.796,14079604608.55,206529.0
WDOFUT,M30,11/12/2024,6822.006,6822.571,6800.553,6808.457,20762092494.06,304895.0
WDOFUT,M30,11/12/2024,6832.168,6836.12,6815.796,6822.006,20810765717.11,304846.0
WDOFUT,M30,11/12/2024,6855.879,6856.443,6823.135,6832.168,25988349653.55,380225.0
WDOFUT,M30,11/12/2024,6844.023,6866.605,6842.894,6855.879,18801960274.84,274137.0
WDOFUT,M30,11/12/2024,6864.912,6869.428,6833.862,6843.459,21102860454.6,308119.0
WDOFUT,M30,10/12/2024,6846.846,6850.798,6838.378,6839.507,3418597298.98,49935.0
WDOFUT,M30,10/12/2024,6836.12,6849.104,6832.732,6846.846,4006623305.49,58585.0
WDOFUT,M30,10/12/2024,6840.636,6841.765,6833.862,6836.12,5280241311.95,77221.0
WDOFUT,M30,10/12/2024,6853.621,6854.185,6838.378,6841.201,5849272915.15,85421.0
WDOFUT,M30,10/12/2024,6854.75,6860.395,6850.798,6854.185,4289819000.38,62577.0
WDOFUT,M30,10/12/2024,6860.395,6861.524,6849.669,6855.314,4338472898.93,63292.0
WDOFUT,M30,10/12/2024,6858.702,6863.218,6853.056,6860.395,5861568180.85,85461.0
WDOFUT,M30,10/12/2024,6842.33,6862.089,6840.072,6859.266,7552329276.73,110186.0
WDOFUT,M30,10/12/2024,6849.669,6852.492,6838.378,6841.765,5918304733.82,86452.0
WDOFUT,M30,10/12/2024,6847.975,6857.573,6844.023,6849.669,6957732629.53,101565.0
WDOFUT,M30,10/12/2024,6844.588,6857.008,6841.765,6847.975,10017020106.86,146229.0
WDOFUT,M30,10/12/2024,6843.459,6846.846,6833.862,6844.023,8524965183.62,124626.0
WDOFUT,M30,10/12/2024,6834.991,6849.104,6832.732,6844.023,10532325206.33,153957.0
WDOFUT,M30,10/12/2024,6841.201,6842.33,6822.006,6834.426,14312317368.86,209543.0
WDOFUT,M30,10/12/2024,6841.201,6853.621,6838.378,6840.636,12705514549.28,185595.0
WDOFUT,M30,10/12/2024,6843.459,6845.152,6827.087,6840.636,17715349045.15,259198.0
WDOFUT,M30,10/12/2024,6845.152,6864.912,6843.459,6843.459,16109344734.48,235025.0
WDOFUT,M30,10/12/2024,6858.702,6868.864,6834.991,6845.152,19868640159.33,290017.0
WDOFUT,M30,10/12/2024,6850.233,6867.734,6807.892,6859.266,42054050808.01,614907.0
WDOFUT,M30,09/12/2024,6883.542,6886.365,6878.461,6878.461,2836035756.52,41199.0
WDOFUT,M30,09/12/2024,6886.365,6888.058,6882.977,6884.106,2590311160.19,37620.0
WDOFUT,M30,09/12/2024,6882.413,6888.058,6880.154,6886.365,2910103145.98,42276.0
WDOFUT,M30,09/12/2024,6887.494,6889.752,6877.896,6882.413,7197121821.3,104553.0
WDOFUT,M30,09/12/2024,6888.058,6892.01,6881.284,6886.929,6122007856.49,88898.0
WDOFUT,M30,09/12/2024,6879.025,6888.058,6876.767,6888.058,6327642960.64,91960.0
WDOFUT,M30,09/12/2024,6880.719,6882.413,6869.428,6879.025,6010496506.31,87414.0
WDOFUT,M30,09/12/2024,6876.767,6881.284,6869.428,6881.284,7379197767.99,107331.0
WDOFUT,M30,09/12/2024,6863.218,6879.59,6860.395,6876.203,6419314653.97,93457.0
WDOFUT,M30,09/12/2024,6863.218,6871.686,6856.443,6863.783,7111521397.15,103596.0
WDOFUT,M30,09/12/2024,6862.653,6869.993,6858.137,6863.218,7363914103.49,107299.0
WDOFUT,M30,09/12/2024,6872.251,6873.38,6860.395,6862.653,10733690171.69,156331.0
WDOFUT,M30,09/12/2024,6842.894,6875.638,6841.201,6872.251,16978872739.1,247689.0
WDOFUT,M30,09/12/2024,6857.008,6857.008,6831.603,6842.894,15695857628.29,229432.0
WDOFUT,M30,09/12/2024,6863.218,6866.605,6852.492,6857.008,12397820846.87,180745.0
WDOFUT,M30,09/12/2024,6845.152,6865.476,6844.588,6863.218,11746957277.78,171385.0
WDOFUT,M30,09/12/2024,6851.927,6854.75,6834.426,6845.152,16019127482.22,234028.0
WDOFUT,M30,09/12/2024,6842.33,6857.008,6837.813,6851.927,14770607779.16,215745.0
WDOFUT,M30,09/12/2024,6878.461,6882.977,6842.33,6842.33,23537886894.85,343072.0
WDOFUT,M30,06/12/2024,6892.575,6897.091,6888.623,6889.187,4346938215.73,63065.0
WDOFUT,M30,06/12/2024,6877.896,6893.139,6873.38,6892.01,5457455822.88,79293.0
WDOFUT,M30,06/12/2024,6876.203,6879.59,6870.557,6877.332,4923081788.39,71606.0
WDOFUT,M30,06/12/2024,6886.929,6890.316,6875.074,6876.203,7049209197.91,102452.0
WDOFUT,M30,06/12/2024,6890.881,6895.962,6882.413,6887.494,6509154940.16,94476.0
WDOFUT,M30,06/12/2024,6892.575,6894.833,6884.671,6890.881,6616530192.34,96036.0
WDOFUT,M30,06/12/2024,6883.542,6895.397,6879.025,6892.01,12287044358.38,178407.0
WDOFUT,M30,06/12/2024,6880.719,6889.752,6877.332,6883.542,8694376971.59,126313.0
WDOFUT,M30,06/12/2024,6875.638,6894.268,6873.944,6881.284,13810740269.26,200613.0
WDOFUT,M30,06/12/2024,6859.266,6876.203,6857.008,6875.638,7931542385.51,115515.0
WDOFUT,M30,06/12/2024,6862.653,6866.605,6855.879,6859.266,6810045023.94,99258.0
WDOFUT,M30,06/12/2024,6861.524,6872.251,6851.927,6862.089,12886406518.88,187778.0
WDOFUT,M30,06/12/2024,6842.33,6863.218,6837.813,6861.524,18177192431.14,265299.0
WDOFUT,M30,06/12/2024,6823.7,6845.717,6816.925,6842.33,18347765969.91,268564.0
WDOFUT,M30,06/12/2024,6798.295,6827.651,6793.214,6823.7,20495257549.12,300876.0
WDOFUT,M30,06/12/2024,6794.908,6806.199,6772.89,6798.295,24954686036.75,367748.0
WDOFUT,M30,06/12/2024,6788.698,6803.94,6788.698,6795.472,11589692059.04,170530.0
WDOFUT,M30,06/12/2024,6812.973,6818.619,6783.617,6788.698,19156021617.46,281682.0
WDOFUT,M30,06/12/2024,6814.102,6825.393,6802.247,6813.538,21653374901.34,317815.0
WDOFUT,M30,05/12/2024,6802.247,6808.457,6796.037,6808.457,3185763104.25,46822.0
WDOFUT,M30,05/12/2024,6798.859,6802.811,6796.601,6802.247,3074928907.61,45222.0
WDOFUT,M30,05/12/2024,6802.247,6808.457,6798.295,6799.424,5480435154.99,80549.0
WDOFUT,M30,05/12/2024,6794.343,6805.07,6793.214,6801.682,7989970981.14,117503.0
WDOFUT,M30,05/12/2024,6787.004,6794.908,6784.181,6794.343,4939955995.34,72773.0
WDOFUT,M30,05/12/2024,6789.827,6795.472,6784.181,6787.569,6209781872.01,91453.0
WDOFUT,M30,05/12/2024,6784.181,6796.037,6781.923,6789.262,7779034234.42,114563.0
WDOFUT,M30,05/12/2024,6783.617,6790.391,6778.536,6784.746,8482003809.84,125021.0
WDOFUT,M30,05/12/2024,6764.422,6788.133,6764.422,6783.617,10056150171.18,148423.0
WDOFUT,M30,05/12/2024,6757.083,6764.987,6754.26,6764.987,4947154318.17,73190.0
WDOFUT,M30,05/12/2024,6761.599,6767.809,6755.389,6756.518,8954414169.2,132414.0
WDOFUT,M30,05/12/2024,6771.761,6772.326,6757.647,6761.599,8795662629.35,130034.0
WDOFUT,M30,05/12/2024,6750.873,6771.761,6746.921,6771.761,14205386416.47,210223.0
WDOFUT,M30,05/12/2024,6774.019,6776.278,6747.486,6750.873,19082286182.6,282368.0
WDOFUT,M30,05/12/2024,6786.439,6787.569,6761.599,6773.455,21399406240.49,315909.0
WDOFUT,M30,05/12/2024,6789.827,6796.037,6782.488,6787.004,11575402209.06,170484.0
WDOFUT,M30,05/12/2024,6797.166,6798.295,6780.229,6789.827,24672288929.81,363406.0
WDOFUT,M30,05/12/2024,6822.571,6829.91,6794.908,6797.73,19500507701.11,286378.0
WDOFUT,M30,05/12/2024,6829.91,6833.862,6811.844,6822.571,18953413301.42,277758.0
WDOFUT,M30,04/12/2024,6836.684,6842.33,6834.991,6837.813,1919065307.02,28067.0
WDOFUT,M30,04/12/2024,6835.555,6840.072,6832.732,6837.249,3010108932.42,44027.0
WDOFUT,M30,04/12/2024,6842.894,6848.54,6834.426,6835.555,5397969048.53,78905.0
WDOFUT,M30,04/12/2024,6838.942,6845.152,6832.732,6843.459,5631181694.09,82359.0
WDOFUT,M30,04/12/2024,6841.765,6843.459,6829.91,6838.942,6952653966.74,101696.0
WDOFUT,M30,04/12/2024,6842.33,6848.54,6828.781,6841.765,9687949284.01,141682.0
WDOFUT,M30,04/12/2024,6818.054,6844.023,6816.925,6841.765,12033803524.95,176075.0
WDOFUT,M30,04/12/2024,6824.829,6831.039,6815.231,6817.49,7680663104.27,112575.0
WDOFUT,M30,04/12/2024,6829.345,6836.684,6820.877,6824.829,7544053851.52,110472.0
WDOFUT,M30,04/12/2024,6825.393,6840.072,6823.7,6829.345,7379478794.67,108025.0
WDOFUT,M30,04/12/2024,6831.603,6841.201,6824.829,6825.393,9733777080.21,142437.0
WDOFUT,M30,04/12/2024,6846.282,6853.056,6827.087,6831.603,17642811627.71,258041.0
WDOFUT,M30,04/12/2024,6860.395,6866.605,6841.765,6845.717,15127851183.35,220667.0
WDOFUT,M30,04/12/2024,6855.879,6866.041,6849.669,6860.96,10994136446.91,160328.0
WDOFUT,M30,04/12/2024,6859.831,6866.605,6851.363,6855.879,13639785643.21,198854.0
WDOFUT,M30,04/12/2024,6851.927,6862.089,6848.54,6859.831,12165705971.82,177479.0
WDOFUT,M30,04/12/2024,6867.734,6872.815,6843.459,6851.363,22480043314.66,327937.0
WDOFUT,M30,04/12/2024,6868.864,6875.638,6859.831,6867.734,15075950096.89,219516.0
WDOFUT,M30,04/12/2024,6853.621,6872.815,6847.975,6869.428,20912306285.53,304788.0
WDOFUT,M30,03/12/2024,6849.104,6852.492,6840.636,6841.201,3268705362.34,47751.0
WDOFUT,M30,03/12/2024,6851.363,6859.266,6846.846,6849.669,5136000513.02,74945.0
WDOFUT,M30,03/12/2024,6862.653,6863.218,6850.233,6850.798,6394507923.01,93261.0
WDOFUT,M30,03/12/2024,6857.573,6866.041,6846.846,6863.218,7641551246.65,111470.0
WDOFUT,M30,03/12/2024,6840.636,6863.218,6840.072,6857.573,11445102837.63,166981.0
WDOFUT,M30,03/12/2024,6875.074,6877.332,6836.684,6840.636,14437899981.43,210600.0
WDOFUT,M30,03/12/2024,6877.332,6881.284,6871.122,6874.509,5213500505.11,75818.0
WDOFUT,M30,03/12/2024,6871.122,6886.365,6870.557,6876.767,8699667238.5,126457.0
WDOFUT,M30,03/12/2024,6867.734,6877.896,6864.912,6870.557,5690057406.62,82799.0
WDOFUT,M30,03/12/2024,6862.089,6873.38,6858.702,6867.734,7575143613.85,110316.0
WDOFUT,M30,03/12/2024,6858.137,6864.912,6851.363,6861.524,9844903538.05,143532.0
WDOFUT,M30,03/12/2024,6879.025,6880.154,6857.573,6858.137,12453784035.93,181369.0
WDOFUT,M30,03/12/2024,6881.284,6890.316,6866.041,6879.025,14362713430.7,208843.0
WDOFUT,M30,03/12/2024,6889.752,6902.172,6880.154,6880.719,17936516853.15,260255.0
WDOFUT,M30,03/12/2024,6876.203,6891.445,6873.944,6890.316,16810541751.32,244281.0
WDOFUT,M30,03/12/2024,6867.17,6884.106,6862.089,6876.203,15278829080.14,222294.0
WDOFUT,M30,03/12/2024,6871.686,6887.494,6854.75,6867.17,22131179686.85,322132.0
WDOFUT,M30,03/12/2024,6849.104,6876.767,6846.282,6871.686,20154864776.33,293720.0
WDOFUT,M30,03/12/2024,6851.927,6858.137,6830.474,6848.54,21231204432.72,310198.0
WDOFUT,M30,02/12/2024,6872.251,6877.896,6858.702,6865.476,4271826383.02,62185.0
WDOFUT,M30,02/12/2024,6877.896,6880.154,6870.557,6872.251,3700407201.92,53830.0
WDOFUT,M30,02/12/2024,6872.815,6882.413,6870.557,6877.896,7937130350.23,115432.0
WDOFUT,M30,02/12/2024,6871.686,6877.332,6861.524,6872.251,6437819441.16,93744.0
WDOFUT,M30,02/12/2024,6869.428,6878.461,6863.783,6871.686,8862414794.9,128965.0
WDOFUT,M30,02/12/2024,6866.605,6877.332,6863.783,6868.864,8278295369.13,120478.0
WDOFUT,M30,02/12/2024,6850.798,6869.428,6849.104,6866.605,8183761600.4,119318.0
WDOFUT,M30,02/12/2024,6873.944,6876.203,6846.846,6851.363,13014137504.43,189736.0
WDOFUT,M30,02/12/2024,6880.154,6886.929,6870.557,6873.944,6800062973.78,98857.0
WDOFUT,M30,02/12/2024,6873.38,6888.058,6868.299,6879.59,10138335775.99,147389.0
WDOFUT,M30,02/12/2024,6882.413,6899.349,6872.815,6873.38,14946751911.48,217041.0
WDOFUT,M30,02/12/2024,6879.025,6894.268,6871.686,6882.413,11494802336.75,167003.0
WDOFUT,M30,02/12/2024,6872.815,6884.671,6860.96,6878.461,16757756705.86,243818.0
WDOFUT,M30,02/12/2024,6881.848,6889.752,6871.122,6872.815,12878511593.82,187212.0
WDOFUT,M30,02/12/2024,6869.993,6894.833,6868.299,6881.848,22939109143.83,333377.0
WDOFUT,M30,02/12/2024,6844.023,6881.284,6842.894,6869.993,24632623159.63,358858.0
WDOFUT,M30,02/12/2024,6825.958,6848.54,6822.006,6844.023,15329047066.39,224199.0
WDOFUT,M30,02/12/2024,6818.619,6834.426,6811.844,6825.958,17193085697.18,251999.0
WDOFUT,M30,02/12/2024,6803.94,6838.942,6800.553,6818.619,27160095961.23,398380.0
WDOFUT,M30,29/11/2024,6771.197,6785.875,6763.293,6783.617,3009911763.8,44420.0
WDOFUT,M30,29/11/2024,6763.293,6772.326,6758.777,6771.197,3749149734.62,55418.0
WDOFUT,M30,29/11/2024,6800.553,6802.247,6754.825,6763.293,8487401194.22,125232.0
WDOFUT,M30,29/11/2024,6803.94,6813.538,6777.407,6800.553,8966925402.99,131891.0
WDOFUT,M30,29/11/2024,6815.796,6825.393,6798.295,6803.376,7349452461.35,107907.0
WDOFUT,M30,29/11/2024,6803.94,6818.619,6803.94,6815.796,3485284665.63,51165.0
WDOFUT,M30,29/11/2024,6817.49,6817.49,6802.811,6804.505,5900979751.7,86663.0
WDOFUT,M30,29/11/2024,6807.328,6823.7,6802.247,6817.49,8454744956.15,124123.0
WDOFUT,M30,29/11/2024,6794.908,6822.571,6789.262,6807.328,11396545301.88,167409.0
WDOFUT,M30,29/11/2024,6788.698,6812.409,6785.875,6795.472,9043553077.08,133054.0
WDOFUT,M30,29/11/2024,6766.116,6803.376,6762.728,6788.698,17421619408.63,256801.0
WDOFUT,M30,29/11/2024,6803.376,6807.892,6748.615,6766.116,28114411767.37,414829.0
WDOFUT,M30,29/11/2024,6860.96,6864.912,6798.859,6803.94,24881944608.36,364249.0
WDOFUT,M30,29/11/2024,6882.413,6899.349,6834.991,6860.96,31752904872.83,462178.0
WDOFUT,M30,29/11/2024,6904.43,6910.64,6879.59,6882.977,17120626074.54,248206.0
WDOFUT,M30,29/11/2024,6908.382,6919.673,6898.785,6904.43,15583303850.3,225537.0
WDOFUT,M30,29/11/2024,6878.461,6930.399,6878.461,6908.946,40032565444.81,579587.0
WDOFUT,M30,29/11/2024,6834.426,6879.025,6831.603,6878.461,22647627613.45,330444.0
WDOFUT,M30,29/11/2024,6802.811,6862.653,6792.085,6834.426,33411476928.53,489103.0
WDOFUT,M30,28/11/2024,6819.145,6835.582,6812.91,6828.781,4224041753.7,61915.0
WDOFUT,M30,28/11/2024,6799.307,6831.615,6799.307,6819.712,6826587091.06,100165.0
WDOFUT,M30,28/11/2024,6791.939,6801.574,6790.238,6799.874,3385205917.47,49801.0
WDOFUT,M30,28/11/2024,6786.271,6802.141,6785.137,6791.372,6779644580.92,99814.0
WDOFUT,M30,28/11/2024,6785.704,6788.538,6780.603,6786.838,2896645147.97,42691.0
WDOFUT,M30,28/11/2024,6783.437,6790.238,6782.303,6786.271,3580506445.69,52757.0
WDOFUT,M30,28/11/2024,6785.137,6788.538,6778.902,6782.87,4934920468.77,72752.0
WDOFUT,M30,28/11/2024,6781.736,6789.105,6773.801,6785.137,7767242102.99,114532.0
WDOFUT,M30,28/11/2024,6795.906,6798.173,6776.635,6781.736,8856453682.28,130508.0
WDOFUT,M30,28/11/2024,6796.473,6805.542,6787.404,6796.473,9135159574.87,134408.0
WDOFUT,M30,28/11/2024,6795.906,6809.509,6794.206,6796.473,9987153872.71,146852.0
WDOFUT,M30,28/11/2024,6797.04,6799.307,6786.271,6795.339,5899921194.34,86867.0
WDOFUT,M30,28/11/2024,6791.372,6797.607,6781.736,6797.04,8459292819.2,124582.0
WDOFUT,M30,28/11/2024,6793.639,6797.04,6784.57,6791.372,9820660647.12,144620.0
WDOFUT,M30,28/11/2024,6788.538,6803.841,6782.303,6793.639,15864559027.9,233567.0
WDOFUT,M30,28/11/2024,6781.17,6794.773,6773.234,6788.538,14792700826.49,218076.0
WDOFUT,M30,28/11/2024,6774.368,6786.838,6755.664,6781.17,16220967595.6,239504.0
WDOFUT,M30,28/11/2024,6750.562,6780.036,6746.595,6773.801,17832695942.39,263648.0
WDOFUT,M30,28/11/2024,6776.068,6804.975,6741.494,6750.562,35889278080.66,530124.0
WDOFUT,M30,27/11/2024,6729.591,6763.032,6721.089,6760.198,7778767461.27,115385.0
WDOFUT,M30,27/11/2024,6706.919,6737.526,6704.652,6729.591,9473798774.73,140879.0
WDOFUT,M30,27/11/2024,6705.785,6713.721,6685.948,6707.486,9007863651.75,134378.0
WDOFUT,M30,27/11/2024,6708.619,6710.887,6693.883,6705.785,8203993274.83,122384.0
WDOFUT,M30,27/11/2024,6711.453,6717.688,6705.219,6708.619,9058413614.86,134974.0
WDOFUT,M30,27/11/2024,6675.745,6723.356,6675.745,6711.453,20584233947.05,307159.0
WDOFUT,M30,27/11/2024,6679.146,6687.081,6668.944,6675.745,10328637609.96,154689.0
WDOFUT,M30,27/11/2024,6679.146,6691.615,6661.575,6679.146,18777584503.53,281335.0
WDOFUT,M30,27/11/2024,6658.174,6696.717,6657.608,6679.146,24449972628.22,365965.0
WDOFUT,M30,27/11/2024,6616.231,6691.615,6611.13,6658.741,34662118241.7,520843.0
WDOFUT,M30,27/11/2024,6623.6,6624.167,6611.697,6616.798,8975209254.01,135621.0
WDOFUT,M30,27/11/2024,6617.932,6630.968,6616.798,6623.6,14612132071.7,220602.0
WDOFUT,M30,27/11/2024,6602.628,6620.766,6601.495,6617.932,15534548316.48,234981.0
WDOFUT,M30,27/11/2024,6599.227,6603.762,6591.859,6602.061,10229157495.65,155058.0
WDOFUT,M30,27/11/2024,6604.895,6604.895,6592.993,6598.661,12541755032.08,190061.0
WDOFUT,M30,27/11/2024,6603.195,6612.264,6596.393,6604.895,16412815667.39,248533.0
WDOFUT,M30,27/11/2024,6610.563,6613.397,6594.126,6603.195,18377262835.53,278310.0
WDOFUT,M30,27/11/2024,6595.827,6613.397,6588.458,6610.563,18518912891.67,280552.0
WDOFUT,M30,27/11/2024,6582.223,6607.163,6580.523,6595.827,20232252478.7,306612.0
WDOFUT,M30,26/11/2024,6590.159,6590.725,6580.523,6587.325,3013579926.93,45767.0
WDOFUT,M30,26/11/2024,6592.993,6600.361,6585.057,6590.159,4685573599.85,71085.0
WDOFUT,M30,26/11/2024,6585.057,6613.964,6583.357,6592.993,11440290734.16,173410.0
WDOFUT,M30,26/11/2024,6583.924,6587.891,6581.09,6585.057,3739144000.36,56788.0
WDOFUT,M30,26/11/2024,6582.223,6587.325,6579.39,6583.924,3887522717.89,59046.0
WDOFUT,M30,26/11/2024,6591.292,6594.126,6578.823,6582.79,8368552903.54,127055.0
WDOFUT,M30,26/11/2024,6595.827,6600.928,6589.592,6591.292,6752061811.04,102380.0
WDOFUT,M30,26/11/2024,6583.357,6599.227,6581.09,6595.26,11179267228.6,169604.0
WDOFUT,M30,26/11/2024,6586.758,6589.592,6576.556,6583.357,5910077140.66,89796.0
WDOFUT,M30,26/11/2024,6583.357,6589.592,6581.657,6586.758,4835119444.86,73416.0
WDOFUT,M30,26/11/2024,6577.689,6589.025,6576.556,6583.924,7801538185.37,118494.0
WDOFUT,M30,26/11/2024,6576.556,6582.79,6567.487,6578.256,8352973727.64,127023.0
WDOFUT,M30,26/11/2024,6576.556,6579.39,6567.487,6576.556,11037249734.42,167899.0
WDOFUT,M30,26/11/2024,6583.357,6585.624,6574.288,6575.989,11906890574.99,180999.0
WDOFUT,M30,26/11/2024,6579.956,6589.025,6577.689,6583.924,14945142305.71,227033.0
WDOFUT,M30,26/11/2024,6578.823,6587.325,6564.653,6579.956,16690379711.69,253838.0
WDOFUT,M30,26/11/2024,6562.952,6584.491,6558.985,6578.256,19449873132.35,295886.0
WDOFUT,M30,26/11/2024,6557.851,6572.021,6555.584,6562.952,15253025619.93,232367.0
WDOFUT,M30,26/11/2024,6592.426,6607.163,6556.718,6558.418,26278713006.83,399578.0
WDOFUT,M30,25/11/2024,6591.859,6592.993,6573.722,6576.556,4043305697.19,61431.0
WDOFUT,M30,25/11/2024,6586.758,6595.827,6582.79,6591.859,3399670440.04,51593.0
WDOFUT,M30,25/11/2024,6582.223,6590.159,6581.657,6587.325,4067830122.19,61763.0
WDOFUT,M30,25/11/2024,6587.891,6592.993,6575.989,6581.657,7260684815.75,110281.0
WDOFUT,M30,25/11/2024,6585.057,6592.426,6583.357,6587.891,5040532480.01,76516.0
WDOFUT,M30,25/11/2024,6595.26,6598.661,6583.924,6585.057,6002836744.13,91077.0
WDOFUT,M30,25/11/2024,6589.592,6596.393,6585.057,6595.26,4795639553.99,72763.0
WDOFUT,M30,25/11/2024,6596.96,6598.661,6587.891,6589.592,5436315803.25,82450.0
WDOFUT,M30,25/11/2024,6591.859,6602.061,6590.725,6597.527,5945615014.8,90137.0
WDOFUT,M30,25/11/2024,6591.292,6598.661,6587.325,6592.426,8311886279.02,126077.0
WDOFUT,M30,25/11/2024,6599.227,6600.928,6584.491,6591.292,11110927011.16,168556.0
WDOFUT,M30,25/11/2024,6569.754,6600.928,6568.054,6599.227,21177860414.01,321454.0
WDOFUT,M30,25/11/2024,6570.888,6574.855,6560.685,6569.754,9785792507.0,149014.0
WDOFUT,M30,25/11/2024,6560.118,6574.855,6556.718,6570.888,11893356762.84,181116.0
WDOFUT,M30,25/11/2024,6576.556,6577.122,6551.05,6559.552,15907898432.41,242450.0
WDOFUT,M30,25/11/2024,6567.487,6578.256,6565.22,6576.556,11550514666.19,175728.0
WDOFUT,M30,25/11/2024,6584.491,6591.859,6562.952,6568.054,21744655265.62,330517.0
WDOFUT,M30,25/11/2024,6579.956,6585.057,6558.418,6583.924,19047894714.22,289813.0
WDOFUT,M30,25/11/2024,6563.519,6580.523,6553.884,6580.523,22150209089.97,337347.0
WDOFUT,M30,22/11/2024,6586.191,6587.891,6577.689,6586.191,4529232800.78,68818.0
WDOFUT,M30,22/11/2024,6594.693,6594.693,6585.624,6586.191,3711971660.15,56326.0
WDOFUT,M30,22/11/2024,6595.827,6598.661,6593.559,6594.126,2312498227.78,35058.0
WDOFUT,M30,22/11/2024,6592.993,6596.96,6588.458,6596.393,3803817013.01,57694.0
WDOFUT,M30,22/11/2024,6591.859,6595.827,6590.725,6592.426,3199912760.86,48531.0
WDOFUT,M30,22/11/2024,6596.96,6601.495,6591.859,6591.859,4750572113.17,72015.0
WDOFUT,M30,22/11/2024,6602.628,6603.195,6590.159,6596.96,5921919611.01,89775.0
WDOFUT,M30,22/11/2024,6597.527,6606.596,6594.126,6602.061,6108239765.66,92540.0
WDOFUT,M30,22/11/2024,6586.758,6599.227,6584.491,6598.094,6380403479.02,96768.0
WDOFUT,M30,22/11/2024,6588.458,6589.592,6582.79,6586.758,4094918281.58,62176.0
WDOFUT,M30,22/11/2024,6594.126,6595.827,6579.39,6588.458,9202940521.53,139746.0
WDOFUT,M30,22/11/2024,6597.527,6599.794,6583.924,6594.126,11142642145.49,169055.0
WDOFUT,M30,22/11/2024,6614.531,6615.665,6596.393,6598.094,11860620740.55,179588.0
WDOFUT,M30,22/11/2024,6603.762,6617.365,6600.928,6615.098,10575803656.12,160027.0
WDOFUT,M30,22/11/2024,6615.665,6616.231,6595.827,6604.329,14705422271.65,222711.0
WDOFUT,M30,22/11/2024,6596.96,6617.932,6590.725,6615.098,19548062370.21,295958.0
WDOFUT,M30,22/11/2024,6571.454,6599.794,6569.754,6596.96,24183734077.95,366982.0
WDOFUT,M30,22/11/2024,6582.223,6585.624,6569.754,6571.454,16028522339.92,243701.0
WDOFUT,M30,22/11/2024,6606.596,6611.697,6568.054,6582.223,27034693232.94,410645.0
WDOFUT,M30,21/11/2024,6597.527,6603.195,6595.827,6600.361,2878937595.11,43618.0
WDOFUT,M30,21/11/2024,6599.227,6601.495,6593.559,6597.527,2728369558.51,41352.0
WDOFUT,M30,21/11/2024,6595.26,6602.061,6594.126,6599.227,3262564572.35,49449.0
WDOFUT,M30,21/11/2024,6602.061,6602.628,6595.26,6595.827,3101085784.72,47004.0
WDOFUT,M30,21/11/2024,6598.661,6604.895,6596.96,6602.061,4668891078.24,70733.0
WDOFUT,M30,21/11/2024,6591.292,6602.061,6590.159,6598.094,5990203817.49,90796.0
WDOFUT,M30,21/11/2024,6594.126,6605.462,6588.458,6591.292,8758515598.22,132755.0
WDOFUT,M30,21/11/2024,6603.195,6606.596,6589.592,6593.559,10152220836.51,153882.0
WDOFUT,M30,21/11/2024,6615.098,6619.632,6598.661,6603.195,8051671803.72,121870.0
WDOFUT,M30,21/11/2024,6611.13,6620.766,6604.329,6615.665,10020146733.78,151550.0
WDOFUT,M30,21/11/2024,6597.527,6615.098,6594.126,6611.13,10279082915.54,155653.0
WDOFUT,M30,21/11/2024,6589.592,6602.628,6587.325,6598.094,9301998654.83,141067.0
WDOFUT,M30,21/11/2024,6602.628,6605.462,6585.624,6589.592,12177813652.87,184666.0
WDOFUT,M30,21/11/2024,6601.495,6606.029,6594.126,6602.628,8705146314.56,131879.0
WDOFUT,M30,21/11/2024,6603.195,6610.563,6592.993,6601.495,16198777153.48,245337.0
WDOFUT,M30,21/11/2024,6599.794,6612.264,6589.025,6603.195,22215460514.16,336550.0
WDOFUT,M30,21/11/2024,6596.96,6613.964,6596.96,6599.227,18999148743.99,287590.0
WDOFUT,M30,21/11/2024,6595.26,6608.296,6591.859,6596.96,18377895092.87,278396.0
WDOFUT,M30,21/11/2024,6563.519,6603.762,6561.252,6594.693,27176749637.8,412789.0
WDOFUT,M30,19/11/2024,6551.05,6551.616,6543.114,6547.082,2490890937.91,38048.0
WDOFUT,M30,19/11/2024,6544.248,6553.884,6542.548,6551.05,3110524352.01,47502.0
WDOFUT,M30,19/11/2024,6545.948,6548.216,6542.548,6544.815,3260055539.62,49807.0
WDOFUT,M30,19/11/2024,6552.183,6552.75,6543.114,6545.948,3798444800.91,58018.0
WDOFUT,M30,19/11/2024,6553.884,6555.017,6547.082,6552.183,4299674239.32,65645.0
WDOFUT,M30,19/11/2024,6559.552,6560.685,6548.782,6553.317,5933978014.34,90535.0
WDOFUT,M30,19/11/2024,6554.45,6566.353,6554.45,6558.985,9357538649.59,142638.0
WDOFUT,M30,19/11/2024,6541.981,6555.584,6539.147,6554.45,4647674071.77,70980.0
WDOFUT,M30,19/11/2024,6536.313,6544.815,6534.046,6541.414,7312928019.43,111836.0
WDOFUT,M30,19/11/2024,6544.248,6555.017,6534.612,6536.313,6832793385.88,104368.0
WDOFUT,M30,19/11/2024,6553.317,6557.851,6543.681,6544.248,5645196564.37,86162.0
WDOFUT,M30,19/11/2024,6563.519,6569.187,6547.649,6553.317,9145271061.57,139483.0
WDOFUT,M30,19/11/2024,6556.151,6567.487,6548.782,6562.952,8524475836.56,130018.0
WDOFUT,M30,19/11/2024,6552.75,6557.851,6542.548,6556.151,12467682991.97,190332.0
WDOFUT,M30,19/11/2024,6547.649,6557.851,6529.511,6552.75,20606211976.01,314964.0
WDOFUT,M30,19/11/2024,6569.754,6572.021,6543.681,6548.216,18819994705.31,287037.0
WDOFUT,M30,19/11/2024,6552.75,6579.39,6551.05,6570.321,23936290278.17,364483.0
WDOFUT,M30,19/11/2024,6535.746,6553.884,6531.778,6552.75,19708681093.1,301225.0
WDOFUT,M30,19/11/2024,6540.847,6548.782,6522.71,6535.179,19894573003.63,304380.0
WDOFUT,M30,18/11/2024,6528.944,6529.511,6521.576,6523.277,2923425332.08,44798.0
WDOFUT,M30,18/11/2024,6522.71,6535.746,6522.71,6528.378,3597978142.62,55100.0
WDOFUT,M30,18/11/2024,6524.41,6527.244,6518.742,6523.277,2978260156.62,45657.0
WDOFUT,M30,18/11/2024,6519.309,6526.677,6518.742,6524.41,3390453524.73,51973.0
WDOFUT,M30,18/11/2024,6516.475,6523.277,6512.507,6519.309,3964287195.19,60816.0
WDOFUT,M30,18/11/2024,6516.475,6521.009,6511.374,6517.042,5606913302.8,86043.0
WDOFUT,M30,18/11/2024,6521.576,6524.41,6512.507,6515.908,6226540459.45,95517.0
WDOFUT,M30,18/11/2024,6530.645,6533.479,6518.175,6521.009,7406840648.44,113511.0
WDOFUT,M30,18/11/2024,6522.71,6540.847,6521.009,6530.645,8524491225.12,130468.0
WDOFUT,M30,18/11/2024,6527.244,6534.612,6521.009,6523.277,8065810938.98,123570.0
WDOFUT,M30,18/11/2024,6515.908,6529.511,6515.908,6527.244,6515785334.68,99865.0
WDOFUT,M30,18/11/2024,6528.378,6528.944,6511.941,6516.475,7623794583.48,116918.0
WDOFUT,M30,18/11/2024,6519.876,6530.645,6516.475,6528.378,8711384984.87,133539.0
WDOFUT,M30,18/11/2024,6533.479,6534.046,6516.475,6519.876,14901363757.55,228419.0
WDOFUT,M30,18/11/2024,6547.649,6550.483,6532.912,6533.479,12440166106.68,190140.0
WDOFUT,M30,18/11/2024,6557.851,6558.418,6542.548,6548.216,15602761707.24,238197.0
WDOFUT,M30,18/11/2024,6571.454,6579.39,6555.584,6557.851,16329602498.5,248638.0
WDOFUT,M30,18/11/2024,6558.418,6584.491,6556.151,6571.454,15697232076.68,238843.0
WDOFUT,M30,18/11/2024,6557.851,6574.855,6547.649,6558.418,17345240389.03,264477.0
WDOFUT,M30,14/11/2024,6579.956,6585.624,6561.819,6562.952,3083268397.78,46884.0
WDOFUT,M30,14/11/2024,6571.454,6586.758,6569.187,6579.956,4118056165.99,62605.0
WDOFUT,M30,14/11/2024,6572.021,6593.559,6568.62,6571.454,12313466613.61,187138.0
WDOFUT,M30,14/11/2024,6560.685,6574.855,6560.118,6571.454,5268683903.45,80216.0
WDOFUT,M30,14/11/2024,6564.086,6566.353,6555.017,6560.685,4610204204.79,70277.0
WDOFUT,M30,14/11/2024,6569.754,6570.888,6558.418,6564.086,6070441875.77,92472.0
WDOFUT,M30,14/11/2024,6559.552,6569.754,6556.151,6569.754,6471584034.68,98601.0
WDOFUT,M30,14/11/2024,6564.653,6579.39,6558.418,6559.552,11380078641.68,173237.0
WDOFUT,M30,14/11/2024,6559.552,6565.786,6551.616,6565.22,6222288976.75,94855.0
WDOFUT,M30,14/11/2024,6558.418,6564.086,6552.75,6560.118,6073186600.05,92608.0
WDOFUT,M30,14/11/2024,6564.653,6566.92,6553.884,6558.418,7524853267.22,114706.0
WDOFUT,M30,14/11/2024,6550.483,6566.353,6549.916,6564.653,7084363542.06,108027.0
WDOFUT,M30,14/11/2024,6573.722,6573.722,6543.114,6549.916,16520213040.86,252031.0
WDOFUT,M30,14/11/2024,6568.054,6577.689,6557.284,6573.722,12863124417.07,195846.0
WDOFUT,M30,14/11/2024,6565.786,6570.888,6559.552,6568.054,13108866973.09,199681.0
WDOFUT,M30,14/11/2024,6582.223,6590.725,6560.685,6565.786,23375914293.25,355541.0
WDOFUT,M30,14/11/2024,6599.794,6606.596,6577.689,6582.223,19115551311.1,290070.0
WDOFUT,M30,14/11/2024,6593.559,6603.762,6583.924,6599.794,16979846958.73,257515.0
WDOFUT,M30,14/11/2024,6591.859,6619.065,6579.956,6594.126,26642089713.69,403954.0
WDOFUT,M30,13/11/2024,6583.357,6597.527,6582.79,6594.693,4138813947.18,62799.0
WDOFUT,M30,13/11/2024,6580.523,6587.325,6575.989,6583.357,3997975296.18,60739.0
WDOFUT,M30,13/11/2024,6578.256,6586.191,6573.722,6580.523,5862613119.81,89085.0
WDOFUT,M30,13/11/2024,6584.491,6592.993,6575.422,6578.256,9573335421.46,145402.0
WDOFUT,M30,13/11/2024,6601.495,6603.762,6580.523,6584.491,10429692991.54,158246.0
WDOFUT,M30,13/11/2024,6594.126,6607.729,6593.559,6602.061,7685402228.63,116417.0
WDOFUT,M30,13/11/2024,6598.094,6600.361,6591.859,6594.126,5267156173.51,79853.0
WDOFUT,M30,13/11/2024,6597.527,6601.495,6590.159,6597.527,6616899436.52,100321.0
WDOFUT,M30,13/11/2024,6601.495,6602.628,6588.458,6596.96,8394537399.81,127303.0
WDOFUT,M30,13/11/2024,6593.559,6604.329,6587.891,6601.495,7531951095.39,114200.0
WDOFUT,M30,13/11/2024,6589.025,6602.061,6585.624,6594.126,10727155137.71,162667.0
WDOFUT,M30,13/11/2024,6583.357,6599.227,6581.09,6589.025,14512427108.69,220142.0
WDOFUT,M30,13/11/2024,6569.754,6586.758,6564.653,6583.924,15112778841.92,229799.0
WDOFUT,M30,13/11/2024,6553.884,6575.422,6548.216,6569.754,16643676809.67,253534.0
WDOFUT,M30,13/11/2024,6522.143,6558.418,6521.576,6554.45,20315590807.89,310479.0
WDOFUT,M30,13/11/2024,6524.977,6535.746,6499.471,6522.71,25068954927.62,384651.0
WDOFUT,M30,13/11/2024,6523.277,6527.811,6508.54,6525.544,19637432975.94,301244.0
WDOFUT,M30,13/11/2024,6533.479,6537.446,6521.576,6523.277,11334969042.45,173610.0
WDOFUT,M30,13/11/2024,6506.839,6539.147,6501.738,6533.479,22154218708.69,339535.0
WDOFUT,M30,12/11/2024,6534.612,6535.179,6517.042,6527.244,4404385586.1,67466.0
WDOFUT,M30,12/11/2024,6543.681,6545.382,6532.912,6535.179,4835038370.09,73938.0
WDOFUT,M30,12/11/2024,6553.317,6553.884,6543.114,6543.114,3183412045.33,48606.0
WDOFUT,M30,12/11/2024,6547.082,6553.884,6544.815,6553.317,3715728747.75,56737.0
WDOFUT,M30,12/11/2024,6546.515,6555.017,6544.248,6547.082,6095757924.66,93080.0
WDOFUT,M30,12/11/2024,6551.616,6554.45,6539.714,6546.515,9482965596.45,144880.0
WDOFUT,M30,12/11/2024,6574.855,6575.989,6547.649,6551.05,12994286031.93,198111.0
WDOFUT,M30,12/11/2024,6573.155,6582.79,6567.487,6574.855,11082945833.4,168514.0
WDOFUT,M30,12/11/2024,6560.118,6577.122,6558.985,6573.155,9868720803.29,150234.0
WDOFUT,M30,12/11/2024,6555.584,6561.252,6548.216,6559.552,7358480089.42,112236.0
WDOFUT,M30,12/11/2024,6563.519,6564.086,6547.082,6555.584,9277044427.02,141520.0
WDOFUT,M30,12/11/2024,6561.819,6568.62,6552.183,6563.519,11999335197.56,182891.0
WDOFUT,M30,12/11/2024,6543.681,6564.653,6536.88,6561.252,14938048235.41,228085.0
WDOFUT,M30,12/11/2024,6562.952,6565.786,6541.414,6543.681,14963422080.68,228418.0
WDOFUT,M30,12/11/2024,6564.653,6572.588,6553.317,6563.519,20647728139.19,314600.0
WDOFUT,M30,12/11/2024,6551.05,6566.92,6544.248,6564.653,16853157838.06,257106.0
WDOFUT,M30,12/11/2024,6544.815,6553.317,6531.212,6551.616,18431538638.68,281817.0
WDOFUT,M30,12/11/2024,6569.754,6572.021,6534.612,6544.248,21775320843.37,332495.0
WDOFUT,M30,12/11/2024,6569.187,6579.39,6561.252,6570.321,18448583491.48,280762.0
WDOFUT,M30,11/11/2024,6537.446,6547.649,6534.046,6543.114,3130930905.57,47872.0
WDOFUT,M30,11/11/2024,6538.58,6544.815,6528.378,6537.446,5944073806.41,90945.0
WDOFUT,M30,11/11/2024,6552.183,6552.183,6535.746,6538.58,6138003324.3,93807.0
WDOFUT,M30,11/11/2024,6553.317,6557.851,6549.349,6552.183,5072475931.86,77396.0
WDOFUT,M30,11/11/2024,6549.349,6557.851,6549.349,6552.75,3471489294.31,52969.0
WDOFUT,M30,11/11/2024,6554.45,6556.718,6543.681,6549.916,6556814159.4,100100.0
WDOFUT,M30,11/11/2024,6549.916,6557.851,6547.082,6554.45,5264422229.72,80346.0
WDOFUT,M30,11/11/2024,6551.616,6553.884,6546.515,6549.916,5740632422.94,87643.0
WDOFUT,M30,11/11/2024,6556.718,6557.851,6545.948,6551.616,6536933146.48,99783.0
WDOFUT,M30,11/11/2024,6564.653,6566.92,6552.75,6557.284,6295037549.53,95970.0
WDOFUT,M30,11/11/2024,6571.454,6574.855,6561.252,6564.653,5654898749.33,86120.0
WDOFUT,M30,11/11/2024,6569.754,6581.09,6566.353,6571.454,7066010553.81,107487.0
WDOFUT,M30,11/11/2024,6587.891,6591.859,6566.353,6569.187,10010394829.31,152184.0
WDOFUT,M30,11/11/2024,6567.487,6587.891,6566.353,6587.891,14319944285.64,217809.0
WDOFUT,M30,11/11/2024,6585.624,6592.426,6563.519,6566.92,13094641735.56,199061.0
WDOFUT,M30,11/11/2024,6600.361,6601.495,6578.256,6585.624,14577181048.73,221247.0
WDOFUT,M30,11/11/2024,6593.559,6605.462,6589.592,6600.361,16615987702.85,251845.0
WDOFUT,M30,11/11/2024,6563.519,6600.928,6563.519,6593.559,20717518219.88,314521.0
WDOFUT,M30,11/11/2024,6560.118,6572.588,6553.317,6563.519,17972275395.28,273799.0
WDOFUT,M30,08/11/2024,6511.941,6528.944,6510.807,6526.111,2866621004.02,43965.0
WDOFUT,M30,08/11/2024,6508.54,6517.609,6502.305,6511.941,5208488095.08,79989.0
WDOFUT,M30,08/11/2024,6514.208,6518.742,6498.337,6508.54,8114056392.7,124665.0
WDOFUT,M30,08/11/2024,6532.912,6535.746,6510.807,6514.208,8481925766.07,130020.0
WDOFUT,M30,08/11/2024,6543.114,6546.515,6531.212,6532.912,6515642325.92,99642.0
WDOFUT,M30,08/11/2024,6554.45,6556.718,6540.847,6543.681,7280185507.3,111153.0
WDOFUT,M30,08/11/2024,6552.75,6558.418,6537.446,6555.017,11020092740.65,168262.0
WDOFUT,M30,08/11/2024,6569.754,6570.888,6549.916,6552.75,8725376713.01,133000.0
WDOFUT,M30,08/11/2024,6574.288,6576.556,6557.851,6570.321,12594672424.82,191755.0
WDOFUT,M30,08/11/2024,6560.118,6574.855,6557.284,6574.855,9941030215.43,151402.0
WDOFUT,M30,08/11/2024,6567.487,6568.62,6558.418,6559.552,7062403129.19,107598.0
WDOFUT,M30,08/11/2024,6558.985,6570.888,6555.017,6567.487,9149978193.06,139409.0
WDOFUT,M30,08/11/2024,6553.317,6565.786,6546.515,6558.985,11461167979.33,174817.0
WDOFUT,M30,08/11/2024,6529.511,6558.985,6527.811,6552.75,15253093936.07,233086.0
WDOFUT,M30,08/11/2024,6538.013,6540.28,6526.111,6529.511,10774023437.01,164950.0
WDOFUT,M30,08/11/2024,6534.612,6540.28,6527.244,6538.58,13500945920.92,206599.0
WDOFUT,M30,08/11/2024,6526.677,6551.05,6526.111,6534.046,19674970580.92,300799.0
WDOFUT,M30,08/11/2024,6523.843,6534.046,6518.742,6526.677,12703703700.8,194666.0
WDOFUT,M30,08/11/2024,6510.807,6531.778,6502.872,6523.843,25166973037.87,386131.0
WDOFUT,M30,07/11/2024,6466.03,6477.366,6459.228,6469.431,2954144455.22,45676.0
WDOFUT,M30,07/11/2024,6446.759,6471.698,6443.925,6466.597,4729693995.13,73271.0
WDOFUT,M30,07/11/2024,6446.759,6447.892,6433.156,6446.192,6903961221.8,107189.0
WDOFUT,M30,07/11/2024,6454.694,6468.864,6438.257,6447.326,10441477710.85,161796.0
WDOFUT,M30,07/11/2024,6451.86,6467.164,6438.257,6454.694,12738297601.45,197421.0
WDOFUT,M30,07/11/2024,6489.269,6490.402,6447.892,6451.86,12072128830.77,186577.0
WDOFUT,M30,07/11/2024,6488.702,6496.07,6481.333,6489.269,7299880049.4,112496.0
WDOFUT,M30,07/11/2024,6471.698,6501.738,6466.597,6488.702,22736915964.01,350599.0
WDOFUT,M30,07/11/2024,6479.066,6482.467,6455.828,6472.265,12309384631.81,190349.0
WDOFUT,M30,07/11/2024,6473.398,6489.269,6466.597,6478.499,10193777202.66,157403.0
WDOFUT,M30,07/11/2024,6449.026,6490.969,6447.326,6473.398,19527568722.49,301967.0
WDOFUT,M30,07/11/2024,6421.82,6454.127,6420.119,6448.459,12888325712.07,200118.0
WDOFUT,M30,07/11/2024,6428.621,6431.455,6414.451,6421.82,10640022918.74,165683.0
WDOFUT,M30,07/11/2024,6425.22,6436.556,6418.986,6428.621,15027411960.21,233798.0
WDOFUT,M30,07/11/2024,6412.751,6433.156,6399.148,6425.787,18152080219.91,282875.0
WDOFUT,M30,07/11/2024,6418.419,6423.52,6400.848,6412.751,20061439771.68,312980.0
WDOFUT,M30,07/11/2024,6469.998,6476.799,6408.217,6418.986,37577945637.19,584055.0
WDOFUT,M30,07/11/2024,6459.795,6487.001,6455.261,6469.431,27046849408.89,417811.0
WDOFUT,M30,07/11/2024,6469.431,6474.532,6438.824,6459.228,27286564817.89,422665.0
WDOFUT,M30,06/11/2024,6449.593,6494.937,6443.358,6492.103,7422162288.4,114727.0
WDOFUT,M30,06/11/2024,6450.16,6451.293,6445.058,6449.593,2317069554.51,35935.0
WDOFUT,M30,06/11/2024,6450.16,6451.293,6439.957,6449.593,5332959998.89,82729.0
WDOFUT,M30,06/11/2024,6455.261,6459.795,6447.326,6449.593,5950045231.53,92202.0
WDOFUT,M30,06/11/2024,6459.795,6464.33,6453.56,6455.828,7329430185.97,113475.0
WDOFUT,M30,06/11/2024,6456.394,6463.763,6446.192,6459.795,9424459197.11,146002.0
WDOFUT,M30,06/11/2024,6467.73,6469.431,6435.423,6456.394,21962405642.33,340476.0
WDOFUT,M30,06/11/2024,6473.398,6477.366,6465.463,6467.73,7109686811.96,109848.0
WDOFUT,M30,06/11/2024,6481.333,6491.536,6469.998,6473.398,14154943172.42,218405.0
WDOFUT,M30,06/11/2024,6489.269,6492.103,6471.131,6481.333,10193088639.62,157254.0
WDOFUT,M30,06/11/2024,6494.937,6502.305,6473.398,6489.835,20024049976.24,308530.0
WDOFUT,M30,06/11/2024,6517.609,6523.277,6493.803,6494.37,17536789151.88,269440.0
WDOFUT,M30,06/11/2024,6560.118,6561.252,6508.54,6517.609,24656420534.24,377230.0
WDOFUT,M30,06/11/2024,6568.054,6582.79,6557.284,6560.118,19874888901.96,302486.0
WDOFUT,M30,06/11/2024,6560.685,6570.888,6544.248,6568.054,21100879913.05,321800.0
WDOFUT,M30,06/11/2024,6570.888,6585.624,6557.851,6561.252,20399957013.65,310403.0
WDOFUT,M30,06/11/2024,6599.227,6603.762,6564.086,6570.321,27996795654.67,425253.0
WDOFUT,M30,06/11/2024,6633.802,6640.037,6592.426,6599.227,26496975462.73,400590.0
WDOFUT,M30,06/11/2024,6651.94,6659.875,6613.397,6633.802,35191701385.76,530250.0
WDOFUT,M30,05/11/2024,6528.378,6537.446,6527.811,6535.746,2842033103.33,43505.0
WDOFUT,M30,05/11/2024,6527.244,6531.778,6526.677,6528.378,2072817501.15,31744.0
WDOFUT,M30,05/11/2024,6530.078,6532.912,6524.41,6527.244,3787837938.55,58011.0
WDOFUT,M30,05/11/2024,6535.179,6535.746,6522.143,6530.645,5716084657.2,87560.0
WDOFUT,M30,05/11/2024,6538.013,6540.847,6532.912,6534.612,3728321647.12,57034.0
WDOFUT,M30,05/11/2024,6532.345,6538.58,6530.645,6538.013,5278544219.35,80782.0
WDOFUT,M30,05/11/2024,6538.013,6540.847,6523.277,6532.345,7980955286.27,122200.0
WDOFUT,M30,05/11/2024,6540.847,6545.382,6530.078,6538.013,9140871412.24,139818.0
WDOFUT,M30,05/11/2024,6560.118,6564.086,6530.078,6540.847,15456473515.91,236049.0
WDOFUT,M30,05/11/2024,6586.758,6589.025,6558.985,6560.118,9563113562.21,145473.0
WDOFUT,M30,05/11/2024,6582.223,6589.025,6574.855,6586.758,8242841973.94,125232.0
WDOFUT,M30,05/11/2024,6575.989,6585.624,6569.187,6582.79,6881038981.3,104602.0
WDOFUT,M30,05/11/2024,6571.454,6585.057,6570.321,6575.989,13246842569.42,201384.0
WDOFUT,M30,05/11/2024,6587.891,6590.725,6568.054,6571.454,15821843180.38,240559.0
WDOFUT,M30,05/11/2024,6573.722,6595.26,6565.786,6587.891,17772283254.49,270098.0
WDOFUT,M30,05/11/2024,6567.487,6578.256,6560.685,6573.155,14991233247.42,228152.0
WDOFUT,M30,05/11/2024,6574.855,6583.924,6564.086,6566.353,18441769719.73,280518.0
WDOFUT,M30,05/11/2024,6585.624,6597.527,6574.288,6574.855,20019405940.68,303963.0
WDOFUT,M30,05/11/2024,6574.855,6595.26,6568.62,6585.624,24064206578.55,365629.0
WDOFUT,M30,04/11/2024,6574.288,6586.191,6573.722,6585.057,2708440345.1,41161.0
WDOFUT,M30,04/11/2024,6582.79,6583.357,6572.588,6574.288,4431481470.94,67371.0
WDOFUT,M30,04/11/2024,6573.722,6585.624,6573.155,6582.79,6804271414.96,103412.0
WDOFUT,M30,04/11/2024,6563.519,6574.288,6561.252,6573.722,5036515532.6,76688.0
WDOFUT,M30,04/11/2024,6558.418,6563.519,6556.718,6563.519,3228126869.86,49210.0
WDOFUT,M30,04/11/2024,6568.62,6569.754,6551.05,6557.851,7597519365.25,115842.0
WDOFUT,M30,04/11/2024,6562.386,6577.689,6561.252,6568.62,8857769577.19,134823.0
WDOFUT,M30,04/11/2024,6561.252,6569.187,6555.017,6562.386,6366647436.77,97031.0
WDOFUT,M30,04/11/2024,6560.685,6565.22,6556.718,6561.252,5072413578.43,77308.0
WDOFUT,M30,04/11/2024,6553.884,6565.22,6553.317,6560.118,5953941910.11,90768.0
WDOFUT,M30,04/11/2024,6555.584,6560.685,6543.114,6554.45,9879967166.66,150808.0
WDOFUT,M30,04/11/2024,6569.754,6571.454,6544.815,6555.584,14379371669.16,219358.0
WDOFUT,M30,04/11/2024,6569.187,6575.989,6561.252,6569.754,10351727520.6,157585.0
WDOFUT,M30,04/11/2024,6577.122,6582.79,6560.118,6569.754,16841775607.57,256363.0
WDOFUT,M30,04/11/2024,6596.96,6599.794,6574.288,6577.689,18466792898.5,280440.0
WDOFUT,M30,04/11/2024,6603.195,6612.831,6594.126,6596.393,15068841941.78,228197.0
WDOFUT,M30,04/11/2024,6595.26,6610.563,6592.993,6603.762,15203055400.34,230274.0
WDOFUT,M30,04/11/2024,6606.029,6612.264,6591.859,6595.26,18067041038.05,273672.0
WDOFUT,M30,04/11/2024,6634.369,6638.336,6604.895,6606.029,26071494811.19,393676.0
WDOFUT,M30,01/11/2024,6672.344,6693.316,6671.778,6682.547,4294037695.37,64251.0
WDOFUT,M30,01/11/2024,6672.911,6678.579,6668.377,6672.911,4735641098.96,70959.0
WDOFUT,M30,01/11/2024,6674.045,6676.879,6670.644,6673.478,4255294517.02,63768.0
WDOFUT,M30,01/11/2024,6672.911,6680.846,6671.778,6673.478,6710141067.55,100517.0
WDOFUT,M30,01/11/2024,6675.178,6678.579,6666.676,6672.911,9045045455.05,135553.0
WDOFUT,M30,01/11/2024,6659.875,6675.745,6654.207,6675.178,13228327454.31,198421.0
WDOFUT,M30,01/11/2024,6650.806,6661.575,6647.405,6660.442,13708576099.25,206030.0
WDOFUT,M30,01/11/2024,6633.235,6655.907,6632.669,6650.806,15425768171.63,232175.0
WDOFUT,M30,01/11/2024,6628.701,6636.069,6624.733,6633.235,6380812508.7,96232.0
WDOFUT,M30,01/11/2024,6625.3,6629.835,6621.333,6628.134,4617114445.55,69686.0
WDOFUT,M30,01/11/2024,6628.134,6630.968,6620.199,6625.3,8849795264.15,133578.0
WDOFUT,M30,01/11/2024,6617.365,6631.535,6616.798,6628.701,8165780965.01,123240.0
WDOFUT,M30,01/11/2024,6623.033,6624.167,6616.231,6617.932,7663648685.63,115761.0
WDOFUT,M30,01/11/2024,6623.6,6633.802,6615.665,6623.033,15379776821.97,232149.0
WDOFUT,M30,01/11/2024,6593.559,6633.802,6588.458,6623.033,23125797208.39,349784.0
WDOFUT,M30,01/11/2024,6595.26,6604.895,6585.057,6594.126,17038462670.71,258371.0
WDOFUT,M30,01/11/2024,6558.418,6608.863,6557.284,6595.26,27127410054.5,412141.0
WDOFUT,M30,01/11/2024,6590.159,6590.725,6551.616,6558.985,28072047745.25,427542.0
WDOFUT,M30,01/11/2024,6581.09,6599.794,6578.823,6590.159,14150676505.21,214717.0
WDOFUT,M30,31/10/2024,6582.79,6590.159,6579.956,6587.891,2700784419.42,41014.0
WDOFUT,M30,31/10/2024,6579.39,6582.79,6573.722,6582.79,2623906497.54,39889.0
WDOFUT,M30,31/10/2024,6574.288,6584.491,6573.155,6579.39,5010186961.68,76158.0
WDOFUT,M30,31/10/2024,6574.288,6576.556,6572.021,6574.855,3646952436.04,55470.0
WDOFUT,M30,31/10/2024,6570.888,6574.855,6569.187,6573.722,3028317623.4,46078.0
WDOFUT,M30,31/10/2024,6571.454,6575.422,6565.22,6570.888,6577324470.97,100096.0
WDOFUT,M30,31/10/2024,6573.722,6577.122,6570.321,6571.454,3879185943.29,59011.0
WDOFUT,M30,31/10/2024,6579.956,6583.357,6568.054,6573.722,9389551902.59,142823.0
WDOFUT,M30,31/10/2024,6572.588,6581.657,6570.321,6579.39,5887112985.46,89503.0
WDOFUT,M30,31/10/2024,6583.924,6585.057,6571.454,6572.588,7534980873.65,114503.0
WDOFUT,M30,31/10/2024,6583.357,6588.458,6579.956,6584.491,10714342728.87,162735.0
WDOFUT,M30,31/10/2024,6573.155,6587.325,6570.321,6582.79,9696086356.94,147358.0
WDOFUT,M30,31/10/2024,6572.021,6577.122,6569.187,6573.155,8769207480.26,133412.0
WDOFUT,M30,31/10/2024,6568.054,6573.722,6565.22,6572.588,7148809104.4,108813.0
WDOFUT,M30,31/10/2024,6571.454,6577.122,6564.086,6568.054,13174494019.88,200494.0
WDOFUT,M30,31/10/2024,6569.187,6575.989,6560.118,6571.454,14812086894.52,225508.0
WDOFUT,M30,31/10/2024,6557.851,6571.454,6540.847,6568.62,23210033730.8,353986.0
WDOFUT,M30,31/10/2024,6558.985,6568.054,6550.483,6557.851,13457034436.0,205242.0
WDOFUT,M30,31/10/2024,6555.584,6570.321,6541.981,6558.985,21704640884.37,330962.0
WDOFUT,M30,30/10/2024,6551.604,6558.993,6549.33,6556.151,1800974032.61,27481.0
WDOFUT,M30,30/10/2024,6552.741,6554.446,6549.899,6551.604,2006172231.26,30618.0
WDOFUT,M30,30/10/2024,6551.604,6553.877,6549.33,6552.741,3670688195.15,56025.0
WDOFUT,M30,30/10/2024,6551.035,6552.741,6540.805,6551.604,6885207727.48,105148.0
WDOFUT,M30,30/10/2024,6548.194,6555.014,6545.92,6551.035,6417831849.19,97970.0
WDOFUT,M30,30/10/2024,6557.288,6558.993,6546.489,6548.194,7268463041.62,110930.0
WDOFUT,M30,30/10/2024,6558.424,6560.698,6552.172,6556.719,6103442939.8,93091.0
WDOFUT,M30,30/10/2024,6561.834,6565.245,6553.309,6558.993,9351399517.55,142576.0
WDOFUT,M30,30/10/2024,6568.655,6573.77,6559.561,6561.266,7352574580.05,111978.0
WDOFUT,M30,30/10/2024,6569.792,6571.497,6565.245,6568.655,3933859050.65,59891.0
WDOFUT,M30,30/10/2024,6568.655,6572.634,6565.245,6570.36,6592204879.68,100354.0
WDOFUT,M30,30/10/2024,6562.971,6571.497,6558.424,6568.655,8481737982.0,129227.0
WDOFUT,M30,30/10/2024,6559.561,6577.18,6558.424,6562.971,13358944957.25,203363.0
WDOFUT,M30,30/10/2024,6560.129,6562.971,6553.877,6559.561,11060368877.91,168642.0
WDOFUT,M30,30/10/2024,6565.245,6569.792,6552.172,6560.698,16550506673.96,252244.0
WDOFUT,M30,30/10/2024,6580.022,6581.727,6560.129,6565.813,16956895475.59,258035.0
WDOFUT,M30,30/10/2024,6573.202,6584.569,6569.792,6579.454,19459393267.89,295884.0
WDOFUT,M30,30/10/2024,6574.339,6578.886,6565.245,6573.202,20049738396.44,305075.0
WDOFUT,M30,30/10/2024,6549.899,6581.159,6548.762,6574.339,24405791892.08,371810.0
WDOFUT,M30,29/10/2024,6549.899,6555.582,6546.489,6552.741,2774671695.02,42351.0
WDOFUT,M30,29/10/2024,6548.762,6553.309,6543.078,6549.899,3848769619.84,58772.0
WDOFUT,M30,29/10/2024,6551.035,6551.604,6544.783,6548.762,4049080226.54,61838.0
WDOFUT,M30,29/10/2024,6553.877,6555.014,6547.057,6550.467,5201348373.51,79401.0
WDOFUT,M30,29/10/2024,6547.625,6556.719,6543.078,6553.309,6731969180.85,102773.0
WDOFUT,M30,29/10/2024,6538.531,6551.035,6527.164,6547.625,10385431040.06,158789.0
WDOFUT,M30,29/10/2024,6541.942,6553.877,6535.121,6539.1,9872419191.42,150848.0
WDOFUT,M30,29/10/2024,6541.373,6548.762,6536.258,6541.942,8135026197.7,124326.0
WDOFUT,M30,29/10/2024,6537.395,6543.647,6525.459,6541.942,13256449073.96,202869.0
WDOFUT,M30,29/10/2024,6537.395,6552.172,6532.279,6537.395,14244768276.96,217789.0
WDOFUT,M30,29/10/2024,6509.544,6548.194,6506.134,6537.395,23546133593.31,360664.0
WDOFUT,M30,29/10/2024,6498.745,6516.933,6497.04,6508.976,15202969614.46,233602.0
WDOFUT,M30,29/10/2024,6487.378,6501.019,6485.673,6498.745,10137194209.42,156115.0
WDOFUT,M30,29/10/2024,6486.81,6494.198,6484.536,6487.378,8258697731.92,127275.0
WDOFUT,M30,29/10/2024,6495.904,6496.472,6477.147,6486.241,22525618267.66,347290.0
WDOFUT,M30,29/10/2024,6497.609,6504.429,6492.493,6495.904,13323534661.06,205023.0
WDOFUT,M30,29/10/2024,6501.019,6506.703,6487.946,6498.177,22107600627.82,340264.0
WDOFUT,M30,29/10/2024,6519.207,6521.48,6498.177,6501.019,15594907488.9,239553.0
WDOFUT,M30,29/10/2024,6490.788,6523.754,6487.378,6519.207,29270739564.44,449704.0
WDOFUT,M30,28/10/2024,6492.493,6496.472,6490.788,6495.335,1789318418.49,27555.0
WDOFUT,M30,28/10/2024,6488.515,6493.63,6486.81,6492.493,2495311324.58,38449.0
WDOFUT,M30,28/10/2024,6490.788,6495.335,6488.515,6488.515,2994932023.5,46137.0
WDOFUT,M30,28/10/2024,6490.788,6495.335,6487.378,6490.22,4261659985.99,65653.0
WDOFUT,M30,28/10/2024,6483.399,6491.357,6482.263,6490.22,4652681323.62,71713.0
WDOFUT,M30,28/10/2024,6484.536,6486.81,6481.126,6483.968,4185359275.68,64553.0
WDOFUT,M30,28/10/2024,6476.011,6485.673,6472.6,6485.105,6668190627.62,102907.0
WDOFUT,M30,28/10/2024,6478.852,6480.558,6470.327,6476.011,7270249105.33,112273.0
WDOFUT,M30,28/10/2024,6486.81,6493.062,6477.147,6478.852,8953776928.94,138063.0
WDOFUT,M30,28/10/2024,6492.493,6493.062,6485.673,6487.378,4407406986.49,67920.0
WDOFUT,M30,28/10/2024,6488.515,6494.767,6486.81,6492.493,5666906092.22,87312.0
WDOFUT,M30,28/10/2024,6484.536,6491.925,6482.831,6488.515,5284558499.46,81458.0
WDOFUT,M30,28/10/2024,6483.968,6489.083,6479.421,6483.968,7011811120.04,108133.0
WDOFUT,M30,28/10/2024,6489.083,6489.651,6481.126,6483.968,7518023151.87,115918.0
WDOFUT,M30,28/10/2024,6477.147,6489.651,6474.874,6489.083,9550499563.83,147315.0
WDOFUT,M30,28/10/2024,6479.989,6487.946,6473.737,6476.579,14025062763.1,216452.0
WDOFUT,M30,28/10/2024,6466.917,6483.399,6465.212,6479.989,14135781440.62,218322.0
WDOFUT,M30,28/10/2024,6488.515,6500.451,6465.78,6467.485,19764267125.08,304779.0
WDOFUT,M30,28/10/2024,6485.105,6504.997,6479.989,6488.515,21172881819.66,326154.0
WDOFUT,M30,25/10/2024,6492.493,6501.019,6490.22,6495.335,2571826441.21,39593.0
WDOFUT,M30,25/10/2024,6493.062,6493.062,6488.515,6491.925,2181767649.96,33611.0
WDOFUT,M30,25/10/2024,6489.083,6493.062,6485.105,6493.062,3898138651.65,60073.0
WDOFUT,M30,25/10/2024,6491.357,6494.198,6489.083,6489.651,3545216086.73,54608.0
WDOFUT,M30,25/10/2024,6489.651,6494.767,6487.946,6491.357,3888515563.63,59900.0
WDOFUT,M30,25/10/2024,6490.788,6493.062,6488.515,6489.651,3301878266.6,50870.0
WDOFUT,M30,25/10/2024,6493.062,6495.904,6486.81,6490.788,6983024451.56,107580.0
WDOFUT,M30,25/10/2024,6487.378,6498.745,6486.81,6493.63,9866256835.95,151939.0
WDOFUT,M30,25/10/2024,6483.399,6488.515,6480.558,6486.81,5014707247.43,77339.0
WDOFUT,M30,25/10/2024,6482.263,6484.536,6472.032,6483.968,7538666916.23,116366.0
WDOFUT,M30,25/10/2024,6485.673,6490.788,6481.694,6482.263,6801822532.12,104850.0
WDOFUT,M30,25/10/2024,6484.536,6486.81,6477.147,6486.241,4897545462.27,75548.0
WDOFUT,M30,25/10/2024,6476.011,6487.946,6470.895,6484.536,9374152276.55,144675.0
WDOFUT,M30,25/10/2024,6465.212,6479.421,6461.233,6476.011,10719802471.87,165649.0
WDOFUT,M30,25/10/2024,6478.284,6478.852,6451.571,6464.643,20086117439.93,310720.0
WDOFUT,M30,25/10/2024,6478.852,6487.946,6473.169,6478.852,11808778823.56,182223.0
WDOFUT,M30,25/10/2024,6472.032,6484.536,6466.348,6478.852,17403329263.34,268704.0
WDOFUT,M30,25/10/2024,6468.622,6476.011,6464.075,6472.032,14435677374.78,223141.0
WDOFUT,M30,25/10/2024,6451.002,6473.737,6448.16,6468.622,19109806149.67,295763.0
WDOFUT,M30,24/10/2024,6444.75,6446.455,6440.203,6446.455,1519726474.02,23585.0
WDOFUT,M30,24/10/2024,6444.75,6449.866,6443.045,6444.75,1928618946.59,29919.0
WDOFUT,M30,24/10/2024,6442.477,6447.592,6439.635,6444.182,4101213413.37,63652.0
WDOFUT,M30,24/10/2024,6457.823,6458.959,6440.772,6443.045,11019331613.97,170871.0
WDOFUT,M30,24/10/2024,6472.6,6475.442,6457.823,6457.823,7011694797.38,108418.0
WDOFUT,M30,24/10/2024,6481.694,6483.399,6466.348,6472.6,7308608225.72,112889.0
WDOFUT,M30,24/10/2024,6476.579,6484.536,6472.6,6481.694,6146296192.15,94874.0
WDOFUT,M30,24/10/2024,6466.348,6477.716,6454.413,6476.011,15112839018.07,233716.0
WDOFUT,M30,24/10/2024,6497.609,6498.745,6464.075,6466.348,15110053355.92,233193.0
WDOFUT,M30,24/10/2024,6491.357,6499.882,6487.378,6497.04,6315505095.83,97257.0
WDOFUT,M30,24/10/2024,6493.062,6493.63,6487.378,6491.357,4696300898.21,72354.0
WDOFUT,M30,24/10/2024,6489.083,6493.062,6483.968,6493.062,4853502934.96,74803.0
WDOFUT,M30,24/10/2024,6487.946,6494.198,6484.536,6489.083,8471555742.71,130543.0
WDOFUT,M30,24/10/2024,6495.335,6497.609,6483.968,6488.515,8940968404.19,137760.0
WDOFUT,M30,24/10/2024,6494.767,6498.745,6482.263,6495.335,16390768387.28,252570.0
WDOFUT,M30,24/10/2024,6503.861,6507.271,6492.493,6494.767,13167625024.36,202579.0
WDOFUT,M30,24/10/2024,6488.515,6506.703,6487.378,6503.861,16179647213.66,248967.0
WDOFUT,M30,24/10/2024,6493.062,6504.429,6487.378,6488.515,18092587490.8,278570.0
WDOFUT,M30,24/10/2024,6466.348,6497.04,6455.549,6493.062,27314867946.56,421556.0
WDOFUT,M30,23/10/2024,6471.464,6471.464,6468.053,6469.19,1059320417.76,16373.0
WDOFUT,M30,23/10/2024,6472.6,6473.737,6468.622,6471.464,1948284557.13,30107.0
WDOFUT,M30,23/10/2024,6476.011,6481.126,6472.032,6472.6,4736375269.07,73133.0
WDOFUT,M30,23/10/2024,6472.032,6476.579,6466.917,6476.011,4609794651.1,71226.0
WDOFUT,M30,23/10/2024,6476.579,6477.147,6468.622,6471.464,4769154300.89,73679.0
WDOFUT,M30,23/10/2024,6483.968,6486.241,6468.053,6476.579,12266056967.84,189389.0
WDOFUT,M30,23/10/2024,6491.925,6495.335,6481.694,6484.536,7074469614.44,109014.0
WDOFUT,M30,23/10/2024,6494.767,6501.019,6487.946,6491.925,8226461857.44,126664.0
WDOFUT,M30,23/10/2024,6498.745,6498.745,6490.788,6494.767,6009341572.45,92524.0
WDOFUT,M30,23/10/2024,6491.357,6499.314,6486.81,6498.745,5752877866.68,88587.0
WDOFUT,M30,23/10/2024,6489.651,6492.493,6483.399,6491.357,7772697940.71,119804.0
WDOFUT,M30,23/10/2024,6497.609,6501.587,6488.515,6489.651,11282138200.97,173725.0
WDOFUT,M30,23/10/2024,6514.66,6515.797,6496.472,6497.609,13707714736.32,210687.0
WDOFUT,M30,23/10/2024,6518.638,6520.912,6509.544,6514.091,13563096939.73,208156.0
WDOFUT,M30,23/10/2024,6507.271,6519.775,6503.292,6518.07,13424511284.99,206194.0
WDOFUT,M30,23/10/2024,6501.019,6508.976,6497.609,6507.839,12878796986.75,198009.0
WDOFUT,M30,23/10/2024,6509.544,6509.544,6489.651,6501.019,20927219126.51,322087.0
WDOFUT,M30,23/10/2024,6511.25,6515.228,6504.997,6508.976,10829197380.98,166347.0
WDOFUT,M30,23/10/2024,6504.429,6518.638,6497.609,6511.25,25786345243.87,396232.0
WDOFUT,M30,22/10/2024,6473.737,6479.421,6473.737,6477.716,1236591272.59,19094.0
WDOFUT,M30,22/10/2024,6477.716,6480.558,6472.032,6473.737,3318939616.03,51253.0
WDOFUT,M30,22/10/2024,6481.694,6483.399,6476.011,6477.716,3841823555.69,59293.0
WDOFUT,M30,22/10/2024,6490.22,6490.22,6481.126,6481.126,4691911005.35,72346.0
WDOFUT,M30,22/10/2024,6491.357,6492.493,6488.515,6489.651,2637213487.92,40634.0
WDOFUT,M30,22/10/2024,6494.767,6497.04,6487.946,6491.357,4874571885.74,75089.0
WDOFUT,M30,22/10/2024,6490.22,6503.292,6487.946,6494.767,13247139356.88,203929.0
WDOFUT,M30,22/10/2024,6479.989,6491.357,6478.852,6490.22,5549967693.61,85581.0
WDOFUT,M30,22/10/2024,6471.464,6481.694,6468.622,6479.989,6036774428.47,93204.0
WDOFUT,M30,22/10/2024,6469.19,6475.442,6465.212,6472.032,5412030577.74,83647.0
WDOFUT,M30,22/10/2024,6477.147,6479.989,6466.348,6469.759,5760973084.53,88996.0
WDOFUT,M30,22/10/2024,6482.263,6490.22,6475.442,6477.147,6784429555.7,104654.0
WDOFUT,M30,22/10/2024,6478.852,6489.083,6473.169,6482.263,8646656690.66,133410.0
WDOFUT,M30,22/10/2024,6489.651,6490.22,6469.759,6478.852,10324078859.41,159355.0
WDOFUT,M30,22/10/2024,6481.694,6492.493,6475.442,6489.651,14516021436.93,223879.0
WDOFUT,M30,22/10/2024,6469.19,6487.378,6456.686,6481.126,21351608776.54,329934.0
WDOFUT,M30,22/10/2024,6495.335,6506.134,6462.938,6469.19,26221216522.24,404319.0
WDOFUT,M30,22/10/2024,6494.198,6501.019,6490.22,6495.904,13968191926.08,215040.0
WDOFUT,M30,22/10/2024,6469.759,6494.767,6468.622,6493.63,19855879184.21,306280.0
WDOFUT,M30,21/10/2024,6481.126,6482.831,6473.737,6475.442,1619820362.12,25003.0
WDOFUT,M30,21/10/2024,6483.399,6485.673,6479.421,6480.558,1703974727.25,26287.0
WDOFUT,M30,21/10/2024,6478.852,6486.241,6472.032,6483.968,4819479359.87,74384.0
WDOFUT,M30,21/10/2024,6489.651,6489.651,6472.032,6479.421,6612458867.1,102023.0
WDOFUT,M30,21/10/2024,6491.925,6492.493,6487.946,6489.651,2771424232.05,42701.0
WDOFUT,M30,21/10/2024,6492.493,6495.904,6485.673,6491.925,4501234638.09,69355.0
WDOFUT,M30,21/10/2024,6487.378,6495.904,6486.81,6492.493,3974710395.0,61230.0
WDOFUT,M30,21/10/2024,6489.083,6490.788,6483.968,6487.378,3835189163.04,59117.0
WDOFUT,M30,21/10/2024,6490.788,6492.493,6486.241,6489.083,3769197887.6,58085.0
WDOFUT,M30,21/10/2024,6493.062,6498.177,6488.515,6491.357,5987666108.1,92207.0
WDOFUT,M30,21/10/2024,6490.788,6501.019,6490.788,6493.63,9304083569.79,143233.0
WDOFUT,M30,21/10/2024,6489.651,6491.925,6485.673,6490.788,4590534493.17,70740.0
WDOFUT,M30,21/10/2024,6490.22,6495.335,6478.284,6490.22,10617985580.73,163669.0
WDOFUT,M30,21/10/2024,6493.062,6497.609,6485.105,6490.22,10289721184.91,158508.0
WDOFUT,M30,21/10/2024,6500.451,6503.861,6482.831,6492.493,21507877134.44,331286.0
WDOFUT,M30,21/10/2024,6519.207,6526.596,6499.314,6500.451,19216921621.28,294982.0
WDOFUT,M30,21/10/2024,6509.544,6519.775,6499.314,6519.207,17237752012.5,264838.0
WDOFUT,M30,21/10/2024,6518.07,6527.732,6507.271,6510.113,20378946372.11,312670.0
WDOFUT,M30,21/10/2024,6491.925,6523.754,6485.105,6518.07,28016583639.2,430760.0
WDOFUT,M30,18/10/2024,6481.126,6489.651,6479.421,6489.083,2163199266.81,33359.0
WDOFUT,M30,18/10/2024,6483.968,6484.536,6478.284,6480.558,2637024493.45,40687.0
WDOFUT,M30,18/10/2024,6488.515,6489.083,6477.147,6484.536,5766698414.43,88952.0
WDOFUT,M30,18/10/2024,6477.147,6492.493,6477.147,6488.515,10315101735.55,159021.0
WDOFUT,M30,18/10/2024,6477.147,6485.105,6475.442,6477.716,5718157049.06,88242.0
WDOFUT,M30,18/10/2024,6474.874,6479.989,6474.305,6477.716,3117068247.58,48129.0
WDOFUT,M30,18/10/2024,6478.852,6482.263,6473.169,6474.874,5597167966.65,86418.0
WDOFUT,M30,18/10/2024,6463.506,6481.126,6463.506,6478.284,8794909408.22,135864.0
WDOFUT,M30,18/10/2024,6466.348,6466.917,6460.665,6464.075,4023029334.36,62237.0
WDOFUT,M30,18/10/2024,6464.643,6470.327,6463.506,6465.78,3013743492.91,46603.0
WDOFUT,M30,18/10/2024,6465.212,6469.19,6461.233,6464.643,4684330935.56,72463.0
WDOFUT,M30,18/10/2024,6468.053,6472.032,6463.506,6464.643,4452965209.47,68845.0
WDOFUT,M30,18/10/2024,6455.549,6474.874,6452.139,6468.622,13250105317.44,204969.0
WDOFUT,M30,18/10/2024,6457.823,6465.212,6452.707,6454.981,10766372695.12,166688.0
WDOFUT,M30,18/10/2024,6456.118,6460.096,6443.045,6457.823,13793948785.24,213777.0
WDOFUT,M30,18/10/2024,6437.361,6457.254,6434.52,6456.686,16445975746.68,255125.0
WDOFUT,M30,18/10/2024,6435.088,6444.75,6429.404,6437.93,16492964563.26,256208.0
WDOFUT,M30,18/10/2024,6422.584,6436.225,6418.605,6435.088,16466349444.24,256194.0
WDOFUT,M30,18/10/2024,6416.332,6442.477,6408.375,6422.584,22394212612.58,348376.0
WDOFUT,M30,17/10/2024,6438.498,6439.635,6434.52,6434.52,1538792902.96,23904.0
WDOFUT,M30,17/10/2024,6441.34,6443.613,6435.088,6439.067,2943239283.82,45713.0
WDOFUT,M30,17/10/2024,6443.613,6445.887,6437.93,6440.772,4241018012.0,65842.0
WDOFUT,M30,17/10/2024,6452.139,6452.707,6441.908,6444.182,5793820525.39,89880.0
WDOFUT,M30,17/10/2024,6456.686,6458.959,6450.434,6452.139,3786491711.83,58662.0
WDOFUT,M30,17/10/2024,6453.844,6456.686,6447.592,6456.686,5816339445.51,90138.0
WDOFUT,M30,17/10/2024,6459.528,6459.528,6449.297,6453.276,6508502192.7,100853.0
WDOFUT,M30,17/10/2024,6463.506,6465.78,6457.254,6459.528,3446227974.31,53336.0
WDOFUT,M30,17/10/2024,6462.37,6465.212,6458.391,6462.938,3656660828.83,56589.0
WDOFUT,M30,17/10/2024,6462.37,6464.643,6459.528,6462.938,3236213156.11,50080.0
WDOFUT,M30,17/10/2024,6463.506,6470.327,6461.801,6462.37,4356510675.62,67381.0
WDOFUT,M30,17/10/2024,6459.528,6472.032,6458.391,6464.075,5604292658.2,86677.0
WDOFUT,M30,17/10/2024,6462.938,6465.212,6450.434,6458.959,8601839253.04,133180.0
WDOFUT,M30,17/10/2024,6458.959,6470.327,6452.707,6462.938,10182563284.46,157555.0
WDOFUT,M30,17/10/2024,6456.686,6466.348,6447.592,6458.391,13510395274.67,209210.0
WDOFUT,M30,17/10/2024,6458.959,6468.053,6446.455,6456.686,20928418552.55,324091.0
WDOFUT,M30,17/10/2024,6465.78,6477.147,6457.823,6458.391,15737031634.92,243307.0
WDOFUT,M30,17/10/2024,6465.212,6477.716,6457.823,6465.78,25740233092.94,397965.0
WDOFUT,M30,17/10/2024,6468.622,6477.716,6461.801,6465.78,19396829299.14,299829.0
WDOFUT,M30,16/10/2024,6450.434,6455.549,6447.592,6455.549,1298102352.51,20124.0
WDOFUT,M30,16/10/2024,6449.866,6457.254,6446.455,6451.002,2900084943.02,44949.0
WDOFUT,M30,16/10/2024,6448.729,6450.434,6443.613,6449.297,3305577197.43,51272.0
WDOFUT,M30,16/10/2024,6449.297,6450.434,6444.75,6448.16,2695559757.26,41806.0
WDOFUT,M30,16/10/2024,6449.297,6454.413,6447.592,6449.866,4025364398.26,62402.0
WDOFUT,M30,16/10/2024,6452.707,6457.823,6445.319,6448.729,7256039053.45,112492.0
WDOFUT,M30,16/10/2024,6434.52,6459.528,6432.814,6453.276,8420161528.14,130590.0
WDOFUT,M30,16/10/2024,6427.699,6436.225,6427.131,6433.951,5411604305.74,84139.0
WDOFUT,M30,16/10/2024,6447.592,6451.571,6426.562,6427.699,7753745913.33,120416.0
WDOFUT,M30,16/10/2024,6441.908,6453.276,6441.908,6447.592,4363785951.19,67665.0
WDOFUT,M30,16/10/2024,6444.182,6448.729,6436.793,6442.477,6139877064.05,95300.0
WDOFUT,M30,16/10/2024,6447.024,6452.707,6441.908,6443.613,6215934534.64,96421.0
WDOFUT,M30,16/10/2024,6445.887,6451.571,6436.225,6447.024,13484005878.22,209229.0
WDOFUT,M30,16/10/2024,6456.118,6466.348,6444.75,6446.455,12774491367.12,197798.0
WDOFUT,M30,16/10/2024,6478.284,6478.284,6449.866,6456.686,19669237614.81,304461.0
WDOFUT,M30,16/10/2024,6478.852,6481.126,6468.053,6478.284,13442905303.51,207653.0
WDOFUT,M30,16/10/2024,6479.989,6487.946,6469.19,6478.284,21603190892.36,333466.0
WDOFUT,M30,16/10/2024,6427.131,6490.788,6424.857,6479.989,38534758976.99,596411.0
WDOFUT,M30,16/10/2024,6439.635,6443.613,6411.785,6427.131,26171817804.45,407353.0
WDOFUT,M30,15/10/2024,6437.361,6444.182,6435.656,6440.772,2169003298.94,33675.0
WDOFUT,M30,15/10/2024,6432.246,6439.635,6428.267,6436.793,3936991287.92,61185.0
WDOFUT,M30,15/10/2024,6444.182,6445.319,6425.426,6432.814,9669682592.95,150280.0
WDOFUT,M30,15/10/2024,6440.772,6448.729,6440.203,6444.75,5133193403.48,79645.0
WDOFUT,M30,15/10/2024,6440.203,6442.477,6435.656,6440.772,5081423621.22,78912.0
WDOFUT,M30,15/10/2024,6445.887,6449.297,6439.635,6440.772,4634297564.19,71906.0
WDOFUT,M30,15/10/2024,6437.93,6448.16,6437.361,6446.455,6210364710.83,96376.0
WDOFUT,M30,15/10/2024,6449.866,6449.866,6435.656,6438.498,7173284891.16,111370.0
WDOFUT,M30,15/10/2024,6445.319,6451.002,6441.34,6449.297,6803860332.7,105554.0
WDOFUT,M30,15/10/2024,6439.635,6452.139,6439.067,6445.319,11687682893.22,181349.0
WDOFUT,M30,15/10/2024,6429.404,6441.908,6429.404,6439.635,8311188605.51,129146.0
WDOFUT,M30,15/10/2024,6423.721,6431.678,6417.468,6429.404,7985341175.75,124317.0
WDOFUT,M30,15/10/2024,6427.131,6431.678,6422.015,6423.152,8234218690.38,128123.0
WDOFUT,M30,15/10/2024,6427.699,6442.477,6425.994,6426.562,14897221575.41,231567.0
WDOFUT,M30,15/10/2024,6420.31,6431.678,6420.31,6427.699,13599422113.1,211644.0
WDOFUT,M30,15/10/2024,6418.037,6430.541,6415.763,6420.31,19089347696.74,297176.0
WDOFUT,M30,15/10/2024,6402.122,6419.742,6394.734,6418.605,21512094555.35,335774.0
WDOFUT,M30,15/10/2024,6385.071,6406.101,6377.114,6401.554,21553192504.18,337057.0
WDOFUT,M30,15/10/2024,6368.589,6389.618,6356.084,6385.071,27222003170.99,427046.0
WDOFUT,M30,14/10/2024,6373.136,6377.114,6360.063,6362.905,1503967414.28,23597.0
WDOFUT,M30,14/10/2024,6366.884,6375.977,6366.315,6373.704,3066125125.74,48116.0
WDOFUT,M30,14/10/2024,6358.358,6369.725,6357.221,6366.884,5468198448.75,85926.0
WDOFUT,M30,14/10/2024,6359.495,6363.473,6356.653,6358.358,2540910009.84,39955.0
WDOFUT,M30,14/10/2024,6353.811,6363.473,6353.811,6359.495,5991336023.63,94220.0
WDOFUT,M30,14/10/2024,6354.948,6359.495,6350.969,6354.379,6202813701.81,97597.0
WDOFUT,M30,14/10/2024,6351.538,6356.084,6344.149,6354.948,5534171655.7,87150.0
WDOFUT,M30,14/10/2024,6353.243,6353.811,6337.897,6352.106,9366665254.65,147591.0
WDOFUT,M30,14/10/2024,6355.516,6361.2,6352.106,6353.243,5352534427.18,84204.0
WDOFUT,M30,14/10/2024,6355.516,6358.926,6352.106,6354.948,4433051732.66,69744.0
WDOFUT,M30,14/10/2024,6362.337,6362.905,6345.854,6355.516,10732196438.72,168891.0
WDOFUT,M30,14/10/2024,6388.482,6389.618,6358.358,6361.768,13277764146.11,208349.0
WDOFUT,M30,14/10/2024,6381.093,6390.187,6378.819,6387.913,7879457760.32,123415.0
WDOFUT,M30,14/10/2024,6387.913,6393.029,6377.683,6381.093,10283459592.0,161072.0
WDOFUT,M30,14/10/2024,6383.366,6397.007,6381.093,6388.482,13358120922.7,209061.0
WDOFUT,M30,14/10/2024,6401.554,6402.122,6369.725,6383.366,24303987488.04,380690.0
WDOFUT,M30,14/10/2024,6419.174,6421.447,6398.712,6400.986,15345238723.31,239441.0
WDOFUT,M30,14/10/2024,6432.246,6439.067,6416.9,6419.174,19253693385.88,299539.0
WDOFUT,M30,14/10/2024,6396.439,6432.246,6395.302,6432.246,18450382529.02,287521.0
WDOFUT,M30,11/10/2024,6393.597,6394.734,6382.23,6383.935,1977074880.23,30947.0
WDOFUT,M30,11/10/2024,6386.776,6394.734,6385.64,6393.597,2293590477.63,35890.0
WDOFUT,M30,11/10/2024,6395.302,6398.712,6386.208,6387.345,5710068486.83,89330.0
WDOFUT,M30,11/10/2024,6404.964,6408.943,6394.734,6395.302,7262187358.81,113436.0
WDOFUT,M30,11/10/2024,6411.216,6412.921,6402.122,6404.964,4777733520.11,74586.0
WDOFUT,M30,11/10/2024,6416.332,6421.447,6409.511,6411.216,6475382286.51,100943.0
WDOFUT,M30,11/10/2024,6410.648,6418.037,6407.238,6415.763,5129770348.2,79981.0
WDOFUT,M30,11/10/2024,6408.375,6412.921,6404.396,6410.08,6717652337.88,104816.0
WDOFUT,M30,11/10/2024,6420.879,6421.447,6407.806,6408.375,5400166434.26,84174.0
WDOFUT,M30,11/10/2024,6423.721,6431.678,6418.605,6420.879,6632524399.99,103252.0
WDOFUT,M30,11/10/2024,6419.742,6424.857,6414.058,6424.289,5768951365.89,89874.0
WDOFUT,M30,11/10/2024,6416.332,6422.015,6410.08,6419.174,5819558109.16,90701.0
WDOFUT,M30,11/10/2024,6423.152,6425.994,6411.216,6416.332,10073676378.99,156947.0
WDOFUT,M30,11/10/2024,6415.195,6430.541,6408.943,6423.152,14388462244.55,224162.0
WDOFUT,M30,11/10/2024,6431.678,6432.814,6410.08,6415.195,19596500500.68,305225.0
WDOFUT,M30,11/10/2024,6411.785,6441.34,6410.08,6431.678,25951691503.36,403855.0
WDOFUT,M30,11/10/2024,6374.841,6419.174,6370.862,6411.785,27804319552.58,434905.0
WDOFUT,M30,11/10/2024,6345.285,6379.956,6332.213,6374.841,27808382166.48,437329.0
WDOFUT,M30,11/10/2024,6351.538,6357.221,6337.897,6345.285,14888916282.23,234614.0
WDOFUT,M30,10/10/2024,6362.337,6364.61,6360.631,6363.473,973239794.71,15297.0
WDOFUT,M30,10/10/2024,6362.337,6365.747,6360.063,6362.337,1393519116.17,21901.0
WDOFUT,M30,10/10/2024,6363.473,6370.294,6360.063,6361.768,3897927092.87,61237.0
WDOFUT,M30,10/10/2024,6364.042,6364.61,6359.495,6364.042,2790945209.41,43870.0
WDOFUT,M30,10/10/2024,6362.337,6365.178,6359.495,6364.61,3314009561.15,52084.0
WDOFUT,M30,10/10/2024,6360.631,6366.884,6356.653,6362.337,5056741762.44,79482.0
WDOFUT,M30,10/10/2024,6358.926,6361.768,6353.811,6360.063,4439426402.84,69824.0
WDOFUT,M30,10/10/2024,6368.589,6370.862,6358.358,6358.358,5085504246.77,79917.0
WDOFUT,M30,10/10/2024,6368.02,6379.956,6363.473,6368.589,8827115846.8,138534.0
WDOFUT,M30,10/10/2024,6365.178,6373.136,6358.926,6368.589,6552640564.28,102947.0
WDOFUT,M30,10/10/2024,6361.768,6372.567,6356.653,6365.178,7151548531.62,112368.0
WDOFUT,M30,10/10/2024,6363.473,6366.315,6357.79,6362.337,4505170266.71,70809.0
WDOFUT,M30,10/10/2024,6359.495,6365.178,6355.516,6363.473,7088076176.49,111461.0
WDOFUT,M30,10/10/2024,6354.379,6366.315,6348.696,6358.926,9821625562.33,154453.0
WDOFUT,M30,10/10/2024,6375.977,6375.977,6345.854,6353.811,17136675793.05,269593.0
WDOFUT,M30,10/10/2024,6357.79,6377.683,6355.516,6375.409,17614514731.01,276614.0
WDOFUT,M30,10/10/2024,6362.337,6362.337,6343.012,6357.79,19626220387.64,308965.0
WDOFUT,M30,10/10/2024,6370.862,6386.776,6348.696,6362.905,34324829027.13,538972.0
WDOFUT,M30,10/10/2024,6360.063,6375.409,6354.379,6371.43,19698752433.78,309490.0
WDOFUT,M30,09/10/2024,6375.977,6382.798,6373.704,6377.114,2106017480.11,33018.0
WDOFUT,M30,09/10/2024,6370.862,6376.546,6367.452,6375.409,2456535446.71,38553.0
WDOFUT,M30,09/10/2024,6366.884,6371.43,6365.747,6371.43,4260943003.98,66907.0
WDOFUT,M30,09/10/2024,6362.337,6366.884,6361.2,6366.884,3425482880.9,53825.0
WDOFUT,M30,09/10/2024,6373.704,6373.704,6360.063,6362.905,5984929717.96,94021.0
WDOFUT,M30,09/10/2024,6374.841,6381.093,6369.725,6373.704,8114689950.06,127292.0
WDOFUT,M30,09/10/2024,6370.294,6379.388,6368.02,6374.841,6197503429.96,97207.0
WDOFUT,M30,09/10/2024,6371.43,6373.136,6367.452,6370.294,4129839778.71,64829.0
WDOFUT,M30,09/10/2024,6369.157,6373.704,6368.589,6370.862,4848458711.55,76098.0
WDOFUT,M30,09/10/2024,6362.905,6375.409,6362.337,6369.725,9647382080.47,151444.0
WDOFUT,M30,09/10/2024,6362.337,6365.178,6356.653,6363.473,5405486061.48,84985.0
WDOFUT,M30,09/10/2024,6356.653,6364.042,6354.948,6361.768,4546045170.01,71484.0
WDOFUT,M30,09/10/2024,6360.063,6360.631,6348.696,6356.084,8722964153.21,137274.0
WDOFUT,M30,09/10/2024,6355.516,6370.862,6354.948,6359.495,13799417228.84,216829.0
WDOFUT,M30,09/10/2024,6352.674,6358.358,6346.991,6356.084,10648547332.01,167618.0
WDOFUT,M30,09/10/2024,6360.631,6364.61,6345.285,6352.674,14021504918.81,220665.0
WDOFUT,M30,09/10/2024,6339.033,6362.905,6335.623,6360.631,17945380898.46,282663.0
WDOFUT,M30,09/10/2024,6332.781,6344.717,6326.529,6338.465,18369954814.14,289956.0
WDOFUT,M30,09/10/2024,6306.636,6332.781,6303.226,6332.781,21674756612.46,342980.0
WDOFUT,M30,08/10/2024,6309.478,6316.867,6308.91,6310.046,2256559166.75,35742.0
WDOFUT,M30,08/10/2024,6311.183,6311.752,6305.5,6310.046,2112782955.99,33492.0
WDOFUT,M30,08/10/2024,6306.068,6314.025,6303.794,6311.752,3791292115.79,60088.0
WDOFUT,M30,08/10/2024,6305.5,6307.773,6304.363,6305.5,2889001785.73,45813.0
WDOFUT,M30,08/10/2024,6302.089,6306.636,6300.953,6306.068,3399110001.28,53918.0
WDOFUT,M30,08/10/2024,6299.816,6304.931,6296.974,6302.089,4247092594.05,67405.0
WDOFUT,M30,08/10/2024,6303.226,6303.226,6295.837,6299.816,3796588360.26,60279.0
WDOFUT,M30,08/10/2024,6296.406,6303.794,6292.427,6302.658,5214686607.96,82795.0
WDOFUT,M30,08/10/2024,6299.247,6311.752,6294.7,6296.406,8904673985.35,141248.0
WDOFUT,M30,08/10/2024,6293.564,6299.816,6288.448,6298.679,5132083478.69,81530.0
WDOFUT,M30,08/10/2024,6304.363,6305.5,6288.448,6293.564,7462618926.06,118525.0
WDOFUT,M30,08/10/2024,6303.794,6306.636,6298.679,6303.794,4964066288.27,78757.0
WDOFUT,M30,08/10/2024,6299.247,6305.5,6298.679,6303.794,6942724159.21,110171.0
WDOFUT,M30,08/10/2024,6301.521,6305.5,6295.269,6299.816,11213338107.98,177955.0
WDOFUT,M30,08/10/2024,6282.765,6308.341,6278.218,6301.521,18375054686.69,291922.0
WDOFUT,M30,08/10/2024,6278.786,6289.017,6270.261,6282.765,14742203927.61,234728.0
WDOFUT,M30,08/10/2024,6274.239,6285.607,6265.145,6278.218,20246124599.83,322644.0
WDOFUT,M30,08/10/2024,6285.607,6295.269,6271.966,6273.671,20009484301.22,318420.0
WDOFUT,M30,08/10/2024,6275.944,6288.448,6269.124,6285.607,24041915570.73,382895.0
WDOFUT,M30,07/10/2024,6259.462,6269.124,6258.893,6267.987,2231707268.65,35631.0
WDOFUT,M30,07/10/2024,6259.462,6260.03,6255.483,6260.03,1990111298.71,31802.0
WDOFUT,M30,07/10/2024,6254.346,6260.03,6253.778,6259.462,2048859985.56,32746.0
WDOFUT,M30,07/10/2024,6252.641,6256.62,6252.073,6254.346,2983385064.72,47699.0
WDOFUT,M30,07/10/2024,6259.462,6262.303,6251.504,6252.641,5055320615.16,80795.0
WDOFUT,M30,07/10/2024,6254.915,6262.303,6247.526,6259.462,6974333473.69,111502.0
WDOFUT,M30,07/10/2024,6245.821,6259.462,6245.252,6254.346,6279708529.54,100419.0
WDOFUT,M30,07/10/2024,6246.389,6252.641,6244.116,6246.389,5406055216.08,86527.0
WDOFUT,M30,07/10/2024,6245.821,6252.073,6244.684,6246.389,4410082094.94,70589.0
WDOFUT,M30,07/10/2024,6250.368,6255.483,6244.116,6245.821,4069215822.44,65104.0
WDOFUT,M30,07/10/2024,6254.915,6258.325,6249.231,6250.936,4586818056.53,73348.0
WDOFUT,M30,07/10/2024,6261.167,6262.872,6250.936,6254.915,5786237733.1,92478.0
WDOFUT,M30,07/10/2024,6244.116,6261.167,6241.842,6260.598,13753863694.92,219966.0
WDOFUT,M30,07/10/2024,6215.697,6246.389,6215.129,6244.684,13485477923.05,216367.0
WDOFUT,M30,07/10/2024,6220.812,6223.086,6211.718,6215.129,9573536098.73,153982.0
WDOFUT,M30,07/10/2024,6227.633,6231.611,6209.445,6220.812,17709188924.63,284674.0
WDOFUT,M30,07/10/2024,6200.351,6229.338,6195.236,6228.201,17556151450.34,282683.0
WDOFUT,M30,07/10/2024,6191.257,6204.898,6186.142,6200.351,13001390743.19,209883.0
WDOFUT,M30,07/10/2024,6236.158,6238.432,6180.458,6190.689,24067347439.52,388251.0
WDOFUT,M30,04/10/2024,6221.949,6223.654,6212.287,6212.287,1608836078.52,25862.0
WDOFUT,M30,04/10/2024,6225.928,6227.064,6221.381,6221.949,1461331677.22,23475.0
WDOFUT,M30,04/10/2024,6221.381,6227.633,6219.676,6225.928,2210864125.69,35517.0
WDOFUT,M30,04/10/2024,6226.496,6227.064,6220.812,6221.949,2662570030.59,42786.0
WDOFUT,M30,04/10/2024,6229.906,6231.611,6223.654,6226.496,3772693671.54,60578.0
WDOFUT,M30,04/10/2024,6232.748,6233.885,6224.223,6229.338,4587043608.58,73635.0
WDOFUT,M30,04/10/2024,6235.022,6236.158,6231.043,6232.18,3340451344.29,53586.0
WDOFUT,M30,04/10/2024,6227.064,6235.59,6223.654,6235.022,6108089207.42,98047.0
WDOFUT,M30,04/10/2024,6229.906,6232.748,6225.928,6227.064,3595191353.61,57710.0
WDOFUT,M30,04/10/2024,6224.791,6230.475,6221.949,6229.338,3722107094.04,59775.0
WDOFUT,M30,04/10/2024,6225.928,6228.77,6218.539,6224.791,5478482898.07,88042.0
WDOFUT,M30,04/10/2024,6236.158,6238.432,6223.654,6226.496,5797263411.11,93050.0
WDOFUT,M30,04/10/2024,6221.949,6237.863,6217.97,6236.158,9823709429.32,157779.0
WDOFUT,M30,04/10/2024,6240.137,6240.137,6220.812,6221.381,14059500458.44,225720.0
WDOFUT,M30,04/10/2024,6242.979,6250.368,6227.633,6239.569,14011483062.23,224603.0
WDOFUT,M30,04/10/2024,6246.957,6254.346,6236.158,6243.547,15764596199.38,252406.0
WDOFUT,M30,04/10/2024,6286.175,6286.743,6244.684,6246.957,25308696170.0,404307.0
WDOFUT,M30,04/10/2024,6262.872,6295.269,6262.303,6286.175,28259945865.15,449624.0
WDOFUT,M30,04/10/2024,6240.705,6270.261,6228.77,6262.872,18831325622.05,301047.0
WDOFUT,M30,03/10/2024,6248.094,6249.799,6244.116,6246.389,1398270719.85,22385.0
WDOFUT,M30,03/10/2024,6244.684,6250.936,6241.842,6247.526,1845843549.99,29551.0
WDOFUT,M30,03/10/2024,6243.547,6249.799,6241.842,6245.252,3381396333.32,54137.0
WDOFUT,M30,03/10/2024,6239.569,6245.252,6236.727,6242.979,3799899457.97,60879.0
WDOFUT,M30,03/10/2024,6236.727,6242.979,6235.59,6239.569,4783270673.99,76665.0
WDOFUT,M30,03/10/2024,6244.116,6245.821,6231.611,6236.727,8485220483.13,136050.0
WDOFUT,M30,03/10/2024,6256.051,6256.62,6241.274,6244.684,6576464502.27,105261.0
WDOFUT,M30,03/10/2024,6261.735,6263.44,6254.346,6255.483,3644346399.71,58233.0
WDOFUT,M30,03/10/2024,6249.799,6263.44,6248.662,6261.167,5392094394.54,86175.0
WDOFUT,M30,03/10/2024,6257.188,6260.03,6249.799,6249.799,5322995179.65,85115.0
WDOFUT,M30,03/10/2024,6264.577,6266.85,6254.346,6256.62,4625334422.23,73894.0
WDOFUT,M30,03/10/2024,6265.714,6267.419,6256.051,6264.008,5704414896.61,91115.0
WDOFUT,M30,03/10/2024,6267.419,6269.692,6260.598,6266.282,6973155253.54,111296.0
WDOFUT,M30,03/10/2024,6275.376,6277.649,6264.577,6267.419,10157899943.19,161992.0
WDOFUT,M30,03/10/2024,6253.209,6286.175,6251.504,6275.944,25101359876.15,400390.0
WDOFUT,M30,03/10/2024,6261.167,6261.167,6248.094,6253.778,11574259699.77,185059.0
WDOFUT,M30,03/10/2024,6242.979,6262.872,6235.59,6261.167,13509584261.48,216301.0
WDOFUT,M30,03/10/2024,6236.158,6254.915,6233.316,6242.41,17257427830.97,276290.0
WDOFUT,M30,03/10/2024,6220.812,6241.842,6215.697,6236.727,20037118587.66,321496.0
WDOFUT,M30,02/10/2024,6206.035,6208.877,6203.193,6205.466,1541217456.76,24834.0
WDOFUT,M30,02/10/2024,6203.761,6208.877,6196.941,6206.035,2873125380.27,46312.0
WDOFUT,M30,02/10/2024,6209.445,6210.582,6203.193,6204.33,2222713968.97,35809.0
WDOFUT,M30,02/10/2024,6211.718,6212.855,6207.171,6209.445,1884576032.8,30348.0
WDOFUT,M30,02/10/2024,6210.582,6213.424,6208.877,6211.718,2188120381.04,35230.0
WDOFUT,M30,02/10/2024,6209.445,6212.287,6204.898,6210.582,5265099252.79,84801.0
WDOFUT,M30,02/10/2024,6208.877,6213.992,6206.035,6208.877,4013820201.76,64631.0
WDOFUT,M30,02/10/2024,6209.445,6212.287,6203.193,6208.308,4926346777.65,79356.0
WDOFUT,M30,02/10/2024,6207.171,6216.834,6204.898,6209.445,5671437566.1,91311.0
WDOFUT,M30,02/10/2024,6203.193,6211.718,6202.625,6207.171,4374959627.13,70474.0
WDOFUT,M30,02/10/2024,6200.351,6204.898,6196.372,6203.761,4127917686.94,66561.0
WDOFUT,M30,02/10/2024,6207.74,6210.582,6199.783,6199.783,5036544526.8,81168.0
WDOFUT,M30,02/10/2024,6199.214,6212.287,6195.236,6207.171,12932366746.42,208422.0
WDOFUT,M30,02/10/2024,6191.257,6200.919,6189.552,6199.214,7624968578.47,123088.0
WDOFUT,M30,02/10/2024,6197.509,6197.509,6179.321,6191.257,12381987646.0,200123.0
WDOFUT,M30,02/10/2024,6197.509,6203.193,6189.552,6197.509,12569677204.88,202842.0
WDOFUT,M30,02/10/2024,6175.911,6200.351,6174.774,6198.078,17630228434.8,284834.0
WDOFUT,M30,02/10/2024,6183.3,6186.71,6172.501,6175.911,15497616763.07,250765.0
WDOFUT,M30,02/10/2024,6178.185,6192.394,6163.975,6183.3,25846833035.68,418279.0
WDOFUT,M30,01/10/2024,6202.625,6204.898,6183.868,6187.847,3775325424.71,60940.0
WDOFUT,M30,01/10/2024,6234.453,6237.863,6198.078,6202.625,10731062147.9,172618.0
WDOFUT,M30,01/10/2024,6232.18,6236.158,6227.633,6233.885,3283127476.39,52685.0
WDOFUT,M30,01/10/2024,6224.223,6234.453,6224.223,6231.611,4061573857.12,65214.0
WDOFUT,M30,01/10/2024,6229.338,6231.611,6224.223,6224.791,3055525822.04,49066.0
WDOFUT,M30,01/10/2024,6227.064,6231.611,6225.928,6229.338,3699444319.42,59391.0
WDOFUT,M30,01/10/2024,6235.022,6235.022,6222.517,6227.064,6835084735.49,109754.0
WDOFUT,M30,01/10/2024,6241.274,6241.842,6225.359,6235.022,11614382592.39,186342.0
WDOFUT,M30,01/10/2024,6223.654,6249.231,6223.086,6241.274,12961266691.1,207731.0
WDOFUT,M30,01/10/2024,6215.697,6233.885,6213.992,6223.654,11177489962.08,179537.0
WDOFUT,M30,01/10/2024,6212.855,6220.244,6207.74,6215.129,7834154889.05,126082.0
WDOFUT,M30,01/10/2024,6228.201,6229.338,6210.582,6212.855,11171375281.51,179656.0
WDOFUT,M30,01/10/2024,6232.748,6239.569,6227.633,6228.77,7205348259.58,115590.0
WDOFUT,M30,01/10/2024,6237.863,6248.662,6227.633,6232.748,15302981861.86,245352.0
WDOFUT,M30,01/10/2024,6238.432,6246.389,6224.791,6237.295,19385831903.24,310900.0
WDOFUT,M30,01/10/2024,6204.898,6245.821,6203.761,6237.863,29556901002.1,474390.0
WDOFUT,M30,01/10/2024,6200.351,6208.308,6194.099,6204.898,14275405666.95,230234.0
WDOFUT,M30,01/10/2024,6208.308,6208.877,6193.531,6199.783,17851453395.58,287925.0
WDOFUT,M30,01/10/2024,6248.662,6249.231,6196.941,6208.308,26428876031.19,425385.0
WDOFUT,M30,30/09/2024,6216.265,6222.517,6213.992,6219.107,1332700430.56,21431.0
WDOFUT,M30,30/09/2024,6213.992,6220.244,6212.287,6216.834,1815473691.87,29204.0
WDOFUT,M30,30/09/2024,6216.265,6218.539,6210.013,6214.56,3797416776.94,61103.0
WDOFUT,M30,30/09/2024,6224.791,6226.496,6213.992,6216.265,4358002067.78,70059.0
WDOFUT,M30,30/09/2024,6215.697,6225.359,6215.129,6224.791,4067243748.19,65383.0
WDOFUT,M30,30/09/2024,6225.928,6228.201,6213.992,6215.697,5816260589.82,93487.0
WDOFUT,M30,30/09/2024,6217.402,6236.727,6216.265,6225.359,10458838069.45,167936.0
WDOFUT,M30,30/09/2024,6219.107,6223.654,6215.129,6217.402,3452123855.08,55514.0
WDOFUT,M30,30/09/2024,6207.74,6219.676,6207.74,6219.107,3852670123.18,62006.0
WDOFUT,M30,30/09/2024,6215.697,6219.676,6207.74,6207.74,3114395662.69,50121.0
WDOFUT,M30,30/09/2024,6219.107,6220.244,6213.424,6215.129,4838196263.84,77825.0
WDOFUT,M30,30/09/2024,6212.287,6224.791,6211.718,6219.107,5490995114.36,88282.0
WDOFUT,M30,30/09/2024,6213.424,6214.56,6204.33,6211.718,7606392567.8,122474.0
WDOFUT,M30,30/09/2024,6222.517,6224.791,6204.33,6212.855,11550316421.08,185873.0
WDOFUT,M30,30/09/2024,6239.569,6242.979,6221.381,6221.949,10086543008.22,161826.0
WDOFUT,M30,30/09/2024,6213.424,6244.684,6212.855,6239.569,18881698770.84,303061.0
WDOFUT,M30,30/09/2024,6187.847,6218.539,6187.279,6213.424,15851631974.31,255464.0
WDOFUT,M30,30/09/2024,6179.321,6199.783,6175.343,6187.279,14860151217.51,240168.0
WDOFUT,M30,30/09/2024,6194.667,6198.646,6163.407,6179.89,16921524709.55,273854.0
WDOFUT,M30,27/09/2024,6206.64,6207.782,6198.646,6198.646,277444088.04,4475.0
WDOFUT,M30,27/09/2024,6208.353,6210.066,6203.214,6207.211,2422611082.93,39033.0
WDOFUT,M30,27/09/2024,6209.495,6211.779,6206.64,6208.924,3017017996.29,48596.0
WDOFUT,M30,27/09/2024,6207.211,6212.35,6206.64,6209.495,3169340275.41,51039.0
WDOFUT,M30,27/09/2024,6206.069,6210.637,6203.785,6206.64,4031042295.99,64944.0
WDOFUT,M30,27/09/2024,6205.498,6208.353,6201.501,6206.069,4882415565.87,78681.0
WDOFUT,M30,27/09/2024,6203.785,6216.918,6203.214,6206.069,7220802341.93,116274.0
WDOFUT,M30,27/09/2024,6203.214,6212.921,6201.501,6203.785,4985423225.87,80322.0
WDOFUT,M30,27/09/2024,6213.492,6220.914,6201.501,6203.214,7484082552.61,120448.0
WDOFUT,M30,27/09/2024,6204.927,6214.063,6203.785,6213.492,5818610647.32,93689.0
WDOFUT,M30,27/09/2024,6208.924,6212.35,6200.93,6204.927,4970390276.2,80084.0
WDOFUT,M30,27/09/2024,6209.495,6211.208,6202.643,6208.924,6747204342.31,108691.0
WDOFUT,M30,27/09/2024,6212.921,6216.347,6201.501,6208.924,11499859792.3,185231.0
WDOFUT,M30,27/09/2024,6219.772,6223.769,6206.64,6213.492,11957508069.6,192363.0
WDOFUT,M30,27/09/2024,6212.921,6222.627,6209.495,6219.772,11635731969.46,187172.0
WDOFUT,M30,27/09/2024,6230.05,6231.763,6208.924,6213.492,13431469880.3,215952.0
WDOFUT,M30,27/09/2024,6217.489,6234.047,6202.643,6230.05,21309065137.86,342490.0
WDOFUT,M30,27/09/2024,6200.93,6223.198,6196.933,6218.06,16228339849.47,261239.0
WDOFUT,M30,26/09/2024,6212.35,6214.634,6208.924,6210.066,1395799557.99,22469.0
WDOFUT,M30,26/09/2024,6216.918,6218.63,6210.066,6212.921,2859331547.41,46013.0
WDOFUT,M30,26/09/2024,6220.343,6222.627,6215.205,6216.347,2853411749.21,45882.0
WDOFUT,M30,26/09/2024,6223.769,6224.34,6218.06,6220.343,3182213154.57,51156.0
WDOFUT,M30,26/09/2024,6215.205,6225.482,6210.637,6224.34,6127534218.31,98543.0
WDOFUT,M30,26/09/2024,6215.205,6218.63,6211.779,6215.205,3379388757.85,54374.0
WDOFUT,M30,26/09/2024,6214.634,6219.201,6210.637,6215.205,4463167260.48,71811.0
WDOFUT,M30,26/09/2024,6220.914,6225.482,6211.779,6214.634,5303186570.68,85279.0
WDOFUT,M30,26/09/2024,6215.205,6230.621,6210.637,6220.914,8785554313.52,141221.0
WDOFUT,M30,26/09/2024,6206.069,6218.63,6206.069,6214.634,7244179978.84,116604.0
WDOFUT,M30,26/09/2024,6207.782,6212.35,6205.498,6206.069,5928430679.7,95474.0
WDOFUT,M30,26/09/2024,6200.359,6208.924,6198.075,6207.782,5985733963.62,96496.0
WDOFUT,M30,26/09/2024,6213.492,6219.772,6194.649,6200.359,12680415927.52,204343.0
WDOFUT,M30,26/09/2024,6213.492,6219.772,6208.353,6214.063,9952927717.21,160175.0
WDOFUT,M30,26/09/2024,6222.056,6224.911,6207.211,6213.492,15337566008.28,246749.0
WDOFUT,M30,26/09/2024,6211.208,6222.056,6200.93,6222.056,15458806017.98,248936.0
WDOFUT,M30,26/09/2024,6213.492,6219.772,6210.066,6211.779,15234483828.63,245154.0
WDOFUT,M30,26/09/2024,6195.791,6214.634,6186.084,6212.921,21646664983.23,349146.0
WDOFUT,M30,26/09/2024,6218.06,6219.201,6174.093,6196.362,27442219088.75,443304.0
WDOFUT,M30,25/09/2024,6253.461,6256.887,6250.035,6252.319,1635835548.82,26163.0
WDOFUT,M30,25/09/2024,6259.742,6259.742,6251.748,6253.461,2198472711.76,35150.0
WDOFUT,M30,25/09/2024,6254.603,6262.597,6254.032,6259.742,3314161616.28,52951.0
WDOFUT,M30,25/09/2024,6256.887,6258.6,6252.319,6255.174,2615432371.56,41812.0
WDOFUT,M30,25/09/2024,6256.887,6258.6,6254.603,6256.316,2534249529.43,40505.0
WDOFUT,M30,25/09/2024,6252.319,6259.742,6252.319,6256.887,4025981897.56,64348.0
WDOFUT,M30,25/09/2024,6250.035,6257.458,6245.467,6252.319,6037697595.99,96573.0
WDOFUT,M30,25/09/2024,6268.877,6271.161,6246.038,6250.035,9500793853.75,151833.0
WDOFUT,M30,25/09/2024,6259.171,6273.445,6256.316,6268.877,6978002386.53,111355.0
WDOFUT,M30,25/09/2024,6260.313,6260.884,6255.745,6259.171,3376133863.5,53947.0
WDOFUT,M30,25/09/2024,6260.884,6264.31,6251.177,6260.313,6713394211.89,107284.0
WDOFUT,M30,25/09/2024,6270.019,6272.874,6257.458,6260.884,7130631588.84,113813.0
WDOFUT,M30,25/09/2024,6271.161,6278.013,6262.026,6270.019,10998962221.8,175413.0
WDOFUT,M30,25/09/2024,6267.735,6275.158,6263.739,6271.161,15533167232.01,247738.0
WDOFUT,M30,25/09/2024,6244.896,6268.306,6244.325,6268.306,12813122764.09,204783.0
WDOFUT,M30,25/09/2024,6247.18,6252.319,6243.183,6244.896,8781431249.02,140549.0
WDOFUT,M30,25/09/2024,6248.893,6254.032,6239.757,6246.609,15451529854.87,247364.0
WDOFUT,M30,25/09/2024,6241.47,6257.458,6239.757,6248.893,19084835779.03,305395.0
WDOFUT,M30,25/09/2024,6230.05,6248.322,6213.492,6240.899,24428249654.58,391939.0
WDOFUT,M30,24/09/2024,6231.192,6232.905,6224.34,6227.195,1511314105.25,24262.0
WDOFUT,M30,24/09/2024,6238.044,6240.899,6227.766,6231.763,3806656721.27,61070.0
WDOFUT,M30,24/09/2024,6237.473,6246.038,6237.473,6238.615,4484869030.43,71842.0
WDOFUT,M30,24/09/2024,6236.902,6240.899,6236.902,6238.044,2434001563.0,39015.0
WDOFUT,M30,24/09/2024,6229.479,6239.757,6228.337,6237.473,4120644738.99,66089.0
WDOFUT,M30,24/09/2024,6236.331,6238.044,6228.337,6229.479,5120667230.57,82147.0
WDOFUT,M30,24/09/2024,6237.473,6238.044,6230.05,6236.331,3498538454.65,56122.0
WDOFUT,M30,24/09/2024,6238.044,6243.754,6233.476,6237.473,5526555004.48,88583.0
WDOFUT,M30,24/09/2024,6231.192,6238.615,6228.337,6238.044,4470500442.45,71728.0
WDOFUT,M30,24/09/2024,6237.473,6239.757,6228.908,6231.192,4268532827.95,68469.0
WDOFUT,M30,24/09/2024,6244.325,6246.609,6230.05,6236.902,7909253031.51,126808.0
WDOFUT,M30,24/09/2024,6236.331,6245.467,6234.047,6244.325,5224852290.7,83726.0
WDOFUT,M30,24/09/2024,6243.754,6251.177,6231.763,6236.331,11032765471.81,176754.0
WDOFUT,M30,24/09/2024,6230.621,6244.896,6224.911,6243.754,13361926172.11,214205.0
WDOFUT,M30,24/09/2024,6241.47,6245.467,6221.485,6231.192,18408084239.93,295394.0
WDOFUT,M30,24/09/2024,6237.473,6242.041,6226.624,6241.47,19723136014.4,316416.0
WDOFUT,M30,24/09/2024,6259.742,6263.168,6232.905,6237.473,18974627252.11,303741.0
WDOFUT,M30,24/09/2024,6285.436,6288.862,6250.606,6260.313,24165184123.97,385523.0
WDOFUT,M30,24/09/2024,6305.992,6315.127,6284.294,6286.007,26561617147.84,421753.0
WDOFUT,M30,23/09/2024,6327.118,6333.97,6324.263,6327.689,1354977900.28,21409.0
WDOFUT,M30,23/09/2024,6327.118,6329.973,6324.834,6327.689,1286983687.97,20340.0
WDOFUT,M30,23/09/2024,6324.263,6332.828,6320.266,6327.118,4970009752.66,78558.0
WDOFUT,M30,23/09/2024,6322.55,6327.689,6320.266,6323.692,3358621746.67,53111.0
WDOFUT,M30,23/09/2024,6321.979,6322.55,6317.982,6322.55,2739044088.47,43337.0
WDOFUT,M30,23/09/2024,6326.547,6327.689,6320.266,6321.408,4985843273.2,78848.0
WDOFUT,M30,23/09/2024,6320.837,6328.831,6318.553,6326.547,5147703307.61,81399.0
WDOFUT,M30,23/09/2024,6319.695,6324.834,6315.127,6321.408,5016363644.74,79362.0
WDOFUT,M30,23/09/2024,6332.257,6333.97,6316.84,6319.124,6466623634.38,102243.0
WDOFUT,M30,23/09/2024,6337.967,6341.393,6329.402,6332.257,4666944170.42,73680.0
WDOFUT,M30,23/09/2024,6325.405,6344.248,6325.405,6337.396,8711262674.37,137482.0
WDOFUT,M30,23/09/2024,6328.26,6331.686,6321.979,6325.405,4936054505.63,78014.0
WDOFUT,M30,23/09/2024,6323.121,6331.115,6318.553,6327.689,8449623705.94,133584.0
WDOFUT,M30,23/09/2024,6340.251,6345.39,6321.979,6323.121,11691139995.69,184558.0
WDOFUT,M30,23/09/2024,6349.387,6352.242,6331.686,6340.251,13035139560.76,205586.0
WDOFUT,M30,23/09/2024,6351.671,6357.952,6337.967,6348.816,15883332947.7,250204.0
WDOFUT,M30,23/09/2024,6356.239,6356.81,6331.115,6351.671,19246502105.75,303373.0
WDOFUT,M30,23/09/2024,6359.665,6377.936,6349.387,6355.668,20648768725.41,324558.0
WDOFUT,M30,23/09/2024,6364.232,6399.063,6352.242,6359.094,34777421974.61,545912.0
WDOFUT,M30,20/09/2024,6297.998,6308.276,6296.856,6302.566,2045281177.61,32447.0
WDOFUT,M30,20/09/2024,6303.708,6305.992,6296.856,6298.569,3001738111.44,47639.0
WDOFUT,M30,20/09/2024,6309.418,6313.415,6303.137,6303.708,2945685057.17,46703.0
WDOFUT,M30,20/09/2024,6305.992,6313.985,6305.421,6308.847,4097620720.67,64938.0
WDOFUT,M30,20/09/2024,6303.137,6313.415,6303.137,6306.563,5250934886.27,83247.0
WDOFUT,M30,20/09/2024,6299.14,6312.844,6298.569,6303.708,7616086548.61,120767.0
WDOFUT,M30,20/09/2024,6296.856,6303.708,6294.572,6299.711,4546561858.95,72174.0
WDOFUT,M30,20/09/2024,6299.14,6305.421,6287.149,6296.856,8160768776.39,129643.0
WDOFUT,M30,20/09/2024,6297.427,6306.563,6295.143,6299.14,7945883779.92,126100.0
WDOFUT,M30,20/09/2024,6295.143,6300.853,6287.72,6297.427,7183501127.97,114130.0
WDOFUT,M30,20/09/2024,6274.587,6299.711,6271.161,6295.714,12574258851.78,199946.0
WDOFUT,M30,20/09/2024,6275.158,6276.3,6264.31,6274.587,8637921912.99,137759.0
WDOFUT,M30,20/09/2024,6279.726,6285.436,6272.874,6275.158,11299531318.81,179963.0
WDOFUT,M30,20/09/2024,6261.455,6280.868,6260.313,6279.155,11967687672.52,190809.0
WDOFUT,M30,20/09/2024,6262.597,6268.306,6255.174,6262.026,13908075388.01,222121.0
WDOFUT,M30,20/09/2024,6244.896,6275.158,6240.899,6262.597,25331213227.74,404582.0
WDOFUT,M30,20/09/2024,6222.056,6251.748,6220.343,6244.896,26359893693.53,422914.0
WDOFUT,M30,20/09/2024,6200.359,6223.198,6194.078,6222.627,22596810723.69,363996.0
WDOFUT,M30,20/09/2024,6211.779,6223.769,6192.936,6200.93,19522154593.27,314664.0
WDOFUT,M30,19/09/2024,6203.214,6204.356,6198.646,6198.646,1190361598.23,19193.0
WDOFUT,M30,19/09/2024,6203.214,6206.64,6198.646,6203.214,1357732357.89,21889.0
WDOFUT,M30,19/09/2024,6199.788,6210.066,6198.075,6203.785,3543730026.4,57115.0
WDOFUT,M30,19/09/2024,6203.785,6208.924,6199.217,6200.359,3742158503.0,60316.0
WDOFUT,M30,19/09/2024,6203.214,6204.927,6201.501,6203.214,2810330355.03,45303.0
WDOFUT,M30,19/09/2024,6203.214,6210.066,6200.93,6203.785,4185143225.62,67448.0
WDOFUT,M30,19/09/2024,6202.643,6211.208,6200.359,6203.214,7011759426.49,112989.0
WDOFUT,M30,19/09/2024,6191.794,6206.64,6190.081,6202.072,7596035807.64,122523.0
WDOFUT,M30,19/09/2024,6194.078,6197.504,6185.513,6191.223,5952843443.66,96141.0
WDOFUT,M30,19/09/2024,6190.081,6199.217,6182.087,6194.078,4861267414.48,78520.0
WDOFUT,M30,19/09/2024,6179.803,6190.652,6178.661,6190.081,6048363241.03,97784.0
WDOFUT,M30,19/09/2024,6190.652,6200.359,6178.09,6179.803,8790522697.23,142032.0
WDOFUT,M30,19/09/2024,6199.788,6203.785,6186.655,6190.652,9153481816.26,147760.0
WDOFUT,M30,19/09/2024,6202.072,6213.492,6198.075,6200.359,13106240627.36,211190.0
WDOFUT,M30,19/09/2024,6200.93,6204.927,6181.516,6201.501,18283543451.29,295162.0
WDOFUT,M30,19/09/2024,6196.362,6207.782,6191.223,6200.93,16267000317.54,262317.0
WDOFUT,M30,19/09/2024,6218.63,6219.772,6187.797,6196.933,19880452834.19,320640.0
WDOFUT,M30,19/09/2024,6196.933,6220.914,6192.365,6219.201,20120375655.2,324274.0
WDOFUT,M30,19/09/2024,6175.806,6200.359,6168.384,6196.362,27498636216.39,444792.0
WDOFUT,M30,18/09/2024,6243.754,6248.893,6239.186,6243.754,1934612971.08,30982.0
WDOFUT,M30,18/09/2024,6227.766,6244.325,6224.34,6243.754,3208443322.0,51456.0
WDOFUT,M30,18/09/2024,6242.041,6246.609,6224.911,6227.766,4666533218.92,74814.0
WDOFUT,M30,18/09/2024,6223.769,6250.035,6220.343,6242.041,11411199639.4,182930.0
WDOFUT,M30,18/09/2024,6221.485,6240.899,6216.918,6223.198,17482125037.97,280720.0
WDOFUT,M30,18/09/2024,6200.359,6224.911,6186.084,6221.485,23292499788.4,375412.0
WDOFUT,M30,18/09/2024,6263.739,6264.31,6198.646,6200.93,31205350307.07,501705.0
WDOFUT,M30,18/09/2024,6263.168,6271.732,6254.603,6263.168,6421987125.79,102552.0
WDOFUT,M30,18/09/2024,6270.019,6271.161,6256.887,6263.168,5947516839.2,94950.0
WDOFUT,M30,18/09/2024,6263.739,6274.016,6259.171,6270.019,5292004232.87,84442.0
WDOFUT,M30,18/09/2024,6267.164,6271.732,6261.455,6263.739,5103842314.95,81449.0
WDOFUT,M30,18/09/2024,6256.887,6272.303,6255.174,6267.164,8258767666.7,131822.0
WDOFUT,M30,18/09/2024,6251.177,6260.884,6248.322,6256.887,7396615444.91,118260.0
WDOFUT,M30,18/09/2024,6257.458,6262.026,6250.035,6251.177,7903191725.35,126341.0
WDOFUT,M30,18/09/2024,6252.89,6258.6,6240.328,6258.029,13359859994.87,213750.0
WDOFUT,M30,18/09/2024,6261.455,6263.168,6244.896,6252.319,16501440831.36,263881.0
WDOFUT,M30,18/09/2024,6270.59,6279.155,6255.174,6262.026,15577375202.67,248591.0
WDOFUT,M30,18/09/2024,6275.158,6284.294,6268.306,6270.019,15218771757.24,242497.0
WDOFUT,M30,18/09/2024,6261.455,6282.581,6252.89,6275.158,21246546837.67,338987.0
WDOFUT,M30,17/09/2024,6270.019,6270.59,6264.881,6267.164,1948298046.44,31086.0
WDOFUT,M30,17/09/2024,6271.732,6272.874,6268.877,6270.019,1935814815.21,30869.0
WDOFUT,M30,17/09/2024,6274.016,6276.871,6270.59,6271.161,2223492561.6,35442.0
WDOFUT,M30,17/09/2024,6272.303,6277.442,6269.448,6274.016,3330759689.79,53093.0
WDOFUT,M30,17/09/2024,6267.164,6274.016,6266.022,6271.732,4581320680.25,73065.0
WDOFUT,M30,17/09/2024,6273.445,6276.3,6264.881,6267.164,8604926605.31,137232.0
WDOFUT,M30,17/09/2024,6275.729,6291.717,6268.306,6273.445,12761847332.15,203244.0
WDOFUT,M30,17/09/2024,6286.578,6292.288,6275.158,6275.729,6804013150.6,108296.0
WDOFUT,M30,17/09/2024,6288.291,6296.856,6285.436,6287.149,6151622541.16,97782.0
WDOFUT,M30,17/09/2024,6278.013,6289.433,6272.874,6288.862,7300362550.31,116212.0
WDOFUT,M30,17/09/2024,6291.717,6296.285,6275.729,6278.013,8307299192.88,132158.0
WDOFUT,M30,17/09/2024,6288.291,6297.998,6287.149,6292.288,5088990979.44,80872.0
WDOFUT,M30,17/09/2024,6294.001,6297.998,6287.72,6288.862,6615322275.09,105113.0
WDOFUT,M30,17/09/2024,6292.288,6307.705,6290.575,6294.572,11766101797.76,186782.0
WDOFUT,M30,17/09/2024,6283.152,6298.569,6280.868,6291.717,12959940844.34,206018.0
WDOFUT,M30,17/09/2024,6286.007,6293.43,6278.013,6283.723,12401407286.63,197257.0
WDOFUT,M30,17/09/2024,6293.43,6300.853,6278.584,6286.578,19344503394.21,307540.0
WDOFUT,M30,17/09/2024,6290.004,6301.995,6275.729,6293.43,24203755312.35,384635.0
WDOFUT,M30,17/09/2024,6302.566,6306.563,6274.016,6290.004,20628656940.11,328079.0
WDOFUT,M30,16/09/2024,6303.137,6304.85,6294.572,6295.714,1676368475.02,26609.0
WDOFUT,M30,16/09/2024,6300.853,6304.85,6297.998,6303.137,2048670402.61,32512.0
WDOFUT,M30,16/09/2024,6303.137,6304.85,6300.853,6301.424,2124419659.96,33709.0
WDOFUT,M30,16/09/2024,6308.276,6308.847,6300.282,6302.566,3225144036.31,51163.0
WDOFUT,M30,16/09/2024,6305.421,6310.56,6301.995,6307.705,4195031361.99,66518.0
WDOFUT,M30,16/09/2024,6307.134,6315.127,6304.85,6305.421,5361345154.67,84970.0
WDOFUT,M30,16/09/2024,6301.424,6310.56,6297.427,6307.134,4934420840.4,78266.0
WDOFUT,M30,16/09/2024,6310.56,6313.415,6299.14,6301.424,5457814350.96,86558.0
WDOFUT,M30,16/09/2024,6311.702,6315.698,6304.85,6310.56,4538493021.73,71929.0
WDOFUT,M30,16/09/2024,6307.134,6312.273,6304.85,6311.702,2764243525.46,43811.0
WDOFUT,M30,16/09/2024,6304.279,6311.702,6301.995,6306.563,3552973654.33,56342.0
WDOFUT,M30,16/09/2024,6304.279,6312.273,6301.424,6304.279,5692135248.5,90255.0
WDOFUT,M30,16/09/2024,6301.424,6305.992,6291.146,6304.85,10822773557.15,171846.0
WDOFUT,M30,16/09/2024,6310.56,6314.556,6295.714,6301.424,10136032491.34,160756.0
WDOFUT,M30,16/09/2024,6304.279,6316.84,6297.998,6310.56,15452719588.34,244994.0
WDOFUT,M30,16/09/2024,6313.985,6317.982,6287.72,6304.279,23506877524.82,372931.0
WDOFUT,M30,16/09/2024,6362.519,6363.09,6309.418,6313.985,30896820072.6,487795.0
WDOFUT,M30,16/09/2024,6361.377,6383.646,6350.529,6362.519,20586795273.41,323197.0
WDOFUT,M30,16/09/2024,6363.661,6374.51,6347.103,6361.377,21190766093.3,333244.0
WDOFUT,M30,13/09/2024,6366.516,6367.087,6362.519,6365.945,1268737480.4,19933.0
WDOFUT,M30,13/09/2024,6370.513,6371.655,6365.374,6367.087,1833846587.51,28793.0
WDOFUT,M30,13/09/2024,6368.8,6375.652,6367.658,6371.084,2905215630.55,45598.0
WDOFUT,M30,13/09/2024,6365.945,6369.371,6362.519,6368.8,2468568052.7,38776.0
WDOFUT,M30,13/09/2024,6368.229,6371.084,6362.519,6365.374,3219627709.66,50568.0
WDOFUT,M30,13/09/2024,6369.371,6373.368,6364.803,6368.229,5045605282.91,79227.0
WDOFUT,M30,13/09/2024,6353.384,6374.51,6352.813,6369.371,11900506495.76,186982.0
WDOFUT,M30,13/09/2024,6351.1,6355.097,6346.532,6352.813,3696793664.94,58205.0
WDOFUT,M30,13/09/2024,6347.674,6352.813,6344.819,6350.529,4723087480.76,74402.0
WDOFUT,M30,13/09/2024,6352.242,6359.665,6344.819,6347.103,6016862351.74,94695.0
WDOFUT,M30,13/09/2024,6352.242,6356.239,6343.677,6352.242,6291409029.61,99072.0
WDOFUT,M30,13/09/2024,6348.816,6355.668,6347.674,6352.242,4886671527.83,76931.0
WDOFUT,M30,13/09/2024,6348.816,6362.519,6347.103,6348.816,9707387150.66,152769.0
WDOFUT,M30,13/09/2024,6372.797,6375.652,6342.535,6348.245,20611951743.55,324323.0
WDOFUT,M30,13/09/2024,6377.365,6385.93,6370.513,6372.797,14509072725.0,227514.0
WDOFUT,M30,13/09/2024,6398.492,6401.347,6366.516,6376.794,23139573055.65,362453.0
WDOFUT,M30,13/09/2024,6406.486,6420.189,6397.921,6399.063,19286675383.73,300956.0
WDOFUT,M30,13/09/2024,6403.06,6416.763,6396.208,6407.057,18562628473.24,289724.0
WDOFUT,M30,13/09/2024,6417.905,6428.754,6400.205,6403.06,19327796233.45,301350.0
WDOFUT,M30,12/09/2024,6440.174,6443.6,6435.606,6435.606,1342209546.19,20841.0
WDOFUT,M30,12/09/2024,6439.603,6443.6,6435.035,6440.174,2534508084.23,39363.0
WDOFUT,M30,12/09/2024,6428.183,6444.742,6428.183,6439.603,5100192993.49,79219.0
WDOFUT,M30,12/09/2024,6428.183,6433.322,6424.186,6428.183,3589748668.58,55837.0
WDOFUT,M30,12/09/2024,6435.606,6436.748,6426.47,6428.754,6512715654.23,101250.0
WDOFUT,M30,12/09/2024,6439.603,6447.026,6434.464,6435.606,6844585315.1,106264.0
WDOFUT,M30,12/09/2024,6449.881,6453.878,6439.603,6439.603,7067837455.76,109651.0
WDOFUT,M30,12/09/2024,6451.023,6459.016,6448.739,6450.452,5408576181.42,83808.0
WDOFUT,M30,12/09/2024,6452.165,6459.587,6447.026,6451.023,6590313839.3,102145.0
WDOFUT,M30,12/09/2024,6456.732,6467.01,6448.168,6452.165,7125544439.63,110316.0
WDOFUT,M30,12/09/2024,6466.439,6467.581,6452.165,6456.732,9190604881.96,142294.0
WDOFUT,M30,12/09/2024,6482.998,6483.569,6464.155,6466.439,6781759389.4,104760.0
WDOFUT,M30,12/09/2024,6488.137,6488.137,6472.149,6482.998,11631656942.19,179450.0
WDOFUT,M30,12/09/2024,6471.007,6495.56,6470.436,6488.137,17297099134.69,266714.0
WDOFUT,M30,12/09/2024,6473.862,6476.717,6458.445,6471.007,12409350654.95,191878.0
WDOFUT,M30,12/09/2024,6475.004,6482.998,6465.297,6474.433,16246943935.21,250989.0
WDOFUT,M30,12/09/2024,6457.303,6481.285,6452.165,6475.575,16616557656.92,257015.0
WDOFUT,M30,12/09/2024,6463.013,6471.578,6445.884,6457.303,19331463929.3,299338.0
WDOFUT,M30,12/09/2024,6463.013,6473.862,6457.874,6463.584,17551719546.98,271472.0
WDOFUT,M30,11/09/2024,6479.572,6487.566,6479.001,6484.14,1803998742.78,27826.0
WDOFUT,M30,11/09/2024,6473.291,6480.714,6470.436,6479.001,2369434032.5,36591.0
WDOFUT,M30,11/09/2024,6463.584,6475.575,6463.013,6473.291,3246548515.64,50183.0
WDOFUT,M30,11/09/2024,6467.581,6471.007,6461.871,6464.155,3299834167.99,51030.0
WDOFUT,M30,11/09/2024,6463.013,6468.152,6461.3,6467.01,3101140433.19,47970.0
WDOFUT,M30,11/09/2024,6458.445,6463.584,6453.307,6463.584,4254837372.03,65888.0
WDOFUT,M30,11/09/2024,6463.013,6468.723,6454.449,6459.016,5351636080.15,82829.0
WDOFUT,M30,11/09/2024,6455.02,6469.294,6453.878,6463.013,7803867229.26,120759.0
WDOFUT,M30,11/09/2024,6456.732,6457.303,6444.171,6454.449,6569489775.0,101827.0
WDOFUT,M30,11/09/2024,6459.587,6463.013,6444.171,6456.732,7228917748.93,112013.0
WDOFUT,M30,11/09/2024,6459.016,6471.007,6454.449,6459.587,8684401114.11,134422.0
WDOFUT,M30,11/09/2024,6469.294,6470.436,6456.732,6458.445,8249714663.11,127644.0
WDOFUT,M30,11/09/2024,6475.004,6479.001,6466.439,6469.865,10662421479.26,164725.0
WDOFUT,M30,11/09/2024,6472.72,6492.705,6465.868,6475.004,15794508076.18,243751.0
WDOFUT,M30,11/09/2024,6455.02,6480.143,6443.029,6472.149,22632008354.99,350294.0
WDOFUT,M30,11/09/2024,6436.748,6457.303,6433.322,6455.591,19530100199.86,303117.0
WDOFUT,M30,11/09/2024,6439.603,6439.603,6415.05,6436.748,23652478686.86,368011.0
WDOFUT,M30,11/09/2024,6442.458,6471.007,6435.035,6439.032,25726581289.72,398661.0
WDOFUT,M30,11/09/2024,6448.739,6463.013,6433.322,6441.887,26888838429.52,417151.0
WDOFUT,M30,10/09/2024,6477.288,6488.708,6476.717,6482.427,2421455677.26,37354.0
WDOFUT,M30,10/09/2024,6476.717,6480.714,6475.575,6477.288,2556112609.21,39460.0
WDOFUT,M30,10/09/2024,6469.865,6477.859,6469.294,6477.288,3243196313.51,50107.0
WDOFUT,M30,10/09/2024,6471.578,6478.43,6468.152,6469.865,5643278464.7,87174.0
WDOFUT,M30,10/09/2024,6471.007,6472.72,6464.155,6472.149,4224454757.06,65299.0
WDOFUT,M30,10/09/2024,6480.143,6480.714,6466.439,6470.436,8370707657.68,129338.0
WDOFUT,M30,10/09/2024,6474.433,6490.992,6472.72,6479.572,10971419392.89,169254.0
WDOFUT,M30,10/09/2024,6469.865,6479.001,6467.581,6473.862,8681332281.91,134117.0
WDOFUT,M30,10/09/2024,6461.3,6470.436,6460.158,6469.865,6462625159.46,99972.0
WDOFUT,M30,10/09/2024,6455.591,6468.723,6453.878,6461.3,8105586153.39,125451.0
WDOFUT,M30,10/09/2024,6464.155,6467.01,6449.881,6455.02,7258321285.04,112405.0
WDOFUT,M30,10/09/2024,6455.591,6466.439,6447.597,6464.726,10023941051.5,155245.0
WDOFUT,M30,10/09/2024,6441.316,6461.871,6437.319,6455.591,12604075115.16,195398.0
WDOFUT,M30,10/09/2024,6428.183,6448.739,6425.899,6441.316,17845475026.85,277101.0
WDOFUT,M30,10/09/2024,6428.183,6436.748,6421.902,6428.183,16947390392.13,263564.0
WDOFUT,M30,10/09/2024,6416.763,6429.325,6407.057,6428.183,14189859253.34,221081.0
WDOFUT,M30,10/09/2024,6411.624,6420.76,6403.631,6417.334,17403855696.46,271362.0
WDOFUT,M30,10/09/2024,6392.782,6416.192,6388.214,6411.624,22772817888.38,355647.0
WDOFUT,M30,10/09/2024,6381.933,6405.344,6373.368,6392.211,26271083262.29,411238.0
WDOFUT,M30,09/09/2024,6393.353,6394.495,6388.785,6393.924,1144665701.32,17909.0
WDOFUT,M30,09/09/2024,6392.211,6394.495,6389.356,6392.782,1854781583.36,29020.0
WDOFUT,M30,09/09/2024,6388.214,6396.208,6387.643,6392.211,2967322482.49,46426.0
WDOFUT,M30,09/09/2024,6392.211,6392.211,6383.646,6388.214,3982613496.26,62347.0
WDOFUT,M30,09/09/2024,6389.927,6394.495,6388.785,6391.64,2420247729.27,37866.0
WDOFUT,M30,09/09/2024,6396.208,6400.205,6388.214,6389.927,4811329304.99,75241.0
WDOFUT,M30,09/09/2024,6396.208,6398.492,6386.501,6395.637,5555985194.31,86900.0
WDOFUT,M30,09/09/2024,6386.501,6397.35,6381.362,6396.779,8260462798.8,129269.0
WDOFUT,M30,09/09/2024,6405.344,6405.915,6383.646,6385.93,8193000005.04,128129.0
WDOFUT,M30,09/09/2024,6407.057,6409.34,6400.776,6405.344,3786317836.9,59115.0
WDOFUT,M30,09/09/2024,6415.05,6416.192,6400.776,6407.057,5941988693.09,92722.0
WDOFUT,M30,09/09/2024,6418.476,6419.047,6406.486,6415.621,4641848636.12,72374.0
WDOFUT,M30,09/09/2024,6409.911,6421.331,6406.486,6417.905,7761011586.62,121005.0
WDOFUT,M30,09/09/2024,6421.331,6424.757,6409.34,6409.34,9067509869.24,141329.0
WDOFUT,M30,09/09/2024,6428.183,6432.18,6417.334,6421.331,14512146953.03,225908.0
WDOFUT,M30,09/09/2024,6429.896,6443.029,6425.328,6427.612,15305358144.47,237878.0
WDOFUT,M30,09/09/2024,6447.597,6447.597,6424.757,6429.896,19184476459.74,298195.0
WDOFUT,M30,09/09/2024,6447.026,6456.732,6437.89,6447.026,17206638291.15,266862.0
WDOFUT,M30,09/09/2024,6395.066,6448.168,6390.498,6447.026,23499285799.47,365504.0
WDOFUT,M30,06/09/2024,6411.053,6412.195,6403.631,6411.053,1434400717.53,22382.0
WDOFUT,M30,06/09/2024,6409.34,6411.624,6404.773,6411.053,1355482785.01,21152.0
WDOFUT,M30,06/09/2024,6399.634,6409.34,6397.35,6409.34,3308527432.0,51668.0
WDOFUT,M30,06/09/2024,6405.915,6406.486,6399.063,6399.063,2642265804.96,41261.0
WDOFUT,M30,06/09/2024,6400.205,6407.057,6398.492,6405.344,2681420680.13,41876.0
WDOFUT,M30,06/09/2024,6405.915,6413.337,6399.063,6399.634,6882344935.37,107447.0
WDOFUT,M30,06/09/2024,6396.779,6405.915,6393.924,6405.915,5197508473.95,81218.0
WDOFUT,M30,06/09/2024,6400.205,6402.489,6391.64,6397.35,4658194744.03,72813.0
WDOFUT,M30,06/09/2024,6400.776,6402.489,6389.927,6400.205,5643688525.45,88233.0
WDOFUT,M30,06/09/2024,6405.915,6412.766,6399.063,6400.776,5863849788.08,91547.0
WDOFUT,M30,06/09/2024,6399.634,6408.77,6389.927,6405.344,6645740753.81,103855.0
WDOFUT,M30,06/09/2024,6392.782,6401.347,6382.504,6399.634,8640516345.5,135177.0
WDOFUT,M30,06/09/2024,6400.205,6410.482,6365.945,6392.782,21568107943.69,337529.0
WDOFUT,M30,06/09/2024,6377.936,6407.057,6372.797,6400.205,17016829586.68,266305.0
WDOFUT,M30,06/09/2024,6368.229,6385.93,6368.229,6377.365,15446673242.06,242227.0
WDOFUT,M30,06/09/2024,6350.529,6371.084,6345.961,6368.229,14543577211.1,228665.0
WDOFUT,M30,06/09/2024,6351.1,6361.377,6337.967,6351.1,21764829188.96,342728.0
WDOFUT,M30,06/09/2024,6376.794,6391.069,6329.973,6351.1,35102176645.16,553015.0
WDOFUT,M30,06/09/2024,6386.501,6394.495,6368.8,6376.794,17718066085.46,277589.0
WDOFUT,M30,05/09/2024,6384.217,6384.217,6372.226,6379.078,1679843565.19,26334.0
WDOFUT,M30,05/09/2024,6384.217,6385.93,6380.791,6383.646,1873052708.85,29342.0
WDOFUT,M30,05/09/2024,6380.791,6393.924,6379.078,6384.217,4725203254.01,73987.0
WDOFUT,M30,05/09/2024,6387.643,6388.785,6378.507,6380.791,4805335546.71,75281.0
WDOFUT,M30,05/09/2024,6392.211,6392.211,6385.93,6387.643,3189036347.18,49916.0
WDOFUT,M30,05/09/2024,6391.64,6394.495,6384.788,6392.211,3960831913.6,61992.0
WDOFUT,M30,05/09/2024,6393.353,6395.637,6388.214,6391.64,3553281137.09,55588.0
WDOFUT,M30,05/09/2024,6397.35,6400.776,6387.072,6393.353,5856845529.47,91616.0
WDOFUT,M30,05/09/2024,6392.782,6399.634,6388.785,6397.35,5651647875.72,88370.0
WDOFUT,M30,05/09/2024,6387.072,6398.492,6379.078,6392.782,10868855207.86,170106.0
WDOFUT,M30,05/09/2024,6404.202,6409.911,6383.646,6387.643,11874168006.19,185584.0
WDOFUT,M30,05/09/2024,6423.044,6424.757,6403.06,6404.202,9067506220.62,141407.0
WDOFUT,M30,05/09/2024,6424.186,6429.896,6412.766,6423.615,9645388443.86,150199.0
WDOFUT,M30,05/09/2024,6432.18,6437.319,6419.618,6424.757,9295464273.23,144622.0
WDOFUT,M30,05/09/2024,6416.763,6435.606,6413.908,6432.18,15564988297.12,242331.0
WDOFUT,M30,05/09/2024,6415.621,6428.754,6414.479,6416.763,13130366766.75,204489.0
WDOFUT,M30,05/09/2024,6431.038,6434.464,6409.911,6415.05,17909254045.74,278838.0
WDOFUT,M30,05/09/2024,6423.044,6445.313,6416.763,6431.038,23945433316.08,372142.0
WDOFUT,M30,05/09/2024,6456.732,6469.294,6417.905,6423.044,25484126913.41,395638.0
WDOFUT,M30,04/09/2024,6459.016,6463.584,6457.874,6460.158,1650281020.34,25539.0
WDOFUT,M30,04/09/2024,6457.874,6461.871,6456.162,6458.445,1770399683.8,27412.0
WDOFUT,M30,04/09/2024,6456.732,6463.584,6456.732,6457.874,3202434900.75,49571.0
WDOFUT,M30,04/09/2024,6453.307,6461.3,6452.165,6456.162,4348140708.12,67342.0
WDOFUT,M30,04/09/2024,6451.594,6457.303,6451.023,6453.307,3712354869.88,57520.0
WDOFUT,M30,04/09/2024,6451.023,6453.307,6447.597,6451.594,3683811801.29,57103.0
WDOFUT,M30,04/09/2024,6452.165,6459.587,6446.455,6450.452,6121818679.65,94868.0
WDOFUT,M30,04/09/2024,6455.591,6460.158,6450.452,6452.165,5590708271.75,86615.0
WDOFUT,M30,04/09/2024,6458.445,6463.013,6450.452,6455.591,5303441054.33,82145.0
WDOFUT,M30,04/09/2024,6464.726,6465.297,6454.449,6457.874,5100296365.16,78963.0
WDOFUT,M30,04/09/2024,6458.445,6469.865,6458.445,6464.726,7244062515.18,112051.0
WDOFUT,M30,04/09/2024,6449.31,6461.871,6448.739,6459.016,8364501411.92,129569.0
WDOFUT,M30,04/09/2024,6435.035,6450.452,6434.464,6448.739,9132344102.53,141757.0
WDOFUT,M30,04/09/2024,6445.313,6449.31,6430.467,6435.606,13429132209.68,208601.0
WDOFUT,M30,04/09/2024,6450.452,6462.442,6436.748,6445.313,22534371813.68,349359.0
WDOFUT,M30,04/09/2024,6460.729,6465.297,6447.026,6449.881,14782426454.73,228971.0
WDOFUT,M30,04/09/2024,6451.594,6468.723,6447.597,6460.158,21001056780.72,325157.0
WDOFUT,M30,04/09/2024,6456.162,6459.016,6434.464,6452.165,21387569686.47,331840.0
WDOFUT,M30,04/09/2024,6465.297,6482.998,6453.307,6455.591,26325380477.01,406919.0
WDOFUT,M30,03/09/2024,6465.297,6473.291,6464.155,6467.581,1360029397.01,21028.0
WDOFUT,M30,03/09/2024,6457.303,6468.152,6456.732,6464.726,2771467762.92,42877.0
WDOFUT,M30,03/09/2024,6462.442,6462.442,6455.591,6457.874,3643685258.69,56417.0
WDOFUT,M30,03/09/2024,6468.152,6469.294,6460.158,6461.871,3366604010.69,52085.0
WDOFUT,M30,03/09/2024,6460.729,6469.294,6458.445,6467.581,4817499087.46,74530.0
WDOFUT,M30,03/09/2024,6457.874,6461.871,6451.594,6461.3,6598007988.48,102193.0
WDOFUT,M30,03/09/2024,6461.871,6464.726,6456.162,6457.874,4788303790.68,74114.0
WDOFUT,M30,03/09/2024,6455.02,6465.868,6450.452,6461.3,5894926964.29,91290.0
WDOFUT,M30,03/09/2024,6457.874,6463.584,6450.452,6455.591,5473472155.65,84760.0
WDOFUT,M30,03/09/2024,6456.732,6462.442,6452.165,6457.874,5668644510.28,87788.0
WDOFUT,M30,03/09/2024,6471.007,6471.578,6455.02,6456.732,6327691549.56,97946.0
WDOFUT,M30,03/09/2024,6457.874,6472.149,6453.878,6471.007,6658699875.0,103013.0
WDOFUT,M30,03/09/2024,6451.023,6467.01,6448.739,6457.874,11693788472.22,181088.0
WDOFUT,M30,03/09/2024,6445.313,6473.862,6437.319,6451.023,20646171255.24,319741.0
WDOFUT,M30,03/09/2024,6445.313,6459.016,6440.174,6445.313,20267392582.03,314239.0
WDOFUT,M30,03/09/2024,6409.911,6448.739,6405.344,6445.313,21869333043.12,340202.0
WDOFUT,M30,03/09/2024,6398.492,6417.905,6385.93,6409.34,23075025024.39,360297.0
WDOFUT,M30,03/09/2024,6407.628,6411.624,6389.356,6398.492,24549613671.45,383585.0
WDOFUT,M30,03/09/2024,6459.016,6460.158,6407.057,6407.628,23731254962.96,369036.0
WDOFUT,M30,02/09/2024,6435.035,6435.035,6429.325,6431.609,937856108.43,14581.0
WDOFUT,M30,02/09/2024,6432.18,6436.748,6428.183,6435.035,1694850266.54,26351.0
WDOFUT,M30,02/09/2024,6433.322,6435.035,6427.041,6432.18,1826606430.9,28400.0
WDOFUT,M30,02/09/2024,6427.612,6437.319,6425.899,6433.322,2818137297.18,43822.0
WDOFUT,M30,02/09/2024,6440.174,6440.174,6423.044,6427.612,4647846676.81,72283.0
WDOFUT,M30,02/09/2024,6437.319,6443.029,6435.035,6440.174,2856332187.33,44361.0
WDOFUT,M30,02/09/2024,6430.467,6440.745,6427.612,6437.319,3398683533.53,52821.0
WDOFUT,M30,02/09/2024,6429.896,6434.464,6418.476,6430.467,5968928370.23,92888.0
WDOFUT,M30,02/09/2024,6436.748,6445.884,6426.47,6429.896,4833557463.09,75101.0
WDOFUT,M30,02/09/2024,6436.748,6440.745,6426.47,6436.177,4430968429.7,68866.0
WDOFUT,M30,02/09/2024,6433.322,6442.458,6423.044,6436.748,7811233928.23,121421.0
WDOFUT,M30,02/09/2024,6440.745,6445.313,6433.322,6433.322,7164093233.85,111255.0
WDOFUT,M30,02/09/2024,6458.445,6460.158,6440.174,6440.745,10545161878.42,163446.0
WDOFUT,M30,02/09/2024,6463.584,6476.146,6457.874,6458.445,9125604947.94,141112.0
WDOFUT,M30,02/09/2024,6460.729,6483.569,6455.591,6464.155,12870742295.43,198948.0
WDOFUT,M30,02/09/2024,6470.436,6477.859,6457.874,6460.729,16732482967.25,258694.0
WDOFUT,M30,02/09/2024,6439.603,6471.007,6432.18,6469.865,16534492118.7,256372.0
WDOFUT,M30,02/09/2024,6436.177,6466.439,6429.325,6439.603,22353083049.81,346718.0
WDOFUT,M30,02/09/2024,6443.6,6466.439,6431.609,6436.177,26218177117.13,406812.0
WDOFUT,M30,29/08/2024,6447.595,6455.041,6447.022,6448.168,1593240309.13,24697.0
WDOFUT,M30,29/08/2024,6447.595,6450.459,6444.731,6448.168,2213956124.87,34339.0
WDOFUT,M30,29/08/2024,6441.295,6455.614,6440.722,6448.168,5649107179.29,87605.0
WDOFUT,M30,29/08/2024,6438.431,6454.468,6436.14,6440.722,7335995324.97,113807.0
WDOFUT,M30,29/08/2024,6441.867,6443.586,6434.421,6437.858,5405688700.67,83942.0
WDOFUT,M30,29/08/2024,6444.158,6448.74,6438.431,6441.295,8507672960.44,132022.0
WDOFUT,M30,29/08/2024,6439.576,6449.313,6436.712,6444.158,8288267096.24,128640.0
WDOFUT,M30,29/08/2024,6451.031,6452.75,6431.558,6439.576,10272325109.03,159507.0
WDOFUT,M30,29/08/2024,6454.468,6457.905,6445.304,6450.459,7866825470.35,121948.0
WDOFUT,M30,29/08/2024,6456.759,6471.078,6453.895,6455.041,9484035688.69,146761.0
WDOFUT,M30,29/08/2024,6457.332,6465.923,6451.604,6456.186,9306554942.41,144102.0
WDOFUT,M30,29/08/2024,6465.923,6468.214,6454.468,6457.905,10482181338.85,162270.0
WDOFUT,M30,29/08/2024,6459.623,6477.379,6457.905,6465.923,12048917926.18,186281.0
WDOFUT,M30,29/08/2024,6475.66,6488.834,6457.905,6459.623,20759995540.82,320783.0
WDOFUT,M30,29/08/2024,6462.487,6478.524,6456.186,6475.088,17712508281.16,273928.0
WDOFUT,M30,29/08/2024,6455.614,6468.787,6447.022,6462.487,17789788150.28,275455.0
WDOFUT,M30,29/08/2024,6418.957,6461.914,6418.384,6455.614,29038886171.9,450781.0
WDOFUT,M30,29/08/2024,6385.164,6420.675,6377.718,6418.384,20343632983.9,317939.0
WDOFUT,M30,29/08/2024,6368.554,6401.774,6365.69,6385.736,19943427606.11,312184.0
WDOFUT,M30,28/08/2024,6377.145,6381.727,6373.708,6376.572,2103011585.43,32978.0
WDOFUT,M30,28/08/2024,6370.272,6382.873,6367.981,6377.145,4477232226.91,70236.0
WDOFUT,M30,28/08/2024,6365.117,6376.0,6362.826,6370.272,4999871125.95,78503.0
WDOFUT,M30,28/08/2024,6355.953,6376.0,6355.38,6365.69,7951430436.19,124883.0
WDOFUT,M30,28/08/2024,6357.671,6363.399,6354.807,6355.953,5008221159.43,78764.0
WDOFUT,M30,28/08/2024,6346.216,6364.544,6345.643,6357.098,9049195809.36,142343.0
WDOFUT,M30,28/08/2024,6351.943,6352.516,6337.052,6346.216,9097214445.72,143389.0
WDOFUT,M30,28/08/2024,6349.08,6359.389,6345.07,6352.516,5600414532.42,88158.0
WDOFUT,M30,28/08/2024,6350.225,6359.389,6346.216,6349.652,6626692590.79,104320.0
WDOFUT,M30,28/08/2024,6356.526,6358.244,6347.361,6349.652,6138483934.5,96626.0
WDOFUT,M30,28/08/2024,6343.925,6362.253,6342.206,6356.526,9679773003.01,152384.0
WDOFUT,M30,28/08/2024,6347.934,6351.943,6342.206,6343.352,6563986033.1,103420.0
WDOFUT,M30,28/08/2024,6332.47,6353.089,6326.169,6347.934,13115321784.17,206876.0
WDOFUT,M30,28/08/2024,6323.878,6336.479,6318.723,6331.897,12043005246.24,190294.0
WDOFUT,M30,28/08/2024,6337.052,6342.779,6323.878,6324.451,13448059040.82,212306.0
WDOFUT,M30,28/08/2024,6342.206,6347.934,6325.596,6337.052,17620953779.41,278123.0
WDOFUT,M30,28/08/2024,6348.507,6348.507,6333.615,6342.206,19067740289.3,300693.0
WDOFUT,M30,28/08/2024,6342.779,6353.089,6341.061,6348.507,13020311435.7,205130.0
WDOFUT,M30,28/08/2024,6315.859,6354.807,6315.287,6342.779,25140446910.96,396651.0
WDOFUT,M30,27/08/2024,6314.141,6320.441,6309.559,6314.714,2045054013.3,32389.0
WDOFUT,M30,27/08/2024,6321.587,6323.305,6310.132,6314.141,2923728960.14,46286.0
WDOFUT,M30,27/08/2024,6306.122,6323.305,6305.55,6321.014,5069389727.75,80269.0
WDOFUT,M30,27/08/2024,6304.977,6308.413,6304.404,6306.695,2107350907.87,33416.0
WDOFUT,M30,27/08/2024,6304.404,6308.986,6301.54,6305.55,3078206678.7,48815.0
WDOFUT,M30,27/08/2024,6303.259,6306.122,6300.968,6304.404,2940042852.99,46639.0
WDOFUT,M30,27/08/2024,6302.686,6308.413,6296.385,6303.831,6860563525.63,108839.0
WDOFUT,M30,27/08/2024,6309.559,6319.296,6302.686,6302.686,6622907199.06,104925.0
WDOFUT,M30,27/08/2024,6307.841,6313.568,6300.968,6310.132,5639842047.83,89422.0
WDOFUT,M30,27/08/2024,6310.705,6312.423,6302.686,6307.841,3866110073.85,61298.0
WDOFUT,M30,27/08/2024,6308.986,6315.287,6300.968,6310.132,7836195952.21,124225.0
WDOFUT,M30,27/08/2024,6306.122,6325.596,6301.54,6308.986,12055431411.76,190890.0
WDOFUT,M30,27/08/2024,6299.249,6306.122,6290.658,6305.55,10445411742.34,165838.0
WDOFUT,M30,27/08/2024,6287.221,6299.822,6286.076,6298.676,10018827024.0,159204.0
WDOFUT,M30,27/08/2024,6298.676,6302.113,6285.503,6286.648,11957172339.19,189928.0
WDOFUT,M30,27/08/2024,6304.977,6307.268,6290.085,6298.676,13076909021.8,207612.0
WDOFUT,M30,27/08/2024,6292.376,6308.413,6289.512,6304.977,18555605568.81,294591.0
WDOFUT,M30,27/08/2024,6298.676,6310.705,6283.785,6292.949,18446979024.8,292927.0
WDOFUT,M30,27/08/2024,6282.066,6315.859,6276.339,6298.676,25193486074.18,400244.0
WDOFUT,M30,26/08/2024,6300.395,6305.55,6297.531,6300.395,1726640337.62,27401.0
WDOFUT,M30,26/08/2024,6303.831,6306.122,6298.104,6300.968,2327041624.37,36923.0
WDOFUT,M30,26/08/2024,6295.24,6307.841,6294.094,6303.259,5974898749.0,94808.0
WDOFUT,M30,26/08/2024,6286.076,6295.813,6285.503,6294.667,5245437237.32,83384.0
WDOFUT,M30,26/08/2024,6287.794,6288.367,6281.494,6286.076,2952526947.78,46976.0
WDOFUT,M30,26/08/2024,6284.357,6291.231,6283.785,6287.221,6313617188.06,100411.0
WDOFUT,M30,26/08/2024,6284.357,6286.076,6275.766,6284.357,6992213665.29,111319.0
WDOFUT,M30,26/08/2024,6281.494,6292.949,6280.348,6284.357,7599781450.64,120892.0
WDOFUT,M30,26/08/2024,6295.813,6295.813,6278.057,6282.066,7980293117.43,127011.0
WDOFUT,M30,26/08/2024,6299.249,6302.686,6287.221,6295.813,5833840768.21,92684.0
WDOFUT,M30,26/08/2024,6303.831,6306.122,6296.385,6298.676,5366699028.33,85158.0
WDOFUT,M30,26/08/2024,6306.122,6309.559,6295.24,6303.831,7106059307.42,112757.0
WDOFUT,M30,26/08/2024,6299.249,6319.869,6295.813,6306.122,12266793716.59,194419.0
WDOFUT,M30,26/08/2024,6295.24,6304.404,6288.94,6299.822,11386030200.34,180848.0
WDOFUT,M30,26/08/2024,6287.221,6296.385,6282.639,6294.667,13316260681.51,211704.0
WDOFUT,M30,26/08/2024,6304.404,6309.559,6279.775,6286.648,17240852125.13,274051.0
WDOFUT,M30,26/08/2024,6289.512,6310.132,6286.076,6304.404,19242727700.17,305363.0
WDOFUT,M30,26/08/2024,6282.639,6294.667,6271.184,6289.512,20567957056.54,327326.0
WDOFUT,M30,26/08/2024,6296.385,6305.55,6274.62,6282.639,21265945152.29,338023.0
WDOFUT,M30,23/08/2024,6291.803,6292.376,6278.63,6282.639,1607930395.51,25566.0
WDOFUT,M30,23/08/2024,6293.522,6296.385,6286.648,6291.803,2837633280.8,45093.0
WDOFUT,M30,23/08/2024,6283.212,6296.385,6282.066,6293.522,4112968000.99,65394.0
WDOFUT,M30,23/08/2024,6279.203,6288.367,6277.484,6282.639,4955508522.76,78867.0
WDOFUT,M30,23/08/2024,6283.212,6287.221,6276.911,6279.203,5939184995.56,94551.0
WDOFUT,M30,23/08/2024,6287.794,6290.658,6282.066,6283.212,4892794816.98,77837.0
WDOFUT,M30,23/08/2024,6296.958,6300.968,6283.212,6287.794,8251033710.5,131135.0
WDOFUT,M30,23/08/2024,6306.695,6313.568,6294.667,6296.958,8067950853.64,127993.0
WDOFUT,M30,23/08/2024,6298.676,6313.568,6296.958,6306.695,6483885677.7,102840.0
WDOFUT,M30,23/08/2024,6296.958,6301.54,6286.648,6298.104,9104271958.94,144640.0
WDOFUT,M30,23/08/2024,6320.441,6320.441,6296.958,6297.531,7431831540.64,117802.0
WDOFUT,M30,23/08/2024,6308.413,6323.878,6302.113,6319.869,9831169576.51,155718.0
WDOFUT,M30,23/08/2024,6306.695,6310.132,6297.531,6308.413,9969513885.62,158142.0
WDOFUT,M30,23/08/2024,6304.404,6325.596,6295.813,6306.695,20115090854.24,318673.0
WDOFUT,M30,23/08/2024,6367.981,6370.845,6296.958,6304.404,36180871086.4,570915.0
WDOFUT,M30,23/08/2024,6366.835,6384.018,6362.826,6367.981,13044887362.7,204695.0
WDOFUT,M30,23/08/2024,6382.3,6389.173,6363.971,6366.835,17074242784.49,267908.0
WDOFUT,M30,23/08/2024,6383.445,6398.337,6375.427,6382.3,16823279772.13,263381.0
WDOFUT,M30,23/08/2024,6402.347,6402.347,6372.563,6383.445,23179314058.74,362934.0
WDOFUT,M30,22/08/2024,6404.638,6430.985,6403.492,6422.393,2157164526.71,33634.0
WDOFUT,M30,22/08/2024,6402.919,6410.365,6398.337,6405.783,3221406799.44,50298.0
WDOFUT,M30,22/08/2024,6410.365,6413.802,6397.765,6402.919,6837359154.48,106744.0
WDOFUT,M30,22/08/2024,6409.793,6412.084,6405.21,6410.365,3810554023.2,59460.0
WDOFUT,M30,22/08/2024,6414.947,6416.093,6404.638,6409.793,6053936101.79,94446.0
WDOFUT,M30,22/08/2024,6412.084,6418.384,6398.337,6414.947,11168490169.42,174238.0
WDOFUT,M30,22/08/2024,6396.619,6413.802,6388.6,6412.084,16266267986.86,254112.0
WDOFUT,M30,22/08/2024,6379.436,6399.483,6361.68,6396.619,18586561350.03,291228.0
WDOFUT,M30,22/08/2024,6386.309,6388.6,6375.427,6378.863,9247649693.53,144907.0
WDOFUT,M30,22/08/2024,6389.746,6395.473,6385.164,6385.736,6609150401.61,103432.0
WDOFUT,M30,22/08/2024,6385.736,6400.628,6385.164,6389.746,8127982968.22,127164.0
WDOFUT,M30,22/08/2024,6384.018,6392.61,6380.582,6385.736,8567074766.33,134155.0
WDOFUT,M30,22/08/2024,6368.554,6389.746,6363.399,6384.018,14733197037.82,230958.0
WDOFUT,M30,22/08/2024,6371.99,6379.436,6361.68,6368.554,12880098515.41,202223.0
WDOFUT,M30,22/08/2024,6359.962,6380.009,6352.516,6371.417,18625480841.7,292479.0
WDOFUT,M30,22/08/2024,6366.263,6369.126,6341.061,6360.535,21434678842.85,337283.0
WDOFUT,M30,22/08/2024,6357.098,6374.854,6353.662,6366.263,22620838565.76,355444.0
WDOFUT,M30,22/08/2024,6333.615,6359.389,6330.178,6357.671,22452383776.49,353995.0
WDOFUT,M30,22/08/2024,6288.94,6343.352,6283.785,6333.615,29660374748.25,468828.0
WDOFUT,M30,21/08/2024,6291.231,6293.522,6282.066,6282.066,1383354662.19,21994.0
WDOFUT,M30,21/08/2024,6291.231,6298.104,6289.512,6290.658,3269565997.61,51950.0
WDOFUT,M30,21/08/2024,6286.076,6292.376,6284.357,6291.231,3270032318.46,52003.0
WDOFUT,M30,21/08/2024,6278.057,6288.367,6277.484,6286.076,4963581722.62,78989.0
WDOFUT,M30,21/08/2024,6279.775,6282.066,6272.902,6278.63,4861580610.75,77449.0
WDOFUT,M30,21/08/2024,6290.658,6291.231,6278.63,6280.348,8686339893.5,138254.0
WDOFUT,M30,21/08/2024,6308.413,6310.132,6282.639,6291.231,18213097843.23,289332.0
WDOFUT,M30,21/08/2024,6310.705,6313.568,6303.259,6308.413,7956809484.14,126137.0
WDOFUT,M30,21/08/2024,6297.531,6318.723,6297.531,6310.705,14401449240.99,228232.0
WDOFUT,M30,21/08/2024,6285.503,6301.54,6282.066,6297.531,8972171530.07,142574.0
WDOFUT,M30,21/08/2024,6278.057,6287.794,6274.048,6284.93,6607815897.81,105195.0
WDOFUT,M30,21/08/2024,6271.757,6283.212,6263.738,6278.057,8695372168.09,138603.0
WDOFUT,M30,21/08/2024,6280.348,6283.212,6270.038,6271.757,8729189359.51,139044.0
WDOFUT,M30,21/08/2024,6278.63,6282.639,6260.301,6280.348,15498171772.82,247084.0
WDOFUT,M30,21/08/2024,6272.329,6286.648,6262.592,6278.63,20477781894.5,326328.0
WDOFUT,M30,21/08/2024,6267.747,6274.048,6262.02,6272.902,15488547392.85,247098.0
WDOFUT,M30,21/08/2024,6276.339,6284.357,6263.738,6267.175,21190546197.3,337763.0
WDOFUT,M30,21/08/2024,6282.639,6289.512,6270.038,6276.911,19932246352.77,317356.0
WDOFUT,M30,21/08/2024,6275.766,6290.085,6259.156,6283.212,18661042411.96,297240.0
WDOFUT,M30,20/08/2024,6282.066,6291.231,6280.921,6283.212,2316802824.18,36854.0
WDOFUT,M30,20/08/2024,6282.066,6283.785,6279.775,6282.066,2010768725.46,32009.0
WDOFUT,M30,20/08/2024,6291.803,6292.376,6279.775,6282.066,6153357465.47,97899.0
WDOFUT,M30,20/08/2024,6271.757,6292.376,6268.893,6292.376,7561831406.44,120447.0
WDOFUT,M30,20/08/2024,6288.367,6288.94,6270.038,6271.757,10017091076.23,159556.0
WDOFUT,M30,20/08/2024,6286.648,6299.249,6285.503,6288.367,8125397223.2,129116.0
WDOFUT,M30,20/08/2024,6292.376,6296.958,6282.639,6287.221,8237858267.66,130994.0
WDOFUT,M30,20/08/2024,6295.813,6298.104,6291.231,6292.376,5860461482.61,93104.0
WDOFUT,M30,20/08/2024,6286.076,6299.249,6283.785,6295.813,11712682759.08,186145.0
WDOFUT,M30,20/08/2024,6278.057,6287.794,6274.048,6286.076,8080155331.19,128660.0
WDOFUT,M30,20/08/2024,6276.911,6285.503,6276.339,6278.057,7236931783.62,115217.0
WDOFUT,M30,20/08/2024,6273.475,6280.921,6272.902,6276.911,7465687725.77,118940.0
WDOFUT,M30,20/08/2024,6264.311,6276.339,6264.311,6272.902,11116253630.68,177299.0
WDOFUT,M30,20/08/2024,6266.602,6272.902,6260.301,6263.738,12975222952.58,207030.0
WDOFUT,M30,20/08/2024,6237.391,6271.184,6235.673,6267.175,19230234756.18,307576.0
WDOFUT,M30,20/08/2024,6254.001,6259.156,6236.818,6237.391,18643041176.02,298370.0
WDOFUT,M30,20/08/2024,6243.691,6257.438,6235.1,6254.001,16235547307.74,259916.0
WDOFUT,M30,20/08/2024,6252.283,6262.02,6233.954,6243.691,22118635684.51,354072.0
WDOFUT,M30,20/08/2024,6238.536,6264.883,6232.236,6252.855,30448072779.17,487134.0
WDOFUT,M30,19/08/2024,6208.753,6209.898,6200.734,6202.452,2494194792.17,40197.0
WDOFUT,M30,19/08/2024,6211.044,6212.762,6206.462,6209.325,2103623313.67,33878.0
WDOFUT,M30,19/08/2024,6210.471,6212.189,6205.316,6211.616,3577103605.35,57609.0
WDOFUT,M30,19/08/2024,6206.462,6211.616,6203.025,6210.471,5343614089.75,86087.0
WDOFUT,M30,19/08/2024,6199.588,6207.607,6198.443,6206.462,7177788981.23,115693.0
WDOFUT,M30,19/08/2024,6185.269,6203.025,6184.124,6200.161,9830421227.07,158697.0
WDOFUT,M30,19/08/2024,6180.115,6186.988,6167.514,6185.269,11891293870.65,192480.0
WDOFUT,M30,19/08/2024,6192.143,6192.715,6175.532,6179.542,10481382637.8,169454.0
WDOFUT,M30,19/08/2024,6199.016,6200.161,6181.833,6192.143,13183665631.55,212947.0
WDOFUT,M30,19/08/2024,6211.044,6213.908,6198.443,6199.016,6086235659.84,98080.0
WDOFUT,M30,19/08/2024,6200.734,6220.208,6196.152,6211.044,11130027187.17,179294.0
WDOFUT,M30,19/08/2024,6213.908,6214.48,6196.725,6201.307,10023550298.23,161543.0
WDOFUT,M30,19/08/2024,6207.607,6216.199,6205.889,6213.908,9460962159.55,152301.0
WDOFUT,M30,19/08/2024,6217.344,6220.781,6200.161,6207.607,16260882037.11,261841.0
WDOFUT,M30,19/08/2024,6229.945,6235.673,6211.616,6217.917,19027688719.78,305615.0
WDOFUT,M30,19/08/2024,6246.555,6248.846,6226.508,6229.945,20236134897.87,324360.0
WDOFUT,M30,19/08/2024,6259.729,6260.874,6239.682,6245.982,21654977570.36,346551.0
WDOFUT,M30,19/08/2024,6272.902,6277.484,6256.865,6259.729,17262441836.83,275394.0
WDOFUT,M30,19/08/2024,6277.484,6279.203,6252.283,6273.475,18590953086.03,296743.0
WDOFUT,M30,16/08/2024,6282.066,6283.212,6277.484,6282.639,1453567596.15,23143.0
WDOFUT,M30,16/08/2024,6279.203,6283.785,6277.484,6282.066,2076622089.79,33067.0
WDOFUT,M30,16/08/2024,6272.329,6279.775,6271.184,6279.203,3000950143.95,47828.0
WDOFUT,M30,16/08/2024,6274.62,6278.057,6271.184,6271.757,2961794261.47,47197.0
WDOFUT,M30,16/08/2024,6275.193,6281.494,6270.611,6274.62,5415096100.76,86282.0
WDOFUT,M30,16/08/2024,6282.639,6286.076,6272.902,6275.193,5315182177.95,84641.0
WDOFUT,M30,16/08/2024,6279.203,6288.94,6278.057,6282.639,5238751218.29,83373.0
WDOFUT,M30,16/08/2024,6283.785,6287.221,6275.193,6279.203,5110473118.65,81346.0
WDOFUT,M30,16/08/2024,6275.193,6288.94,6273.475,6283.785,5957679311.86,94837.0
WDOFUT,M30,16/08/2024,6274.62,6278.63,6269.466,6275.193,5071529490.74,80838.0
WDOFUT,M30,16/08/2024,6282.639,6283.785,6270.611,6274.62,7326866098.76,116727.0
WDOFUT,M30,16/08/2024,6282.639,6289.512,6280.921,6283.212,4763192901.3,75779.0
WDOFUT,M30,16/08/2024,6287.221,6291.231,6282.066,6282.639,7413504614.38,117927.0
WDOFUT,M30,16/08/2024,6276.911,6294.667,6272.902,6287.794,15974499620.03,254207.0
WDOFUT,M30,16/08/2024,6259.156,6284.357,6256.292,6276.911,16359090173.86,260846.0
WDOFUT,M30,16/08/2024,6253.428,6266.602,6252.283,6258.583,14853509657.16,237305.0
WDOFUT,M30,16/08/2024,6243.691,6255.719,6237.964,6253.428,15008954348.86,240231.0
WDOFUT,M30,16/08/2024,6259.729,6267.175,6238.536,6243.691,22182284729.72,354708.0
WDOFUT,M30,16/08/2024,6284.357,6292.376,6259.156,6259.156,22816262658.82,363677.0
WDOFUT,M30,15/08/2024,6292.949,6297.531,6288.94,6295.24,2051301696.68,32601.0
WDOFUT,M30,15/08/2024,6294.667,6295.813,6290.658,6292.949,2263435524.94,35968.0
WDOFUT,M30,15/08/2024,6292.949,6298.104,6291.231,6295.24,2552991044.21,40557.0
WDOFUT,M30,15/08/2024,6292.949,6296.958,6290.658,6292.949,2206499206.71,35059.0
WDOFUT,M30,15/08/2024,6292.376,6298.104,6290.658,6292.949,3673614284.01,58370.0
WDOFUT,M30,15/08/2024,6301.54,6306.122,6290.085,6292.376,7630752117.96,121196.0
WDOFUT,M30,15/08/2024,6290.658,6304.977,6286.076,6302.113,10413437273.21,165372.0
WDOFUT,M30,15/08/2024,6284.357,6291.231,6279.203,6290.658,7571809599.39,120465.0
WDOFUT,M30,15/08/2024,6272.902,6285.503,6272.329,6284.93,7208996365.84,114792.0
WDOFUT,M30,15/08/2024,6271.757,6275.766,6270.038,6272.902,3704953501.52,59064.0
WDOFUT,M30,15/08/2024,6268.32,6273.475,6260.874,6271.757,5298093136.07,84550.0
WDOFUT,M30,15/08/2024,6265.456,6270.611,6255.146,6267.747,8407344729.39,134236.0
WDOFUT,M30,15/08/2024,6280.921,6281.494,6263.165,6266.029,8215182047.15,130993.0
WDOFUT,M30,15/08/2024,6266.602,6283.785,6262.02,6280.921,9442660532.24,150497.0
WDOFUT,M30,15/08/2024,6260.874,6277.484,6260.301,6266.029,12418865795.51,198069.0
WDOFUT,M30,15/08/2024,6288.94,6294.094,6258.01,6260.301,19151743653.35,305357.0
WDOFUT,M30,15/08/2024,6273.475,6292.949,6270.611,6288.94,17718705217.73,281959.0
WDOFUT,M30,15/08/2024,6262.02,6296.958,6261.447,6273.475,32535672367.52,518029.0
WDOFUT,M30,15/08/2024,6275.766,6282.639,6258.01,6261.447,15959883202.45,254588.0
WDOFUT,M30,14/08/2024,6280.921,6283.785,6275.766,6276.339,1610945140.14,25647.0
WDOFUT,M30,14/08/2024,6279.775,6282.639,6276.911,6280.921,2118503179.4,33735.0
WDOFUT,M30,14/08/2024,6276.339,6282.066,6275.193,6279.775,3799598908.21,60516.0
WDOFUT,M30,14/08/2024,6282.066,6282.639,6272.902,6276.339,4521738112.53,72041.0
WDOFUT,M30,14/08/2024,6276.339,6283.212,6274.62,6282.066,4070377309.38,64824.0
WDOFUT,M30,14/08/2024,6282.066,6285.503,6270.611,6275.766,6461513508.51,102924.0
WDOFUT,M30,14/08/2024,6280.921,6288.367,6276.911,6282.066,6032880434.46,96021.0
WDOFUT,M30,14/08/2024,6284.93,6289.512,6278.63,6280.348,5479139166.93,87198.0
WDOFUT,M30,14/08/2024,6283.212,6296.958,6279.203,6284.93,9902742290.3,157491.0
WDOFUT,M30,14/08/2024,6275.766,6288.367,6273.475,6283.212,9594754983.29,152721.0
WDOFUT,M30,14/08/2024,6263.165,6282.066,6260.874,6275.193,11784480076.22,187895.0
WDOFUT,M30,14/08/2024,6245.982,6264.883,6244.837,6263.165,6523393889.71,104268.0
WDOFUT,M30,14/08/2024,6244.264,6258.583,6240.255,6245.41,9948714277.78,159181.0
WDOFUT,M30,14/08/2024,6243.118,6254.574,6234.527,6243.691,14153108939.78,226609.0
WDOFUT,M30,14/08/2024,6252.855,6259.156,6237.964,6243.118,14392914365.38,230384.0
WDOFUT,M30,14/08/2024,6267.175,6269.466,6246.555,6253.428,18304262803.02,292505.0
WDOFUT,M30,14/08/2024,6249.419,6271.184,6248.273,6267.747,25811835364.27,412337.0
WDOFUT,M30,14/08/2024,6246.555,6266.029,6227.654,6249.419,33704324335.77,539557.0
WDOFUT,M30,14/08/2024,6251.137,6260.874,6239.682,6248.846,16992609812.24,271848.0
WDOFUT,M30,13/08/2024,6260.874,6264.883,6255.146,6263.738,1523143646.1,24331.0
WDOFUT,M30,13/08/2024,6259.729,6263.738,6257.438,6260.874,2703625894.26,43187.0
WDOFUT,M30,13/08/2024,6254.001,6260.301,6252.283,6259.156,3176428544.58,50772.0
WDOFUT,M30,13/08/2024,6264.883,6265.456,6252.855,6254.001,6168443405.65,98559.0
WDOFUT,M30,13/08/2024,6263.738,6266.029,6256.865,6265.456,7096071503.5,113339.0
WDOFUT,M30,13/08/2024,6264.883,6266.602,6259.729,6263.738,5087975605.97,81238.0
WDOFUT,M30,13/08/2024,6270.611,6272.329,6260.874,6264.883,5565332410.75,88794.0
WDOFUT,M30,13/08/2024,6269.466,6274.62,6263.165,6270.611,12034810294.11,191975.0
WDOFUT,M30,13/08/2024,6278.057,6287.794,6268.893,6269.466,10551457449.92,168037.0
WDOFUT,M30,13/08/2024,6296.958,6299.249,6278.057,6278.63,7745992134.83,123175.0
WDOFUT,M30,13/08/2024,6298.676,6300.395,6294.094,6297.531,4416817031.16,70135.0
WDOFUT,M30,13/08/2024,6297.531,6303.831,6296.385,6298.676,5143687768.95,81645.0
WDOFUT,M30,13/08/2024,6296.958,6301.54,6290.085,6297.531,7890490892.94,125323.0
WDOFUT,M30,13/08/2024,6303.259,6308.986,6286.648,6296.385,16191411713.51,257173.0
WDOFUT,M30,13/08/2024,6303.259,6312.423,6297.531,6303.259,16417960100.43,260424.0
WDOFUT,M30,13/08/2024,6304.977,6311.277,6293.522,6303.259,21301182292.32,338007.0
WDOFUT,M30,13/08/2024,6298.104,6315.859,6291.231,6305.55,23652646033.87,375192.0
WDOFUT,M30,13/08/2024,6285.503,6309.559,6274.048,6297.531,30052049855.44,477554.0
WDOFUT,M30,13/08/2024,6282.066,6307.841,6282.066,6286.076,21400878530.77,340021.0
WDOFUT,M30,12/08/2024,6314.141,6318.723,6302.686,6307.268,1660260500.84,26305.0
WDOFUT,M30,12/08/2024,6312.996,6314.141,6304.977,6314.141,3422211927.94,54236.0
WDOFUT,M30,12/08/2024,6311.85,6318.15,6308.986,6312.423,3135286531.38,49654.0
WDOFUT,M30,12/08/2024,6318.723,6318.723,6310.132,6311.85,4266987652.22,67591.0
WDOFUT,M30,12/08/2024,6312.423,6322.733,6311.85,6318.15,4499931226.22,71214.0
WDOFUT,M30,12/08/2024,6325.024,6326.742,6311.277,6312.423,4981727157.42,78838.0
WDOFUT,M30,12/08/2024,6322.733,6329.606,6317.578,6325.596,7786733689.21,123136.0
WDOFUT,M30,12/08/2024,6319.869,6334.188,6317.005,6322.16,10079961638.93,159331.0
WDOFUT,M30,12/08/2024,6310.705,6323.305,6310.132,6319.869,7422912718.97,117496.0
WDOFUT,M30,12/08/2024,6319.869,6322.733,6303.831,6310.132,10813551753.48,171286.0
WDOFUT,M30,12/08/2024,6321.014,6332.47,6314.714,6320.441,10302223013.87,162940.0
WDOFUT,M30,12/08/2024,6326.169,6341.061,6319.869,6321.014,14462143246.4,228413.0
WDOFUT,M30,12/08/2024,6295.24,6328.46,6294.094,6326.169,15447846006.35,244643.0
WDOFUT,M30,12/08/2024,6296.958,6303.831,6288.367,6295.813,12821437859.32,203648.0
WDOFUT,M30,12/08/2024,6312.996,6314.141,6292.376,6296.385,17870084178.76,283505.0
WDOFUT,M30,12/08/2024,6304.404,6316.432,6293.522,6312.423,22562377254.16,357894.0
WDOFUT,M30,12/08/2024,6299.822,6306.695,6281.494,6303.831,23779784793.03,377831.0
WDOFUT,M30,12/08/2024,6304.977,6321.014,6291.803,6299.822,23392741999.55,370950.0
WDOFUT,M30,12/08/2024,6322.733,6323.305,6295.24,6304.977,21330957614.39,338159.0
WDOFUT,M30,09/08/2024,6323.878,6327.887,6321.014,6324.451,1521712522.88,24065.0
WDOFUT,M30,09/08/2024,6327.887,6327.887,6318.15,6323.305,3953608965.66,62531.0
WDOFUT,M30,09/08/2024,6332.47,6333.615,6326.169,6327.315,3313607194.74,52353.0
WDOFUT,M30,09/08/2024,6329.033,6335.906,6327.315,6331.897,4230110840.18,66807.0
WDOFUT,M30,09/08/2024,6325.024,6337.052,6323.305,6328.46,5618578364.38,88746.0
WDOFUT,M30,09/08/2024,6333.042,6333.042,6319.296,6324.451,6384748702.38,100945.0
WDOFUT,M30,09/08/2024,6324.451,6338.197,6321.014,6332.47,10219272640.52,161403.0
WDOFUT,M30,09/08/2024,6312.423,6329.033,6312.423,6324.451,8140414162.6,128779.0
WDOFUT,M30,09/08/2024,6325.596,6326.169,6304.977,6312.996,10025077153.09,158832.0
WDOFUT,M30,09/08/2024,6323.305,6326.742,6320.441,6325.596,3686624908.52,58296.0
WDOFUT,M30,09/08/2024,6327.315,6331.897,6318.15,6322.733,6551808429.6,103560.0
WDOFUT,M30,09/08/2024,6326.169,6327.887,6318.15,6327.315,5646274183.87,89292.0
WDOFUT,M30,09/08/2024,6310.705,6329.606,6307.841,6326.169,15120470941.24,239237.0
WDOFUT,M30,09/08/2024,6322.16,6325.024,6306.695,6310.132,17955756276.83,284332.0
WDOFUT,M30,09/08/2024,6335.333,6343.925,6314.141,6322.733,20399855622.05,322320.0
WDOFUT,M30,09/08/2024,6326.742,6353.089,6325.596,6335.333,24538143695.4,386919.0
WDOFUT,M30,09/08/2024,6331.897,6337.052,6320.441,6326.742,18208302870.51,287731.0
WDOFUT,M30,09/08/2024,6342.779,6349.08,6320.441,6331.897,25606736493.82,404234.0
WDOFUT,M30,09/08/2024,6355.38,6377.718,6338.77,6343.352,29107457560.91,457826.0
WDOFUT,M30,08/08/2024,6373.708,6378.291,6353.089,6354.807,3563848783.27,55991.0
WDOFUT,M30,08/08/2024,6391.464,6393.182,6366.835,6373.136,7933102118.11,124367.0
WDOFUT,M30,08/08/2024,6400.628,6404.065,6389.746,6392.037,5003047343.97,78216.0
WDOFUT,M30,08/08/2024,6401.201,6404.638,6396.046,6400.628,4518137981.04,70586.0
WDOFUT,M30,08/08/2024,6396.619,6402.919,6394.328,6401.774,5925758195.61,92603.0
WDOFUT,M30,08/08/2024,6405.783,6406.929,6389.746,6396.619,12458196559.77,194756.0
WDOFUT,M30,08/08/2024,6417.238,6422.393,6403.492,6405.21,7906746730.52,123306.0
WDOFUT,M30,08/08/2024,6417.238,6418.957,6408.074,6417.238,8405274402.48,131059.0
WDOFUT,M30,08/08/2024,6419.53,6426.403,6416.666,6417.811,6585104818.93,102548.0
WDOFUT,M30,08/08/2024,6420.102,6423.539,6413.802,6420.102,7670986370.29,119500.0
WDOFUT,M30,08/08/2024,6433.276,6433.849,6418.957,6420.102,12004666633.79,186782.0
WDOFUT,M30,08/08/2024,6438.431,6442.44,6430.412,6433.276,10948491082.97,170129.0
WDOFUT,M30,08/08/2024,6441.867,6450.459,6438.431,6439.003,10922313876.27,169469.0
WDOFUT,M30,08/08/2024,6441.295,6448.74,6433.849,6441.295,14235738932.32,221026.0
WDOFUT,M30,08/08/2024,6451.604,6457.332,6439.003,6441.867,18170686472.31,281824.0
WDOFUT,M30,08/08/2024,6465.923,6483.679,6451.031,6451.031,22764659378.48,351985.0
WDOFUT,M30,08/08/2024,6487.688,6488.261,6457.332,6466.496,28472396719.95,440115.0
WDOFUT,M30,08/08/2024,6484.825,6495.134,6464.778,6487.688,32502685774.33,501551.0
WDOFUT,M30,08/08/2024,6467.642,6493.989,6459.623,6484.825,21532931918.6,332521.0
WDOFUT,M30,07/08/2024,6471.078,6476.806,6469.36,6476.806,1767012877.88,27302.0
WDOFUT,M30,07/08/2024,6468.214,6472.224,6463.632,6471.651,3259996121.78,50403.0
WDOFUT,M30,07/08/2024,6457.905,6469.36,6457.905,6467.642,3879809955.82,60021.0
WDOFUT,M30,07/08/2024,6458.477,6463.632,6456.186,6458.477,4093996601.62,63378.0
WDOFUT,M30,07/08/2024,6460.196,6463.632,6455.041,6458.477,5384934461.4,83380.0
WDOFUT,M30,07/08/2024,6456.186,6466.496,6452.75,6460.196,7283610652.49,112750.0
WDOFUT,M30,07/08/2024,6445.304,6468.787,6444.731,6456.186,13266296042.21,205391.0
WDOFUT,M30,07/08/2024,6436.14,6448.168,6433.849,6445.304,6916910287.28,107359.0
WDOFUT,M30,07/08/2024,6445.304,6452.177,6433.276,6436.712,10778993257.62,167328.0
WDOFUT,M30,07/08/2024,6439.003,6451.031,6436.712,6444.731,6881638019.69,106794.0
WDOFUT,M30,07/08/2024,6432.13,6443.013,6431.558,6439.003,7825037603.68,121535.0
WDOFUT,M30,07/08/2024,6437.285,6439.576,6428.694,6432.13,6369113894.72,98990.0
WDOFUT,M30,07/08/2024,6445.304,6446.449,6428.121,6437.858,15345152841.93,238359.0
WDOFUT,M30,07/08/2024,6457.905,6462.487,6443.013,6445.304,13073030361.31,202621.0
WDOFUT,M30,07/08/2024,6434.994,6459.623,6433.849,6457.332,18060421018.05,280140.0
WDOFUT,M30,07/08/2024,6435.567,6445.877,6428.121,6435.567,18677796668.05,290158.0
WDOFUT,M30,07/08/2024,6459.623,6460.196,6430.412,6435.567,24924406036.07,386856.0
WDOFUT,M30,07/08/2024,6466.496,6469.933,6444.731,6459.623,23439392522.36,363021.0
WDOFUT,M30,07/08/2024,6451.604,6477.951,6440.722,6466.496,32940503466.52,509822.0
WDOFUT,M30,06/08/2024,6504.871,6505.444,6495.134,6497.998,2177063504.57,33500.0
WDOFUT,M30,06/08/2024,6495.707,6506.59,6495.707,6504.871,2843013382.64,43723.0
WDOFUT,M30,06/08/2024,6500.289,6500.862,6495.134,6495.707,3945534591.63,60721.0
WDOFUT,M30,06/08/2024,6490.552,6504.298,6489.407,6500.862,6344238446.95,97646.0
WDOFUT,M30,06/08/2024,6492.843,6496.28,6486.543,6490.552,7421179463.19,114332.0
WDOFUT,M30,06/08/2024,6480.815,6492.843,6479.67,6492.27,7356898265.01,113461.0
WDOFUT,M30,06/08/2024,6487.688,6493.989,6479.67,6480.815,6945602852.14,107036.0
WDOFUT,M30,06/08/2024,6479.67,6491.125,6477.951,6487.688,8633850766.2,133131.0
WDOFUT,M30,06/08/2024,6488.834,6495.134,6479.097,6480.242,10444984873.41,161000.0
WDOFUT,M30,06/08/2024,6480.815,6491.698,6473.369,6489.407,13476433670.57,207850.0
WDOFUT,M30,06/08/2024,6480.815,6481.388,6468.214,6480.242,11488701393.56,177415.0
WDOFUT,M30,06/08/2024,6506.017,6507.735,6478.524,6481.388,14038574200.57,216255.0
WDOFUT,M30,06/08/2024,6507.735,6518.618,6499.144,6506.017,13145663695.01,201981.0
WDOFUT,M30,06/08/2024,6503.726,6517.472,6498.571,6507.162,19527956033.84,300066.0
WDOFUT,M30,06/08/2024,6505.444,6511.172,6491.125,6504.298,21981652186.21,338095.0
WDOFUT,M30,06/08/2024,6509.453,6525.491,6500.862,6505.444,30101392599.96,462155.0
WDOFUT,M30,06/08/2024,6514.608,6514.608,6485.97,6510.026,30910895231.86,475629.0
WDOFUT,M30,06/08/2024,6512.317,6530.073,6500.862,6514.608,28785842305.25,441781.0
WDOFUT,M30,06/08/2024,6562.148,6563.293,6504.298,6512.317,38328236924.13,587366.0
WDOFUT,M30,05/08/2024,6577.612,6579.903,6566.157,6570.739,1788514149.22,27215.0
WDOFUT,M30,05/08/2024,6580.476,6585.631,6568.448,6577.612,3714159695.65,56483.0
WDOFUT,M30,05/08/2024,6594.222,6597.086,6577.612,6580.476,4853502593.95,73685.0
WDOFUT,M30,05/08/2024,6590.213,6596.513,6586.204,6593.65,4540319288.36,68887.0
WDOFUT,M30,05/08/2024,6594.795,6595.368,6583.913,6589.64,5500912895.99,83502.0
WDOFUT,M30,05/08/2024,6570.739,6595.941,6567.875,6594.795,9003094852.8,136836.0
WDOFUT,M30,05/08/2024,6578.185,6590.213,6570.166,6570.166,10935515631.84,166162.0
WDOFUT,M30,05/08/2024,6576.467,6580.476,6563.866,6578.758,10031483033.66,152623.0
WDOFUT,M30,05/08/2024,6605.105,6606.25,6565.011,6576.467,15012823083.37,228030.0
WDOFUT,M30,05/08/2024,6590.213,6611.978,6588.495,6604.532,11744196102.33,177878.0
WDOFUT,M30,05/08/2024,6606.823,6607.396,6583.34,6590.213,11888260276.38,180235.0
WDOFUT,M30,05/08/2024,6626.87,6628.588,6599.377,6606.823,13869301362.31,209859.0
WDOFUT,M30,05/08/2024,6634.888,6638.325,6621.142,6626.87,15586168063.61,235099.0
WDOFUT,M30,05/08/2024,6652.071,6652.644,6629.734,6634.316,17004108931.95,256127.0
WDOFUT,M30,05/08/2024,6665.818,6670.4,6630.879,6652.071,25760976819.24,387544.0
WDOFUT,M30,05/08/2024,6638.898,6672.118,6629.161,6666.39,23192578806.81,348819.0
WDOFUT,M30,05/08/2024,6638.325,6651.499,6619.424,6638.898,24666173507.94,371796.0
WDOFUT,M30,05/08/2024,6679.564,6684.719,6633.743,6637.752,28012255005.04,420668.0
WDOFUT,M30,05/08/2024,6735.695,6739.131,6633.743,6679.564,46979724918.1,703380.0
WDOFUT,M30,02/08/2024,6582.194,6586.204,6577.039,6585.631,1717026078.37,26090.0
WDOFUT,M30,02/08/2024,6574.176,6583.913,6570.166,6582.767,2982898086.73,45356.0
WDOFUT,M30,02/08/2024,6561.575,6577.039,6558.711,6573.603,4187083817.59,63743.0
WDOFUT,M30,02/08/2024,6562.72,6572.457,6559.284,6561.002,5134390179.0,78211.0
WDOFUT,M30,02/08/2024,6581.621,6581.621,6560.429,6562.72,6183513262.65,94100.0
WDOFUT,M30,02/08/2024,6559.856,6582.194,6554.702,6581.049,9241291295.03,140621.0
WDOFUT,M30,02/08/2024,6569.021,6576.467,6557.565,6559.856,10774035161.95,164038.0
WDOFUT,M30,02/08/2024,6561.002,6574.176,6558.138,6569.021,9186271854.73,139909.0
WDOFUT,M30,02/08/2024,6565.584,6574.176,6548.401,6560.429,12683359902.26,193357.0
WDOFUT,M30,02/08/2024,6585.058,6586.204,6565.011,6565.584,8459763429.73,128652.0
WDOFUT,M30,02/08/2024,6592.504,6596.513,6579.33,6585.058,11055484501.65,167794.0
WDOFUT,M30,02/08/2024,6600.523,6611.405,6587.349,6591.931,9966557024.44,151023.0
WDOFUT,M30,02/08/2024,6605.678,6611.405,6587.922,6599.95,15274569410.4,231393.0
WDOFUT,M30,02/08/2024,6570.739,6606.823,6566.157,6605.678,17854098977.5,271139.0
WDOFUT,M30,02/08/2024,6569.593,6590.786,6561.575,6570.739,21979309619.25,334324.0
WDOFUT,M30,02/08/2024,6573.603,6603.959,6567.302,6569.593,31973286362.69,485584.0
WDOFUT,M30,02/08/2024,6612.551,6617.706,6555.847,6573.03,35362403983.6,536928.0
WDOFUT,M30,02/08/2024,6622.86,6657.226,6597.086,6612.551,44729339292.04,674699.0
WDOFUT,M30,02/08/2024,6618.851,6642.907,6614.269,6622.288,29190319722.99,440490.0
WDOFUT,M30,01/08/2024,6603.959,6614.269,6603.386,6610.26,3064738387.79,46367.0
WDOFUT,M30,01/08/2024,6607.396,6608.541,6600.523,6605.105,4331685461.14,65592.0
WDOFUT,M30,01/08/2024,6591.358,6610.26,6589.64,6607.969,10280333958.95,155711.0
WDOFUT,M30,01/08/2024,6591.358,6593.65,6586.776,6591.358,5700335196.66,86495.0
WDOFUT,M30,01/08/2024,6599.377,6600.523,6590.213,6590.786,8168646168.6,123861.0
WDOFUT,M30,01/08/2024,6586.776,6600.523,6586.204,6599.377,12005416861.89,182102.0
WDOFUT,M30,01/08/2024,6577.612,6589.067,6577.039,6587.349,10047199815.19,152635.0
WDOFUT,M30,01/08/2024,6582.767,6585.058,6569.021,6577.612,11202975872.82,170361.0
WDOFUT,M30,01/08/2024,6575.321,6592.504,6573.03,6583.34,14481438675.07,219983.0
WDOFUT,M30,01/08/2024,6560.429,6589.067,6560.429,6575.894,21260829586.85,323300.0
WDOFUT,M30,01/08/2024,6544.392,6562.72,6543.819,6561.002,16815690900.8,256587.0
WDOFUT,M30,01/08/2024,6532.364,6546.11,6527.782,6544.392,10603560254.19,162181.0
WDOFUT,M30,01/08/2024,6510.599,6535.228,6504.298,6531.791,14477966407.23,222064.0
WDOFUT,M30,01/08/2024,6487.688,6516.899,6486.543,6510.599,17757236496.25,273001.0
WDOFUT,M30,01/08/2024,6483.679,6489.979,6473.369,6487.688,19004525369.93,293269.0
WDOFUT,M30,01/08/2024,6497.425,6498.571,6480.815,6484.252,19928772469.74,307128.0
WDOFUT,M30,01/08/2024,6516.899,6523.772,6493.416,6497.425,22933151958.66,352316.0
WDOFUT,M30,01/08/2024,6517.472,6538.664,6507.735,6516.899,28628999911.06,438883.0
WDOFUT,M30,01/08/2024,6518.618,6544.392,6506.017,6516.899,31028958266.62,475871.0
WDOFUT,M30,31/07/2024,6493.416,6506.59,6492.27,6503.726,1733908908.33,26679.0
WDOFUT,M30,31/07/2024,6493.416,6499.144,6486.543,6493.416,3770182691.47,58070.0
WDOFUT,M30,31/07/2024,6499.144,6502.007,6491.125,6493.989,4412154676.02,67910.0
WDOFUT,M30,31/07/2024,6507.162,6510.599,6496.853,6498.571,8715868320.28,134014.0
WDOFUT,M30,31/07/2024,6477.379,6507.735,6473.369,6507.735,14451851121.96,222688.0
WDOFUT,M30,31/07/2024,6497.998,6500.289,6467.642,6477.379,18681067827.29,288194.0
WDOFUT,M30,31/07/2024,6503.726,6514.035,6495.707,6498.571,11807133724.14,181534.0
WDOFUT,M30,31/07/2024,6503.726,6523.772,6492.843,6503.726,7227137934.49,111154.0
WDOFUT,M30,31/07/2024,6493.989,6506.017,6489.979,6503.726,6868990286.46,105693.0
WDOFUT,M30,31/07/2024,6492.27,6497.425,6488.261,6493.416,5955643694.4,91724.0
WDOFUT,M30,31/07/2024,6507.735,6508.881,6489.407,6492.27,11985762843.38,184414.0
WDOFUT,M30,31/07/2024,6491.698,6509.453,6488.834,6507.735,10503483534.9,161563.0
WDOFUT,M30,31/07/2024,6497.998,6502.58,6483.679,6491.698,15275421286.78,235195.0
WDOFUT,M30,31/07/2024,6475.66,6502.58,6474.515,6497.425,16533691891.74,254689.0
WDOFUT,M30,31/07/2024,6493.989,6494.561,6469.933,6475.66,18849653945.42,290872.0
WDOFUT,M30,31/07/2024,6510.599,6513.463,6482.533,6493.416,23081977426.97,355399.0
WDOFUT,M30,31/07/2024,6519.763,6531.791,6505.444,6510.599,28973751075.49,444505.0
WDOFUT,M30,31/07/2024,6496.853,6520.909,6488.261,6520.336,26954624028.67,414211.0
WDOFUT,M30,31/07/2024,6445.877,6503.153,6439.576,6496.28,29214521996.49,451135.0
WDOFUT,M30,30/07/2024,6451.042,6453.34,6445.871,6447.595,1975191229.28,30625.0
WDOFUT,M30,30/07/2024,6456.212,6459.659,6448.744,6450.467,2352207944.67,36442.0
WDOFUT,M30,30/07/2024,6457.361,6457.936,6452.191,6456.212,4176413563.73,64700.0
WDOFUT,M30,30/07/2024,6463.106,6463.681,6455.638,6457.361,4556725193.73,70537.0
WDOFUT,M30,30/07/2024,6464.255,6469.426,6460.234,6462.532,5250376159.94,81207.0
WDOFUT,M30,30/07/2024,6466.553,6467.128,6460.234,6464.83,5359267454.99,82912.0
WDOFUT,M30,30/07/2024,6463.681,6468.277,6461.383,6465.979,5048878368.84,78094.0
WDOFUT,M30,30/07/2024,6476.894,6479.192,6462.532,6463.681,9288714378.12,143587.0
WDOFUT,M30,30/07/2024,6491.257,6492.406,6473.447,6476.894,8891901765.4,137153.0
WDOFUT,M30,30/07/2024,6494.129,6494.704,6487.235,6491.831,6557853770.82,101031.0
WDOFUT,M30,30/07/2024,6499.3,6499.874,6491.831,6494.129,6220102397.13,95756.0
WDOFUT,M30,30/07/2024,6486.086,6499.874,6485.512,6499.3,7791862913.42,120011.0
WDOFUT,M30,30/07/2024,6482.065,6492.406,6475.745,6486.086,12731887869.64,196353.0
WDOFUT,M30,30/07/2024,6494.129,6496.427,6472.298,6481.49,16702752998.08,257730.0
WDOFUT,M30,30/07/2024,6498.151,6506.768,6483.214,6494.129,19198594352.97,295552.0
WDOFUT,M30,30/07/2024,6491.257,6505.045,6486.086,6498.151,14502998564.34,223277.0
WDOFUT,M30,30/07/2024,6500.449,6508.492,6484.363,6491.257,24800886729.25,381722.0
WDOFUT,M30,30/07/2024,6472.873,6501.598,6472.873,6500.449,17997437369.61,277406.0
WDOFUT,M30,30/07/2024,6453.914,6475.171,6449.318,6472.873,17286850427.77,267436.0
WDOFUT,M30,29/07/2024,6456.787,6457.361,6451.616,6452.765,1565184946.13,24250.0
WDOFUT,M30,29/07/2024,6463.106,6463.106,6453.34,6456.787,3175702229.46,49173.0
WDOFUT,M30,29/07/2024,6466.553,6467.702,6461.383,6462.532,3800848496.5,58798.0
WDOFUT,M30,29/07/2024,6469.426,6471.149,6464.255,6465.979,3348537407.72,51769.0
WDOFUT,M30,29/07/2024,6475.171,6475.171,6467.702,6470.0,4506600351.12,69645.0
WDOFUT,M30,29/07/2024,6475.171,6478.043,6472.873,6474.596,4742168737.77,73234.0
WDOFUT,M30,29/07/2024,6472.873,6476.894,6467.128,6475.171,7932125351.2,122544.0
WDOFUT,M30,29/07/2024,6493.555,6494.129,6469.426,6472.873,10812043167.36,166850.0
WDOFUT,M30,29/07/2024,6484.363,6493.555,6483.788,6493.555,7604641274.03,117201.0
WDOFUT,M30,29/07/2024,6486.086,6486.661,6475.171,6484.937,9332133911.6,143993.0
WDOFUT,M30,29/07/2024,6497.576,6498.725,6483.788,6486.661,11351747851.88,174923.0
WDOFUT,M30,29/07/2024,6504.47,6515.96,6496.427,6497.576,8887585634.03,136577.0
WDOFUT,M30,29/07/2024,6509.066,6515.96,6502.747,6504.47,13963645610.69,214505.0
WDOFUT,M30,29/07/2024,6501.598,6511.939,6499.874,6509.641,14086828804.44,216496.0
WDOFUT,M30,29/07/2024,6490.682,6504.47,6486.086,6502.172,13782709707.04,212260.0
WDOFUT,M30,29/07/2024,6483.214,6496.427,6476.32,6491.257,16523095175.15,254762.0
WDOFUT,M30,29/07/2024,6490.108,6493.555,6478.618,6483.788,18453792403.93,284520.0
WDOFUT,M30,29/07/2024,6476.894,6496.427,6474.596,6490.682,17284422327.76,266462.0
WDOFUT,M30,29/07/2024,6510.79,6511.364,6475.745,6476.32,21151945631.31,325774.0
WDOFUT,M30,26/07/2024,6502.172,6515.96,6498.725,6513.662,2225009553.27,34193.0
WDOFUT,M30,26/07/2024,6502.172,6505.045,6498.725,6502.747,3084308091.52,47440.0
WDOFUT,M30,26/07/2024,6504.47,6506.194,6498.151,6501.598,5135794671.37,78994.0
WDOFUT,M30,26/07/2024,6509.066,6511.364,6503.896,6504.47,5428769035.18,83421.0
WDOFUT,M30,26/07/2024,6515.386,6515.96,6506.194,6509.066,5172651629.84,79443.0
WDOFUT,M30,26/07/2024,6506.768,6516.535,6506.194,6515.386,5592185818.66,85875.0
WDOFUT,M30,26/07/2024,6516.535,6517.109,6505.045,6506.768,6501225239.29,99861.0
WDOFUT,M30,26/07/2024,6509.641,6521.705,6509.066,6516.535,9143980947.2,140346.0
WDOFUT,M30,26/07/2024,6500.449,6516.535,6498.151,6509.066,9559652777.9,146874.0
WDOFUT,M30,26/07/2024,6499.874,6509.066,6499.874,6500.449,5204219871.47,80006.0
WDOFUT,M30,26/07/2024,6503.321,6508.492,6499.3,6499.874,5832426238.4,89675.0
WDOFUT,M30,26/07/2024,6507.917,6514.237,6498.725,6503.321,9919746943.69,152454.0
WDOFUT,M30,26/07/2024,6503.321,6509.066,6494.704,6507.917,11572859924.14,177985.0
WDOFUT,M30,26/07/2024,6486.086,6505.619,6480.916,6503.321,19237478474.81,296161.0
WDOFUT,M30,26/07/2024,6484.937,6488.959,6473.447,6486.086,18517707786.29,285695.0
WDOFUT,M30,26/07/2024,6486.086,6497.002,6480.916,6484.363,16192869206.98,249554.0
WDOFUT,M30,26/07/2024,6468.851,6490.108,6464.255,6486.661,25724896996.47,397349.0
WDOFUT,M30,26/07/2024,6492.406,6497.002,6468.851,6468.851,27349664027.57,421795.0
WDOFUT,M30,26/07/2024,6457.936,6497.576,6456.787,6492.406,22348005648.13,344884.0
WDOFUT,M30,25/07/2024,6491.831,6493.555,6480.341,6480.916,1465346188.09,22584.0
WDOFUT,M30,25/07/2024,6492.406,6493.555,6486.661,6491.831,2131729463.66,32843.0
WDOFUT,M30,25/07/2024,6494.129,6501.023,6490.682,6491.831,3570644924.76,54969.0
WDOFUT,M30,25/07/2024,6486.086,6496.427,6484.937,6494.704,4113899957.34,63373.0
WDOFUT,M30,25/07/2024,6497.576,6497.576,6483.214,6486.086,6338494343.64,97672.0
WDOFUT,M30,25/07/2024,6495.278,6502.172,6491.257,6497.002,8589194158.73,132204.0
WDOFUT,M30,25/07/2024,6479.767,6497.002,6474.022,6495.853,13170733607.72,203034.0
WDOFUT,M30,25/07/2024,6483.788,6487.235,6476.32,6479.767,8578146946.24,132328.0
WDOFUT,M30,25/07/2024,6468.277,6490.108,6465.404,6484.363,11583692527.03,178758.0
WDOFUT,M30,25/07/2024,6464.83,6472.873,6461.383,6468.277,6897349878.74,106658.0
WDOFUT,M30,25/07/2024,6468.851,6479.767,6461.383,6465.404,9190787688.44,142066.0
WDOFUT,M30,25/07/2024,6483.214,6487.235,6468.851,6469.426,7661388462.45,118306.0
WDOFUT,M30,25/07/2024,6488.384,6492.406,6474.596,6482.639,9698543388.31,149574.0
WDOFUT,M30,25/07/2024,6494.704,6503.321,6485.512,6488.959,14168721526.84,218188.0
WDOFUT,M30,25/07/2024,6498.151,6512.513,6490.682,6494.704,21631322767.56,332681.0
WDOFUT,M30,25/07/2024,6481.49,6499.874,6481.49,6498.151,19761870951.57,304421.0
WDOFUT,M30,25/07/2024,6486.086,6492.98,6476.32,6481.49,18903605884.14,291500.0
WDOFUT,M30,25/07/2024,6508.492,6526.301,6479.192,6485.512,34732136497.09,534307.0
WDOFUT,M30,25/07/2024,6538.94,6548.707,6506.194,6507.917,24948711064.67,382234.0
WDOFUT,M30,24/07/2024,6502.172,6507.343,6500.449,6502.172,1872688499.44,28794.0
WDOFUT,M30,24/07/2024,6504.47,6505.045,6500.449,6501.598,2503344797.33,38497.0
WDOFUT,M30,24/07/2024,6504.47,6507.343,6502.172,6504.47,2885523529.71,44363.0
WDOFUT,M30,24/07/2024,6503.321,6506.768,6501.598,6504.47,2880262170.47,44282.0
WDOFUT,M30,24/07/2024,6507.343,6508.492,6498.725,6503.321,6542309040.6,100590.0
WDOFUT,M30,24/07/2024,6503.321,6510.215,6498.151,6507.343,10279171198.45,158020.0
WDOFUT,M30,24/07/2024,6481.49,6505.045,6481.49,6503.321,14570008257.97,224382.0
WDOFUT,M30,24/07/2024,6474.596,6482.639,6471.149,6481.49,7401407216.8,114287.0
WDOFUT,M30,24/07/2024,6470.575,6476.894,6463.681,6474.596,8923655885.96,137914.0
WDOFUT,M30,24/07/2024,6476.32,6479.192,6461.383,6471.149,9231159841.42,142678.0
WDOFUT,M30,24/07/2024,6480.916,6489.533,6472.298,6475.745,10815053383.56,166866.0
WDOFUT,M30,24/07/2024,6463.681,6481.49,6460.234,6480.916,11100400529.27,171519.0
WDOFUT,M30,24/07/2024,6459.085,6470.575,6444.722,6463.681,16940752759.38,262401.0
WDOFUT,M30,24/07/2024,6467.128,6475.745,6457.361,6459.659,13571899257.58,209909.0
WDOFUT,M30,24/07/2024,6486.086,6488.384,6463.681,6467.702,16090024317.41,248431.0
WDOFUT,M30,24/07/2024,6492.406,6495.278,6476.32,6486.086,17652902365.44,272191.0
WDOFUT,M30,24/07/2024,6471.724,6493.555,6469.426,6491.831,22833967580.98,352339.0
WDOFUT,M30,24/07/2024,6472.298,6484.363,6467.702,6471.724,20544160457.19,317174.0
WDOFUT,M30,24/07/2024,6440.126,6476.894,6436.679,6472.298,23771947970.38,368235.0
WDOFUT,M30,23/07/2024,6426.338,6431.509,6425.189,6426.338,1612669066.88,25087.0
WDOFUT,M30,23/07/2024,6426.338,6430.36,6423.466,6425.764,1974074427.48,30718.0
WDOFUT,M30,23/07/2024,6425.764,6430.36,6423.466,6426.338,3653498168.17,56847.0
WDOFUT,M30,23/07/2024,6430.36,6432.658,6424.04,6425.764,3952812839.33,61489.0
WDOFUT,M30,23/07/2024,6432.083,6436.679,6428.636,6430.934,4366319879.85,67877.0
WDOFUT,M30,23/07/2024,6432.083,6436.105,6429.785,6432.083,5056191215.71,78599.0
WDOFUT,M30,23/07/2024,6435.53,6437.828,6426.338,6432.658,8727570782.71,135690.0
WDOFUT,M30,23/07/2024,6428.062,6437.254,6422.317,6436.105,10612601172.62,165034.0
WDOFUT,M30,23/07/2024,6416.572,6432.083,6407.38,6428.062,10670819007.86,166228.0
WDOFUT,M30,23/07/2024,6424.615,6428.062,6415.423,6416.572,8984320613.06,139904.0
WDOFUT,M30,23/07/2024,6404.508,6425.764,6402.784,6424.04,10064440113.77,156922.0
WDOFUT,M30,23/07/2024,6413.7,6415.423,6403.359,6404.508,9835441081.21,153442.0
WDOFUT,M30,23/07/2024,6401.061,6414.849,6398.188,6412.551,11253292698.42,175586.0
WDOFUT,M30,23/07/2024,6410.253,6410.253,6393.018,6400.486,23155979503.97,361757.0
WDOFUT,M30,23/07/2024,6432.658,6434.381,6406.806,6410.253,19799543249.58,308349.0
WDOFUT,M30,23/07/2024,6425.764,6441.275,6424.04,6432.658,15748095737.54,244785.0
WDOFUT,M30,23/07/2024,6429.211,6444.148,6419.444,6425.189,23297025660.9,362246.0
WDOFUT,M30,23/07/2024,6437.254,6449.318,6426.338,6428.636,22203000422.04,344756.0
WDOFUT,M30,23/07/2024,6422.317,6442.999,6413.7,6437.254,25026593639.27,389467.0
WDOFUT,M30,22/07/2024,6417.146,6417.146,6405.657,6409.678,1706178053.88,26609.0
WDOFUT,M30,22/07/2024,6405.082,6417.146,6405.082,6416.572,2223810385.65,34686.0
WDOFUT,M30,22/07/2024,6405.657,6409.678,6401.635,6405.082,3950662658.64,61668.0
WDOFUT,M30,22/07/2024,6411.402,6413.125,6402.21,6406.231,6815943986.24,106362.0
WDOFUT,M30,22/07/2024,6406.806,6412.551,6406.231,6411.402,4708896832.8,73467.0
WDOFUT,M30,22/07/2024,6399.337,6411.976,6397.614,6406.806,11935530582.87,186388.0
WDOFUT,M30,22/07/2024,6388.422,6399.337,6387.273,6399.337,5918196640.78,92576.0
WDOFUT,M30,22/07/2024,6384.4,6390.145,6382.102,6388.996,4510817933.05,70634.0
WDOFUT,M30,22/07/2024,6380.953,6390.145,6377.506,6384.4,6612540911.6,103588.0
WDOFUT,M30,22/07/2024,6376.932,6384.975,6376.932,6380.953,6321675990.8,99078.0
WDOFUT,M30,22/07/2024,6382.677,6387.847,6367.74,6376.932,12311495891.61,193071.0
WDOFUT,M30,22/07/2024,6394.167,6395.316,6380.379,6383.251,9107864080.47,142569.0
WDOFUT,M30,22/07/2024,6388.422,6397.039,6384.975,6393.592,9842075600.65,154013.0
WDOFUT,M30,22/07/2024,6391.869,6397.039,6383.251,6388.422,13341614463.26,208786.0
WDOFUT,M30,22/07/2024,6397.614,6405.657,6388.422,6391.869,11689781281.28,182744.0
WDOFUT,M30,22/07/2024,6401.635,6409.104,6394.167,6397.039,14407533525.39,225014.0
WDOFUT,M30,22/07/2024,6410.827,6415.423,6396.465,6401.635,16332966080.07,255002.0
WDOFUT,M30,22/07/2024,6413.7,6427.487,6407.955,6410.253,19680979752.13,306685.0
WDOFUT,M30,22/07/2024,6434.381,6454.489,6412.551,6413.125,27768854965.12,431737.0
WDOFUT,M30,19/07/2024,6438.977,6459.085,6436.679,6456.212,2555323126.7,39624.0
WDOFUT,M30,19/07/2024,6441.85,6444.722,6437.828,6438.977,2600053619.45,40367.0
WDOFUT,M30,19/07/2024,6447.595,6453.914,6439.552,6442.424,5197373517.25,80612.0
WDOFUT,M30,19/07/2024,6442.999,6451.616,6441.275,6447.595,6714834391.9,104156.0
WDOFUT,M30,19/07/2024,6441.85,6443.573,6434.956,6443.573,5229862426.94,81229.0
WDOFUT,M30,19/07/2024,6426.338,6444.148,6426.338,6441.85,9858975922.91,153139.0
WDOFUT,M30,19/07/2024,6417.721,6431.509,6417.721,6425.764,7567868967.89,117772.0
WDOFUT,M30,19/07/2024,6417.721,6421.742,6407.955,6418.295,8144585633.52,126938.0
WDOFUT,M30,19/07/2024,6417.721,6421.168,6407.955,6418.295,7496872692.37,116870.0
WDOFUT,M30,19/07/2024,6415.998,6424.04,6409.104,6418.295,7853530651.44,122403.0
WDOFUT,M30,19/07/2024,6394.167,6417.721,6391.294,6415.423,9492650374.66,148151.0
WDOFUT,M30,19/07/2024,6403.359,6413.7,6390.72,6394.167,7234978269.57,113014.0
WDOFUT,M30,19/07/2024,6386.124,6405.657,6385.549,6403.933,7376129651.61,115362.0
WDOFUT,M30,19/07/2024,6383.251,6395.89,6378.655,6385.549,8853858841.27,138632.0
WDOFUT,M30,19/07/2024,6378.081,6387.847,6367.74,6383.826,8549573104.88,134042.0
WDOFUT,M30,19/07/2024,6375.783,6382.677,6366.016,6378.081,11483929367.23,180160.0
WDOFUT,M30,19/07/2024,6383.826,6408.529,6372.336,6375.783,16663473270.94,260851.0
WDOFUT,M30,19/07/2024,6384.975,6389.571,6365.442,6383.826,12677321689.5,198836.0
WDOFUT,M30,19/07/2024,6374.634,6386.698,6353.377,6384.4,15998827680.51,251073.0
WDOFUT,M30,18/07/2024,6382.677,6397.039,6375.783,6386.698,3626366128.08,56799.0
WDOFUT,M30,18/07/2024,6416.572,6420.019,6372.91,6383.251,14683928826.42,229528.0
WDOFUT,M30,18/07/2024,6432.083,6432.083,6415.998,6417.146,5364502910.1,83522.0
WDOFUT,M30,18/07/2024,6420.019,6432.083,6419.444,6432.083,6797399880.59,105761.0
WDOFUT,M30,18/07/2024,6416.572,6422.317,6414.274,6419.444,4886261649.0,76124.0
WDOFUT,M30,18/07/2024,6418.87,6421.168,6413.125,6416.572,7863053903.66,122547.0
WDOFUT,M30,18/07/2024,6406.806,6428.636,6406.231,6419.444,16410754500.13,255596.0
WDOFUT,M30,18/07/2024,6407.955,6411.402,6401.635,6406.231,6843551211.15,106828.0
WDOFUT,M30,18/07/2024,6402.21,6411.402,6401.061,6408.529,7957535165.91,124192.0
WDOFUT,M30,18/07/2024,6391.294,6408.529,6391.294,6402.21,11969229150.52,187018.0
WDOFUT,M30,18/07/2024,6375.208,6394.741,6372.336,6391.294,9871375257.46,154594.0
WDOFUT,M30,18/07/2024,6382.102,6385.549,6373.485,6375.783,5903242460.39,92559.0
WDOFUT,M30,18/07/2024,6380.379,6384.4,6376.932,6382.102,6020356848.96,94352.0
WDOFUT,M30,18/07/2024,6383.826,6389.571,6377.506,6380.379,12337922689.03,193301.0
WDOFUT,M30,18/07/2024,6370.612,6384.975,6366.591,6383.251,14915383356.81,233944.0
WDOFUT,M30,18/07/2024,6378.655,6384.4,6366.591,6371.187,15004382267.54,235415.0
WDOFUT,M30,18/07/2024,6370.612,6384.975,6369.463,6378.081,19704557365.23,309012.0
WDOFUT,M30,18/07/2024,6344.76,6374.059,6340.164,6370.612,25209543619.2,396558.0
WDOFUT,M30,18/07/2024,6310.864,6356.25,6306.843,6344.76,24023693822.5,379207.0
WDOFUT,M30,17/07/2024,6307.992,6318.333,6307.417,6317.758,2541161369.11,40247.0
WDOFUT,M30,17/07/2024,6306.843,6310.864,6303.97,6309.141,3608845238.45,57216.0
WDOFUT,M30,17/07/2024,6310.864,6311.439,6303.97,6306.268,3677501857.97,58302.0
WDOFUT,M30,17/07/2024,6311.439,6313.162,6307.417,6311.439,3020782017.97,47874.0
WDOFUT,M30,17/07/2024,6314.886,6314.886,6308.566,6311.439,4303490506.18,68181.0
WDOFUT,M30,17/07/2024,6303.97,6314.311,6302.247,6314.311,8573007058.93,135908.0
WDOFUT,M30,17/07/2024,6300.523,6305.694,6295.353,6303.97,6535233306.43,103727.0
WDOFUT,M30,17/07/2024,6303.97,6306.268,6297.076,6300.523,6032004791.39,95712.0
WDOFUT,M30,17/07/2024,6306.268,6309.141,6299.949,6304.545,6699100531.08,106266.0
WDOFUT,M30,17/07/2024,6305.119,6314.311,6303.97,6306.843,6871078529.09,108899.0
WDOFUT,M30,17/07/2024,6302.247,6311.439,6300.523,6305.119,9793750425.81,155302.0
WDOFUT,M30,17/07/2024,6296.502,6306.268,6293.629,6302.247,8922134855.64,141620.0
WDOFUT,M30,17/07/2024,6287.884,6297.076,6284.437,6295.927,8713847533.96,138515.0
WDOFUT,M30,17/07/2024,6290.182,6292.48,6282.139,6287.884,12447063798.93,197976.0
WDOFUT,M30,17/07/2024,6291.331,6301.672,6289.033,6290.182,14013735460.6,222608.0
WDOFUT,M30,17/07/2024,6297.076,6301.098,6282.714,6290.757,22052370615.88,350477.0
WDOFUT,M30,17/07/2024,6276.969,6300.523,6276.394,6297.076,19098045296.67,303664.0
WDOFUT,M30,17/07/2024,6271.798,6278.692,6259.734,6276.969,15679888456.16,250127.0
WDOFUT,M30,17/07/2024,6262.032,6274.671,6253.989,6271.798,17793477990.99,284056.0
WDOFUT,M30,16/07/2024,6248.244,6253.414,6243.074,6243.648,980591908.2,15693.0
WDOFUT,M30,16/07/2024,6249.393,6250.542,6247.669,6248.244,1314382339.87,21034.0
WDOFUT,M30,16/07/2024,6248.244,6252.84,6248.244,6248.818,1910989402.05,30573.0
WDOFUT,M30,16/07/2024,6252.84,6254.563,6246.52,6248.818,3916278185.92,62651.0
WDOFUT,M30,16/07/2024,6248.818,6254.563,6244.797,6252.84,4857257600.3,77717.0
WDOFUT,M30,16/07/2024,6246.52,6250.542,6240.776,6248.818,4973798398.24,79630.0
WDOFUT,M30,16/07/2024,6252.265,6252.84,6242.499,6245.946,6757145097.62,108173.0
WDOFUT,M30,16/07/2024,6272.373,6272.947,6248.818,6252.265,10085521968.18,161175.0
WDOFUT,M30,16/07/2024,6272.947,6279.267,6267.202,6272.373,11230652304.68,179040.0
WDOFUT,M30,16/07/2024,6279.267,6287.31,6271.798,6273.522,9148013724.49,145687.0
WDOFUT,M30,16/07/2024,6280.416,6282.714,6269.5,6279.841,10847131199.47,172840.0
WDOFUT,M30,16/07/2024,6241.35,6285.012,6241.35,6280.416,19762444794.98,315541.0
WDOFUT,M30,16/07/2024,6235.031,6241.925,6230.435,6241.925,8416786987.48,134980.0
WDOFUT,M30,16/07/2024,6238.478,6240.201,6229.86,6235.605,8239402075.33,132161.0
WDOFUT,M30,16/07/2024,6231.009,6246.52,6229.286,6237.903,13104184638.78,210043.0
WDOFUT,M30,16/07/2024,6230.435,6235.031,6221.817,6230.435,16135727171.58,259052.0
WDOFUT,M30,16/07/2024,6256.861,6258.585,6229.86,6231.009,21877472327.89,350522.0
WDOFUT,M30,16/07/2024,6243.074,6262.606,6241.35,6256.287,24333052183.93,389189.0
WDOFUT,M30,16/07/2024,6258.01,6261.457,6239.627,6243.074,17358978602.9,277773.0
WDOFUT,M30,15/07/2024,6270.075,6273.522,6268.351,6273.522,1066093318.97,17001.0
WDOFUT,M30,15/07/2024,6265.479,6270.075,6264.904,6269.5,1501572703.57,23959.0
WDOFUT,M30,15/07/2024,6269.5,6269.5,6264.33,6265.479,1819692543.91,29040.0
WDOFUT,M30,15/07/2024,6269.5,6270.075,6262.606,6269.5,4036358008.56,64416.0
WDOFUT,M30,15/07/2024,6265.479,6270.649,6264.33,6269.5,2756611524.65,43981.0
WDOFUT,M30,15/07/2024,6267.202,6268.351,6261.457,6265.479,5260051016.54,83958.0
WDOFUT,M30,15/07/2024,6275.82,6279.267,6266.628,6267.202,4821319431.29,76857.0
WDOFUT,M30,15/07/2024,6282.139,6285.012,6274.671,6276.394,5820557860.96,92685.0
WDOFUT,M30,15/07/2024,6272.947,6284.437,6272.373,6282.139,7561686446.51,120412.0
WDOFUT,M30,15/07/2024,6271.224,6277.543,6250.542,6272.947,11404116736.72,181982.0
WDOFUT,M30,15/07/2024,6262.606,6272.947,6260.883,6271.798,7399629397.21,118088.0
WDOFUT,M30,15/07/2024,6276.394,6277.543,6258.01,6262.606,8013476551.46,127875.0
WDOFUT,M30,15/07/2024,6278.118,6279.841,6274.671,6275.82,4107677146.39,65437.0
WDOFUT,M30,15/07/2024,6293.055,6295.353,6272.373,6278.118,10843611891.56,172606.0
WDOFUT,M30,15/07/2024,6290.182,6297.651,6285.012,6292.48,10023531942.34,159311.0
WDOFUT,M30,15/07/2024,6279.267,6300.523,6278.118,6290.182,14231456016.36,226163.0
WDOFUT,M30,15/07/2024,6295.927,6297.651,6277.543,6279.267,17729374213.39,281980.0
WDOFUT,M30,15/07/2024,6285.586,6305.694,6284.437,6295.927,14821520226.06,235360.0
WDOFUT,M30,15/07/2024,6279.267,6287.31,6261.457,6285.012,19612945825.62,312568.0
WDOFUT,M30,12/07/2024,6252.265,6253.989,6249.967,6251.116,896642579.4,14343.0
WDOFUT,M30,12/07/2024,6252.84,6253.989,6249.967,6251.691,1290202514.62,20636.0
WDOFUT,M30,12/07/2024,6252.84,6254.563,6249.393,6252.84,2070840303.03,33124.0
WDOFUT,M30,12/07/2024,6253.989,6257.436,6251.691,6252.84,3211066905.51,51340.0
WDOFUT,M30,12/07/2024,6253.989,6256.861,6252.265,6253.414,2257546370.38,36095.0
WDOFUT,M30,12/07/2024,6259.734,6262.032,6249.967,6253.989,5850979949.66,93539.0
WDOFUT,M30,12/07/2024,6246.52,6262.032,6242.499,6259.734,7932983490.86,126897.0
WDOFUT,M30,12/07/2024,6261.457,6262.606,6243.074,6246.52,6971364689.2,111483.0
WDOFUT,M30,12/07/2024,6259.159,6264.33,6257.436,6260.883,4706433636.68,75177.0
WDOFUT,M30,12/07/2024,6277.543,6277.543,6258.585,6258.585,7939674943.09,126658.0
WDOFUT,M30,12/07/2024,6283.288,6285.012,6274.671,6277.543,6146894843.03,97886.0
WDOFUT,M30,12/07/2024,6279.841,6289.033,6278.118,6283.288,5060843899.7,80540.0
WDOFUT,M30,12/07/2024,6287.31,6288.459,6276.969,6279.267,6270666139.24,99826.0
WDOFUT,M30,12/07/2024,6278.118,6290.182,6268.926,6287.31,11869847342.72,189052.0
WDOFUT,M30,12/07/2024,6287.31,6290.757,6274.671,6278.118,12913304140.08,205541.0
WDOFUT,M30,12/07/2024,6280.416,6293.629,6271.224,6287.31,17193596564.0,273616.0
WDOFUT,M30,12/07/2024,6256.287,6283.288,6251.691,6279.841,22460943140.75,358322.0
WDOFUT,M30,12/07/2024,6243.074,6259.159,6238.478,6256.861,22411472266.84,358675.0
WDOFUT,M30,12/07/2024,6247.095,6258.01,6235.605,6244.222,15539142543.56,248803.0
WDOFUT,M30,11/07/2024,6264.33,6268.926,6257.436,6263.181,1371827509.31,21899.0
WDOFUT,M30,11/07/2024,6271.798,6274.671,6263.181,6263.755,2676909898.71,42697.0
WDOFUT,M30,11/07/2024,6267.777,6275.245,6267.202,6272.373,3133282449.49,49954.0
WDOFUT,M30,11/07/2024,6269.5,6271.224,6265.479,6267.202,2479730875.93,39556.0
WDOFUT,M30,11/07/2024,6262.606,6270.075,6261.457,6270.075,3388371864.72,54066.0
WDOFUT,M30,11/07/2024,6264.904,6271.224,6260.883,6262.032,5615441235.85,89616.0
WDOFUT,M30,11/07/2024,6267.202,6271.224,6263.181,6264.904,4803156097.4,76639.0
WDOFUT,M30,11/07/2024,6269.5,6278.118,6264.904,6267.202,7365047262.59,117426.0
WDOFUT,M30,11/07/2024,6269.5,6273.522,6258.585,6268.926,9325971015.09,148839.0
WDOFUT,M30,11/07/2024,6269.5,6280.99,6266.053,6270.075,11929696885.4,190176.0
WDOFUT,M30,11/07/2024,6251.116,6271.224,6248.244,6269.5,8669168797.77,138477.0
WDOFUT,M30,11/07/2024,6255.712,6259.159,6248.818,6250.542,5523720013.02,88325.0
WDOFUT,M30,11/07/2024,6247.095,6259.159,6243.074,6255.138,11850533432.28,189522.0
WDOFUT,M30,11/07/2024,6249.393,6258.01,6237.903,6246.52,16623037865.69,266096.0
WDOFUT,M30,11/07/2024,6228.137,6251.691,6213.774,6249.393,21113463554.9,338679.0
WDOFUT,M30,11/07/2024,6228.137,6242.499,6220.668,6227.562,20992973425.55,336878.0
WDOFUT,M30,11/07/2024,6224.69,6232.733,6197.114,6228.137,23299471036.08,375020.0
WDOFUT,M30,11/07/2024,6225.264,6227.562,6185.049,6224.115,35431634609.78,571025.0
WDOFUT,M30,11/07/2024,6228.137,6245.371,6222.392,6225.839,14673776676.6,235395.0
WDOFUT,M30,10/07/2024,6237.329,6240.201,6234.456,6237.903,1390238371.55,22289.0
WDOFUT,M30,10/07/2024,6240.776,6243.648,6234.456,6236.754,2453703125.06,39331.0
WDOFUT,M30,10/07/2024,6233.307,6241.35,6231.009,6240.776,3944427352.35,63258.0
WDOFUT,M30,10/07/2024,6232.733,6236.18,6232.158,6233.307,2469874098.69,39617.0
WDOFUT,M30,10/07/2024,6232.158,6236.18,6229.286,6232.733,4313205922.36,69205.0
WDOFUT,M30,10/07/2024,6231.009,6233.882,6225.839,6231.584,6197464818.44,99484.0
WDOFUT,M30,10/07/2024,6237.329,6239.052,6229.86,6231.009,5902493791.38,94679.0
WDOFUT,M30,10/07/2024,6245.371,6249.393,6236.18,6237.329,8013136350.78,128335.0
WDOFUT,M30,10/07/2024,6243.074,6247.095,6231.009,6245.371,12179824323.97,195218.0
WDOFUT,M30,10/07/2024,6224.69,6244.222,6222.966,6242.499,12405975131.62,199029.0
WDOFUT,M30,10/07/2024,6222.392,6226.413,6218.37,6224.69,4661838616.39,74936.0
WDOFUT,M30,10/07/2024,6221.817,6225.264,6217.796,6222.392,4101741573.13,65932.0
WDOFUT,M30,10/07/2024,6217.796,6222.392,6215.498,6221.817,4863958744.31,78220.0
WDOFUT,M30,10/07/2024,6217.221,6221.243,6208.029,6217.796,10328007251.69,166192.0
WDOFUT,M30,10/07/2024,6219.519,6224.115,6212.051,6217.221,13019223848.19,209385.0
WDOFUT,M30,10/07/2024,6201.71,6221.817,6201.135,6220.094,17594782821.12,283292.0
WDOFUT,M30,10/07/2024,6192.518,6202.859,6191.369,6202.284,13845934990.49,223425.0
WDOFUT,M30,10/07/2024,6198.263,6201.71,6186.198,6191.943,21934777595.5,354106.0
WDOFUT,M30,10/07/2024,6226.413,6238.478,6195.965,6198.263,31560580209.61,507792.0
WDOFUT,M30,09/07/2024,6247.095,6247.669,6239.627,6240.776,1469796981.87,23540.0
WDOFUT,M30,09/07/2024,6241.35,6248.244,6240.201,6246.52,2444656873.07,39151.0
WDOFUT,M30,09/07/2024,6236.754,6241.35,6232.158,6240.776,4587142221.1,73554.0
WDOFUT,M30,09/07/2024,6241.35,6243.074,6236.18,6236.754,3378257580.09,54137.0
WDOFUT,M30,09/07/2024,6238.478,6241.925,6236.754,6240.776,2736841542.95,43859.0
WDOFUT,M30,09/07/2024,6237.903,6241.925,6237.329,6239.052,3051988670.33,48910.0
WDOFUT,M30,09/07/2024,6242.499,6243.074,6235.605,6237.903,3940537820.47,63158.0
WDOFUT,M30,09/07/2024,6241.35,6243.074,6236.754,6242.499,5664887998.06,90788.0
WDOFUT,M30,09/07/2024,6249.393,6249.967,6240.201,6241.35,5490568247.14,87926.0
WDOFUT,M30,09/07/2024,6243.648,6251.691,6242.499,6249.393,5522276976.59,88387.0
WDOFUT,M30,09/07/2024,6256.861,6257.436,6241.35,6243.074,10080351822.04,161312.0
WDOFUT,M30,09/07/2024,6271.798,6272.373,6255.138,6256.861,8297040701.35,132467.0
WDOFUT,M30,09/07/2024,6265.479,6275.82,6264.33,6271.798,8246703736.72,131513.0
WDOFUT,M30,09/07/2024,6266.053,6269.5,6258.585,6264.904,10043087957.88,160339.0
WDOFUT,M30,09/07/2024,6262.606,6277.543,6258.01,6266.053,14722920620.74,234840.0
WDOFUT,M30,09/07/2024,6271.798,6280.416,6259.159,6262.606,15426234942.08,246091.0
WDOFUT,M30,09/07/2024,6284.437,6285.012,6264.33,6271.224,15789772806.06,251734.0
WDOFUT,M30,09/07/2024,6294.778,6299.374,6277.543,6284.437,16646861950.07,264698.0
WDOFUT,M30,09/07/2024,6304.545,6310.29,6287.884,6294.204,15872599455.95,252031.0
WDOFUT,M30,08/07/2024,6302.247,6305.694,6300.523,6304.545,1320428084.68,20952.0
WDOFUT,M30,08/07/2024,6304.545,6306.843,6301.098,6301.672,1610216424.3,25543.0
WDOFUT,M30,08/07/2024,6309.141,6310.29,6303.396,6305.119,2473343591.86,39225.0
WDOFUT,M30,08/07/2024,6310.864,6310.864,6303.396,6309.715,4731945039.93,75029.0
WDOFUT,M30,08/07/2024,6308.566,6312.588,6307.417,6310.864,3034584633.67,48091.0
WDOFUT,M30,08/07/2024,6302.247,6310.864,6301.672,6308.566,5636853346.38,89371.0
WDOFUT,M30,08/07/2024,6298.225,6303.396,6295.927,6302.247,2878840815.6,45690.0
WDOFUT,M30,08/07/2024,6301.098,6304.545,6294.204,6298.225,4929163783.53,78259.0
WDOFUT,M30,08/07/2024,6295.927,6302.247,6291.331,6301.098,4053110661.76,64363.0
WDOFUT,M30,08/07/2024,6290.757,6298.225,6290.182,6295.927,3224088910.1,51221.0
WDOFUT,M30,08/07/2024,6289.033,6295.353,6286.161,6291.331,6097795186.97,96920.0
WDOFUT,M30,08/07/2024,6297.076,6301.098,6287.31,6288.459,10506200000.43,166911.0
WDOFUT,M30,08/07/2024,6310.864,6312.588,6295.927,6297.076,14747829001.8,233939.0
WDOFUT,M30,08/07/2024,6326.95,6329.823,6310.29,6310.864,9820755524.75,155379.0
WDOFUT,M30,08/07/2024,6322.929,6329.823,6310.864,6326.95,13917808760.52,220191.0
WDOFUT,M30,08/07/2024,6324.652,6329.823,6316.609,6322.354,13163250669.12,208149.0
WDOFUT,M30,08/07/2024,6306.268,6326.376,6305.119,6324.652,14082622695.24,222975.0
WDOFUT,M30,08/07/2024,6310.864,6314.886,6304.545,6305.694,14045418130.8,222609.0
WDOFUT,M30,08/07/2024,6285.012,6313.162,6284.437,6310.864,17478727301.93,277358.0
WDOFUT,M30,05/07/2024,6290.757,6294.204,6286.735,6289.608,1232528028.42,19591.0
WDOFUT,M30,05/07/2024,6295.353,6296.502,6289.608,6291.331,2069382415.82,32883.0
WDOFUT,M30,05/07/2024,6293.629,6302.247,6290.757,6294.778,4853445160.35,77078.0
WDOFUT,M30,05/07/2024,6298.8,6299.949,6286.735,6294.204,4824159429.38,76668.0
WDOFUT,M30,05/07/2024,6290.757,6300.523,6290.182,6298.225,4711062783.48,74816.0
WDOFUT,M30,05/07/2024,6300.523,6301.098,6289.608,6291.331,5739878122.86,91198.0
WDOFUT,M30,05/07/2024,6298.8,6304.545,6293.629,6299.949,7112422313.11,112893.0
WDOFUT,M30,05/07/2024,6310.864,6316.035,6294.778,6299.374,8091896603.73,128321.0
WDOFUT,M30,05/07/2024,6318.333,6320.631,6308.566,6310.29,5701576777.89,90306.0
WDOFUT,M30,05/07/2024,6312.013,6322.354,6310.864,6318.333,7075559379.86,111999.0
WDOFUT,M30,05/07/2024,6315.46,6315.46,6303.97,6312.013,7309039786.74,115857.0
WDOFUT,M30,05/07/2024,6313.162,6320.056,6312.588,6315.46,5383023369.39,85224.0
WDOFUT,M30,05/07/2024,6325.801,6330.972,6311.439,6312.588,12315502776.27,194812.0
WDOFUT,M30,05/07/2024,6345.909,6346.483,6325.227,6325.801,13915842338.87,219641.0
WDOFUT,M30,05/07/2024,6366.591,6368.889,6342.462,6345.909,14607472777.17,229812.0
WDOFUT,M30,05/07/2024,6341.887,6376.932,6337.866,6366.591,22421872967.62,352546.0
WDOFUT,M30,05/07/2024,6336.717,6347.632,6326.376,6341.887,18743241450.58,295699.0
WDOFUT,M30,05/07/2024,6322.929,6343.611,6299.949,6336.717,33037187811.89,522752.0
WDOFUT,M30,05/07/2024,6302.247,6336.717,6295.927,6324.078,19829048289.56,313584.0
WDOFUT,M30,04/07/2024,6326.95,6327.525,6317.184,6317.184,1285499470.11,20336.0
WDOFUT,M30,04/07/2024,6323.503,6327.525,6318.907,6327.525,1916860097.22,30317.0
WDOFUT,M30,04/07/2024,6322.929,6325.227,6318.333,6322.929,2664784140.27,42154.0
WDOFUT,M30,04/07/2024,6321.78,6323.503,6320.631,6322.354,2058499285.8,32562.0
WDOFUT,M30,04/07/2024,6327.525,6329.823,6317.758,6321.78,5358143862.62,84740.0
WDOFUT,M30,04/07/2024,6328.099,6336.717,6326.95,6327.525,4531522830.38,71569.0
WDOFUT,M30,04/07/2024,6321.78,6340.164,6317.184,6328.099,6851344976.32,108275.0
WDOFUT,M30,04/07/2024,6320.056,6326.376,6319.482,6321.78,3525052253.62,55749.0
WDOFUT,M30,04/07/2024,6332.121,6336.717,6316.609,6320.056,6103055414.45,96478.0
WDOFUT,M30,04/07/2024,6337.866,6341.887,6330.972,6331.546,4234609958.7,66827.0
WDOFUT,M30,04/07/2024,6338.44,6342.462,6334.419,6338.44,5513199690.19,86979.0
WDOFUT,M30,04/07/2024,6329.248,6338.44,6327.525,6338.44,5343728084.83,84380.0
WDOFUT,M30,04/07/2024,6332.695,6335.568,6320.631,6329.248,9797578825.32,154821.0
WDOFUT,M30,04/07/2024,6318.907,6332.695,6314.886,6332.121,11402763793.12,180327.0
WDOFUT,M30,04/07/2024,6312.013,6324.078,6305.119,6318.333,12432150723.89,196884.0
WDOFUT,M30,04/07/2024,6313.737,6316.035,6301.672,6312.013,11916226731.89,188874.0
WDOFUT,M30,04/07/2024,6302.821,6315.46,6300.523,6313.737,14206434901.49,225285.0
WDOFUT,M30,04/07/2024,6332.121,6334.419,6299.949,6302.821,17298185021.57,273843.0
WDOFUT,M30,04/07/2024,6352.803,6356.25,6320.631,6332.121,26930246427.45,425228.0
WDOFUT,M30,03/07/2024,6405.082,6411.402,6397.614,6400.486,1994870716.0,31154.0
WDOFUT,M30,03/07/2024,6409.678,6410.827,6398.763,6404.508,3889539441.64,60738.0
WDOFUT,M30,03/07/2024,6418.295,6418.87,6407.38,6409.678,4696342481.36,73228.0
WDOFUT,M30,03/07/2024,6411.402,6420.593,6409.678,6417.721,3389607070.63,52841.0
WDOFUT,M30,03/07/2024,6403.359,6414.849,6403.359,6411.402,4292781276.81,66973.0
WDOFUT,M30,03/07/2024,6420.019,6422.317,6402.784,6403.359,7315052296.82,114075.0
WDOFUT,M30,03/07/2024,6408.529,6421.168,6402.21,6419.444,6833680726.38,106609.0
WDOFUT,M30,03/07/2024,6405.082,6413.7,6402.784,6408.529,4596423086.73,71721.0
WDOFUT,M30,03/07/2024,6387.273,6407.955,6386.698,6404.508,9619080219.41,150298.0
WDOFUT,M30,03/07/2024,6409.104,6413.125,6385.549,6387.273,17471368724.99,273030.0
WDOFUT,M30,03/07/2024,6421.742,6425.764,6401.635,6409.104,9938286154.61,154893.0
WDOFUT,M30,03/07/2024,6432.658,6434.381,6420.019,6421.742,6215132302.81,96718.0
WDOFUT,M30,03/07/2024,6424.615,6456.212,6424.04,6432.658,23086416676.51,358516.0
WDOFUT,M30,03/07/2024,6432.083,6434.381,6413.7,6424.615,14508577850.97,225846.0
WDOFUT,M30,03/07/2024,6440.701,6440.701,6412.551,6432.658,26349245951.73,410106.0
WDOFUT,M30,03/07/2024,6459.659,6460.808,6427.487,6441.275,25683375754.89,398638.0
WDOFUT,M30,03/07/2024,6477.469,6479.192,6457.361,6459.659,21212152299.39,328047.0
WDOFUT,M30,03/07/2024,6501.023,6503.321,6476.32,6477.469,20540751217.41,316613.0
WDOFUT,M30,03/07/2024,6526.876,6532.621,6497.576,6500.449,21104438438.7,324052.0
WDOFUT,M30,02/07/2024,6541.813,6544.685,6531.472,6541.238,1978441235.35,30262.0
WDOFUT,M30,02/07/2024,6527.45,6546.409,6527.45,6542.387,5757751834.9,88037.0
WDOFUT,M30,02/07/2024,6528.025,6529.174,6520.556,6527.45,5978058104.3,91616.0
WDOFUT,M30,02/07/2024,6511.939,6533.77,6506.194,6528.599,14385368942.67,220694.0
WDOFUT,M30,02/07/2024,6536.642,6540.089,6510.215,6512.513,15520783058.7,237926.0
WDOFUT,M30,02/07/2024,6564.793,6566.516,6535.493,6537.217,14456179402.44,220735.0
WDOFUT,M30,02/07/2024,6563.069,6567.091,6559.048,6565.367,5496788168.36,83748.0
WDOFUT,M30,02/07/2024,6559.048,6568.814,6556.75,6562.495,8575309091.03,130654.0
WDOFUT,M30,02/07/2024,6563.069,6565.942,6556.175,6559.048,8317312243.08,126778.0
WDOFUT,M30,02/07/2024,6552.728,6568.24,6552.728,6563.069,10859848903.78,165508.0
WDOFUT,M30,02/07/2024,6541.238,6553.877,6541.238,6552.154,9057701516.3,138316.0
WDOFUT,M30,02/07/2024,6536.068,6551.579,6534.919,6541.813,11197274473.71,171052.0
WDOFUT,M30,02/07/2024,6525.727,6541.238,6524.578,6536.068,10422203505.31,159542.0
WDOFUT,M30,02/07/2024,6545.834,6546.983,6521.705,6526.301,22445378193.93,343629.0
WDOFUT,M30,02/07/2024,6518.833,6552.728,6509.641,6545.834,27832748677.39,426190.0
WDOFUT,M30,02/07/2024,6537.217,6538.366,6512.513,6519.407,21470146912.54,329176.0
WDOFUT,M30,02/07/2024,6510.79,6537.791,6504.47,6536.642,26215371797.66,402156.0
WDOFUT,M30,02/07/2024,6494.129,6513.662,6488.959,6511.364,19416236598.86,298652.0
WDOFUT,M30,02/07/2024,6519.982,6521.705,6487.235,6494.129,22970523309.48,353419.0
WDOFUT,M30,01/07/2024,6525.152,6528.025,6514.811,6517.684,3110125357.69,47698.0
WDOFUT,M30,01/07/2024,6511.939,6529.748,6511.364,6525.727,6998763497.6,107322.0
WDOFUT,M30,01/07/2024,6517.109,6518.833,6509.066,6512.513,7612049631.25,116858.0
WDOFUT,M30,01/07/2024,6498.725,6521.705,6498.151,6516.535,13411524712.84,205996.0
WDOFUT,M30,01/07/2024,6488.959,6502.747,6487.81,6499.3,12810512207.78,197214.0
WDOFUT,M30,01/07/2024,6482.065,6488.959,6476.32,6488.959,8601890302.11,132690.0
WDOFUT,M30,01/07/2024,6461.383,6484.363,6460.808,6482.065,13452470577.11,207754.0
WDOFUT,M30,01/07/2024,6452.765,6466.553,6451.042,6461.383,6357617354.03,98435.0
WDOFUT,M30,01/07/2024,6459.085,6460.808,6451.042,6452.765,4938563903.52,76509.0
WDOFUT,M30,01/07/2024,6447.02,6464.255,6447.02,6459.085,9870129411.85,152877.0
WDOFUT,M30,01/07/2024,6442.999,6447.595,6438.977,6447.02,6002030598.83,93154.0
WDOFUT,M30,01/07/2024,6433.232,6442.999,6428.062,6442.999,7681860371.98,119384.0
WDOFUT,M30,01/07/2024,6442.424,6445.871,6423.466,6432.658,12714352180.94,197620.0
WDOFUT,M30,01/07/2024,6441.275,6448.169,6437.254,6442.999,11999709412.93,186308.0
WDOFUT,M30,01/07/2024,6429.211,6446.446,6419.444,6441.275,17165549968.5,266758.0
WDOFUT,M30,01/07/2024,6425.764,6433.232,6416.572,6428.636,15113775283.48,235278.0
WDOFUT,M30,01/07/2024,6447.02,6456.787,6425.189,6426.338,17563293486.84,272712.0
WDOFUT,M30,01/07/2024,6432.083,6452.765,6420.019,6447.02,23677806156.23,367909.0
WDOFUT,M30,01/07/2024,6434.381,6460.808,6425.764,6431.509,24566525518.74,381543.0
WDOFUT,M30,28/06/2024,6447.595,6455.063,6447.02,6447.02,2337103716.8,36227.0
WDOFUT,M30,28/06/2024,6451.042,6455.638,6444.148,6447.595,4113542481.49,63785.0
WDOFUT,M30,28/06/2024,6444.722,6452.765,6440.701,6450.467,5509914720.15,85480.0
WDOFUT,M30,28/06/2024,6443.573,6449.318,6442.424,6444.722,6106993416.75,94737.0
WDOFUT,M30,28/06/2024,6438.977,6444.148,6433.807,6442.999,7511508422.59,116658.0
WDOFUT,M30,28/06/2024,6433.232,6455.063,6430.36,6438.977,14367257882.39,223011.0
WDOFUT,M30,28/06/2024,6426.913,6435.53,6426.338,6432.658,7676360636.14,119362.0
WDOFUT,M30,28/06/2024,6424.04,6430.36,6410.253,6426.338,9128059156.47,142192.0
WDOFUT,M30,28/06/2024,6421.168,6426.913,6419.444,6423.466,5120580312.16,79717.0
WDOFUT,M30,28/06/2024,6420.593,6429.211,6417.721,6420.593,7729325379.17,120331.0
WDOFUT,M30,28/06/2024,6410.827,6422.891,6404.508,6420.019,10345828971.63,161346.0
WDOFUT,M30,28/06/2024,6400.486,6411.402,6389.571,6410.827,9984193432.53,156014.0
WDOFUT,M30,28/06/2024,6406.806,6407.955,6387.273,6400.486,19323662596.43,301997.0
WDOFUT,M30,28/06/2024,6426.338,6426.913,6400.486,6406.231,17367961843.92,270859.0
WDOFUT,M30,28/06/2024,6433.232,6439.552,6417.721,6425.764,22942418741.35,356772.0
WDOFUT,M30,28/06/2024,6407.955,6433.807,6401.061,6433.807,21969495455.35,342339.0
WDOFUT,M30,28/06/2024,6383.826,6413.7,6382.677,6407.955,26928218264.46,420866.0
WDOFUT,M30,28/06/2024,6352.228,6383.826,6342.462,6383.826,21598907158.11,339266.0
WDOFUT,M30,28/06/2024,6329.823,6360.271,6321.78,6352.803,20928594244.93,329815.0
WDOFUT,M30,27/06/2024,6346.483,6352.25,6343.6,6346.483,1344275697.64,21181.0
WDOFUT,M30,27/06/2024,6343.023,6349.366,6340.717,6347.06,2790673489.16,43977.0
WDOFUT,M30,27/06/2024,6353.403,6354.556,6340.717,6343.023,4062360192.44,64009.0
WDOFUT,M30,27/06/2024,6345.907,6354.556,6344.177,6353.98,6233336692.02,98170.0
WDOFUT,M30,27/06/2024,6338.987,6348.213,6334.95,6345.907,10410869437.54,164167.0
WDOFUT,M30,27/06/2024,6373.009,6373.585,6336.104,6338.987,14920907441.26,234721.0
WDOFUT,M30,27/06/2024,6361.476,6379.928,6360.323,6373.585,10581358851.62,166049.0
WDOFUT,M30,27/06/2024,6365.512,6367.819,6357.439,6361.476,9920944478.44,155933.0
WDOFUT,M30,27/06/2024,6377.045,6380.505,6364.359,6364.936,8116082057.78,127348.0
WDOFUT,M30,27/06/2024,6382.811,6385.118,6374.162,6377.045,5188817447.78,81342.0
WDOFUT,M30,27/06/2024,6379.352,6383.388,6376.468,6382.811,5861340652.57,91874.0
WDOFUT,M30,27/06/2024,6382.235,6389.154,6373.585,6379.352,10037965797.95,157319.0
WDOFUT,M30,27/06/2024,6376.468,6388.578,6374.162,6381.658,17047786475.42,267110.0
WDOFUT,M30,27/06/2024,6364.936,6377.622,6355.709,6375.892,16199447608.3,254468.0
WDOFUT,M30,27/06/2024,6364.936,6376.468,6360.323,6364.936,16938187340.92,266016.0
WDOFUT,M30,27/06/2024,6361.476,6369.549,6356.286,6364.359,15294838471.88,240372.0
WDOFUT,M30,27/06/2024,6348.213,6366.089,6347.06,6362.052,20019628648.5,314865.0
WDOFUT,M30,27/06/2024,6330.337,6349.366,6324.571,6348.213,20736578037.24,327214.0
WDOFUT,M30,27/06/2024,6369.549,6371.279,6326.301,6330.914,21832855325.77,343884.0
WDOFUT,M30,26/06/2024,6366.089,6386.271,6363.782,6377.622,3150088585.76,49434.0
WDOFUT,M30,26/06/2024,6362.629,6368.395,6358.593,6365.512,2963559862.57,46566.0
WDOFUT,M30,26/06/2024,6364.936,6368.395,6360.899,6362.629,3502719663.17,55038.0
WDOFUT,M30,26/06/2024,6360.899,6368.972,6359.169,6364.936,5676415728.25,89185.0
WDOFUT,M30,26/06/2024,6368.972,6374.162,6359.169,6360.899,10692508734.24,167929.0
WDOFUT,M30,26/06/2024,6358.016,6370.125,6358.016,6368.395,8441886557.61,132641.0
WDOFUT,M30,26/06/2024,6358.016,6360.323,6353.98,6358.016,4119272900.45,64794.0
WDOFUT,M30,26/06/2024,6358.016,6361.476,6354.556,6358.016,5397389140.18,84889.0
WDOFUT,M30,26/06/2024,6360.323,6364.359,6357.439,6358.593,5772460138.96,90752.0
WDOFUT,M30,26/06/2024,6358.593,6364.359,6356.863,6360.899,8192637131.3,128804.0
WDOFUT,M30,26/06/2024,6353.403,6360.899,6352.25,6359.169,7113348933.14,111911.0
WDOFUT,M30,26/06/2024,6348.213,6353.98,6344.753,6353.403,7601425431.43,119708.0
WDOFUT,M30,26/06/2024,6348.79,6350.52,6337.834,6348.79,9676155108.65,152496.0
WDOFUT,M30,26/06/2024,6344.753,6356.863,6343.6,6349.366,12842345407.34,202278.0
WDOFUT,M30,26/06/2024,6355.709,6356.286,6339.564,6344.753,15955146853.13,251426.0
WDOFUT,M30,26/06/2024,6365.512,6367.242,6351.673,6355.133,18248500513.56,286967.0
WDOFUT,M30,26/06/2024,6355.709,6367.819,6351.096,6364.936,21895821849.88,344317.0
WDOFUT,M30,26/06/2024,6344.177,6358.593,6334.95,6355.709,22840167726.94,359902.0
WDOFUT,M30,26/06/2024,6305.542,6351.673,6296.892,6344.177,37994598106.0,600778.0
WDOFUT,M30,25/06/2024,6287.666,6300.352,6287.089,6295.739,2599525240.08,41297.0
WDOFUT,M30,25/06/2024,6288.819,6290.549,6285.936,6288.243,2873894659.3,45701.0
WDOFUT,M30,25/06/2024,6291.703,6291.703,6286.513,6289.396,3041996253.76,48374.0
WDOFUT,M30,25/06/2024,6287.089,6294.009,6286.513,6291.126,5350643675.86,85049.0
WDOFUT,M30,25/06/2024,6287.666,6289.973,6285.36,6287.089,3165660633.18,50346.0
WDOFUT,M30,25/06/2024,6284.206,6289.396,6282.476,6287.089,4788128078.98,76176.0
WDOFUT,M30,25/06/2024,6283.63,6289.973,6280.17,6284.206,5035532792.64,80118.0
WDOFUT,M30,25/06/2024,6281.9,6288.243,6279.016,6283.053,6224146937.05,99068.0
WDOFUT,M30,25/06/2024,6285.936,6289.973,6281.323,6281.9,7260822669.61,115505.0
WDOFUT,M30,25/06/2024,6276.71,6287.666,6276.133,6285.936,7506762058.37,119500.0
WDOFUT,M30,25/06/2024,6270.944,6280.17,6269.79,6276.71,6261513889.56,99786.0
WDOFUT,M30,25/06/2024,6277.287,6281.323,6268.06,6270.944,8468292690.77,134960.0
WDOFUT,M30,25/06/2024,6266.907,6283.053,6264.024,6277.287,12966338522.6,206713.0
WDOFUT,M30,25/06/2024,6264.024,6277.287,6259.987,6267.484,12519472266.57,199677.0
WDOFUT,M30,25/06/2024,6265.177,6273.25,6261.141,6264.601,12674721748.16,202261.0
WDOFUT,M30,25/06/2024,6245.571,6271.52,6241.535,6264.601,22106781281.15,353277.0
WDOFUT,M30,25/06/2024,6253.644,6254.221,6237.499,6244.995,13822334381.91,221307.0
WDOFUT,M30,25/06/2024,6236.345,6253.644,6235.192,6253.644,17082211297.27,273547.0
WDOFUT,M30,25/06/2024,6243.265,6251.914,6236.345,6236.345,18024585433.98,288661.0
WDOFUT,M30,24/06/2024,6223.659,6223.659,6217.316,6223.659,1350927660.85,21717.0
WDOFUT,M30,24/06/2024,6223.083,6223.659,6218.469,6223.659,1865653749.07,29990.0
WDOFUT,M30,24/06/2024,6218.469,6224.236,6217.316,6223.659,3070952512.97,49362.0
WDOFUT,M30,24/06/2024,6221.929,6223.659,6217.316,6218.469,3463602076.58,55679.0
WDOFUT,M30,24/06/2024,6220.199,6225.966,6220.199,6221.929,4818764374.43,77435.0
WDOFUT,M30,24/06/2024,6216.163,6223.083,6215.586,6220.199,5012760739.03,80606.0
WDOFUT,M30,24/06/2024,6217.316,6219.623,6213.28,6216.163,4232054589.27,68078.0
WDOFUT,M30,24/06/2024,6219.623,6220.776,6211.55,6216.74,7171143828.83,115356.0
WDOFUT,M30,24/06/2024,6223.083,6228.272,6219.046,6219.046,4775630356.6,76738.0
WDOFUT,M30,24/06/2024,6231.156,6232.885,6221.929,6223.083,6124118231.18,98340.0
WDOFUT,M30,24/06/2024,6233.462,6240.382,6230.579,6231.732,5959170970.34,95561.0
WDOFUT,M30,24/06/2024,6231.732,6240.382,6230.579,6233.462,6715537440.17,107688.0
WDOFUT,M30,24/06/2024,6221.353,6233.462,6219.623,6231.732,9762836484.53,156785.0
WDOFUT,M30,24/06/2024,6212.126,6223.083,6209.82,6221.353,9105931487.07,146464.0
WDOFUT,M30,24/06/2024,6204.63,6219.046,6204.63,6212.126,13351343180.36,214933.0
WDOFUT,M30,24/06/2024,6223.659,6227.696,6202.324,6204.053,15551602979.65,250290.0
WDOFUT,M30,24/06/2024,6246.148,6248.455,6220.776,6223.659,22380112947.15,359058.0
WDOFUT,M30,24/06/2024,6250.761,6256.528,6244.995,6246.148,14835728710.31,237323.0
WDOFUT,M30,24/06/2024,6265.754,6273.827,6247.878,6250.761,15103187561.26,241153.0
WDOFUT,M30,21/06/2024,6266.907,6271.52,6264.601,6271.52,1305547935.97,20828.0
WDOFUT,M30,21/06/2024,6269.214,6272.097,6265.754,6266.33,2627066578.37,41909.0
WDOFUT,M30,21/06/2024,6278.44,6280.746,6268.06,6269.79,4454233479.56,70988.0
WDOFUT,M30,21/06/2024,6281.323,6285.936,6277.863,6278.44,3425118117.65,54519.0
WDOFUT,M30,21/06/2024,6287.666,6289.396,6277.863,6281.323,8281453205.56,131789.0
WDOFUT,M30,21/06/2024,6272.673,6303.235,6271.52,6287.089,16212065652.07,257822.0
WDOFUT,M30,21/06/2024,6280.746,6284.783,6267.484,6272.097,8536579160.48,136011.0
WDOFUT,M30,21/06/2024,6278.44,6286.513,6276.133,6280.746,7066540621.0,112498.0
WDOFUT,M30,21/06/2024,6276.71,6280.746,6269.214,6278.44,7880433976.48,125589.0
WDOFUT,M30,21/06/2024,6291.703,6292.856,6274.98,6276.71,6915129354.74,110039.0
WDOFUT,M30,21/06/2024,6293.432,6295.162,6290.549,6291.703,4694927505.14,74613.0
WDOFUT,M30,21/06/2024,6299.775,6302.082,6293.432,6294.009,6093770612.49,96774.0
WDOFUT,M30,21/06/2024,6284.783,6302.082,6280.17,6299.775,16474747577.88,261924.0
WDOFUT,M30,21/06/2024,6269.214,6285.36,6264.024,6285.36,13430419132.82,213992.0
WDOFUT,M30,21/06/2024,6269.214,6273.827,6257.681,6268.637,15852051301.22,252964.0
WDOFUT,M30,21/06/2024,6284.783,6290.549,6266.33,6268.637,16662341571.48,265394.0
WDOFUT,M30,21/06/2024,6278.44,6288.819,6276.133,6284.783,13577638225.73,216131.0
WDOFUT,M30,21/06/2024,6284.783,6287.089,6275.557,6278.44,15090087436.19,240244.0
WDOFUT,M30,21/06/2024,6285.36,6294.009,6270.944,6284.783,20990560748.68,334172.0
WDOFUT,M30,20/06/2024,6289.396,6300.352,6288.243,6290.549,2062101559.58,32760.0
WDOFUT,M30,20/06/2024,6295.739,6296.316,6288.243,6288.819,3031409326.8,48176.0
WDOFUT,M30,20/06/2024,6303.235,6304.965,6293.432,6295.162,4326779506.96,68693.0
WDOFUT,M30,20/06/2024,6297.469,6306.695,6293.432,6303.812,6737616351.25,106951.0
WDOFUT,M30,20/06/2024,6283.053,6300.929,6281.9,6297.469,8436765638.78,134057.0
WDOFUT,M30,20/06/2024,6285.936,6292.279,6281.323,6283.053,7675137319.69,122092.0
WDOFUT,M30,20/06/2024,6288.243,6293.432,6278.44,6285.936,6544403678.72,104095.0
WDOFUT,M30,20/06/2024,6286.513,6296.892,6283.63,6288.243,8108738301.38,128907.0
WDOFUT,M30,20/06/2024,6302.659,6304.389,6277.287,6286.513,13987528795.77,222395.0
WDOFUT,M30,20/06/2024,6309.578,6312.462,6299.199,6302.659,9029243994.29,143217.0
WDOFUT,M30,20/06/2024,6287.089,6310.732,6285.936,6309.578,11762663999.4,186792.0
WDOFUT,M30,20/06/2024,6280.17,6294.009,6279.593,6286.513,9739359738.33,154923.0
WDOFUT,M30,20/06/2024,6265.754,6290.549,6263.447,6280.746,21514237085.07,342644.0
WDOFUT,M30,20/06/2024,6248.455,6272.673,6247.878,6265.754,19202546810.86,306723.0
WDOFUT,M30,20/06/2024,6249.031,6253.644,6243.265,6248.455,12223867771.74,195649.0
WDOFUT,M30,20/06/2024,6253.644,6257.104,6239.805,6248.455,17421342483.44,278807.0
WDOFUT,M30,20/06/2024,6244.995,6254.798,6235.769,6253.068,18303030712.79,293069.0
WDOFUT,M30,20/06/2024,6240.958,6247.301,6224.236,6244.995,23059107281.32,369764.0
WDOFUT,M30,20/06/2024,6208.09,6244.418,6208.09,6240.958,28728444316.58,460939.0
WDOFUT,M30,19/06/2024,6274.403,6274.98,6250.761,6251.338,2869388044.99,45814.0
WDOFUT,M30,19/06/2024,6274.403,6276.71,6266.907,6274.403,4417808085.44,70445.0
WDOFUT,M30,19/06/2024,6279.593,6281.9,6274.403,6274.98,3304108939.35,52629.0
WDOFUT,M30,19/06/2024,6287.089,6292.279,6273.827,6279.016,9236174440.92,147038.0
WDOFUT,M30,19/06/2024,6296.892,6298.046,6283.053,6286.513,8799686074.62,139854.0
WDOFUT,M30,19/06/2024,6314.191,6314.191,6295.739,6296.316,9403647666.65,149152.0
WDOFUT,M30,19/06/2024,6317.651,6318.805,6313.038,6313.615,3168449960.4,50167.0
WDOFUT,M30,19/06/2024,6321.688,6328.607,6315.921,6317.075,5453829863.81,86275.0
WDOFUT,M30,19/06/2024,6312.462,6326.301,6312.462,6322.264,9076787999.11,143622.0
WDOFUT,M30,19/06/2024,6311.308,6314.191,6307.272,6313.038,4250381676.99,67352.0
WDOFUT,M30,19/06/2024,6305.542,6318.805,6304.965,6311.308,6866298033.32,108798.0
WDOFUT,M30,19/06/2024,6303.812,6306.695,6299.199,6305.542,4831930242.06,76659.0
WDOFUT,M30,19/06/2024,6308.425,6310.732,6302.659,6303.812,7037454658.49,111595.0
WDOFUT,M30,19/06/2024,6306.119,6311.308,6304.389,6308.425,6262300170.74,99288.0
WDOFUT,M30,19/06/2024,6314.768,6315.921,6303.812,6306.119,12215176457.32,193594.0
WDOFUT,M30,19/06/2024,6304.965,6315.921,6303.812,6314.768,11829005496.32,187462.0
WDOFUT,M30,19/06/2024,6295.739,6306.695,6294.586,6304.965,14129282739.75,224266.0
WDOFUT,M30,19/06/2024,6282.476,6298.046,6282.476,6295.739,15472171979.34,245961.0
WDOFUT,M30,19/06/2024,6272.097,6285.36,6262.871,6282.476,12937256879.12,206105.0
WDOFUT,M30,18/06/2024,6273.827,6283.053,6272.673,6279.593,2008290884.09,31987.0
WDOFUT,M30,18/06/2024,6274.98,6274.98,6271.52,6273.827,2030843653.61,32373.0
WDOFUT,M30,18/06/2024,6270.944,6278.44,6270.367,6274.403,3967031130.61,63219.0
WDOFUT,M30,18/06/2024,6270.367,6277.863,6268.637,6270.944,6716165145.76,107077.0
WDOFUT,M30,18/06/2024,6260.564,6273.25,6260.564,6270.944,10312004786.02,164507.0
WDOFUT,M30,18/06/2024,6253.068,6264.601,6252.491,6260.564,10385739860.91,165936.0
WDOFUT,M30,18/06/2024,6245.571,6255.951,6242.112,6253.068,8267013531.98,132277.0
WDOFUT,M30,18/06/2024,6242.688,6247.878,6237.499,6245.571,4420156445.68,70809.0
WDOFUT,M30,18/06/2024,6241.535,6249.608,6235.769,6242.112,6230690105.88,99796.0
WDOFUT,M30,18/06/2024,6243.842,6246.148,6239.228,6242.112,3990502116.2,63925.0
WDOFUT,M30,18/06/2024,6238.652,6244.995,6234.039,6243.842,4835906533.48,77517.0
WDOFUT,M30,18/06/2024,6236.345,6240.958,6232.885,6239.228,4314239424.71,69169.0
WDOFUT,M30,18/06/2024,6243.842,6248.455,6234.615,6236.345,7383462967.9,118296.0
WDOFUT,M30,18/06/2024,6238.075,6250.185,6236.345,6243.842,9127422457.55,146189.0
WDOFUT,M30,18/06/2024,6230.002,6243.842,6223.659,6238.075,14742166664.87,236429.0
WDOFUT,M30,18/06/2024,6253.068,6254.798,6225.966,6230.002,20732637007.25,332260.0
WDOFUT,M30,18/06/2024,6259.411,6265.754,6243.842,6253.068,17500665992.57,279862.0
WDOFUT,M30,18/06/2024,6265.754,6268.06,6246.725,6258.834,23363076632.46,373406.0
WDOFUT,M30,18/06/2024,6274.403,6285.36,6262.294,6265.754,19959619714.73,318174.0
WDOFUT,M30,17/06/2024,6255.374,6265.177,6254.798,6264.024,2060752323.55,32918.0
WDOFUT,M30,17/06/2024,6258.258,6260.564,6255.374,6255.374,1758918541.52,28106.0
WDOFUT,M30,17/06/2024,6258.258,6260.564,6256.528,6258.834,2011012911.84,32133.0
WDOFUT,M30,17/06/2024,6260.564,6262.294,6258.258,6258.258,2352732639.71,37580.0
WDOFUT,M30,17/06/2024,6261.717,6264.601,6258.834,6259.987,2974126734.04,47496.0
WDOFUT,M30,17/06/2024,6263.447,6269.214,6258.834,6261.141,7316549964.57,116814.0
WDOFUT,M30,17/06/2024,6249.031,6264.601,6248.455,6263.447,6508153317.45,104027.0
WDOFUT,M30,17/06/2024,6247.878,6250.761,6245.571,6249.031,2751748563.26,44037.0
WDOFUT,M30,17/06/2024,6241.535,6252.491,6240.958,6247.878,4975880013.86,79671.0
WDOFUT,M30,17/06/2024,6239.805,6246.148,6238.652,6242.112,4356102335.25,69775.0
WDOFUT,M30,17/06/2024,6254.221,6254.798,6238.652,6239.805,7399825990.33,118440.0
WDOFUT,M30,17/06/2024,6259.987,6264.601,6252.491,6254.221,5248452448.79,83867.0
WDOFUT,M30,17/06/2024,6251.338,6265.177,6248.455,6259.987,10630141216.43,169880.0
WDOFUT,M30,17/06/2024,6251.914,6257.104,6250.761,6252.491,6888462702.08,110141.0
WDOFUT,M30,17/06/2024,6243.842,6255.374,6242.688,6252.491,9641854229.48,154269.0
WDOFUT,M30,17/06/2024,6244.418,6248.455,6238.075,6243.842,9647852792.09,154529.0
WDOFUT,M30,17/06/2024,6243.265,6248.455,6231.156,6244.418,13360759098.7,214112.0
WDOFUT,M30,17/06/2024,6234.615,6247.878,6231.156,6243.842,10145224893.11,162547.0
WDOFUT,M30,17/06/2024,6204.63,6249.608,6202.324,6234.039,20045699766.23,321698.0
WDOFUT,M30,14/06/2024,6209.243,6213.856,6206.36,6207.513,1405744962.62,22633.0
WDOFUT,M30,14/06/2024,6213.856,6213.856,6208.09,6208.667,1865874561.25,30041.0
WDOFUT,M30,14/06/2024,6213.856,6218.469,6213.28,6213.856,2340533229.72,37655.0
WDOFUT,M30,14/06/2024,6208.667,6216.74,6208.667,6214.433,2784500683.71,44818.0
WDOFUT,M30,14/06/2024,6212.126,6214.433,6207.513,6208.667,3551326856.74,57181.0
WDOFUT,M30,14/06/2024,6214.433,6216.74,6206.937,6212.126,5169537234.31,83220.0
WDOFUT,M30,14/06/2024,6215.01,6221.353,6211.55,6215.01,5632240797.22,90591.0
WDOFUT,M30,14/06/2024,6206.36,6218.469,6205.207,6215.01,8277475466.78,133214.0
WDOFUT,M30,14/06/2024,6202.9,6212.126,6201.747,6206.937,5743388840.37,92531.0
WDOFUT,M30,14/06/2024,6195.981,6208.09,6193.674,6202.9,7186833516.27,115887.0
WDOFUT,M30,14/06/2024,6186.178,6197.71,6186.178,6195.404,4681497877.3,75604.0
WDOFUT,M30,14/06/2024,6187.331,6192.521,6182.718,6186.178,5838870278.92,94360.0
WDOFUT,M30,14/06/2024,6183.295,6187.908,6178.105,6187.331,9222239844.98,149155.0
WDOFUT,M30,14/06/2024,6190.791,6201.747,6182.718,6183.295,13633571657.43,220210.0
WDOFUT,M30,14/06/2024,6201.747,6209.243,6187.908,6191.367,13785620835.78,222397.0
WDOFUT,M30,14/06/2024,6206.937,6210.973,6193.674,6202.324,12944932848.49,208683.0
WDOFUT,M30,14/06/2024,6189.638,6209.243,6186.178,6207.513,17108112018.32,276086.0
WDOFUT,M30,14/06/2024,6190.214,6198.287,6172.338,6190.214,21159453018.3,342080.0
WDOFUT,M30,14/06/2024,6210.397,6216.163,6182.141,6190.214,20103898470.33,324504.0
WDOFUT,M30,13/06/2024,6197.71,6198.287,6191.367,6196.557,1913181169.77,30883.0
WDOFUT,M30,13/06/2024,6201.747,6202.324,6195.404,6197.134,3179973763.44,51305.0
WDOFUT,M30,13/06/2024,6200.594,6202.9,6198.864,6201.747,2319820196.46,37411.0
WDOFUT,M30,13/06/2024,6205.783,6207.513,6199.44,6200.017,3155045370.21,50857.0
WDOFUT,M30,13/06/2024,6203.477,6208.667,6203.477,6206.36,2846225030.49,45864.0
WDOFUT,M30,13/06/2024,6200.594,6208.667,6198.864,6203.477,4094919957.83,66002.0
WDOFUT,M30,13/06/2024,6204.63,6205.207,6194.827,6201.17,6295951864.53,101545.0
WDOFUT,M30,13/06/2024,6213.28,6217.316,6200.594,6204.053,5550274052.22,89379.0
WDOFUT,M30,13/06/2024,6201.17,6215.01,6194.251,6212.703,8368638909.47,134882.0
WDOFUT,M30,13/06/2024,6219.046,6219.623,6197.134,6201.17,9671138763.22,155806.0
WDOFUT,M30,13/06/2024,6213.28,6225.966,6209.243,6218.469,10936923508.14,175939.0
WDOFUT,M30,13/06/2024,6213.28,6215.01,6198.287,6213.28,13346588657.63,215043.0
WDOFUT,M30,13/06/2024,6240.382,6246.725,6206.937,6213.856,19779197812.25,317633.0
WDOFUT,M30,13/06/2024,6249.608,6251.914,6237.499,6240.382,9993511502.88,160034.0
WDOFUT,M30,13/06/2024,6246.725,6255.374,6239.805,6249.031,13018918663.09,208363.0
WDOFUT,M30,13/06/2024,6244.418,6250.185,6236.345,6246.725,14803476258.65,237150.0
WDOFUT,M30,13/06/2024,6240.382,6251.914,6232.309,6243.842,14690144479.78,235369.0
WDOFUT,M30,13/06/2024,6238.652,6251.338,6222.506,6239.805,23403625591.47,375182.0
WDOFUT,M30,13/06/2024,6228.272,6256.528,6219.046,6238.075,22493301615.88,360536.0
WDOFUT,M30,12/06/2024,6253.068,6253.068,6238.652,6242.112,1523562821.7,24384.0
WDOFUT,M30,12/06/2024,6250.761,6257.104,6249.031,6253.068,2917248059.24,46657.0
WDOFUT,M30,12/06/2024,6240.958,6254.798,6240.382,6250.761,5570547733.08,89157.0
WDOFUT,M30,12/06/2024,6246.148,6248.455,6238.075,6240.958,6016517829.47,96372.0
WDOFUT,M30,12/06/2024,6220.199,6249.608,6219.046,6245.571,11499334312.51,184521.0
WDOFUT,M30,12/06/2024,6192.521,6230.579,6187.331,6220.199,16959846222.76,273042.0
WDOFUT,M30,12/06/2024,6202.324,6221.353,6189.061,6192.521,13736526509.55,221267.0
WDOFUT,M30,12/06/2024,6218.469,6220.776,6187.331,6202.9,6885008251.19,110890.0
WDOFUT,M30,12/06/2024,6217.316,6225.966,6213.856,6218.469,4759745384.78,76538.0
WDOFUT,M30,12/06/2024,6215.586,6220.776,6212.126,6217.316,5994048966.61,96422.0
WDOFUT,M30,12/06/2024,6228.849,6234.615,6212.126,6215.586,9754036963.9,156676.0
WDOFUT,M30,12/06/2024,6244.418,6247.301,6225.389,6228.849,7498538962.87,120250.0
WDOFUT,M30,12/06/2024,6240.958,6249.608,6238.652,6243.842,7984562755.0,127878.0
WDOFUT,M30,12/06/2024,6237.499,6259.411,6234.039,6240.382,13845756284.03,221716.0
WDOFUT,M30,12/06/2024,6250.185,6266.33,6231.156,6237.499,19710209100.66,315326.0
WDOFUT,M30,12/06/2024,6190.791,6272.097,6187.908,6250.185,47942251752.67,768347.0
WDOFUT,M30,12/06/2024,6174.068,6197.71,6165.995,6190.791,19837022445.2,320948.0
WDOFUT,M30,12/06/2024,6209.82,6213.28,6164.265,6174.068,35943790812.75,581478.0
WDOFUT,M30,12/06/2024,6203.477,6222.506,6202.9,6213.28,19522454864.99,314185.0
WDOFUT,M30,11/06/2024,6201.747,6204.63,6198.287,6203.477,1309806589.96,21122.0
WDOFUT,M30,11/06/2024,6197.71,6201.747,6195.404,6201.747,2231030070.93,35996.0
WDOFUT,M30,11/06/2024,6192.521,6202.324,6192.521,6198.287,3517492697.23,56753.0
WDOFUT,M30,11/06/2024,6190.791,6193.674,6189.638,6192.521,3044581652.79,49170.0
WDOFUT,M30,11/06/2024,6190.214,6191.944,6187.331,6190.791,3379218962.59,54594.0
WDOFUT,M30,11/06/2024,6191.367,6195.404,6190.214,6190.791,3833046260.05,61892.0
WDOFUT,M30,11/06/2024,6198.864,6200.594,6189.638,6191.367,6634965612.5,107105.0
WDOFUT,M30,11/06/2024,6206.36,6206.937,6195.404,6198.864,7107755257.25,114606.0
WDOFUT,M30,11/06/2024,6193.097,6208.09,6185.601,6206.36,12469887215.22,201271.0
WDOFUT,M30,11/06/2024,6197.134,6200.594,6186.754,6193.674,7818243186.83,126248.0
WDOFUT,M30,11/06/2024,6185.024,6198.287,6183.871,6196.557,5845464359.16,94396.0
WDOFUT,M30,11/06/2024,6186.178,6189.061,6181.565,6185.024,4931648653.0,79729.0
WDOFUT,M30,11/06/2024,6177.528,6190.214,6173.492,6185.601,7934285391.49,128346.0
WDOFUT,M30,11/06/2024,6171.762,6181.565,6166.572,6177.528,12022294164.04,194702.0
WDOFUT,M30,11/06/2024,6185.024,6186.754,6164.842,6172.338,15374872497.66,249049.0
WDOFUT,M30,11/06/2024,6185.024,6194.251,6179.835,6184.448,16202235269.04,261862.0
WDOFUT,M30,11/06/2024,6182.718,6189.638,6171.185,6185.024,19789619872.5,320170.0
WDOFUT,M30,11/06/2024,6188.484,6201.17,6179.258,6182.718,18552565067.71,299714.0
WDOFUT,M30,11/06/2024,6191.944,6208.09,6178.105,6189.061,21786547310.95,351991.0
WDOFUT,M30,10/06/2024,6187.331,6191.944,6185.601,6187.908,1682360129.26,27184.0
WDOFUT,M30,10/06/2024,6185.601,6189.638,6182.718,6187.908,2307083982.17,37292.0
WDOFUT,M30,10/06/2024,6190.214,6193.097,6184.448,6186.178,3752018369.01,60624.0
WDOFUT,M30,10/06/2024,6185.601,6190.791,6185.601,6190.214,3312279128.27,53523.0
WDOFUT,M30,10/06/2024,6189.638,6194.827,6181.565,6185.601,6601663367.4,106694.0
WDOFUT,M30,10/06/2024,6201.17,6202.9,6176.951,6189.638,13040148808.44,210728.0
WDOFUT,M30,10/06/2024,6195.981,6208.09,6195.404,6201.17,7846497728.9,126515.0
WDOFUT,M30,10/06/2024,6195.981,6200.017,6191.944,6195.981,4731046871.44,76367.0
WDOFUT,M30,10/06/2024,6195.981,6200.017,6189.061,6195.981,7049749196.54,113817.0
WDOFUT,M30,10/06/2024,6200.594,6202.324,6194.827,6195.404,3559877788.52,57438.0
WDOFUT,M30,10/06/2024,6199.44,6204.053,6193.097,6200.594,6073926204.39,97982.0
WDOFUT,M30,10/06/2024,6196.557,6200.594,6191.367,6199.44,7252820299.79,117041.0
WDOFUT,M30,10/06/2024,6202.324,6202.324,6187.908,6196.557,11401895111.32,184078.0
WDOFUT,M30,10/06/2024,6206.937,6208.09,6196.557,6202.324,9858530379.77,158924.0
WDOFUT,M30,10/06/2024,6210.397,6211.55,6200.017,6207.513,8331231401.98,134251.0
WDOFUT,M30,10/06/2024,6216.74,6220.776,6201.747,6209.82,21190987970.23,341272.0
WDOFUT,M30,10/06/2024,6195.981,6227.119,6191.944,6217.316,26549827391.63,427545.0
WDOFUT,M30,10/06/2024,6156.769,6200.594,6156.193,6195.981,23377537785.82,378335.0
WDOFUT,M30,10/06/2024,6176.951,6176.951,6141.777,6156.193,22061622206.99,358592.0
