time,open,high,low,close,tick_volume,spread,real_volume
2026-01-16 06:30:00,6965.2,6967.1,6964.2,6967.1,169,50,0
2026-01-16 07:00:00,6967.0,6967.6,6965.1,6967.4,300,50,0
2026-01-16 07:30:00,6967.5,6967.9,6964.9,6965.4,277,50,0
2026-01-16 08:00:00,6965.4,6966.1,6964.1,6965.4,235,50,0
2026-01-16 08:30:00,6965.6,6967.9,6964.6,6967.6,245,50,0
2026-01-16 09:00:00,6967.9,6968.6,6966.4,6967.6,266,50,0
2026-01-16 09:30:00,6967.6,6969.4,6964.6,6967.1,402,50,0
2026-01-16 10:00:00,6967.0,6970.9,6963.9,6965.2,804,50,0
2026-01-16 10:30:00,6965.1,6966.9,6960.7,6964.1,666,50,0
2026-01-16 11:00:00,6963.9,6967.9,6962.6,6967.6,826,50,0
2026-01-16 11:30:00,6967.9,6967.9,6961.9,6962.1,540,50,0
2026-01-16 12:00:00,6962.0,6965.9,6961.4,6965.4,479,50,0
2026-01-16 12:30:00,6965.5,6967.6,6964.9,6965.6,677,50,0
2026-01-16 13:00:00,6965.9,6968.1,6963.6,6967.6,536,50,0
2026-01-16 13:30:00,6967.6,6968.1,6956.1,6957.1,763,50,0
2026-01-16 14:00:00,6956.9,6959.9,6953.9,6956.6,917,50,0
2026-01-16 14:30:00,6956.9,6961.4,6951.6,6955.9,945,50,0
2026-01-16 15:00:00,6955.6,6957.4,6952.9,6956.4,1099,50,0
2026-01-16 15:30:00,6956.4,6959.2,6952.6,6954.9,1054,50,0
2026-01-16 16:00:00,6955.0,6963.4,6954.4,6960.6,1809,50,0
2026-01-16 16:30:00,6960.4,6966.2,6943.0,6943.7,5718,30,0
2026-01-16 17:00:00,6943.5,6951.7,6938.7,6940.2,4699,30,0
2026-01-16 17:30:00,6940.0,6942.5,6924.7,6942.2,4813,30,0
2026-01-16 18:00:00,6942.0,6952.5,6939.5,6951.5,3385,30,0
2026-01-16 18:30:00,6951.7,6959.2,6945.5,6951.0,2336,30,0
2026-01-16 19:00:00,6950.7,6954.0,6948.3,6949.3,2300,30,0
2026-01-16 19:30:00,6949.0,6953.0,6942.9,6943.3,1901,30,0
2026-01-16 20:00:00,6943.0,6955.8,6942.0,6954.0,1669,30,0
2026-01-16 20:30:00,6953.8,6956.5,6950.0,6950.8,1238,30,0
2026-01-16 21:00:00,6950.5,6961.5,6943.8,6944.8,2172,30,0
2026-01-16 21:30:00,6945.0,6954.5,6944.3,6951.0,1616,30,0
2026-01-16 22:00:00,6950.8,6953.0,6946.0,6946.0,1318,30,0
2026-01-16 22:30:00,6945.8,6949.3,6939.0,6940.3,2743,30,0
2026-01-19 01:00:00,6894.1,6900.5,6880.7,6891.6,4321,50,0
2026-01-19 01:30:00,6891.5,6896.5,6885.9,6896.2,2552,50,0
2026-01-19 02:00:00,6896.1,6896.5,6877.7,6881.7,3616,50,0
2026-01-19 02:30:00,6881.5,6889.0,6879.7,6886.0,2192,50,0
2026-01-19 03:00:00,6885.9,6889.7,6881.2,6883.7,2440,50,0
2026-01-19 03:30:00,6883.9,6886.0,6877.1,6878.7,1750,50,0
2026-01-19 04:00:00,6878.7,6884.2,6878.7,6883.0,1362,50,0
2026-01-19 04:30:00,6883.2,6885.5,6881.5,6885.2,627,50,0
2026-01-19 05:00:00,6885.0,6885.7,6878.5,6880.0,854,50,0
2026-01-19 05:30:00,6880.1,6882.7,6877.7,6880.5,879,50,0
2026-01-19 06:00:00,6880.7,6881.2,6878.6,6880.5,437,50,0
2026-01-19 06:30:00,6880.6,6881.2,6877.2,6878.0,348,50,0
2026-01-19 07:00:00,6878.1,6883.0,6875.5,6883.0,570,50,0
2026-01-19 07:30:00,6882.7,6883.7,6878.9,6879.7,401,50,0
2026-01-19 08:00:00,6879.5,6882.9,6879.2,6881.2,465,50,0
2026-01-19 08:30:00,6881.5,6884.5,6878.2,6878.7,580,50,0
2026-01-19 09:00:00,6878.7,6879.7,6871.4,6875.5,1824,50,0
2026-01-19 09:30:00,6875.5,6876.2,6867.2,6871.1,1766,50,0
2026-01-19 10:00:00,6871.0,6886.2,6871.0,6880.6,3419,50,0
2026-01-19 10:30:00,6880.7,6887.2,6879.1,6883.6,1756,50,0
2026-01-19 11:00:00,6883.7,6884.7,6861.5,6866.5,2485,50,0
2026-01-19 11:30:00,6866.4,6868.7,6853.2,6857.5,2705,50,0
2026-01-19 12:00:00,6857.1,6866.2,6854.5,6864.0,1745,50,0
2026-01-19 12:30:00,6863.9,6864.7,6855.0,6856.2,1387,50,0
2026-01-19 13:00:00,6856.2,6863.1,6854.2,6862.5,1529,50,0
2026-01-19 13:30:00,6862.4,6862.6,6858.7,6861.2,1126,50,0
2026-01-19 14:00:00,6861.0,6864.5,6858.0,6863.2,1145,50,0
2026-01-19 14:30:00,6863.2,6872.5,6862.7,6868.5,1023,50,0
2026-01-19 15:00:00,6868.2,6870.7,6859.5,6861.7,1118,50,0
2026-01-19 15:30:00,6861.5,6869.2,6860.2,6865.5,861,50,0
2026-01-19 16:00:00,6865.2,6869.7,6857.2,6859.5,1641,50,0
2026-01-19 16:30:00,6859.6,6862.8,6850.6,6862.8,2356,30,0
2026-01-19 17:00:00,6862.6,6867.5,6858.2,6862.6,1737,30,0
2026-01-19 17:30:00,6862.8,6866.1,6859.6,6865.1,1844,30,0
2026-01-19 18:00:00,6865.3,6875.1,6863.2,6865.1,1605,30,0
2026-01-19 18:30:00,6864.8,6873.8,6864.7,6873.1,1046,30,0
2026-01-19 19:00:00,6873.1,6879.1,6871.3,6879.1,687,30,0
2026-01-19 19:30:00,6879.3,6879.8,6875.3,6876.1,734,30,0
2026-01-20 01:00:00,6877.6,6879.9,6873.8,6875.8,1185,50,0
2026-01-20 01:30:00,6875.8,6876.3,6869.4,6870.6,650,50,0
2026-01-20 02:00:00,6870.7,6871.1,6859.6,6860.6,1943,50,0
2026-01-20 02:30:00,6860.7,6874.1,6860.1,6867.6,1715,50,0
2026-01-20 03:00:00,6867.8,6875.8,6867.6,6875.3,1959,50,0
2026-01-20 03:30:00,6875.1,6876.3,6873.1,6874.1,933,50,0
2026-01-20 04:00:00,6873.8,6875.8,6867.2,6870.3,922,50,0
2026-01-20 04:30:00,6870.6,6877.1,6870.6,6875.3,782,50,0
2026-01-20 05:00:00,6875.3,6876.8,6874.1,6875.3,480,50,0
2026-01-20 05:30:00,6875.3,6876.1,6873.3,6873.8,570,50,0
2026-01-20 06:00:00,6873.9,6874.3,6869.8,6871.3,450,50,0
2026-01-20 06:30:00,6871.2,6872.6,6865.1,6866.8,480,50,0
2026-01-20 07:00:00,6866.6,6872.8,6865.3,6871.6,1054,50,0
2026-01-20 07:30:00,6871.8,6872.6,6867.3,6868.3,814,50,0
2026-01-20 08:00:00,6868.1,6868.8,6849.1,6850.6,1789,50,0
2026-01-20 08:30:00,6850.3,6852.6,6842.3,6851.4,2472,50,0
2026-01-20 09:00:00,6851.3,6853.1,6841.1,6847.4,2192,50,0
2026-01-20 09:30:00,6847.3,6848.6,6841.6,6845.9,2205,50,0
2026-01-20 10:00:00,6846.3,6847.1,6832.1,6834.3,4422,50,0
2026-01-20 10:30:00,6834.2,6834.3,6820.4,6827.8,3732,50,0
2026-01-20 11:00:00,6828.1,6832.1,6817.2,6818.1,4147,50,0
2026-01-20 11:30:00,6818.3,6819.1,6810.6,6815.8,3591,50,0
2026-01-20 12:00:00,6815.6,6831.6,6810.8,6829.8,2721,50,0
2026-01-20 12:30:00,6829.8,6831.3,6823.9,6826.1,2137,50,0
2026-01-20 13:00:00,6826.1,6837.8,6825.4,6831.6,2361,50,0
2026-01-20 13:30:00,6831.6,6837.3,6827.6,6833.3,1762,50,0
2026-01-20 14:00:00,6833.1,6842.8,6829.8,6838.6,2819,50,0
2026-01-20 14:30:00,6838.3,6850.4,6837.1,6844.4,2167,50,0
2026-01-20 15:00:00,6844.8,6848.6,6837.9,6840.8,2692,50,0
2026-01-20 15:30:00,6841.1,6841.6,6824.4,6830.8,5136,50,0
2026-01-20 16:00:00,6830.8,6836.6,6828.8,6835.6,2745,50,0
2026-01-20 16:30:00,6836.2,6853.4,6834.9,6843.5,10754,30,0
2026-01-20 17:00:00,6842.8,6863.7,6832.5,6862.7,9349,30,0
2026-01-20 17:30:00,6862.0,6871.6,6853.2,6862.0,6237,30,0
2026-01-20 18:00:00,6861.7,6869.5,6849.5,6862.5,5986,30,0
2026-01-20 18:30:00,6862.0,6867.7,6847.2,6861.0,5473,30,0
2026-01-20 19:00:00,6860.5,6863.2,6845.0,6847.7,4876,30,0
2026-01-20 19:30:00,6847.5,6847.5,6828.0,6834.2,4271,30,0
2026-01-20 20:00:00,6834.0,6838.5,6825.7,6826.2,3279,30,0
2026-01-20 20:30:00,6826.0,6827.5,6803.5,6810.2,3596,30,0
2026-01-20 21:00:00,6810.2,6816.0,6800.0,6803.7,3559,30,0
2026-01-20 21:30:00,6803.2,6808.0,6796.0,6801.7,3895,30,0
2026-01-20 22:00:00,6801.0,6804.2,6792.6,6797.0,3822,30,0
2026-01-20 22:30:00,6797.5,6800.5,6789.5,6800.5,3890,30,0
2026-01-20 23:00:00,6800.6,6807.1,6796.1,6804.1,1384,50,0
2026-01-20 23:30:00,6803.9,6804.9,6799.1,6804.4,548,50,0
2026-01-21 01:00:00,6805.4,6811.1,6803.7,6805.8,1055,50,0
2026-01-21 01:30:00,6806.1,6807.7,6796.6,6799.2,1243,50,0
2026-01-21 02:00:00,6799.3,6807.6,6799.2,6807.2,1911,50,0
2026-01-21 02:30:00,6807.3,6812.1,6806.6,6810.8,693,50,0
2026-01-21 03:00:00,6810.8,6817.6,6810.6,6816.1,672,50,0
2026-01-21 03:30:00,6816.1,6818.3,6814.1,6816.1,684,50,0
2026-01-21 04:00:00,6816.2,6816.6,6812.3,6812.3,798,50,0
2026-01-21 04:30:00,6812.6,6813.8,6809.8,6811.8,1119,50,0
2026-01-21 05:00:00,6811.8,6821.6,6811.6,6821.3,1039,50,0
2026-01-21 05:30:00,6821.3,6821.6,6814.6,6815.6,935,50,0
2026-01-21 06:00:00,6815.7,6819.1,6812.9,6817.6,820,50,0
2026-01-21 06:30:00,6817.4,6818.6,6816.1,6816.3,524,50,0
2026-01-21 07:00:00,6816.1,6820.3,6813.7,6817.6,764,50,0
2026-01-21 07:30:00,6817.8,6820.8,6817.8,6819.8,496,50,0
2026-01-21 08:00:00,6819.8,6821.6,6818.3,6819.8,522,50,0
2026-01-21 08:30:00,6820.1,6822.3,6814.3,6814.3,485,50,0
2026-01-21 09:00:00,6814.1,6823.8,6813.7,6823.6,813,50,0
2026-01-21 09:30:00,6823.8,6824.6,6818.3,6819.6,570,50,0
2026-01-21 10:00:00,6819.6,6823.6,6815.6,6821.1,2165,50,0
2026-01-21 10:30:00,6821.1,6823.4,6819.1,6819.6,1010,50,0
2026-01-21 11:00:00,6819.4,6822.2,6814.6,6816.6,1488,50,0
2026-01-21 11:30:00,6816.4,6816.8,6803.6,6803.8,1706,50,0
2026-01-21 12:00:00,6804.1,6813.6,6802.1,6813.3,1780,50,0
2026-01-21 12:30:00,6813.6,6816.3,6808.8,6809.1,1020,50,0
2026-01-21 13:00:00,6808.8,6809.6,6805.4,6806.1,1086,50,0
2026-01-21 13:30:00,6806.3,6808.3,6785.8,6786.6,2487,50,0
2026-01-21 14:00:00,6786.3,6795.6,6783.3,6791.8,2748,50,0
2026-01-21 14:30:00,6791.8,6793.2,6781.8,6792.6,2068,50,0
2026-01-21 15:00:00,6792.6,6796.1,6787.8,6788.3,2077,50,0
2026-01-21 15:30:00,6788.1,6799.1,6782.8,6791.6,3784,50,0
2026-01-21 16:00:00,6791.3,6832.2,6789.1,6819.8,8275,50,0
2026-01-21 16:30:00,6819.9,6850.2,6812.7,6848.5,10594,30,0
2026-01-21 17:00:00,6847.9,6857.9,6839.9,6853.9,7468,30,0
2026-01-21 17:30:00,6854.2,6875.7,6853.2,6871.7,4666,30,0
2026-01-21 18:00:00,6871.4,6872.9,6862.4,6866.9,4261,30,0
2026-01-21 18:30:00,6866.7,6867.4,6822.7,6823.9,7290,30,0
2026-01-21 19:00:00,6824.2,6830.9,6804.7,6821.9,6783,30,0
2026-01-21 19:30:00,6822.2,6833.2,6813.4,6829.8,6906,30,0
2026-01-21 20:00:00,6829.4,6831.2,6809.7,6829.2,6507,30,0
2026-01-21 20:30:00,6829.4,6838.5,6820.5,6833.2,5503,30,0
2026-01-21 21:00:00,6833.2,6874.0,6822.0,6868.2,5567,30,0
2026-01-21 21:30:00,6868.2,6911.7,6867.5,6909.2,9339,30,0
2026-01-21 22:00:00,6909.2,6912.0,6877.0,6877.5,6841,30,0
2026-01-21 22:30:00,6877.2,6885.5,6870.4,6877.7,5786,30,0
2026-01-21 23:00:00,6878.1,6886.1,6876.9,6882.9,1264,50,0
2026-01-21 23:30:00,6883.1,6883.1,6879.6,6881.9,532,50,0
2026-01-22 01:00:00,6891.5,6895.6,6888.9,6893.9,883,50,0
2026-01-22 01:30:00,6894.1,6894.1,6886.9,6891.6,915,50,0
2026-01-22 02:00:00,6891.9,6897.2,6889.4,6894.6,1883,50,0
2026-01-22 02:30:00,6894.9,6896.9,6890.7,6894.4,1229,50,0
2026-01-22 03:00:00,6894.4,6900.1,6893.1,6899.9,1020,50,0
2026-01-22 03:30:00,6899.7,6901.6,6898.1,6900.6,659,50,0
2026-01-22 04:00:00,6900.9,6902.4,6898.6,6899.1,417,50,0
2026-01-22 04:30:00,6898.9,6898.9,6895.9,6896.9,424,50,0
2026-01-22 05:00:00,6897.0,6901.4,6896.9,6899.9,496,50,0
2026-01-22 05:30:00,6899.6,6900.4,6897.9,6899.9,343,50,0
2026-01-22 06:00:00,6899.7,6899.9,6895.9,6897.6,386,50,0
2026-01-22 06:30:00,6897.4,6897.9,6895.4,6897.4,242,50,0
2026-01-22 07:00:00,6897.4,6897.6,6893.7,6894.4,326,50,0
2026-01-22 07:30:00,6894.2,6894.7,6886.5,6887.4,617,50,0
2026-01-22 08:00:00,6887.2,6890.2,6877.9,6878.9,1493,50,0
2026-01-22 08:30:00,6878.7,6889.9,6878.5,6888.9,1025,50,0
2026-01-22 09:00:00,6888.8,6890.9,6881.5,6888.2,1462,50,0
2026-01-22 09:30:00,6888.4,6898.7,6887.9,6896.7,1681,50,0
2026-01-22 10:00:00,6896.4,6912.2,6895.7,6908.9,2717,50,0
2026-01-22 10:30:00,6908.8,6919.2,6906.7,6914.2,2111,50,0
2026-01-22 11:00:00,6913.9,6922.7,6913.2,6918.2,1438,50,0
2026-01-22 11:30:00,6918.3,6922.7,6917.9,6919.9,745,50,0
2026-01-22 12:00:00,6919.9,6920.9,6913.4,6916.9,1211,50,0
2026-01-22 12:30:00,6916.8,6919.4,6916.4,6917.9,687,50,0
2026-01-22 13:00:00,6918.2,6921.7,6911.5,6915.7,1689,50,0
2026-01-22 13:30:00,6915.9,6919.7,6910.9,6911.9,1647,50,0
2026-01-22 14:00:00,6911.7,6914.7,6908.7,6913.0,1210,50,0
2026-01-22 14:30:00,6912.9,6915.7,6910.3,6914.3,1228,50,0
2026-01-22 15:00:00,6914.3,6918.2,6911.9,6917.5,1369,50,0
2026-01-22 15:30:00,6917.0,6925.0,6912.9,6924.4,2118,50,0
2026-01-22 16:00:00,6924.4,6924.9,6919.4,6921.4,1146,50,0
2026-01-22 16:30:00,6919.5,6930.6,6897.5,6902.6,8433,30,0
2026-01-22 17:00:00,6903.1,6909.1,6892.4,6907.4,8046,30,0
2026-01-22 17:30:00,6907.6,6918.4,6903.6,6909.6,4781,30,0
2026-01-22 18:00:00,6909.4,6924.1,6909.1,6921.6,3688,30,0
2026-01-22 18:30:00,6921.4,6928.6,6919.6,6920.6,2410,30,0
2026-01-22 19:00:00,6920.4,6929.4,6917.6,6926.1,2876,30,0
2026-01-22 19:30:00,6926.4,6934.6,6926.1,6933.4,1779,30,0
2026-01-22 20:00:00,6933.1,6934.9,6926.4,6928.1,2003,30,0
2026-01-22 20:30:00,6927.9,6932.1,6921.9,6923.6,1597,30,0
2026-01-22 21:00:00,6923.4,6932.9,6923.4,6930.1,1626,30,0
2026-01-22 21:30:00,6929.9,6930.9,6910.9,6911.1,2208,30,0
2026-01-22 22:00:00,6910.9,6918.6,6904.6,6904.9,2403,30,0
2026-01-22 22:30:00,6904.6,6913.9,6899.1,6912.6,3007,30,0
2026-01-22 23:00:00,6912.3,6914.8,6908.0,6912.5,1156,50,0
2026-01-22 23:30:00,6912.6,6912.8,6902.3,6905.3,454,50,0
2026-01-23 01:00:00,6905.5,6909.5,6900.2,6907.7,1229,50,0
2026-01-23 01:30:00,6907.7,6911.2,6905.8,6908.4,591,50,0
2026-01-23 02:00:00,6908.2,6913.7,6904.7,6911.9,1447,50,0
2026-01-23 02:30:00,6911.7,6917.2,6911.2,6916.9,316,50,0
2026-01-23 03:00:00,6916.9,6921.9,6916.2,6918.7,910,50,0
2026-01-23 03:30:00,6918.4,6924.2,6917.7,6923.9,913,50,0
2026-01-23 04:00:00,6924.2,6924.2,6921.2,6921.7,427,50,0
2026-01-23 04:30:00,6921.4,6921.7,6918.7,6918.9,279,50,0
2026-01-23 05:00:00,6918.9,6925.9,6918.9,6924.9,429,50,0
2026-01-23 05:30:00,6924.9,6925.4,6922.7,6923.7,308,50,0
2026-01-23 06:00:00,6923.7,6924.7,6922.1,6923.9,343,50,0
2026-01-23 06:30:00,6923.9,6926.2,6922.7,6925.4,295,50,0
2026-01-23 07:00:00,6925.6,6927.7,6924.2,6926.2,421,50,0
2026-01-23 07:30:00,6925.9,6927.9,6925.4,6927.9,291,50,0
2026-01-23 08:00:00,6927.7,6930.7,6927.4,6928.2,517,50,0
2026-01-23 08:30:00,6927.9,6929.2,6924.7,6924.9,365,50,0
2026-01-23 09:00:00,6924.7,6927.7,6922.9,6926.2,543,50,0
2026-01-23 09:30:00,6926.4,6926.4,6920.4,6922.2,971,50,0
2026-01-23 10:00:00,6922.1,6922.2,6910.2,6911.9,2219,50,0
2026-01-23 10:30:00,6911.9,6913.2,6903.3,6906.0,2219,50,0
2026-01-23 11:00:00,6906.2,6910.5,6905.0,6907.0,2174,50,0
2026-01-23 11:30:00,6907.0,6907.3,6893.5,6897.3,2222,50,0
2026-01-23 12:00:00,6897.0,6899.3,6894.8,6896.3,1720,50,0
2026-01-23 12:30:00,6896.3,6897.8,6893.5,6897.8,1317,50,0
2026-01-23 13:00:00,6897.5,6910.0,6897.5,6910.0,2619,50,0
2026-01-23 13:30:00,6910.0,6911.5,6899.5,6901.3,1224,50,0
2026-01-23 14:00:00,6901.0,6906.0,6900.3,6905.0,1597,50,0
2026-01-23 14:30:00,6905.2,6910.3,6899.0,6908.3,1299,50,0
2026-01-23 15:00:00,6908.5,6908.5,6895.8,6896.0,1464,50,0
2026-01-23 15:30:00,6896.3,6901.8,6894.0,6895.7,1868,50,0
2026-01-23 16:00:00,6895.5,6904.3,6892.8,6902.8,1930,50,0
2026-01-23 16:30:00,6902.9,6909.8,6893.1,6909.5,7661,30,0
2026-01-23 17:00:00,6910.0,6920.4,6904.9,6914.9,5222,30,0
2026-01-23 17:30:00,6914.9,6929.1,6913.6,6926.9,2922,30,0
2026-01-23 18:00:00,6926.9,6931.9,6921.4,6922.9,2550,30,0
2026-01-23 18:30:00,6922.8,6928.4,6916.4,6919.6,2953,30,0
2026-01-23 19:00:00,6919.9,6925.9,6915.6,6924.4,2370,30,0
2026-01-23 19:30:00,6924.6,6925.1,6899.1,6901.6,3557,30,0
2026-01-23 20:00:00,6901.4,6913.1,6900.4,6911.1,3307,30,0
2026-01-23 20:30:00,6911.1,6914.6,6905.6,6911.6,2703,30,0
2026-01-23 21:00:00,6911.8,6924.7,6911.4,6918.2,2219,30,0
2026-01-23 21:30:00,6918.0,6921.5,6912.0,6918.2,2071,30,0
2026-01-23 22:00:00,6918.0,6918.7,6907.7,6911.2,2501,30,0
2026-01-23 22:30:00,6911.2,6918.7,6908.2,6914.5,2873,30,0
2026-01-26 01:00:00,6858.2,6879.1,6851.1,6878.4,3116,50,0
2026-01-26 01:30:00,6878.3,6885.8,6870.1,6883.8,3102,50,0
2026-01-26 02:00:00,6883.6,6894.2,6881.4,6893.3,3454,50,0
2026-01-26 02:30:00,6893.1,6894.3,6886.1,6889.1,2145,50,0
2026-01-26 03:00:00,6888.8,6902.8,6886.8,6899.8,3065,50,0
2026-01-26 03:30:00,6899.6,6902.6,6896.1,6899.3,2453,50,0
2026-01-26 04:00:00,6899.6,6902.3,6898.3,6899.7,1981,50,0
2026-01-26 04:30:00,6899.8,6899.9,6889.8,6892.4,1911,50,0
2026-01-26 05:00:00,6892.6,6901.3,6892.4,6897.3,2009,50,0
2026-01-26 05:30:00,6897.1,6898.8,6895.1,6896.6,1511,50,0
2026-01-26 06:00:00,6896.7,6899.8,6894.3,6899.6,900,50,0
2026-01-26 06:30:00,6899.6,6900.8,6893.9,6896.3,1201,50,0
2026-01-26 07:00:00,6896.1,6901.8,6894.8,6900.8,867,50,0
2026-01-26 07:30:00,6900.6,6903.4,6899.7,6902.8,791,50,0
2026-01-26 08:00:00,6902.9,6908.3,6902.8,6906.9,1126,50,0
2026-01-26 08:30:00,6907.1,6907.8,6902.3,6903.4,1071,50,0
2026-01-26 09:00:00,6903.6,6909.3,6902.7,6908.6,968,50,0
2026-01-26 09:30:00,6908.7,6912.3,6905.8,6910.1,798,50,0
2026-01-26 10:00:00,6910.2,6918.6,6910.1,6916.3,1882,50,0
2026-01-26 10:30:00,6916.1,6918.6,6914.6,6917.6,1319,50,0
2026-01-26 11:00:00,6917.4,6919.6,6912.8,6913.1,1599,50,0
2026-01-26 11:30:00,6912.9,6913.3,6891.3,6897.8,2614,50,0
2026-01-26 12:00:00,6897.7,6904.2,6896.9,6903.3,1856,50,0
2026-01-26 12:30:00,6903.2,6908.1,6902.3,6903.8,1544,50,0
2026-01-26 13:00:00,6904.1,6905.6,6901.8,6903.3,1083,50,0
2026-01-26 13:30:00,6903.2,6906.8,6901.8,6906.3,809,50,0
2026-01-26 14:00:00,6905.8,6914.3,6905.8,6910.3,1142,50,0
2026-01-26 14:30:00,6910.3,6911.3,6907.6,6910.2,840,50,0
2026-01-26 15:00:00,6910.1,6917.6,6908.7,6912.9,1453,50,0
2026-01-26 15:30:00,6912.8,6922.1,6907.1,6921.2,1545,50,0
2026-01-26 16:00:00,6921.1,6927.3,6920.4,6927.1,1294,50,0
2026-01-26 16:30:00,6927.3,6949.4,6921.7,6945.9,5572,30,0
2026-01-26 17:00:00,6945.7,6957.5,6940.7,6948.7,3470,30,0
2026-01-26 17:30:00,6948.7,6956.7,6945.4,6953.2,3238,30,0
2026-01-26 18:00:00,6953.4,6955.9,6945.4,6954.4,2726,30,0
2026-01-26 18:30:00,6954.4,6956.9,6951.2,6954.4,2234,30,0
2026-01-26 19:00:00,6954.2,6960.4,6953.4,6958.4,1403,30,0
2026-01-26 19:30:00,6958.2,6959.2,6953.7,6955.7,1379,30,0
2026-01-26 20:00:00,6955.5,6961.9,6952.2,6961.2,1524,30,0
2026-01-26 20:30:00,6960.9,6964.4,6956.7,6959.2,1520,30,0
2026-01-26 21:00:00,6958.9,6963.0,6957.9,6961.7,1321,30,0
2026-01-26 21:30:00,6961.4,6963.4,6958.4,6959.2,1104,30,0
2026-01-26 22:00:00,6959.2,6960.7,6957.4,6958.7,1206,30,0
2026-01-26 22:30:00,6958.4,6961.2,6949.2,6949.9,1906,30,0
2026-01-26 23:00:00,6950.2,6952.3,6947.1,6951.8,778,30,0
2026-01-26 23:30:00,6951.6,6951.6,6945.8,6946.3,359,50,0
2026-01-27 01:00:00,6946.0,6953.9,6942.4,6948.1,776,50,0
2026-01-27 01:30:00,6948.3,6951.4,6947.1,6951.4,570,50,0
2026-01-27 02:00:00,6951.6,6952.9,6947.9,6951.4,955,50,0
2026-01-27 02:30:00,6951.1,6954.1,6950.6,6953.6,502,50,0
2026-01-27 03:00:00,6953.4,6956.6,6952.1,6956.0,404,50,0
2026-01-27 03:30:00,6955.9,6958.4,6955.4,6957.6,364,50,0
2026-01-27 04:00:00,6957.4,6964.4,6957.4,6963.1,344,50,0
2026-01-27 04:30:00,6963.1,6967.4,6962.1,6967.1,326,50,0
2026-01-27 05:00:00,6966.9,6967.9,6966.4,6966.9,281,50,0
2026-01-27 05:30:00,6967.1,6968.9,6966.6,6968.6,293,50,0
2026-01-27 06:00:00,6968.8,6973.6,6968.4,6970.9,341,50,0
2026-01-27 06:30:00,6971.0,6971.6,6970.6,6970.9,179,50,0
2026-01-27 07:00:00,6970.6,6970.9,6967.1,6968.4,289,50,0
2026-01-27 07:30:00,6968.6,6973.4,6968.6,6973.1,310,50,0
2026-01-27 08:00:00,6973.4,6976.9,6973.1,6975.1,320,50,0
2026-01-27 08:30:00,6975.1,6975.4,6970.4,6970.9,298,50,0
2026-01-27 09:00:00,6971.1,6973.1,6969.9,6971.1,520,50,0
2026-01-27 09:30:00,6970.9,6974.1,6969.5,6972.1,497,50,0
2026-01-27 10:00:00,6972.3,6973.4,6966.9,6967.3,1745,50,0
2026-01-27 10:30:00,6967.1,6969.1,6964.6,6967.6,1122,50,0
2026-01-27 11:00:00,6967.4,6969.6,6965.9,6967.3,1007,50,0
2026-01-27 11:30:00,6967.1,6968.9,6964.9,6965.6,983,50,0
2026-01-27 12:00:00,6965.4,6969.6,6965.1,6969.4,557,50,0
2026-01-27 12:30:00,6969.3,6970.6,6967.9,6969.4,454,50,0
2026-01-27 13:00:00,6969.3,6969.6,6967.1,6968.6,613,50,0
2026-01-27 13:30:00,6968.5,6973.9,6968.1,6972.1,754,50,0
2026-01-27 14:00:00,6971.9,6972.5,6965.4,6965.6,709,50,0
2026-01-27 14:30:00,6965.9,6969.6,6964.9,6967.1,834,50,0
2026-01-27 15:00:00,6967.4,6969.9,6966.9,6967.1,705,50,0
2026-01-27 15:30:00,6967.1,6969.1,6964.4,6965.4,810,50,0
2026-01-27 16:00:00,6965.6,6967.9,6962.1,6964.5,868,30,0
2026-01-27 16:30:00,6964.7,6978.2,6958.5,6976.1,5107,30,0
2026-01-27 17:00:00,6976.2,6978.4,6968.7,6971.4,3655,30,0
2026-01-27 17:30:00,6971.2,6985.4,6970.7,6984.2,2348,30,0
2026-01-27 18:00:00,6983.9,6988.7,6983.9,6986.2,1450,30,0
2026-01-27 18:30:00,6986.4,6989.4,6983.9,6983.9,1247,30,0
2026-01-27 19:00:00,6984.2,6985.4,6977.4,6983.4,1687,30,0
2026-01-27 19:30:00,6983.7,6984.4,6977.4,6978.2,1420,30,0
2026-01-27 20:00:00,6977.9,6983.4,6972.7,6981.7,1658,30,0
2026-01-27 20:30:00,6981.9,6985.9,6980.7,6983.9,1061,30,0
2026-01-27 21:00:00,6983.8,6985.4,6981.4,6985.4,924,30,0
2026-01-27 21:30:00,6985.2,6987.2,6983.7,6984.2,771,30,0
2026-01-27 22:00:00,6983.9,6987.4,6982.9,6983.2,868,30,0
2026-01-27 22:30:00,6982.9,6984.8,6977.9,6979.6,1570,30,0
2026-01-27 23:00:00,6979.3,6980.8,6975.8,6978.5,841,50,0
2026-01-27 23:30:00,6978.6,6982.1,6978.1,6979.3,282,50,0
2026-01-28 01:00:00,6983.4,6985.9,6982.4,6984.4,740,50,0
2026-01-28 01:30:00,6984.6,6984.6,6983.1,6983.9,307,50,0
2026-01-28 02:00:00,6983.6,6990.6,6983.4,6990.1,497,50,0
2026-01-28 02:30:00,6989.9,6997.4,6989.9,6995.9,859,50,0
2026-01-28 03:00:00,6996.1,6998.4,6995.6,6997.4,582,50,0
2026-01-28 03:30:00,6997.6,6997.6,6993.4,6994.4,389,50,0
2026-01-28 04:00:00,6994.1,6997.4,6993.9,6996.1,352,50,0
2026-01-28 04:30:00,6995.9,6998.1,6995.9,6996.6,322,50,0
2026-01-28 05:00:00,6996.9,6998.1,6995.1,6996.0,307,50,0
2026-01-28 05:30:00,6995.9,6997.4,6994.9,6995.1,438,50,0
2026-01-28 06:00:00,6995.3,6998.6,6995.1,6998.4,228,50,0
2026-01-28 06:30:00,6998.6,6998.6,6996.6,6997.9,225,50,0
2026-01-28 07:00:00,6998.1,7000.9,6997.9,6999.9,308,50,0
2026-01-28 07:30:00,7000.0,7006.1,6999.6,7005.6,317,50,0
2026-01-28 08:00:00,7005.4,7011.9,7004.4,7007.1,2187,50,0
2026-01-28 08:30:00,7007.4,7013.9,7005.4,7005.6,1150,50,0
2026-01-28 09:00:00,7005.9,7008.1,7003.9,7005.0,1055,50,0
2026-01-28 09:30:00,7005.1,7008.4,7001.9,7007.4,864,50,0
2026-01-28 10:00:00,7007.6,7009.9,7000.1,7003.3,2284,50,0
2026-01-28 10:30:00,7003.4,7004.9,6996.9,6998.6,1390,50,0
2026-01-28 11:00:00,6998.9,7002.4,6997.4,6999.4,1526,50,0
2026-01-28 11:30:00,6999.1,7004.1,6997.9,7002.6,833,50,0
2026-01-28 12:00:00,7002.9,7004.4,7000.6,7002.6,826,50,0
2026-01-28 12:30:00,7002.9,7007.1,7002.1,7006.4,708,50,0
2026-01-28 13:00:00,7006.5,7006.6,6999.8,7004.4,768,50,0
2026-01-28 13:30:00,7004.3,7006.1,7002.9,7003.8,695,50,0
2026-01-28 14:00:00,7003.9,7004.6,6993.1,6996.1,2372,50,0
2026-01-28 14:30:00,6995.9,6999.6,6993.9,6994.1,1640,50,0
2026-01-28 15:00:00,6993.9,6997.9,6990.0,6991.6,1578,50,0
2026-01-28 15:30:00,6991.4,6993.6,6988.9,6993.4,1396,50,0
2026-01-28 16:00:00,6993.1,6994.6,6989.1,6993.6,1404,50,0
2026-01-28 16:30:00,6993.4,7002.0,6992.5,6994.7,6060,30,0
2026-01-28 17:00:00,6994.5,6996.8,6983.8,6988.6,4876,30,0
2026-01-28 17:30:00,6988.8,6991.3,6978.6,6978.8,3593,30,0
2026-01-28 18:00:00,6978.7,6986.6,6977.7,6984.7,2649,30,0
2026-01-28 18:30:00,6984.6,6984.6,6968.1,6970.5,2826,30,0
2026-01-28 19:00:00,6970.3,6980.1,6970.1,6971.6,2340,30,0
2026-01-28 19:30:00,6971.8,6977.6,6968.3,6971.8,2000,30,0
2026-01-28 20:00:00,6971.7,6977.6,6968.6,6974.8,1586,30,0
2026-01-28 20:30:00,6974.8,6976.3,6970.8,6974.0,1722,30,0
2026-01-28 21:00:00,6974.0,6979.5,6963.6,6964.6,5160,30,0
2026-01-28 21:30:00,6964.3,6983.8,6962.8,6972.3,9229,30,0
2026-01-28 22:00:00,6972.1,6986.1,6971.1,6977.6,3723,30,0
2026-01-28 22:30:00,6977.3,6985.1,6970.6,6977.8,3081,30,0
2026-01-28 23:00:00,6977.6,6992.7,6948.6,6992.5,5939,30,0
2026-01-28 23:30:00,6992.2,6994.2,6985.2,6988.2,1786,50,0
2026-01-29 01:00:00,6990.4,6993.6,6969.0,6977.1,2520,50,0
2026-01-29 01:30:00,6977.2,6979.5,6966.5,6968.2,2682,50,0
2026-01-29 02:00:00,6968.1,6971.0,6957.5,6971.0,4954,50,0
2026-01-29 02:30:00,6970.9,6971.0,6963.5,6971.0,2545,50,0
2026-01-29 03:00:00,6971.2,6971.7,6959.0,6963.7,2856,50,0
2026-01-29 03:30:00,6963.9,6966.7,6960.7,6966.5,3101,50,0
2026-01-29 04:00:00,6966.7,6977.5,6965.5,6976.9,2034,50,0
2026-01-29 04:30:00,6976.7,6978.2,6973.0,6974.7,1494,50,0
2026-01-29 05:00:00,6975.0,6980.7,6975.0,6978.5,959,50,0
2026-01-29 05:30:00,6978.5,6981.6,6977.7,6980.5,811,50,0
2026-01-29 06:00:00,6980.5,6985.2,6979.7,6983.2,673,50,0
2026-01-29 06:30:00,6983.5,6988.0,6983.5,6987.2,413,50,0
2026-01-29 07:00:00,6987.5,6988.5,6984.2,6988.0,641,50,0
2026-01-29 07:30:00,6988.2,6991.7,6988.0,6989.5,537,50,0
2026-01-29 08:00:00,6989.7,6995.7,6989.5,6992.7,559,50,0
2026-01-29 08:30:00,6992.5,6994.5,6989.0,6991.7,721,50,0
2026-01-29 09:00:00,6991.6,6993.7,6989.5,6993.5,1091,50,0
2026-01-29 09:30:00,6993.6,7001.2,6992.9,6998.4,1075,50,0
2026-01-29 10:00:00,6998.2,7001.2,6990.7,6999.0,2689,50,0
2026-01-29 10:30:00,6998.7,7000.7,6994.0,6996.7,1944,50,0
2026-01-29 11:00:00,6996.6,7001.2,6996.4,6997.1,1530,50,0
2026-01-29 11:30:00,6997.1,7001.0,6990.6,6991.0,1300,50,0
2026-01-29 12:00:00,6991.2,6995.2,6989.5,6993.5,1450,50,0
2026-01-29 12:30:00,6993.7,6994.0,6984.7,6985.7,1126,50,0
2026-01-29 13:00:00,6985.6,6991.0,6982.0,6989.2,1742,50,0
2026-01-29 13:30:00,6989.0,6993.7,6988.7,6991.2,1908,50,0
2026-01-29 14:00:00,6991.0,6995.7,6990.9,6994.5,1365,50,0
2026-01-29 14:30:00,6994.2,6994.6,6986.1,6990.7,1878,50,0
2026-01-29 15:00:00,6990.6,6994.0,6987.0,6992.0,1795,50,0
2026-01-29 15:30:00,6992.0,6998.5,6989.0,6995.4,1367,50,0
2026-01-29 16:00:00,6995.5,6995.7,6984.5,6986.7,1977,50,0
2026-01-29 16:30:00,6986.2,6993.6,6937.6,6938.1,10375,30,0
2026-01-29 17:00:00,6938.3,6939.1,6910.6,6911.7,11105,30,0
2026-01-29 17:30:00,6912.0,6915.0,6874.0,6882.5,9288,30,0
2026-01-29 18:00:00,6882.3,6908.5,6870.0,6901.5,9063,30,0
2026-01-29 18:30:00,6901.2,6912.2,6900.2,6909.2,7910,30,0
2026-01-29 19:00:00,6909.0,6936.0,6908.5,6932.5,5307,30,0
2026-01-29 19:30:00,6932.2,6939.2,6909.2,6911.0,5432,30,0
2026-01-29 20:00:00,6911.1,6933.7,6909.5,6931.5,6119,30,0
2026-01-29 20:30:00,6931.7,6940.2,6924.0,6928.5,4882,30,0
2026-01-29 21:00:00,6928.6,6944.5,6925.0,6943.5,4125,30,0
2026-01-29 21:30:00,6943.2,6945.0,6933.5,6934.0,4655,30,0
2026-01-29 22:00:00,6934.0,6943.1,6933.2,6938.5,3166,30,0
2026-01-29 22:30:00,6938.7,6971.0,6936.7,6962.7,3595,30,0
2026-01-29 23:00:00,6962.2,6967.6,6957.2,6961.4,2295,30,0
2026-01-29 23:30:00,6962.2,6974.5,6959.9,6962.4,3059,50,0
2026-01-30 01:00:00,6964.7,6965.7,6941.1,6954.1,1954,50,0
2026-01-30 01:30:00,6953.9,6967.2,6953.4,6959.0,2296,50,0
2026-01-30 02:00:00,6958.9,6962.4,6947.2,6950.9,3539,50,0
2026-01-30 02:30:00,6951.0,6962.7,6947.0,6949.2,2713,50,0
2026-01-30 03:00:00,6949.4,6950.0,6939.2,6940.0,2971,50,0
2026-01-30 03:30:00,6940.1,6941.0,6924.7,6935.0,4478,50,0
2026-01-30 04:00:00,6935.2,6936.5,6917.7,6918.0,4938,50,0
2026-01-30 04:30:00,6917.9,6933.7,6915.7,6933.2,3955,50,0
2026-01-30 05:00:00,6933.5,6943.0,6933.1,6937.5,2889,50,0
2026-01-30 05:30:00,6937.5,6944.1,6936.5,6938.5,2734,50,0
2026-01-30 06:00:00,6938.5,6945.7,6937.7,6942.7,1754,50,0
2026-01-30 06:30:00,6942.6,6945.7,6936.6,6938.0,1537,50,0
2026-01-30 07:00:00,6938.2,6942.5,6934.9,6937.4,2204,50,0
2026-01-30 07:30:00,6937.2,6937.5,6929.0,6929.0,1767,50,0
2026-01-30 08:00:00,6929.2,6930.2,6913.0,6918.4,2638,50,0
2026-01-30 08:30:00,6918.0,6923.7,6907.5,6910.0,3068,50,0
2026-01-30 09:00:00,6909.9,6922.0,6908.7,6912.7,2618,50,0
2026-01-30 09:30:00,6912.7,6916.2,6900.7,6902.2,2979,50,0
2026-01-30 10:00:00,6902.4,6915.5,6898.2,6910.5,5011,50,0
2026-01-30 10:30:00,6910.6,6917.7,6898.7,6913.5,3900,50,0
2026-01-30 11:00:00,6913.2,6917.5,6901.7,6904.4,4220,50,0
2026-01-30 11:30:00,6904.2,6908.0,6890.0,6899.0,4145,50,0
2026-01-30 12:00:00,6898.9,6908.2,6898.5,6904.2,3269,50,0
2026-01-30 12:30:00,6904.4,6916.1,6904.2,6911.2,2512,50,0
2026-01-30 13:00:00,6911.4,6925.2,6910.6,6925.0,2446,50,0
2026-01-30 13:30:00,6925.1,6943.2,6922.4,6941.2,2987,50,0
2026-01-30 14:00:00,6941.0,6948.0,6935.7,6938.0,3196,50,0
2026-01-30 14:30:00,6938.2,6944.2,6929.5,6933.7,3027,50,0
2026-01-30 15:00:00,6933.9,6942.5,6930.6,6934.4,3376,50,0
2026-01-30 15:30:00,6934.4,6934.7,6920.4,6929.2,5183,50,0
2026-01-30 16:00:00,6929.5,6939.5,6927.6,6939.5,4071,50,0
2026-01-30 16:30:00,6939.0,6957.8,6933.1,6937.7,11520,30,0
2026-01-30 17:00:00,6937.6,6961.9,6933.7,6935.2,10759,30,0
2026-01-30 17:30:00,6934.4,6963.2,6930.2,6942.7,9145,30,0
2026-01-30 18:00:00,6942.4,6948.4,6923.7,6931.9,7796,30,0
2026-01-30 18:30:00,6931.6,6945.8,6925.1,6928.1,8273,30,0
2026-01-30 19:00:00,6927.8,6933.3,6908.6,6932.1,7807,30,0
2026-01-30 19:30:00,6932.3,6937.1,6912.6,6912.8,8073,30,0
2026-01-30 20:00:00,6912.6,6924.1,6892.3,6915.8,7485,30,0
2026-01-30 20:30:00,6916.1,6942.3,6899.6,6935.3,7724,30,0
2026-01-30 21:00:00,6935.6,6948.8,6934.3,6934.8,6823,30,0
2026-01-30 21:30:00,6934.7,6944.3,6925.8,6926.8,7599,30,0
2026-01-30 22:00:00,6927.1,6933.6,6914.3,6921.6,6374,30,0
2026-01-30 22:30:00,6921.8,6950.1,6920.8,6939.1,5862,30,0
2026-02-02 01:00:00,6908.3,6913.5,6893.8,6905.1,5105,50,0
2026-02-02 01:30:00,6905.3,6927.8,6902.7,6922.1,3469,50,0
2026-02-02 02:00:00,6922.0,6935.8,6913.6,6932.1,4831,50,0
2026-02-02 02:30:00,6932.2,6941.0,6929.3,6934.1,2907,50,0
2026-02-02 03:00:00,6934.1,6938.3,6907.8,6916.8,6154,50,0
2026-02-02 03:30:00,6917.1,6917.8,6891.1,6892.6,7126,50,0
2026-02-02 04:00:00,6892.7,6899.8,6887.6,6892.6,5879,50,0
2026-02-02 04:30:00,6892.3,6897.8,6880.6,6881.8,4449,50,0
2026-02-02 05:00:00,6882.1,6885.6,6871.6,6873.8,3905,50,0
2026-02-02 05:30:00,6873.6,6875.6,6858.6,6861.6,5702,50,0
2026-02-02 06:00:00,6861.7,6868.3,6849.1,6864.1,5518,50,0
2026-02-02 06:30:00,6864.0,6877.6,6863.6,6872.6,3666,50,0
2026-02-02 07:00:00,6872.5,6873.2,6859.1,6860.1,4333,50,0
2026-02-02 07:30:00,6860.2,6862.6,6853.0,6856.1,4730,50,0
2026-02-02 08:00:00,6855.8,6860.6,6844.2,6852.5,4446,50,0
2026-02-02 08:30:00,6852.1,6854.6,6840.3,6850.7,4118,50,0
2026-02-02 09:00:00,6850.8,6864.8,6850.3,6864.2,3754,50,0
2026-02-02 09:30:00,6864.1,6872.6,6860.2,6872.3,3524,50,0
2026-02-02 10:00:00,6872.1,6885.8,6870.7,6882.8,4962,50,0
2026-02-02 10:30:00,6883.0,6896.3,6882.1,6892.8,2977,50,0
2026-02-02 11:00:00,6893.1,6903.1,6882.8,6898.6,4102,50,0
2026-02-02 11:30:00,6898.3,6903.8,6897.1,6900.7,2966,50,0
2026-02-02 12:00:00,6900.6,6904.8,6897.3,6899.8,2763,50,0
2026-02-02 12:30:00,6899.7,6902.0,6890.0,6892.8,2703,50,0
2026-02-02 13:00:00,6893.0,6907.6,6891.5,6907.6,2154,50,0
2026-02-02 13:30:00,6907.3,6912.6,6904.2,6907.1,1986,50,0
2026-02-02 14:00:00,6907.0,6917.8,6906.6,6917.3,2360,50,0
2026-02-02 14:30:00,6917.2,6920.3,6910.1,6911.8,1988,50,0
2026-02-02 15:00:00,6911.7,6914.3,6905.6,6908.8,3332,50,0
2026-02-02 15:30:00,6909.0,6919.4,6905.3,6916.9,2796,50,0
2026-02-02 16:00:00,6917.1,6921.7,6915.9,6918.2,2467,50,0
2026-02-02 16:30:00,6918.5,6961.0,6917.0,6948.9,9852,30,0
2026-02-02 17:00:00,6949.2,6979.5,6945.7,6969.5,6269,30,0
2026-02-02 17:30:00,6969.8,6980.0,6966.0,6969.8,4870,30,0
2026-02-02 18:00:00,6969.3,6979.3,6961.5,6978.0,4206,30,0
2026-02-02 18:30:00,6977.8,6980.9,6967.3,6980.0,3048,30,0
2026-02-02 19:00:00,6979.8,6987.8,6978.8,6984.8,2189,30,0
2026-02-02 19:30:00,6985.0,6992.0,6983.0,6986.5,1539,30,0
2026-02-02 20:00:00,6986.8,6989.5,6979.2,6983.0,1638,30,0
2026-02-02 20:30:00,6983.2,6990.3,6982.8,6987.5,1234,30,0
2026-02-02 21:00:00,6987.3,6991.3,6986.3,6990.5,1222,30,0
2026-02-02 21:30:00,6990.3,6990.5,6976.0,6977.5,1975,30,0
2026-02-02 22:00:00,6977.3,6987.3,6972.8,6980.0,4217,30,0
2026-02-02 22:30:00,6979.8,6981.8,6973.3,6976.9,2610,30,0
2026-02-02 23:00:00,6976.7,6981.7,6972.2,6978.7,1797,50,0
2026-02-02 23:30:00,6978.9,6980.4,6976.7,6977.4,588,50,0
2026-02-03 01:00:00,6982.0,6992.0,6978.0,6990.0,1337,50,0
2026-02-03 01:30:00,6990.1,6997.5,6989.0,6990.7,1398,50,0
2026-02-03 02:00:00,6990.5,6998.5,6985.0,6996.1,2055,50,0
2026-02-03 02:30:00,6996.2,6997.2,6991.2,6993.5,981,50,0
2026-02-03 03:00:00,6993.7,6998.9,6992.5,6995.7,1257,50,0
2026-02-03 03:30:00,6995.5,6996.0,6990.4,6992.5,1110,50,0
2026-02-03 04:00:00,6992.2,6992.5,6987.0,6987.4,1339,50,0
2026-02-03 04:30:00,6987.5,6989.0,6983.5,6988.0,1709,50,0
2026-02-03 05:00:00,6988.0,6991.5,6986.0,6990.1,1362,50,0
2026-02-03 05:30:00,6990.0,6994.2,6988.2,6992.7,1199,50,0
2026-02-03 06:00:00,6992.7,6996.0,6992.1,6993.5,520,50,0
2026-02-03 06:30:00,6993.7,6998.2,6993.5,6997.5,592,50,0
2026-02-03 07:00:00,6997.5,6997.9,6991.5,6993.7,917,50,0
2026-02-03 07:30:00,6993.9,6998.7,6993.0,6996.7,623,50,0
2026-02-03 08:00:00,6996.9,6999.5,6994.5,6996.4,666,50,0
2026-02-03 08:30:00,6996.2,6999.7,6995.7,6997.0,673,50,0
2026-02-03 09:00:00,6996.9,6999.2,6994.2,6996.0,962,50,0
2026-02-03 09:30:00,6995.7,7001.2,6995.0,6998.9,863,50,0
2026-02-03 10:00:00,6998.7,7002.7,6994.7,6997.7,2228,50,0
2026-02-03 10:30:00,6998.0,6998.2,6991.5,6993.0,1747,50,0
2026-02-03 11:00:00,6993.1,6998.5,6989.7,6990.7,2075,50,0
2026-02-03 11:30:00,6991.0,6992.4,6987.5,6989.7,1663,50,0
2026-02-03 12:00:00,6990.0,6993.5,6989.0,6989.5,1058,50,0
2026-02-03 12:30:00,6989.7,6989.7,6985.5,6986.7,968,50,0
2026-02-03 13:00:00,6986.6,6988.7,6983.7,6985.7,1284,50,0
2026-02-03 13:30:00,6985.9,6987.5,6982.4,6986.7,1391,50,0
2026-02-03 14:00:00,6986.5,6995.7,6983.2,6995.0,1641,50,0
2026-02-03 14:30:00,6995.0,6998.5,6994.6,6995.5,1160,50,0
2026-02-03 15:00:00,6995.7,6996.7,6991.5,6995.2,1601,50,0
2026-02-03 15:30:00,6995.2,6996.9,6990.2,6990.7,1461,50,0
2026-02-03 16:00:00,6990.7,6992.1,6983.0,6984.6,1845,30,0
2026-02-03 16:30:00,6985.1,6992.3,6955.6,6956.1,10372,30,0
2026-02-03 17:00:00,6956.5,6959.3,6929.8,6942.6,9993,30,0
2026-02-03 17:30:00,6943.1,6956.3,6931.3,6953.1,8406,30,0
2026-02-03 18:00:00,6952.8,6954.1,6928.8,6929.8,7107,30,0
2026-02-03 18:30:00,6929.6,6936.3,6924.6,6927.5,6018,30,0
2026-02-03 19:00:00,6927.3,6929.3,6908.0,6909.3,6914,30,0
2026-02-03 19:30:00,6909.6,6911.1,6895.6,6898.3,6245,30,0
2026-02-03 20:00:00,6898.6,6906.8,6883.8,6884.6,6035,30,0
2026-02-03 20:30:00,6884.3,6885.6,6868.8,6868.8,4369,30,0
2026-02-03 21:00:00,6869.0,6893.8,6861.8,6884.8,7164,30,0
2026-02-03 21:30:00,6884.6,6892.3,6872.8,6889.6,8129,30,0
2026-02-03 22:00:00,6889.5,6899.8,6884.5,6897.6,5589,30,0
2026-02-03 22:30:00,6898.1,6919.6,6897.8,6916.0,4475,30,0
2026-02-03 23:00:00,6916.2,6921.2,6907.2,6915.7,2744,50,0
2026-02-03 23:30:00,6916.0,6916.0,6909.0,6914.0,1633,50,0
2026-02-04 01:00:00,6912.2,6920.5,6907.7,6911.3,1346,50,0
2026-02-04 01:30:00,6911.5,6919.3,6909.9,6918.9,1103,50,0
2026-02-04 02:00:00,6919.0,6919.8,6911.3,6914.5,2606,50,0
2026-02-04 02:30:00,6914.8,6918.5,6909.8,6912.0,1788,50,0
2026-02-04 03:00:00,6912.3,6922.5,6912.0,6921.4,2797,50,0
2026-02-04 03:30:00,6921.5,6923.0,6916.8,6921.5,1966,50,0
2026-02-04 04:00:00,6921.7,6927.3,6917.5,6919.5,2032,50,0
2026-02-04 04:30:00,6919.4,6921.7,6915.8,6918.8,1600,50,0
2026-02-04 05:00:00,6918.7,6922.0,6916.8,6920.3,1818,50,0
2026-02-04 05:30:00,6920.4,6925.8,6918.5,6923.0,1597,50,0
2026-02-04 06:00:00,6923.3,6924.0,6920.2,6921.3,809,50,0
2026-02-04 06:30:00,6921.4,6924.5,6920.5,6922.3,772,50,0
2026-02-04 07:00:00,6922.2,6923.0,6919.5,6921.8,821,50,0
2026-02-04 07:30:00,6921.9,6925.0,6918.0,6924.8,719,50,0
2026-02-04 08:00:00,6924.7,6929.0,6923.3,6926.8,908,50,0
2026-02-04 08:30:00,6927.0,6935.0,6925.5,6931.3,819,50,0
2026-02-04 09:00:00,6931.0,6935.5,6930.4,6934.3,812,50,0
2026-02-04 09:30:00,6934.2,6937.0,6931.5,6935.0,824,50,0
2026-02-04 10:00:00,6935.3,6936.0,6918.8,6919.0,3483,50,0
2026-02-04 10:30:00,6918.8,6926.7,6917.3,6922.7,3400,50,0
2026-02-04 11:00:00,6922.5,6926.4,6910.3,6914.0,3971,50,0
2026-02-04 11:30:00,6914.2,6918.0,6908.5,6915.8,2901,50,0
2026-02-04 12:00:00,6916.0,6925.8,6915.0,6925.0,2340,50,0
2026-02-04 12:30:00,6924.9,6930.3,6923.8,6926.5,1867,50,0
2026-02-04 13:00:00,6926.7,6929.0,6923.5,6927.0,1685,50,0
2026-02-04 13:30:00,6927.2,6941.3,6925.8,6937.8,2158,50,0
2026-02-04 14:00:00,6937.5,6941.0,6929.8,6931.3,2040,50,0
2026-02-04 14:30:00,6931.5,6934.8,6926.5,6927.8,2162,50,0
2026-02-04 15:00:00,6927.5,6929.8,6922.5,6928.0,3005,50,0
2026-02-04 15:30:00,6928.2,6935.2,6920.8,6921.8,3331,50,0
2026-02-04 16:00:00,6921.9,6926.3,6917.0,6924.6,2867,30,0
2026-02-04 16:30:00,6925.6,6936.8,6900.4,6901.8,13020,30,0
2026-02-04 17:00:00,6901.3,6928.8,6886.1,6920.6,12488,30,0
2026-02-04 17:30:00,6921.1,6923.7,6894.1,6906.6,11661,30,0
2026-02-04 18:00:00,6906.3,6909.8,6884.8,6903.6,9445,30,0
2026-02-04 18:30:00,6903.3,6905.7,6864.1,6885.8,8011,30,0
2026-02-04 19:00:00,6885.6,6891.6,6852.8,6855.7,8771,30,0
2026-02-04 19:30:00,6854.8,6868.6,6838.1,6856.6,9282,30,0
2026-02-04 20:00:00,6857.6,6870.8,6843.8,6869.1,8411,30,0
2026-02-04 20:30:00,6869.3,6875.8,6851.8,6867.1,8383,30,0
2026-02-04 21:00:00,6867.3,6875.1,6854.6,6875.1,8635,30,0
2026-02-04 21:30:00,6875.3,6905.6,6873.6,6904.1,7699,30,0
2026-02-04 22:00:00,6904.6,6905.1,6888.3,6896.6,6232,30,0
2026-02-04 22:30:00,6896.3,6905.6,6877.9,6884.3,5548,30,0
2026-02-04 23:00:00,6884.5,6901.2,6868.1,6896.3,6591,50,0
2026-02-04 23:30:00,6896.6,6917.3,6895.3,6905.1,4267,50,0
2026-02-05 01:00:00,6897.6,6902.7,6892.1,6900.9,1261,50,0
2026-02-05 01:30:00,6901.0,6905.6,6890.6,6894.1,1786,50,0
2026-02-05 02:00:00,6894.0,6905.1,6888.4,6903.9,2897,50,0
2026-02-05 02:30:00,6904.0,6907.0,6900.9,6902.1,1498,50,0
2026-02-05 03:00:00,6902.4,6910.9,6900.4,6905.4,3081,50,0
2026-02-05 03:30:00,6905.5,6911.6,6904.2,6908.1,3058,50,0
2026-02-05 04:00:00,6908.0,6909.4,6875.6,6891.9,5639,50,0
2026-02-05 04:30:00,6891.7,6898.4,6872.4,6873.6,5038,50,0
2026-02-05 05:00:00,6873.9,6885.9,6871.4,6882.2,5224,50,0
2026-02-05 05:30:00,6882.1,6883.0,6865.6,6869.6,4850,50,0
2026-02-05 06:00:00,6869.4,6875.4,6864.6,6870.4,4061,50,0
2026-02-05 06:30:00,6870.2,6883.6,6868.6,6881.1,2898,50,0
2026-02-05 07:00:00,6881.0,6883.1,6870.6,6878.4,3419,50,0
2026-02-05 07:30:00,6878.1,6885.6,6874.9,6877.6,3258,50,0
2026-02-05 08:00:00,6877.4,6886.4,6876.6,6882.1,3054,50,0
2026-02-05 08:30:00,6882.4,6890.4,6880.4,6889.2,2504,50,0
2026-02-05 09:00:00,6889.1,6893.6,6887.1,6891.9,2439,50,0
2026-02-05 09:30:00,6891.6,6893.9,6884.1,6887.4,2418,50,0
2026-02-05 10:00:00,6887.5,6900.6,6884.9,6894.9,5139,50,0
2026-02-05 10:30:00,6894.6,6898.9,6877.4,6877.6,4761,50,0
2026-02-05 11:00:00,6877.5,6890.4,6872.1,6890.1,5017,50,0
2026-02-05 11:30:00,6890.2,6895.4,6877.9,6882.6,3671,50,0
2026-02-05 12:00:00,6882.9,6895.0,6879.9,6893.9,2832,50,0
2026-02-05 12:30:00,6894.1,6894.9,6880.9,6884.5,2968,50,0
2026-02-05 13:00:00,6884.6,6893.4,6881.4,6886.4,2643,50,0
2026-02-05 13:30:00,6886.2,6892.4,6881.1,6889.5,3112,50,0
2026-02-05 14:00:00,6889.4,6897.1,6859.4,6864.1,5200,50,0
2026-02-05 14:30:00,6864.4,6866.6,6833.1,6846.0,9454,50,0
2026-02-05 15:00:00,6846.1,6853.9,6840.4,6844.7,6997,50,0
2026-02-05 15:30:00,6844.6,6855.6,6833.6,6833.9,5061,50,0
2026-02-05 16:00:00,6834.1,6845.5,6823.9,6828.0,6356,30,0
2026-02-05 16:30:00,6828.1,6858.0,6808.7,6824.7,14497,30,0
2026-02-05 17:00:00,6826.1,6833.3,6782.0,6789.0,12113,30,0
2026-02-05 17:30:00,6789.5,6805.3,6779.8,6793.0,11667,30,0
2026-02-05 18:00:00,6792.8,6819.3,6778.5,6819.3,11588,30,0
2026-02-05 18:30:00,6820.5,6836.1,6810.0,6832.9,9996,30,0
2026-02-05 19:00:00,6832.5,6840.3,6810.5,6836.5,9630,30,0
2026-02-05 19:30:00,6836.3,6847.0,6822.8,6825.9,10113,30,0
2026-02-05 20:00:00,6826.5,6834.0,6809.6,6812.3,9047,30,0
2026-02-05 20:30:00,6812.1,6820.8,6797.5,6803.5,6999,30,0
2026-02-05 21:00:00,6803.3,6835.8,6800.8,6823.0,7308,30,0
2026-02-05 21:30:00,6822.6,6822.6,6804.5,6810.8,7830,30,0
2026-02-05 22:00:00,6810.5,6829.8,6797.0,6799.0,7397,30,0
2026-02-05 22:30:00,6798.8,6804.0,6782.3,6793.9,6919,30,0
2026-02-05 23:00:00,6794.2,6804.2,6777.2,6781.9,7274,50,0
2026-02-05 23:30:00,6782.0,6782.4,6761.9,6766.9,4616,50,0
2026-02-06 01:00:00,6766.6,6771.7,6751.3,6764.8,3069,50,0
2026-02-06 01:30:00,6765.0,6766.7,6741.8,6748.5,4006,50,0
2026-02-06 02:00:00,6748.7,6755.5,6729.0,6753.2,6545,50,0
2026-02-06 02:30:00,6753.5,6762.4,6750.1,6762.2,5019,50,0
2026-02-06 03:00:00,6762.4,6767.6,6747.1,6754.1,5812,50,0
2026-02-06 03:30:00,6753.9,6782.6,6752.7,6781.9,4571,50,0
2026-02-06 04:00:00,6782.0,6788.9,6780.1,6786.6,4386,50,0
2026-02-06 04:30:00,6786.7,6788.9,6776.7,6782.6,3584,50,0
2026-02-06 05:00:00,6782.9,6786.6,6773.7,6777.4,3527,50,0
2026-02-06 05:30:00,6777.2,6783.9,6768.1,6779.1,3550,50,0
2026-02-06 06:00:00,6779.0,6779.5,6771.9,6772.7,2519,50,0
2026-02-06 06:30:00,6772.9,6773.6,6760.9,6766.1,3236,50,0
2026-02-06 07:00:00,6766.2,6771.1,6760.4,6770.6,3991,50,0
2026-02-06 07:30:00,6770.7,6791.6,6770.4,6788.6,2714,50,0
2026-02-06 08:00:00,6788.9,6793.9,6787.9,6790.9,2461,50,0
2026-02-06 08:30:00,6791.0,6794.4,6782.1,6784.1,1993,50,0
2026-02-06 09:00:00,6783.9,6789.1,6775.9,6788.0,2622,50,0
2026-02-06 09:30:00,6787.9,6789.6,6781.6,6787.9,2437,50,0
2026-02-06 10:00:00,6788.1,6795.6,6775.1,6786.0,5962,50,0
2026-02-06 10:30:00,6785.9,6799.1,6783.6,6793.7,4568,50,0
2026-02-06 11:00:00,6793.6,6817.1,6789.6,6816.4,4843,50,0
2026-02-06 11:30:00,6816.5,6827.0,6815.9,6821.1,4036,50,0
2026-02-06 12:00:00,6821.2,6822.4,6813.9,6814.9,2935,50,0
2026-02-06 12:30:00,6815.1,6828.1,6813.4,6827.4,2350,50,0
2026-02-06 13:00:00,6827.6,6839.9,6827.4,6834.6,2491,50,0
2026-02-06 13:30:00,6834.9,6848.1,6834.1,6843.4,2916,50,0
2026-02-06 14:00:00,6843.2,6845.7,6831.6,6833.4,3376,50,0
2026-02-06 14:30:00,6833.2,6839.6,6824.1,6828.9,3106,50,0
2026-02-06 15:00:00,6828.6,6841.9,6825.0,6836.6,3464,50,0
2026-02-06 15:30:00,6836.7,6842.6,6828.0,6835.4,4269,50,0
2026-02-06 16:00:00,6835.2,6840.1,6831.4,6832.5,3350,30,0
2026-02-06 16:30:00,6833.2,6885.5,6828.7,6866.6,12398,30,0
2026-02-06 17:00:00,6866.3,6878.2,6851.2,6876.2,12692,30,0
2026-02-06 17:30:00,6877.2,6891.0,6863.7,6877.0,9946,30,0
2026-02-06 18:00:00,6877.2,6897.2,6874.5,6892.5,5882,30,0
2026-02-06 18:30:00,6892.2,6900.7,6890.1,6893.7,4446,30,0
2026-02-06 19:00:00,6893.2,6905.7,6891.7,6905.5,4090,30,0
2026-02-06 19:30:00,6905.2,6916.0,6898.7,6910.2,3122,30,0
2026-02-06 20:00:00,6910.0,6915.5,6906.5,6910.2,2599,30,0
2026-02-06 20:30:00,6910.5,6917.2,6909.2,6911.0,2067,30,0
2026-02-06 21:00:00,6911.2,6916.7,6908.0,6916.2,2227,30,0
2026-02-06 21:30:00,6916.0,6919.2,6910.7,6913.2,1940,30,0
2026-02-06 22:00:00,6913.3,6922.7,6912.7,6917.7,1752,30,0
2026-02-06 22:30:00,6917.2,6944.7,6917.2,6929.9,3023,30,0
2026-02-09 01:00:00,6942.2,6955.8,6940.2,6949.1,2250,50,0
2026-02-09 01:30:00,6949.2,6959.0,6947.1,6953.8,3324,50,0
2026-02-09 02:00:00,6953.7,6960.3,6952.1,6952.3,4594,50,0
2026-02-09 02:30:00,6952.5,6958.2,6948.8,6950.6,3212,50,0
2026-02-09 03:00:00,6950.8,6951.0,6945.3,6945.8,3685,50,0
2026-02-09 03:30:00,6945.6,6949.3,6939.1,6942.3,3854,50,0
2026-02-09 04:00:00,6942.3,6948.3,6939.1,6941.3,3080,50,0
2026-02-09 04:30:00,6941.6,6948.6,6941.3,6942.6,1785,50,0
2026-02-09 05:00:00,6942.7,6945.1,6939.8,6939.8,1781,50,0
2026-02-09 05:30:00,6940.0,6942.8,6936.5,6936.8,2348,50,0
2026-02-09 06:00:00,6936.9,6942.5,6936.8,6941.0,1330,50,0
2026-02-09 06:30:00,6941.3,6941.3,6937.3,6938.5,1072,50,0
2026-02-09 07:00:00,6938.3,6943.7,6936.5,6941.0,1263,50,0
2026-02-09 07:30:00,6941.3,6943.8,6938.5,6942.8,1416,50,0
2026-02-09 08:00:00,6942.9,6943.5,6933.0,6934.5,3735,50,0
2026-02-09 08:30:00,6934.5,6940.3,6932.9,6934.5,2327,50,0
2026-02-09 09:00:00,6934.7,6936.3,6928.8,6929.2,1753,50,0
2026-02-09 09:30:00,6929.3,6936.5,6926.5,6933.0,1733,50,0
2026-02-09 10:00:00,6933.2,6945.9,6931.8,6938.8,3577,50,0
2026-02-09 10:30:00,6938.7,6940.3,6932.8,6936.0,2486,50,0
2026-02-09 11:00:00,6935.9,6939.8,6933.0,6935.5,2570,50,0
2026-02-09 11:30:00,6935.3,6936.8,6921.0,6923.4,2370,50,0
2026-02-09 12:00:00,6923.5,6924.5,6912.8,6913.3,2758,50,0
2026-02-09 12:30:00,6913.4,6916.8,6900.5,6915.3,4039,50,0
2026-02-09 13:00:00,6915.5,6919.0,6910.5,6918.0,2838,50,0
2026-02-09 13:30:00,6917.8,6919.3,6911.8,6914.5,2477,50,0
2026-02-09 14:00:00,6914.8,6923.5,6908.0,6922.8,3178,50,0
2026-02-09 14:30:00,6922.5,6925.5,6919.0,6925.5,2152,50,0
2026-02-09 15:00:00,6925.4,6933.8,6925.3,6927.5,2332,50,0
2026-02-09 15:30:00,6927.3,6928.0,6917.0,6918.0,2560,50,0
2026-02-09 16:00:00,6918.0,6920.3,6909.3,6914.9,2470,50,0
2026-02-09 16:30:00,6915.6,6937.1,6903.9,6925.1,12777,30,0
2026-02-09 17:00:00,6924.1,6950.4,6923.4,6940.4,7895,30,0
2026-02-09 17:30:00,6940.6,6965.6,6940.4,6963.4,3900,30,0
2026-02-09 18:00:00,6963.6,6968.9,6961.6,6968.1,2501,30,0
2026-02-09 18:30:00,6967.9,6977.5,6963.9,6975.5,1927,30,0
2026-02-09 19:00:00,6975.3,6978.0,6972.8,6973.0,1651,30,0
2026-02-09 19:30:00,6973.0,6976.3,6966.5,6967.3,1679,30,0
2026-02-09 20:00:00,6967.4,6971.5,6957.4,6964.0,3255,30,0
2026-02-09 20:30:00,6963.8,6973.8,6961.5,6968.3,2516,30,0
2026-02-09 21:00:00,6968.5,6980.5,6966.5,6979.3,1562,30,0
2026-02-09 21:30:00,6979.5,6980.3,6975.0,6975.8,1234,30,0
2026-02-09 22:00:00,6975.7,6978.8,6964.8,6967.3,1647,30,0
2026-02-09 22:30:00,6966.8,6971.8,6960.0,6960.5,3011,30,0
2026-02-09 23:00:00,6960.4,6966.7,6960.4,6964.2,1177,50,0
2026-02-09 23:30:00,6964.2,6966.4,6962.7,6963.7,308,50,0
2026-02-10 01:00:00,6966.0,6970.0,6960.9,6962.6,1202,50,0
2026-02-10 01:30:00,6962.5,6965.2,6956.4,6959.2,1356,50,0
2026-02-10 02:00:00,6959.4,6962.4,6954.4,6956.6,1936,50,0
2026-02-10 02:30:00,6956.5,6960.1,6954.6,6958.6,1080,50,0
2026-02-10 03:00:00,6958.6,6960.6,6956.1,6956.9,1980,50,0
2026-02-10 03:30:00,6956.6,6963.6,6953.9,6961.1,2423,50,0
2026-02-10 04:00:00,6961.1,6961.4,6956.9,6959.1,1601,50,0
2026-02-10 04:30:00,6959.1,6959.6,6953.4,6956.9,1235,50,0
2026-02-10 05:00:00,6957.0,6957.1,6952.9,6955.4,690,50,0
2026-02-10 05:30:00,6955.1,6959.4,6954.9,6957.1,694,50,0
2026-02-10 06:00:00,6957.1,6961.4,6957.1,6960.9,456,50,0
2026-02-10 06:30:00,6961.1,6964.9,6959.6,6964.4,491,50,0
2026-02-10 07:00:00,6964.6,6964.9,6958.9,6959.4,743,50,0
2026-02-10 07:30:00,6959.5,6966.6,6958.6,6965.4,953,50,0
2026-02-10 08:00:00,6965.4,6965.6,6958.9,6959.1,790,50,0
2026-02-10 08:30:00,6959.4,6960.4,6954.9,6958.4,768,50,0
2026-02-10 09:00:00,6958.6,6964.6,6957.6,6962.6,1233,50,0
2026-02-10 09:30:00,6962.4,6965.4,6961.6,6965.4,719,50,0
2026-02-10 10:00:00,6965.6,6968.1,6960.0,6963.9,2850,50,0
2026-02-10 10:30:00,6963.6,6967.9,6962.6,6965.9,2263,50,0
2026-02-10 11:00:00,6965.7,6978.1,6965.7,6976.4,1926,50,0
2026-02-10 11:30:00,6976.1,6976.5,6967.4,6969.4,1575,50,0
2026-02-10 12:00:00,6969.1,6970.4,6965.4,6969.1,1994,50,0
2026-02-10 12:30:00,6969.0,6972.9,6965.9,6969.6,1210,50,0
2026-02-10 13:00:00,6969.4,6970.9,6965.1,6968.9,1539,50,0
2026-02-10 13:30:00,6969.1,6972.9,6968.4,6972.1,902,50,0
2026-02-10 14:00:00,6972.1,6975.6,6972.0,6975.6,1194,50,0
2026-02-10 14:30:00,6975.9,6976.6,6958.1,6958.4,2976,50,0
2026-02-10 15:00:00,6958.6,6960.9,6951.1,6959.1,3054,50,0
2026-02-10 15:30:00,6957.5,6964.9,6953.5,6964.4,3215,50,0
2026-02-10 16:00:00,6964.6,6971.4,6964.1,6970.4,1467,50,0
2026-02-10 16:30:00,6970.5,6982.5,6955.7,6978.7,10023,30,0
2026-02-10 17:00:00,6979.0,6985.4,6967.9,6980.4,6504,30,0
2026-02-10 17:30:00,6980.2,6986.9,6970.2,6974.9,5447,30,0
2026-02-10 18:00:00,6975.2,6977.8,6962.2,6968.9,5703,30,0
2026-02-10 18:30:00,6969.2,6975.2,6964.7,6969.0,4484,30,0
2026-02-10 19:00:00,6968.9,6978.2,6963.2,6973.9,2982,30,0
2026-02-10 19:30:00,6973.7,6979.4,6969.5,6975.9,2093,30,0
2026-02-10 20:00:00,6975.9,6976.2,6954.9,6955.7,3678,30,0
2026-02-10 20:30:00,6955.4,6959.7,6949.7,6957.4,4224,30,0
2026-02-10 21:00:00,6957.4,6960.4,6952.4,6959.9,3054,30,0
2026-02-10 21:30:00,6960.2,6962.7,6954.9,6958.9,2157,30,0
2026-02-10 22:00:00,6958.7,6961.2,6952.2,6954.2,2114,30,0
2026-02-10 22:30:00,6953.9,6956.7,6937.7,6942.2,3110,30,0
2026-02-10 23:00:00,6941.6,6947.3,6940.1,6945.1,1013,50,0
2026-02-10 23:30:00,6945.6,6951.3,6945.6,6950.6,293,50,0
2026-02-11 01:00:00,6952.8,6956.9,6952.6,6955.6,610,50,0
2026-02-11 01:30:00,6955.4,6956.9,6954.2,6955.7,475,50,0
2026-02-11 02:00:00,6955.8,6958.4,6954.9,6956.7,623,50,0
2026-02-11 02:30:00,6956.8,6959.7,6956.7,6958.7,318,50,0
2026-02-11 03:00:00,6958.9,6962.6,6958.9,6960.7,509,50,0
2026-02-11 03:30:00,6960.7,6964.7,6960.2,6962.4,520,50,0
2026-02-11 04:00:00,6962.7,6964.2,6961.4,6962.7,493,50,0
2026-02-11 04:30:00,6963.1,6964.1,6960.4,6962.9,367,50,0
2026-02-11 05:00:00,6963.2,6963.9,6960.2,6963.7,289,50,0
2026-02-11 05:30:00,6963.6,6967.2,6962.6,6966.2,358,50,0
2026-02-11 06:00:00,6965.9,6966.7,6962.7,6962.9,278,50,0
2026-02-11 06:30:00,6962.9,6963.2,6958.4,6960.7,536,50,0
2026-02-11 07:00:00,6960.6,6964.2,6959.7,6960.2,531,50,0
2026-02-11 07:30:00,6960.4,6960.6,6955.9,6957.4,465,50,0
2026-02-11 08:00:00,6957.3,6961.7,6954.9,6955.4,1005,50,0
2026-02-11 08:30:00,6955.6,6957.9,6954.6,6954.9,628,50,0
2026-02-11 09:00:00,6955.2,6958.7,6951.9,6957.9,860,50,0
2026-02-11 09:30:00,6957.7,6958.1,6953.7,6955.3,740,50,0
2026-02-11 10:00:00,6955.4,6956.9,6944.9,6950.2,2797,50,0
2026-02-11 10:30:00,6950.3,6956.7,6950.2,6953.7,1533,50,0
2026-02-11 11:00:00,6953.6,6958.9,6952.2,6956.2,1863,50,0
2026-02-11 11:30:00,6956.4,6956.7,6946.8,6946.9,2069,50,0
2026-02-11 12:00:00,6946.7,6947.2,6934.1,6942.4,2866,50,0
2026-02-11 12:30:00,6942.4,6945.6,6938.3,6945.4,1815,50,0
2026-02-11 13:00:00,6945.7,6954.4,6945.6,6953.7,1464,50,0
2026-02-11 13:30:00,6953.7,6953.7,6944.9,6945.2,1724,50,0
2026-02-11 14:00:00,6944.7,6952.2,6944.7,6948.9,2149,50,0
2026-02-11 14:30:00,6948.9,6949.9,6945.2,6948.4,1651,50,0
2026-02-11 15:00:00,6948.6,6956.3,6947.7,6952.9,1858,50,0
2026-02-11 15:30:00,6953.0,6987.2,6953.0,6985.8,6298,50,0
2026-02-11 16:00:00,6985.7,6988.4,6980.2,6984.9,2336,50,0
2026-02-11 16:30:00,6985.0,6992.5,6958.9,6961.7,11268,30,0
2026-02-11 17:00:00,6962.0,6968.1,6912.3,6917.1,9891,30,0
2026-02-11 17:30:00,6917.3,6946.3,6915.8,6943.6,9674,30,0
2026-02-11 18:00:00,6943.7,6954.8,6933.8,6938.6,7560,30,0
2026-02-11 18:30:00,6938.7,6953.8,6935.4,6940.8,6768,30,0
2026-02-11 19:00:00,6941.1,6958.8,6934.1,6956.3,6039,30,0
2026-02-11 19:30:00,6956.1,6960.1,6945.8,6947.8,4324,30,0
2026-02-11 20:00:00,6947.9,6950.1,6934.3,6948.1,4917,30,0
2026-02-11 20:30:00,6948.1,6950.3,6940.3,6947.6,4254,30,0
2026-02-11 21:00:00,6947.3,6959.8,6941.3,6957.6,3206,30,0
2026-02-11 21:30:00,6957.7,6958.8,6944.3,6949.3,3153,30,0
2026-02-11 22:00:00,6949.1,6951.1,6942.6,6942.6,2533,30,0
2026-02-11 22:30:00,6942.3,6950.1,6938.3,6939.3,2939,30,0
2026-02-11 23:00:00,6939.2,6947.5,6939.0,6946.0,1178,50,0
2026-02-11 23:30:00,6946.2,6948.2,6943.6,6943.7,590,50,0
2026-02-12 01:00:00,6947.2,6949.5,6938.2,6938.5,1418,50,0
2026-02-12 01:30:00,6938.6,6940.2,6933.2,6938.2,1500,50,0
2026-02-12 02:00:00,6938.1,6942.2,6934.0,6937.0,2138,50,0
2026-02-12 02:30:00,6937.1,6945.5,6937.0,6944.5,991,50,0
2026-02-12 03:00:00,6944.7,6949.0,6941.0,6947.7,1653,50,0
2026-02-12 03:30:00,6947.6,6955.0,6946.2,6951.5,1985,50,0
2026-02-12 04:00:00,6951.7,6954.0,6946.5,6948.5,1535,50,0
2026-02-12 04:30:00,6948.7,6953.5,6947.2,6952.5,803,50,0
2026-02-12 05:00:00,6952.7,6955.7,6951.2,6955.5,733,50,0
2026-02-12 05:30:00,6955.7,6958.7,6955.2,6958.0,512,50,0
2026-02-12 06:00:00,6958.0,6964.0,6957.0,6963.5,526,50,0
2026-02-12 06:30:00,6963.2,6963.5,6959.0,6960.7,437,50,0
2026-02-12 07:00:00,6961.0,6965.0,6960.7,6962.5,499,50,0
2026-02-12 07:30:00,6962.7,6964.5,6961.4,6963.2,420,50,0
2026-02-12 08:00:00,6963.0,6963.7,6957.7,6959.7,967,50,0
2026-02-12 08:30:00,6960.0,6961.7,6953.5,6957.4,1578,50,0
2026-02-12 09:00:00,6957.2,6963.6,6956.6,6962.0,1134,50,0
2026-02-12 09:30:00,6962.1,6963.7,6960.5,6962.7,712,50,0
2026-02-12 10:00:00,6963.5,6965.6,6959.0,6960.0,2777,50,0
2026-02-12 10:30:00,6960.0,6964.4,6955.7,6962.5,2157,50,0
2026-02-12 11:00:00,6963.0,6966.0,6961.5,6963.0,2001,50,0
2026-02-12 11:30:00,6963.2,6965.7,6959.7,6964.2,1181,50,0
2026-02-12 12:00:00,6964.2,6967.0,6957.1,6958.5,1275,50,0
2026-02-12 12:30:00,6958.6,6961.1,6958.2,6960.2,874,50,0
2026-02-12 13:00:00,6961.0,6965.2,6959.5,6964.5,977,50,0
2026-02-12 13:30:00,6964.2,6965.0,6960.0,6964.5,677,50,0
2026-02-12 14:00:00,6963.7,6964.5,6959.7,6963.9,1028,50,0
2026-02-12 14:30:00,6963.7,6967.5,6960.2,6960.5,1051,50,0
2026-02-12 15:00:00,6960.2,6961.0,6954.2,6959.0,1436,50,0
2026-02-12 15:30:00,6958.6,6972.2,6956.7,6967.2,1950,50,0
2026-02-12 16:00:00,6967.5,6967.5,6960.5,6961.8,1520,30,0
2026-02-12 16:30:00,6961.6,6973.6,6943.2,6947.6,9722,30,0
2026-02-12 17:00:00,6947.2,6956.8,6941.3,6950.5,8836,30,0
2026-02-12 17:30:00,6950.8,6954.6,6905.1,6906.1,6850,30,0
2026-02-12 18:00:00,6905.8,6907.3,6854.6,6855.1,8812,30,0
2026-02-12 18:30:00,6855.3,6877.3,6854.3,6863.8,10853,30,0
2026-02-12 19:00:00,6864.1,6871.7,6853.0,6860.3,9149,30,0
2026-02-12 19:30:00,6860.1,6874.8,6848.6,6848.8,8044,30,0
2026-02-12 20:00:00,6848.6,6860.1,6841.3,6849.8,7538,30,0
2026-02-12 20:30:00,6850.1,6872.3,6846.8,6866.1,6965,30,0
2026-02-12 21:00:00,6865.8,6873.3,6855.0,6860.6,6425,30,0
2026-02-12 21:30:00,6860.8,6878.8,6860.8,6871.1,4944,30,0
2026-02-12 22:00:00,6871.3,6874.6,6850.1,6851.0,5443,30,0
2026-02-12 22:30:00,6851.1,6852.8,6822.8,6831.5,6083,30,0
2026-02-12 23:00:00,6831.2,6840.5,6827.7,6840.2,2502,50,0
2026-02-12 23:30:00,6840.0,6846.0,6840.0,6842.5,799,50,0
2026-02-13 01:00:00,6842.3,6847.4,6835.5,6845.0,1938,50,0
2026-02-13 01:30:00,6845.2,6846.3,6828.0,6840.7,3102,50,0
2026-02-13 02:00:00,6840.5,6849.3,6830.2,6832.9,3878,50,0
2026-02-13 02:30:00,6833.0,6835.5,6821.3,6826.0,4061,50,0
2026-02-13 03:00:00,6826.3,6841.3,6826.2,6836.5,3788,50,0
2026-02-13 03:30:00,6836.7,6844.7,6834.6,6839.5,3283,50,0
2026-02-13 04:00:00,6839.4,6845.7,6838.6,6842.5,2820,50,0
2026-02-13 04:30:00,6842.6,6845.7,6839.7,6841.2,1669,50,0
2026-02-13 05:00:00,6841.5,6844.5,6835.0,6836.2,1431,50,0
2026-02-13 05:30:00,6836.1,6840.0,6830.0,6830.7,1980,50,0
2026-02-13 06:00:00,6830.9,6841.4,6829.2,6838.1,1765,50,0
2026-02-13 06:30:00,6838.0,6838.5,6831.1,6832.2,1658,50,0
2026-02-13 07:00:00,6832.4,6834.2,6819.5,6820.1,2572,50,0
2026-02-13 07:30:00,6820.0,6825.7,6818.6,6821.5,3300,50,0
2026-02-13 08:00:00,6821.7,6824.9,6814.0,6815.5,3047,50,0
2026-02-13 08:30:00,6815.7,6822.9,6807.7,6821.7,3064,50,0
2026-02-13 09:00:00,6821.9,6830.9,6821.7,6826.2,2374,50,0
2026-02-13 09:30:00,6826.4,6827.5,6820.0,6826.2,1957,50,0
2026-02-13 10:00:00,6826.5,6833.2,6810.9,6824.7,5770,50,0
2026-02-13 10:30:00,6824.9,6832.7,6820.9,6829.5,4024,50,0
2026-02-13 11:00:00,6829.9,6838.0,6820.4,6834.9,3601,50,0
2026-02-13 11:30:00,6835.0,6837.9,6828.7,6829.7,2774,50,0
2026-02-13 12:00:00,6829.5,6837.2,6827.7,6834.1,2565,50,0
2026-02-13 12:30:00,6834.2,6835.0,6821.0,6822.0,2910,50,0
2026-02-13 13:00:00,6822.2,6823.2,6807.5,6811.2,4616,50,0
2026-02-13 13:30:00,6811.4,6820.7,6803.5,6820.2,4815,50,0
2026-02-13 14:00:00,6820.4,6826.0,6811.1,6819.1,4199,50,0
2026-02-13 14:30:00,6819.0,6826.9,6813.0,6818.7,4109,50,0
2026-02-13 15:00:00,6818.5,6825.6,6805.1,6822.7,5710,50,0
2026-02-13 15:30:00,6823.2,6847.2,6822.5,6838.0,8329,50,0
2026-02-13 16:00:00,6838.2,6845.2,6828.2,6834.1,4369,30,0
2026-02-13 16:30:00,6834.6,6846.3,6792.6,6816.3,13613,30,0
2026-02-13 17:00:00,6817.8,6852.1,6817.7,6848.5,13211,30,0
2026-02-13 17:30:00,6847.8,6864.3,6826.0,6844.7,11085,30,0
2026-02-13 18:00:00,6844.3,6860.3,6836.3,6856.1,9714,30,0
2026-02-13 18:30:00,6855.8,6873.3,6847.6,6866.6,7317,30,0
2026-02-13 19:00:00,6866.5,6878.8,6863.1,6872.0,5304,30,0
2026-02-13 19:30:00,6871.8,6881.3,6867.3,6869.6,4970,30,0
2026-02-13 20:00:00,6869.8,6881.1,6859.3,6872.1,5706,30,0
2026-02-13 20:30:00,6871.8,6879.3,6862.1,6864.8,5719,30,0
2026-02-13 21:00:00,6865.0,6871.8,6859.6,6861.6,5065,30,0
2026-02-13 21:30:00,6861.8,6867.6,6841.1,6842.1,5963,30,0
2026-02-13 22:00:00,6842.0,6851.1,6821.6,6824.6,5697,30,0
2026-02-13 22:30:00,6824.1,6836.1,6816.3,6834.3,7630,30,0
2026-02-16 01:00:00,6843.8,6845.1,6830.0,6842.2,1999,50,0
2026-02-16 01:30:00,6842.3,6846.6,6836.7,6846.6,1699,50,0
2026-02-16 02:00:00,6846.5,6849.6,6841.5,6848.7,2395,50,0
2026-02-16 02:30:00,6848.6,6850.7,6847.2,6848.5,949,50,0
2026-02-16 03:00:00,6848.7,6851.2,6847.0,6848.2,918,50,0
2026-02-16 03:30:00,6848.5,6856.2,6847.2,6854.5,671,50,0
2026-02-16 04:00:00,6854.7,6857.0,6849.2,6850.2,825,50,0
2026-02-16 04:30:00,6850.5,6851.5,6847.7,6848.5,546,50,0
2026-02-16 05:00:00,6848.5,6849.7,6844.8,6845.3,463,50,0
2026-02-16 05:30:00,6845.2,6848.0,6844.0,6847.5,698,50,0
2026-02-16 06:00:00,6847.3,6851.0,6846.5,6849.2,596,50,0
2026-02-16 06:30:00,6849.2,6850.0,6846.2,6847.5,383,50,0
2026-02-16 07:00:00,6847.2,6848.7,6845.2,6848.5,471,50,0
2026-02-16 07:30:00,6848.2,6848.7,6842.0,6844.5,444,50,0
2026-02-16 08:00:00,6844.2,6846.7,6842.1,6846.2,453,50,0
2026-02-16 08:30:00,6846.1,6849.2,6843.5,6848.2,703,50,0
2026-02-16 09:00:00,6848.3,6855.5,6848.0,6853.8,752,50,0
2026-02-16 09:30:00,6853.7,6858.7,6853.1,6855.1,689,50,0
2026-02-16 10:00:00,6855.3,6862.6,6850.8,6856.3,2759,50,0
2026-02-16 10:30:00,6856.2,6864.1,6852.4,6862.3,2076,50,0
2026-02-16 11:00:00,6862.3,6868.8,6860.8,6867.6,1253,50,0
2026-02-16 11:30:00,6867.3,6869.8,6867.1,6867.7,815,50,0
2026-02-16 12:00:00,6867.6,6868.1,6861.8,6863.1,1329,50,0
2026-02-16 12:30:00,6863.2,6866.7,6860.1,6862.1,1226,50,0
2026-02-16 13:00:00,6862.3,6862.8,6855.7,6861.8,1390,50,0
2026-02-16 13:30:00,6861.9,6863.1,6858.2,6860.1,862,50,0
2026-02-16 14:00:00,6860.3,6864.8,6857.4,6863.8,1038,50,0
2026-02-16 14:30:00,6863.8,6863.9,6858.1,6860.3,1448,50,0
2026-02-16 15:00:00,6860.4,6860.6,6856.3,6859.8,1203,50,0
2026-02-16 15:30:00,6859.7,6862.4,6857.6,6857.8,1399,50,0
2026-02-16 16:00:00,6857.6,6857.9,6841.3,6843.3,2638,50,0
2026-02-16 16:30:00,6843.3,6845.8,6830.7,6843.3,3435,30,0
2026-02-16 17:00:00,6843.4,6847.9,6833.9,6834.0,3214,30,0
2026-02-16 17:30:00,6833.9,6837.4,6826.9,6828.2,3304,30,0
2026-02-16 18:00:00,6828.0,6842.2,6825.4,6836.9,3100,30,0
2026-02-16 18:30:00,6837.0,6840.7,6827.7,6836.9,2784,30,0
2026-02-16 19:00:00,6836.8,6839.5,6833.7,6838.9,1418,30,0
2026-02-16 19:30:00,6839.0,6843.9,6835.4,6838.9,1286,30,0
2026-02-17 01:00:00,6841.1,6848.6,6836.4,6846.9,1099,50,0
2026-02-17 01:30:00,6847.1,6853.6,6847.1,6848.3,1147,50,0
2026-02-17 02:00:00,6848.4,6851.9,6841.9,6847.9,2562,50,0
2026-02-17 02:30:00,6847.6,6848.6,6838.1,6839.5,1749,50,0
2026-02-17 03:00:00,6839.4,6846.3,6836.1,6836.8,2152,50,0
2026-02-17 03:30:00,6836.6,6839.4,6809.9,6813.4,3415,50,0
2026-02-17 04:00:00,6813.1,6817.4,6806.4,6816.1,4172,50,0
2026-02-17 04:30:00,6816.3,6818.1,6811.4,6814.3,2189,50,0
2026-02-17 05:00:00,6814.4,6814.6,6802.0,6807.4,2542,50,0
2026-02-17 05:30:00,6807.5,6807.8,6798.3,6804.6,2782,50,0
2026-02-17 06:00:00,6804.8,6808.1,6804.0,6806.9,1499,50,0
2026-02-17 06:30:00,6807.1,6807.1,6801.6,6806.6,1245,50,0
2026-02-17 07:00:00,6806.6,6807.1,6796.4,6802.4,2008,50,0
2026-02-17 07:30:00,6802.6,6803.6,6794.1,6797.4,2416,50,0
2026-02-17 08:00:00,6797.3,6808.4,6797.3,6804.6,1536,50,0
2026-02-17 08:30:00,6804.6,6809.9,6802.9,6808.1,1271,50,0
2026-02-17 09:00:00,6808.3,6808.6,6798.1,6800.1,1961,50,0
2026-02-17 09:30:00,6800.3,6815.4,6798.4,6814.9,2084,50,0
2026-02-17 10:00:00,6814.6,6831.9,6813.4,6823.4,3995,50,0
2026-02-17 10:30:00,6823.3,6824.6,6813.4,6816.4,3556,50,0
2026-02-17 11:00:00,6816.6,6821.9,6814.1,6820.6,3367,50,0
2026-02-17 11:30:00,6820.8,6826.9,6820.1,6825.1,2153,50,0
2026-02-17 12:00:00,6825.3,6827.6,6818.1,6820.1,1842,50,0
2026-02-17 12:30:00,6819.9,6820.4,6807.8,6809.8,2175,50,0
2026-02-17 13:00:00,6809.9,6814.5,6805.3,6814.4,2709,50,0
2026-02-17 13:30:00,6814.5,6819.1,6811.1,6816.1,2380,50,0
2026-02-17 14:00:00,6815.6,6822.9,6811.1,6811.6,2768,50,0
2026-02-17 14:30:00,6811.6,6812.1,6801.9,6803.5,2994,50,0
2026-02-17 15:00:00,6803.6,6811.5,6789.9,6808.8,4845,50,0
2026-02-17 15:30:00,6808.4,6828.1,6803.8,6809.9,4999,50,0
2026-02-17 16:00:00,6809.6,6820.4,6809.6,6819.5,3558,30,0
2026-02-17 16:30:00,6819.1,6846.0,6782.7,6782.7,13130,30,0
2026-02-17 17:00:00,6782.0,6815.2,6780.5,6790.0,12495,30,0
2026-02-17 17:30:00,6790.2,6804.1,6775.2,6803.9,11360,30,0
2026-02-17 18:00:00,6803.7,6851.0,6802.0,6834.2,8710,30,0
2026-02-17 18:30:00,6834.0,6848.0,6826.5,6842.2,8568,30,0
2026-02-17 19:00:00,6842.0,6843.3,6821.8,6839.5,8077,30,0
2026-02-17 19:30:00,6839.4,6840.8,6808.5,6827.8,8575,30,0
2026-02-17 20:00:00,6827.5,6843.0,6815.5,6841.5,8735,30,0
2026-02-17 20:30:00,6841.8,6864.9,6838.0,6858.0,6453,30,0
2026-02-17 21:00:00,6857.8,6863.8,6853.5,6857.8,5364,30,0
2026-02-17 21:30:00,6857.5,6867.3,6852.0,6852.9,4312,30,0
2026-02-17 22:00:00,6853.8,6858.8,6844.5,6846.0,3718,30,0
2026-02-17 22:30:00,6845.8,6850.8,6836.9,6845.9,4633,30,0
2026-02-17 23:00:00,6846.2,6852.9,6841.2,6848.2,2392,50,0
2026-02-17 23:30:00,6848.1,6848.4,6842.7,6845.7,890,50,0
2026-02-18 01:00:00,6846.4,6846.4,6837.2,6841.2,1500,50,0
2026-02-18 01:30:00,6841.4,6842.9,6832.7,6834.2,1439,50,0
2026-02-18 02:00:00,6834.1,6843.2,6833.5,6839.2,1861,50,0
2026-02-18 02:30:00,6839.4,6842.0,6834.1,6836.0,1236,50,0
2026-02-18 03:00:00,6836.1,6840.0,6833.2,6835.5,1591,50,0
2026-02-18 03:30:00,6835.7,6841.2,6834.0,6841.0,1216,50,0
2026-02-18 04:00:00,6841.2,6844.7,6838.7,6840.7,934,50,0
2026-02-18 04:30:00,6840.9,6845.5,6840.9,6843.0,571,50,0
2026-02-18 05:00:00,6843.2,6845.5,6838.6,6841.2,648,50,0
2026-02-18 05:30:00,6841.5,6851.2,6840.9,6850.2,782,50,0
2026-02-18 06:00:00,6850.5,6854.2,6848.6,6853.5,706,50,0
2026-02-18 06:30:00,6853.5,6859.0,6853.0,6858.5,763,50,0
2026-02-18 07:00:00,6858.7,6859.7,6856.2,6858.2,442,50,0
2026-02-18 07:30:00,6858.5,6861.0,6856.2,6857.4,469,50,0
2026-02-18 08:00:00,6857.5,6859.0,6854.2,6857.7,1050,50,0
2026-02-18 08:30:00,6857.5,6862.5,6855.0,6857.4,984,50,0
2026-02-18 09:00:00,6857.2,6859.2,6854.0,6858.2,1063,50,0
2026-02-18 09:30:00,6858.0,6862.6,6857.5,6861.4,849,50,0
2026-02-18 10:00:00,6861.5,6877.2,6861.1,6873.2,2756,50,0
2026-02-18 10:30:00,6873.5,6879.5,6872.7,6878.2,1879,50,0
2026-02-18 11:00:00,6878.5,6883.4,6877.7,6882.1,1645,50,0
2026-02-18 11:30:00,6882.2,6887.7,6879.7,6879.7,1309,50,0
2026-02-18 12:00:00,6880.0,6886.5,6879.2,6886.0,1010,50,0
2026-02-18 12:30:00,6885.7,6886.5,6879.7,6882.2,947,50,0
2026-02-18 13:00:00,6882.1,6883.1,6876.5,6877.5,886,50,0
2026-02-18 13:30:00,6877.4,6878.7,6872.2,6873.5,1094,50,0
2026-02-18 14:00:00,6873.4,6883.1,6870.2,6870.7,2698,50,0
2026-02-18 14:30:00,6870.9,6870.9,6858.5,6869.7,2587,50,0
2026-02-18 15:00:00,6869.5,6873.2,6866.5,6873.2,2018,50,0
2026-02-18 15:30:00,6873.4,6877.2,6854.7,6857.7,2582,50,0
2026-02-18 16:00:00,6857.5,6863.0,6853.7,6857.1,2191,30,0
2026-02-18 16:30:00,6856.8,6881.8,6845.7,6880.0,11473,30,0
2026-02-18 17:00:00,6879.3,6903.4,6878.6,6897.2,5474,30,0
2026-02-18 17:30:00,6897.4,6905.9,6891.4,6903.9,4306,30,0
2026-02-18 18:00:00,6904.2,6908.2,6898.9,6900.9,2966,30,0
2026-02-18 18:30:00,6900.7,6905.9,6893.4,6894.2,3001,30,0
2026-02-18 19:00:00,6894.4,6907.7,6892.2,6900.8,2924,30,0
2026-02-18 19:30:00,6900.7,6906.7,6897.4,6903.7,2348,30,0
2026-02-18 20:00:00,6903.6,6910.1,6893.0,6896.0,2397,30,0
2026-02-18 20:30:00,6896.5,6898.5,6878.7,6887.5,4134,30,0
2026-02-18 21:00:00,6887.1,6891.7,6878.7,6882.5,4530,30,0
2026-02-18 21:30:00,6882.7,6884.2,6858.2,6863.5,5110,30,0
2026-02-18 22:00:00,6863.7,6871.2,6856.9,6859.7,4157,30,0
2026-02-18 22:30:00,6860.0,6890.0,6859.4,6880.4,3780,30,0
2026-02-18 23:00:00,6881.1,6881.1,6873.9,6875.9,910,50,0
2026-02-18 23:30:00,6875.6,6877.6,6873.9,6876.8,318,50,0
2026-02-19 01:00:00,6877.3,6886.3,6877.1,6883.0,882,50,0
2026-02-19 01:30:00,6883.3,6884.3,6878.3,6879.4,730,50,0
2026-02-19 02:00:00,6879.5,6880.4,6871.0,6873.0,1783,50,0
2026-02-19 02:30:00,6872.8,6877.0,6871.8,6875.5,1558,50,0
2026-02-19 03:00:00,6875.3,6885.8,6874.5,6879.8,1746,50,0
2026-02-19 03:30:00,6879.6,6881.5,6874.5,6881.1,1491,50,0
2026-02-19 04:00:00,6881.0,6883.5,6877.5,6883.3,1242,50,0
2026-02-19 04:30:00,6883.5,6884.0,6880.3,6882.0,523,50,0
2026-02-19 05:00:00,6882.1,6884.5,6881.0,6884.5,524,50,0
2026-02-19 05:30:00,6884.4,6885.3,6878.6,6882.4,566,50,0
2026-02-19 06:00:00,6882.5,6884.5,6880.5,6880.5,420,50,0
2026-02-19 06:30:00,6880.8,6882.5,6877.3,6877.9,518,50,0
2026-02-19 07:00:00,6878.0,6881.8,6874.3,6881.5,706,50,0
2026-02-19 07:30:00,6881.3,6887.8,6881.3,6886.0,655,50,0
2026-02-19 08:00:00,6886.3,6887.5,6884.3,6886.5,610,50,0
2026-02-19 08:30:00,6886.4,6891.0,6886.4,6891.0,778,50,0
2026-02-19 09:00:00,6891.1,6894.8,6887.9,6893.8,833,50,0
2026-02-19 09:30:00,6893.9,6895.8,6889.0,6889.4,764,50,0
2026-02-19 10:00:00,6889.6,6896.5,6887.5,6894.0,2345,50,0
2026-02-19 10:30:00,6894.3,6896.1,6873.8,6876.4,2394,50,0
2026-02-19 11:00:00,6876.0,6879.0,6870.8,6872.3,2748,50,0
2026-02-19 11:30:00,6872.1,6875.0,6856.5,6865.0,3112,50,0
2026-02-19 12:00:00,6865.3,6866.5,6851.5,6853.5,3624,50,0
2026-02-19 12:30:00,6853.8,6860.5,6850.5,6857.1,2474,50,0
2026-02-19 13:00:00,6857.0,6862.9,6853.3,6861.0,1683,50,0
2026-02-19 13:30:00,6861.3,6863.9,6855.5,6863.0,1692,50,0
2026-02-19 14:00:00,6862.8,6870.5,6852.3,6867.0,2957,50,0
2026-02-19 14:30:00,6866.9,6869.8,6862.8,6864.0,1804,50,0
2026-02-19 15:00:00,6864.1,6865.3,6851.8,6855.4,2670,50,0
2026-02-19 15:30:00,6855.1,6864.0,6848.0,6856.8,3040,50,0
2026-02-19 16:00:00,6856.5,6858.8,6849.8,6856.1,2189,30,0
2026-02-19 16:30:00,6855.1,6874.9,6841.1,6865.5,11317,30,0
2026-02-19 17:00:00,6865.6,6878.6,6854.9,6855.1,9108,30,0
2026-02-19 17:30:00,6854.9,6875.6,6854.1,6870.1,6769,30,0
2026-02-19 18:00:00,6869.9,6875.1,6855.9,6859.1,5594,30,0
2026-02-19 18:30:00,6859.4,6869.6,6843.9,6851.9,6009,30,0
2026-02-19 19:00:00,6852.1,6864.6,6843.4,6855.4,5067,30,0
2026-02-19 19:30:00,6855.6,6859.4,6837.9,6840.4,5223,30,0
2026-02-19 20:00:00,6840.5,6850.9,6832.1,6840.4,4949,30,0
2026-02-19 20:30:00,6840.6,6855.1,6836.4,6853.9,3840,30,0
2026-02-19 21:00:00,6854.1,6857.1,6846.9,6848.6,3173,30,0
2026-02-19 21:30:00,6848.7,6852.1,6835.1,6842.1,4191,30,0
2026-02-19 22:00:00,6841.9,6851.6,6841.9,6845.4,3395,30,0
2026-02-19 22:30:00,6844.9,6862.8,6844.9,6862.8,3052,30,0
2026-02-19 23:00:00,6862.3,6867.5,6858.8,6862.8,1207,50,0
2026-02-19 23:30:00,6862.5,6862.8,6855.8,6856.5,454,50,0
2026-02-20 01:00:00,6856.5,6863.6,6856.1,6862.2,1008,50,0
2026-02-20 01:30:00,6862.3,6867.1,6862.1,6865.0,771,50,0
2026-02-20 02:00:00,6865.1,6868.6,6860.8,6867.5,1948,50,0
2026-02-20 02:30:00,6867.6,6872.1,6867.3,6871.3,742,50,0
2026-02-20 03:00:00,6871.6,6877.6,6870.6,6874.1,1005,50,0
2026-02-20 03:30:00,6874.2,6875.8,6870.6,6873.3,850,50,0
2026-02-20 04:00:00,6873.5,6878.1,6869.2,6870.0,1319,50,0
2026-02-20 04:30:00,6870.1,6873.8,6868.6,6872.6,790,50,0
2026-02-20 05:00:00,6872.6,6874.8,6872.1,6873.6,404,50,0
2026-02-20 05:30:00,6873.5,6874.1,6870.8,6871.1,363,50,0
2026-02-20 06:00:00,6870.8,6875.6,6870.3,6874.2,458,50,0
2026-02-20 06:30:00,6874.3,6874.6,6872.3,6874.1,260,50,0
2026-02-20 07:00:00,6874.3,6879.3,6873.8,6879.3,421,50,0
2026-02-20 07:30:00,6879.6,6882.8,6878.6,6882.3,441,50,0
2026-02-20 08:00:00,6882.1,6884.6,6881.2,6882.8,363,50,0
2026-02-20 08:30:00,6882.6,6882.6,6879.6,6881.8,402,50,0
2026-02-20 09:00:00,6881.6,6883.6,6880.3,6880.3,666,50,0
2026-02-20 09:30:00,6880.5,6882.2,6874.8,6878.0,883,50,0
2026-02-20 10:00:00,6878.1,6880.3,6872.1,6878.8,2124,50,0
2026-02-20 10:30:00,6878.7,6881.6,6872.3,6880.3,1346,50,0
2026-02-20 11:00:00,6880.5,6889.6,6879.8,6886.3,1235,50,0
2026-02-20 11:30:00,6886.6,6887.1,6876.3,6877.3,1357,50,0
2026-02-20 12:00:00,6877.6,6878.8,6873.6,6874.8,1113,50,0
2026-02-20 12:30:00,6875.1,6876.3,6867.1,6867.1,1369,50,0
2026-02-20 13:00:00,6866.3,6867.2,6854.8,6862.8,2662,50,0
2026-02-20 13:30:00,6863.1,6865.1,6850.8,6854.0,2462,50,0
2026-02-20 14:00:00,6853.8,6858.1,6847.2,6849.3,2700,50,0
2026-02-20 14:30:00,6849.5,6858.5,6845.3,6854.3,2649,50,0
2026-02-20 15:00:00,6854.6,6862.4,6852.6,6861.5,1813,50,0
2026-02-20 15:30:00,6861.4,6861.5,6836.4,6846.6,4872,50,0
2026-02-20 16:00:00,6846.4,6849.6,6832.9,6839.7,3075,30,0
2026-02-20 16:30:00,6840.0,6868.7,6832.7,6865.1,10660,30,0
2026-02-20 17:00:00,6864.7,6910.0,6857.5,6883.7,13370,30,0
2026-02-20 17:30:00,6883.5,6907.6,6870.7,6905.2,10523,30,0
2026-02-20 18:00:00,6905.5,6908.5,6875.7,6875.7,8510,30,0
2026-02-20 18:30:00,6876.0,6907.5,6874.5,6902.7,5871,30,0
2026-02-20 19:00:00,6902.5,6904.7,6856.1,6867.0,7743,30,0
2026-02-20 19:30:00,6866.5,6892.7,6865.0,6890.4,8317,30,0
2026-02-20 20:00:00,6890.7,6893.7,6872.7,6880.7,8430,30,0
2026-02-20 20:30:00,6881.0,6915.7,6873.7,6908.7,9634,30,0
2026-02-20 21:00:00,6909.4,6914.0,6898.5,6902.2,4596,30,0
2026-02-20 21:30:00,6902.0,6907.5,6894.0,6896.5,3799,30,0
2026-02-20 22:00:00,6897.2,6909.2,6896.2,6899.5,3146,30,0
2026-02-20 22:30:00,6899.2,6911.0,6898.5,6910.2,3069,30,0
2026-02-23 01:00:00,6904.2,6909.9,6891.3,6894.0,2274,50,0
2026-02-23 01:30:00,6893.9,6896.3,6887.5,6893.3,2428,50,0
2026-02-23 02:00:00,6893.2,6893.2,6873.5,6877.8,2910,50,0
2026-02-23 02:30:00,6877.5,6878.5,6865.5,6866.3,2862,50,0
2026-02-23 03:00:00,6866.0,6872.3,6863.8,6868.3,3291,50,0
2026-02-23 03:30:00,6868.0,6870.9,6862.0,6862.5,3090,50,0
2026-02-23 04:00:00,6862.3,6865.8,6857.3,6861.8,2567,50,0
2026-02-23 04:30:00,6861.7,6863.8,6860.5,6861.5,1144,50,0
2026-02-23 05:00:00,6861.8,6865.0,6856.5,6860.0,1619,50,0
2026-02-23 05:30:00,6859.8,6860.5,6856.3,6860.0,1137,50,0
2026-02-23 06:00:00,6860.3,6862.3,6857.0,6858.8,618,50,0
2026-02-23 06:30:00,6859.0,6860.5,6855.0,6858.8,547,50,0
2026-02-23 07:00:00,6858.5,6858.8,6854.5,6857.8,792,50,0
2026-02-23 07:30:00,6858.0,6862.0,6857.5,6861.3,564,50,0
2026-02-23 08:00:00,6861.0,6863.5,6860.0,6861.8,522,50,0
2026-02-23 08:30:00,6861.5,6866.8,6861.0,6866.3,503,50,0
2026-02-23 09:00:00,6866.5,6874.8,6865.8,6872.3,1376,50,0
2026-02-23 09:30:00,6872.0,6874.5,6870.3,6872.8,809,50,0
2026-02-23 10:00:00,6873.0,6875.5,6870.0,6873.5,2255,50,0
2026-02-23 10:30:00,6873.8,6879.0,6868.9,6878.3,1623,50,0
2026-02-23 11:00:00,6878.5,6892.0,6878.5,6891.7,1830,50,0
2026-02-23 11:30:00,6891.5,6897.0,6889.8,6894.8,1214,50,0
2026-02-23 12:00:00,6895.0,6899.0,6886.9,6892.9,1479,50,0
2026-02-23 12:30:00,6892.8,6896.5,6891.5,6893.7,1196,50,0
2026-02-23 13:00:00,6893.8,6898.5,6892.0,6893.0,940,50,0
2026-02-23 13:30:00,6892.9,6893.5,6880.0,6884.5,1285,50,0
2026-02-23 14:00:00,6884.3,6888.0,6877.3,6878.8,1969,50,0
2026-02-23 14:30:00,6879.0,6881.5,6874.3,6876.8,2034,50,0
2026-02-23 15:00:00,6876.7,6883.8,6873.8,6882.5,2286,50,0
2026-02-23 15:30:00,6882.7,6890.5,6879.5,6886.8,1572,50,0
2026-02-23 16:00:00,6887.0,6895.8,6886.8,6895.5,1515,50,0
2026-02-23 16:30:00,6895.3,6917.4,6879.9,6881.9,11395,30,0
2026-02-23 17:00:00,6882.0,6889.1,6859.4,6861.9,8788,30,0
2026-02-23 17:30:00,6862.1,6866.6,6838.4,6839.1,6020,30,0
2026-02-23 18:00:00,6839.4,6845.9,6820.4,6845.4,6414,30,0
2026-02-23 18:30:00,6845.1,6847.6,6834.4,6836.1,6060,30,0
2026-02-23 19:00:00,6836.4,6841.4,6832.6,6833.6,4447,30,0
2026-02-23 19:30:00,6833.4,6840.1,6822.4,6837.1,4349,30,0
2026-02-23 20:00:00,6837.0,6856.4,6836.1,6854.9,3401,30,0
2026-02-23 20:30:00,6855.0,6855.9,6835.4,6836.9,3139,30,0
2026-02-23 21:00:00,6836.6,6839.4,6828.4,6829.6,3460,30,0
2026-02-23 21:30:00,6829.4,6833.4,6821.9,6827.2,2970,30,0
2026-02-23 22:00:00,6826.9,6831.7,6822.9,6830.2,2765,30,0
2026-02-23 22:30:00,6829.9,6841.2,6825.4,6840.9,3609,30,0
2026-02-23 23:00:00,6840.7,6845.6,6838.1,6843.8,1155,30,0
2026-02-23 23:30:00,6844.0,6845.8,6842.8,6844.3,376,50,0
2026-02-24 01:00:00,6848.4,6850.0,6842.2,6847.7,1425,50,0
2026-02-24 01:30:00,6848.0,6851.5,6844.2,6844.6,1258,50,0
2026-02-24 02:00:00,6844.5,6849.1,6840.6,6842.5,2088,50,0
2026-02-24 02:30:00,6842.2,6850.5,6841.5,6848.7,1150,50,0
2026-02-24 03:00:00,6848.5,6850.5,6844.2,6848.9,2491,50,0
2026-02-24 03:30:00,6849.0,6851.0,6844.7,6849.2,2137,50,0
2026-02-24 04:00:00,6849.4,6858.0,6848.0,6857.2,1479,50,0
2026-02-24 04:30:00,6857.2,6859.2,6855.7,6857.5,696,50,0
2026-02-24 05:00:00,6857.7,6859.7,6856.7,6859.0,517,50,0
2026-02-24 05:30:00,6858.7,6859.7,6857.2,6857.7,506,50,0
2026-02-24 06:00:00,6858.0,6859.7,6856.2,6859.2,364,50,0
2026-02-24 06:30:00,6859.5,6860.5,6856.7,6859.5,418,50,0
2026-02-24 07:00:00,6859.2,6862.5,6856.2,6857.2,618,50,0
2026-02-24 07:30:00,6857.2,6857.2,6850.0,6852.7,943,50,0
2026-02-24 08:00:00,6852.7,6855.0,6849.2,6851.5,672,50,0
2026-02-24 08:30:00,6851.2,6855.0,6849.2,6854.0,724,50,0
2026-02-24 09:00:00,6853.7,6859.2,6853.2,6858.7,1100,50,0
2026-02-24 09:30:00,6858.7,6860.2,6853.0,6853.5,1070,50,0
2026-02-24 10:00:00,6853.7,6853.7,6841.0,6847.5,4609,50,0
2026-02-24 10:30:00,6847.6,6850.5,6837.7,6843.0,3285,50,0
2026-02-24 11:00:00,6843.0,6855.0,6842.7,6850.9,2433,50,0
2026-02-24 11:30:00,6850.7,6855.7,6845.0,6855.5,1621,50,0
2026-02-24 12:00:00,6855.5,6858.6,6852.5,6853.5,944,50,0
2026-02-24 12:30:00,6853.7,6854.5,6850.0,6853.5,1201,50,0
2026-02-24 13:00:00,6853.7,6856.6,6848.7,6850.2,1328,50,0
2026-02-24 13:30:00,6850.4,6852.2,6847.2,6852.0,1181,50,0
2026-02-24 14:00:00,6851.9,6856.7,6845.7,6846.5,2983,50,0
2026-02-24 14:30:00,6846.5,6846.6,6833.0,6837.4,3061,50,0
2026-02-24 15:00:00,6837.5,6845.0,6837.0,6845.0,2451,50,0
2026-02-24 15:30:00,6844.7,6853.7,6841.2,6850.5,1973,50,0
2026-02-24 16:00:00,6850.7,6850.7,6832.5,6834.2,1949,50,0
2026-02-24 16:30:00,6834.5,6871.1,6816.1,6848.2,11080,30,0
2026-02-24 17:00:00,6848.2,6879.8,6836.0,6879.0,9848,30,0
2026-02-24 17:30:00,6879.3,6881.3,6867.5,6869.5,5959,30,0
2026-02-24 18:00:00,6869.8,6884.8,6868.8,6877.0,4915,30,0
2026-02-24 18:30:00,6876.9,6882.8,6867.3,6880.5,4461,30,0
2026-02-24 19:00:00,6880.8,6894.0,6879.8,6891.5,2887,30,0
2026-02-24 19:30:00,6891.5,6892.8,6885.5,6889.8,1938,30,0
2026-02-24 20:00:00,6889.5,6897.0,6885.3,6886.3,2186,30,0
2026-02-24 20:30:00,6886.5,6894.8,6884.8,6890.5,1979,30,0
2026-02-24 21:00:00,6890.3,6892.0,6882.3,6884.8,2543,30,0
2026-02-24 21:30:00,6884.5,6892.3,6883.5,6887.3,1957,30,0
2026-02-24 22:00:00,6887.5,6889.3,6880.8,6881.3,2011,30,0
2026-02-24 22:30:00,6881.5,6899.3,6881.0,6890.3,2340,30,0
2026-02-24 23:00:00,6889.8,6891.4,6885.7,6887.2,691,30,0
2026-02-24 23:30:00,6887.4,6888.2,6885.9,6886.2,269,50,0
2026-02-25 01:00:00,6888.8,6889.6,6882.8,6888.4,773,50,0
2026-02-25 01:30:00,6888.3,6893.1,6887.1,6891.6,627,50,0
2026-02-25 02:00:00,6891.6,6891.6,6887.6,6888.2,965,50,0
2026-02-25 02:30:00,6888.3,6896.8,6886.6,6895.6,949,50,0
2026-02-25 03:00:00,6895.8,6901.6,6894.1,6897.6,1714,50,0
2026-02-25 03:30:00,6897.7,6903.6,6896.1,6901.8,1303,50,0
2026-02-25 04:00:00,6901.6,6903.3,6899.6,6902.6,1442,50,0
2026-02-25 04:30:00,6902.7,6904.6,6901.1,6903.8,1118,50,0
2026-02-25 05:00:00,6903.9,6904.1,6893.3,6895.3,1723,50,0
2026-02-25 05:30:00,6895.6,6899.6,6881.1,6897.2,2977,50,0
2026-02-25 06:00:00,6897.3,6897.3,6890.6,6894.8,1393,50,0
2026-02-25 06:30:00,6894.8,6896.7,6892.8,6893.6,617,50,0
2026-02-25 07:00:00,6893.8,6897.6,6890.8,6891.8,752,50,0
2026-02-25 07:30:00,6892.1,6894.8,6889.8,6891.6,787,50,0
2026-02-25 08:00:00,6891.3,6896.8,6889.9,6893.1,808,50,0
2026-02-25 08:30:00,6892.8,6896.6,6892.1,6892.8,780,50,0
2026-02-25 09:00:00,6893.1,6895.3,6891.3,6892.6,1117,50,0
2026-02-25 09:30:00,6892.3,6892.8,6888.3,6890.8,957,50,0
2026-02-25 10:00:00,6891.1,6901.6,6890.8,6899.1,2990,50,0
2026-02-25 10:30:00,6899.1,6901.6,6896.6,6899.3,1470,50,0
2026-02-25 11:00:00,6899.1,6901.8,6896.1,6899.3,1798,50,0
2026-02-25 11:30:00,6899.1,6902.8,6898.6,6902.1,1102,50,0
2026-02-25 12:00:00,6902.3,6902.8,6898.1,6900.8,847,50,0
2026-02-25 12:30:00,6900.8,6904.3,6898.3,6899.6,647,50,0
2026-02-25 13:00:00,6899.3,6902.4,6898.3,6901.6,562,50,0
2026-02-25 13:30:00,6901.8,6911.3,6901.6,6911.1,632,50,0
2026-02-25 14:00:00,6910.8,6915.6,6907.6,6912.3,1260,50,0
2026-02-25 14:30:00,6912.1,6915.6,6910.1,6913.6,1208,50,0
2026-02-25 15:00:00,6913.4,6915.8,6911.6,6913.3,1052,50,0
2026-02-25 15:30:00,6913.1,6916.6,6909.3,6914.3,1084,50,0
2026-02-25 16:00:00,6914.4,6923.6,6913.8,6918.1,1685,50,0
2026-02-25 16:30:00,6917.8,6936.2,6917.4,6929.2,6687,30,0
2026-02-25 17:00:00,6929.4,6932.2,6919.0,6928.0,5185,30,0
2026-02-25 17:30:00,6927.7,6929.7,6918.0,6924.7,4124,30,0
2026-02-25 18:00:00,6924.5,6932.2,6923.2,6931.2,2815,30,0
2026-02-25 18:30:00,6931.2,6940.5,6930.5,6937.0,1844,30,0
2026-02-25 19:00:00,6937.0,6940.0,6935.0,6936.2,1381,30,0
2026-02-25 19:30:00,6936.2,6942.5,6935.1,6942.0,1166,30,0
2026-02-25 20:00:00,6942.0,6943.5,6938.5,6939.5,968,30,0
2026-02-25 20:30:00,6939.6,6943.5,6938.5,6941.5,663,30,0
2026-02-25 21:00:00,6941.3,6947.2,6941.3,6945.2,979,30,0
2026-02-25 21:30:00,6945.2,6949.5,6945.2,6947.2,852,30,0
2026-02-25 22:00:00,6947.2,6949.7,6944.5,6945.5,747,30,0
2026-02-25 22:30:00,6945.5,6953.2,6943.7,6947.2,1648,30,0
2026-02-25 23:00:00,6947.0,6951.1,6945.6,6949.2,1591,30,0
2026-02-25 23:30:00,6949.5,6968.7,6948.0,6963.1,5570,50,0
2026-02-26 01:00:00,6954.2,6957.4,6946.7,6949.7,1998,50,0
2026-02-26 01:30:00,6949.5,6950.2,6930.2,6936.9,2604,50,0
2026-02-26 02:00:00,6936.8,6942.4,6934.4,6941.8,2345,50,0
2026-02-26 02:30:00,6941.9,6942.9,6936.7,6938.2,1392,50,0
2026-02-26 03:00:00,6938.2,6938.9,6931.4,6931.4,2566,50,0
2026-02-26 03:30:00,6931.2,6940.9,6929.7,6939.9,1695,50,0
2026-02-26 04:00:00,6939.8,6940.7,6934.7,6936.7,1016,50,0
2026-02-26 04:30:00,6936.9,6938.2,6934.9,6937.9,725,50,0
2026-02-26 05:00:00,6937.7,6938.7,6935.9,6937.9,461,50,0
2026-02-26 05:30:00,6937.7,6941.4,6936.9,6937.2,572,50,0
2026-02-26 06:00:00,6936.9,6938.7,6935.9,6936.4,535,50,0
2026-02-26 06:30:00,6936.7,6937.9,6935.5,6936.7,386,50,0
2026-02-26 07:00:00,6936.5,6936.9,6932.2,6933.8,781,50,0
2026-02-26 07:30:00,6933.7,6936.2,6932.9,6935.4,568,50,0
2026-02-26 08:00:00,6935.7,6939.7,6935.4,6936.4,817,50,0
2026-02-26 08:30:00,6936.2,6942.2,6935.4,6937.9,970,50,0
2026-02-26 09:00:00,6938.0,6942.4,6937.9,6939.7,1030,50,0
2026-02-26 09:30:00,6939.4,6943.8,6939.2,6939.7,981,50,0
2026-02-26 10:00:00,6939.5,6948.7,6938.9,6944.5,2669,50,0
2026-02-26 10:30:00,6944.7,6945.4,6939.2,6940.9,1768,50,0
2026-02-26 11:00:00,6941.0,6946.4,6939.9,6946.2,1548,50,0
2026-02-26 11:30:00,6946.0,6951.7,6945.2,6946.9,767,50,0
2026-02-26 12:00:00,6947.0,6948.9,6943.2,6943.4,807,50,0
2026-02-26 12:30:00,6943.4,6945.4,6939.9,6941.9,921,50,0
2026-02-26 13:00:00,6942.2,6945.7,6940.7,6945.0,1152,50,0
2026-02-26 13:30:00,6944.9,6946.9,6942.2,6945.4,873,50,0
2026-02-26 14:00:00,6945.4,6952.2,6945.4,6951.9,988,50,0
2026-02-26 14:30:00,6952.0,6953.7,6948.5,6950.4,783,50,0
2026-02-26 15:00:00,6950.2,6954.9,6949.2,6954.8,1082,50,0
2026-02-26 15:30:00,6954.7,6958.9,6953.4,6954.7,1171,50,0
2026-02-26 16:00:00,6954.4,6956.4,6950.9,6952.7,603,50,0
2026-02-26 16:30:00,6928.0,6930.3,6920.5,6923.5,2557,30,0
2026-02-26 17:00:00,6922.8,6926.3,6862.7,6872.2,9807,30,0
2026-02-26 17:30:00,6871.9,6897.3,6858.9,6892.9,9863,30,0
2026-02-26 18:00:00,6892.7,6906.8,6890.2,6903.4,7290,30,0
2026-02-26 18:30:00,6903.2,6904.7,6875.9,6877.9,5988,30,0
2026-02-26 19:00:00,6877.8,6885.9,6875.7,6878.6,4839,30,0
2026-02-26 19:30:00,6878.4,6886.6,6870.6,6873.1,2377,30,0
2026-02-27 03:00:00,6884.5,6884.7,6879.5,6879.7,892,50,0
2026-02-27 03:30:00,6879.5,6882.7,6876.2,6881.0,2828,50,0
2026-02-27 04:00:00,6881.1,6886.7,6881.0,6885.7,1275,50,0
2026-02-27 04:30:00,6885.9,6888.8,6882.3,6888.8,771,50,0
2026-02-27 05:00:00,6888.5,6889.3,6885.0,6885.8,670,50,0
2026-02-27 05:30:00,6885.8,6889.0,6883.3,6887.3,853,50,0
2026-02-27 06:00:00,6887.4,6889.8,6885.5,6888.0,793,50,0
2026-02-27 06:30:00,6888.2,6890.5,6887.0,6888.3,539,50,0
2026-02-27 07:00:00,6888.2,6895.3,6888.0,6895.0,622,50,0
2026-02-27 07:30:00,6895.3,6896.0,6890.3,6890.5,660,50,0
2026-02-27 08:00:00,6890.8,6892.5,6881.8,6884.8,1667,50,0
2026-02-27 08:30:00,6884.9,6891.7,6884.5,6889.5,1078,50,0
2026-02-27 09:00:00,6889.8,6897.3,6889.8,6896.8,955,50,0
2026-02-27 09:30:00,6896.8,6897.3,6894.5,6896.2,665,50,0
2026-02-27 10:00:00,6896.0,6899.9,6889.3,6895.2,3057,50,0
2026-02-27 10:30:00,6895.0,6898.8,6892.0,6896.5,1981,50,0
2026-02-27 11:00:00,6896.4,6904.8,6894.8,6900.3,2303,50,0
2026-02-27 11:30:00,6900.2,6900.3,6889.5,6890.7,1888,50,0
2026-02-27 12:00:00,6890.8,6891.5,6876.3,6886.5,2562,50,0
2026-02-27 12:30:00,6886.8,6891.5,6880.3,6883.8,2047,50,0
2026-02-27 13:00:00,6883.8,6885.5,6878.2,6880.8,2145,50,0
2026-02-27 13:30:00,6880.7,6882.8,6868.3,6874.3,3030,50,0
2026-02-27 14:00:00,6874.0,6882.8,6868.3,6879.5,2833,50,0
2026-02-27 14:30:00,6879.4,6881.9,6863.0,6866.8,2909,50,0
2026-02-27 15:00:00,6867.0,6871.4,6854.5,6857.9,3802,50,0
2026-02-27 15:30:00,6856.9,6857.3,6840.8,6854.8,5964,50,0
2026-02-27 16:00:00,6855.0,6855.8,6841.5,6844.3,3332,50,0
2026-02-27 16:30:00,6844.5,6856.6,6830.9,6842.9,12009,30,0
2026-02-27 17:00:00,6843.1,6869.3,6841.0,6859.6,9474,30,0
2026-02-27 17:30:00,6859.6,6874.9,6851.6,6866.6,6851,30,0
2026-02-27 18:00:00,6866.9,6875.1,6860.9,6868.1,6151,30,0
2026-02-27 18:30:00,6868.4,6877.3,6860.6,6863.6,5620,30,0
2026-02-27 19:00:00,6863.8,6877.9,6847.9,6856.4,4948,30,0
2026-02-27 19:30:00,6856.3,6866.4,6849.6,6858.6,5999,30,0
2026-02-27 20:00:00,6855.9,6859.6,6845.6,6852.6,4382,30,0
2026-02-27 20:30:00,6852.9,6857.4,6847.9,6854.6,4118,30,0
2026-02-27 21:00:00,6854.4,6864.9,6849.6,6850.9,3482,30,0
2026-02-27 21:30:00,6850.9,6855.1,6844.9,6848.4,3163,30,0
2026-02-27 22:00:00,6848.1,6876.1,6848.1,6871.1,3144,30,0
2026-02-27 22:30:00,6871.1,6883.6,6860.1,6876.1,4952,30,0
2026-03-02 01:00:00,6817.8,6828.3,6802.3,6813.7,5840,50,0
2026-03-02 01:30:00,6813.3,6817.0,6804.8,6807.0,4567,50,0
2026-03-02 02:00:00,6807.2,6815.1,6800.1,6804.5,5124,50,0
2026-03-02 02:30:00,6804.5,6821.6,6799.8,6819.8,3422,50,0
2026-03-02 03:00:00,6819.6,6847.1,6819.5,6840.1,6077,50,0
2026-03-02 03:30:00,6840.2,6847.1,6837.8,6839.8,4691,50,0
2026-03-02 04:00:00,6840.1,6843.1,6828.3,6829.1,3592,50,0
2026-03-02 04:30:00,6829.0,6837.1,6826.0,6830.3,3143,50,0
2026-03-02 05:00:00,6830.5,6833.3,6826.8,6831.5,2515,50,0
2026-03-02 05:30:00,6831.6,6832.0,6825.3,6827.1,2285,50,0
2026-03-02 06:00:00,6827.0,6830.6,6817.6,6829.5,2459,50,0
2026-03-02 06:30:00,6829.6,6834.6,6820.3,6820.8,2111,50,0
2026-03-02 07:00:00,6820.3,6823.1,6814.2,6816.8,2722,50,0
2026-03-02 07:30:00,6817.0,6820.1,6804.8,6805.6,2331,50,0
2026-03-02 08:00:00,6805.3,6810.6,6796.6,6805.8,3408,50,0
2026-03-02 08:30:00,6806.1,6807.1,6777.2,6788.7,4543,50,0
2026-03-02 09:00:00,6788.7,6791.8,6773.6,6784.6,5581,50,0
2026-03-02 09:30:00,6784.3,6788.8,6772.3,6774.7,4174,50,0
2026-03-02 10:00:00,6775.3,6780.0,6759.2,6761.5,8732,50,0
2026-03-02 10:30:00,6761.6,6790.1,6760.6,6782.5,6176,50,0
2026-03-02 11:00:00,6781.7,6807.6,6779.6,6803.8,5177,50,0
2026-03-02 11:30:00,6803.6,6808.1,6797.6,6802.6,3639,50,0
2026-03-02 12:00:00,6802.3,6816.6,6802.3,6810.3,3891,50,0
2026-03-02 12:30:00,6810.6,6816.3,6805.7,6809.0,3076,50,0
2026-03-02 13:00:00,6809.0,6811.6,6802.8,6807.1,2979,50,0
2026-03-02 13:30:00,6807.0,6821.5,6806.8,6809.8,3621,50,0
2026-03-02 14:00:00,6810.6,6814.6,6799.1,6800.6,4063,50,0
2026-03-02 14:30:00,6800.7,6807.1,6795.3,6801.3,3761,50,0
2026-03-02 15:00:00,6801.8,6823.3,6798.1,6812.8,5176,50,0
2026-03-02 15:30:00,6812.7,6815.1,6794.8,6797.7,4438,50,0
2026-03-02 16:00:00,6797.8,6803.6,6792.5,6801.1,3961,50,0
2026-03-02 16:30:00,6801.4,6848.2,6794.7,6844.3,12466,10,0
2026-03-02 17:00:00,6844.2,6868.9,6835.3,6849.9,10325,30,0
2026-03-02 17:30:00,6849.8,6863.9,6839.4,6857.4,8791,30,0
2026-03-02 18:00:00,6857.4,6871.9,6844.9,6847.6,6633,30,0
2026-03-02 18:30:00,6847.9,6885.6,6844.4,6878.1,6717,30,0
2026-03-02 19:00:00,6878.3,6887.6,6872.9,6880.6,4409,30,0
2026-03-02 19:30:00,6880.4,6889.1,6876.4,6887.9,3826,30,0
2026-03-02 20:00:00,6888.1,6890.1,6876.9,6882.9,3030,30,0
2026-03-02 20:30:00,6883.1,6883.9,6867.6,6868.1,3879,30,0
2026-03-02 21:00:00,6868.4,6898.6,6867.4,6897.9,3922,30,0
2026-03-02 21:30:00,6897.9,6901.9,6895.6,6897.9,2256,30,0
2026-03-02 22:00:00,6897.8,6899.1,6864.1,6868.9,8441,30,0
2026-03-02 22:30:00,6869.1,6888.4,6867.4,6878.4,6996,30,0
2026-03-02 23:00:00,6878.0,6879.3,6869.8,6873.3,2132,50,0
2026-03-02 23:30:00,6873.3,6876.5,6869.8,6874.8,971,50,0
2026-03-03 01:00:00,6877.2,6877.5,6862.5,6866.0,2208,50,0
2026-03-03 01:30:00,6866.1,6870.1,6863.1,6868.6,1694,50,0
2026-03-03 02:00:00,6868.8,6871.5,6859.3,6862.0,3198,50,0
2026-03-03 02:30:00,6862.1,6863.3,6857.8,6858.8,1804,50,0
2026-03-03 03:00:00,6859.1,6867.2,6853.3,6858.1,4043,50,0
2026-03-03 03:30:00,6858.3,6860.6,6845.1,6846.0,4447,50,0
2026-03-03 04:00:00,6846.0,6847.3,6831.8,6837.1,6434,50,0
2026-03-03 04:30:00,6837.2,6847.3,6836.6,6842.1,4272,50,0
2026-03-03 05:00:00,6842.2,6847.0,6834.8,6836.3,3357,50,0
2026-03-03 05:30:00,6836.3,6847.1,6833.3,6840.5,4457,50,0
2026-03-03 06:00:00,6840.6,6843.3,6830.2,6832.7,3534,50,0
2026-03-03 06:30:00,6832.8,6835.3,6826.3,6829.3,3811,50,0
2026-03-03 07:00:00,6829.5,6833.2,6826.5,6831.6,4261,50,0
2026-03-03 07:30:00,6831.5,6831.7,6820.6,6822.8,3518,50,0
2026-03-03 08:00:00,6823.1,6828.1,6817.6,6828.0,3395,50,0
2026-03-03 08:30:00,6827.7,6828.2,6816.2,6819.6,2682,50,0
2026-03-03 09:00:00,6819.3,6822.5,6805.0,6808.7,3321,50,0
2026-03-03 09:30:00,6808.8,6812.2,6804.1,6805.6,3224,50,0
2026-03-03 10:00:00,6805.1,6808.1,6783.7,6783.8,7692,50,0
2026-03-03 10:30:00,6783.6,6788.6,6767.5,6769.6,8198,50,0
2026-03-03 11:00:00,6769.3,6786.0,6769.3,6774.8,8041,50,0
2026-03-03 11:30:00,6774.8,6780.2,6758.3,6759.3,6648,50,0
2026-03-03 12:00:00,6759.5,6763.2,6750.8,6752.8,6807,50,0
2026-03-03 12:30:00,6752.7,6765.3,6742.6,6756.0,7759,50,0
2026-03-03 13:00:00,6755.8,6763.2,6736.2,6756.5,7914,50,0
2026-03-03 13:30:00,6756.6,6771.1,6756.5,6765.6,6819,50,0
2026-03-03 14:00:00,6765.1,6792.6,6763.2,6784.1,7272,50,0
2026-03-03 14:30:00,6783.8,6791.2,6778.1,6785.1,6273,50,0
2026-03-03 15:00:00,6785.3,6787.1,6771.3,6774.2,5814,50,0
2026-03-03 15:30:00,6774.3,6774.8,6751.5,6760.6,6664,50,0
2026-03-03 16:00:00,6760.5,6767.3,6751.1,6764.2,6277,50,0
2026-03-03 16:30:00,6764.3,6785.7,6733.4,6738.2,12299,30,0
2026-03-03 17:00:00,6738.1,6753.4,6731.3,6731.6,2327,30,0
2026-03-03 17:30:00,6725.1,6738.3,6716.7,6725.1,9514,30,0
2026-03-03 18:00:00,6732.4,6779.7,6730.8,6773.8,9930,30,0
2026-03-03 18:30:00,6773.6,6798.6,6760.3,6789.6,10763,30,0
2026-03-03 19:00:00,6789.3,6799.1,6777.6,6797.4,10191,30,0
2026-03-03 19:30:00,6797.3,6798.8,6775.1,6787.3,8565,30,0
2026-03-03 20:00:00,6788.3,6818.6,6787.8,6812.3,7445,30,0
2026-03-03 20:30:00,6812.4,6833.4,6810.8,6827.1,7393,30,0
2026-03-03 21:00:00,6827.1,6829.7,6811.1,6819.3,7574,30,0
2026-03-03 21:30:00,6819.6,6840.6,6807.1,6826.8,9497,30,0
2026-03-03 22:00:00,6826.8,6834.1,6815.9,6824.6,8395,30,0
2026-03-03 22:30:00,6824.8,6829.3,6806.3,6817.3,7371,30,0
2026-03-03 23:00:00,6817.0,6817.2,6806.7,6807.7,2067,50,0
2026-03-03 23:30:00,6808.0,6809.0,6800.6,6804.7,1726,50,0
2026-03-04 01:00:00,6801.6,6816.0,6797.0,6803.2,2923,50,0
2026-03-04 01:30:00,6803.5,6810.7,6801.5,6802.2,2437,50,0
2026-03-04 02:00:00,6802.6,6824.5,6797.6,6818.0,4988,50,0
2026-03-04 02:30:00,6815.1,6816.7,6799.5,6812.6,5604,50,0
2026-03-04 03:00:00,6812.7,6817.8,6788.0,6790.8,8269,50,0
2026-03-04 03:30:00,6790.7,6805.2,6787.0,6798.2,9441,50,0
2026-03-04 04:00:00,6798.7,6804.0,6785.8,6787.7,8080,50,0
2026-03-04 04:30:00,6787.6,6796.7,6779.5,6791.5,5976,50,0
2026-03-04 05:00:00,6791.3,6791.6,6774.8,6778.0,6664,50,0
2026-03-04 05:30:00,6778.0,6785.2,6769.0,6785.0,8101,50,0
2026-03-04 06:00:00,6784.7,6793.5,6782.5,6784.2,6604,50,0
2026-03-04 06:30:00,6784.1,6787.3,6778.2,6783.7,6431,50,0
2026-03-04 07:00:00,6783.7,6788.8,6771.7,6776.8,7404,50,0
2026-03-04 07:30:00,6776.7,6790.0,6773.2,6780.1,6475,50,0
2026-03-04 08:00:00,6780.2,6780.2,6765.2,6776.5,5823,50,0
2026-03-04 08:30:00,6776.3,6786.5,6775.3,6782.1,3702,50,0
2026-03-04 09:00:00,6782.0,6792.7,6774.5,6789.0,4364,50,0
2026-03-04 09:30:00,6789.1,6803.7,6787.7,6798.8,4776,50,0
2026-03-04 10:00:00,6798.8,6804.5,6787.0,6791.1,8780,50,0
2026-03-04 10:30:00,6791.2,6803.0,6789.7,6795.1,7118,50,0
2026-03-04 11:00:00,6795.3,6807.8,6788.5,6805.5,6085,50,0
2026-03-04 11:30:00,6805.6,6818.0,6802.6,6816.7,4888,50,0
2026-03-04 12:00:00,6816.5,6840.0,6813.5,6826.0,7641,50,0
2026-03-04 12:30:00,6825.7,6837.2,6825.7,6834.3,4902,50,0
2026-03-04 13:00:00,6834.3,6846.7,6833.8,6839.0,5392,50,0
2026-03-04 13:30:00,6839.1,6840.5,6824.0,6824.2,4365,50,0
2026-03-04 14:00:00,6824.1,6834.3,6805.7,6806.3,5928,50,0
2026-03-04 14:30:00,6806.2,6820.2,6804.7,6819.3,4891,50,0
2026-03-04 15:00:00,6819.8,6847.6,6818.7,6838.5,6242,50,0
2026-03-04 15:30:00,6838.7,6846.3,6833.8,6839.7,5228,50,0
2026-03-04 16:00:00,6839.7,6847.7,6829.7,6830.0,4786,50,0
2026-03-04 16:30:00,6830.1,6849.1,6810.3,6827.4,13153,30,0
2026-03-04 17:00:00,6827.7,6877.5,6823.0,6876.2,9965,30,0
2026-03-04 17:30:00,6876.3,6877.8,6853.3,6873.2,7690,30,0
2026-03-04 18:00:00,6873.3,6881.3,6856.4,6866.5,7156,30,0
2026-03-04 18:30:00,6866.3,6878.8,6863.2,6872.5,5443,30,0
2026-03-04 19:00:00,6872.8,6878.3,6867.8,6867.8,4208,30,0
2026-03-04 19:30:00,6868.2,6879.0,6860.3,6876.8,4153,30,0
2026-03-04 20:00:00,6877.0,6879.8,6868.5,6875.8,3505,30,0
2026-03-04 20:30:00,6876.0,6883.5,6875.8,6880.3,2636,30,0
2026-03-04 21:00:00,6880.3,6884.3,6878.8,6880.6,2095,30,0
2026-03-04 21:30:00,6880.8,6885.8,6879.1,6882.8,1759,30,0
2026-03-04 22:00:00,6882.6,6884.8,6869.1,6876.6,2723,30,0
2026-03-04 22:30:00,6876.7,6880.6,6865.3,6865.3,3086,30,0
2026-03-04 23:00:00,6865.4,6872.7,6857.7,6869.2,3186,50,0
2026-03-04 23:30:00,6869.5,6873.7,6867.5,6870.7,911,50,0
2026-03-05 01:00:00,6873.8,6880.1,6870.4,6874.4,1719,50,0
2026-03-05 01:30:00,6874.3,6881.3,6873.3,6877.7,1308,50,0
2026-03-05 02:00:00,6877.6,6893.1,6875.8,6886.6,2873,50,0
2026-03-05 02:30:00,6886.7,6890.8,6882.9,6884.6,2098,50,0
2026-03-05 03:00:00,6884.7,6885.3,6866.3,6868.8,4197,50,0
2026-03-05 03:30:00,6868.7,6874.1,6849.6,6855.6,6911,50,0
2026-03-05 04:00:00,6855.7,6859.6,6851.6,6853.3,5190,50,0
2026-03-05 04:30:00,6853.4,6865.4,6849.8,6857.8,4136,50,0
2026-03-05 05:00:00,6857.6,6860.1,6845.4,6847.8,3723,50,0
2026-03-05 05:30:00,6847.9,6852.8,6842.6,6848.6,5438,50,0
2026-03-05 06:00:00,6848.3,6859.1,6845.7,6859.1,3500,50,0
2026-03-05 06:30:00,6859.2,6861.6,6854.8,6860.6,2652,50,0
2026-03-05 07:00:00,6860.7,6861.1,6854.1,6856.1,3149,50,0
2026-03-05 07:30:00,6856.2,6857.1,6846.3,6846.6,2597,50,0
2026-03-05 08:00:00,6846.8,6847.8,6837.3,6841.8,4483,50,0
2026-03-05 08:30:00,6841.8,6859.1,6836.8,6859.1,3960,50,0
2026-03-05 09:00:00,6858.8,6860.3,6850.3,6859.1,3048,50,0
2026-03-05 09:30:00,6858.9,6859.4,6847.7,6855.3,2758,50,0
2026-03-05 10:00:00,6855.3,6856.6,6837.1,6837.9,7607,50,0
2026-03-05 10:30:00,6837.8,6850.6,6832.7,6849.8,6018,50,0
2026-03-05 11:00:00,6850.3,6885.6,6848.4,6866.7,9113,50,0
2026-03-05 11:30:00,6866.8,6870.6,6855.3,6863.7,5684,50,0
2026-03-05 12:00:00,6863.8,6870.2,6858.3,6868.6,4089,50,0
2026-03-05 12:30:00,6868.7,6870.3,6859.6,6861.9,3622,50,0
2026-03-05 13:00:00,6862.1,6872.6,6859.1,6868.8,3225,50,0
2026-03-05 13:30:00,6868.8,6872.1,6858.3,6859.3,3316,50,0
2026-03-05 14:00:00,6859.6,6872.9,6855.6,6864.8,4244,50,0
2026-03-05 14:30:00,6864.6,6866.6,6848.7,6855.1,4575,50,0
2026-03-05 15:00:00,6854.9,6856.3,6845.6,6851.9,4682,50,0
2026-03-05 15:30:00,6852.2,6855.6,6834.9,6836.8,6096,50,0
2026-03-05 16:00:00,6837.1,6840.1,6828.1,6834.3,5145,50,0
2026-03-05 16:30:00,6834.4,6865.2,6832.4,6865.2,11798,30,0
2026-03-05 17:00:00,6864.7,6869.4,6816.9,6821.9,10194,30,0
2026-03-05 17:30:00,6822.2,6839.7,6806.9,6835.2,9784,30,0
2026-03-05 18:00:00,6834.9,6837.4,6803.9,6808.9,9137,30,0
2026-03-05 18:30:00,6809.2,6827.2,6808.7,6824.2,9101,30,0
2026-03-05 19:00:00,6824.4,6837.9,6798.7,6798.8,8321,30,0
2026-03-05 19:30:00,6798.7,6801.5,6773.7,6777.9,9412,30,0
2026-03-05 20:00:00,6777.7,6796.0,6772.4,6776.4,8978,30,0
2026-03-05 20:30:00,6776.2,6792.9,6771.7,6779.9,8090,30,0
2026-03-05 21:00:00,6779.2,6791.4,6776.2,6780.2,7564,30,0
2026-03-05 21:30:00,6779.9,6790.9,6769.4,6784.2,6924,30,0
2026-03-05 22:00:00,6783.9,6818.4,6777.2,6808.4,8304,30,0
2026-03-05 22:30:00,6808.2,6830.7,6805.9,6827.2,7233,30,0
2026-03-05 23:00:00,6826.8,6827.3,6815.1,6820.3,2148,50,0
2026-03-05 23:30:00,6820.2,6820.3,6813.8,6817.4,1250,50,0
2026-03-06 01:00:00,6818.3,6828.4,6814.3,6827.1,1701,50,0
2026-03-06 01:30:00,6827.2,6835.2,6826.4,6833.2,1740,50,0
2026-03-06 02:00:00,6833.1,6842.3,6832.8,6835.4,2871,50,0
2026-03-06 02:30:00,6835.6,6837.7,6833.1,6834.7,2748,50,0
2026-03-06 03:00:00,6834.6,6839.3,6827.0,6830.3,4515,50,0
2026-03-06 03:30:00,6830.5,6837.2,6827.4,6832.5,5293,50,0
2026-03-06 04:00:00,6833.0,6841.3,6831.0,6839.8,3545,50,0
2026-03-06 04:30:00,6839.5,6840.0,6830.3,6830.3,2656,50,0
2026-03-06 05:00:00,6830.5,6836.7,6830.4,6833.3,2463,50,0
2026-03-06 05:30:00,6833.4,6841.5,6832.3,6841.0,2144,50,0
2026-03-06 06:00:00,6841.0,6841.7,6837.3,6837.8,1131,50,0
2026-03-06 06:30:00,6837.5,6846.5,6837.4,6840.8,1175,50,0
2026-03-06 07:00:00,6840.8,6844.5,6840.0,6842.8,1617,50,0
2026-03-06 07:30:00,6843.0,6847.3,6839.3,6841.0,2114,50,0
2026-03-06 08:00:00,6841.0,6844.3,6837.8,6838.4,1614,50,0
2026-03-06 08:30:00,6838.0,6840.5,6836.3,6837.5,1215,50,0
2026-03-06 09:00:00,6837.3,6843.8,6833.8,6841.5,1937,50,0
2026-03-06 09:30:00,6841.3,6844.2,6838.4,6841.2,1736,50,0
2026-03-06 10:00:00,6840.9,6841.5,6822.8,6823.5,5762,50,0
2026-03-06 10:30:00,6823.7,6839.9,6822.8,6831.4,4262,50,0
2026-03-06 11:00:00,6831.5,6834.0,6806.7,6807.5,6550,50,0
2026-03-06 11:30:00,6807.5,6811.5,6792.3,6799.0,7218,50,0
2026-03-06 12:00:00,6799.3,6815.7,6798.8,6813.9,4981,50,0
2026-03-06 12:30:00,6813.7,6814.5,6804.2,6808.5,4420,50,0
2026-03-06 13:00:00,6808.4,6811.3,6794.0,6809.2,5421,50,0
2026-03-06 13:30:00,6809.3,6809.8,6782.8,6787.3,6301,50,0
2026-03-06 14:00:00,6788.2,6795.5,6784.5,6789.8,5187,50,0
2026-03-06 14:30:00,6789.5,6790.5,6777.5,6783.3,4722,50,0
2026-03-06 15:00:00,6783.2,6794.9,6782.2,6792.0,5079,40,0
2026-03-06 15:30:00,6792.4,6792.4,6731.7,6737.9,4874,40,0
2026-03-06 16:00:00,6738.2,6745.4,6730.4,6745.4,3564,40,0
2026-03-06 16:30:00,6745.7,6751.9,6708.9,6720.2,5285,40,0
2026-03-06 17:00:00,6720.2,6755.0,6719.4,6753.0,5009,40,0
2026-03-06 17:30:00,6752.9,6770.9,6736.2,6760.9,4003,40,0
2026-03-06 18:00:00,6761.2,6771.7,6746.2,6755.7,4171,40,0
2026-03-06 18:30:00,6755.7,6771.9,6745.9,6761.7,4145,40,0
2026-03-06 19:00:00,6761.7,6770.2,6745.4,6749.9,3893,40,0
2026-03-06 19:30:00,6750.2,6753.4,6732.2,6742.7,3658,40,0
2026-03-06 20:00:00,6742.7,6773.2,6741.5,6758.2,3773,40,0
2026-03-06 20:30:00,6758.4,6764.9,6748.7,6752.2,3833,40,0
2026-03-06 21:00:00,6752.2,6765.9,6749.7,6761.2,3428,40,0
2026-03-06 21:30:00,6761.2,6768.2,6753.7,6761.7,3112,40,0
2026-03-06 22:00:00,6761.8,6771.7,6731.0,6733.7,3583,40,0
2026-03-06 22:30:00,6733.7,6745.2,6722.9,6735.6,4129,40,0
2026-03-09 00:00:00,6680.0,6681.8,6608.3,6626.8,4039,40,0
2026-03-09 00:30:00,6626.8,6636.8,6626.6,6635.8,2656,40,0
2026-03-09 01:00:00,6635.9,6641.8,6623.3,6631.5,2274,40,0
2026-03-09 01:30:00,6631.5,6632.9,6615.5,6623.4,3396,40,0
2026-03-09 02:00:00,6623.2,6632.8,6612.4,6620.8,4120,40,0
2026-03-09 02:30:00,6620.7,6630.2,6608.1,6614.1,3702,40,0
2026-03-09 03:00:00,6614.3,6618.1,6600.5,6601.1,3983,40,0
2026-03-09 03:30:00,6601.0,6612.4,6585.0,6585.8,3941,40,0
2026-03-09 04:00:00,6585.8,6594.6,6579.8,6590.6,4417,40,0
2026-03-09 04:30:00,6590.5,6603.6,6583.5,6598.4,3894,40,0
2026-03-09 05:00:00,6598.5,6607.1,6597.9,6601.1,3316,40,0
2026-03-09 05:30:00,6600.9,6609.6,6598.1,6604.1,3459,40,0
2026-03-09 06:00:00,6604.1,6615.3,6604.1,6613.9,2687,40,0
2026-03-09 06:30:00,6613.9,6615.6,6606.4,6606.6,1975,40,0
2026-03-09 07:00:00,6606.5,6632.5,6603.4,6630.2,3548,40,0
2026-03-09 07:30:00,6630.6,6638.5,6621.1,6637.4,3926,40,0
2026-03-09 08:00:00,6637.4,6646.5,6631.9,6641.2,3189,40,0
2026-03-09 08:30:00,6641.2,6644.2,6624.0,6627.8,3045,40,0
2026-03-09 09:00:00,6627.8,6643.4,6619.2,6640.3,3636,40,0
2026-03-09 09:30:00,6640.2,6642.9,6632.2,6637.3,3340,40,0
2026-03-09 10:00:00,6637.7,6651.4,6628.9,6642.5,4799,40,0
2026-03-09 10:30:00,6642.3,6655.7,6639.4,6651.2,4199,40,0
2026-03-09 11:00:00,6652.2,6678.8,6644.3,6675.8,4087,40,0
2026-03-09 11:30:00,6675.8,6696.3,6669.0,6678.2,4590,40,0
2026-03-09 12:00:00,6678.2,6681.3,6663.0,6663.8,4050,40,0
2026-03-09 12:30:00,6663.7,6673.2,6656.8,6662.2,3874,40,0
2026-03-09 13:00:00,6662.2,6672.7,6655.9,6658.0,3444,40,0
2026-03-09 13:30:00,6658.2,6671.9,6657.4,6663.2,3506,40,0
2026-03-09 14:00:00,6663.2,6685.2,6662.1,6683.9,3390,40,0
2026-03-09 14:30:00,6683.9,6684.7,6657.1,6665.0,3192,40,0
2026-03-09 15:00:00,6665.2,6679.2,6664.3,6676.7,3703,40,0
2026-03-09 15:30:00,6676.7,6688.7,6639.6,6653.4,5144,40,0
2026-03-09 16:00:00,6652.4,6671.9,6636.7,6653.2,5170,40,0
2026-03-09 16:30:00,6653.1,6694.7,6652.6,6688.7,4375,40,0
2026-03-09 17:00:00,6688.4,6712.2,6688.4,6710.7,3420,40,0
2026-03-09 17:30:00,6710.7,6711.9,6696.7,6707.7,3244,40,0
2026-03-09 18:00:00,6707.6,6729.2,6704.7,6721.4,2815,40,0
2026-03-09 18:30:00,6721.9,6735.9,6711.9,6725.9,2649,40,0
2026-03-09 19:00:00,6725.9,6726.4,6700.2,6701.4,2855,40,0
2026-03-09 19:30:00,6701.7,6706.2,6693.9,6700.7,2849,40,0
2026-03-09 20:00:00,6700.9,6721.4,6700.4,6713.7,2853,40,0
2026-03-09 20:30:00,6713.7,6725.9,6712.7,6713.9,2339,40,0
2026-03-09 21:00:00,6713.9,6788.7,6712.3,6787.9,3560,40,0
2026-03-09 21:30:00,6787.7,6812.9,6772.9,6796.9,4801,40,0
2026-03-09 22:00:00,6796.7,6803.5,6776.3,6787.9,2606,40,0
2026-03-09 22:30:00,6787.6,6791.4,6781.6,6788.1,2438,40,0
2026-03-10 00:00:00,6791.5,6792.4,6769.3,6782.4,3261,40,0
2026-03-10 00:30:00,6782.1,6782.1,6770.3,6773.6,1931,40,0
2026-03-10 01:00:00,6773.6,6777.9,6770.2,6775.8,1538,40,0
2026-03-10 01:30:00,6775.8,6776.1,6761.1,6766.9,1904,40,0
2026-03-10 02:00:00,6766.9,6776.8,6757.5,6776.5,3462,40,0
2026-03-10 02:30:00,6776.5,6786.8,6770.8,6777.8,3018,40,0
2026-03-10 03:00:00,6777.6,6786.4,6775.7,6780.0,3372,40,0
2026-03-10 03:30:00,6780.0,6791.0,6775.9,6787.5,2923,40,0
2026-03-10 04:00:00,6787.5,6789.8,6784.0,6785.8,2122,40,0
2026-03-10 04:30:00,6785.8,6786.3,6770.6,6773.5,2600,40,0
2026-03-10 05:00:00,6774.0,6782.5,6771.6,6774.4,2785,40,0
2026-03-10 05:30:00,6774.0,6774.8,6759.5,6767.5,2974,40,0
2026-03-10 06:00:00,6767.6,6772.3,6762.8,6768.5,2481,40,0
2026-03-10 06:30:00,6768.5,6775.3,6767.3,6772.5,2123,40,0
2026-03-10 07:00:00,6772.5,6784.5,6772.5,6780.4,2758,40,0
2026-03-10 07:30:00,6780.3,6785.8,6777.8,6785.0,2014,40,0
2026-03-10 08:00:00,6785.0,6786.8,6781.5,6786.5,1952,40,0
2026-03-10 08:30:00,6786.7,6790.2,6782.5,6785.3,1802,40,0
2026-03-10 09:00:00,6784.8,6812.4,6781.8,6811.5,2908,40,0
2026-03-10 09:30:00,6811.3,6815.0,6802.2,6814.3,2838,40,0
2026-03-10 10:00:00,6814.3,6826.3,6810.9,6823.3,3767,40,0
2026-03-10 10:30:00,6823.0,6828.7,6813.5,6815.5,3223,40,0
2026-03-10 11:00:00,6815.2,6827.5,6814.0,6821.2,2860,40,0
2026-03-10 11:30:00,6821.5,6825.3,6814.8,6815.4,2652,40,0
2026-03-10 12:00:00,6815.5,6816.3,6802.8,6811.8,2878,40,0
2026-03-10 12:30:00,6811.8,6814.3,6798.0,6809.3,3185,40,0
2026-03-10 13:00:00,6809.3,6818.9,6793.3,6798.0,3429,40,0
2026-03-10 13:30:00,6798.0,6798.9,6782.3,6785.0,2838,40,0
2026-03-10 14:00:00,6785.8,6785.8,6767.7,6770.5,3502,40,0
2026-03-10 14:30:00,6770.5,6787.5,6764.0,6781.2,2768,40,0
2026-03-10 15:00:00,6780.8,6791.8,6780.8,6789.8,2706,40,0
2026-03-10 15:30:00,6789.8,6801.0,6767.5,6770.8,5099,40,0
2026-03-10 16:00:00,6770.9,6792.5,6760.3,6789.0,4583,40,0
2026-03-10 16:30:00,6789.0,6824.8,6789.0,6824.8,3139,40,0
2026-03-10 17:00:00,6824.3,6830.0,6815.5,6824.3,2535,40,0
2026-03-10 17:30:00,6824.3,6832.5,6817.5,6826.8,2575,40,0
2026-03-10 18:00:00,6827.0,6827.0,6809.8,6819.0,2798,40,0
2026-03-10 18:30:00,6819.0,6831.3,6819.0,6827.7,2553,40,0
2026-03-10 19:00:00,6827.7,6847.0,6825.9,6846.0,2657,40,0
2026-03-10 19:30:00,6846.0,6846.0,6819.9,6833.5,3327,40,0
2026-03-10 20:00:00,6833.5,6835.0,6786.5,6806.3,4117,40,0
2026-03-10 20:30:00,6806.3,6816.5,6796.5,6797.5,4510,40,0
2026-03-10 21:00:00,6797.8,6808.0,6786.6,6787.0,3702,40,0
2026-03-10 21:30:00,6786.8,6796.0,6775.0,6782.3,3946,40,0
2026-03-10 22:00:00,6785.5,6796.3,6782.5,6792.8,1946,40,0
2026-03-10 22:30:00,6792.8,6794.4,6790.0,6791.4,1168,40,0
2026-03-11 00:00:00,6791.4,6792.3,6782.3,6782.6,1159,40,0
2026-03-11 00:30:00,6782.6,6784.3,6778.6,6782.8,746,40,0
2026-03-11 01:00:00,6782.8,6788.1,6781.7,6786.6,727,40,0
2026-03-11 01:30:00,6786.8,6794.9,6785.1,6792.7,1058,40,0
2026-03-11 02:00:00,6792.7,6809.2,6791.7,6804.6,2803,40,0
2026-03-11 02:30:00,6804.6,6807.2,6801.7,6804.3,1749,40,0
2026-03-11 03:00:00,6804.3,6810.1,6802.3,6809.1,1658,40,0
2026-03-11 03:30:00,6809.1,6814.8,6808.3,6812.2,1207,40,0
2026-03-11 04:00:00,6812.2,6815.1,6809.2,6811.8,988,40,0
2026-03-11 04:30:00,6811.8,6812.8,6808.6,6812.1,808,40,0
2026-03-11 05:00:00,6812.1,6813.1,6809.4,6812.1,528,40,0
2026-03-11 05:30:00,6812.1,6818.3,6812.1,6817.3,685,40,0
2026-03-11 06:00:00,6817.3,6817.6,6814.4,6816.6,416,40,0
2026-03-11 06:30:00,6816.6,6816.6,6810.1,6811.1,548,40,0
2026-03-11 07:00:00,6811.1,6811.9,6803.6,6806.6,1565,40,0
2026-03-11 07:30:00,6806.6,6806.8,6797.8,6798.7,1565,40,0
2026-03-11 08:00:00,6798.6,6801.6,6794.4,6797.1,2109,40,0
2026-03-11 08:30:00,6797.1,6804.0,6797.1,6801.9,1261,40,0
2026-03-11 09:00:00,6801.9,6803.2,6792.0,6792.9,2004,40,0
2026-03-11 09:30:00,6792.9,6794.4,6779.5,6790.7,2409,40,0
2026-03-11 10:00:00,6790.6,6795.6,6787.6,6790.1,3509,40,0
2026-03-11 10:30:00,6790.0,6795.7,6771.4,6777.9,3254,40,0
2026-03-11 11:00:00,6777.7,6778.8,6767.4,6767.6,3160,40,0
2026-03-11 11:30:00,6767.6,6774.5,6764.2,6765.5,2623,40,0
2026-03-11 12:00:00,6765.5,6785.4,6764.9,6784.1,2674,40,0
2026-03-11 12:30:00,6783.7,6796.0,6782.5,6795.0,2621,40,0
2026-03-11 13:00:00,6795.9,6801.6,6783.4,6785.0,2744,40,0
2026-03-11 13:30:00,6784.9,6787.4,6769.4,6775.4,3176,40,0
2026-03-11 14:00:00,6775.2,6784.9,6772.9,6784.9,2755,40,0
2026-03-11 14:30:00,6785.1,6794.7,6760.1,6767.6,3529,40,0
2026-03-11 15:00:00,6767.4,6787.6,6766.9,6787.6,3022,40,0
2026-03-11 15:30:00,6787.9,6797.5,6773.9,6791.5,4372,40,0
2026-03-11 16:00:00,6791.6,6813.2,6764.4,6774.1,4628,40,0
2026-03-11 16:30:00,6773.9,6796.4,6764.4,6793.1,3789,40,0
2026-03-11 17:00:00,6793.1,6798.9,6758.4,6759.1,3766,40,0
2026-03-11 17:30:00,6759.0,6765.1,6748.9,6754.4,3473,40,0
2026-03-11 18:00:00,6754.4,6759.6,6747.4,6759.4,3151,40,0
2026-03-11 18:30:00,6759.4,6775.4,6759.1,6775.1,2769,40,0
2026-03-11 19:00:00,6775.1,6780.1,6765.7,6776.9,2341,40,0
2026-03-11 19:30:00,6777.6,6778.6,6745.9,6762.1,3674,40,0
2026-03-11 20:00:00,6762.1,6767.1,6749.4,6764.9,2928,40,0
2026-03-11 20:30:00,6765.1,6770.1,6759.9,6764.9,2454,40,0
2026-03-11 21:00:00,6764.9,6767.1,6755.6,6762.1,2090,40,0
2026-03-11 21:30:00,6762.1,6778.1,6759.9,6775.9,1806,40,0
2026-03-11 22:00:00,6775.6,6777.6,6767.3,6773.1,882,40,0
2026-03-11 22:30:00,6773.1,6773.6,6762.8,6764.0,345,40,0
2026-03-12 00:00:00,6764.0,6764.0,6740.0,6743.8,2105,40,0
2026-03-12 00:30:00,6743.8,6746.0,6731.6,6738.0,2008,40,0
2026-03-12 01:00:00,6738.0,6739.1,6725.8,6726.1,2101,40,0
2026-03-12 01:30:00,6726.1,6726.3,6711.5,6725.2,2717,40,0
2026-03-12 02:00:00,6725.4,6726.1,6711.7,6719.1,3086,40,0
2026-03-12 02:30:00,6719.1,6727.6,6718.5,6724.1,1884,40,0
2026-03-12 03:00:00,6724.1,6728.8,6717.8,6728.6,2720,40,0
2026-03-12 03:30:00,6728.6,6734.6,6717.8,6722.8,1810,40,0
2026-03-12 04:00:00,6722.9,6725.1,6714.5,6715.1,1941,40,0
2026-03-12 04:30:00,6715.1,6715.8,6702.1,6708.3,2400,40,0
2026-03-12 05:00:00,6708.3,6714.5,6706.6,6707.1,1547,40,0
2026-03-12 05:30:00,6707.2,6709.4,6702.6,6709.1,1720,40,0
2026-03-12 06:00:00,6709.3,6715.8,6708.1,6714.3,1198,40,0
2026-03-12 06:30:00,6714.3,6714.8,6705.6,6706.6,1055,40,0
2026-03-12 07:00:00,6706.6,6719.3,6706.3,6714.6,2449,40,0
2026-03-12 07:30:00,6714.6,6718.3,6709.6,6717.2,2069,40,0
2026-03-12 08:00:00,6717.1,6720.9,6712.1,6720.4,1889,40,0
2026-03-12 08:30:00,6720.6,6727.9,6719.9,6726.7,1281,40,0
2026-03-12 09:00:00,6726.7,6734.4,6726.6,6733.2,1520,40,0
2026-03-12 09:30:00,6733.2,6742.6,6727.4,6742.4,1817,40,0
2026-03-12 10:00:00,6742.3,6752.9,6741.8,6741.9,3001,40,0
2026-03-12 10:30:00,6742.0,6750.0,6736.6,6746.2,2517,40,0
2026-03-12 11:00:00,6746.2,6747.6,6730.1,6739.7,2374,40,0
2026-03-12 11:30:00,6739.7,6754.6,6739.4,6753.6,2524,40,0
2026-03-12 12:00:00,6753.6,6756.1,6746.2,6747.4,2173,40,0
2026-03-12 12:30:00,6747.4,6756.2,6742.9,6744.9,2369,40,0
2026-03-12 13:00:00,6744.9,6746.4,6737.9,6744.0,2150,40,0
2026-03-12 13:30:00,6744.0,6756.9,6738.4,6739.0,2369,40,0
2026-03-12 14:00:00,6739.1,6740.4,6726.4,6735.5,2732,40,0
2026-03-12 14:30:00,6735.8,6735.8,6725.6,6733.9,2701,40,0
2026-03-12 15:00:00,6733.9,6737.4,6715.1,6722.6,3135,40,0
2026-03-12 15:30:00,6723.1,6728.1,6693.4,6700.1,4437,40,0
2026-03-12 16:00:00,6699.9,6723.6,6692.6,6692.6,3774,40,0
2026-03-12 16:30:00,6692.4,6717.3,6684.6,6697.1,3880,40,0
2026-03-12 17:00:00,6696.9,6699.6,6680.9,6693.9,3219,40,0
2026-03-12 17:30:00,6693.4,6715.1,6684.1,6705.1,4042,40,0
2026-03-12 18:00:00,6705.1,6725.1,6689.4,6700.1,3767,40,0
2026-03-12 18:30:00,6700.1,6714.6,6692.6,6700.6,3682,40,0
2026-03-12 19:00:00,6700.6,6715.4,6692.6,6698.0,3342,40,0
2026-03-12 19:30:00,6697.9,6710.1,6685.1,6693.9,2974,40,0
2026-03-12 20:00:00,6693.9,6704.6,6689.1,6694.4,2876,40,0
2026-03-12 20:30:00,6694.4,6697.1,6684.4,6685.6,2324,40,0
2026-03-12 21:00:00,6685.6,6696.1,6681.1,6692.4,2666,40,0
2026-03-12 21:30:00,6692.4,6698.9,6671.4,6672.6,2583,40,0
2026-03-12 22:00:00,6672.6,6679.6,6668.2,6676.6,1588,40,0
2026-03-12 22:30:00,6676.6,6683.8,6675.0,6680.9,643,40,0
2026-03-13 00:00:00,6684.4,6684.4,6673.9,6683.5,1832,40,0
2026-03-13 00:30:00,6683.5,6689.6,6682.4,6687.1,1219,40,0
2026-03-13 01:00:00,6687.1,6692.1,6682.4,6685.6,1233,40,0
2026-03-13 01:30:00,6685.6,6688.0,6675.9,6676.4,1540,40,0
2026-03-13 02:00:00,6676.4,6702.5,6668.1,6698.1,3025,40,0
2026-03-13 02:30:00,6698.1,6703.6,6695.2,6698.9,2211,40,0
2026-03-13 03:00:00,6698.9,6707.4,6698.7,6702.4,2367,40,0
2026-03-13 03:30:00,6702.4,6703.6,6696.8,6698.9,1629,40,0
2026-03-13 04:00:00,6698.9,6703.5,6695.9,6696.6,1694,40,0
2026-03-13 04:30:00,6696.6,6699.9,6692.4,6693.5,1512,40,0
2026-03-13 05:00:00,6693.6,6697.1,6689.7,6693.1,1618,40,0
2026-03-13 05:30:00,6693.1,6698.9,6689.6,6698.1,1452,40,0
2026-03-13 06:00:00,6698.1,6698.6,6687.6,6688.9,1137,40,0
2026-03-13 06:30:00,6688.9,6689.9,6684.6,6688.1,1278,40,0
2026-03-13 07:00:00,6687.9,6690.1,6683.4,6689.4,1614,40,0
2026-03-13 07:30:00,6689.4,6693.1,6686.9,6690.0,1466,40,0
2026-03-13 08:00:00,6689.9,6691.4,6677.9,6679.9,1701,40,0
2026-03-13 08:30:00,6680.1,6681.4,6663.9,6664.6,2169,40,0
2026-03-13 09:00:00,6664.5,6666.0,6646.9,6656.3,3075,40,0
2026-03-13 09:30:00,6656.3,6660.6,6647.4,6652.3,2559,40,0
2026-03-13 10:00:00,6652.4,6654.8,6636.6,6640.9,3618,40,0
2026-03-13 10:30:00,6640.8,6668.4,6640.8,6665.6,3229,40,0
2026-03-13 11:00:00,6665.6,6680.0,6665.4,6670.4,3154,40,0
2026-03-13 11:30:00,6670.4,6676.8,6667.3,6670.5,2457,40,0
2026-03-13 12:00:00,6670.5,6690.3,6669.5,6683.1,2384,40,0
2026-03-13 12:30:00,6683.1,6690.6,6679.0,6690.3,2459,40,0
2026-03-13 13:00:00,6690.1,6699.6,6687.0,6694.3,2878,40,0
2026-03-13 13:30:00,6694.1,6703.1,6691.5,6702.6,2398,40,0
2026-03-13 14:00:00,6702.6,6706.1,6694.1,6700.3,2238,40,0
2026-03-13 14:30:00,6700.3,6721.3,6695.9,6706.6,3586,40,0
2026-03-13 15:00:00,6706.5,6709.0,6698.9,6703.6,2779,40,0
2026-03-13 15:30:00,6703.6,6733.6,6700.1,6716.0,4483,40,0
2026-03-13 16:00:00,6715.8,6722.6,6687.4,6698.6,4256,40,0
2026-03-13 16:30:00,6698.6,6712.6,6660.1,6662.4,4221,40,0
2026-03-13 17:00:00,6663.1,6679.4,6654.6,6655.9,3854,40,0
2026-03-13 17:30:00,6655.4,6663.4,6641.6,6643.9,3896,40,0
2026-03-13 18:00:00,6643.6,6659.6,6643.6,6653.4,3713,40,0
2026-03-13 18:30:00,6653.4,6662.4,6641.6,6643.6,3437,40,0
2026-03-13 19:00:00,6643.4,6661.0,6641.4,6653.4,3179,40,0
2026-03-13 19:30:00,6654.4,6655.3,6630.9,6636.1,3161,40,0
2026-03-13 20:00:00,6636.4,6647.1,6634.8,6643.4,2703,40,0
2026-03-13 20:30:00,6643.4,6658.1,6641.1,6651.9,2319,40,0
2026-03-13 21:00:00,6651.9,6652.0,6631.4,6633.4,2444,40,0
2026-03-13 21:30:00,6633.4,6639.8,6623.6,6633.4,2312,40,0
2026-03-13 22:00:00,6633.4,6634.1,6624.6,6628.4,949,40,0
2026-03-13 22:30:00,6628.4,6633.1,6622.1,6625.4,556,40,0
2026-03-16 00:00:00,6619.8,6640.4,6610.8,6623.6,2769,40,0
2026-03-16 00:30:00,6623.6,6656.8,6619.0,6654.4,2117,40,0
2026-03-16 01:00:00,6654.4,6661.3,6643.9,6645.0,2723,40,0
2026-03-16 01:30:00,6645.0,6651.1,6639.8,6647.5,2485,40,0
2026-03-16 02:00:00,6647.3,6668.0,6647.0,6658.8,3144,40,0
2026-03-16 02:30:00,6658.8,6665.6,6657.3,6663.3,2330,40,0
2026-03-16 03:00:00,6663.3,6666.8,6658.9,6660.3,2718,40,0
2026-03-16 03:30:00,6660.3,6670.0,6654.7,6667.9,2751,40,0
2026-03-16 04:00:00,6667.9,6668.5,6658.9,6659.8,2513,40,0
2026-03-16 04:30:00,6659.8,6663.3,6657.0,6659.9,2047,40,0
2026-03-16 05:00:00,6660.0,6665.6,6659.9,6665.3,1503,40,0
2026-03-16 05:30:00,6665.4,6672.5,6665.1,6671.0,1348,40,0
2026-03-16 06:00:00,6671.0,6673.6,6669.8,6670.3,1101,40,0
2026-03-16 06:30:00,6670.1,6670.4,6663.8,6663.8,937,40,0
2026-03-16 07:00:00,6663.8,6668.5,6663.8,6665.5,1331,40,0
2026-03-16 07:30:00,6665.6,6676.8,6664.0,6676.0,1329,40,0
2026-03-16 08:00:00,6676.0,6677.9,6670.0,6670.8,1165,40,0
2026-03-16 08:30:00,6670.8,6678.0,6670.8,6677.7,930,40,0
2026-03-16 09:00:00,6677.5,6681.5,6667.3,6668.2,1993,40,0
2026-03-16 09:30:00,6668.2,6671.4,6660.0,6663.4,2196,40,0
2026-03-16 10:00:00,6663.4,6678.0,6662.3,6668.5,3327,40,0
2026-03-16 10:30:00,6668.0,6671.8,6658.3,6665.0,3095,40,0
2026-03-16 11:00:00,6665.2,6666.4,6654.0,6660.5,3020,40,0
2026-03-16 11:30:00,6660.5,6662.0,6650.5,6655.0,2846,40,0
2026-03-16 12:00:00,6654.8,6677.3,6653.5,6674.3,2925,40,0
2026-03-16 12:30:00,6674.4,6684.8,6668.5,6683.7,2735,40,0
2026-03-16 13:00:00,6683.2,6683.3,6674.8,6676.0,2619,40,0
2026-03-16 13:30:00,6676.1,6689.2,6675.3,6686.8,2463,40,0
2026-03-16 14:00:00,6686.8,6700.3,6686.8,6694.8,2262,40,0
2026-03-16 14:30:00,6694.9,6702.7,6691.3,6693.0,2546,40,0
2026-03-16 15:00:00,6693.2,6699.2,6692.0,6695.5,2626,40,0
2026-03-16 15:30:00,6695.5,6721.3,6689.0,6720.0,3670,40,0
2026-03-16 16:00:00,6720.3,6726.3,6712.3,6714.8,3290,40,0
2026-03-16 16:30:00,6714.8,6715.5,6687.8,6710.3,3563,40,0
2026-03-16 17:00:00,6710.3,6715.0,6698.0,6712.3,3178,40,0
2026-03-16 17:30:00,6712.5,6718.3,6696.4,6696.5,2803,40,0
2026-03-16 18:00:00,6696.5,6703.5,6683.3,6685.8,3311,40,0
2026-03-16 18:30:00,6685.8,6702.5,6683.2,6695.9,3201,40,0
2026-03-16 19:00:00,6696.2,6709.3,6695.8,6704.3,2999,40,0
2026-03-16 19:30:00,6704.8,6707.5,6691.5,6699.3,2453,40,0
2026-03-16 20:00:00,6699.3,6712.8,6698.8,6710.0,2461,40,0
2026-03-16 20:30:00,6710.0,6714.5,6706.8,6707.8,1667,40,0
2026-03-16 21:00:00,6707.8,6732.3,6698.8,6704.5,3139,40,0
2026-03-16 21:30:00,6704.4,6705.5,6695.8,6701.8,2749,40,0
2026-03-16 22:00:00,6701.8,6705.8,6695.8,6696.0,1460,40,0
2026-03-16 22:30:00,6696.0,6699.3,6694.5,6695.4,1066,40,0
2026-03-17 00:00:00,6698.8,6699.1,6691.7,6697.7,1293,40,0
2026-03-17 00:30:00,6697.7,6698.2,6691.4,6692.2,1063,40,0
2026-03-17 01:00:00,6692.2,6695.9,6692.0,6695.4,911,40,0
2026-03-17 01:30:00,6695.4,6700.5,6694.6,6700.2,1071,40,0
2026-03-17 02:00:00,6700.2,6700.4,6686.4,6688.9,1782,40,0
2026-03-17 02:30:00,6688.9,6694.6,6682.5,6684.1,1883,40,0
2026-03-17 03:00:00,6684.1,6690.1,6683.7,6688.1,1920,40,0
2026-03-17 03:30:00,6688.1,6691.6,6684.6,6690.0,1853,40,0
2026-03-17 04:00:00,6690.1,6690.4,6685.5,6686.9,1318,40,0
2026-03-17 04:30:00,6686.9,6689.2,6680.5,6680.9,1224,40,0
2026-03-17 05:00:00,6680.9,6685.9,6679.7,6683.5,1131,40,0
2026-03-17 05:30:00,6683.6,6684.6,6678.9,6680.9,1404,40,0
2026-03-17 06:00:00,6680.8,6684.9,6679.9,6683.9,1045,40,0
2026-03-17 06:30:00,6683.9,6692.5,6683.9,6689.9,1190,40,0
2026-03-17 07:00:00,6689.9,6692.9,6688.8,6690.9,1279,40,0
2026-03-17 07:30:00,6690.9,6692.1,6671.4,6671.9,1963,40,0
2026-03-17 08:00:00,6671.8,6674.0,6663.9,6671.7,2889,40,0
2026-03-17 08:30:00,6671.5,6673.3,6667.3,6669.9,1993,40,0
2026-03-17 09:00:00,6669.5,6680.2,6666.2,6679.7,2326,40,0
2026-03-17 09:30:00,6679.6,6684.0,6671.9,6674.6,1867,40,0
2026-03-17 10:00:00,6674.7,6682.5,6671.2,6671.9,3436,40,0
2026-03-17 10:30:00,6672.0,6682.2,6667.8,6676.4,2853,40,0
2026-03-17 11:00:00,6676.5,6695.4,6676.4,6694.7,2625,40,0
2026-03-17 11:30:00,6694.5,6696.3,6689.8,6695.8,2441,40,0
2026-03-17 12:00:00,6695.8,6696.1,6683.3,6687.2,2288,40,0
2026-03-17 12:30:00,6686.9,6694.8,6685.8,6694.4,2012,40,0
2026-03-17 13:00:00,6694.2,6699.5,6691.2,6696.5,2110,40,0
2026-03-17 13:30:00,6696.5,6699.2,6689.8,6690.7,2244,40,0
2026-03-17 14:00:00,6690.8,6714.7,6690.4,6713.8,2489,40,0
2026-03-17 14:30:00,6713.8,6722.2,6713.7,6719.9,2339,40,0
2026-03-17 15:00:00,6719.9,6739.0,6719.7,6735.4,2447,40,0
2026-03-17 15:30:00,6735.7,6755.9,6731.3,6750.5,3882,40,0
2026-03-17 16:00:00,6750.8,6750.8,6727.2,6737.2,3798,40,0
2026-03-17 16:30:00,6737.4,6746.4,6733.2,6741.9,3628,40,0
2026-03-17 17:00:00,6742.2,6744.7,6727.7,6728.4,3760,40,0
2026-03-17 17:30:00,6727.9,6733.7,6715.2,6721.8,3813,40,0
2026-03-17 18:00:00,6721.8,6727.4,6712.7,6723.9,3787,40,0
2026-03-17 18:30:00,6723.9,6728.2,6719.0,6721.5,3395,40,0
2026-03-17 19:00:00,6721.5,6731.2,6721.2,6727.2,2782,40,0
2026-03-17 19:30:00,6726.2,6731.7,6722.1,6728.9,2732,40,0
2026-03-17 20:00:00,6728.9,6734.9,6720.6,6720.9,2710,40,0
2026-03-17 20:30:00,6720.9,6726.3,6719.2,6722.7,2565,40,0
2026-03-17 21:00:00,6722.7,6727.8,6717.9,6722.2,1959,40,0
2026-03-17 21:30:00,6722.2,6724.5,6716.7,6719.4,2031,40,0
2026-03-17 22:00:00,6719.7,6722.1,6717.5,6721.6,1211,40,0
2026-03-17 22:30:00,6721.6,6723.6,6719.2,6719.6,466,40,0
2026-03-18 00:00:00,6722.2,6722.6,6715.2,6717.5,651,40,0
2026-03-18 00:30:00,6717.5,6719.0,6713.0,6716.2,569,40,0
2026-03-18 01:00:00,6716.3,6719.5,6713.7,6715.2,588,40,0
2026-03-18 01:30:00,6714.7,6717.0,6713.2,6714.5,535,40,0
2026-03-18 02:00:00,6714.2,6724.6,6713.2,6722.2,1498,40,0
2026-03-18 02:30:00,6722.5,6729.5,6720.8,6728.8,968,40,0
2026-03-18 03:00:00,6729.2,6734.7,6729.0,6733.0,1048,40,0
2026-03-18 03:30:00,6733.0,6734.3,6730.7,6734.0,646,40,0
2026-03-18 04:00:00,6734.0,6741.0,6733.7,6740.0,836,40,0
2026-03-18 04:30:00,6740.0,6742.2,6738.7,6740.2,551,40,0
2026-03-18 05:00:00,6740.2,6742.5,6736.3,6741.0,508,40,0
2026-03-18 05:30:00,6741.0,6746.7,6738.9,6745.2,469,40,0
2026-03-18 06:00:00,6745.2,6748.2,6744.4,6747.0,466,40,0
2026-03-18 06:30:00,6747.0,6749.2,6742.2,6747.2,365,40,0
2026-03-18 07:00:00,6747.1,6751.0,6746.0,6750.5,594,40,0
2026-03-18 07:30:00,6750.5,6752.7,6749.1,6752.5,424,40,0
2026-03-18 08:00:00,6752.5,6762.0,6751.7,6761.5,775,40,0
2026-03-18 08:30:00,6761.2,6762.0,6755.5,6756.0,732,40,0
2026-03-18 09:00:00,6756.0,6758.7,6752.4,6756.0,806,40,0
2026-03-18 09:30:00,6756.0,6757.5,6751.0,6751.5,713,40,0
2026-03-18 10:00:00,6751.5,6758.7,6750.2,6752.5,1630,40,0
2026-03-18 10:30:00,6752.2,6757.0,6750.2,6754.5,1581,40,0
2026-03-18 11:00:00,6754.5,6758.0,6751.0,6755.7,1446,40,0
2026-03-18 11:30:00,6755.7,6758.0,6753.2,6754.1,996,40,0
2026-03-18 12:00:00,6754.2,6759.7,6752.2,6757.0,911,40,0
2026-03-18 12:30:00,6757.0,6759.0,6750.7,6751.2,943,40,0
2026-03-18 13:00:00,6751.0,6755.5,6737.2,6737.5,1734,40,0
2026-03-18 13:30:00,6737.6,6749.6,6735.7,6740.9,2559,40,0
2026-03-18 14:00:00,6740.9,6742.5,6715.5,6721.9,3063,40,0
2026-03-18 14:30:00,6721.9,6722.2,6682.2,6685.0,4099,40,0
2026-03-18 15:00:00,6685.0,6697.7,6680.2,6694.2,3018,40,0
2026-03-18 15:30:00,6694.5,6707.7,6690.0,6703.9,4329,40,0
2026-03-18 16:00:00,6703.4,6705.1,6667.5,6670.0,3929,40,0
2026-03-18 16:30:00,6670.0,6682.2,6667.0,6682.0,2896,40,0
2026-03-18 17:00:00,6682.0,6691.0,6674.5,6679.7,2719,40,0
2026-03-18 17:30:00,6679.7,6687.0,6677.2,6681.0,2322,40,0
2026-03-18 18:00:00,6681.2,6686.4,6675.7,6681.7,2165,40,0
2026-03-18 18:30:00,6681.5,6683.7,6668.7,6676.0,2367,40,0
2026-03-18 19:00:00,6676.0,6676.9,6664.7,6669.0,1983,40,0
2026-03-18 19:30:00,6668.7,6679.5,6663.5,6678.2,2113,40,0
2026-03-18 20:00:00,6678.1,6685.5,6664.5,6672.0,3429,40,0
2026-03-18 20:30:00,6671.7,6673.5,6643.2,6643.7,3901,40,0
2026-03-18 21:00:00,6643.9,6657.5,6637.2,6639.5,2927,40,0
2026-03-18 21:30:00,6639.2,6642.5,6622.0,6625.5,2303,40,0
2026-03-18 22:00:00,6625.2,6627.5,6603.0,6606.7,2107,40,0
2026-03-18 22:30:00,6606.7,6617.0,6606.7,6610.7,876,40,0
2026-03-19 00:00:00,6620.4,6620.6,6607.7,6609.0,1423,40,0
2026-03-19 00:30:00,6609.0,6612.4,6605.4,6612.1,787,40,0
2026-03-19 01:00:00,6612.1,6619.9,6611.4,6619.6,576,40,0
2026-03-19 01:30:00,6619.6,6624.1,6614.1,6618.6,1387,40,0
2026-03-19 02:00:00,6618.6,6624.0,6614.1,6620.1,2262,40,0
2026-03-19 02:30:00,6620.0,6622.4,6610.9,6618.5,2085,40,0
2026-03-19 03:00:00,6618.6,6623.9,6614.6,6622.9,1759,40,0
2026-03-19 03:30:00,6622.7,6629.4,6621.0,6622.4,1610,40,0
2026-03-19 04:00:00,6622.4,6638.1,6614.9,6635.9,2183,40,0
2026-03-19 04:30:00,6635.9,6643.1,6634.4,6636.0,1467,40,0
2026-03-19 05:00:00,6636.0,6640.6,6636.0,6636.6,860,40,0
2026-03-19 05:30:00,6636.6,6636.6,6631.1,6631.1,1230,40,0
2026-03-19 06:00:00,6631.1,6631.1,6624.1,6625.5,1542,40,0
2026-03-19 06:30:00,6625.5,6627.4,6619.9,6624.3,1306,40,0
2026-03-19 07:00:00,6624.4,6627.6,6621.1,6621.6,1544,40,0
2026-03-19 07:30:00,6621.6,6622.7,6611.8,6615.4,2113,40,0
2026-03-19 08:00:00,6615.4,6627.4,6614.9,6618.9,1789,40,0
2026-03-19 08:30:00,6619.0,6621.2,6613.7,6620.0,2095,40,0
2026-03-19 09:00:00,6620.1,6624.3,6608.9,6616.2,2930,40,0
2026-03-19 09:30:00,6616.3,6617.4,6603.8,6607.7,2904,40,0
2026-03-19 10:00:00,6607.9,6616.4,6602.2,6604.7,3933,40,0
2026-03-19 10:30:00,6605.0,6612.2,6596.2,6606.2,3713,40,0
2026-03-19 11:00:00,6606.2,6618.2,6594.4,6597.9,3924,40,0
2026-03-19 11:30:00,6598.2,6630.4,6597.5,6625.4,4253,40,0
2026-03-19 12:00:00,6625.4,6625.4,6616.8,6621.2,2964,40,0
2026-03-19 12:30:00,6621.2,6623.4,6612.4,6616.2,2707,40,0
2026-03-19 13:00:00,6616.0,6621.7,6602.5,6607.5,2882,40,0
2026-03-19 13:30:00,6607.5,6610.0,6598.2,6608.5,2451,40,0
2026-03-19 14:00:00,6608.5,6610.2,6581.9,6586.8,3629,40,0
2026-03-19 14:30:00,6586.8,6592.7,6572.4,6577.9,3696,40,0
2026-03-19 15:00:00,6577.9,6594.7,6567.5,6577.9,3874,40,0
2026-03-19 15:30:00,6577.9,6598.2,6560.4,6595.7,4886,40,0
2026-03-19 16:00:00,6595.0,6603.7,6569.4,6572.2,4375,40,0
2026-03-19 16:30:00,6572.2,6599.9,6571.5,6587.2,4083,40,0
2026-03-19 17:00:00,6587.3,6606.4,6581.2,6586.4,3632,40,0
2026-03-19 17:30:00,6586.4,6588.4,6570.7,6588.4,3857,40,0
2026-03-19 18:00:00,6588.4,6599.9,6580.4,6588.7,3778,40,0
2026-03-19 18:30:00,6588.7,6596.4,6575.4,6580.7,3101,40,0
2026-03-19 19:00:00,6580.9,6584.7,6564.9,6580.4,2663,40,0
2026-03-19 19:30:00,6580.7,6587.9,6570.9,6581.8,2518,40,0
2026-03-19 20:00:00,6581.9,6595.7,6575.7,6580.9,2295,40,0
2026-03-19 20:30:00,6581.2,6597.9,6572.7,6594.2,2068,40,0
2026-03-19 21:00:00,6594.2,6640.4,6593.9,6612.9,4762,40,0
2026-03-19 21:30:00,6612.8,6617.7,6600.4,6607.9,3762,40,0
2026-03-19 22:00:00,6607.9,6623.6,6603.2,6620.9,1664,40,0
2026-03-19 22:30:00,6620.6,6621.4,6617.4,6617.8,708,40,0
2026-03-20 00:00:00,6626.4,6629.0,6617.1,6627.0,993,40,0
2026-03-20 00:30:00,6627.0,6629.1,6623.5,6625.7,670,40,0
2026-03-20 01:00:00,6626.0,6630.7,6621.7,6623.2,863,40,0
2026-03-20 01:30:00,6623.2,6626.0,6620.0,6622.4,867,40,0
2026-03-20 02:00:00,6622.5,6628.5,6615.4,6618.5,1879,40,0
2026-03-20 02:30:00,6618.2,6621.6,6616.2,6618.5,1447,40,0
2026-03-20 03:00:00,6618.5,6626.6,6617.1,6624.5,2111,40,0
2026-03-20 03:30:00,6624.4,6634.7,6621.7,6624.1,1601,40,0
2026-03-20 04:00:00,6624.5,6627.7,6622.5,6624.7,1517,40,0
2026-03-20 04:30:00,6624.7,6628.5,6621.7,6623.5,1112,40,0
2026-03-20 05:00:00,6623.5,6624.5,6618.2,6620.5,941,40,0
2026-03-20 05:30:00,6620.5,6624.5,6618.7,6620.2,1017,40,0
2026-03-20 06:00:00,6620.2,6623.0,6616.0,6618.8,803,40,0
2026-03-20 06:30:00,6618.8,6619.7,6614.9,6615.0,611,40,0
2026-03-20 07:00:00,6615.0,6618.0,6609.7,6617.2,1399,40,0
2026-03-20 07:30:00,6617.2,6619.0,6614.2,6616.5,1073,40,0
2026-03-20 08:00:00,6616.5,6618.8,6607.3,6609.0,1174,40,0
2026-03-20 08:30:00,6608.9,6611.4,6600.8,6602.9,1185,40,0
2026-03-20 09:00:00,6602.9,6611.6,6592.5,6610.3,2159,40,0
2026-03-20 09:30:00,6610.3,6621.6,6609.8,6619.3,1864,40,0
2026-03-20 10:00:00,6619.3,6624.1,6612.1,6612.3,2694,40,0
2026-03-20 10:30:00,6612.1,6621.4,6610.1,6611.1,2572,40,0
2026-03-20 11:00:00,6611.4,6617.3,6596.5,6597.3,2918,40,0
2026-03-20 11:30:00,6597.3,6603.3,6576.5,6581.4,3439,40,0
2026-03-20 12:00:00,6581.5,6583.0,6557.0,6563.6,3739,40,0
2026-03-20 12:30:00,6563.9,6581.1,6563.5,6573.3,3149,40,0
2026-03-20 13:00:00,6573.3,6589.3,6571.8,6584.5,3006,40,0
2026-03-20 13:30:00,6584.5,6587.3,6574.3,6583.6,2716,40,0
2026-03-20 14:00:00,6583.6,6595.3,6578.4,6592.3,3156,40,0
2026-03-20 14:30:00,6592.1,6594.5,6580.0,6592.8,2957,40,0
2026-03-20 15:00:00,6592.8,6597.0,6583.5,6592.3,2490,40,0
2026-03-20 15:30:00,6592.5,6592.5,6555.0,6556.4,4655,40,0
2026-03-20 16:00:00,6555.9,6562.8,6539.5,6543.5,4065,40,0
2026-03-20 16:30:00,6543.3,6559.8,6536.8,6546.0,3688,40,0
2026-03-20 17:00:00,6546.0,6566.5,6540.0,6543.8,3747,40,0
2026-03-20 17:30:00,6544.2,6557.5,6542.3,6554.8,3476,40,0
2026-03-20 18:00:00,6554.8,6565.0,6553.0,6556.3,2974,40,0
2026-03-20 18:30:00,6556.3,6558.8,6544.3,6552.8,2748,40,0
2026-03-20 19:00:00,6552.8,6557.8,6542.5,6546.8,3033,40,0
2026-03-20 19:30:00,6546.8,6548.8,6531.0,6539.0,2535,40,0
2026-03-20 20:00:00,6539.0,6541.9,6512.0,6519.4,2932,40,0
2026-03-20 20:30:00,6519.5,6521.5,6501.5,6505.8,2762,40,0
2026-03-20 21:00:00,6506.0,6511.5,6493.3,6497.0,2518,40,0
2026-03-20 21:30:00,6497.0,6511.8,6473.0,6511.8,3373,40,0
2026-03-20 22:00:00,6510.0,6526.5,6508.8,6519.2,1801,40,0
2026-03-20 22:30:00,6519.2,6541.5,6518.0,6536.7,1107,40,0
2026-03-23 00:00:00,6470.1,6513.0,6465.2,6506.1,3624,40,0
2026-03-23 00:30:00,6506.0,6511.0,6494.1,6497.7,2578,40,0
2026-03-23 01:00:00,6497.6,6508.5,6495.3,6496.2,2065,40,0
2026-03-23 01:30:00,6496.1,6499.6,6484.1,6490.7,2604,40,0
2026-03-23 02:00:00,6490.7,6506.6,6485.1,6498.7,3518,40,0
2026-03-23 02:30:00,6498.9,6500.8,6475.0,6477.2,3549,40,0
2026-03-23 03:00:00,6477.2,6498.2,6473.8,6495.8,3527,40,0
2026-03-23 03:30:00,6495.7,6505.2,6492.7,6500.3,3515,40,0
2026-03-23 04:00:00,6500.3,6505.2,6494.9,6500.0,3082,40,0
2026-03-23 04:30:00,6500.0,6500.0,6486.7,6491.5,2192,40,0
2026-03-23 05:00:00,6491.5,6495.7,6482.6,6486.2,2162,40,0
2026-03-23 05:30:00,6486.1,6487.5,6475.1,6475.7,2362,40,0
2026-03-23 06:00:00,6475.7,6485.7,6474.5,6484.0,2062,40,0
2026-03-23 06:30:00,6484.0,6487.5,6482.1,6486.0,1774,40,0
2026-03-23 07:00:00,6486.0,6493.7,6482.7,6484.5,2098,40,0
2026-03-23 07:30:00,6484.3,6487.2,6471.5,6481.2,2683,40,0
2026-03-23 08:00:00,6481.0,6481.7,6469.5,6470.6,3203,40,0
2026-03-23 08:30:00,6470.7,6471.3,6448.0,6454.4,2707,40,0
2026-03-23 09:00:00,6455.0,6468.8,6435.0,6441.3,3697,40,0
2026-03-23 09:30:00,6441.3,6457.8,6438.6,6448.6,3655,40,0
2026-03-23 10:00:00,6448.6,6467.5,6448.6,6460.4,4812,40,0
2026-03-23 10:30:00,6460.0,6475.8,6459.0,6469.9,4033,40,0
2026-03-23 11:00:00,6470.0,6478.3,6460.8,6469.6,3951,40,0
2026-03-23 11:30:00,6469.5,6470.0,6449.8,6457.4,3612,40,0
2026-03-23 12:00:00,6457.4,6467.8,6448.3,6449.8,3655,40,0
2026-03-23 12:30:00,6449.6,6468.5,6441.3,6457.9,3705,40,0
2026-03-23 13:00:00,6457.8,6697.8,6457.2,6626.6,5351,40,0
2026-03-23 13:30:00,6626.9,6678.1,6584.2,6592.1,4768,40,0
2026-03-23 14:00:00,6592.1,6625.8,6576.5,6617.5,4172,40,0
2026-03-23 14:30:00,6617.5,6647.8,6601.8,6641.9,5273,40,0
2026-03-23 15:00:00,6641.9,6648.8,6608.5,6609.0,4943,40,0
2026-03-23 15:30:00,6609.0,6631.3,6589.9,6631.3,5326,40,0
2026-03-23 16:00:00,6631.6,6652.4,6615.3,6639.0,4337,40,0
2026-03-23 16:30:00,6638.8,6647.5,6628.8,6639.8,3935,40,0
2026-03-23 17:00:00,6640.0,6655.8,6636.5,6638.0,3611,40,0
2026-03-23 17:30:00,6638.3,6642.5,6586.8,6588.0,4125,40,0
2026-03-23 18:00:00,6588.3,6604.5,6567.3,6569.3,4230,40,0
2026-03-23 18:30:00,6568.9,6595.5,6567.8,6584.0,4082,40,0
2026-03-23 19:00:00,6583.9,6590.6,6571.0,6581.5,3654,40,0
2026-03-23 19:30:00,6581.5,6610.3,6580.8,6609.3,3538,40,0
2026-03-23 20:00:00,6609.3,6611.0,6594.3,6602.4,3439,40,0
2026-03-23 20:30:00,6602.3,6625.3,6602.3,6618.3,2972,40,0
2026-03-23 21:00:00,6618.3,6618.8,6599.0,6602.0,2346,40,0
2026-03-23 21:30:00,6602.0,6612.3,6583.0,6583.0,2450,40,0
2026-03-23 22:00:00,6582.8,6586.7,6572.2,6585.2,1656,40,0
2026-03-23 22:30:00,6585.2,6590.3,6579.5,6581.3,793,40,0
2026-03-24 00:00:00,6586.3,6590.7,6576.6,6590.2,1498,40,0
2026-03-24 00:30:00,6590.2,6604.2,6586.4,6602.7,1297,40,0
2026-03-24 01:00:00,6602.7,6602.7,6596.9,6598.2,1263,40,0
2026-03-24 01:30:00,6598.1,6599.8,6589.7,6597.0,1858,40,0
2026-03-24 02:00:00,6597.0,6597.0,6559.7,6580.9,3690,40,0
2026-03-24 02:30:00,6581.1,6583.7,6550.4,6564.6,3774,40,0
2026-03-24 03:00:00,6564.6,6565.3,6548.4,6559.2,3960,40,0
2026-03-24 03:30:00,6559.2,6559.2,6542.8,6550.7,3767,40,0
2026-03-24 04:00:00,6550.8,6558.7,6541.9,6554.9,3690,40,0
2026-03-24 04:30:00,6554.9,6558.7,6547.6,6548.4,3003,40,0
2026-03-24 05:00:00,6548.4,6554.7,6544.7,6553.1,2313,40,0
2026-03-24 05:30:00,6552.9,6554.9,6544.2,6554.8,2598,40,0
2026-03-24 06:00:00,6554.8,6560.4,6549.7,6550.2,2019,40,0
2026-03-24 06:30:00,6550.1,6552.8,6546.3,6549.8,1884,40,0
2026-03-24 07:00:00,6549.9,6561.3,6534.8,6535.1,3114,40,0
2026-03-24 07:30:00,6535.1,6551.2,6534.6,6549.5,2684,40,0
2026-03-24 08:00:00,6549.5,6568.3,6548.9,6564.4,2492,40,0
2026-03-24 08:30:00,6564.2,6581.3,6564.2,6576.5,2451,40,0
2026-03-24 09:00:00,6576.3,6605.2,6574.7,6595.8,3760,40,0
2026-03-24 09:30:00,6595.8,6598.0,6588.0,6597.4,3153,40,0
2026-03-24 10:00:00,6597.1,6603.6,6577.6,6578.6,4090,40,0
2026-03-24 10:30:00,6578.6,6586.0,6571.2,6574.6,3750,40,0
2026-03-24 11:00:00,6574.6,6579.5,6556.2,6570.1,3761,40,0
2026-03-24 11:30:00,6570.1,6586.3,6566.5,6583.6,3373,40,0
2026-03-24 12:00:00,6583.5,6587.0,6571.9,6576.7,2783,40,0
2026-03-24 12:30:00,6576.8,6586.5,6572.3,6581.7,1995,40,0
2026-03-24 13:00:00,6581.7,6585.6,6572.4,6577.0,1917,40,0
2026-03-24 13:30:00,6576.7,6584.7,6556.3,6578.7,2044,40,0
2026-03-24 14:00:00,6579.1,6582.0,6563.5,6571.6,1956,40,0
2026-03-24 14:30:00,6571.8,6572.5,6548.5,6551.7,3540,40,0
2026-03-24 15:00:00,6551.7,6555.8,6532.1,6540.7,3238,40,0
2026-03-24 15:30:00,6540.8,6558.0,6525.5,6541.7,4842,40,0
2026-03-24 16:00:00,6541.5,6563.0,6539.5,6552.2,4320,40,0
2026-03-24 16:30:00,6552.2,6586.9,6549.0,6566.7,4440,40,0
2026-03-24 17:00:00,6566.2,6595.5,6566.2,6588.0,3945,40,0
2026-03-24 17:30:00,6588.2,6597.7,6576.7,6577.7,2885,40,0
2026-03-24 18:00:00,6577.5,6589.7,6570.1,6586.7,2847,40,0
2026-03-24 18:30:00,6587.0,6588.2,6567.2,6578.5,2866,40,0
2026-03-24 19:00:00,6578.5,6581.0,6552.2,6560.7,3463,40,0
2026-03-24 19:30:00,6560.7,6570.5,6550.7,6570.0,3213,40,0
2026-03-24 20:00:00,6569.7,6577.0,6559.0,6573.0,3156,40,0
2026-03-24 20:30:00,6573.0,6593.5,6570.5,6575.6,3019,40,0
2026-03-24 21:00:00,6575.5,6584.0,6570.2,6571.5,2374,40,0
2026-03-24 21:30:00,6571.2,6574.7,6552.7,6559.5,2695,40,0
2026-03-24 22:00:00,6559.2,6630.8,6557.7,6600.9,2703,40,0
2026-03-24 22:30:00,6601.1,6628.3,6591.9,6595.9,4088,40,0
2026-03-25 00:00:00,6606.2,6612.8,6594.7,6599.1,2000,40,0
2026-03-25 00:30:00,6599.1,6607.7,6599.1,6607.6,1047,40,0
2026-03-25 01:00:00,6607.7,6611.2,6601.2,6608.2,1343,40,0
2026-03-25 01:30:00,6608.2,6609.7,6602.7,6603.4,1404,40,0
2026-03-25 02:00:00,6603.5,6612.7,6598.2,6606.3,2877,40,0
2026-03-25 02:30:00,6606.3,6623.7,6597.6,6613.2,2626,40,0
2026-03-25 03:00:00,6613.2,6617.2,6608.7,6612.7,2610,40,0
2026-03-25 03:30:00,6612.7,6615.0,6603.7,6604.7,2484,40,0
2026-03-25 04:00:00,6604.7,6605.3,6595.1,6599.0,2391,40,0
2026-03-25 04:30:00,6599.0,6600.5,6590.7,6591.2,1774,40,0
2026-03-25 05:00:00,6591.2,6595.5,6587.0,6592.2,1565,40,0
2026-03-25 05:30:00,6592.2,6601.7,6590.6,6600.5,1445,40,0
2026-03-25 06:00:00,6600.5,6610.5,6599.7,6609.5,1292,40,0
2026-03-25 06:30:00,6609.5,6611.0,6605.5,6610.0,1109,40,0
2026-03-25 07:00:00,6610.0,6611.5,6604.7,6605.7,1703,40,0
2026-03-25 07:30:00,6606.0,6609.7,6598.6,6600.5,1881,40,0
2026-03-25 08:00:00,6600.5,6601.0,6592.0,6593.1,1758,40,0
2026-03-25 08:30:00,6593.3,6604.9,6589.6,6600.8,1822,40,0
2026-03-25 09:00:00,6600.8,6605.3,6595.0,6597.3,2220,40,0
2026-03-25 09:30:00,6597.4,6610.8,6596.5,6607.1,2512,40,0
2026-03-25 10:00:00,6607.1,6634.0,6606.8,6627.0,3762,40,0
2026-03-25 10:30:00,6627.0,6632.6,6606.6,6609.5,3254,40,0
2026-03-25 11:00:00,6609.5,6620.0,6605.6,6610.0,2833,40,0
2026-03-25 11:30:00,6610.0,6617.8,6602.0,6611.5,2741,40,0
2026-03-25 12:00:00,6611.5,6620.3,6608.5,6608.7,2635,40,0
2026-03-25 12:30:00,6608.6,6614.3,6606.4,6611.0,2300,40,0
2026-03-25 13:00:00,6611.0,6623.3,6610.9,6619.3,2297,40,0
2026-03-25 13:30:00,6619.3,6628.0,6608.8,6623.3,2602,40,0
2026-03-25 14:00:00,6623.3,6632.9,6598.5,6605.6,3855,40,0
2026-03-25 14:30:00,6605.6,6618.3,6592.0,6613.1,3526,40,0
2026-03-25 15:00:00,6614.0,6622.0,6607.1,6614.0,2987,40,0
2026-03-25 15:30:00,6614.0,6637.0,6591.1,6591.8,4234,40,0
2026-03-25 16:00:00,6591.8,6615.0,6583.8,6608.5,4076,40,0
2026-03-25 16:30:00,6608.6,6619.8,6604.0,6614.3,3364,40,0
2026-03-25 17:00:00,6614.5,6617.8,6569.1,6605.8,3946,40,0
2026-03-25 17:30:00,6605.5,6609.5,6588.3,6597.1,3411,40,0
2026-03-25 18:00:00,6597.0,6607.9,6587.0,6602.0,3520,40,0
2026-03-25 18:30:00,6602.0,6610.5,6597.8,6605.1,2577,40,0
2026-03-25 19:00:00,6605.1,6610.8,6596.5,6608.0,2678,40,0
2026-03-25 19:30:00,6608.0,6621.4,6601.0,6606.5,2736,40,0
2026-03-25 20:00:00,6606.5,6612.4,6601.8,6602.8,2356,40,0
2026-03-25 20:30:00,6602.8,6606.0,6583.8,6592.5,2015,40,0
2026-03-25 21:00:00,6592.5,6600.8,6583.0,6592.8,2197,40,0
2026-03-25 21:30:00,6592.8,6597.8,6585.0,6594.5,1920,40,0
2026-03-25 22:00:00,6594.5,6599.5,6588.5,6588.5,868,40,0
2026-03-25 22:30:00,6588.7,6593.0,6588.0,6592.4,418,40,0
2026-03-26 00:00:00,6591.2,6591.9,6581.9,6582.9,1023,40,0
2026-03-26 00:30:00,6583.0,6588.2,6582.5,6582.7,867,40,0
2026-03-26 01:00:00,6582.7,6586.2,6576.7,6580.0,1083,40,0
2026-03-26 01:30:00,6580.0,6584.5,6574.6,6583.0,1196,40,0
2026-03-26 02:00:00,6583.2,6600.0,6582.2,6595.5,1811,40,0
2026-03-26 02:30:00,6595.5,6598.5,6583.7,6586.7,1601,40,0
2026-03-26 03:00:00,6586.7,6592.7,6582.5,6585.7,2280,40,0
2026-03-26 03:30:00,6585.9,6590.0,6584.7,6588.7,2171,40,0
2026-03-26 04:00:00,6588.6,6592.2,6580.6,6581.9,1991,40,0
2026-03-26 04:30:00,6581.9,6583.3,6565.4,6573.0,2424,40,0
2026-03-26 05:00:00,6572.7,6583.8,6572.4,6582.4,1592,40,0
2026-03-26 05:30:00,6582.4,6600.0,6582.0,6592.5,1803,40,0
2026-03-26 06:00:00,6592.7,6593.5,6586.2,6587.4,1374,40,0
2026-03-26 06:30:00,6587.5,6588.5,6578.2,6579.5,1299,40,0
2026-03-26 07:00:00,6579.5,6583.4,6567.4,6570.0,2240,40,0
2026-03-26 07:30:00,6570.0,6574.5,6565.2,6566.0,2055,40,0
2026-03-26 08:00:00,6566.0,6572.5,6561.3,6572.1,2179,40,0
2026-03-26 08:30:00,6571.5,6574.0,6568.0,6573.1,1817,40,0
2026-03-26 09:00:00,6573.1,6575.3,6554.6,6565.7,2562,40,0
2026-03-26 09:30:00,6565.8,6570.6,6562.3,6567.6,2256,40,0
2026-03-26 10:00:00,6567.6,6575.6,6554.5,6555.0,3773,40,0
2026-03-26 10:30:00,6554.9,6560.0,6546.6,6555.0,3182,40,0
2026-03-26 11:00:00,6555.0,6556.5,6543.5,6544.3,3183,40,0
2026-03-26 11:30:00,6544.3,6546.4,6534.9,6544.0,2997,40,0
2026-03-26 12:00:00,6544.0,6554.5,6539.3,6553.3,2660,40,0
2026-03-26 12:30:00,6553.3,6555.0,6543.1,6547.6,2505,40,0
2026-03-26 13:00:00,6547.6,6551.7,6538.6,6542.3,2430,40,0
2026-03-26 13:30:00,6542.3,6543.9,6532.3,6532.6,2383,40,0
2026-03-26 14:00:00,6533.3,6546.8,6527.8,6541.5,2431,40,0
2026-03-26 14:30:00,6541.6,6542.2,6528.8,6539.5,2702,40,0
2026-03-26 15:00:00,6539.4,6548.9,6538.8,6546.3,2323,40,0
2026-03-26 15:30:00,6546.3,6572.5,6533.3,6571.4,4403,40,0
2026-03-26 16:00:00,6571.0,6574.8,6560.0,6562.5,3596,40,0
2026-03-26 16:30:00,6562.5,6574.9,6534.3,6548.0,4114,40,0
2026-03-26 17:00:00,6547.8,6554.8,6541.8,6542.5,3263,40,0
2026-03-26 17:30:00,6542.8,6548.3,6534.6,6541.0,2760,40,0
2026-03-26 18:00:00,6540.8,6542.5,6518.0,6519.8,2538,40,0
2026-03-26 18:30:00,6520.0,6522.4,6514.0,6521.5,2377,40,0
2026-03-26 19:00:00,6521.5,6526.1,6504.8,6511.3,2137,40,0
2026-03-26 19:30:00,6511.3,6515.8,6489.3,6491.8,2095,40,0
2026-03-26 20:00:00,6491.5,6500.4,6490.0,6490.8,2205,40,0
2026-03-26 20:30:00,6491.0,6501.6,6491.0,6499.5,1754,40,0
2026-03-26 21:00:00,6499.5,6500.3,6483.5,6486.8,1818,40,0
2026-03-26 21:30:00,6487.0,6487.5,6473.5,6476.8,1865,40,0
2026-03-26 22:00:00,6476.3,6549.1,6470.2,6499.1,3472,40,0
2026-03-26 22:30:00,6499.2,6507.5,6487.1,6487.6,2590,40,0
2026-03-27 00:00:00,6493.6,6501.4,6489.7,6496.9,2086,40,0
2026-03-27 00:30:00,6496.9,6504.4,6493.3,6500.6,1595,40,0
2026-03-27 01:00:00,6500.6,6502.9,6495.8,6497.4,1444,40,0
2026-03-27 01:30:00,6497.4,6507.3,6497.3,6505.1,1379,40,0
2026-03-27 02:00:00,6505.1,6511.4,6491.2,6495.1,2773,40,0
2026-03-27 02:30:00,6495.1,6497.8,6488.1,6490.6,2910,40,0
2026-03-27 03:00:00,6490.6,6501.6,6488.1,6501.5,2265,40,0
2026-03-27 03:30:00,6501.4,6503.1,6496.3,6501.1,1852,40,0
2026-03-27 04:00:00,6501.3,6503.8,6494.8,6497.8,1777,40,0
2026-03-27 04:30:00,6497.8,6502.2,6494.8,6495.3,1571,40,0
2026-03-27 05:00:00,6495.3,6498.3,6492.1,6494.1,1545,40,0
2026-03-27 05:30:00,6494.1,6505.8,6494.1,6505.3,1468,40,0
2026-03-27 06:00:00,6505.2,6506.6,6501.8,6505.1,1043,40,0
2026-03-27 06:30:00,6505.1,6510.1,6504.6,6509.1,986,40,0
2026-03-27 07:00:00,6509.1,6522.3,6509.1,6515.6,1742,40,0
2026-03-27 07:30:00,6515.6,6517.3,6512.8,6513.3,1472,40,0
2026-03-27 08:00:00,6513.3,6520.4,6510.1,6517.9,1708,40,0
2026-03-27 08:30:00,6518.0,6518.0,6505.7,6508.2,1519,40,0
2026-03-27 09:00:00,6508.5,6508.5,6496.1,6496.9,1745,40,0
2026-03-27 09:30:00,6496.9,6503.9,6495.6,6500.1,2004,40,0
2026-03-27 10:00:00,6500.2,6504.9,6481.4,6482.6,3588,40,0
2026-03-27 10:30:00,6482.5,6488.4,6476.1,6477.0,3058,40,0
2026-03-27 11:00:00,6476.9,6482.7,6462.6,6480.4,3235,40,0
2026-03-27 11:30:00,6480.4,6485.6,6467.4,6469.1,2638,40,0
2026-03-27 12:00:00,6469.0,6476.1,6465.6,6467.9,2689,40,0
2026-03-27 12:30:00,6467.9,6470.4,6448.1,6451.4,2731,40,0
2026-03-27 13:00:00,6451.4,6453.6,6443.7,6453.1,2848,40,0
2026-03-27 13:30:00,6453.1,6462.1,6449.1,6455.6,2368,40,0
2026-03-27 14:00:00,6455.6,6457.1,6444.4,6452.3,2553,40,0
2026-03-27 14:30:00,6452.3,6453.9,6440.9,6444.1,2452,40,0
2026-03-27 15:00:00,6444.4,6450.6,6433.6,6448.4,3000,40,0
2026-03-27 15:30:00,6448.4,6449.1,6408.0,6412.9,4366,40,0
2026-03-27 16:00:00,6412.5,6430.6,6409.0,6413.1,4015,40,0
2026-03-27 16:30:00,6413.4,6428.1,6405.9,6424.2,3469,40,0
2026-03-27 17:00:00,6424.4,6437.4,6411.6,6431.9,3645,40,0
2026-03-27 17:30:00,6431.9,6443.7,6423.6,6425.2,3313,40,0
2026-03-27 18:00:00,6425.1,6426.6,6408.1,6411.1,2475,40,0
2026-03-27 18:30:00,6411.1,6418.4,6403.1,6409.4,2458,40,0
2026-03-27 19:00:00,6409.4,6421.6,6387.9,6388.1,2394,40,0
2026-03-27 19:30:00,6388.1,6394.4,6381.4,6383.4,2026,40,0
2026-03-27 20:00:00,6383.4,6385.1,6373.1,6379.4,2170,40,0
2026-03-27 20:30:00,6379.1,6388.7,6373.9,6375.4,2056,40,0
2026-03-27 21:00:00,6375.4,6378.4,6366.4,6369.6,1869,40,0
2026-03-27 21:30:00,6369.6,6374.6,6352.1,6362.6,2600,40,0
2026-03-27 22:00:00,6360.9,6365.4,6343.1,6351.1,1974,40,0
2026-03-27 22:30:00,6350.9,6354.6,6347.6,6353.8,1113,40,0
2026-03-30 01:00:00,6341.7,6343.6,6320.2,6337.9,3361,40,0
2026-03-30 01:30:00,6338.1,6341.5,6324.1,6338.4,2755,40,0
2026-03-30 02:00:00,6338.4,6342.7,6329.1,6330.7,2346,40,0
2026-03-30 02:30:00,6330.7,6331.3,6319.7,6323.9,3092,40,0
2026-03-30 03:00:00,6323.5,6350.7,6316.5,6341.5,4928,40,0
2026-03-30 03:30:00,6341.4,6345.0,6320.2,6326.6,4400,40,0
2026-03-30 04:00:00,6326.6,6334.6,6324.2,6331.4,4143,40,0
2026-03-30 04:30:00,6331.4,6341.6,6330.4,6340.4,3084,40,0
2026-03-30 05:00:00,6340.4,6345.6,6336.4,6338.0,2889,40,0
2026-03-30 05:30:00,6338.0,6357.6,6337.9,6352.9,2667,40,0
2026-03-30 06:00:00,6352.9,6366.9,6352.6,6363.9,2220,40,0
2026-03-30 06:30:00,6363.9,6365.2,6360.6,6364.1,2043,40,0
2026-03-30 07:00:00,6364.1,6374.1,6362.4,6371.4,1739,40,0
2026-03-30 07:30:00,6371.4,6373.9,6365.9,6367.4,1586,40,0
2026-03-30 08:00:00,6367.4,6376.0,6367.1,6372.4,2186,40,0
2026-03-30 08:30:00,6372.4,6375.6,6368.2,6373.0,2204,40,0
2026-03-30 09:00:00,6373.0,6383.2,6371.7,6379.0,2742,40,0
2026-03-30 09:30:00,6378.7,6391.4,6378.5,6385.3,2192,40,0
2026-03-30 10:00:00,6385.3,6389.2,6379.8,6383.3,3069,40,0
2026-03-30 10:30:00,6383.4,6394.2,6379.0,6391.2,2868,40,0
2026-03-30 11:00:00,6391.2,6399.9,6385.3,6398.7,3152,40,0
2026-03-30 11:30:00,6398.5,6403.3,6394.7,6401.9,2327,40,0
2026-03-30 12:00:00,6401.9,6402.7,6390.3,6392.6,2601,40,0
2026-03-30 12:30:00,6392.7,6396.5,6388.2,6393.2,2261,40,0
2026-03-30 13:00:00,6393.2,6397.7,6390.4,6395.4,2027,40,0
2026-03-30 13:30:00,6395.4,6398.7,6388.9,6398.4,2088,40,0
2026-03-30 14:00:00,6398.4,6435.5,6398.2,6412.8,2585,40,0
2026-03-30 14:30:00,6413.0,6417.7,6402.8,6405.9,3741,40,0
2026-03-30 15:00:00,6405.9,6419.0,6400.7,6416.9,2607,40,0
2026-03-30 15:30:00,6416.9,6422.3,6415.2,6419.9,2113,40,0
2026-03-30 16:00:00,6419.9,6424.7,6412.3,6423.5,2423,40,0
2026-03-30 16:30:00,6423.5,6426.9,6369.9,6373.8,4816,40,0
2026-03-30 17:00:00,6373.7,6391.4,6373.4,6382.2,4619,40,0
2026-03-30 17:30:00,6381.9,6399.2,6370.7,6398.7,4583,40,0
2026-03-30 18:00:00,6398.7,6411.4,6378.9,6387.9,3680,40,0
2026-03-30 18:30:00,6388.2,6408.4,6383.9,6397.2,3599,40,0
2026-03-30 19:00:00,6397.0,6398.4,6374.9,6375.7,3032,40,0
2026-03-30 19:30:00,6375.7,6383.2,6372.9,6376.3,2621,40,0
2026-03-30 20:00:00,6376.4,6381.7,6355.4,6357.0,2866,40,0
2026-03-30 20:30:00,6356.9,6369.2,6349.9,6358.7,2886,40,0
2026-03-30 21:00:00,6358.9,6360.7,6345.9,6346.2,2329,40,0
2026-03-30 21:30:00,6346.2,6355.2,6337.9,6340.9,1980,40,0
2026-03-30 22:00:00,6340.9,6342.5,6315.7,6318.7,2495,40,0
2026-03-30 22:30:00,6318.7,6350.2,6316.4,6343.9,3201,40,0
2026-03-30 23:00:00,6344.4,6344.4,6333.1,6336.9,1240,40,0
2026-03-30 23:30:00,6336.9,6340.3,6334.6,6340.3,463,40,0
2026-03-31 01:00:00,6343.1,6348.8,6340.4,6344.1,1299,40,0
2026-03-31 01:30:00,6344.1,6344.8,6340.1,6340.4,972,40,0
2026-03-31 02:00:00,6340.4,6340.4,6324.2,6329.7,2418,40,0
2026-03-31 02:30:00,6329.8,6330.4,6324.1,6328.9,2003,40,0
2026-03-31 03:00:00,6329.0,6336.3,6310.8,6322.6,3769,40,0
2026-03-31 03:30:00,6322.6,6384.2,6318.4,6367.9,4960,40,0
2026-03-31 04:00:00,6367.9,6394.6,6355.6,6392.4,4734,40,0
2026-03-31 04:30:00,6392.6,6410.1,6392.2,6397.7,4829,40,0
2026-03-31 05:00:00,6397.7,6406.1,6393.9,6403.6,3425,40,0
2026-03-31 05:30:00,6403.6,6417.3,6400.8,6406.6,2732,40,0
2026-03-31 06:00:00,6406.6,6415.1,6403.8,6404.8,2481,40,0
2026-03-31 06:30:00,6404.7,6407.1,6398.6,6399.3,2266,40,0
2026-03-31 07:00:00,6399.3,6405.1,6394.8,6396.7,2167,40,0
2026-03-31 07:30:00,6396.6,6400.3,6389.6,6390.3,2301,40,0
2026-03-31 08:00:00,6390.3,6393.6,6378.3,6389.9,2455,40,0
2026-03-31 08:30:00,6390.1,6400.6,6388.6,6394.4,2984,40,0
2026-03-31 09:00:00,6394.4,6396.5,6384.6,6390.1,3127,40,0
2026-03-31 09:30:00,6389.7,6393.8,6383.5,6389.6,2977,40,0
2026-03-31 10:00:00,6389.5,6393.2,6378.1,6386.6,3765,40,0
2026-03-31 10:30:00,6386.6,6411.6,6386.6,6411.1,3147,40,0
2026-03-31 11:00:00,6411.1,6412.6,6398.4,6400.0,3535,40,0
2026-03-31 11:30:00,6400.0,6401.6,6391.7,6396.6,2961,40,0
2026-03-31 12:00:00,6396.5,6406.0,6396.0,6398.1,2664,40,0
2026-03-31 12:30:00,6398.1,6402.4,6391.4,6394.6,2975,40,0
2026-03-31 13:00:00,6394.6,6401.8,6393.3,6397.3,2464,40,0
2026-03-31 13:30:00,6397.4,6398.8,6379.9,6391.5,2781,40,0
2026-03-31 14:00:00,6391.5,6422.8,6387.6,6406.7,4315,40,0
2026-03-31 14:30:00,6406.9,6415.1,6401.1,6409.6,3663,40,0
2026-03-31 15:00:00,6409.6,6425.6,6394.4,6416.2,4246,40,0
2026-03-31 15:30:00,6416.5,6424.9,6409.6,6409.7,3395,40,0
2026-03-31 16:00:00,6409.7,6418.9,6406.6,6413.9,2705,40,0
2026-03-31 16:30:00,6413.9,6450.9,6406.9,6450.7,5107,40,0
2026-03-31 17:00:00,6450.6,6453.4,6432.9,6448.6,4391,40,0
2026-03-31 17:30:00,6448.9,6450.4,6403.1,6410.1,4174,40,0
2026-03-31 18:00:00,6409.9,6446.4,6409.9,6430.9,4212,40,0
2026-03-31 18:30:00,6430.4,6436.6,6420.6,6421.4,4037,40,0
2026-03-31 19:00:00,6421.4,6450.1,6418.9,6445.4,3080,40,0
2026-03-31 19:30:00,6445.4,6518.6,6440.9,6490.9,5851,40,0
2026-03-31 20:00:00,6490.9,6509.9,6486.0,6494.4,5275,40,0
2026-03-31 20:30:00,6494.4,6508.4,6486.1,6488.4,4622,40,0
2026-03-31 21:00:00,6488.1,6506.6,6488.1,6501.4,3528,40,0
2026-03-31 21:30:00,6501.2,6513.1,6496.1,6510.6,2666,40,0
2026-03-31 22:00:00,6510.6,6522.9,6504.2,6517.9,2303,40,0
2026-03-31 22:30:00,6517.9,6539.1,6516.6,6526.4,3150,40,0
2026-03-31 23:00:00,6525.9,6533.3,6518.6,6532.1,2011,40,0
2026-03-31 23:30:00,6532.1,6532.8,6521.6,6523.9,887,40,0
2026-04-01 01:00:00,6520.8,6533.8,6518.0,6530.6,2060,40,0
2026-04-01 01:30:00,6530.5,6532.5,6525.6,6529.6,1229,40,0
2026-04-01 02:00:00,6529.6,6532.8,6526.1,6532.1,1146,40,0
2026-04-01 02:30:00,6531.8,6548.6,6531.3,6546.8,1854,40,0
2026-04-01 03:00:00,6546.6,6549.1,6540.8,6543.8,2974,40,0
2026-04-01 03:30:00,6544.0,6549.6,6537.1,6549.3,2489,40,0
2026-04-01 04:00:00,6549.3,6550.8,6536.2,6545.3,3471,40,0
2026-04-01 04:30:00,6545.3,6546.1,6536.1,6538.1,2287,40,0
2026-04-01 05:00:00,6538.1,6542.1,6534.8,6535.6,1538,40,0
2026-04-01 05:30:00,6535.6,6538.1,6532.3,6535.2,1413,40,0
2026-04-01 06:00:00,6535.2,6539.1,6534.3,6536.7,1424,40,0
2026-04-01 06:30:00,6536.7,6539.8,6536.1,6537.3,1142,40,0
2026-04-01 07:00:00,6537.3,6541.3,6536.2,6541.1,821,40,0
2026-04-01 07:30:00,6541.3,6544.6,6539.7,6542.5,907,40,0
2026-04-01 08:00:00,6542.5,6555.7,6541.5,6550.8,1416,40,0
2026-04-01 08:30:00,6550.8,6553.8,6547.0,6549.6,1783,40,0
2026-04-01 09:00:00,6549.6,6568.4,6549.3,6567.4,2625,40,0
2026-04-01 09:30:00,6567.2,6578.6,6565.9,6577.1,2988,40,0
2026-04-01 10:00:00,6577.1,6579.4,6568.6,6572.1,2808,40,0
2026-04-01 10:30:00,6572.1,6578.6,6555.4,6557.1,2783,40,0
2026-04-01 11:00:00,6557.1,6564.7,6546.9,6559.0,3608,40,0
2026-04-01 11:30:00,6559.0,6565.2,6547.6,6558.2,2926,40,0
2026-04-01 12:00:00,6558.2,6561.9,6543.1,6549.1,2939,40,0
2026-04-01 12:30:00,6549.1,6564.2,6548.9,6559.5,2658,40,0
2026-04-01 13:00:00,6559.5,6563.7,6555.4,6558.9,2406,40,0
2026-04-01 13:30:00,6558.9,6575.1,6557.4,6572.6,2477,40,0
2026-04-01 14:00:00,6572.6,6580.4,6571.4,6577.4,2177,40,0
2026-04-01 14:30:00,6577.4,6587.4,6576.5,6584.2,2258,40,0
2026-04-01 15:00:00,6584.4,6585.1,6566.4,6572.2,2394,40,0
2026-04-01 15:30:00,6572.2,6596.0,6550.1,6553.0,4169,40,0
2026-04-01 16:00:00,6552.9,6562.9,6546.9,6562.9,3903,40,0
2026-04-01 16:30:00,6563.0,6585.1,6554.6,6567.7,5774,40,0
2026-04-01 17:00:00,6567.4,6579.9,6563.6,6575.4,5033,40,0
2026-04-01 17:30:00,6575.4,6593.6,6561.7,6590.4,4368,40,0
2026-04-01 18:00:00,6590.1,6596.1,6588.4,6588.6,3003,40,0
2026-04-01 18:30:00,6588.6,6606.4,6584.4,6603.5,2416,40,0
2026-04-01 19:00:00,6603.6,6606.1,6595.9,6596.6,1966,40,0
2026-04-01 19:30:00,6596.6,6604.6,6593.1,6602.9,1345,40,0
2026-04-01 20:00:00,6602.9,6610.1,6601.9,6608.1,1166,40,0
2026-04-01 20:30:00,6608.1,6609.6,6592.4,6592.4,1356,40,0
2026-04-01 21:00:00,6592.4,6594.1,6562.7,6566.4,3206,40,0
2026-04-01 21:30:00,6566.4,6578.9,6560.9,6568.4,2911,40,0
2026-04-01 22:00:00,6568.4,6587.6,6566.9,6585.1,2202,40,0
2026-04-01 22:30:00,6585.1,6591.1,6571.4,6576.4,2512,40,0
2026-04-01 23:00:00,6576.4,6580.3,6572.8,6574.1,1108,40,0
2026-04-01 23:30:00,6574.1,6578.1,6573.6,6573.6,400,40,0
2026-04-02 01:00:00,6574.6,6578.7,6570.2,6574.6,1308,40,0
2026-04-02 01:30:00,6574.6,6575.9,6567.6,6569.6,1155,40,0
2026-04-02 02:00:00,6569.6,6576.1,6568.6,6575.6,988,40,0
2026-04-02 02:30:00,6575.6,6575.7,6567.4,6571.6,1243,40,0
2026-04-02 03:00:00,6571.6,6571.6,6565.1,6566.4,3087,40,0
2026-04-02 03:30:00,6566.4,6589.4,6564.4,6587.7,2890,40,0
2026-04-02 04:00:00,6587.7,6588.2,6524.0,6528.2,5768,40,0
2026-04-02 04:30:00,6527.7,6528.2,6510.7,6517.5,5354,40,0
2026-04-02 05:00:00,6517.5,6522.5,6499.6,6500.5,4192,40,0
2026-04-02 05:30:00,6500.5,6508.9,6499.0,6507.1,3234,40,0
2026-04-02 06:00:00,6507.1,6508.6,6500.0,6505.2,2608,40,0
2026-04-02 06:30:00,6505.3,6505.9,6492.9,6494.2,2830,40,0
2026-04-02 07:00:00,6494.2,6497.9,6490.6,6492.1,2497,40,0
2026-04-02 07:30:00,6492.1,6494.3,6488.1,6490.4,1777,40,0
2026-04-02 08:00:00,6490.4,6495.6,6488.7,6493.9,2192,40,0
2026-04-02 08:30:00,6493.9,6496.7,6479.5,6479.6,2593,40,0
2026-04-02 09:00:00,6479.7,6488.2,6477.2,6484.9,2757,40,0
2026-04-02 09:30:00,6484.9,6490.3,6482.2,6489.7,2301,40,0
2026-04-02 10:00:00,6489.7,6493.9,6485.2,6492.8,3129,40,0
2026-04-02 10:30:00,6492.8,6506.5,6491.9,6505.9,2395,40,0
2026-04-02 11:00:00,6505.9,6506.9,6495.0,6499.5,2370,40,0
2026-04-02 11:30:00,6499.5,6507.8,6498.1,6499.2,2125,40,0
2026-04-02 12:00:00,6499.2,6504.7,6496.0,6502.0,1866,40,0
2026-04-02 12:30:00,6502.0,6502.2,6494.3,6497.9,1905,40,0
2026-04-02 13:00:00,6497.9,6500.3,6485.0,6485.8,2234,40,0
2026-04-02 13:30:00,6485.8,6495.8,6484.3,6493.7,2352,40,0
2026-04-02 14:00:00,6493.9,6495.2,6474.5,6474.8,2577,40,0
2026-04-02 14:30:00,6474.8,6480.9,6465.4,6465.4,2491,40,0
2026-04-02 15:00:00,6465.4,6476.7,6460.8,6474.4,2933,40,0
2026-04-02 15:30:00,6474.5,6481.9,6471.9,6474.0,2972,40,0
2026-04-02 16:00:00,6473.9,6486.9,6472.2,6484.4,3541,40,0
2026-04-02 16:30:00,6484.4,6519.7,6471.7,6516.7,5192,40,0
2026-04-02 17:00:00,6517.2,6531.9,6506.7,6525.2,4608,40,0
2026-04-02 17:30:00,6524.7,6600.9,6522.7,6575.7,6207,40,0
2026-04-02 18:00:00,6575.9,6581.2,6559.9,6574.4,5133,40,0
2026-04-02 18:30:00,6574.4,6580.9,6552.4,6562.2,4352,40,0
2026-04-02 19:00:00,6562.2,6568.7,6543.7,6548.9,3832,40,0
2026-04-02 19:30:00,6548.9,6571.4,6547.2,6557.4,3458,40,0
2026-04-02 20:00:00,6557.4,6572.2,6551.8,6567.9,2880,40,0
2026-04-02 20:30:00,6568.4,6569.2,6547.4,6554.2,2642,40,0
2026-04-02 21:00:00,6554.2,6566.2,6554.2,6556.8,2608,40,0
2026-04-02 21:30:00,6556.8,6571.9,6555.9,6566.2,2132,40,0
2026-04-02 22:00:00,6566.2,6574.4,6562.7,6565.2,1975,40,0
2026-04-02 22:30:00,6565.2,6582.2,6562.2,6579.9,2354,40,0
2026-04-02 23:00:00,6580.2,6585.4,6576.2,6584.9,1093,40,0
2026-04-02 23:30:00,6584.9,6585.1,6578.6,6582.7,642,40,0
2026-04-03 01:00:00,6578.9,6583.5,6576.9,6580.8,910,40,0
2026-04-03 01:30:00,6580.8,6583.3,6580.4,6581.3,553,40,0
2026-04-03 02:00:00,6581.3,6582.2,6578.7,6581.5,608,40,0
2026-04-03 02:30:00,6581.5,6583.4,6579.9,6581.7,645,40,0
2026-04-03 03:00:00,6581.7,6589.7,6581.7,6584.8,1889,40,0
2026-04-03 03:30:00,6584.8,6584.9,6580.0,6581.9,1221,40,0
2026-04-03 04:00:00,6581.9,6582.8,6578.2,6580.8,1037,40,0
2026-04-03 04:30:00,6580.8,6581.3,6576.2,6576.5,744,40,0
2026-04-03 05:00:00,6576.6,6578.3,6570.3,6570.9,936,40,0
2026-04-03 05:30:00,6570.9,6574.4,6566.4,6571.3,1384,40,0
2026-04-03 06:00:00,6571.3,6574.8,6570.4,6570.7,763,40,0
2026-04-03 06:30:00,6570.7,6572.5,6568.9,6570.3,751,40,0
2026-04-03 07:00:00,6570.3,6573.2,6570.2,6571.7,585,40,0
2026-04-03 07:30:00,6571.7,6572.3,6567.0,6568.8,660,40,0
2026-04-03 08:00:00,6568.8,6572.4,6566.7,6568.9,773,40,0
2026-04-03 08:30:00,6568.9,6574.1,6568.9,6571.2,703,40,0
2026-04-03 09:00:00,6571.2,6571.7,6568.7,6569.6,621,40,0
2026-04-03 09:30:00,6569.4,6569.6,6560.4,6563.9,804,40,0
2026-04-03 10:00:00,6563.9,6565.8,6556.4,6564.4,741,40,0
2026-04-03 10:30:00,6564.4,6568.7,6564.4,6564.9,646,40,0
2026-04-03 11:00:00,6564.9,6567.7,6561.9,6562.8,586,40,0
2026-04-03 11:30:00,6562.7,6565.6,6562.2,6563.8,446,40,0
2026-04-03 12:00:00,6563.8,6564.7,6560.4,6562.9,607,40,0
2026-04-03 12:30:00,6562.9,6565.3,6561.7,6561.9,328,40,0
2026-04-03 13:00:00,6561.9,6562.7,6559.6,6559.9,533,40,0
2026-04-03 13:30:00,6559.9,6562.6,6558.4,6561.8,429,40,0
2026-04-03 14:00:00,6561.8,6566.4,6556.2,6566.3,809,40,0
2026-04-03 14:30:00,6566.3,6568.7,6565.1,6565.4,697,40,0
2026-04-03 15:00:00,6565.4,6572.4,6561.2,6569.1,1408,40,0
2026-04-03 15:30:00,6569.1,6590.5,6556.5,6558.1,2640,40,0
2026-04-03 16:00:00,6558.1,6564.1,6556.4,6561.4,802,40,0
2026-04-06 01:00:00,6541.1,6545.3,6526.9,6543.3,3445,40,0
2026-04-06 01:30:00,6543.3,6549.3,6539.4,6547.1,2487,40,0
2026-04-06 02:00:00,6547.1,6548.8,6538.6,6542.0,2711,40,0
2026-04-06 02:30:00,6542.0,6547.3,6541.3,6547.0,1398,40,0
2026-04-06 03:00:00,6547.0,6568.2,6546.2,6561.4,3308,40,0
2026-04-06 03:30:00,6561.4,6570.3,6561.3,6569.0,2085,40,0
2026-04-06 04:00:00,6568.9,6577.4,6568.0,6575.6,1882,40,0
2026-04-06 04:30:00,6575.6,6575.6,6566.6,6569.6,1514,40,0
2026-04-06 05:00:00,6569.5,6595.5,6568.3,6593.4,2984,40,0
2026-04-06 05:30:00,6593.4,6594.5,6575.4,6575.5,2309,40,0
2026-04-06 06:00:00,6575.5,6576.3,6556.4,6566.6,2555,40,0
2026-04-06 06:30:00,6566.6,6572.8,6564.6,6571.8,2002,40,0
2026-04-06 07:00:00,6571.8,6577.8,6570.8,6575.1,1670,40,0
2026-04-06 07:30:00,6575.1,6581.9,6574.3,6580.5,1430,40,0
2026-04-06 08:00:00,6580.5,6583.8,6580.1,6580.3,1343,40,0
2026-04-06 08:30:00,6580.3,6580.8,6572.9,6576.8,1666,40,0
2026-04-06 09:00:00,6576.8,6587.5,6574.4,6576.4,2160,40,0
2026-04-06 09:30:00,6576.4,6592.2,6574.4,6584.2,2066,40,0
2026-04-06 10:00:00,6584.2,6585.4,6574.0,6579.8,2267,40,0
2026-04-06 10:30:00,6579.8,6599.0,6579.2,6594.3,2240,40,0
2026-04-06 11:00:00,6594.4,6602.8,6594.4,6601.9,2599,40,0
2026-04-06 11:30:00,6601.8,6609.2,6600.4,6604.5,1678,40,0
2026-04-06 12:00:00,6604.5,6610.7,6604.0,6606.2,1683,40,0
2026-04-06 12:30:00,6606.2,6607.9,6595.6,6596.8,1665,40,0
2026-04-06 13:00:00,6596.8,6602.3,6593.3,6596.4,1716,40,0
2026-04-06 13:30:00,6596.4,6600.0,6580.2,6590.7,2074,40,0
2026-04-06 14:00:00,6590.7,6590.8,6583.7,6586.9,2297,40,0
2026-04-06 14:30:00,6586.9,6589.8,6585.3,6586.7,1670,40,0
2026-04-06 15:00:00,6586.7,6587.8,6582.5,6586.5,1480,40,0
2026-04-06 15:30:00,6586.4,6595.0,6584.7,6589.0,1793,40,0
2026-04-06 16:00:00,6589.0,6590.3,6579.3,6581.0,1764,40,0
2026-04-06 16:30:00,6581.0,6608.3,6577.8,6608.2,5215,40,0
2026-04-06 17:00:00,6608.4,6620.1,6583.8,6608.0,4712,40,0
2026-04-06 17:30:00,6607.8,6613.8,6589.8,6598.2,4314,40,0
2026-04-06 18:00:00,6598.2,6603.8,6589.8,6592.3,3322,40,0
2026-04-06 18:30:00,6592.6,6603.3,6586.4,6602.1,2534,40,0
2026-04-06 19:00:00,6602.1,6603.6,6595.6,6601.3,1949,40,0
2026-04-06 19:30:00,6601.3,6608.4,6599.1,6602.6,1710,40,0
2026-04-06 20:00:00,6602.6,6603.1,6578.6,6597.4,3516,40,0
2026-04-06 20:30:00,6597.3,6603.1,6587.3,6588.1,2975,40,0
2026-04-06 21:00:00,6588.1,6609.8,6585.7,6606.1,3580,40,0
2026-04-06 21:30:00,6606.1,6608.9,6600.8,6606.6,1778,40,0
2026-04-06 22:00:00,6606.6,6607.8,6602.1,6602.3,1270,40,0
2026-04-06 22:30:00,6602.3,6612.8,6601.6,6612.6,1417,40,0
2026-04-06 23:00:00,6612.6,6613.8,6606.0,6610.3,941,40,0
2026-04-06 23:30:00,6610.3,6613.3,6608.3,6610.2,369,40,0
2026-04-07 01:00:00,6612.8,6619.6,6603.3,6606.9,1810,40,0
2026-04-07 01:30:00,6606.9,6608.3,6602.8,6603.5,1060,40,0
2026-04-07 02:00:00,6603.5,6610.0,6603.5,6605.0,747,40,0
2026-04-07 02:30:00,6605.0,6607.8,6602.0,6602.1,798,40,0
2026-04-07 03:00:00,6602.2,6615.0,6598.2,6607.8,2944,40,0
2026-04-07 03:30:00,6607.8,6608.5,6599.8,6601.4,2148,40,0
2026-04-07 04:00:00,6601.4,6603.8,6590.8,6596.3,2822,40,0
2026-04-07 04:30:00,6596.3,6597.0,6572.4,6574.4,2935,40,0
2026-04-07 05:00:00,6574.4,6578.4,6569.5,6577.5,2945,40,0
2026-04-07 05:30:00,6577.5,6583.3,6577.0,6581.4,1639,40,0
2026-04-07 06:00:00,6581.4,6583.3,6576.8,6581.4,1659,40,0
2026-04-07 06:30:00,6581.4,6584.8,6580.8,6582.6,1400,40,0
2026-04-07 07:00:00,6582.6,6585.8,6576.8,6582.0,1672,40,0
2026-04-07 07:30:00,6582.0,6589.3,6581.9,6586.3,1501,40,0
2026-04-07 08:00:00,6586.3,6589.1,6581.3,6581.9,1590,40,0
2026-04-07 08:30:00,6581.9,6584.3,6577.8,6583.0,1986,40,0
2026-04-07 09:00:00,6583.0,6587.3,6579.0,6587.2,2167,40,0
2026-04-07 09:30:00,6587.2,6588.3,6582.0,6587.2,1924,40,0
2026-04-07 10:00:00,6587.3,6590.4,6581.5,6583.0,2929,40,0
2026-04-07 10:30:00,6583.2,6589.5,6582.8,6588.3,2125,40,0
2026-04-07 11:00:00,6588.3,6614.8,6588.2,6608.0,4226,40,0
2026-04-07 11:30:00,6608.2,6619.5,6607.0,6615.3,3223,40,0
2026-04-07 12:00:00,6615.2,6626.8,6613.5,6624.8,2654,40,0
2026-04-07 12:30:00,6624.8,6627.3,6617.3,6621.3,2252,40,0
2026-04-07 13:00:00,6621.2,6624.3,6600.2,6612.2,3341,40,0
2026-04-07 13:30:00,6612.2,6613.3,6574.4,6578.4,3779,40,0
2026-04-07 14:00:00,6578.5,6591.7,6577.8,6583.8,3298,40,0
2026-04-07 14:30:00,6583.8,6584.5,6571.8,6580.0,2895,40,0
2026-04-07 15:00:00,6580.0,6588.7,6562.4,6588.5,3785,40,0
2026-04-07 15:30:00,6588.4,6600.9,6576.5,6584.4,3051,40,0
2026-04-07 16:00:00,6584.4,6592.3,6581.3,6589.8,3207,40,0
2026-04-07 16:30:00,6589.8,6599.3,6562.8,6563.5,5164,40,0
2026-04-07 17:00:00,6563.3,6570.8,6542.0,6567.0,4643,40,0
2026-04-07 17:30:00,6567.0,6575.8,6548.3,6548.8,4237,40,0
2026-04-07 18:00:00,6548.8,6560.7,6533.3,6555.0,4387,40,0
2026-04-07 18:30:00,6555.3,6566.5,6548.5,6560.8,3348,40,0
2026-04-07 19:00:00,6561.0,6593.3,6560.8,6582.5,4116,40,0
2026-04-07 19:30:00,6582.0,6591.8,6576.5,6583.8,2660,40,0
2026-04-07 20:00:00,6583.8,6592.0,6577.8,6581.0,2735,40,0
2026-04-07 20:30:00,6581.3,6606.0,6580.0,6590.5,3096,40,0
2026-04-07 21:00:00,6590.5,6593.3,6583.5,6584.8,2336,40,0
2026-04-07 21:30:00,6584.8,6586.3,6557.3,6563.0,2444,40,0
2026-04-07 22:00:00,6563.0,6605.2,6557.3,6590.3,4241,40,0
2026-04-07 22:30:00,6590.3,6619.3,6582.5,6616.0,4432,40,0
2026-04-07 23:00:00,6616.0,6627.8,6610.0,6617.8,2952,40,0
2026-04-07 23:30:00,6617.8,6633.6,6617.3,6624.6,2922,40,0
2026-04-08 01:00:00,6657.8,6694.5,6657.8,6672.9,3587,40,0
2026-04-08 01:30:00,6672.9,6754.3,6617.1,6752.9,4993,40,0
2026-04-08 02:00:00,6752.8,6779.8,6745.4,6770.0,3932,40,0
2026-04-08 02:30:00,6769.9,6773.0,6759.1,6765.4,3416,40,0
2026-04-08 03:00:00,6765.4,6771.0,6753.2,6754.9,4075,40,0
2026-04-08 03:30:00,6754.8,6767.8,6749.5,6764.9,3193,40,0
2026-04-08 04:00:00,6764.8,6772.3,6760.0,6762.3,2921,40,0
2026-04-08 04:30:00,6762.3,6774.0,6761.0,6770.3,2221,40,0
2026-04-08 05:00:00,6770.3,6775.8,6770.3,6772.7,1508,40,0
2026-04-08 05:30:00,6772.7,6779.0,6771.7,6778.7,1366,40,0
2026-04-08 06:00:00,6778.7,6780.0,6773.0,6774.7,1178,40,0
2026-04-08 06:30:00,6774.7,6776.7,6773.5,6776.3,1046,40,0
2026-04-08 07:00:00,6776.3,6785.2,6776.3,6783.6,1331,40,0
2026-04-08 07:30:00,6783.7,6785.8,6780.4,6780.8,1001,40,0
2026-04-08 08:00:00,6780.8,6789.7,6779.0,6788.9,1503,40,0
2026-04-08 08:30:00,6788.9,6798.5,6786.8,6797.3,1825,40,0
2026-04-08 09:00:00,6797.3,6799.0,6790.3,6792.3,2521,40,0
2026-04-08 09:30:00,6792.1,6796.0,6789.8,6791.1,2024,40,0
2026-04-08 10:00:00,6791.1,6793.8,6782.9,6787.3,2984,40,0
2026-04-08 10:30:00,6787.3,6787.3,6778.8,6779.9,2629,40,0
2026-04-08 11:00:00,6779.8,6787.8,6778.6,6785.8,2409,40,0
2026-04-08 11:30:00,6785.8,6795.7,6778.4,6795.2,2627,40,0
2026-04-08 12:00:00,6795.1,6801.8,6791.6,6796.7,1841,40,0
2026-04-08 12:30:00,6797.1,6799.1,6789.3,6793.3,2126,40,0
2026-04-08 13:00:00,6793.3,6796.3,6788.6,6795.8,1852,40,0
2026-04-08 13:30:00,6795.8,6798.8,6793.1,6794.8,1312,40,0
2026-04-08 14:00:00,6794.8,6807.9,6789.8,6806.3,1994,40,0
2026-04-08 14:30:00,6806.3,6808.3,6799.9,6800.6,2328,40,0
2026-04-08 15:00:00,6800.6,6806.6,6782.2,6792.4,3442,40,0
2026-04-08 15:30:00,6792.4,6796.3,6786.7,6792.9,2765,40,0
2026-04-08 16:00:00,6793.1,6797.6,6788.3,6791.1,2177,40,0
2026-04-08 16:30:00,6790.8,6797.8,6766.3,6773.3,5006,40,0
2026-04-08 17:00:00,6773.1,6779.3,6766.8,6767.3,4142,40,0
2026-04-08 17:30:00,6767.3,6769.8,6742.3,6755.1,4264,40,0
2026-04-08 18:00:00,6755.1,6766.1,6751.1,6756.6,3493,40,0
2026-04-08 18:30:00,6756.8,6777.3,6756.6,6775.3,2345,40,0
2026-04-08 19:00:00,6775.3,6783.1,6770.9,6776.3,2062,40,0
2026-04-08 19:30:00,6776.3,6788.6,6775.1,6787.1,1439,40,0
2026-04-08 20:00:00,6787.1,6790.8,6774.3,6776.8,1929,40,0
2026-04-08 20:30:00,6776.8,6784.6,6774.1,6784.1,1876,40,0
2026-04-08 21:00:00,6783.9,6792.6,6769.7,6775.1,2788,40,0
2026-04-08 21:30:00,6775.1,6779.6,6754.3,6755.3,2353,40,0
2026-04-08 22:00:00,6755.3,6770.6,6753.9,6760.8,2375,40,0
2026-04-08 22:30:00,6760.8,6786.1,6760.3,6784.6,2263,40,0
2026-04-08 23:00:00,6784.8,6788.1,6780.3,6780.8,1073,40,0
2026-04-08 23:30:00,6780.8,6781.5,6774.7,6774.7,571,40,0
2026-04-09 01:00:00,6777.8,6784.6,6772.5,6775.3,1606,40,0
2026-04-09 01:30:00,6775.4,6781.1,6775.4,6777.4,887,40,0
2026-04-09 02:00:00,6777.4,6782.3,6775.6,6776.5,1009,40,0
2026-04-09 02:30:00,6776.5,6777.4,6773.6,6774.1,1138,40,0
2026-04-09 03:00:00,6774.1,6777.9,6768.3,6773.1,2335,40,0
2026-04-09 03:30:00,6773.3,6778.9,6771.9,6773.1,2169,40,0
2026-04-09 04:00:00,6773.1,6775.4,6765.4,6767.6,1838,40,0
2026-04-09 04:30:00,6767.6,6773.8,6766.8,6772.4,1744,40,0
2026-04-09 05:00:00,6772.6,6775.1,6771.1,6771.8,1574,40,0
2026-04-09 05:30:00,6771.6,6776.4,6771.5,6771.6,1094,40,0
2026-04-09 06:00:00,6771.6,6773.4,6768.8,6769.4,848,40,0
2026-04-09 06:30:00,6769.4,6773.1,6767.8,6771.9,1097,40,0
2026-04-09 07:00:00,6771.9,6772.9,6769.3,6770.8,847,40,0
2026-04-09 07:30:00,6770.8,6772.6,6767.6,6770.3,809,40,0
2026-04-09 08:00:00,6770.3,6774.6,6766.4,6774.5,1456,40,0
2026-04-09 08:30:00,6774.5,6777.5,6771.5,6773.1,1350,40,0
2026-04-09 09:00:00,6773.1,6778.6,6771.1,6772.9,1649,40,0
2026-04-09 09:30:00,6772.9,6774.4,6767.7,6772.7,1602,40,0
2026-04-09 10:00:00,6772.6,6774.8,6761.9,6765.6,1875,40,0
2026-04-09 10:30:00,6765.5,6766.9,6755.7,6760.2,1843,40,0
2026-04-09 11:00:00,6760.2,6761.9,6754.2,6755.0,1943,40,0
2026-04-09 11:30:00,6755.0,6763.2,6754.9,6756.9,1589,40,0
2026-04-09 12:00:00,6756.7,6764.0,6754.2,6763.4,1517,40,0
2026-04-09 12:30:00,6763.4,6763.9,6759.7,6763.4,1166,40,0
2026-04-09 13:00:00,6763.4,6765.4,6760.2,6763.9,1809,40,0
2026-04-09 13:30:00,6763.9,6766.0,6756.4,6757.1,1606,40,0
2026-04-09 14:00:00,6757.1,6761.2,6755.9,6757.2,1708,40,0
2026-04-09 14:30:00,6757.2,6769.2,6757.2,6766.9,1966,40,0
2026-04-09 15:00:00,6766.9,6770.7,6766.2,6767.8,1459,40,0
2026-04-09 15:30:00,6767.8,6774.4,6762.5,6768.5,2451,40,0
2026-04-09 16:00:00,6768.5,6774.2,6765.9,6774.2,1865,40,0
2026-04-09 16:30:00,6774.2,6783.1,6770.4,6778.2,3730,40,0
2026-04-09 17:00:00,6777.9,6782.2,6764.7,6768.4,3128,40,0
2026-04-09 17:30:00,6766.4,6780.2,6763.4,6778.4,2381,40,0
2026-04-09 18:00:00,6778.4,6790.9,6771.4,6784.9,2314,40,0
2026-04-09 18:30:00,6784.9,6814.7,6782.9,6813.9,3507,40,0
2026-04-09 19:00:00,6813.9,6833.4,6813.9,6824.7,2376,40,0
2026-04-09 19:30:00,6824.7,6826.8,6815.4,6824.4,2000,40,0
2026-04-09 20:00:00,6824.4,6836.2,6823.2,6828.7,1724,40,0
2026-04-09 20:30:00,6828.7,6837.4,6822.2,6831.2,1558,40,0
2026-04-09 21:00:00,6831.2,6831.9,6812.2,6814.2,3016,40,0
2026-04-09 21:30:00,6814.2,6819.7,6810.4,6816.9,2015,40,0
2026-04-09 22:00:00,6816.9,6828.2,6815.2,6824.7,1496,40,0
2026-04-09 22:30:00,6824.7,6832.7,6823.4,6824.2,1775,40,0
2026-04-09 23:00:00,6823.7,6824.9,6816.8,6821.3,826,40,0
2026-04-09 23:30:00,6821.3,6824.6,6817.6,6818.6,473,40,0
2026-04-10 01:00:00,6820.4,6824.0,6817.5,6817.6,1154,40,0
2026-04-10 01:30:00,6817.6,6821.0,6814.6,6815.5,1132,40,0
2026-04-10 02:00:00,6815.5,6816.7,6812.7,6815.5,646,40,0
2026-04-10 02:30:00,6815.5,6820.1,6814.7,6817.5,767,40,0
2026-04-10 03:00:00,6817.5,6820.0,6813.7,6819.6,1733,40,0
2026-04-10 03:30:00,6819.6,6826.7,6818.7,6825.9,1092,40,0
2026-04-10 04:00:00,6825.8,6827.5,6822.5,6827.2,1311,40,0
2026-04-10 04:30:00,6827.2,6830.7,6826.2,6827.7,1229,40,0
2026-04-10 05:00:00,6827.7,6828.5,6821.5,6823.2,1075,40,0
2026-04-10 05:30:00,6823.2,6825.5,6822.7,6824.7,625,40,0
2026-04-10 06:00:00,6824.7,6827.2,6824.2,6824.4,537,40,0
2026-04-10 06:30:00,6824.4,6829.5,6824.4,6828.2,817,40,0
2026-04-10 07:00:00,6828.2,6828.6,6825.5,6826.2,696,40,0
2026-04-10 07:30:00,6826.2,6826.7,6823.4,6824.2,550,40,0
2026-04-10 08:00:00,6824.2,6827.5,6824.2,6824.4,768,40,0
2026-04-10 08:30:00,6824.3,6826.7,6823.0,6823.5,915,40,0
2026-04-10 09:00:00,6823.5,6824.2,6818.6,6819.3,1095,40,0
2026-04-10 09:30:00,6819.3,6820.3,6816.0,6818.3,1006,40,0
2026-04-10 10:00:00,6818.3,6822.3,6817.0,6822.2,1162,40,0
2026-04-10 10:30:00,6822.3,6825.5,6820.0,6823.3,1160,40,0
2026-04-10 11:00:00,6823.3,6823.8,6814.8,6819.0,1351,40,0
2026-04-10 11:30:00,6818.8,6820.8,6812.3,6813.1,1213,40,0
2026-04-10 12:00:00,6813.1,6828.5,6813.1,6820.6,1833,40,0
2026-04-10 12:30:00,6820.6,6824.8,6816.1,6824.4,1784,40,0
2026-04-10 13:00:00,6824.3,6828.3,6819.5,6826.1,1270,40,0
2026-04-10 13:30:00,6826.1,6828.3,6823.4,6826.0,1210,40,0
2026-04-10 14:00:00,6826.0,6832.0,6826.0,6830.1,1205,40,0
2026-04-10 14:30:00,6830.3,6832.4,6824.0,6825.9,1077,40,0
2026-04-10 15:00:00,6825.9,6838.1,6824.3,6833.6,1617,40,0
2026-04-10 15:30:00,6835.3,6846.3,6831.5,6833.0,2430,40,0
2026-04-10 16:00:00,6833.0,6836.8,6830.8,6836.5,1373,40,0
2026-04-10 16:30:00,6836.5,6843.0,6825.5,6831.5,3047,40,0
2026-04-10 17:00:00,6831.5,6839.5,6824.3,6839.3,2465,40,0
2026-04-10 17:30:00,6839.3,6843.3,6828.0,6837.5,2394,40,0
2026-04-10 18:00:00,6837.5,6844.5,6833.0,6836.5,1697,40,0
2026-04-10 18:30:00,6836.5,6838.8,6815.3,6818.5,2315,40,0
2026-04-10 19:00:00,6818.5,6824.8,6815.0,6818.8,1702,40,0
2026-04-10 19:30:00,6818.8,6821.0,6808.8,6818.5,1699,40,0
2026-04-10 20:00:00,6818.5,6818.5,6809.5,6810.3,1349,40,0
2026-04-10 20:30:00,6810.3,6819.0,6808.0,6818.4,1216,40,0
2026-04-10 21:00:00,6818.4,6820.8,6812.4,6818.0,1144,40,0
2026-04-10 21:30:00,6818.0,6818.5,6812.5,6817.2,918,40,0
2026-04-10 22:00:00,6817.0,6823.8,6817.0,6820.3,789,40,0
2026-04-10 22:30:00,6820.3,6820.3,6810.5,6817.2,1304,40,0
2026-04-13 01:00:00,6740.0,6758.1,6732.9,6735.1,3385,40,0
2026-04-13 01:30:00,6735.1,6742.9,6731.2,6742.4,1926,40,0
2026-04-13 02:00:00,6742.4,6742.4,6737.7,6740.4,1259,40,0
2026-04-13 02:30:00,6740.4,6748.9,6736.5,6748.5,1430,40,0
2026-04-13 03:00:00,6748.3,6753.7,6741.4,6751.9,2355,40,0
2026-04-13 03:30:00,6751.9,6764.5,6750.4,6764.4,1736,40,0
2026-04-13 04:00:00,6764.4,6771.6,6764.4,6768.2,1951,40,0
2026-04-13 04:30:00,6768.2,6771.1,6764.4,6769.0,1453,40,0
2026-04-13 05:00:00,6769.0,6769.3,6764.6,6766.4,1078,40,0
2026-04-13 05:30:00,6766.4,6770.1,6764.1,6769.6,762,40,0
2026-04-13 06:00:00,6769.6,6770.9,6765.6,6768.6,733,40,0
2026-04-13 06:30:00,6768.4,6768.6,6765.1,6765.5,703,40,0
2026-04-13 07:00:00,6765.5,6769.4,6763.9,6768.4,795,40,0
2026-04-13 07:30:00,6768.5,6774.7,6765.7,6771.6,845,40,0
2026-04-13 08:00:00,6771.6,6773.6,6768.2,6771.6,1139,40,0
2026-04-13 08:30:00,6771.6,6773.6,6769.5,6772.4,905,40,0
2026-04-13 09:00:00,6772.4,6780.8,6772.4,6778.9,1566,40,0
2026-04-13 09:30:00,6778.9,6779.9,6775.9,6778.4,1165,40,0
2026-04-13 10:00:00,6778.4,6781.4,6774.6,6779.9,1584,40,0
2026-04-13 10:30:00,6779.9,6781.1,6774.6,6776.4,1169,40,0
2026-04-13 11:00:00,6776.4,6783.6,6776.0,6782.4,1910,40,0
2026-04-13 11:30:00,6782.4,6783.1,6774.1,6777.4,1522,40,0
2026-04-13 12:00:00,6777.4,6783.1,6777.4,6781.1,1429,40,0
2026-04-13 12:30:00,6781.0,6782.9,6776.4,6777.6,750,40,0
2026-04-13 13:00:00,6777.6,6778.6,6775.4,6777.5,728,40,0
2026-04-13 13:30:00,6777.5,6785.1,6775.1,6785.1,831,40,0
2026-04-13 14:00:00,6785.0,6795.0,6778.8,6779.6,1637,40,0
2026-04-13 14:30:00,6779.6,6780.4,6768.0,6768.9,1892,40,0
2026-04-13 15:00:00,6768.9,6776.9,6766.5,6776.4,1726,40,0
2026-04-13 15:30:00,6776.4,6788.5,6775.4,6786.6,1552,40,0
2026-04-13 16:00:00,6786.6,6798.6,6785.9,6798.6,1085,40,0
2026-04-13 16:30:00,6798.6,6822.5,6790.6,6822.5,4003,40,0
2026-04-13 17:00:00,6822.3,6825.4,6809.6,6820.9,3233,40,0
2026-04-13 17:30:00,6821.0,6831.9,6818.4,6830.9,2283,40,0
2026-04-13 18:00:00,6830.9,6830.9,6820.1,6820.4,2021,40,0
2026-04-13 18:30:00,6820.4,6828.1,6817.8,6820.1,1795,40,0
2026-04-13 19:00:00,6820.1,6841.6,6815.4,6839.4,2452,40,0
2026-04-13 19:30:00,6839.4,6853.9,6832.4,6848.6,3195,40,0
2026-04-13 20:00:00,6848.6,6853.9,6846.6,6850.4,1392,40,0
2026-04-13 20:30:00,6850.4,6852.6,6844.4,6847.1,1153,40,0
2026-04-13 21:00:00,6847.4,6852.1,6847.4,6849.6,963,40,0
2026-04-13 21:30:00,6849.6,6860.4,6848.6,6858.9,1028,40,0
2026-04-13 22:00:00,6858.9,6864.1,6856.1,6863.9,864,40,0
2026-04-13 22:30:00,6863.9,6888.6,6862.4,6885.6,1660,40,0
2026-04-13 23:00:00,6885.4,6889.6,6883.4,6887.6,803,40,0
2026-04-13 23:30:00,6887.6,6892.1,6886.9,6888.9,351,40,0
2026-04-14 01:00:00,6890.5,6894.2,6888.2,6890.5,711,40,0
2026-04-14 01:30:00,6890.5,6892.7,6889.4,6892.0,459,40,0
2026-04-14 02:00:00,6892.0,6896.0,6890.6,6892.5,737,40,0
2026-04-14 02:30:00,6892.5,6894.5,6887.7,6890.2,596,40,0
2026-04-14 03:00:00,6890.2,6890.2,6885.2,6887.7,1102,40,0
2026-04-14 03:30:00,6887.7,6892.3,6887.7,6890.5,766,40,0
2026-04-14 04:00:00,6890.5,6890.5,6886.8,6889.1,731,40,0
2026-04-14 04:30:00,6889.1,6890.5,6886.6,6888.5,545,40,0
2026-04-14 05:00:00,6888.5,6891.7,6887.3,6891.0,457,40,0
2026-04-14 05:30:00,6891.0,6892.0,6887.6,6890.2,386,40,0
2026-04-14 06:00:00,6890.2,6890.2,6884.8,6887.6,376,40,0
2026-04-14 06:30:00,6887.6,6889.2,6885.2,6888.7,356,40,0
2026-04-14 07:00:00,6888.7,6890.2,6886.4,6889.2,324,40,0
2026-04-14 07:30:00,6889.2,6890.0,6886.9,6890.0,298,40,0
2026-04-14 08:00:00,6890.0,6890.5,6887.3,6889.2,385,40,0
2026-04-14 08:30:00,6889.2,6889.3,6884.8,6886.5,554,40,0
2026-04-14 09:00:00,6886.5,6888.5,6884.9,6888.0,609,40,0
2026-04-14 09:30:00,6887.7,6892.0,6887.0,6890.7,664,40,0
2026-04-14 10:00:00,6890.7,6900.7,6889.2,6898.5,2349,40,0
2026-04-14 10:30:00,6898.5,6902.5,6896.0,6898.0,1404,40,0
2026-04-14 11:00:00,6898.0,6901.7,6896.2,6901.5,1490,40,0
2026-04-14 11:30:00,6901.5,6905.0,6899.0,6904.4,1055,40,0
2026-04-14 12:00:00,6904.5,6906.7,6901.2,6901.7,790,40,0
2026-04-14 12:30:00,6901.7,6901.7,6896.3,6898.0,677,40,0
2026-04-14 13:00:00,6898.0,6901.7,6895.9,6900.0,819,40,0
2026-04-14 13:30:00,6900.0,6901.0,6892.7,6894.0,1073,40,0
2026-04-14 14:00:00,6894.0,6901.5,6892.7,6901.0,739,40,0
2026-04-14 14:30:00,6901.0,6909.6,6899.0,6903.5,862,40,0
2026-04-14 15:00:00,6903.7,6909.2,6901.7,6908.7,1465,40,0
2026-04-14 15:30:00,6909.0,6913.8,6901.2,6904.5,1410,40,0
2026-04-14 16:00:00,6904.5,6907.2,6902.0,6902.5,811,40,0
2026-04-14 16:30:00,6902.2,6925.7,6902.2,6921.0,2927,40,0
2026-04-14 17:00:00,6921.0,6936.5,6920.7,6936.2,1962,40,0
2026-04-14 17:30:00,6936.2,6943.5,6932.5,6941.7,1389,40,0
2026-04-14 18:00:00,6941.7,6951.2,6935.5,6949.5,1530,40,0
2026-04-14 18:30:00,6949.2,6959.7,6949.2,6955.2,1181,40,0
2026-04-14 19:00:00,6955.2,6963.7,6954.5,6962.7,823,40,0
2026-04-14 19:30:00,6962.7,6964.0,6954.7,6956.0,930,40,0
2026-04-14 20:00:00,6956.0,6967.0,6956.0,6964.0,872,40,0
2026-04-14 20:30:00,6964.0,6967.5,6962.6,6964.0,689,40,0
2026-04-14 21:00:00,6964.0,6966.0,6948.2,6952.7,1314,40,0
2026-04-14 21:30:00,6952.7,6958.5,6949.7,6954.2,1079,40,0
2026-04-14 22:00:00,6954.2,6969.5,6953.5,6969.2,896,40,0
2026-04-14 22:30:00,6968.7,6972.5,6961.7,6970.5,1565,40,0
2026-04-14 23:00:00,6970.7,6971.7,6965.2,6970.0,568,40,0
2026-04-14 23:30:00,6970.0,6970.5,6965.6,6966.1,233,40,0
2026-04-15 01:00:00,6967.1,6973.4,6966.8,6971.6,969,40,0
2026-04-15 01:30:00,6971.6,6972.4,6967.3,6970.2,373,40,0
2026-04-15 02:00:00,6970.2,6972.9,6967.7,6972.7,320,40,0
2026-04-15 02:30:00,6972.7,6978.4,6971.2,6973.7,1250,40,0
2026-04-15 03:00:00,6973.7,6974.4,6970.9,6973.1,1101,40,0
2026-04-15 03:30:00,6973.1,6974.4,6969.9,6973.7,850,40,0
2026-04-15 04:00:00,6973.7,6977.4,6972.2,6976.4,818,40,0
2026-04-15 04:30:00,6976.4,6977.2,6973.7,6976.2,713,40,0
2026-04-15 05:00:00,6976.2,6976.2,6971.2,6971.9,543,40,0
2026-04-15 05:30:00,6971.9,6972.2,6967.3,6969.7,557,40,0
2026-04-15 06:00:00,6969.7,6971.2,6966.9,6970.4,350,40,0
2026-04-15 06:30:00,6970.4,6975.9,6968.9,6974.7,405,40,0
2026-04-15 07:00:00,6974.7,6975.7,6971.0,6975.2,271,40,0
2026-04-15 07:30:00,6975.2,6975.7,6969.9,6972.4,309,40,0
2026-04-15 08:00:00,6972.4,6981.1,6968.2,6969.4,1719,40,0
2026-04-15 08:30:00,6969.4,6969.7,6965.6,6968.7,920,40,0
2026-04-15 09:00:00,6968.7,6971.2,6967.7,6971.0,840,40,0
2026-04-15 09:30:00,6971.0,6972.5,6966.8,6970.2,657,40,0
2026-04-15 10:00:00,6970.1,6970.7,6966.6,6967.5,999,40,0
2026-04-15 10:30:00,6967.5,6971.7,6965.3,6970.2,948,40,0
2026-04-15 11:00:00,6970.2,6972.7,6968.2,6972.5,1026,40,0
2026-04-15 11:30:00,6972.2,6975.2,6969.8,6973.5,678,40,0
2026-04-15 12:00:00,6973.5,6975.0,6964.8,6966.5,1697,40,0
2026-04-15 12:30:00,6966.5,6968.0,6963.2,6965.2,988,40,0
2026-04-15 13:00:00,6965.2,6970.0,6957.7,6959.7,1768,40,0
2026-04-15 13:30:00,6959.7,6968.2,6957.1,6966.7,1488,40,0
2026-04-15 14:00:00,6966.7,6971.0,6966.5,6968.2,1079,40,0
2026-04-15 14:30:00,6968.2,6982.2,6968.0,6974.0,1913,40,0
2026-04-15 15:00:00,6974.0,6975.7,6967.3,6969.8,1670,40,0
2026-04-15 15:30:00,6969.8,6976.5,6969.2,6973.5,952,40,0
2026-04-15 16:00:00,6973.5,6979.7,6971.0,6979.0,810,40,0
2026-04-15 16:30:00,6979.0,6989.5,6969.0,6982.7,3197,40,0
2026-04-15 17:00:00,6982.7,6995.7,6976.2,6995.7,2121,40,0
2026-04-15 17:30:00,6995.7,6997.7,6985.7,6994.0,1583,40,0
2026-04-15 18:00:00,6994.0,7002.2,6991.0,7000.5,1458,40,0
2026-04-15 18:30:00,7000.5,7002.5,6995.2,6996.7,1336,40,0
2026-04-15 19:00:00,6996.7,7005.0,6995.2,7000.5,947,40,0
2026-04-15 19:30:00,7000.5,7002.0,6984.2,6992.2,1923,40,0
2026-04-15 20:00:00,6992.2,7003.0,6991.2,7001.2,1156,40,0
2026-04-15 20:30:00,7001.0,7007.0,7000.0,7001.7,956,40,0
2026-04-15 21:00:00,7001.7,7013.5,6998.7,7011.7,1602,40,0
2026-04-15 21:30:00,7011.7,7025.2,7011.7,7023.2,892,40,0
2026-04-15 22:00:00,7023.2,7027.0,7020.5,7026.7,935,40,0
2026-04-15 22:30:00,7026.7,7029.2,7019.2,7025.2,1412,40,0
2026-04-15 23:00:00,7024.7,7027.2,7019.2,7021.9,592,40,0
2026-04-15 23:30:00,7021.9,7024.7,7019.1,7020.4,248,40,0
2026-04-16 01:00:00,7023.1,7027.7,7021.2,7027.3,793,40,0
2026-04-16 01:30:00,7027.3,7031.0,7026.1,7030.9,401,40,0
2026-04-16 02:00:00,7031.1,7032.1,7028.0,7030.6,395,40,0
2026-04-16 02:30:00,7030.6,7035.3,7028.9,7034.4,397,40,0
2026-04-16 03:00:00,7034.4,7037.6,7031.6,7033.6,1086,40,0
2026-04-16 03:30:00,7033.6,7041.3,7033.6,7039.4,621,40,0
2026-04-16 04:00:00,7039.4,7041.1,7036.6,7039.4,678,40,0
2026-04-16 04:30:00,7039.4,7042.9,7037.6,7038.1,659,40,0
2026-04-16 05:00:00,7038.1,7040.4,7037.9,7039.1,686,40,0
2026-04-16 05:30:00,7039.1,7041.1,7036.6,7037.6,452,40,0
2026-04-16 06:00:00,7037.6,7041.1,7036.1,7038.4,390,40,0
2026-04-16 06:30:00,7038.4,7039.1,7034.9,7036.9,458,40,0
2026-04-16 07:00:00,7036.9,7038.1,7033.4,7036.1,381,40,0
2026-04-16 07:30:00,7036.1,7037.1,7033.6,7036.9,240,40,0
2026-04-16 08:00:00,7036.9,7038.0,7033.4,7037.6,506,40,0
2026-04-16 08:30:00,7037.6,7040.0,7035.6,7038.6,770,40,0
2026-04-16 09:00:00,7038.6,7043.2,7038.6,7042.2,924,40,0
2026-04-16 09:30:00,7042.2,7043.9,7039.7,7042.4,647,40,0
2026-04-16 10:00:00,7042.4,7042.7,7038.4,7040.9,886,40,0
2026-04-16 10:30:00,7040.9,7042.5,7034.9,7036.2,745,40,0
2026-04-16 11:00:00,7036.2,7037.4,7029.2,7030.7,1203,40,0
2026-04-16 11:30:00,7030.7,7033.9,7027.7,7033.2,620,40,0
2026-04-16 12:00:00,7033.2,7035.7,7032.2,7032.7,603,40,0
2026-04-16 12:30:00,7032.7,7033.9,7030.4,7033.9,550,40,0
2026-04-16 13:00:00,7033.9,7036.3,7031.9,7032.4,587,40,0
2026-04-16 13:30:00,7032.4,7032.5,7024.7,7030.2,1026,40,0
2026-04-16 14:00:00,7030.2,7033.4,7028.2,7030.7,687,40,0
2026-04-16 14:30:00,7030.7,7035.4,7030.5,7034.2,921,40,0
2026-04-16 15:00:00,7034.2,7036.4,7031.4,7036.0,754,40,0
2026-04-16 15:30:00,7036.0,7038.4,7033.4,7034.9,819,40,0
2026-04-16 16:00:00,7034.9,7039.2,7033.4,7037.4,797,40,0
2026-04-16 16:30:00,7037.2,7039.2,7012.2,7021.7,3256,40,0
2026-04-16 17:00:00,7021.7,7027.9,7013.4,7018.1,2833,40,0
2026-04-16 17:30:00,7018.2,7028.4,7015.4,7026.2,2292,40,0
2026-04-16 18:00:00,7026.2,7047.2,7026.2,7035.2,1679,40,0
2026-04-16 18:30:00,7035.2,7050.2,7033.8,7049.2,2076,40,0
2026-04-16 19:00:00,7049.4,7054.7,7046.3,7047.2,1111,40,0
2026-04-16 19:30:00,7047.2,7047.7,7029.1,7034.9,2110,40,0
2026-04-16 20:00:00,7034.9,7036.4,7025.2,7033.9,2027,40,0
2026-04-16 20:30:00,7033.9,7042.2,7028.7,7033.2,1635,40,0
2026-04-16 21:00:00,7033.2,7038.9,7021.9,7024.9,2301,40,0
2026-04-16 21:30:00,7025.2,7037.2,7024.9,7034.4,1377,40,0
2026-04-16 22:00:00,7034.2,7039.2,7033.2,7036.2,1191,40,0
2026-04-16 22:30:00,7036.2,7046.2,7035.4,7042.1,1396,40,0
2026-04-16 23:00:00,7042.4,7044.0,7037.5,7042.1,819,40,0
2026-04-16 23:30:00,7042.1,7045.4,7038.2,7040.2,182,40,0
2026-04-17 01:00:00,7043.4,7048.5,7041.9,7048.3,702,40,0
2026-04-17 01:30:00,7048.1,7049.3,7044.5,7048.4,321,40,0
2026-04-17 02:00:00,7048.4,7050.9,7045.0,7049.1,326,40,0
2026-04-17 02:30:00,7049.1,7051.6,7046.5,7049.6,411,40,0
2026-04-17 03:00:00,7049.6,7050.1,7044.1,7049.4,1322,40,0
2026-04-17 03:30:00,7049.4,7050.4,7046.2,7049.0,700,40,0
2026-04-17 04:00:00,7049.0,7050.6,7047.4,7048.3,831,40,0
2026-04-17 04:30:00,7048.3,7050.9,7048.1,7049.4,618,40,0
2026-04-17 05:00:00,7049.4,7050.1,7043.6,7044.9,657,40,0
2026-04-17 05:30:00,7044.9,7046.9,7041.9,7044.9,483,40,0
2026-04-17 06:00:00,7044.9,7045.6,7041.0,7043.9,380,40,0
2026-04-17 06:30:00,7043.9,7044.6,7040.5,7044.1,359,40,0
2026-04-17 07:00:00,7044.1,7049.1,7041.6,7048.1,320,40,0
2026-04-17 07:30:00,7048.1,7048.9,7044.5,7045.6,356,40,0
2026-04-17 08:00:00,7045.6,7045.9,7040.6,7045.4,601,40,0
2026-04-17 08:30:00,7045.4,7048.1,7043.1,7047.6,535,40,0
2026-04-17 09:00:00,7047.6,7049.9,7046.1,7046.7,926,40,0
2026-04-17 09:30:00,7046.7,7048.2,7043.5,7046.2,772,40,0
2026-04-17 10:00:00,7046.2,7052.4,7046.2,7048.9,985,40,0
2026-04-17 10:30:00,7048.9,7053.9,7048.2,7052.9,906,40,0
2026-04-17 11:00:00,7052.9,7054.3,7050.9,7053.7,729,40,0
2026-04-17 11:30:00,7053.7,7057.2,7052.2,7056.9,533,40,0
2026-04-17 12:00:00,7056.9,7058.4,7053.1,7057.9,452,40,0
2026-04-17 12:30:00,7057.9,7060.2,7053.7,7059.3,577,40,0
2026-04-17 13:00:00,7059.3,7061.4,7054.4,7057.4,521,40,0
2026-04-17 13:30:00,7057.4,7058.9,7054.4,7057.9,490,40,0
2026-04-17 14:00:00,7057.9,7062.4,7057.4,7061.7,609,40,0
2026-04-17 14:30:00,7061.7,7068.4,7061.7,7067.4,617,40,0
2026-04-17 15:00:00,7067.4,7080.4,7065.9,7080.4,1405,40,0
2026-04-17 15:30:00,7080.4,7103.2,7075.7,7102.2,3366,40,0
2026-04-17 16:00:00,7102.2,7113.7,7085.4,7087.7,3671,40,0
2026-04-17 16:30:00,7087.4,7109.9,7083.4,7109.7,4480,40,0
2026-04-17 17:00:00,7109.7,7121.4,7107.9,7119.4,2528,40,0
2026-04-17 17:30:00,7119.4,7140.9,7119.4,7132.2,2351,40,0
2026-04-17 18:00:00,7132.2,7139.2,7125.9,7133.7,2550,40,0
2026-04-17 18:30:00,7133.9,7141.2,7131.9,7135.4,2056,40,0
2026-04-17 19:00:00,7135.4,7144.4,7133.3,7143.4,1587,40,0
2026-04-17 19:30:00,7143.4,7151.9,7143.4,7147.4,1012,40,0
2026-04-17 20:00:00,7147.4,7149.9,7118.2,7126.7,2618,40,0
2026-04-17 20:30:00,7126.7,7134.9,7123.7,7130.9,2102,40,0
2026-04-17 21:00:00,7130.9,7132.9,7119.2,7125.9,2107,40,0
2026-04-17 21:30:00,7126.2,7131.7,7120.2,7124.2,1690,40,0
2026-04-17 22:00:00,7124.2,7126.9,7117.7,7120.2,1388,40,0
2026-04-17 22:30:00,7120.2,7131.7,7120.2,7127.9,1672,40,0
2026-04-20 01:00:00,7068.6,7080.3,7053.7,7071.0,2969,40,0
2026-04-20 01:30:00,7071.0,7084.3,7070.3,7079.1,1369,40,0
2026-04-20 02:00:00,7079.1,7082.6,7074.6,7076.3,1108,40,0
2026-04-20 02:30:00,7076.3,7076.8,7071.1,7075.1,1210,40,0
2026-04-20 03:00:00,7075.2,7080.8,7070.5,7080.1,2536,40,0
2026-04-20 03:30:00,7080.2,7082.1,7077.3,7081.3,1409,40,0
2026-04-20 04:00:00,7081.1,7090.1,7080.6,7087.8,1547,40,0
2026-04-20 04:30:00,7087.8,7094.8,7087.6,7092.8,1037,40,0
2026-04-20 05:00:00,7092.8,7093.0,7085.5,7085.5,723,40,0
2026-04-20 05:30:00,7091.0,7091.5,7088.2,7090.6,634,40,0
2026-04-20 06:00:00,7090.3,7091.5,7084.6,7090.6,660,40,0
2026-04-20 06:30:00,7090.6,7092.1,7082.2,7087.7,599,40,0
2026-04-20 07:00:00,7087.7,7088.8,7080.8,7086.8,490,40,0
2026-04-20 07:30:00,7086.8,7090.1,7079.8,7088.8,600,40,0
2026-04-20 08:00:00,7088.8,7089.3,7083.6,7083.7,765,40,0
2026-04-20 08:30:00,7083.7,7084.3,7078.1,7082.3,1360,40,0
2026-04-20 09:00:00,7082.3,7087.8,7082.1,7086.1,1433,40,0
2026-04-20 09:30:00,7086.2,7096.7,7084.6,7092.9,1801,40,0
2026-04-20 10:00:00,7092.9,7099.4,7091.2,7092.6,2747,40,0
2026-04-20 10:30:00,7092.6,7093.6,7083.1,7087.4,2179,40,0
2026-04-20 11:00:00,7087.4,7090.7,7078.7,7090.2,2169,40,0
2026-04-20 11:30:00,7090.2,7099.6,7087.2,7097.9,1561,40,0
2026-04-20 12:00:00,7097.9,7102.4,7093.9,7096.9,1452,40,0
2026-04-20 12:30:00,7096.7,7099.6,7095.6,7096.6,980,40,0
2026-04-20 13:00:00,7096.6,7104.5,7096.1,7099.0,1295,40,0
2026-04-20 13:30:00,7099.0,7099.4,7090.0,7094.9,801,40,0
2026-04-20 14:00:00,7094.9,7095.4,7089.4,7090.5,1203,40,0
2026-04-20 14:30:00,7090.5,7099.1,7089.9,7097.6,1721,40,0
2026-04-20 15:00:00,7097.6,7102.4,7095.6,7098.6,1759,40,0
2026-04-20 15:30:00,7098.6,7109.4,7098.6,7104.9,1184,40,0
2026-04-20 16:00:00,7104.9,7116.6,7103.4,7116.6,2172,40,0
2026-04-20 16:30:00,7116.9,7127.9,7110.9,7125.5,3731,40,0
2026-04-20 17:00:00,7125.4,7125.9,7115.4,7118.1,2886,40,0
2026-04-20 17:30:00,7118.4,7118.9,7093.8,7100.4,3433,40,0
2026-04-20 18:00:00,7100.4,7113.4,7090.1,7111.6,3290,40,0
2026-04-20 18:30:00,7111.6,7111.6,7099.9,7104.6,2249,40,0
2026-04-20 19:00:00,7104.6,7106.6,7098.6,7105.1,1550,40,0
2026-04-20 19:30:00,7105.1,7109.6,7102.6,7105.1,1369,40,0
2026-04-20 20:00:00,7105.1,7112.6,7101.4,7108.5,1345,40,0
2026-04-20 20:30:00,7108.6,7110.9,7104.6,7106.4,1352,40,0
2026-04-20 21:00:00,7106.1,7115.1,7103.6,7111.9,1272,40,0
2026-04-20 21:30:00,7112.1,7114.9,7107.6,7111.6,1058,40,0
2026-04-20 22:00:00,7111.6,7114.4,7108.6,7109.1,656,40,0
2026-04-20 22:30:00,7109.1,7117.3,7105.1,7116.6,1106,40,0
2026-04-20 23:00:00,7116.8,7117.8,7109.0,7115.8,407,40,0
2026-04-20 23:30:00,7116.1,7128.8,7113.6,7115.0,1103,40,0
2026-04-21 01:00:00,7119.7,7130.1,7119.7,7125.9,885,40,0
2026-04-21 01:30:00,7125.7,7127.9,7120.4,7127.6,351,40,0
2026-04-21 02:00:00,7127.6,7127.7,7120.1,7124.9,266,40,0
2026-04-21 02:30:00,7124.9,7125.6,7117.9,7124.1,333,40,0
2026-04-21 03:00:00,7124.1,7127.0,7118.7,7121.6,1019,40,0
2026-04-21 03:30:00,7121.6,7129.2,7114.9,7127.6,1294,40,0
2026-04-21 04:00:00,7127.6,7129.1,7121.4,7129.1,900,40,0
2026-04-21 04:30:00,7129.1,7131.6,7123.6,7127.9,663,40,0
2026-04-21 05:00:00,7127.9,7129.9,7127.4,7129.4,439,40,0
2026-04-21 05:30:00,7129.4,7129.9,7122.2,7127.1,438,40,0
2026-04-21 06:00:00,7127.1,7127.9,7118.2,7124.6,434,40,0
2026-04-21 06:30:00,7124.6,7126.4,7118.6,7126.1,289,40,0
2026-04-21 07:00:00,7126.1,7129.6,7120.7,7129.1,248,40,0
2026-04-21 07:30:00,7129.1,7130.6,7123.2,7129.9,209,40,0
2026-04-21 08:00:00,7129.9,7134.4,7124.4,7133.4,487,40,0
2026-04-21 08:30:00,7133.4,7133.4,7126.3,7129.9,446,40,0
2026-04-21 09:00:00,7129.9,7134.9,7128.7,7132.5,870,40,0
2026-04-21 09:30:00,7132.5,7134.1,7131.9,7132.1,616,40,0
2026-04-21 10:00:00,7132.1,7132.3,7125.8,7128.1,1284,40,0
2026-04-21 10:30:00,7128.1,7132.4,7126.1,7127.4,1220,40,0
2026-04-21 11:00:00,7127.4,7131.8,7123.6,7130.9,1241,40,0
2026-04-21 11:30:00,7130.9,7135.6,7127.6,7133.1,991,40,0
2026-04-21 12:00:00,7133.1,7133.3,7127.9,7130.4,921,40,0
2026-04-21 12:30:00,7130.4,7138.5,7127.4,7137.9,784,40,0
2026-04-21 13:00:00,7138.1,7141.1,7137.4,7138.6,794,40,0
2026-04-21 13:30:00,7138.6,7146.6,7136.4,7145.1,568,40,0
2026-04-21 14:00:00,7145.1,7147.9,7139.4,7147.8,1293,40,0
2026-04-21 14:30:00,7147.9,7152.1,7144.9,7144.9,758,40,0
2026-04-21 15:00:00,7144.9,7146.4,7135.9,7143.3,1106,40,0
2026-04-21 15:30:00,7143.3,7145.3,7129.9,7133.4,2325,40,0
2026-04-21 16:00:00,7133.4,7134.6,7129.4,7131.6,1148,40,0
2026-04-21 16:30:00,7131.6,7137.7,7116.4,7136.7,3238,40,0
2026-04-21 17:00:00,7136.8,7141.9,7130.7,7134.7,2144,40,0
2026-04-21 17:30:00,7134.7,7136.7,7103.4,7104.7,2966,40,0
2026-04-21 18:00:00,7104.4,7110.4,7090.2,7095.4,3763,40,0
2026-04-21 18:30:00,7095.4,7103.2,7088.9,7095.7,3128,40,0
2026-04-21 19:00:00,7095.7,7107.4,7091.2,7092.2,2442,40,0
2026-04-21 19:30:00,7092.2,7099.9,7083.7,7083.9,1962,40,0
2026-04-21 20:00:00,7083.9,7091.2,7066.4,7074.7,3210,40,0
2026-04-21 20:30:00,7074.7,7102.2,7074.4,7086.2,3098,40,0
2026-04-21 21:00:00,7086.2,7092.7,7075.2,7079.2,2470,40,0
2026-04-21 21:30:00,7079.2,7097.0,7078.4,7091.4,2224,40,0
2026-04-21 22:00:00,7091.7,7106.7,7091.0,7105.9,2546,40,0
2026-04-21 22:30:00,7105.9,7107.7,7054.4,7069.9,4194,40,0
2026-04-21 23:00:00,7069.7,7108.2,7061.1,7091.2,3474,40,0
2026-04-21 23:30:00,7091.2,7097.4,7087.6,7088.2,1185,40,0
2026-04-22 01:00:00,7093.6,7100.1,7093.6,7097.5,1087,40,0
2026-04-22 01:30:00,7097.5,7098.8,7092.3,7094.1,575,40,0
2026-04-22 02:00:00,7094.1,7098.0,7092.5,7095.9,493,40,0
2026-04-22 02:30:00,7096.0,7101.3,7093.8,7101.0,608,40,0
2026-04-22 03:00:00,7101.0,7109.1,7101.0,7106.3,1418,40,0
2026-04-22 03:30:00,7106.3,7108.6,7103.4,7104.3,901,40,0
2026-04-22 04:00:00,7104.3,7107.5,7104.0,7105.8,1051,40,0
2026-04-22 04:30:00,7105.8,7111.8,7105.3,7109.5,982,40,0
2026-04-22 05:00:00,7109.5,7112.5,7106.2,7112.3,719,40,0
2026-04-22 05:30:00,7112.3,7112.8,7105.2,7109.5,529,40,0
2026-04-22 06:00:00,7109.5,7111.3,7102.9,7107.8,518,40,0
2026-04-22 06:30:00,7107.8,7110.3,7105.5,7105.8,602,40,0
2026-04-22 07:00:00,7105.8,7107.8,7102.2,7104.0,652,40,0
2026-04-22 07:30:00,7104.0,7105.0,7099.5,7100.0,623,40,0
2026-04-22 08:00:00,7100.0,7117.4,7098.8,7110.3,1761,40,0
2026-04-22 08:30:00,7110.3,7113.5,7109.6,7110.8,1056,40,0
2026-04-22 09:00:00,7111.0,7111.1,7103.9,7108.1,1122,40,0
2026-04-22 09:30:00,7108.1,7113.6,7108.1,7111.8,1042,40,0
2026-04-22 10:00:00,7112.1,7115.2,7109.6,7114.6,1455,40,0
2026-04-22 10:30:00,7114.6,7116.8,7111.3,7112.3,1427,40,0
2026-04-22 11:00:00,7112.3,7114.1,7104.6,7105.3,1761,40,0
2026-04-22 11:30:00,7105.2,7108.9,7100.1,7108.4,1624,40,0
2026-04-22 12:00:00,7108.4,7116.4,7107.6,7115.6,1666,40,0
2026-04-22 12:30:00,7115.6,7116.3,7104.1,7108.3,1469,40,0
2026-04-22 13:00:00,7108.3,7111.6,7102.9,7109.6,1783,40,0
2026-04-22 13:30:00,7109.6,7113.3,7108.1,7108.8,1100,40,0
2026-04-22 14:00:00,7108.9,7110.3,7105.6,7107.1,1326,40,0
2026-04-22 14:30:00,7107.1,7112.8,7105.8,7111.8,1382,40,0
2026-04-22 15:00:00,7111.8,7126.4,7111.8,7118.8,1252,40,0
2026-04-22 15:30:00,7118.8,7120.6,7108.2,7108.8,1775,40,0
2026-04-22 16:00:00,7108.8,7122.7,7107.6,7119.8,2205,40,0
2026-04-22 16:30:00,7119.8,7123.2,7110.8,7122.6,3418,40,0
2026-04-22 17:00:00,7122.6,7136.1,7116.3,7134.3,2489,40,0
2026-04-22 17:30:00,7134.3,7135.3,7123.3,7129.1,2629,40,0
2026-04-22 18:00:00,7129.1,7133.8,7121.6,7130.7,2155,40,0
2026-04-22 18:30:00,7130.8,7133.1,7120.3,7124.8,1640,40,0
2026-04-22 19:00:00,7124.8,7129.8,7119.3,7119.9,1365,40,0
2026-04-22 19:30:00,7119.9,7125.3,7116.6,7117.8,1641,40,0
2026-04-22 20:00:00,7117.6,7132.8,7117.6,7129.1,1736,40,0
2026-04-22 20:30:00,7129.1,7132.8,7126.8,7128.3,1066,40,0
2026-04-22 21:00:00,7128.3,7130.3,7120.6,7122.6,957,40,0
2026-04-22 21:30:00,7122.6,7128.6,7121.8,7124.6,852,40,0
2026-04-22 22:00:00,7124.6,7133.8,7120.1,7132.6,1295,40,0
2026-04-22 22:30:00,7132.6,7142.8,7129.3,7140.0,1472,40,0
2026-04-22 23:00:00,7140.0,7142.4,7130.3,7133.3,1759,40,0
2026-04-22 23:30:00,7133.3,7135.0,7126.8,7128.9,577,40,0
2026-04-23 01:00:00,7132.8,7134.6,7129.1,7131.0,861,40,0
2026-04-23 01:30:00,7131.0,7132.1,7129.5,7131.5,511,40,0
2026-04-23 02:00:00,7131.5,7134.0,7126.8,7133.2,366,40,0
2026-04-23 02:30:00,7133.2,7134.0,7126.9,7133.2,399,40,0
2026-04-23 03:00:00,7133.2,7133.7,7076.2,7123.7,4314,40,0
2026-04-23 03:30:00,7123.7,7128.6,7119.7,7125.5,3200,40,0
2026-04-23 04:00:00,7125.5,7125.7,7115.2,7116.0,2404,40,0
2026-04-23 04:30:00,7116.0,7119.2,7110.2,7111.9,2210,40,0
2026-04-23 05:00:00,7111.9,7113.0,7102.7,7107.0,2321,40,0
2026-04-23 05:30:00,7107.0,7110.6,7103.2,7103.8,2365,40,0
2026-04-23 06:00:00,7103.8,7106.8,7094.8,7095.2,2048,40,0
2026-04-23 06:30:00,7095.2,7098.6,7089.7,7097.7,2225,40,0
2026-04-23 07:00:00,7097.7,7103.0,7094.1,7101.8,1440,40,0
2026-04-23 07:30:00,7101.8,7106.1,7099.0,7105.7,959,40,0
2026-04-23 08:00:00,7105.7,7107.7,7102.2,7104.5,1286,40,0
2026-04-23 08:30:00,7104.5,7109.1,7101.6,7108.8,1742,40,0
2026-04-23 09:00:00,7109.0,7115.0,7109.0,7114.0,1500,40,0
2026-04-23 09:30:00,7114.0,7115.2,7108.7,7113.7,1062,40,0
2026-04-23 10:00:00,7113.7,7115.7,7111.5,7113.9,1814,40,0
2026-04-23 10:30:00,7113.8,7119.5,7111.0,7115.5,2126,40,0
2026-04-23 11:00:00,7115.6,7117.1,7108.2,7113.0,2121,40,0
2026-04-23 11:30:00,7112.7,7113.0,7101.5,7103.5,1917,40,0
2026-04-23 12:00:00,7103.5,7108.5,7096.4,7106.0,2302,40,0
2026-04-23 12:30:00,7106.1,7110.7,7105.0,7105.7,1520,40,0
2026-04-23 13:00:00,7105.7,7108.0,7100.0,7105.0,1831,40,0
2026-04-23 13:30:00,7105.0,7113.2,7104.0,7112.2,1691,40,0
2026-04-23 14:00:00,7112.7,7115.5,7106.5,7109.0,1682,40,0
2026-04-23 14:30:00,7109.0,7131.2,7105.0,7128.7,2744,40,0
2026-04-23 15:00:00,7128.7,7139.7,7126.5,7129.3,2346,40,0
2026-04-23 15:30:00,7129.3,7131.7,7108.6,7122.6,2758,40,0
2026-04-23 16:00:00,7122.6,7125.2,7114.5,7122.5,1665,40,0
2026-04-23 16:30:00,7122.7,7141.5,7120.5,7130.5,3057,40,0
2026-04-23 17:00:00,7130.5,7137.7,7119.8,7133.2,3036,40,0
2026-04-23 17:30:00,7133.5,7149.0,7132.5,7146.0,2187,40,0
2026-04-23 18:00:00,7145.5,7151.0,7142.7,7148.2,1636,40,0
2026-04-23 18:30:00,7148.2,7152.0,7135.0,7139.2,2165,40,0
2026-04-23 19:00:00,7139.2,7140.2,7131.0,7135.2,1708,40,0
2026-04-23 19:30:00,7135.2,7140.2,7133.7,7136.7,1284,40,0
2026-04-23 20:00:00,7136.7,7138.7,7086.5,7088.0,4853,40,0
2026-04-23 20:30:00,7087.7,7104.2,7050.7,7094.0,5582,40,0
2026-04-23 21:00:00,7094.0,7113.7,7090.2,7113.0,4199,40,0
2026-04-23 21:30:00,7113.0,7122.7,7095.5,7099.1,2506,40,0
2026-04-23 22:00:00,7099.0,7114.0,7095.2,7111.7,2399,40,0
2026-04-23 22:30:00,7111.7,7117.2,7093.4,7112.2,2770,40,0
2026-04-23 23:00:00,7112.2,7115.2,7099.2,7107.0,2188,40,0
2026-04-23 23:30:00,7107.0,7109.2,7097.5,7097.5,893,40,0
2026-04-24 01:00:00,7112.0,7118.4,7110.1,7115.2,1199,40,0
2026-04-24 01:30:00,7115.2,7118.9,7113.1,7117.6,685,40,0
2026-04-24 02:00:00,7117.6,7118.7,7113.4,7118.4,552,40,0
2026-04-24 02:30:00,7118.4,7124.5,7117.7,7124.4,691,40,0
2026-04-24 03:00:00,7124.4,7130.9,7121.7,7130.7,1524,40,0
2026-04-24 03:30:00,7130.7,7132.4,7125.2,7127.2,1335,40,0
2026-04-24 04:00:00,7127.3,7128.7,7124.7,7127.4,1493,40,0
2026-04-24 04:30:00,7127.4,7128.8,7121.9,7127.7,1693,40,0
2026-04-24 05:00:00,7127.7,7127.9,7115.6,7116.4,1550,40,0
2026-04-24 05:30:00,7116.2,7119.4,7111.4,7113.6,1248,40,0
2026-04-24 06:00:00,7113.6,7115.6,7109.2,7109.7,1238,40,0
2026-04-24 06:30:00,7109.5,7113.7,7107.4,7110.2,1517,40,0
2026-04-24 07:00:00,7110.2,7113.8,7108.2,7109.3,1280,40,0
2026-04-24 07:30:00,7109.3,7116.2,7109.2,7115.4,1166,40,0
2026-04-24 08:00:00,7115.4,7117.4,7110.9,7116.2,1368,40,0
2026-04-24 08:30:00,7116.2,7122.4,7116.2,7121.9,782,40,0
2026-04-24 09:00:00,7121.9,7123.4,7117.2,7117.5,1207,40,0
2026-04-24 09:30:00,7117.7,7121.0,7116.2,7118.5,1140,40,0
2026-04-24 10:00:00,7118.3,7126.5,7117.5,7125.5,1495,40,0
2026-04-24 10:30:00,7125.5,7125.5,7118.7,7124.7,1324,40,0
2026-04-24 11:00:00,7124.7,7130.5,7118.0,7120.6,2497,40,0
2026-04-24 11:30:00,7120.5,7120.7,7112.6,7114.6,1856,40,0
2026-04-24 12:00:00,7114.6,7117.7,7106.6,7113.7,1902,40,0
2026-04-24 12:30:00,7113.7,7117.7,7112.0,7115.0,1343,40,0
2026-04-24 13:00:00,7115.0,7122.7,7112.7,7122.0,1392,40,0
2026-04-24 13:30:00,7122.0,7123.5,7119.2,7122.0,1054,40,0
2026-04-24 14:00:00,7122.0,7158.5,7121.7,7158.1,4177,40,0
2026-04-24 14:30:00,7158.1,7160.5,7140.1,7142.0,2636,40,0
2026-04-24 15:00:00,7142.0,7148.5,7138.7,7144.7,2386,40,0
2026-04-24 15:30:00,7144.5,7145.0,7125.7,7133.5,2589,40,0
2026-04-24 16:00:00,7133.5,7141.5,7133.0,7133.7,1833,40,0
2026-04-24 16:30:00,7133.7,7137.2,7116.5,7125.5,3915,40,0
2026-04-24 17:00:00,7125.6,7133.0,7117.7,7124.5,3872,40,0
2026-04-24 17:30:00,7125.0,7142.5,7120.7,7141.0,2991,40,0
2026-04-24 18:00:00,7141.0,7148.2,7138.7,7145.0,1945,40,0
2026-04-24 18:30:00,7145.0,7168.0,7142.1,7164.9,2987,40,0
2026-04-24 19:00:00,7164.7,7166.7,7157.2,7160.0,1774,40,0
2026-04-24 19:30:00,7160.0,7165.7,7155.5,7162.7,1420,40,0
2026-04-24 20:00:00,7162.7,7164.5,7154.0,7157.2,1435,40,0
2026-04-24 20:30:00,7157.2,7171.5,7154.5,7163.2,1376,40,0
2026-04-24 21:00:00,7163.2,7164.7,7156.2,7156.7,1149,40,0
2026-04-24 21:30:00,7156.7,7162.7,7156.5,7162.2,981,40,0
2026-04-24 22:00:00,7162.0,7171.2,7162.0,7164.0,1081,40,0
2026-04-24 22:30:00,7164.0,7169.7,7161.0,7165.9,1428,40,0
2026-04-27 01:00:00,7157.4,7163.9,7144.6,7151.1,1831,40,0
2026-04-27 01:30:00,7151.1,7155.8,7147.3,7155.4,594,40,0
2026-04-27 02:00:00,7155.4,7155.9,7148.2,7151.6,627,40,0
2026-04-27 02:30:00,7151.6,7152.4,7148.4,7151.9,728,40,0
2026-04-27 03:00:00,7151.9,7156.1,7150.6,7155.1,1893,40,0
2026-04-27 03:30:00,7155.1,7166.1,7154.1,7163.6,1137,40,0
2026-04-27 04:00:00,7163.8,7174.9,7163.1,7171.2,2368,40,0
2026-04-27 04:30:00,7171.1,7181.1,7170.4,7180.8,1572,40,0
2026-04-27 05:00:00,7180.8,7181.5,7175.4,7177.4,1060,40,0
2026-04-27 05:30:00,7177.4,7179.4,7172.7,7176.6,756,40,0
2026-04-27 06:00:00,7176.6,7179.6,7172.4,7177.1,861,40,0
2026-04-27 06:30:00,7177.1,7177.8,7172.7,7176.1,570,40,0
2026-04-27 07:00:00,7176.1,7177.1,7170.8,7176.6,484,40,0
2026-04-27 07:30:00,7176.6,7178.4,7173.1,7173.9,533,40,0
2026-04-27 08:00:00,7173.9,7174.1,7165.1,7165.1,1279,40,0
2026-04-27 08:30:00,7165.1,7166.4,7161.4,7162.9,1203,40,0
2026-04-27 09:00:00,7162.9,7164.9,7159.6,7163.9,1435,40,0
2026-04-27 09:30:00,7163.9,7164.2,7159.4,7161.4,1264,40,0
2026-04-27 10:00:00,7161.4,7163.4,7158.4,7160.7,1704,40,0
2026-04-27 10:30:00,7160.7,7162.2,7158.7,7160.3,1209,40,0
2026-04-27 11:00:00,7160.3,7162.4,7154.7,7159.4,1668,40,0
2026-04-27 11:30:00,7159.4,7163.2,7158.9,7162.2,947,40,0
2026-04-27 12:00:00,7162.2,7163.9,7158.3,7161.9,643,40,0
2026-04-27 12:30:00,7161.9,7164.4,7160.2,7162.2,485,40,0
2026-04-27 13:00:00,7162.2,7164.4,7160.0,7162.2,583,40,0
2026-04-27 13:30:00,7162.2,7168.4,7161.9,7167.2,802,40,0
2026-04-27 14:00:00,7167.2,7171.2,7166.9,7169.9,761,40,0
2026-04-27 14:30:00,7169.9,7171.7,7165.9,7169.9,704,40,0
2026-04-27 15:00:00,7169.9,7170.7,7158.8,7162.2,1289,40,0
2026-04-27 15:30:00,7162.0,7165.9,7158.4,7161.7,1598,40,0
2026-04-27 16:00:00,7161.7,7164.7,7156.7,7159.7,1770,40,0
2026-04-27 16:30:00,7159.7,7171.7,7154.2,7168.7,3343,40,0
2026-04-27 17:00:00,7168.7,7170.4,7161.4,7162.4,2856,40,0
2026-04-27 17:30:00,7162.4,7171.7,7158.7,7164.2,2450,40,0
2026-04-27 18:00:00,7164.2,7165.7,7150.4,7157.7,2108,40,0
2026-04-27 18:30:00,7157.7,7162.7,7155.4,7161.9,1420,40,0
2026-04-27 19:00:00,7161.9,7169.2,7159.7,7166.7,942,40,0
2026-04-27 19:30:00,7166.7,7171.1,7166.7,7169.4,869,40,0
2026-04-27 20:00:00,7169.4,7174.9,7167.1,7174.2,1062,40,0
2026-04-27 20:30:00,7174.1,7180.2,7173.9,7176.9,1062,40,0
2026-04-27 21:00:00,7176.9,7180.7,7175.4,7178.9,653,40,0
2026-04-27 21:30:00,7178.9,7180.2,7174.3,7176.4,647,30,0
2026-04-27 22:00:00,7176.4,7180.2,7174.9,7179.4,696,40,0
2026-04-27 22:30:00,7179.4,7183.7,7176.9,7179.9,926,40,0
2026-04-27 23:00:00,7180.4,7180.6,7171.2,7173.2,335,40,0
2026-04-27 23:30:00,7177.6,7180.6,7173.7,7173.9,196,40,0
2026-04-28 01:00:00,7180.6,7194.6,7180.1,7192.7,1391,40,0
2026-04-28 01:30:00,7192.7,7193.8,7186.0,7190.5,511,40,0
2026-04-28 02:00:00,7190.5,7192.1,7185.2,7191.4,384,40,0
2026-04-28 02:30:00,7191.4,7193.9,7190.6,7191.1,570,40,0
2026-04-28 03:00:00,7191.1,7197.1,7186.1,7189.1,1968,40,0
2026-04-28 03:30:00,7189.1,7191.1,7187.4,7187.9,1002,40,0
2026-04-28 04:00:00,7187.6,7189.9,7185.9,7189.6,1299,40,0
2026-04-28 04:30:00,7189.8,7193.1,7182.1,7182.6,1538,40,0
2026-04-28 05:00:00,7182.8,7185.9,7181.1,7184.4,1185,40,0
2026-04-28 05:30:00,7184.4,7184.4,7178.6,7179.9,890,40,0
2026-04-28 06:00:00,7179.9,7184.6,7177.0,7184.4,952,40,0
2026-04-28 06:30:00,7184.4,7185.9,7181.6,7182.1,821,40,0
2026-04-28 07:00:00,7182.2,7185.1,7181.1,7184.5,770,40,0
2026-04-28 07:30:00,7184.5,7186.9,7183.1,7183.4,581,40,0
2026-04-28 08:00:00,7183.4,7184.1,7176.1,7178.6,1220,40,0
2026-04-28 08:30:00,7178.6,7178.6,7170.4,7172.4,1320,40,0
2026-04-28 09:00:00,7172.4,7174.9,7168.0,7173.9,1382,40,0
2026-04-28 09:30:00,7173.9,7174.7,7165.2,7167.8,1353,40,0
2026-04-28 10:00:00,7167.8,7169.2,7164.7,7166.4,2108,40,0
2026-04-28 10:30:00,7166.4,7171.9,7165.9,7170.9,1741,40,0
2026-04-28 11:00:00,7170.9,7175.2,7162.6,7174.9,2202,40,0
2026-04-28 11:30:00,7175.2,7175.8,7171.4,7174.7,1534,40,0
2026-04-28 12:00:00,7174.7,7175.0,7168.2,7170.2,1586,40,0
2026-04-28 12:30:00,7170.2,7170.7,7162.0,7165.9,1707,40,0
2026-04-28 13:00:00,7165.7,7168.5,7160.2,7163.2,1483,40,0
2026-04-28 13:30:00,7163.2,7164.7,7160.3,7163.2,1087,40,0
2026-04-28 14:00:00,7162.9,7165.7,7140.9,7143.7,2283,40,0
2026-04-28 14:30:00,7143.7,7143.7,7129.4,7132.5,3013,40,0
2026-04-28 15:00:00,7132.5,7138.0,7123.8,7126.0,3641,40,0
2026-04-28 15:30:00,7126.0,7143.9,7121.7,7143.4,2500,40,0
2026-04-28 16:00:00,7143.4,7148.8,7134.7,7146.0,1805,40,0
2026-04-28 16:30:00,7146.2,7156.9,7135.9,7143.9,3615,40,0
2026-04-28 17:00:00,7143.7,7151.2,7137.7,7140.4,3122,40,0
2026-04-28 17:30:00,7140.7,7143.7,7120.4,7133.2,3781,40,0
2026-04-28 18:00:00,7133.2,7138.7,7126.2,7126.9,3066,40,0
2026-04-28 18:30:00,7126.9,7129.4,7121.7,7127.7,2411,40,0
2026-04-28 19:00:00,7127.7,7133.7,7125.7,7131.4,1807,40,0
2026-04-28 19:30:00,7131.4,7132.2,7121.4,7129.4,1752,40,0
2026-04-28 20:00:00,7129.4,7130.9,7122.2,7128.7,1407,40,0
2026-04-28 20:30:00,7128.9,7139.4,7128.8,7138.4,1198,40,0
2026-04-28 21:00:00,7138.4,7144.3,7135.7,7141.4,1236,40,0
2026-04-28 21:30:00,7141.4,7143.9,7136.2,7143.2,953,40,0
2026-04-28 22:00:00,7143.2,7150.2,7142.2,7144.2,1039,40,0
2026-04-28 22:30:00,7144.2,7148.7,7140.4,7145.9,1368,40,0
2026-04-28 23:00:00,7145.6,7150.1,7141.6,7147.8,695,40,0
2026-04-28 23:30:00,7147.8,7147.8,7140.4,7141.5,318,40,0
2026-04-29 01:00:00,7148.0,7152.4,7148.0,7149.4,915,40,0
2026-04-29 01:30:00,7149.4,7151.2,7145.4,7150.7,328,40,0
2026-04-29 02:00:00,7150.7,7150.9,7144.9,7150.5,317,40,0
2026-04-29 02:30:00,7150.7,7154.3,7148.6,7154.2,344,40,0
2026-04-29 03:00:00,7154.2,7161.4,7154.2,7161.4,764,40,0
2026-04-29 03:30:00,7161.4,7162.7,7154.3,7158.2,434,40,0
2026-04-29 04:00:00,7158.2,7158.3,7144.4,7151.4,2327,40,0
2026-04-29 04:30:00,7151.4,7157.9,7150.7,7153.2,1583,40,0
2026-04-29 05:00:00,7153.2,7159.9,7153.2,7157.2,1124,40,0
2026-04-29 05:30:00,7157.2,7157.4,7154.2,7156.4,851,40,0
2026-04-29 06:00:00,7156.4,7160.2,7154.6,7159.4,600,40,0
2026-04-29 06:30:00,7159.4,7159.7,7151.0,7157.4,327,40,0
2026-04-29 07:00:00,7157.4,7159.7,7152.5,7159.2,317,40,0
2026-04-29 07:30:00,7159.2,7161.7,7154.6,7159.4,321,40,0
2026-04-29 08:00:00,7159.4,7160.4,7151.9,7159.4,420,40,0
2026-04-29 08:30:00,7159.4,7161.9,7153.6,7159.9,476,40,0
2026-04-29 09:00:00,7159.9,7163.2,7157.4,7158.2,775,40,0
2026-04-29 09:30:00,7158.1,7159.9,7151.1,7154.4,890,40,0
2026-04-29 10:00:00,7154.4,7158.2,7150.4,7152.9,1413,40,0
2026-04-29 10:30:00,7152.7,7154.9,7144.2,7149.4,1701,40,0
2026-04-29 11:00:00,7149.4,7154.9,7141.3,7150.4,2636,40,0
2026-04-29 11:30:00,7150.2,7150.8,7141.4,7147.4,2041,40,0
2026-04-29 12:00:00,7147.4,7151.9,7144.9,7148.9,1812,40,0
2026-04-29 12:30:00,7148.9,7152.7,7142.2,7144.4,1747,40,0
2026-04-29 13:00:00,7144.3,7155.5,7141.4,7154.2,1516,40,0
2026-04-29 13:30:00,7154.2,7155.7,7149.4,7151.2,1073,40,0
2026-04-29 14:00:00,7151.2,7153.0,7148.1,7149.4,1481,40,0
2026-04-29 14:30:00,7149.4,7154.7,7144.7,7148.3,1517,40,0
2026-04-29 15:00:00,7148.2,7149.4,7141.9,7145.4,1412,40,0
2026-04-29 15:30:00,7145.4,7145.9,7135.9,7143.7,1669,40,0
2026-04-29 16:00:00,7143.7,7148.2,7136.9,7138.1,1517,40,0
2026-04-29 16:30:00,7138.2,7139.5,7124.7,7135.7,3335,40,0
2026-04-29 17:00:00,7135.7,7144.4,7130.7,7142.7,2243,40,0
2026-04-29 17:30:00,7142.9,7150.2,7141.2,7142.7,1524,40,0
2026-04-29 18:00:00,7142.7,7143.4,7129.2,7136.7,1696,40,0
2026-04-29 18:30:00,7136.7,7138.7,7120.2,7128.2,2588,40,0
2026-04-29 19:00:00,7128.4,7135.4,7125.7,7125.7,2009,40,0
2026-04-29 19:30:00,7125.7,7128.4,7116.9,7124.9,2021,40,0
2026-04-29 20:00:00,7124.9,7129.4,7119.9,7127.2,1643,40,0
2026-04-29 20:30:00,7127.2,7135.4,7125.7,7133.9,1607,40,0
2026-04-29 21:00:00,7133.9,7134.7,7112.7,7120.4,2911,40,0
2026-04-29 21:30:00,7120.4,7134.4,7112.4,7133.9,3830,40,0
2026-04-29 22:00:00,7133.7,7142.9,7127.8,7136.7,2372,40,0
2026-04-29 22:30:00,7136.7,7144.9,7128.9,7144.9,2087,40,0
2026-04-29 23:00:00,7144.7,7165.0,7106.3,7136.7,5444,40,0
2026-04-29 23:30:00,7136.7,7142.4,7110.9,7111.2,3281,40,0
2026-04-30 01:00:00,7126.5,7171.7,7124.2,7163.4,2644,40,0
2026-04-30 01:30:00,7163.2,7166.8,7158.7,7159.7,1474,40,0
2026-04-30 02:00:00,7159.7,7161.9,7155.4,7158.9,917,40,0
2026-04-30 02:30:00,7158.9,7168.4,7158.9,7167.9,1155,40,0
2026-04-30 03:00:00,7168.0,7173.7,7166.2,7171.7,2173,40,0
2026-04-30 03:30:00,7171.7,7176.2,7171.7,7174.4,1135,40,0
2026-04-30 04:00:00,7174.4,7175.2,7171.2,7173.2,1359,40,0
2026-04-30 04:30:00,7173.2,7175.9,7169.2,7174.5,1584,40,0
2026-04-30 05:00:00,7174.5,7175.0,7163.8,7164.9,918,40,0
2026-04-30 05:30:00,7164.9,7164.9,7140.8,7152.5,3433,40,0
2026-04-30 06:00:00,7152.5,7156.7,7147.0,7150.2,1892,40,0
2026-04-30 06:30:00,7150.2,7153.0,7146.9,7147.2,1758,40,0
2026-04-30 07:00:00,7147.2,7147.4,7128.9,7130.5,2589,40,0
2026-04-30 07:30:00,7130.5,7130.7,7120.2,7120.7,2421,40,0
2026-04-30 08:00:00,7120.4,7133.9,7120.4,7125.9,2276,40,0
2026-04-30 08:30:00,7125.9,7132.9,7118.5,7118.8,2082,40,0
2026-04-30 09:00:00,7118.7,7119.8,7109.2,7117.7,2787,40,0
2026-04-30 09:30:00,7117.8,7133.2,7117.8,7128.5,2635,40,0
2026-04-30 10:00:00,7128.7,7138.7,7125.0,7138.5,3254,40,0
2026-04-30 10:30:00,7138.5,7141.2,7133.0,7136.2,2494,40,0
2026-04-30 11:00:00,7136.2,7144.5,7134.7,7140.5,3154,40,0
2026-04-30 11:30:00,7140.2,7146.2,7139.2,7140.2,2443,40,0
2026-04-30 12:00:00,7140.2,7148.6,7133.8,7148.1,2788,40,0
2026-04-30 12:30:00,7148.1,7159.6,7144.7,7146.5,2977,40,0
2026-04-30 13:00:00,7146.5,7158.3,7146.5,7157.0,2435,40,0
2026-04-30 13:30:00,7157.0,7162.0,7150.7,7156.1,3416,40,0
2026-04-30 14:00:00,7156.1,7175.2,7155.2,7174.7,2890,40,0
2026-04-30 14:30:00,7174.8,7175.0,7166.2,7169.7,2406,40,0
2026-04-30 15:00:00,7169.7,7186.5,7168.5,7184.8,2063,40,0
2026-04-30 15:30:00,7185.0,7185.7,7172.6,7179.5,2265,40,0
2026-04-30 16:00:00,7179.5,7185.0,7174.7,7176.2,1773,40,0
2026-04-30 16:30:00,7175.7,7175.7,7135.7,7140.5,4729,40,0
2026-04-30 17:00:00,7140.7,7151.7,7132.7,7148.5,3964,40,0
2026-04-30 17:30:00,7148.5,7170.0,7140.2,7167.5,3646,40,0
2026-04-30 18:00:00,7167.5,7174.7,7164.2,7173.1,2822,40,0
2026-04-30 18:30:00,7173.0,7179.5,7163.2,7174.7,2319,40,0
2026-04-30 19:00:00,7174.7,7182.5,7169.5,7180.7,1585,40,0
2026-04-30 19:30:00,7180.7,7182.2,7168.0,7172.5,1477,40,0
2026-04-30 20:00:00,7172.5,7187.5,7172.2,7187.5,1573,40,0
2026-04-30 20:30:00,7187.2,7200.7,7187.2,7200.0,1629,40,0
2026-04-30 21:00:00,7200.0,7210.2,7199.7,7207.7,1433,40,0
2026-04-30 21:30:00,7207.7,7217.2,7207.7,7212.7,1239,40,0
2026-04-30 22:00:00,7212.7,7223.0,7211.7,7220.2,1386,40,0
2026-04-30 22:30:00,7220.5,7226.7,7213.7,7213.7,1571,40,0
2026-04-30 23:00:00,7213.7,7226.5,7213.7,7224.9,1620,40,0
2026-04-30 23:30:00,7224.8,7227.7,7215.4,7215.7,1520,40,0
2026-05-01 01:00:00,7231.0,7239.3,7228.0,7233.3,1207,40,0
2026-05-01 01:30:00,7233.3,7233.5,7222.3,7225.8,939,40,0
2026-05-01 02:00:00,7225.8,7230.2,7225.0,7229.8,766,40,0
2026-05-01 02:30:00,7229.8,7233.0,7227.7,7228.5,872,40,0
2026-05-01 03:00:00,7228.5,7234.8,7226.5,7234.8,1873,40,0
2026-05-01 03:30:00,7234.8,7236.8,7232.8,7233.8,1084,40,0
2026-05-01 04:00:00,7233.8,7238.5,7231.5,7237.8,939,40,0
2026-05-01 04:30:00,7237.8,7239.8,7231.8,7238.8,566,40,0
2026-05-01 05:00:00,7238.8,7239.0,7230.2,7236.5,460,40,0
2026-05-01 05:30:00,7236.5,7237.0,7228.4,7236.8,384,40,0
2026-05-01 06:00:00,7236.8,7239.8,7231.2,7239.3,381,40,0
2026-05-01 06:30:00,7239.3,7241.8,7235.3,7236.0,559,40,0
2026-05-01 07:00:00,7236.0,7236.5,7228.3,7234.7,553,40,0
2026-05-01 07:30:00,7234.7,7235.3,7227.6,7233.9,423,40,0
2026-05-01 08:00:00,7233.9,7236.2,7228.8,7235.8,505,40,0
2026-05-01 08:30:00,7235.8,7236.0,7227.8,7233.0,448,40,0
2026-05-01 09:00:00,7233.0,7234.3,7225.9,7231.3,716,40,0
2026-05-01 09:30:00,7231.3,7231.8,7227.1,7227.9,834,40,0
2026-05-01 10:00:00,7227.9,7233.1,7227.8,7230.3,904,40,0
2026-05-01 10:30:00,7230.3,7230.3,7219.6,7225.7,714,40,0
2026-05-01 11:00:00,7225.6,7228.8,7225.1,7227.7,800,40,0
2026-05-01 11:30:00,7227.6,7227.6,7218.8,7226.3,596,40,0
2026-05-01 12:00:00,7226.3,7228.3,7221.9,7227.3,683,40,0
2026-05-01 12:30:00,7227.3,7230.1,7226.3,7229.2,526,40,0
2026-05-01 13:00:00,7229.2,7230.6,7221.7,7228.6,515,40,0
2026-05-01 13:30:00,7228.6,7230.1,7221.2,7229.9,714,40,0
2026-05-01 14:00:00,7229.9,7230.8,7225.1,7228.9,844,40,0
2026-05-01 14:30:00,7228.9,7232.3,7227.1,7232.1,813,40,0
2026-05-01 15:00:00,7232.1,7247.6,7230.5,7242.1,1972,40,0
2026-05-01 15:30:00,7242.1,7242.3,7233.1,7234.3,1162,40,0
2026-05-01 16:00:00,7234.3,7241.6,7233.8,7240.1,876,40,0
2026-05-01 16:30:00,7240.3,7268.7,7235.1,7268.7,3487,40,0
2026-05-01 17:00:00,7268.9,7276.6,7265.6,7270.3,2580,40,0
2026-05-01 17:30:00,7270.6,7270.6,7250.8,7254.6,2938,40,0
2026-05-01 18:00:00,7254.3,7261.1,7248.1,7260.3,2488,40,0
2026-05-01 18:30:00,7260.6,7271.6,7254.6,7261.3,2112,40,0
2026-05-01 19:00:00,7261.3,7263.3,7246.3,7248.8,2217,40,0
2026-05-01 19:30:00,7248.8,7250.8,7242.1,7246.1,1934,40,0
2026-05-01 20:00:00,7246.1,7256.8,7245.8,7256.8,1158,40,0
2026-05-01 20:30:00,7256.8,7259.6,7253.6,7255.3,1047,40,0
2026-05-01 21:00:00,7255.3,7256.6,7242.3,7248.6,1491,40,0
2026-05-01 21:30:00,7248.6,7249.3,7235.1,7238.8,1516,40,0
2026-05-01 22:00:00,7238.6,7253.1,7237.8,7251.3,1151,40,0
2026-05-01 22:30:00,7251.3,7252.3,7231.8,7233.3,1416,40,0
2026-05-04 01:00:00,7251.4,7256.9,7240.0,7242.5,1932,40,0
2026-05-04 01:30:00,7242.5,7247.5,7241.6,7243.7,1091,40,0
2026-05-04 02:00:00,7243.7,7245.7,7238.4,7239.7,938,40,0
2026-05-04 02:30:00,7239.7,7242.5,7237.4,7239.7,1133,40,0
2026-05-04 03:00:00,7239.7,7244.1,7232.2,7235.7,2283,40,0
2026-05-04 03:30:00,7235.9,7245.1,7235.5,7244.2,1467,40,0
2026-05-04 04:00:00,7244.2,7245.4,7237.5,7239.5,1668,40,0
2026-05-04 04:30:00,7239.5,7245.2,7238.5,7245.0,1225,40,0
2026-05-04 05:00:00,7245.0,7245.7,7237.7,7238.5,1423,40,0
2026-05-04 05:30:00,7238.5,7246.6,7238.2,7243.7,1111,40,0
2026-05-04 06:00:00,7243.7,7246.7,7240.4,7244.4,792,40,0
2026-05-04 06:30:00,7244.3,7246.0,7237.3,7244.9,1005,40,0
2026-05-04 07:00:00,7244.9,7248.1,7241.9,7247.2,712,40,0
2026-05-04 07:30:00,7247.2,7248.2,7242.2,7245.7,493,40,0
2026-05-04 08:00:00,7245.7,7252.2,7242.8,7246.5,892,40,0
2026-05-04 08:30:00,7246.5,7250.6,7243.6,7247.7,601,40,0
2026-05-04 09:00:00,7247.7,7249.2,7241.8,7245.0,1535,40,0
2026-05-04 09:30:00,7245.0,7246.5,7237.5,7240.8,1603,40,0
2026-05-04 10:00:00,7240.8,7251.4,7237.3,7249.3,1824,40,0
2026-05-04 10:30:00,7249.3,7250.8,7243.0,7243.0,1291,40,0
2026-05-04 11:00:00,7243.0,7243.4,7233.3,7240.5,2174,40,0
2026-05-04 11:30:00,7240.6,7242.5,7238.8,7240.3,1359,40,0
2026-05-04 12:00:00,7240.3,7244.8,7238.5,7243.3,1248,40,0
2026-05-04 12:30:00,7243.3,7245.6,7239.7,7241.8,805,40,0
2026-05-04 13:00:00,7241.8,7243.3,7191.8,7210.8,5457,40,0
2026-05-04 13:30:00,7210.7,7231.9,7208.6,7224.8,3680,40,0
2026-05-04 14:00:00,7224.9,7231.8,7222.9,7224.0,2680,40,0
2026-05-04 14:30:00,7224.0,7226.0,7215.0,7223.0,2363,40,0
2026-05-04 15:00:00,7223.0,7233.6,7223.0,7229.8,2151,40,0
2026-05-04 15:30:00,7229.8,7232.3,7224.9,7227.3,1547,40,0
2026-05-04 16:00:00,7227.1,7233.8,7216.1,7228.3,2459,40,0
2026-05-04 16:30:00,7228.3,7235.5,7220.3,7235.3,3490,40,0
2026-05-04 17:00:00,7235.4,7244.9,7226.8,7240.0,2673,40,0
2026-05-04 17:30:00,7240.0,7248.8,7235.5,7236.5,1815,40,0
2026-05-04 18:00:00,7236.8,7242.0,7202.0,7211.8,3791,40,0
2026-05-04 18:30:00,7211.8,7213.0,7197.2,7203.0,3854,40,0
2026-05-04 19:00:00,7203.0,7205.5,7177.5,7197.5,4111,40,0
2026-05-04 19:30:00,7197.3,7204.0,7190.9,7192.8,2737,40,0
2026-05-04 20:00:00,7192.8,7214.0,7192.5,7213.3,2548,40,0
2026-05-04 20:30:00,7213.3,7213.8,7203.5,7210.8,1519,40,0
2026-05-04 21:00:00,7210.8,7217.3,7199.0,7204.8,1499,40,0
2026-05-04 21:30:00,7204.8,7205.8,7195.3,7201.8,1494,40,0
2026-05-04 22:00:00,7201.8,7208.9,7198.5,7204.5,1615,40,0
2026-05-04 22:30:00,7204.5,7209.3,7201.3,7209.2,1394,40,0
2026-05-04 23:00:00,7209.0,7209.0,7199.7,7205.7,742,40,0
2026-05-04 23:30:00,7205.7,7206.2,7199.2,7199.7,311,40,0
2026-05-05 01:00:00,7207.7,7212.8,7207.6,7211.8,798,40,0
2026-05-05 01:30:00,7211.8,7212.1,7202.1,7206.1,626,40,0
2026-05-05 02:00:00,7206.1,7207.8,7204.3,7206.6,605,40,0
2026-05-05 02:30:00,7206.6,7207.1,7202.4,7205.6,645,40,0
2026-05-05 03:00:00,7205.6,7213.9,7202.1,7204.3,1729,40,0
2026-05-05 03:30:00,7204.3,7211.3,7203.8,7210.1,1123,40,0
2026-05-05 04:00:00,7210.1,7213.1,7205.8,7211.3,1215,40,0
2026-05-05 04:30:00,7211.3,7216.8,7209.4,7214.1,1302,40,0
2026-05-05 05:00:00,7214.1,7217.6,7211.7,7217.3,699,40,0
2026-05-05 05:30:00,7217.3,7219.6,7212.3,7214.8,798,40,0
2026-05-05 06:00:00,7214.8,7220.3,7214.0,7219.3,428,40,0
2026-05-05 06:30:00,7219.3,7220.1,7214.7,7219.1,327,40,0
2026-05-05 07:00:00,7219.1,7222.1,7215.9,7219.1,368,40,0
2026-05-05 07:30:00,7219.1,7221.6,7214.4,7218.3,628,40,0
2026-05-05 08:00:00,7218.3,7220.3,7216.8,7218.3,626,40,0
2026-05-05 08:30:00,7218.3,7222.6,7216.8,7222.1,856,40,0
2026-05-05 09:00:00,7222.3,7225.9,7214.4,7216.4,1597,40,0
2026-05-05 09:30:00,7216.4,7226.6,7216.1,7226.1,1400,40,0
2026-05-05 10:00:00,7226.1,7230.6,7225.1,7227.0,1770,40,0
2026-05-05 10:30:00,7227.0,7235.1,7224.1,7225.9,2019,40,0
2026-05-05 11:00:00,7225.9,7235.6,7225.6,7232.6,1475,40,0
2026-05-05 11:30:00,7232.5,7235.4,7231.4,7233.1,1364,40,0
2026-05-05 12:00:00,7233.1,7233.6,7228.4,7231.5,1480,40,0
2026-05-05 12:30:00,7231.6,7236.4,7231.4,7233.8,1145,40,0
2026-05-05 13:00:00,7233.9,7235.1,7231.6,7234.4,838,40,0
2026-05-05 13:30:00,7234.4,7240.1,7230.6,7233.9,962,40,0
2026-05-05 14:00:00,7234.0,7235.1,7227.4,7233.4,1588,40,0
2026-05-05 14:30:00,7233.4,7237.9,7232.9,7236.9,931,40,0
2026-05-05 15:00:00,7236.9,7247.5,7234.9,7243.6,2037,40,0
2026-05-05 15:30:00,7243.6,7244.6,7238.9,7240.2,855,40,0
2026-05-05 16:00:00,7240.1,7246.6,7240.0,7245.6,907,40,0
2026-05-05 16:30:00,7245.4,7255.6,7242.9,7253.4,2555,40,0
2026-05-05 17:00:00,7253.2,7264.6,7245.6,7260.9,2864,40,0
2026-05-05 17:30:00,7260.9,7261.9,7251.6,7259.1,1837,40,0
2026-05-05 18:00:00,7259.1,7264.1,7257.9,7262.6,1299,40,0
2026-05-05 18:30:00,7262.6,7263.1,7257.1,7258.1,1087,40,0
2026-05-05 19:00:00,7258.1,7266.4,7257.6,7263.4,854,40,0
2026-05-05 19:30:00,7263.4,7265.1,7260.4,7262.6,868,40,0
2026-05-05 20:00:00,7262.6,7266.1,7258.9,7266.1,704,40,0
2026-05-05 20:30:00,7266.1,7269.9,7264.9,7267.9,605,40,0
2026-05-05 21:00:00,7267.9,7274.6,7264.9,7272.6,550,30,0
2026-05-05 21:30:00,7272.4,7272.9,7268.6,7271.1,523,40,0
2026-05-05 22:00:00,7271.1,7278.1,7270.9,7275.1,644,40,0
2026-05-05 22:30:00,7275.1,7276.9,7261.1,7265.8,1137,40,0
2026-05-05 23:00:00,7265.6,7282.6,7264.3,7280.6,1331,40,0
2026-05-05 23:30:00,7280.6,7280.6,7269.8,7269.8,761,40,0
2026-05-06 01:00:00,7275.5,7277.1,7272.9,7275.6,961,40,0
2026-05-06 01:30:00,7275.6,7299.1,7272.3,7295.6,1676,40,0
2026-05-06 02:00:00,7296.1,7298.4,7291.6,7293.1,1925,40,0
2026-05-06 02:30:00,7293.1,7295.7,7290.0,7293.6,1025,40,0
2026-05-06 03:00:00,7293.9,7295.1,7280.4,7280.6,2389,40,0
2026-05-06 03:30:00,7280.6,7284.1,7278.9,7282.6,1525,40,0
2026-05-06 04:00:00,7282.6,7287.6,7281.9,7284.9,1310,40,0
2026-05-06 04:30:00,7284.9,7289.2,7283.4,7287.1,1363,40,0
2026-05-06 05:00:00,7287.1,7287.4,7283.4,7283.4,1325,40,0
2026-05-06 05:30:00,7283.4,7284.9,7281.6,7283.6,693,40,0
2026-05-06 06:00:00,7283.6,7287.6,7278.7,7287.4,631,40,0
2026-05-06 06:30:00,7287.4,7290.4,7282.5,7287.1,706,40,0
2026-05-06 07:00:00,7287.1,7289.1,7282.2,7288.4,662,40,0
2026-05-06 07:30:00,7288.4,7289.6,7285.9,7287.9,983,40,0
2026-05-06 08:00:00,7287.9,7289.5,7286.1,7288.4,803,40,0
2026-05-06 08:30:00,7288.4,7291.9,7282.5,7290.6,651,40,0
2026-05-06 09:00:00,7290.6,7293.9,7287.6,7288.6,975,40,0
2026-05-06 09:30:00,7288.6,7290.2,7283.2,7288.9,1040,40,0
2026-05-06 10:00:00,7288.9,7290.5,7286.4,7287.9,1563,40,0
2026-05-06 10:30:00,7287.9,7290.6,7285.9,7290.1,1269,40,0
2026-05-06 11:00:00,7290.1,7291.4,7284.8,7286.1,1583,40,0
2026-05-06 11:30:00,7286.1,7322.1,7285.4,7314.6,2631,40,0
2026-05-06 12:00:00,7314.4,7319.1,7302.3,7312.1,3182,40,0
2026-05-06 12:30:00,7312.1,7322.4,7310.6,7321.1,2307,40,0
2026-05-06 13:00:00,7321.1,7330.6,7320.0,7329.9,2182,40,0
2026-05-06 13:30:00,7329.9,7342.8,7329.4,7337.1,2753,40,0
2026-05-06 14:00:00,7337.1,7344.6,7335.1,7335.8,2807,40,0
2026-05-06 14:30:00,7335.9,7339.9,7324.5,7327.3,2445,40,0
2026-05-06 15:00:00,7327.3,7327.9,7307.4,7322.4,3427,40,0
2026-05-06 15:30:00,7322.4,7323.4,7314.1,7317.6,1942,40,0
2026-05-06 16:00:00,7317.6,7318.6,7308.1,7310.4,2274,40,0
2026-05-06 16:30:00,7310.4,7326.6,7306.9,7325.1,3279,40,0
2026-05-06 17:00:00,7325.1,7335.6,7315.6,7329.1,2973,40,0
2026-05-06 17:30:00,7329.4,7350.9,7329.1,7350.6,2409,40,0
2026-05-06 18:00:00,7350.6,7353.9,7343.1,7349.4,1418,40,0
2026-05-06 18:30:00,7349.4,7350.4,7338.1,7344.9,1492,40,0
2026-05-06 19:00:00,7344.9,7348.9,7343.4,7346.1,996,40,0
2026-05-06 19:30:00,7346.1,7346.9,7333.9,7338.4,1121,40,0
2026-05-06 20:00:00,7338.4,7346.6,7335.4,7345.5,979,40,0
2026-05-06 20:30:00,7345.4,7350.1,7344.1,7350.1,620,40,0
2026-05-06 21:00:00,7350.1,7360.9,7349.1,7359.4,778,40,0
2026-05-06 21:30:00,7359.4,7363.6,7356.1,7358.6,679,40,0
2026-05-06 22:00:00,7358.4,7369.1,7358.4,7367.6,805,40,0
2026-05-06 22:30:00,7367.6,7374.9,7364.6,7366.4,1264,40,0
2026-05-06 23:00:00,7366.4,7374.9,7364.1,7372.1,1032,40,0
2026-05-06 23:30:00,7372.1,7372.4,7359.9,7361.2,694,40,0
2026-05-07 01:00:00,7359.7,7363.6,7357.1,7357.6,1190,40,0
2026-05-07 01:30:00,7357.6,7360.1,7357.1,7358.8,685,40,0
2026-05-07 02:00:00,7358.8,7361.6,7357.8,7359.7,602,40,0
2026-05-07 02:30:00,7359.6,7362.3,7357.6,7359.8,898,40,0
2026-05-07 03:00:00,7359.8,7365.0,7358.6,7360.3,2239,40,0
2026-05-07 03:30:00,7360.2,7365.5,7359.1,7364.8,1103,40,0
2026-05-07 04:00:00,7364.8,7366.5,7361.1,7365.8,1328,40,0
2026-05-07 04:30:00,7366.0,7373.1,7365.6,7370.1,817,40,0
2026-05-07 05:00:00,7370.1,7371.3,7363.1,7368.1,1076,40,0
2026-05-07 05:30:00,7368.1,7369.3,7365.6,7368.3,1031,40,0
2026-05-07 06:00:00,7368.3,7370.7,7366.8,7369.6,674,40,0
2026-05-07 06:30:00,7369.6,7371.8,7365.3,7370.6,320,40,0
2026-05-07 07:00:00,7370.6,7374.1,7366.3,7373.3,341,40,0
2026-05-07 07:30:00,7373.3,7374.1,7367.6,7373.3,356,40,0
2026-05-07 08:00:00,7373.3,7374.8,7367.8,7372.6,402,40,0
2026-05-07 08:30:00,7372.6,7375.6,7367.3,7373.8,312,40,0
2026-05-07 09:00:00,7373.8,7375.6,7368.3,7374.1,651,40,0
2026-05-07 09:30:00,7374.1,7382.9,7373.1,7379.4,1141,40,0
2026-05-07 10:00:00,7379.4,7390.6,7375.6,7381.7,2589,40,0
2026-05-07 10:30:00,7381.8,7385.9,7379.1,7382.0,1764,40,0
2026-05-07 11:00:00,7382.0,7388.4,7374.7,7377.9,2315,40,0
2026-05-07 11:30:00,7378.1,7380.0,7373.9,7375.4,1561,40,0
2026-05-07 12:00:00,7375.4,7379.4,7372.4,7376.6,1460,40,0
2026-05-07 12:30:00,7376.6,7379.2,7372.0,7374.0,1267,40,0
2026-05-07 13:00:00,7374.0,7376.9,7369.9,7375.0,1239,40,0
2026-05-07 13:30:00,7375.0,7378.6,7373.6,7375.1,1126,40,0
2026-05-07 14:00:00,7375.4,7379.1,7373.1,7373.6,1252,40,0
2026-05-07 14:30:00,7373.9,7378.1,7372.9,7376.6,1030,40,0
2026-05-07 15:00:00,7376.6,7382.1,7375.4,7380.5,987,40,0
2026-05-07 15:30:00,7380.5,7382.6,7378.6,7381.9,799,40,0
2026-05-07 16:00:00,7381.9,7382.1,7374.8,7379.6,987,40,0
2026-05-07 16:30:00,7379.6,7379.9,7363.9,7367.9,2522,40,0
2026-05-07 17:00:00,7367.6,7378.6,7367.4,7373.6,1948,40,0
2026-05-07 17:30:00,7373.9,7389.4,7373.1,7389.4,1448,40,0
2026-05-07 18:00:00,7389.4,7389.6,7371.4,7377.6,2064,40,0
2026-05-07 18:30:00,7377.4,7384.6,7366.1,7367.9,2093,40,0
2026-05-07 19:00:00,7367.9,7368.4,7345.9,7361.9,3460,40,0
2026-05-07 19:30:00,7362.1,7366.4,7344.1,7348.6,2360,40,0
2026-05-07 20:00:00,7348.4,7354.6,7325.6,7334.3,3129,40,0
2026-05-07 20:30:00,7334.3,7345.9,7329.6,7345.4,3595,40,0
2026-05-07 21:00:00,7345.4,7350.4,7339.1,7341.1,2626,40,0
2026-05-07 21:30:00,7341.1,7347.6,7325.8,7339.6,3106,40,0
2026-05-07 22:00:00,7339.6,7343.6,7328.4,7333.9,2816,40,0
2026-05-07 22:30:00,7333.9,7347.4,7332.6,7344.6,2276,40,0
2026-05-07 23:00:00,7344.1,7358.5,7335.0,7348.6,1754,40,0
2026-05-07 23:30:00,7348.6,7350.2,7327.6,7327.8,2152,40,0
2026-05-08 01:00:00,7323.1,7338.7,7323.1,7336.7,2028,40,0
2026-05-08 01:30:00,7336.7,7337.1,7327.3,7329.1,1207,40,0
2026-05-08 02:00:00,7329.1,7334.6,7328.1,7334.1,771,40,0
2026-05-08 02:30:00,7334.1,7342.6,7332.7,7342.6,953,40,0
2026-05-08 03:00:00,7342.6,7352.2,7342.6,7347.1,1915,40,0
2026-05-08 03:30:00,7347.1,7352.6,7346.1,7352.3,1103,40,0
2026-05-08 04:00:00,7352.3,7358.8,7352.3,7356.6,1196,40,0
2026-05-08 04:30:00,7356.6,7359.1,7355.3,7355.8,845,40,0
2026-05-08 05:00:00,7355.8,7357.1,7352.1,7354.8,1066,40,0
2026-05-08 05:30:00,7354.8,7359.1,7346.9,7354.3,1879,40,0
2026-05-08 06:00:00,7354.4,7356.6,7353.3,7355.4,1045,40,0
2026-05-08 06:30:00,7355.3,7359.3,7354.8,7357.8,972,40,0
2026-05-08 07:00:00,7357.8,7359.3,7353.4,7357.6,1007,40,0
2026-05-08 07:30:00,7357.6,7361.8,7354.8,7358.9,785,40,0
2026-05-08 08:00:00,7358.9,7361.8,7356.7,7361.3,962,40,0
2026-05-08 08:30:00,7361.3,7365.1,7361.1,7362.3,966,40,0
2026-05-08 09:00:00,7362.3,7368.3,7358.8,7367.1,1380,40,0
2026-05-08 09:30:00,7367.3,7368.3,7364.3,7367.8,1268,40,0
2026-05-08 10:00:00,7367.8,7367.8,7360.8,7364.6,2123,40,0
2026-05-08 10:30:00,7364.6,7368.2,7361.6,7366.8,1684,40,0
2026-05-08 11:00:00,7367.0,7373.4,7365.8,7372.2,1482,40,0
2026-05-08 11:30:00,7372.1,7374.1,7370.1,7373.5,1150,40,0
2026-05-08 12:00:00,7373.5,7381.6,7372.8,7379.6,653,40,0
2026-05-08 12:30:00,7379.6,7379.6,7370.2,7374.3,995,40,0
2026-05-08 13:00:00,7374.3,7377.8,7374.3,7375.8,781,40,0
2026-05-08 13:30:00,7375.8,7379.3,7370.7,7375.8,1012,40,0
2026-05-08 14:00:00,7375.8,7379.6,7374.8,7379.3,1114,40,0
2026-05-08 14:30:00,7379.3,7381.3,7375.4,7379.6,762,40,0
2026-05-08 15:00:00,7379.6,7380.8,7376.3,7379.6,1111,40,0
2026-05-08 15:30:00,7379.5,7391.8,7374.6,7377.8,2192,40,0
2026-05-08 16:00:00,7378.0,7380.3,7368.8,7375.1,1918,40,0
2026-05-08 16:30:00,7375.6,7393.2,7371.8,7393.2,2666,40,0
2026-05-08 17:00:00,7393.2,7402.3,7389.3,7395.1,2259,40,0
2026-05-08 17:30:00,7394.8,7401.1,7388.1,7397.6,1706,40,0
2026-05-08 18:00:00,7397.3,7400.3,7387.1,7395.6,1643,40,0
2026-05-08 18:30:00,7395.6,7400.3,7389.8,7395.6,1638,40,0
2026-05-08 19:00:00,7395.6,7403.8,7395.6,7402.1,1150,40,0
2026-05-08 19:30:00,7402.1,7402.8,7394.8,7395.3,1096,40,0
2026-05-08 20:00:00,7395.6,7404.6,7394.6,7403.3,1115,40,0
2026-05-08 20:30:00,7403.3,7405.6,7397.6,7398.3,856,40,0
2026-05-08 21:00:00,7398.3,7407.5,7398.1,7403.8,1274,40,0
2026-05-08 21:30:00,7403.8,7406.3,7387.3,7390.3,1052,40,0
2026-05-08 22:00:00,7390.3,7398.3,7389.8,7392.6,920,40,0
2026-05-08 22:30:00,7392.6,7401.6,7391.3,7400.6,1211,40,0
2026-05-11 01:00:00,7387.4,7391.0,7372.2,7381.1,2068,40,0
2026-05-11 01:30:00,7381.1,7387.5,7376.4,7385.7,817,40,0
2026-05-11 02:00:00,7385.7,7390.2,7384.5,7385.2,929,40,0
2026-05-11 02:30:00,7385.2,7386.7,7381.0,7384.0,1360,40,0
2026-05-11 03:00:00,7384.0,7392.5,7383.7,7391.7,1755,40,0
2026-05-11 03:30:00,7391.7,7394.0,7378.5,7383.7,1716,40,0
2026-05-11 04:00:00,7383.7,7391.7,7379.6,7389.7,2307,40,0
2026-05-11 04:30:00,7389.7,7392.7,7387.0,7392.5,1768,40,0
2026-05-11 05:00:00,7392.5,7395.0,7390.7,7394.5,1122,40,0
2026-05-11 05:30:00,7394.5,7395.5,7388.1,7392.5,830,40,0
2026-05-11 06:00:00,7392.5,7394.7,7388.6,7394.5,1064,40,0
2026-05-11 06:30:00,7394.5,7396.6,7389.8,7392.5,723,40,0
2026-05-11 07:00:00,7392.5,7394.0,7387.7,7393.0,571,40,0
2026-05-11 07:30:00,7393.0,7394.5,7389.2,7394.2,447,40,0
2026-05-11 08:00:00,7394.2,7396.2,7389.0,7395.2,545,40,0
2026-05-11 08:30:00,7395.2,7396.2,7391.6,7392.0,735,40,0
2026-05-11 09:00:00,7392.0,7397.5,7391.7,7396.3,796,40,0
2026-05-11 09:30:00,7396.3,7396.5,7391.0,7394.3,883,40,0
2026-05-11 10:00:00,7394.3,7395.0,7391.5,7393.3,1425,40,0
2026-05-11 10:30:00,7393.3,7396.1,7391.5,7395.6,1004,40,0
2026-05-11 11:00:00,7395.6,7399.1,7391.5,7393.8,1497,40,0
2026-05-11 11:30:00,7393.5,7397.6,7393.3,7395.3,1163,40,0
2026-05-11 12:00:00,7395.3,7399.5,7394.3,7398.0,948,40,0
2026-05-11 12:30:00,7398.0,7401.8,7396.3,7396.3,759,40,0
2026-05-11 13:00:00,7396.3,7398.3,7391.7,7396.3,707,40,0
2026-05-11 13:30:00,7396.3,7396.8,7392.5,7393.6,815,40,0
2026-05-11 14:00:00,7393.6,7399.0,7393.5,7398.5,950,40,0
2026-05-11 14:30:00,7398.5,7401.5,7392.0,7395.4,1006,40,0
2026-05-11 15:00:00,7395.3,7397.3,7389.8,7393.0,1199,40,0
2026-05-11 15:30:00,7393.0,7395.8,7384.4,7390.3,1229,40,0
2026-05-11 16:00:00,7390.3,7395.3,7388.3,7391.3,959,40,0
2026-05-11 16:30:00,7391.3,7418.5,7391.3,7414.0,2344,40,0
2026-05-11 17:00:00,7414.0,7423.3,7411.8,7411.8,1512,40,0
2026-05-11 17:30:00,7411.8,7427.0,7403.0,7424.3,2100,40,0
2026-05-11 18:00:00,7424.3,7428.5,7417.3,7428.3,1185,40,0
2026-05-11 18:30:00,7428.3,7431.0,7424.5,7429.8,1193,40,0
2026-05-11 19:00:00,7429.8,7431.8,7426.8,7430.8,634,40,0
2026-05-11 19:30:00,7430.8,7431.8,7416.3,7420.8,1472,40,0
2026-05-11 20:00:00,7420.8,7426.3,7416.0,7425.5,1180,40,0
2026-05-11 20:30:00,7425.5,7435.0,7425.5,7429.5,789,40,0
2026-05-11 21:00:00,7429.5,7434.0,7428.5,7431.0,712,30,0
2026-05-11 21:30:00,7431.0,7431.0,7412.5,7412.8,1057,40,0
2026-05-11 22:00:00,7412.8,7419.3,7409.0,7412.8,1545,40,0
2026-05-11 22:30:00,7412.8,7419.7,7409.3,7419.7,1261,40,0
2026-05-11 23:00:00,7420.0,7421.4,7408.0,7415.7,987,40,0
2026-05-11 23:30:00,7415.7,7418.0,7410.8,7411.0,370,40,0
2026-05-12 01:00:00,7417.9,7423.9,7416.9,7423.1,643,40,0
2026-05-12 01:30:00,7423.1,7425.5,7419.2,7423.0,302,40,0
2026-05-12 02:00:00,7423.0,7423.5,7415.4,7423.3,377,40,0
2026-05-12 02:30:00,7423.3,7423.3,7416.2,7420.5,568,40,0
2026-05-12 03:00:00,7420.5,7420.5,7410.5,7413.8,1910,40,0
2026-05-12 03:30:00,7413.8,7416.3,7411.3,7411.8,971,40,0
2026-05-12 04:00:00,7411.8,7413.8,7405.3,7406.3,1381,40,0
2026-05-12 04:30:00,7406.3,7407.3,7393.0,7401.0,2669,40,0
2026-05-12 05:00:00,7400.9,7410.8,7399.6,7407.8,2097,40,0
2026-05-12 05:30:00,7407.8,7412.5,7405.3,7411.3,1297,40,0
2026-05-12 06:00:00,7411.3,7412.3,7407.3,7408.8,1114,40,0
2026-05-12 06:30:00,7408.8,7411.5,7406.3,7407.3,734,40,0
2026-05-12 07:00:00,7407.3,7409.5,7406.8,7407.8,936,40,0
2026-05-12 07:30:00,7407.8,7409.5,7401.6,7402.8,839,40,0
2026-05-12 08:00:00,7402.8,7406.0,7400.4,7404.8,1296,40,0
2026-05-12 08:30:00,7404.8,7406.0,7400.8,7403.5,1362,40,0
2026-05-12 09:00:00,7403.5,7404.4,7397.0,7397.8,1437,40,0
2026-05-12 09:30:00,7397.8,7398.8,7390.0,7390.8,1082,40,0
2026-05-12 10:00:00,7390.8,7398.3,7384.3,7394.7,1915,40,0
2026-05-12 10:30:00,7394.7,7399.3,7394.3,7397.8,1487,40,0
2026-05-12 11:00:00,7397.9,7398.4,7387.5,7392.0,1963,40,0
2026-05-12 11:30:00,7392.0,7393.0,7387.8,7391.5,1563,40,0
2026-05-12 12:00:00,7391.5,7393.3,7385.3,7391.5,1625,40,0
2026-05-12 12:30:00,7391.5,7398.3,7391.3,7393.3,1752,40,0
2026-05-12 13:00:00,7393.5,7398.0,7392.3,7394.3,1035,40,0
2026-05-12 13:30:00,7394.3,7394.8,7389.0,7394.0,1314,40,0
2026-05-12 14:00:00,7393.8,7395.5,7384.0,7388.0,2066,40,0
2026-05-12 14:30:00,7388.0,7393.5,7387.8,7389.8,1143,40,0
2026-05-12 15:00:00,7389.8,7390.3,7384.0,7389.3,1530,40,0
2026-05-12 15:30:00,7388.2,7402.5,7380.9,7401.5,2347,40,0
2026-05-12 16:00:00,7401.4,7402.7,7395.0,7396.3,1266,40,0
2026-05-12 16:30:00,7396.3,7399.0,7375.8,7378.0,3421,40,0
2026-05-12 17:00:00,7378.0,7390.5,7372.8,7376.0,3165,40,0
2026-05-12 17:30:00,7376.3,7378.8,7362.3,7364.8,3075,40,0
2026-05-12 18:00:00,7364.8,7367.3,7345.3,7350.0,2611,40,0
2026-05-12 18:30:00,7350.5,7364.5,7348.3,7352.0,2438,40,0
2026-05-12 19:00:00,7351.9,7361.8,7348.3,7354.5,2095,40,0
2026-05-12 19:30:00,7354.5,7357.3,7345.5,7348.3,1994,40,0
2026-05-12 20:00:00,7348.3,7376.8,7347.3,7370.5,2050,40,0
2026-05-12 20:30:00,7370.5,7379.0,7368.8,7377.8,1472,40,0
2026-05-12 21:00:00,7377.9,7391.8,7374.0,7388.8,1590,40,0
2026-05-12 21:30:00,7388.8,7392.3,7384.5,7387.0,1288,40,0
2026-05-12 22:00:00,7387.0,7401.3,7387.0,7397.8,1278,40,0
2026-05-12 22:30:00,7397.8,7415.5,7397.8,7409.8,1529,40,0
2026-05-12 23:00:00,7409.8,7410.0,7397.5,7401.3,848,40,0
2026-05-12 23:30:00,7401.3,7404.3,7394.4,7395.7,368,40,0
2026-05-13 01:00:00,7404.1,7409.8,7400.8,7408.0,869,40,0
2026-05-13 01:30:00,7408.0,7408.9,7400.6,7404.1,546,40,0
2026-05-13 02:00:00,7404.0,7405.6,7401.1,7401.8,784,40,0
2026-05-13 02:30:00,7401.8,7401.8,7388.4,7394.2,1052,40,0
2026-05-13 03:00:00,7394.3,7405.5,7392.5,7399.5,2788,40,0
2026-05-13 03:30:00,7399.8,7404.3,7397.3,7402.8,1771,40,0
2026-05-13 04:00:00,7402.8,7409.3,7402.3,7409.3,1433,40,0
2026-05-13 04:30:00,7409.3,7418.8,7407.3,7411.3,1298,40,0
2026-05-13 05:00:00,7411.3,7413.8,7407.8,7413.5,960,40,0
2026-05-13 05:30:00,7413.5,7414.3,7405.4,7411.6,611,40,0
2026-05-13 06:00:00,7411.5,7413.3,7406.4,7413.3,878,40,0
2026-05-13 06:30:00,7413.3,7418.3,7410.4,7416.5,669,40,0
2026-05-13 07:00:00,7416.5,7418.8,7410.0,7418.0,404,40,0
2026-05-13 07:30:00,7418.0,7420.8,7411.1,7419.8,465,40,0
2026-05-13 08:00:00,7419.8,7423.5,7412.4,7422.5,675,40,0
2026-05-13 08:30:00,7422.5,7423.5,7415.4,7421.8,567,40,0
2026-05-13 09:00:00,7421.8,7425.8,7420.8,7421.3,734,40,0
2026-05-13 09:30:00,7421.3,7422.3,7414.9,7419.8,616,40,0
2026-05-13 10:00:00,7419.8,7421.5,7416.5,7420.2,1270,40,0
2026-05-13 10:30:00,7420.2,7428.8,7415.3,7427.3,907,40,0
2026-05-13 11:00:00,7427.3,7435.5,7426.5,7434.7,1062,40,0
2026-05-13 11:30:00,7434.7,7436.3,7428.3,7429.8,797,40,0
2026-05-13 12:00:00,7429.8,7430.0,7422.8,7423.8,1081,40,0
2026-05-13 12:30:00,7423.8,7430.0,7421.8,7429.5,1039,40,0
2026-05-13 13:00:00,7429.5,7431.5,7424.2,7424.9,1245,40,0
2026-05-13 13:30:00,7424.9,7427.5,7418.1,7425.0,895,40,0
2026-05-13 14:00:00,7425.0,7427.4,7420.8,7423.0,1054,40,0
2026-05-13 14:30:00,7423.0,7426.8,7422.2,7423.8,862,40,0
2026-05-13 15:00:00,7423.8,7428.5,7415.0,7421.2,973,40,0
2026-05-13 15:30:00,7421.2,7421.2,7399.0,7403.5,2723,40,0
2026-05-13 16:00:00,7403.5,7417.3,7403.5,7412.0,1146,40,0
2026-05-13 16:30:00,7412.0,7412.0,7381.5,7395.8,3418,40,0
2026-05-13 17:00:00,7395.8,7414.0,7394.8,7410.0,2826,40,0
2026-05-13 17:30:00,7410.0,7416.8,7404.5,7415.3,1933,40,0
2026-05-13 18:00:00,7415.5,7420.8,7413.8,7419.8,1222,40,0
2026-05-13 18:30:00,7419.5,7429.3,7416.5,7424.3,1191,40,0
2026-05-13 19:00:00,7424.3,7447.0,7422.3,7444.8,1502,40,0
2026-05-13 19:30:00,7444.7,7450.0,7441.4,7447.5,1149,40,0
2026-05-13 20:00:00,7447.8,7456.3,7447.8,7453.5,1011,40,0
2026-05-13 20:30:00,7453.3,7454.8,7448.5,7448.5,880,40,0
2026-05-13 21:00:00,7448.8,7466.0,7448.3,7462.8,1229,40,0
2026-05-13 21:30:00,7462.8,7462.8,7453.0,7453.8,1076,40,0
2026-05-13 22:00:00,7453.8,7464.5,7453.8,7462.0,989,40,0
2026-05-13 22:30:00,7462.3,7463.5,7450.3,7451.5,1219,40,0
2026-05-13 23:00:00,7450.8,7456.8,7449.3,7456.5,682,40,0
2026-05-13 23:30:00,7456.5,7460.3,7451.9,7452.4,206,40,0
2026-05-14 01:00:00,7458.4,7462.1,7455.7,7458.6,865,40,0
2026-05-14 01:30:00,7458.6,7464.6,7458.4,7461.9,646,40,0
2026-05-14 02:00:00,7461.9,7466.9,7461.9,7462.6,728,40,0
2026-05-14 02:30:00,7462.6,7463.9,7454.6,7463.4,780,40,0
2026-05-14 03:00:00,7463.1,7468.1,7458.6,7467.2,2050,40,0
2026-05-14 03:30:00,7467.2,7471.9,7467.2,7470.7,1213,40,0
2026-05-14 04:00:00,7470.7,7470.8,7465.4,7469.3,1121,40,0
2026-05-14 04:30:00,7469.3,7470.1,7460.9,7461.6,1303,40,0
2026-05-14 05:00:00,7461.6,7465.1,7460.6,7464.6,1180,40,0
2026-05-14 05:30:00,7464.6,7466.9,7459.4,7461.6,1088,40,0
2026-05-14 06:00:00,7461.6,7465.7,7456.1,7463.1,917,40,0
2026-05-14 06:30:00,7463.1,7463.6,7454.9,7456.4,1199,40,0
2026-05-14 07:00:00,7456.4,7461.4,7454.1,7460.4,882,40,0
2026-05-14 07:30:00,7460.4,7464.6,7459.9,7460.4,984,40,0
2026-05-14 08:00:00,7460.4,7462.6,7456.4,7459.9,1577,40,0
2026-05-14 08:30:00,7459.9,7469.1,7457.9,7466.1,2013,40,0
2026-05-14 09:00:00,7466.1,7472.1,7466.1,7469.6,1401,40,0
2026-05-14 09:30:00,7469.6,7472.1,7467.9,7468.1,1166,40,0
2026-05-14 10:00:00,7468.1,7469.6,7464.5,7467.5,1693,40,0
2026-05-14 10:30:00,7467.5,7471.9,7461.1,7462.4,1171,40,0
2026-05-14 11:00:00,7462.4,7474.6,7461.1,7471.1,1856,40,0
2026-05-14 11:30:00,7471.0,7474.0,7465.1,7470.9,1606,40,0
2026-05-14 12:00:00,7470.9,7473.1,7465.1,7466.0,1454,40,0
2026-05-14 12:30:00,7466.1,7469.6,7458.1,7468.1,1656,40,0
2026-05-14 13:00:00,7468.1,7479.1,7467.6,7472.1,1830,40,0
2026-05-14 13:30:00,7472.1,7475.6,7466.4,7471.4,1549,40,0
2026-05-14 14:00:00,7471.4,7477.9,7468.1,7469.6,1395,40,0
2026-05-14 14:30:00,7469.6,7477.9,7469.6,7474.0,943,40,0
2026-05-14 15:00:00,7473.9,7482.1,7473.9,7479.6,1074,40,0
2026-05-14 15:30:00,7479.6,7479.9,7469.4,7472.6,1123,40,0
2026-05-14 16:00:00,7472.6,7472.6,7463.9,7463.9,1028,40,0
2026-05-14 16:30:00,7463.9,7486.2,7462.9,7471.7,2980,40,0
2026-05-14 17:00:00,7471.2,7490.9,7469.9,7486.7,2649,40,0
2026-05-14 17:30:00,7486.7,7503.2,7484.7,7499.4,1792,40,0
2026-05-14 18:00:00,7499.4,7515.9,7498.7,7512.9,1350,40,0
2026-05-14 18:30:00,7512.9,7520.4,7509.9,7520.4,1224,40,0
2026-05-14 19:00:00,7520.2,7522.9,7505.9,7507.4,1253,40,0
2026-05-14 19:30:00,7507.4,7510.7,7498.9,7505.7,2212,40,0
2026-05-14 20:00:00,7505.7,7510.4,7490.2,7496.7,2621,40,0
2026-05-14 20:30:00,7496.7,7509.9,7494.4,7504.4,1697,40,0
2026-05-14 21:00:00,7504.5,7510.4,7493.9,7502.9,2034,40,0
2026-05-14 21:30:00,7502.9,7510.9,7501.2,7510.4,1224,40,0
2026-05-14 22:00:00,7510.4,7514.2,7507.7,7507.9,1118,40,0
2026-05-14 22:30:00,7508.2,7514.2,7505.7,7509.1,1313,40,0
2026-05-14 23:00:00,7508.9,7512.9,7501.6,7502.6,767,40,0
2026-05-14 23:30:00,7502.4,7505.6,7498.9,7499.4,517,40,0
2026-05-15 01:00:00,7505.5,7509.1,7503.0,7506.3,858,40,0
2026-05-15 01:30:00,7506.3,7508.5,7500.7,7506.5,477,40,0
2026-05-15 02:00:00,7506.5,7509.3,7501.7,7509.0,431,40,0
2026-05-15 02:30:00,7509.0,7510.5,7501.8,7503.4,870,40,0
2026-05-15 03:00:00,7503.4,7509.0,7499.5,7508.0,1976,40,0
2026-05-15 03:30:00,7508.0,7508.1,7495.3,7501.3,2039,40,0
2026-05-15 04:00:00,7501.3,7502.4,7486.1,7486.8,2301,40,0
2026-05-15 04:30:00,7487.0,7490.3,7476.8,7477.5,2726,40,0
2026-05-15 05:00:00,7477.5,7485.8,7476.3,7482.5,2350,40,0
2026-05-15 05:30:00,7482.5,7494.0,7479.8,7490.5,2203,40,0
2026-05-15 06:00:00,7490.5,7491.9,7487.8,7490.5,1551,40,0
2026-05-15 06:30:00,7490.5,7491.8,7483.5,7487.8,1820,40,0
2026-05-15 07:00:00,7487.8,7487.8,7482.0,7482.5,1490,40,0
2026-05-15 07:30:00,7482.5,7484.3,7475.1,7475.8,1578,40,0
2026-05-15 08:00:00,7476.0,7476.3,7468.3,7471.0,2272,40,0
2026-05-15 08:30:00,7470.9,7471.3,7448.4,7448.8,2576,40,0
2026-05-15 09:00:00,7448.6,7461.9,7445.3,7451.8,3235,40,0
2026-05-15 09:30:00,7452.0,7466.8,7450.7,7463.1,2336,40,0
2026-05-15 10:00:00,7463.3,7469.5,7461.3,7467.0,2281,40,0
2026-05-15 10:30:00,7467.0,7467.8,7454.7,7457.0,2164,40,0
2026-05-15 11:00:00,7457.0,7458.3,7423.3,7425.0,3241,40,0
2026-05-15 11:30:00,7425.2,7440.7,7418.3,7432.3,3473,40,0
2026-05-15 12:00:00,7432.3,7437.0,7422.3,7431.8,3171,40,0
2026-05-15 12:30:00,7431.8,7432.7,7418.8,7427.8,3280,40,0
2026-05-15 13:00:00,7428.3,7443.3,7423.8,7435.5,2943,40,0
2026-05-15 13:30:00,7435.5,7453.7,7431.7,7447.0,3797,40,0
2026-05-15 14:00:00,7447.0,7450.9,7433.7,7435.9,2805,40,0
2026-05-15 14:30:00,7436.1,7437.3,7423.2,7423.3,2599,50,0
2026-05-15 15:00:00,7423.4,7423.7,7407.9,7414.8,3322,50,0
2026-05-15 15:30:00,7414.9,7417.3,7406.7,7414.7,3080,50,0
2026-05-15 16:00:00,7414.7,7436.7,7409.2,7436.7,2419,50,0
2026-05-15 16:30:00,7437.0,7437.3,7397.3,7409.4,5166,30,0
2026-05-15 17:00:00,7409.0,7444.5,7407.3,7429.3,4814,30,0
2026-05-15 17:30:00,7429.3,7441.5,7422.3,7428.5,4574,30,0
2026-05-15 18:00:00,7428.8,7436.5,7420.3,7431.0,4029,30,0
2026-05-15 18:30:00,7431.3,7438.3,7409.8,7421.5,4164,30,0
2026-05-15 19:00:00,7421.3,7432.5,7415.3,7431.8,3255,30,0
2026-05-15 19:30:00,7432.2,7436.8,7422.3,7429.3,2664,30,0
2026-05-15 20:00:00,7429.5,7449.3,7426.3,7445.3,2381,30,0
2026-05-15 20:30:00,7445.0,7449.8,7440.5,7449.5,2003,30,0
2026-05-15 21:00:00,7449.8,7454.5,7435.2,7437.0,2534,30,0
2026-05-15 21:30:00,7437.3,7438.5,7424.3,7436.0,2880,30,0
2026-05-15 22:00:00,7436.3,7437.3,7420.5,7421.5,2679,30,0
2026-05-15 22:30:00,7421.8,7428.3,7406.0,7411.8,2824,30,0
2026-05-18 01:00:00,7402.9,7413.9,7401.5,7405.9,2978,50,0
2026-05-18 01:30:00,7406.4,7410.9,7402.4,7408.4,2282,50,0
2026-05-18 02:00:00,7408.8,7409.6,7390.9,7393.8,2767,50,0
2026-05-18 02:30:00,7393.6,7397.3,7376.9,7390.1,3924,50,0
2026-05-18 03:00:00,7390.3,7394.1,7360.6,7374.6,5805,50,0
2026-05-18 03:30:00,7374.4,7377.5,7364.1,7376.4,5028,50,0
2026-05-18 04:00:00,7376.6,7378.8,7357.1,7358.3,5089,50,0
2026-05-18 04:30:00,7358.4,7371.4,7354.1,7366.6,3955,50,0
2026-05-18 05:00:00,7366.4,7371.6,7361.9,7370.9,3063,50,0
2026-05-18 05:30:00,7370.9,7371.6,7357.8,7360.9,2437,50,0
2026-05-18 06:00:00,7361.0,7367.4,7359.9,7364.0,2469,50,0
2026-05-18 06:30:00,7363.9,7367.4,7357.0,7364.4,2692,50,0
2026-05-18 07:00:00,7364.5,7372.4,7358.9,7360.0,2347,50,0
2026-05-18 07:30:00,7359.9,7367.9,7358.4,7363.6,2200,50,0
2026-05-18 08:00:00,7364.1,7371.4,7358.5,7366.1,2921,50,0
2026-05-18 08:30:00,7366.0,7371.6,7363.6,7363.9,2978,50,0
2026-05-18 09:00:00,7363.6,7368.6,7358.4,7358.6,3103,50,0
2026-05-18 09:30:00,7358.9,7374.1,7355.1,7374.0,2717,50,0
2026-05-18 10:00:00,7374.1,7382.3,7363.9,7381.9,3238,50,0
2026-05-18 10:30:00,7381.9,7386.9,7365.6,7375.5,3647,50,0
2026-05-18 11:00:00,7376.0,7393.1,7375.9,7392.4,2825,50,0
2026-05-18 11:30:00,7392.6,7395.8,7385.1,7395.4,2101,50,0
2026-05-18 12:00:00,7395.3,7396.6,7384.5,7387.5,1748,50,0
2026-05-18 12:30:00,7387.4,7391.5,7385.4,7389.4,1754,50,0
2026-05-18 13:00:00,7389.6,7390.6,7376.4,7381.5,2117,50,0
2026-05-18 13:30:00,7381.6,7384.0,7373.1,7378.0,1954,50,0
2026-05-18 14:00:00,7378.1,7381.9,7365.6,7376.6,2321,50,0
2026-05-18 14:30:00,7376.4,7411.9,7376.1,7393.1,4507,50,0
2026-05-18 15:00:00,7393.6,7401.8,7392.1,7399.6,2793,50,0
2026-05-18 15:30:00,7399.4,7432.1,7396.8,7428.9,4384,50,0
2026-05-18 16:00:00,7428.9,7431.4,7417.1,7417.6,2550,50,0
2026-05-18 16:30:00,7417.4,7433.2,7394.5,7424.7,5233,30,0
2026-05-18 17:00:00,7424.7,7427.2,7405.2,7414.2,4947,30,0
2026-05-18 17:30:00,7414.2,7417.5,7383.7,7402.2,5206,30,0
2026-05-18 18:00:00,7403.5,7409.5,7374.2,7375.2,4932,30,0
2026-05-18 18:30:00,7375.2,7393.0,7370.7,7382.0,4143,30,0
2026-05-18 19:00:00,7382.5,7398.0,7364.2,7367.2,3844,30,0
2026-05-18 19:30:00,7367.5,7392.5,7361.2,7384.0,3970,30,0
2026-05-18 20:00:00,7383.5,7393.2,7378.5,7392.5,3412,30,0
2026-05-18 20:30:00,7392.5,7393.1,7381.2,7389.2,3254,30,0
2026-05-18 21:00:00,7389.5,7390.2,7355.7,7366.0,3942,30,0
2026-05-18 21:30:00,7366.2,7370.5,7353.0,7355.5,3437,30,0
2026-05-18 22:00:00,7355.7,7399.1,7355.0,7374.2,5079,30,0
2026-05-18 22:30:00,7374.5,7407.0,7372.0,7404.4,3792,30,0
2026-05-18 23:00:00,7405.3,7406.0,7395.0,7399.8,1111,50,0
2026-05-18 23:30:00,7400.0,7403.0,7397.5,7398.4,638,50,0
2026-05-19 01:00:00,7405.0,7415.8,7401.3,7413.8,1593,50,0
2026-05-19 01:30:00,7414.5,7416.5,7409.4,7412.6,1079,50,0
2026-05-19 02:00:00,7412.8,7417.3,7411.9,7413.5,1094,50,0
2026-05-19 02:30:00,7413.5,7413.9,7405.0,7407.5,1537,50,0
2026-05-19 03:00:00,7407.8,7418.8,7401.6,7414.1,4323,50,0
2026-05-19 03:30:00,7414.3,7416.3,7401.5,7402.5,2988,50,0
2026-05-19 04:00:00,7402.4,7405.0,7389.8,7395.0,3507,50,0
2026-05-19 04:30:00,7395.0,7404.3,7391.3,7395.1,3260,50,0
2026-05-19 05:00:00,7395.0,7395.0,7381.3,7389.8,3279,50,0
2026-05-19 05:30:00,7389.6,7394.8,7388.0,7389.1,2474,50,0
2026-05-19 06:00:00,7389.3,7397.0,7384.5,7396.3,2025,50,0
2026-05-19 06:30:00,7396.4,7400.8,7389.8,7390.9,2183,50,0
2026-05-19 07:00:00,7391.0,7391.1,7375.5,7379.3,2723,50,0
2026-05-19 07:30:00,7379.5,7387.3,7378.5,7383.3,2481,50,0
2026-05-19 08:00:00,7383.4,7385.4,7370.0,7382.3,3177,50,0
2026-05-19 08:30:00,7382.3,7385.0,7376.3,7380.3,3115,50,0
2026-05-19 09:00:00,7381.0,7390.4,7375.0,7388.0,3189,50,0
2026-05-19 09:30:00,7387.8,7395.0,7386.1,7392.0,2141,50,0
2026-05-19 10:00:00,7392.0,7404.3,7389.3,7398.5,2630,50,0
2026-05-19 10:30:00,7398.3,7411.5,7394.6,7408.0,2581,50,0
2026-05-19 11:00:00,7408.1,7409.8,7385.1,7388.9,3194,50,0
2026-05-19 11:30:00,7389.0,7396.0,7387.8,7391.4,2178,50,0
2026-05-19 12:00:00,7391.4,7391.5,7373.3,7374.5,2528,50,0
2026-05-19 12:30:00,7374.8,7379.0,7362.6,7376.5,3248,50,0
2026-05-19 13:00:00,7376.5,7378.3,7371.3,7374.5,2171,50,0
2026-05-19 13:30:00,7374.3,7379.6,7362.6,7378.1,3334,50,0
2026-05-19 14:00:00,7377.9,7383.5,7373.5,7376.3,2689,50,0
2026-05-19 14:30:00,7376.4,7381.5,7367.3,7367.4,2240,50,0
2026-05-19 15:00:00,7367.3,7375.5,7364.1,7373.3,2756,50,0
2026-05-19 15:30:00,7373.1,7383.0,7372.1,7379.5,2252,50,0
2026-05-19 16:00:00,7380.0,7381.8,7358.8,7364.5,3384,50,0
2026-05-19 16:30:00,7365.0,7380.1,7348.6,7370.5,5675,30,0
2026-05-19 17:00:00,7370.6,7371.2,7335.7,7342.5,5274,30,0
2026-05-19 17:30:00,7342.7,7352.7,7333.7,7350.0,4991,30,0
2026-05-19 18:00:00,7350.0,7358.0,7335.0,7340.7,4147,30,0
2026-05-19 18:30:00,7340.3,7357.7,7338.5,7348.2,3750,30,0
2026-05-19 19:00:00,7348.7,7365.6,7341.5,7363.2,3465,30,0
2026-05-19 19:30:00,7362.7,7381.2,7361.7,7379.5,2654,30,0
2026-05-19 20:00:00,7379.5,7394.7,7377.7,7388.2,2346,30,0
2026-05-19 20:30:00,7388.0,7394.0,7378.5,7386.2,2780,30,0
2026-05-19 21:00:00,7386.0,7391.0,7376.2,7376.7,2473,30,0
2026-05-19 21:30:00,7376.7,7381.5,7360.5,7362.5,2739,30,0
2026-05-19 22:00:00,7362.2,7379.7,7357.0,7365.7,2974,30,0
2026-05-19 22:30:00,7366.0,7368.5,7344.7,7357.0,3060,30,0
2026-05-19 23:00:00,7356.9,7357.1,7348.9,7352.6,1211,50,0
2026-05-19 23:30:00,7352.9,7352.9,7350.1,7351.6,481,50,0
2026-05-20 01:00:00,7355.8,7360.1,7348.1,7349.0,1589,50,0
2026-05-20 01:30:00,7349.0,7355.9,7347.9,7355.1,1427,50,0
2026-05-20 02:00:00,7355.1,7364.6,7354.0,7363.6,974,50,0
2026-05-20 02:30:00,7363.9,7373.9,7361.3,7361.8,1793,50,0
2026-05-20 03:00:00,7361.5,7361.5,7336.6,7350.9,4999,50,0
2026-05-20 03:30:00,7350.9,7361.1,7349.0,7355.3,4640,50,0
2026-05-20 04:00:00,7355.3,7361.9,7347.4,7349.0,4581,50,0
2026-05-20 04:30:00,7348.9,7366.0,7339.6,7361.5,4618,50,0
2026-05-20 05:00:00,7361.9,7366.9,7356.8,7356.9,3505,50,0
2026-05-20 05:30:00,7356.8,7356.8,7341.1,7344.9,4066,50,0
2026-05-20 06:00:00,7344.9,7345.1,7336.1,7343.8,2650,50,0
2026-05-20 06:30:00,7343.9,7348.9,7339.6,7345.5,2655,50,0
2026-05-20 07:00:00,7345.6,7354.6,7345.6,7351.4,2291,50,0
2026-05-20 07:30:00,7351.4,7351.6,7342.4,7344.1,2103,50,0
2026-05-20 08:00:00,7344.1,7354.6,7344.0,7350.4,3126,50,0
2026-05-20 08:30:00,7350.5,7361.1,7349.1,7356.5,2827,50,0
2026-05-20 09:00:00,7356.1,7369.4,7355.6,7367.9,3147,50,0
2026-05-20 09:30:00,7367.6,7369.4,7362.1,7369.4,2148,50,0
2026-05-20 10:00:00,7369.9,7372.6,7366.6,7371.6,2404,50,0
2026-05-20 10:30:00,7371.4,7371.6,7364.5,7365.1,1872,50,0
2026-05-20 11:00:00,7365.4,7376.1,7364.8,7376.0,2760,50,0
2026-05-20 11:30:00,7376.4,7383.6,7375.1,7377.9,2205,50,0
2026-05-20 12:00:00,7377.6,7379.1,7372.3,7377.0,1537,50,0
2026-05-20 12:30:00,7376.9,7385.8,7376.4,7381.9,1424,50,0
2026-05-20 13:00:00,7382.0,7387.9,7381.6,7385.3,1341,50,0
2026-05-20 13:30:00,7385.3,7391.9,7379.4,7380.6,1596,50,0
2026-05-20 14:00:00,7380.8,7385.1,7379.1,7385.0,1348,50,0
2026-05-20 14:30:00,7385.1,7387.6,7375.6,7379.0,1964,50,0
2026-05-20 15:00:00,7379.0,7394.0,7377.6,7392.6,1919,50,0
2026-05-20 15:30:00,7392.8,7396.4,7382.4,7382.6,1984,50,0
2026-05-20 16:00:00,7382.4,7384.1,7373.9,7374.9,1489,50,0
2026-05-20 16:30:00,7374.6,7390.7,7361.0,7379.6,4931,30,0
2026-05-20 17:00:00,7379.7,7403.8,7357.1,7397.8,5553,30,0
2026-05-20 17:30:00,7397.8,7413.8,7393.1,7411.1,4350,30,0
2026-05-20 18:00:00,7410.8,7437.7,7404.6,7411.8,4432,30,0
2026-05-20 18:30:00,7411.8,7428.6,7411.3,7421.6,3094,30,0
2026-05-20 19:00:00,7421.7,7424.3,7404.3,7408.1,3173,30,0
2026-05-20 19:30:00,7408.6,7419.1,7404.1,7412.8,3507,30,0
2026-05-20 20:00:00,7413.3,7421.8,7406.6,7420.6,3235,30,0
2026-05-20 20:30:00,7420.8,7426.3,7415.1,7417.6,2391,30,0
2026-05-20 21:00:00,7417.6,7423.6,7412.5,7419.8,2364,30,0
2026-05-20 21:30:00,7420.1,7427.6,7415.6,7420.6,2093,30,0
2026-05-20 22:00:00,7420.7,7428.3,7419.1,7427.0,1461,30,0
2026-05-20 22:30:00,7427.0,7434.1,7424.1,7431.3,2108,30,0
2026-05-20 23:00:00,7431.3,7433.2,7409.0,7431.9,3392,30,0
2026-05-20 23:30:00,7432.0,7433.2,7411.0,7414.0,3012,50,0
2026-05-21 01:00:00,7410.2,7412.1,7387.4,7395.8,3050,50,0
2026-05-21 01:30:00,7396.3,7398.8,7394.8,7398.7,1327,50,0
2026-05-21 02:00:00,7398.8,7405.4,7395.6,7397.3,1139,50,0
2026-05-21 02:30:00,7397.6,7402.6,7396.6,7401.1,1616,50,0
2026-05-21 03:00:00,7401.3,7403.3,7395.4,7399.3,3716,50,0
2026-05-21 03:30:00,7399.6,7405.0,7396.5,7403.0,1584,50,0
2026-05-21 04:00:00,7403.3,7414.8,7403.3,7411.0,1526,50,0
2026-05-21 04:30:00,7410.3,7418.0,7409.3,7415.3,1827,50,0
2026-05-21 05:00:00,7415.5,7425.0,7415.4,7422.0,1237,50,0
2026-05-21 05:30:00,7422.0,7422.3,7416.6,7419.0,1024,50,0
2026-05-21 06:00:00,7419.3,7425.5,7418.6,7424.5,823,50,0
2026-05-21 06:30:00,7424.3,7428.3,7423.5,7424.3,802,50,0
2026-05-21 07:00:00,7424.5,7432.0,7423.8,7431.1,893,50,0
2026-05-21 07:30:00,7431.1,7434.3,7428.0,7433.4,626,50,0
2026-05-21 08:00:00,7433.5,7437.8,7430.5,7431.0,1223,50,0
2026-05-21 08:30:00,7431.1,7431.3,7414.3,7426.3,2373,50,0
2026-05-21 09:00:00,7426.1,7431.5,7422.4,7427.9,2473,50,0
2026-05-21 09:30:00,7427.9,7429.3,7413.4,7418.5,2320,50,0
2026-05-21 10:00:00,7418.3,7419.8,7406.9,7411.1,3153,50,0
2026-05-21 10:30:00,7410.9,7422.0,7410.3,7420.6,1793,50,0
2026-05-21 11:00:00,7420.9,7450.0,7420.0,7439.4,3457,50,0
2026-05-21 11:30:00,7440.0,7440.0,7430.1,7433.0,2712,50,0
2026-05-21 12:00:00,7432.8,7444.0,7431.9,7442.3,2281,50,0
2026-05-21 12:30:00,7442.4,7444.3,7433.3,7435.3,1759,50,0
2026-05-21 13:00:00,7435.1,7439.3,7408.3,7413.3,2500,50,0
2026-05-21 13:30:00,7413.5,7414.6,7395.5,7403.8,4875,50,0
2026-05-21 14:00:00,7403.0,7417.9,7399.3,7413.6,3216,50,0
2026-05-21 14:30:00,7413.5,7415.9,7408.3,7410.5,2201,50,0
2026-05-21 15:00:00,7410.4,7413.0,7402.8,7405.9,2388,50,0
2026-05-21 15:30:00,7406.1,7416.6,7398.3,7399.8,3616,50,0
2026-05-21 16:00:00,7399.8,7408.8,7398.0,7404.0,2860,50,0
2026-05-21 16:30:00,7404.5,7419.1,7391.6,7415.6,5229,30,0
2026-05-21 17:00:00,7415.9,7424.3,7392.5,7403.0,4975,30,0
2026-05-21 17:30:00,7403.0,7410.7,7394.3,7407.3,4574,30,0
2026-05-21 18:00:00,7407.5,7411.5,7389.8,7405.5,4132,30,0
2026-05-21 18:30:00,7405.8,7416.0,7395.8,7410.8,3067,30,0
2026-05-21 19:00:00,7410.8,7417.5,7401.5,7405.8,3020,30,0
2026-05-21 19:30:00,7405.9,7409.7,7398.8,7406.8,2394,30,0
2026-05-21 20:00:00,7407.0,7448.5,7407.0,7439.8,4577,30,0
2026-05-21 20:30:00,7439.5,7467.0,7437.5,7455.0,3781,30,0
2026-05-21 21:00:00,7455.0,7459.0,7443.5,7451.0,3493,30,0
2026-05-21 21:30:00,7451.2,7454.7,7418.5,7427.7,3879,30,0
2026-05-21 22:00:00,7428.0,7446.7,7427.7,7444.7,3280,30,0
2026-05-21 22:30:00,7444.2,7449.7,7437.2,7445.4,2923,30,0
2026-05-21 23:00:00,7445.5,7450.4,7443.6,7445.6,899,30,0
2026-05-21 23:30:00,7445.6,7449.1,7445.4,7446.9,291,50,0
2026-05-22 01:00:00,7448.5,7457.5,7448.2,7454.2,1295,50,0
2026-05-22 01:30:00,7454.3,7460.1,7451.2,7459.1,961,50,0
2026-05-22 02:00:00,7459.2,7460.4,7458.1,7458.9,412,50,0
2026-05-22 02:30:00,7459.1,7464.9,7457.6,7460.7,743,50,0
2026-05-22 03:00:00,7460.9,7469.1,7457.9,7465.9,2414,50,0
2026-05-22 03:30:00,7466.1,7469.6,7465.4,7465.6,1223,50,0
2026-05-22 04:00:00,7465.4,7466.4,7461.4,7462.4,1514,50,0
2026-05-22 04:30:00,7462.2,7465.1,7455.4,7461.9,1343,50,0
2026-05-22 05:00:00,7462.0,7464.9,7459.9,7460.6,1174,50,0
2026-05-22 05:30:00,7460.6,7466.1,7460.1,7464.6,922,50,0
2026-05-22 06:00:00,7464.5,7465.4,7461.4,7464.4,865,50,0
2026-05-22 06:30:00,7464.4,7471.4,7464.4,7471.4,563,50,0
2026-05-22 07:00:00,7471.6,7475.9,7471.6,7475.4,503,50,0
2026-05-22 07:30:00,7475.1,7476.4,7471.9,7476.0,571,50,0
2026-05-22 08:00:00,7475.9,7477.4,7473.4,7475.1,814,50,0
2026-05-22 08:30:00,7475.0,7476.1,7467.1,7468.1,1370,50,0
2026-05-22 09:00:00,7467.6,7474.6,7466.0,7472.4,2053,50,0
2026-05-22 09:30:00,7472.6,7477.4,7470.2,7471.6,1311,50,0
2026-05-22 10:00:00,7472.1,7472.5,7464.4,7471.9,1597,50,0
2026-05-22 10:30:00,7472.1,7472.1,7464.5,7471.5,1441,50,0
2026-05-22 11:00:00,7471.4,7483.4,7470.6,7477.1,2108,50,0
2026-05-22 11:30:00,7476.9,7477.4,7466.6,7468.1,1858,50,0
2026-05-22 12:00:00,7467.9,7468.1,7457.9,7459.1,1681,50,0
2026-05-22 12:30:00,7459.2,7468.4,7455.9,7466.1,1294,50,0
2026-05-22 13:00:00,7466.1,7466.1,7455.0,7455.9,1495,50,0
2026-05-22 13:30:00,7455.7,7458.6,7452.4,7457.5,1417,50,0
2026-05-22 14:00:00,7457.4,7461.4,7455.4,7457.4,1285,50,0
2026-05-22 14:30:00,7457.1,7468.7,7455.4,7463.6,1546,50,0
2026-05-22 15:00:00,7463.4,7481.9,7461.0,7473.6,3127,50,0
2026-05-22 15:30:00,7473.7,7485.9,7472.9,7485.9,1374,50,0
2026-05-22 16:00:00,7486.4,7490.1,7477.6,7479.5,2149,50,0
2026-05-22 16:30:00,7479.4,7499.0,7474.2,7492.6,4406,30,0
2026-05-22 17:00:00,7491.8,7491.8,7461.7,7474.0,4333,30,0
2026-05-22 17:30:00,7474.1,7484.5,7471.5,7482.2,2552,30,0
2026-05-22 18:00:00,7482.2,7496.5,7481.7,7496.5,1889,30,0
2026-05-22 18:30:00,7496.5,7498.2,7490.7,7493.7,1542,30,0
2026-05-22 19:00:00,7493.5,7495.0,7485.7,7491.0,1598,30,0
2026-05-22 19:30:00,7491.0,7493.7,7485.7,7490.0,1626,30,0
2026-05-22 20:00:00,7490.0,7505.2,7484.7,7504.7,1774,30,0
2026-05-22 20:30:00,7504.8,7506.5,7488.5,7491.0,2565,30,0
2026-05-22 21:00:00,7491.0,7494.2,7486.1,7490.2,1952,30,0
2026-05-22 21:30:00,7490.0,7491.7,7485.2,7488.3,1506,30,0
2026-05-22 22:00:00,7488.5,7489.2,7472.0,7472.8,2275,30,0
2026-05-22 22:30:00,7472.7,7479.7,7466.7,7472.5,2238,30,0
2026-05-25 01:00:00,7512.4,7516.0,7509.3,7510.9,2238,50,0
2026-05-25 01:30:00,7511.1,7519.4,7510.9,7515.9,1102,50,0
2026-05-25 02:00:00,7516.1,7521.2,7516.1,7518.7,566,50,0
2026-05-25 02:30:00,7518.9,7526.7,7518.9,7520.2,1121,50,0
2026-05-25 03:00:00,7520.2,7527.9,7517.9,7526.4,1717,50,0
2026-05-25 03:30:00,7526.2,7530.4,7523.9,7525.2,991,50,0
2026-05-25 04:00:00,7525.3,7530.4,7523.7,7529.7,1192,50,0
2026-05-25 04:30:00,7529.8,7532.2,7528.3,7528.9,666,50,0
2026-05-25 05:00:00,7529.2,7532.2,7528.2,7529.4,478,50,0
2026-05-25 05:30:00,7529.6,7534.9,7528.7,7534.7,382,50,0
2026-05-25 06:00:00,7534.9,7541.9,7534.9,7539.2,766,50,0
2026-05-25 06:30:00,7539.4,7541.4,7538.2,7538.4,739,50,0
2026-05-25 07:00:00,7538.7,7541.2,7538.6,7540.4,333,50,0
2026-05-25 07:30:00,7540.7,7544.2,7538.9,7541.9,351,50,0
2026-05-25 08:00:00,7542.2,7546.7,7542.2,7545.4,357,50,0
2026-05-25 08:30:00,7545.3,7547.7,7543.9,7543.9,313,50,0
2026-05-25 09:00:00,7543.8,7544.9,7539.7,7542.9,538,50,0
2026-05-25 09:30:00,7543.2,7545.3,7541.3,7542.4,582,50,0
2026-05-25 10:00:00,7542.9,7543.7,7531.2,7538.7,1364,50,0
2026-05-25 10:30:00,7538.8,7548.8,7538.3,7543.9,1360,50,0
2026-05-25 11:00:00,7543.8,7544.4,7535.9,7536.7,914,50,0
2026-05-25 11:30:00,7536.9,7542.9,7535.8,7542.7,589,50,0
2026-05-25 12:00:00,7542.4,7544.8,7541.2,7541.9,346,50,0
2026-05-25 12:30:00,7541.8,7543.9,7540.9,7542.4,379,50,0
2026-05-25 13:00:00,7542.2,7546.2,7540.9,7544.2,385,50,0
2026-05-25 13:30:00,7544.4,7545.4,7542.9,7544.4,269,50,0
2026-05-25 14:00:00,7544.4,7545.4,7542.2,7544.7,347,50,0
2026-05-25 14:30:00,7544.7,7548.9,7544.7,7546.9,472,50,0
2026-05-25 15:00:00,7546.9,7551.2,7544.9,7546.7,644,50,0
2026-05-25 15:30:00,7546.9,7547.2,7541.1,7541.9,425,50,0
2026-05-25 16:00:00,7541.7,7542.7,7540.4,7541.4,390,50,0
2026-05-25 16:30:00,7541.7,7548.5,7541.7,7548.0,535,30,0
2026-05-25 17:00:00,7548.0,7548.3,7541.8,7542.3,495,30,0
2026-05-25 17:30:00,7542.3,7542.3,7537.0,7538.5,548,30,0
2026-05-25 18:00:00,7538.3,7552.5,7537.3,7541.3,1332,30,0
2026-05-25 18:30:00,7541.3,7543.5,7539.7,7541.8,564,30,0
2026-05-25 19:00:00,7541.5,7542.5,7538.8,7538.8,327,30,0
2026-05-25 19:30:00,7539.0,7546.8,7538.3,7546.8,778,30,0
2026-05-26 01:00:00,7541.3,7542.9,7537.9,7540.1,1663,50,0
2026-05-26 01:30:00,7539.9,7539.9,7531.3,7532.6,1331,50,0
2026-05-26 02:00:00,7532.4,7534.4,7525.9,7527.6,1248,50,0
2026-05-26 02:30:00,7527.4,7533.9,7526.9,7530.9,1055,50,0
2026-05-26 03:00:00,7531.4,7531.4,7519.1,7525.1,2740,50,0
2026-05-26 03:30:00,7524.9,7528.9,7520.6,7523.1,1441,50,0
2026-05-26 04:00:00,7522.9,7524.4,7517.9,7519.4,2073,50,0
2026-05-26 04:30:00,7519.6,7522.4,7515.0,7522.1,1597,50,0
2026-05-26 05:00:00,7522.4,7524.1,7518.4,7521.5,861,50,0
2026-05-26 05:30:00,7521.6,7522.9,7519.4,7521.4,874,50,0
2026-05-26 06:00:00,7521.5,7524.1,7519.6,7523.4,651,50,0
2026-05-26 06:30:00,7523.6,7524.6,7521.6,7523.6,504,50,0
2026-05-26 07:00:00,7523.9,7525.6,7521.1,7523.3,424,50,0
2026-05-26 07:30:00,7523.3,7525.4,7520.6,7521.9,480,50,0
2026-05-26 08:00:00,7521.8,7523.6,7518.9,7523.1,781,50,0
2026-05-26 08:30:00,7522.6,7524.4,7519.4,7520.6,604,50,0
2026-05-26 09:00:00,7520.8,7526.9,7519.4,7522.0,732,50,0
2026-05-26 09:30:00,7522.1,7527.4,7521.3,7522.9,865,50,0
2026-05-26 10:00:00,7523.4,7524.4,7512.0,7514.1,1922,50,0
2026-05-26 10:30:00,7514.4,7518.1,7509.1,7514.4,1409,50,0
2026-05-26 11:00:00,7514.6,7516.3,7511.4,7514.4,1307,50,0
2026-05-26 11:30:00,7514.1,7516.6,7511.9,7515.9,865,50,0
2026-05-26 12:00:00,7516.1,7520.9,7513.1,7520.4,920,50,0
2026-05-26 12:30:00,7520.9,7522.1,7519.1,7520.9,658,50,0
2026-05-26 13:00:00,7521.1,7530.1,7519.9,7529.4,763,50,0
2026-05-26 13:30:00,7529.1,7534.4,7525.6,7525.6,1116,50,0
2026-05-26 14:00:00,7525.9,7527.4,7522.9,7524.4,747,50,0
2026-05-26 14:30:00,7524.6,7526.6,7515.6,7523.4,1277,50,0
2026-05-26 15:00:00,7523.3,7528.9,7519.1,7528.4,807,50,0
2026-05-26 15:30:00,7528.6,7531.4,7526.1,7527.1,716,50,0
2026-05-26 16:00:00,7527.0,7527.9,7517.4,7517.6,727,50,0
2026-05-26 16:30:00,7517.4,7528.2,7508.5,7524.5,3206,30,0
2026-05-26 17:00:00,7524.7,7536.0,7522.2,7533.0,1608,30,0
2026-05-26 17:30:00,7532.7,7538.5,7529.0,7531.2,1863,30,0
2026-05-26 18:00:00,7531.7,7532.0,7514.2,7515.2,2345,30,0
2026-05-26 18:30:00,7515.6,7517.0,7500.5,7506.2,2820,30,0
2026-05-26 19:00:00,7506.5,7514.5,7503.0,7514.2,1710,30,0
2026-05-26 19:30:00,7514.2,7517.2,7506.5,7506.9,882,30,0
2026-05-26 20:00:00,7507.0,7511.2,7502.0,7503.2,1549,30,0
2026-05-26 20:30:00,7503.5,7510.2,7501.7,7507.2,1308,30,0
2026-05-26 21:00:00,7507.5,7517.0,7505.0,7513.5,1141,30,0
2026-05-26 21:30:00,7513.2,7517.0,7507.5,7508.0,967,30,0
2026-05-26 22:00:00,7508.0,7512.7,7505.5,7512.0,969,30,0
2026-05-26 22:30:00,7512.0,7525.6,7512.0,7522.5,1244,30,0
2026-05-26 23:00:00,7522.8,7523.9,7518.4,7518.6,474,50,0
2026-05-26 23:30:00,7518.4,7520.6,7515.1,7516.6,279,50,0
2026-05-27 01:00:00,7520.6,7521.9,7513.9,7517.1,1070,50,0
2026-05-27 01:30:00,7517.2,7519.8,7515.6,7517.6,508,50,0
2026-05-27 02:00:00,7517.7,7523.2,7517.6,7523.1,590,50,0
2026-05-27 02:30:00,7522.8,7528.8,7520.8,7527.8,992,50,0
2026-05-27 03:00:00,7527.4,7529.3,7521.8,7526.6,1863,50,0
2026-05-27 03:30:00,7526.6,7531.1,7525.4,7529.8,1417,50,0
2026-05-27 04:00:00,7529.9,7532.8,7528.1,7531.3,1128,50,0
2026-05-27 04:30:00,7531.1,7531.6,7526.1,7526.6,932,50,0
2026-05-27 05:00:00,7526.8,7530.8,7526.6,7529.8,757,50,0
2026-05-27 05:30:00,7529.6,7531.1,7528.3,7528.3,469,50,0
2026-05-27 06:00:00,7528.4,7530.8,7526.1,7527.1,455,50,0
2026-05-27 06:30:00,7527.1,7527.6,7522.6,7523.1,610,50,0
2026-05-27 07:00:00,7522.8,7526.6,7519.9,7520.3,956,50,0
2026-05-27 07:30:00,7520.1,7527.3,7519.8,7525.6,938,50,0
2026-05-27 08:00:00,7525.3,7527.8,7523.1,7526.6,1270,50,0
2026-05-27 08:30:00,7526.8,7529.1,7522.1,7528.1,1298,50,0
2026-05-27 09:00:00,7528.1,7529.6,7524.6,7525.8,1191,50,0
2026-05-27 09:30:00,7525.3,7526.1,7521.3,7524.1,811,50,0
2026-05-27 10:00:00,7524.8,7531.6,7524.3,7530.6,1038,50,0
2026-05-27 10:30:00,7530.8,7532.6,7528.8,7532.1,676,50,0
2026-05-27 11:00:00,7532.3,7542.8,7531.3,7541.3,1219,50,0
2026-05-27 11:30:00,7541.4,7543.6,7539.1,7541.8,777,50,0
2026-05-27 12:00:00,7541.6,7543.2,7540.1,7541.3,702,50,0
2026-05-27 12:30:00,7541.6,7545.3,7540.1,7544.3,572,50,0
2026-05-27 13:00:00,7544.3,7549.1,7544.1,7545.8,590,50,0
2026-05-27 13:30:00,7545.6,7547.1,7543.6,7545.8,473,50,0
2026-05-27 14:00:00,7546.1,7550.6,7544.1,7544.2,1083,50,0
2026-05-27 14:30:00,7544.3,7544.8,7534.8,7535.4,895,50,0
2026-05-27 15:00:00,7535.3,7554.6,7529.6,7551.2,2609,50,0
2026-05-27 15:30:00,7551.1,7552.3,7535.8,7536.9,2009,50,0
2026-05-27 16:00:00,7536.8,7537.8,7526.3,7526.3,1507,50,0
2026-05-27 16:30:00,7526.1,7530.2,7510.2,7522.4,4009,30,0
2026-05-27 17:00:00,7522.7,7531.4,7513.2,7517.9,3865,30,0
2026-05-27 17:30:00,7517.7,7527.9,7510.9,7514.4,3705,30,0
2026-05-27 18:00:00,7514.4,7518.9,7506.4,7512.7,2839,30,0
2026-05-27 18:30:00,7512.9,7519.2,7500.9,7508.4,2856,30,0
2026-05-27 19:00:00,7508.7,7515.7,7503.4,7514.2,2046,30,0
2026-05-27 19:30:00,7513.9,7523.4,7512.2,7515.2,1402,30,0
2026-05-27 20:00:00,7515.4,7516.2,7499.4,7508.9,1971,30,0
2026-05-27 20:30:00,7509.2,7518.2,7508.9,7514.9,1371,30,0
2026-05-27 21:00:00,7514.9,7525.7,7510.9,7524.9,1245,30,0
2026-05-27 21:30:00,7524.9,7528.7,7521.9,7526.2,896,30,0
2026-05-27 22:00:00,7526.2,7529.4,7521.2,7523.7,914,30,0
2026-05-27 22:30:00,7523.4,7526.9,7519.7,7523.8,1302,30,0
2026-05-27 23:00:00,7523.8,7533.3,7522.6,7529.4,612,50,0
2026-05-27 23:30:00,7529.4,7538.4,7529.2,7537.1,219,50,0
2026-05-28 01:00:00,7538.7,7541.6,7529.1,7529.4,1230,50,0
2026-05-28 01:30:00,7529.1,7531.6,7525.1,7530.0,1153,50,0
2026-05-28 02:00:00,7530.0,7533.1,7524.9,7527.6,1112,50,0
2026-05-28 02:30:00,7527.4,7527.4,7516.2,7518.4,1465,50,0
2026-05-28 03:00:00,7518.5,7526.1,7516.7,7524.1,2961,50,0
2026-05-28 03:30:00,7523.9,7535.6,7520.2,7533.0,1926,50,0
2026-05-28 04:00:00,7533.1,7534.4,7527.9,7530.5,2127,50,0
2026-05-28 04:30:00,7530.4,7534.4,7526.9,7533.4,1828,50,0
2026-05-28 05:00:00,7533.6,7534.6,7521.6,7521.6,1370,50,0
2026-05-28 05:30:00,7521.6,7523.4,7516.6,7518.1,1193,50,0
2026-05-28 06:00:00,7518.4,7520.4,7510.9,7511.4,1801,50,0
2026-05-28 06:30:00,7511.1,7511.2,7495.5,7496.6,3484,50,0
2026-05-28 07:00:00,7496.6,7498.6,7489.9,7493.4,3023,50,0
2026-05-28 07:30:00,7493.1,7498.9,7492.4,7493.9,1680,50,0
2026-05-28 08:00:00,7494.1,7501.6,7491.0,7501.6,2129,50,0
2026-05-28 08:30:00,7501.9,7513.1,7501.1,7511.9,1488,50,0
2026-05-28 09:00:00,7512.1,7515.4,7511.6,7513.1,873,50,0
2026-05-28 09:30:00,7512.9,7513.1,7507.6,7512.4,841,50,0
2026-05-28 10:00:00,7512.4,7518.2,7512.4,7513.6,1317,50,0
2026-05-28 10:30:00,7513.7,7516.1,7509.4,7515.6,1165,50,0
2026-05-28 11:00:00,7516.4,7518.4,7510.9,7513.9,1802,50,0
2026-05-28 11:30:00,7513.9,7517.4,7512.9,7517.1,895,50,0
2026-05-28 12:00:00,7517.1,7519.6,7513.9,7515.6,709,50,0
2026-05-28 12:30:00,7515.5,7517.6,7511.4,7516.2,794,50,0
2026-05-28 13:00:00,7516.1,7516.4,7508.1,7511.1,843,50,0
2026-05-28 13:30:00,7511.1,7511.6,7499.4,7503.1,1524,50,0
2026-05-28 14:00:00,7503.2,7507.0,7501.6,7502.5,1711,50,0
2026-05-28 14:30:00,7502.6,7508.6,7500.9,7505.9,1255,50,0
2026-05-28 15:00:00,7506.0,7509.9,7504.9,7509.0,1358,50,0
2026-05-28 15:30:00,7508.7,7523.4,7508.7,7522.1,1876,50,0
2026-05-28 16:00:00,7522.4,7527.4,7518.6,7519.1,1231,50,0
2026-05-28 16:30:00,7519.7,7521.2,7509.7,7519.4,3132,30,0
2026-05-28 17:00:00,7519.3,7557.4,7517.0,7544.9,4347,30,0
2026-05-28 17:30:00,7545.1,7547.4,7534.6,7546.1,3241,30,0
2026-05-28 18:00:00,7546.4,7559.1,7545.1,7556.9,2036,30,0
2026-05-28 18:30:00,7557.1,7560.4,7555.4,7558.4,1281,30,0
2026-05-28 19:00:00,7558.6,7566.1,7554.6,7561.4,1164,30,0
2026-05-28 19:30:00,7561.4,7565.4,7558.1,7564.6,860,30,0
2026-05-28 20:00:00,7564.6,7566.4,7558.6,7560.1,833,30,0
2026-05-28 20:30:00,7560.4,7566.9,7558.6,7564.4,779,30,0
2026-05-28 21:00:00,7564.6,7566.4,7561.6,7565.4,882,30,0
2026-05-28 21:30:00,7565.4,7565.4,7559.6,7560.1,719,30,0
2026-05-28 22:00:00,7560.1,7565.6,7558.9,7565.6,637,30,0
2026-05-28 22:30:00,7565.6,7569.4,7562.7,7564.7,1043,30,0
2026-05-28 23:00:00,7564.6,7572.6,7563.1,7572.4,506,50,0
2026-05-28 23:30:00,7572.1,7573.1,7570.1,7570.4,290,50,0
2026-05-29 01:00:00,7571.3,7575.5,7568.1,7569.3,1131,50,0
2026-05-29 01:30:00,7569.3,7571.3,7568.1,7568.3,410,50,0
2026-05-29 02:00:00,7568.5,7573.0,7568.3,7571.8,419,50,0
2026-05-29 02:30:00,7571.6,7571.6,7567.3,7568.3,625,50,0
2026-05-29 03:00:00,7568.2,7569.1,7565.1,7566.0,1423,50,0
2026-05-29 03:30:00,7566.1,7566.1,7558.8,7560.6,837,50,0
2026-05-29 04:00:00,7560.6,7562.3,7557.1,7557.8,1297,50,0
2026-05-29 04:30:00,7557.8,7562.3,7555.8,7560.1,990,50,0
2026-05-29 05:00:00,7560.2,7565.5,7558.5,7560.0,902,50,0
2026-05-29 05:30:00,7559.8,7562.9,7559.2,7560.0,820,50,0
2026-05-29 06:00:00,7560.2,7566.0,7560.0,7564.8,604,50,0
2026-05-29 06:30:00,7564.8,7566.8,7562.5,7564.8,760,50,0
2026-05-29 07:00:00,7565.0,7568.8,7564.8,7568.3,632,50,0
2026-05-29 07:30:00,7568.0,7571.4,7567.5,7569.3,391,50,0
2026-05-29 08:00:00,7569.5,7572.3,7568.7,7571.5,376,50,0
2026-05-29 08:30:00,7571.4,7571.5,7568.0,7570.3,438,50,0
2026-05-29 09:00:00,7570.3,7576.5,7570.3,7571.8,554,50,0
2026-05-29 09:30:00,7572.3,7576.8,7571.2,7576.5,657,50,0
2026-05-29 10:00:00,7576.3,7576.8,7568.3,7569.8,906,50,0
2026-05-29 10:30:00,7570.0,7571.0,7564.3,7570.8,1028,50,0
2026-05-29 11:00:00,7570.5,7573.5,7568.8,7571.5,1303,50,0
2026-05-29 11:30:00,7571.8,7572.8,7566.3,7570.0,818,50,0
2026-05-29 12:00:00,7570.3,7579.5,7569.3,7576.3,1140,50,0
2026-05-29 12:30:00,7576.3,7577.5,7573.8,7574.5,922,50,0
2026-05-29 13:00:00,7574.4,7574.8,7569.0,7572.8,727,50,0
2026-05-29 13:30:00,7572.8,7575.5,7571.3,7574.5,670,50,0
2026-05-29 14:00:00,7574.3,7580.0,7574.0,7574.3,709,50,0
2026-05-29 14:30:00,7574.5,7577.8,7568.8,7577.5,1097,50,0
2026-05-29 15:00:00,7577.5,7578.2,7573.5,7576.0,1023,50,0
2026-05-29 15:30:00,7576.3,7576.8,7570.3,7575.5,1086,50,0
2026-05-29 16:00:00,7575.8,7577.2,7571.5,7575.0,853,50,0
2026-05-29 16:30:00,7574.8,7594.1,7571.1,7593.1,2514,30,0
2026-05-29 17:00:00,7593.1,7595.6,7574.2,7581.7,3099,30,0
2026-05-29 17:30:00,7581.7,7585.0,7562.5,7575.7,4207,30,0
2026-05-29 18:00:00,7575.7,7589.5,7574.2,7583.2,3100,30,0
2026-05-29 18:30:00,7582.7,7588.7,7578.2,7579.5,2721,30,0
2026-05-29 19:00:00,7579.5,7590.0,7578.5,7582.7,1515,30,0
2026-05-29 19:30:00,7582.5,7593.5,7580.2,7583.0,1836,30,0
2026-05-29 20:00:00,7583.0,7585.2,7577.0,7581.0,1447,30,0
2026-05-29 20:30:00,7581.0,7582.0,7568.2,7569.3,1556,30,0
2026-05-29 21:00:00,7569.3,7581.1,7567.8,7579.8,1427,30,0
2026-05-29 21:30:00,7580.1,7584.6,7571.1,7571.8,1575,30,0
2026-05-29 22:00:00,7571.6,7585.8,7570.3,7585.8,1162,30,0
2026-05-29 22:30:00,7585.8,7593.6,7580.6,7580.8,1843,30,0
2026-06-01 01:00:00,7584.5,7585.5,7573.6,7582.9,1773,50,0
2026-06-01 01:30:00,7582.6,7590.4,7582.4,7588.9,941,50,0
2026-06-01 02:00:00,7588.7,7591.7,7587.6,7591.1,694,50,0
2026-06-01 02:30:00,7591.1,7593.6,7589.9,7592.4,825,50,0
2026-06-01 03:00:00,7592.4,7599.1,7591.6,7598.9,1491,50,0
2026-06-01 03:30:00,7598.9,7601.1,7596.6,7598.6,825,50,0
2026-06-01 04:00:00,7598.9,7600.4,7595.6,7598.1,1038,50,0
2026-06-01 04:30:00,7597.9,7601.6,7597.4,7601.1,552,50,0
2026-06-01 05:00:00,7600.9,7605.0,7600.9,7604.1,410,50,0
2026-06-01 05:30:00,7603.9,7604.4,7601.4,7602.6,425,50,0
2026-06-01 06:00:00,7602.9,7605.1,7598.4,7604.6,520,50,0
2026-06-01 06:30:00,7604.4,7606.9,7598.9,7599.6,630,50,0
2026-06-01 07:00:00,7599.9,7602.7,7599.4,7602.1,430,50,0
2026-06-01 07:30:00,7602.4,7605.1,7601.4,7604.6,353,50,0
2026-06-01 08:00:00,7604.4,7604.9,7601.4,7601.6,329,50,0
2026-06-01 08:30:00,7601.9,7606.1,7601.6,7605.1,560,50,0
2026-06-01 09:00:00,7605.1,7606.1,7601.4,7601.6,583,50,0
2026-06-01 09:30:00,7601.9,7605.9,7601.6,7604.9,561,50,0
2026-06-01 10:00:00,7604.9,7607.6,7599.6,7600.4,1018,50,0
2026-06-01 10:30:00,7600.6,7601.9,7594.9,7598.6,1138,50,0
2026-06-01 11:00:00,7598.4,7599.9,7594.6,7594.9,1213,50,0
2026-06-01 11:30:00,7595.1,7601.4,7593.1,7601.4,937,50,0
2026-06-01 12:00:00,7601.4,7603.6,7598.4,7599.4,734,50,0
2026-06-01 12:30:00,7599.6,7600.1,7596.4,7597.1,638,50,0
2026-06-01 13:00:00,7597.1,7602.4,7597.1,7601.9,662,50,0
2026-06-01 13:30:00,7602.1,7605.1,7601.9,7603.6,490,50,0
2026-06-01 14:00:00,7603.9,7604.6,7601.2,7604.1,819,50,0
2026-06-01 14:30:00,7603.9,7609.4,7601.1,7601.4,749,50,0
2026-06-01 15:00:00,7601.4,7601.6,7593.7,7597.6,1066,50,0
2026-06-01 15:30:00,7597.4,7602.9,7594.1,7595.9,851,50,0
2026-06-01 16:00:00,7596.1,7597.4,7564.4,7570.4,3383,50,0
2026-06-01 16:30:00,7570.7,7583.6,7563.7,7572.1,4504,30,0
2026-06-01 17:00:00,7572.2,7583.2,7569.5,7574.5,3921,30,0
2026-06-01 17:30:00,7574.5,7578.1,7569.4,7573.1,2658,30,0
2026-06-01 18:00:00,7573.4,7580.4,7571.1,7578.1,2294,30,0
2026-06-01 18:30:00,7577.9,7591.1,7577.9,7583.9,2149,30,0
2026-06-01 19:00:00,7583.9,7588.6,7575.4,7584.4,1720,30,0
2026-06-01 19:30:00,7584.6,7597.1,7584.4,7596.1,1611,30,0
2026-06-01 20:00:00,7595.9,7601.9,7587.1,7601.6,1293,30,0
2026-06-01 20:30:00,7602.0,7620.0,7595.1,7612.6,2437,30,0
2026-06-01 21:00:00,7612.6,7616.4,7610.4,7615.4,1135,30,0
2026-06-01 21:30:00,7615.6,7616.1,7611.9,7612.6,808,30,0
2026-06-01 22:00:00,7612.4,7614.9,7611.1,7613.9,888,30,0
2026-06-01 22:30:00,7614.1,7614.1,7598.9,7602.1,1367,30,0
2026-06-01 23:00:00,7601.9,7604.3,7599.0,7599.8,371,30,0
2026-06-01 23:30:00,7599.5,7606.3,7594.8,7597.3,951,50,0
2026-06-02 01:00:00,7595.7,7595.7,7582.9,7583.4,1579,50,0
2026-06-02 01:30:00,7583.3,7584.8,7580.0,7584.3,852,50,0
2026-06-02 02:00:00,7584.3,7585.5,7582.5,7584.0,450,50,0
2026-06-02 02:30:00,7584.2,7587.0,7581.0,7584.8,968,50,0
2026-06-02 03:00:00,7585.0,7585.0,7572.5,7575.8,2317,50,0
2026-06-02 03:30:00,7575.8,7578.8,7569.0,7570.5,1722,50,0
2026-06-02 04:00:00,7570.7,7574.8,7568.2,7571.9,2181,50,0
2026-06-02 04:30:00,7571.8,7573.5,7566.5,7566.5,1804,50,0
2026-06-02 05:00:00,7566.8,7570.5,7566.0,7568.8,1258,50,0
2026-06-02 05:30:00,7568.9,7572.0,7568.8,7570.3,1003,50,0
2026-06-02 06:00:00,7570.3,7571.5,7564.6,7566.3,993,50,0
2026-06-02 06:30:00,7566.1,7570.3,7565.3,7570.1,1115,50,0
2026-06-02 07:00:00,7570.0,7574.8,7569.6,7573.8,667,50,0
2026-06-02 07:30:00,7573.7,7578.8,7572.1,7578.6,635,50,0
2026-06-02 08:00:00,7578.6,7582.3,7576.6,7581.8,810,50,0
2026-06-02 08:30:00,7582.1,7584.8,7580.3,7582.3,807,50,0
2026-06-02 09:00:00,7582.1,7586.8,7581.8,7585.3,840,50,0
2026-06-02 09:30:00,7585.6,7590.6,7583.3,7589.6,864,50,0
2026-06-02 10:00:00,7589.7,7594.3,7589.7,7592.3,1025,50,0
2026-06-02 10:30:00,7592.3,7594.6,7590.6,7594.3,713,50,0
2026-06-02 11:00:00,7594.3,7598.6,7591.6,7592.0,1383,50,0
2026-06-02 11:30:00,7591.8,7595.8,7591.6,7593.8,857,50,0
2026-06-02 12:00:00,7593.6,7593.6,7587.2,7588.5,893,50,0
2026-06-02 12:30:00,7588.6,7594.0,7587.1,7589.8,906,50,0
2026-06-02 13:00:00,7589.6,7591.6,7587.8,7590.3,641,50,0
2026-06-02 13:30:00,7590.6,7590.8,7587.1,7587.1,608,50,0
2026-06-02 14:00:00,7587.2,7587.8,7583.6,7586.8,933,50,0
2026-06-02 14:30:00,7587.1,7590.6,7584.3,7584.3,831,50,0
2026-06-02 15:00:00,7584.3,7590.8,7583.3,7589.3,834,50,0
2026-06-02 15:30:00,7589.8,7589.8,7584.8,7585.0,1134,50,0
2026-06-02 16:00:00,7585.1,7587.8,7576.0,7586.3,1498,50,0
2026-06-02 16:30:00,7586.6,7593.7,7583.9,7592.1,3006,30,0
2026-06-02 17:00:00,7592.7,7602.1,7589.8,7594.8,2464,30,0
2026-06-02 17:30:00,7594.6,7615.1,7594.6,7614.8,1958,30,0
2026-06-02 18:00:00,7614.8,7621.6,7611.6,7616.6,1318,30,0
2026-06-02 18:30:00,7616.8,7618.1,7613.3,7614.3,1240,30,0
2026-06-02 19:00:00,7614.6,7617.3,7609.5,7610.5,1219,30,0
2026-06-02 19:30:00,7610.3,7616.5,7608.3,7615.8,1057,30,0
2026-06-02 20:00:00,7615.8,7616.8,7606.5,7607.5,1160,30,0
2026-06-02 20:30:00,7607.8,7609.9,7604.4,7605.4,1158,30,0
2026-06-02 21:00:00,7605.4,7609.9,7604.8,7606.0,981,30,0
2026-06-02 21:30:00,7606.0,7608.7,7603.0,7607.5,842,30,0
2026-06-02 22:00:00,7607.5,7612.2,7607.5,7610.0,652,30,0
2026-06-02 22:30:00,7609.7,7613.5,7608.0,7611.5,907,30,0
2026-06-02 23:00:00,7611.8,7618.2,7611.8,7614.4,495,30,0
2026-06-02 23:30:00,7614.4,7617.2,7614.2,7616.7,125,50,0
2026-06-03 01:00:00,7615.1,7615.6,7611.4,7614.4,1203,50,0
2026-06-03 01:30:00,7614.4,7616.1,7609.9,7610.6,744,50,0
2026-06-03 02:00:00,7610.9,7611.4,7591.9,7599.5,1999,50,0
2026-06-03 02:30:00,7599.6,7615.1,7597.2,7613.6,2418,50,0
2026-06-03 03:00:00,7613.9,7615.6,7608.9,7611.6,2046,50,0
2026-06-03 03:30:00,7611.7,7616.4,7610.6,7614.6,1066,50,0
2026-06-03 04:00:00,7614.6,7615.1,7609.2,7610.6,1265,50,0
2026-06-03 04:30:00,7610.5,7612.6,7608.4,7611.0,1067,50,0
2026-06-03 05:00:00,7611.1,7612.4,7609.4,7610.5,723,50,0
2026-06-03 05:30:00,7610.4,7612.1,7609.4,7610.6,520,50,0
2026-06-03 06:00:00,7610.5,7613.6,7610.1,7610.6,404,50,0
2026-06-03 06:30:00,7610.7,7613.1,7610.7,7612.9,506,50,0
2026-06-03 07:00:00,7612.6,7615.1,7612.6,7613.9,230,50,0
2026-06-03 07:30:00,7614.1,7614.9,7611.1,7611.6,299,50,0
2026-06-03 08:00:00,7611.5,7613.6,7608.9,7611.1,556,50,0
2026-06-03 08:30:00,7610.9,7611.4,7607.0,7608.1,737,50,0
2026-06-03 09:00:00,7608.1,7611.1,7605.4,7607.9,1201,50,0
2026-06-03 09:30:00,7607.7,7610.5,7605.9,7608.4,1127,50,0
2026-06-03 10:00:00,7608.2,7612.9,7607.1,7608.4,1180,50,0
2026-06-03 10:30:00,7608.1,7609.6,7604.9,7609.4,1023,50,0
2026-06-03 11:00:00,7609.6,7611.1,7604.6,7610.6,1262,50,0
2026-06-03 11:30:00,7610.9,7611.2,7606.9,7607.9,986,50,0
2026-06-03 12:00:00,7607.9,7610.9,7606.4,7608.0,824,50,0
2026-06-03 12:30:00,7608.0,7608.4,7600.6,7601.1,619,50,0
2026-06-03 13:00:00,7600.9,7611.0,7599.7,7604.9,1670,50,0
2026-06-03 13:30:00,7605.4,7607.1,7600.1,7603.9,867,50,0
2026-06-03 14:00:00,7603.9,7607.9,7603.9,7606.6,790,50,0
2026-06-03 14:30:00,7606.7,7609.6,7605.6,7605.6,651,50,0
2026-06-03 15:00:00,7605.6,7607.9,7600.6,7600.6,974,50,0
2026-06-03 15:30:00,7600.6,7600.6,7593.1,7596.1,1218,50,0
2026-06-03 16:00:00,7595.9,7598.2,7594.9,7597.4,932,50,0
2026-06-03 16:30:00,7598.7,7604.0,7564.0,7575.7,3657,30,0
2026-06-03 17:00:00,7575.6,7586.2,7575.1,7584.2,3346,30,0
2026-06-03 17:30:00,7584.0,7586.5,7573.2,7578.2,2570,30,0
2026-06-03 18:00:00,7578.5,7581.5,7570.0,7577.5,2482,30,0
2026-06-03 18:30:00,7578.0,7579.2,7564.2,7568.7,2257,30,0
2026-06-03 19:00:00,7569.0,7571.2,7555.2,7559.5,2220,30,0
2026-06-03 19:30:00,7559.5,7568.0,7552.0,7567.2,2265,30,0
2026-06-03 20:00:00,7567.5,7567.7,7556.5,7562.5,1778,30,0
2026-06-03 20:30:00,7562.7,7574.2,7558.2,7572.5,1347,30,0
2026-06-03 21:00:00,7572.5,7577.0,7566.5,7576.5,1470,30,0
2026-06-03 21:30:00,7576.7,7577.2,7571.2,7572.2,1131,30,0
2026-06-03 22:00:00,7572.2,7572.2,7562.2,7564.7,1333,30,0
2026-06-03 22:30:00,7564.5,7571.5,7557.5,7561.5,1952,30,0
2026-06-03 23:00:00,7560.7,7561.6,7541.4,7547.4,2488,30,0
2026-06-03 23:30:00,7547.2,7547.9,7530.6,7535.9,1775,50,0
2026-06-04 01:00:00,7527.2,7533.9,7521.7,7526.4,2465,50,0
2026-06-04 01:30:00,7526.2,7534.6,7519.4,7531.9,2307,50,0
2026-06-04 02:00:00,7532.2,7533.2,7520.4,7523.3,1633,50,0
2026-06-04 02:30:00,7523.2,7526.8,7517.8,7522.9,1895,50,0
2026-06-04 03:00:00,7522.7,7532.4,7520.4,7528.9,3465,50,0
2026-06-04 03:30:00,7528.8,7537.2,7528.7,7535.2,2478,50,0
2026-06-04 04:00:00,7534.9,7539.7,7531.4,7533.9,2468,50,0
2026-06-04 04:30:00,7534.2,7539.4,7525.4,7529.4,2423,50,0
2026-06-04 05:00:00,7529.7,7529.9,7516.2,7524.1,2625,50,0
2026-06-04 05:30:00,7523.9,7527.7,7519.9,7523.7,1751,50,0
2026-06-04 06:00:00,7523.4,7531.2,7522.8,7530.9,1416,50,0
2026-06-04 06:30:00,7530.9,7533.2,7526.9,7532.2,1482,50,0
2026-06-04 07:00:00,7532.3,7535.4,7529.8,7533.7,1093,50,0
2026-06-04 07:30:00,7533.8,7536.4,7532.4,7534.7,1091,50,0
2026-06-04 08:00:00,7534.4,7535.2,7526.9,7528.7,1737,50,0
2026-06-04 08:30:00,7528.9,7533.7,7527.9,7532.4,1734,50,0
2026-06-04 09:00:00,7532.2,7535.9,7530.7,7534.4,1507,50,0
2026-06-04 09:30:00,7534.4,7541.4,7531.9,7541.2,1362,50,0
2026-06-04 10:00:00,7541.3,7545.9,7539.4,7544.7,1474,50,0
2026-06-04 10:30:00,7544.4,7546.4,7540.9,7542.2,1188,50,0
2026-06-04 11:00:00,7541.9,7542.2,7525.9,7532.1,2681,50,0
2026-06-04 11:30:00,7532.2,7538.3,7526.7,7529.1,2232,50,0
2026-06-04 12:00:00,7528.9,7529.4,7521.2,7528.9,2963,50,0
2026-06-04 12:30:00,7528.8,7538.2,7527.4,7536.3,2236,50,0
2026-06-04 13:00:00,7536.2,7536.4,7525.9,7526.3,1844,50,0
2026-06-04 13:30:00,7526.2,7528.6,7516.7,7521.9,1947,50,0
2026-06-04 14:00:00,7522.1,7532.4,7521.4,7528.9,2546,50,0
2026-06-04 14:30:00,7529.2,7533.7,7513.2,7532.6,3402,50,0
2026-06-04 15:00:00,7532.7,7535.9,7525.4,7530.6,3260,50,0
2026-06-04 15:30:00,7530.4,7540.9,7530.4,7538.7,2130,50,0
2026-06-04 16:00:00,7538.7,7543.4,7534.2,7536.9,1826,50,0
2026-06-04 16:30:00,7535.8,7553.3,7530.8,7548.0,4511,30,0
2026-06-04 17:00:00,7548.3,7559.0,7538.5,7556.5,3967,30,0
2026-06-04 17:30:00,7556.3,7557.4,7548.9,7557.2,3005,30,0
2026-06-04 18:00:00,7557.2,7574.9,7557.2,7573.9,1843,30,0
2026-06-04 18:30:00,7574.2,7574.9,7563.2,7568.7,1901,30,0
2026-06-04 19:00:00,7568.7,7582.4,7567.2,7580.7,1430,30,0
2026-06-04 19:30:00,7580.9,7584.9,7576.2,7583.9,1268,30,0
2026-06-04 20:00:00,7583.9,7587.4,7581.7,7586.9,980,30,0
2026-06-04 20:30:00,7586.7,7592.9,7585.9,7592.4,915,30,0
2026-06-04 21:00:00,7592.7,7594.9,7591.2,7593.7,864,30,0
2026-06-04 21:30:00,7593.7,7595.0,7590.5,7591.5,662,30,0
2026-06-04 22:00:00,7591.8,7598.5,7591.3,7598.0,862,30,0
2026-06-04 22:30:00,7597.8,7598.5,7585.5,7587.0,1428,30,0
2026-06-04 23:00:00,7586.8,7588.9,7574.4,7575.9,1195,30,0
2026-06-04 23:30:00,7575.7,7578.2,7574.4,7576.4,685,50,0
2026-06-05 01:00:00,7575.5,7577.7,7565.6,7568.6,1595,50,0
2026-06-05 01:30:00,7568.9,7573.6,7567.6,7573.1,806,50,0
2026-06-05 02:00:00,7573.4,7574.0,7563.6,7566.6,913,50,0
2026-06-05 02:30:00,7566.9,7566.9,7560.6,7561.3,1150,50,0
2026-06-05 03:00:00,7561.6,7561.6,7549.6,7552.3,2878,50,0
2026-06-05 03:30:00,7552.6,7554.6,7544.7,7547.1,2545,50,0
2026-06-05 04:00:00,7546.9,7548.3,7534.8,7538.8,2604,50,0
2026-06-05 04:30:00,7538.6,7548.8,7538.6,7548.6,2308,50,0
2026-06-05 05:00:00,7548.8,7554.3,7546.3,7552.8,1658,50,0
2026-06-05 05:30:00,7552.6,7554.1,7547.8,7549.2,1821,50,0
2026-06-05 06:00:00,7549.3,7552.1,7545.1,7546.8,1536,50,0
2026-06-05 06:30:00,7546.7,7549.1,7541.6,7544.6,2082,50,0
2026-06-05 07:00:00,7544.7,7549.6,7543.3,7545.6,1851,50,0
2026-06-05 07:30:00,7545.7,7553.3,7544.2,7551.7,1702,50,0
2026-06-05 08:00:00,7551.8,7552.1,7546.6,7547.6,1713,50,0
2026-06-05 08:30:00,7547.6,7552.3,7544.8,7545.8,1777,50,0
2026-06-05 09:00:00,7545.8,7553.1,7541.6,7543.3,1955,50,0
2026-06-05 09:30:00,7543.6,7544.6,7539.1,7541.8,1698,50,0
2026-06-05 10:00:00,7541.6,7543.8,7535.1,7543.3,2212,50,0
2026-06-05 10:30:00,7543.2,7547.8,7542.6,7545.3,1717,50,0
2026-06-05 11:00:00,7545.2,7554.3,7542.6,7554.3,2146,50,0
2026-06-05 11:30:00,7554.6,7556.3,7547.3,7548.3,1627,50,0
2026-06-05 12:00:00,7548.3,7566.7,7547.7,7554.2,2279,50,0
2026-06-05 12:30:00,7554.3,7557.1,7551.8,7555.6,1345,50,0
2026-06-05 13:00:00,7555.7,7562.1,7555.2,7561.3,895,50,0
2026-06-05 13:30:00,7561.6,7561.8,7556.1,7556.3,880,50,0
2026-06-05 14:00:00,7556.1,7557.8,7548.1,7556.6,1150,50,0
2026-06-05 14:30:00,7556.3,7558.8,7550.8,7551.3,1038,50,0
2026-06-05 15:00:00,7551.1,7551.3,7545.6,7546.7,1555,50,0
2026-06-05 15:30:00,7546.6,7555.8,7534.3,7537.7,3726,50,0
2026-06-05 16:00:00,7537.6,7539.3,7531.6,7536.1,2699,50,0
2026-06-05 16:30:00,7535.8,7540.7,7498.9,7499.2,4580,30,0
2026-06-05 17:00:00,7499.4,7521.4,7493.9,7504.2,4442,30,0
2026-06-05 17:30:00,7504.4,7519.4,7503.2,7510.9,4101,30,0
2026-06-05 18:00:00,7511.4,7514.2,7487.9,7493.9,3414,30,0
2026-06-05 18:30:00,7493.7,7496.9,7474.4,7478.4,3235,30,0
2026-06-05 19:00:00,7478.2,7478.4,7458.4,7459.9,3473,30,0
2026-06-05 19:30:00,7459.8,7460.4,7437.4,7457.9,3900,0,0
2026-06-05 20:00:00,7457.9,7458.2,7440.4,7452.9,3943,30,0
2026-06-05 20:30:00,7452.9,7465.7,7447.9,7459.4,3465,30,0
2026-06-05 21:00:00,7459.7,7460.4,7417.7,7421.4,3801,30,0
2026-06-05 21:30:00,7421.4,7423.9,7397.2,7404.7,4273,30,0
2026-06-05 22:00:00,7404.4,7406.2,7367.9,7397.2,4835,0,0
2026-06-05 22:30:00,7396.9,7411.0,7382.9,7389.2,5130,30,0
2026-06-08 01:00:00,7357.8,7384.2,7347.5,7372.0,4440,50,0
2026-06-08 01:30:00,7372.2,7379.7,7343.7,7355.8,3234,50,0
2026-06-08 02:00:00,7356.0,7374.4,7356.0,7369.3,3198,50,0
2026-06-08 02:30:00,7369.2,7392.2,7368.7,7388.7,2988,50,0
2026-06-08 03:00:00,7387.9,7403.9,7383.9,7402.9,3682,50,0
2026-06-08 03:30:00,7403.2,7410.9,7394.7,7403.5,3655,50,0
2026-06-08 04:00:00,7403.4,7406.9,7380.3,7380.9,5261,50,0
2026-06-08 04:30:00,7381.2,7397.5,7372.4,7393.9,5406,50,0
2026-06-08 05:00:00,7394.0,7398.2,7388.7,7396.3,4394,50,0
2026-06-08 05:30:00,7396.4,7407.2,7389.8,7402.7,3568,50,0
2026-06-08 06:00:00,7402.8,7406.4,7398.9,7404.9,2955,50,0
2026-06-08 06:30:00,7404.8,7407.4,7403.0,7404.7,2565,50,0
2026-06-08 07:00:00,7404.9,7406.9,7396.0,7399.5,2877,50,0
2026-06-08 07:30:00,7399.7,7400.9,7388.7,7389.2,3250,50,0
2026-06-08 08:00:00,7389.2,7396.9,7383.7,7390.2,3933,50,0
2026-06-08 08:30:00,7390.3,7391.4,7374.4,7379.7,3988,50,0
2026-06-08 09:00:00,7379.9,7396.0,7377.9,7395.2,4070,50,0
2026-06-08 09:30:00,7395.0,7397.8,7382.4,7390.7,3427,50,0
2026-06-08 10:00:00,7390.7,7411.7,7388.5,7408.9,3956,50,0
2026-06-08 10:30:00,7408.9,7416.9,7404.4,7411.2,2769,50,0
2026-06-08 11:00:00,7410.9,7411.7,7401.0,7405.2,3225,50,0
2026-06-08 11:30:00,7405.4,7409.2,7397.7,7401.7,2880,50,0
2026-06-08 12:00:00,7401.9,7408.2,7395.2,7404.7,2133,50,0
2026-06-08 12:30:00,7404.8,7418.5,7400.2,7415.4,2670,50,0
2026-06-08 13:00:00,7415.5,7415.7,7404.2,7408.3,2126,50,0
2026-06-08 13:30:00,7408.2,7423.7,7407.2,7416.4,2476,50,0
2026-06-08 14:00:00,7416.4,7441.5,7410.7,7440.0,3560,50,0
2026-06-08 14:30:00,7440.2,7445.7,7433.2,7434.9,2643,50,0
2026-06-08 15:00:00,7434.7,7446.7,7434.2,7446.2,2753,50,0
2026-06-08 15:30:00,7446.0,7455.4,7445.4,7447.4,2215,50,0
2026-06-08 16:00:00,7447.3,7459.4,7444.9,7445.4,2349,50,0
2026-06-08 16:30:00,7445.5,7457.5,7419.5,7419.5,5703,30,0
2026-06-08 17:00:00,7419.5,7441.3,7417.4,7435.8,5479,30,0
2026-06-08 17:30:00,7436.0,7461.5,7430.5,7461.3,4404,30,0
2026-06-08 18:00:00,7461.3,7464.6,7441.9,7443.3,3349,30,0
2026-06-08 18:30:00,7443.3,7454.0,7429.0,7438.0,4264,30,0
2026-06-08 19:00:00,7438.3,7450.3,7431.5,7431.8,3908,30,0
2026-06-08 19:30:00,7432.0,7440.3,7425.5,7429.5,4044,30,0
2026-06-08 20:00:00,7429.8,7431.0,7411.3,7430.8,4206,30,0
2026-06-08 20:30:00,7430.5,7434.4,7414.3,7421.8,4416,30,0
2026-06-08 21:00:00,7421.8,7433.5,7421.0,7430.3,3687,30,0
2026-06-08 21:30:00,7430.0,7435.0,7418.3,7420.0,3162,30,0
2026-06-08 22:00:00,7420.3,7422.3,7392.0,7402.5,3819,30,0
2026-06-08 22:30:00,7402.5,7412.5,7398.6,7404.3,3984,30,0
2026-06-08 23:00:00,7404.0,7406.9,7395.4,7400.9,1663,30,0
2026-06-08 23:30:00,7400.7,7401.7,7397.4,7400.2,683,50,0
2026-06-09 01:00:00,7404.4,7405.6,7379.6,7384.9,2957,50,0
2026-06-09 01:30:00,7384.7,7401.7,7384.6,7400.7,1523,50,0
2026-06-09 02:00:00,7400.9,7405.6,7398.0,7401.2,1462,50,0
2026-06-09 02:30:00,7401.1,7408.0,7392.4,7399.5,2806,50,0
2026-06-09 03:00:00,7399.2,7400.7,7382.7,7388.4,5091,50,0
2026-06-09 03:30:00,7388.5,7390.1,7379.2,7384.2,4259,50,0
2026-06-09 04:00:00,7384.4,7406.9,7382.4,7402.7,4628,50,0
2026-06-09 04:30:00,7402.6,7416.9,7401.2,7408.7,4219,50,0
2026-06-09 05:00:00,7408.9,7413.6,7404.6,7409.1,3452,50,0
2026-06-09 05:30:00,7409.4,7414.1,7406.4,7412.4,3156,50,0
2026-06-09 06:00:00,7412.1,7417.9,7410.4,7414.2,2644,50,0
2026-06-09 06:30:00,7414.4,7422.0,7413.4,7419.4,2337,50,0
2026-06-09 07:00:00,7419.1,7424.4,7416.9,7422.5,1781,50,0
2026-06-09 07:30:00,7422.6,7426.2,7420.6,7422.9,1649,50,0
2026-06-09 08:00:00,7423.1,7426.1,7421.1,7421.4,2078,50,0
2026-06-09 08:30:00,7421.5,7429.7,7421.4,7425.6,2617,50,0
2026-06-09 09:00:00,7425.7,7430.9,7423.9,7425.4,2470,50,0
2026-06-09 09:30:00,7425.6,7426.7,7419.4,7422.4,1885,50,0
2026-06-09 10:00:00,7422.4,7435.6,7419.7,7422.4,3050,50,0
2026-06-09 10:30:00,7422.6,7427.9,7419.9,7421.5,2807,50,0
2026-06-09 11:00:00,7421.4,7434.6,7417.2,7432.0,3717,50,0
2026-06-09 11:30:00,7432.1,7437.9,7429.6,7431.1,2155,50,0
2026-06-09 12:00:00,7430.9,7439.6,7430.1,7438.4,1515,50,0
2026-06-09 12:30:00,7438.5,7440.1,7433.6,7437.6,1461,50,0
2026-06-09 13:00:00,7437.6,7440.6,7423.7,7438.1,2209,50,0
2026-06-09 13:30:00,7438.1,7444.4,7434.4,7440.2,1447,50,0
2026-06-09 14:00:00,7440.1,7443.5,7433.7,7435.6,1613,50,0
2026-06-09 14:30:00,7435.7,7439.6,7432.1,7432.4,1349,50,0
2026-06-09 15:00:00,7432.5,7436.9,7430.6,7432.6,1800,50,0
2026-06-09 15:30:00,7432.9,7445.4,7432.6,7444.9,1638,50,0
2026-06-09 16:00:00,7445.4,7448.4,7438.1,7447.6,1828,50,0
2026-06-09 16:30:00,7447.7,7480.0,7444.0,7454.5,4332,30,0
2026-06-09 17:00:00,7454.2,7464.0,7407.5,7425.0,5724,30,0
2026-06-09 17:30:00,7424.8,7430.5,7359.8,7391.0,6359,30,0
2026-06-09 18:00:00,7391.0,7397.5,7321.3,7323.5,5898,30,0
2026-06-09 18:30:00,7323.3,7340.1,7302.3,7303.3,6343,30,0
2026-06-09 19:00:00,7303.9,7318.1,7265.8,7286.6,6401,30,0
2026-06-09 19:30:00,7286.3,7298.6,7238.8,7278.6,7110,30,0
2026-06-09 20:00:00,7278.4,7325.6,7276.7,7320.3,6593,30,0
2026-06-09 20:30:00,7320.1,7352.2,7314.8,7338.4,5811,30,0
2026-06-09 21:00:00,7338.8,7364.7,7333.8,7364.1,5778,30,0
2026-06-09 21:30:00,7364.2,7384.6,7356.3,7380.6,5076,30,0
2026-06-09 22:00:00,7380.6,7389.8,7344.8,7359.1,5632,30,0
2026-06-09 22:30:00,7358.8,7386.3,7338.8,7382.8,6042,30,0
2026-06-09 23:00:00,7383.1,7390.0,7373.5,7381.0,3743,30,0
2026-06-09 23:30:00,7380.7,7384.7,7376.7,7380.5,1770,50,0
2026-06-10 01:00:00,7374.5,7378.7,7366.9,7370.5,2836,50,0
2026-06-10 01:30:00,7370.7,7370.9,7356.0,7362.5,2685,50,0
2026-06-10 02:00:00,7362.6,7371.6,7359.1,7359.5,2241,50,0
2026-06-10 02:30:00,7359.6,7371.9,7357.4,7371.0,2807,50,0
2026-06-10 03:00:00,7370.9,7385.4,7369.5,7375.2,5134,50,0
2026-06-10 03:30:00,7375.4,7376.9,7356.5,7373.7,4951,50,0
2026-06-10 04:00:00,7374.2,7382.1,7370.9,7375.5,4632,50,0
2026-06-10 04:30:00,7375.6,7381.1,7368.6,7372.1,4849,50,0
2026-06-10 05:00:00,7372.4,7373.6,7363.9,7370.7,4122,50,0
2026-06-10 05:30:00,7370.9,7373.5,7361.7,7363.1,3667,50,0
2026-06-10 06:00:00,7363.4,7373.6,7362.4,7368.4,3391,50,0
2026-06-10 06:30:00,7368.2,7370.1,7361.9,7364.5,3169,50,0
2026-06-10 07:00:00,7364.9,7366.0,7355.9,7357.6,2921,50,0
2026-06-10 07:30:00,7357.6,7357.9,7348.4,7350.1,3214,50,0
2026-06-10 08:00:00,7350.2,7359.5,7346.1,7359.4,3704,50,0
2026-06-10 08:30:00,7359.2,7362.7,7351.1,7360.4,4182,50,0
2026-06-10 09:00:00,7360.5,7367.6,7359.2,7362.9,3071,50,0
2026-06-10 09:30:00,7362.7,7367.9,7359.0,7360.6,2217,50,0
2026-06-10 10:00:00,7360.6,7365.7,7354.6,7356.7,3503,50,0
2026-06-10 10:30:00,7356.9,7363.1,7354.4,7359.6,3221,50,0
2026-06-10 11:00:00,7359.9,7359.9,7343.2,7345.6,4223,50,0
2026-06-10 11:30:00,7345.6,7349.1,7325.1,7328.5,4078,50,0
2026-06-10 12:00:00,7328.4,7332.0,7311.4,7328.7,4348,50,0
2026-06-10 12:30:00,7328.9,7334.7,7321.2,7329.9,3693,50,0
2026-06-10 13:00:00,7330.1,7330.4,7316.7,7328.4,3556,50,0
2026-06-10 13:30:00,7328.2,7338.9,7325.9,7336.2,3467,50,0
2026-06-10 14:00:00,7337.5,7338.6,7297.7,7309.1,5772,50,0
2026-06-10 14:30:00,7309.0,7318.9,7298.9,7314.4,4695,50,0
2026-06-10 15:00:00,7314.5,7330.9,7311.9,7329.7,4443,50,0
2026-06-10 15:30:00,7330.1,7358.7,7328.0,7342.6,5986,50,0
2026-06-10 16:00:00,7342.4,7348.1,7338.9,7347.4,3970,50,0
2026-06-10 16:30:00,7347.3,7382.5,7327.7,7370.5,6481,30,0
2026-06-10 17:00:00,7370.3,7397.1,7363.4,7385.3,6068,30,0
2026-06-10 17:30:00,7385.2,7392.3,7335.6,7341.3,6114,30,0
2026-06-10 18:00:00,7341.6,7357.2,7308.1,7327.1,6321,30,0
2026-06-10 18:30:00,7327.6,7340.8,7297.7,7332.4,6516,30,0
2026-06-10 19:00:00,7332.6,7338.3,7312.1,7319.6,6054,30,0
2026-06-10 19:30:00,7319.7,7336.3,7307.1,7316.6,5717,30,0
2026-06-10 20:00:00,7316.8,7326.8,7299.6,7309.2,5646,30,0
2026-06-10 20:30:00,7309.3,7321.1,7291.6,7319.6,5548,30,0
2026-06-10 21:00:00,7319.6,7330.6,7306.1,7308.8,5521,30,0
2026-06-10 21:30:00,7308.6,7308.8,7283.1,7287.8,5056,30,0
2026-06-10 22:00:00,7287.6,7294.6,7268.6,7273.6,5028,30,0
2026-06-10 22:30:00,7273.3,7292.8,7267.8,7268.3,5450,30,0
2026-06-10 23:00:00,7268.6,7271.0,7254.0,7262.5,3641,30,0
2026-06-10 23:30:00,7262.2,7262.2,7248.5,7258.5,1961,50,0
2026-06-11 01:00:00,7257.2,7257.2,7240.7,7252.4,3262,50,0
2026-06-11 01:30:00,7252.1,7260.2,7236.7,7237.5,2981,50,0
2026-06-11 02:00:00,7237.6,7252.1,7226.1,7250.9,3767,50,0
2026-06-11 02:30:00,7251.0,7256.9,7240.9,7243.0,3135,50,0
2026-06-11 03:00:00,7243.6,7276.5,7239.6,7260.9,5783,50,0
2026-06-11 03:30:00,7261.0,7273.5,7252.5,7270.7,5264,50,0
2026-06-11 04:00:00,7270.7,7299.7,7270.7,7298.0,4924,50,0
2026-06-11 04:30:00,7298.0,7299.0,7279.2,7281.2,4094,50,0
2026-06-11 05:00:00,7281.5,7290.7,7270.2,7271.9,4501,50,0
2026-06-11 05:30:00,7272.0,7284.7,7267.5,7282.7,4613,50,0
2026-06-11 06:00:00,7282.7,7288.0,7274.7,7281.5,4127,50,0
2026-06-11 06:30:00,7281.2,7299.4,7280.7,7298.5,3787,50,0
2026-06-11 07:00:00,7298.4,7302.5,7294.2,7300.0,3262,50,0
2026-06-11 07:30:00,7299.9,7311.2,7298.9,7306.5,2808,50,0
2026-06-11 08:00:00,7306.4,7307.4,7296.5,7299.4,3284,50,0
2026-06-11 08:30:00,7299.5,7304.0,7296.2,7302.2,3413,50,0
2026-06-11 09:00:00,7302.1,7303.7,7288.5,7299.4,3637,50,0
2026-06-11 09:30:00,7299.5,7309.7,7297.4,7309.2,2406,50,0
2026-06-11 10:00:00,7309.1,7323.5,7306.2,7320.5,2829,50,0
2026-06-11 10:30:00,7320.6,7324.7,7318.0,7320.7,2309,50,0
2026-06-11 11:00:00,7320.5,7330.7,7320.5,7326.0,2762,50,0
2026-06-11 11:30:00,7326.0,7331.2,7324.7,7330.0,1996,50,0
2026-06-11 12:00:00,7330.2,7331.2,7325.2,7327.0,1794,50,0
2026-06-11 12:30:00,7327.0,7332.2,7325.7,7327.4,1490,50,0
2026-06-11 13:00:00,7327.2,7331.2,7322.5,7322.5,1734,50,0
2026-06-11 13:30:00,7322.7,7328.0,7322.2,7322.5,1427,50,0
2026-06-11 14:00:00,7322.5,7322.7,7311.2,7316.4,2380,50,0
2026-06-11 14:30:00,7316.2,7327.5,7315.6,7325.7,2380,50,0
2026-06-11 15:00:00,7325.5,7327.7,7290.0,7300.1,3475,50,0
2026-06-11 15:30:00,7300.0,7313.1,7282.1,7310.0,5527,50,0
2026-06-11 16:00:00,7309.7,7310.0,7299.0,7301.1,3218,50,0
2026-06-11 16:30:00,7301.2,7328.2,7276.2,7310.0,6216,30,0
2026-06-11 17:00:00,7310.2,7328.5,7282.0,7300.4,6220,30,0
2026-06-11 17:30:00,7300.7,7313.0,7263.5,7268.5,6205,30,0
2026-06-11 18:00:00,7268.2,7299.5,7256.2,7284.2,6394,30,0
2026-06-11 18:30:00,7284.0,7306.5,7279.5,7292.7,6132,30,0
2026-06-11 19:00:00,7293.0,7315.0,7287.9,7290.7,5480,30,0
2026-06-11 19:30:00,7290.9,7311.2,7277.2,7277.5,5376,30,0
2026-06-11 20:00:00,7277.7,7338.9,7265.0,7338.6,5529,30,0
2026-06-11 20:30:00,7338.4,7379.2,7335.4,7362.0,6835,30,0
2026-06-11 21:00:00,7361.7,7370.5,7338.5,7357.5,6120,30,0
2026-06-11 21:30:00,7357.5,7376.0,7353.4,7370.5,4798,30,0
2026-06-11 22:00:00,7370.5,7394.7,7366.2,7391.7,4571,30,0
2026-06-11 22:30:00,7392.0,7412.6,7385.5,7389.0,5220,30,0
2026-06-11 23:00:00,7387.0,7402.1,7383.4,7394.4,2891,30,0
2026-06-11 23:30:00,7394.4,7396.6,7384.9,7391.1,1190,50,0
2026-06-12 01:00:00,7392.8,7410.2,7392.5,7404.7,2001,50,0
2026-06-12 01:30:00,7404.7,7409.2,7401.9,7405.4,1356,50,0
2026-06-12 02:00:00,7405.4,7406.3,7396.5,7400.2,1601,50,0
2026-06-12 02:30:00,7400.0,7410.4,7400.0,7408.7,2149,50,0
2026-06-12 03:00:00,7408.8,7411.7,7400.4,7410.7,3854,50,0
2026-06-12 03:30:00,7410.8,7415.2,7402.5,7406.4,2901,50,0
2026-06-12 04:00:00,7406.5,7406.5,7390.7,7392.7,3631,50,0
2026-06-12 04:30:00,7392.3,7405.0,7390.7,7403.9,3207,50,0
2026-06-12 05:00:00,7404.2,7408.7,7399.2,7399.5,2636,50,0
2026-06-12 05:30:00,7399.7,7407.5,7398.7,7405.4,2312,50,0
2026-06-12 06:00:00,7405.8,7405.8,7393.4,7397.8,2077,50,0
2026-06-12 06:30:00,7397.9,7403.4,7396.0,7400.7,2711,50,0
2026-06-12 07:00:00,7400.8,7402.7,7394.2,7402.2,1877,50,0
2026-06-12 07:30:00,7401.9,7405.2,7400.7,7404.5,1619,50,0
2026-06-12 08:00:00,7404.4,7406.4,7397.8,7404.4,2268,50,0
2026-06-12 08:30:00,7403.9,7403.9,7381.2,7386.9,3976,50,0
2026-06-12 09:00:00,7387.0,7397.5,7385.4,7390.2,3091,50,0
2026-06-12 09:30:00,7390.4,7390.4,7378.2,7381.9,2127,50,0
2026-06-12 10:00:00,7381.9,7383.4,7368.7,7374.0,2910,50,0
2026-06-12 10:30:00,7373.7,7402.3,7372.3,7394.7,2646,50,0
2026-06-12 11:00:00,7395.2,7422.4,7393.4,7415.7,4127,50,0
2026-06-12 11:30:00,7415.9,7417.9,7402.5,7409.4,2818,50,0
2026-06-12 12:00:00,7409.7,7431.7,7409.7,7430.5,2747,50,0
2026-06-12 12:30:00,7430.7,7445.3,7429.2,7433.7,2623,50,0
2026-06-12 13:00:00,7433.5,7438.9,7413.8,7416.0,2946,50,0
2026-06-12 13:30:00,7415.9,7423.9,7414.8,7418.9,2176,50,0
2026-06-12 14:00:00,7419.0,7434.2,7416.7,7432.4,2368,50,0
2026-06-12 14:30:00,7432.4,7441.9,7426.9,7437.4,2557,50,0
2026-06-12 15:00:00,7437.4,7438.9,7419.4,7419.7,3228,50,0
2026-06-12 15:30:00,7419.5,7421.4,7396.4,7398.4,3638,50,0
2026-06-12 16:00:00,7398.7,7417.9,7391.3,7417.9,3158,50,0
2026-06-12 16:30:00,7418.0,7418.9,7361.0,7377.4,6599,30,0
2026-06-12 17:00:00,7379.6,7422.0,7376.6,7407.0,5421,30,0
2026-06-12 17:30:00,7407.0,7437.5,7382.8,7435.0,6203,30,0
2026-06-12 18:00:00,7436.0,7455.8,7427.8,7453.3,4993,30,0
2026-06-12 18:30:00,7453.3,7453.5,7395.8,7400.0,5598,30,0
2026-06-12 19:00:00,7400.0,7433.6,7393.0,7417.5,5986,30,0
2026-06-12 19:30:00,7417.8,7427.5,7414.0,7426.6,4643,30,0
2026-06-12 20:00:00,7426.5,7440.9,7423.5,7432.5,4160,30,0
2026-06-12 20:30:00,7432.8,7434.0,7420.5,7424.5,3701,30,0
2026-06-12 21:00:00,7424.8,7431.5,7416.3,7424.5,3655,30,0
2026-06-12 21:30:00,7424.5,7435.5,7421.8,7422.5,2964,30,0
2026-06-12 22:00:00,7422.3,7434.0,7421.8,7426.5,2848,30,0
2026-06-12 22:30:00,7426.4,7431.5,7413.0,7429.0,3708,30,0
2026-06-15 01:00:00,7491.9,7500.4,7481.7,7491.4,3644,50,0
2026-06-15 01:30:00,7491.5,7494.9,7486.7,7490.6,2476,50,0
2026-06-15 02:00:00,7490.9,7494.5,7480.6,7487.5,2182,50,0
2026-06-15 02:30:00,7487.6,7494.0,7486.2,7492.6,2465,50,0
2026-06-15 03:00:00,7492.2,7508.4,7490.1,7504.4,3773,50,0
2026-06-15 03:30:00,7504.6,7505.6,7500.1,7503.4,2603,50,0
2026-06-15 04:00:00,7503.1,7508.4,7501.5,7506.9,3203,50,0
2026-06-15 04:30:00,7507.0,7510.6,7505.1,7508.1,1955,50,0
2026-06-15 05:00:00,7507.9,7514.4,7507.6,7513.5,1421,50,0
2026-06-15 05:30:00,7513.4,7516.1,7512.1,7515.1,1061,50,0
2026-06-15 06:00:00,7515.1,7518.4,7512.6,7516.9,992,50,0
2026-06-15 06:30:00,7516.7,7519.4,7513.9,7515.6,1440,50,0
2026-06-15 07:00:00,7515.5,7519.4,7513.1,7519.1,1173,50,0
2026-06-15 07:30:00,7519.0,7523.4,7517.9,7522.6,1009,50,0
2026-06-15 08:00:00,7522.4,7525.9,7521.9,7524.6,1123,50,0
2026-06-15 08:30:00,7524.7,7527.1,7521.9,7527.1,1373,50,0
2026-06-15 09:00:00,7527.4,7529.0,7521.9,7524.9,1784,50,0
2026-06-15 09:30:00,7524.6,7525.9,7519.1,7521.9,1650,50,0
2026-06-15 10:00:00,7522.1,7527.9,7517.5,7524.5,2472,50,0
2026-06-15 10:30:00,7524.6,7526.1,7518.4,7518.4,2069,50,0
2026-06-15 11:00:00,7518.4,7525.9,7517.9,7525.4,2593,50,0
2026-06-15 11:30:00,7525.6,7528.1,7521.7,7523.6,2013,50,0
2026-06-15 12:00:00,7523.9,7527.4,7522.7,7523.2,913,50,0
2026-06-15 12:30:00,7517.9,7520.4,7514.4,7518.9,1488,50,0
2026-06-15 13:00:00,7518.9,7523.4,7518.4,7522.9,1456,50,0
2026-06-15 13:30:00,7522.9,7524.4,7519.1,7523.9,1507,50,0
2026-06-15 14:00:00,7523.6,7532.9,7523.1,7531.4,1644,50,0
2026-06-15 14:30:00,7531.4,7533.6,7523.6,7527.7,2305,50,0
2026-06-15 15:00:00,7527.9,7531.0,7520.0,7521.1,2740,50,0
2026-06-15 15:30:00,7521.0,7527.1,7519.4,7526.4,2478,50,0
2026-06-15 16:00:00,7526.6,7532.6,7523.9,7530.9,1798,50,0
2026-06-15 16:30:00,7530.7,7553.8,7530.5,7546.0,3806,30,0
2026-06-15 17:00:00,7546.0,7552.7,7538.2,7549.2,4462,30,0
2026-06-15 17:30:00,7549.5,7557.0,7542.7,7555.5,3872,30,0
2026-06-15 18:00:00,7555.2,7565.7,7555.2,7564.7,2447,30,0
2026-06-15 18:30:00,7565.0,7576.1,7561.6,7574.4,2303,30,0
2026-06-15 19:00:00,7574.6,7579.8,7572.1,7576.4,1933,30,0
2026-06-15 19:30:00,7576.5,7577.9,7566.7,7569.7,1802,30,0
2026-06-15 20:00:00,7569.8,7574.7,7563.3,7572.4,2649,30,0
2026-06-15 20:30:00,7572.7,7574.4,7561.9,7563.2,1873,30,0
2026-06-15 21:00:00,7563.4,7565.3,7557.9,7558.7,2686,30,0
2026-06-15 21:30:00,7558.8,7565.9,7555.7,7561.4,2093,30,0
2026-06-15 22:00:00,7561.7,7563.9,7554.9,7554.9,2087,30,0
2026-06-15 22:30:00,7554.7,7560.7,7545.9,7559.9,2822,30,0
2026-06-15 23:00:00,7559.2,7560.3,7553.6,7554.8,1264,30,0
2026-06-15 23:30:00,7555.1,7558.1,7553.3,7553.6,655,50,0
2026-06-16 01:00:00,7560.0,7560.3,7542.6,7547.1,1569,50,0
2026-06-16 01:30:00,7546.9,7549.6,7545.4,7547.6,905,50,0
2026-06-16 02:00:00,7547.5,7551.9,7544.6,7551.3,765,50,0
2026-06-16 02:30:00,7551.0,7551.8,7546.8,7550.6,925,50,0
2026-06-16 03:00:00,7550.4,7553.3,7545.8,7552.0,2560,50,0
2026-06-16 03:30:00,7551.9,7555.3,7543.0,7545.5,2639,50,0
2026-06-16 04:00:00,7545.6,7549.0,7543.5,7546.8,3061,50,0
2026-06-16 04:30:00,7546.9,7548.9,7544.3,7546.3,2102,50,0
2026-06-16 05:00:00,7546.3,7548.5,7544.0,7546.8,1549,50,0
2026-06-16 05:30:00,7546.8,7551.0,7546.0,7547.8,1242,50,0
2026-06-16 06:00:00,7548.0,7553.6,7547.0,7551.8,1243,50,0
2026-06-16 06:30:00,7551.8,7557.5,7551.0,7553.1,1646,50,0
2026-06-16 07:00:00,7553.0,7553.8,7549.3,7550.5,1437,50,0
2026-06-16 07:30:00,7550.5,7552.0,7545.5,7548.5,1278,50,0
2026-06-16 08:00:00,7548.6,7555.5,7548.6,7551.8,1360,50,0
2026-06-16 08:30:00,7552.0,7552.8,7546.3,7548.3,1946,50,0
2026-06-16 09:00:00,7548.1,7554.0,7547.0,7553.3,1600,50,0
2026-06-16 09:30:00,7553.3,7554.0,7550.0,7552.5,1313,50,0
2026-06-16 10:00:00,7552.4,7557.5,7552.1,7556.5,1853,50,0
2026-06-16 10:30:00,7556.6,7558.0,7550.4,7554.5,1633,50,0
2026-06-16 11:00:00,7554.8,7560.5,7552.8,7556.5,1613,50,0
2026-06-16 11:30:00,7556.4,7558.8,7550.8,7556.5,1687,50,0
2026-06-16 12:00:00,7556.8,7558.9,7552.3,7552.9,1467,50,0
2026-06-16 12:30:00,7553.0,7555.3,7549.0,7550.5,1285,50,0
2026-06-16 13:00:00,7550.6,7557.4,7550.6,7556.3,943,50,0
2026-06-16 13:30:00,7556.3,7561.0,7554.8,7560.8,933,50,0
2026-06-16 14:00:00,7560.9,7564.3,7558.8,7562.1,1264,50,0
2026-06-16 14:30:00,7562.1,7564.3,7559.0,7561.5,1118,50,0
2026-06-16 15:00:00,7561.4,7564.8,7552.0,7555.5,1963,50,0
2026-06-16 15:30:00,7555.5,7558.8,7552.6,7555.3,2236,50,0
2026-06-16 16:00:00,7555.5,7560.8,7551.0,7557.8,1503,50,0
2026-06-16 16:30:00,7558.0,7566.6,7552.1,7552.9,3601,30,0
2026-06-16 17:00:00,7553.1,7564.1,7542.6,7542.6,3875,30,0
2026-06-16 17:30:00,7542.6,7551.6,7534.4,7541.4,4357,30,0
2026-06-16 18:00:00,7541.6,7549.4,7534.0,7537.6,3628,30,0
2026-06-16 18:30:00,7537.9,7545.9,7528.4,7539.1,3809,30,0
2026-06-16 19:00:00,7539.4,7551.6,7538.9,7545.6,3072,30,0
2026-06-16 19:30:00,7545.4,7546.4,7533.6,7537.8,3105,30,0
2026-06-16 20:00:00,7537.9,7538.7,7529.8,7533.1,2567,30,0
2026-06-16 20:30:00,7533.1,7538.5,7526.0,7532.8,2318,30,0
2026-06-16 21:00:00,7533.0,7534.8,7528.8,7531.5,1942,30,0
2026-06-16 21:30:00,7531.5,7532.8,7526.8,7528.3,1743,30,0
2026-06-16 22:00:00,7528.0,7529.0,7511.0,7522.4,2779,30,0
2026-06-16 22:30:00,7522.3,7523.5,7509.3,7514.3,3485,30,0
2026-06-16 23:00:00,7514.0,7514.7,7504.2,7508.9,1405,30,0
2026-06-16 23:30:00,7508.9,7511.7,7507.4,7509.2,546,50,0
2026-06-17 01:00:00,7515.5,7522.2,7513.1,7520.5,713,50,0
2026-06-17 01:30:00,7520.6,7524.5,7517.8,7523.6,589,50,0
2026-06-17 02:00:00,7523.2,7523.7,7517.6,7519.1,676,50,0
2026-06-17 02:30:00,7519.0,7521.5,7516.1,7518.8,1309,50,0
2026-06-17 03:00:00,7519.1,7526.1,7519.1,7524.2,2879,50,0
2026-06-17 03:30:00,7524.3,7527.3,7522.3,7524.0,1738,50,0
2026-06-17 04:00:00,7524.1,7531.1,7522.3,7530.1,1419,50,0
2026-06-17 04:30:00,7530.2,7532.5,7529.1,7532.3,938,50,0
2026-06-17 05:00:00,7532.2,7532.6,7530.1,7530.8,681,50,0
2026-06-17 05:30:00,7530.7,7531.1,7528.1,7529.6,654,50,0
2026-06-17 06:00:00,7529.7,7532.0,7525.8,7527.8,921,50,0
2026-06-17 06:30:00,7528.0,7533.1,7527.1,7532.8,1049,50,0
2026-06-17 07:00:00,7532.7,7533.5,7531.6,7532.3,740,50,0
2026-06-17 07:30:00,7532.3,7533.1,7528.1,7533.1,1010,50,0
2026-06-17 08:00:00,7533.1,7534.3,7531.1,7531.3,618,50,0
2026-06-17 08:30:00,7531.5,7534.8,7530.1,7530.8,797,50,0
2026-06-17 09:00:00,7530.8,7534.3,7529.1,7529.8,1032,50,0
2026-06-17 09:30:00,7529.5,7536.1,7528.3,7535.8,888,50,0
2026-06-17 10:00:00,7535.8,7539.5,7530.5,7531.8,1111,50,0
2026-06-17 10:30:00,7531.7,7535.2,7530.1,7532.7,1240,50,0
2026-06-17 11:00:00,7532.6,7535.1,7524.8,7526.6,1957,50,0
2026-06-17 11:30:00,7526.6,7527.3,7518.6,7526.8,1673,50,0
2026-06-17 12:00:00,7527.1,7528.6,7523.3,7528.1,1363,50,0
2026-06-17 12:30:00,7528.0,7529.6,7517.3,7519.1,1621,50,0
2026-06-17 13:00:00,7519.3,7521.1,7512.6,7518.6,1553,50,0
2026-06-17 13:30:00,7518.8,7525.3,7517.3,7518.1,1308,50,0
2026-06-17 14:00:00,7518.1,7524.6,7516.6,7521.3,1386,50,0
2026-06-17 14:30:00,7521.3,7521.6,7509.8,7513.6,1690,50,0
2026-06-17 15:00:00,7513.6,7520.5,7513.1,7517.2,1450,50,0
2026-06-17 15:30:00,7517.1,7523.3,7517.1,7522.1,1625,50,0
2026-06-17 16:00:00,7522.3,7525.8,7518.1,7522.8,1383,50,0
2026-06-17 16:30:00,7522.9,7527.2,7508.2,7508.4,4299,30,0
2026-06-17 17:00:00,7508.3,7532.8,7506.9,7528.0,4116,30,0
2026-06-17 17:30:00,7527.8,7528.5,7490.0,7501.1,4791,30,0
2026-06-17 18:00:00,7501.0,7513.3,7496.8,7511.0,3991,30,0
2026-06-17 18:30:00,7510.8,7519.8,7508.8,7517.5,2576,30,0
2026-06-17 19:00:00,7517.5,7521.8,7514.3,7518.8,1936,30,0
2026-06-17 19:30:00,7519.0,7519.8,7510.5,7511.3,1869,30,0
2026-06-17 20:00:00,7511.3,7511.3,7497.5,7506.8,2295,30,0
2026-06-17 20:30:00,7507.0,7517.6,7501.0,7517.6,1961,30,0
2026-06-17 21:00:00,7517.6,7517.6,7443.5,7471.4,6253,30,0
2026-06-17 21:30:00,7471.8,7512.3,7460.4,7469.3,6726,30,0
2026-06-17 22:00:00,7469.5,7480.5,7426.3,7429.4,6766,30,0
2026-06-17 22:30:00,7428.9,7432.3,7401.3,7420.0,6400,30,0
2026-06-17 23:00:00,7421.0,7438.2,7418.9,7436.7,3160,30,0
2026-06-17 23:30:00,7436.9,7443.2,7434.4,7438.9,1669,50,0
2026-06-18 01:00:00,7441.4,7456.3,7433.8,7452.8,2263,50,0
2026-06-18 01:30:00,7452.5,7457.2,7451.8,7455.0,907,50,0
2026-06-18 02:00:00,7455.0,7468.3,7453.9,7467.3,782,50,0
2026-06-18 02:30:00,7467.4,7470.5,7463.5,7470.5,1256,50,0
2026-06-18 03:00:00,7471.0,7489.8,7469.3,7482.2,3614,50,0
2026-06-18 03:30:00,7482.0,7487.8,7477.5,7480.0,3049,50,0
2026-06-18 04:00:00,7480.3,7490.5,7479.4,7486.4,3012,50,0
2026-06-18 04:30:00,7486.5,7488.5,7479.7,7482.3,2224,50,0
2026-06-18 05:00:00,7482.5,7489.0,7481.5,7484.9,1882,50,0
2026-06-18 05:30:00,7484.8,7488.0,7482.8,7486.2,1376,50,0
2026-06-18 06:00:00,7486.0,7487.7,7481.5,7486.0,1231,50,0
2026-06-18 06:30:00,7486.2,7488.0,7479.8,7485.0,1637,50,0
2026-06-18 07:00:00,7484.9,7486.0,7474.3,7476.2,1907,50,0
2026-06-18 07:30:00,7476.0,7476.0,7468.8,7474.4,2072,50,0
2026-06-18 08:00:00,7474.4,7478.8,7472.3,7477.5,1955,50,0
2026-06-18 08:30:00,7477.7,7480.0,7473.5,7475.8,1880,50,0
2026-06-18 09:00:00,7475.8,7480.0,7470.3,7479.8,2720,50,0
2026-06-18 09:30:00,7479.4,7486.5,7473.3,7486.0,1675,50,0
2026-06-18 10:00:00,7486.3,7488.5,7479.8,7488.0,1898,50,0
2026-06-18 10:30:00,7487.8,7488.8,7482.8,7488.8,1814,50,0
2026-06-18 11:00:00,7489.3,7497.4,7485.2,7485.8,2116,50,0
2026-06-18 11:30:00,7485.8,7489.5,7476.5,7477.3,2038,50,0
2026-06-18 12:00:00,7477.4,7485.8,7475.4,7483.5,1915,50,0
2026-06-18 12:30:00,7483.3,7493.3,7482.0,7492.8,1335,50,0
2026-06-18 13:00:00,7492.8,7493.8,7488.3,7490.0,1316,50,0
2026-06-18 13:30:00,7490.3,7492.3,7481.0,7482.8,1528,50,0
2026-06-18 14:00:00,7483.0,7484.3,7465.0,7470.8,2875,50,0
2026-06-18 14:30:00,7470.5,7473.0,7460.8,7472.5,2321,50,0
2026-06-18 15:00:00,7472.5,7484.8,7470.0,7484.2,2401,50,0
2026-06-18 15:30:00,7483.9,7494.3,7482.8,7490.0,2249,50,0
2026-06-18 16:00:00,7489.8,7509.0,7479.8,7507.2,2473,50,0
2026-06-18 16:30:00,7506.5,7511.1,7465.4,7473.6,5384,30,0
2026-06-18 17:00:00,7473.9,7495.5,7468.9,7480.1,5053,30,0
2026-06-18 17:30:00,7480.1,7500.1,7470.9,7495.9,4536,30,0
2026-06-18 18:00:00,7496.1,7498.1,7479.0,7481.1,4403,30,0
2026-06-18 18:30:00,7481.4,7492.6,7470.6,7490.0,4322,30,0
2026-06-18 19:00:00,7489.9,7496.4,7484.9,7493.6,3279,30,0
2026-06-18 19:30:00,7493.6,7499.9,7489.0,7493.6,2558,20,0
2026-06-18 20:00:00,7493.5,7509.8,7491.1,7504.1,2217,30,0
2026-06-18 20:30:00,7504.3,7508.1,7498.1,7498.3,1760,30,0
2026-06-18 21:00:00,7498.6,7499.1,7492.1,7493.8,2035,30,0
2026-06-18 21:30:00,7493.8,7498.3,7490.6,7492.6,1864,30,0
2026-06-18 22:00:00,7492.8,7493.6,7480.5,7489.1,2450,30,0
2026-06-18 22:30:00,7489.1,7511.8,7484.8,7496.1,3143,30,0
2026-06-18 23:00:00,7494.7,7514.0,7493.2,7508.7,1349,50,0
2026-06-18 23:30:00,7508.5,7510.5,7501.7,7505.7,487,50,0
2026-06-19 01:00:00,7509.8,7512.0,7495.9,7497.1,1284,50,0
2026-06-19 01:30:00,7497.3,7497.3,7490.5,7492.0,843,50,0
2026-06-19 02:00:00,7492.0,7496.8,7491.3,7495.1,895,50,0
2026-06-19 02:30:00,7495.3,7499.0,7493.8,7496.5,1179,50,0
2026-06-19 03:00:00,7496.3,7496.8,7487.1,7490.5,3270,50,0
2026-06-19 03:30:00,7490.8,7492.3,7487.5,7489.0,1836,50,0
2026-06-19 04:00:00,7489.3,7491.5,7482.0,7485.8,1561,50,0
2026-06-19 04:30:00,7485.5,7485.5,7478.3,7478.5,1479,50,0
2026-06-19 05:00:00,7478.3,7479.3,7472.8,7476.8,1274,50,0
2026-06-19 05:30:00,7476.9,7480.0,7475.3,7477.1,924,50,0
2026-06-19 06:00:00,7477.3,7479.3,7468.8,7469.5,1367,50,0
2026-06-19 06:30:00,7469.6,7472.0,7467.0,7469.5,2451,50,0
2026-06-19 07:00:00,7469.8,7470.5,7463.0,7466.9,2542,50,0
2026-06-19 07:30:00,7467.0,7467.3,7452.4,7456.3,2440,50,0
2026-06-19 08:00:00,7456.5,7458.5,7451.6,7456.1,2324,50,0
2026-06-19 08:30:00,7456.3,7462.5,7451.6,7462.3,2090,50,0
2026-06-19 09:00:00,7462.4,7468.6,7461.0,7467.3,1851,50,0
2026-06-19 09:30:00,7467.4,7473.6,7464.9,7472.3,1244,50,0
2026-06-19 10:00:00,7472.3,7480.4,7472.0,7480.4,1202,50,0
2026-06-19 10:30:00,7480.3,7485.9,7479.4,7485.0,1467,50,0
2026-06-19 11:00:00,7485.0,7489.1,7481.5,7487.6,1506,50,0
2026-06-19 11:30:00,7487.5,7491.5,7484.0,7489.8,1174,50,0
2026-06-19 12:00:00,7489.9,7492.9,7484.5,7485.0,1528,50,0
2026-06-19 12:30:00,7485.3,7491.3,7485.0,7486.1,1542,50,0
2026-06-19 13:00:00,7486.1,7486.6,7475.8,7476.1,1323,50,0
2026-06-19 13:30:00,7476.1,7478.0,7468.8,7474.8,1990,50,0
2026-06-19 14:00:00,7474.6,7474.6,7468.0,7469.5,1778,50,0
2026-06-19 14:30:00,7469.4,7477.0,7469.3,7475.0,1250,50,0
2026-06-19 15:00:00,7475.3,7475.5,7471.0,7471.4,1190,50,0
2026-06-19 15:30:00,7471.4,7493.0,7465.6,7489.5,2761,50,0
2026-06-19 16:00:00,7489.6,7492.9,7485.5,7489.8,1847,50,0
2026-06-19 16:30:00,7489.7,7494.1,7487.1,7490.4,1649,30,0
2026-06-19 17:00:00,7490.1,7492.1,7485.0,7490.9,1121,30,0
2026-06-19 17:30:00,7490.6,7497.1,7488.4,7496.1,604,30,0
2026-06-19 18:00:00,7495.9,7499.4,7494.4,7497.1,542,30,0
2026-06-19 18:30:00,7496.9,7497.6,7489.4,7494.9,712,30,0
2026-06-19 19:00:00,7494.6,7495.9,7490.6,7495.9,490,30,0
2026-06-19 19:30:00,7496.1,7498.0,7485.7,7486.5,738,30,0
