time,open,high,low,close,tick_volume,spread,real_volume
2026-04-08 22:00:00,0.7923,0.79264,0.79207,0.79207,1003,0,0
2026-04-08 22:15:00,0.79208,0.79238,0.79204,0.79218,750,2,0
2026-04-08 22:30:00,0.79218,0.7922,0.79139,0.79165,894,1,0
2026-04-08 22:45:00,0.79165,0.79166,0.79101,0.79113,683,2,0
2026-04-08 23:00:00,0.79108,0.7915,0.79099,0.79125,386,10,0
2026-04-08 23:15:00,0.79125,0.79145,0.79121,0.79136,238,11,0
2026-04-08 23:30:00,0.79137,0.79139,0.79117,0.79125,204,12,0
2026-04-08 23:45:00,0.79125,0.79137,0.79115,0.7912,557,12,0
2026-04-09 00:00:00,0.79018,0.79135,0.78995,0.79038,223,26,0
2026-04-09 00:15:00,0.79038,0.79103,0.79035,0.79102,405,52,0
2026-04-09 00:30:00,0.791,0.79113,0.79075,0.79085,365,30,0
2026-04-09 00:45:00,0.79089,0.79106,0.79077,0.7909,711,49,0
2026-04-09 01:00:00,0.7909,0.79122,0.79081,0.79116,394,12,0
2026-04-09 01:15:00,0.79116,0.7914,0.79109,0.79109,253,12,0
2026-04-09 01:30:00,0.79109,0.79129,0.79083,0.79106,191,7,0
2026-04-09 01:45:00,0.79106,0.79116,0.79105,0.79116,215,11,0
2026-04-09 02:00:00,0.79116,0.7912,0.79101,0.79116,198,9,0
2026-04-09 02:15:00,0.79116,0.79136,0.7911,0.79132,182,10,0
2026-04-09 02:30:00,0.79132,0.79145,0.79113,0.79132,233,8,0
2026-04-09 02:45:00,0.79132,0.79146,0.79114,0.79138,447,9,0
2026-04-09 03:00:00,0.79138,0.79194,0.79119,0.79178,890,7,0
2026-04-09 03:15:00,0.79178,0.79184,0.7915,0.79177,881,4,0
2026-04-09 03:30:00,0.79177,0.79177,0.79141,0.79166,677,9,0
2026-04-09 03:45:00,0.79166,0.79183,0.79156,0.79177,877,6,0
2026-04-09 04:00:00,0.79177,0.7919,0.79158,0.79187,877,7,0
2026-04-09 04:15:00,0.79187,0.79211,0.79182,0.792,533,8,0
2026-04-09 04:30:00,0.792,0.79201,0.79171,0.79175,694,8,0
2026-04-09 04:45:00,0.79175,0.79183,0.79135,0.79143,608,4,0
2026-04-09 05:00:00,0.79143,0.79162,0.79128,0.79151,680,8,0
2026-04-09 05:15:00,0.79151,0.79151,0.79121,0.79122,518,8,0
2026-04-09 05:30:00,0.79122,0.79122,0.79096,0.79107,518,7,0
2026-04-09 05:45:00,0.79106,0.79116,0.79102,0.79108,434,7,0
2026-04-09 06:00:00,0.79108,0.79126,0.79105,0.79116,481,6,0
2026-04-09 06:15:00,0.79116,0.79129,0.79105,0.79109,345,7,0
2026-04-09 06:30:00,0.79109,0.7911,0.79084,0.79084,424,7,0
2026-04-09 06:45:00,0.79084,0.79126,0.79084,0.79125,803,7,0
2026-04-09 07:00:00,0.79125,0.79127,0.79058,0.79058,583,8,0
2026-04-09 07:15:00,0.79058,0.79072,0.79056,0.79063,414,8,0
2026-04-09 07:30:00,0.79063,0.79074,0.79053,0.79065,245,8,0
2026-04-09 07:45:00,0.79065,0.7911,0.79064,0.79108,367,4,0
2026-04-09 08:00:00,0.79108,0.79149,0.79096,0.7914,520,2,0
2026-04-09 08:15:00,0.7914,0.79143,0.79115,0.79123,340,2,0
2026-04-09 08:30:00,0.79123,0.79149,0.79117,0.79143,393,2,0
2026-04-09 08:45:00,0.79143,0.79186,0.79142,0.79169,411,2,0
2026-04-09 09:00:00,0.79165,0.79192,0.79154,0.79184,528,2,0
2026-04-09 09:15:00,0.79184,0.7922,0.79169,0.79201,724,1,0
2026-04-09 09:30:00,0.79201,0.79209,0.7918,0.79184,758,2,0
2026-04-09 09:45:00,0.79184,0.79201,0.79131,0.79131,937,0,0
2026-04-09 10:00:00,0.79131,0.79149,0.79089,0.79109,863,0,0
2026-04-09 10:15:00,0.7911,0.79148,0.79077,0.7909,1113,0,0
2026-04-09 10:30:00,0.7909,0.79117,0.79069,0.79075,890,2,0
2026-04-09 10:45:00,0.79075,0.79098,0.79073,0.79096,793,2,0
2026-04-09 11:00:00,0.79097,0.79122,0.7906,0.79117,849,2,0
2026-04-09 11:15:00,0.79117,0.7916,0.79117,0.79139,743,2,0
2026-04-09 11:30:00,0.79139,0.7914,0.79089,0.79108,742,2,0
2026-04-09 11:45:00,0.79108,0.79127,0.79062,0.79103,848,1,0
2026-04-09 12:00:00,0.79104,0.79137,0.7909,0.79096,827,0,0
2026-04-09 12:15:00,0.79096,0.7912,0.79093,0.79119,692,2,0
2026-04-09 12:30:00,0.79119,0.79129,0.79094,0.7911,597,2,0
2026-04-09 12:45:00,0.7911,0.79139,0.791,0.79105,665,2,0
2026-04-09 13:00:00,0.79105,0.79132,0.79093,0.79127,845,2,0
2026-04-09 13:15:00,0.79127,0.79143,0.79107,0.79124,797,2,0
2026-04-09 13:30:00,0.79124,0.79154,0.79118,0.79139,523,2,0
2026-04-09 13:45:00,0.79139,0.79171,0.79128,0.79167,584,2,0
2026-04-09 14:00:00,0.79169,0.79171,0.79115,0.79123,637,2,0
2026-04-09 14:15:00,0.79123,0.79124,0.79087,0.79097,475,2,0
2026-04-09 14:30:00,0.79097,0.79101,0.79032,0.79032,539,2,0
2026-04-09 14:45:00,0.79032,0.79067,0.79025,0.79041,686,2,0
2026-04-09 15:00:00,0.79041,0.79078,0.79016,0.79064,890,2,0
2026-04-09 15:15:00,0.79064,0.79093,0.79047,0.79059,729,2,0
2026-04-09 15:30:00,0.79059,0.79104,0.79032,0.79095,1595,1,0
2026-04-09 15:45:00,0.79095,0.79097,0.79046,0.79048,994,2,0
2026-04-09 16:00:00,0.79048,0.79058,0.79005,0.7901,881,2,0
2026-04-09 16:15:00,0.79011,0.79017,0.78972,0.78986,783,2,0
2026-04-09 16:30:00,0.78985,0.78989,0.78907,0.78927,1065,2,0
2026-04-09 16:45:00,0.78927,0.78979,0.78887,0.78944,1623,2,0
2026-04-09 17:00:00,0.78944,0.78993,0.7892,0.78923,1456,1,0
2026-04-09 17:15:00,0.78923,0.78946,0.78897,0.78897,1490,0,0
2026-04-09 17:30:00,0.78898,0.79027,0.78898,0.79025,1514,1,0
2026-04-09 17:45:00,0.79025,0.79078,0.79005,0.79046,1798,0,0
2026-04-09 18:00:00,0.79046,0.7912,0.79032,0.7906,1244,1,0
2026-04-09 18:15:00,0.7906,0.7906,0.78962,0.79015,1580,0,0
2026-04-09 18:30:00,0.79015,0.79015,0.78905,0.78943,1798,1,0
2026-04-09 18:45:00,0.78943,0.78958,0.78879,0.78887,1411,1,0
2026-04-09 19:00:00,0.78888,0.78902,0.78829,0.78855,1366,2,0
2026-04-09 19:15:00,0.78855,0.78861,0.788,0.78801,865,2,0
2026-04-09 19:30:00,0.78801,0.78849,0.78801,0.78833,940,2,0
2026-04-09 19:45:00,0.78833,0.78861,0.78828,0.78848,881,2,0
2026-04-09 20:00:00,0.78848,0.78854,0.78801,0.78813,901,0,0
2026-04-09 20:15:00,0.78813,0.78829,0.78807,0.78822,622,2,0
2026-04-09 20:30:00,0.78822,0.78853,0.78789,0.78849,917,2,0
2026-04-09 20:45:00,0.78849,0.78891,0.78831,0.78883,688,2,0
2026-04-09 21:00:00,0.78883,0.78979,0.78877,0.78972,1383,2,0
2026-04-09 21:15:00,0.78972,0.79024,0.78961,0.79023,1067,1,0
2026-04-09 21:30:00,0.79023,0.79058,0.79016,0.7905,867,2,0
2026-04-09 21:45:00,0.7905,0.79055,0.79019,0.79046,633,2,0
2026-04-09 22:00:00,0.79046,0.79059,0.78999,0.79003,558,2,0
2026-04-09 22:15:00,0.79003,0.79058,0.78997,0.79032,524,2,0
2026-04-09 22:30:00,0.79032,0.79033,0.7899,0.78997,514,2,0
2026-04-09 22:45:00,0.78997,0.79048,0.78985,0.79047,601,2,0
2026-04-09 23:00:00,0.79047,0.79054,0.79034,0.79043,339,2,0
2026-04-09 23:15:00,0.79043,0.79055,0.79038,0.79038,208,11,0
2026-04-09 23:30:00,0.79039,0.79064,0.79039,0.79059,149,12,0
2026-04-09 23:45:00,0.79059,0.79063,0.79034,0.79037,245,11,0
2026-04-10 00:00:00,0.78942,0.78985,0.78823,0.78953,245,26,0
2026-04-10 00:15:00,0.78953,0.79023,0.78938,0.78966,312,28,0
2026-04-10 00:30:00,0.78966,0.78973,0.78919,0.78965,541,50,0
2026-04-10 00:45:00,0.78965,0.78977,0.78925,0.78946,469,44,0
2026-04-10 01:00:00,0.78946,0.79029,0.78946,0.79028,568,4,0
2026-04-10 01:15:00,0.79028,0.7905,0.7902,0.7905,263,9,0
2026-04-10 01:30:00,0.7905,0.79058,0.79022,0.79058,350,12,0
2026-04-10 01:45:00,0.79058,0.79076,0.79057,0.79057,188,10,0
2026-04-10 02:00:00,0.79057,0.79066,0.79049,0.79062,207,8,0
2026-04-10 02:15:00,0.79062,0.79073,0.79061,0.79065,181,10,0
2026-04-10 02:30:00,0.79065,0.79086,0.79065,0.79086,388,8,0
2026-04-10 02:45:00,0.79086,0.79097,0.79079,0.79085,284,7,0
2026-04-10 03:00:00,0.79085,0.79132,0.79085,0.79124,558,6,0
2026-04-10 03:15:00,0.79123,0.79135,0.7911,0.79132,564,8,0
2026-04-10 03:30:00,0.79132,0.79132,0.79111,0.79122,511,7,0
2026-04-10 03:45:00,0.79122,0.79136,0.79117,0.79117,535,8,0
2026-04-10 04:00:00,0.79117,0.79127,0.79111,0.79117,368,8,0
2026-04-10 04:15:00,0.79117,0.79129,0.79104,0.79107,345,9,0
2026-04-10 04:30:00,0.79107,0.79111,0.79048,0.79053,402,8,0
2026-04-10 04:45:00,0.79053,0.79057,0.79029,0.79046,349,7,0
2026-04-10 05:00:00,0.79046,0.79084,0.79041,0.79084,352,6,0
2026-04-10 05:15:00,0.79084,0.79109,0.79077,0.79108,334,8,0
2026-04-10 05:30:00,0.79108,0.79108,0.79061,0.79062,402,9,0
2026-04-10 05:45:00,0.79062,0.79069,0.79056,0.79067,170,8,0
2026-04-10 06:00:00,0.79067,0.79068,0.79045,0.79055,143,7,0
2026-04-10 06:15:00,0.79055,0.79058,0.79038,0.79039,264,9,0
2026-04-10 06:30:00,0.79039,0.79055,0.79024,0.79047,283,7,0
2026-04-10 06:45:00,0.79047,0.79048,0.79017,0.79028,276,9,0
2026-04-10 07:00:00,0.79028,0.79036,0.79014,0.79025,351,7,0
2026-04-10 07:15:00,0.79025,0.79026,0.79007,0.79016,339,6,0
2026-04-10 07:30:00,0.79016,0.79029,0.7901,0.79029,251,6,0
2026-04-10 07:45:00,0.79029,0.79034,0.79017,0.79032,224,7,0
2026-04-10 08:00:00,0.79035,0.79053,0.79027,0.79045,265,2,0
2026-04-10 08:15:00,0.79045,0.79062,0.79038,0.79059,493,2,0
2026-04-10 08:30:00,0.79059,0.79059,0.79029,0.79037,449,2,0
2026-04-10 08:45:00,0.79037,0.79042,0.79027,0.79035,318,2,0
2026-04-10 09:00:00,0.79035,0.79062,0.79004,0.79049,540,2,0
2026-04-10 09:15:00,0.79049,0.79068,0.79036,0.79045,665,2,0
2026-04-10 09:30:00,0.79045,0.79059,0.78979,0.79007,764,2,0
2026-04-10 09:45:00,0.79007,0.79037,0.78996,0.79024,562,2,0
2026-04-10 10:00:00,0.79024,0.79026,0.78957,0.78991,745,2,0
2026-04-10 10:15:00,0.78991,0.79013,0.78969,0.78988,630,1,0
2026-04-10 10:30:00,0.78988,0.79018,0.78983,0.79006,698,2,0
2026-04-10 10:45:00,0.79006,0.79058,0.79005,0.79053,588,2,0
2026-04-10 11:00:00,0.79055,0.79065,0.79011,0.79012,589,2,0
2026-04-10 11:15:00,0.79012,0.79024,0.78968,0.78976,650,0,0
2026-04-10 11:30:00,0.78976,0.79001,0.78945,0.7899,553,0,0
2026-04-10 11:45:00,0.7899,0.79022,0.78988,0.79018,601,0,0
2026-04-10 12:00:00,0.79017,0.79026,0.78985,0.78994,618,2,0
2026-04-10 12:15:00,0.78994,0.79034,0.7888,0.79027,1698,0,0
2026-04-10 12:30:00,0.79027,0.7906,0.7899,0.78992,823,0,0
2026-04-10 12:45:00,0.78992,0.79008,0.78967,0.78984,760,0,0
2026-04-10 13:00:00,0.78984,0.79012,0.78968,0.78991,788,2,0
2026-04-10 13:15:00,0.78991,0.79033,0.78962,0.7897,648,1,0
2026-04-10 13:30:00,0.7897,0.78989,0.78929,0.78937,523,0,0
2026-04-10 13:45:00,0.78937,0.78939,0.78914,0.78926,589,1,0
2026-04-10 14:00:00,0.78926,0.78941,0.78895,0.7891,562,2,0
2026-04-10 14:15:00,0.7891,0.78925,0.78903,0.78921,620,2,0
2026-04-10 14:30:00,0.7892,0.78932,0.78882,0.78882,511,2,0
2026-04-10 14:45:00,0.78882,0.789,0.7887,0.7888,518,2,0
2026-04-10 15:00:00,0.78879,0.78904,0.78837,0.78837,840,2,0
2026-04-10 15:15:00,0.78837,0.78876,0.78825,0.78836,951,2,0
2026-04-10 15:30:00,0.78835,0.78866,0.78736,0.78835,1755,0,0
2026-04-10 15:45:00,0.78835,0.7887,0.78816,0.78825,1239,2,0
2026-04-10 16:00:00,0.78825,0.7884,0.78767,0.78784,1012,1,0
2026-04-10 16:15:00,0.78784,0.78793,0.78612,0.78622,1083,0,0
2026-04-10 16:30:00,0.78622,0.787,0.78606,0.78689,1176,2,0
2026-04-10 16:45:00,0.78689,0.78728,0.78669,0.78695,1240,1,0
2026-04-10 17:00:00,0.78695,0.7871,0.78626,0.78632,1222,2,0
2026-04-10 17:15:00,0.78632,0.78647,0.78561,0.78573,913,1,0
2026-04-10 17:30:00,0.78573,0.78666,0.78545,0.78631,1222,1,0
2026-04-10 17:45:00,0.78631,0.79001,0.78622,0.78895,2960,0,0
2026-04-10 18:00:00,0.78895,0.78899,0.78787,0.78804,1253,0,0
2026-04-10 18:15:00,0.78804,0.7884,0.78776,0.7884,896,2,0
2026-04-10 18:30:00,0.7884,0.789,0.78809,0.78884,1003,2,0
2026-04-10 18:45:00,0.78884,0.78929,0.78877,0.78928,646,2,0
2026-04-10 19:00:00,0.78928,0.78953,0.78899,0.78902,614,2,0
2026-04-10 19:15:00,0.78902,0.78931,0.78893,0.7892,615,2,0
2026-04-10 19:30:00,0.7892,0.79006,0.7892,0.79004,705,2,0
2026-04-10 19:45:00,0.79004,0.79006,0.78938,0.78943,451,2,0
2026-04-10 20:00:00,0.78943,0.78987,0.78942,0.78952,468,2,0
2026-04-10 20:15:00,0.78952,0.78968,0.78939,0.78944,355,2,0
2026-04-10 20:30:00,0.78944,0.78957,0.78927,0.78942,313,2,0
2026-04-10 20:45:00,0.78943,0.78961,0.78919,0.78955,536,2,0
2026-04-10 21:00:00,0.78955,0.78972,0.78929,0.7893,595,2,0
2026-04-10 21:15:00,0.7893,0.7893,0.78874,0.78877,500,2,0
2026-04-10 21:30:00,0.78877,0.78879,0.78847,0.78863,439,2,0
2026-04-10 21:45:00,0.78863,0.7888,0.78854,0.78872,540,2,0
2026-04-10 22:00:00,0.78872,0.78894,0.78867,0.78882,428,2,0
2026-04-10 22:15:00,0.78882,0.78891,0.78868,0.78885,293,2,0
2026-04-10 22:30:00,0.78885,0.78894,0.7887,0.78876,271,2,0
2026-04-10 22:45:00,0.78875,0.78913,0.78873,0.7891,378,2,0
2026-04-10 23:00:00,0.78905,0.7892,0.78895,0.78912,190,12,0
2026-04-10 23:15:00,0.78912,0.78928,0.78899,0.78915,203,11,0
2026-04-10 23:30:00,0.78916,0.78923,0.78904,0.78917,165,12,0
2026-04-10 23:45:00,0.78917,0.78917,0.78879,0.78913,526,0,0
2026-04-13 00:00:00,0.78975,0.79097,0.7896,0.79063,126,50,0
2026-04-13 00:15:00,0.79063,0.79063,0.79001,0.79019,177,89,0
2026-04-13 00:30:00,0.79019,0.79037,0.79004,0.79021,73,98,0
2026-04-13 00:45:00,0.79021,0.79125,0.79015,0.7903,335,35,0
2026-04-13 01:00:00,0.7903,0.79196,0.7903,0.79196,607,0,0
2026-04-13 01:15:00,0.79196,0.79287,0.79185,0.79271,787,12,0
2026-04-13 01:30:00,0.79271,0.79318,0.79262,0.79262,821,12,0
2026-04-13 01:45:00,0.79262,0.7929,0.79251,0.79276,397,12,0
2026-04-13 02:00:00,0.79276,0.793,0.7927,0.79298,298,9,0
2026-04-13 02:15:00,0.79298,0.79336,0.79298,0.79299,327,2,0
2026-04-13 02:30:00,0.79299,0.79304,0.79276,0.79277,339,10,0
2026-04-13 02:45:00,0.79277,0.79286,0.79251,0.79258,808,8,0
2026-04-13 03:00:00,0.7926,0.79294,0.79243,0.79267,932,7,0
2026-04-13 03:15:00,0.79267,0.79271,0.79242,0.79263,429,9,0
2026-04-13 03:30:00,0.79263,0.7927,0.7924,0.79265,364,7,0
2026-04-13 03:45:00,0.79265,0.7927,0.79246,0.79247,571,8,0
2026-04-13 04:00:00,0.79247,0.79247,0.79203,0.79212,691,7,0
2026-04-13 04:15:00,0.79212,0.79239,0.79209,0.79238,336,9,0
2026-04-13 04:30:00,0.79238,0.79265,0.79238,0.79262,463,8,0
2026-04-13 04:45:00,0.79262,0.79267,0.79214,0.79222,447,8,0
2026-04-13 05:00:00,0.79222,0.79222,0.79205,0.79208,419,7,0
2026-04-13 05:15:00,0.79208,0.79208,0.79188,0.79198,241,5,0
2026-04-13 05:30:00,0.79198,0.7921,0.79181,0.79204,227,6,0
2026-04-13 05:45:00,0.79204,0.79206,0.79183,0.79188,286,8,0
2026-04-13 06:00:00,0.79188,0.79203,0.79183,0.79203,299,8,0
2026-04-13 06:15:00,0.79203,0.79204,0.7919,0.79197,216,9,0
2026-04-13 06:30:00,0.79197,0.79202,0.79181,0.79182,256,9,0
2026-04-13 06:45:00,0.79182,0.79192,0.79172,0.79175,347,7,0
2026-04-13 07:00:00,0.79175,0.79186,0.79167,0.7917,264,8,0
2026-04-13 07:15:00,0.7917,0.79186,0.79166,0.7918,246,9,0
2026-04-13 07:30:00,0.7918,0.79201,0.79174,0.79195,276,8,0
2026-04-13 07:45:00,0.79195,0.79203,0.79184,0.79202,275,9,0
2026-04-13 08:00:00,0.79205,0.79227,0.79199,0.79219,328,2,0
2026-04-13 08:15:00,0.79219,0.79222,0.79198,0.79207,315,2,0
2026-04-13 08:30:00,0.79207,0.79212,0.79184,0.79196,342,2,0
2026-04-13 08:45:00,0.79196,0.79214,0.79187,0.79201,332,2,0
2026-04-13 09:00:00,0.79201,0.79201,0.79153,0.79192,575,2,0
2026-04-13 09:15:00,0.79192,0.79196,0.79154,0.79178,603,2,0
2026-04-13 09:30:00,0.79178,0.79225,0.79147,0.79211,500,1,0
2026-04-13 09:45:00,0.79211,0.79217,0.79103,0.79103,656,2,0
2026-04-13 10:00:00,0.79103,0.79103,0.79031,0.79059,731,2,0
2026-04-13 10:15:00,0.79059,0.7906,0.79008,0.79011,545,2,0
2026-04-13 10:30:00,0.79011,0.7903,0.78974,0.78998,528,2,0
2026-04-13 10:45:00,0.78998,0.79032,0.7899,0.79002,350,1,0
2026-04-13 11:00:00,0.79002,0.79033,0.78978,0.79023,510,2,0
2026-04-13 11:15:00,0.79023,0.79045,0.78999,0.79007,343,2,0
2026-04-13 11:30:00,0.79007,0.79037,0.78993,0.79034,551,2,0
2026-04-13 11:45:00,0.79033,0.79053,0.79016,0.79036,506,2,0
2026-04-13 12:00:00,0.79036,0.7905,0.79001,0.79046,643,2,0
2026-04-13 12:15:00,0.79046,0.7905,0.79015,0.79028,357,2,0
2026-04-13 12:30:00,0.79028,0.7903,0.78996,0.79026,463,2,0
2026-04-13 12:45:00,0.79026,0.79051,0.79016,0.79046,246,2,0
2026-04-13 13:00:00,0.79046,0.79048,0.7901,0.79028,362,2,0
2026-04-13 13:15:00,0.79028,0.7905,0.79023,0.79034,290,2,0
2026-04-13 13:30:00,0.79034,0.79049,0.79014,0.79019,280,2,0
2026-04-13 13:45:00,0.79019,0.7902,0.78982,0.78994,288,2,0
2026-04-13 14:00:00,0.78994,0.78998,0.78943,0.78946,420,2,0
2026-04-13 14:15:00,0.78946,0.7897,0.78922,0.78959,415,0,0
2026-04-13 14:30:00,0.78959,0.79054,0.78952,0.7902,487,0,0
2026-04-13 14:45:00,0.7902,0.79105,0.7901,0.79099,652,2,0
2026-04-13 15:00:00,0.79099,0.79118,0.79063,0.79074,673,2,0
2026-04-13 15:15:00,0.79073,0.79087,0.79037,0.79047,692,2,0
2026-04-13 15:30:00,0.79047,0.79053,0.79006,0.79012,625,2,0
2026-04-13 15:45:00,0.79012,0.79016,0.78952,0.7896,633,2,0
2026-04-13 16:00:00,0.7896,0.7897,0.78938,0.78954,688,2,0
2026-04-13 16:15:00,0.78954,0.78992,0.78943,0.78959,632,1,0
2026-04-13 16:30:00,0.78959,0.78994,0.78916,0.78939,925,2,0
2026-04-13 16:45:00,0.78939,0.78946,0.78845,0.78891,1777,2,0
2026-04-13 17:00:00,0.78891,0.78929,0.78816,0.78823,1330,1,0
2026-04-13 17:15:00,0.78823,0.7887,0.78734,0.78738,1386,1,0
2026-04-13 17:30:00,0.78738,0.78767,0.78706,0.78713,934,2,0
2026-04-13 17:45:00,0.78713,0.78769,0.787,0.78748,981,2,0
2026-04-13 18:00:00,0.78748,0.78801,0.78742,0.78775,1014,2,0
2026-04-13 18:15:00,0.78775,0.78798,0.78753,0.78764,768,2,0
2026-04-13 18:30:00,0.78766,0.7879,0.78726,0.78763,748,2,0
2026-04-13 18:45:00,0.78763,0.78773,0.78736,0.7876,505,2,0
2026-04-13 19:00:00,0.7876,0.78769,0.78702,0.78747,832,2,0
2026-04-13 19:15:00,0.78747,0.7875,0.78683,0.78693,901,2,0
2026-04-13 19:30:00,0.78693,0.78693,0.7859,0.78591,1327,1,0
2026-04-13 19:45:00,0.7859,0.78611,0.78568,0.78585,1012,2,0
2026-04-13 20:00:00,0.78585,0.7859,0.78503,0.78504,544,0,0
2026-04-13 20:15:00,0.78504,0.78514,0.7847,0.78481,752,2,0
2026-04-13 20:30:00,0.78481,0.78513,0.78471,0.7851,434,2,0
2026-04-13 20:45:00,0.7851,0.78537,0.78509,0.78536,370,2,0
2026-04-13 21:00:00,0.78536,0.78536,0.78471,0.78482,429,2,0
2026-04-13 21:15:00,0.78477,0.78486,0.78457,0.78472,440,2,0
2026-04-13 21:30:00,0.78472,0.78477,0.78389,0.78398,724,0,0
2026-04-13 21:45:00,0.78398,0.78404,0.7831,0.78314,677,2,0
2026-04-13 22:00:00,0.78314,0.78376,0.78299,0.78366,527,1,0
2026-04-13 22:15:00,0.78366,0.78388,0.78349,0.78355,248,2,0
2026-04-13 22:30:00,0.78356,0.7838,0.78352,0.78372,375,2,0
2026-04-13 22:45:00,0.78372,0.78386,0.78352,0.78378,349,2,0
2026-04-13 23:00:00,0.78372,0.78379,0.78354,0.78367,194,12,0
2026-04-13 23:15:00,0.78367,0.78385,0.78362,0.78378,153,12,0
2026-04-13 23:30:00,0.78379,0.78387,0.78375,0.78381,131,12,0
2026-04-13 23:45:00,0.78381,0.78395,0.78371,0.78382,299,12,0
2026-04-14 00:00:00,0.78341,0.78393,0.78277,0.78312,145,27,0
2026-04-14 00:15:00,0.78294,0.78335,0.78294,0.78327,149,65,0
2026-04-14 00:30:00,0.78323,0.78338,0.78321,0.78337,142,50,0
2026-04-14 00:45:00,0.78337,0.78337,0.78319,0.78323,531,44,0
2026-04-14 01:00:00,0.7832,0.78374,0.7832,0.78343,297,12,0
2026-04-14 01:15:00,0.78343,0.78363,0.7834,0.78347,138,12,0
2026-04-14 01:30:00,0.78347,0.78357,0.78342,0.78353,142,12,0
2026-04-14 01:45:00,0.78353,0.78361,0.78346,0.78348,137,12,0
2026-04-14 02:00:00,0.78348,0.78353,0.78323,0.78335,300,9,0
2026-04-14 02:15:00,0.78335,0.78335,0.78318,0.78329,373,9,0
2026-04-14 02:30:00,0.78329,0.78334,0.78319,0.78326,281,9,0
2026-04-14 02:45:00,0.78326,0.78327,0.78309,0.78317,221,7,0
2026-04-14 03:00:00,0.78319,0.78364,0.78309,0.78335,753,7,0
2026-04-14 03:15:00,0.78335,0.78336,0.78305,0.78332,484,9,0
2026-04-14 03:30:00,0.78332,0.78333,0.78312,0.78314,323,8,0
2026-04-14 03:45:00,0.78314,0.78326,0.78298,0.78299,278,1,0
2026-04-14 04:00:00,0.78299,0.78319,0.78289,0.78299,295,7,0
2026-04-14 04:15:00,0.78299,0.78336,0.78299,0.78311,347,3,0
2026-04-14 04:30:00,0.78312,0.78346,0.7831,0.7833,453,7,0
2026-04-14 04:45:00,0.7833,0.78356,0.78324,0.78349,420,8,0
2026-04-14 05:00:00,0.78349,0.78363,0.78334,0.78357,328,8,0
2026-04-14 05:15:00,0.78357,0.78373,0.78355,0.78367,247,9,0
2026-04-14 05:30:00,0.78367,0.7838,0.78349,0.78356,234,8,0
2026-04-14 05:45:00,0.78356,0.78371,0.78354,0.78358,224,7,0
2026-04-14 06:00:00,0.78358,0.78373,0.78354,0.78369,150,9,0
2026-04-14 06:15:00,0.78369,0.7837,0.78352,0.78364,280,8,0
2026-04-14 06:30:00,0.78364,0.78365,0.78316,0.7833,292,2,0
2026-04-14 06:45:00,0.7833,0.7833,0.78293,0.78301,259,8,0
2026-04-14 07:00:00,0.78301,0.78309,0.78299,0.78306,161,8,0
2026-04-14 07:15:00,0.78306,0.7832,0.78287,0.78292,189,7,0
2026-04-14 07:30:00,0.78292,0.78309,0.7829,0.78305,239,9,0
2026-04-14 07:45:00,0.78305,0.78309,0.78287,0.78309,296,6,0
2026-04-14 08:00:00,0.78312,0.78328,0.78287,0.7832,386,2,0
2026-04-14 08:15:00,0.7832,0.78358,0.78318,0.78352,307,2,0
2026-04-14 08:30:00,0.78352,0.78363,0.78319,0.78319,422,2,0
2026-04-14 08:45:00,0.78319,0.78337,0.78314,0.78327,490,2,0
2026-04-14 09:00:00,0.78327,0.7835,0.78271,0.7835,680,1,0
2026-04-14 09:15:00,0.7835,0.78367,0.78326,0.78327,547,2,0
2026-04-14 09:30:00,0.78327,0.78337,0.78287,0.7829,496,1,0
2026-04-14 09:45:00,0.7829,0.78294,0.78224,0.78228,449,2,0
2026-04-14 10:00:00,0.78228,0.78228,0.78026,0.78119,1723,0,0
2026-04-14 10:15:00,0.78119,0.78151,0.78087,0.7809,910,0,0
2026-04-14 10:30:00,0.7809,0.78092,0.78011,0.78038,827,0,0
2026-04-14 10:45:00,0.78038,0.78121,0.78013,0.78121,753,1,0
2026-04-14 11:00:00,0.78121,0.78172,0.78111,0.78157,916,0,0
2026-04-14 11:15:00,0.78157,0.78175,0.78123,0.78127,596,2,0
2026-04-14 11:30:00,0.78127,0.78128,0.78063,0.78065,689,0,0
2026-04-14 11:45:00,0.78065,0.78103,0.78047,0.78058,525,0,0
2026-04-14 12:00:00,0.78058,0.78064,0.78001,0.78033,769,1,0
2026-04-14 12:15:00,0.78033,0.78074,0.78005,0.78074,629,1,0
2026-04-14 12:30:00,0.78074,0.78093,0.78018,0.78056,458,2,0
2026-04-14 12:45:00,0.78056,0.78094,0.78052,0.78059,545,2,0
2026-04-14 13:00:00,0.78059,0.78072,0.78007,0.7801,647,2,0
2026-04-14 13:15:00,0.7801,0.78075,0.78008,0.78064,649,0,0
2026-04-14 13:30:00,0.78064,0.78079,0.78045,0.78068,438,2,0
2026-04-14 13:45:00,0.78068,0.78084,0.78047,0.78079,393,2,0
2026-04-14 14:00:00,0.78079,0.7809,0.78031,0.78039,627,2,0
2026-04-14 14:15:00,0.78039,0.78043,0.77997,0.78003,427,2,0
2026-04-14 14:30:00,0.78003,0.78068,0.77999,0.78041,485,2,0
2026-04-14 14:45:00,0.78041,0.78055,0.77989,0.78034,764,2,0
2026-04-14 15:00:00,0.78034,0.781,0.7802,0.78033,1015,2,0
2026-04-14 15:15:00,0.78033,0.78038,0.77949,0.77986,967,2,0
2026-04-14 15:30:00,0.77986,0.78022,0.77949,0.78013,969,0,0
2026-04-14 15:45:00,0.78013,0.78023,0.77975,0.77992,816,2,0
2026-04-14 16:00:00,0.77992,0.78022,0.77967,0.78012,1090,2,0
2026-04-14 16:15:00,0.78012,0.78069,0.78012,0.78062,918,2,0
2026-04-14 16:30:00,0.78062,0.78111,0.78009,0.78022,1274,2,0
2026-04-14 16:45:00,0.78022,0.78076,0.78016,0.78052,991,2,0
2026-04-14 17:00:00,0.78052,0.78053,0.77967,0.7797,1575,2,0
2026-04-14 17:15:00,0.7797,0.77974,0.77901,0.77928,1117,2,0
2026-04-14 17:30:00,0.77928,0.7797,0.77916,0.77949,927,2,0
2026-04-14 17:45:00,0.77947,0.7798,0.77919,0.77966,860,2,0
2026-04-14 18:00:00,0.77967,0.78042,0.77967,0.78021,1067,2,0
2026-04-14 18:15:00,0.78021,0.78068,0.7802,0.78063,1121,0,0
2026-04-14 18:30:00,0.78063,0.78089,0.78029,0.78088,866,2,0
2026-04-14 18:45:00,0.78088,0.78117,0.78079,0.78101,710,2,0
2026-04-14 19:00:00,0.78101,0.78122,0.78096,0.781,643,2,0
2026-04-14 19:15:00,0.781,0.78105,0.78062,0.78072,589,2,0
2026-04-14 19:30:00,0.78071,0.78094,0.78068,0.78078,432,2,0
2026-04-14 19:45:00,0.78078,0.78122,0.78077,0.78112,507,2,0
2026-04-14 20:00:00,0.78112,0.78125,0.78084,0.781,449,2,0
2026-04-14 20:15:00,0.781,0.78106,0.7806,0.78071,415,2,0
2026-04-14 20:30:00,0.78071,0.78091,0.78057,0.78065,368,2,0
2026-04-14 20:45:00,0.78065,0.78101,0.78063,0.78082,344,1,0
2026-04-14 21:00:00,0.78082,0.78088,0.78065,0.78084,389,2,0
2026-04-14 21:15:00,0.78084,0.78117,0.78083,0.78109,515,2,0
2026-04-14 21:30:00,0.78109,0.7812,0.78092,0.78118,393,2,0
2026-04-14 21:45:00,0.78118,0.78135,0.78097,0.78112,356,2,0
2026-04-14 22:00:00,0.78112,0.78128,0.78112,0.78117,276,2,0
2026-04-14 22:15:00,0.78117,0.78127,0.78112,0.78117,156,2,0
2026-04-14 22:30:00,0.78117,0.78136,0.78108,0.78122,221,2,0
2026-04-14 22:45:00,0.78123,0.78138,0.78116,0.78132,305,2,0
2026-04-14 23:00:00,0.78127,0.78134,0.78106,0.78106,214,12,0
2026-04-14 23:15:00,0.78107,0.78115,0.78086,0.78093,135,11,0
2026-04-14 23:30:00,0.78094,0.78105,0.78091,0.78103,77,12,0
2026-04-14 23:45:00,0.78103,0.78107,0.78072,0.78079,245,12,0
2026-04-15 00:00:00,0.78021,0.78101,0.78021,0.78056,111,27,0
2026-04-15 00:15:00,0.78056,0.7807,0.78035,0.78042,130,103,0
2026-04-15 00:30:00,0.78045,0.78054,0.78038,0.78049,77,120,0
2026-04-15 00:45:00,0.78049,0.78079,0.78043,0.78075,309,50,0
2026-04-15 01:00:00,0.78075,0.78086,0.78053,0.78075,234,12,0
2026-04-15 01:15:00,0.78075,0.78086,0.78058,0.78083,146,12,0
2026-04-15 01:30:00,0.78083,0.78105,0.7808,0.78097,227,11,0
2026-04-15 01:45:00,0.78097,0.78103,0.78091,0.78091,132,12,0
2026-04-15 02:00:00,0.78091,0.78107,0.78091,0.78104,184,10,0
2026-04-15 02:15:00,0.78104,0.78104,0.78079,0.78079,68,8,0
2026-04-15 02:30:00,0.78079,0.78089,0.78053,0.7807,549,8,0
2026-04-15 02:45:00,0.7807,0.7809,0.78058,0.78088,413,9,0
2026-04-15 03:00:00,0.78088,0.78143,0.78088,0.78138,638,8,0
2026-04-15 03:15:00,0.78138,0.78139,0.78113,0.78115,371,7,0
2026-04-15 03:30:00,0.78115,0.78158,0.7811,0.78151,464,7,0
2026-04-15 03:45:00,0.7815,0.78153,0.78094,0.78097,612,8,0
2026-04-15 04:00:00,0.78097,0.78138,0.78067,0.78085,630,6,0
2026-04-15 04:15:00,0.78085,0.78109,0.7808,0.78097,434,8,0
2026-04-15 04:30:00,0.78097,0.78108,0.78089,0.78105,313,7,0
2026-04-15 04:45:00,0.78105,0.78147,0.78082,0.78129,523,5,0
2026-04-15 05:00:00,0.78129,0.78145,0.78109,0.78142,346,8,0
2026-04-15 05:15:00,0.78142,0.78173,0.78136,0.78173,282,8,0
2026-04-15 05:30:00,0.78173,0.78197,0.78172,0.78172,379,8,0
2026-04-15 05:45:00,0.78172,0.78178,0.78163,0.78167,270,6,0
2026-04-15 06:00:00,0.78167,0.78188,0.78162,0.78165,330,7,0
2026-04-15 06:15:00,0.78165,0.78165,0.78139,0.78139,242,9,0
2026-04-15 06:30:00,0.78139,0.78154,0.78135,0.78136,180,9,0
2026-04-15 06:45:00,0.78136,0.78136,0.7812,0.78131,293,8,0
2026-04-15 07:00:00,0.78131,0.78142,0.78124,0.78134,167,7,0
2026-04-15 07:15:00,0.78134,0.7814,0.78128,0.78135,157,9,0
2026-04-15 07:30:00,0.78135,0.78142,0.78122,0.78129,171,8,0
2026-04-15 07:45:00,0.78129,0.78134,0.7812,0.78122,125,7,0
2026-04-15 08:00:00,0.78122,0.78131,0.78105,0.78115,539,2,0
2026-04-15 08:15:00,0.78115,0.78117,0.7808,0.78105,445,2,0
2026-04-15 08:30:00,0.78104,0.78131,0.78103,0.78119,491,2,0
2026-04-15 08:45:00,0.78119,0.78132,0.78088,0.78098,547,2,0
2026-04-15 09:00:00,0.78098,0.7811,0.78068,0.78103,410,2,0
2026-04-15 09:15:00,0.78103,0.78132,0.78101,0.7811,512,2,0
2026-04-15 09:30:00,0.7811,0.78145,0.78102,0.78129,518,2,0
2026-04-15 09:45:00,0.78129,0.78135,0.78104,0.78128,411,2,0
2026-04-15 10:00:00,0.78128,0.78134,0.7808,0.78103,699,2,0
2026-04-15 10:15:00,0.78103,0.78131,0.78087,0.78096,475,1,0
2026-04-15 10:30:00,0.78096,0.78111,0.78062,0.78077,501,1,0
2026-04-15 10:45:00,0.78077,0.78122,0.78073,0.78107,500,2,0
2026-04-15 11:00:00,0.78107,0.78111,0.78032,0.78039,511,2,0
2026-04-15 11:15:00,0.78039,0.78041,0.77984,0.78012,438,2,0
2026-04-15 11:30:00,0.78012,0.78082,0.78012,0.78077,376,2,0
2026-04-15 11:45:00,0.78077,0.7811,0.78071,0.78083,369,2,0
2026-04-15 12:00:00,0.78083,0.78208,0.78069,0.78181,1182,0,0
2026-04-15 12:15:00,0.78181,0.78186,0.78129,0.78166,608,2,0
2026-04-15 12:30:00,0.78166,0.78194,0.78146,0.78169,620,2,0
2026-04-15 12:45:00,0.78169,0.78194,0.78159,0.78167,499,2,0
2026-04-15 13:00:00,0.78167,0.78186,0.78142,0.78162,555,2,0
2026-04-15 13:15:00,0.78162,0.78262,0.78162,0.78248,911,2,0
2026-04-15 13:30:00,0.78248,0.78267,0.78209,0.78218,770,2,0
2026-04-15 13:45:00,0.78217,0.78253,0.78182,0.78253,661,2,0
2026-04-15 14:00:00,0.78253,0.78263,0.78222,0.78254,599,2,0
2026-04-15 14:15:00,0.78254,0.78281,0.78246,0.78277,644,2,0
2026-04-15 14:30:00,0.78277,0.78291,0.78246,0.78276,635,2,0
2026-04-15 14:45:00,0.78276,0.78315,0.78226,0.78251,871,0,0
2026-04-15 15:00:00,0.78251,0.78273,0.78233,0.78263,864,1,0
2026-04-15 15:15:00,0.78263,0.78267,0.78221,0.78234,511,2,0
2026-04-15 15:30:00,0.78234,0.78282,0.78218,0.78274,612,2,0
2026-04-15 15:45:00,0.78274,0.78294,0.78215,0.78238,694,2,0
2026-04-15 16:00:00,0.78238,0.78239,0.78211,0.78215,577,2,0
2026-04-15 16:15:00,0.78215,0.78224,0.78144,0.78145,610,2,0
2026-04-15 16:30:00,0.78145,0.78203,0.78126,0.78201,1074,0,0
2026-04-15 16:45:00,0.78201,0.78212,0.78159,0.78193,702,2,0
2026-04-15 17:00:00,0.78193,0.78209,0.7811,0.78122,936,2,0
2026-04-15 17:15:00,0.78122,0.78127,0.78067,0.7807,872,2,0
2026-04-15 17:30:00,0.7807,0.78152,0.78064,0.78131,802,2,0
2026-04-15 17:45:00,0.78131,0.78162,0.78113,0.78154,916,2,0
2026-04-15 18:00:00,0.78154,0.78172,0.78117,0.78129,1098,0,0
2026-04-15 18:15:00,0.78129,0.78149,0.78088,0.78111,921,2,0
2026-04-15 18:30:00,0.78112,0.78162,0.78107,0.78121,810,2,0
2026-04-15 18:45:00,0.78122,0.78157,0.78108,0.78154,645,2,0
2026-04-15 19:00:00,0.78154,0.78157,0.78129,0.78133,413,2,0
2026-04-15 19:15:00,0.78133,0.78157,0.78126,0.7814,505,1,0
2026-04-15 19:30:00,0.7814,0.78173,0.78123,0.78149,488,2,0
2026-04-15 19:45:00,0.78149,0.7817,0.7814,0.78168,440,2,0
2026-04-15 20:00:00,0.78168,0.78172,0.7814,0.78152,385,2,0
2026-04-15 20:15:00,0.78152,0.78178,0.78138,0.78173,365,2,0
2026-04-15 20:30:00,0.78173,0.78222,0.78173,0.78215,390,2,0
2026-04-15 20:45:00,0.78215,0.78237,0.78212,0.78215,329,2,0
2026-04-15 21:00:00,0.78215,0.78225,0.78159,0.78185,827,2,0
2026-04-15 21:15:00,0.78185,0.78187,0.78156,0.78173,469,2,0
2026-04-15 21:30:00,0.78173,0.78183,0.78162,0.78173,224,2,0
2026-04-15 21:45:00,0.78173,0.78175,0.78142,0.78164,421,2,0
2026-04-15 22:00:00,0.78164,0.78181,0.78134,0.78174,426,2,0
2026-04-15 22:15:00,0.78174,0.78183,0.78163,0.78171,253,2,0
2026-04-15 22:30:00,0.78171,0.78174,0.78158,0.7817,191,2,0
2026-04-15 22:45:00,0.7817,0.78173,0.78159,0.78169,276,2,0
2026-04-15 23:00:00,0.78164,0.7819,0.78162,0.78177,153,12,0
2026-04-15 23:15:00,0.78177,0.78189,0.78177,0.78184,110,12,0
2026-04-15 23:30:00,0.78184,0.78198,0.78182,0.78183,117,12,0
2026-04-15 23:45:00,0.78183,0.78202,0.78173,0.78179,181,12,0
2026-04-16 00:00:00,0.78149,0.78265,0.78121,0.78187,338,26,0
2026-04-16 00:15:00,0.78187,0.78223,0.78165,0.7819,321,69,0
2026-04-16 00:30:00,0.7819,0.7819,0.7813,0.7816,639,31,0
2026-04-16 00:45:00,0.7816,0.78185,0.78142,0.78182,1443,52,0
2026-04-16 01:00:00,0.78182,0.78184,0.78146,0.78147,440,11,0
2026-04-16 01:15:00,0.78147,0.78165,0.78144,0.78159,166,12,0
2026-04-16 01:30:00,0.78159,0.7816,0.78146,0.78147,151,11,0
2026-04-16 01:45:00,0.78147,0.7815,0.78141,0.78147,106,12,0
2026-04-16 02:00:00,0.78147,0.78148,0.78129,0.7814,242,9,0
2026-04-16 02:15:00,0.7814,0.78149,0.78135,0.78146,230,9,0
2026-04-16 02:30:00,0.78146,0.78149,0.78123,0.78124,268,9,0
2026-04-16 02:45:00,0.78125,0.78132,0.78119,0.78128,286,9,0
2026-04-16 03:00:00,0.7813,0.7815,0.78114,0.78138,465,7,0
2026-04-16 03:15:00,0.78138,0.7814,0.78116,0.78123,322,5,0
2026-04-16 03:30:00,0.78123,0.78134,0.78115,0.78129,308,8,0
2026-04-16 03:45:00,0.7813,0.78136,0.78099,0.781,403,8,0
2026-04-16 04:00:00,0.781,0.78107,0.78085,0.78096,341,9,0
2026-04-16 04:15:00,0.78097,0.78114,0.78091,0.78113,297,3,0
2026-04-16 04:30:00,0.78113,0.78159,0.78102,0.78131,462,3,0
2026-04-16 04:45:00,0.78131,0.78136,0.78109,0.7813,552,8,0
2026-04-16 05:00:00,0.7813,0.78134,0.78108,0.78133,246,8,0
2026-04-16 05:15:00,0.78133,0.78133,0.7812,0.78126,183,8,0
2026-04-16 05:30:00,0.78126,0.78126,0.78055,0.78058,412,8,0
2026-04-16 05:45:00,0.78058,0.78073,0.78035,0.78039,352,7,0
2026-04-16 06:00:00,0.78039,0.78041,0.77985,0.78015,763,6,0
2026-04-16 06:15:00,0.78015,0.78036,0.78008,0.78026,393,7,0
2026-04-16 06:30:00,0.78026,0.7805,0.78018,0.78035,345,7,0
2026-04-16 06:45:00,0.78035,0.78044,0.78028,0.78044,315,8,0
2026-04-16 07:00:00,0.78044,0.78064,0.78043,0.78059,244,8,0
2026-04-16 07:15:00,0.78059,0.78062,0.7804,0.78054,278,7,0
2026-04-16 07:30:00,0.78054,0.78064,0.78049,0.78062,283,8,0
2026-04-16 07:45:00,0.78062,0.78077,0.78062,0.78077,263,9,0
2026-04-16 08:00:00,0.7808,0.78085,0.78067,0.78083,311,2,0
2026-04-16 08:15:00,0.78083,0.78115,0.78076,0.78113,350,2,0
2026-04-16 08:30:00,0.78113,0.78132,0.78093,0.78121,474,2,0
2026-04-16 08:45:00,0.78121,0.78122,0.78094,0.7812,341,2,0
2026-04-16 09:00:00,0.7812,0.78136,0.78097,0.7812,504,0,0
2026-04-16 09:15:00,0.78121,0.7815,0.78116,0.78133,416,2,0
2026-04-16 09:30:00,0.78133,0.78157,0.78117,0.78121,521,2,0
2026-04-16 09:45:00,0.78121,0.78129,0.7807,0.78078,452,2,0
2026-04-16 10:00:00,0.78077,0.78116,0.78061,0.78115,756,2,0
2026-04-16 10:15:00,0.78115,0.78184,0.78113,0.78152,595,2,0
2026-04-16 10:30:00,0.78152,0.78205,0.78152,0.78191,437,2,0
2026-04-16 10:45:00,0.78191,0.7822,0.78184,0.78205,566,2,0
2026-04-16 11:00:00,0.78205,0.78249,0.78188,0.78238,548,2,0
2026-04-16 11:15:00,0.78238,0.78305,0.78233,0.78274,613,2,0
2026-04-16 11:30:00,0.78274,0.78294,0.78247,0.78255,473,2,0
2026-04-16 11:45:00,0.78255,0.78255,0.78211,0.78238,493,0,0
2026-04-16 12:00:00,0.78238,0.78324,0.78232,0.78321,484,2,0
2026-04-16 12:15:00,0.78321,0.7838,0.78309,0.7838,474,0,0
2026-04-16 12:30:00,0.7838,0.78398,0.78327,0.78356,430,2,0
2026-04-16 12:45:00,0.78356,0.78374,0.78332,0.78374,524,2,0
2026-04-16 13:00:00,0.78374,0.78417,0.78367,0.78367,418,2,0
2026-04-16 13:15:00,0.78367,0.78433,0.78366,0.78432,277,2,0
2026-04-16 13:30:00,0.78432,0.78432,0.78401,0.78402,293,2,0
2026-04-16 13:45:00,0.78402,0.78419,0.78382,0.78385,330,2,0
2026-04-16 14:00:00,0.78385,0.78385,0.78328,0.78341,390,2,0
2026-04-16 14:15:00,0.78341,0.78366,0.78329,0.78347,273,0,0
2026-04-16 14:30:00,0.78347,0.78357,0.78321,0.78321,351,2,0
2026-04-16 14:45:00,0.78321,0.78343,0.78309,0.78325,671,2,0
2026-04-16 15:00:00,0.78325,0.78367,0.78313,0.78349,557,2,0
2026-04-16 15:15:00,0.78348,0.78384,0.78337,0.78357,428,2,0
2026-04-16 15:30:00,0.78357,0.7838,0.78326,0.78326,764,2,0
2026-04-16 15:45:00,0.78326,0.78355,0.78324,0.78348,363,2,0
2026-04-16 16:00:00,0.78348,0.78366,0.78326,0.78337,473,1,0
2026-04-16 16:15:00,0.78336,0.78342,0.78313,0.7833,484,2,0
2026-04-16 16:30:00,0.7833,0.78343,0.783,0.7832,662,2,0
2026-04-16 16:45:00,0.7832,0.78375,0.78294,0.78313,1427,0,0
2026-04-16 17:00:00,0.78313,0.78368,0.78274,0.78283,972,2,0
2026-04-16 17:15:00,0.78283,0.78321,0.78276,0.78282,781,2,0
2026-04-16 17:30:00,0.78282,0.78319,0.78259,0.7828,798,2,0
2026-04-16 17:45:00,0.7828,0.78393,0.78273,0.78382,886,2,0
2026-04-16 18:00:00,0.78382,0.7841,0.78373,0.78399,944,2,0
2026-04-16 18:15:00,0.78399,0.7841,0.78379,0.78405,592,2,0
2026-04-16 18:30:00,0.78405,0.78418,0.78361,0.78395,1014,1,0
2026-04-16 18:45:00,0.78395,0.78395,0.78336,0.78336,752,2,0
2026-04-16 19:00:00,0.78336,0.78357,0.78315,0.78318,548,2,0
2026-04-16 19:15:00,0.78318,0.7835,0.78299,0.78349,467,2,0
2026-04-16 19:30:00,0.78349,0.78428,0.78348,0.78396,997,2,0
2026-04-16 19:45:00,0.78396,0.78427,0.78394,0.78402,573,2,0
2026-04-16 20:00:00,0.78402,0.78427,0.78384,0.78424,605,2,0
2026-04-16 20:15:00,0.78424,0.78426,0.78397,0.78408,368,2,0
2026-04-16 20:30:00,0.78408,0.78423,0.78387,0.78422,347,2,0
2026-04-16 20:45:00,0.78422,0.78454,0.78422,0.78439,393,2,0
2026-04-16 21:00:00,0.78439,0.78441,0.78384,0.78414,691,2,0
2026-04-16 21:15:00,0.78414,0.78415,0.78388,0.78394,550,2,0
2026-04-16 21:30:00,0.78394,0.78398,0.78353,0.78369,470,2,0
2026-04-16 21:45:00,0.78369,0.78381,0.78344,0.78352,409,2,0
2026-04-16 22:00:00,0.78352,0.78353,0.78308,0.78324,379,2,0
2026-04-16 22:15:00,0.78324,0.78325,0.78301,0.78309,259,2,0
2026-04-16 22:30:00,0.78309,0.78311,0.78291,0.78311,279,2,0
2026-04-16 22:45:00,0.78311,0.78336,0.78311,0.78335,313,2,0
2026-04-16 23:00:00,0.78335,0.78351,0.78321,0.78341,218,4,0
2026-04-16 23:15:00,0.78341,0.78352,0.78336,0.78336,143,12,0
2026-04-16 23:30:00,0.78337,0.7834,0.78325,0.78337,103,12,0
2026-04-16 23:45:00,0.78336,0.78351,0.78336,0.78349,118,7,0
2026-04-17 00:00:00,0.78319,0.78336,0.78263,0.78274,120,45,0
2026-04-17 00:15:00,0.78278,0.78289,0.78274,0.78278,81,82,0
2026-04-17 00:30:00,0.78278,0.78315,0.78278,0.78304,198,72,0
2026-04-17 00:45:00,0.78305,0.78312,0.78264,0.78285,399,66,0
2026-04-17 01:00:00,0.78285,0.78342,0.78281,0.78314,329,12,0
2026-04-17 01:15:00,0.78314,0.78331,0.78314,0.78319,136,12,0
2026-04-17 01:30:00,0.78319,0.78331,0.78319,0.78323,121,12,0
2026-04-17 01:45:00,0.78323,0.7833,0.78323,0.78327,51,12,0
2026-04-17 02:00:00,0.78327,0.78342,0.78321,0.78321,159,7,0
2026-04-17 02:15:00,0.78321,0.78321,0.78293,0.78306,109,7,0
2026-04-17 02:30:00,0.78306,0.7831,0.78297,0.78304,157,10,0
2026-04-17 02:45:00,0.78304,0.78322,0.78303,0.78319,151,11,0
2026-04-17 03:00:00,0.78319,0.78346,0.78316,0.78335,329,8,0
2026-04-17 03:15:00,0.78335,0.78343,0.78315,0.78317,277,8,0
2026-04-17 03:30:00,0.78317,0.7832,0.7829,0.78308,176,8,0
2026-04-17 03:45:00,0.78308,0.78329,0.783,0.7832,361,7,0
2026-04-17 04:00:00,0.7832,0.78354,0.78316,0.78329,354,8,0
2026-04-17 04:15:00,0.78329,0.78344,0.78321,0.78337,139,9,0
2026-04-17 04:30:00,0.78337,0.78343,0.78324,0.78332,254,8,0
2026-04-17 04:45:00,0.78332,0.78335,0.78322,0.78327,381,7,0
2026-04-17 05:00:00,0.78327,0.7838,0.78326,0.78378,250,8,0
2026-04-17 05:15:00,0.78378,0.78379,0.78353,0.78356,222,9,0
2026-04-17 05:30:00,0.78356,0.78362,0.78341,0.78358,185,9,0
2026-04-17 05:45:00,0.78358,0.78363,0.78351,0.7836,158,9,0
2026-04-17 06:00:00,0.7836,0.7836,0.78327,0.78346,231,7,0
2026-04-17 06:15:00,0.78346,0.7838,0.78344,0.78378,254,8,0
2026-04-17 06:30:00,0.78378,0.78381,0.78351,0.78354,189,8,0
2026-04-17 06:45:00,0.78354,0.78354,0.78314,0.78329,254,7,0
2026-04-17 07:00:00,0.78329,0.78335,0.78313,0.78316,185,8,0
2026-04-17 07:15:00,0.78316,0.7833,0.78314,0.7832,262,9,0
2026-04-17 07:30:00,0.7832,0.78333,0.78318,0.78325,236,8,0
2026-04-17 07:45:00,0.78325,0.78334,0.78322,0.78326,214,9,0
2026-04-17 08:00:00,0.78329,0.78347,0.78323,0.78325,405,2,0
2026-04-17 08:15:00,0.78325,0.78341,0.78319,0.78322,272,2,0
2026-04-17 08:30:00,0.78322,0.78341,0.78317,0.78329,380,2,0
2026-04-17 08:45:00,0.78329,0.78344,0.78313,0.78343,355,2,0
2026-04-17 09:00:00,0.78343,0.78355,0.78313,0.78344,438,2,0
2026-04-17 09:15:00,0.78344,0.78359,0.78336,0.78353,346,2,0
2026-04-17 09:30:00,0.78353,0.78379,0.78346,0.78365,309,2,0
2026-04-17 09:45:00,0.78365,0.78401,0.7835,0.78397,381,2,0
2026-04-17 10:00:00,0.78396,0.78396,0.78348,0.78365,502,2,0
2026-04-17 10:15:00,0.78365,0.78377,0.7833,0.78345,326,2,0
2026-04-17 10:30:00,0.78345,0.7836,0.78329,0.78329,620,2,0
2026-04-17 10:45:00,0.7833,0.78334,0.78306,0.78311,517,2,0
2026-04-17 11:00:00,0.78311,0.78328,0.783,0.78328,449,2,0
2026-04-17 11:15:00,0.78328,0.78342,0.78292,0.78298,428,2,0
2026-04-17 11:30:00,0.78298,0.78313,0.78261,0.78263,387,2,0
2026-04-17 11:45:00,0.78263,0.78274,0.78218,0.78219,435,2,0
2026-04-17 12:00:00,0.78219,0.78261,0.78203,0.78259,278,2,0
2026-04-17 12:15:00,0.78259,0.78262,0.782,0.78203,324,2,0
2026-04-17 12:30:00,0.78203,0.78223,0.78197,0.78218,454,2,0
2026-04-17 12:45:00,0.78218,0.78238,0.78205,0.78238,450,2,0
2026-04-17 13:00:00,0.78238,0.78253,0.78205,0.78206,424,2,0
2026-04-17 13:15:00,0.78206,0.78245,0.78204,0.78241,312,0,0
2026-04-17 13:30:00,0.78241,0.7826,0.7823,0.7824,336,2,0
2026-04-17 13:45:00,0.7824,0.78263,0.7823,0.78253,259,2,0
2026-04-17 14:00:00,0.78253,0.78269,0.7824,0.78252,270,2,0
2026-04-17 14:15:00,0.78252,0.78257,0.78234,0.78245,310,2,0
2026-04-17 14:30:00,0.78245,0.78261,0.78232,0.78237,230,2,0
2026-04-17 14:45:00,0.78237,0.78271,0.78232,0.78256,422,2,0
2026-04-17 15:00:00,0.78256,0.78263,0.78218,0.78234,530,2,0
2026-04-17 15:15:00,0.78234,0.7825,0.78176,0.78197,885,1,0
2026-04-17 15:30:00,0.78197,0.78205,0.78125,0.78154,801,2,0
2026-04-17 15:45:00,0.78153,0.78157,0.77917,0.7792,3034,0,0
2026-04-17 16:00:00,0.7792,0.77941,0.77774,0.77812,2320,1,0
2026-04-17 16:15:00,0.77812,0.77972,0.77812,0.77951,2125,0,0
2026-04-17 16:30:00,0.77951,0.77976,0.77846,0.77888,2056,0,0
2026-04-17 16:45:00,0.77887,0.77986,0.77835,0.77863,2354,0,0
2026-04-17 17:00:00,0.77863,0.7789,0.77813,0.77851,1792,1,0
2026-04-17 17:15:00,0.77851,0.7786,0.77753,0.77812,1452,0,0
2026-04-17 17:30:00,0.77812,0.7787,0.77777,0.77814,1615,2,0
2026-04-17 17:45:00,0.77814,0.77887,0.7781,0.77875,1571,2,0
2026-04-17 18:00:00,0.77875,0.77941,0.77858,0.7787,1814,2,0
2026-04-17 18:15:00,0.77871,0.7796,0.77869,0.77941,1254,2,0
2026-04-17 18:30:00,0.77942,0.7797,0.7789,0.77964,1108,0,0
2026-04-17 18:45:00,0.77964,0.77969,0.77911,0.77954,1087,0,0
2026-04-17 19:00:00,0.77954,0.77985,0.77945,0.77949,872,2,0
2026-04-17 19:15:00,0.77949,0.77951,0.77885,0.77923,609,2,0
2026-04-17 19:30:00,0.77923,0.77935,0.77909,0.77912,398,2,0
2026-04-17 19:45:00,0.77912,0.77944,0.77902,0.77944,438,2,0
2026-04-17 20:00:00,0.77944,0.78052,0.77943,0.78029,944,2,0
2026-04-17 20:15:00,0.78029,0.78038,0.77977,0.78015,997,1,0
2026-04-17 20:30:00,0.78015,0.78017,0.77991,0.78,761,2,0
2026-04-17 20:45:00,0.78,0.78002,0.77945,0.77955,441,2,0
2026-04-17 21:00:00,0.77955,0.77993,0.77945,0.77988,443,2,0
2026-04-17 21:15:00,0.77988,0.77993,0.77939,0.77989,657,2,0
2026-04-17 21:30:00,0.77989,0.78009,0.77955,0.77999,608,2,0
2026-04-17 21:45:00,0.77999,0.78111,0.77993,0.78064,853,0,0
2026-04-17 22:00:00,0.78064,0.78077,0.7803,0.78035,463,2,0
2026-04-17 22:15:00,0.78035,0.78086,0.7803,0.78083,357,2,0
2026-04-17 22:30:00,0.78083,0.78118,0.78075,0.78113,345,2,0
2026-04-17 22:45:00,0.78113,0.78144,0.78113,0.78134,456,2,0
2026-04-17 23:00:00,0.78134,0.78148,0.78113,0.78113,224,4,0
2026-04-17 23:15:00,0.78113,0.7816,0.78104,0.7816,202,11,0
2026-04-17 23:30:00,0.7816,0.78164,0.7814,0.78152,218,10,0
2026-04-17 23:45:00,0.78152,0.78185,0.78142,0.78169,543,0,0
2026-04-20 00:00:00,0.78127,0.7818,0.78032,0.78144,281,25,0
2026-04-20 00:15:00,0.78144,0.78166,0.78123,0.78138,130,25,0
2026-04-20 00:30:00,0.78138,0.78176,0.78138,0.78176,174,29,0
2026-04-20 00:45:00,0.78176,0.78252,0.7816,0.78246,186,33,0
2026-04-20 01:00:00,0.78246,0.78358,0.7824,0.78336,604,12,0
2026-04-20 01:15:00,0.78336,0.78388,0.78329,0.78371,332,12,0
2026-04-20 01:30:00,0.78371,0.78371,0.78332,0.78359,283,12,0
2026-04-20 01:45:00,0.78359,0.78359,0.78332,0.78344,104,12,0
2026-04-20 02:00:00,0.78344,0.78346,0.78297,0.78303,356,10,0
2026-04-20 02:15:00,0.78303,0.78334,0.78296,0.78333,372,8,0
2026-04-20 02:30:00,0.78333,0.78363,0.78315,0.78356,485,9,0
2026-04-20 02:45:00,0.78355,0.78383,0.78354,0.7837,720,9,0
2026-04-20 03:00:00,0.7837,0.78386,0.78302,0.78316,1060,6,0
2026-04-20 03:15:00,0.78316,0.78319,0.78257,0.78268,752,7,0
2026-04-20 03:30:00,0.78266,0.7828,0.78252,0.78257,503,7,0
2026-04-20 03:45:00,0.78257,0.78276,0.78247,0.78259,544,7,0
2026-04-20 04:00:00,0.78259,0.78287,0.78244,0.78278,911,9,0
2026-04-20 04:15:00,0.78278,0.78307,0.78278,0.78298,521,9,0
2026-04-20 04:30:00,0.78298,0.78299,0.78215,0.78235,704,5,0
2026-04-20 04:45:00,0.78235,0.78253,0.78219,0.78248,427,8,0
2026-04-20 05:00:00,0.78248,0.78254,0.78225,0.78232,551,8,0
2026-04-20 05:15:00,0.78232,0.78237,0.78219,0.78219,393,9,0
2026-04-20 05:30:00,0.78219,0.78234,0.78211,0.7823,334,9,0
2026-04-20 05:45:00,0.7823,0.78266,0.78228,0.78254,366,8,0
2026-04-20 06:00:00,0.78254,0.78268,0.78247,0.78255,277,8,0
2026-04-20 06:15:00,0.78255,0.78261,0.78233,0.78236,405,8,0
2026-04-20 06:30:00,0.78236,0.78236,0.78204,0.78217,335,8,0
2026-04-20 06:45:00,0.78217,0.78231,0.78215,0.78225,241,9,0
2026-04-20 07:00:00,0.78225,0.7823,0.78209,0.78217,244,9,0
2026-04-20 07:15:00,0.78217,0.78249,0.78217,0.78244,225,9,0
2026-04-20 07:30:00,0.78244,0.78264,0.78243,0.78247,269,9,0
2026-04-20 07:45:00,0.78247,0.78256,0.7823,0.78245,300,9,0
2026-04-20 08:00:00,0.78248,0.78263,0.78241,0.78253,394,2,0
2026-04-20 08:15:00,0.78253,0.78285,0.78245,0.78284,335,2,0
2026-04-20 08:30:00,0.78284,0.78336,0.78281,0.78334,598,2,0
2026-04-20 08:45:00,0.78334,0.78335,0.78296,0.78308,643,2,0
2026-04-20 09:00:00,0.78308,0.78332,0.78287,0.7833,706,2,0
2026-04-20 09:15:00,0.78329,0.78351,0.78316,0.78317,562,2,0
2026-04-20 09:30:00,0.78317,0.78317,0.78244,0.78244,790,1,0
2026-04-20 09:45:00,0.78244,0.78267,0.78202,0.78206,697,1,0
2026-04-20 10:00:00,0.78206,0.7823,0.78174,0.78183,948,1,0
2026-04-20 10:15:00,0.78183,0.78201,0.78132,0.78184,755,0,0
2026-04-20 10:30:00,0.78184,0.78235,0.78184,0.7821,862,2,0
2026-04-20 10:45:00,0.7821,0.78263,0.7821,0.78227,681,2,0
2026-04-20 11:00:00,0.78227,0.78228,0.78172,0.78193,782,2,0
2026-04-20 11:15:00,0.78193,0.78232,0.78189,0.78192,518,2,0
2026-04-20 11:30:00,0.78192,0.78233,0.78192,0.78214,332,2,0
2026-04-20 11:45:00,0.78214,0.78219,0.78173,0.782,540,2,0
2026-04-20 12:00:00,0.782,0.782,0.78152,0.78163,558,2,0
2026-04-20 12:15:00,0.78163,0.78191,0.78149,0.78187,559,1,0
2026-04-20 12:30:00,0.78187,0.78189,0.78149,0.78154,493,2,0
2026-04-20 12:45:00,0.78154,0.78161,0.7812,0.78135,449,2,0
2026-04-20 13:00:00,0.78135,0.78139,0.78101,0.78125,514,2,0
2026-04-20 13:15:00,0.78125,0.7815,0.78122,0.78142,424,2,0
2026-04-20 13:30:00,0.78142,0.78147,0.78117,0.78132,203,2,0
2026-04-20 13:45:00,0.78132,0.78139,0.78111,0.78112,302,2,0
2026-04-20 14:00:00,0.78112,0.78124,0.78089,0.78091,473,2,0
2026-04-20 14:15:00,0.78091,0.7811,0.78081,0.78106,369,2,0
2026-04-20 14:30:00,0.78106,0.78124,0.78097,0.78103,666,2,0
2026-04-20 14:45:00,0.78102,0.78133,0.78075,0.78114,602,2,0
2026-04-20 15:00:00,0.78114,0.7817,0.78107,0.7817,737,2,0
2026-04-20 15:15:00,0.7817,0.78194,0.78155,0.78166,570,2,0
2026-04-20 15:30:00,0.78166,0.78168,0.78091,0.78093,632,2,0
2026-04-20 15:45:00,0.78093,0.78109,0.7806,0.78093,571,2,0
2026-04-20 16:00:00,0.78093,0.7812,0.78057,0.78068,1138,0,0
2026-04-20 16:15:00,0.78068,0.78068,0.77969,0.77975,881,2,0
2026-04-20 16:30:00,0.77975,0.78002,0.77938,0.77959,815,2,0
2026-04-20 16:45:00,0.77959,0.77989,0.77946,0.77982,937,2,0
2026-04-20 17:00:00,0.77982,0.78065,0.77982,0.78031,923,2,0
2026-04-20 17:15:00,0.78031,0.78035,0.77975,0.77977,1062,2,0
2026-04-20 17:30:00,0.77976,0.7803,0.77955,0.77958,1123,1,0
2026-04-20 17:45:00,0.77958,0.78114,0.77837,0.77847,2624,0,0
2026-04-20 18:00:00,0.7785,0.77913,0.77835,0.77855,1578,1,0
2026-04-20 18:15:00,0.77856,0.7788,0.77764,0.77773,1402,0,0
2026-04-20 18:30:00,0.77773,0.77804,0.77758,0.77798,819,1,0
2026-04-20 18:45:00,0.77798,0.77843,0.77793,0.77822,561,2,0
2026-04-20 19:00:00,0.77821,0.77825,0.77796,0.77809,571,2,0
2026-04-20 19:15:00,0.77809,0.77823,0.77795,0.77818,426,2,0
2026-04-20 19:30:00,0.77818,0.77855,0.7781,0.77831,376,2,0
2026-04-20 19:45:00,0.77831,0.77852,0.77811,0.7782,437,2,0
2026-04-20 20:00:00,0.7782,0.77828,0.77795,0.77815,507,2,0
2026-04-20 20:15:00,0.77815,0.77859,0.77809,0.77856,336,2,0
2026-04-20 20:30:00,0.77856,0.77872,0.77834,0.77848,544,1,0
2026-04-20 20:45:00,0.77848,0.7786,0.77843,0.77849,311,2,0
2026-04-20 21:00:00,0.77848,0.77849,0.77805,0.77808,492,1,0
2026-04-20 21:15:00,0.77808,0.7784,0.77797,0.77836,530,2,0
2026-04-20 21:30:00,0.77836,0.77867,0.77832,0.77855,495,0,0
2026-04-20 21:45:00,0.77855,0.77884,0.77851,0.77876,414,2,0
2026-04-20 22:00:00,0.77876,0.77879,0.77825,0.77826,272,2,0
2026-04-20 22:15:00,0.77826,0.77849,0.77822,0.77831,190,2,0
2026-04-20 22:30:00,0.77831,0.77841,0.7782,0.77829,278,2,0
2026-04-20 22:45:00,0.77829,0.77844,0.77822,0.77839,278,2,0
2026-04-20 23:00:00,0.77839,0.77842,0.77822,0.77824,181,4,0
2026-04-20 23:15:00,0.77824,0.77843,0.77824,0.77833,85,11,0
2026-04-20 23:30:00,0.77834,0.77853,0.77828,0.77836,167,12,0
2026-04-20 23:45:00,0.77836,0.77836,0.77815,0.7782,283,12,0
2026-04-21 00:00:00,0.77763,0.77867,0.77752,0.77833,385,20,0
2026-04-21 00:15:00,0.77833,0.77847,0.77819,0.77828,158,48,0
2026-04-21 00:30:00,0.77828,0.77832,0.77807,0.77824,375,53,0
2026-04-21 00:45:00,0.77824,0.77834,0.77805,0.77815,657,39,0
2026-04-21 01:00:00,0.77815,0.77834,0.77807,0.77819,870,12,0
2026-04-21 01:15:00,0.77819,0.77825,0.77808,0.77814,45,12,0
2026-04-21 01:30:00,0.77814,0.77825,0.77814,0.77815,67,12,0
2026-04-21 01:45:00,0.77815,0.77818,0.77793,0.77794,158,11,0
2026-04-21 02:00:00,0.77794,0.77826,0.77794,0.77826,171,9,0
2026-04-21 02:15:00,0.77826,0.77838,0.77826,0.77837,86,10,0
2026-04-21 02:30:00,0.77837,0.7785,0.77832,0.77832,163,10,0
2026-04-21 02:45:00,0.77832,0.77856,0.77832,0.7785,253,9,0
2026-04-21 03:00:00,0.7785,0.7787,0.77848,0.77855,520,8,0
2026-04-21 03:15:00,0.77855,0.7788,0.77853,0.77872,421,8,0
2026-04-21 03:30:00,0.77872,0.77883,0.77857,0.77858,384,8,0
2026-04-21 03:45:00,0.77858,0.7787,0.77838,0.77858,585,6,0
2026-04-21 04:00:00,0.77858,0.77875,0.7785,0.77874,247,8,0
2026-04-21 04:15:00,0.77874,0.77875,0.77846,0.77856,283,7,0
2026-04-21 04:30:00,0.77856,0.77861,0.77837,0.77847,298,8,0
2026-04-21 04:45:00,0.77847,0.77879,0.77838,0.77874,400,7,0
2026-04-21 05:00:00,0.77874,0.77893,0.77866,0.77873,343,6,0
2026-04-21 05:15:00,0.77873,0.77909,0.77871,0.77891,301,8,0
2026-04-21 05:30:00,0.77891,0.77914,0.7789,0.77903,292,9,0
2026-04-21 05:45:00,0.77903,0.77904,0.7788,0.77884,208,7,0
2026-04-21 06:00:00,0.77884,0.77902,0.77878,0.77898,305,9,0
2026-04-21 06:15:00,0.77898,0.77941,0.77895,0.77911,283,4,0
2026-04-21 06:30:00,0.77911,0.77943,0.77911,0.77934,329,8,0
2026-04-21 06:45:00,0.77934,0.77936,0.7792,0.77929,177,9,0
2026-04-21 07:00:00,0.77929,0.77938,0.77923,0.77933,130,8,0
2026-04-21 07:15:00,0.77933,0.77935,0.77926,0.77926,165,9,0
2026-04-21 07:30:00,0.77926,0.77929,0.77921,0.77929,101,9,0
2026-04-21 07:45:00,0.77929,0.77932,0.77923,0.77928,197,9,0
2026-04-21 08:00:00,0.77931,0.77932,0.77875,0.77878,345,2,0
2026-04-21 08:15:00,0.77878,0.7788,0.77853,0.77858,329,2,0
2026-04-21 08:30:00,0.77858,0.77867,0.77848,0.7786,242,2,0
2026-04-21 08:45:00,0.7786,0.77876,0.77856,0.77876,208,2,0
2026-04-21 09:00:00,0.77876,0.77913,0.77862,0.77879,506,2,0
2026-04-21 09:15:00,0.77879,0.77916,0.77878,0.77889,314,2,0
2026-04-21 09:30:00,0.77889,0.77916,0.77881,0.77887,546,2,0
2026-04-21 09:45:00,0.77887,0.77906,0.77872,0.77888,583,2,0
2026-04-21 10:00:00,0.77889,0.77932,0.77881,0.77915,898,2,0
2026-04-21 10:15:00,0.77915,0.77937,0.77899,0.77912,608,2,0
2026-04-21 10:30:00,0.77911,0.77949,0.77906,0.77928,589,1,0
2026-04-21 10:45:00,0.77928,0.77965,0.77883,0.77957,946,2,0
2026-04-21 11:00:00,0.77957,0.7807,0.77939,0.78064,1526,1,0
2026-04-21 11:15:00,0.78064,0.78064,0.7799,0.78018,550,2,0
2026-04-21 11:30:00,0.78018,0.78047,0.78008,0.78022,567,1,0
2026-04-21 11:45:00,0.78022,0.78041,0.78021,0.78033,288,2,0
2026-04-21 12:00:00,0.78033,0.78059,0.78029,0.78032,449,2,0
2026-04-21 12:15:00,0.78032,0.7806,0.77995,0.78049,382,2,0
2026-04-21 12:30:00,0.78049,0.78051,0.78024,0.78032,365,2,0
2026-04-21 12:45:00,0.78031,0.78033,0.77941,0.77974,543,0,0
2026-04-21 13:00:00,0.77974,0.78,0.77973,0.77978,359,2,0
2026-04-21 13:15:00,0.77978,0.78006,0.77977,0.78004,332,2,0
2026-04-21 13:30:00,0.78004,0.78013,0.77986,0.78006,342,2,0
2026-04-21 13:45:00,0.78006,0.78006,0.77987,0.77993,285,2,0
2026-04-21 14:00:00,0.77993,0.7803,0.77979,0.78003,757,2,0
2026-04-21 14:15:00,0.78003,0.7801,0.77952,0.77952,463,2,0
2026-04-21 14:30:00,0.77952,0.77973,0.77932,0.77962,389,2,0
2026-04-21 14:45:00,0.77962,0.77962,0.77923,0.77924,390,2,0
2026-04-21 15:00:00,0.77924,0.77962,0.77915,0.77944,500,2,0
2026-04-21 15:15:00,0.77944,0.77987,0.77942,0.77975,498,2,0
2026-04-21 15:30:00,0.77974,0.78022,0.77967,0.78005,1058,2,0
2026-04-21 15:45:00,0.78005,0.78034,0.77971,0.78014,741,1,0
2026-04-21 16:00:00,0.78014,0.78017,0.77984,0.78004,588,2,0
2026-04-21 16:15:00,0.78004,0.78007,0.77958,0.7796,556,1,0
2026-04-21 16:30:00,0.7796,0.77967,0.77917,0.77922,715,2,0
2026-04-21 16:45:00,0.77922,0.77928,0.77893,0.77913,623,2,0
2026-04-21 17:00:00,0.77913,0.77927,0.77878,0.77882,663,2,0
2026-04-21 17:15:00,0.77882,0.779,0.77861,0.77886,799,2,0
2026-04-21 17:30:00,0.77886,0.77913,0.77828,0.77876,932,2,0
2026-04-21 17:45:00,0.77876,0.78003,0.77876,0.77965,1675,1,0
2026-04-21 18:00:00,0.77965,0.78006,0.77928,0.77933,1454,2,0
2026-04-21 18:15:00,0.77933,0.78039,0.7793,0.78031,844,2,0
2026-04-21 18:30:00,0.78031,0.78073,0.78,0.78014,880,1,0
2026-04-21 18:45:00,0.78014,0.78034,0.78002,0.7801,661,2,0
2026-04-21 19:00:00,0.7801,0.78029,0.77977,0.78021,906,2,0
2026-04-21 19:15:00,0.78021,0.78064,0.78014,0.78062,558,2,0
2026-04-21 19:30:00,0.78062,0.78078,0.78044,0.78074,595,0,0
2026-04-21 19:45:00,0.78075,0.78097,0.78069,0.78083,600,2,0
2026-04-21 20:00:00,0.78083,0.78236,0.78083,0.78218,1458,2,0
2026-04-21 20:15:00,0.78218,0.78261,0.78175,0.78177,1023,2,0
2026-04-21 20:30:00,0.78177,0.78177,0.77959,0.77982,1727,0,0
2026-04-21 20:45:00,0.77982,0.78111,0.7798,0.78085,1133,2,0
2026-04-21 21:00:00,0.78085,0.78118,0.78053,0.7811,959,2,0
2026-04-21 21:15:00,0.7811,0.78177,0.78097,0.78152,1207,0,0
2026-04-21 21:30:00,0.78152,0.78152,0.78106,0.78141,714,2,0
2026-04-21 21:45:00,0.78141,0.78146,0.7805,0.78074,1192,1,0
2026-04-21 22:00:00,0.78074,0.78075,0.77998,0.78041,1039,0,0
2026-04-21 22:15:00,0.78041,0.78063,0.78013,0.78018,1332,0,0
2026-04-21 22:30:00,0.78018,0.78241,0.78017,0.78222,1802,0,0
2026-04-21 22:45:00,0.78222,0.78238,0.78162,0.78209,1897,2,0
2026-04-21 23:00:00,0.78204,0.78227,0.78034,0.7809,1593,0,0
2026-04-21 23:15:00,0.7809,0.78111,0.78011,0.78045,634,8,0
2026-04-21 23:30:00,0.78045,0.7808,0.78033,0.78077,384,12,0
2026-04-21 23:45:00,0.78077,0.78098,0.78054,0.78059,616,12,0
2026-04-22 00:00:00,0.78008,0.781,0.7798,0.7798,44,82,0
2026-04-22 00:15:00,0.7798,0.78112,0.77964,0.78074,295,23,0
2026-04-22 00:30:00,0.78074,0.78086,0.78033,0.78041,358,87,0
2026-04-22 00:45:00,0.78041,0.78094,0.78035,0.78079,442,80,0
2026-04-22 01:00:00,0.78079,0.78098,0.78054,0.78085,300,12,0
2026-04-22 01:15:00,0.78085,0.78086,0.78065,0.78081,153,12,0
2026-04-22 01:30:00,0.78081,0.78095,0.78076,0.78092,331,12,0
2026-04-22 01:45:00,0.78092,0.78099,0.78089,0.78097,83,12,0
2026-04-22 02:00:00,0.78097,0.78104,0.78091,0.78094,165,10,0
2026-04-22 02:15:00,0.78094,0.78096,0.78069,0.78074,155,10,0
2026-04-22 02:30:00,0.78074,0.7808,0.7807,0.78078,101,9,0
2026-04-22 02:45:00,0.78078,0.78078,0.78047,0.78052,201,10,0
2026-04-22 03:00:00,0.78052,0.78055,0.77992,0.78009,586,8,0
2026-04-22 03:15:00,0.78009,0.7802,0.77986,0.78017,426,9,0
2026-04-22 03:30:00,0.78017,0.78018,0.77991,0.78016,291,8,0
2026-04-22 03:45:00,0.78017,0.78058,0.78015,0.78054,591,6,0
2026-04-22 04:00:00,0.78054,0.78095,0.78028,0.78087,427,6,0
2026-04-22 04:15:00,0.78087,0.78092,0.78068,0.78076,290,8,0
2026-04-22 04:30:00,0.78076,0.78078,0.78036,0.78062,275,9,0
2026-04-22 04:45:00,0.78062,0.78065,0.78044,0.78052,243,8,0
2026-04-22 05:00:00,0.78052,0.78055,0.78025,0.78031,330,8,0
2026-04-22 05:15:00,0.78031,0.78046,0.78028,0.78031,249,8,0
2026-04-22 05:30:00,0.78031,0.78057,0.78027,0.78057,296,8,0
2026-04-22 05:45:00,0.78057,0.78081,0.78046,0.78071,308,8,0
2026-04-22 06:00:00,0.78071,0.78082,0.78053,0.78065,340,8,0
2026-04-22 06:15:00,0.78065,0.78074,0.78058,0.78061,312,9,0
2026-04-22 06:30:00,0.78061,0.78074,0.78048,0.78063,225,9,0
2026-04-22 06:45:00,0.78063,0.78081,0.78061,0.78078,284,9,0
2026-04-22 07:00:00,0.78078,0.78079,0.78055,0.78061,238,9,0
2026-04-22 07:15:00,0.78061,0.78072,0.7806,0.78067,199,9,0
2026-04-22 07:30:00,0.78067,0.78081,0.7806,0.78061,230,8,0
2026-04-22 07:45:00,0.78061,0.78076,0.78048,0.78074,281,9,0
2026-04-22 08:00:00,0.78077,0.78077,0.78045,0.78053,294,2,0
2026-04-22 08:15:00,0.78053,0.7806,0.7792,0.77947,1190,1,0
2026-04-22 08:30:00,0.77947,0.77982,0.7794,0.77954,493,2,0
2026-04-22 08:45:00,0.77954,0.77977,0.77946,0.77972,348,2,0
2026-04-22 09:00:00,0.77972,0.78015,0.77965,0.77989,417,2,0
2026-04-22 09:15:00,0.77989,0.77992,0.77957,0.77959,454,2,0
2026-04-22 09:30:00,0.77959,0.78022,0.77945,0.78018,492,2,0
2026-04-22 09:45:00,0.78018,0.78019,0.77981,0.78002,469,1,0
2026-04-22 10:00:00,0.78002,0.78006,0.77957,0.77962,623,2,0
2026-04-22 10:15:00,0.77962,0.7801,0.7796,0.77998,623,2,0
2026-04-22 10:30:00,0.77998,0.78011,0.77968,0.77977,472,0,0
2026-04-22 10:45:00,0.77977,0.78001,0.77964,0.77982,572,2,0
2026-04-22 11:00:00,0.77982,0.77998,0.7795,0.77959,621,2,0
2026-04-22 11:15:00,0.77959,0.78016,0.77942,0.77995,576,2,0
2026-04-22 11:30:00,0.77995,0.78027,0.77978,0.78007,512,0,0
2026-04-22 11:45:00,0.78007,0.78014,0.77977,0.78003,486,2,0
2026-04-22 12:00:00,0.78003,0.78011,0.77977,0.78004,460,2,0
2026-04-22 12:15:00,0.78004,0.7803,0.78001,0.78019,317,2,0
2026-04-22 12:30:00,0.78019,0.78099,0.78018,0.78089,399,2,0
2026-04-22 12:45:00,0.78089,0.7813,0.78083,0.78112,548,2,0
2026-04-22 13:00:00,0.78112,0.78137,0.78079,0.78116,740,2,0
2026-04-22 13:15:00,0.78116,0.78116,0.78086,0.78089,462,2,0
2026-04-22 13:30:00,0.78089,0.78106,0.78069,0.78097,503,2,0
2026-04-22 13:45:00,0.78097,0.78101,0.7807,0.78089,438,2,0
2026-04-22 14:00:00,0.78089,0.78133,0.78089,0.78133,505,2,0
2026-04-22 14:15:00,0.78133,0.78155,0.78118,0.78144,424,2,0
2026-04-22 14:30:00,0.78144,0.7819,0.78131,0.78178,625,1,0
2026-04-22 14:45:00,0.78178,0.78202,0.78136,0.78184,772,1,0
2026-04-22 15:00:00,0.78184,0.78212,0.78147,0.78205,713,2,0
2026-04-22 15:15:00,0.78205,0.78221,0.78159,0.78218,599,2,0
2026-04-22 15:30:00,0.78218,0.78295,0.78209,0.78294,926,2,0
2026-04-22 15:45:00,0.78293,0.7832,0.7826,0.78306,724,2,0
2026-04-22 16:00:00,0.78306,0.78306,0.78215,0.7826,920,1,0
2026-04-22 16:15:00,0.7826,0.78278,0.78176,0.78217,1157,1,0
2026-04-22 16:30:00,0.78217,0.78252,0.7817,0.78194,1136,0,0
2026-04-22 16:45:00,0.78194,0.78253,0.78177,0.78221,1018,1,0
2026-04-22 17:00:00,0.78221,0.78246,0.78204,0.78225,915,2,0
2026-04-22 17:15:00,0.78225,0.78226,0.78185,0.78208,739,1,0
2026-04-22 17:30:00,0.78208,0.7827,0.78208,0.78247,1110,2,0
2026-04-22 17:45:00,0.78247,0.78324,0.78234,0.78303,998,1,0
2026-04-22 18:00:00,0.78303,0.78354,0.78298,0.78315,965,2,0
2026-04-22 18:15:00,0.78315,0.78331,0.78264,0.78267,606,2,0
2026-04-22 18:30:00,0.78266,0.78335,0.78266,0.78335,738,2,0
2026-04-22 18:45:00,0.78335,0.78353,0.78305,0.78349,829,1,0
2026-04-22 19:00:00,0.78349,0.7837,0.7833,0.78337,747,2,0
2026-04-22 19:15:00,0.78337,0.78386,0.78334,0.78359,467,2,0
2026-04-22 19:30:00,0.78359,0.78383,0.78339,0.78365,525,2,0
2026-04-22 19:45:00,0.78365,0.78393,0.78348,0.78389,598,2,0
2026-04-22 20:00:00,0.78389,0.78396,0.7835,0.78376,624,2,0
2026-04-22 20:15:00,0.78376,0.78376,0.78346,0.78347,346,2,0
2026-04-22 20:30:00,0.78347,0.78383,0.78339,0.78368,356,0,0
2026-04-22 20:45:00,0.78368,0.78423,0.78365,0.78419,518,2,0
2026-04-22 21:00:00,0.78419,0.78429,0.78397,0.78414,417,2,0
2026-04-22 21:15:00,0.78414,0.78458,0.78414,0.7843,447,2,0
2026-04-22 21:30:00,0.7843,0.78438,0.78413,0.78415,231,2,0
2026-04-22 21:45:00,0.78415,0.78437,0.78409,0.78431,295,2,0
2026-04-22 22:00:00,0.78431,0.78455,0.78428,0.7844,354,2,0
2026-04-22 22:15:00,0.7844,0.78442,0.78426,0.78434,322,2,0
2026-04-22 22:30:00,0.78434,0.78464,0.78434,0.78458,195,2,0
2026-04-22 22:45:00,0.78458,0.78491,0.78458,0.78477,306,2,0
2026-04-22 23:00:00,0.78474,0.78487,0.78461,0.78474,274,6,0
2026-04-22 23:15:00,0.78475,0.78475,0.78463,0.7847,220,12,0
2026-04-22 23:30:00,0.7847,0.78495,0.78459,0.78473,203,5,0
2026-04-22 23:45:00,0.78473,0.78495,0.78459,0.78473,349,12,0
2026-04-23 00:00:00,0.78368,0.78473,0.78351,0.78386,116,19,0
2026-04-23 00:15:00,0.78386,0.78417,0.78316,0.78395,220,58,0
2026-04-23 00:30:00,0.78395,0.7843,0.78395,0.78418,308,32,0
2026-04-23 00:45:00,0.78426,0.7843,0.784,0.7842,384,29,0
2026-04-23 01:00:00,0.7842,0.78463,0.78413,0.78463,218,11,0
2026-04-23 01:15:00,0.78463,0.78463,0.78448,0.78457,63,12,0
2026-04-23 01:30:00,0.78457,0.78471,0.78451,0.78469,177,11,0
2026-04-23 01:45:00,0.78469,0.78472,0.78454,0.78458,137,12,0
2026-04-23 02:00:00,0.78458,0.78478,0.78457,0.78466,165,10,0
2026-04-23 02:15:00,0.78466,0.78472,0.78463,0.78468,71,10,0
2026-04-23 02:30:00,0.78468,0.78473,0.78461,0.78463,150,11,0
2026-04-23 02:45:00,0.78463,0.78485,0.7846,0.78479,155,10,0
2026-04-23 03:00:00,0.78481,0.78551,0.78465,0.78551,1028,7,0
2026-04-23 03:15:00,0.78551,0.78584,0.7844,0.78441,1958,3,0
2026-04-23 03:30:00,0.78441,0.78443,0.7841,0.78425,767,7,0
2026-04-23 03:45:00,0.78426,0.78444,0.78415,0.78427,646,5,0
2026-04-23 04:00:00,0.78428,0.78433,0.78411,0.78423,460,8,0
2026-04-23 04:15:00,0.78423,0.78445,0.78412,0.78444,279,8,0
2026-04-23 04:30:00,0.78444,0.7845,0.78423,0.78432,389,7,0
2026-04-23 04:45:00,0.78432,0.78461,0.78425,0.78456,365,8,0
2026-04-23 05:00:00,0.78456,0.78497,0.7845,0.7849,434,8,0
2026-04-23 05:15:00,0.7849,0.785,0.78474,0.78494,445,9,0
2026-04-23 05:30:00,0.78494,0.78499,0.78477,0.78494,531,9,0
2026-04-23 05:45:00,0.78494,0.7856,0.78489,0.78553,568,8,0
2026-04-23 06:00:00,0.78553,0.78567,0.78523,0.7856,683,6,0
2026-04-23 06:15:00,0.7856,0.78565,0.78551,0.7856,461,8,0
2026-04-23 06:30:00,0.78561,0.7857,0.78546,0.78565,367,7,0
2026-04-23 06:45:00,0.78565,0.78578,0.78558,0.78569,255,9,0
2026-04-23 07:00:00,0.78569,0.78574,0.78559,0.78562,284,9,0
2026-04-23 07:15:00,0.78562,0.78565,0.78549,0.78559,260,9,0
2026-04-23 07:30:00,0.78559,0.78561,0.7855,0.78554,216,9,0
2026-04-23 07:45:00,0.78554,0.78558,0.78539,0.78547,282,9,0
2026-04-23 08:00:00,0.7855,0.78554,0.7854,0.78546,329,2,0
2026-04-23 08:15:00,0.78546,0.78552,0.78542,0.78545,209,2,0
2026-04-23 08:30:00,0.78545,0.78555,0.78532,0.78535,446,2,0
2026-04-23 08:45:00,0.78535,0.78535,0.78501,0.78502,397,2,0
2026-04-23 09:00:00,0.78501,0.78522,0.78481,0.78513,296,2,0
2026-04-23 09:15:00,0.78513,0.78524,0.78492,0.78498,285,2,0
2026-04-23 09:30:00,0.78498,0.78501,0.7846,0.78463,402,2,0
2026-04-23 09:45:00,0.78463,0.78467,0.78432,0.78456,539,2,0
2026-04-23 10:00:00,0.78456,0.78473,0.78411,0.78466,653,2,0
2026-04-23 10:15:00,0.78466,0.78501,0.78441,0.7849,485,2,0
2026-04-23 10:30:00,0.7849,0.78518,0.7847,0.78484,531,2,0
2026-04-23 10:45:00,0.78484,0.78487,0.78436,0.78466,512,2,0
2026-04-23 11:00:00,0.78466,0.78484,0.78438,0.78459,682,2,0
2026-04-23 11:15:00,0.78459,0.7847,0.78405,0.78428,452,1,0
2026-04-23 11:30:00,0.78428,0.78462,0.78415,0.78461,679,0,0
2026-04-23 11:45:00,0.78461,0.78472,0.78407,0.78411,523,2,0
2026-04-23 12:00:00,0.78412,0.78499,0.78407,0.78479,548,2,0
2026-04-23 12:15:00,0.78479,0.7849,0.78422,0.78474,651,2,0
2026-04-23 12:30:00,0.78474,0.78522,0.78463,0.78485,549,1,0
2026-04-23 12:45:00,0.78485,0.78519,0.78478,0.78515,528,2,0
2026-04-23 13:00:00,0.78515,0.78576,0.78497,0.78567,614,2,0
2026-04-23 13:15:00,0.78567,0.78588,0.78542,0.78558,413,2,0
2026-04-23 13:30:00,0.78558,0.7856,0.78522,0.78545,471,2,0
2026-04-23 13:45:00,0.78545,0.78571,0.78535,0.78555,594,2,0
2026-04-23 14:00:00,0.78555,0.78572,0.78542,0.78551,651,2,0
2026-04-23 14:15:00,0.78551,0.78561,0.78531,0.7854,524,2,0
2026-04-23 14:30:00,0.7854,0.78553,0.78499,0.78503,583,2,0
2026-04-23 14:45:00,0.78503,0.78507,0.78421,0.78445,989,2,0
2026-04-23 15:00:00,0.78445,0.78484,0.78425,0.78476,1188,0,0
2026-04-23 15:15:00,0.78476,0.7855,0.78476,0.78524,616,2,0
2026-04-23 15:30:00,0.78524,0.78532,0.78486,0.78505,728,2,0
2026-04-23 15:45:00,0.78505,0.7857,0.78487,0.78545,1085,0,0
2026-04-23 16:00:00,0.78545,0.78595,0.78527,0.78586,758,0,0
2026-04-23 16:15:00,0.78586,0.78588,0.78545,0.78557,652,2,0
2026-04-23 16:30:00,0.78557,0.78598,0.78525,0.78572,881,2,0
2026-04-23 16:45:00,0.78591,0.78635,0.78516,0.78553,1247,0,0
2026-04-23 17:00:00,0.78553,0.78575,0.78461,0.78463,1178,2,0
2026-04-23 17:15:00,0.78463,0.78474,0.78411,0.78439,762,2,0
2026-04-23 17:30:00,0.78439,0.78461,0.78422,0.78439,713,2,0
2026-04-23 17:45:00,0.78439,0.78439,0.78318,0.78353,1496,2,0
2026-04-23 18:00:00,0.78353,0.7841,0.78333,0.78396,800,0,0
2026-04-23 18:15:00,0.78396,0.78404,0.7833,0.78362,725,2,0
2026-04-23 18:30:00,0.78362,0.78419,0.78362,0.78418,681,2,0
2026-04-23 18:45:00,0.78418,0.7844,0.7839,0.7843,834,2,0
2026-04-23 19:00:00,0.7843,0.78477,0.78425,0.78476,590,2,0
2026-04-23 19:15:00,0.78476,0.78481,0.78454,0.78459,393,2,0
2026-04-23 19:30:00,0.78459,0.78475,0.78447,0.7846,374,2,0
2026-04-23 19:45:00,0.7846,0.78488,0.78449,0.78462,412,2,0
2026-04-23 20:00:00,0.78462,0.78653,0.78459,0.7863,1859,1,0
2026-04-23 20:15:00,0.7863,0.78683,0.78597,0.78635,1656,0,0
2026-04-23 20:30:00,0.78634,0.78723,0.78591,0.78712,1504,2,0
2026-04-23 20:45:00,0.78712,0.78735,0.78568,0.78572,2973,0,0
2026-04-23 21:00:00,0.78572,0.78582,0.78487,0.78523,2047,0,0
2026-04-23 21:15:00,0.78523,0.78558,0.785,0.78535,1331,0,0
2026-04-23 21:30:00,0.78535,0.78567,0.78507,0.78551,830,2,0
2026-04-23 21:45:00,0.78551,0.78605,0.78549,0.78603,704,2,0
2026-04-23 22:00:00,0.78604,0.78623,0.78596,0.78618,798,2,0
2026-04-23 22:15:00,0.78618,0.78632,0.78605,0.78624,559,2,0
2026-04-23 22:30:00,0.78624,0.78659,0.78618,0.78643,643,2,0
2026-04-23 22:45:00,0.78643,0.7866,0.78613,0.78626,624,2,0
2026-04-23 23:00:00,0.78621,0.78651,0.78621,0.78636,380,12,0
2026-04-23 23:15:00,0.78636,0.78646,0.78626,0.78633,156,12,0
2026-04-23 23:30:00,0.78634,0.78634,0.78622,0.78628,111,12,0
2026-04-23 23:45:00,0.78628,0.78646,0.78619,0.78619,278,12,0
2026-04-24 00:00:00,0.78461,0.78619,0.78447,0.78554,262,25,0
2026-04-24 00:15:00,0.78553,0.78603,0.78515,0.78603,208,77,0
2026-04-24 00:30:00,0.78603,0.78603,0.78567,0.78582,295,46,0
2026-04-24 00:45:00,0.78583,0.78602,0.78573,0.78582,262,42,0
2026-04-24 01:00:00,0.78582,0.78625,0.78582,0.78622,390,12,0
2026-04-24 01:15:00,0.78622,0.78628,0.78619,0.78622,75,12,0
2026-04-24 01:30:00,0.78622,0.78629,0.78619,0.78623,112,12,0
2026-04-24 01:45:00,0.78623,0.78629,0.78618,0.78625,43,12,0
2026-04-24 02:00:00,0.78625,0.78644,0.78625,0.78643,63,10,0
2026-04-24 02:15:00,0.78643,0.78652,0.78633,0.78634,73,10,0
2026-04-24 02:30:00,0.78634,0.78638,0.78621,0.78625,104,10,0
2026-04-24 02:45:00,0.78625,0.78632,0.78614,0.78622,247,9,0
2026-04-24 03:00:00,0.78622,0.78637,0.78592,0.78593,549,8,0
2026-04-24 03:15:00,0.78593,0.78621,0.78579,0.78596,314,7,0
2026-04-24 03:30:00,0.78596,0.78645,0.78587,0.78639,539,6,0
2026-04-24 03:45:00,0.7864,0.78653,0.78616,0.78626,608,6,0
2026-04-24 04:00:00,0.78626,0.78641,0.78609,0.78616,416,8,0
2026-04-24 04:15:00,0.78616,0.78624,0.78606,0.78624,321,9,0
2026-04-24 04:30:00,0.78624,0.78642,0.78617,0.78642,522,7,0
2026-04-24 04:45:00,0.78643,0.78646,0.78603,0.78605,509,7,0
2026-04-24 05:00:00,0.78605,0.78641,0.786,0.78635,497,9,0
2026-04-24 05:15:00,0.78635,0.7867,0.78627,0.78665,409,8,0
2026-04-24 05:30:00,0.78665,0.78665,0.78634,0.78661,297,8,0
2026-04-24 05:45:00,0.78661,0.78683,0.78661,0.78678,261,8,0
2026-04-24 06:00:00,0.78678,0.78704,0.78668,0.78701,475,9,0
2026-04-24 06:15:00,0.78701,0.78712,0.78695,0.7871,474,8,0
2026-04-24 06:30:00,0.7871,0.78728,0.78697,0.78705,395,9,0
2026-04-24 06:45:00,0.78705,0.78705,0.78679,0.78694,379,8,0
2026-04-24 07:00:00,0.78694,0.78723,0.7868,0.78691,321,7,0
2026-04-24 07:15:00,0.78691,0.78702,0.78687,0.78698,201,8,0
2026-04-24 07:30:00,0.78698,0.78701,0.78683,0.78696,228,8,0
2026-04-24 07:45:00,0.78696,0.78699,0.78667,0.78698,309,8,0
2026-04-24 08:00:00,0.78698,0.78715,0.7869,0.78698,381,2,0
2026-04-24 08:15:00,0.78697,0.78705,0.78682,0.78689,361,2,0
2026-04-24 08:30:00,0.78689,0.7869,0.78668,0.78673,353,2,0
2026-04-24 08:45:00,0.78673,0.78689,0.78668,0.78682,339,2,0
2026-04-24 09:00:00,0.78682,0.78693,0.78668,0.78673,348,2,0
2026-04-24 09:15:00,0.78673,0.78716,0.78667,0.78714,329,2,0
2026-04-24 09:30:00,0.78714,0.78721,0.78681,0.78707,452,2,0
2026-04-24 09:45:00,0.78707,0.78747,0.78706,0.78739,395,2,0
2026-04-24 10:00:00,0.78739,0.78766,0.78722,0.7873,477,2,0
2026-04-24 10:15:00,0.7873,0.78739,0.78714,0.78731,324,2,0
2026-04-24 10:30:00,0.78731,0.78759,0.78703,0.78704,300,1,0
2026-04-24 10:45:00,0.78704,0.78706,0.78644,0.78662,465,0,0
2026-04-24 11:00:00,0.78662,0.78701,0.78626,0.78637,627,2,0
2026-04-24 11:15:00,0.78637,0.78638,0.78577,0.7863,736,1,0
2026-04-24 11:30:00,0.7863,0.78659,0.78618,0.78648,462,2,0
2026-04-24 11:45:00,0.78648,0.78649,0.7859,0.7861,564,2,0
2026-04-24 12:00:00,0.7861,0.78639,0.786,0.78619,409,2,0
2026-04-24 12:15:00,0.78619,0.78651,0.78597,0.78649,665,2,0
2026-04-24 12:30:00,0.78649,0.78687,0.78643,0.7868,578,2,0
2026-04-24 12:45:00,0.7868,0.78701,0.78677,0.78695,333,2,0
2026-04-24 13:00:00,0.78695,0.78714,0.78657,0.78667,418,2,0
2026-04-24 13:15:00,0.78667,0.78682,0.78633,0.78636,424,2,0
2026-04-24 13:30:00,0.78636,0.78647,0.78602,0.7861,476,2,0
2026-04-24 13:45:00,0.7861,0.78628,0.78584,0.78589,271,2,0
2026-04-24 14:00:00,0.78589,0.78607,0.78523,0.78606,1218,1,0
2026-04-24 14:15:00,0.78606,0.78637,0.7853,0.78533,1612,0,0
2026-04-24 14:30:00,0.78533,0.78575,0.7853,0.78554,999,2,0
2026-04-24 14:45:00,0.78554,0.78567,0.78529,0.7853,712,2,0
2026-04-24 15:00:00,0.7853,0.78545,0.78492,0.78515,897,2,0
2026-04-24 15:15:00,0.78515,0.78546,0.78501,0.78546,887,1,0
2026-04-24 15:30:00,0.78546,0.78618,0.78545,0.78616,623,2,0
2026-04-24 15:45:00,0.78616,0.78672,0.78596,0.78612,766,2,0
2026-04-24 16:00:00,0.78613,0.7865,0.78588,0.78639,694,0,0
2026-04-24 16:15:00,0.78639,0.78675,0.78633,0.78671,738,2,0
2026-04-24 16:30:00,0.78671,0.78744,0.78653,0.78715,1153,0,0
2026-04-24 16:45:00,0.78714,0.7872,0.78661,0.78671,746,2,0
2026-04-24 17:00:00,0.78671,0.78702,0.78563,0.78591,1727,0,0
2026-04-24 17:15:00,0.78591,0.78606,0.78543,0.78566,1053,2,0
2026-04-24 17:30:00,0.78566,0.78575,0.78529,0.78562,1048,0,0
2026-04-24 17:45:00,0.78562,0.78624,0.78548,0.7862,1040,2,0
2026-04-24 18:00:00,0.7862,0.78623,0.78571,0.78603,827,2,0
2026-04-24 18:15:00,0.78603,0.78622,0.78583,0.78602,603,2,0
2026-04-24 18:30:00,0.78602,0.78626,0.78526,0.78551,999,0,0
2026-04-24 18:45:00,0.78551,0.78555,0.78457,0.78477,1656,1,0
2026-04-24 19:00:00,0.78477,0.78501,0.78461,0.78491,731,2,0
2026-04-24 19:15:00,0.78491,0.78522,0.78488,0.78522,495,2,0
2026-04-24 19:30:00,0.78522,0.78522,0.78487,0.78519,526,2,0
2026-04-24 19:45:00,0.78519,0.78519,0.78484,0.78489,524,2,0
2026-04-24 20:00:00,0.78489,0.785,0.7846,0.78486,598,2,0
2026-04-24 20:15:00,0.78486,0.78522,0.78486,0.7852,406,2,0
2026-04-24 20:30:00,0.7852,0.7854,0.78515,0.78523,429,2,0
2026-04-24 20:45:00,0.78523,0.78541,0.78486,0.78541,315,0,0
2026-04-24 21:00:00,0.78541,0.78557,0.78534,0.7854,357,2,0
2026-04-24 21:15:00,0.7854,0.78557,0.78531,0.78541,421,2,0
2026-04-24 21:30:00,0.78541,0.78553,0.78504,0.7851,558,2,0
2026-04-24 21:45:00,0.7851,0.7853,0.7851,0.78528,248,2,0
2026-04-24 22:00:00,0.78528,0.78531,0.78497,0.785,259,2,0
2026-04-24 22:15:00,0.785,0.78524,0.78492,0.78512,411,2,0
2026-04-24 22:30:00,0.78512,0.7852,0.78503,0.7852,177,2,0
2026-04-24 22:45:00,0.7852,0.78526,0.78494,0.78496,430,2,0
2026-04-24 23:00:00,0.78491,0.78505,0.78464,0.78477,260,3,0
2026-04-24 23:15:00,0.78477,0.78486,0.78471,0.78477,147,11,0
2026-04-24 23:30:00,0.78478,0.78493,0.78472,0.78478,184,12,0
2026-04-24 23:45:00,0.78478,0.78505,0.78447,0.7848,430,0,0
2026-04-27 00:00:00,0.787,0.787,0.78617,0.78641,17,0,0
2026-04-27 00:15:00,0.78641,0.78641,0.78595,0.7864,17,44,0
2026-04-27 00:30:00,0.7864,0.7864,0.78478,0.78483,124,50,0
2026-04-27 00:45:00,0.78483,0.78508,0.78472,0.78479,141,101,0
2026-04-27 01:00:00,0.78479,0.78593,0.78479,0.78592,758,6,0
2026-04-27 01:15:00,0.78592,0.7863,0.78588,0.78617,118,12,0
2026-04-27 01:30:00,0.78617,0.78633,0.78604,0.78611,92,12,0
2026-04-27 01:45:00,0.78611,0.78626,0.78608,0.78617,104,12,0
2026-04-27 02:00:00,0.78617,0.78621,0.78608,0.78617,201,10,0
2026-04-27 02:15:00,0.78617,0.78638,0.7861,0.78637,125,8,0
2026-04-27 02:30:00,0.78637,0.7865,0.78633,0.78647,142,10,0
2026-04-27 02:45:00,0.78647,0.78648,0.78631,0.78644,196,9,0
2026-04-27 03:00:00,0.78644,0.78646,0.78612,0.78612,546,6,0
2026-04-27 03:15:00,0.78612,0.78633,0.78605,0.7861,369,8,0
2026-04-27 03:30:00,0.7861,0.78615,0.78597,0.78598,295,9,0
2026-04-27 03:45:00,0.78598,0.78605,0.78563,0.78569,385,5,0
2026-04-27 04:00:00,0.78569,0.78569,0.78472,0.78533,1228,5,0
2026-04-27 04:15:00,0.78533,0.78541,0.78497,0.78525,434,8,0
2026-04-27 04:30:00,0.78525,0.78537,0.78507,0.78513,369,8,0
2026-04-27 04:45:00,0.78513,0.78515,0.78477,0.78496,428,8,0
2026-04-27 05:00:00,0.78496,0.78519,0.7848,0.78504,405,7,0
2026-04-27 05:15:00,0.78504,0.78507,0.78482,0.78501,273,8,0
2026-04-27 05:30:00,0.78501,0.78504,0.78478,0.78491,364,7,0
2026-04-27 05:45:00,0.78491,0.78494,0.78468,0.78482,231,8,0
2026-04-27 06:00:00,0.78482,0.78483,0.78455,0.78465,491,7,0
2026-04-27 06:15:00,0.78465,0.7847,0.78458,0.78466,216,9,0
2026-04-27 06:30:00,0.78466,0.7847,0.78442,0.78445,250,8,0
2026-04-27 06:45:00,0.78445,0.78462,0.78437,0.78462,269,8,0
2026-04-27 07:00:00,0.78462,0.78467,0.78455,0.78459,293,9,0
2026-04-27 07:15:00,0.78459,0.78462,0.78442,0.78443,183,9,0
2026-04-27 07:30:00,0.78443,0.78453,0.78434,0.78444,306,7,0
2026-04-27 07:45:00,0.78444,0.78482,0.78443,0.78474,343,8,0
2026-04-27 08:00:00,0.78477,0.78488,0.78471,0.78486,274,2,0
2026-04-27 08:15:00,0.78486,0.78492,0.78477,0.7848,262,2,0
2026-04-27 08:30:00,0.7848,0.78503,0.78479,0.78489,371,2,0
2026-04-27 08:45:00,0.78489,0.78521,0.7848,0.78519,367,2,0
2026-04-27 09:00:00,0.78519,0.78555,0.78512,0.78546,317,2,0
2026-04-27 09:15:00,0.78546,0.78567,0.78546,0.78559,459,2,0
2026-04-27 09:30:00,0.78559,0.78564,0.78532,0.78545,380,2,0
2026-04-27 09:45:00,0.78545,0.78546,0.78495,0.785,352,2,0
2026-04-27 10:00:00,0.785,0.7851,0.78464,0.78473,481,2,0
2026-04-27 10:15:00,0.78473,0.78499,0.78464,0.78499,635,2,0
2026-04-27 10:30:00,0.78499,0.78519,0.78486,0.78518,541,2,0
2026-04-27 10:45:00,0.78518,0.78521,0.78449,0.78476,640,2,0
2026-04-27 11:00:00,0.78476,0.78483,0.78413,0.7843,745,1,0
2026-04-27 11:15:00,0.7843,0.78441,0.78399,0.78412,546,2,0
2026-04-27 11:30:00,0.78412,0.7842,0.78373,0.78373,466,2,0
2026-04-27 11:45:00,0.78373,0.78379,0.78337,0.78356,450,2,0
2026-04-27 12:00:00,0.78356,0.78382,0.78345,0.78374,372,2,0
2026-04-27 12:15:00,0.78374,0.78411,0.78374,0.78381,425,2,0
2026-04-27 12:30:00,0.78381,0.78403,0.7836,0.7839,359,2,0
2026-04-27 12:45:00,0.7839,0.78425,0.78382,0.78423,505,2,0
2026-04-27 13:00:00,0.78423,0.78428,0.78407,0.78427,327,2,0
2026-04-27 13:15:00,0.78427,0.78444,0.78419,0.7842,237,2,0
2026-04-27 13:30:00,0.7842,0.78435,0.78403,0.78407,309,2,0
2026-04-27 13:45:00,0.78407,0.78421,0.78397,0.78419,420,2,0
2026-04-27 14:00:00,0.78419,0.78451,0.78397,0.78443,365,2,0
2026-04-27 14:15:00,0.78443,0.78458,0.78421,0.78446,404,1,0
2026-04-27 14:30:00,0.78446,0.78493,0.78437,0.78483,346,2,0
2026-04-27 14:45:00,0.78483,0.78498,0.78458,0.78478,397,2,0
2026-04-27 15:00:00,0.78478,0.78478,0.78368,0.78374,634,2,0
2026-04-27 15:15:00,0.78374,0.78423,0.78356,0.784,730,2,0
2026-04-27 15:30:00,0.784,0.7843,0.78388,0.78412,570,1,0
2026-04-27 15:45:00,0.78412,0.78451,0.78399,0.78447,732,2,0
2026-04-27 16:00:00,0.78447,0.78458,0.78368,0.78398,919,0,0
2026-04-27 16:15:00,0.78398,0.78402,0.78368,0.784,592,2,0
2026-04-27 16:30:00,0.784,0.78425,0.78394,0.78424,921,2,0
2026-04-27 16:45:00,0.78424,0.7848,0.78423,0.78453,831,2,0
2026-04-27 17:00:00,0.78453,0.78468,0.78403,0.78428,911,2,0
2026-04-27 17:15:00,0.78428,0.7843,0.78383,0.78406,511,2,0
2026-04-27 17:30:00,0.78406,0.78411,0.78318,0.78333,933,0,0
2026-04-27 17:45:00,0.78333,0.78432,0.78307,0.78421,923,1,0
2026-04-27 18:00:00,0.78421,0.78466,0.78413,0.78459,777,2,0
2026-04-27 18:15:00,0.78459,0.78485,0.78427,0.78466,692,2,0
2026-04-27 18:30:00,0.78466,0.78478,0.78439,0.78447,378,2,0
2026-04-27 18:45:00,0.78447,0.78464,0.78441,0.78449,443,2,0
2026-04-27 19:00:00,0.78449,0.78486,0.78444,0.78478,478,2,0
2026-04-27 19:15:00,0.78478,0.78507,0.78465,0.78503,387,2,0
2026-04-27 19:30:00,0.78503,0.78508,0.78491,0.78507,268,2,0
2026-04-27 19:45:00,0.78507,0.78538,0.78493,0.78537,410,2,0
2026-04-27 20:00:00,0.78537,0.78578,0.78526,0.78568,411,2,0
2026-04-27 20:15:00,0.78568,0.786,0.78556,0.78574,328,2,0
2026-04-27 20:30:00,0.78574,0.78574,0.78512,0.78539,383,2,0
2026-04-27 20:45:00,0.78539,0.78566,0.78539,0.78553,255,2,0
2026-04-27 21:00:00,0.78553,0.78569,0.78546,0.78549,297,2,0
2026-04-27 21:15:00,0.78549,0.78554,0.78534,0.78547,248,2,0
2026-04-27 21:30:00,0.78547,0.78554,0.7853,0.78542,255,2,0
2026-04-27 21:45:00,0.78542,0.78563,0.78529,0.78555,270,2,0
2026-04-27 22:00:00,0.78555,0.78559,0.7854,0.7854,196,2,0
2026-04-27 22:15:00,0.7854,0.78547,0.78525,0.78531,215,2,0
2026-04-27 22:30:00,0.78531,0.7855,0.78531,0.78536,223,2,0
2026-04-27 22:45:00,0.78536,0.78566,0.78523,0.78564,294,2,0
2026-04-27 23:00:00,0.78559,0.78574,0.78553,0.78569,230,11,0
2026-04-27 23:15:00,0.78569,0.7857,0.78562,0.78566,95,12,0
2026-04-27 23:30:00,0.78567,0.78567,0.78553,0.78553,89,11,0
2026-04-27 23:45:00,0.78553,0.78559,0.78549,0.78551,275,12,0
2026-04-28 00:00:00,0.78454,0.78498,0.78398,0.78427,150,70,0
2026-04-28 00:15:00,0.78427,0.78451,0.7839,0.78433,133,123,0
2026-04-28 00:30:00,0.78432,0.78491,0.78409,0.7849,180,38,0
2026-04-28 00:45:00,0.7849,0.7849,0.78457,0.78475,325,35,0
2026-04-28 01:00:00,0.78475,0.7854,0.78463,0.78523,372,12,0
2026-04-28 01:15:00,0.78522,0.78539,0.78513,0.78531,208,12,0
2026-04-28 01:30:00,0.78531,0.78533,0.78498,0.78523,277,11,0
2026-04-28 01:45:00,0.78523,0.78532,0.78515,0.78528,121,12,0
2026-04-28 02:00:00,0.78528,0.7854,0.78526,0.78529,199,10,0
2026-04-28 02:15:00,0.78529,0.78536,0.78524,0.78533,71,10,0
2026-04-28 02:30:00,0.78533,0.78539,0.78532,0.78533,76,10,0
2026-04-28 02:45:00,0.78533,0.78537,0.78526,0.78526,198,10,0
2026-04-28 03:00:00,0.78526,0.78529,0.78486,0.78507,448,8,0
2026-04-28 03:15:00,0.78507,0.78559,0.78505,0.78549,575,7,0
2026-04-28 03:30:00,0.78549,0.78568,0.78547,0.78564,390,8,0
2026-04-28 03:45:00,0.78564,0.78583,0.78556,0.7858,392,7,0
2026-04-28 04:00:00,0.7858,0.78626,0.7858,0.78615,549,7,0
2026-04-28 04:15:00,0.78615,0.78626,0.7861,0.78616,426,8,0
2026-04-28 04:30:00,0.78616,0.78623,0.78597,0.78617,472,9,0
2026-04-28 04:45:00,0.78617,0.78662,0.78615,0.78654,476,7,0
2026-04-28 05:00:00,0.78654,0.78664,0.78645,0.78651,305,9,0
2026-04-28 05:15:00,0.78651,0.78667,0.78648,0.78666,248,9,0
2026-04-28 05:30:00,0.78666,0.78684,0.78664,0.78678,242,8,0
2026-04-28 05:45:00,0.78678,0.78683,0.78662,0.78675,343,9,0
2026-04-28 06:00:00,0.78675,0.78684,0.78649,0.78659,641,5,0
2026-04-28 06:15:00,0.78659,0.78661,0.78632,0.78634,318,8,0
2026-04-28 06:30:00,0.78634,0.78652,0.78614,0.7865,376,8,0
2026-04-28 06:45:00,0.7865,0.78665,0.78645,0.78652,267,8,0
2026-04-28 07:00:00,0.78652,0.78668,0.78646,0.78654,327,9,0
2026-04-28 07:15:00,0.78654,0.7866,0.78647,0.78656,288,8,0
2026-04-28 07:30:00,0.78656,0.78662,0.7864,0.78643,315,8,0
2026-04-28 07:45:00,0.78643,0.78686,0.78641,0.78684,401,8,0
2026-04-28 08:00:00,0.78687,0.78726,0.78683,0.78714,527,2,0
2026-04-28 08:15:00,0.78714,0.78723,0.78706,0.78707,284,2,0
2026-04-28 08:30:00,0.78706,0.78746,0.78706,0.78745,616,2,0
2026-04-28 08:45:00,0.78745,0.78749,0.78727,0.78742,465,2,0
2026-04-28 09:00:00,0.78742,0.78788,0.78739,0.78747,634,2,0
2026-04-28 09:15:00,0.78747,0.78798,0.78746,0.7877,394,2,0
2026-04-28 09:30:00,0.7877,0.78815,0.78757,0.78814,507,1,0
2026-04-28 09:45:00,0.78813,0.7897,0.78809,0.78959,833,2,0
2026-04-28 10:00:00,0.78959,0.7897,0.78904,0.78915,979,1,0
2026-04-28 10:15:00,0.78915,0.78915,0.7884,0.78881,902,2,0
2026-04-28 10:30:00,0.78882,0.7893,0.78858,0.78897,630,1,0
2026-04-28 10:45:00,0.78897,0.78966,0.78896,0.78966,629,2,0
2026-04-28 11:00:00,0.78966,0.78972,0.78873,0.78899,927,1,0
2026-04-28 11:15:00,0.78899,0.78899,0.78825,0.78825,764,2,0
2026-04-28 11:30:00,0.78825,0.7893,0.7882,0.78898,709,1,0
2026-04-28 11:45:00,0.78898,0.78915,0.78883,0.78889,444,2,0
2026-04-28 12:00:00,0.78889,0.78906,0.78864,0.78906,630,2,0
2026-04-28 12:15:00,0.78906,0.78936,0.78898,0.78924,415,0,0
2026-04-28 12:30:00,0.78924,0.79018,0.78922,0.78973,670,2,0
2026-04-28 12:45:00,0.78973,0.78992,0.78922,0.78984,743,0,0
2026-04-28 13:00:00,0.78984,0.79009,0.78955,0.7899,490,2,0
2026-04-28 13:15:00,0.7899,0.78998,0.78962,0.78978,399,2,0
2026-04-28 13:30:00,0.78977,0.78978,0.78942,0.78962,453,2,0
2026-04-28 13:45:00,0.78962,0.78988,0.78937,0.78939,524,2,0
2026-04-28 14:00:00,0.78939,0.78973,0.78921,0.78966,629,1,0
2026-04-28 14:15:00,0.78966,0.78983,0.78947,0.78971,629,2,0
2026-04-28 14:30:00,0.78971,0.79029,0.7897,0.79007,660,2,0
2026-04-28 14:45:00,0.79007,0.79092,0.79006,0.79078,927,2,0
2026-04-28 15:00:00,0.79078,0.79112,0.79061,0.79085,824,0,0
2026-04-28 15:15:00,0.79085,0.79098,0.79027,0.79039,1308,2,0
2026-04-28 15:30:00,0.79039,0.79082,0.79019,0.79038,864,2,0
2026-04-28 15:45:00,0.79038,0.79038,0.78949,0.7896,957,0,0
2026-04-28 16:00:00,0.7896,0.79025,0.78954,0.79025,726,2,0
2026-04-28 16:15:00,0.79025,0.79066,0.78973,0.78982,957,0,0
2026-04-28 16:30:00,0.78982,0.79066,0.7898,0.79013,1676,0,0
2026-04-28 16:45:00,0.79013,0.79034,0.78994,0.79012,1007,1,0
2026-04-28 17:00:00,0.79011,0.79066,0.79009,0.79044,1283,2,0
2026-04-28 17:15:00,0.79043,0.79089,0.7904,0.79058,1036,0,0
2026-04-28 17:30:00,0.79057,0.79068,0.79011,0.79015,1549,2,0
2026-04-28 17:45:00,0.79015,0.79059,0.78962,0.78975,1808,0,0
2026-04-28 18:00:00,0.78975,0.7899,0.78931,0.78987,1186,2,0
2026-04-28 18:15:00,0.78987,0.78994,0.78906,0.78918,883,2,0
2026-04-28 18:30:00,0.78918,0.78948,0.78868,0.78892,779,2,0
2026-04-28 18:45:00,0.78892,0.78904,0.78879,0.7888,452,2,0
2026-04-28 19:00:00,0.7888,0.78909,0.78872,0.7888,548,2,0
2026-04-28 19:15:00,0.78879,0.78942,0.78879,0.78935,479,2,0
2026-04-28 19:30:00,0.78935,0.78965,0.78926,0.78932,552,2,0
2026-04-28 19:45:00,0.78932,0.78944,0.78913,0.78919,585,0,0
2026-04-28 20:00:00,0.78919,0.78958,0.78908,0.78939,476,2,0
2026-04-28 20:15:00,0.78939,0.78968,0.78939,0.78948,258,2,0
2026-04-28 20:30:00,0.78948,0.7895,0.78908,0.78928,310,2,0
2026-04-28 20:45:00,0.78928,0.78929,0.78897,0.78908,357,2,0
2026-04-28 21:00:00,0.78908,0.78938,0.78901,0.7893,369,2,0
2026-04-28 21:15:00,0.7893,0.78932,0.7891,0.78917,505,2,0
2026-04-28 21:30:00,0.78917,0.78944,0.78917,0.78924,260,2,0
2026-04-28 21:45:00,0.78924,0.78965,0.78921,0.78958,336,2,0
2026-04-28 22:00:00,0.78958,0.78962,0.7892,0.78945,281,2,0
2026-04-28 22:15:00,0.78945,0.78965,0.78945,0.7896,246,2,0
2026-04-28 22:30:00,0.7896,0.7898,0.78954,0.78976,175,2,0
2026-04-28 22:45:00,0.78976,0.78985,0.78952,0.78953,289,2,0
2026-04-28 23:00:00,0.78948,0.78949,0.78913,0.78924,238,10,0
2026-04-28 23:15:00,0.78924,0.78935,0.78912,0.78917,129,11,0
2026-04-28 23:30:00,0.78917,0.78918,0.78905,0.78914,92,10,0
2026-04-28 23:45:00,0.78914,0.78926,0.78905,0.78913,331,12,0
2026-04-29 00:00:00,0.78881,0.78943,0.78846,0.7886,111,56,0
2026-04-29 00:15:00,0.78864,0.78872,0.78857,0.78863,124,116,0
2026-04-29 00:30:00,0.78863,0.78868,0.78856,0.78864,215,127,0
2026-04-29 00:45:00,0.78864,0.78899,0.7886,0.78871,229,76,0
2026-04-29 01:00:00,0.78871,0.78905,0.78866,0.78896,143,6,0
2026-04-29 01:15:00,0.78896,0.78912,0.78873,0.78912,106,12,0
2026-04-29 01:30:00,0.78912,0.78912,0.78898,0.78898,37,12,0
2026-04-29 01:45:00,0.78898,0.78911,0.78896,0.78911,41,12,0
2026-04-29 02:00:00,0.78911,0.78914,0.78902,0.78907,76,10,0
2026-04-29 02:15:00,0.78907,0.78907,0.78901,0.78904,71,10,0
2026-04-29 02:30:00,0.78904,0.78911,0.78901,0.78903,110,10,0
2026-04-29 02:45:00,0.78903,0.78904,0.78894,0.78896,142,10,0
2026-04-29 03:00:00,0.78898,0.78898,0.7886,0.7888,386,7,0
2026-04-29 03:15:00,0.7888,0.78914,0.78878,0.78898,323,7,0
2026-04-29 03:30:00,0.78898,0.78901,0.78877,0.78883,168,9,0
2026-04-29 03:45:00,0.78883,0.78903,0.78881,0.78894,378,8,0
2026-04-29 04:00:00,0.78894,0.78968,0.78886,0.78968,819,7,0
2026-04-29 04:15:00,0.78968,0.7897,0.78921,0.78928,541,8,0
2026-04-29 04:30:00,0.78928,0.78938,0.78861,0.78871,662,7,0
2026-04-29 04:45:00,0.78871,0.78913,0.7887,0.78888,478,7,0
2026-04-29 05:00:00,0.78888,0.78888,0.78837,0.78846,481,8,0
2026-04-29 05:15:00,0.78846,0.7886,0.78826,0.78853,582,7,0
2026-04-29 05:30:00,0.78853,0.78893,0.78847,0.78879,389,9,0
2026-04-29 05:45:00,0.78879,0.78891,0.78854,0.7889,290,8,0
2026-04-29 06:00:00,0.7889,0.78891,0.78851,0.7887,301,6,0
2026-04-29 06:15:00,0.7887,0.78886,0.78864,0.78884,313,7,0
2026-04-29 06:30:00,0.78884,0.789,0.78871,0.78896,218,8,0
2026-04-29 06:45:00,0.78896,0.78906,0.78892,0.78894,215,8,0
2026-04-29 07:00:00,0.78894,0.78903,0.78885,0.7889,230,7,0
2026-04-29 07:15:00,0.7889,0.78901,0.78888,0.78888,163,9,0
2026-04-29 07:30:00,0.78888,0.78894,0.78877,0.78894,210,9,0
2026-04-29 07:45:00,0.78894,0.78906,0.78889,0.78899,194,9,0
2026-04-29 08:00:00,0.78902,0.78935,0.78899,0.78934,272,2,0
2026-04-29 08:15:00,0.78934,0.78947,0.78931,0.78936,179,2,0
2026-04-29 08:30:00,0.78936,0.78975,0.78927,0.78951,414,2,0
2026-04-29 08:45:00,0.78951,0.7896,0.78937,0.78953,362,2,0
2026-04-29 09:00:00,0.78953,0.78956,0.78924,0.78949,294,2,0
2026-04-29 09:15:00,0.78949,0.7896,0.78924,0.78931,371,2,0
2026-04-29 09:30:00,0.78931,0.78958,0.78888,0.78912,384,2,0
2026-04-29 09:45:00,0.78912,0.78918,0.78883,0.78902,525,2,0
2026-04-29 10:00:00,0.78902,0.7892,0.78871,0.7889,618,2,0
2026-04-29 10:15:00,0.7889,0.78933,0.78888,0.78915,413,2,0
2026-04-29 10:30:00,0.78915,0.7894,0.7889,0.78936,519,2,0
2026-04-29 10:45:00,0.78937,0.78949,0.78893,0.78916,491,2,0
2026-04-29 11:00:00,0.78916,0.78962,0.78895,0.78946,898,2,0
2026-04-29 11:15:00,0.78946,0.78953,0.78896,0.78907,631,2,0
2026-04-29 11:30:00,0.78907,0.78955,0.78899,0.78951,512,2,0
2026-04-29 11:45:00,0.78951,0.78967,0.78928,0.78963,352,2,0
2026-04-29 12:00:00,0.78963,0.78975,0.7893,0.78952,428,2,0
2026-04-29 12:15:00,0.78952,0.79002,0.7894,0.78985,393,2,0
2026-04-29 12:30:00,0.78984,0.78993,0.78942,0.78992,421,2,0
2026-04-29 12:45:00,0.78992,0.79028,0.7898,0.79022,396,2,0
2026-04-29 13:00:00,0.79022,0.79034,0.78969,0.78971,483,2,0
2026-04-29 13:15:00,0.78971,0.78992,0.78965,0.78976,320,2,0
2026-04-29 13:30:00,0.78975,0.7899,0.78968,0.78971,332,2,0
2026-04-29 13:45:00,0.78971,0.78973,0.78921,0.78922,384,2,0
2026-04-29 14:00:00,0.78922,0.78949,0.78892,0.78921,704,2,0
2026-04-29 14:15:00,0.78921,0.7893,0.78905,0.78916,379,2,0
2026-04-29 14:30:00,0.78916,0.78924,0.7888,0.78915,384,2,0
2026-04-29 14:45:00,0.78915,0.78941,0.78902,0.78932,328,2,0
2026-04-29 15:00:00,0.78932,0.78938,0.78873,0.78905,509,2,0
2026-04-29 15:15:00,0.78905,0.78912,0.78877,0.78906,437,2,0
2026-04-29 15:30:00,0.78906,0.78999,0.78906,0.78991,695,2,0
2026-04-29 15:45:00,0.78991,0.7902,0.78987,0.79012,714,2,0
2026-04-29 16:00:00,0.79012,0.79019,0.78984,0.78997,802,2,0
2026-04-29 16:15:00,0.78997,0.79109,0.78997,0.79104,945,2,0
2026-04-29 16:30:00,0.79104,0.79154,0.79088,0.7913,1130,2,0
2026-04-29 16:45:00,0.7913,0.79161,0.79103,0.79116,1192,2,0
2026-04-29 17:00:00,0.79117,0.79129,0.79049,0.79061,1071,2,0
2026-04-29 17:15:00,0.79061,0.79079,0.79014,0.79057,991,2,0
2026-04-29 17:30:00,0.79057,0.79071,0.79007,0.79042,879,2,0
2026-04-29 17:45:00,0.79042,0.79078,0.78957,0.78968,1078,2,0
2026-04-29 18:00:00,0.78969,0.79001,0.7896,0.79001,894,2,0
2026-04-29 18:15:00,0.79,0.79024,0.78966,0.79009,836,2,0
2026-04-29 18:30:00,0.79009,0.79017,0.78964,0.78969,748,2,0
2026-04-29 18:45:00,0.78969,0.79073,0.78942,0.79023,1401,0,0
2026-04-29 19:00:00,0.79023,0.79025,0.7898,0.79018,874,2,0
2026-04-29 19:15:00,0.79018,0.79036,0.79,0.79019,609,2,0
2026-04-29 19:30:00,0.79019,0.79044,0.79012,0.79044,760,0,0
2026-04-29 19:45:00,0.79044,0.79069,0.79039,0.79061,690,2,0
2026-04-29 20:00:00,0.79061,0.79091,0.79053,0.79082,495,2,0
2026-04-29 20:15:00,0.79082,0.79094,0.79057,0.79073,592,2,0
2026-04-29 20:30:00,0.79073,0.79084,0.79057,0.79069,615,2,0
2026-04-29 20:45:00,0.79069,0.79077,0.79011,0.79011,723,0,0
2026-04-29 21:00:00,0.79011,0.79168,0.78998,0.79163,1665,0,0
2026-04-29 21:15:00,0.79163,0.79165,0.79087,0.79145,987,2,0
2026-04-29 21:30:00,0.79145,0.7923,0.79082,0.79229,1522,0,0
2026-04-29 21:45:00,0.79229,0.7925,0.79146,0.79152,1401,2,0
2026-04-29 22:00:00,0.79152,0.79182,0.79104,0.79105,1020,2,0
2026-04-29 22:15:00,0.79105,0.79118,0.79066,0.79113,599,2,0
2026-04-29 22:30:00,0.79113,0.79163,0.79111,0.79142,543,2,0
2026-04-29 22:45:00,0.79142,0.79147,0.79092,0.79106,471,2,0
2026-04-29 23:00:00,0.79106,0.79162,0.79096,0.79156,497,2,0
2026-04-29 23:15:00,0.79156,0.79169,0.79141,0.79146,326,10,0
2026-04-29 23:30:00,0.79146,0.79161,0.79134,0.79139,159,12,0
2026-04-29 23:45:00,0.7914,0.79169,0.79133,0.79145,506,12,0
2026-04-30 00:00:00,0.79018,0.79032,0.7893,0.79014,38,150,0
2026-04-30 00:15:00,0.79014,0.79017,0.7899,0.78995,432,144,0
2026-04-30 00:30:00,0.78995,0.79078,0.78995,0.79043,640,73,0
2026-04-30 00:45:00,0.79044,0.79071,0.78997,0.79042,1204,99,0
2026-04-30 01:00:00,0.79042,0.79165,0.79026,0.79153,473,12,0
2026-04-30 01:15:00,0.79153,0.79153,0.79109,0.7911,194,12,0
2026-04-30 01:30:00,0.7911,0.79115,0.79099,0.79115,129,12,0
2026-04-30 01:45:00,0.79115,0.79122,0.79101,0.79117,158,12,0
2026-04-30 02:00:00,0.79117,0.79143,0.79114,0.79128,281,8,0
2026-04-30 02:15:00,0.79128,0.79128,0.79108,0.79112,123,10,0
2026-04-30 02:30:00,0.79112,0.79115,0.79056,0.79056,248,10,0
2026-04-30 02:45:00,0.79056,0.7906,0.79039,0.79052,389,9,0
2026-04-30 03:00:00,0.79053,0.79069,0.79015,0.79036,787,7,0
2026-04-30 03:15:00,0.79036,0.79055,0.79022,0.79052,545,7,0
2026-04-30 03:30:00,0.79052,0.79075,0.79035,0.79071,476,8,0
2026-04-30 03:45:00,0.79071,0.79083,0.79055,0.79079,444,8,0
2026-04-30 04:00:00,0.79079,0.79095,0.7907,0.79072,637,8,0
2026-04-30 04:15:00,0.79072,0.79087,0.79063,0.79071,476,8,0
2026-04-30 04:30:00,0.79071,0.79092,0.79051,0.79085,761,8,0
2026-04-30 04:45:00,0.79085,0.79104,0.79056,0.79085,521,8,0
2026-04-30 05:00:00,0.79086,0.79101,0.7908,0.79086,428,7,0
2026-04-30 05:15:00,0.79088,0.7913,0.79082,0.79123,400,8,0
2026-04-30 05:30:00,0.79123,0.79181,0.79123,0.79178,912,5,0
2026-04-30 05:45:00,0.79178,0.79194,0.79145,0.79146,432,8,0
2026-04-30 06:00:00,0.79146,0.79161,0.79129,0.79152,406,7,0
2026-04-30 06:15:00,0.79152,0.79156,0.79113,0.79116,408,8,0
2026-04-30 06:30:00,0.79116,0.79135,0.79109,0.79129,319,8,0
2026-04-30 06:45:00,0.79129,0.7914,0.79129,0.79138,290,9,0
2026-04-30 07:00:00,0.79138,0.79164,0.7913,0.79147,466,8,0
2026-04-30 07:15:00,0.79147,0.79199,0.79145,0.79193,527,8,0
2026-04-30 07:30:00,0.79194,0.79229,0.79193,0.7921,569,7,0
2026-04-30 07:45:00,0.7921,0.7921,0.79191,0.79195,456,8,0
2026-04-30 08:00:00,0.79198,0.79198,0.79151,0.79159,546,2,0
2026-04-30 08:15:00,0.79159,0.79185,0.79155,0.79183,417,2,0
2026-04-30 08:30:00,0.79183,0.79189,0.7915,0.79172,504,2,0
2026-04-30 08:45:00,0.79172,0.79203,0.79168,0.79198,673,2,0
2026-04-30 09:00:00,0.79198,0.79203,0.79145,0.79181,623,2,0
2026-04-30 09:15:00,0.79181,0.79189,0.79151,0.79151,372,2,0
2026-04-30 09:30:00,0.79151,0.79151,0.79101,0.79121,703,2,0
2026-04-30 09:45:00,0.79121,0.79139,0.79115,0.79123,723,2,0
2026-04-30 10:00:00,0.79123,0.79127,0.79042,0.7905,709,2,0
2026-04-30 10:15:00,0.7905,0.79088,0.79035,0.79065,436,2,0
2026-04-30 10:30:00,0.79065,0.79117,0.79064,0.79084,590,2,0
2026-04-30 10:45:00,0.79084,0.79104,0.79009,0.79047,577,2,0
2026-04-30 11:00:00,0.79047,0.79047,0.78868,0.78931,1433,1,0
2026-04-30 11:15:00,0.78931,0.78997,0.78928,0.7895,939,2,0
2026-04-30 11:30:00,0.7895,0.78968,0.78882,0.78948,1012,2,0
2026-04-30 11:45:00,0.78948,0.79013,0.78948,0.78955,927,1,0
2026-04-30 12:00:00,0.78956,0.78959,0.78872,0.78872,1147,0,0
2026-04-30 12:15:00,0.78872,0.78898,0.78824,0.7883,804,0,0
2026-04-30 12:30:00,0.78828,0.78835,0.78753,0.78793,1233,2,0
2026-04-30 12:45:00,0.78793,0.78796,0.78714,0.7874,991,2,0
2026-04-30 13:00:00,0.7874,0.78771,0.78696,0.78756,987,2,0
2026-04-30 13:15:00,0.78756,0.78761,0.78651,0.7866,1088,0,0
2026-04-30 13:30:00,0.7866,0.78674,0.78579,0.78589,2782,0,0
2026-04-30 13:45:00,0.78589,0.78659,0.78533,0.78538,1901,2,0
2026-04-30 14:00:00,0.78538,0.78622,0.78502,0.78542,1543,1,0
2026-04-30 14:15:00,0.78542,0.78559,0.7847,0.78504,1778,0,0
2026-04-30 14:30:00,0.78504,0.78548,0.78461,0.78496,1610,2,0
2026-04-30 14:45:00,0.78496,0.78528,0.78444,0.78502,1812,0,0
2026-04-30 15:00:00,0.78502,0.78558,0.78481,0.78482,1233,0,0
2026-04-30 15:15:00,0.78482,0.78546,0.78401,0.78401,1324,0,0
2026-04-30 15:30:00,0.78401,0.78505,0.784,0.78502,1490,0,0
2026-04-30 15:45:00,0.78503,0.78507,0.78338,0.78393,1747,1,0
2026-04-30 16:00:00,0.78393,0.78407,0.78331,0.78352,2287,0,0
2026-04-30 16:15:00,0.78352,0.78455,0.78351,0.78436,1429,2,0
2026-04-30 16:30:00,0.78436,0.78527,0.78434,0.78447,1445,0,0
2026-04-30 16:45:00,0.78447,0.78468,0.7839,0.78424,1253,1,0
2026-04-30 17:00:00,0.78426,0.78431,0.78232,0.78234,1651,1,0
2026-04-30 17:15:00,0.78234,0.7825,0.78172,0.78236,1615,1,0
2026-04-30 17:30:00,0.78236,0.78482,0.7821,0.7844,2323,0,0
2026-04-30 17:45:00,0.7844,0.78446,0.78097,0.78213,3526,0,0
2026-04-30 18:00:00,0.78213,0.78267,0.78079,0.78154,3041,0,0
2026-04-30 18:15:00,0.78154,0.78192,0.78114,0.78191,1409,1,0
2026-04-30 18:30:00,0.78191,0.782,0.78139,0.78175,1107,0,0
2026-04-30 18:45:00,0.78176,0.78247,0.78176,0.78245,907,2,0
2026-04-30 19:00:00,0.78245,0.78254,0.78197,0.78244,923,2,0
2026-04-30 19:15:00,0.78244,0.78276,0.78235,0.78243,614,2,0
2026-04-30 19:30:00,0.78243,0.78274,0.78236,0.78252,601,2,0
2026-04-30 19:45:00,0.78252,0.78285,0.78243,0.78251,644,2,0
2026-04-30 20:00:00,0.78251,0.78264,0.78209,0.78237,697,0,0
2026-04-30 20:15:00,0.78237,0.78256,0.78196,0.78196,564,1,0
2026-04-30 20:30:00,0.78196,0.78238,0.78162,0.78231,729,1,0
2026-04-30 20:45:00,0.78231,0.78241,0.78214,0.7823,496,2,0
2026-04-30 21:00:00,0.7823,0.78242,0.78196,0.7823,618,2,0
2026-04-30 21:15:00,0.78229,0.7823,0.7816,0.7818,646,2,0
2026-04-30 21:30:00,0.7818,0.78186,0.78136,0.78143,716,0,0
2026-04-30 21:45:00,0.78143,0.78151,0.78099,0.78127,634,2,0
2026-04-30 22:00:00,0.78127,0.78128,0.78056,0.78075,762,0,0
2026-04-30 22:15:00,0.78075,0.78158,0.78072,0.7814,570,1,0
2026-04-30 22:30:00,0.78141,0.78155,0.78111,0.78127,365,2,0
2026-04-30 22:45:00,0.78127,0.78141,0.78116,0.7814,550,2,0
2026-04-30 23:00:00,0.78141,0.78146,0.78101,0.78126,569,4,0
2026-04-30 23:15:00,0.78126,0.78126,0.78107,0.7812,161,11,0
2026-04-30 23:30:00,0.78121,0.78149,0.78097,0.78141,170,10,0
2026-04-30 23:45:00,0.78141,0.78155,0.7812,0.78135,373,11,0
2026-05-01 00:00:00,0.78082,0.78209,0.78002,0.78091,63,89,0
2026-05-01 00:15:00,0.78091,0.78142,0.7806,0.7811,285,114,0
2026-05-01 00:30:00,0.78117,0.78118,0.7807,0.78098,738,67,0
2026-05-01 00:45:00,0.78098,0.78118,0.78053,0.78077,1018,73,0
2026-05-01 01:00:00,0.78077,0.78165,0.78077,0.78164,393,8,0
2026-05-01 01:15:00,0.78164,0.78165,0.78149,0.78153,104,12,0
2026-05-01 01:30:00,0.78153,0.78164,0.78145,0.78151,104,12,0
2026-05-01 01:45:00,0.78151,0.78157,0.78136,0.78136,91,12,0
2026-05-01 02:00:00,0.78136,0.78143,0.78127,0.78136,231,8,0
2026-05-01 02:15:00,0.78136,0.78136,0.78124,0.7813,80,10,0
2026-05-01 02:30:00,0.7813,0.78149,0.78127,0.78149,205,10,0
2026-05-01 02:45:00,0.78149,0.78163,0.78144,0.78161,451,10,0
2026-05-01 03:00:00,0.78163,0.78171,0.78132,0.7816,695,7,0
2026-05-01 03:15:00,0.7816,0.78173,0.78152,0.78167,440,9,0
2026-05-01 03:30:00,0.78167,0.78172,0.7814,0.78149,560,7,0
2026-05-01 03:45:00,0.78149,0.78171,0.78136,0.78157,642,7,0
2026-05-01 04:00:00,0.78157,0.78191,0.78157,0.78175,376,6,0
2026-05-01 04:15:00,0.78175,0.78189,0.78155,0.78162,388,8,0
2026-05-01 04:30:00,0.78162,0.78163,0.78136,0.7816,512,8,0
2026-05-01 04:45:00,0.7816,0.78165,0.7814,0.78149,419,8,0
2026-05-01 05:00:00,0.78149,0.78155,0.78118,0.78136,337,8,0
2026-05-01 05:15:00,0.78136,0.78142,0.78118,0.78139,462,6,0
2026-05-01 05:30:00,0.78139,0.78156,0.78132,0.78151,462,8,0
2026-05-01 05:45:00,0.78151,0.78169,0.78136,0.78138,398,9,0
2026-05-01 06:00:00,0.78138,0.78149,0.78133,0.78134,243,9,0
2026-05-01 06:15:00,0.78134,0.78139,0.78118,0.78127,324,8,0
2026-05-01 06:30:00,0.78127,0.78143,0.78109,0.7814,417,7,0
2026-05-01 06:45:00,0.7814,0.78154,0.78134,0.78151,295,8,0
2026-05-01 07:00:00,0.78151,0.78177,0.78146,0.78169,318,8,0
2026-05-01 07:15:00,0.78169,0.782,0.78166,0.78199,255,9,0
2026-05-01 07:30:00,0.78199,0.78204,0.78188,0.78197,252,8,0
2026-05-01 07:45:00,0.78197,0.78224,0.78197,0.78214,246,8,0
2026-05-01 08:00:00,0.78217,0.78239,0.78216,0.78236,301,2,0
2026-05-01 08:15:00,0.78236,0.78253,0.78232,0.78253,269,2,0
2026-05-01 08:30:00,0.78253,0.78253,0.78239,0.78247,277,2,0
2026-05-01 08:45:00,0.78247,0.78278,0.78247,0.78265,394,2,0
2026-05-01 09:00:00,0.78265,0.7827,0.7824,0.78266,505,2,0
2026-05-01 09:15:00,0.78266,0.78293,0.78263,0.78285,398,2,0
2026-05-01 09:30:00,0.78285,0.78303,0.78258,0.78258,465,2,0
2026-05-01 09:45:00,0.78258,0.7826,0.7796,0.78089,2587,0,0
2026-05-01 10:00:00,0.78089,0.78185,0.78089,0.78158,1598,0,0
2026-05-01 10:15:00,0.78158,0.78186,0.78099,0.781,1186,2,0
2026-05-01 10:30:00,0.781,0.78159,0.78099,0.78146,1129,2,0
2026-05-01 10:45:00,0.78146,0.78205,0.78128,0.78178,962,2,0
2026-05-01 11:00:00,0.78178,0.78206,0.7815,0.78202,922,2,0
2026-05-01 11:15:00,0.78202,0.78204,0.78075,0.78094,947,2,0
2026-05-01 11:30:00,0.78094,0.7815,0.7807,0.78119,668,2,0
2026-05-01 11:45:00,0.78119,0.78146,0.78086,0.78088,755,2,0
2026-05-01 12:00:00,0.78088,0.78154,0.78082,0.78148,704,2,0
2026-05-01 12:15:00,0.78148,0.78188,0.78129,0.78175,664,2,0
2026-05-01 12:30:00,0.78175,0.78179,0.78128,0.78136,681,2,0
2026-05-01 12:45:00,0.78136,0.78154,0.78114,0.78148,683,1,0
2026-05-01 13:00:00,0.78148,0.7817,0.78104,0.78109,673,2,0
2026-05-01 13:15:00,0.78109,0.78115,0.7807,0.78081,602,2,0
2026-05-01 13:30:00,0.78081,0.78115,0.78077,0.78108,483,2,0
2026-05-01 13:45:00,0.78108,0.7811,0.78065,0.78075,568,1,0
2026-05-01 14:00:00,0.78075,0.78089,0.78049,0.7806,659,2,0
2026-05-01 14:15:00,0.7806,0.78068,0.77988,0.78011,743,2,0
2026-05-01 14:30:00,0.78011,0.78074,0.78003,0.78071,603,2,0
2026-05-01 14:45:00,0.78071,0.7808,0.78045,0.78047,619,2,0
2026-05-01 15:00:00,0.78048,0.78078,0.77966,0.77988,1298,0,0
2026-05-01 15:15:00,0.77989,0.77994,0.77884,0.7794,1672,0,0
2026-05-01 15:30:00,0.7794,0.78001,0.77931,0.77995,1136,2,0
2026-05-01 15:45:00,0.77994,0.78036,0.7798,0.78018,748,2,0
2026-05-01 16:00:00,0.78018,0.78053,0.77988,0.78043,939,2,0
2026-05-01 16:15:00,0.78043,0.78057,0.78017,0.78052,795,1,0
2026-05-01 16:30:00,0.78051,0.78071,0.78018,0.78044,1061,2,0
2026-05-01 16:45:00,0.78044,0.78145,0.77981,0.77983,2000,0,0
2026-05-01 17:00:00,0.77983,0.77991,0.77797,0.77835,2085,2,0
2026-05-01 17:15:00,0.77834,0.7787,0.77789,0.77829,1652,0,0
2026-05-01 17:30:00,0.77829,0.77941,0.77825,0.77917,1406,2,0
2026-05-01 17:45:00,0.77917,0.77961,0.77878,0.77883,1493,2,0
2026-05-01 18:00:00,0.77883,0.77932,0.77876,0.77892,1334,2,0
2026-05-01 18:15:00,0.77892,0.77948,0.77879,0.77934,902,2,0
2026-05-01 18:30:00,0.77934,0.77943,0.77894,0.77922,912,0,0
2026-05-01 18:45:00,0.77922,0.78001,0.779,0.77955,1446,0,0
2026-05-01 19:00:00,0.77955,0.77969,0.77934,0.77946,773,1,0
2026-05-01 19:15:00,0.77946,0.77997,0.77924,0.77988,1189,0,0
2026-05-01 19:30:00,0.77988,0.78025,0.77981,0.78008,885,2,0
2026-05-01 19:45:00,0.78008,0.78058,0.78006,0.78055,726,2,0
2026-05-01 20:00:00,0.78055,0.78068,0.78036,0.78049,607,2,0
2026-05-01 20:15:00,0.78049,0.78076,0.78038,0.78065,471,2,0
2026-05-01 20:30:00,0.78065,0.78108,0.78063,0.78106,452,2,0
2026-05-01 20:45:00,0.78106,0.78112,0.78052,0.78084,696,2,0
2026-05-01 21:00:00,0.78084,0.7813,0.78074,0.78127,535,2,0
2026-05-01 21:15:00,0.78127,0.7815,0.78103,0.78123,517,2,0
2026-05-01 21:30:00,0.78124,0.78151,0.78107,0.7812,682,2,0
2026-05-01 21:45:00,0.7812,0.78125,0.781,0.78115,437,2,0
2026-05-01 22:00:00,0.78114,0.78139,0.78113,0.78133,252,2,0
2026-05-01 22:15:00,0.78133,0.78146,0.78126,0.78146,195,2,0
2026-05-01 22:30:00,0.78146,0.78167,0.78143,0.78166,324,2,0
2026-05-01 22:45:00,0.78166,0.78183,0.78159,0.78167,316,2,0
2026-05-01 23:00:00,0.78162,0.78164,0.78148,0.78159,201,12,0
2026-05-01 23:15:00,0.78159,0.78173,0.78158,0.78173,163,12,0
2026-05-01 23:30:00,0.78173,0.78183,0.78159,0.78159,325,12,0
2026-05-01 23:45:00,0.78159,0.78196,0.78147,0.78158,557,11,0
2026-05-04 00:00:00,0.7789,0.78005,0.7786,0.78005,24,150,0
2026-05-04 00:15:00,0.78005,0.78085,0.77987,0.78085,408,135,0
2026-05-04 00:30:00,0.78085,0.78086,0.77918,0.77929,119,145,0
2026-05-04 00:45:00,0.77929,0.78032,0.77923,0.77974,754,112,0
2026-05-04 01:00:00,0.77974,0.7809,0.77974,0.78075,530,12,0
2026-05-04 01:15:00,0.78075,0.78127,0.78075,0.78092,167,11,0
2026-05-04 01:30:00,0.78092,0.78094,0.78059,0.78063,141,10,0
2026-05-04 01:45:00,0.78063,0.78088,0.7806,0.78072,109,9,0
2026-05-04 02:00:00,0.78072,0.78091,0.78071,0.78085,132,7,0
2026-05-04 02:15:00,0.78085,0.78093,0.78083,0.78088,166,7,0
2026-05-04 02:30:00,0.78088,0.78114,0.78076,0.78114,274,8,0
2026-05-04 02:45:00,0.78114,0.78126,0.78093,0.7812,501,8,0
2026-05-04 03:00:00,0.78122,0.7814,0.78097,0.78121,717,8,0
2026-05-04 03:15:00,0.78121,0.78171,0.78113,0.78151,628,8,0
2026-05-04 03:30:00,0.78151,0.78151,0.78124,0.78141,573,8,0
2026-05-04 03:45:00,0.78141,0.78148,0.7809,0.7809,760,7,0
2026-05-04 04:00:00,0.7809,0.78171,0.78088,0.7815,779,6,0
2026-05-04 04:15:00,0.7815,0.78173,0.78094,0.78166,748,7,0
2026-05-04 04:30:00,0.78166,0.7818,0.78129,0.7813,637,7,0
2026-05-04 04:45:00,0.7813,0.78151,0.78118,0.7812,416,9,0
2026-05-04 05:00:00,0.7812,0.78134,0.78098,0.78104,456,6,0
2026-05-04 05:15:00,0.78104,0.78136,0.78103,0.78134,322,6,0
2026-05-04 05:30:00,0.78134,0.78134,0.78099,0.78114,343,6,0
2026-05-04 05:45:00,0.78114,0.78118,0.78092,0.78094,525,7,0
2026-05-04 06:00:00,0.78094,0.78119,0.78092,0.78105,426,7,0
2026-05-04 06:15:00,0.78105,0.78111,0.78099,0.78109,226,8,0
2026-05-04 06:30:00,0.78109,0.78129,0.78107,0.78118,327,6,0
2026-05-04 06:45:00,0.78118,0.78118,0.77994,0.78025,2376,4,0
2026-05-04 07:00:00,0.78025,0.78052,0.7802,0.78052,828,7,0
2026-05-04 07:15:00,0.78052,0.78087,0.78045,0.78086,450,8,0
2026-05-04 07:30:00,0.78085,0.78102,0.78077,0.78099,437,8,0
2026-05-04 07:45:00,0.78099,0.78102,0.78091,0.78091,364,9,0
2026-05-04 08:00:00,0.78091,0.78105,0.78069,0.78097,539,2,0
2026-05-04 08:15:00,0.78097,0.78115,0.7806,0.78107,865,2,0
2026-05-04 08:30:00,0.78107,0.78112,0.78083,0.78093,603,2,0
2026-05-04 08:45:00,0.78093,0.78096,0.7807,0.7808,522,2,0
2026-05-04 09:00:00,0.7808,0.78086,0.7806,0.78066,513,2,0
2026-05-04 09:15:00,0.78067,0.78074,0.78045,0.7807,531,2,0
2026-05-04 09:30:00,0.7807,0.78124,0.78058,0.78112,633,1,0
2026-05-04 09:45:00,0.78112,0.78163,0.78098,0.78128,608,2,0
2026-05-04 10:00:00,0.78128,0.78173,0.78122,0.78158,670,1,0
2026-05-04 10:15:00,0.78158,0.78235,0.78147,0.78232,555,2,0
2026-05-04 10:30:00,0.78232,0.7827,0.78198,0.7827,517,2,0
2026-05-04 10:45:00,0.7827,0.78304,0.78248,0.78278,696,1,0
2026-05-04 11:00:00,0.78278,0.78334,0.78278,0.7831,724,2,0
2026-05-04 11:15:00,0.7831,0.78333,0.7829,0.78321,571,2,0
2026-05-04 11:30:00,0.78321,0.78323,0.78255,0.78276,582,2,0
2026-05-04 11:45:00,0.78276,0.78281,0.78234,0.78248,581,2,0
2026-05-04 12:00:00,0.78247,0.78283,0.78208,0.78256,523,2,0
2026-05-04 12:15:00,0.78256,0.78294,0.78237,0.78266,543,2,0
2026-05-04 12:30:00,0.78266,0.78281,0.78243,0.78264,362,2,0
2026-05-04 12:45:00,0.78264,0.78315,0.7826,0.78307,432,2,0
2026-05-04 13:00:00,0.78307,0.78439,0.78306,0.78416,1756,1,0
2026-05-04 13:15:00,0.78416,0.78468,0.78373,0.78375,1627,0,0
2026-05-04 13:30:00,0.78375,0.78377,0.78291,0.78338,1288,0,0
2026-05-04 13:45:00,0.78337,0.78385,0.78318,0.78376,828,2,0
2026-05-04 14:00:00,0.78376,0.78427,0.78343,0.78422,1110,1,0
2026-05-04 14:15:00,0.78422,0.78428,0.78369,0.78395,525,0,0
2026-05-04 14:30:00,0.78395,0.78449,0.78393,0.7842,891,0,0
2026-05-04 14:45:00,0.7842,0.78441,0.78409,0.78427,519,2,0
2026-05-04 15:00:00,0.78427,0.78432,0.78394,0.78398,627,2,0
2026-05-04 15:15:00,0.78398,0.78404,0.78328,0.78334,896,0,0
2026-05-04 15:30:00,0.78335,0.78341,0.78289,0.78311,590,2,0
2026-05-04 15:45:00,0.78311,0.78332,0.78293,0.7832,486,2,0
2026-05-04 16:00:00,0.7832,0.78359,0.78242,0.78288,1402,0,0
2026-05-04 16:15:00,0.78288,0.78311,0.78254,0.78265,678,2,0
2026-05-04 16:30:00,0.78265,0.7829,0.78237,0.78261,917,2,0
2026-05-04 16:45:00,0.78261,0.78273,0.78231,0.7826,765,1,0
2026-05-04 17:00:00,0.7826,0.78318,0.78259,0.78283,1001,2,0
2026-05-04 17:15:00,0.78283,0.78287,0.78223,0.78237,799,2,0
2026-05-04 17:30:00,0.78237,0.78289,0.78222,0.78287,806,1,0
2026-05-04 17:45:00,0.78287,0.78304,0.78247,0.78259,911,2,0
2026-05-04 18:00:00,0.78259,0.78278,0.78215,0.78235,1087,2,0
2026-05-04 18:15:00,0.78235,0.78342,0.782,0.783,1694,2,0
2026-05-04 18:30:00,0.78299,0.78341,0.7828,0.7832,1256,2,0
2026-05-04 18:45:00,0.78321,0.78386,0.78304,0.78349,1430,2,0
2026-05-04 19:00:00,0.78349,0.7843,0.78318,0.78425,1617,2,0
2026-05-04 19:15:00,0.78425,0.78435,0.78344,0.78399,1802,0,0
2026-05-04 19:30:00,0.78399,0.78445,0.78395,0.78442,1129,0,0
2026-05-04 19:45:00,0.78442,0.78474,0.78429,0.78468,843,2,0
2026-05-04 20:00:00,0.78468,0.78475,0.78409,0.78417,886,2,0
2026-05-04 20:15:00,0.78417,0.78419,0.7834,0.78345,1242,0,0
2026-05-04 20:30:00,0.78345,0.78373,0.78333,0.78354,532,2,0
2026-05-04 20:45:00,0.78354,0.78368,0.78342,0.78359,442,2,0
2026-05-04 21:00:00,0.78359,0.78365,0.78324,0.78344,444,2,0
2026-05-04 21:15:00,0.78344,0.78381,0.78344,0.78362,470,2,0
2026-05-04 21:30:00,0.78362,0.78376,0.78354,0.78376,441,2,0
2026-05-04 21:45:00,0.78376,0.78399,0.78315,0.7832,792,1,0
2026-05-04 22:00:00,0.7832,0.78359,0.78305,0.78338,869,2,0
2026-05-04 22:15:00,0.78338,0.78351,0.78312,0.78338,390,2,0
2026-05-04 22:30:00,0.78338,0.7835,0.78324,0.78346,298,2,0
2026-05-04 22:45:00,0.78346,0.78371,0.78343,0.78364,332,2,0
2026-05-04 23:00:00,0.7836,0.78395,0.78359,0.78395,275,10,0
2026-05-04 23:15:00,0.78395,0.78426,0.78393,0.78406,204,10,0
2026-05-04 23:30:00,0.78406,0.78411,0.78393,0.78397,133,12,0
2026-05-04 23:45:00,0.78397,0.78398,0.78368,0.78384,252,12,0
2026-05-05 00:00:00,0.78297,0.78417,0.78269,0.78392,188,27,0
2026-05-05 00:15:00,0.78392,0.78394,0.78318,0.7837,202,56,0
2026-05-05 00:30:00,0.78352,0.78382,0.7834,0.78348,300,54,0
2026-05-05 00:45:00,0.78348,0.78396,0.78348,0.78379,417,9,0
2026-05-05 01:00:00,0.78379,0.78413,0.7836,0.78404,247,0,0
2026-05-05 01:15:00,0.78404,0.78412,0.78386,0.78386,141,12,0
2026-05-05 01:30:00,0.78386,0.78392,0.7838,0.78389,168,12,0
2026-05-05 01:45:00,0.78389,0.78402,0.78389,0.78402,63,12,0
2026-05-05 02:00:00,0.78402,0.78403,0.78396,0.78402,90,10,0
2026-05-05 02:15:00,0.78402,0.78402,0.78393,0.78395,95,9,0
2026-05-05 02:30:00,0.78395,0.78401,0.78391,0.78396,87,10,0
2026-05-05 02:45:00,0.78396,0.78399,0.7839,0.78398,230,10,0
2026-05-05 03:00:00,0.78398,0.78404,0.78378,0.78395,639,7,0
2026-05-05 03:15:00,0.78395,0.78442,0.78395,0.78433,584,8,0
2026-05-05 03:30:00,0.78433,0.78452,0.78432,0.78436,413,8,0
2026-05-05 03:45:00,0.78436,0.78437,0.78408,0.78436,409,8,0
2026-05-05 04:00:00,0.78436,0.78453,0.78419,0.7843,435,7,0
2026-05-05 04:15:00,0.7843,0.78454,0.78421,0.78443,402,6,0
2026-05-05 04:30:00,0.78443,0.78449,0.78391,0.78419,434,7,0
2026-05-05 04:45:00,0.78419,0.78427,0.78402,0.78408,378,8,0
2026-05-05 05:00:00,0.78407,0.78419,0.78402,0.78413,307,8,0
2026-05-05 05:15:00,0.78413,0.78418,0.78384,0.78388,330,8,0
2026-05-05 05:30:00,0.78388,0.784,0.78378,0.78381,264,7,0
2026-05-05 05:45:00,0.78381,0.78416,0.78381,0.78415,335,8,0
2026-05-05 06:00:00,0.78415,0.78423,0.78409,0.78409,271,9,0
2026-05-05 06:15:00,0.78409,0.78409,0.78393,0.78399,229,8,0
2026-05-05 06:30:00,0.78399,0.78415,0.78399,0.7841,181,9,0
2026-05-05 06:45:00,0.7841,0.78417,0.78399,0.78416,174,9,0
2026-05-05 07:00:00,0.78416,0.78417,0.78401,0.78403,224,9,0
2026-05-05 07:15:00,0.78403,0.78405,0.78394,0.78397,182,9,0
2026-05-05 07:30:00,0.78397,0.78427,0.78395,0.78421,348,9,0
2026-05-05 07:45:00,0.78422,0.78471,0.78421,0.78467,393,9,0
2026-05-05 08:00:00,0.7847,0.7848,0.78455,0.78457,446,2,0
2026-05-05 08:15:00,0.78457,0.78467,0.7843,0.78444,568,2,0
2026-05-05 08:30:00,0.78444,0.78452,0.78398,0.78409,868,2,0
2026-05-05 08:45:00,0.78409,0.78437,0.78408,0.7843,420,2,0
2026-05-05 09:00:00,0.7843,0.78439,0.78407,0.78416,536,2,0
2026-05-05 09:15:00,0.78416,0.78454,0.78408,0.78421,511,2,0
2026-05-05 09:30:00,0.78429,0.78452,0.78411,0.78424,670,2,0
2026-05-05 09:45:00,0.78424,0.78435,0.78404,0.78419,397,2,0
2026-05-05 10:00:00,0.78419,0.78425,0.78363,0.78379,612,2,0
2026-05-05 10:15:00,0.78379,0.78395,0.78346,0.78394,618,2,0
2026-05-05 10:30:00,0.78394,0.78394,0.78309,0.7834,680,2,0
2026-05-05 10:45:00,0.7834,0.78359,0.78332,0.78353,436,2,0
2026-05-05 11:00:00,0.78353,0.78354,0.78293,0.78315,730,2,0
2026-05-05 11:15:00,0.78315,0.7832,0.78281,0.78313,542,2,0
2026-05-05 11:30:00,0.78313,0.78346,0.78297,0.78333,550,2,0
2026-05-05 11:45:00,0.78333,0.78354,0.78318,0.78346,387,2,0
2026-05-05 12:00:00,0.78346,0.78386,0.78336,0.78361,869,2,0
2026-05-05 12:15:00,0.78361,0.78394,0.78355,0.78365,607,2,0
2026-05-05 12:30:00,0.78365,0.78371,0.7833,0.78354,621,2,0
2026-05-05 12:45:00,0.78354,0.78366,0.78318,0.78318,457,0,0
2026-05-05 13:00:00,0.78318,0.7833,0.78301,0.78308,430,2,0
2026-05-05 13:15:00,0.78308,0.78313,0.7827,0.78279,342,2,0
2026-05-05 13:30:00,0.78279,0.78321,0.78244,0.78316,558,1,0
2026-05-05 13:45:00,0.78314,0.78339,0.78313,0.78317,321,2,0
2026-05-05 14:00:00,0.78317,0.78392,0.78314,0.78383,512,2,0
2026-05-05 14:15:00,0.78383,0.7841,0.78337,0.78346,574,0,0
2026-05-05 14:30:00,0.78346,0.78384,0.78333,0.78382,443,2,0
2026-05-05 14:45:00,0.78382,0.78402,0.78356,0.78368,491,2,0
2026-05-05 15:00:00,0.78368,0.78424,0.7835,0.78377,1194,2,0
2026-05-05 15:15:00,0.78377,0.78377,0.78313,0.78326,981,2,0
2026-05-05 15:30:00,0.78326,0.78387,0.78313,0.78371,598,2,0
2026-05-05 15:45:00,0.78371,0.7838,0.78357,0.78365,635,2,0
2026-05-05 16:00:00,0.78365,0.78368,0.78262,0.78285,1028,2,0
2026-05-05 16:15:00,0.78285,0.78316,0.78262,0.78316,670,2,0
2026-05-05 16:30:00,0.78316,0.78346,0.78305,0.78337,952,2,0
2026-05-05 16:45:00,0.78337,0.78344,0.78296,0.78313,824,2,0
2026-05-05 17:00:00,0.78313,0.78346,0.78251,0.78321,1337,2,0
2026-05-05 17:15:00,0.78321,0.78368,0.78248,0.7826,1389,0,0
2026-05-05 17:30:00,0.7826,0.78283,0.78228,0.7824,948,2,0
2026-05-05 17:45:00,0.7824,0.78259,0.78169,0.7817,999,2,0
2026-05-05 18:00:00,0.7817,0.7819,0.78149,0.78187,827,0,0
2026-05-05 18:15:00,0.78187,0.78209,0.78167,0.78188,710,2,0
2026-05-05 18:30:00,0.78188,0.78199,0.78132,0.78145,663,2,0
2026-05-05 18:45:00,0.78145,0.78222,0.78131,0.7822,710,2,0
2026-05-05 19:00:00,0.7822,0.78251,0.78199,0.7825,535,2,0
2026-05-05 19:15:00,0.78251,0.78278,0.78237,0.78262,420,2,0
2026-05-05 19:30:00,0.78262,0.7829,0.78244,0.78247,520,2,0
2026-05-05 19:45:00,0.78247,0.78293,0.78246,0.78289,520,2,0
2026-05-05 20:00:00,0.78289,0.78317,0.78271,0.78302,504,2,0
2026-05-05 20:15:00,0.78302,0.78302,0.78279,0.78283,381,2,0
2026-05-05 20:30:00,0.78283,0.78286,0.78242,0.78266,465,2,0
2026-05-05 20:45:00,0.78267,0.78289,0.78259,0.78275,424,2,0
2026-05-05 21:00:00,0.78275,0.78282,0.78258,0.78275,372,2,0
2026-05-05 21:15:00,0.78275,0.78279,0.78262,0.78266,284,2,0
2026-05-05 21:30:00,0.78266,0.78294,0.78264,0.78278,290,2,0
2026-05-05 21:45:00,0.78278,0.78281,0.78256,0.78273,287,2,0
2026-05-05 22:00:00,0.78273,0.78289,0.78263,0.78284,230,2,0
2026-05-05 22:15:00,0.78284,0.78305,0.78282,0.783,223,2,0
2026-05-05 22:30:00,0.783,0.78307,0.78293,0.78305,147,2,0
2026-05-05 22:45:00,0.78305,0.78318,0.78299,0.78309,385,2,0
2026-05-05 23:00:00,0.78304,0.78312,0.78283,0.78288,243,12,0
2026-05-05 23:15:00,0.78288,0.78295,0.78284,0.78286,177,12,0
2026-05-05 23:30:00,0.78287,0.78314,0.78287,0.78314,113,12,0
2026-05-05 23:45:00,0.78314,0.78314,0.78299,0.783,165,12,0
2026-05-06 00:00:00,0.78278,0.78291,0.78158,0.78232,109,40,0
2026-05-06 00:15:00,0.78232,0.78308,0.78232,0.7826,162,64,0
2026-05-06 00:30:00,0.7826,0.78308,0.78246,0.7828,543,40,0
2026-05-06 00:45:00,0.7828,0.78314,0.7827,0.78302,804,19,0
2026-05-06 01:00:00,0.78302,0.7832,0.78275,0.78312,237,12,0
2026-05-06 01:15:00,0.78312,0.78327,0.78312,0.78318,124,12,0
2026-05-06 01:30:00,0.78318,0.7832,0.783,0.78306,65,12,0
2026-05-06 01:45:00,0.78305,0.78312,0.78172,0.78213,807,8,0
2026-05-06 02:00:00,0.78213,0.78213,0.78096,0.78102,981,8,0
2026-05-06 02:15:00,0.78102,0.78138,0.78076,0.78137,651,8,0
2026-05-06 02:30:00,0.78137,0.78145,0.78115,0.78145,406,8,0
2026-05-06 02:45:00,0.78145,0.78148,0.78129,0.78137,600,9,0
2026-05-06 03:00:00,0.78137,0.78177,0.78132,0.78171,943,7,0
2026-05-06 03:15:00,0.78171,0.78191,0.78135,0.7817,616,8,0
2026-05-06 03:30:00,0.7817,0.78177,0.7812,0.78135,650,8,0
2026-05-06 03:45:00,0.78135,0.7815,0.78113,0.78126,591,7,0
2026-05-06 04:00:00,0.78126,0.78149,0.78116,0.78132,774,8,0
2026-05-06 04:15:00,0.78132,0.78144,0.78102,0.78115,627,5,0
2026-05-06 04:30:00,0.78115,0.78142,0.78111,0.78112,740,7,0
2026-05-06 04:45:00,0.78112,0.78137,0.78097,0.78135,649,8,0
2026-05-06 05:00:00,0.78136,0.78138,0.78117,0.78129,582,8,0
2026-05-06 05:15:00,0.78129,0.78157,0.78123,0.78157,489,7,0
2026-05-06 05:30:00,0.78157,0.78177,0.78148,0.78176,360,8,0
2026-05-06 05:45:00,0.78176,0.78188,0.78162,0.78172,444,8,0
2026-05-06 06:00:00,0.78171,0.78175,0.7813,0.78139,522,7,0
2026-05-06 06:15:00,0.78139,0.78157,0.78136,0.78146,492,8,0
2026-05-06 06:30:00,0.78146,0.78165,0.78127,0.78143,522,8,0
2026-05-06 06:45:00,0.78143,0.78166,0.78139,0.78156,449,8,0
2026-05-06 07:00:00,0.78156,0.78165,0.78151,0.78154,232,9,0
2026-05-06 07:15:00,0.78154,0.78161,0.78059,0.78065,668,4,0
2026-05-06 07:30:00,0.78065,0.78078,0.77979,0.77993,2372,5,0
2026-05-06 07:45:00,0.77994,0.78013,0.77881,0.77953,2329,5,0
2026-05-06 08:00:00,0.77956,0.77993,0.77942,0.77993,1123,2,0
2026-05-06 08:15:00,0.77993,0.78039,0.77993,0.78014,654,2,0
2026-05-06 08:30:00,0.78014,0.7803,0.78009,0.78018,435,2,0
2026-05-06 08:45:00,0.78018,0.78029,0.78004,0.7801,535,2,0
2026-05-06 09:00:00,0.7801,0.78043,0.77993,0.78026,688,2,0
2026-05-06 09:15:00,0.78026,0.7804,0.78008,0.78028,568,2,0
2026-05-06 09:30:00,0.78028,0.78079,0.78026,0.78058,694,2,0
2026-05-06 09:45:00,0.78058,0.78069,0.78019,0.78048,603,2,0
2026-05-06 10:00:00,0.78047,0.78132,0.78033,0.78125,794,2,0
2026-05-06 10:15:00,0.78125,0.78156,0.78082,0.78131,732,2,0
2026-05-06 10:30:00,0.78131,0.78199,0.78129,0.78147,744,2,0
2026-05-06 10:45:00,0.78147,0.78148,0.7797,0.77977,1116,1,0
2026-05-06 11:00:00,0.77977,0.78083,0.77963,0.78071,1019,2,0
2026-05-06 11:15:00,0.78071,0.78079,0.7803,0.78033,583,0,0
2026-05-06 11:30:00,0.78033,0.78033,0.77971,0.77986,815,0,0
2026-05-06 11:45:00,0.77986,0.77988,0.77818,0.77884,2212,0,0
2026-05-06 12:00:00,0.77884,0.77997,0.77869,0.77988,1507,0,0
2026-05-06 12:15:00,0.77988,0.77996,0.77936,0.77972,1496,2,0
2026-05-06 12:30:00,0.77972,0.77981,0.779,0.77944,936,2,0
2026-05-06 12:45:00,0.77943,0.77948,0.77881,0.77886,746,1,0
2026-05-06 13:00:00,0.77886,0.77913,0.77863,0.77911,797,2,0
2026-05-06 13:15:00,0.77911,0.77943,0.77889,0.77905,816,2,0
2026-05-06 13:30:00,0.77905,0.77905,0.77819,0.7783,906,2,0
2026-05-06 13:45:00,0.7783,0.77832,0.77712,0.77753,1791,0,0
2026-05-06 14:00:00,0.77753,0.77837,0.7774,0.77821,1105,0,0
2026-05-06 14:15:00,0.77821,0.77826,0.77755,0.77794,927,2,0
2026-05-06 14:30:00,0.77794,0.7785,0.77756,0.77834,1140,1,0
2026-05-06 14:45:00,0.77834,0.77871,0.77828,0.77849,1119,2,0
2026-05-06 15:00:00,0.77849,0.77968,0.77848,0.77939,1265,0,0
2026-05-06 15:15:00,0.77934,0.77969,0.77884,0.77893,1347,0,0
2026-05-06 15:30:00,0.77893,0.77917,0.77862,0.77886,958,2,0
2026-05-06 15:45:00,0.77886,0.77949,0.77885,0.7793,903,2,0
2026-05-06 16:00:00,0.7793,0.77991,0.77904,0.77952,1526,0,0
2026-05-06 16:15:00,0.77952,0.77988,0.77935,0.77981,1095,2,0
2026-05-06 16:30:00,0.77981,0.78004,0.77936,0.77986,1417,1,0
2026-05-06 16:45:00,0.77986,0.78001,0.77961,0.77983,1237,1,0
2026-05-06 17:00:00,0.77983,0.78041,0.77976,0.78012,1174,1,0
2026-05-06 17:15:00,0.78012,0.78024,0.77976,0.78003,942,2,0
2026-05-06 17:30:00,0.78002,0.78008,0.77877,0.7788,1214,0,0
2026-05-06 17:45:00,0.7788,0.77927,0.77862,0.77905,1428,2,0
2026-05-06 18:00:00,0.77905,0.77947,0.77901,0.77938,1201,2,0
2026-05-06 18:15:00,0.77938,0.77941,0.7791,0.7792,729,2,0
2026-05-06 18:30:00,0.7792,0.77935,0.77891,0.77918,807,2,0
2026-05-06 18:45:00,0.77918,0.77939,0.77879,0.77935,832,2,0
2026-05-06 19:00:00,0.77936,0.77974,0.7793,0.77964,596,2,0
2026-05-06 19:15:00,0.77964,0.77977,0.77945,0.77962,390,2,0
2026-05-06 19:30:00,0.77962,0.77962,0.7794,0.7795,491,2,0
2026-05-06 19:45:00,0.7795,0.77996,0.77942,0.77976,858,2,0
2026-05-06 20:00:00,0.77976,0.77983,0.77905,0.77912,625,2,0
2026-05-06 20:15:00,0.77912,0.77915,0.7788,0.7789,477,2,0
2026-05-06 20:30:00,0.7789,0.77929,0.77889,0.7792,458,2,0
2026-05-06 20:45:00,0.7792,0.77934,0.77913,0.77919,519,2,0
2026-05-06 21:00:00,0.77919,0.77919,0.77886,0.77912,443,2,0
2026-05-06 21:15:00,0.77912,0.77913,0.77892,0.77905,476,2,0
2026-05-06 21:30:00,0.77905,0.77905,0.77873,0.77881,465,2,0
2026-05-06 21:45:00,0.77881,0.77889,0.77843,0.77856,406,2,0
2026-05-06 22:00:00,0.77857,0.77864,0.77827,0.77849,529,2,0
2026-05-06 22:15:00,0.77849,0.77861,0.77836,0.7786,247,2,0
2026-05-06 22:30:00,0.7786,0.77874,0.77853,0.77873,260,2,0
2026-05-06 22:45:00,0.77873,0.77875,0.7785,0.77867,419,2,0
2026-05-06 23:00:00,0.77862,0.77871,0.77849,0.77853,318,12,0
2026-05-06 23:15:00,0.77853,0.7787,0.77849,0.77867,143,12,0
2026-05-06 23:30:00,0.77868,0.77893,0.77868,0.77889,104,12,0
2026-05-06 23:45:00,0.77889,0.7789,0.77859,0.77859,217,12,0
2026-05-07 00:00:00,0.77805,0.77878,0.77752,0.77872,236,26,0
2026-05-07 00:15:00,0.77872,0.77881,0.77772,0.77773,498,46,0
2026-05-07 00:30:00,0.77773,0.77863,0.77773,0.77833,1309,20,0
2026-05-07 00:45:00,0.77833,0.77857,0.77826,0.77854,802,14,0
2026-05-07 01:00:00,0.77854,0.77863,0.77835,0.77845,335,12,0
2026-05-07 01:15:00,0.77845,0.77858,0.77844,0.77853,58,12,0
2026-05-07 01:30:00,0.77853,0.77855,0.77839,0.77843,63,12,0
2026-05-07 01:45:00,0.77843,0.77856,0.77838,0.7785,104,12,0
2026-05-07 02:00:00,0.7785,0.77854,0.77844,0.77854,205,10,0
2026-05-07 02:15:00,0.77854,0.77869,0.77853,0.77862,105,11,0
2026-05-07 02:30:00,0.77862,0.7787,0.77861,0.77866,93,10,0
2026-05-07 02:45:00,0.77866,0.77888,0.77859,0.77882,311,10,0
2026-05-07 03:00:00,0.77882,0.7791,0.77851,0.77852,995,8,0
2026-05-07 03:15:00,0.77852,0.77909,0.77852,0.77907,599,7,0
2026-05-07 03:30:00,0.77907,0.77928,0.77895,0.77913,559,8,0
2026-05-07 03:45:00,0.77913,0.77922,0.779,0.77902,646,9,0
2026-05-07 04:00:00,0.77902,0.7792,0.7784,0.77856,799,7,0
2026-05-07 04:15:00,0.77856,0.7786,0.77829,0.77833,761,8,0
2026-05-07 04:30:00,0.77833,0.77841,0.77787,0.77788,646,7,0
2026-05-07 04:45:00,0.77788,0.77821,0.77779,0.77816,746,9,0
2026-05-07 05:00:00,0.77816,0.77863,0.7781,0.7786,450,9,0
2026-05-07 05:15:00,0.7786,0.77877,0.77851,0.77865,462,8,0
2026-05-07 05:30:00,0.77865,0.77877,0.77852,0.77861,507,8,0
2026-05-07 05:45:00,0.77861,0.77875,0.77855,0.77859,465,7,0
2026-05-07 06:00:00,0.7786,0.77892,0.7786,0.77889,386,9,0
2026-05-07 06:15:00,0.77889,0.7789,0.77866,0.77881,294,8,0
2026-05-07 06:30:00,0.77881,0.77906,0.77875,0.77897,382,9,0
2026-05-07 06:45:00,0.77897,0.77915,0.77897,0.77914,461,9,0
2026-05-07 07:00:00,0.77914,0.77927,0.77905,0.77907,315,9,0
2026-05-07 07:15:00,0.77907,0.77907,0.77884,0.77889,288,9,0
2026-05-07 07:30:00,0.77889,0.77892,0.77871,0.77879,339,7,0
2026-05-07 07:45:00,0.77879,0.77899,0.77877,0.77895,388,9,0
2026-05-07 08:00:00,0.77898,0.77905,0.77884,0.77893,490,2,0
2026-05-07 08:15:00,0.77893,0.7791,0.77892,0.77897,582,2,0
2026-05-07 08:30:00,0.77897,0.77897,0.77873,0.77886,547,2,0
2026-05-07 08:45:00,0.77886,0.77908,0.77885,0.779,462,2,0
2026-05-07 09:00:00,0.779,0.77905,0.77882,0.77904,439,2,0
2026-05-07 09:15:00,0.77904,0.77918,0.77885,0.77918,546,2,0
2026-05-07 09:30:00,0.77918,0.77928,0.77808,0.77813,839,2,0
2026-05-07 09:45:00,0.77813,0.779,0.77812,0.77843,872,2,0
2026-05-07 10:00:00,0.77843,0.7787,0.77754,0.77755,1312,2,0
2026-05-07 10:15:00,0.77755,0.77808,0.77748,0.7779,1266,2,0
2026-05-07 10:30:00,0.7779,0.77791,0.77748,0.7778,791,2,0
2026-05-07 10:45:00,0.77779,0.77814,0.77758,0.77761,852,2,0
2026-05-07 11:00:00,0.77761,0.77785,0.77755,0.77767,649,2,0
2026-05-07 11:15:00,0.77767,0.77798,0.77734,0.7774,762,2,0
2026-05-07 11:30:00,0.7774,0.77769,0.77724,0.77765,492,2,0
2026-05-07 11:45:00,0.77764,0.7778,0.77738,0.77755,488,2,0
2026-05-07 12:00:00,0.77755,0.77789,0.77744,0.77768,565,2,0
2026-05-07 12:15:00,0.77768,0.77787,0.77754,0.77773,506,2,0
2026-05-07 12:30:00,0.77773,0.77773,0.77723,0.77729,440,2,0
2026-05-07 12:45:00,0.77729,0.77755,0.77723,0.77746,419,2,0
2026-05-07 13:00:00,0.77746,0.77772,0.77719,0.77734,536,2,0
2026-05-07 13:15:00,0.77734,0.77748,0.77718,0.77724,470,2,0
2026-05-07 13:30:00,0.77724,0.77748,0.77713,0.77732,565,2,0
2026-05-07 13:45:00,0.77732,0.77795,0.77729,0.77788,634,2,0
2026-05-07 14:00:00,0.77788,0.77791,0.77759,0.77788,500,2,0
2026-05-07 14:15:00,0.77788,0.77802,0.77773,0.77792,490,2,0
2026-05-07 14:30:00,0.77792,0.77804,0.77777,0.77795,423,2,0
2026-05-07 14:45:00,0.77795,0.77831,0.77789,0.7779,561,2,0
2026-05-07 15:00:00,0.7779,0.77816,0.77755,0.77762,716,2,0
2026-05-07 15:15:00,0.7776,0.7778,0.77738,0.77741,600,0,0
2026-05-07 15:30:00,0.77741,0.77765,0.77726,0.77731,586,2,0
2026-05-07 15:45:00,0.77733,0.77756,0.77692,0.77728,843,2,0
2026-05-07 16:00:00,0.77728,0.7775,0.77717,0.77729,926,2,0
2026-05-07 16:15:00,0.77729,0.77737,0.77669,0.77676,830,1,0
2026-05-07 16:30:00,0.77676,0.77733,0.7767,0.77697,802,2,0
2026-05-07 16:45:00,0.77697,0.77748,0.77689,0.7771,1029,2,0
2026-05-07 17:00:00,0.77711,0.77762,0.77704,0.77719,923,2,0
2026-05-07 17:15:00,0.77719,0.77759,0.77689,0.77721,893,2,0
2026-05-07 17:30:00,0.7772,0.77763,0.77705,0.77735,700,2,0
2026-05-07 17:45:00,0.77735,0.77738,0.77659,0.77667,946,2,0
2026-05-07 18:00:00,0.77667,0.77721,0.77658,0.77721,807,2,0
2026-05-07 18:15:00,0.77721,0.77806,0.77718,0.77792,911,2,0
2026-05-07 18:30:00,0.77792,0.77796,0.77728,0.77759,648,2,0
2026-05-07 18:45:00,0.77759,0.77785,0.77753,0.77773,773,2,0
2026-05-07 19:00:00,0.77773,0.77819,0.77758,0.77807,913,0,0
2026-05-07 19:15:00,0.77807,0.77823,0.77761,0.77769,783,2,0
2026-05-07 19:30:00,0.77769,0.77811,0.77763,0.77804,702,0,0
2026-05-07 19:45:00,0.77804,0.77836,0.77803,0.77828,499,2,0
2026-05-07 20:00:00,0.77828,0.77853,0.77824,0.77845,570,2,0
2026-05-07 20:15:00,0.77845,0.77929,0.77836,0.77928,1254,2,0
2026-05-07 20:30:00,0.77928,0.77972,0.77909,0.77945,1277,0,0
2026-05-07 20:45:00,0.77945,0.77953,0.77891,0.77894,977,1,0
2026-05-07 21:00:00,0.77894,0.77905,0.77876,0.77888,754,2,0
2026-05-07 21:15:00,0.77888,0.77893,0.7787,0.77872,575,2,0
2026-05-07 21:30:00,0.77873,0.77953,0.77865,0.77929,999,1,0
2026-05-07 21:45:00,0.77929,0.77952,0.77889,0.7789,1197,2,0
2026-05-07 22:00:00,0.7789,0.77922,0.77865,0.77898,641,2,0
2026-05-07 22:15:00,0.77899,0.77985,0.77898,0.77952,993,2,0
2026-05-07 22:30:00,0.77952,0.77952,0.77899,0.7792,486,2,0
2026-05-07 22:45:00,0.7792,0.7802,0.7792,0.7802,937,2,0
2026-05-07 23:00:00,0.78015,0.7802,0.77946,0.77989,739,8,0
2026-05-07 23:15:00,0.77988,0.78008,0.77987,0.78002,182,11,0
2026-05-07 23:30:00,0.78002,0.78053,0.77996,0.78035,395,5,0
2026-05-07 23:45:00,0.78034,0.78075,0.78023,0.78048,352,8,0
2026-05-08 00:00:00,0.77931,0.77998,0.77931,0.77944,58,54,0
2026-05-08 00:15:00,0.77944,0.77974,0.77932,0.77972,126,63,0
2026-05-08 00:30:00,0.77972,0.78013,0.77933,0.77975,3554,35,0
2026-05-08 00:45:00,0.77991,0.7802,0.77911,0.77989,1943,31,0
2026-05-08 01:00:00,0.77989,0.78062,0.7797,0.78049,249,12,0
2026-05-08 01:15:00,0.78049,0.7806,0.78016,0.78039,314,9,0
2026-05-08 01:30:00,0.78039,0.78062,0.78032,0.78054,289,4,0
2026-05-08 01:45:00,0.78054,0.78069,0.78049,0.78069,230,12,0
2026-05-08 02:00:00,0.78068,0.78081,0.78066,0.78077,186,7,0
2026-05-08 02:15:00,0.78077,0.78078,0.78056,0.78058,117,10,0
2026-05-08 02:30:00,0.78058,0.78061,0.78051,0.78053,130,10,0
2026-05-08 02:45:00,0.78053,0.78053,0.78036,0.78043,264,9,0
2026-05-08 03:00:00,0.78045,0.78045,0.78009,0.78035,729,8,0
2026-05-08 03:15:00,0.78035,0.78079,0.78034,0.7806,681,9,0
2026-05-08 03:30:00,0.7806,0.78065,0.78043,0.78047,466,8,0
2026-05-08 03:45:00,0.78047,0.78062,0.78034,0.78049,543,6,0
2026-05-08 04:00:00,0.78049,0.78049,0.7801,0.78013,770,7,0
2026-05-08 04:15:00,0.78013,0.78023,0.77992,0.78012,662,7,0
2026-05-08 04:30:00,0.78013,0.78035,0.77999,0.78029,516,8,0
2026-05-08 04:45:00,0.78029,0.78031,0.78009,0.78025,375,8,0
2026-05-08 05:00:00,0.78025,0.78043,0.78024,0.78042,493,8,0
2026-05-08 05:15:00,0.78043,0.78057,0.78027,0.78052,460,9,0
2026-05-08 05:30:00,0.78052,0.78089,0.78046,0.78076,640,8,0
2026-05-08 05:45:00,0.78076,0.78076,0.78035,0.78057,465,8,0
2026-05-08 06:00:00,0.78057,0.78066,0.78053,0.78064,303,9,0
2026-05-08 06:15:00,0.78064,0.78075,0.78055,0.78061,230,9,0
2026-05-08 06:30:00,0.78061,0.78061,0.78019,0.78028,386,9,0
2026-05-08 06:45:00,0.78028,0.78056,0.78027,0.78051,271,9,0
2026-05-08 07:00:00,0.78051,0.78063,0.78041,0.78057,324,7,0
2026-05-08 07:15:00,0.78057,0.7807,0.78046,0.78055,306,9,0
2026-05-08 07:30:00,0.78055,0.78063,0.77996,0.77997,320,6,0
2026-05-08 07:45:00,0.77997,0.78009,0.77982,0.77984,504,7,0
2026-05-08 08:00:00,0.77984,0.7801,0.77971,0.78002,464,2,0
2026-05-08 08:15:00,0.78002,0.78005,0.77979,0.77982,429,2,0
2026-05-08 08:30:00,0.77982,0.7799,0.77965,0.77978,649,2,0
2026-05-08 08:45:00,0.77978,0.77988,0.77969,0.77978,448,2,0
2026-05-08 09:00:00,0.77978,0.77986,0.77904,0.77937,596,2,0
2026-05-08 09:15:00,0.77937,0.77938,0.77882,0.77883,352,2,0
2026-05-08 09:30:00,0.77883,0.77929,0.77879,0.77908,418,2,0
2026-05-08 09:45:00,0.77908,0.77928,0.77906,0.77918,391,2,0
2026-05-08 10:00:00,0.77918,0.77936,0.77907,0.77926,678,2,0
2026-05-08 10:15:00,0.77927,0.7795,0.77908,0.77944,604,2,0
2026-05-08 10:30:00,0.77944,0.77953,0.77904,0.77924,481,2,0
2026-05-08 10:45:00,0.77924,0.77943,0.77917,0.77919,356,2,0
2026-05-08 11:00:00,0.77919,0.77931,0.77893,0.77914,415,2,0
2026-05-08 11:15:00,0.77914,0.77914,0.77842,0.77845,464,2,0
2026-05-08 11:30:00,0.77845,0.77846,0.77802,0.77808,453,2,0
2026-05-08 11:45:00,0.77808,0.77833,0.77781,0.77818,621,2,0
2026-05-08 12:00:00,0.77818,0.77823,0.77762,0.77779,529,2,0
2026-05-08 12:15:00,0.77779,0.77798,0.77756,0.77795,420,2,0
2026-05-08 12:30:00,0.77795,0.77802,0.7777,0.77789,411,2,0
2026-05-08 12:45:00,0.77789,0.77802,0.77768,0.77785,462,2,0
2026-05-08 13:00:00,0.77785,0.77795,0.77771,0.77788,430,2,0
2026-05-08 13:15:00,0.77788,0.77805,0.77778,0.77794,265,2,0
2026-05-08 13:30:00,0.77794,0.77814,0.77773,0.77814,297,2,0
2026-05-08 13:45:00,0.77814,0.77861,0.77813,0.7784,436,2,0
2026-05-08 14:00:00,0.7784,0.77864,0.77828,0.77854,507,2,0
2026-05-08 14:15:00,0.77854,0.7786,0.77836,0.77843,314,2,0
2026-05-08 14:30:00,0.77843,0.77852,0.77819,0.77828,424,2,0
2026-05-08 14:45:00,0.77828,0.7783,0.77795,0.77807,446,2,0
2026-05-08 15:00:00,0.77807,0.77856,0.77802,0.77849,598,2,0
2026-05-08 15:15:00,0.77849,0.77861,0.77815,0.77823,591,2,0
2026-05-08 15:30:00,0.77823,0.77886,0.77723,0.7773,1720,0,0
2026-05-08 15:45:00,0.7773,0.77775,0.7771,0.77761,1284,2,0
2026-05-08 16:00:00,0.77761,0.77803,0.77746,0.77791,1166,1,0
2026-05-08 16:15:00,0.77791,0.77806,0.77721,0.77729,949,2,0
2026-05-08 16:30:00,0.77729,0.77732,0.77653,0.77708,1334,2,0
2026-05-08 16:45:00,0.77708,0.77735,0.77697,0.77731,873,2,0
2026-05-08 17:00:00,0.77731,0.77821,0.77729,0.77771,958,2,0
2026-05-08 17:15:00,0.77772,0.77812,0.7777,0.77809,909,2,0
2026-05-08 17:30:00,0.77809,0.77811,0.77728,0.77771,1084,1,0
2026-05-08 17:45:00,0.77771,0.77779,0.77728,0.77734,730,2,0
2026-05-08 18:00:00,0.77734,0.77778,0.77712,0.77771,994,0,0
2026-05-08 18:15:00,0.77771,0.77797,0.7775,0.7775,667,2,0
2026-05-08 18:30:00,0.7775,0.77782,0.77714,0.77738,833,0,0
2026-05-08 18:45:00,0.77738,0.77747,0.777,0.77732,609,2,0
2026-05-08 19:00:00,0.77732,0.77735,0.77693,0.7772,658,2,0
2026-05-08 19:15:00,0.7772,0.7772,0.77698,0.777,516,2,0
2026-05-08 19:30:00,0.777,0.77742,0.77697,0.77736,429,2,0
2026-05-08 19:45:00,0.77736,0.77742,0.77705,0.77719,401,2,0
2026-05-08 20:00:00,0.77719,0.77728,0.777,0.77723,347,2,0
2026-05-08 20:15:00,0.77723,0.77724,0.77679,0.77687,266,2,0
2026-05-08 20:30:00,0.77687,0.77704,0.77682,0.77688,301,2,0
2026-05-08 20:45:00,0.77688,0.77714,0.77685,0.77712,272,2,0
2026-05-08 21:00:00,0.77712,0.77723,0.77641,0.77651,742,2,0
2026-05-08 21:15:00,0.77651,0.77672,0.77647,0.77664,328,2,0
2026-05-08 21:30:00,0.77664,0.77674,0.77643,0.77643,279,2,0
2026-05-08 21:45:00,0.77643,0.77665,0.77623,0.77653,485,2,0
2026-05-08 22:00:00,0.77653,0.77661,0.77632,0.77635,246,2,0
2026-05-08 22:15:00,0.77635,0.77641,0.7762,0.77628,167,2,0
2026-05-08 22:30:00,0.77628,0.77642,0.77616,0.7762,357,2,0
2026-05-08 22:45:00,0.77621,0.77693,0.7762,0.7769,628,2,0
2026-05-08 23:00:00,0.77685,0.77698,0.77646,0.77646,372,12,0
2026-05-08 23:15:00,0.77646,0.77646,0.77625,0.7764,109,12,0
2026-05-08 23:30:00,0.77641,0.77647,0.77622,0.77624,190,10,0
2026-05-08 23:45:00,0.77624,0.77646,0.77617,0.7764,416,0,0
2026-05-11 00:00:00,0.7767,0.7778,0.77625,0.77749,236,64,0
2026-05-11 00:15:00,0.77749,0.77781,0.77673,0.77776,216,61,0
2026-05-11 00:30:00,0.77776,0.77781,0.77692,0.77711,299,57,0
2026-05-11 00:45:00,0.77711,0.77753,0.77676,0.77677,2453,81,0
2026-05-11 01:00:00,0.77677,0.77791,0.77677,0.77783,445,12,0
2026-05-11 01:15:00,0.77783,0.77799,0.77768,0.77775,214,12,0
2026-05-11 01:30:00,0.77775,0.778,0.77775,0.77784,194,12,0
2026-05-11 01:45:00,0.77784,0.7779,0.77777,0.77781,188,11,0
2026-05-11 02:00:00,0.77781,0.77785,0.77772,0.77781,182,9,0
2026-05-11 02:15:00,0.77781,0.77782,0.7776,0.77776,163,8,0
2026-05-11 02:30:00,0.77776,0.7778,0.77754,0.77754,187,9,0
2026-05-11 02:45:00,0.77754,0.77775,0.77751,0.77773,318,10,0
2026-05-11 03:00:00,0.77775,0.77784,0.77745,0.77777,641,6,0
2026-05-11 03:15:00,0.77777,0.77782,0.77756,0.77765,477,8,0
2026-05-11 03:30:00,0.77765,0.7779,0.77756,0.77784,375,8,0
2026-05-11 03:45:00,0.77784,0.77822,0.77774,0.77783,804,8,0
2026-05-11 04:00:00,0.77783,0.77829,0.77776,0.77807,769,8,0
2026-05-11 04:15:00,0.77807,0.77819,0.77796,0.778,439,7,0
2026-05-11 04:30:00,0.778,0.77859,0.77799,0.77832,570,7,0
2026-05-11 04:45:00,0.77832,0.77854,0.77828,0.7784,526,7,0
2026-05-11 05:00:00,0.7784,0.77853,0.77832,0.7784,418,9,0
2026-05-11 05:15:00,0.7784,0.77846,0.77829,0.77829,269,9,0
2026-05-11 05:30:00,0.7783,0.77857,0.77824,0.77855,308,8,0
2026-05-11 05:45:00,0.77855,0.77873,0.77852,0.77873,456,8,0
2026-05-11 06:00:00,0.77873,0.7789,0.77869,0.77869,365,8,0
2026-05-11 06:15:00,0.77869,0.77887,0.77868,0.77882,252,9,0
2026-05-11 06:30:00,0.77882,0.7789,0.77876,0.77879,238,8,0
2026-05-11 06:45:00,0.77879,0.77907,0.77879,0.779,271,9,0
2026-05-11 07:00:00,0.779,0.77911,0.77895,0.77905,218,9,0
2026-05-11 07:15:00,0.77905,0.77916,0.77903,0.77916,217,9,0
2026-05-11 07:30:00,0.77916,0.77939,0.77914,0.77934,266,9,0
2026-05-11 07:45:00,0.77934,0.77943,0.77924,0.77939,266,9,0
2026-05-11 08:00:00,0.77942,0.77942,0.779,0.77904,289,2,0
2026-05-11 08:15:00,0.77904,0.77933,0.77903,0.77933,321,2,0
2026-05-11 08:30:00,0.77934,0.77938,0.77926,0.7793,350,2,0
2026-05-11 08:45:00,0.7793,0.77952,0.77925,0.77938,481,2,0
2026-05-11 09:00:00,0.77938,0.77938,0.7787,0.77885,702,0,0
2026-05-11 09:15:00,0.77885,0.77907,0.77852,0.77852,446,2,0
2026-05-11 09:30:00,0.77852,0.77857,0.77795,0.77797,400,2,0
2026-05-11 09:45:00,0.77797,0.77817,0.77762,0.77775,405,2,0
2026-05-11 10:00:00,0.77775,0.77821,0.77763,0.77796,668,2,0
2026-05-11 10:15:00,0.77796,0.77807,0.7776,0.77787,431,2,0
2026-05-11 10:30:00,0.77787,0.77824,0.77787,0.77801,464,2,0
2026-05-11 10:45:00,0.77801,0.77837,0.77796,0.77819,363,1,0
2026-05-11 11:00:00,0.77819,0.77842,0.77804,0.7783,594,0,0
2026-05-11 11:15:00,0.7783,0.77831,0.77753,0.77779,681,2,0
2026-05-11 11:30:00,0.77779,0.77793,0.77752,0.77792,358,2,0
2026-05-11 11:45:00,0.77792,0.77843,0.77779,0.77843,423,2,0
2026-05-11 12:00:00,0.77843,0.77847,0.77821,0.77837,351,1,0
2026-05-11 12:15:00,0.77837,0.77864,0.77832,0.77859,295,2,0
2026-05-11 12:30:00,0.77859,0.77879,0.77843,0.77852,331,2,0
2026-05-11 12:45:00,0.77852,0.77884,0.77845,0.77884,371,2,0
2026-05-11 13:00:00,0.77884,0.77899,0.77882,0.77884,325,2,0
2026-05-11 13:15:00,0.77884,0.77891,0.77846,0.77854,264,2,0
2026-05-11 13:30:00,0.77854,0.7788,0.77831,0.77841,382,2,0
2026-05-11 13:45:00,0.77841,0.77855,0.77814,0.77854,612,2,0
2026-05-11 14:00:00,0.77854,0.77863,0.77824,0.77829,554,2,0
2026-05-11 14:15:00,0.77829,0.77839,0.77805,0.77805,263,2,0
2026-05-11 14:30:00,0.77805,0.77839,0.77802,0.77834,356,2,0
2026-05-11 14:45:00,0.77834,0.77892,0.77819,0.77861,489,2,0
2026-05-11 15:00:00,0.77861,0.77884,0.77853,0.7787,609,2,0
2026-05-11 15:15:00,0.7787,0.77905,0.77826,0.7784,599,0,0
2026-05-11 15:30:00,0.7784,0.7786,0.77824,0.77833,547,2,0
2026-05-11 15:45:00,0.77833,0.7787,0.77819,0.77819,719,2,0
2026-05-11 16:00:00,0.77819,0.77824,0.7776,0.77772,727,2,0
2026-05-11 16:15:00,0.77772,0.77795,0.77757,0.77762,576,2,0
2026-05-11 16:30:00,0.77762,0.77804,0.77749,0.7775,693,1,0
2026-05-11 16:45:00,0.7775,0.77764,0.77727,0.77743,606,1,0
2026-05-11 17:00:00,0.77743,0.77778,0.77729,0.7773,685,2,0
2026-05-11 17:15:00,0.7773,0.7774,0.77692,0.77701,585,2,0
2026-05-11 17:30:00,0.77701,0.77753,0.77683,0.77688,1093,2,0
2026-05-11 17:45:00,0.77688,0.77736,0.77687,0.77716,981,2,0
2026-05-11 18:00:00,0.77716,0.77734,0.77702,0.77712,670,2,0
2026-05-11 18:15:00,0.77712,0.77722,0.77683,0.77713,446,2,0
2026-05-11 18:30:00,0.77713,0.77735,0.77703,0.7773,623,2,0
2026-05-11 18:45:00,0.7773,0.77749,0.77706,0.77728,634,2,0
2026-05-11 19:00:00,0.77728,0.77746,0.77716,0.77734,423,2,0
2026-05-11 19:15:00,0.77734,0.7776,0.77733,0.77758,308,2,0
2026-05-11 19:30:00,0.77759,0.77797,0.77752,0.77772,568,2,0
2026-05-11 19:45:00,0.77772,0.77795,0.7776,0.77782,498,2,0
2026-05-11 20:00:00,0.77782,0.77804,0.77776,0.77785,386,1,0
2026-05-11 20:15:00,0.77785,0.77796,0.77765,0.77783,438,2,0
2026-05-11 20:30:00,0.77783,0.77784,0.77756,0.77783,317,2,0
2026-05-11 20:45:00,0.77783,0.77783,0.77761,0.7777,171,2,0
2026-05-11 21:00:00,0.7777,0.77775,0.77755,0.77773,278,2,0
2026-05-11 21:15:00,0.77773,0.77788,0.7777,0.77777,310,2,0
2026-05-11 21:30:00,0.77777,0.77818,0.77771,0.77817,285,2,0
2026-05-11 21:45:00,0.77817,0.77822,0.77807,0.77821,280,2,0
2026-05-11 22:00:00,0.7782,0.77835,0.77805,0.7783,316,2,0
2026-05-11 22:15:00,0.7783,0.77834,0.77811,0.77824,199,2,0
2026-05-11 22:30:00,0.77824,0.7783,0.77811,0.77823,195,2,0
2026-05-11 22:45:00,0.77823,0.77838,0.77811,0.77821,236,2,0
2026-05-11 23:00:00,0.77821,0.77841,0.77806,0.77809,284,4,0
2026-05-11 23:15:00,0.77809,0.77814,0.77797,0.77798,108,12,0
2026-05-11 23:30:00,0.77798,0.778,0.77786,0.77793,90,12,0
2026-05-11 23:45:00,0.77793,0.77812,0.7779,0.77791,226,12,0
2026-05-12 00:00:00,0.77742,0.778,0.77655,0.77771,171,26,0
2026-05-12 00:15:00,0.77771,0.77817,0.77702,0.77713,269,34,0
2026-05-12 00:30:00,0.77713,0.77772,0.77711,0.7775,600,37,0
2026-05-12 00:45:00,0.7775,0.77779,0.77734,0.77766,566,35,0
2026-05-12 01:00:00,0.77766,0.77782,0.77745,0.77771,368,12,0
2026-05-12 01:15:00,0.77771,0.77771,0.77761,0.77767,60,12,0
2026-05-12 01:30:00,0.77767,0.77778,0.77766,0.77776,104,12,0
2026-05-12 01:45:00,0.77776,0.77785,0.77773,0.77782,68,12,0
2026-05-12 02:00:00,0.77782,0.77789,0.77779,0.77788,104,10,0
2026-05-12 02:15:00,0.77788,0.77808,0.77784,0.77808,87,9,0
2026-05-12 02:30:00,0.77808,0.77821,0.77797,0.77815,182,8,0
2026-05-12 02:45:00,0.77815,0.77827,0.77809,0.77816,230,10,0
2026-05-12 03:00:00,0.77818,0.77849,0.77817,0.77836,424,9,0
2026-05-12 03:15:00,0.77836,0.77859,0.77824,0.77844,431,8,0
2026-05-12 03:30:00,0.77844,0.77866,0.7784,0.77865,342,9,0
2026-05-12 03:45:00,0.77865,0.77896,0.77853,0.77894,556,9,0
2026-05-12 04:00:00,0.77894,0.77914,0.7788,0.7791,617,8,0
2026-05-12 04:15:00,0.7791,0.77943,0.77904,0.7794,522,8,0
2026-05-12 04:30:00,0.7794,0.77969,0.77908,0.77946,887,8,0
2026-05-12 04:45:00,0.77946,0.77961,0.7794,0.77949,743,9,0
2026-05-12 05:00:00,0.77949,0.7796,0.77939,0.77948,487,9,0
2026-05-12 05:15:00,0.77948,0.77965,0.77947,0.77957,439,9,0
2026-05-12 05:30:00,0.77957,0.77969,0.77952,0.77964,466,8,0
2026-05-12 05:45:00,0.77964,0.77964,0.77935,0.7795,400,8,0
2026-05-12 06:00:00,0.7795,0.77973,0.77945,0.77968,354,8,0
2026-05-12 06:15:00,0.77969,0.77981,0.77962,0.77975,326,8,0
2026-05-12 06:30:00,0.77975,0.77978,0.77962,0.77971,302,8,0
2026-05-12 06:45:00,0.77971,0.7799,0.7797,0.77985,303,8,0
2026-05-12 07:00:00,0.77985,0.77994,0.7798,0.77991,345,6,0
2026-05-12 07:15:00,0.77991,0.77993,0.7798,0.77988,304,8,0
2026-05-12 07:30:00,0.77988,0.77989,0.77958,0.77959,418,9,0
2026-05-12 07:45:00,0.77959,0.77976,0.77959,0.77972,254,9,0
2026-05-12 08:00:00,0.77972,0.78004,0.77967,0.77997,359,2,0
2026-05-12 08:15:00,0.77997,0.78005,0.77982,0.77987,427,2,0
2026-05-12 08:30:00,0.77987,0.77997,0.77979,0.7798,356,2,0
2026-05-12 08:45:00,0.7798,0.77992,0.7788,0.77918,705,1,0
2026-05-12 09:00:00,0.77918,0.7796,0.77889,0.77953,765,0,0
2026-05-12 09:15:00,0.77953,0.77997,0.77945,0.77988,613,2,0
2026-05-12 09:30:00,0.77988,0.77997,0.77945,0.77994,536,2,0
2026-05-12 09:45:00,0.77993,0.78017,0.7798,0.78008,700,2,0
2026-05-12 10:00:00,0.78008,0.78049,0.77996,0.78026,701,2,0
2026-05-12 10:15:00,0.78026,0.78042,0.77992,0.78022,699,0,0
2026-05-12 10:30:00,0.78022,0.7805,0.78013,0.78048,592,2,0
2026-05-12 10:45:00,0.78048,0.78087,0.78048,0.78076,614,2,0
2026-05-12 11:00:00,0.78076,0.78089,0.78059,0.7808,660,2,0
2026-05-12 11:15:00,0.7808,0.78081,0.78013,0.78048,592,2,0
2026-05-12 11:30:00,0.78048,0.78088,0.78042,0.78075,447,2,0
2026-05-12 11:45:00,0.78075,0.78076,0.78029,0.78061,602,2,0
2026-05-12 12:00:00,0.78063,0.78087,0.78045,0.78084,404,2,0
2026-05-12 12:15:00,0.78084,0.78101,0.78072,0.78079,447,2,0
2026-05-12 12:30:00,0.78079,0.78092,0.78046,0.78091,989,2,0
2026-05-12 12:45:00,0.78091,0.78111,0.78053,0.78072,528,1,0
2026-05-12 13:00:00,0.78072,0.78094,0.78066,0.7808,470,2,0
2026-05-12 13:15:00,0.7808,0.78097,0.78068,0.78069,253,2,0
2026-05-12 13:30:00,0.78069,0.78086,0.78063,0.78077,460,2,0
2026-05-12 13:45:00,0.78077,0.78115,0.78065,0.78107,535,2,0
2026-05-12 14:00:00,0.78107,0.7815,0.78093,0.78108,702,2,0
2026-05-12 14:15:00,0.78107,0.78121,0.78082,0.78098,399,2,0
2026-05-12 14:30:00,0.78098,0.78098,0.78063,0.78073,456,2,0
2026-05-12 14:45:00,0.78073,0.78105,0.7806,0.78103,686,2,0
2026-05-12 15:00:00,0.78103,0.78135,0.78095,0.78113,687,2,0
2026-05-12 15:15:00,0.78113,0.78116,0.78075,0.78085,726,2,0
2026-05-12 15:30:00,0.78085,0.78143,0.78052,0.78054,1340,2,0
2026-05-12 15:45:00,0.78054,0.78074,0.78027,0.78037,763,1,0
2026-05-12 16:00:00,0.78037,0.78091,0.78028,0.7809,752,2,0
2026-05-12 16:15:00,0.78091,0.78154,0.7809,0.78141,885,2,0
2026-05-12 16:30:00,0.78141,0.78162,0.78117,0.78156,1008,2,0
2026-05-12 16:45:00,0.78156,0.78214,0.78137,0.78195,1055,0,0
2026-05-12 17:00:00,0.78195,0.78206,0.78154,0.78158,1008,0,0
2026-05-12 17:15:00,0.78158,0.78193,0.78152,0.78167,814,2,0
2026-05-12 17:30:00,0.78167,0.78192,0.78131,0.78151,872,2,0
2026-05-12 17:45:00,0.78152,0.78192,0.78113,0.78122,1548,1,0
2026-05-12 18:00:00,0.78123,0.78192,0.78108,0.7819,1240,1,0
2026-05-12 18:15:00,0.7819,0.78232,0.78169,0.78222,1061,0,0
2026-05-12 18:30:00,0.78221,0.78221,0.78158,0.7816,733,2,0
2026-05-12 18:45:00,0.7816,0.78185,0.78153,0.78169,420,2,0
2026-05-12 19:00:00,0.78169,0.78196,0.7816,0.78161,614,2,0
2026-05-12 19:15:00,0.78161,0.78175,0.78136,0.78166,658,1,0
2026-05-12 19:30:00,0.78166,0.78185,0.78165,0.78181,445,2,0
2026-05-12 19:45:00,0.78182,0.78214,0.78178,0.78198,483,2,0
2026-05-12 20:00:00,0.78198,0.78203,0.78159,0.78176,499,2,0
2026-05-12 20:15:00,0.78176,0.78178,0.78143,0.7816,412,2,0
2026-05-12 20:30:00,0.7816,0.78171,0.78152,0.78166,248,2,0
2026-05-12 20:45:00,0.78166,0.78173,0.78145,0.78147,316,2,0
2026-05-12 21:00:00,0.78147,0.78172,0.7814,0.78149,511,0,0
2026-05-12 21:15:00,0.78149,0.78154,0.78089,0.78101,477,2,0
2026-05-12 21:30:00,0.78102,0.78106,0.78089,0.78091,403,2,0
2026-05-12 21:45:00,0.78091,0.78104,0.78069,0.78075,347,2,0
2026-05-12 22:00:00,0.78075,0.7808,0.78038,0.78047,333,2,0
2026-05-12 22:15:00,0.78047,0.78068,0.78044,0.78057,388,2,0
2026-05-12 22:30:00,0.78057,0.78057,0.78024,0.7805,304,2,0
2026-05-12 22:45:00,0.7805,0.78071,0.78042,0.78069,453,2,0
2026-05-12 23:00:00,0.78069,0.78073,0.78056,0.78067,320,2,0
2026-05-12 23:15:00,0.78067,0.78069,0.7806,0.78069,136,12,0
2026-05-12 23:30:00,0.7807,0.78079,0.78065,0.78068,177,11,0
2026-05-12 23:45:00,0.78068,0.78069,0.78041,0.78048,257,12,0
2026-05-13 00:00:00,0.78022,0.78074,0.77985,0.78008,825,36,0
2026-05-13 00:15:00,0.78008,0.78016,0.77993,0.78003,151,58,0
2026-05-13 00:30:00,0.78003,0.78063,0.78002,0.78053,1722,16,0
2026-05-13 00:45:00,0.78053,0.7806,0.7802,0.78034,650,15,0
2026-05-13 01:00:00,0.78035,0.78051,0.78021,0.7805,260,12,0
2026-05-13 01:15:00,0.7805,0.7805,0.78031,0.78032,89,12,0
2026-05-13 01:30:00,0.78033,0.78049,0.78027,0.78032,92,12,0
2026-05-13 01:45:00,0.78032,0.78035,0.78029,0.78035,37,12,0
2026-05-13 02:00:00,0.78035,0.78045,0.7802,0.78041,101,9,0
2026-05-13 02:15:00,0.78041,0.78044,0.78035,0.78035,78,10,0
2026-05-13 02:30:00,0.78035,0.78043,0.78032,0.78038,111,10,0
2026-05-13 02:45:00,0.78038,0.78055,0.78038,0.78052,212,10,0
2026-05-13 03:00:00,0.78054,0.78068,0.78029,0.78066,434,8,0
2026-05-13 03:15:00,0.78066,0.78066,0.78036,0.7806,379,7,0
2026-05-13 03:30:00,0.7806,0.78075,0.78049,0.78051,352,8,0
2026-05-13 03:45:00,0.78051,0.78074,0.78009,0.78012,512,7,0
2026-05-13 04:00:00,0.78012,0.7805,0.78006,0.78048,563,7,0
2026-05-13 04:15:00,0.78048,0.78067,0.78024,0.78038,573,8,0
2026-05-13 04:30:00,0.78038,0.78046,0.78014,0.78023,573,8,0
2026-05-13 04:45:00,0.78023,0.78025,0.77998,0.78018,409,8,0
2026-05-13 05:00:00,0.78018,0.78029,0.78001,0.78029,325,9,0
2026-05-13 05:15:00,0.78029,0.7804,0.78025,0.78027,182,9,0
2026-05-13 05:30:00,0.78027,0.78038,0.78027,0.78036,239,7,0
2026-05-13 05:45:00,0.78036,0.78043,0.78013,0.78034,336,8,0
2026-05-13 06:00:00,0.78034,0.78065,0.78029,0.78051,446,5,0
2026-05-13 06:15:00,0.78051,0.78056,0.78042,0.78043,291,8,0
2026-05-13 06:30:00,0.78043,0.78045,0.78027,0.78034,219,8,0
2026-05-13 06:45:00,0.78034,0.78052,0.7803,0.78046,173,9,0
2026-05-13 07:00:00,0.78046,0.7805,0.78036,0.78048,199,8,0
2026-05-13 07:15:00,0.78048,0.78058,0.78044,0.78057,147,9,0
2026-05-13 07:30:00,0.78057,0.78066,0.78052,0.78054,237,9,0
2026-05-13 07:45:00,0.78054,0.78056,0.78048,0.7805,199,9,0
2026-05-13 08:00:00,0.78053,0.78056,0.78046,0.78052,188,2,0
2026-05-13 08:15:00,0.78052,0.78055,0.78023,0.78025,247,2,0
2026-05-13 08:30:00,0.78025,0.78044,0.78021,0.78041,323,2,0
2026-05-13 08:45:00,0.78041,0.78051,0.78031,0.78038,384,2,0
2026-05-13 09:00:00,0.78038,0.78075,0.78031,0.78075,391,2,0
2026-05-13 09:15:00,0.78075,0.78085,0.78057,0.78066,217,0,0
2026-05-13 09:30:00,0.78066,0.78111,0.78066,0.7809,316,2,0
2026-05-13 09:45:00,0.78089,0.78136,0.78089,0.7812,329,2,0
2026-05-13 10:00:00,0.7812,0.78131,0.78088,0.78113,527,2,0
2026-05-13 10:15:00,0.78113,0.78122,0.78093,0.78119,354,2,0
2026-05-13 10:30:00,0.78119,0.78154,0.78112,0.78147,497,2,0
2026-05-13 10:45:00,0.78147,0.78172,0.78135,0.78155,407,2,0
2026-05-13 11:00:00,0.78155,0.7817,0.78148,0.78161,446,1,0
2026-05-13 11:15:00,0.78161,0.78161,0.78135,0.78152,306,2,0
2026-05-13 11:30:00,0.78152,0.78215,0.78152,0.78209,327,2,0
2026-05-13 11:45:00,0.78209,0.78245,0.78199,0.78218,428,1,0
2026-05-13 12:00:00,0.78218,0.78238,0.78183,0.78235,358,2,0
2026-05-13 12:15:00,0.78235,0.78285,0.78224,0.78284,441,2,0
2026-05-13 12:30:00,0.78284,0.78285,0.78248,0.78252,454,2,0
2026-05-13 12:45:00,0.78252,0.78252,0.78195,0.78198,493,2,0
2026-05-13 13:00:00,0.78198,0.78213,0.78163,0.78194,654,2,0
2026-05-13 13:15:00,0.78194,0.78218,0.78172,0.78209,466,2,0
2026-05-13 13:30:00,0.78209,0.78214,0.78163,0.78168,338,2,0
2026-05-13 13:45:00,0.78168,0.7818,0.78133,0.7815,451,2,0
2026-05-13 14:00:00,0.7815,0.78175,0.78139,0.78153,304,2,0
2026-05-13 14:15:00,0.78153,0.78159,0.78136,0.78142,346,2,0
2026-05-13 14:30:00,0.78142,0.78144,0.78117,0.78134,275,2,0
2026-05-13 14:45:00,0.78134,0.78152,0.78123,0.78148,318,2,0
2026-05-13 15:00:00,0.78148,0.78156,0.78119,0.7815,408,2,0
2026-05-13 15:15:00,0.7815,0.78213,0.7815,0.78196,574,2,0
2026-05-13 15:30:00,0.78196,0.7826,0.78184,0.78235,1118,0,0
2026-05-13 15:45:00,0.78235,0.78299,0.78231,0.78266,654,2,0
2026-05-13 16:00:00,0.78266,0.78287,0.78241,0.78252,655,2,0
2026-05-13 16:15:00,0.78252,0.78276,0.78233,0.78243,582,2,0
2026-05-13 16:30:00,0.78243,0.78249,0.78178,0.78181,991,2,0
2026-05-13 16:45:00,0.78181,0.78223,0.78166,0.78194,727,2,0
2026-05-13 17:00:00,0.78194,0.78229,0.7819,0.78199,846,2,0
2026-05-13 17:15:00,0.78199,0.78258,0.78198,0.78232,531,2,0
2026-05-13 17:30:00,0.78232,0.78285,0.78232,0.78285,587,1,0
2026-05-13 17:45:00,0.78285,0.78308,0.78236,0.78257,824,2,0
2026-05-13 18:00:00,0.78257,0.78266,0.78223,0.78257,630,2,0
2026-05-13 18:15:00,0.78257,0.78263,0.78233,0.78246,451,2,0
2026-05-13 18:30:00,0.78245,0.78265,0.78202,0.78215,606,2,0
2026-05-13 18:45:00,0.78215,0.78257,0.7821,0.78247,533,2,0
2026-05-13 19:00:00,0.78247,0.78254,0.78219,0.7822,475,2,0
2026-05-13 19:15:00,0.7822,0.78237,0.78176,0.78182,595,2,0
2026-05-13 19:30:00,0.78182,0.78227,0.78171,0.7822,477,2,0
2026-05-13 19:45:00,0.7822,0.78257,0.78209,0.78244,296,2,0
2026-05-13 20:00:00,0.78244,0.78246,0.78214,0.78225,402,2,0
2026-05-13 20:15:00,0.78225,0.78225,0.78205,0.7821,218,2,0
2026-05-13 20:30:00,0.7821,0.78237,0.78209,0.78236,305,2,0
2026-05-13 20:45:00,0.78236,0.78248,0.78229,0.78243,228,2,0
2026-05-13 21:00:00,0.78243,0.78245,0.78216,0.78223,276,2,0
2026-05-13 21:15:00,0.78223,0.78229,0.78214,0.78219,245,2,0
2026-05-13 21:30:00,0.78219,0.78222,0.78204,0.78209,229,2,0
2026-05-13 21:45:00,0.78209,0.78243,0.78198,0.78222,491,2,0
2026-05-13 22:00:00,0.78222,0.78223,0.78196,0.78196,266,2,0
2026-05-13 22:15:00,0.78196,0.78205,0.78179,0.7818,334,2,0
2026-05-13 22:30:00,0.7818,0.78185,0.78165,0.78178,291,2,0
2026-05-13 22:45:00,0.78178,0.78189,0.78168,0.78179,308,2,0
2026-05-13 23:00:00,0.78174,0.78182,0.78157,0.78158,195,12,0
2026-05-13 23:15:00,0.78158,0.78167,0.78156,0.78166,124,11,0
2026-05-13 23:30:00,0.78167,0.78175,0.78162,0.78163,127,12,0
2026-05-13 23:45:00,0.78163,0.78167,0.78158,0.78163,297,12,0
2026-05-14 00:00:00,0.78125,0.78181,0.78098,0.78101,117,26,0
2026-05-14 00:15:00,0.781,0.78142,0.78098,0.78116,199,49,0
2026-05-14 00:30:00,0.7813,0.78153,0.7811,0.78131,644,23,0
2026-05-14 00:45:00,0.78131,0.78137,0.78109,0.78119,553,46,0
2026-05-14 01:00:00,0.78119,0.78167,0.78118,0.78144,392,6,0
2026-05-14 01:15:00,0.78144,0.78146,0.78137,0.7814,70,12,0
2026-05-14 01:30:00,0.7814,0.78146,0.78137,0.78143,58,12,0
2026-05-14 01:45:00,0.78143,0.78152,0.78143,0.7815,102,12,0
2026-05-14 02:00:00,0.7815,0.78154,0.78142,0.78153,140,10,0
2026-05-14 02:15:00,0.78153,0.78157,0.7815,0.78156,77,10,0
2026-05-14 02:30:00,0.78156,0.78169,0.78156,0.78168,125,11,0
2026-05-14 02:45:00,0.78168,0.78169,0.7816,0.78162,234,10,0
2026-05-14 03:00:00,0.78162,0.78172,0.78147,0.78152,402,9,0
2026-05-14 03:15:00,0.78152,0.78162,0.78141,0.78151,463,8,0
2026-05-14 03:30:00,0.78151,0.78161,0.78143,0.78153,348,9,0
2026-05-14 03:45:00,0.78153,0.78153,0.7814,0.78146,429,9,0
2026-05-14 04:00:00,0.78146,0.7816,0.78135,0.78146,424,7,0
2026-05-14 04:15:00,0.78146,0.7815,0.78134,0.78143,322,9,0
2026-05-14 04:30:00,0.78143,0.78147,0.78127,0.78136,320,9,0
2026-05-14 04:45:00,0.78136,0.78162,0.78129,0.78153,324,9,0
2026-05-14 05:00:00,0.78153,0.78168,0.78143,0.78168,394,9,0
2026-05-14 05:15:00,0.78168,0.78184,0.78166,0.78166,259,8,0
2026-05-14 05:30:00,0.78166,0.78168,0.78156,0.78161,277,9,0
2026-05-14 05:45:00,0.78161,0.78176,0.7816,0.78172,317,9,0
2026-05-14 06:00:00,0.78172,0.78188,0.78166,0.78181,324,9,0
2026-05-14 06:15:00,0.78181,0.78184,0.78156,0.78157,347,8,0
2026-05-14 06:30:00,0.78157,0.78179,0.78156,0.78172,303,8,0
2026-05-14 06:45:00,0.78172,0.78183,0.78167,0.78181,202,9,0
2026-05-14 07:00:00,0.78181,0.78189,0.78145,0.78162,454,9,0
2026-05-14 07:15:00,0.78162,0.78171,0.78154,0.78159,288,9,0
2026-05-14 07:30:00,0.78159,0.78169,0.78158,0.78166,261,9,0
2026-05-14 07:45:00,0.78166,0.78178,0.78147,0.78175,262,8,0
2026-05-14 08:00:00,0.78175,0.78192,0.78168,0.78188,445,2,0
2026-05-14 08:15:00,0.78188,0.78194,0.78183,0.78188,267,2,0
2026-05-14 08:30:00,0.78188,0.78198,0.78185,0.78192,335,2,0
2026-05-14 08:45:00,0.78192,0.78201,0.78168,0.78199,540,2,0
2026-05-14 09:00:00,0.782,0.78204,0.78171,0.78197,313,2,0
2026-05-14 09:15:00,0.78197,0.78201,0.78158,0.7817,370,2,0
2026-05-14 09:30:00,0.7817,0.78175,0.78129,0.7813,307,2,0
2026-05-14 09:45:00,0.7813,0.78131,0.78077,0.78097,529,2,0
2026-05-14 10:00:00,0.78097,0.78158,0.78092,0.78148,647,2,0
2026-05-14 10:15:00,0.78148,0.78186,0.78148,0.78183,476,2,0
2026-05-14 10:30:00,0.78183,0.78184,0.78147,0.78167,398,2,0
2026-05-14 10:45:00,0.78167,0.78235,0.78161,0.78229,466,2,0
2026-05-14 11:00:00,0.78229,0.7825,0.78209,0.78221,462,2,0
2026-05-14 11:15:00,0.78221,0.78225,0.78188,0.78191,475,2,0
2026-05-14 11:30:00,0.78191,0.78214,0.78177,0.78205,509,2,0
2026-05-14 11:45:00,0.78205,0.78209,0.78186,0.78194,523,2,0
2026-05-14 12:00:00,0.78195,0.78205,0.78175,0.78198,596,2,0
2026-05-14 12:15:00,0.78198,0.78205,0.78181,0.78189,272,2,0
2026-05-14 12:30:00,0.78189,0.78215,0.78185,0.7819,319,2,0
2026-05-14 12:45:00,0.7819,0.7819,0.78165,0.78184,288,2,0
2026-05-14 13:00:00,0.78184,0.78192,0.78144,0.78163,522,2,0
2026-05-14 13:15:00,0.78163,0.7819,0.7816,0.78164,512,2,0
2026-05-14 13:30:00,0.78164,0.78209,0.78152,0.78201,322,2,0
2026-05-14 13:45:00,0.78201,0.78207,0.78174,0.78183,452,2,0
2026-05-14 14:00:00,0.78183,0.78209,0.78172,0.78174,446,2,0
2026-05-14 14:15:00,0.78174,0.78188,0.78171,0.78182,410,2,0
2026-05-14 14:30:00,0.78182,0.78208,0.78169,0.782,270,2,0
2026-05-14 14:45:00,0.782,0.7821,0.78189,0.78209,323,2,0
2026-05-14 15:00:00,0.78209,0.78214,0.78158,0.78158,741,2,0
2026-05-14 15:15:00,0.78159,0.78175,0.78155,0.78159,487,2,0
2026-05-14 15:30:00,0.78159,0.78208,0.78157,0.78208,555,2,0
2026-05-14 15:45:00,0.78209,0.78209,0.78185,0.78205,438,2,0
2026-05-14 16:00:00,0.78205,0.78229,0.78186,0.78202,674,2,0
2026-05-14 16:15:00,0.78202,0.78239,0.782,0.78205,533,2,0
2026-05-14 16:30:00,0.78205,0.78283,0.78205,0.78219,1217,1,0
2026-05-14 16:45:00,0.78219,0.78236,0.78178,0.78229,1643,1,0
2026-05-14 17:00:00,0.78231,0.78255,0.78195,0.78199,722,2,0
2026-05-14 17:15:00,0.78199,0.78253,0.78188,0.78222,752,2,0
2026-05-14 17:30:00,0.78222,0.7824,0.78211,0.78219,576,2,0
2026-05-14 17:45:00,0.78219,0.783,0.78209,0.783,1118,2,0
2026-05-14 18:00:00,0.783,0.78347,0.783,0.78331,1038,2,0
2026-05-14 18:15:00,0.78331,0.7835,0.7832,0.7833,596,2,0
2026-05-14 18:30:00,0.7833,0.78335,0.78302,0.78322,562,2,0
2026-05-14 18:45:00,0.78322,0.78325,0.78298,0.78299,420,2,0
2026-05-14 19:00:00,0.78299,0.78321,0.7829,0.78301,622,2,0
2026-05-14 19:15:00,0.78301,0.78336,0.78281,0.78325,628,2,0
2026-05-14 19:30:00,0.78325,0.78358,0.78319,0.78342,569,2,0
2026-05-14 19:45:00,0.78342,0.78348,0.78319,0.7832,564,2,0
2026-05-14 20:00:00,0.7832,0.78322,0.78297,0.78317,403,2,0
2026-05-14 20:15:00,0.78317,0.78329,0.78311,0.78318,394,2,0
2026-05-14 20:30:00,0.78318,0.78328,0.78303,0.78312,308,2,0
2026-05-14 20:45:00,0.78312,0.78325,0.78305,0.78322,264,2,0
2026-05-14 21:00:00,0.7832,0.78347,0.7832,0.78326,397,2,0
2026-05-14 21:15:00,0.78326,0.78346,0.78325,0.78342,370,2,0
2026-05-14 21:30:00,0.78342,0.78362,0.78337,0.78352,342,2,0
2026-05-14 21:45:00,0.78352,0.78354,0.78337,0.78337,239,2,0
2026-05-14 22:00:00,0.78337,0.78343,0.78327,0.78338,205,2,0
2026-05-14 22:15:00,0.78338,0.7836,0.78337,0.7836,200,2,0
2026-05-14 22:30:00,0.78359,0.78393,0.78349,0.78387,303,2,0
2026-05-14 22:45:00,0.78387,0.78395,0.78367,0.78367,422,2,0
2026-05-14 23:00:00,0.78362,0.78387,0.78356,0.78382,213,12,0
2026-05-14 23:15:00,0.78382,0.78398,0.78375,0.78391,185,12,0
2026-05-14 23:30:00,0.78392,0.78399,0.78382,0.78386,197,12,0
2026-05-14 23:45:00,0.78386,0.78388,0.78361,0.78365,259,8,0
2026-05-15 00:00:00,0.78293,0.78304,0.78292,0.783,76,86,0
2026-05-15 00:15:00,0.783,0.78301,0.78289,0.78289,63,119,0
2026-05-15 00:30:00,0.78289,0.78315,0.78289,0.78301,294,76,0
2026-05-15 00:45:00,0.78301,0.78321,0.783,0.78313,62,59,0
2026-05-15 01:00:00,0.78313,0.78382,0.78306,0.7838,119,12,0
2026-05-15 01:15:00,0.7838,0.78384,0.78373,0.78376,69,12,0
2026-05-15 01:30:00,0.78376,0.78378,0.78365,0.78366,84,12,0
2026-05-15 01:45:00,0.78366,0.78383,0.78365,0.78383,71,12,0
2026-05-15 02:00:00,0.78383,0.7841,0.78379,0.78407,207,10,0
2026-05-15 02:15:00,0.78407,0.7842,0.78403,0.78404,168,10,0
2026-05-15 02:30:00,0.78404,0.78412,0.784,0.78401,174,11,0
2026-05-15 02:45:00,0.78401,0.78421,0.78397,0.78418,349,10,0
2026-05-15 03:00:00,0.78421,0.78446,0.78419,0.78434,597,7,0
2026-05-15 03:15:00,0.78434,0.78447,0.78413,0.78445,539,6,0
2026-05-15 03:30:00,0.78446,0.78484,0.78444,0.78476,645,8,0
2026-05-15 03:45:00,0.78476,0.78495,0.7846,0.7847,510,8,0
2026-05-15 04:00:00,0.7847,0.78493,0.78466,0.78486,384,8,0
2026-05-15 04:15:00,0.78486,0.78533,0.78484,0.78533,718,8,0
2026-05-15 04:30:00,0.78533,0.78545,0.78507,0.78519,751,7,0
2026-05-15 04:45:00,0.78519,0.78553,0.78516,0.78548,592,8,0
2026-05-15 05:00:00,0.78548,0.78558,0.78537,0.78542,514,8,0
2026-05-15 05:15:00,0.78542,0.78545,0.78494,0.78505,544,9,0
2026-05-15 05:30:00,0.78505,0.78515,0.7849,0.78492,350,8,0
2026-05-15 05:45:00,0.78492,0.78497,0.78467,0.78494,561,7,0
2026-05-15 06:00:00,0.78494,0.78503,0.78483,0.785,423,8,0
2026-05-15 06:15:00,0.785,0.78509,0.78494,0.78494,318,9,0
2026-05-15 06:30:00,0.78494,0.7851,0.78489,0.78502,361,9,0
2026-05-15 06:45:00,0.78502,0.78514,0.78498,0.78511,339,8,0
2026-05-15 07:00:00,0.78511,0.78522,0.78502,0.78503,380,9,0
2026-05-15 07:15:00,0.78503,0.78514,0.78502,0.78513,273,9,0
2026-05-15 07:30:00,0.78513,0.78536,0.7851,0.78535,301,9,0
2026-05-15 07:45:00,0.78535,0.78577,0.78532,0.78562,470,8,0
2026-05-15 08:00:00,0.78562,0.78595,0.78562,0.78575,767,2,0
2026-05-15 08:15:00,0.78575,0.78585,0.78555,0.78557,542,2,0
2026-05-15 08:30:00,0.78557,0.78577,0.78555,0.78576,786,2,0
2026-05-15 08:45:00,0.78576,0.78633,0.78576,0.78622,1027,2,0
2026-05-15 09:00:00,0.78622,0.78622,0.78533,0.78562,974,1,0
2026-05-15 09:15:00,0.78562,0.78574,0.78533,0.78564,554,2,0
2026-05-15 09:30:00,0.78564,0.78576,0.78537,0.78557,711,0,0
2026-05-15 09:45:00,0.78557,0.78598,0.78541,0.78586,492,2,0
2026-05-15 10:00:00,0.78586,0.78597,0.78468,0.78485,1052,2,0
2026-05-15 10:15:00,0.78485,0.78504,0.78469,0.78485,652,2,0
2026-05-15 10:30:00,0.78485,0.78497,0.78468,0.78484,533,0,0
2026-05-15 10:45:00,0.78484,0.78523,0.78484,0.78521,493,2,0
2026-05-15 11:00:00,0.78519,0.78562,0.7851,0.78551,655,2,0
2026-05-15 11:15:00,0.78551,0.7858,0.78541,0.78577,780,2,0
2026-05-15 11:30:00,0.78578,0.7859,0.78535,0.78536,699,2,0
2026-05-15 11:45:00,0.78536,0.78588,0.78534,0.78568,683,2,0
2026-05-15 12:00:00,0.78568,0.78644,0.78563,0.78642,809,2,0
2026-05-15 12:15:00,0.78642,0.78669,0.78609,0.78614,706,2,0
2026-05-15 12:30:00,0.78614,0.78652,0.78614,0.78633,639,2,0
2026-05-15 12:45:00,0.78633,0.78642,0.78601,0.78609,743,2,0
2026-05-15 13:00:00,0.78609,0.78611,0.78509,0.78523,715,2,0
2026-05-15 13:15:00,0.78523,0.78532,0.78478,0.78504,634,2,0
2026-05-15 13:30:00,0.78504,0.78509,0.78465,0.78465,644,2,0
2026-05-15 13:45:00,0.78465,0.78474,0.78385,0.78442,1271,2,0
2026-05-15 14:00:00,0.78442,0.78496,0.78433,0.78473,716,2,0
2026-05-15 14:15:00,0.78473,0.78538,0.78465,0.78533,383,2,0
2026-05-15 14:30:00,0.78533,0.78598,0.78529,0.78597,517,2,0
2026-05-15 14:45:00,0.78597,0.78617,0.78581,0.78603,485,2,0
2026-05-15 15:00:00,0.78603,0.78657,0.78602,0.78648,642,2,0
2026-05-15 15:15:00,0.78649,0.78655,0.78625,0.78641,730,2,0
2026-05-15 15:30:00,0.78641,0.78695,0.78637,0.78694,724,2,0
2026-05-15 15:45:00,0.78694,0.78704,0.78651,0.78666,748,2,0
2026-05-15 16:00:00,0.78666,0.78683,0.78635,0.78644,765,2,0
2026-05-15 16:15:00,0.78644,0.78666,0.78626,0.78645,915,2,0
2026-05-15 16:30:00,0.78645,0.78683,0.78627,0.78682,1229,2,0
2026-05-15 16:45:00,0.78682,0.78714,0.78659,0.78664,1148,2,0
2026-05-15 17:00:00,0.78664,0.78694,0.78608,0.78631,1208,2,0
2026-05-15 17:15:00,0.78631,0.78633,0.78545,0.78581,1226,1,0
2026-05-15 17:30:00,0.78581,0.78644,0.78573,0.78644,883,2,0
2026-05-15 17:45:00,0.78644,0.78688,0.78618,0.7864,1218,2,0
2026-05-15 18:00:00,0.7864,0.78673,0.78608,0.78626,1058,2,0
2026-05-15 18:15:00,0.78626,0.78692,0.78603,0.78676,787,2,0
2026-05-15 18:30:00,0.78676,0.78706,0.78666,0.78693,695,2,0
2026-05-15 18:45:00,0.78693,0.78734,0.78684,0.78684,596,2,0
2026-05-15 19:00:00,0.78684,0.78705,0.78675,0.78691,572,2,0
2026-05-15 19:15:00,0.78691,0.78697,0.7867,0.78673,443,2,0
2026-05-15 19:30:00,0.78673,0.78681,0.78646,0.78649,487,2,0
2026-05-15 19:45:00,0.7865,0.78667,0.78646,0.78653,501,2,0
2026-05-15 20:00:00,0.78655,0.78673,0.78627,0.78628,669,2,0
2026-05-15 20:15:00,0.78628,0.78641,0.786,0.78635,386,2,0
2026-05-15 20:30:00,0.78635,0.78655,0.78625,0.78654,306,2,0
2026-05-15 20:45:00,0.78654,0.7866,0.78642,0.7866,373,2,0
2026-05-15 21:00:00,0.7866,0.78683,0.78656,0.78673,395,2,0
2026-05-15 21:15:00,0.78673,0.78704,0.78673,0.78695,719,2,0
2026-05-15 21:30:00,0.78695,0.7873,0.78695,0.78703,568,2,0
2026-05-15 21:45:00,0.78703,0.78709,0.78674,0.7869,405,2,0
2026-05-15 22:00:00,0.7869,0.78703,0.78682,0.78703,272,2,0
2026-05-15 22:15:00,0.78703,0.78714,0.78691,0.78695,294,2,0
2026-05-15 22:30:00,0.78695,0.78699,0.78675,0.78696,425,2,0
2026-05-15 22:45:00,0.78696,0.78698,0.78662,0.78662,500,2,0
2026-05-15 23:00:00,0.78662,0.78685,0.78652,0.78671,307,4,0
2026-05-15 23:15:00,0.78671,0.7869,0.78663,0.78685,156,12,0
2026-05-15 23:30:00,0.78686,0.78686,0.78653,0.78653,162,11,0
2026-05-15 23:45:00,0.78653,0.78691,0.78648,0.78684,408,0,0
2026-05-18 00:00:00,0.78581,0.78626,0.78581,0.78615,55,117,0
2026-05-18 00:15:00,0.78615,0.7865,0.78602,0.78617,106,55,0
2026-05-18 00:30:00,0.78609,0.78645,0.78599,0.78637,71,75,0
2026-05-18 00:45:00,0.78637,0.78645,0.7862,0.78624,80,73,0
2026-05-18 01:00:00,0.78624,0.78687,0.78623,0.7868,334,12,0
2026-05-18 01:15:00,0.7868,0.78685,0.78668,0.78684,100,12,0
2026-05-18 01:30:00,0.78684,0.78697,0.7867,0.7867,241,12,0
2026-05-18 01:45:00,0.78671,0.78684,0.78669,0.78675,262,12,0
2026-05-18 02:00:00,0.78675,0.78689,0.78671,0.78677,328,9,0
2026-05-18 02:15:00,0.78677,0.78698,0.78671,0.78696,281,10,0
2026-05-18 02:30:00,0.78696,0.78735,0.78696,0.78719,463,8,0
2026-05-18 02:45:00,0.78719,0.78737,0.78718,0.78728,549,9,0
2026-05-18 03:00:00,0.7873,0.78734,0.78651,0.787,809,7,0
2026-05-18 03:15:00,0.787,0.78716,0.78682,0.78705,722,8,0
2026-05-18 03:30:00,0.78705,0.78742,0.78703,0.78741,650,8,0
2026-05-18 03:45:00,0.78741,0.78747,0.78724,0.78733,830,9,0
2026-05-18 04:00:00,0.78733,0.7877,0.78725,0.78763,964,8,0
2026-05-18 04:15:00,0.78763,0.78772,0.78725,0.7873,970,8,0
2026-05-18 04:30:00,0.7873,0.78733,0.78695,0.78719,608,7,0
2026-05-18 04:45:00,0.78719,0.78737,0.78688,0.78703,497,7,0
2026-05-18 05:00:00,0.78703,0.78738,0.78699,0.78704,621,7,0
2026-05-18 05:15:00,0.78704,0.78707,0.78687,0.78694,538,7,0
2026-05-18 05:30:00,0.78694,0.78714,0.7868,0.78707,608,9,0
2026-05-18 05:45:00,0.78707,0.78715,0.78691,0.78705,752,8,0
2026-05-18 06:00:00,0.78705,0.78723,0.78699,0.78706,518,9,0
2026-05-18 06:15:00,0.78705,0.78709,0.78681,0.78684,441,9,0
2026-05-18 06:30:00,0.78684,0.78697,0.78667,0.78668,432,9,0
2026-05-18 06:45:00,0.78668,0.78682,0.78663,0.78677,470,9,0
2026-05-18 07:00:00,0.78677,0.78681,0.78643,0.78648,456,7,0
2026-05-18 07:15:00,0.78648,0.78686,0.78645,0.78682,365,8,0
2026-05-18 07:30:00,0.78682,0.78684,0.78664,0.78673,497,8,0
2026-05-18 07:45:00,0.78673,0.78694,0.78668,0.78685,632,9,0
2026-05-18 08:00:00,0.78688,0.787,0.78675,0.78697,622,2,0
2026-05-18 08:15:00,0.78697,0.78712,0.78663,0.78668,581,2,0
2026-05-18 08:30:00,0.78668,0.78695,0.78662,0.78687,599,2,0
2026-05-18 08:45:00,0.78687,0.78689,0.78668,0.7867,438,2,0
2026-05-18 09:00:00,0.78671,0.7868,0.78644,0.78646,594,2,0
2026-05-18 09:15:00,0.78646,0.78646,0.78589,0.78622,549,2,0
2026-05-18 09:30:00,0.7862,0.78631,0.78567,0.78573,604,2,0
2026-05-18 09:45:00,0.78573,0.78583,0.78537,0.78547,648,2,0
2026-05-18 10:00:00,0.78547,0.78581,0.78546,0.78568,625,1,0
2026-05-18 10:15:00,0.78568,0.78569,0.78497,0.78499,683,2,0
2026-05-18 10:30:00,0.785,0.78527,0.7847,0.78514,773,2,0
2026-05-18 10:45:00,0.78514,0.7855,0.78494,0.78529,641,2,0
2026-05-18 11:00:00,0.78529,0.78547,0.78509,0.78517,606,2,0
2026-05-18 11:15:00,0.78517,0.78524,0.78494,0.78496,538,2,0
2026-05-18 11:30:00,0.78495,0.78502,0.78456,0.78502,548,2,0
2026-05-18 11:45:00,0.78502,0.78503,0.78463,0.78486,484,2,0
2026-05-18 12:00:00,0.78486,0.78531,0.78477,0.7852,515,2,0
2026-05-18 12:15:00,0.7852,0.78536,0.78505,0.78525,313,2,0
2026-05-18 12:30:00,0.78525,0.78541,0.78517,0.78527,301,2,0
2026-05-18 12:45:00,0.78526,0.78555,0.78513,0.78555,524,2,0
2026-05-18 13:00:00,0.78555,0.78569,0.78537,0.78541,487,2,0
2026-05-18 13:15:00,0.78541,0.78549,0.78535,0.78544,374,2,0
2026-05-18 13:30:00,0.78544,0.78576,0.78543,0.78547,375,2,0
2026-05-18 13:45:00,0.78547,0.78629,0.78544,0.78627,436,2,0
2026-05-18 14:00:00,0.78627,0.78631,0.78577,0.78617,579,2,0
2026-05-18 14:15:00,0.78617,0.78642,0.78601,0.78642,377,2,0
2026-05-18 14:30:00,0.78642,0.78652,0.78461,0.7847,1746,1,0
2026-05-18 14:45:00,0.7847,0.78554,0.78468,0.78542,1101,2,0
2026-05-18 15:00:00,0.78542,0.78546,0.78498,0.78521,837,2,0
2026-05-18 15:15:00,0.78521,0.78541,0.78507,0.78515,725,2,0
2026-05-18 15:30:00,0.78515,0.78522,0.78463,0.78472,1180,2,0
2026-05-18 15:45:00,0.78472,0.78516,0.78447,0.78499,1261,2,0
2026-05-18 16:00:00,0.78499,0.78532,0.78482,0.78505,1112,2,0
2026-05-18 16:15:00,0.78505,0.7853,0.78488,0.78488,621,2,0
2026-05-18 16:30:00,0.78488,0.78528,0.78474,0.78495,1122,0,0
2026-05-18 16:45:00,0.78495,0.785,0.78443,0.78497,1139,0,0
2026-05-18 17:00:00,0.78497,0.78551,0.78481,0.78528,1229,0,0
2026-05-18 17:15:00,0.78528,0.78537,0.7849,0.78506,840,2,0
2026-05-18 17:30:00,0.78506,0.78549,0.78503,0.78545,849,2,0
2026-05-18 17:45:00,0.78545,0.78585,0.78534,0.78585,844,2,0
2026-05-18 18:00:00,0.78585,0.78646,0.78583,0.78609,1372,2,0
2026-05-18 18:15:00,0.78609,0.78634,0.78595,0.78608,1114,2,0
2026-05-18 18:30:00,0.78608,0.78624,0.78554,0.78586,852,2,0
2026-05-18 18:45:00,0.78586,0.78595,0.78529,0.78559,631,2,0
2026-05-18 19:00:00,0.78559,0.78578,0.78495,0.78496,635,1,0
2026-05-18 19:15:00,0.78496,0.78539,0.7848,0.78532,955,2,0
2026-05-18 19:30:00,0.78532,0.7854,0.78472,0.78497,712,2,0
2026-05-18 19:45:00,0.78497,0.78506,0.78468,0.7848,596,2,0
2026-05-18 20:00:00,0.7848,0.78495,0.78466,0.78493,748,2,0
2026-05-18 20:15:00,0.78493,0.78499,0.78463,0.78482,381,2,0
2026-05-18 20:30:00,0.78482,0.78488,0.78462,0.78469,250,2,0
2026-05-18 20:45:00,0.78469,0.78475,0.78458,0.78475,296,2,0
2026-05-18 21:00:00,0.78474,0.78503,0.78469,0.78495,425,2,0
2026-05-18 21:15:00,0.78495,0.78569,0.78494,0.78545,615,2,0
2026-05-18 21:30:00,0.78545,0.78567,0.78536,0.78552,442,2,0
2026-05-18 21:45:00,0.78552,0.78607,0.78552,0.78605,485,2,0
2026-05-18 22:00:00,0.78604,0.7861,0.78411,0.78486,2023,0,0
2026-05-18 22:15:00,0.78486,0.78496,0.78448,0.78472,776,2,0
2026-05-18 22:30:00,0.78472,0.78473,0.78431,0.78445,609,2,0
2026-05-18 22:45:00,0.78445,0.78454,0.78399,0.78451,687,2,0
2026-05-18 23:00:00,0.78446,0.78446,0.78408,0.78409,366,12,0
2026-05-18 23:15:00,0.78409,0.7841,0.78396,0.78398,219,12,0
2026-05-18 23:30:00,0.78399,0.78434,0.78398,0.78414,229,11,0
2026-05-18 23:45:00,0.78414,0.78444,0.78414,0.78433,234,12,0
2026-05-19 00:00:00,0.7842,0.78466,0.78386,0.78393,122,21,0
2026-05-19 00:15:00,0.78393,0.784,0.78382,0.7839,146,35,0
2026-05-19 00:30:00,0.7839,0.78413,0.78383,0.78402,528,27,0
2026-05-19 00:45:00,0.78402,0.78412,0.78392,0.78394,648,25,0
2026-05-19 01:00:00,0.78394,0.78411,0.78392,0.78402,132,12,0
2026-05-19 01:15:00,0.78402,0.78408,0.78399,0.78405,65,11,0
2026-05-19 01:30:00,0.78405,0.78408,0.78394,0.78408,67,12,0
2026-05-19 01:45:00,0.78407,0.78417,0.78407,0.78417,92,12,0
2026-05-19 02:00:00,0.78417,0.78419,0.78412,0.78416,120,10,0
2026-05-19 02:15:00,0.78416,0.78424,0.7841,0.78413,173,9,0
2026-05-19 02:30:00,0.78413,0.78427,0.78413,0.78417,155,10,0
2026-05-19 02:45:00,0.78417,0.78444,0.78417,0.78444,207,10,0
2026-05-19 03:00:00,0.78444,0.78486,0.78438,0.78475,761,9,0
2026-05-19 03:15:00,0.78475,0.78492,0.78448,0.78468,537,6,0
2026-05-19 03:30:00,0.78468,0.78511,0.78467,0.78506,498,8,0
2026-05-19 03:45:00,0.78506,0.78525,0.785,0.7852,436,9,0
2026-05-19 04:00:00,0.7852,0.78535,0.78514,0.78527,699,9,0
2026-05-19 04:15:00,0.78527,0.78537,0.78518,0.78523,600,8,0
2026-05-19 04:30:00,0.78523,0.78538,0.78471,0.78477,666,9,0
2026-05-19 04:45:00,0.78477,0.78521,0.78476,0.78516,616,8,0
2026-05-19 05:00:00,0.78516,0.78562,0.78516,0.78549,895,9,0
2026-05-19 05:15:00,0.78549,0.78558,0.7852,0.78536,654,8,0
2026-05-19 05:30:00,0.78536,0.78552,0.78529,0.78539,474,8,0
2026-05-19 05:45:00,0.78539,0.78566,0.78534,0.78559,384,8,0
2026-05-19 06:00:00,0.78559,0.78574,0.78547,0.78551,382,9,0
2026-05-19 06:15:00,0.78551,0.78554,0.78534,0.78545,407,9,0
2026-05-19 06:30:00,0.78545,0.78556,0.7854,0.78556,309,9,0
2026-05-19 06:45:00,0.78556,0.78574,0.78556,0.78573,277,9,0
2026-05-19 07:00:00,0.78572,0.7858,0.78559,0.78565,378,8,0
2026-05-19 07:15:00,0.78565,0.78571,0.78548,0.78557,266,8,0
2026-05-19 07:30:00,0.78557,0.78584,0.78546,0.78582,288,8,0
2026-05-19 07:45:00,0.78582,0.78593,0.78574,0.78581,309,9,0
2026-05-19 08:00:00,0.78581,0.78592,0.7856,0.78568,467,2,0
2026-05-19 08:15:00,0.78568,0.7861,0.78567,0.78599,566,2,0
2026-05-19 08:30:00,0.78599,0.78608,0.78563,0.78573,504,2,0
2026-05-19 08:45:00,0.78573,0.78578,0.78539,0.78546,551,2,0
2026-05-19 09:00:00,0.78546,0.78584,0.78542,0.7857,540,2,0
2026-05-19 09:15:00,0.7857,0.78571,0.78515,0.78539,397,2,0
2026-05-19 09:30:00,0.78539,0.78563,0.78537,0.78543,506,2,0
2026-05-19 09:45:00,0.78543,0.78597,0.78542,0.78586,505,2,0
2026-05-19 10:00:00,0.78586,0.78607,0.78581,0.78589,893,2,0
2026-05-19 10:15:00,0.78589,0.78598,0.78578,0.78585,435,2,0
2026-05-19 10:30:00,0.78585,0.78591,0.78553,0.7858,517,2,0
2026-05-19 10:45:00,0.7858,0.7858,0.78513,0.78523,805,2,0
2026-05-19 11:00:00,0.78523,0.78591,0.7851,0.78576,684,2,0
2026-05-19 11:15:00,0.78576,0.78594,0.78554,0.78582,604,2,0
2026-05-19 11:30:00,0.78582,0.78655,0.78574,0.78654,500,2,0
2026-05-19 11:45:00,0.78654,0.78703,0.78647,0.78685,446,2,0
2026-05-19 12:00:00,0.78685,0.78743,0.7868,0.78738,546,2,0
2026-05-19 12:15:00,0.78738,0.78747,0.78713,0.78725,537,2,0
2026-05-19 12:30:00,0.78725,0.78739,0.78702,0.78712,543,2,0
2026-05-19 12:45:00,0.78712,0.78731,0.78706,0.78714,418,2,0
2026-05-19 13:00:00,0.78714,0.78723,0.78662,0.78669,506,2,0
2026-05-19 13:15:00,0.7867,0.78685,0.78662,0.78682,301,2,0
2026-05-19 13:30:00,0.78682,0.78799,0.78677,0.78789,684,2,0
2026-05-19 13:45:00,0.78789,0.7879,0.78686,0.78699,860,2,0
2026-05-19 14:00:00,0.78699,0.7873,0.78694,0.78729,544,2,0
2026-05-19 14:15:00,0.78729,0.78737,0.787,0.78721,457,2,0
2026-05-19 14:30:00,0.78721,0.7873,0.78705,0.78716,472,2,0
2026-05-19 14:45:00,0.78716,0.78769,0.78713,0.78764,460,2,0
2026-05-19 15:00:00,0.78765,0.78773,0.78718,0.78735,756,2,0
2026-05-19 15:15:00,0.78735,0.78758,0.78709,0.78727,577,2,0
2026-05-19 15:30:00,0.78727,0.78784,0.78725,0.78779,1017,1,0
2026-05-19 15:45:00,0.78779,0.78785,0.78739,0.78785,705,2,0
2026-05-19 16:00:00,0.78785,0.78846,0.78782,0.78812,1038,2,0
2026-05-19 16:15:00,0.78812,0.78935,0.78809,0.78926,1213,2,0
2026-05-19 16:30:00,0.78926,0.78962,0.78905,0.78928,1600,1,0
2026-05-19 16:45:00,0.78928,0.78943,0.78882,0.78892,1481,2,0
2026-05-19 17:00:00,0.78892,0.78978,0.78885,0.78974,1487,2,0
2026-05-19 17:15:00,0.78974,0.79052,0.78968,0.79009,1632,2,0
2026-05-19 17:30:00,0.79009,0.79035,0.78983,0.79023,1565,1,0
2026-05-19 17:45:00,0.79023,0.79062,0.79,0.79046,1323,2,0
2026-05-19 18:00:00,0.79046,0.79046,0.78992,0.79035,1049,2,0
2026-05-19 18:15:00,0.79035,0.79039,0.78978,0.79007,865,0,0
2026-05-19 18:30:00,0.79007,0.79017,0.78954,0.78965,916,2,0
2026-05-19 18:45:00,0.78965,0.78985,0.78947,0.7897,542,2,0
2026-05-19 19:00:00,0.7897,0.79016,0.78955,0.78971,788,2,0
2026-05-19 19:15:00,0.78971,0.78989,0.78893,0.78901,700,2,0
2026-05-19 19:30:00,0.78901,0.78907,0.7886,0.78866,851,2,0
2026-05-19 19:45:00,0.78866,0.78901,0.78866,0.78895,560,2,0
2026-05-19 20:00:00,0.78895,0.78895,0.78854,0.78859,538,2,0
2026-05-19 20:15:00,0.78859,0.78878,0.78854,0.78871,323,2,0
2026-05-19 20:30:00,0.78871,0.78891,0.78859,0.78861,391,2,0
2026-05-19 20:45:00,0.78861,0.78878,0.78852,0.78864,505,0,0
2026-05-19 21:00:00,0.78864,0.78866,0.78839,0.78857,380,2,0
2026-05-19 21:15:00,0.78857,0.789,0.78855,0.78897,376,2,0
2026-05-19 21:30:00,0.78897,0.78909,0.78876,0.78884,663,2,0
2026-05-19 21:45:00,0.78884,0.78927,0.78884,0.78918,551,2,0
2026-05-19 22:00:00,0.78918,0.78924,0.7889,0.78893,371,2,0
2026-05-19 22:15:00,0.78893,0.78926,0.78887,0.78907,421,2,0
2026-05-19 22:30:00,0.78906,0.78914,0.78872,0.78873,378,2,0
2026-05-19 22:45:00,0.78873,0.78901,0.78872,0.7889,359,2,0
2026-05-19 23:00:00,0.78885,0.78897,0.78878,0.78885,166,12,0
2026-05-19 23:15:00,0.78885,0.78898,0.78885,0.7889,114,12,0
2026-05-19 23:30:00,0.78891,0.78893,0.78882,0.78893,87,12,0
2026-05-19 23:45:00,0.78893,0.789,0.78875,0.78878,292,12,0
2026-05-20 00:00:00,0.78826,0.78899,0.78809,0.78822,106,26,0
2026-05-20 00:15:00,0.78822,0.7888,0.78821,0.78845,223,50,0
2026-05-20 00:30:00,0.78845,0.7887,0.78832,0.78862,201,60,0
2026-05-20 00:45:00,0.78858,0.7887,0.78832,0.78834,284,54,0
2026-05-20 01:00:00,0.78834,0.78877,0.78832,0.78877,186,12,0
2026-05-20 01:15:00,0.78877,0.78882,0.78873,0.78882,125,12,0
2026-05-20 01:30:00,0.78882,0.78894,0.78876,0.78894,120,12,0
2026-05-20 01:45:00,0.78894,0.78897,0.7888,0.78882,139,12,0
2026-05-20 02:00:00,0.78882,0.78888,0.78875,0.78875,164,10,0
2026-05-20 02:15:00,0.78875,0.78875,0.78857,0.7886,94,10,0
2026-05-20 02:30:00,0.7886,0.7886,0.78838,0.78853,266,9,0
2026-05-20 02:45:00,0.78853,0.7888,0.78852,0.78877,306,9,0
2026-05-20 03:00:00,0.78879,0.78925,0.78879,0.78907,857,8,0
2026-05-20 03:15:00,0.78907,0.7892,0.7886,0.78876,869,8,0
2026-05-20 03:30:00,0.78876,0.78902,0.78855,0.78898,716,6,0
2026-05-20 03:45:00,0.78898,0.78935,0.7889,0.78931,732,8,0
2026-05-20 04:00:00,0.78931,0.78955,0.78925,0.7895,799,8,0
2026-05-20 04:15:00,0.7895,0.78977,0.78934,0.78974,610,8,0
2026-05-20 04:30:00,0.78974,0.79002,0.78964,0.7899,619,6,0
2026-05-20 04:45:00,0.7899,0.78993,0.78933,0.78985,789,8,0
2026-05-20 05:00:00,0.78985,0.78989,0.78962,0.78964,575,7,0
2026-05-20 05:15:00,0.78964,0.7899,0.7894,0.78971,510,7,0
2026-05-20 05:30:00,0.78971,0.79013,0.78971,0.78985,823,7,0
2026-05-20 05:45:00,0.78985,0.78991,0.78973,0.78985,453,8,0
2026-05-20 06:00:00,0.78985,0.79005,0.78985,0.78993,403,9,0
2026-05-20 06:15:00,0.78993,0.78997,0.78953,0.78959,375,9,0
2026-05-20 06:30:00,0.78959,0.78965,0.78924,0.7894,558,9,0
2026-05-20 06:45:00,0.7894,0.78952,0.78934,0.7895,393,7,0
2026-05-20 07:00:00,0.7895,0.7895,0.78911,0.78926,624,8,0
2026-05-20 07:15:00,0.78926,0.78956,0.78926,0.7895,371,9,0
2026-05-20 07:30:00,0.7895,0.78988,0.78949,0.78979,404,8,0
2026-05-20 07:45:00,0.78979,0.78993,0.78975,0.78989,380,9,0
2026-05-20 08:00:00,0.78992,0.78993,0.78955,0.78977,547,2,0
2026-05-20 08:15:00,0.78977,0.78994,0.7896,0.78992,430,2,0
2026-05-20 08:30:00,0.78992,0.78994,0.78962,0.78992,531,2,0
2026-05-20 08:45:00,0.78992,0.79033,0.78991,0.79009,522,2,0
2026-05-20 09:00:00,0.79009,0.79037,0.78992,0.79,721,1,0
2026-05-20 09:15:00,0.79,0.79,0.7893,0.78949,763,2,0
2026-05-20 09:30:00,0.78949,0.7901,0.78946,0.79002,524,1,0
2026-05-20 09:45:00,0.79002,0.79049,0.78996,0.79036,628,2,0
2026-05-20 10:00:00,0.79036,0.79047,0.79009,0.79032,701,1,0
2026-05-20 10:15:00,0.79032,0.79048,0.79025,0.79034,465,2,0
2026-05-20 10:30:00,0.79034,0.7905,0.79034,0.79048,614,2,0
2026-05-20 10:45:00,0.79048,0.7905,0.79032,0.7904,622,2,0
2026-05-20 11:00:00,0.7904,0.79049,0.79022,0.79044,549,2,0
2026-05-20 11:15:00,0.79044,0.79064,0.79032,0.79035,684,0,0
2026-05-20 11:30:00,0.79033,0.79049,0.79026,0.79031,540,2,0
2026-05-20 11:45:00,0.79031,0.79044,0.78998,0.79023,527,2,0
2026-05-20 12:00:00,0.79024,0.79045,0.79007,0.79034,446,2,0
2026-05-20 12:15:00,0.79034,0.79061,0.7903,0.79046,493,0,0
2026-05-20 12:30:00,0.79046,0.7906,0.79039,0.79047,478,2,0
2026-05-20 12:45:00,0.79047,0.79059,0.79035,0.79051,450,2,0
2026-05-20 13:00:00,0.79051,0.79052,0.79009,0.79012,380,2,0
2026-05-20 13:15:00,0.79012,0.79017,0.78991,0.79005,328,2,0
2026-05-20 13:30:00,0.79005,0.79009,0.78946,0.78968,559,2,0
2026-05-20 13:45:00,0.78968,0.78973,0.78943,0.78967,322,2,0
2026-05-20 14:00:00,0.78967,0.79033,0.78967,0.79027,337,2,0
2026-05-20 14:15:00,0.79027,0.79042,0.79006,0.79006,373,2,0
2026-05-20 14:30:00,0.79006,0.79008,0.78969,0.79007,487,2,0
2026-05-20 14:45:00,0.79007,0.79042,0.78999,0.79012,626,2,0
2026-05-20 15:00:00,0.79012,0.79017,0.78992,0.78992,502,2,0
2026-05-20 15:15:00,0.78992,0.79044,0.78987,0.7904,662,2,0
2026-05-20 15:30:00,0.7904,0.79057,0.79033,0.79042,582,2,0
2026-05-20 15:45:00,0.79042,0.79048,0.79028,0.79044,413,2,0
2026-05-20 16:00:00,0.79044,0.79053,0.79022,0.79036,501,2,0
2026-05-20 16:15:00,0.79036,0.79048,0.79022,0.79041,583,2,0
2026-05-20 16:30:00,0.79041,0.79054,0.79022,0.79043,694,2,0
2026-05-20 16:45:00,0.79043,0.7906,0.79024,0.79051,877,2,0
2026-05-20 17:00:00,0.79051,0.79067,0.79016,0.79038,1016,1,0
2026-05-20 17:15:00,0.79037,0.79037,0.78847,0.78884,2948,0,0
2026-05-20 17:30:00,0.78884,0.78886,0.78779,0.78846,2057,2,0
2026-05-20 17:45:00,0.78846,0.78856,0.78697,0.78738,2206,2,0
2026-05-20 18:00:00,0.78738,0.78827,0.78709,0.78809,1433,1,0
2026-05-20 18:15:00,0.78809,0.78811,0.78573,0.78715,2969,0,0
2026-05-20 18:30:00,0.78715,0.78718,0.78638,0.78692,1380,2,0
2026-05-20 18:45:00,0.78692,0.78774,0.7868,0.78763,1111,2,0
2026-05-20 19:00:00,0.78764,0.78766,0.78681,0.78694,759,0,0
2026-05-20 19:15:00,0.78694,0.78756,0.7869,0.78742,1017,2,0
2026-05-20 19:30:00,0.7874,0.78765,0.78708,0.78708,972,2,0
2026-05-20 19:45:00,0.78708,0.78741,0.78685,0.78722,1167,2,0
2026-05-20 20:00:00,0.78722,0.78761,0.78709,0.78726,906,0,0
2026-05-20 20:15:00,0.78726,0.78745,0.78706,0.78718,759,2,0
2026-05-20 20:30:00,0.78718,0.78756,0.78697,0.78755,863,0,0
2026-05-20 20:45:00,0.78754,0.78772,0.78737,0.78772,462,2,0
2026-05-20 21:00:00,0.78772,0.78785,0.78727,0.78728,564,2,0
2026-05-20 21:15:00,0.78729,0.7874,0.78702,0.78704,623,2,0
2026-05-20 21:30:00,0.78705,0.78724,0.78672,0.78724,534,2,0
2026-05-20 21:45:00,0.7872,0.78724,0.78648,0.78684,616,2,0
2026-05-20 22:00:00,0.78684,0.78688,0.78656,0.78683,412,2,0
2026-05-20 22:15:00,0.78683,0.78683,0.78658,0.78665,299,2,0
2026-05-20 22:30:00,0.78665,0.78679,0.78638,0.78675,358,0,0
2026-05-20 22:45:00,0.78675,0.787,0.78668,0.78696,509,2,0
2026-05-20 23:00:00,0.78691,0.78693,0.78682,0.78686,245,7,0
2026-05-20 23:15:00,0.78686,0.78702,0.78681,0.78695,220,12,0
2026-05-20 23:30:00,0.78696,0.78721,0.78694,0.78721,153,11,0
2026-05-20 23:45:00,0.78721,0.78728,0.78703,0.78703,459,11,0
2026-05-21 00:00:00,0.78598,0.78675,0.78592,0.7864,199,26,0
2026-05-21 00:15:00,0.7864,0.78649,0.78637,0.78643,401,113,0
2026-05-21 00:30:00,0.78643,0.78683,0.78614,0.78671,464,74,0
2026-05-21 00:45:00,0.78671,0.78689,0.78631,0.78675,580,63,0
2026-05-21 01:00:00,0.78675,0.78703,0.78675,0.78689,215,12,0
2026-05-21 01:15:00,0.78689,0.787,0.78687,0.78695,107,12,0
2026-05-21 01:30:00,0.78695,0.78699,0.78685,0.78687,72,12,0
2026-05-21 01:45:00,0.78687,0.78692,0.78683,0.78689,65,12,0
2026-05-21 02:00:00,0.78689,0.78692,0.78677,0.7869,131,9,0
2026-05-21 02:15:00,0.7869,0.7871,0.78689,0.78706,123,10,0
2026-05-21 02:30:00,0.78706,0.78725,0.78703,0.78723,110,7,0
2026-05-21 02:45:00,0.78723,0.78724,0.78691,0.7871,255,8,0
2026-05-21 03:00:00,0.7871,0.78735,0.78708,0.78722,654,4,0
2026-05-21 03:15:00,0.78722,0.78751,0.78711,0.78724,545,7,0
2026-05-21 03:30:00,0.78724,0.78736,0.78714,0.78716,329,9,0
2026-05-21 03:45:00,0.78716,0.7872,0.78697,0.78701,329,9,0
2026-05-21 04:00:00,0.78701,0.78701,0.78646,0.78652,431,8,0
2026-05-21 04:15:00,0.78652,0.78658,0.78637,0.78645,323,5,0
2026-05-21 04:30:00,0.78645,0.7866,0.78616,0.7864,560,5,0
2026-05-21 04:45:00,0.7864,0.78677,0.78637,0.78658,742,7,0
2026-05-21 05:00:00,0.78658,0.78658,0.78637,0.78656,500,7,0
2026-05-21 05:15:00,0.78656,0.78692,0.78652,0.78691,508,8,0
2026-05-21 05:30:00,0.78691,0.7873,0.78684,0.78717,540,8,0
2026-05-21 05:45:00,0.78717,0.78758,0.78715,0.78739,555,8,0
2026-05-21 06:00:00,0.78739,0.78742,0.7871,0.78719,308,5,0
2026-05-21 06:15:00,0.78719,0.78724,0.78687,0.78699,204,8,0
2026-05-21 06:30:00,0.78699,0.78723,0.78696,0.787,248,7,0
2026-05-21 06:45:00,0.787,0.78723,0.78695,0.78721,220,8,0
2026-05-21 07:00:00,0.78721,0.78724,0.78699,0.787,235,8,0
2026-05-21 07:15:00,0.787,0.78703,0.78681,0.7869,147,9,0
2026-05-21 07:30:00,0.7869,0.78698,0.78679,0.7868,237,8,0
2026-05-21 07:45:00,0.7868,0.78695,0.78679,0.78687,253,9,0
2026-05-21 08:00:00,0.78687,0.78693,0.78675,0.78691,341,2,0
2026-05-21 08:15:00,0.78691,0.78724,0.7869,0.78713,417,2,0
2026-05-21 08:30:00,0.78713,0.78719,0.787,0.78705,520,2,0
2026-05-21 08:45:00,0.78705,0.78731,0.78682,0.78685,683,2,0
2026-05-21 09:00:00,0.78685,0.78704,0.78668,0.78672,475,2,0
2026-05-21 09:15:00,0.78672,0.78717,0.78669,0.78692,645,2,0
2026-05-21 09:30:00,0.78692,0.78756,0.7869,0.78746,514,2,0
2026-05-21 09:45:00,0.78746,0.78749,0.78725,0.78726,407,2,0
2026-05-21 10:00:00,0.78726,0.78751,0.78713,0.78723,594,2,0
2026-05-21 10:15:00,0.78723,0.78846,0.78723,0.78823,1241,0,0
2026-05-21 10:30:00,0.78821,0.78821,0.78766,0.78768,1123,2,0
2026-05-21 10:45:00,0.78769,0.7878,0.78729,0.78752,677,2,0
2026-05-21 11:00:00,0.78752,0.78764,0.78643,0.78653,824,2,0
2026-05-21 11:15:00,0.78653,0.78673,0.78595,0.78599,1239,1,0
2026-05-21 11:30:00,0.78599,0.78707,0.78599,0.78702,717,1,0
2026-05-21 11:45:00,0.78702,0.78716,0.78673,0.78702,840,2,0
2026-05-21 12:00:00,0.78702,0.78714,0.78655,0.78661,767,2,0
2026-05-21 12:15:00,0.78661,0.78667,0.78595,0.78602,657,2,0
2026-05-21 12:30:00,0.78602,0.78653,0.7859,0.78644,510,2,0
2026-05-21 12:45:00,0.78644,0.78656,0.78621,0.78621,523,2,0
2026-05-21 13:00:00,0.78622,0.78625,0.78588,0.78617,546,2,0
2026-05-21 13:15:00,0.78617,0.78736,0.78613,0.78712,1084,2,0
2026-05-21 13:30:00,0.78712,0.78833,0.7871,0.78782,1589,2,0
2026-05-21 13:45:00,0.78782,0.78807,0.78769,0.78799,1095,2,0
2026-05-21 14:00:00,0.78799,0.78802,0.78727,0.78738,651,2,0
2026-05-21 14:15:00,0.78738,0.78767,0.78719,0.78749,702,2,0
2026-05-21 14:30:00,0.78749,0.78773,0.78735,0.78765,582,2,0
2026-05-21 14:45:00,0.78765,0.78836,0.78764,0.78821,695,2,0
2026-05-21 15:00:00,0.78821,0.78872,0.78788,0.78859,741,2,0
2026-05-21 15:15:00,0.78859,0.78893,0.78858,0.78887,706,2,0
2026-05-21 15:30:00,0.78887,0.78895,0.78799,0.78801,1475,0,0
2026-05-21 15:45:00,0.78801,0.78878,0.78782,0.78876,909,2,0
2026-05-21 16:00:00,0.78876,0.7891,0.78863,0.78908,985,2,0
2026-05-21 16:15:00,0.78908,0.78973,0.78906,0.78949,1001,2,0
2026-05-21 16:30:00,0.78949,0.79039,0.78944,0.79036,1377,1,0
2026-05-21 16:45:00,0.79036,0.79041,0.78863,0.78909,1953,1,0
2026-05-21 17:00:00,0.78909,0.78953,0.78898,0.78913,1219,0,0
2026-05-21 17:15:00,0.78913,0.78977,0.7891,0.78929,1176,2,0
2026-05-21 17:30:00,0.78929,0.7893,0.7889,0.78919,1033,2,0
2026-05-21 17:45:00,0.78919,0.78928,0.78852,0.78881,1307,2,0
2026-05-21 18:00:00,0.78881,0.78951,0.78874,0.789,1499,2,0
2026-05-21 18:15:00,0.789,0.78938,0.78893,0.7892,943,2,0
2026-05-21 18:30:00,0.7892,0.78946,0.7891,0.78944,802,2,0
2026-05-21 18:45:00,0.78944,0.78949,0.78919,0.78934,631,2,0
2026-05-21 19:00:00,0.78934,0.78949,0.78897,0.78925,801,2,0
2026-05-21 19:15:00,0.78926,0.7894,0.78898,0.789,675,2,0
2026-05-21 19:30:00,0.789,0.78915,0.78883,0.78889,713,2,0
2026-05-21 19:45:00,0.78889,0.78909,0.78882,0.78885,567,2,0
2026-05-21 20:00:00,0.78885,0.78903,0.78818,0.78821,1378,2,0
2026-05-21 20:15:00,0.7882,0.78821,0.78681,0.78694,2614,0,0
2026-05-21 20:30:00,0.78694,0.7871,0.78622,0.78626,1459,2,0
2026-05-21 20:45:00,0.78626,0.78662,0.78575,0.7862,1305,2,0
2026-05-21 21:00:00,0.7862,0.78679,0.78577,0.78647,1517,2,0
2026-05-21 21:15:00,0.78647,0.78659,0.78601,0.7862,846,2,0
2026-05-21 21:30:00,0.7862,0.78639,0.78607,0.78617,668,1,0
2026-05-21 21:45:00,0.78617,0.78766,0.78614,0.78734,1968,0,0
2026-05-21 22:00:00,0.78733,0.78742,0.78687,0.787,931,0,0
2026-05-21 22:15:00,0.787,0.787,0.78644,0.78652,500,1,0
2026-05-21 22:30:00,0.78652,0.78657,0.78608,0.78657,567,2,0
2026-05-21 22:45:00,0.78657,0.7868,0.78596,0.78616,825,0,0
2026-05-21 23:00:00,0.78611,0.78656,0.786,0.78647,314,11,0
2026-05-21 23:15:00,0.78647,0.78655,0.78639,0.78646,148,11,0
2026-05-21 23:30:00,0.78647,0.78665,0.78647,0.7866,169,11,0
2026-05-21 23:45:00,0.7866,0.78671,0.78646,0.78646,257,12,0
2026-05-22 00:00:00,0.78596,0.78696,0.78559,0.7865,242,26,0
2026-05-22 00:15:00,0.7865,0.78667,0.78607,0.78627,143,106,0
2026-05-22 00:30:00,0.78645,0.7867,0.78609,0.78642,386,43,0
2026-05-22 00:45:00,0.78643,0.78643,0.78608,0.78615,905,62,0
2026-05-22 01:00:00,0.78615,0.78668,0.78615,0.78661,256,9,0
2026-05-22 01:15:00,0.78661,0.78661,0.78652,0.78659,59,12,0
2026-05-22 01:30:00,0.78659,0.78661,0.78648,0.78651,70,11,0
2026-05-22 01:45:00,0.78651,0.78654,0.78648,0.7865,72,12,0
2026-05-22 02:00:00,0.7865,0.78659,0.78642,0.78655,80,11,0
2026-05-22 02:15:00,0.78655,0.78663,0.78653,0.78655,79,10,0
2026-05-22 02:30:00,0.78655,0.78667,0.78654,0.78667,96,10,0
2026-05-22 02:45:00,0.78667,0.78667,0.78641,0.78651,254,10,0
2026-05-22 03:00:00,0.78651,0.78677,0.7865,0.78674,677,7,0
2026-05-22 03:15:00,0.78674,0.78687,0.78667,0.78678,466,9,0
2026-05-22 03:30:00,0.78678,0.78688,0.78674,0.78677,305,8,0
2026-05-22 03:45:00,0.78677,0.78687,0.78667,0.78685,366,7,0
2026-05-22 04:00:00,0.78685,0.78691,0.7867,0.78685,506,9,0
2026-05-22 04:15:00,0.78684,0.78701,0.78677,0.7869,388,8,0
2026-05-22 04:30:00,0.7869,0.78696,0.78676,0.78681,480,9,0
2026-05-22 04:45:00,0.78681,0.78704,0.78664,0.78704,380,8,0
2026-05-22 05:00:00,0.78704,0.78707,0.78691,0.78697,296,7,0
2026-05-22 05:15:00,0.78697,0.78698,0.78684,0.78686,373,9,0
2026-05-22 05:30:00,0.78686,0.78688,0.78654,0.78663,297,8,0
2026-05-22 05:45:00,0.78663,0.78676,0.7865,0.78663,384,8,0
2026-05-22 06:00:00,0.78663,0.78684,0.78654,0.78681,448,7,0
2026-05-22 06:15:00,0.78681,0.78685,0.7867,0.78676,410,9,0
2026-05-22 06:30:00,0.78676,0.78682,0.7867,0.78672,234,9,0
2026-05-22 06:45:00,0.78672,0.78673,0.78663,0.78668,143,9,0
2026-05-22 07:00:00,0.78668,0.78674,0.78638,0.7864,219,9,0
2026-05-22 07:15:00,0.7864,0.78646,0.78629,0.78637,207,7,0
2026-05-22 07:30:00,0.78637,0.78649,0.78631,0.78642,198,6,0
2026-05-22 07:45:00,0.78642,0.78643,0.78621,0.78628,154,9,0
2026-05-22 08:00:00,0.78631,0.78636,0.78621,0.78635,382,2,0
2026-05-22 08:15:00,0.78635,0.78654,0.78631,0.78649,246,2,0
2026-05-22 08:30:00,0.78649,0.78655,0.78637,0.78648,305,2,0
2026-05-22 08:45:00,0.78648,0.78711,0.78639,0.78701,646,2,0
2026-05-22 09:00:00,0.78701,0.78711,0.78656,0.78669,562,2,0
2026-05-22 09:15:00,0.78669,0.78682,0.78656,0.78662,534,2,0
2026-05-22 09:30:00,0.78662,0.78709,0.7866,0.78685,631,1,0
2026-05-22 09:45:00,0.78685,0.78707,0.78667,0.78667,451,2,0
2026-05-22 10:00:00,0.78667,0.78758,0.78666,0.78753,590,2,0
2026-05-22 10:15:00,0.78753,0.78757,0.78663,0.78664,528,2,0
2026-05-22 10:30:00,0.78664,0.78685,0.78624,0.78637,677,2,0
2026-05-22 10:45:00,0.78637,0.78646,0.78605,0.78616,527,2,0
2026-05-22 11:00:00,0.78616,0.78636,0.78605,0.78633,583,2,0
2026-05-22 11:15:00,0.78633,0.7864,0.78553,0.7857,920,1,0
2026-05-22 11:30:00,0.7857,0.7863,0.78563,0.78584,912,2,0
2026-05-22 11:45:00,0.78584,0.7862,0.78571,0.78618,470,2,0
2026-05-22 12:00:00,0.78618,0.78635,0.78592,0.78632,640,2,0
2026-05-22 12:15:00,0.78632,0.78647,0.7862,0.78645,508,2,0
2026-05-22 12:30:00,0.78644,0.78655,0.78597,0.78605,479,2,0
2026-05-22 12:45:00,0.78605,0.78631,0.78601,0.78614,372,2,0
2026-05-22 13:00:00,0.78614,0.78623,0.78571,0.78585,350,2,0
2026-05-22 13:15:00,0.78585,0.78615,0.78575,0.78615,275,2,0
2026-05-22 13:30:00,0.78615,0.78658,0.78609,0.78641,384,2,0
2026-05-22 13:45:00,0.78641,0.78681,0.78633,0.78675,387,2,0
2026-05-22 14:00:00,0.78675,0.78703,0.78668,0.78692,422,2,0
2026-05-22 14:15:00,0.78692,0.78699,0.78668,0.78684,346,2,0
2026-05-22 14:30:00,0.78684,0.78697,0.78658,0.78667,325,2,0
2026-05-22 14:45:00,0.78667,0.78667,0.7862,0.78629,850,2,0
2026-05-22 15:00:00,0.78629,0.78644,0.78548,0.78559,1123,0,0
2026-05-22 15:15:00,0.78559,0.78623,0.7854,0.78608,1087,0,0
2026-05-22 15:30:00,0.78608,0.78634,0.78596,0.78614,544,2,0
2026-05-22 15:45:00,0.78614,0.78615,0.78573,0.78574,352,1,0
2026-05-22 16:00:00,0.78574,0.78579,0.78462,0.78494,1236,1,0
2026-05-22 16:15:00,0.78494,0.78525,0.78481,0.78505,976,1,0
2026-05-22 16:30:00,0.78505,0.7857,0.78486,0.78552,1285,0,0
2026-05-22 16:45:00,0.78552,0.78595,0.78542,0.78579,879,2,0
2026-05-22 17:00:00,0.7858,0.78695,0.78578,0.78685,1598,1,0
2026-05-22 17:15:00,0.78685,0.78709,0.78667,0.78667,997,2,0
2026-05-22 17:30:00,0.78667,0.78685,0.78634,0.78653,918,2,0
2026-05-22 17:45:00,0.78653,0.78696,0.78578,0.78587,1120,2,0
2026-05-22 18:00:00,0.78587,0.78615,0.78558,0.78577,838,2,0
2026-05-22 18:15:00,0.78577,0.78596,0.78552,0.78573,560,0,0
2026-05-22 18:30:00,0.78574,0.78589,0.78553,0.78574,607,2,0
2026-05-22 18:45:00,0.78574,0.78591,0.78556,0.78569,648,1,0
2026-05-22 19:00:00,0.78569,0.78594,0.78497,0.78507,661,2,0
2026-05-22 19:15:00,0.78507,0.78519,0.78453,0.78465,591,1,0
2026-05-22 19:30:00,0.78465,0.78477,0.78431,0.78468,505,2,0
2026-05-22 19:45:00,0.78468,0.78468,0.78422,0.78427,428,2,0
2026-05-22 20:00:00,0.78427,0.78429,0.78387,0.78417,590,2,0
2026-05-22 20:15:00,0.78417,0.7846,0.7839,0.78406,1084,0,0
2026-05-22 20:30:00,0.78406,0.78431,0.7838,0.78429,1065,2,0
2026-05-22 20:45:00,0.78429,0.78457,0.78421,0.78439,472,2,0
2026-05-22 21:00:00,0.78439,0.78467,0.78415,0.78456,577,0,0
2026-05-22 21:15:00,0.78456,0.78464,0.78444,0.78459,263,2,0
2026-05-22 21:30:00,0.78459,0.78466,0.78413,0.78433,463,0,0
2026-05-22 21:45:00,0.78433,0.78442,0.78422,0.78441,403,2,0
2026-05-22 22:00:00,0.78441,0.78484,0.78422,0.78473,892,0,0
2026-05-22 22:15:00,0.78473,0.78474,0.78456,0.78471,304,2,0
2026-05-22 22:30:00,0.78472,0.78485,0.78469,0.78484,286,2,0
2026-05-22 22:45:00,0.78484,0.78495,0.78471,0.78483,251,2,0
2026-05-22 23:00:00,0.78478,0.78484,0.78474,0.78481,146,12,0
2026-05-22 23:15:00,0.78481,0.78487,0.78472,0.78485,103,12,0
2026-05-22 23:30:00,0.78486,0.7851,0.78483,0.78496,176,8,0
2026-05-22 23:45:00,0.78496,0.78516,0.78472,0.78496,529,0,0
2026-05-25 00:00:00,0.78371,0.78382,0.78331,0.78358,97,73,0
2026-05-25 00:15:00,0.78358,0.78369,0.7835,0.78368,98,73,0
2026-05-25 00:30:00,0.78368,0.78378,0.7836,0.78367,114,68,0
2026-05-25 00:45:00,0.78367,0.78431,0.78365,0.7843,119,13,0
2026-05-25 01:00:00,0.7843,0.78431,0.78256,0.7827,492,4,0
2026-05-25 01:15:00,0.7827,0.78288,0.78225,0.78231,393,10,0
2026-05-25 01:30:00,0.7823,0.7823,0.78192,0.782,325,11,0
2026-05-25 01:45:00,0.782,0.78214,0.78185,0.78194,216,11,0
2026-05-25 02:00:00,0.78194,0.78194,0.78173,0.78188,289,3,0
2026-05-25 02:15:00,0.78188,0.78194,0.78177,0.78186,238,9,0
2026-05-25 02:30:00,0.78186,0.78198,0.78177,0.78189,335,9,0
2026-05-25 02:45:00,0.78189,0.78229,0.78181,0.78226,518,9,0
2026-05-25 03:00:00,0.78226,0.78245,0.78213,0.78228,512,6,0
2026-05-25 03:15:00,0.78228,0.78233,0.78205,0.78212,436,8,0
2026-05-25 03:30:00,0.78212,0.78235,0.78199,0.78229,271,8,0
2026-05-25 03:45:00,0.78229,0.78248,0.78158,0.78236,738,6,0
2026-05-25 04:00:00,0.78236,0.78243,0.78181,0.78184,812,8,0
2026-05-25 04:15:00,0.78184,0.78191,0.78154,0.78159,721,7,0
2026-05-25 04:30:00,0.78159,0.78207,0.78159,0.78201,696,6,0
2026-05-25 04:45:00,0.78201,0.78211,0.78193,0.78211,493,8,0
2026-05-25 05:00:00,0.78211,0.78211,0.7818,0.78189,414,7,0
2026-05-25 05:15:00,0.78189,0.78198,0.78176,0.78181,342,7,0
2026-05-25 05:30:00,0.78181,0.78193,0.78178,0.78189,330,8,0
2026-05-25 05:45:00,0.78189,0.78218,0.7818,0.78208,279,7,0
2026-05-25 06:00:00,0.78208,0.78221,0.78196,0.78205,362,8,0
2026-05-25 06:15:00,0.78205,0.78218,0.78201,0.78213,357,9,0
2026-05-25 06:30:00,0.78213,0.78213,0.78188,0.78204,294,9,0
2026-05-25 06:45:00,0.78204,0.78223,0.78204,0.78216,312,9,0
2026-05-25 07:00:00,0.78216,0.78233,0.78214,0.78226,276,9,0
2026-05-25 07:15:00,0.78226,0.78233,0.78219,0.7822,194,8,0
2026-05-25 07:30:00,0.7822,0.7822,0.78202,0.78203,301,8,0
2026-05-25 07:45:00,0.78203,0.78206,0.78174,0.78186,256,8,0
2026-05-25 08:00:00,0.78189,0.78191,0.78162,0.78176,442,2,0
2026-05-25 08:15:00,0.78176,0.78188,0.78172,0.78183,291,2,0
2026-05-25 08:30:00,0.78183,0.78191,0.78171,0.78184,272,2,0
2026-05-25 08:45:00,0.78184,0.78215,0.78177,0.78212,337,2,0
2026-05-25 09:00:00,0.78212,0.78221,0.78187,0.78187,361,2,0
2026-05-25 09:15:00,0.78187,0.78203,0.78176,0.78196,364,2,0
2026-05-25 09:30:00,0.78196,0.78199,0.78159,0.78171,296,2,0
2026-05-25 09:45:00,0.78171,0.78178,0.7814,0.78164,415,2,0
2026-05-25 10:00:00,0.78164,0.78199,0.7815,0.78176,652,1,0
2026-05-25 10:15:00,0.78176,0.78236,0.78175,0.78212,658,2,0
2026-05-25 10:30:00,0.78212,0.78218,0.78186,0.78208,538,2,0
2026-05-25 10:45:00,0.78208,0.78221,0.78196,0.78196,340,2,0
2026-05-25 11:00:00,0.78196,0.78221,0.78172,0.78178,420,2,0
2026-05-25 11:15:00,0.78178,0.78202,0.78176,0.78201,371,2,0
2026-05-25 11:30:00,0.78201,0.78204,0.7817,0.78191,340,2,0
2026-05-25 11:45:00,0.78191,0.78194,0.78164,0.78168,312,2,0
2026-05-25 12:00:00,0.78168,0.78179,0.78149,0.78154,312,2,0
2026-05-25 12:15:00,0.78154,0.78163,0.78138,0.78153,212,2,0
2026-05-25 12:30:00,0.78153,0.78155,0.78127,0.78129,201,2,0
2026-05-25 12:45:00,0.78129,0.7816,0.78128,0.78157,215,2,0
2026-05-25 13:00:00,0.78157,0.78157,0.78143,0.78149,215,2,0
2026-05-25 13:15:00,0.78149,0.78154,0.78135,0.78153,186,2,0
2026-05-25 13:30:00,0.78153,0.78157,0.78124,0.78125,145,2,0
2026-05-25 13:45:00,0.78125,0.7815,0.78123,0.78141,310,2,0
2026-05-25 14:00:00,0.78141,0.78158,0.78137,0.78141,206,2,0
2026-05-25 14:15:00,0.78141,0.78141,0.78124,0.78132,137,2,0
2026-05-25 14:30:00,0.78131,0.78133,0.78093,0.78097,378,1,0
2026-05-25 14:45:00,0.78098,0.78139,0.78088,0.78136,485,2,0
2026-05-25 15:00:00,0.78136,0.78148,0.78117,0.78131,491,1,0
2026-05-25 15:15:00,0.78131,0.78137,0.78107,0.78128,371,2,0
2026-05-25 15:30:00,0.78128,0.78128,0.7809,0.7809,364,2,0
2026-05-25 15:45:00,0.7809,0.78115,0.78079,0.78106,447,1,0
2026-05-25 16:00:00,0.78106,0.78148,0.78096,0.78144,424,2,0
2026-05-25 16:15:00,0.78144,0.78226,0.78142,0.78224,408,0,0
2026-05-25 16:30:00,0.78224,0.78322,0.78223,0.78278,538,0,0
2026-05-25 16:45:00,0.78278,0.78323,0.78276,0.78315,421,2,0
2026-05-25 17:00:00,0.78315,0.78329,0.78298,0.78327,397,0,0
2026-05-25 17:15:00,0.78327,0.78329,0.78303,0.78313,311,2,0
2026-05-25 17:30:00,0.78313,0.78332,0.78287,0.78288,323,2,0
2026-05-25 17:45:00,0.78288,0.78312,0.78275,0.783,427,1,0
2026-05-25 18:00:00,0.783,0.7835,0.78275,0.7829,840,0,0
2026-05-25 18:15:00,0.7829,0.78291,0.78259,0.78275,391,2,0
2026-05-25 18:30:00,0.78275,0.78292,0.78274,0.78277,172,2,0
2026-05-25 18:45:00,0.78277,0.78294,0.78269,0.78287,223,2,0
2026-05-25 19:00:00,0.78287,0.78332,0.78286,0.78314,228,0,0
2026-05-25 19:15:00,0.78314,0.78329,0.78313,0.78326,238,2,0
2026-05-25 19:30:00,0.78326,0.78346,0.78323,0.78334,251,2,0
2026-05-25 19:45:00,0.78334,0.78334,0.783,0.78302,253,2,0
2026-05-25 20:00:00,0.78302,0.78309,0.78291,0.78296,108,2,0
2026-05-25 20:15:00,0.78296,0.78296,0.78275,0.78278,105,2,0
2026-05-25 20:30:00,0.78278,0.78281,0.78264,0.78264,88,2,0
2026-05-25 20:45:00,0.78264,0.78278,0.78261,0.78263,66,2,0
2026-05-25 21:00:00,0.78263,0.78272,0.78257,0.78258,98,2,0
2026-05-25 21:15:00,0.78258,0.78265,0.78256,0.7826,104,2,0
2026-05-25 21:30:00,0.7826,0.78273,0.78259,0.78266,69,2,0
2026-05-25 21:45:00,0.78266,0.78266,0.78252,0.78252,62,2,0
2026-05-25 22:00:00,0.78252,0.78266,0.78252,0.78265,82,2,0
2026-05-25 22:15:00,0.78265,0.78265,0.78257,0.7826,58,2,0
2026-05-25 22:30:00,0.7826,0.78263,0.78252,0.78255,87,2,0
2026-05-25 22:45:00,0.78254,0.78262,0.78253,0.78258,130,2,0
2026-05-25 23:00:00,0.78254,0.78254,0.78248,0.78248,63,11,0
2026-05-25 23:15:00,0.78248,0.78262,0.78247,0.78255,43,12,0
2026-05-25 23:30:00,0.78256,0.78267,0.78256,0.78266,85,12,0
2026-05-25 23:45:00,0.78266,0.78268,0.78255,0.78263,114,11,0
2026-05-26 00:00:00,0.78175,0.78253,0.78135,0.78217,284,80,0
2026-05-26 00:15:00,0.78217,0.7826,0.78203,0.78237,251,100,0
2026-05-26 00:30:00,0.78237,0.78271,0.78232,0.78265,192,69,0
2026-05-26 00:45:00,0.78265,0.78285,0.78242,0.78273,253,71,0
2026-05-26 01:00:00,0.78273,0.78301,0.78263,0.7827,174,12,0
2026-05-26 01:15:00,0.7827,0.78282,0.78269,0.78282,94,12,0
2026-05-26 01:30:00,0.78282,0.78285,0.7827,0.78271,144,12,0
2026-05-26 01:45:00,0.78271,0.78276,0.78269,0.78276,67,12,0
2026-05-26 02:00:00,0.78276,0.78276,0.78266,0.78269,177,9,0
2026-05-26 02:15:00,0.78269,0.78285,0.78266,0.78282,123,10,0
2026-05-26 02:30:00,0.78282,0.78307,0.78282,0.78303,252,9,0
2026-05-26 02:45:00,0.78303,0.78321,0.7829,0.78321,489,7,0
2026-05-26 03:00:00,0.78322,0.78345,0.78318,0.78332,841,7,0
2026-05-26 03:15:00,0.78332,0.78367,0.78323,0.78348,716,8,0
2026-05-26 03:30:00,0.78348,0.7835,0.78331,0.78342,590,6,0
2026-05-26 03:45:00,0.78342,0.78346,0.7832,0.78327,477,8,0
2026-05-26 04:00:00,0.78327,0.78343,0.78313,0.78316,592,8,0
2026-05-26 04:15:00,0.78316,0.78336,0.78313,0.78329,424,9,0
2026-05-26 04:30:00,0.78329,0.78381,0.78325,0.78369,495,8,0
2026-05-26 04:45:00,0.78369,0.78372,0.78341,0.78343,430,9,0
2026-05-26 05:00:00,0.78343,0.78352,0.78331,0.7835,359,8,0
2026-05-26 05:15:00,0.7835,0.78361,0.78341,0.78352,321,9,0
2026-05-26 05:30:00,0.78352,0.78359,0.78342,0.78357,352,9,0
2026-05-26 05:45:00,0.78357,0.78362,0.78338,0.78344,228,9,0
2026-05-26 06:00:00,0.78344,0.78345,0.78326,0.7833,261,8,0
2026-05-26 06:15:00,0.7833,0.78333,0.78303,0.78321,245,9,0
2026-05-26 06:30:00,0.78321,0.78323,0.78313,0.78317,217,9,0
2026-05-26 06:45:00,0.78317,0.78319,0.7829,0.78294,280,8,0
2026-05-26 07:00:00,0.78294,0.78316,0.78288,0.78288,230,9,0
2026-05-26 07:15:00,0.78288,0.78312,0.78288,0.78312,175,8,0
2026-05-26 07:30:00,0.78312,0.78321,0.78301,0.78316,288,9,0
2026-05-26 07:45:00,0.78316,0.78345,0.78316,0.78345,305,9,0
2026-05-26 08:00:00,0.78348,0.78356,0.78337,0.78346,550,2,0
2026-05-26 08:15:00,0.78346,0.78365,0.78339,0.7835,324,2,0
2026-05-26 08:30:00,0.7835,0.78369,0.78343,0.78367,348,2,0
2026-05-26 08:45:00,0.78367,0.7839,0.78361,0.78386,333,2,0
2026-05-26 09:00:00,0.78386,0.78401,0.78379,0.78392,330,2,0
2026-05-26 09:15:00,0.78392,0.78397,0.78347,0.7838,506,2,0
2026-05-26 09:30:00,0.7838,0.78427,0.78366,0.78399,596,2,0
2026-05-26 09:45:00,0.784,0.78514,0.78399,0.78482,682,1,0
2026-05-26 10:00:00,0.78482,0.78521,0.78448,0.78471,790,0,0
2026-05-26 10:15:00,0.78471,0.785,0.78457,0.78483,395,2,0
2026-05-26 10:30:00,0.78483,0.785,0.78436,0.78461,652,0,0
2026-05-26 10:45:00,0.78461,0.7848,0.7843,0.78439,489,2,0
2026-05-26 11:00:00,0.78439,0.78454,0.78414,0.78431,505,2,0
2026-05-26 11:15:00,0.78431,0.78449,0.78412,0.78432,383,2,0
2026-05-26 11:30:00,0.78432,0.78476,0.78426,0.78473,392,2,0
2026-05-26 11:45:00,0.78473,0.78478,0.78436,0.78461,421,1,0
2026-05-26 12:00:00,0.78461,0.78472,0.78428,0.78454,477,2,0
2026-05-26 12:15:00,0.78454,0.78471,0.7842,0.78421,573,2,0
2026-05-26 12:30:00,0.78421,0.78437,0.78411,0.78435,501,2,0
2026-05-26 12:45:00,0.78435,0.78435,0.784,0.78422,353,1,0
2026-05-26 13:00:00,0.78422,0.78455,0.7842,0.7843,380,1,0
2026-05-26 13:15:00,0.7843,0.78442,0.78408,0.78413,360,2,0
2026-05-26 13:30:00,0.78413,0.78454,0.78397,0.78431,628,2,0
2026-05-26 13:45:00,0.78431,0.78456,0.78414,0.78454,388,2,0
2026-05-26 14:00:00,0.78454,0.78466,0.78424,0.78438,401,2,0
2026-05-26 14:15:00,0.78438,0.78469,0.78434,0.78467,418,2,0
2026-05-26 14:30:00,0.78467,0.78531,0.78448,0.78531,656,2,0
2026-05-26 14:45:00,0.78531,0.78535,0.78514,0.78534,413,0,0
2026-05-26 15:00:00,0.78534,0.78545,0.78511,0.78532,574,0,0
2026-05-26 15:15:00,0.78532,0.78538,0.78497,0.78509,421,2,0
2026-05-26 15:30:00,0.78509,0.78525,0.78503,0.78518,411,2,0
2026-05-26 15:45:00,0.78518,0.78524,0.78488,0.78509,470,2,0
2026-05-26 16:00:00,0.78509,0.78537,0.78492,0.78527,652,2,0
2026-05-26 16:15:00,0.78527,0.78537,0.78483,0.78535,567,2,0
2026-05-26 16:30:00,0.78535,0.78535,0.78483,0.78501,867,2,0
2026-05-26 16:45:00,0.78501,0.78584,0.78479,0.78526,1082,2,0
2026-05-26 17:00:00,0.78526,0.78544,0.78471,0.78489,1006,0,0
2026-05-26 17:15:00,0.78489,0.78545,0.78488,0.78506,738,1,0
2026-05-26 17:30:00,0.78506,0.78514,0.78453,0.78487,774,2,0
2026-05-26 17:45:00,0.78487,0.78547,0.78478,0.78544,834,0,0
2026-05-26 18:00:00,0.78544,0.78579,0.78539,0.78557,794,2,0
2026-05-26 18:15:00,0.78557,0.78599,0.78552,0.78587,733,2,0
2026-05-26 18:30:00,0.78587,0.78644,0.78574,0.78622,664,2,0
2026-05-26 18:45:00,0.78622,0.78626,0.78593,0.78601,594,2,0
2026-05-26 19:00:00,0.78601,0.78607,0.78571,0.78583,466,2,0
2026-05-26 19:15:00,0.78583,0.78589,0.78548,0.78554,335,2,0
2026-05-26 19:30:00,0.78554,0.78569,0.78529,0.78567,421,0,0
2026-05-26 19:45:00,0.78567,0.78587,0.78562,0.78576,360,1,0
2026-05-26 20:00:00,0.78576,0.78584,0.78562,0.78571,349,0,0
2026-05-26 20:15:00,0.78571,0.78577,0.78558,0.78576,289,2,0
2026-05-26 20:30:00,0.78576,0.78591,0.78567,0.78591,377,2,0
2026-05-26 20:45:00,0.78591,0.78602,0.78587,0.78591,240,2,0
2026-05-26 21:00:00,0.78591,0.78601,0.78576,0.78579,260,2,0
2026-05-26 21:15:00,0.78579,0.78582,0.78571,0.78575,337,2,0
2026-05-26 21:30:00,0.78575,0.78586,0.78567,0.7858,456,2,0
2026-05-26 21:45:00,0.7858,0.78582,0.78547,0.78568,420,2,0
2026-05-26 22:00:00,0.78568,0.78586,0.78567,0.78584,294,2,0
2026-05-26 22:15:00,0.78584,0.78588,0.7857,0.78575,201,2,0
2026-05-26 22:30:00,0.78575,0.78575,0.7856,0.78566,214,2,0
2026-05-26 22:45:00,0.78566,0.78583,0.78557,0.78579,265,2,0
2026-05-26 23:00:00,0.78579,0.78579,0.78556,0.78561,252,2,0
2026-05-26 23:15:00,0.78561,0.78572,0.78559,0.78572,84,12,0
2026-05-26 23:30:00,0.78572,0.78573,0.78565,0.78567,173,12,0
2026-05-26 23:45:00,0.78567,0.78569,0.78561,0.78563,175,12,0
2026-05-27 00:00:00,0.78541,0.7856,0.78499,0.78531,55,44,0
2026-05-27 00:15:00,0.78533,0.7854,0.78531,0.78532,199,62,0
2026-05-27 00:30:00,0.78533,0.7855,0.78532,0.78547,100,29,0
2026-05-27 00:45:00,0.78547,0.78565,0.78538,0.78562,416,12,0
2026-05-27 01:00:00,0.78562,0.78566,0.78547,0.78548,206,6,0
2026-05-27 01:15:00,0.78548,0.7856,0.78539,0.78546,202,6,0
2026-05-27 01:30:00,0.78546,0.78554,0.78545,0.78546,107,12,0
2026-05-27 01:45:00,0.78546,0.78547,0.78536,0.78536,123,12,0
2026-05-27 02:00:00,0.78536,0.78542,0.78532,0.78537,138,10,0
2026-05-27 02:15:00,0.78537,0.78537,0.78516,0.78516,86,10,0
2026-05-27 02:30:00,0.78516,0.78519,0.78496,0.78496,145,10,0
2026-05-27 02:45:00,0.78496,0.78514,0.78491,0.78513,337,9,0
2026-05-27 03:00:00,0.78513,0.78518,0.78498,0.78504,504,8,0
2026-05-27 03:15:00,0.78504,0.78511,0.7849,0.78498,364,8,0
2026-05-27 03:30:00,0.78498,0.78512,0.78491,0.78507,330,7,0
2026-05-27 03:45:00,0.78507,0.78529,0.78494,0.78515,428,5,0
2026-05-27 04:00:00,0.78515,0.78522,0.785,0.78511,430,7,0
2026-05-27 04:15:00,0.78511,0.78537,0.7851,0.78536,305,8,0
2026-05-27 04:30:00,0.78535,0.78557,0.78528,0.78544,497,9,0
2026-05-27 04:45:00,0.78544,0.78559,0.78543,0.7855,285,8,0
2026-05-27 05:00:00,0.7855,0.7855,0.78509,0.78535,444,9,0
2026-05-27 05:15:00,0.78535,0.78546,0.78526,0.7854,220,8,0
2026-05-27 05:30:00,0.7854,0.78557,0.78536,0.78552,228,7,0
2026-05-27 05:45:00,0.78552,0.78561,0.78528,0.78536,230,9,0
2026-05-27 06:00:00,0.78536,0.78538,0.78497,0.78515,289,9,0
2026-05-27 06:15:00,0.78515,0.78529,0.78509,0.78524,140,8,0
2026-05-27 06:30:00,0.78524,0.78543,0.78519,0.78533,145,8,0
2026-05-27 06:45:00,0.78533,0.7854,0.78522,0.78531,198,9,0
2026-05-27 07:00:00,0.78531,0.78533,0.78518,0.78522,161,9,0
2026-05-27 07:15:00,0.78522,0.78526,0.78513,0.78521,188,8,0
2026-05-27 07:30:00,0.78521,0.78522,0.78505,0.78505,208,9,0
2026-05-27 07:45:00,0.78505,0.78517,0.78502,0.78512,203,9,0
2026-05-27 08:00:00,0.78515,0.78516,0.78493,0.78502,256,2,0
2026-05-27 08:15:00,0.78502,0.78516,0.78497,0.78501,233,2,0
2026-05-27 08:30:00,0.78501,0.78524,0.78496,0.7852,341,2,0
2026-05-27 08:45:00,0.7852,0.78535,0.78514,0.7853,342,2,0
2026-05-27 09:00:00,0.7853,0.78543,0.78521,0.78543,339,2,0
2026-05-27 09:15:00,0.78543,0.78563,0.78535,0.78548,346,2,0
2026-05-27 09:30:00,0.78548,0.78579,0.7848,0.78482,517,2,0
2026-05-27 09:45:00,0.78482,0.78498,0.78464,0.78481,422,2,0
2026-05-27 10:00:00,0.78481,0.78508,0.78462,0.78502,573,2,0
2026-05-27 10:15:00,0.78502,0.78509,0.78463,0.78469,352,0,0
2026-05-27 10:30:00,0.78469,0.78518,0.78461,0.7851,415,1,0
2026-05-27 10:45:00,0.7851,0.78573,0.78509,0.78563,439,2,0
2026-05-27 11:00:00,0.78563,0.78578,0.78535,0.78551,483,2,0
2026-05-27 11:15:00,0.78551,0.7857,0.78537,0.78537,312,2,0
2026-05-27 11:30:00,0.78537,0.786,0.78532,0.78571,404,1,0
2026-05-27 11:45:00,0.78571,0.78622,0.7857,0.78614,362,2,0
2026-05-27 12:00:00,0.78614,0.78614,0.78586,0.78587,355,2,0
2026-05-27 12:15:00,0.78587,0.78596,0.78555,0.78557,336,2,0
2026-05-27 12:30:00,0.78557,0.7859,0.78557,0.78588,278,2,0
2026-05-27 12:45:00,0.78588,0.78588,0.78534,0.78572,408,2,0
2026-05-27 13:00:00,0.78572,0.78595,0.78568,0.78578,404,2,0
2026-05-27 13:15:00,0.78578,0.78629,0.78573,0.78613,354,2,0
2026-05-27 13:30:00,0.78613,0.78621,0.78585,0.78592,411,1,0
2026-05-27 13:45:00,0.78592,0.78615,0.78586,0.78606,424,2,0
2026-05-27 14:00:00,0.78605,0.78646,0.78599,0.78614,303,2,0
2026-05-27 14:15:00,0.78614,0.78653,0.78609,0.78637,378,2,0
2026-05-27 14:30:00,0.78637,0.78664,0.78634,0.7864,454,2,0
2026-05-27 14:45:00,0.7864,0.78669,0.78629,0.78647,418,2,0
2026-05-27 15:00:00,0.78647,0.78658,0.78623,0.78634,521,2,0
2026-05-27 15:15:00,0.78634,0.78648,0.78451,0.78476,2434,0,0
2026-05-27 15:30:00,0.78476,0.78481,0.78429,0.78465,1554,0,0
2026-05-27 15:45:00,0.78465,0.78533,0.78451,0.78526,749,2,0
2026-05-27 16:00:00,0.78525,0.78528,0.7849,0.78506,893,2,0
2026-05-27 16:15:00,0.78506,0.78567,0.78486,0.78552,822,1,0
2026-05-27 16:30:00,0.78552,0.7856,0.78513,0.78522,1028,2,0
2026-05-27 16:45:00,0.78522,0.78563,0.78499,0.78535,918,1,0
2026-05-27 17:00:00,0.78535,0.78573,0.78485,0.7849,950,2,0
2026-05-27 17:15:00,0.7849,0.78522,0.78449,0.78497,1047,2,0
2026-05-27 17:30:00,0.78497,0.7857,0.78487,0.78521,1396,0,0
2026-05-27 17:45:00,0.78521,0.78682,0.7851,0.7867,1324,2,0
2026-05-27 18:00:00,0.7867,0.78685,0.7862,0.78628,937,0,0
2026-05-27 18:15:00,0.78628,0.78664,0.78624,0.78632,798,2,0
2026-05-27 18:30:00,0.78632,0.78684,0.7861,0.78679,879,1,0
2026-05-27 18:45:00,0.78678,0.78721,0.78653,0.78708,783,2,0
2026-05-27 19:00:00,0.78708,0.78755,0.78706,0.78714,810,1,0
2026-05-27 19:15:00,0.78714,0.78716,0.78675,0.78695,448,2,0
2026-05-27 19:30:00,0.78695,0.78708,0.78661,0.78669,378,2,0
2026-05-27 19:45:00,0.78669,0.78674,0.78654,0.78654,491,2,0
2026-05-27 20:00:00,0.78654,0.78735,0.78651,0.78716,684,2,0
2026-05-27 20:15:00,0.78716,0.78722,0.78703,0.78718,387,2,0
2026-05-27 20:30:00,0.78717,0.78724,0.78694,0.78697,327,2,0
2026-05-27 20:45:00,0.78697,0.78705,0.78684,0.78697,342,2,0
2026-05-27 21:00:00,0.78697,0.78734,0.78694,0.78732,349,2,0
2026-05-27 21:15:00,0.78732,0.78734,0.78716,0.78717,267,2,0
2026-05-27 21:30:00,0.78717,0.7872,0.78681,0.78682,273,2,0
2026-05-27 21:45:00,0.78683,0.78688,0.78662,0.78682,283,2,0
2026-05-27 22:00:00,0.78682,0.78688,0.78659,0.78669,236,2,0
2026-05-27 22:15:00,0.78669,0.78679,0.78658,0.78664,247,2,0
2026-05-27 22:30:00,0.78664,0.78684,0.7866,0.78683,298,2,0
2026-05-27 22:45:00,0.78683,0.78707,0.7868,0.78695,289,2,0
2026-05-27 23:00:00,0.7869,0.78697,0.78675,0.78688,199,11,0
2026-05-27 23:15:00,0.78688,0.78697,0.78686,0.78696,118,12,0
2026-05-27 23:30:00,0.78697,0.78703,0.78684,0.78695,177,12,0
2026-05-27 23:45:00,0.78695,0.78714,0.78694,0.78699,199,11,0
2026-05-28 00:00:00,0.78676,0.78684,0.78637,0.78638,85,26,0
2026-05-28 00:15:00,0.78638,0.78643,0.7861,0.78626,184,64,0
2026-05-28 00:30:00,0.78626,0.78673,0.78612,0.78664,539,21,0
2026-05-28 00:45:00,0.78663,0.78669,0.78632,0.78662,725,16,0
2026-05-28 01:00:00,0.78662,0.78693,0.78657,0.78677,226,11,0
2026-05-28 01:15:00,0.78677,0.78687,0.78675,0.78684,69,11,0
2026-05-28 01:30:00,0.78684,0.78694,0.78677,0.78691,124,11,0
2026-05-28 01:45:00,0.78692,0.787,0.78691,0.787,116,12,0
2026-05-28 02:00:00,0.787,0.78701,0.78693,0.78696,92,10,0
2026-05-28 02:15:00,0.78696,0.7875,0.7869,0.78748,239,9,0
2026-05-28 02:30:00,0.78748,0.78765,0.78746,0.78755,219,8,0
2026-05-28 02:45:00,0.78755,0.78789,0.78755,0.78784,241,9,0
2026-05-28 03:00:00,0.78784,0.78798,0.78777,0.78788,451,9,0
2026-05-28 03:15:00,0.78788,0.78791,0.78763,0.78771,372,5,0
2026-05-28 03:30:00,0.78771,0.78796,0.7877,0.78789,436,9,0
2026-05-28 03:45:00,0.78789,0.78802,0.78776,0.78781,365,9,0
2026-05-28 04:00:00,0.78781,0.78805,0.78776,0.78791,428,7,0
2026-05-28 04:15:00,0.78791,0.78806,0.78787,0.78803,362,8,0
2026-05-28 04:30:00,0.78803,0.7883,0.78792,0.78827,483,9,0
2026-05-28 04:45:00,0.78827,0.78866,0.78827,0.78859,411,8,0
2026-05-28 05:00:00,0.78859,0.78864,0.78832,0.78832,409,7,0
2026-05-28 05:15:00,0.78832,0.78837,0.78816,0.78817,147,8,0
2026-05-28 05:30:00,0.78817,0.78843,0.78806,0.78841,205,5,0
2026-05-28 05:45:00,0.78841,0.78856,0.7884,0.78845,283,8,0
2026-05-28 06:00:00,0.78845,0.78886,0.78839,0.78882,522,3,0
2026-05-28 06:15:00,0.78882,0.78927,0.78882,0.78924,594,7,0
2026-05-28 06:30:00,0.78924,0.78987,0.78924,0.78983,813,7,0
2026-05-28 06:45:00,0.78983,0.78988,0.78973,0.78981,463,9,0
2026-05-28 07:00:00,0.78981,0.78987,0.78961,0.78961,544,6,0
2026-05-28 07:15:00,0.78961,0.78984,0.78959,0.78981,459,8,0
2026-05-28 07:30:00,0.78981,0.78981,0.78942,0.78952,368,8,0
2026-05-28 07:45:00,0.78952,0.78962,0.78949,0.78952,268,7,0
2026-05-28 08:00:00,0.78955,0.78962,0.78943,0.78947,328,2,0
2026-05-28 08:15:00,0.78947,0.78954,0.78918,0.78924,345,2,0
2026-05-28 08:30:00,0.78924,0.78925,0.78873,0.78888,630,2,0
2026-05-28 08:45:00,0.78888,0.78888,0.78851,0.78868,406,2,0
2026-05-28 09:00:00,0.78868,0.78884,0.78836,0.78843,516,2,0
2026-05-28 09:15:00,0.78844,0.78851,0.78806,0.78817,461,2,0
2026-05-28 09:30:00,0.78816,0.78818,0.78773,0.78786,427,2,0
2026-05-28 09:45:00,0.78786,0.78799,0.78757,0.78775,352,2,0
2026-05-28 10:00:00,0.78775,0.78776,0.78735,0.78751,580,2,0
2026-05-28 10:15:00,0.78751,0.78788,0.78751,0.78787,330,2,0
2026-05-28 10:30:00,0.78787,0.78828,0.78774,0.78804,491,2,0
2026-05-28 10:45:00,0.78804,0.78829,0.78788,0.78825,448,2,0
2026-05-28 11:00:00,0.78825,0.78889,0.78807,0.78882,526,2,0
2026-05-28 11:15:00,0.78882,0.7892,0.7886,0.78894,464,2,0
2026-05-28 11:30:00,0.78894,0.78924,0.78879,0.78922,483,2,0
2026-05-28 11:45:00,0.78922,0.78925,0.78881,0.78885,461,2,0
2026-05-28 12:00:00,0.78885,0.78887,0.78824,0.78829,370,2,0
2026-05-28 12:15:00,0.78829,0.7888,0.78826,0.78872,435,2,0
2026-05-28 12:30:00,0.78872,0.78906,0.78869,0.78897,291,2,0
2026-05-28 12:45:00,0.78897,0.78924,0.78893,0.78919,324,2,0
2026-05-28 13:00:00,0.78919,0.78972,0.78919,0.78942,287,2,0
2026-05-28 13:15:00,0.78942,0.78962,0.78918,0.78926,330,2,0
2026-05-28 13:30:00,0.78926,0.78987,0.78926,0.78986,249,2,0
2026-05-28 13:45:00,0.78986,0.7899,0.7895,0.78982,555,1,0
2026-05-28 14:00:00,0.78982,0.78986,0.78944,0.78944,669,2,0
2026-05-28 14:15:00,0.78944,0.78952,0.78911,0.78913,269,2,0
2026-05-28 14:30:00,0.78913,0.78945,0.78912,0.78921,373,2,0
2026-05-28 14:45:00,0.78921,0.78937,0.78865,0.7889,518,1,0
2026-05-28 15:00:00,0.7889,0.7891,0.78872,0.78872,587,2,0
2026-05-28 15:15:00,0.78872,0.78875,0.78805,0.78805,580,2,0
2026-05-28 15:30:00,0.78805,0.78817,0.78712,0.78731,1086,0,0
2026-05-28 15:45:00,0.78731,0.78735,0.78668,0.78682,834,2,0
2026-05-28 16:00:00,0.78682,0.78713,0.78629,0.78702,1024,2,0
2026-05-28 16:15:00,0.78702,0.78725,0.78673,0.78685,656,2,0
2026-05-28 16:30:00,0.78685,0.78692,0.78636,0.78645,944,2,0
2026-05-28 16:45:00,0.78645,0.78735,0.78628,0.78713,803,0,0
2026-05-28 17:00:00,0.78713,0.7875,0.78502,0.78567,1601,0,0
2026-05-28 17:15:00,0.78568,0.78593,0.78502,0.7853,2000,1,0
2026-05-28 17:30:00,0.7853,0.7858,0.78484,0.785,1625,0,0
2026-05-28 17:45:00,0.78499,0.78551,0.78471,0.78482,1907,0,0
2026-05-28 18:00:00,0.78479,0.78482,0.7841,0.7843,1214,2,0
2026-05-28 18:15:00,0.7843,0.78458,0.78415,0.78421,860,2,0
2026-05-28 18:30:00,0.78421,0.7845,0.78402,0.78426,725,2,0
2026-05-28 18:45:00,0.78426,0.78459,0.78416,0.78453,513,2,0
2026-05-28 19:00:00,0.78453,0.78479,0.7843,0.78436,518,1,0
2026-05-28 19:15:00,0.78436,0.78444,0.78345,0.78379,930,2,0
2026-05-28 19:30:00,0.78379,0.78393,0.78357,0.78375,660,0,0
2026-05-28 19:45:00,0.78375,0.78394,0.78352,0.78356,793,0,0
2026-05-28 20:00:00,0.78356,0.78397,0.78352,0.78385,523,0,0
2026-05-28 20:15:00,0.78385,0.78403,0.78383,0.78402,317,2,0
2026-05-28 20:30:00,0.78402,0.78402,0.78373,0.78392,415,2,0
2026-05-28 20:45:00,0.78392,0.78392,0.7836,0.78363,404,2,0
2026-05-28 21:00:00,0.78363,0.78381,0.78342,0.78357,477,1,0
2026-05-28 21:15:00,0.78357,0.78393,0.78331,0.78388,631,0,0
2026-05-28 21:30:00,0.78388,0.78414,0.78388,0.78404,355,2,0
2026-05-28 21:45:00,0.78404,0.78413,0.78392,0.7841,267,2,0
2026-05-28 22:00:00,0.7841,0.78417,0.7839,0.78393,244,2,0
2026-05-28 22:15:00,0.78393,0.78396,0.78382,0.78387,177,2,0
2026-05-28 22:30:00,0.78387,0.78388,0.78363,0.78366,300,2,0
2026-05-28 22:45:00,0.78366,0.7839,0.78352,0.78386,336,1,0
2026-05-28 23:00:00,0.78381,0.78395,0.78375,0.7838,210,0,0
2026-05-28 23:15:00,0.7838,0.78393,0.78376,0.78388,96,12,0
2026-05-28 23:30:00,0.7839,0.78394,0.78382,0.78394,162,12,0
2026-05-28 23:45:00,0.78394,0.78394,0.78382,0.78385,185,12,0
2026-05-29 00:00:00,0.78334,0.78379,0.78306,0.78306,87,26,0
2026-05-29 00:15:00,0.78306,0.78374,0.78306,0.78331,162,85,0
2026-05-29 00:30:00,0.78337,0.78372,0.78324,0.78338,502,93,0
2026-05-29 00:45:00,0.78338,0.78374,0.78313,0.78361,466,88,0
2026-05-29 01:00:00,0.78361,0.7838,0.78348,0.78368,212,7,0
2026-05-29 01:15:00,0.78368,0.78373,0.78365,0.78368,75,12,0
2026-05-29 01:30:00,0.78368,0.78386,0.78368,0.78378,111,12,0
2026-05-29 01:45:00,0.78378,0.78387,0.78374,0.78386,79,12,0
2026-05-29 02:00:00,0.78386,0.78389,0.78367,0.78375,324,10,0
2026-05-29 02:15:00,0.78375,0.78378,0.78371,0.78371,92,10,0
2026-05-29 02:30:00,0.78371,0.78384,0.78371,0.7838,116,10,0
2026-05-29 02:45:00,0.7838,0.78384,0.78368,0.78377,206,10,0
2026-05-29 03:00:00,0.78379,0.78382,0.78357,0.78377,481,7,0
2026-05-29 03:15:00,0.78377,0.78385,0.78354,0.78365,333,9,0
2026-05-29 03:30:00,0.78365,0.78387,0.78364,0.78365,281,8,0
2026-05-29 03:45:00,0.78365,0.78392,0.78365,0.78381,387,7,0
2026-05-29 04:00:00,0.78381,0.78385,0.78314,0.78315,594,8,0
2026-05-29 04:15:00,0.78315,0.78323,0.78304,0.78318,366,8,0
2026-05-29 04:30:00,0.78318,0.78362,0.78318,0.78358,429,7,0
2026-05-29 04:45:00,0.78358,0.78405,0.78358,0.78397,407,7,0
2026-05-29 05:00:00,0.78397,0.78401,0.78373,0.78375,330,8,0
2026-05-29 05:15:00,0.78375,0.78396,0.78374,0.78386,308,8,0
2026-05-29 05:30:00,0.78386,0.78396,0.78366,0.78371,266,8,0
2026-05-29 05:45:00,0.78371,0.78403,0.78367,0.78401,334,8,0
2026-05-29 06:00:00,0.78401,0.78431,0.78398,0.78426,423,5,0
2026-05-29 06:15:00,0.78426,0.78442,0.78423,0.78428,396,7,0
2026-05-29 06:30:00,0.78427,0.78455,0.78424,0.78438,259,7,0
2026-05-29 06:45:00,0.78438,0.78453,0.78433,0.78447,251,9,0
2026-05-29 07:00:00,0.78447,0.78448,0.7842,0.78428,234,9,0
2026-05-29 07:15:00,0.78428,0.78434,0.7842,0.7843,316,9,0
2026-05-29 07:30:00,0.7843,0.78442,0.78406,0.7841,264,5,0
2026-05-29 07:45:00,0.7841,0.78423,0.78405,0.78407,250,8,0
2026-05-29 08:00:00,0.7841,0.78414,0.78388,0.78389,196,2,0
2026-05-29 08:15:00,0.78389,0.78398,0.78382,0.78394,180,2,0
2026-05-29 08:30:00,0.78394,0.7841,0.78391,0.78404,276,2,0
2026-05-29 08:45:00,0.78404,0.78409,0.78383,0.78387,212,2,0
2026-05-29 09:00:00,0.78387,0.78388,0.78354,0.78355,372,2,0
2026-05-29 09:15:00,0.78355,0.7838,0.78354,0.78378,298,2,0
2026-05-29 09:30:00,0.78378,0.78399,0.7836,0.7836,389,2,0
2026-05-29 09:45:00,0.78361,0.78365,0.78328,0.7833,360,1,0
2026-05-29 10:00:00,0.7833,0.78367,0.7833,0.7835,504,0,0
2026-05-29 10:15:00,0.7835,0.78401,0.78341,0.78394,461,2,0
2026-05-29 10:30:00,0.78394,0.78418,0.78371,0.78373,676,2,0
2026-05-29 10:45:00,0.78373,0.78395,0.78351,0.78372,461,0,0
2026-05-29 11:00:00,0.78372,0.78443,0.7837,0.78443,744,1,0
2026-05-29 11:15:00,0.78443,0.7845,0.78402,0.78404,468,2,0
2026-05-29 11:30:00,0.78404,0.78423,0.78388,0.78415,484,0,0
2026-05-29 11:45:00,0.78415,0.78471,0.78415,0.78433,650,2,0
2026-05-29 12:00:00,0.78433,0.78434,0.78374,0.78379,425,2,0
2026-05-29 12:15:00,0.78379,0.78391,0.78357,0.78365,481,2,0
2026-05-29 12:30:00,0.78365,0.78423,0.78356,0.78409,428,2,0
2026-05-29 12:45:00,0.78409,0.78413,0.78337,0.78344,481,2,0
2026-05-29 13:00:00,0.78344,0.78381,0.78319,0.78319,461,2,0
2026-05-29 13:15:00,0.78319,0.78343,0.78314,0.78316,401,2,0
2026-05-29 13:30:00,0.78316,0.78319,0.7829,0.78303,440,2,0
2026-05-29 13:45:00,0.78303,0.78318,0.78264,0.7827,389,2,0
2026-05-29 14:00:00,0.7827,0.78293,0.78239,0.7828,463,1,0
2026-05-29 14:15:00,0.7828,0.78295,0.78262,0.78271,392,2,0
2026-05-29 14:30:00,0.78271,0.78284,0.78224,0.78239,433,2,0
2026-05-29 14:45:00,0.78239,0.7828,0.78213,0.78214,654,2,0
2026-05-29 15:00:00,0.78213,0.78251,0.78178,0.78186,626,0,0
2026-05-29 15:15:00,0.78186,0.78224,0.78186,0.78194,546,0,0
2026-05-29 15:30:00,0.78194,0.7825,0.78191,0.78204,670,0,0
2026-05-29 15:45:00,0.78204,0.78209,0.78136,0.78137,537,2,0
2026-05-29 16:00:00,0.78137,0.78195,0.78118,0.78194,744,1,0
2026-05-29 16:15:00,0.78194,0.78194,0.78128,0.78138,638,2,0
2026-05-29 16:30:00,0.78138,0.78144,0.78099,0.78108,616,1,0
2026-05-29 16:45:00,0.78108,0.78138,0.781,0.78137,666,2,0
2026-05-29 17:00:00,0.78137,0.78193,0.78122,0.78192,996,2,0
2026-05-29 17:15:00,0.78192,0.78206,0.78177,0.78195,755,2,0
2026-05-29 17:30:00,0.78195,0.78283,0.7819,0.78243,1213,2,0
2026-05-29 17:45:00,0.78243,0.78254,0.77953,0.78184,2925,0,0
2026-05-29 18:00:00,0.78184,0.78189,0.78105,0.78164,2014,0,0
2026-05-29 18:15:00,0.78163,0.78201,0.78119,0.78163,1243,2,0
2026-05-29 18:30:00,0.78162,0.78166,0.78082,0.78132,1603,0,0
2026-05-29 18:45:00,0.78132,0.7815,0.78107,0.78112,976,2,0
2026-05-29 19:00:00,0.78112,0.78176,0.78106,0.7817,703,0,0
2026-05-29 19:15:00,0.7817,0.78181,0.78144,0.78149,541,2,0
2026-05-29 19:30:00,0.78149,0.78168,0.78123,0.78159,603,0,0
2026-05-29 19:45:00,0.78159,0.78179,0.78131,0.78134,454,2,0
2026-05-29 20:00:00,0.78134,0.78159,0.78127,0.78156,429,2,0
2026-05-29 20:15:00,0.78156,0.78189,0.78148,0.78178,394,1,0
2026-05-29 20:30:00,0.78178,0.78211,0.78175,0.78204,325,2,0
2026-05-29 20:45:00,0.78204,0.78247,0.78191,0.78247,365,2,0
2026-05-29 21:00:00,0.78247,0.78254,0.78182,0.7819,486,1,0
2026-05-29 21:15:00,0.7819,0.78194,0.78137,0.78149,507,2,0
2026-05-29 21:30:00,0.78149,0.78149,0.78084,0.78123,379,1,0
2026-05-29 21:45:00,0.78123,0.78167,0.78061,0.78113,777,2,0
2026-05-29 22:00:00,0.78113,0.78113,0.78011,0.78019,453,1,0
2026-05-29 22:15:00,0.7802,0.78047,0.77996,0.78017,450,2,0
2026-05-29 22:30:00,0.78017,0.78027,0.77996,0.78004,324,1,0
2026-05-29 22:45:00,0.78004,0.78059,0.78004,0.78043,511,2,0
2026-05-29 23:00:00,0.78039,0.78088,0.78034,0.78081,395,10,0
2026-05-29 23:15:00,0.78081,0.78115,0.78081,0.7811,162,12,0
2026-05-29 23:30:00,0.78111,0.78119,0.78098,0.78104,243,11,0
2026-05-29 23:45:00,0.78104,0.78115,0.7806,0.78099,647,0,0
2026-06-01 00:00:00,0.77975,0.78078,0.77945,0.78054,130,144,0
2026-06-01 00:15:00,0.78054,0.78077,0.78053,0.78055,121,129,0
2026-06-01 00:30:00,0.78055,0.78118,0.78055,0.78091,460,93,0
2026-06-01 00:45:00,0.78092,0.78136,0.78076,0.781,189,73,0
2026-06-01 01:00:00,0.781,0.78196,0.78091,0.78162,294,10,0
2026-06-01 01:15:00,0.78162,0.78163,0.78143,0.78159,192,12,0
2026-06-01 01:30:00,0.78159,0.78165,0.78154,0.78154,146,12,0
2026-06-01 01:45:00,0.78154,0.78155,0.78144,0.78151,425,12,0
2026-06-01 02:00:00,0.78151,0.78158,0.78141,0.78146,224,12,0
2026-06-01 02:15:00,0.78146,0.78153,0.78137,0.78137,110,12,0
2026-06-01 02:30:00,0.78137,0.78168,0.78135,0.78167,255,11,0
2026-06-01 02:45:00,0.78167,0.78186,0.78158,0.78183,318,11,0
2026-06-01 03:00:00,0.78183,0.78256,0.78183,0.78243,758,8,0
2026-06-01 03:15:00,0.78243,0.7827,0.78225,0.78264,746,9,0
2026-06-01 03:30:00,0.78264,0.78288,0.78257,0.78277,736,9,0
2026-06-01 03:45:00,0.78277,0.78284,0.78255,0.78271,761,8,0
2026-06-01 04:00:00,0.78271,0.78299,0.78265,0.78284,1075,6,0
2026-06-01 04:15:00,0.78283,0.78298,0.78268,0.78281,1261,9,0
2026-06-01 04:30:00,0.78281,0.78299,0.78274,0.78288,1060,9,0
2026-06-01 04:45:00,0.78288,0.78306,0.78286,0.78296,1048,7,0
2026-06-01 05:00:00,0.78296,0.78322,0.78291,0.78305,1396,8,0
2026-06-01 05:15:00,0.78305,0.78322,0.78295,0.7832,1117,8,0
2026-06-01 05:30:00,0.7832,0.78334,0.78307,0.78321,1092,7,0
2026-06-01 05:45:00,0.78321,0.78323,0.78305,0.78308,1080,7,0
2026-06-01 06:00:00,0.78308,0.78309,0.78273,0.78304,1167,7,0
2026-06-01 06:15:00,0.78304,0.78329,0.78289,0.78291,754,6,0
2026-06-01 06:30:00,0.78291,0.78332,0.78278,0.78331,480,7,0
2026-06-01 06:45:00,0.78331,0.78331,0.78308,0.78311,229,7,0
2026-06-01 07:00:00,0.78311,0.78317,0.78303,0.78312,161,8,0
2026-06-01 07:15:00,0.78312,0.78313,0.78298,0.783,188,9,0
2026-06-01 07:30:00,0.783,0.78309,0.78292,0.78296,220,9,0
2026-06-01 07:45:00,0.78296,0.78314,0.78295,0.78295,266,8,0
2026-06-01 08:00:00,0.78298,0.783,0.78263,0.78276,469,2,0
2026-06-01 08:15:00,0.78276,0.7829,0.78273,0.78284,375,2,0
2026-06-01 08:30:00,0.78284,0.78285,0.78261,0.78261,517,2,0
2026-06-01 08:45:00,0.78261,0.7827,0.7825,0.78258,491,2,0
2026-06-01 09:00:00,0.78258,0.78258,0.78222,0.78245,711,2,0
2026-06-01 09:15:00,0.78245,0.78298,0.78244,0.78296,693,2,0
2026-06-01 09:30:00,0.78296,0.78311,0.78266,0.78267,700,2,0
2026-06-01 09:45:00,0.78267,0.78272,0.78201,0.78203,761,2,0
2026-06-01 10:00:00,0.78204,0.7827,0.78201,0.78259,900,2,0
2026-06-01 10:15:00,0.78259,0.78297,0.78247,0.78274,658,2,0
2026-06-01 10:30:00,0.78274,0.78337,0.78267,0.78337,591,1,0
2026-06-01 10:45:00,0.78338,0.78362,0.78296,0.78313,497,2,0
2026-06-01 11:00:00,0.78313,0.78331,0.78289,0.7832,611,2,0
2026-06-01 11:15:00,0.7832,0.7835,0.78298,0.78302,467,2,0
2026-06-01 11:30:00,0.78302,0.78332,0.78298,0.78298,392,2,0
2026-06-01 11:45:00,0.78298,0.78333,0.78294,0.7831,459,2,0
2026-06-01 12:00:00,0.7831,0.78377,0.78287,0.78358,696,2,0
2026-06-01 12:15:00,0.78358,0.78403,0.78343,0.78394,461,2,0
2026-06-01 12:30:00,0.78394,0.78416,0.78384,0.784,401,2,0
2026-06-01 12:45:00,0.78399,0.78429,0.78397,0.78399,489,2,0
2026-06-01 13:00:00,0.78399,0.78426,0.78397,0.78416,529,2,0
2026-06-01 13:15:00,0.78416,0.78445,0.78413,0.78438,493,2,0
2026-06-01 13:30:00,0.78438,0.78439,0.78396,0.78396,468,2,0
2026-06-01 13:45:00,0.78396,0.7841,0.78384,0.78389,539,2,0
2026-06-01 14:00:00,0.78389,0.78409,0.78378,0.78393,571,2,0
2026-06-01 14:15:00,0.78393,0.78401,0.78378,0.7838,439,2,0
2026-06-01 14:30:00,0.7838,0.78429,0.7838,0.78396,471,2,0
2026-06-01 14:45:00,0.78396,0.7841,0.78387,0.784,373,2,0
2026-06-01 15:00:00,0.784,0.784,0.78366,0.78387,522,2,0
2026-06-01 15:15:00,0.78387,0.78391,0.78362,0.78364,439,0,0
2026-06-01 15:30:00,0.78364,0.78457,0.78362,0.78449,876,0,0
2026-06-01 15:45:00,0.78449,0.78511,0.78434,0.78509,989,1,0
2026-06-01 16:00:00,0.78509,0.78686,0.78505,0.78646,1631,0,0
2026-06-01 16:15:00,0.78646,0.78696,0.78565,0.78685,2153,0,0
2026-06-01 16:30:00,0.78685,0.78746,0.78645,0.78742,2050,0,0
2026-06-01 16:45:00,0.78742,0.78831,0.78727,0.78802,1676,0,0
2026-06-01 17:00:00,0.78802,0.78823,0.78756,0.78756,1866,0,0
2026-06-01 17:15:00,0.78756,0.78808,0.78746,0.78758,1622,0,0
2026-06-01 17:30:00,0.78758,0.78792,0.78749,0.78764,1109,2,0
2026-06-01 17:45:00,0.78764,0.78845,0.78726,0.7873,1327,2,0
2026-06-01 18:00:00,0.7873,0.78761,0.78697,0.78752,1389,0,0
2026-06-01 18:15:00,0.78752,0.78752,0.78666,0.78676,658,2,0
2026-06-01 18:30:00,0.78676,0.78677,0.78608,0.78659,1310,0,0
2026-06-01 18:45:00,0.78659,0.78694,0.78656,0.78682,663,2,0
2026-06-01 19:00:00,0.78681,0.78723,0.78648,0.78717,606,2,0
2026-06-01 19:15:00,0.78717,0.78749,0.78714,0.78725,605,0,0
2026-06-01 19:30:00,0.78725,0.78734,0.78707,0.7873,713,0,0
2026-06-01 19:45:00,0.7873,0.7873,0.78633,0.78639,977,2,0
2026-06-01 20:00:00,0.78639,0.78693,0.78634,0.78661,797,2,0
2026-06-01 20:15:00,0.78661,0.78677,0.78617,0.78617,552,0,0
2026-06-01 20:30:00,0.78616,0.78646,0.78578,0.78586,1119,0,0
2026-06-01 20:45:00,0.78586,0.78617,0.78571,0.78617,659,2,0
2026-06-01 21:00:00,0.78616,0.78622,0.78599,0.78613,415,2,0
2026-06-01 21:15:00,0.78613,0.78633,0.78607,0.78632,384,2,0
2026-06-01 21:30:00,0.78631,0.78638,0.78622,0.78626,327,2,0
2026-06-01 21:45:00,0.78626,0.78644,0.78624,0.78639,305,2,0
2026-06-01 22:00:00,0.78639,0.78655,0.78631,0.78643,318,2,0
2026-06-01 22:15:00,0.78643,0.78652,0.78633,0.78647,257,2,0
2026-06-01 22:30:00,0.78647,0.78648,0.78633,0.78645,199,2,0
2026-06-01 22:45:00,0.78645,0.78672,0.78639,0.78656,495,2,0
2026-06-01 23:00:00,0.78652,0.78655,0.78624,0.78643,295,9,0
2026-06-01 23:15:00,0.78643,0.78663,0.78641,0.78662,145,12,0
2026-06-01 23:30:00,0.78662,0.78669,0.7865,0.78653,111,12,0
2026-06-01 23:45:00,0.78653,0.7867,0.78651,0.78653,394,12,0
2026-06-02 00:00:00,0.78583,0.78685,0.78583,0.78632,55,76,0
2026-06-02 00:15:00,0.78632,0.78654,0.7859,0.78627,287,34,0
2026-06-02 00:30:00,0.78627,0.78652,0.78584,0.78634,535,50,0
2026-06-02 00:45:00,0.78634,0.78643,0.78569,0.78609,558,45,0
2026-06-02 01:00:00,0.78605,0.78671,0.78605,0.7866,193,12,0
2026-06-02 01:15:00,0.7866,0.78669,0.78659,0.78669,101,12,0
2026-06-02 01:30:00,0.78669,0.78671,0.78658,0.78661,98,12,0
2026-06-02 01:45:00,0.78661,0.78667,0.7866,0.78663,107,12,0
2026-06-02 02:00:00,0.78663,0.78664,0.78642,0.78645,208,8,0
2026-06-02 02:15:00,0.78645,0.78645,0.78632,0.78637,40,10,0
2026-06-02 02:30:00,0.78637,0.78646,0.7862,0.78625,160,9,0
2026-06-02 02:45:00,0.78625,0.78635,0.78623,0.78628,178,10,0
2026-06-02 03:00:00,0.78628,0.78684,0.78625,0.78652,503,7,0
2026-06-02 03:15:00,0.78652,0.78669,0.78644,0.78658,438,9,0
2026-06-02 03:30:00,0.78658,0.78673,0.78645,0.78669,276,7,0
2026-06-02 03:45:00,0.78669,0.78706,0.78665,0.78686,376,8,0
2026-06-02 04:00:00,0.78686,0.78698,0.78651,0.78664,514,6,0
2026-06-02 04:15:00,0.78664,0.78679,0.78656,0.78669,369,0,0
2026-06-02 04:30:00,0.78669,0.78672,0.78644,0.78662,390,5,0
2026-06-02 04:45:00,0.78663,0.78715,0.78662,0.78684,590,8,0
2026-06-02 05:00:00,0.78684,0.78688,0.78666,0.78674,401,8,0
2026-06-02 05:15:00,0.78674,0.78678,0.78651,0.78656,275,9,0
2026-06-02 05:30:00,0.78656,0.78675,0.78649,0.78671,285,9,0
2026-06-02 05:45:00,0.78671,0.78676,0.78664,0.78669,193,9,0
2026-06-02 06:00:00,0.78669,0.78669,0.78644,0.78651,344,9,0
2026-06-02 06:15:00,0.78651,0.78658,0.78641,0.78648,342,9,0
2026-06-02 06:30:00,0.78648,0.78655,0.78639,0.78641,279,8,0
2026-06-02 06:45:00,0.78641,0.78647,0.78627,0.78646,335,9,0
2026-06-02 07:00:00,0.78646,0.78646,0.78625,0.78632,255,9,0
2026-06-02 07:15:00,0.78632,0.78648,0.7862,0.78642,362,8,0
2026-06-02 07:30:00,0.78642,0.78642,0.78632,0.78634,305,9,0
2026-06-02 07:45:00,0.78634,0.78636,0.78609,0.78616,290,8,0
2026-06-02 08:00:00,0.78619,0.78621,0.78605,0.78613,227,2,0
2026-06-02 08:15:00,0.78613,0.78626,0.78607,0.78623,324,2,0
2026-06-02 08:30:00,0.78623,0.78636,0.78614,0.78634,380,2,0
2026-06-02 08:45:00,0.78634,0.78654,0.78627,0.7863,326,2,0
2026-06-02 09:00:00,0.7863,0.78634,0.78555,0.78568,515,2,0
2026-06-02 09:15:00,0.78568,0.78569,0.78505,0.7852,472,2,0
2026-06-02 09:30:00,0.7852,0.7852,0.78442,0.78482,934,2,0
2026-06-02 09:45:00,0.78482,0.78506,0.78454,0.78463,674,2,0
2026-06-02 10:00:00,0.78463,0.78492,0.78447,0.78492,848,2,0
2026-06-02 10:15:00,0.78492,0.78536,0.78483,0.78525,559,2,0
2026-06-02 10:30:00,0.78525,0.78537,0.78512,0.78518,683,2,0
2026-06-02 10:45:00,0.78518,0.78537,0.78493,0.78498,577,2,0
2026-06-02 11:00:00,0.78498,0.78503,0.78443,0.78503,762,2,0
2026-06-02 11:15:00,0.78503,0.78547,0.78497,0.78546,631,2,0
2026-06-02 11:30:00,0.78546,0.78587,0.78535,0.78586,442,2,0
2026-06-02 11:45:00,0.78586,0.78619,0.78582,0.78598,434,2,0
2026-06-02 12:00:00,0.78599,0.78619,0.78586,0.78591,644,2,0
2026-06-02 12:15:00,0.78591,0.78614,0.78569,0.78572,570,2,0
2026-06-02 12:30:00,0.78572,0.78604,0.78568,0.786,484,2,0
2026-06-02 12:45:00,0.786,0.7861,0.78579,0.78586,497,2,0
2026-06-02 13:00:00,0.78585,0.78611,0.78559,0.78561,583,2,0
2026-06-02 13:15:00,0.78561,0.78593,0.78556,0.78583,376,2,0
2026-06-02 13:30:00,0.78583,0.78589,0.78557,0.78562,255,2,0
2026-06-02 13:45:00,0.78562,0.78565,0.78538,0.78545,464,2,0
2026-06-02 14:00:00,0.78545,0.78546,0.78526,0.78544,365,2,0
2026-06-02 14:15:00,0.78544,0.7856,0.78509,0.78544,426,2,0
2026-06-02 14:30:00,0.78544,0.78555,0.78514,0.78518,341,2,0
2026-06-02 14:45:00,0.78518,0.78526,0.78496,0.78507,442,2,0
2026-06-02 15:00:00,0.78507,0.78544,0.78501,0.78541,410,2,0
2026-06-02 15:15:00,0.78541,0.78549,0.78505,0.7852,515,2,0
2026-06-02 15:30:00,0.7852,0.78565,0.78517,0.78563,665,2,0
2026-06-02 15:45:00,0.78563,0.78593,0.78562,0.78569,605,1,0
2026-06-02 16:00:00,0.78569,0.78588,0.78525,0.78568,1062,0,0
2026-06-02 16:15:00,0.78568,0.78603,0.78549,0.78597,599,2,0
2026-06-02 16:30:00,0.78598,0.78647,0.78584,0.78646,928,2,0
2026-06-02 16:45:00,0.78646,0.78674,0.78639,0.78649,795,2,0
2026-06-02 17:00:00,0.78649,0.78717,0.78645,0.78657,1310,0,0
2026-06-02 17:15:00,0.78658,0.78702,0.78648,0.78674,1017,2,0
2026-06-02 17:30:00,0.78674,0.78686,0.78599,0.78617,804,2,0
2026-06-02 17:45:00,0.78617,0.7864,0.78587,0.78598,834,2,0
2026-06-02 18:00:00,0.78598,0.78634,0.78586,0.78596,809,2,0
2026-06-02 18:15:00,0.78596,0.7863,0.78574,0.7863,536,2,0
2026-06-02 18:30:00,0.7863,0.78637,0.78594,0.786,652,2,0
2026-06-02 18:45:00,0.78601,0.78609,0.78577,0.78588,669,2,0
2026-06-02 19:00:00,0.78588,0.7863,0.78584,0.78619,537,1,0
2026-06-02 19:15:00,0.78619,0.78694,0.78619,0.78693,487,1,0
2026-06-02 19:30:00,0.78693,0.78741,0.78682,0.78733,564,2,0
2026-06-02 19:45:00,0.78733,0.78742,0.78711,0.78715,324,2,0
2026-06-02 20:00:00,0.78715,0.78743,0.78701,0.78739,461,1,0
2026-06-02 20:15:00,0.78739,0.78761,0.78732,0.78753,393,2,0
2026-06-02 20:30:00,0.78753,0.7878,0.78741,0.78776,423,2,0
2026-06-02 20:45:00,0.78776,0.78793,0.78773,0.78778,328,2,0
2026-06-02 21:00:00,0.78778,0.78807,0.78766,0.78798,358,2,0
2026-06-02 21:15:00,0.78798,0.78841,0.7878,0.78788,493,2,0
2026-06-02 21:30:00,0.78788,0.78788,0.78757,0.78765,667,2,0
2026-06-02 21:45:00,0.78766,0.78766,0.78725,0.78736,451,2,0
2026-06-02 22:00:00,0.78736,0.78738,0.78715,0.78719,249,2,0
2026-06-02 22:15:00,0.78719,0.78737,0.78715,0.78731,209,2,0
2026-06-02 22:30:00,0.78731,0.78735,0.78718,0.78729,212,2,0
2026-06-02 22:45:00,0.78729,0.78729,0.78696,0.78697,363,2,0
2026-06-02 23:00:00,0.78692,0.78703,0.78673,0.7869,205,12,0
2026-06-02 23:15:00,0.7869,0.78707,0.78686,0.78703,120,12,0
2026-06-02 23:30:00,0.78703,0.78716,0.78699,0.78708,146,12,0
2026-06-02 23:45:00,0.78708,0.78727,0.78705,0.78708,391,12,0
2026-06-03 00:00:00,0.78698,0.78723,0.78645,0.78657,111,26,0
2026-06-03 00:15:00,0.78656,0.78716,0.78644,0.78663,835,28,0
2026-06-03 00:30:00,0.78663,0.78689,0.78655,0.78671,427,42,0
2026-06-03 00:45:00,0.78671,0.78717,0.78638,0.7868,1554,14,0
2026-06-03 01:00:00,0.7868,0.78729,0.78679,0.78728,161,10,0
2026-06-03 01:15:00,0.78728,0.78731,0.78718,0.78718,68,12,0
2026-06-03 01:30:00,0.78718,0.78729,0.78715,0.78726,125,12,0
2026-06-03 01:45:00,0.78726,0.78739,0.78725,0.78739,255,12,0
2026-06-03 02:00:00,0.78739,0.78769,0.78732,0.78766,234,9,0
2026-06-03 02:15:00,0.78766,0.78798,0.78763,0.7879,317,10,0
2026-06-03 02:30:00,0.7879,0.78826,0.78785,0.78813,325,9,0
2026-06-03 02:45:00,0.78813,0.78841,0.78813,0.78834,297,10,0
2026-06-03 03:00:00,0.78834,0.78843,0.78814,0.78818,641,7,0
2026-06-03 03:15:00,0.78818,0.78824,0.78778,0.7878,429,9,0
2026-06-03 03:30:00,0.7878,0.78783,0.78746,0.78764,370,9,0
2026-06-03 03:45:00,0.78764,0.78786,0.78759,0.78768,467,8,0
2026-06-03 04:00:00,0.78768,0.78795,0.78759,0.78777,453,7,0
2026-06-03 04:15:00,0.78777,0.78786,0.78755,0.78757,380,9,0
2026-06-03 04:30:00,0.78757,0.78772,0.78737,0.78747,300,9,0
2026-06-03 04:45:00,0.78747,0.78788,0.7873,0.78769,308,6,0
2026-06-03 05:00:00,0.78769,0.78769,0.78743,0.78746,268,8,0
2026-06-03 05:15:00,0.78746,0.7878,0.78746,0.78777,254,9,0
2026-06-03 05:30:00,0.78777,0.78791,0.78766,0.78776,312,8,0
2026-06-03 05:45:00,0.78776,0.78801,0.78769,0.78776,366,8,0
2026-06-03 06:00:00,0.78776,0.78794,0.78769,0.78792,253,8,0
2026-06-03 06:15:00,0.78792,0.78804,0.78788,0.78802,339,9,0
2026-06-03 06:30:00,0.78802,0.78815,0.78795,0.78802,214,9,0
2026-06-03 06:45:00,0.78802,0.78823,0.78801,0.78813,201,7,0
2026-06-03 07:00:00,0.78813,0.78837,0.78805,0.78833,274,8,0
2026-06-03 07:15:00,0.78833,0.78852,0.78829,0.78852,254,9,0
2026-06-03 07:30:00,0.78852,0.78852,0.78829,0.78829,201,8,0
2026-06-03 07:45:00,0.78829,0.78848,0.78829,0.78833,265,8,0
2026-06-03 08:00:00,0.78836,0.78847,0.7883,0.78835,343,2,0
2026-06-03 08:15:00,0.78835,0.78858,0.78817,0.78852,377,2,0
2026-06-03 08:30:00,0.78852,0.78861,0.78827,0.78847,368,2,0
2026-06-03 08:45:00,0.78847,0.78869,0.78839,0.78869,389,2,0
2026-06-03 09:00:00,0.78869,0.78926,0.78851,0.78911,642,2,0
2026-06-03 09:15:00,0.78911,0.78948,0.78889,0.78914,763,2,0
2026-06-03 09:30:00,0.78913,0.78924,0.78879,0.78919,791,2,0
2026-06-03 09:45:00,0.78919,0.78928,0.78884,0.78894,540,2,0
2026-06-03 10:00:00,0.78894,0.78927,0.78861,0.78869,803,2,0
2026-06-03 10:15:00,0.78869,0.78914,0.78849,0.78914,567,2,0
2026-06-03 10:30:00,0.78914,0.78931,0.78832,0.78855,1206,1,0
2026-06-03 10:45:00,0.78855,0.7894,0.7885,0.78932,728,2,0
2026-06-03 11:00:00,0.78932,0.78949,0.78916,0.78948,641,2,0
2026-06-03 11:15:00,0.78948,0.78951,0.78931,0.78936,525,2,0
2026-06-03 11:30:00,0.78936,0.7895,0.78914,0.78948,772,2,0
2026-06-03 11:45:00,0.78948,0.7895,0.78936,0.78948,384,2,0
2026-06-03 12:00:00,0.78948,0.78949,0.78896,0.78903,496,2,0
2026-06-03 12:15:00,0.78903,0.7894,0.78894,0.7894,468,2,0
2026-06-03 12:30:00,0.7894,0.78948,0.78909,0.78917,537,2,0
2026-06-03 12:45:00,0.78917,0.7895,0.78914,0.78935,449,2,0
2026-06-03 13:00:00,0.78935,0.78949,0.78873,0.78939,1029,2,0
2026-06-03 13:15:00,0.78939,0.78947,0.78927,0.78932,486,2,0
2026-06-03 13:30:00,0.78932,0.78936,0.78899,0.78906,529,2,0
2026-06-03 13:45:00,0.78907,0.78917,0.78891,0.78906,447,2,0
2026-06-03 14:00:00,0.78906,0.78914,0.78882,0.78882,400,2,0
2026-06-03 14:15:00,0.78882,0.78892,0.78857,0.78857,370,2,0
2026-06-03 14:30:00,0.78857,0.78882,0.78845,0.78876,329,2,0
2026-06-03 14:45:00,0.78876,0.78878,0.78842,0.78869,543,2,0
2026-06-03 15:00:00,0.78869,0.78936,0.78864,0.78922,729,2,0
2026-06-03 15:15:00,0.78922,0.78987,0.78921,0.78987,588,0,0
2026-06-03 15:30:00,0.78987,0.79049,0.78978,0.78978,879,2,0
2026-06-03 15:45:00,0.78978,0.79046,0.78977,0.79034,704,2,0
2026-06-03 16:00:00,0.79034,0.7905,0.79012,0.79039,834,0,0
2026-06-03 16:15:00,0.79036,0.79068,0.78994,0.78997,804,2,0
2026-06-03 16:30:00,0.78997,0.79005,0.78964,0.78998,1170,2,0
2026-06-03 16:45:00,0.78998,0.7905,0.78994,0.79018,1149,2,0
2026-06-03 17:00:00,0.79018,0.79033,0.78959,0.78979,1116,2,0
2026-06-03 17:15:00,0.78979,0.79055,0.78977,0.79016,1089,1,0
2026-06-03 17:30:00,0.79016,0.79094,0.79011,0.79093,928,2,0
2026-06-03 17:45:00,0.79093,0.79131,0.78997,0.79004,1686,1,0
2026-06-03 18:00:00,0.79004,0.79089,0.78996,0.79055,1006,2,0
2026-06-03 18:15:00,0.79055,0.79074,0.79013,0.79041,1022,2,0
2026-06-03 18:30:00,0.79041,0.79084,0.79032,0.79052,812,2,0
2026-06-03 18:45:00,0.79052,0.79092,0.79043,0.79079,767,2,0
2026-06-03 19:00:00,0.79078,0.79167,0.79077,0.79161,878,2,0
2026-06-03 19:15:00,0.79161,0.79192,0.79155,0.79163,963,2,0
2026-06-03 19:30:00,0.79163,0.79236,0.79157,0.79223,672,0,0
2026-06-03 19:45:00,0.79223,0.79235,0.79187,0.79191,590,2,0
2026-06-03 20:00:00,0.79191,0.79219,0.79169,0.79209,511,2,0
2026-06-03 20:15:00,0.79209,0.79239,0.79207,0.79238,385,2,0
2026-06-03 20:30:00,0.79238,0.79254,0.79227,0.79248,239,2,0
2026-06-03 20:45:00,0.79248,0.79259,0.79235,0.79238,315,2,0
2026-06-03 21:00:00,0.79238,0.79264,0.79236,0.79257,229,2,0
2026-06-03 21:15:00,0.79257,0.79272,0.79233,0.7924,293,2,0
2026-06-03 21:30:00,0.7924,0.79261,0.79234,0.79248,355,2,0
2026-06-03 21:45:00,0.79248,0.79248,0.79223,0.79235,304,2,0
2026-06-03 22:00:00,0.79235,0.79239,0.79216,0.79234,220,2,0
2026-06-03 22:15:00,0.79234,0.79234,0.79204,0.79228,241,2,0
2026-06-03 22:30:00,0.79228,0.79229,0.79211,0.79219,323,2,0
2026-06-03 22:45:00,0.79219,0.79227,0.79208,0.79212,401,2,0
2026-06-03 23:00:00,0.79207,0.7922,0.79197,0.79214,181,12,0
2026-06-03 23:15:00,0.79214,0.79221,0.79198,0.7921,168,11,0
2026-06-03 23:30:00,0.7921,0.79214,0.79199,0.79212,90,11,0
2026-06-03 23:45:00,0.79212,0.79214,0.79199,0.79203,172,11,0
2026-06-04 00:00:00,0.79136,0.79146,0.79092,0.79132,1487,26,0
2026-06-04 00:15:00,0.79132,0.79155,0.79111,0.79129,2048,60,0
2026-06-04 00:30:00,0.79129,0.79203,0.79126,0.79193,1616,24,0
2026-06-04 00:45:00,0.79193,0.79213,0.7912,0.79177,1035,12,0
2026-06-04 01:00:00,0.79177,0.79221,0.79161,0.7921,265,12,0
2026-06-04 01:15:00,0.7921,0.79219,0.79199,0.79203,115,12,0
2026-06-04 01:30:00,0.79203,0.79204,0.79187,0.79193,226,12,0
2026-06-04 01:45:00,0.79193,0.79202,0.79104,0.7913,509,9,0
2026-06-04 02:00:00,0.7913,0.7916,0.7912,0.79143,370,10,0
2026-06-04 02:15:00,0.79143,0.79152,0.79128,0.7914,255,10,0
2026-06-04 02:30:00,0.7914,0.79142,0.79118,0.79121,219,10,0
2026-06-04 02:45:00,0.79121,0.79121,0.79093,0.79102,415,9,0
2026-06-04 03:00:00,0.79102,0.79124,0.79095,0.79104,842,6,0
2026-06-04 03:15:00,0.79105,0.79117,0.79077,0.79095,705,3,0
2026-06-04 03:30:00,0.79095,0.791,0.79066,0.79072,582,8,0
2026-06-04 03:45:00,0.79072,0.79127,0.79071,0.79121,551,8,0
2026-06-04 04:00:00,0.79121,0.79142,0.79089,0.79101,648,7,0
2026-06-04 04:15:00,0.79101,0.79112,0.79077,0.79088,471,9,0
2026-06-04 04:30:00,0.79088,0.79093,0.79068,0.79088,506,8,0
2026-06-04 04:45:00,0.79088,0.79091,0.79064,0.79064,375,8,0
2026-06-04 05:00:00,0.79064,0.79081,0.79057,0.79081,473,7,0
2026-06-04 05:15:00,0.7908,0.79096,0.79072,0.7908,451,8,0
2026-06-04 05:30:00,0.7908,0.7908,0.79051,0.79056,351,8,0
2026-06-04 05:45:00,0.79056,0.79056,0.79036,0.79044,343,8,0
2026-06-04 06:00:00,0.79044,0.79091,0.79043,0.79087,300,8,0
2026-06-04 06:15:00,0.79087,0.79106,0.79078,0.79098,277,8,0
2026-06-04 06:30:00,0.79098,0.79117,0.7909,0.79116,315,7,0
2026-06-04 06:45:00,0.79117,0.79127,0.79095,0.79097,328,8,0
2026-06-04 07:00:00,0.79098,0.79112,0.79093,0.79108,252,8,0
2026-06-04 07:15:00,0.79108,0.79108,0.79093,0.79098,257,9,0
2026-06-04 07:30:00,0.79098,0.79099,0.79039,0.7906,486,6,0
2026-06-04 07:45:00,0.7906,0.79077,0.79053,0.7906,321,8,0
2026-06-04 08:00:00,0.79063,0.79092,0.79059,0.79084,394,2,0
2026-06-04 08:15:00,0.79084,0.79111,0.79078,0.79103,314,2,0
2026-06-04 08:30:00,0.79103,0.79106,0.79075,0.79078,424,2,0
2026-06-04 08:45:00,0.79078,0.79085,0.79055,0.79055,364,2,0
2026-06-04 09:00:00,0.79055,0.79059,0.79033,0.79049,519,2,0
2026-06-04 09:15:00,0.79049,0.79079,0.79027,0.79039,649,2,0
2026-06-04 09:30:00,0.79039,0.79102,0.79039,0.79065,737,1,0
2026-06-04 09:45:00,0.79065,0.79155,0.79065,0.7913,607,2,0
2026-06-04 10:00:00,0.79131,0.79142,0.79103,0.7912,644,2,0
2026-06-04 10:15:00,0.7912,0.79181,0.79099,0.79154,604,2,0
2026-06-04 10:30:00,0.79154,0.79225,0.79146,0.79192,736,2,0
2026-06-04 10:45:00,0.79192,0.79215,0.79176,0.79181,570,2,0
2026-06-04 11:00:00,0.79181,0.79191,0.79159,0.79162,627,2,0
2026-06-04 11:15:00,0.79163,0.79163,0.79093,0.79098,543,2,0
2026-06-04 11:30:00,0.79098,0.79123,0.7908,0.79099,450,2,0
2026-06-04 11:45:00,0.79099,0.791,0.79061,0.79091,511,2,0
2026-06-04 12:00:00,0.79091,0.79091,0.79023,0.79046,769,2,0
2026-06-04 12:15:00,0.79046,0.7905,0.79001,0.79034,541,2,0
2026-06-04 12:30:00,0.79034,0.79042,0.78981,0.7899,620,2,0
2026-06-04 12:45:00,0.7899,0.78999,0.78952,0.78982,610,2,0
2026-06-04 13:00:00,0.78982,0.78989,0.78946,0.78956,522,2,0
2026-06-04 13:15:00,0.78956,0.78973,0.78948,0.78961,458,2,0
2026-06-04 13:30:00,0.78961,0.78966,0.78909,0.78943,494,2,0
2026-06-04 13:45:00,0.78943,0.78966,0.78918,0.78946,548,2,0
2026-06-04 14:00:00,0.78946,0.78947,0.788,0.78814,824,2,0
2026-06-04 14:15:00,0.78814,0.7883,0.78703,0.78734,1167,0,0
2026-06-04 14:30:00,0.78734,0.78784,0.78701,0.78704,976,0,0
2026-06-04 14:45:00,0.78704,0.78723,0.78679,0.7871,796,2,0
2026-06-04 15:00:00,0.7871,0.78796,0.7868,0.78759,1243,0,0
2026-06-04 15:15:00,0.78758,0.78775,0.78739,0.78743,699,2,0
2026-06-04 15:30:00,0.78744,0.7876,0.78721,0.78746,628,2,0
2026-06-04 15:45:00,0.78746,0.7877,0.78713,0.7877,719,2,0
2026-06-04 16:00:00,0.7877,0.78812,0.78746,0.78809,786,2,0
2026-06-04 16:15:00,0.78809,0.78826,0.78777,0.78791,742,2,0
2026-06-04 16:30:00,0.78791,0.78795,0.78749,0.78757,1196,2,0
2026-06-04 16:45:00,0.78757,0.78803,0.78754,0.78798,922,2,0
2026-06-04 17:00:00,0.78798,0.78835,0.78778,0.78826,884,2,0
2026-06-04 17:15:00,0.78826,0.7886,0.78805,0.78856,740,2,0
2026-06-04 17:30:00,0.78856,0.78905,0.78855,0.78873,892,2,0
2026-06-04 17:45:00,0.78873,0.78898,0.78804,0.78826,1051,2,0
2026-06-04 18:00:00,0.78827,0.78883,0.78818,0.78862,984,2,0
2026-06-04 18:15:00,0.78862,0.78888,0.78845,0.78864,597,2,0
2026-06-04 18:30:00,0.78864,0.78873,0.78834,0.78863,564,2,0
2026-06-04 18:45:00,0.78863,0.78873,0.78831,0.78851,646,2,0
2026-06-04 19:00:00,0.78851,0.7886,0.78837,0.78848,437,2,0
2026-06-04 19:15:00,0.78848,0.78856,0.78833,0.78856,279,2,0
2026-06-04 19:30:00,0.78855,0.78874,0.78845,0.78859,430,2,0
2026-06-04 19:45:00,0.78859,0.78892,0.78857,0.78885,427,2,0
2026-06-04 20:00:00,0.78885,0.78903,0.78883,0.78896,438,2,0
2026-06-04 20:15:00,0.78897,0.78904,0.78891,0.78901,317,2,0
2026-06-04 20:30:00,0.78901,0.78901,0.78879,0.7889,381,2,0
2026-06-04 20:45:00,0.7889,0.78902,0.78886,0.78892,321,2,0
2026-06-04 21:00:00,0.78892,0.78905,0.78879,0.78895,415,2,0
2026-06-04 21:15:00,0.78895,0.78922,0.78887,0.78922,284,2,0
2026-06-04 21:30:00,0.78922,0.78938,0.78903,0.78911,386,2,0
2026-06-04 21:45:00,0.78911,0.78929,0.78903,0.78923,349,2,0
2026-06-04 22:00:00,0.78923,0.7895,0.78915,0.78945,294,2,0
2026-06-04 22:15:00,0.78945,0.78945,0.78934,0.78938,208,2,0
2026-06-04 22:30:00,0.78938,0.7895,0.78933,0.78947,223,2,0
2026-06-04 22:45:00,0.78947,0.78952,0.78927,0.78929,292,2,0
2026-06-04 23:00:00,0.78925,0.78945,0.7892,0.78945,187,11,0
2026-06-04 23:15:00,0.78945,0.78961,0.7894,0.78959,159,12,0
2026-06-04 23:30:00,0.7896,0.78974,0.78953,0.78955,130,12,0
2026-06-04 23:45:00,0.78955,0.78955,0.78941,0.78944,229,12,0
2026-06-05 00:00:00,0.78913,0.78947,0.78846,0.78887,2815,26,0
2026-06-05 00:15:00,0.78887,0.78935,0.78844,0.78895,1970,54,0
2026-06-05 00:30:00,0.78895,0.78958,0.78879,0.78907,1118,39,0
2026-06-05 00:45:00,0.78907,0.78927,0.78873,0.78896,1080,56,0
2026-06-05 01:00:00,0.78897,0.7895,0.78896,0.78929,217,11,0
2026-06-05 01:15:00,0.78937,0.78948,0.78937,0.78938,109,11,0
2026-06-05 01:30:00,0.78938,0.78939,0.78929,0.78939,135,12,0
2026-06-05 01:45:00,0.78939,0.78944,0.78938,0.78942,88,12,0
2026-06-05 02:00:00,0.78942,0.78943,0.78929,0.78931,88,9,0
2026-06-05 02:15:00,0.78931,0.78931,0.78921,0.78926,115,10,0
2026-06-05 02:30:00,0.78926,0.78933,0.78925,0.7893,127,10,0
2026-06-05 02:45:00,0.7893,0.78936,0.78906,0.78914,286,9,0
2026-06-05 03:00:00,0.78913,0.78933,0.78881,0.78921,798,7,0
2026-06-05 03:15:00,0.7892,0.78923,0.78902,0.78909,733,8,0
2026-06-05 03:30:00,0.78909,0.78916,0.78899,0.78914,343,9,0
2026-06-05 03:45:00,0.78914,0.78923,0.78897,0.78911,288,8,0
2026-06-05 04:00:00,0.78911,0.78926,0.78889,0.78919,455,8,0
2026-06-05 04:15:00,0.78919,0.78956,0.78904,0.78938,469,8,0
2026-06-05 04:30:00,0.78938,0.78952,0.78917,0.78932,445,8,0
2026-06-05 04:45:00,0.78932,0.78937,0.78917,0.78933,303,9,0
2026-06-05 05:00:00,0.78933,0.78943,0.78906,0.78915,303,8,0
2026-06-05 05:15:00,0.78915,0.78927,0.78903,0.78907,335,8,0
2026-06-05 05:30:00,0.78907,0.78927,0.78907,0.78922,278,9,0
2026-06-05 05:45:00,0.78922,0.7893,0.78919,0.78929,200,8,0
2026-06-05 06:00:00,0.78929,0.78937,0.78925,0.78936,225,8,0
2026-06-05 06:15:00,0.78936,0.78938,0.78921,0.78928,298,9,0
2026-06-05 06:30:00,0.78928,0.78933,0.78923,0.78931,177,9,0
2026-06-05 06:45:00,0.78931,0.7894,0.78923,0.78924,193,9,0
2026-06-05 07:00:00,0.78924,0.78924,0.78907,0.78914,177,9,0
2026-06-05 07:15:00,0.78914,0.78927,0.78899,0.78927,274,9,0
2026-06-05 07:30:00,0.78927,0.78927,0.78908,0.78913,230,9,0
2026-06-05 07:45:00,0.78913,0.78916,0.78895,0.78905,203,9,0
2026-06-05 08:00:00,0.78908,0.78919,0.78901,0.78907,181,2,0
2026-06-05 08:15:00,0.78907,0.78911,0.78899,0.78902,139,2,0
2026-06-05 08:30:00,0.78902,0.7891,0.78877,0.78904,253,2,0
2026-06-05 08:45:00,0.78904,0.78919,0.78892,0.78916,260,2,0
2026-06-05 09:00:00,0.78916,0.7893,0.78891,0.78892,482,2,0
2026-06-05 09:15:00,0.78892,0.78895,0.78856,0.78858,377,2,0
2026-06-05 09:30:00,0.78858,0.78864,0.78822,0.78822,418,2,0
2026-06-05 09:45:00,0.78822,0.78844,0.78809,0.78825,428,1,0
2026-06-05 10:00:00,0.78825,0.78827,0.78796,0.78812,603,2,0
2026-06-05 10:15:00,0.78812,0.78812,0.7874,0.78749,480,2,0
2026-06-05 10:30:00,0.78749,0.78763,0.78719,0.78747,626,2,0
2026-06-05 10:45:00,0.78747,0.78788,0.78732,0.78783,530,2,0
2026-06-05 11:00:00,0.78783,0.7879,0.78751,0.78765,661,2,0
2026-06-05 11:15:00,0.78765,0.78777,0.78731,0.78734,569,2,0
2026-06-05 11:30:00,0.78734,0.78779,0.78734,0.78779,355,2,0
2026-06-05 11:45:00,0.78779,0.78821,0.78774,0.78812,369,1,0
2026-06-05 12:00:00,0.78812,0.78839,0.78761,0.78772,872,0,0
2026-06-05 12:15:00,0.78772,0.78795,0.78757,0.78787,688,2,0
2026-06-05 12:30:00,0.78787,0.78793,0.78761,0.78781,418,2,0
2026-06-05 12:45:00,0.78781,0.78789,0.78764,0.78772,339,2,0
2026-06-05 13:00:00,0.78772,0.78793,0.78757,0.78764,509,2,0
2026-06-05 13:15:00,0.78764,0.78766,0.78738,0.78741,337,2,0
2026-06-05 13:30:00,0.78741,0.78757,0.78722,0.78751,413,2,0
2026-06-05 13:45:00,0.78751,0.78768,0.78739,0.78763,331,2,0
2026-06-05 14:00:00,0.78765,0.7879,0.78763,0.78783,479,2,0
2026-06-05 14:15:00,0.78783,0.78785,0.78753,0.78757,497,0,0
2026-06-05 14:30:00,0.78757,0.78803,0.78757,0.7879,541,2,0
2026-06-05 14:45:00,0.7879,0.78823,0.78773,0.78803,541,2,0
2026-06-05 15:00:00,0.78803,0.78824,0.7879,0.78819,587,2,0
2026-06-05 15:15:00,0.78819,0.78869,0.78818,0.78856,673,2,0
2026-06-05 15:30:00,0.78856,0.79168,0.78854,0.79136,2763,0,0
2026-06-05 15:45:00,0.79136,0.79314,0.79115,0.79314,1664,2,0
2026-06-05 16:00:00,0.79314,0.79338,0.79159,0.79193,2532,0,0
2026-06-05 16:15:00,0.79193,0.79321,0.79177,0.79308,1377,2,0
2026-06-05 16:30:00,0.79308,0.79333,0.7922,0.79302,1826,0,0
2026-06-05 16:45:00,0.79302,0.79348,0.79266,0.79348,1600,0,0
2026-06-05 17:00:00,0.79348,0.79415,0.79288,0.79413,2200,1,0
2026-06-05 17:15:00,0.79413,0.79479,0.7941,0.79461,1464,1,0
2026-06-05 17:30:00,0.7946,0.79483,0.79398,0.79474,1491,0,0
2026-06-05 17:45:00,0.79474,0.79474,0.79394,0.7941,1540,2,0
2026-06-05 18:00:00,0.7941,0.79475,0.79402,0.79461,1516,2,0
2026-06-05 18:15:00,0.79461,0.79477,0.7941,0.79457,1316,0,0
2026-06-05 18:30:00,0.79458,0.79533,0.79444,0.79525,982,2,0
2026-06-05 18:45:00,0.79525,0.79563,0.79517,0.79555,796,2,0
2026-06-05 19:00:00,0.79555,0.7959,0.79553,0.79582,897,2,0
2026-06-05 19:15:00,0.79583,0.79612,0.79551,0.79581,929,2,0
2026-06-05 19:30:00,0.79582,0.79609,0.79582,0.79592,682,2,0
2026-06-05 19:45:00,0.79592,0.79595,0.79525,0.79532,946,2,0
2026-06-05 20:00:00,0.79532,0.79598,0.79527,0.79579,737,2,0
2026-06-05 20:15:00,0.79579,0.79609,0.79578,0.79601,536,2,0
2026-06-05 20:30:00,0.79601,0.79646,0.79601,0.79641,628,2,0
2026-06-05 20:45:00,0.79641,0.79665,0.79629,0.7964,648,2,0
2026-06-05 21:00:00,0.7964,0.79678,0.79636,0.79658,632,2,0
2026-06-05 21:15:00,0.79658,0.79667,0.79622,0.7965,797,1,0
2026-06-05 21:30:00,0.7965,0.79661,0.79614,0.7965,579,2,0
2026-06-05 21:45:00,0.7965,0.79661,0.79591,0.79619,711,0,0
2026-06-05 22:00:00,0.79619,0.79652,0.79618,0.79647,579,2,0
2026-06-05 22:15:00,0.79647,0.79654,0.79617,0.79624,670,2,0
2026-06-05 22:30:00,0.79625,0.79638,0.79607,0.79613,507,2,0
2026-06-05 22:45:00,0.79613,0.79614,0.79586,0.79605,474,2,0
2026-06-05 23:00:00,0.796,0.79646,0.79599,0.79643,264,12,0
2026-06-05 23:15:00,0.79643,0.79644,0.796,0.79608,227,11,0
2026-06-05 23:30:00,0.79609,0.79642,0.79587,0.79629,257,9,0
2026-06-05 23:45:00,0.79628,0.79637,0.79579,0.79606,776,3,0
2026-06-08 00:00:00,0.79473,0.79583,0.79403,0.79583,174,51,0
2026-06-08 00:15:00,0.79583,0.79604,0.79579,0.79603,78,61,0
2026-06-08 00:30:00,0.79604,0.79615,0.79599,0.79613,236,56,0
2026-06-08 00:45:00,0.79614,0.79616,0.79608,0.79615,185,63,0
2026-06-08 01:00:00,0.79615,0.79716,0.79615,0.7968,565,5,0
2026-06-08 01:15:00,0.7968,0.79706,0.79666,0.79701,406,12,0
2026-06-08 01:30:00,0.79701,0.79703,0.79667,0.79688,254,12,0
2026-06-08 01:45:00,0.79688,0.79715,0.7968,0.7971,185,5,0
2026-06-08 02:00:00,0.7971,0.7971,0.79675,0.79675,269,10,0
2026-06-08 02:15:00,0.79675,0.7968,0.7965,0.7967,301,8,0
2026-06-08 02:30:00,0.7967,0.79676,0.7965,0.7966,288,9,0
2026-06-08 02:45:00,0.7966,0.79667,0.79638,0.79646,488,10,0
2026-06-08 03:00:00,0.79648,0.79653,0.79626,0.79642,430,8,0
2026-06-08 03:15:00,0.79642,0.79653,0.79622,0.79641,583,7,0
2026-06-08 03:30:00,0.79641,0.79648,0.79619,0.79619,658,9,0
2026-06-08 03:45:00,0.79619,0.79621,0.79574,0.79578,817,8,0
2026-06-08 04:00:00,0.79578,0.79606,0.79553,0.79603,880,6,0
2026-06-08 04:15:00,0.79603,0.7972,0.79592,0.79705,1645,3,0
2026-06-08 04:30:00,0.79704,0.79742,0.79688,0.79708,1893,5,0
2026-06-08 04:45:00,0.79708,0.79744,0.79683,0.7973,873,7,0
2026-06-08 05:00:00,0.7973,0.79789,0.79718,0.79767,844,6,0
2026-06-08 05:15:00,0.79767,0.79775,0.79729,0.79756,619,8,0
2026-06-08 05:30:00,0.79756,0.79793,0.79749,0.79751,715,7,0
2026-06-08 05:45:00,0.79751,0.79758,0.79729,0.79749,651,9,0
2026-06-08 06:00:00,0.79749,0.79762,0.79739,0.79744,457,8,0
2026-06-08 06:15:00,0.79744,0.79751,0.79722,0.79728,546,9,0
2026-06-08 06:30:00,0.79728,0.79731,0.79699,0.79699,376,8,0
2026-06-08 06:45:00,0.79699,0.79702,0.79678,0.79679,263,9,0
2026-06-08 07:00:00,0.79679,0.79701,0.79668,0.7967,339,9,0
2026-06-08 07:15:00,0.7967,0.79676,0.79649,0.7965,304,8,0
2026-06-08 07:30:00,0.79651,0.7968,0.7965,0.79677,438,9,0
2026-06-08 07:45:00,0.79677,0.79687,0.79664,0.79676,290,7,0
2026-06-08 08:00:00,0.79679,0.79684,0.79654,0.79676,498,2,0
2026-06-08 08:15:00,0.79676,0.79677,0.79608,0.79648,663,2,0
2026-06-08 08:30:00,0.79648,0.79745,0.79643,0.7972,1026,2,0
2026-06-08 08:45:00,0.7972,0.79799,0.79706,0.79766,984,2,0
2026-06-08 09:00:00,0.79766,0.79786,0.79737,0.79769,788,1,0
2026-06-08 09:15:00,0.79769,0.7977,0.79707,0.79717,805,2,0
2026-06-08 09:30:00,0.79717,0.79775,0.79715,0.79749,737,2,0
2026-06-08 09:45:00,0.79749,0.79761,0.79704,0.79744,813,2,0
2026-06-08 10:00:00,0.79744,0.7978,0.79682,0.79704,1214,0,0
2026-06-08 10:15:00,0.79704,0.79739,0.79672,0.79701,977,0,0
2026-06-08 10:30:00,0.79701,0.79764,0.7968,0.79746,800,2,0
2026-06-08 10:45:00,0.79746,0.79793,0.79728,0.79792,871,2,0
2026-06-08 11:00:00,0.79792,0.798,0.79738,0.79779,787,1,0
2026-06-08 11:15:00,0.79779,0.79804,0.79769,0.79774,776,2,0
2026-06-08 11:30:00,0.79772,0.79807,0.79763,0.79777,664,1,0
2026-06-08 11:45:00,0.79777,0.79811,0.79764,0.7981,940,2,0
2026-06-08 12:00:00,0.79811,0.79834,0.79786,0.79823,742,2,0
2026-06-08 12:15:00,0.79823,0.79851,0.79811,0.79848,532,2,0
2026-06-08 12:30:00,0.79848,0.79865,0.79787,0.79833,1032,1,0
2026-06-08 12:45:00,0.79833,0.79837,0.79786,0.79799,561,2,0
2026-06-08 13:00:00,0.79799,0.79824,0.79747,0.79754,707,2,0
2026-06-08 13:15:00,0.79754,0.79786,0.79744,0.79765,534,2,0
2026-06-08 13:30:00,0.79765,0.79773,0.79673,0.79741,950,0,0
2026-06-08 13:45:00,0.79741,0.79747,0.79709,0.79727,618,2,0
2026-06-08 14:00:00,0.79727,0.79749,0.79665,0.79668,829,2,0
2026-06-08 14:15:00,0.79668,0.79691,0.79586,0.79601,1705,2,0
2026-06-08 14:30:00,0.79601,0.79636,0.79585,0.79633,900,2,0
2026-06-08 14:45:00,0.79633,0.7966,0.79623,0.79653,543,2,0
2026-06-08 15:00:00,0.79655,0.79657,0.79578,0.7964,903,1,0
2026-06-08 15:15:00,0.7964,0.79654,0.79611,0.79613,1095,2,0
2026-06-08 15:30:00,0.79613,0.79638,0.79573,0.79592,734,1,0
2026-06-08 15:45:00,0.79592,0.7963,0.79579,0.7958,919,2,0
2026-06-08 16:00:00,0.7958,0.7958,0.79515,0.79567,1252,2,0
2026-06-08 16:15:00,0.79567,0.7958,0.79473,0.79497,1280,1,0
2026-06-08 16:30:00,0.79497,0.79569,0.79471,0.79564,1568,2,0
2026-06-08 16:45:00,0.79564,0.79633,0.79554,0.79631,1207,2,0
2026-06-08 17:00:00,0.79631,0.79719,0.79602,0.79716,1387,2,0
2026-06-08 17:15:00,0.79716,0.79758,0.79705,0.79724,1174,2,0
2026-06-08 17:30:00,0.79724,0.79758,0.79707,0.79754,1202,0,0
2026-06-08 17:45:00,0.79755,0.79766,0.7969,0.7969,1322,1,0
2026-06-08 18:00:00,0.7969,0.79716,0.79653,0.79694,1105,2,0
2026-06-08 18:15:00,0.79694,0.79707,0.79645,0.79704,1122,2,0
2026-06-08 18:30:00,0.79704,0.79757,0.797,0.79744,1024,2,0
2026-06-08 18:45:00,0.79744,0.79755,0.79692,0.79721,843,1,0
2026-06-08 19:00:00,0.79721,0.79739,0.79705,0.79713,645,1,0
2026-06-08 19:15:00,0.79713,0.7974,0.79701,0.7974,418,0,0
2026-06-08 19:30:00,0.79739,0.79739,0.79701,0.79713,569,2,0
2026-06-08 19:45:00,0.79713,0.79744,0.79705,0.79743,572,2,0
2026-06-08 20:00:00,0.79743,0.79768,0.7973,0.79734,758,1,0
2026-06-08 20:15:00,0.79734,0.79753,0.79728,0.79748,565,2,0
2026-06-08 20:30:00,0.79748,0.79784,0.79747,0.7976,761,0,0
2026-06-08 20:45:00,0.7976,0.7976,0.79727,0.79742,557,2,0
2026-06-08 21:00:00,0.79742,0.79743,0.79718,0.79738,486,2,0
2026-06-08 21:15:00,0.79738,0.79738,0.79708,0.79708,445,2,0
2026-06-08 21:30:00,0.79708,0.79745,0.79701,0.79742,461,2,0
2026-06-08 21:45:00,0.79742,0.79793,0.79742,0.7979,493,2,0
2026-06-08 22:00:00,0.7979,0.79794,0.79759,0.79774,410,2,0
2026-06-08 22:15:00,0.79774,0.79782,0.79762,0.79771,389,2,0
2026-06-08 22:30:00,0.79771,0.79779,0.79751,0.79773,475,2,0
2026-06-08 22:45:00,0.79773,0.79823,0.79763,0.79819,723,2,0
2026-06-08 23:00:00,0.79814,0.79816,0.7979,0.79793,317,12,0
2026-06-08 23:15:00,0.79793,0.79807,0.79776,0.79777,166,10,0
2026-06-08 23:30:00,0.79778,0.79788,0.79773,0.79785,111,12,0
2026-06-08 23:45:00,0.79785,0.79797,0.79769,0.79769,206,11,0
2026-06-09 00:00:00,0.79748,0.79748,0.79691,0.79721,58,51,0
2026-06-09 00:15:00,0.79721,0.79722,0.79716,0.79722,17,89,0
2026-06-09 00:30:00,0.79722,0.79742,0.79719,0.7972,90,69,0
2026-06-09 00:45:00,0.7974,0.79751,0.79715,0.7974,88,39,0
2026-06-09 01:00:00,0.7974,0.79787,0.7974,0.79784,333,9,0
2026-06-09 01:15:00,0.79783,0.79785,0.79769,0.79774,162,12,0
2026-06-09 01:30:00,0.79774,0.79782,0.79772,0.79782,124,12,0
2026-06-09 01:45:00,0.79782,0.79785,0.79771,0.79772,85,11,0
2026-06-09 02:00:00,0.79772,0.79777,0.79768,0.79774,94,10,0
2026-06-09 02:15:00,0.79774,0.79796,0.79771,0.79791,96,9,0
2026-06-09 02:30:00,0.79791,0.79804,0.79791,0.79797,154,10,0
2026-06-09 02:45:00,0.79797,0.79816,0.79796,0.79814,421,9,0
2026-06-09 03:00:00,0.79814,0.79837,0.79807,0.79826,964,6,0
2026-06-09 03:15:00,0.79826,0.79832,0.79809,0.79812,511,9,0
2026-06-09 03:30:00,0.79812,0.79828,0.79796,0.79804,460,8,0
2026-06-09 03:45:00,0.79804,0.79838,0.798,0.79805,599,8,0
2026-06-09 04:00:00,0.79805,0.79817,0.79788,0.79789,831,7,0
2026-06-09 04:15:00,0.79789,0.79795,0.79754,0.79764,685,8,0
2026-06-09 04:30:00,0.79764,0.79768,0.79737,0.79753,588,8,0
2026-06-09 04:45:00,0.79753,0.79758,0.79727,0.7973,593,9,0
2026-06-09 05:00:00,0.7973,0.79733,0.79716,0.7973,524,7,0
2026-06-09 05:15:00,0.7973,0.79764,0.79729,0.79742,436,8,0
2026-06-09 05:30:00,0.79742,0.79756,0.79734,0.79739,373,9,0
2026-06-09 05:45:00,0.79739,0.79757,0.79735,0.79753,308,8,0
2026-06-09 06:00:00,0.79753,0.79763,0.79732,0.79741,365,8,0
2026-06-09 06:15:00,0.79741,0.79778,0.79729,0.79759,474,6,0
2026-06-09 06:30:00,0.79759,0.79767,0.79744,0.79747,468,8,0
2026-06-09 06:45:00,0.79747,0.79771,0.79742,0.79749,276,8,0
2026-06-09 07:00:00,0.79749,0.79758,0.79732,0.79737,334,9,0
2026-06-09 07:15:00,0.79737,0.79746,0.7973,0.79732,289,9,0
2026-06-09 07:30:00,0.79732,0.7974,0.7969,0.79694,406,8,0
2026-06-09 07:45:00,0.79694,0.79705,0.79678,0.79691,314,8,0
2026-06-09 08:00:00,0.79694,0.79725,0.7969,0.79725,472,2,0
2026-06-09 08:15:00,0.79725,0.79726,0.79677,0.7968,454,2,0
2026-06-09 08:30:00,0.7968,0.79685,0.79635,0.79642,882,2,0
2026-06-09 08:45:00,0.79642,0.7965,0.79625,0.79639,570,2,0
2026-06-09 09:00:00,0.79639,0.79664,0.79618,0.79623,651,2,0
2026-06-09 09:15:00,0.79622,0.79625,0.79578,0.79624,554,2,0
2026-06-09 09:30:00,0.79624,0.79674,0.7962,0.79664,625,2,0
2026-06-09 09:45:00,0.79664,0.79691,0.79616,0.79636,726,2,0
2026-06-09 10:00:00,0.79636,0.7969,0.79613,0.79688,1016,2,0
2026-06-09 10:15:00,0.79688,0.79709,0.79653,0.79685,754,2,0
2026-06-09 10:30:00,0.79685,0.79704,0.79657,0.79657,683,2,0
2026-06-09 10:45:00,0.79657,0.79707,0.79654,0.79703,662,2,0
2026-06-09 11:00:00,0.79702,0.79732,0.7968,0.79722,813,2,0
2026-06-09 11:15:00,0.79722,0.79724,0.79668,0.79676,552,2,0
2026-06-09 11:30:00,0.79676,0.7969,0.79658,0.79667,542,2,0
2026-06-09 11:45:00,0.79667,0.79684,0.79628,0.79643,446,2,0
2026-06-09 12:00:00,0.79644,0.79654,0.79611,0.79631,551,2,0
2026-06-09 12:15:00,0.79631,0.7965,0.79608,0.79643,439,2,0
2026-06-09 12:30:00,0.79643,0.79648,0.79622,0.79628,436,2,0
2026-06-09 12:45:00,0.79628,0.79647,0.79613,0.79638,433,2,0
2026-06-09 13:00:00,0.79638,0.79656,0.79623,0.79632,601,1,0
2026-06-09 13:15:00,0.79632,0.79636,0.79608,0.79614,493,2,0
2026-06-09 13:30:00,0.79614,0.79626,0.79609,0.79615,279,2,0
2026-06-09 13:45:00,0.79615,0.79638,0.79599,0.79623,387,2,0
2026-06-09 14:00:00,0.79623,0.79625,0.79575,0.79597,332,2,0
2026-06-09 14:15:00,0.79598,0.79604,0.79557,0.79559,319,2,0
2026-06-09 14:30:00,0.79559,0.79601,0.79551,0.796,320,2,0
2026-06-09 14:45:00,0.796,0.7961,0.79551,0.7956,418,2,0
2026-06-09 15:00:00,0.7956,0.7956,0.79531,0.79556,602,2,0
2026-06-09 15:15:00,0.79554,0.7957,0.79542,0.79553,525,2,0
2026-06-09 15:30:00,0.79553,0.7956,0.79526,0.79548,564,2,0
2026-06-09 15:45:00,0.79548,0.7958,0.79544,0.7957,537,2,0
2026-06-09 16:00:00,0.7957,0.7957,0.79521,0.79527,999,2,0
2026-06-09 16:15:00,0.79527,0.79589,0.79526,0.79577,643,1,0
2026-06-09 16:30:00,0.79577,0.79612,0.79566,0.796,1026,2,0
2026-06-09 16:45:00,0.796,0.79605,0.79484,0.79595,1284,2,0
2026-06-09 17:00:00,0.79595,0.79638,0.79545,0.79637,1282,2,0
2026-06-09 17:15:00,0.79637,0.79698,0.79625,0.79663,1422,2,0
2026-06-09 17:30:00,0.79663,0.79709,0.79648,0.79709,1229,2,0
2026-06-09 17:45:00,0.79709,0.79727,0.79668,0.79679,1708,2,0
2026-06-09 18:00:00,0.79679,0.79709,0.79642,0.79663,1115,2,0
2026-06-09 18:15:00,0.79663,0.79708,0.79654,0.79705,1231,2,0
2026-06-09 18:30:00,0.79705,0.79809,0.79693,0.79749,1593,0,0
2026-06-09 18:45:00,0.79749,0.79759,0.79697,0.79716,1098,2,0
2026-06-09 19:00:00,0.79716,0.79795,0.79705,0.7979,1442,1,0
2026-06-09 19:15:00,0.7979,0.79826,0.79779,0.79799,1496,2,0
2026-06-09 19:30:00,0.79799,0.79918,0.79784,0.79863,2268,0,0
2026-06-09 19:45:00,0.79864,0.79882,0.79828,0.79828,1828,0,0
2026-06-09 20:00:00,0.79828,0.79847,0.79812,0.79828,1283,2,0
2026-06-09 20:15:00,0.79828,0.7983,0.79736,0.79752,1070,0,0
2026-06-09 20:30:00,0.79752,0.7977,0.79734,0.7975,801,2,0
2026-06-09 20:45:00,0.7975,0.79777,0.79744,0.79756,871,2,0
2026-06-09 21:00:00,0.79756,0.79779,0.79747,0.79759,746,2,0
2026-06-09 21:15:00,0.7976,0.79777,0.79735,0.79754,944,2,0
2026-06-09 21:30:00,0.79754,0.79786,0.79739,0.79784,669,2,0
2026-06-09 21:45:00,0.79784,0.79803,0.79778,0.79785,570,2,0
2026-06-09 22:00:00,0.79785,0.79818,0.79782,0.79814,487,2,0
2026-06-09 22:15:00,0.79814,0.79863,0.79813,0.79853,565,2,0
2026-06-09 22:30:00,0.79853,0.79859,0.79842,0.79849,426,2,0
2026-06-09 22:45:00,0.79849,0.79866,0.79834,0.79857,747,2,0
2026-06-09 23:00:00,0.79852,0.7986,0.79832,0.79834,377,12,0
2026-06-09 23:15:00,0.79834,0.79835,0.79818,0.79834,127,12,0
2026-06-09 23:30:00,0.79836,0.79842,0.79825,0.79833,87,12,0
2026-06-09 23:45:00,0.79833,0.79837,0.79807,0.79807,171,11,0
2026-06-10 00:00:00,0.79787,0.79851,0.79724,0.79836,99,46,0
2026-06-10 00:15:00,0.79836,0.79837,0.79771,0.79804,235,29,0
2026-06-10 00:30:00,0.79804,0.79835,0.79782,0.79829,276,65,0
2026-06-10 00:45:00,0.79829,0.79847,0.79759,0.79764,498,55,0
2026-06-10 01:00:00,0.79764,0.79872,0.79764,0.79863,260,10,0
2026-06-10 01:15:00,0.79863,0.79866,0.79854,0.79857,147,11,0
2026-06-10 01:30:00,0.79857,0.79889,0.79855,0.79889,284,12,0
2026-06-10 01:45:00,0.79889,0.79901,0.79885,0.7989,228,12,0
2026-06-10 02:00:00,0.7989,0.79898,0.79874,0.79882,188,10,0
2026-06-10 02:15:00,0.79882,0.79914,0.79882,0.79913,287,10,0
2026-06-10 02:30:00,0.79913,0.79919,0.79907,0.79914,259,9,0
2026-06-10 02:45:00,0.79914,0.79931,0.79911,0.79921,570,10,0
2026-06-10 03:00:00,0.79923,0.7993,0.7987,0.79871,872,7,0
2026-06-10 03:15:00,0.79871,0.79889,0.79863,0.79871,524,8,0
2026-06-10 03:30:00,0.79871,0.79941,0.79869,0.79931,537,4,0
2026-06-10 03:45:00,0.79931,0.79939,0.79868,0.79882,885,6,0
2026-06-10 04:00:00,0.79882,0.79908,0.79877,0.79895,980,8,0
2026-06-10 04:15:00,0.79895,0.79912,0.79863,0.79904,761,7,0
2026-06-10 04:30:00,0.79904,0.7992,0.79891,0.79916,746,8,0
2026-06-10 04:45:00,0.79916,0.79946,0.79906,0.79931,807,8,0
2026-06-10 05:00:00,0.79931,0.79937,0.79898,0.799,502,9,0
2026-06-10 05:15:00,0.799,0.79916,0.79885,0.79886,571,8,0
2026-06-10 05:30:00,0.79886,0.79901,0.79878,0.79888,754,8,0
2026-06-10 05:45:00,0.79888,0.79928,0.79883,0.79922,647,8,0
2026-06-10 06:00:00,0.79922,0.79924,0.79881,0.79888,705,8,0
2026-06-10 06:15:00,0.79888,0.79912,0.79874,0.79909,616,8,0
2026-06-10 06:30:00,0.79909,0.79916,0.79893,0.79915,515,8,0
2026-06-10 06:45:00,0.79915,0.79916,0.79861,0.79876,512,8,0
2026-06-10 07:00:00,0.79876,0.79899,0.79872,0.79897,348,8,0
2026-06-10 07:15:00,0.79897,0.79905,0.79884,0.79894,376,8,0
2026-06-10 07:30:00,0.79894,0.79916,0.7989,0.79915,481,7,0
2026-06-10 07:45:00,0.79915,0.79932,0.79906,0.79907,563,7,0
2026-06-10 08:00:00,0.7991,0.79918,0.79894,0.79906,682,2,0
2026-06-10 08:15:00,0.79906,0.79917,0.79869,0.7987,430,2,0
2026-06-10 08:30:00,0.7987,0.7987,0.79798,0.79812,800,2,0
2026-06-10 08:45:00,0.79812,0.7983,0.79801,0.79801,648,2,0
2026-06-10 09:00:00,0.79801,0.79818,0.79784,0.79801,603,2,0
2026-06-10 09:15:00,0.79801,0.79823,0.79775,0.79798,660,2,0
2026-06-10 09:30:00,0.79798,0.798,0.79745,0.79758,911,0,0
2026-06-10 09:45:00,0.79758,0.79841,0.79758,0.79837,667,2,0
2026-06-10 10:00:00,0.79837,0.79857,0.79791,0.79792,686,0,0
2026-06-10 10:15:00,0.79792,0.79828,0.79767,0.79825,506,2,0
2026-06-10 10:30:00,0.79825,0.79858,0.79813,0.79852,415,2,0
2026-06-10 10:45:00,0.79852,0.79869,0.79839,0.79843,487,2,0
2026-06-10 11:00:00,0.79843,0.79902,0.7984,0.7987,692,2,0
2026-06-10 11:15:00,0.7987,0.79872,0.79846,0.79855,586,2,0
2026-06-10 11:30:00,0.79855,0.79905,0.79855,0.799,550,2,0
2026-06-10 11:45:00,0.799,0.79917,0.79871,0.79882,548,0,0
2026-06-10 12:00:00,0.79882,0.79899,0.79846,0.79888,836,2,0
2026-06-10 12:15:00,0.79888,0.79897,0.79871,0.79892,507,2,0
2026-06-10 12:30:00,0.79892,0.79897,0.79844,0.7985,803,2,0
2026-06-10 12:45:00,0.7985,0.79867,0.79831,0.79848,430,0,0
2026-06-10 13:00:00,0.79848,0.79864,0.79829,0.79853,521,2,0
2026-06-10 13:15:00,0.79853,0.79877,0.79806,0.79829,526,1,0
2026-06-10 13:30:00,0.79829,0.79847,0.79815,0.79839,660,2,0
2026-06-10 13:45:00,0.79839,0.79873,0.79839,0.79866,600,2,0
2026-06-10 14:00:00,0.79866,0.79957,0.79844,0.79879,1509,0,0
2026-06-10 14:15:00,0.79879,0.79906,0.79831,0.79878,1385,2,0
2026-06-10 14:30:00,0.7988,0.7994,0.79868,0.79928,961,2,0
2026-06-10 14:45:00,0.79928,0.79947,0.79911,0.7993,745,2,0
2026-06-10 15:00:00,0.7993,0.79937,0.79873,0.79899,849,2,0
2026-06-10 15:15:00,0.79899,0.79911,0.79838,0.79844,823,2,0
2026-06-10 15:30:00,0.79844,0.79886,0.79737,0.79743,2154,0,0
2026-06-10 15:45:00,0.79743,0.79824,0.79686,0.79822,1462,2,0
2026-06-10 16:00:00,0.79822,0.79832,0.79769,0.79771,1476,2,0
2026-06-10 16:15:00,0.7977,0.79788,0.79746,0.79755,1121,2,0
2026-06-10 16:30:00,0.79755,0.7976,0.79662,0.79663,1660,2,0
2026-06-10 16:45:00,0.79663,0.79744,0.79649,0.79733,1439,2,0
2026-06-10 17:00:00,0.79733,0.79758,0.79683,0.79712,1553,0,0
2026-06-10 17:15:00,0.79712,0.7978,0.79709,0.79757,1602,0,0
2026-06-10 17:30:00,0.79757,0.79795,0.79742,0.79777,1262,2,0
2026-06-10 17:45:00,0.79777,0.79818,0.79759,0.79789,1410,0,0
2026-06-10 18:00:00,0.79789,0.79844,0.79777,0.79823,1280,2,0
2026-06-10 18:15:00,0.79823,0.7985,0.79771,0.79789,973,2,0
2026-06-10 18:30:00,0.79789,0.79851,0.79785,0.79837,1047,2,0
2026-06-10 18:45:00,0.79837,0.79951,0.79825,0.79842,2538,0,0
2026-06-10 19:00:00,0.79842,0.79851,0.79778,0.79791,1408,0,0
2026-06-10 19:15:00,0.79791,0.79813,0.79783,0.79807,951,2,0
2026-06-10 19:30:00,0.79807,0.79839,0.79802,0.79832,846,2,0
2026-06-10 19:45:00,0.79832,0.79864,0.79829,0.79849,767,2,0
2026-06-10 20:00:00,0.79849,0.79899,0.79819,0.79893,897,2,0
2026-06-10 20:15:00,0.79893,0.79907,0.79877,0.79907,794,2,0
2026-06-10 20:30:00,0.79907,0.79931,0.79901,0.79928,732,2,0
2026-06-10 20:45:00,0.79928,0.79932,0.79874,0.7988,975,0,0
2026-06-10 21:00:00,0.7988,0.7988,0.79833,0.79863,696,2,0
2026-06-10 21:15:00,0.79863,0.79899,0.79858,0.79892,754,2,0
2026-06-10 21:30:00,0.79891,0.79918,0.79888,0.79913,680,0,0
2026-06-10 21:45:00,0.79913,0.79941,0.79902,0.79938,570,2,0
2026-06-10 22:00:00,0.79938,0.7997,0.79929,0.79967,602,2,0
2026-06-10 22:15:00,0.79967,0.79975,0.79958,0.79969,686,2,0
2026-06-10 22:30:00,0.79969,0.79989,0.79957,0.79974,543,2,0
2026-06-10 22:45:00,0.79974,0.79993,0.79971,0.79992,534,2,0
2026-06-10 23:00:00,0.79992,0.8001,0.79986,0.80009,445,2,0
2026-06-10 23:15:00,0.80009,0.80011,0.79981,0.79984,148,12,0
2026-06-10 23:30:00,0.79985,0.80005,0.79969,0.80003,162,11,0
2026-06-10 23:45:00,0.80003,0.80017,0.79976,0.79978,344,12,0
2026-06-11 00:00:00,0.79948,0.79979,0.79821,0.7995,3240,29,0
2026-06-11 00:15:00,0.7995,0.79959,0.79826,0.79933,258,40,0
2026-06-11 00:30:00,0.79931,0.79964,0.79873,0.79906,273,59,0
2026-06-11 00:45:00,0.79906,0.79955,0.79906,0.79927,768,34,0
2026-06-11 01:00:00,0.79927,0.80015,0.79927,0.80002,550,12,0
2026-06-11 01:15:00,0.80003,0.80012,0.79996,0.80003,386,12,0
2026-06-11 01:30:00,0.80003,0.80008,0.79987,0.79999,337,12,0
2026-06-11 01:45:00,0.79999,0.80022,0.79986,0.80022,459,11,0
2026-06-11 02:00:00,0.80022,0.80057,0.8002,0.8005,597,8,0
2026-06-11 02:15:00,0.8005,0.80058,0.79979,0.79993,1169,5,0
2026-06-11 02:30:00,0.79993,0.80021,0.79975,0.79984,724,8,0
2026-06-11 02:45:00,0.79984,0.80002,0.79974,0.79993,794,9,0
2026-06-11 03:00:00,0.79993,0.79995,0.79945,0.79959,1232,8,0
2026-06-11 03:15:00,0.79959,0.79963,0.79928,0.79933,1221,7,0
2026-06-11 03:30:00,0.79933,0.7995,0.79923,0.7994,806,7,0
2026-06-11 03:45:00,0.7994,0.7994,0.79915,0.7992,755,8,0
2026-06-11 04:00:00,0.7992,0.7992,0.79827,0.7983,1221,7,0
2026-06-11 04:15:00,0.79831,0.79857,0.79796,0.79801,983,8,0
2026-06-11 04:30:00,0.79801,0.79825,0.798,0.79814,870,8,0
2026-06-11 04:45:00,0.79814,0.79833,0.7981,0.79825,733,8,0
2026-06-11 05:00:00,0.79825,0.79832,0.79813,0.79831,912,7,0
2026-06-11 05:15:00,0.79831,0.79852,0.79829,0.79844,780,8,0
2026-06-11 05:30:00,0.79844,0.79871,0.79838,0.79863,799,8,0
2026-06-11 05:45:00,0.79863,0.79872,0.79853,0.79856,620,9,0
2026-06-11 06:00:00,0.79856,0.79875,0.79846,0.79873,602,9,0
2026-06-11 06:15:00,0.79873,0.79875,0.79857,0.79858,610,9,0
2026-06-11 06:30:00,0.79858,0.79872,0.79856,0.79864,792,8,0
2026-06-11 06:45:00,0.79864,0.7987,0.79859,0.79862,554,8,0
2026-06-11 07:00:00,0.79862,0.79887,0.79857,0.79867,770,9,0
2026-06-11 07:15:00,0.79867,0.79872,0.79856,0.79861,633,5,0
2026-06-11 07:30:00,0.79861,0.79861,0.79838,0.79839,582,9,0
2026-06-11 07:45:00,0.79839,0.79843,0.79821,0.79833,461,9,0
2026-06-11 08:00:00,0.79836,0.79852,0.79823,0.79827,670,2,0
2026-06-11 08:15:00,0.79827,0.79836,0.79818,0.79833,660,2,0
2026-06-11 08:30:00,0.79833,0.79842,0.79825,0.79839,559,2,0
2026-06-11 08:45:00,0.79839,0.79863,0.79831,0.79838,599,2,0
2026-06-11 09:00:00,0.79838,0.79891,0.79836,0.79851,562,2,0
2026-06-11 09:15:00,0.79851,0.7989,0.79847,0.79886,652,2,0
2026-06-11 09:30:00,0.79886,0.79888,0.79844,0.79862,603,2,0
2026-06-11 09:45:00,0.79862,0.79893,0.7985,0.79892,630,2,0
2026-06-11 10:00:00,0.79891,0.7991,0.79852,0.79865,892,2,0
2026-06-11 10:15:00,0.79865,0.79879,0.79817,0.79835,769,2,0
2026-06-11 10:30:00,0.79835,0.79898,0.79828,0.79898,648,2,0
2026-06-11 10:45:00,0.79898,0.79923,0.79885,0.79923,437,2,0
2026-06-11 11:00:00,0.79923,0.79958,0.79916,0.79949,598,2,0
2026-06-11 11:15:00,0.79949,0.7996,0.7993,0.79944,616,2,0
2026-06-11 11:30:00,0.79944,0.79961,0.79931,0.7996,528,2,0
2026-06-11 11:45:00,0.7996,0.80015,0.79957,0.8001,523,2,0
2026-06-11 12:00:00,0.8001,0.80026,0.79985,0.79988,536,2,0
2026-06-11 12:15:00,0.79988,0.8002,0.79968,0.80013,622,2,0
2026-06-11 12:30:00,0.80013,0.80015,0.79971,0.7998,487,2,0
2026-06-11 12:45:00,0.7998,0.79999,0.79946,0.79954,449,2,0
2026-06-11 13:00:00,0.79954,0.80006,0.79951,0.80002,465,2,0
2026-06-11 13:15:00,0.80002,0.80021,0.79996,0.80014,444,1,0
2026-06-11 13:30:00,0.80014,0.80021,0.79978,0.79981,426,2,0
2026-06-11 13:45:00,0.79981,0.79986,0.79954,0.79963,392,2,0
2026-06-11 14:00:00,0.79963,0.79963,0.79919,0.79925,651,0,0
2026-06-11 14:15:00,0.79925,0.79953,0.79921,0.79928,548,2,0
2026-06-11 14:30:00,0.79928,0.7993,0.79883,0.79899,797,0,0
2026-06-11 14:45:00,0.79899,0.79909,0.79877,0.79893,434,2,0
2026-06-11 15:00:00,0.79893,0.79958,0.79874,0.79947,787,2,0
2026-06-11 15:15:00,0.79949,0.80076,0.79931,0.79979,1858,0,0
2026-06-11 15:30:00,0.79979,0.8009,0.79962,0.80001,1833,2,0
2026-06-11 15:45:00,0.80001,0.80016,0.79872,0.79904,2057,1,0
2026-06-11 16:00:00,0.79904,0.79999,0.79897,0.79993,1300,2,0
2026-06-11 16:15:00,0.79993,0.80025,0.7994,0.79951,1148,2,0
2026-06-11 16:30:00,0.79951,0.79971,0.79899,0.79937,1687,2,0
2026-06-11 16:45:00,0.79937,0.79954,0.79879,0.79952,1600,0,0
2026-06-11 17:00:00,0.79952,0.80036,0.79948,0.80025,1234,2,0
2026-06-11 17:15:00,0.80025,0.80057,0.80004,0.8002,1152,2,0
2026-06-11 17:30:00,0.8002,0.80066,0.80016,0.80057,1344,2,0
2026-06-11 17:45:00,0.80057,0.8007,0.80028,0.80028,1288,1,0
2026-06-11 18:00:00,0.80028,0.80056,0.79979,0.80025,1311,2,0
2026-06-11 18:15:00,0.80025,0.80026,0.79974,0.7999,1105,2,0
2026-06-11 18:30:00,0.7999,0.80049,0.79986,0.80037,919,2,0
2026-06-11 18:45:00,0.80037,0.8008,0.80031,0.80067,821,1,0
2026-06-11 19:00:00,0.80067,0.80099,0.8006,0.80086,802,2,0
2026-06-11 19:15:00,0.80086,0.80106,0.80069,0.80079,609,1,0
2026-06-11 19:30:00,0.80079,0.80089,0.80048,0.80064,556,0,0
2026-06-11 19:45:00,0.80064,0.80096,0.80063,0.80095,498,2,0
2026-06-11 20:00:00,0.80095,0.80109,0.80078,0.80094,721,2,0
2026-06-11 20:15:00,0.80095,0.80127,0.79965,0.79965,1018,0,0
2026-06-11 20:30:00,0.79965,0.79965,0.79662,0.79679,3509,0,0
2026-06-11 20:45:00,0.79678,0.79794,0.79656,0.79768,2263,0,0
2026-06-11 21:00:00,0.79768,0.79864,0.79751,0.79773,2228,2,0
2026-06-11 21:15:00,0.79775,0.79779,0.7969,0.79725,1724,0,0
2026-06-11 21:30:00,0.79725,0.79777,0.79699,0.797,996,2,0
2026-06-11 21:45:00,0.797,0.79701,0.79619,0.79697,1066,0,0
2026-06-11 22:00:00,0.79697,0.79698,0.79553,0.79563,1418,2,0
2026-06-11 22:15:00,0.79563,0.79575,0.79507,0.79514,1226,2,0
2026-06-11 22:30:00,0.79514,0.79517,0.79432,0.79491,1630,2,0
2026-06-11 22:45:00,0.7949,0.79514,0.79479,0.79502,976,2,0
2026-06-11 23:00:00,0.79498,0.79499,0.79436,0.79448,687,8,0
2026-06-11 23:15:00,0.79447,0.79454,0.79413,0.79423,316,8,0
2026-06-11 23:30:00,0.79424,0.795,0.79414,0.79498,388,9,0
2026-06-11 23:45:00,0.79498,0.79505,0.7947,0.79474,527,11,0
2026-06-12 00:00:00,0.79416,0.79514,0.79407,0.79412,473,82,0
2026-06-12 00:15:00,0.79412,0.79428,0.79398,0.79409,237,113,0
2026-06-12 00:30:00,0.79409,0.79453,0.79402,0.79449,291,77,0
2026-06-12 00:45:00,0.79449,0.79452,0.79406,0.7942,225,42,0
2026-06-12 01:00:00,0.7942,0.79473,0.79414,0.79473,145,8,0
2026-06-12 01:15:00,0.79473,0.79488,0.79464,0.7948,224,11,0
2026-06-12 01:30:00,0.7948,0.79497,0.79461,0.79465,230,10,0
2026-06-12 01:45:00,0.79465,0.79467,0.79432,0.79435,280,12,0
2026-06-12 02:00:00,0.79435,0.79452,0.79414,0.79436,534,7,0
2026-06-12 02:15:00,0.79436,0.79486,0.79435,0.79482,325,8,0
2026-06-12 02:30:00,0.79484,0.79509,0.79481,0.79506,540,8,0
2026-06-12 02:45:00,0.79506,0.79516,0.79487,0.79503,617,7,0
2026-06-12 03:00:00,0.79504,0.79549,0.79499,0.79542,850,7,0
2026-06-12 03:15:00,0.79542,0.79561,0.79535,0.79548,615,7,0
2026-06-12 03:30:00,0.79548,0.79586,0.79539,0.79585,472,8,0
2026-06-12 03:45:00,0.79585,0.79599,0.79569,0.79582,580,7,0
2026-06-12 04:00:00,0.79582,0.79618,0.79574,0.79592,897,6,0
2026-06-12 04:15:00,0.79592,0.79613,0.79587,0.7961,468,8,0
2026-06-12 04:30:00,0.7961,0.79619,0.79586,0.79618,539,5,0
2026-06-12 04:45:00,0.79618,0.79624,0.79593,0.79611,415,8,0
2026-06-12 05:00:00,0.79611,0.79617,0.79566,0.79576,591,8,0
2026-06-12 05:15:00,0.79576,0.79604,0.79576,0.79604,285,8,0
2026-06-12 05:30:00,0.79604,0.79621,0.79593,0.79601,413,7,0
2026-06-12 05:45:00,0.79601,0.79612,0.79588,0.79612,311,8,0
2026-06-12 06:00:00,0.79612,0.79622,0.79596,0.7961,379,8,0
2026-06-12 06:15:00,0.79611,0.79613,0.79579,0.79582,415,7,0
2026-06-12 06:30:00,0.79582,0.79583,0.79547,0.79557,506,6,0
2026-06-12 06:45:00,0.79557,0.79585,0.79557,0.79567,351,9,0
2026-06-12 07:00:00,0.79565,0.79595,0.79562,0.79571,316,8,0
2026-06-12 07:15:00,0.79571,0.79585,0.79565,0.79577,240,8,0
2026-06-12 07:30:00,0.79577,0.79581,0.79554,0.79566,251,8,0
2026-06-12 07:45:00,0.79566,0.79589,0.79564,0.79584,237,7,0
2026-06-12 08:00:00,0.79587,0.79624,0.79568,0.79606,516,2,0
2026-06-12 08:15:00,0.79606,0.79644,0.79606,0.79639,370,2,0
2026-06-12 08:30:00,0.79638,0.79644,0.79624,0.79638,516,2,0
2026-06-12 08:45:00,0.79638,0.79668,0.79635,0.79668,481,2,0
2026-06-12 09:00:00,0.79668,0.79668,0.79589,0.79612,485,2,0
2026-06-12 09:15:00,0.79612,0.7962,0.7959,0.79599,519,2,0
2026-06-12 09:30:00,0.79599,0.79662,0.79599,0.79658,712,2,0
2026-06-12 09:45:00,0.79658,0.79676,0.79623,0.79623,548,2,0
2026-06-12 10:00:00,0.79623,0.79691,0.79616,0.79674,739,2,0
2026-06-12 10:15:00,0.79674,0.79688,0.79637,0.79687,614,2,0
2026-06-12 10:30:00,0.79689,0.79746,0.79675,0.79711,763,1,0
2026-06-12 10:45:00,0.79711,0.79748,0.79641,0.79646,1054,0,0
2026-06-12 11:00:00,0.79644,0.79654,0.79597,0.79611,1091,0,0
2026-06-12 11:15:00,0.79611,0.79624,0.79478,0.79566,1516,1,0
2026-06-12 11:30:00,0.79565,0.79587,0.79537,0.79558,968,2,0
2026-06-12 11:45:00,0.79558,0.7959,0.7955,0.79565,806,1,0
2026-06-12 12:00:00,0.79565,0.79596,0.79547,0.79573,932,0,0
2026-06-12 12:15:00,0.79573,0.79573,0.79497,0.79507,890,2,0
2026-06-12 12:30:00,0.79507,0.79536,0.79485,0.79517,643,1,0
2026-06-12 12:45:00,0.79517,0.79563,0.79513,0.7954,569,2,0
2026-06-12 13:00:00,0.7954,0.79557,0.79524,0.79541,614,2,0
2026-06-12 13:15:00,0.79541,0.79645,0.79538,0.79597,758,1,0
2026-06-12 13:30:00,0.79597,0.79611,0.79548,0.79576,660,2,0
2026-06-12 13:45:00,0.79576,0.7962,0.79559,0.79605,507,2,0
2026-06-12 14:00:00,0.79605,0.79656,0.79603,0.79625,516,2,0
2026-06-12 14:15:00,0.79625,0.79629,0.7959,0.79607,465,2,0
2026-06-12 14:30:00,0.79607,0.79626,0.79565,0.79572,553,2,0
2026-06-12 14:45:00,0.79572,0.7963,0.7957,0.79624,525,2,0
2026-06-12 15:00:00,0.79624,0.7968,0.79617,0.79672,790,2,0
2026-06-12 15:15:00,0.79672,0.79733,0.79665,0.79729,622,2,0
2026-06-12 15:30:00,0.79729,0.79731,0.79702,0.79727,676,0,0
2026-06-12 15:45:00,0.79727,0.79752,0.79705,0.79713,744,2,0
2026-06-12 16:00:00,0.79713,0.79726,0.79661,0.79693,816,2,0
2026-06-12 16:15:00,0.79693,0.79701,0.79624,0.79624,934,0,0
2026-06-12 16:30:00,0.79624,0.7974,0.79596,0.79724,2205,0,0
2026-06-12 16:45:00,0.79724,0.79736,0.79686,0.79731,2639,0,0
2026-06-12 17:00:00,0.79731,0.79742,0.79673,0.79687,3092,0,0
2026-06-12 17:15:00,0.79687,0.7976,0.79679,0.79728,3281,0,0
2026-06-12 17:30:00,0.79729,0.79731,0.79659,0.79696,3136,0,0
2026-06-12 17:45:00,0.79696,0.79747,0.7962,0.79652,4307,0,0
2026-06-12 18:00:00,0.79652,0.79665,0.79622,0.79631,3427,0,0
2026-06-12 18:15:00,0.79631,0.79647,0.79583,0.7959,3051,0,0
2026-06-12 18:30:00,0.7959,0.79649,0.79583,0.79632,3137,0,0
2026-06-12 18:45:00,0.79632,0.79646,0.79619,0.79643,2869,0,0
2026-06-12 19:00:00,0.79643,0.7968,0.796,0.7964,2759,0,0
2026-06-12 19:15:00,0.7964,0.79664,0.79611,0.79649,2077,0,0
2026-06-12 19:30:00,0.79649,0.79685,0.79624,0.79683,2348,0,0
2026-06-12 19:45:00,0.79683,0.79687,0.7964,0.79653,2457,0,0
2026-06-12 20:00:00,0.79653,0.79659,0.79617,0.79642,2395,0,0
2026-06-12 20:15:00,0.79642,0.79651,0.79624,0.79628,1715,0,0
2026-06-12 20:30:00,0.79628,0.79654,0.79626,0.79646,1408,0,0
2026-06-12 20:45:00,0.79646,0.79673,0.79645,0.79669,1192,0,0
2026-06-12 21:00:00,0.79669,0.79682,0.79657,0.79667,1135,0,0
2026-06-12 21:15:00,0.79667,0.79669,0.79648,0.79655,1306,0,0
2026-06-12 21:30:00,0.79655,0.79655,0.79629,0.79633,916,0,0
2026-06-12 21:45:00,0.79632,0.79676,0.79627,0.79668,1140,0,0
2026-06-12 22:00:00,0.79668,0.79684,0.79635,0.79653,984,0,0
2026-06-12 22:15:00,0.79653,0.79657,0.79637,0.79648,950,0,0
2026-06-12 22:30:00,0.79648,0.79683,0.79646,0.7968,1387,0,0
2026-06-12 22:45:00,0.7968,0.79698,0.79664,0.79675,1419,0,0
2026-06-12 23:00:00,0.79676,0.79689,0.79669,0.79681,1053,0,0
2026-06-12 23:15:00,0.79681,0.79691,0.79668,0.79685,812,0,0
2026-06-12 23:30:00,0.79685,0.79706,0.79682,0.79702,995,0,0
2026-06-12 23:45:00,0.79702,0.79715,0.79683,0.79709,1597,0,0
2026-06-15 00:00:00,0.7952,0.79631,0.7952,0.79615,1879,50,0
2026-06-15 00:15:00,0.79615,0.79637,0.79545,0.7955,289,52,0
2026-06-15 00:30:00,0.79556,0.79574,0.79465,0.79479,669,16,0
2026-06-15 00:45:00,0.79479,0.79484,0.79416,0.79435,1501,20,0
2026-06-15 01:00:00,0.79435,0.7948,0.79315,0.79357,2201,0,0
2026-06-15 01:15:00,0.79357,0.79392,0.79324,0.79377,1819,0,0
2026-06-15 01:30:00,0.79377,0.79406,0.79352,0.79371,2660,0,0
2026-06-15 01:45:00,0.79371,0.7938,0.79346,0.79369,1406,0,0
2026-06-15 02:00:00,0.79369,0.79409,0.79363,0.79396,2065,0,0
2026-06-15 02:15:00,0.79395,0.79411,0.79379,0.79399,1975,0,0
2026-06-15 02:30:00,0.79399,0.7941,0.79372,0.79378,1758,0,0
2026-06-15 02:45:00,0.79377,0.79403,0.79358,0.79395,2832,0,0
2026-06-15 03:00:00,0.79395,0.79396,0.79327,0.79331,3373,0,0
2026-06-15 03:15:00,0.79331,0.79375,0.79324,0.79373,2608,0,0
2026-06-15 03:30:00,0.79373,0.79396,0.79365,0.79392,1897,0,0
2026-06-15 03:45:00,0.79392,0.7946,0.7939,0.79455,2375,0,0
2026-06-15 04:00:00,0.79455,0.79481,0.79438,0.79452,2343,0,0
2026-06-15 04:15:00,0.79452,0.79462,0.7943,0.7945,1669,0,0
2026-06-15 04:30:00,0.7945,0.79476,0.79448,0.79473,1372,0,0
2026-06-15 04:45:00,0.79473,0.7948,0.79432,0.79462,977,0,0
2026-06-15 05:00:00,0.79462,0.79472,0.7944,0.79466,1508,0,0
2026-06-15 05:15:00,0.79466,0.79469,0.79435,0.79443,1023,0,0
2026-06-15 05:30:00,0.79443,0.79445,0.79405,0.79418,1246,0,0
2026-06-15 05:45:00,0.79418,0.79431,0.79416,0.79419,1320,0,0
2026-06-15 06:00:00,0.79419,0.79424,0.79407,0.79421,1820,0,0
2026-06-15 06:15:00,0.79421,0.79421,0.794,0.79401,1859,0,0
2026-06-15 06:30:00,0.79401,0.79409,0.79376,0.79386,1402,0,0
2026-06-15 06:45:00,0.79386,0.79388,0.79371,0.79381,1147,0,0
2026-06-15 07:00:00,0.79381,0.79399,0.79378,0.79383,1094,0,0
2026-06-15 07:15:00,0.79382,0.79388,0.7936,0.79361,928,0,0
2026-06-15 07:30:00,0.79361,0.79368,0.79345,0.79347,850,0,0
2026-06-15 07:45:00,0.79347,0.79349,0.7933,0.79339,726,0,0
2026-06-15 08:00:00,0.79339,0.79342,0.79287,0.79299,1135,0,0
2026-06-15 08:15:00,0.793,0.79304,0.79282,0.79288,1306,0,0
2026-06-15 08:30:00,0.79288,0.79331,0.7928,0.7933,1230,0,0
2026-06-15 08:45:00,0.7933,0.79338,0.79283,0.79295,1510,0,0
2026-06-15 09:00:00,0.79295,0.79374,0.79291,0.7936,1588,0,0
2026-06-15 09:15:00,0.7936,0.79403,0.7935,0.79398,1501,0,0
2026-06-15 09:30:00,0.79398,0.79456,0.79383,0.79395,2821,0,0
2026-06-15 09:45:00,0.79395,0.79399,0.79372,0.79379,2064,0,0
2026-06-15 10:00:00,0.79379,0.79397,0.79306,0.79325,2927,0,0
2026-06-15 10:15:00,0.79325,0.79367,0.79292,0.79304,2633,0,0
2026-06-15 10:30:00,0.79304,0.79334,0.7929,0.79295,2092,0,0
2026-06-15 10:45:00,0.79295,0.7935,0.79288,0.79334,2118,0,0
2026-06-15 11:00:00,0.79334,0.79345,0.79301,0.79311,2019,0,0
2026-06-15 11:15:00,0.79311,0.79324,0.79293,0.79321,1848,0,0
2026-06-15 11:30:00,0.79321,0.79334,0.79295,0.7933,2091,0,0
2026-06-15 11:45:00,0.7933,0.79365,0.79321,0.79328,1891,0,0
2026-06-15 12:00:00,0.79326,0.79335,0.79258,0.79289,103,0,0
2026-06-15 12:15:00,0.79286,0.7934,0.79286,0.79321,99,0,0
2026-06-15 12:30:00,0.79318,0.79326,0.79286,0.79325,806,0,0
2026-06-15 12:45:00,0.79325,0.79332,0.79305,0.79314,1914,0,0
2026-06-15 13:00:00,0.79314,0.79348,0.7931,0.79318,1785,0,0
2026-06-15 13:15:00,0.79318,0.7932,0.79262,0.79268,1762,0,0
2026-06-15 13:30:00,0.79268,0.79276,0.79218,0.79231,1713,0,0
2026-06-15 13:45:00,0.79231,0.79283,0.79227,0.79276,2080,0,0
2026-06-15 14:00:00,0.79277,0.79281,0.79249,0.79272,1832,0,0
2026-06-15 14:15:00,0.79272,0.79326,0.79272,0.79322,2113,0,0
2026-06-15 14:30:00,0.79322,0.79346,0.79297,0.79337,2127,0,0
2026-06-15 14:45:00,0.79337,0.79343,0.79297,0.79341,1792,0,0
2026-06-15 15:00:00,0.79341,0.79366,0.79325,0.7936,2076,0,0
2026-06-15 15:15:00,0.7936,0.79383,0.79329,0.79329,2261,0,0
2026-06-15 15:30:00,0.79329,0.79339,0.79283,0.79283,2381,0,0
2026-06-15 15:45:00,0.79283,0.79295,0.79247,0.79274,2789,0,0
2026-06-15 16:00:00,0.79274,0.79298,0.79259,0.79276,2726,0,0
2026-06-15 16:15:00,0.79276,0.79282,0.79226,0.79231,2603,0,0
2026-06-15 16:30:00,0.79231,0.79273,0.79211,0.7923,4281,0,0
2026-06-15 16:45:00,0.7923,0.79252,0.79225,0.79238,2829,0,0
2026-06-15 17:00:00,0.79238,0.79291,0.79224,0.79274,2785,0,0
2026-06-15 17:15:00,0.79274,0.79283,0.79248,0.79257,2757,0,0
2026-06-15 17:30:00,0.79257,0.79321,0.79246,0.79313,2475,0,0
2026-06-15 17:45:00,0.79313,0.79315,0.79249,0.79267,3355,0,0
2026-06-15 18:00:00,0.79267,0.7931,0.79266,0.79307,2916,0,0
2026-06-15 18:15:00,0.79307,0.79338,0.793,0.79324,2159,0,0
2026-06-15 18:30:00,0.79324,0.79371,0.7932,0.7937,2429,0,0
2026-06-15 18:45:00,0.7937,0.79376,0.79354,0.79371,1873,0,0
2026-06-15 19:00:00,0.79371,0.79383,0.79348,0.79349,1703,0,0
2026-06-15 19:15:00,0.79349,0.79386,0.79341,0.79352,1812,0,0
2026-06-15 19:30:00,0.79352,0.79397,0.7935,0.79377,2061,0,0
2026-06-15 19:45:00,0.79377,0.79385,0.79347,0.79363,1868,0,0
2026-06-15 20:00:00,0.79363,0.79381,0.79358,0.79364,1889,0,0
2026-06-15 20:15:00,0.79364,0.79392,0.79354,0.79365,1667,0,0
2026-06-15 20:30:00,0.79365,0.7939,0.79363,0.79377,1546,0,0
2026-06-15 20:45:00,0.79377,0.79386,0.79368,0.79381,1526,0,0
2026-06-15 21:00:00,0.79381,0.79388,0.79353,0.79365,1795,0,0
2026-06-15 21:15:00,0.79365,0.79392,0.79359,0.79391,1682,0,0
2026-06-15 21:30:00,0.79391,0.79407,0.79387,0.79389,2132,0,0
2026-06-15 21:45:00,0.79389,0.79406,0.79374,0.794,1731,0,0
2026-06-15 22:00:00,0.794,0.79446,0.79395,0.79446,1754,0,0
2026-06-15 22:15:00,0.79446,0.79447,0.79418,0.79441,1599,0,0
2026-06-15 22:30:00,0.79441,0.79447,0.79422,0.79432,1797,0,0
2026-06-15 22:45:00,0.79432,0.79492,0.7942,0.79487,2224,0,0
2026-06-15 23:00:00,0.79487,0.79495,0.79457,0.79458,1332,0,0
2026-06-15 23:15:00,0.79459,0.79472,0.79453,0.7946,819,0,0
2026-06-15 23:30:00,0.7946,0.79483,0.79456,0.79477,1075,0,0
2026-06-15 23:45:00,0.79477,0.79487,0.79461,0.79461,1281,0,0
2026-06-16 00:00:00,0.79461,0.79461,0.79294,0.79429,1224,0,0
2026-06-16 00:15:00,0.79429,0.79458,0.79428,0.79456,87,30,0
2026-06-16 00:30:00,0.79456,0.7948,0.79456,0.79467,328,3,0
2026-06-16 00:45:00,0.79467,0.79489,0.79375,0.79411,2214,6,0
2026-06-16 01:00:00,0.79411,0.79475,0.79411,0.79468,887,0,0
2026-06-16 01:15:00,0.79468,0.79496,0.79466,0.79485,623,0,0
2026-06-16 01:30:00,0.79485,0.79485,0.79469,0.79469,571,0,0
2026-06-16 01:45:00,0.79469,0.79476,0.79463,0.7947,478,0,0
2026-06-16 02:00:00,0.7947,0.79472,0.79455,0.79459,702,0,0
2026-06-16 02:15:00,0.79459,0.79467,0.79444,0.7945,383,0,0
2026-06-16 02:30:00,0.7945,0.79453,0.79436,0.79437,462,0,0
2026-06-16 02:45:00,0.79437,0.79458,0.79433,0.79455,817,0,0
2026-06-16 03:00:00,0.79454,0.79463,0.79437,0.79461,1090,0,0
2026-06-16 03:15:00,0.79461,0.79483,0.79456,0.79474,1289,0,0
2026-06-16 03:30:00,0.79474,0.79478,0.79449,0.79454,1352,0,0
2026-06-16 03:45:00,0.79454,0.79484,0.79438,0.79444,1640,0,0
2026-06-16 04:00:00,0.79444,0.79463,0.79418,0.79452,2478,0,0
2026-06-16 04:15:00,0.79452,0.79474,0.7945,0.79458,1563,0,0
2026-06-16 04:30:00,0.79458,0.79484,0.7944,0.79474,1679,0,0
2026-06-16 04:45:00,0.79474,0.79493,0.79452,0.79487,1135,0,0
2026-06-16 05:00:00,0.79487,0.7951,0.79483,0.79502,1157,0,0
2026-06-16 05:15:00,0.79502,0.79524,0.79494,0.79503,1104,0,0
2026-06-16 05:30:00,0.79502,0.79502,0.79473,0.79488,855,0,0
2026-06-16 05:45:00,0.79488,0.79505,0.79486,0.79495,1370,0,0
2026-06-16 06:00:00,0.79495,0.7952,0.7949,0.79503,1839,0,0
2026-06-16 06:15:00,0.79503,0.79525,0.79492,0.7951,1951,0,0
2026-06-16 06:30:00,0.7951,0.7951,0.79493,0.79499,1501,0,0
2026-06-16 06:45:00,0.79499,0.79511,0.79484,0.79508,1417,0,0
2026-06-16 07:00:00,0.79508,0.7957,0.79499,0.79565,2033,0,0
2026-06-16 07:15:00,0.79565,0.79593,0.79558,0.79575,1630,0,0
2026-06-16 07:30:00,0.79575,0.79587,0.79555,0.79577,1803,0,0
2026-06-16 07:45:00,0.79577,0.79587,0.79564,0.79568,1595,0,0
2026-06-16 08:00:00,0.79568,0.79568,0.79547,0.79562,1195,0,0
2026-06-16 08:15:00,0.79562,0.79567,0.79543,0.79545,801,0,0
2026-06-16 08:30:00,0.79545,0.79569,0.79531,0.79565,1441,0,0
2026-06-16 08:45:00,0.79565,0.79578,0.79549,0.79576,2014,0,0
2026-06-16 09:00:00,0.79577,0.79599,0.79556,0.79576,1732,0,0
2026-06-16 09:15:00,0.79576,0.7959,0.79553,0.79557,1669,0,0
2026-06-16 09:30:00,0.79557,0.79569,0.79516,0.79541,2098,0,0
2026-06-16 09:45:00,0.79541,0.79542,0.7949,0.79491,1350,0,0
2026-06-16 10:00:00,0.79491,0.79525,0.7948,0.79504,2045,0,0
2026-06-16 10:15:00,0.79504,0.7953,0.79481,0.79501,1818,0,0
2026-06-16 10:30:00,0.79501,0.7952,0.79482,0.79495,1696,0,0
2026-06-16 10:45:00,0.79495,0.79509,0.79478,0.79488,1619,0,0
2026-06-16 11:00:00,0.79486,0.79512,0.79466,0.79476,1890,0,0
2026-06-16 11:15:00,0.79476,0.79513,0.79475,0.79492,1890,0,0
2026-06-16 11:30:00,0.79492,0.79507,0.79475,0.79493,1708,0,0
2026-06-16 11:45:00,0.79493,0.79502,0.79449,0.7946,1562,0,0
2026-06-16 12:00:00,0.7946,0.79476,0.79444,0.79466,2230,0,0
2026-06-16 12:15:00,0.79466,0.79533,0.79463,0.79523,1698,0,0
2026-06-16 12:30:00,0.79523,0.79525,0.79491,0.79514,1423,0,0
2026-06-16 12:45:00,0.79514,0.79522,0.79477,0.79486,1499,0,0
2026-06-16 13:00:00,0.79486,0.7949,0.79425,0.79433,1562,0,0
2026-06-16 13:15:00,0.79432,0.79447,0.79401,0.7944,1824,0,0
2026-06-16 13:30:00,0.7944,0.7945,0.794,0.79407,1835,0,0
2026-06-16 13:45:00,0.79407,0.79429,0.79401,0.79407,1637,0,0
2026-06-16 14:00:00,0.79407,0.79441,0.79406,0.79437,1347,0,0
2026-06-16 14:15:00,0.79437,0.79478,0.79437,0.79473,1164,0,0
2026-06-16 14:30:00,0.79473,0.79526,0.79457,0.79514,1363,0,0
2026-06-16 14:45:00,0.79514,0.79524,0.79493,0.79517,1805,0,0
2026-06-16 15:00:00,0.79517,0.79556,0.79514,0.79534,2177,0,0
2026-06-16 15:15:00,0.79534,0.79576,0.7953,0.79551,1583,0,0
2026-06-16 15:30:00,0.79551,0.79561,0.79494,0.79502,1750,0,0
2026-06-16 15:45:00,0.79502,0.79533,0.79496,0.79501,1903,0,0
2026-06-16 16:00:00,0.79501,0.79507,0.79481,0.79492,2026,0,0
2026-06-16 16:15:00,0.79492,0.79573,0.79489,0.79551,1747,0,0
2026-06-16 16:30:00,0.79551,0.79556,0.79415,0.79432,2969,0,0
2026-06-16 16:45:00,0.79432,0.7949,0.7942,0.7947,2955,0,0
2026-06-16 17:00:00,0.79472,0.79489,0.79414,0.79428,3029,0,0
2026-06-16 17:15:00,0.79428,0.79448,0.79338,0.79392,2894,0,0
2026-06-16 17:30:00,0.79392,0.79465,0.79377,0.79405,2695,0,0
2026-06-16 17:45:00,0.79405,0.7941,0.79307,0.7932,3451,0,0
2026-06-16 18:00:00,0.7932,0.79385,0.79317,0.79375,2730,0,0
2026-06-16 18:15:00,0.79375,0.79384,0.79343,0.79358,2017,0,0
2026-06-16 18:30:00,0.79358,0.79367,0.79311,0.79331,2521,0,0
2026-06-16 18:45:00,0.79331,0.79363,0.79243,0.79281,3413,0,0
2026-06-16 19:00:00,0.79281,0.79297,0.79248,0.79253,2824,0,0
2026-06-16 19:15:00,0.79253,0.79256,0.79215,0.79237,2616,0,0
2026-06-16 19:30:00,0.79237,0.79264,0.79229,0.79258,2528,0,0
2026-06-16 19:45:00,0.79258,0.79277,0.7925,0.79267,2046,0,0
2026-06-16 20:00:00,0.79267,0.7928,0.79258,0.79267,2145,0,0
2026-06-16 20:15:00,0.79267,0.79288,0.79257,0.79278,1781,0,0
2026-06-16 20:30:00,0.79278,0.79298,0.79274,0.79283,1941,0,0
2026-06-16 20:45:00,0.79284,0.79304,0.79279,0.79294,1648,0,0
2026-06-16 21:00:00,0.79294,0.79305,0.79268,0.79291,1951,0,0
2026-06-16 21:15:00,0.79291,0.79306,0.79289,0.79299,1858,0,0
2026-06-16 21:30:00,0.79299,0.79329,0.79293,0.79324,2038,0,0
2026-06-16 21:45:00,0.79324,0.79331,0.79302,0.79314,1714,0,0
2026-06-16 22:00:00,0.79314,0.79321,0.79292,0.79308,1424,0,0
2026-06-16 22:15:00,0.79308,0.79313,0.79302,0.79305,1399,0,0
2026-06-16 22:30:00,0.79305,0.7934,0.79305,0.79332,1668,0,0
2026-06-16 22:45:00,0.79332,0.79345,0.7932,0.79327,1871,0,0
2026-06-16 23:00:00,0.79327,0.7934,0.79317,0.79333,1096,0,0
2026-06-16 23:15:00,0.79333,0.79334,0.7932,0.79325,530,0,0
2026-06-16 23:30:00,0.79325,0.79341,0.79323,0.79333,706,0,0
2026-06-16 23:45:00,0.79333,0.79335,0.79302,0.79305,1570,0,0
2026-06-17 00:00:00,0.79305,0.79305,0.79249,0.79279,332,24,0
2026-06-17 00:15:00,0.79279,0.79297,0.79269,0.79281,216,33,0
2026-06-17 00:30:00,0.79281,0.79322,0.79277,0.79308,211,24,0
2026-06-17 00:45:00,0.79308,0.79315,0.79292,0.79296,122,29,0
2026-06-17 01:00:00,0.79296,0.7931,0.79292,0.793,1056,0,0
2026-06-17 01:15:00,0.79299,0.79302,0.79292,0.79292,858,0,0
2026-06-17 01:30:00,0.79292,0.79295,0.79287,0.79293,527,0,0
2026-06-17 01:45:00,0.79293,0.79296,0.79285,0.79288,476,0,0
2026-06-17 02:00:00,0.79288,0.79297,0.79285,0.79288,1139,0,0
2026-06-17 02:15:00,0.79288,0.79293,0.79274,0.79275,458,0,0
2026-06-17 02:30:00,0.79275,0.793,0.79274,0.7929,514,0,0
2026-06-17 02:45:00,0.79292,0.79324,0.79288,0.79317,1729,0,0
2026-06-17 03:00:00,0.79315,0.79328,0.7928,0.79285,3465,0,0
2026-06-17 03:15:00,0.79285,0.79287,0.7925,0.79255,2190,0,0
2026-06-17 03:30:00,0.79255,0.79265,0.79241,0.79248,2782,0,0
2026-06-17 03:45:00,0.79247,0.79275,0.79245,0.79251,1837,0,0
2026-06-17 04:00:00,0.79251,0.7926,0.79223,0.79248,2103,0,0
2026-06-17 04:15:00,0.79248,0.79275,0.79247,0.79272,1602,0,0
2026-06-17 04:30:00,0.79272,0.79291,0.79256,0.79258,1301,0,0
2026-06-17 04:45:00,0.79258,0.79275,0.79252,0.79259,1050,0,0
2026-06-17 05:00:00,0.79259,0.79264,0.79242,0.79248,721,0,0
2026-06-17 05:15:00,0.79248,0.79258,0.79219,0.79224,770,0,0
2026-06-17 05:30:00,0.79224,0.7924,0.79222,0.79235,893,0,0
2026-06-17 05:45:00,0.79235,0.79262,0.79235,0.79259,876,0,0
2026-06-17 06:00:00,0.79259,0.79265,0.7924,0.79245,728,0,0
2026-06-17 06:15:00,0.79245,0.79261,0.79237,0.7924,744,0,0
2026-06-17 06:30:00,0.7924,0.79242,0.79227,0.79241,1145,0,0
2026-06-17 06:45:00,0.7924,0.79252,0.79238,0.79249,1237,0,0
2026-06-17 07:00:00,0.79249,0.79254,0.79219,0.79224,994,0,0
2026-06-17 07:15:00,0.79224,0.7923,0.79211,0.79228,1037,0,0
2026-06-17 07:30:00,0.79228,0.79234,0.7922,0.79222,854,0,0
2026-06-17 07:45:00,0.79222,0.79225,0.792,0.79208,722,0,0
2026-06-17 08:00:00,0.79208,0.79212,0.79187,0.792,670,0,0
2026-06-17 08:15:00,0.792,0.79201,0.79178,0.79193,777,0,0
2026-06-17 08:30:00,0.79193,0.792,0.7918,0.79188,1117,0,0
2026-06-17 08:45:00,0.79187,0.79208,0.79174,0.79204,1096,0,0
2026-06-17 09:00:00,0.79203,0.79222,0.79145,0.7916,1272,0,0
2026-06-17 09:15:00,0.7916,0.7923,0.79152,0.79226,1431,0,0
2026-06-17 09:30:00,0.79226,0.79244,0.79202,0.79204,1999,0,0
2026-06-17 09:45:00,0.79206,0.79214,0.79171,0.79173,2292,0,0
2026-06-17 10:00:00,0.79173,0.79192,0.79121,0.79121,2134,0,0
2026-06-17 10:15:00,0.79121,0.79142,0.79099,0.79136,2271,0,0
2026-06-17 10:30:00,0.79136,0.79158,0.79105,0.79124,2134,0,0
2026-06-17 10:45:00,0.79124,0.79144,0.79113,0.79115,1668,0,0
2026-06-17 11:00:00,0.79115,0.79159,0.79105,0.79141,1924,0,0
2026-06-17 11:15:00,0.79141,0.79226,0.79138,0.79189,2019,0,0
2026-06-17 11:30:00,0.79189,0.7921,0.79182,0.79199,2374,0,0
2026-06-17 11:45:00,0.79199,0.79206,0.79173,0.79187,2216,0,0
2026-06-17 12:00:00,0.79188,0.79199,0.79159,0.7917,1704,0,0
2026-06-17 12:15:00,0.7917,0.79172,0.79123,0.79142,1814,0,0
2026-06-17 12:30:00,0.7914,0.79157,0.79129,0.79154,1456,0,0
2026-06-17 12:45:00,0.79154,0.79165,0.79138,0.79149,1534,0,0
2026-06-17 13:00:00,0.79149,0.79181,0.79145,0.79168,1825,0,0
2026-06-17 13:15:00,0.79168,0.7922,0.79166,0.79215,1756,0,0
2026-06-17 13:30:00,0.79215,0.79218,0.79197,0.79208,1367,0,0
2026-06-17 13:45:00,0.79208,0.7925,0.79192,0.79227,1524,0,0
2026-06-17 14:00:00,0.79227,0.7928,0.79219,0.79268,1791,0,0
2026-06-17 14:15:00,0.79268,0.79296,0.79243,0.79291,1460,0,0
2026-06-17 14:30:00,0.79291,0.79337,0.79289,0.7932,2005,0,0
2026-06-17 14:45:00,0.79319,0.79325,0.79288,0.79289,1932,0,0
2026-06-17 15:00:00,0.79289,0.79308,0.79267,0.793,1996,0,0
2026-06-17 15:15:00,0.793,0.79309,0.79256,0.79269,1697,0,0
2026-06-17 15:30:00,0.79269,0.79291,0.79238,0.79255,1496,0,0
2026-06-17 15:45:00,0.79255,0.79261,0.79228,0.79235,1494,0,0
2026-06-17 16:00:00,0.79235,0.79274,0.79232,0.79257,2151,0,0
2026-06-17 16:15:00,0.79257,0.79293,0.79249,0.79291,2090,0,0
2026-06-17 16:30:00,0.79291,0.79301,0.79249,0.79259,3037,0,0
2026-06-17 16:45:00,0.79259,0.79268,0.79218,0.79254,2935,0,0
2026-06-17 17:00:00,0.79254,0.79298,0.79249,0.79293,2716,0,0
2026-06-17 17:15:00,0.79293,0.79338,0.7929,0.79309,2622,0,0
2026-06-17 17:30:00,0.79309,0.7933,0.79283,0.79305,2795,0,0
2026-06-17 17:45:00,0.79305,0.79398,0.79277,0.79308,4172,0,0
2026-06-17 18:00:00,0.79308,0.79345,0.79304,0.79333,2406,0,0
2026-06-17 18:15:00,0.79333,0.7934,0.79295,0.79313,1730,0,0
2026-06-17 18:30:00,0.79312,0.79336,0.79305,0.79318,1426,0,0
2026-06-17 18:45:00,0.7932,0.79341,0.79286,0.793,1785,0,0
2026-06-17 19:00:00,0.793,0.79339,0.79292,0.79333,1912,0,0
2026-06-17 19:15:00,0.79333,0.79345,0.79317,0.79321,1464,0,0
2026-06-17 19:30:00,0.79321,0.79349,0.7932,0.79338,1782,0,0
2026-06-17 19:45:00,0.79338,0.7934,0.79314,0.79324,1346,0,0
2026-06-17 20:00:00,0.79324,0.79353,0.79315,0.79332,1778,0,0
2026-06-17 20:15:00,0.79332,0.79339,0.79317,0.79322,1662,0,0
2026-06-17 20:30:00,0.79322,0.79328,0.79301,0.79303,1669,0,0
2026-06-17 20:45:00,0.79303,0.79305,0.79253,0.79261,1899,0,0
2026-06-17 21:00:00,0.79261,0.7969,0.79259,0.79672,7324,0,0
2026-06-17 21:15:00,0.79672,0.79674,0.7957,0.79634,5553,0,0
2026-06-17 21:30:00,0.79634,0.79752,0.79476,0.79513,7831,0,0
2026-06-17 21:45:00,0.79513,0.7974,0.79512,0.79718,6054,0,0
2026-06-17 22:00:00,0.79717,0.79969,0.79694,0.79883,7688,0,0
2026-06-17 22:15:00,0.79883,0.80059,0.7988,0.80057,5293,0,0
2026-06-17 22:30:00,0.80057,0.80155,0.80038,0.80105,5667,0,0
2026-06-17 22:45:00,0.80105,0.80117,0.80028,0.80053,4727,0,0
2026-06-17 23:00:00,0.80053,0.80096,0.80029,0.80056,2767,0,0
2026-06-17 23:15:00,0.80056,0.80074,0.79994,0.79999,1860,0,0
2026-06-17 23:30:00,0.79999,0.80001,0.79939,0.79961,1382,0,0
2026-06-17 23:45:00,0.79961,0.79986,0.79948,0.7996,2115,0,0
2026-06-18 00:00:00,0.79953,0.80023,0.79905,0.79917,3227,29,0
2026-06-18 00:15:00,0.79918,0.79946,0.79897,0.79913,6044,31,0
2026-06-18 00:30:00,0.79913,0.79956,0.79898,0.79937,1034,28,0
2026-06-18 00:45:00,0.79937,0.79962,0.79902,0.79904,1786,23,0
2026-06-18 01:00:00,0.7991,0.79987,0.7991,0.79977,2771,0,0
2026-06-18 01:15:00,0.79977,0.79993,0.7997,0.79987,1275,0,0
2026-06-18 01:30:00,0.79986,0.79991,0.79958,0.79972,688,0,0
2026-06-18 01:45:00,0.79971,0.79987,0.79966,0.79972,806,0,0
2026-06-18 02:00:00,0.79972,0.79975,0.79939,0.79941,473,0,0
2026-06-18 02:15:00,0.79941,0.79951,0.79929,0.79947,604,0,0
2026-06-18 02:30:00,0.79947,0.79968,0.79941,0.79943,671,0,0
2026-06-18 02:45:00,0.79943,0.79952,0.7993,0.79942,1036,0,0
2026-06-18 03:00:00,0.79942,0.79944,0.79819,0.7988,3791,0,0
2026-06-18 03:15:00,0.7988,0.79939,0.79869,0.79927,2323,0,0
2026-06-18 03:30:00,0.79927,0.79931,0.79897,0.79911,2269,0,0
2026-06-18 03:45:00,0.79913,0.79927,0.79869,0.79885,2491,0,0
2026-06-18 04:00:00,0.79885,0.7989,0.79839,0.79847,3085,0,0
2026-06-18 04:15:00,0.79847,0.79861,0.79827,0.79833,2025,0,0
2026-06-18 04:30:00,0.79832,0.7985,0.79825,0.79833,2328,0,0
2026-06-18 04:45:00,0.79833,0.79884,0.79831,0.79881,2796,0,0
2026-06-18 05:00:00,0.79881,0.79897,0.79866,0.79893,2291,0,0
2026-06-18 05:15:00,0.79893,0.79909,0.79886,0.79887,2011,0,0
2026-06-18 05:30:00,0.79887,0.79897,0.79864,0.79866,1784,0,0
2026-06-18 05:45:00,0.79866,0.79883,0.79861,0.7988,1315,0,0
2026-06-18 06:00:00,0.7988,0.79892,0.79872,0.79874,1785,0,0
2026-06-18 06:15:00,0.79874,0.79884,0.79851,0.79857,1188,0,0
2026-06-18 06:30:00,0.79857,0.79877,0.79846,0.79866,1222,0,0
2026-06-18 06:45:00,0.79866,0.79872,0.79858,0.79864,984,0,0
2026-06-18 07:00:00,0.79864,0.79892,0.79845,0.79889,1116,0,0
2026-06-18 07:15:00,0.79889,0.7989,0.7987,0.79874,1520,0,0
2026-06-18 07:30:00,0.79874,0.79883,0.79833,0.79843,1300,0,0
2026-06-18 07:45:00,0.79843,0.79851,0.79822,0.79849,1383,0,0
2026-06-18 08:00:00,0.79849,0.79873,0.7984,0.79866,1562,0,0
2026-06-18 08:15:00,0.79866,0.79906,0.79861,0.79902,1448,0,0
2026-06-18 08:30:00,0.79902,0.79931,0.79891,0.79903,1271,0,0
2026-06-18 08:45:00,0.79903,0.79958,0.799,0.79953,1354,0,0
2026-06-18 09:00:00,0.79953,0.79954,0.7986,0.79869,2841,0,0
2026-06-18 09:15:00,0.79869,0.79912,0.79847,0.79847,2211,0,0
2026-06-18 09:30:00,0.79847,0.79894,0.79838,0.79843,1985,0,0
2026-06-18 09:45:00,0.79843,0.79903,0.79843,0.79893,2441,0,0
2026-06-18 10:00:00,0.79891,0.79951,0.79873,0.79927,2607,0,0
2026-06-18 10:15:00,0.79927,0.7997,0.79911,0.79911,1954,0,0
2026-06-18 10:30:00,0.79911,0.80078,0.79903,0.79961,2404,0,0
2026-06-18 10:45:00,0.79961,0.80009,0.79918,0.79997,3089,0,0
2026-06-18 11:00:00,0.79997,0.80064,0.79984,0.8006,2769,0,0
2026-06-18 11:15:00,0.8006,0.80168,0.8005,0.8015,2293,0,0
2026-06-18 11:30:00,0.8015,0.80231,0.80138,0.8023,2585,0,0
2026-06-18 11:45:00,0.80229,0.80259,0.80213,0.80245,2612,0,0
2026-06-18 12:00:00,0.80245,0.80269,0.80202,0.80258,3789,0,0
2026-06-18 12:15:00,0.80258,0.80264,0.80228,0.80253,2407,0,0
2026-06-18 12:30:00,0.80253,0.80262,0.80208,0.8023,2139,0,0
2026-06-18 12:45:00,0.8023,0.80281,0.80218,0.80262,2435,0,0
2026-06-18 13:00:00,0.80261,0.80405,0.80256,0.80317,2973,0,0
2026-06-18 13:15:00,0.80317,0.80331,0.80262,0.80286,2463,0,0
2026-06-18 13:30:00,0.80286,0.80367,0.8027,0.80364,2682,0,0
2026-06-18 13:45:00,0.80364,0.80382,0.80347,0.80377,2099,0,0
2026-06-18 14:00:00,0.80377,0.80417,0.80335,0.80395,2932,0,0
2026-06-18 14:15:00,0.80395,0.80468,0.80379,0.80408,3137,0,0
2026-06-18 14:30:00,0.80408,0.80431,0.80372,0.80425,2910,0,0
2026-06-18 14:45:00,0.80425,0.80485,0.80418,0.80471,2098,0,0
2026-06-18 15:00:00,0.80471,0.80501,0.80358,0.80369,3234,0,0
2026-06-18 15:15:00,0.80369,0.80407,0.80285,0.80344,2872,0,0
2026-06-18 15:30:00,0.80344,0.80411,0.80335,0.80404,1751,0,0
2026-06-18 15:45:00,0.80405,0.80405,0.80345,0.80366,1748,0,0
2026-06-18 16:00:00,0.80366,0.80414,0.80352,0.80356,2535,0,0
2026-06-18 16:15:00,0.80356,0.80452,0.80347,0.80366,2758,0,0
2026-06-18 16:30:00,0.80366,0.80367,0.80256,0.80304,3917,0,0
2026-06-18 16:45:00,0.80304,0.80352,0.80304,0.80336,3637,0,0
2026-06-18 17:00:00,0.80336,0.80382,0.80301,0.80351,3541,0,0
2026-06-18 17:15:00,0.80352,0.80377,0.80272,0.803,3890,0,0
2026-06-18 17:30:00,0.803,0.80336,0.80291,0.80308,3393,0,0
2026-06-18 17:45:00,0.80308,0.80312,0.80213,0.80226,3288,0,0
2026-06-18 18:00:00,0.80226,0.8031,0.80209,0.80308,3784,0,0
2026-06-18 18:15:00,0.80308,0.80332,0.80268,0.80316,2762,0,0
2026-06-18 18:30:00,0.80316,0.80375,0.80309,0.80352,3303,0,0
2026-06-18 18:45:00,0.80352,0.80407,0.80337,0.80404,2786,0,0
2026-06-18 19:00:00,0.80404,0.80444,0.80376,0.8044,3417,0,0
2026-06-18 19:15:00,0.8044,0.80473,0.80412,0.80424,2696,0,0
2026-06-18 19:30:00,0.80424,0.8047,0.8042,0.8044,2698,0,0
2026-06-18 19:45:00,0.8044,0.80487,0.80434,0.80452,2331,0,0
2026-06-18 20:00:00,0.80452,0.80467,0.80418,0.80432,2151,0,0
2026-06-18 20:15:00,0.80432,0.80438,0.80408,0.80433,1743,0,0
2026-06-18 20:30:00,0.80433,0.80483,0.8043,0.80477,1875,0,0
2026-06-18 20:45:00,0.80477,0.80493,0.80474,0.8049,1794,0,0
2026-06-18 21:00:00,0.8049,0.80522,0.80474,0.8048,2046,0,0
2026-06-18 21:15:00,0.8048,0.80501,0.80466,0.80491,2104,0,0
2026-06-18 21:30:00,0.8049,0.80501,0.80473,0.80478,1526,0,0
2026-06-18 21:45:00,0.80478,0.8052,0.80469,0.80512,2015,0,0
2026-06-18 22:00:00,0.80511,0.80558,0.80505,0.80538,2700,0,0
2026-06-18 22:15:00,0.80538,0.80622,0.80537,0.80596,2291,0,0
2026-06-18 22:30:00,0.80596,0.80596,0.80519,0.80525,2403,0,0
2026-06-18 22:45:00,0.80525,0.80527,0.80451,0.80481,2490,0,0
2026-06-18 23:00:00,0.80481,0.80501,0.80403,0.80403,1377,0,0
2026-06-18 23:15:00,0.80403,0.80434,0.80393,0.80417,895,0,0
2026-06-18 23:30:00,0.80417,0.80443,0.80389,0.80443,824,0,0
2026-06-18 23:45:00,0.80443,0.8047,0.80436,0.80436,1700,0,0
2026-06-19 00:00:00,0.80436,0.80475,0.80342,0.80456,154,20,0
2026-06-19 00:15:00,0.80456,0.80469,0.80396,0.80406,86,64,0
2026-06-19 00:30:00,0.80406,0.80461,0.80375,0.80447,372,37,0
2026-06-19 00:45:00,0.80447,0.80467,0.80402,0.80427,851,9,0
2026-06-19 01:00:00,0.80427,0.80466,0.80424,0.80447,1454,0,0
2026-06-19 01:15:00,0.80447,0.80461,0.80445,0.80451,1325,0,0
2026-06-19 01:30:00,0.80451,0.80455,0.80439,0.80439,710,0,0
2026-06-19 01:45:00,0.80439,0.80442,0.80425,0.80429,1198,0,0
2026-06-19 02:00:00,0.80429,0.80442,0.80424,0.80437,1079,0,0
2026-06-19 02:15:00,0.80437,0.80458,0.80432,0.80457,814,0,0
2026-06-19 02:30:00,0.80456,0.80472,0.80454,0.80472,827,0,0
2026-06-19 02:45:00,0.80472,0.80498,0.80466,0.80493,939,0,0
2026-06-19 03:00:00,0.80493,0.80496,0.80448,0.80478,2331,0,0
2026-06-19 03:15:00,0.80478,0.80489,0.80457,0.80485,1716,0,0
2026-06-19 03:30:00,0.80485,0.80485,0.80444,0.80464,1648,0,0
2026-06-19 03:45:00,0.80464,0.80471,0.80436,0.8047,1323,0,0
2026-06-19 04:00:00,0.8047,0.80471,0.80445,0.80465,1381,0,0
2026-06-19 04:15:00,0.80465,0.80499,0.8046,0.80482,1676,0,0
2026-06-19 04:30:00,0.80482,0.80524,0.80482,0.8052,1792,0,0
2026-06-19 04:45:00,0.80522,0.80578,0.80517,0.80571,1955,0,0
2026-06-19 05:00:00,0.80569,0.80582,0.80559,0.8056,1732,0,0
2026-06-19 05:15:00,0.8056,0.80576,0.80525,0.8053,1772,0,0
2026-06-19 05:30:00,0.8053,0.8055,0.80529,0.80543,1767,0,0
2026-06-19 05:45:00,0.80543,0.80588,0.80542,0.8058,1457,0,0
2026-06-19 06:00:00,0.8058,0.80624,0.80577,0.80618,1478,0,0
2026-06-19 06:15:00,0.80618,0.80674,0.80615,0.80671,2447,0,0
2026-06-19 06:30:00,0.80671,0.80694,0.80655,0.80664,2290,0,0
2026-06-19 06:45:00,0.80664,0.80699,0.80661,0.80692,1962,0,0
2026-06-19 07:00:00,0.80692,0.80739,0.80688,0.80716,1998,0,0
2026-06-19 07:15:00,0.80716,0.80776,0.80715,0.80766,1801,0,0
2026-06-19 07:30:00,0.80766,0.80792,0.80725,0.8079,1787,0,0
2026-06-19 07:45:00,0.8079,0.80853,0.80785,0.80835,1889,0,0
2026-06-19 08:00:00,0.80836,0.80886,0.80835,0.80872,2014,0,0
2026-06-19 08:15:00,0.80872,0.8092,0.80862,0.8087,2404,0,0
2026-06-19 08:30:00,0.8087,0.80875,0.80826,0.80852,2080,0,0
2026-06-19 08:45:00,0.80852,0.80855,0.80747,0.80775,1891,0,0
2026-06-19 09:00:00,0.80775,0.80796,0.80726,0.80736,2575,0,0
2026-06-19 09:15:00,0.80736,0.80755,0.80686,0.80704,1865,0,0
2026-06-19 09:30:00,0.80704,0.80768,0.80691,0.80728,2392,0,0
2026-06-19 09:45:00,0.80728,0.80741,0.80657,0.80662,1777,0,0
2026-06-19 10:00:00,0.80661,0.80679,0.80614,0.80666,2620,0,0
2026-06-19 10:15:00,0.80665,0.8072,0.8066,0.80699,2488,0,0
2026-06-19 10:30:00,0.80699,0.80733,0.80692,0.80718,1945,0,0
2026-06-19 10:45:00,0.80718,0.8077,0.80706,0.80752,1979,0,0
2026-06-19 11:00:00,0.80752,0.80765,0.80673,0.80704,2283,0,0
2026-06-19 11:15:00,0.80704,0.80715,0.80603,0.80645,1613,0,0
2026-06-19 11:30:00,0.80645,0.80657,0.80585,0.80603,2063,0,0
2026-06-19 11:45:00,0.80603,0.80622,0.80579,0.80579,1453,0,0
2026-06-19 12:00:00,0.80579,0.80608,0.80554,0.80563,1444,0,0
2026-06-19 12:15:00,0.80563,0.80595,0.80541,0.80589,1387,0,0
2026-06-19 12:30:00,0.80589,0.80594,0.80554,0.80562,1506,0,0
2026-06-19 12:45:00,0.80562,0.80583,0.80537,0.80574,1362,0,0
2026-06-19 13:00:00,0.80574,0.80596,0.8056,0.80591,1360,0,0
2026-06-19 13:15:00,0.80591,0.80657,0.80591,0.80636,2061,0,0
2026-06-19 13:30:00,0.80636,0.80665,0.8063,0.8064,1722,0,0
2026-06-19 13:45:00,0.8064,0.80656,0.80627,0.8064,1893,0,0
2026-06-19 14:00:00,0.8064,0.80672,0.80629,0.80643,1787,0,0
2026-06-19 14:15:00,0.80642,0.80647,0.80604,0.80646,1149,0,0
2026-06-19 14:30:00,0.80646,0.80677,0.80635,0.80636,1088,0,0
2026-06-19 14:45:00,0.80636,0.80687,0.80629,0.80681,1294,0,0
2026-06-19 15:00:00,0.80681,0.80688,0.80646,0.80665,1974,0,0
2026-06-19 15:15:00,0.80663,0.80694,0.80658,0.80692,1450,0,0
2026-06-19 15:30:00,0.80692,0.80718,0.8068,0.8071,1747,0,0
2026-06-19 15:45:00,0.8071,0.80736,0.80598,0.80644,3487,0,0
2026-06-19 16:00:00,0.80645,0.80765,0.80634,0.80763,2817,0,0
2026-06-19 16:15:00,0.80763,0.80781,0.80726,0.80726,2012,0,0
2026-06-19 16:30:00,0.80726,0.80764,0.80713,0.80726,2410,0,0
2026-06-19 16:45:00,0.80726,0.80746,0.80708,0.80738,1631,0,0
2026-06-19 17:00:00,0.80738,0.8079,0.80734,0.80784,1907,0,0
2026-06-19 17:15:00,0.80784,0.80795,0.80758,0.80764,1853,0,0
2026-06-19 17:30:00,0.80764,0.80767,0.80726,0.80745,1637,0,0
2026-06-19 17:45:00,0.80745,0.80799,0.80729,0.8077,2796,0,0
2026-06-19 18:00:00,0.8077,0.8078,0.80719,0.80739,1938,0,0
2026-06-19 18:15:00,0.80739,0.80757,0.8072,0.80751,1291,0,0
2026-06-19 18:30:00,0.80751,0.80808,0.80751,0.80803,968,0,0
2026-06-19 18:45:00,0.80803,0.80803,0.80778,0.80781,734,0,0
2026-06-19 19:00:00,0.80781,0.8079,0.80757,0.80759,761,0,0
2026-06-19 19:15:00,0.80759,0.80794,0.80727,0.80733,708,0,0
2026-06-19 19:30:00,0.80733,0.80775,0.8073,0.80758,701,0,0
2026-06-19 19:45:00,0.80758,0.80767,0.80739,0.80754,610,0,0
2026-06-19 20:00:00,0.80754,0.80756,0.80713,0.80749,1068,0,0
2026-06-19 20:15:00,0.80749,0.80755,0.80739,0.80741,1897,0,0
2026-06-19 20:30:00,0.80741,0.80746,0.80709,0.80712,770,0,0
2026-06-19 20:45:00,0.80712,0.8072,0.80701,0.80707,946,0,0
2026-06-19 21:00:00,0.80707,0.8071,0.80699,0.80702,306,0,0
2026-06-19 21:15:00,0.80703,0.80703,0.80668,0.80672,523,0,0
2026-06-19 21:30:00,0.80672,0.80676,0.80648,0.80649,1901,0,0
2026-06-19 21:45:00,0.8065,0.80688,0.80648,0.80663,1310,0,0
2026-06-19 22:00:00,0.80663,0.80664,0.80643,0.80644,996,0,0
2026-06-19 22:15:00,0.80644,0.80666,0.80643,0.80652,582,0,0
2026-06-19 22:30:00,0.80652,0.8067,0.80642,0.80667,392,0,0
2026-06-19 22:45:00,0.80667,0.80679,0.80647,0.80675,401,0,0
2026-06-19 23:00:00,0.80675,0.80696,0.80661,0.80665,2384,0,0
2026-06-19 23:15:00,0.80665,0.80704,0.80659,0.80693,2526,0,0
2026-06-19 23:30:00,0.80693,0.80702,0.8066,0.80676,2702,1,0
2026-06-19 23:45:00,0.80676,0.80717,0.80645,0.80708,1179,2,0
