time,open,high,low,close,tick_volume,spread,real_volume
2024-07-15 20:00:00,0.89473,0.89598,0.89473,0.8953,4796,1,0
2024-07-16 00:00:00,0.89531,0.89583,0.89451,0.89567,1942,6,0
2024-07-16 04:00:00,0.89568,0.89599,0.89525,0.8953,2247,1,0
2024-07-16 08:00:00,0.8953,0.89553,0.8945,0.89522,5330,1,0
2024-07-16 12:00:00,0.89522,0.89786,0.89498,0.89715,6691,0,0
2024-07-16 16:00:00,0.89716,0.89727,0.89505,0.8951,7090,0,0
2024-07-16 20:00:00,0.8951,0.89512,0.8932,0.8932,3103,1,0
2024-07-17 00:00:00,0.8931,0.89418,0.8926,0.89412,2048,1,0
2024-07-17 04:00:00,0.89411,0.89448,0.89368,0.89374,2477,0,0
2024-07-17 08:00:00,0.89374,0.8941,0.88716,0.8874,7859,0,0
2024-07-17 12:00:00,0.88739,0.88901,0.88524,0.88604,8883,2,0
2024-07-17 16:00:00,0.88604,0.88652,0.88358,0.88439,9541,1,0
2024-07-17 20:00:00,0.88439,0.885,0.88271,0.88328,4500,1,0
2024-07-18 00:00:00,0.8833,0.88371,0.88198,0.88361,4371,3,0
2024-07-18 04:00:00,0.88363,0.88475,0.88363,0.8846,4606,5,0
2024-07-18 08:00:00,0.88461,0.8847,0.88266,0.88426,7355,1,0
2024-07-18 12:00:00,0.88427,0.88448,0.88313,0.88341,6274,2,0
2024-07-18 16:00:00,0.88341,0.88644,0.88331,0.88598,8325,1,0
2024-07-18 20:00:00,0.88598,0.88788,0.8859,0.88765,4343,1,0
2024-07-19 00:00:00,0.88762,0.88823,0.88468,0.88798,2985,1,0
2024-07-19 04:00:00,0.88797,0.88933,0.88787,0.88931,3420,2,0
2024-07-19 08:00:00,0.88931,0.8896,0.88743,0.88828,6232,4,0
2024-07-19 12:00:00,0.88828,0.88996,0.88764,0.88981,5819,1,0
2024-07-19 16:00:00,0.88981,0.88985,0.88814,0.88853,7106,1,0
2024-07-19 20:00:00,0.88853,0.88946,0.88851,0.88881,3091,2,0
2024-07-22 00:00:00,0.88747,0.88881,0.88694,0.88816,2609,3,0
2024-07-22 04:00:00,0.88815,0.88893,0.88813,0.88858,3042,2,0
2024-07-22 08:00:00,0.88858,0.88898,0.88709,0.88775,6780,2,0
2024-07-22 12:00:00,0.88776,0.88932,0.88731,0.88888,5760,0,0
2024-07-22 16:00:00,0.88885,0.8902,0.88864,0.8896,6621,1,0
2024-07-22 20:00:00,0.88956,0.88978,0.88925,0.88955,2565,1,0
2024-07-23 00:00:00,0.8894,0.88984,0.88821,0.88931,2919,4,0
2024-07-23 04:00:00,0.88931,0.88964,0.88884,0.88901,3193,3,0
2024-07-23 08:00:00,0.88902,0.89053,0.8889,0.89002,5895,1,0
2024-07-23 12:00:00,0.89001,0.89203,0.89001,0.89137,5962,1,0
2024-07-23 16:00:00,0.89139,0.89238,0.89073,0.89162,6131,3,0
2024-07-23 20:00:00,0.8916,0.89165,0.8909,0.8909,3363,1,0
2024-07-24 00:00:00,0.89123,0.89207,0.8906,0.89188,2146,4,0
2024-07-24 04:00:00,0.89188,0.89211,0.89093,0.89117,4253,4,0
2024-07-24 08:00:00,0.89117,0.89131,0.88899,0.88911,7252,2,0
2024-07-24 12:00:00,0.88913,0.88922,0.88449,0.88475,7119,1,0
2024-07-24 16:00:00,0.88474,0.88498,0.88285,0.8842,9752,0,0
2024-07-24 20:00:00,0.8842,0.88605,0.884,0.8847,4747,1,0
2024-07-25 00:00:00,0.8846,0.88538,0.88373,0.88444,3899,5,0
2024-07-25 04:00:00,0.88444,0.88446,0.88268,0.88293,5789,5,0
2024-07-25 08:00:00,0.88293,0.88334,0.87959,0.88067,9496,0,0
2024-07-25 12:00:00,0.88067,0.88102,0.87766,0.88077,9885,1,0
2024-07-25 16:00:00,0.88076,0.88206,0.87862,0.8802,11336,4,0
2024-07-25 20:00:00,0.8802,0.88163,0.8796,0.88152,4935,0,0
2024-07-26 00:00:00,0.8812,0.88164,0.87998,0.88118,3867,1,0
2024-07-26 04:00:00,0.88118,0.88135,0.88025,0.88097,3693,2,0
2024-07-26 08:00:00,0.88096,0.88418,0.88067,0.88336,6257,0,0
2024-07-26 12:00:00,0.88338,0.88429,0.88207,0.88266,6767,1,0
2024-07-26 16:00:00,0.88271,0.88341,0.88194,0.8831,8503,1,0
2024-07-26 20:00:00,0.88311,0.8839,0.88292,0.88354,3199,2,0
2024-07-29 00:00:00,0.88343,0.88461,0.88241,0.8831,3433,1,0
2024-07-29 04:00:00,0.88309,0.88351,0.882,0.8831,4596,2,0
2024-07-29 08:00:00,0.8831,0.88547,0.88283,0.88517,7033,1,0
2024-07-29 12:00:00,0.88517,0.88554,0.88412,0.88484,6078,2,0
2024-07-29 16:00:00,0.88483,0.88713,0.8847,0.88616,6797,4,0
2024-07-29 20:00:00,0.88615,0.88642,0.88571,0.88604,3089,0,0
2024-07-30 00:00:00,0.88577,0.88644,0.88561,0.88628,2179,5,0
2024-07-30 04:00:00,0.88629,0.88687,0.88622,0.88669,3283,1,0
2024-07-30 08:00:00,0.8867,0.88753,0.88533,0.88605,6373,2,0
2024-07-30 12:00:00,0.88605,0.8867,0.88538,0.88623,5569,3,0
2024-07-30 16:00:00,0.88624,0.88633,0.88309,0.88315,10331,0,0
2024-07-30 20:00:00,0.88314,0.88415,0.88251,0.88257,4943,2,0
2024-07-31 00:00:00,0.8824,0.88326,0.88134,0.88174,4854,4,0
2024-07-31 04:00:00,0.88173,0.883,0.88066,0.881,6699,2,0
2024-07-31 08:00:00,0.881,0.8828,0.88024,0.88118,9792,4,0
2024-07-31 12:00:00,0.88116,0.88189,0.87802,0.87862,8694,1,0
2024-07-31 16:00:00,0.8786,0.8808,0.87702,0.88046,10024,1,0
2024-07-31 20:00:00,0.88046,0.88184,0.87722,0.87791,9555,0,0
2024-08-01 00:00:00,0.87738,0.87836,0.87716,0.87741,3627,5,0
2024-08-01 04:00:00,0.87743,0.87758,0.87595,0.87702,7005,4,0
2024-08-01 08:00:00,0.877,0.87747,0.87538,0.87571,8996,1,0
2024-08-01 12:00:00,0.87578,0.87767,0.87458,0.87613,8975,4,0
2024-08-01 16:00:00,0.87613,0.87695,0.87271,0.87388,11651,1,0
2024-08-01 20:00:00,0.87388,0.87417,0.87256,0.87287,5803,1,0
2024-08-02 00:00:00,0.87233,0.87336,0.87188,0.87248,4454,5,0
2024-08-02 04:00:00,0.87248,0.87328,0.87174,0.87182,5391,0,0
2024-08-02 08:00:00,0.8718,0.87278,0.87068,0.87172,9907,0,0
2024-08-02 12:00:00,0.87173,0.8718,0.86318,0.86416,9929,0,0
2024-08-02 16:00:00,0.86417,0.86632,0.8577,0.85986,16443,0,0
2024-08-02 20:00:00,0.85984,0.85994,0.85736,0.85776,7227,2,0
2024-08-05 00:00:00,0.85688,0.85945,0.85359,0.8546,8025,1,0
2024-08-05 04:00:00,0.85461,0.85578,0.84871,0.84917,12050,0,0
2024-08-05 08:00:00,0.84918,0.85337,0.84477,0.8501,17043,0,0
2024-08-05 12:00:00,0.85013,0.85121,0.84321,0.84442,13098,1,0
2024-08-05 16:00:00,0.84443,0.85528,0.84423,0.85341,17602,2,0
2024-08-05 20:00:00,0.85342,0.85423,0.84977,0.85161,11500,1,0
2024-08-06 00:00:00,0.85168,0.8555,0.85134,0.85435,8075,3,0
2024-08-06 04:00:00,0.85434,0.85644,0.85367,0.85608,10371,4,0
2024-08-06 08:00:00,0.85609,0.85714,0.85332,0.85433,13688,4,0
2024-08-06 12:00:00,0.85431,0.8555,0.85224,0.853,12293,2,0
2024-08-06 16:00:00,0.85296,0.85418,0.85008,0.85356,14240,1,0
2024-08-06 20:00:00,0.85359,0.85395,0.85081,0.8513,7474,1,0
2024-08-07 00:00:00,0.85044,0.85415,0.84956,0.8535,5458,3,0
2024-08-07 04:00:00,0.85351,0.85921,0.853,0.85887,10858,4,0
2024-08-07 08:00:00,0.85887,0.85927,0.85466,0.85874,12195,0,0
2024-08-07 12:00:00,0.85874,0.86403,0.8586,0.86108,8815,0,0
2024-08-07 16:00:00,0.86108,0.86619,0.8608,0.863,12642,0,0
2024-08-07 20:00:00,0.86302,0.86343,0.86078,0.86158,8613,1,0
2024-08-08 00:00:00,0.8609,0.86309,0.85725,0.85852,8191,4,0
2024-08-08 04:00:00,0.85854,0.86096,0.85848,0.8591,9070,3,0
2024-08-08 08:00:00,0.85919,0.86032,0.85795,0.85837,10622,0,0
2024-08-08 12:00:00,0.85839,0.86285,0.856,0.86202,10720,0,0
2024-08-08 16:00:00,0.86186,0.86737,0.86164,0.86618,12341,1,0
2024-08-08 20:00:00,0.86616,0.86703,0.86532,0.86654,6246,3,0
2024-08-09 00:00:00,0.86578,0.867,0.86524,0.86623,5890,5,0
2024-08-09 04:00:00,0.86623,0.86669,0.86505,0.86531,5567,4,0
2024-08-09 08:00:00,0.86531,0.86716,0.86479,0.8654,7709,3,0
2024-08-09 12:00:00,0.8654,0.86577,0.86372,0.86462,7970,4,0
2024-08-09 16:00:00,0.86463,0.86502,0.86315,0.8644,8795,9,0
2024-08-09 20:00:00,0.8644,0.86537,0.86427,0.86505,4217,5,0
2024-08-12 00:00:00,0.8642,0.86611,0.86278,0.86498,3611,8,0
2024-08-12 04:00:00,0.86498,0.86673,0.86452,0.86665,4089,3,0
2024-08-12 08:00:00,0.86664,0.86928,0.86643,0.86845,7682,9,0
2024-08-12 12:00:00,0.86844,0.86956,0.86773,0.86903,6412,9,0
2024-08-12 16:00:00,0.86903,0.87111,0.86595,0.86672,11167,9,0
2024-08-12 20:00:00,0.86672,0.86672,0.8644,0.86507,6457,3,0
2024-08-13 00:00:00,0.8645,0.86686,0.86445,0.86624,3760,8,0
2024-08-13 04:00:00,0.86624,0.86785,0.86553,0.86726,3492,4,0
2024-08-13 08:00:00,0.86726,0.86785,0.8662,0.86722,7024,5,0
2024-08-13 12:00:00,0.86726,0.86793,0.86563,0.86656,8135,10,0
2024-08-13 16:00:00,0.86657,0.86669,0.86416,0.86479,9540,8,0
2024-08-13 20:00:00,0.86479,0.86553,0.86363,0.86475,5571,1,0
2024-08-14 00:00:00,0.8647,0.86544,0.86361,0.86539,4104,11,0
2024-08-14 04:00:00,0.86539,0.8658,0.86369,0.86459,7021,11,0
2024-08-14 08:00:00,0.86458,0.86543,0.86216,0.8624,7394,1,0
2024-08-14 12:00:00,0.8624,0.866,0.86153,0.86506,8191,9,0
2024-08-14 16:00:00,0.86506,0.86563,0.86188,0.86468,10584,9,0
2024-08-14 20:00:00,0.86468,0.86551,0.86466,0.86508,3338,4,0
2024-08-15 00:00:00,0.86433,0.86542,0.86422,0.86498,3442,14,0
2024-08-15 04:00:00,0.86498,0.86629,0.86494,0.86527,4321,3,0
2024-08-15 08:00:00,0.86526,0.8663,0.86462,0.8661,5629,2,0
2024-08-15 12:00:00,0.8661,0.87368,0.86593,0.873,7550,5,0
2024-08-15 16:00:00,0.87297,0.87478,0.8705,0.87214,11483,4,0
2024-08-15 20:00:00,0.87214,0.87291,0.87174,0.87255,4532,5,0
2024-08-16 00:00:00,0.87233,0.87278,0.8715,0.87189,3817,8,0
2024-08-16 04:00:00,0.87188,0.87211,0.87094,0.87107,3611,3,0
2024-08-16 08:00:00,0.87109,0.87141,0.86811,0.86861,5755,5,0
2024-08-16 12:00:00,0.86861,0.86917,0.86642,0.86678,7801,9,0
2024-08-16 16:00:00,0.86678,0.86959,0.86656,0.86838,8805,10,0
2024-08-16 20:00:00,0.86838,0.86838,0.86588,0.866,3637,3,0
2024-08-19 00:00:00,0.86579,0.86769,0.864,0.86678,3838,7,0
2024-08-19 04:00:00,0.86681,0.8671,0.86331,0.86384,6428,6,0
2024-08-19 08:00:00,0.86384,0.8647,0.86151,0.86454,9229,10,0
2024-08-19 12:00:00,0.86455,0.86559,0.86378,0.86533,6973,9,0
2024-08-19 16:00:00,0.86536,0.86629,0.86264,0.86297,8342,9,0
2024-08-19 20:00:00,0.86297,0.86324,0.86222,0.86265,3362,8,0
2024-08-20 00:00:00,0.86229,0.86302,0.86171,0.86203,3267,9,0
2024-08-20 04:00:00,0.86203,0.86228,0.86044,0.86196,5988,8,0
2024-08-20 08:00:00,0.86196,0.86247,0.85881,0.86003,7645,6,0
2024-08-20 12:00:00,0.86001,0.86042,0.859,0.85907,6776,9,0
2024-08-20 16:00:00,0.85909,0.8593,0.85579,0.85613,9347,9,0
2024-08-20 20:00:00,0.85614,0.85642,0.85376,0.85376,3526,6,0
2024-08-21 00:00:00,0.85398,0.85414,0.85205,0.85347,4826,8,0
2024-08-21 04:00:00,0.85347,0.85431,0.8533,0.85413,5671,12,0
2024-08-21 08:00:00,0.85413,0.85609,0.85338,0.85517,6912,1,0
2024-08-21 12:00:00,0.85516,0.85589,0.85374,0.85396,6019,9,0
2024-08-21 16:00:00,0.85396,0.85551,0.85068,0.85125,12472,8,0
2024-08-21 20:00:00,0.85126,0.85223,0.84946,0.85162,5524,8,0
2024-08-22 00:00:00,0.85022,0.85194,0.85008,0.85174,3646,6,0
2024-08-22 04:00:00,0.85174,0.85246,0.85099,0.85134,4100,0,0
2024-08-22 08:00:00,0.85133,0.8515,0.84887,0.85115,7224,3,0
2024-08-22 12:00:00,0.85119,0.85319,0.85062,0.85127,7940,2,0
2024-08-22 16:00:00,0.85127,0.85334,0.85054,0.85198,9954,8,0
2024-08-22 20:00:00,0.85198,0.85264,0.85142,0.85213,4457,5,0
2024-08-23 00:00:00,0.85078,0.85293,0.85068,0.85158,3977,10,0
2024-08-23 04:00:00,0.85157,0.85212,0.85037,0.8517,4984,9,0
2024-08-23 08:00:00,0.8517,0.85229,0.85041,0.85186,6418,9,0
2024-08-23 12:00:00,0.85187,0.85266,0.85161,0.85217,5964,10,0
2024-08-23 16:00:00,0.85219,0.85411,0.847,0.8497,12670,8,0
2024-08-23 20:00:00,0.84974,0.84977,0.84704,0.8476,5309,4,0
2024-08-26 00:00:00,0.84706,0.84803,0.84554,0.84633,5084,8,0
2024-08-26 04:00:00,0.84635,0.84738,0.84559,0.84711,5725,4,0
2024-08-26 08:00:00,0.84711,0.84783,0.84565,0.84578,6775,9,0
2024-08-26 12:00:00,0.84578,0.84849,0.84554,0.84739,6772,9,0
2024-08-26 16:00:00,0.84739,0.8484,0.84625,0.84724,8709,9,0
2024-08-26 20:00:00,0.84724,0.8477,0.84668,0.84713,3726,5,0
2024-08-27 00:00:00,0.84712,0.84771,0.84553,0.84756,3211,7,0
2024-08-27 04:00:00,0.84757,0.84786,0.84667,0.847,3917,5,0
2024-08-27 08:00:00,0.84701,0.84835,0.8467,0.84756,6393,8,0
2024-08-27 12:00:00,0.84755,0.84763,0.84502,0.84528,7301,9,0
2024-08-27 16:00:00,0.84528,0.84551,0.84212,0.84312,9255,10,0
2024-08-27 20:00:00,0.84313,0.84324,0.84087,0.84157,4309,4,0
2024-08-28 00:00:00,0.84133,0.84212,0.84088,0.84171,4361,8,0
2024-08-28 04:00:00,0.84169,0.84364,0.84161,0.84341,5011,5,0
2024-08-28 08:00:00,0.84341,0.84457,0.84274,0.84304,7276,9,0
2024-08-28 12:00:00,0.84304,0.84498,0.84211,0.84443,7455,9,0
2024-08-28 16:00:00,0.84443,0.84513,0.84107,0.84296,9023,10,0
2024-08-28 20:00:00,0.84296,0.8432,0.84153,0.84212,5099,6,0
2024-08-29 00:00:00,0.84119,0.84238,0.84099,0.84159,4483,9,0
2024-08-29 04:00:00,0.84159,0.84171,0.8402,0.84054,4783,5,0
2024-08-29 08:00:00,0.84054,0.84595,0.83997,0.84439,8558,9,0
2024-08-29 12:00:00,0.84439,0.84782,0.84315,0.84683,8679,9,0
2024-08-29 16:00:00,0.84682,0.84929,0.84626,0.84672,9590,8,0
2024-08-29 20:00:00,0.84673,0.84735,0.84592,0.84722,5031,8,0
2024-08-30 00:00:00,0.84625,0.84744,0.84592,0.84703,3229,8,0
2024-08-30 04:00:00,0.84704,0.84778,0.84663,0.84765,4610,6,0
2024-08-30 08:00:00,0.84764,0.84867,0.84702,0.84853,6505,9,0
2024-08-30 12:00:00,0.84853,0.8507,0.84789,0.85004,7236,4,0
2024-08-30 16:00:00,0.84998,0.85099,0.84745,0.85077,10309,8,0
2024-08-30 20:00:00,0.85078,0.85087,0.84956,0.84988,4004,7,0
2024-09-02 00:00:00,0.8493,0.85094,0.84819,0.84998,3361,9,0
2024-09-02 04:00:00,0.84998,0.85037,0.84918,0.84982,4533,2,0
2024-09-02 08:00:00,0.84981,0.85042,0.84845,0.84983,6285,9,0
2024-09-02 12:00:00,0.84983,0.8515,0.8494,0.85113,5094,9,0
2024-09-02 16:00:00,0.85112,0.85368,0.85082,0.8514,4866,1,0
2024-09-02 20:00:00,0.85141,0.85165,0.85109,0.85145,1359,1,0
2024-09-03 00:00:00,0.85044,0.85262,0.84994,0.85247,3174,6,0
2024-09-03 04:00:00,0.85246,0.85288,0.85178,0.85268,6012,9,0
2024-09-03 08:00:00,0.85269,0.8537,0.85105,0.85256,8380,3,0
2024-09-03 12:00:00,0.85253,0.85336,0.85066,0.85081,7198,9,0
2024-09-03 16:00:00,0.85079,0.85103,0.84776,0.85059,11114,8,0
2024-09-03 20:00:00,0.85059,0.85106,0.84988,0.85022,4684,9,0
2024-09-04 00:00:00,0.84975,0.85062,0.84832,0.84839,5284,8,0
2024-09-04 04:00:00,0.84839,0.84931,0.84822,0.84846,6857,10,0
2024-09-04 08:00:00,0.84846,0.84915,0.84713,0.84865,9223,9,0
2024-09-04 12:00:00,0.84864,0.85181,0.84852,0.85103,7250,9,0
2024-09-04 16:00:00,0.85103,0.85117,0.84709,0.84791,10983,9,0
2024-09-04 20:00:00,0.84791,0.84811,0.84622,0.8464,5036,5,0
2024-09-05 00:00:00,0.84596,0.84713,0.84549,0.84679,4247,8,0
2024-09-05 04:00:00,0.84679,0.84714,0.84585,0.84657,5292,4,0
2024-09-05 08:00:00,0.84658,0.84729,0.84546,0.8461,8110,9,0
2024-09-05 12:00:00,0.84611,0.84665,0.84332,0.84605,8521,8,0
2024-09-05 16:00:00,0.84606,0.84902,0.84495,0.84541,12028,1,0
2024-09-05 20:00:00,0.84539,0.84552,0.84355,0.8439,6011,6,0
2024-09-06 00:00:00,0.84357,0.84465,0.84311,0.84324,3586,12,0
2024-09-06 04:00:00,0.84324,0.84368,0.84258,0.84276,5060,1,0
2024-09-06 08:00:00,0.84276,0.84277,0.84038,0.84092,8977,3,0
2024-09-06 12:00:00,0.84092,0.84647,0.83734,0.84384,9336,8,0
2024-09-06 16:00:00,0.84376,0.84753,0.84019,0.84357,17953,8,0
2024-09-06 20:00:00,0.84359,0.84442,0.84244,0.84299,7207,11,0
2024-09-09 00:00:00,0.84341,0.84475,0.84223,0.84441,5587,8,0
2024-09-09 04:00:00,0.8444,0.84628,0.84405,0.84609,6677,10,0
2024-09-09 08:00:00,0.84609,0.84847,0.84539,0.84823,8747,0,0
2024-09-09 12:00:00,0.84821,0.84939,0.84727,0.8488,7225,10,0
2024-09-09 16:00:00,0.84881,0.84894,0.84687,0.84821,9515,9,0
2024-09-09 20:00:00,0.8482,0.84938,0.84767,0.84926,5478,3,0
2024-09-10 00:00:00,0.84868,0.84973,0.84807,0.84969,3403,11,0
2024-09-10 04:00:00,0.84968,0.84982,0.8483,0.84834,4953,2,0
2024-09-10 08:00:00,0.84834,0.84896,0.84783,0.84807,7014,9,0
2024-09-10 12:00:00,0.84808,0.84837,0.84582,0.84653,7557,4,0
2024-09-10 16:00:00,0.84655,0.8482,0.84558,0.84675,10813,9,0
2024-09-10 20:00:00,0.84672,0.84713,0.84626,0.84684,6337,7,0
2024-09-11 00:00:00,0.8466,0.84709,0.84614,0.84647,3453,10,0
2024-09-11 04:00:00,0.84647,0.84693,0.84282,0.84305,8355,8,0
2024-09-11 08:00:00,0.84305,0.84594,0.84215,0.84552,9107,10,0
2024-09-11 12:00:00,0.84551,0.8512,0.84524,0.85027,9052,8,0
2024-09-11 16:00:00,0.85028,0.85152,0.84735,0.85005,14375,8,0
2024-09-11 20:00:00,0.85006,0.85291,0.85001,0.85217,7105,8,0
2024-09-12 00:00:00,0.85128,0.85325,0.85092,0.85266,3511,8,0
2024-09-12 04:00:00,0.85266,0.85329,0.85173,0.85315,5393,2,0
2024-09-12 08:00:00,0.85314,0.85483,0.85184,0.85424,7652,3,0
2024-09-12 12:00:00,0.85424,0.85491,0.8518,0.8528,8343,8,0
2024-09-12 16:00:00,0.85281,0.85479,0.85221,0.85315,12187,9,0
2024-09-12 20:00:00,0.85311,0.85323,0.8506,0.85098,9117,8,0
2024-09-13 00:00:00,0.84982,0.85137,0.84887,0.84949,4252,10,0
2024-09-13 04:00:00,0.84948,0.84986,0.84853,0.84956,5834,10,0
2024-09-13 08:00:00,0.84956,0.85005,0.84737,0.84819,8293,9,0
2024-09-13 12:00:00,0.84819,0.84872,0.84559,0.84562,8665,9,0
2024-09-13 16:00:00,0.8456,0.84843,0.84432,0.84787,10771,10,0
2024-09-13 20:00:00,0.84787,0.84938,0.84771,0.84901,5283,1,0
2024-09-16 00:00:00,0.84623,0.84858,0.84623,0.84711,3745,11,0
2024-09-16 04:00:00,0.8471,0.84732,0.84514,0.84603,5246,8,0
2024-09-16 08:00:00,0.84604,0.84652,0.84352,0.84434,7941,9,0
2024-09-16 12:00:00,0.84434,0.84542,0.84341,0.84447,8400,9,0
2024-09-16 16:00:00,0.84441,0.8458,0.8434,0.84471,9919,9,0
2024-09-16 20:00:00,0.8447,0.84591,0.84454,0.84467,5748,7,0
2024-09-17 00:00:00,0.84418,0.84539,0.84415,0.84463,3375,7,0
2024-09-17 04:00:00,0.84464,0.84475,0.84366,0.84418,4584,8,0
2024-09-17 08:00:00,0.84418,0.84462,0.84293,0.8432,6818,11,0
2024-09-17 12:00:00,0.84318,0.84689,0.84313,0.84631,8203,8,0
2024-09-17 16:00:00,0.8463,0.84764,0.84558,0.84613,11449,10,0
2024-09-17 20:00:00,0.84613,0.84748,0.84578,0.847,6468,2,0
2024-09-18 00:00:00,0.84623,0.84712,0.84547,0.84562,3249,6,0
2024-09-18 04:00:00,0.84563,0.84578,0.84494,0.84523,5024,7,0
2024-09-18 08:00:00,0.84525,0.8457,0.84352,0.84388,7801,11,0
2024-09-18 12:00:00,0.84388,0.84479,0.8423,0.84445,6861,4,0
2024-09-18 16:00:00,0.84445,0.8463,0.8434,0.84509,9181,9,0
2024-09-18 20:00:00,0.84509,0.84794,0.83909,0.84605,15423,8,0
2024-09-19 00:00:00,0.84552,0.84999,0.84458,0.84985,5858,9,0
2024-09-19 04:00:00,0.84987,0.85143,0.8482,0.84863,9395,10,0
2024-09-19 08:00:00,0.84864,0.84873,0.84487,0.84595,11346,8,0
2024-09-19 12:00:00,0.84595,0.85053,0.84507,0.85051,11469,8,0
2024-09-19 16:00:00,0.85053,0.85057,0.84729,0.84783,12628,8,0
2024-09-19 20:00:00,0.84783,0.84825,0.8462,0.84756,7201,6,0
2024-09-20 00:00:00,0.84712,0.84795,0.84645,0.84683,3560,7,0
2024-09-20 04:00:00,0.84683,0.84711,0.84576,0.84632,7222,10,0
2024-09-20 08:00:00,0.84631,0.84804,0.8451,0.84721,11264,9,0
2024-09-20 12:00:00,0.84719,0.84995,0.84711,0.84766,9007,9,0
2024-09-20 16:00:00,0.84766,0.85164,0.84737,0.84914,12859,8,0
2024-09-20 20:00:00,0.84917,0.85138,0.84912,0.85007,7380,9,0
2024-09-23 00:00:00,0.85002,0.85129,0.84894,0.85089,3579,2,0
2024-09-23 04:00:00,0.8509,0.85146,0.85061,0.85091,3885,1,0
2024-09-23 08:00:00,0.85092,0.85175,0.84986,0.85102,9164,3,0
2024-09-23 12:00:00,0.85103,0.8514,0.84849,0.84983,7898,9,0
2024-09-23 16:00:00,0.84983,0.85078,0.84631,0.84646,11887,8,0
2024-09-23 20:00:00,0.84644,0.84763,0.84558,0.8473,4877,6,0
2024-09-24 00:00:00,0.84653,0.84787,0.84653,0.84672,3365,6,0
2024-09-24 04:00:00,0.84671,0.84751,0.84641,0.84708,5926,9,0
2024-09-24 08:00:00,0.84708,0.84894,0.84706,0.84782,9683,9,0
2024-09-24 12:00:00,0.84782,0.84867,0.84687,0.84702,8496,8,0
2024-09-24 16:00:00,0.84702,0.84852,0.84485,0.84504,11780,8,0
2024-09-24 20:00:00,0.84505,0.84541,0.843,0.8431,6231,6,0
2024-09-25 00:00:00,0.84307,0.84338,0.84145,0.84162,3746,6,0
2024-09-25 04:00:00,0.84159,0.84266,0.84147,0.84221,4772,0,0
2024-09-25 08:00:00,0.84221,0.84677,0.84147,0.84652,8236,8,0
2024-09-25 12:00:00,0.8465,0.84967,0.84634,0.84785,8087,9,0
2024-09-25 16:00:00,0.84785,0.85002,0.84653,0.84987,10442,9,0
2024-09-25 20:00:00,0.84987,0.85063,0.84902,0.85028,5686,8,0
2024-09-26 00:00:00,0.84869,0.85075,0.84768,0.84998,3078,10,0
2024-09-26 04:00:00,0.84998,0.85088,0.84953,0.84977,4297,8,0
2024-09-26 08:00:00,0.84978,0.85155,0.84576,0.84954,10003,8,0
2024-09-26 12:00:00,0.84953,0.84971,0.84622,0.84873,10460,8,0
2024-09-26 16:00:00,0.84872,0.85055,0.84596,0.84698,13606,8,0
2024-09-26 20:00:00,0.84698,0.84705,0.84524,0.84595,6808,8,0
2024-09-27 00:00:00,0.84523,0.84741,0.8452,0.84738,3434,5,0
2024-09-27 04:00:00,0.84739,0.84817,0.84644,0.84806,6433,11,0
2024-09-27 08:00:00,0.84803,0.84925,0.84428,0.84515,14463,8,0
2024-09-27 12:00:00,0.84513,0.84576,0.84064,0.84079,10510,9,0
2024-09-27 16:00:00,0.84079,0.84299,0.84063,0.8421,13417,8,0
2024-09-27 20:00:00,0.8421,0.84246,0.84007,0.8403,7187,8,0
2024-09-30 00:00:00,0.8407,0.84171,0.84017,0.84113,4396,9,0
2024-09-30 04:00:00,0.84115,0.8422,0.84063,0.8414,5690,11,0
2024-09-30 08:00:00,0.8414,0.84377,0.84057,0.84332,9880,8,0
2024-09-30 12:00:00,0.84332,0.84475,0.84217,0.84356,8588,9,0
2024-09-30 16:00:00,0.84355,0.84563,0.84257,0.8444,11965,8,0
2024-09-30 20:00:00,0.84436,0.84733,0.84367,0.84543,8421,8,0
2024-10-01 00:00:00,0.84442,0.84627,0.84365,0.84546,4263,7,0
2024-10-01 04:00:00,0.84546,0.84674,0.84463,0.84603,4966,2,0
2024-10-01 08:00:00,0.84601,0.84798,0.84535,0.84679,10497,8,0
2024-10-01 12:00:00,0.84676,0.84814,0.84537,0.84787,9427,9,0
2024-10-01 16:00:00,0.84787,0.84791,0.84309,0.8465,15052,8,0
2024-10-01 20:00:00,0.8465,0.84811,0.84548,0.8464,9807,8,0
2024-10-02 00:00:00,0.84472,0.84671,0.84423,0.84604,3335,10,0
2024-10-02 04:00:00,0.84604,0.84687,0.84515,0.8456,5526,11,0
2024-10-02 08:00:00,0.84561,0.84637,0.84483,0.84636,10057,8,0
2024-10-02 12:00:00,0.84636,0.85055,0.8463,0.85036,9155,11,0
2024-10-02 16:00:00,0.85036,0.85072,0.84852,0.84961,10479,9,0
2024-10-02 20:00:00,0.84959,0.8499,0.84901,0.84955,5349,6,0
2024-10-03 00:00:00,0.84906,0.85071,0.84866,0.85066,4113,8,0
2024-10-03 04:00:00,0.85067,0.85106,0.8494,0.84965,5019,7,0
2024-10-03 08:00:00,0.84966,0.85372,0.84937,0.85069,11642,8,0
2024-10-03 12:00:00,0.85066,0.85177,0.84875,0.8505,9690,8,0
2024-10-03 16:00:00,0.85053,0.85422,0.85016,0.85243,13052,8,0
2024-10-03 20:00:00,0.85243,0.85303,0.85189,0.85244,5464,7,0
2024-10-04 00:00:00,0.85212,0.85286,0.85121,0.8518,3084,7,0
2024-10-04 04:00:00,0.85181,0.8522,0.85104,0.85119,4660,13,0
2024-10-04 08:00:00,0.85119,0.85251,0.84994,0.85149,7484,2,0
2024-10-04 12:00:00,0.85148,0.85996,0.85104,0.85976,7770,8,0
2024-10-04 16:00:00,0.85983,0.8607,0.85803,0.85936,12998,8,0
2024-10-04 20:00:00,0.85936,0.85936,0.85776,0.8578,5055,9,0
2024-10-07 00:00:00,0.85741,0.85969,0.85737,0.85835,4206,6,0
2024-10-07 04:00:00,0.85836,0.85839,0.85725,0.85766,4519,3,0
2024-10-07 08:00:00,0.85767,0.85898,0.85703,0.85806,8182,11,0
2024-10-07 12:00:00,0.85805,0.85855,0.85384,0.85441,9256,9,0
2024-10-07 16:00:00,0.85443,0.85648,0.85337,0.85387,10346,9,0
2024-10-07 20:00:00,0.85388,0.85456,0.85361,0.85409,5997,7,0
2024-10-08 00:00:00,0.85374,0.85547,0.85307,0.85391,4640,2,0
2024-10-08 04:00:00,0.85391,0.85427,0.85298,0.85401,6656,11,0
2024-10-08 08:00:00,0.85402,0.85514,0.85296,0.85445,8839,11,0
2024-10-08 12:00:00,0.85443,0.85793,0.85442,0.85697,8415,8,0
2024-10-08 16:00:00,0.85701,0.85836,0.85602,0.8573,9189,9,0
2024-10-08 20:00:00,0.8573,0.85819,0.85696,0.85748,5056,5,0
2024-10-09 00:00:00,0.85672,0.85755,0.85573,0.85755,3049,0,0
2024-10-09 04:00:00,0.85755,0.8581,0.85705,0.85794,5232,2,0
2024-10-09 08:00:00,0.85793,0.85819,0.8565,0.85753,8271,9,0
2024-10-09 12:00:00,0.85752,0.85871,0.8566,0.85828,6360,9,0
2024-10-09 16:00:00,0.8583,0.86014,0.85795,0.85994,8530,9,0
2024-10-09 20:00:00,0.85993,0.86097,0.85957,0.86064,5809,5,0
2024-10-10 00:00:00,0.86007,0.86075,0.85948,0.86048,2992,7,0
2024-10-10 04:00:00,0.86049,0.86078,0.86007,0.8607,4389,2,0
2024-10-10 08:00:00,0.8607,0.86122,0.859,0.86043,6688,8,0
2024-10-10 12:00:00,0.86042,0.86138,0.85568,0.85747,8880,8,0
2024-10-10 16:00:00,0.85748,0.85857,0.85597,0.8578,13876,8,0
2024-10-10 20:00:00,0.85781,0.85781,0.85591,0.85673,6420,8,0
2024-10-11 00:00:00,0.85566,0.85689,0.85554,0.85639,2794,6,0
2024-10-11 04:00:00,0.85637,0.85742,0.85632,0.85705,3282,0,0
2024-10-11 08:00:00,0.85705,0.8578,0.85584,0.85605,5613,2,0
2024-10-11 12:00:00,0.85601,0.8584,0.85598,0.8575,6801,9,0
2024-10-11 16:00:00,0.8575,0.85833,0.85624,0.85631,8234,8,0
2024-10-11 20:00:00,0.8563,0.85746,0.85618,0.85705,3020,5,0
2024-10-14 00:00:00,0.85548,0.8585,0.85548,0.85825,2528,7,0
2024-10-14 04:00:00,0.85828,0.85852,0.85801,0.85822,3078,2,0
2024-10-14 08:00:00,0.85822,0.86021,0.85802,0.85981,4534,4,0
2024-10-14 12:00:00,0.85981,0.86306,0.8593,0.86301,5345,8,0
2024-10-14 16:00:00,0.8631,0.86411,0.862,0.8633,6959,8,0
2024-10-14 20:00:00,0.8633,0.86388,0.86222,0.86247,3896,7,0
2024-10-15 00:00:00,0.86226,0.86287,0.86155,0.86164,2620,5,0
2024-10-15 04:00:00,0.86166,0.86362,0.86148,0.86351,2997,3,0
2024-10-15 08:00:00,0.86352,0.86361,0.86132,0.86145,6348,4,0
2024-10-15 12:00:00,0.86144,0.86242,0.86063,0.8615,6750,9,0
2024-10-15 16:00:00,0.86148,0.86312,0.86061,0.86306,8177,4,0
2024-10-15 20:00:00,0.86307,0.86364,0.86179,0.86179,5080,8,0
2024-10-16 00:00:00,0.86174,0.86273,0.86089,0.86254,2915,3,0
2024-10-16 04:00:00,0.86256,0.86258,0.8616,0.86239,3551,5,0
2024-10-16 08:00:00,0.86239,0.8629,0.86169,0.86218,6762,4,0
2024-10-16 12:00:00,0.86218,0.86331,0.86137,0.86314,6264,9,0
2024-10-16 16:00:00,0.86314,0.8656,0.86238,0.86455,7389,9,0
2024-10-16 20:00:00,0.86456,0.86573,0.86427,0.86531,4296,5,0
2024-10-17 00:00:00,0.86439,0.8659,0.86328,0.86556,2570,5,0
2024-10-17 04:00:00,0.86556,0.86623,0.86533,0.86618,3971,2,0
2024-10-17 08:00:00,0.86619,0.8669,0.86486,0.86509,5806,3,0
2024-10-17 12:00:00,0.86508,0.86591,0.86278,0.86451,7536,2,0
2024-10-17 16:00:00,0.86452,0.86632,0.86401,0.8658,10891,8,0
2024-10-17 20:00:00,0.8658,0.86679,0.8655,0.86585,4613,8,0
2024-10-18 00:00:00,0.8659,0.8663,0.8654,0.86623,2840,1,0
2024-10-18 04:00:00,0.86623,0.86631,0.86556,0.8657,4183,3,0
2024-10-18 08:00:00,0.86569,0.86689,0.86531,0.86623,6130,9,0
2024-10-18 12:00:00,0.86623,0.86687,0.86487,0.86528,5740,8,0
2024-10-18 16:00:00,0.86529,0.86602,0.86495,0.86503,7028,9,0
2024-10-18 20:00:00,0.86503,0.86573,0.86451,0.86459,5479,8,0
2024-10-21 00:00:00,0.86448,0.86534,0.86365,0.86525,2639,6,0
2024-10-21 04:00:00,0.86528,0.86531,0.86444,0.86489,3761,3,0
2024-10-21 08:00:00,0.86487,0.8658,0.86466,0.86486,4594,12,0
2024-10-21 12:00:00,0.86487,0.86541,0.86327,0.86366,5429,9,0
2024-10-21 16:00:00,0.86366,0.86594,0.86335,0.8654,6992,11,0
2024-10-21 20:00:00,0.8654,0.86633,0.86532,0.86593,3920,4,0
2024-10-22 00:00:00,0.86596,0.86607,0.86516,0.86523,2646,2,0
2024-10-22 04:00:00,0.86524,0.86539,0.86462,0.86516,4548,4,0
2024-10-22 08:00:00,0.86516,0.86572,0.86447,0.8654,5983,13,0
2024-10-22 12:00:00,0.86535,0.86617,0.865,0.86567,6428,9,0
2024-10-22 16:00:00,0.86568,0.86622,0.86475,0.86543,7961,13,0
2024-10-22 20:00:00,0.86543,0.86585,0.86494,0.86529,5347,3,0
2024-10-23 00:00:00,0.86485,0.86666,0.86451,0.86663,2511,7,0
2024-10-23 04:00:00,0.86657,0.86713,0.86637,0.86689,4107,4,0
2024-10-23 08:00:00,0.86689,0.86855,0.86644,0.86656,5798,9,0
2024-10-23 12:00:00,0.86655,0.86818,0.8664,0.86725,5872,3,0
2024-10-23 16:00:00,0.86717,0.86777,0.86619,0.86695,7008,9,0
2024-10-23 20:00:00,0.86695,0.86763,0.86608,0.86619,4807,13,0
2024-10-24 00:00:00,0.86535,0.86693,0.86475,0.86628,3118,7,0
2024-10-24 04:00:00,0.86626,0.8668,0.86561,0.86574,5118,8,0
2024-10-24 08:00:00,0.86574,0.86712,0.86533,0.86566,7769,9,0
2024-10-24 12:00:00,0.86567,0.86676,0.86501,0.86611,7181,8,0
2024-10-24 16:00:00,0.86614,0.86689,0.86529,0.86596,9436,9,0
2024-10-24 20:00:00,0.86596,0.86613,0.86508,0.86551,5410,9,0
2024-10-25 00:00:00,0.86483,0.86627,0.86483,0.86616,2459,7,0
2024-10-25 04:00:00,0.86615,0.86639,0.86548,0.86553,4015,5,0
2024-10-25 08:00:00,0.86553,0.86676,0.865,0.86671,6052,12,0
2024-10-25 12:00:00,0.8667,0.86738,0.86531,0.86558,5554,13,0
2024-10-25 16:00:00,0.86558,0.86686,0.86545,0.86617,8308,9,0
2024-10-25 20:00:00,0.86617,0.86672,0.8656,0.86671,5177,5,0
2024-10-28 00:00:00,0.86749,0.86984,0.86739,0.86978,5831,2,0
2024-10-28 04:00:00,0.86978,0.86993,0.86894,0.8692,4640,11,0
2024-10-28 08:00:00,0.86921,0.86935,0.86693,0.86723,6020,9,0
2024-10-28 12:00:00,0.86723,0.86724,0.86499,0.86534,6833,9,0
2024-10-28 16:00:00,0.86534,0.86616,0.86463,0.86522,6792,2,0
2024-10-28 20:00:00,0.86522,0.86551,0.8644,0.86505,3975,4,0
2024-10-29 00:00:00,0.86498,0.86538,0.8643,0.86483,3161,5,0
2024-10-29 04:00:00,0.86483,0.86538,0.86457,0.86504,4485,3,0
2024-10-29 08:00:00,0.86506,0.86668,0.86495,0.86603,6362,11,0
2024-10-29 12:00:00,0.86603,0.86977,0.86586,0.86871,7823,8,0
2024-10-29 16:00:00,0.86876,0.86965,0.86672,0.86767,10637,9,0
2024-10-29 20:00:00,0.86767,0.86791,0.86652,0.86715,4555,9,0
2024-10-30 00:00:00,0.86709,0.86744,0.86678,0.86737,3100,8,0
2024-10-30 04:00:00,0.8674,0.86775,0.86711,0.86712,4021,4,0
2024-10-30 08:00:00,0.86712,0.8676,0.86585,0.8667,6880,11,0
2024-10-30 12:00:00,0.86669,0.86931,0.86596,0.86645,8765,0,0
2024-10-30 16:00:00,0.86645,0.86718,0.86562,0.86584,9353,9,0
2024-10-30 20:00:00,0.86584,0.86687,0.86534,0.8662,4340,4,0
2024-10-31 00:00:00,0.86606,0.86646,0.86585,0.86632,2923,2,0
2024-10-31 04:00:00,0.86632,0.86635,0.86516,0.86536,4214,4,0
2024-10-31 08:00:00,0.86536,0.86614,0.86445,0.86521,8359,10,0
2024-10-31 12:00:00,0.86517,0.86632,0.86364,0.86498,9991,9,0
2024-10-31 16:00:00,0.86498,0.86596,0.8638,0.8652,11641,4,0
2024-10-31 20:00:00,0.8652,0.86525,0.86223,0.86371,6289,6,0
2024-11-01 00:00:00,0.86376,0.86391,0.86317,0.86353,3533,10,0
2024-11-01 04:00:00,0.86352,0.86431,0.86351,0.86415,5279,4,0
2024-11-01 08:00:00,0.86414,0.86928,0.86387,0.86801,6824,8,0
2024-11-01 12:00:00,0.868,0.8684,0.86385,0.86733,9973,3,0
2024-11-01 16:00:00,0.86701,0.87081,0.86701,0.87046,10159,3,0
2024-11-01 20:00:00,0.87046,0.87105,0.86949,0.86963,4390,9,0
2024-11-04 00:00:00,0.86696,0.86806,0.86524,0.86549,4174,8,0
2024-11-04 04:00:00,0.86547,0.8656,0.86419,0.86507,4146,3,0
2024-11-04 08:00:00,0.86507,0.86593,0.86304,0.86356,6824,8,0
2024-11-04 12:00:00,0.86356,0.86404,0.86196,0.8631,6451,10,0
2024-11-04 16:00:00,0.8631,0.86369,0.86143,0.86293,8578,13,0
2024-11-04 20:00:00,0.86293,0.86429,0.86284,0.8637,4572,6,0
2024-11-05 00:00:00,0.86426,0.86428,0.86302,0.86399,3079,9,0
2024-11-05 04:00:00,0.86399,0.86447,0.86394,0.86405,3907,1,0
2024-11-05 08:00:00,0.86405,0.8644,0.86166,0.86205,5523,3,0
2024-11-05 12:00:00,0.86204,0.86322,0.86155,0.86313,5218,3,0
2024-11-05 16:00:00,0.86315,0.8646,0.86266,0.86285,8975,5,0
2024-11-05 20:00:00,0.86283,0.86357,0.8621,0.8629,5681,8,0
2024-11-06 00:00:00,0.86276,0.86995,0.86192,0.86903,12133,8,0
2024-11-06 04:00:00,0.86903,0.87533,0.86827,0.87139,18123,8,0
2024-11-06 08:00:00,0.87136,0.87486,0.87103,0.87416,16328,8,0
2024-11-06 12:00:00,0.87417,0.8773,0.87378,0.87623,13143,10,0
2024-11-06 16:00:00,0.87624,0.87673,0.87402,0.87625,13202,8,0
2024-11-06 20:00:00,0.87626,0.87667,0.87486,0.8761,7435,5,0
2024-11-07 00:00:00,0.87514,0.87737,0.87514,0.87645,4956,10,0
2024-11-07 04:00:00,0.87645,0.87652,0.87501,0.87503,4886,13,0
2024-11-07 08:00:00,0.87503,0.87656,0.87357,0.87618,8629,8,0
2024-11-07 12:00:00,0.87618,0.87721,0.87371,0.87395,8993,9,0
2024-11-07 16:00:00,0.87396,0.87488,0.8709,0.87219,10655,8,0
2024-11-07 20:00:00,0.87219,0.87513,0.87157,0.8722,9510,9,0
2024-11-08 00:00:00,0.87142,0.87366,0.87039,0.87282,3824,12,0
2024-11-08 04:00:00,0.87283,0.87337,0.87242,0.87298,4221,8,0
2024-11-08 08:00:00,0.87297,0.87375,0.87146,0.8715,8173,9,0
2024-11-08 12:00:00,0.8715,0.87387,0.87007,0.87381,8344,12,0
2024-11-08 16:00:00,0.87382,0.87672,0.87251,0.87615,10192,9,0
2024-11-08 20:00:00,0.87615,0.87686,0.87532,0.8754,5706,9,0
2024-11-11 00:00:00,0.8755,0.87669,0.8747,0.8762,3985,9,0
2024-11-11 04:00:00,0.8762,0.87737,0.87585,0.87673,4499,7,0
2024-11-11 08:00:00,0.87673,0.87922,0.87648,0.87828,7376,8,0
2024-11-11 12:00:00,0.87829,0.88066,0.87817,0.87973,6343,4,0
2024-11-11 16:00:00,0.8797,0.88072,0.8791,0.88016,7568,9,0
2024-11-11 20:00:00,0.88016,0.88091,0.8788,0.8801,4499,7,0
2024-11-12 00:00:00,0.8792,0.8815,0.87846,0.88149,3218,12,0
2024-11-12 04:00:00,0.88147,0.88168,0.88081,0.88129,4628,8,0
2024-11-12 08:00:00,0.88129,0.8828,0.88082,0.88247,7990,8,0
2024-11-12 12:00:00,0.88251,0.88302,0.88021,0.88124,8294,8,0
2024-11-12 16:00:00,0.88123,0.88356,0.88117,0.8825,9412,9,0
2024-11-12 20:00:00,0.88249,0.88272,0.8811,0.8812,5516,7,0
2024-11-13 00:00:00,0.8813,0.8828,0.88025,0.8818,4032,11,0
2024-11-13 04:00:00,0.88179,0.88294,0.88163,0.88277,4187,3,0
2024-11-13 08:00:00,0.88277,0.88408,0.88224,0.88252,6922,8,0
2024-11-13 12:00:00,0.88252,0.88348,0.87963,0.88126,8494,8,0
2024-11-13 16:00:00,0.88127,0.88526,0.88068,0.88507,13150,8,0
2024-11-13 20:00:00,0.88507,0.88631,0.885,0.8854,6081,9,0
2024-11-14 00:00:00,0.88441,0.88669,0.88435,0.88645,3890,6,0
2024-11-14 04:00:00,0.88645,0.8878,0.88636,0.88738,4615,6,0
2024-11-14 08:00:00,0.88738,0.8895,0.8865,0.88928,7056,10,0
2024-11-14 12:00:00,0.88928,0.89091,0.88836,0.88997,9517,8,0
2024-11-14 16:00:00,0.89,0.89018,0.88648,0.8877,11395,12,0
2024-11-14 20:00:00,0.88767,0.8917,0.88761,0.8899,7854,2,0
2024-11-15 00:00:00,0.88913,0.89072,0.88908,0.89004,4353,10,0
2024-11-15 04:00:00,0.89004,0.89004,0.88899,0.88919,4769,7,0
2024-11-15 08:00:00,0.88919,0.88946,0.88675,0.88827,8247,8,0
2024-11-15 12:00:00,0.88827,0.88947,0.88657,0.88841,9432,9,0
2024-11-15 16:00:00,0.88844,0.88991,0.88633,0.88678,12939,9,0
2024-11-15 20:00:00,0.88677,0.88867,0.88587,0.88805,7038,7,0
2024-11-18 00:00:00,0.88638,0.88866,0.88607,0.88765,5249,9,0
2024-11-18 04:00:00,0.88765,0.8883,0.88726,0.8876,4145,7,0
2024-11-18 08:00:00,0.8876,0.88768,0.8854,0.8859,7149,3,0
2024-11-18 12:00:00,0.8859,0.88811,0.88573,0.88574,7194,9,0
2024-11-18 16:00:00,0.88574,0.88644,0.88388,0.88415,8550,10,0
2024-11-18 20:00:00,0.88415,0.88439,0.8825,0.8826,4509,7,0
2024-11-19 00:00:00,0.8825,0.88354,0.88168,0.88294,3858,6,0
2024-11-19 04:00:00,0.88294,0.88385,0.88269,0.8838,4082,6,0
2024-11-19 08:00:00,0.8838,0.8843,0.88238,0.88353,9791,9,0
2024-11-19 12:00:00,0.88355,0.88367,0.8801,0.88073,9657,8,0
2024-11-19 16:00:00,0.88079,0.88317,0.88058,0.88316,11071,8,0
2024-11-19 20:00:00,0.88318,0.88441,0.8819,0.8819,4900,7,0
2024-11-20 00:00:00,0.8813,0.8831,0.88053,0.88257,3400,8,0
2024-11-20 04:00:00,0.88259,0.88372,0.88244,0.88354,3076,3,0
2024-11-20 08:00:00,0.88355,0.8857,0.88341,0.88542,7086,3,0
2024-11-20 12:00:00,0.88542,0.88616,0.88417,0.88444,6908,9,0
2024-11-20 16:00:00,0.88444,0.88586,0.88358,0.88416,8745,13,0
2024-11-20 20:00:00,0.88417,0.88487,0.8838,0.8839,4535,7,0
2024-11-21 00:00:00,0.8842,0.8842,0.88299,0.88333,3182,8,0
2024-11-21 04:00:00,0.88332,0.88333,0.88247,0.8831,4168,3,0
2024-11-21 08:00:00,0.88308,0.88408,0.88204,0.88407,9371,5,0
2024-11-21 12:00:00,0.88405,0.88429,0.88268,0.8833,7992,8,0
2024-11-21 16:00:00,0.88332,0.88692,0.88246,0.88589,11853,8,0
2024-11-21 20:00:00,0.88589,0.88695,0.88589,0.8864,5650,7,0
2024-11-22 00:00:00,0.88661,0.88692,0.88595,0.8864,4124,12,0
2024-11-22 04:00:00,0.88641,0.88685,0.8859,0.88674,4167,3,0
2024-11-22 08:00:00,0.88676,0.89094,0.8851,0.88898,10153,9,0
2024-11-22 12:00:00,0.88895,0.89373,0.88768,0.893,9076,8,0
2024-11-22 16:00:00,0.89304,0.89567,0.8925,0.89339,11693,8,0
2024-11-22 20:00:00,0.89339,0.89474,0.89332,0.89399,5511,5,0
2024-11-25 00:00:00,0.88882,0.89153,0.88882,0.89011,5697,8,0
2024-11-25 04:00:00,0.89011,0.89133,0.8891,0.89068,4046,6,0
2024-11-25 08:00:00,0.89068,0.89164,0.88859,0.88887,8529,3,0
2024-11-25 12:00:00,0.88889,0.89051,0.88635,0.88685,8752,12,0
2024-11-25 16:00:00,0.88683,0.88794,0.88481,0.88714,11044,8,0
2024-11-25 20:00:00,0.88715,0.88717,0.88509,0.8859,6435,3,0
2024-11-26 00:00:00,0.88545,0.88936,0.88533,0.88778,8127,8,0
2024-11-26 04:00:00,0.88778,0.88823,0.88618,0.88698,4997,2,0
2024-11-26 08:00:00,0.88699,0.88766,0.88545,0.88589,7913,4,0
2024-11-26 12:00:00,0.88589,0.88668,0.88419,0.88653,9383,9,0
2024-11-26 16:00:00,0.88653,0.88842,0.88636,0.88792,10925,9,0
2024-11-26 20:00:00,0.88792,0.88863,0.8862,0.8862,6484,8,0
2024-11-27 00:00:00,0.88636,0.88669,0.88537,0.88564,5004,11,0
2024-11-27 04:00:00,0.88565,0.88613,0.88545,0.88577,3924,5,0
2024-11-27 08:00:00,0.88577,0.8858,0.88158,0.88281,8730,11,0
2024-11-27 12:00:00,0.88281,0.8841,0.88145,0.88149,10029,9,0
2024-11-27 16:00:00,0.88148,0.88362,0.87972,0.88102,11933,8,0
2024-11-27 20:00:00,0.88103,0.88232,0.88066,0.8811,5244,5,0
2024-11-28 00:00:00,0.88175,0.88349,0.88027,0.88285,4247,2,0
2024-11-28 04:00:00,0.88281,0.88373,0.88266,0.88339,3485,3,0
2024-11-28 08:00:00,0.88343,0.88466,0.88289,0.88462,7351,8,0
2024-11-28 12:00:00,0.88462,0.88476,0.88304,0.88344,5432,10,0
2024-11-28 16:00:00,0.88344,0.88385,0.88246,0.88295,5248,4,0
2024-11-28 20:00:00,0.88295,0.88311,0.8823,0.883,1030,7,0
2024-11-29 00:00:00,0.8823,0.88283,0.88011,0.88106,5644,12,0
2024-11-29 04:00:00,0.88106,0.88169,0.88084,0.88154,5466,8,0
2024-11-29 08:00:00,0.88155,0.88187,0.8795,0.88109,7750,9,0
2024-11-29 12:00:00,0.88108,0.88209,0.88012,0.88056,7255,9,0
2024-11-29 16:00:00,0.88056,0.88272,0.88023,0.88097,9448,3,0
2024-11-29 20:00:00,0.88096,0.88125,0.87997,0.88051,7671,9,0
2024-12-02 00:00:00,0.8804,0.88405,0.879,0.88395,5059,9,0
2024-12-02 04:00:00,0.88395,0.88534,0.88382,0.88486,4838,9,0
2024-12-02 08:00:00,0.88487,0.88611,0.88346,0.88589,8619,10,0
2024-12-02 12:00:00,0.88592,0.88714,0.88474,0.88644,8092,12,0
2024-12-02 16:00:00,0.88642,0.8889,0.8859,0.88696,11461,10,0
2024-12-02 20:00:00,0.88696,0.88733,0.88512,0.8862,6325,7,0
2024-12-03 00:00:00,0.88567,0.88797,0.88507,0.88776,4099,11,0
2024-12-03 04:00:00,0.88776,0.88881,0.88762,0.88797,4021,4,0
2024-12-03 08:00:00,0.88797,0.88842,0.88435,0.88521,7536,9,0
2024-12-03 12:00:00,0.88521,0.88571,0.88293,0.88331,6929,9,0
2024-12-03 16:00:00,0.88329,0.88633,0.88323,0.88493,11440,9,0
2024-12-03 20:00:00,0.88496,0.88636,0.8843,0.886,5632,5,0
2024-12-04 00:00:00,0.88544,0.88753,0.88536,0.88688,3622,9,0
2024-12-04 04:00:00,0.88689,0.88742,0.88564,0.8861,4540,5,0
2024-12-04 08:00:00,0.88609,0.8879,0.88527,0.88702,7324,13,0
2024-12-04 12:00:00,0.88702,0.88737,0.88565,0.88709,7304,12,0
2024-12-04 16:00:00,0.88709,0.88752,0.88261,0.8829,10189,8,0
2024-12-04 20:00:00,0.88289,0.88472,0.88285,0.8839,6028,6,0
2024-12-05 00:00:00,0.88367,0.88456,0.88323,0.88425,3397,2,0
2024-12-05 04:00:00,0.88425,0.88444,0.88334,0.88346,3440,4,0
2024-12-05 08:00:00,0.88346,0.88526,0.88305,0.88485,6080,10,0
2024-12-05 12:00:00,0.88485,0.88501,0.88096,0.88155,7075,10,0
2024-12-05 16:00:00,0.88155,0.88163,0.87882,0.87959,9496,8,0
2024-12-05 20:00:00,0.87961,0.88043,0.87786,0.8783,4718,5,0
2024-12-06 00:00:00,0.8802,0.8802,0.877,0.87914,4434,7,0
2024-12-06 04:00:00,0.87914,0.87914,0.87822,0.87911,3938,1,0
2024-12-06 08:00:00,0.87912,0.87962,0.87795,0.87881,5531,1,0
2024-12-06 12:00:00,0.87878,0.87888,0.87357,0.87506,7874,1,0
2024-12-06 16:00:00,0.87503,0.87891,0.87465,0.87866,11625,2,0
2024-12-06 20:00:00,0.87869,0.87966,0.87815,0.87817,4855,5,0
2024-12-09 00:00:00,0.8772,0.87923,0.8772,0.87909,3666,5,0
2024-12-09 04:00:00,0.87908,0.88033,0.87877,0.88009,3505,0,0
2024-12-09 08:00:00,0.8801,0.88018,0.87887,0.87962,5989,8,0
2024-12-09 12:00:00,0.87957,0.87981,0.87812,0.87848,5951,9,0
2024-12-09 16:00:00,0.87847,0.87916,0.87583,0.87824,7891,1,0
2024-12-09 20:00:00,0.87824,0.87924,0.87796,0.8785,4168,7,0
2024-12-10 00:00:00,0.8784,0.87917,0.87751,0.87859,3444,7,0
2024-12-10 04:00:00,0.87859,0.87866,0.8771,0.8772,4652,5,0
2024-12-10 08:00:00,0.87718,0.88071,0.87704,0.88038,6309,0,0
2024-12-10 12:00:00,0.8804,0.88067,0.8794,0.87985,6553,9,0
2024-12-10 16:00:00,0.87976,0.88295,0.87947,0.88273,8562,9,0
2024-12-10 20:00:00,0.88274,0.88321,0.8818,0.8819,5314,3,0
2024-12-11 00:00:00,0.88137,0.88322,0.88137,0.88298,3246,6,0
2024-12-11 04:00:00,0.88298,0.88379,0.88262,0.88347,3336,2,0
2024-12-11 08:00:00,0.88347,0.88536,0.88328,0.88422,7475,1,0
2024-12-11 12:00:00,0.88423,0.88471,0.88107,0.88183,8254,8,0
2024-12-11 16:00:00,0.88182,0.88482,0.88147,0.88469,10097,8,0
2024-12-11 20:00:00,0.8847,0.88529,0.8831,0.8838,5265,5,0
2024-12-12 00:00:00,0.8841,0.8841,0.88284,0.88346,3393,2,0
2024-12-12 04:00:00,0.88346,0.88422,0.88342,0.88384,3466,1,0
2024-12-12 08:00:00,0.88383,0.88923,0.88158,0.88651,7685,8,0
2024-12-12 12:00:00,0.88654,0.88985,0.8855,0.88865,8026,8,0
2024-12-12 16:00:00,0.8886,0.89012,0.88669,0.88909,11076,8,0
2024-12-12 20:00:00,0.88908,0.89276,0.88904,0.8916,5847,9,0
2024-12-13 00:00:00,0.89126,0.89267,0.89126,0.89249,3704,9,0
2024-12-13 04:00:00,0.89249,0.89301,0.89217,0.89219,3614,2,0
2024-12-13 08:00:00,0.89218,0.89443,0.89217,0.8944,6129,2,0
2024-12-13 12:00:00,0.89439,0.89453,0.89143,0.89207,7084,11,0
2024-12-13 16:00:00,0.89207,0.89417,0.89196,0.89243,8191,1,0
2024-12-13 20:00:00,0.89243,0.89299,0.89182,0.89245,4321,5,0
2024-12-16 00:00:00,0.89202,0.89332,0.89102,0.89121,3694,7,0
2024-12-16 04:00:00,0.8912,0.89149,0.89033,0.89048,3695,5,0
2024-12-16 08:00:00,0.89048,0.89178,0.8898,0.8904,6530,13,0
2024-12-16 12:00:00,0.89039,0.89356,0.89013,0.89306,5621,2,0
2024-12-16 16:00:00,0.89305,0.8948,0.89215,0.89389,8244,10,0
2024-12-16 20:00:00,0.89389,0.89474,0.89347,0.8939,5107,7,0
2024-12-17 00:00:00,0.89354,0.8944,0.8931,0.89315,3271,7,0
2024-12-17 04:00:00,0.89315,0.89521,0.89295,0.89453,3473,4,0
2024-12-17 08:00:00,0.89453,0.89737,0.89442,0.89733,6261,1,0
2024-12-17 12:00:00,0.89732,0.89743,0.8952,0.89541,6519,12,0
2024-12-17 16:00:00,0.89542,0.89559,0.89177,0.8919,8690,9,0
2024-12-17 20:00:00,0.89192,0.89295,0.89142,0.8925,4043,3,0
2024-12-18 00:00:00,0.89195,0.89278,0.89048,0.89226,2837,7,0
2024-12-18 04:00:00,0.89225,0.89289,0.89206,0.89232,3143,5,0
2024-12-18 08:00:00,0.89232,0.89417,0.89166,0.8937,5557,2,0
2024-12-18 12:00:00,0.89369,0.8945,0.89302,0.89336,5704,10,0
2024-12-18 16:00:00,0.89336,0.89398,0.89208,0.89276,7520,9,0
2024-12-18 20:00:00,0.89275,0.90199,0.8917,0.9007,10579,8,0
2024-12-19 00:00:00,0.9013,0.90212,0.8996,0.89981,5228,10,0
2024-12-19 04:00:00,0.8998,0.90108,0.89937,0.89951,5365,3,0
2024-12-19 08:00:00,0.8995,0.90019,0.89599,0.89614,9990,8,0
2024-12-19 12:00:00,0.89614,0.89721,0.89513,0.89717,9419,8,0
2024-12-19 16:00:00,0.89708,0.89956,0.89681,0.89938,11364,12,0
2024-12-19 20:00:00,0.89938,0.89971,0.89767,0.8986,6108,6,0
2024-12-20 00:00:00,0.8989,0.89911,0.89661,0.89806,4559,3,0
2024-12-20 04:00:00,0.89806,0.89863,0.89747,0.89767,4826,13,0
2024-12-20 08:00:00,0.89768,0.89862,0.89476,0.89524,7625,9,0
2024-12-20 12:00:00,0.89524,0.89527,0.8929,0.8939,7618,9,0
2024-12-20 16:00:00,0.8939,0.89523,0.89155,0.89221,11103,8,0
2024-12-20 20:00:00,0.89221,0.89331,0.8913,0.89285,4901,4,0
2024-12-23 00:00:00,0.8925,0.89355,0.89103,0.89305,3816,7,0
2024-12-23 04:00:00,0.89304,0.89369,0.89271,0.89365,2845,3,0
2024-12-23 08:00:00,0.89365,0.89545,0.89334,0.89545,4828,2,0
2024-12-23 12:00:00,0.89544,0.8984,0.89498,0.89721,5907,8,0
2024-12-23 16:00:00,0.89719,0.90013,0.89688,0.89914,7876,8,0
2024-12-23 20:00:00,0.89915,0.89919,0.8981,0.8981,3947,6,0
2024-12-24 00:00:00,0.89763,0.89906,0.89737,0.89861,2484,2,0
2024-12-24 04:00:00,0.89861,0.8996,0.89825,0.89848,3002,2,0
2024-12-24 08:00:00,0.89848,0.9008,0.89848,0.90064,4440,1,0
2024-12-24 12:00:00,0.90065,0.90074,0.89947,0.89976,4567,6,0
2024-12-24 16:00:00,0.89976,0.9011,0.89955,0.90095,5882,12,0
2024-12-24 20:00:00,0.90096,0.90115,0.89898,0.89898,2677,7,0
2024-12-25 00:00:00,0.89979,0.89985,0.89975,0.8998,12,200,0
2024-12-26 00:00:00,0.89829,0.90003,0.89745,0.8996,3378,8,0
2024-12-26 04:00:00,0.89959,0.90003,0.89934,0.89971,2289,3,0
2024-12-26 08:00:00,0.8997,0.90038,0.8995,0.89955,3003,2,0
2024-12-26 12:00:00,0.89956,0.90092,0.89931,0.90071,3012,0,0
2024-12-26 16:00:00,0.90071,0.90098,0.89954,0.89968,4970,5,0
2024-12-26 20:00:00,0.89969,0.89969,0.8984,0.8987,4097,4,0
2024-12-27 00:00:00,0.8985,0.89945,0.89802,0.8992,3027,8,0
2024-12-27 04:00:00,0.89921,0.89966,0.89903,0.89962,2296,0,0
2024-12-27 08:00:00,0.89962,0.90115,0.89949,0.8998,4299,1,0
2024-12-27 12:00:00,0.8998,0.90114,0.8995,0.90075,5091,2,0
2024-12-27 16:00:00,0.90071,0.90269,0.90017,0.90253,6709,8,0
2024-12-27 20:00:00,0.90253,0.90264,0.90105,0.90136,3166,7,0
2024-12-30 00:00:00,0.90035,0.90191,0.90026,0.90164,2438,6,0
2024-12-30 04:00:00,0.90164,0.90192,0.90143,0.9017,2895,0,0
2024-12-30 08:00:00,0.9017,0.90394,0.90139,0.90183,4761,13,0
2024-12-30 12:00:00,0.90184,0.90593,0.90095,0.90576,6069,12,0
2024-12-30 16:00:00,0.90581,0.90734,0.90418,0.90509,9077,8,0
2024-12-30 20:00:00,0.90501,0.9051,0.9033,0.9033,4226,5,0
2024-12-31 00:00:00,0.90343,0.90424,0.90215,0.90273,2672,2,0
2024-12-31 04:00:00,0.90273,0.9031,0.90245,0.90296,2460,1,0
2024-12-31 08:00:00,0.90296,0.90394,0.90227,0.90379,4712,9,0
2024-12-31 12:00:00,0.90379,0.90601,0.90364,0.90516,5774,8,0
2024-12-31 16:00:00,0.90514,0.90799,0.90404,0.90773,8304,10,0
2024-12-31 20:00:00,0.90769,0.90786,0.907,0.90707,3258,6,0
2025-01-02 00:00:00,0.90584,0.9078,0.90521,0.90603,3821,11,0
2025-01-02 04:00:00,0.90603,0.90603,0.90422,0.90496,2607,2,0
2025-01-02 08:00:00,0.90495,0.90585,0.90386,0.90475,5828,10,0
2025-01-02 12:00:00,0.90476,0.90895,0.90445,0.90867,8030,11,0
2025-01-02 16:00:00,0.90866,0.91367,0.90779,0.91238,10837,8,0
2025-01-02 20:00:00,0.91235,0.91348,0.91205,0.91214,4533,6,0
2025-01-03 00:00:00,0.91097,0.91242,0.91072,0.9115,2273,4,0
2025-01-03 04:00:00,0.91151,0.91241,0.91086,0.9114,3156,0,0
2025-01-03 08:00:00,0.9114,0.91162,0.90857,0.90913,5823,4,0
2025-01-03 12:00:00,0.90913,0.90982,0.90869,0.9093,5588,12,0
2025-01-03 16:00:00,0.90931,0.91073,0.90798,0.9092,8007,9,0
2025-01-03 20:00:00,0.9092,0.90976,0.90777,0.90818,3849,9,0
2025-01-06 00:00:00,0.90907,0.91044,0.90796,0.90982,3472,8,0
2025-01-06 04:00:00,0.90982,0.90988,0.90908,0.90955,2875,2,0
2025-01-06 08:00:00,0.90955,0.90991,0.90534,0.90595,6418,8,0
2025-01-06 12:00:00,0.90594,0.90668,0.90081,0.90222,10732,8,0
2025-01-06 16:00:00,0.90222,0.90666,0.90164,0.90393,10998,8,0
2025-01-06 20:00:00,0.90393,0.90505,0.90388,0.90446,4617,5,0
2025-01-07 00:00:00,0.90401,0.90595,0.90348,0.90526,3737,8,0
2025-01-07 04:00:00,0.90528,0.90528,0.90328,0.90377,967,12,0
2025-01-07 08:00:00,0.90377,0.90524,0.90221,0.90395,5792,0,0
2025-01-07 12:00:00,0.90396,0.9077,0.90396,0.90694,7137,9,0
2025-01-07 16:00:00,0.90694,0.90956,0.90662,0.90755,11381,11,0
2025-01-07 20:00:00,0.90754,0.90968,0.90742,0.9094,5174,8,0
2025-01-08 00:00:00,0.9093,0.90961,0.90869,0.90905,2996,10,0
2025-01-08 04:00:00,0.90905,0.90953,0.90873,0.90891,3077,4,0
2025-01-08 08:00:00,0.90891,0.91197,0.90884,0.91181,6518,8,0
2025-01-08 12:00:00,0.9118,0.91278,0.91025,0.91027,9655,9,0
2025-01-08 16:00:00,0.91027,0.91191,0.90979,0.91149,8792,9,0
2025-01-08 20:00:00,0.91148,0.91186,0.9105,0.9106,5163,3,0
2025-01-09 00:00:00,0.91016,0.91138,0.91,0.91069,2918,5,0
2025-01-09 04:00:00,0.91069,0.91138,0.90974,0.91065,4151,12,0
2025-01-09 08:00:00,0.91067,0.91305,0.91049,0.91148,7110,11,0
2025-01-09 12:00:00,0.91147,0.91268,0.91072,0.91123,6576,9,0
2025-01-09 16:00:00,0.91124,0.91297,0.91064,0.91265,5834,0,0
2025-01-09 20:00:00,0.91265,0.91289,0.9119,0.91221,2431,4,0
2025-01-10 00:00:00,0.91113,0.91238,0.91099,0.91168,2920,9,0
2025-01-10 04:00:00,0.91168,0.91298,0.9116,0.91294,2929,2,0
2025-01-10 08:00:00,0.91295,0.91341,0.91216,0.91336,5710,10,0
2025-01-10 12:00:00,0.91336,0.91879,0.91299,0.9166,7455,8,0
2025-01-10 16:00:00,0.91667,0.91791,0.91448,0.91643,11800,12,0
2025-01-10 20:00:00,0.91643,0.91755,0.91564,0.91601,4866,8,0
2025-01-13 00:00:00,0.916,0.91733,0.9149,0.91646,3246,8,0
2025-01-13 04:00:00,0.91646,0.91786,0.91625,0.91698,3499,12,0
2025-01-13 08:00:00,0.91698,0.91793,0.91539,0.91695,8078,8,0
2025-01-13 12:00:00,0.91695,0.91712,0.9155,0.91665,7863,9,0
2025-01-13 16:00:00,0.91665,0.92006,0.91664,0.91824,9135,11,0
2025-01-13 20:00:00,0.91824,0.91908,0.91665,0.91697,4429,5,0
2025-01-14 00:00:00,0.91533,0.917,0.91511,0.91626,5031,11,0
2025-01-14 04:00:00,0.91629,0.91692,0.91558,0.91604,4159,5,0
2025-01-14 08:00:00,0.91604,0.91612,0.91288,0.91587,7669,8,0
2025-01-14 12:00:00,0.91593,0.91731,0.91423,0.91625,8121,11,0
2025-01-14 16:00:00,0.91626,0.91693,0.91326,0.91409,10770,11,0
2025-01-14 20:00:00,0.91408,0.91414,0.9119,0.9119,4036,4,0
2025-01-15 00:00:00,0.91154,0.91273,0.91147,0.91231,2912,6,0
2025-01-15 04:00:00,0.91231,0.91286,0.91191,0.91253,2965,0,0
2025-01-15 08:00:00,0.91253,0.9126,0.91092,0.91171,6657,1,0
2025-01-15 12:00:00,0.91172,0.91237,0.90802,0.9093,7597,9,0
2025-01-15 16:00:00,0.90923,0.91457,0.90916,0.91304,11713,8,0
2025-01-15 20:00:00,0.913,0.91339,0.9123,0.9123,4241,5,0
2025-01-16 00:00:00,0.91195,0.9128,0.91175,0.91216,3856,5,0
2025-01-16 04:00:00,0.91211,0.91283,0.91119,0.91273,4285,2,0
2025-01-16 08:00:00,0.91274,0.91279,0.91049,0.91107,6648,9,0
2025-01-16 12:00:00,0.91106,0.91353,0.911,0.91198,7342,12,0
2025-01-16 16:00:00,0.91202,0.91358,0.90997,0.9108,11947,11,0
2025-01-16 20:00:00,0.9108,0.91132,0.9101,0.9103,4909,7,0
2025-01-17 00:00:00,0.90931,0.91133,0.90909,0.91025,3153,5,0
2025-01-17 04:00:00,0.91025,0.91181,0.91009,0.91148,3107,2,0
2025-01-17 08:00:00,0.91148,0.91294,0.90958,0.91115,6056,10,0
2025-01-17 12:00:00,0.91112,0.91331,0.91072,0.91308,6816,9,0
2025-01-17 16:00:00,0.91307,0.91517,0.91084,0.91461,10498,9,0
2025-01-17 20:00:00,0.91461,0.91533,0.91407,0.91451,4116,7,0
2025-01-20 00:00:00,0.9131,0.91518,0.91202,0.91355,3675,8,0
2025-01-20 04:00:00,0.91355,0.91391,0.91262,0.91293,3680,1,0
2025-01-20 08:00:00,0.91293,0.91382,0.91201,0.91375,5714,1,0
2025-01-20 12:00:00,0.91374,0.91451,0.90824,0.90882,6973,0,0
2025-01-20 16:00:00,0.9088,0.91022,0.90671,0.90808,11216,11,0
2025-01-20 20:00:00,0.90809,0.90868,0.9055,0.9062,4570,2,0
2025-01-21 00:00:00,0.90537,0.90976,0.90493,0.90829,8399,11,0
2025-01-21 04:00:00,0.9083,0.90835,0.90623,0.90789,6248,3,0
2025-01-21 08:00:00,0.9079,0.91103,0.90756,0.91053,7411,10,0
2025-01-21 12:00:00,0.91052,0.91141,0.90883,0.90925,8248,9,0
2025-01-21 16:00:00,0.90922,0.90974,0.90631,0.90722,10573,9,0
2025-01-21 20:00:00,0.90722,0.9073,0.9054,0.9055,4564,6,0
2025-01-22 00:00:00,0.90473,0.90727,0.90451,0.90666,5294,11,0
2025-01-22 04:00:00,0.90668,0.90718,0.90631,0.90674,3705,2,0
2025-01-22 08:00:00,0.90674,0.90722,0.90422,0.90428,7590,9,0
2025-01-22 12:00:00,0.90427,0.90631,0.90321,0.90595,7184,10,0
2025-01-22 16:00:00,0.90599,0.90747,0.90586,0.90658,8782,9,0
2025-01-22 20:00:00,0.90659,0.90693,0.90582,0.9063,4137,6,0
2025-01-23 00:00:00,0.90559,0.90649,0.90485,0.90635,3468,8,0
2025-01-23 04:00:00,0.90636,0.90667,0.90599,0.90648,3389,2,0
2025-01-23 08:00:00,0.90648,0.90791,0.90599,0.90719,6494,11,0
2025-01-23 12:00:00,0.90718,0.90881,0.90629,0.90736,6755,8,0
2025-01-23 16:00:00,0.90733,0.91079,0.90606,0.90618,10167,2,0
2025-01-23 20:00:00,0.90617,0.90746,0.90609,0.9068,4614,6,0
2025-01-24 00:00:00,0.90637,0.90764,0.90521,0.9071,2964,4,0
2025-01-24 04:00:00,0.90709,0.90712,0.90466,0.90506,7282,11,0
2025-01-24 08:00:00,0.90503,0.90588,0.90269,0.90415,10726,8,0
2025-01-24 12:00:00,0.90416,0.90702,0.90412,0.90624,7533,11,0
2025-01-24 16:00:00,0.90624,0.90709,0.90395,0.90502,9680,9,0
2025-01-24 20:00:00,0.90502,0.90638,0.9048,0.90545,3862,4,0
2025-01-27 00:00:00,0.90467,0.90717,0.90467,0.90645,4374,10,0
2025-01-27 04:00:00,0.90646,0.90726,0.90594,0.90668,4190,5,0
2025-01-27 08:00:00,0.90668,0.90719,0.90127,0.90146,9024,10,0
2025-01-27 12:00:00,0.90142,0.90142,0.89647,0.89859,11938,9,0
2025-01-27 16:00:00,0.89861,0.90198,0.89803,0.90104,10678,11,0
2025-01-27 20:00:00,0.90107,0.90222,0.90096,0.9015,5773,6,0
2025-01-28 00:00:00,0.901,0.90528,0.90057,0.90482,6391,11,0
2025-01-28 04:00:00,0.90489,0.90589,0.90451,0.90518,4819,1,0
2025-01-28 08:00:00,0.90518,0.90702,0.90462,0.90572,7626,1,0
2025-01-28 12:00:00,0.90575,0.90674,0.90513,0.90596,7046,9,0
2025-01-28 16:00:00,0.90594,0.90595,0.90398,0.90438,7867,10,0
2025-01-28 20:00:00,0.90437,0.90501,0.9036,0.9036,4396,7,0
2025-01-29 00:00:00,0.90308,0.90435,0.90287,0.90413,2513,3,0
2025-01-29 04:00:00,0.90413,0.90426,0.90311,0.9033,3183,1,0
2025-01-29 08:00:00,0.90327,0.90638,0.90319,0.90628,6672,1,0
2025-01-29 12:00:00,0.90628,0.90811,0.90561,0.90806,7635,9,0
2025-01-29 16:00:00,0.90805,0.90816,0.90561,0.90679,9026,9,0
2025-01-29 20:00:00,0.90678,0.90945,0.9063,0.9066,9123,7,0
2025-01-30 00:00:00,0.90589,0.90696,0.90484,0.90663,4606,3,0
2025-01-30 04:00:00,0.90663,0.90693,0.90619,0.90635,3754,2,0
2025-01-30 08:00:00,0.90636,0.90777,0.90615,0.90758,6265,11,0
2025-01-30 12:00:00,0.90756,0.90888,0.90641,0.90659,8083,10,0
2025-01-30 16:00:00,0.90658,0.90916,0.90585,0.90871,9891,9,0
2025-01-30 20:00:00,0.90868,0.91032,0.90814,0.9091,5842,5,0
2025-01-31 00:00:00,0.90865,0.91042,0.90706,0.90973,5288,2,0
2025-01-31 04:00:00,0.90973,0.91038,0.90943,0.91004,3763,6,0
2025-01-31 08:00:00,0.91004,0.91151,0.90868,0.91065,7141,8,0
2025-01-31 12:00:00,0.91064,0.91118,0.90901,0.90985,7040,9,0
2025-01-31 16:00:00,0.90988,0.9109,0.9071,0.90792,10932,0,0
2025-01-31 20:00:00,0.90792,0.91142,0.90776,0.9107,9784,1,0
2025-02-03 00:00:00,0.91431,0.91673,0.91338,0.91579,9496,8,0
2025-02-03 04:00:00,0.9158,0.91757,0.9158,0.91609,7446,8,0
2025-02-03 08:00:00,0.91611,0.91963,0.9153,0.91728,9898,8,0
2025-02-03 12:00:00,0.91728,0.91749,0.9129,0.91486,9898,8,0
2025-02-03 16:00:00,0.91486,0.91614,0.91026,0.91374,14429,0,0
2025-02-03 20:00:00,0.91374,0.91428,0.90924,0.9098,8038,9,0
2025-02-04 00:00:00,0.90932,0.9125,0.90825,0.91173,4887,6,0
2025-02-04 04:00:00,0.91173,0.91308,0.91117,0.9127,5343,3,0
2025-02-04 08:00:00,0.91269,0.91277,0.90875,0.90961,7606,10,0
2025-02-04 12:00:00,0.90962,0.90996,0.90818,0.90864,6973,9,0
2025-02-04 16:00:00,0.90864,0.90864,0.90498,0.90543,10460,8,0
2025-02-04 20:00:00,0.90544,0.90569,0.9045,0.9047,4476,6,0
2025-02-05 00:00:00,0.90412,0.90588,0.90403,0.90583,4161,7,0
2025-02-05 04:00:00,0.90583,0.90588,0.90438,0.90557,3729,2,0
2025-02-05 08:00:00,0.90556,0.90582,0.90182,0.90249,8152,9,0
2025-02-05 12:00:00,0.90249,0.90332,0.90075,0.90289,7624,9,0
2025-02-05 16:00:00,0.90289,0.90313,0.89993,0.90063,10061,10,0
2025-02-05 20:00:00,0.90064,0.90181,0.90012,0.90157,4464,5,0
2025-02-06 00:00:00,0.9012,0.90182,0.90081,0.90093,3543,6,0
2025-02-06 04:00:00,0.90096,0.90296,0.90074,0.90288,3453,1,0
2025-02-06 08:00:00,0.90288,0.90543,0.90264,0.90527,5825,0,0
2025-02-06 12:00:00,0.90527,0.90604,0.90451,0.90517,7897,12,0
2025-02-06 16:00:00,0.9052,0.90614,0.90454,0.90478,8271,12,0
2025-02-06 20:00:00,0.9048,0.90518,0.90395,0.9047,4700,5,0
2025-02-07 00:00:00,0.90411,0.90578,0.90355,0.90559,3045,2,0
2025-02-07 04:00:00,0.9056,0.90645,0.90549,0.90621,3031,1,0
2025-02-07 08:00:00,0.90621,0.90672,0.9055,0.9059,5071,0,0
2025-02-07 12:00:00,0.90589,0.90988,0.90452,0.90912,7489,3,0
2025-02-07 16:00:00,0.90913,0.91057,0.90681,0.91028,13547,0,0
2025-02-07 20:00:00,0.91028,0.91041,0.90886,0.90973,5157,5,0
2025-02-10 00:00:00,0.91004,0.91183,0.90966,0.9117,4344,11,0
2025-02-10 04:00:00,0.9117,0.91219,0.91083,0.91098,3383,0,0
2025-02-10 08:00:00,0.91098,0.91121,0.90966,0.91017,6083,12,0
2025-02-10 12:00:00,0.91016,0.91108,0.90929,0.90993,6102,9,0
2025-02-10 16:00:00,0.90993,0.91163,0.90972,0.91121,7043,1,0
2025-02-10 20:00:00,0.91121,0.91157,0.9109,0.9109,3876,5,0
2025-02-11 00:00:00,0.91027,0.91153,0.90975,0.91121,2987,5,0
2025-02-11 04:00:00,0.9112,0.91175,0.91116,0.91163,2657,0,0
2025-02-11 08:00:00,0.91163,0.91204,0.91105,0.91175,5311,1,0
2025-02-11 12:00:00,0.91175,0.91394,0.91149,0.91331,5616,9,0
2025-02-11 16:00:00,0.91331,0.91392,0.91231,0.91307,7496,8,0
2025-02-11 20:00:00,0.91307,0.91402,0.91218,0.91323,5118,5,0
2025-02-12 00:00:00,0.9122,0.9134,0.91163,0.91287,3145,2,0
2025-02-12 04:00:00,0.91287,0.91357,0.91251,0.91304,3463,1,0
2025-02-12 08:00:00,0.91304,0.91319,0.91022,0.91046,5955,1,0
2025-02-12 12:00:00,0.91043,0.9155,0.91034,0.9144,7447,8,0
2025-02-12 16:00:00,0.91442,0.915,0.91125,0.91165,12032,1,0
2025-02-12 20:00:00,0.91164,0.91377,0.91152,0.9132,5735,5,0
2025-02-13 00:00:00,0.91261,0.91397,0.91073,0.91308,3414,5,0
2025-02-13 04:00:00,0.91309,0.91334,0.91092,0.91128,4801,1,0
2025-02-13 08:00:00,0.91128,0.91148,0.90699,0.90784,7723,9,0
2025-02-13 12:00:00,0.90784,0.90847,0.90646,0.90752,8337,9,0
2025-02-13 16:00:00,0.90755,0.90841,0.90358,0.9043,9475,1,0
2025-02-13 20:00:00,0.90429,0.90621,0.9026,0.9027,7550,4,0
2025-02-14 00:00:00,0.903,0.90364,0.90171,0.90299,6770,11,0
2025-02-14 04:00:00,0.90298,0.90448,0.9029,0.90433,3438,2,0
2025-02-14 08:00:00,0.90433,0.90486,0.90112,0.90178,7149,9,0
2025-02-14 12:00:00,0.90177,0.9022,0.89853,0.89887,7729,9,0
2025-02-14 16:00:00,0.89886,0.89906,0.89718,0.89799,8448,2,0
2025-02-14 20:00:00,0.89799,0.89972,0.89789,0.89916,4301,4,0
2025-02-17 00:00:00,0.89718,0.90024,0.89716,0.89919,3950,2,0
2025-02-17 04:00:00,0.89919,0.90082,0.89911,0.90029,4923,3,0
2025-02-17 08:00:00,0.90029,0.90077,0.89967,0.90034,5811,12,0
2025-02-17 12:00:00,0.9003,0.90175,0.90026,0.90091,4752,0,0
2025-02-17 16:00:00,0.90089,0.90138,0.9002,0.90059,3676,1,0
2025-02-17 20:00:00,0.90059,0.901,0.90049,0.90058,1699,3,0
2025-02-18 00:00:00,0.89962,0.90207,0.89953,0.90176,3251,2,0
2025-02-18 04:00:00,0.90176,0.90336,0.90146,0.90311,4038,3,0
2025-02-18 08:00:00,0.90312,0.90313,0.8995,0.90032,6136,1,0
2025-02-18 12:00:00,0.9003,0.9022,0.90024,0.90174,5777,12,0
2025-02-18 16:00:00,0.90174,0.90359,0.90112,0.90331,6644,11,0
2025-02-18 20:00:00,0.90332,0.90407,0.9029,0.9029,3815,5,0
2025-02-19 00:00:00,0.90228,0.90431,0.90114,0.9038,3493,2,0
2025-02-19 04:00:00,0.9038,0.90398,0.90288,0.90288,3136,0,0
2025-02-19 08:00:00,0.90288,0.90491,0.90244,0.90442,5203,0,0
2025-02-19 12:00:00,0.90442,0.90506,0.90319,0.90346,6292,1,0
2025-02-19 16:00:00,0.90346,0.90541,0.9023,0.90482,7701,0,0
2025-02-19 20:00:00,0.90482,0.90491,0.9031,0.9041,4422,5,0
2025-02-20 00:00:00,0.90344,0.90461,0.90279,0.90362,4091,2,0
2025-02-20 04:00:00,0.90362,0.90365,0.90242,0.90259,4747,11,0
2025-02-20 08:00:00,0.90259,0.90288,0.90194,0.90201,5896,0,0
2025-02-20 12:00:00,0.90202,0.90301,0.90091,0.90197,6508,1,0
2025-02-20 16:00:00,0.90201,0.90262,0.89805,0.89828,8452,1,0
2025-02-20 20:00:00,0.89831,0.89862,0.89752,0.89779,3904,4,0
2025-02-21 00:00:00,0.89723,0.89952,0.89681,0.89922,3965,2,0
2025-02-21 04:00:00,0.89922,0.89922,0.89771,0.89875,4547,4,0
2025-02-21 08:00:00,0.89876,0.89939,0.89704,0.89889,7254,8,0
2025-02-21 12:00:00,0.89887,0.90042,0.89813,0.89952,5897,9,0
2025-02-21 16:00:00,0.89955,0.90033,0.8974,0.89753,9431,9,0
2025-02-21 20:00:00,0.89753,0.89794,0.89673,0.89673,6435,5,0
2025-02-24 00:00:00,0.89643,0.89848,0.89578,0.89585,5492,10,0
2025-02-24 04:00:00,0.89585,0.89633,0.89532,0.89614,4852,5,0
2025-02-24 08:00:00,0.89618,0.8993,0.89607,0.8991,7416,11,0
2025-02-24 12:00:00,0.8991,0.89974,0.89845,0.89859,6190,9,0
2025-02-24 16:00:00,0.89862,0.8989,0.89615,0.8969,8773,10,0
2025-02-24 20:00:00,0.8969,0.89744,0.8959,0.8966,4839,4,0
2025-02-25 00:00:00,0.89607,0.89775,0.89583,0.8974,3238,4,0
2025-02-25 04:00:00,0.89741,0.8976,0.89685,0.89706,3550,0,0
2025-02-25 08:00:00,0.89706,0.89737,0.89613,0.8962,6692,1,0
2025-02-25 12:00:00,0.89619,0.89689,0.89294,0.89365,7045,9,0
2025-02-25 16:00:00,0.89365,0.89413,0.89118,0.89244,10336,0,0
2025-02-25 20:00:00,0.89243,0.89288,0.89201,0.8925,4979,3,0
2025-02-26 00:00:00,0.89224,0.89303,0.89152,0.89257,3540,7,0
2025-02-26 04:00:00,0.89257,0.89462,0.89245,0.89459,3992,5,0
2025-02-26 08:00:00,0.89459,0.89512,0.89355,0.89462,6600,0,0
2025-02-26 12:00:00,0.89463,0.89641,0.89433,0.89481,7066,11,0
2025-02-26 16:00:00,0.89481,0.89591,0.89243,0.89412,10896,12,0
2025-02-26 20:00:00,0.89412,0.89486,0.89287,0.89457,6746,10,0
2025-02-27 00:00:00,0.8936,0.8953,0.8926,0.89508,3161,7,0
2025-02-27 04:00:00,0.89508,0.89733,0.895,0.89698,3520,1,0
2025-02-27 08:00:00,0.89698,0.89777,0.8958,0.89749,5993,11,0
2025-02-27 12:00:00,0.8975,0.90014,0.8965,0.89994,8231,12,0
2025-02-27 16:00:00,0.89995,0.90051,0.89761,0.89923,11907,11,0
2025-02-27 20:00:00,0.89922,0.89972,0.89885,0.8996,5910,11,0
2025-02-28 00:00:00,0.89877,0.90008,0.89822,0.89885,4065,7,0
2025-02-28 04:00:00,0.89884,0.89938,0.89863,0.89925,4511,11,0
2025-02-28 08:00:00,0.89926,0.90222,0.89921,0.90182,7062,10,0
2025-02-28 12:00:00,0.90183,0.9031,0.90117,0.90196,6859,10,0
2025-02-28 16:00:00,0.90196,0.90297,0.90094,0.90185,10943,11,0
2025-02-28 20:00:00,0.90185,0.90356,0.90157,0.90232,7213,7,0
2025-03-03 00:00:00,0.9016,0.90298,0.9016,0.90202,4555,10,0
2025-03-03 04:00:00,0.90201,0.90222,0.90147,0.90202,3739,1,0
2025-03-03 08:00:00,0.90202,0.90306,0.90025,0.90075,6363,1,0
2025-03-03 12:00:00,0.90072,0.90171,0.89952,0.89979,8019,9,0
2025-03-03 16:00:00,0.89978,0.89978,0.89671,0.89675,10328,9,0
2025-03-03 20:00:00,0.89675,0.89784,0.89603,0.8964,7709,1,0
2025-03-04 00:00:00,0.89638,0.8971,0.89455,0.89576,5391,10,0
2025-03-04 04:00:00,0.89576,0.89672,0.89566,0.89594,5615,12,0
2025-03-04 08:00:00,0.89594,0.89597,0.89051,0.89142,9432,9,0
2025-03-04 12:00:00,0.89143,0.89203,0.88712,0.88898,10446,9,0
2025-03-04 16:00:00,0.88895,0.89124,0.88859,0.88977,12943,9,0
2025-03-04 20:00:00,0.88977,0.89008,0.88807,0.8891,9336,11,0
2025-03-05 00:00:00,0.88864,0.89094,0.88802,0.89081,5041,7,0
2025-03-05 04:00:00,0.89081,0.89127,0.88948,0.8895,5204,0,0
2025-03-05 08:00:00,0.88949,0.88978,0.88556,0.88569,9679,8,0
2025-03-05 12:00:00,0.88571,0.89,0.8856,0.88809,10242,0,0
2025-03-05 16:00:00,0.88812,0.89115,0.88703,0.8907,14358,1,0
2025-03-05 20:00:00,0.89072,0.89141,0.89025,0.8905,7319,5,0
2025-03-06 00:00:00,0.89023,0.89136,0.88943,0.89026,4398,7,0
2025-03-06 04:00:00,0.89027,0.8925,0.89019,0.89078,5780,2,0
2025-03-06 08:00:00,0.89077,0.89123,0.8857,0.88597,11047,9,0
2025-03-06 12:00:00,0.88597,0.8881,0.8845,0.88478,10089,10,0
2025-03-06 16:00:00,0.88478,0.88691,0.88271,0.88443,13518,10,0
2025-03-06 20:00:00,0.88445,0.88448,0.8825,0.8839,7269,5,0
2025-03-07 00:00:00,0.88294,0.88384,0.88211,0.88272,3766,6,0
2025-03-07 04:00:00,0.8827,0.88293,0.88133,0.88134,3973,3,0
2025-03-07 08:00:00,0.88135,0.88186,0.87668,0.87852,7834,2,0
2025-03-07 12:00:00,0.87852,0.88187,0.87772,0.87917,9265,10,0
2025-03-07 16:00:00,0.87923,0.88026,0.87675,0.87899,14337,11,0
2025-03-07 20:00:00,0.87903,0.88102,0.87896,0.87924,7513,8,0
2025-03-10 00:00:00,0.87935,0.87948,0.87649,0.87811,5286,4,0
2025-03-10 04:00:00,0.87812,0.87907,0.87796,0.87827,3493,0,0
2025-03-10 08:00:00,0.87828,0.88026,0.87678,0.87708,7166,11,0
2025-03-10 12:00:00,0.87709,0.87888,0.87576,0.87864,8992,11,0
2025-03-10 16:00:00,0.87859,0.88188,0.87743,0.88129,9430,9,0
2025-03-10 20:00:00,0.88129,0.88211,0.87943,0.88014,4599,6,0
2025-03-11 00:00:00,0.88033,0.88081,0.87723,0.87742,5294,8,0
2025-03-11 04:00:00,0.87742,0.88005,0.87734,0.87992,4633,3,0
2025-03-11 08:00:00,0.87989,0.88142,0.87794,0.88112,8351,10,0
2025-03-11 12:00:00,0.88113,0.88252,0.87906,0.87975,9006,11,0
2025-03-11 16:00:00,0.88037,0.88154,0.87864,0.88004,12189,11,0
2025-03-11 20:00:00,0.88004,0.88349,0.87994,0.88256,6057,2,0
2025-03-12 00:00:00,0.88237,0.88361,0.88195,0.88333,3236,3,0
2025-03-12 04:00:00,0.88333,0.88397,0.88298,0.88343,2848,2,0
2025-03-12 08:00:00,0.88342,0.88384,0.88145,0.88356,6205,12,0
2025-03-12 12:00:00,0.88356,0.88437,0.87997,0.88339,7983,0,0
2025-03-12 16:00:00,0.88339,0.88516,0.88158,0.88195,8648,10,0
2025-03-12 20:00:00,0.88196,0.88258,0.88077,0.88137,3552,3,0
2025-03-13 00:00:00,0.88137,0.88197,0.88091,0.88148,2374,3,0
2025-03-13 04:00:00,0.88148,0.88199,0.88094,0.88148,2909,2,0
2025-03-13 08:00:00,0.8815,0.88298,0.8803,0.88212,6242,11,0
2025-03-13 12:00:00,0.88208,0.88478,0.88071,0.88388,7845,9,0
2025-03-13 16:00:00,0.88385,0.88543,0.88308,0.88383,9049,10,0
2025-03-13 20:00:00,0.88383,0.88394,0.88071,0.8817,5551,5,0
2025-03-14 00:00:00,0.88169,0.8838,0.88137,0.88379,3400,6,0
2025-03-14 04:00:00,0.88379,0.88451,0.88332,0.88348,3771,2,0
2025-03-14 08:00:00,0.88348,0.88462,0.88291,0.88454,6883,2,0
2025-03-14 12:00:00,0.88454,0.88635,0.88333,0.88543,8546,9,0
2025-03-14 16:00:00,0.88551,0.88591,0.88418,0.88491,7916,12,0
2025-03-14 20:00:00,0.88492,0.88521,0.88438,0.88476,2903,3,0
2025-03-17 00:00:00,0.88497,0.88518,0.88373,0.88424,3690,8,0
2025-03-17 04:00:00,0.88425,0.88465,0.88375,0.88428,3037,1,0
2025-03-17 08:00:00,0.88428,0.88459,0.88257,0.88262,5689,10,0
2025-03-17 12:00:00,0.88261,0.8834,0.88132,0.88188,7218,0,0
2025-03-17 16:00:00,0.88179,0.8821,0.87972,0.88063,7027,12,0
2025-03-17 20:00:00,0.88065,0.88105,0.87955,0.88022,3071,5,0
2025-03-18 00:00:00,0.88023,0.88158,0.8802,0.88142,2730,4,0
2025-03-18 04:00:00,0.88142,0.8815,0.88071,0.88123,2236,0,0
2025-03-18 08:00:00,0.88123,0.88181,0.87912,0.87948,5598,9,0
2025-03-18 12:00:00,0.87949,0.88063,0.87878,0.87919,7220,0,0
2025-03-18 16:00:00,0.87916,0.87944,0.87586,0.87616,8250,10,0
2025-03-18 20:00:00,0.87617,0.87745,0.87565,0.87665,3422,4,0
2025-03-19 00:00:00,0.87671,0.87757,0.87578,0.87721,2394,2,0
2025-03-19 04:00:00,0.87721,0.87755,0.87669,0.87703,2432,3,0
2025-03-19 08:00:00,0.87703,0.87842,0.87663,0.87832,6254,0,0
2025-03-19 12:00:00,0.87833,0.88026,0.87793,0.88001,6120,10,0
2025-03-19 16:00:00,0.88,0.88086,0.87928,0.87994,5876,10,0
2025-03-19 20:00:00,0.88027,0.88034,0.87573,0.87725,6384,5,0
2025-03-20 00:00:00,0.87725,0.87734,0.87599,0.87643,3654,3,0
2025-03-20 04:00:00,0.87642,0.87717,0.87551,0.87639,4830,4,0
2025-03-20 08:00:00,0.87639,0.8827,0.87603,0.88204,7725,5,0
2025-03-20 12:00:00,0.88202,0.88391,0.8805,0.8835,8607,9,0
2025-03-20 16:00:00,0.88351,0.88421,0.88149,0.88209,6698,12,0
2025-03-20 20:00:00,0.88209,0.88223,0.88039,0.88125,3337,3,0
2025-03-21 00:00:00,0.88168,0.88254,0.88101,0.88233,3021,2,0
2025-03-21 04:00:00,0.88233,0.88394,0.8821,0.88364,3111,3,0
2025-03-21 08:00:00,0.88365,0.88395,0.88271,0.88312,5206,9,0
2025-03-21 12:00:00,0.88312,0.88312,0.8796,0.88179,7516,5,0
2025-03-21 16:00:00,0.88178,0.88359,0.88138,0.88281,7272,11,0
2025-03-21 20:00:00,0.88277,0.88352,0.88224,0.88224,2728,6,0
2025-03-24 00:00:00,0.88232,0.88386,0.88228,0.88353,3063,3,0
2025-03-24 04:00:00,0.88353,0.88388,0.88336,0.88361,2379,5,0
2025-03-24 08:00:00,0.88363,0.88364,0.8815,0.88171,5458,3,0
2025-03-24 12:00:00,0.88169,0.88324,0.87984,0.88309,10025,12,0
2025-03-24 16:00:00,0.88313,0.88447,0.8818,0.88351,10567,19,0
2025-03-24 20:00:00,0.8835,0.88366,0.88165,0.88258,4817,19,0
2025-03-25 00:00:00,0.88249,0.88317,0.88242,0.88286,4173,20,0
2025-03-25 04:00:00,0.88287,0.88335,0.8825,0.88265,2955,19,0
2025-03-25 08:00:00,0.88265,0.88477,0.88264,0.88351,7677,19,0
2025-03-25 12:00:00,0.88351,0.88357,0.87993,0.88058,9994,19,0
2025-03-25 16:00:00,0.88055,0.88204,0.88023,0.88127,9548,19,0
2025-03-25 20:00:00,0.88125,0.88265,0.88125,0.88237,3349,19,0
2025-03-26 00:00:00,0.88237,0.88331,0.88222,0.88254,4552,20,0
2025-03-26 04:00:00,0.88254,0.88402,0.88243,0.88347,3377,19,0
2025-03-26 08:00:00,0.88347,0.88405,0.88303,0.88354,7104,19,0
2025-03-26 12:00:00,0.88354,0.8846,0.8828,0.88395,9372,19,0
2025-03-26 16:00:00,0.88395,0.88495,0.88299,0.88454,10390,19,0
2025-03-26 20:00:00,0.88454,0.88482,0.88277,0.88426,3772,3,0
2025-03-27 00:00:00,0.88423,0.88479,0.88284,0.88307,5520,19,0
2025-03-27 04:00:00,0.88307,0.88308,0.88187,0.88291,4187,19,0
2025-03-27 08:00:00,0.88291,0.88467,0.88272,0.88422,9055,19,0
2025-03-27 12:00:00,0.8842,0.88458,0.88191,0.88299,10432,19,0
2025-03-27 16:00:00,0.88299,0.88388,0.88029,0.8821,10817,19,0
2025-03-27 20:00:00,0.8821,0.88237,0.88002,0.88138,5483,19,0
2025-03-28 00:00:00,0.88113,0.88239,0.88113,0.88203,4594,19,0
2025-03-28 04:00:00,0.88204,0.88268,0.8818,0.88203,3515,20,0
2025-03-28 08:00:00,0.88204,0.88321,0.88099,0.88247,6473,19,0
2025-03-28 12:00:00,0.8825,0.88333,0.88166,0.88189,10455,19,0
2025-03-28 16:00:00,0.88194,0.88203,0.87984,0.88181,10642,19,0
2025-03-28 20:00:00,0.88181,0.8822,0.88009,0.88017,3100,19,0
2025-03-31 00:00:00,0.87907,0.88114,0.87762,0.87884,5992,19,0
2025-03-31 04:00:00,0.87887,0.87933,0.87827,0.87895,4831,19,0
2025-03-31 08:00:00,0.87896,0.88154,0.878,0.88063,9203,19,0
2025-03-31 12:00:00,0.88063,0.88204,0.88039,0.88202,8231,19,0
2025-03-31 16:00:00,0.88203,0.88521,0.88119,0.88431,12757,19,0
2025-03-31 20:00:00,0.88431,0.88542,0.88334,0.88362,4405,19,0
2025-04-01 00:00:00,0.88345,0.88436,0.8831,0.88333,3264,2,0
2025-04-01 04:00:00,0.88331,0.88353,0.88256,0.88279,3273,19,0
2025-04-01 08:00:00,0.88277,0.88428,0.8824,0.88246,6966,19,0
2025-04-01 12:00:00,0.88246,0.88324,0.88169,0.8831,9337,19,0
2025-04-01 16:00:00,0.88311,0.8837,0.88157,0.88306,12726,19,0
2025-04-01 20:00:00,0.8831,0.88409,0.88306,0.88343,4868,19,0
2025-04-02 00:00:00,0.88204,0.88389,0.88203,0.88358,3528,19,0
2025-04-02 04:00:00,0.88356,0.88416,0.88306,0.88359,3056,19,0
2025-04-02 08:00:00,0.88359,0.88469,0.88351,0.8843,6237,19,0
2025-04-02 12:00:00,0.8843,0.88475,0.88271,0.88279,8895,19,0
2025-04-02 16:00:00,0.88279,0.88373,0.8814,0.8834,12775,19,0
2025-04-02 20:00:00,0.8834,0.88395,0.88099,0.88135,11515,19,0
2025-04-03 00:00:00,0.88118,0.88248,0.87625,0.87807,15211,19,0
2025-04-03 04:00:00,0.87807,0.87854,0.8749,0.87595,11746,19,0
2025-04-03 08:00:00,0.87595,0.876,0.8652,0.866,19791,19,0
2025-04-03 12:00:00,0.866,0.86637,0.85839,0.85919,24111,19,0
2025-04-03 16:00:00,0.85915,0.86077,0.85468,0.8599,26232,4,0
2025-04-03 20:00:00,0.85991,0.86176,0.85884,0.85904,12077,19,0
2025-04-04 00:00:00,0.85897,0.85953,0.85713,0.85742,6981,19,0
2025-04-04 04:00:00,0.85742,0.85807,0.85265,0.853,10377,19,0
2025-04-04 08:00:00,0.853,0.85695,0.8523,0.85547,18565,19,0
2025-04-04 12:00:00,0.85548,0.8562,0.84757,0.85272,31992,19,0
2025-04-04 16:00:00,0.85271,0.85902,0.85021,0.85842,35545,19,0
2025-04-04 20:00:00,0.85842,0.86244,0.85797,0.85975,21229,19,0
2025-04-07 00:00:00,0.85419,0.8557,0.84951,0.85382,18752,19,0
2025-04-07 04:00:00,0.85382,0.85828,0.85241,0.85272,17360,19,0
2025-04-07 08:00:00,0.85271,0.85418,0.84499,0.85107,26981,19,0
2025-04-07 12:00:00,0.85104,0.85858,0.85089,0.85628,27839,19,0
2025-04-07 16:00:00,0.85624,0.86725,0.85377,0.85839,35058,19,0
2025-04-07 20:00:00,0.85835,0.86043,0.85543,0.85898,22065,5,0
2025-04-08 00:00:00,0.85825,0.86045,0.85723,0.85738,10703,19,0
2025-04-08 04:00:00,0.85738,0.8577,0.85576,0.85673,12294,19,0
2025-04-08 08:00:00,0.85673,0.86006,0.85425,0.85912,17896,19,0
2025-04-08 12:00:00,0.85911,0.85961,0.85197,0.85278,18936,19,0
2025-04-08 16:00:00,0.85278,0.85849,0.85239,0.85259,25526,19,0
2025-04-08 20:00:00,0.85264,0.85312,0.84545,0.84681,23957,19,0
2025-04-09 00:00:00,0.84672,0.84773,0.84289,0.84324,12743,19,0
2025-04-09 04:00:00,0.84325,0.84605,0.83805,0.84031,22734,19,0
2025-04-09 08:00:00,0.84032,0.84653,0.83987,0.84275,27139,19,0
2025-04-09 12:00:00,0.84275,0.84331,0.83583,0.83659,25388,19,0
2025-04-09 16:00:00,0.83659,0.8426,0.83656,0.84166,26395,19,0
2025-04-09 20:00:00,0.84166,0.85821,0.84003,0.85633,28846,19,0
2025-04-10 00:00:00,0.8565,0.85768,0.85162,0.85216,18876,19,0
2025-04-10 04:00:00,0.85217,0.85344,0.85136,0.85235,15154,19,0
2025-04-10 08:00:00,0.85235,0.85737,0.84556,0.84603,19409,19,0
2025-04-10 12:00:00,0.84603,0.84652,0.83473,0.83929,20934,19,0
2025-04-10 16:00:00,0.83926,0.83985,0.82483,0.82645,31207,19,0
2025-04-10 20:00:00,0.82645,0.82869,0.82266,0.82288,24249,19,0
2025-04-11 00:00:00,0.82351,0.8246,0.81401,0.81829,18311,19,0
2025-04-11 04:00:00,0.81828,0.82137,0.81704,0.81777,23914,19,0
2025-04-11 08:00:00,0.81778,0.82564,0.81099,0.81298,29212,19,0
2025-04-11 12:00:00,0.81298,0.82119,0.81077,0.81138,28839,19,0
2025-04-11 16:00:00,0.81138,0.81863,0.80982,0.81706,30828,19,0
2025-04-11 20:00:00,0.81708,0.81925,0.81375,0.81379,15431,19,0
2025-04-14 00:00:00,0.8183,0.81923,0.81621,0.81639,16052,19,0
2025-04-14 04:00:00,0.81639,0.81847,0.81337,0.81728,18492,19,0
2025-04-14 08:00:00,0.81729,0.81897,0.81198,0.81691,21980,19,0
2025-04-14 12:00:00,0.81691,0.82416,0.81528,0.824,20120,19,0
2025-04-14 16:00:00,0.82399,0.82676,0.81186,0.81566,27726,19,0
2025-04-14 20:00:00,0.81566,0.8164,0.81202,0.81367,13483,19,0
2025-04-15 00:00:00,0.8134,0.818,0.81288,0.8177,9139,19,0
2025-04-15 04:00:00,0.8177,0.81795,0.81488,0.81587,9338,19,0
2025-04-15 08:00:00,0.81587,0.81871,0.8131,0.81465,14858,19,0
2025-04-15 12:00:00,0.81467,0.81788,0.8136,0.81774,17109,19,0
2025-04-15 16:00:00,0.81774,0.82197,0.81658,0.82085,21103,19,0
2025-04-15 20:00:00,0.82085,0.82383,0.82075,0.82226,8179,19,0
2025-04-16 00:00:00,0.81992,0.82322,0.81766,0.81825,9634,19,0
2025-04-16 04:00:00,0.81824,0.8186,0.81503,0.81638,10693,19,0
2025-04-16 08:00:00,0.81638,0.81998,0.81276,0.81706,18871,19,0
2025-04-16 12:00:00,0.81706,0.8182,0.81455,0.81551,17869,19,0
2025-04-16 16:00:00,0.81553,0.81701,0.81295,0.81548,18284,19,0
2025-04-16 20:00:00,0.81555,0.81657,0.81199,0.8126,14426,19,0
2025-04-17 00:00:00,0.81194,0.81612,0.81139,0.81602,12885,19,0
2025-04-17 04:00:00,0.81611,0.81818,0.81586,0.81716,8772,19,0
2025-04-17 08:00:00,0.81716,0.81983,0.81609,0.81654,13385,19,0
2025-04-17 12:00:00,0.81655,0.81925,0.81593,0.81779,15726,19,0
2025-04-17 16:00:00,0.81777,0.82302,0.81585,0.82099,18911,19,0
2025-04-17 20:00:00,0.82099,0.82174,0.81818,0.81872,8357,19,0
2025-04-18 00:00:00,0.8178,0.81933,0.81723,0.81834,7389,15,0
2025-04-18 04:00:00,0.81834,0.819,0.81737,0.81839,35638,12,0
2025-04-18 08:00:00,0.81837,0.81943,0.8176,0.819,33444,19,0
2025-04-18 12:00:00,0.81899,0.81916,0.81761,0.81788,33839,19,0
2025-04-18 16:00:00,0.81782,0.81846,0.81679,0.81732,35316,19,0
2025-04-18 20:00:00,0.8173,0.81747,0.81473,0.81473,26457,20,0
2025-04-21 00:00:00,0.81542,0.81648,0.81083,0.81184,9915,19,0
2025-04-21 04:00:00,0.81184,0.81186,0.8068,0.80799,9791,19,0
2025-04-21 08:00:00,0.80799,0.80979,0.80402,0.80501,11062,19,0
2025-04-21 12:00:00,0.805,0.80789,0.80384,0.80475,11917,19,0
2025-04-21 16:00:00,0.80476,0.80828,0.80456,0.80697,13820,19,0
2025-04-21 20:00:00,0.80696,0.80917,0.8064,0.80868,7930,19,0
2025-04-22 00:00:00,0.80844,0.8117,0.80625,0.81101,7894,19,0
2025-04-22 04:00:00,0.81101,0.81235,0.8071,0.80812,8910,8,0
2025-04-22 08:00:00,0.80812,0.81159,0.80659,0.81044,16241,19,0
2025-04-22 12:00:00,0.81043,0.81328,0.80919,0.81249,15951,19,0
2025-04-22 16:00:00,0.81247,0.81798,0.81166,0.8177,17737,19,0
2025-04-22 20:00:00,0.81773,0.81904,0.81564,0.81841,11054,19,0
2025-04-23 00:00:00,0.81692,0.82861,0.81692,0.82261,16412,19,0
2025-04-23 04:00:00,0.82261,0.82434,0.82053,0.82267,12070,19,0
2025-04-23 08:00:00,0.82267,0.8241,0.82042,0.82136,18050,19,0
2025-04-23 12:00:00,0.82138,0.82478,0.8196,0.82253,14738,19,0
2025-04-23 16:00:00,0.82254,0.82985,0.82194,0.82937,26521,19,0
2025-04-23 20:00:00,0.82937,0.831,0.82852,0.82958,9876,19,0
2025-04-24 00:00:00,0.82877,0.83038,0.82758,0.82878,7555,19,0
2025-04-24 04:00:00,0.82877,0.82931,0.82748,0.82856,7688,3,0
2025-04-24 08:00:00,0.82856,0.82907,0.8256,0.82649,12035,19,0
2025-04-24 12:00:00,0.8265,0.82671,0.82385,0.82545,13491,19,0
2025-04-24 16:00:00,0.82545,0.82835,0.82506,0.82696,15662,19,0
2025-04-24 20:00:00,0.82696,0.8287,0.82587,0.82587,6179,19,0
2025-04-25 00:00:00,0.8267,0.8307,0.82516,0.83065,5590,19,0
2025-04-25 04:00:00,0.83065,0.83278,0.82935,0.83151,9549,19,0
2025-04-25 08:00:00,0.83153,0.83336,0.8295,0.83045,13996,19,0
2025-04-25 12:00:00,0.83047,0.83094,0.82809,0.8305,13705,19,0
2025-04-25 16:00:00,0.8305,0.83126,0.82771,0.82899,13452,19,0
2025-04-25 20:00:00,0.829,0.82933,0.82654,0.82731,6298,9,0
2025-04-28 00:00:00,0.8295,0.8295,0.82572,0.82744,7121,19,0
2025-04-28 04:00:00,0.82744,0.82917,0.82685,0.82689,6907,19,0
2025-04-28 08:00:00,0.82688,0.83175,0.82664,0.83051,10736,19,0
2025-04-28 12:00:00,0.83048,0.83089,0.82846,0.83014,10884,19,0
2025-04-28 16:00:00,0.83012,0.83058,0.81986,0.82095,16012,19,0
2025-04-28 20:00:00,0.82097,0.822,0.81907,0.81961,8543,19,0
2025-04-29 00:00:00,0.81987,0.82198,0.81922,0.82182,5685,19,0
2025-04-29 04:00:00,0.82182,0.82467,0.82121,0.82428,8887,19,0
2025-04-29 08:00:00,0.82427,0.82529,0.822,0.82481,12786,19,0
2025-04-29 12:00:00,0.82481,0.82633,0.82253,0.82267,12083,19,0
2025-04-29 16:00:00,0.82267,0.82467,0.8216,0.82313,19273,19,0
2025-04-29 20:00:00,0.82312,0.82477,0.82276,0.82289,8674,19,0
2025-04-30 00:00:00,0.82264,0.82422,0.82242,0.82347,5808,19,0
2025-04-30 04:00:00,0.82347,0.82449,0.82255,0.82348,6878,19,0
2025-04-30 08:00:00,0.82346,0.8262,0.82293,0.82552,11191,19,0
2025-04-30 12:00:00,0.82552,0.82577,0.82202,0.82328,13712,19,0
2025-04-30 16:00:00,0.8233,0.82445,0.82129,0.82213,21233,19,0
2025-04-30 20:00:00,0.82213,0.82716,0.82174,0.82516,10454,14,0
2025-05-01 00:00:00,0.82384,0.82675,0.82337,0.82604,4398,19,0
2025-05-01 04:00:00,0.82604,0.82777,0.82555,0.82736,6985,19,0
2025-05-01 08:00:00,0.82736,0.8288,0.82551,0.82659,11401,19,0
2025-05-01 12:00:00,0.8266,0.82909,0.82599,0.82881,11851,19,0
2025-05-01 16:00:00,0.82884,0.83321,0.82773,0.831,16940,19,0
2025-05-01 20:00:00,0.83099,0.83216,0.82854,0.82874,8265,19,0
2025-05-02 00:00:00,0.82878,0.83171,0.82815,0.83126,5763,19,0
2025-05-02 04:00:00,0.83125,0.83133,0.82819,0.82918,7696,19,0
2025-05-02 08:00:00,0.82918,0.82932,0.82589,0.8261,11357,19,0
2025-05-02 12:00:00,0.82612,0.82754,0.82046,0.82709,16180,19,0
2025-05-02 16:00:00,0.82712,0.82794,0.82261,0.82738,22600,19,0
2025-05-02 20:00:00,0.82737,0.82795,0.82559,0.82573,9849,19,0
2025-05-05 00:00:00,0.82497,0.82609,0.82368,0.82405,6168,19,0
2025-05-05 04:00:00,0.82404,0.82405,0.82187,0.82308,7557,19,0
2025-05-05 08:00:00,0.82308,0.82744,0.82258,0.82486,12260,19,0
2025-05-05 12:00:00,0.82481,0.82489,0.8218,0.82271,11821,19,0
2025-05-05 16:00:00,0.82271,0.8247,0.82132,0.82397,13998,19,0
2025-05-05 20:00:00,0.82397,0.8241,0.82132,0.82201,5339,19,0
2025-05-06 00:00:00,0.82182,0.82449,0.82062,0.82439,4985,19,0
2025-05-06 04:00:00,0.8244,0.82526,0.82208,0.82267,8613,19,0
2025-05-06 08:00:00,0.82266,0.82489,0.82207,0.82399,13158,19,0
2025-05-06 12:00:00,0.824,0.82644,0.82318,0.82409,13125,19,0
2025-05-06 16:00:00,0.82409,0.82527,0.82245,0.82348,13805,19,0
2025-05-06 20:00:00,0.82348,0.82353,0.82105,0.82135,5949,19,0
2025-05-07 00:00:00,0.8216,0.82707,0.82067,0.82624,10462,19,0
2025-05-07 04:00:00,0.82624,0.82711,0.82471,0.82541,9748,19,0
2025-05-07 08:00:00,0.82541,0.82611,0.82297,0.82541,11579,19,0
2025-05-07 12:00:00,0.82545,0.82613,0.82131,0.82183,10233,19,0
2025-05-07 16:00:00,0.82183,0.82241,0.8193,0.82015,13145,19,0
2025-05-07 20:00:00,0.82017,0.82433,0.81844,0.82276,15320,19,0
2025-05-08 00:00:00,0.82266,0.82418,0.82207,0.82383,4911,19,0
2025-05-08 04:00:00,0.82391,0.82404,0.82225,0.82398,8855,19,0
2025-05-08 08:00:00,0.82398,0.82905,0.82395,0.82677,13627,19,0
2025-05-08 12:00:00,0.82678,0.82699,0.82308,0.82425,13980,19,0
2025-05-08 16:00:00,0.82419,0.83129,0.82385,0.83073,21012,19,0
2025-05-08 20:00:00,0.83073,0.83311,0.83034,0.83063,9188,19,0
2025-05-09 00:00:00,0.82967,0.83227,0.82923,0.83078,5785,19,0
2025-05-09 04:00:00,0.8308,0.83398,0.83066,0.83119,9005,19,0
2025-05-09 08:00:00,0.8312,0.83201,0.82978,0.83011,10329,19,0
2025-05-09 12:00:00,0.83011,0.83238,0.8299,0.83014,10849,19,0
2025-05-09 16:00:00,0.83014,0.83137,0.82682,0.83123,13650,19,0
2025-05-09 20:00:00,0.83124,0.83156,0.83044,0.83063,5413,19,0
2025-05-12 00:00:00,0.83459,0.83459,0.83318,0.83373,7892,19,0
2025-05-12 04:00:00,0.83372,0.83493,0.83295,0.8339,8418,19,0
2025-05-12 08:00:00,0.8339,0.84671,0.83312,0.8414,20773,19,0
2025-05-12 12:00:00,0.8414,0.84742,0.8414,0.84274,19630,19,0
2025-05-12 16:00:00,0.84274,0.84501,0.84092,0.84499,18943,19,0
2025-05-12 20:00:00,0.845,0.84749,0.84456,0.84458,9247,19,0
2025-05-13 00:00:00,0.84448,0.8456,0.84348,0.84364,6641,19,0
2025-05-13 04:00:00,0.84363,0.84424,0.84261,0.84269,8388,19,0
2025-05-13 08:00:00,0.84264,0.84407,0.83942,0.83974,11842,19,0
2025-05-13 12:00:00,0.83968,0.84311,0.83955,0.8417,12451,19,0
2025-05-13 16:00:00,0.8417,0.84331,0.84037,0.84133,16110,19,0
2025-05-13 20:00:00,0.84133,0.8416,0.83843,0.8385,6096,19,0
2025-05-14 00:00:00,0.83867,0.84006,0.83762,0.83899,5673,19,0
2025-05-14 04:00:00,0.83899,0.8394,0.83794,0.83851,8525,19,0
2025-05-14 08:00:00,0.8385,0.83985,0.83436,0.83553,14914,19,0
2025-05-14 12:00:00,0.83553,0.83774,0.83234,0.8374,16579,19,0
2025-05-14 16:00:00,0.8374,0.84238,0.8367,0.84086,18601,19,0
2025-05-14 20:00:00,0.84086,0.84348,0.84035,0.84124,8680,19,0
2025-05-15 00:00:00,0.84157,0.8421,0.8399,0.84,5628,19,0
2025-05-15 04:00:00,0.84001,0.84038,0.83883,0.84029,7697,19,0
2025-05-15 08:00:00,0.84029,0.84052,0.83586,0.8365,12898,19,0
2025-05-15 12:00:00,0.83651,0.83917,0.83577,0.83629,13033,19,0
2025-05-15 16:00:00,0.83628,0.83778,0.83452,0.8365,17199,19,0
2025-05-15 20:00:00,0.83651,0.83727,0.83492,0.83504,7890,0,0
2025-05-16 00:00:00,0.83542,0.83585,0.83286,0.83306,5076,19,0
2025-05-16 04:00:00,0.83306,0.83473,0.83271,0.83446,7130,19,0
2025-05-16 08:00:00,0.83446,0.83556,0.83257,0.83534,10307,19,0
2025-05-16 12:00:00,0.83538,0.83804,0.83506,0.83716,10581,19,0
2025-05-16 16:00:00,0.83716,0.83997,0.83639,0.83896,13397,19,0
2025-05-16 20:00:00,0.83894,0.83941,0.83627,0.8368,5963,19,0
2025-05-19 00:00:00,0.83464,0.83605,0.83417,0.83471,9004,19,0
2025-05-19 04:00:00,0.8347,0.83647,0.83448,0.83619,9727,19,0
2025-05-19 08:00:00,0.83619,0.83635,0.83265,0.8332,13894,19,0
2025-05-19 12:00:00,0.83319,0.83422,0.83175,0.83422,14695,19,0
2025-05-19 16:00:00,0.83422,0.83487,0.83183,0.83442,16442,19,0
2025-05-19 20:00:00,0.83442,0.83535,0.83346,0.83357,6559,4,0
2025-05-20 00:00:00,0.83355,0.83615,0.83235,0.83519,4857,0,0
2025-05-20 04:00:00,0.83513,0.83587,0.83336,0.83429,9079,19,0
2025-05-20 08:00:00,0.83429,0.83432,0.83082,0.83176,13742,19,0
2025-05-20 12:00:00,0.83175,0.83424,0.8314,0.8339,10814,19,0
2025-05-20 16:00:00,0.83397,0.83467,0.83067,0.83204,14924,19,0
2025-05-20 20:00:00,0.83204,0.83226,0.82797,0.8281,6232,3,0
2025-05-21 00:00:00,0.82801,0.82846,0.82541,0.82604,6487,19,0
2025-05-21 04:00:00,0.82604,0.82646,0.8216,0.82213,9365,19,0
2025-05-21 08:00:00,0.82213,0.82621,0.82083,0.82536,13835,19,0
2025-05-21 12:00:00,0.82534,0.82649,0.8224,0.8245,15028,19,0
2025-05-21 16:00:00,0.82449,0.82578,0.8237,0.82506,15607,19,0
2025-05-21 20:00:00,0.82506,0.82592,0.8226,0.82443,10927,19,0
2025-05-22 00:00:00,0.82444,0.82635,0.82342,0.8248,7544,19,0
2025-05-22 04:00:00,0.82482,0.82553,0.82328,0.82449,10109,19,0
2025-05-22 08:00:00,0.82449,0.82647,0.82411,0.82616,14462,19,0
2025-05-22 12:00:00,0.82617,0.82791,0.82519,0.8272,13075,19,0
2025-05-22 16:00:00,0.8272,0.8299,0.82613,0.82911,16791,19,0
2025-05-22 20:00:00,0.82912,0.83055,0.8279,0.82791,6943,19,0
2025-05-23 00:00:00,0.82877,0.82894,0.82731,0.8278,5852,19,0
2025-05-23 04:00:00,0.8278,0.82801,0.82603,0.8263,7744,19,0
2025-05-23 08:00:00,0.8263,0.8271,0.82538,0.82615,9640,19,0
2025-05-23 12:00:00,0.82617,0.82674,0.821,0.82313,18790,19,0
2025-05-23 16:00:00,0.82317,0.82429,0.82076,0.82077,17344,19,0
2025-05-23 20:00:00,0.82078,0.82147,0.82035,0.82058,5777,19,0
2025-05-26 00:00:00,0.82001,0.82267,0.8198,0.82159,8421,19,0
2025-05-26 04:00:00,0.82159,0.82177,0.81914,0.82025,8946,19,0
2025-05-26 08:00:00,0.82025,0.82187,0.81966,0.82149,9632,19,0
2025-05-26 12:00:00,0.82148,0.8232,0.82055,0.82272,6580,2,0
2025-05-26 16:00:00,0.82272,0.82318,0.81983,0.82015,3708,19,0
2025-05-26 20:00:00,0.82008,0.82086,0.82003,0.82026,2115,3,0
2025-05-27 00:00:00,0.81962,0.82123,0.81869,0.81955,5692,19,0
2025-05-27 04:00:00,0.81955,0.82155,0.81867,0.82147,7065,19,0
2025-05-27 08:00:00,0.82146,0.82562,0.82047,0.82485,11529,3,0
2025-05-27 12:00:00,0.82486,0.82727,0.82443,0.82518,11392,19,0
2025-05-27 16:00:00,0.82518,0.82788,0.82444,0.82686,12952,19,0
2025-05-27 20:00:00,0.82686,0.82746,0.82652,0.82662,4970,19,0
2025-05-28 00:00:00,0.82618,0.82729,0.82519,0.82706,4509,19,0
2025-05-28 04:00:00,0.82705,0.82884,0.82693,0.82818,9054,19,0
2025-05-28 08:00:00,0.82819,0.82899,0.82529,0.82645,10164,19,0
2025-05-28 12:00:00,0.82643,0.8279,0.82576,0.82723,9275,19,0
2025-05-28 16:00:00,0.82724,0.82849,0.8244,0.82679,14399,19,0
2025-05-28 20:00:00,0.8268,0.82739,0.8264,0.8264,7163,19,0
2025-05-29 00:00:00,0.82759,0.83464,0.82619,0.83367,13207,19,0
2025-05-29 04:00:00,0.83369,0.83466,0.83145,0.83209,11074,19,0
2025-05-29 08:00:00,0.83209,0.83368,0.82907,0.82964,12124,19,0
2025-05-29 12:00:00,0.82964,0.82972,0.82417,0.82432,13328,19,0
2025-05-29 16:00:00,0.82433,0.82503,0.8224,0.82297,15795,19,0
2025-05-29 20:00:00,0.82296,0.82386,0.82166,0.82201,7382,19,0
2025-05-30 00:00:00,0.8226,0.82291,0.82034,0.82185,6542,19,0
2025-05-30 04:00:00,0.82184,0.8233,0.8198,0.82288,8552,19,0
2025-05-30 08:00:00,0.82289,0.82471,0.82252,0.82383,11117,14,0
2025-05-30 12:00:00,0.82383,0.82479,0.82105,0.82245,12656,14,0
2025-05-30 16:00:00,0.82244,0.82443,0.82122,0.8221,18079,19,0
2025-05-30 20:00:00,0.82206,0.82325,0.82112,0.82201,7899,4,0
2025-06-02 00:00:00,0.82233,0.8231,0.82074,0.82165,6289,19,0
2025-06-02 04:00:00,0.82165,0.82292,0.8208,0.82232,7322,19,0
2025-06-02 08:00:00,0.82232,0.82242,0.81705,0.81759,11408,19,0
2025-06-02 12:00:00,0.81759,0.81839,0.8156,0.81795,10588,19,0
2025-06-02 16:00:00,0.81795,0.81904,0.81558,0.81793,16723,19,0
2025-06-02 20:00:00,0.81794,0.81839,0.81653,0.81694,7066,17,0
2025-06-03 00:00:00,0.81732,0.81732,0.81572,0.81685,4756,19,0
2025-06-03 04:00:00,0.81688,0.81874,0.81687,0.81777,7209,19,0
2025-06-03 08:00:00,0.81777,0.81898,0.81677,0.81879,9699,19,0
2025-06-03 12:00:00,0.81878,0.82332,0.81821,0.82301,10260,19,0
2025-06-03 16:00:00,0.82302,0.82462,0.8216,0.82382,14839,19,0
2025-06-03 20:00:00,0.82379,0.82416,0.82319,0.82334,4779,19,0
2025-06-04 00:00:00,0.82171,0.8238,0.82171,0.82331,4130,19,0
2025-06-04 04:00:00,0.82331,0.82434,0.82231,0.82425,7047,19,0
2025-06-04 08:00:00,0.82425,0.8249,0.82179,0.82211,10646,19,0
2025-06-04 12:00:00,0.8221,0.8241,0.8207,0.82107,12228,19,0
2025-06-04 16:00:00,0.82107,0.8221,0.81691,0.81699,15824,19,0
2025-06-04 20:00:00,0.81697,0.81904,0.81695,0.81746,6456,19,0
2025-06-05 00:00:00,0.81653,0.81858,0.8158,0.81749,6402,19,0
2025-06-05 04:00:00,0.81749,0.81933,0.81709,0.81896,7939,19,0
2025-06-05 08:00:00,0.81896,0.82072,0.81856,0.82027,9207,19,0
2025-06-05 12:00:00,0.82027,0.82138,0.81793,0.82019,12370,19,0
2025-06-05 16:00:00,0.8202,0.82135,0.8171,0.81906,21253,19,0
2025-06-05 20:00:00,0.81906,0.821,0.81889,0.8189,9938,19,0
2025-06-06 00:00:00,0.81959,0.82009,0.81796,0.82006,5266,19,0
2025-06-06 04:00:00,0.82006,0.8207,0.81964,0.82021,6328,19,0
2025-06-06 08:00:00,0.82019,0.82195,0.82014,0.8219,9131,19,0
2025-06-06 12:00:00,0.82189,0.82401,0.82094,0.82363,11896,14,0
2025-06-06 16:00:00,0.82363,0.82473,0.8211,0.823,19123,19,0
2025-06-06 20:00:00,0.82299,0.82316,0.82147,0.82156,7205,2,0
2025-06-09 00:00:00,0.8215,0.82241,0.82048,0.82241,4490,19,0
2025-06-09 04:00:00,0.82239,0.82239,0.8203,0.82078,6644,19,0
2025-06-09 08:00:00,0.82074,0.82116,0.81913,0.82011,7985,19,0
2025-06-09 12:00:00,0.82011,0.82223,0.81939,0.82192,8563,14,0
2025-06-09 16:00:00,0.82195,0.82245,0.8203,0.8209,9639,19,0
2025-06-09 20:00:00,0.8209,0.82162,0.82084,0.82109,4341,19,0
2025-06-10 00:00:00,0.82106,0.82172,0.82069,0.82131,4965,19,0
2025-06-10 04:00:00,0.82129,0.82405,0.82099,0.82243,8184,19,0
2025-06-10 08:00:00,0.82243,0.82352,0.82071,0.82099,13460,19,0
2025-06-10 12:00:00,0.821,0.82184,0.82065,0.8216,10233,19,0
2025-06-10 16:00:00,0.82161,0.82288,0.82027,0.82215,11622,19,0
2025-06-10 20:00:00,0.82215,0.8232,0.82196,0.82236,5719,19,0
2025-06-11 00:00:00,0.82232,0.82294,0.82113,0.82205,6845,19,0
2025-06-11 04:00:00,0.82207,0.82311,0.82196,0.82255,6569,19,0
2025-06-11 08:00:00,0.82254,0.82335,0.82128,0.82192,8254,19,0
2025-06-11 12:00:00,0.82192,0.82284,0.81839,0.82051,11919,19,0
2025-06-11 16:00:00,0.82049,0.82085,0.81917,0.82038,13998,19,0
2025-06-11 20:00:00,0.82037,0.82068,0.81925,0.81962,6624,19,0
2025-06-12 00:00:00,0.81884,0.82016,0.81707,0.81751,5989,19,0
2025-06-12 04:00:00,0.81751,0.81781,0.81583,0.81679,8785,19,0
2025-06-12 08:00:00,0.81685,0.81746,0.81403,0.81448,12714,19,0
2025-06-12 12:00:00,0.81448,0.81489,0.81013,0.81108,16111,14,0
2025-06-12 16:00:00,0.8111,0.81412,0.81051,0.81208,15468,19,0
2025-06-12 20:00:00,0.81209,0.81274,0.80985,0.80992,6114,19,0
2025-06-13 00:00:00,0.80943,0.81032,0.80548,0.80685,10318,19,0
2025-06-13 04:00:00,0.80685,0.81,0.80606,0.8095,14670,19,0
2025-06-13 08:00:00,0.8095,0.81282,0.80884,0.81229,15655,19,0
2025-06-13 12:00:00,0.81231,0.81472,0.81197,0.81285,14028,14,0
2025-06-13 16:00:00,0.81285,0.81391,0.81069,0.81126,14078,19,0
2025-06-13 20:00:00,0.81126,0.81206,0.8096,0.8096,8596,14,0
2025-06-16 00:00:00,0.81038,0.81227,0.81034,0.81175,12790,19,0
2025-06-16 04:00:00,0.81179,0.81307,0.8107,0.81252,7366,19,0
2025-06-16 08:00:00,0.81253,0.81328,0.8106,0.81196,10612,19,0
2025-06-16 12:00:00,0.812,0.81227,0.80997,0.81099,8796,19,0
2025-06-16 16:00:00,0.81099,0.81199,0.80878,0.81159,13838,19,0
2025-06-16 20:00:00,0.81159,0.81459,0.81149,0.81318,6057,19,0
2025-06-17 00:00:00,0.81262,0.81452,0.8124,0.81442,6845,19,0
2025-06-17 04:00:00,0.8144,0.81442,0.81277,0.81341,7412,19,0
2025-06-17 08:00:00,0.81342,0.81367,0.81193,0.81276,9518,19,0
2025-06-17 12:00:00,0.81282,0.81423,0.812,0.81416,10909,19,0
2025-06-17 16:00:00,0.81414,0.81637,0.81315,0.81505,13701,19,0
2025-06-17 20:00:00,0.81504,0.81705,0.81448,0.81536,9346,19,0
2025-06-18 00:00:00,0.8132,0.81717,0.81188,0.81675,6259,19,0
2025-06-18 04:00:00,0.81676,0.81692,0.81592,0.81632,6334,19,0
2025-06-18 08:00:00,0.81632,0.81725,0.81525,0.81709,8088,19,0
2025-06-18 12:00:00,0.81709,0.81807,0.81609,0.81657,9271,19,0
2025-06-18 16:00:00,0.81656,0.81819,0.81642,0.8176,12642,14,0
2025-06-18 20:00:00,0.8176,0.81982,0.81553,0.8177,14238,19,0
2025-06-19 00:00:00,0.81724,0.81913,0.81576,0.81887,6062,19,0
2025-06-19 04:00:00,0.81887,0.82042,0.81866,0.81954,7996,19,0
2025-06-19 08:00:00,0.81954,0.82143,0.81575,0.81594,11494,19,0
2025-06-19 12:00:00,0.81591,0.81835,0.81549,0.81742,9141,19,0
2025-06-19 16:00:00,0.81742,0.81935,0.81695,0.81871,9846,19,0
2025-06-19 20:00:00,0.8187,0.81879,0.8154,0.81573,5398,15,0
2025-06-20 00:00:00,0.81496,0.81704,0.81488,0.81585,4699,20,0
2025-06-20 04:00:00,0.81585,0.81699,0.81546,0.81656,7129,19,0
2025-06-20 08:00:00,0.81656,0.81697,0.81509,0.81589,8425,19,0
2025-06-20 12:00:00,0.81589,0.81785,0.81565,0.81702,9928,19,0
2025-06-20 16:00:00,0.81701,0.81822,0.81644,0.81657,13044,19,0
2025-06-20 20:00:00,0.81657,0.81828,0.81616,0.81771,6311,19,0
2025-06-23 00:00:00,0.817,0.81937,0.81609,0.81855,9075,19,0
2025-06-23 04:00:00,0.81852,0.81935,0.81706,0.81804,10383,19,0
2025-06-23 08:00:00,0.81803,0.8182,0.81574,0.81784,12221,19,0
2025-06-23 12:00:00,0.81785,0.81928,0.81717,0.81817,12533,19,0
2025-06-23 16:00:00,0.81818,0.81866,0.81213,0.81299,19184,19,0
2025-06-23 20:00:00,0.81299,0.81343,0.81141,0.81182,10521,19,0
2025-06-24 00:00:00,0.81141,0.81299,0.81133,0.81203,7407,4,0
2025-06-24 04:00:00,0.81203,0.81293,0.81113,0.81172,6740,19,0
2025-06-24 08:00:00,0.81172,0.81247,0.81036,0.81125,13760,19,0
2025-06-24 12:00:00,0.81127,0.81132,0.8078,0.80816,10438,19,0
2025-06-24 16:00:00,0.80815,0.80938,0.80389,0.80405,16892,19,0
2025-06-24 20:00:00,0.80404,0.80544,0.80337,0.80491,7129,19,0
2025-06-25 00:00:00,0.8044,0.80554,0.80428,0.80446,5968,19,0
2025-06-25 04:00:00,0.80446,0.8055,0.80416,0.80501,5975,19,0
2025-06-25 08:00:00,0.80501,0.80577,0.80392,0.80533,8690,19,0
2025-06-25 12:00:00,0.80533,0.80794,0.80524,0.80706,9370,19,0
2025-06-25 16:00:00,0.80706,0.80739,0.80466,0.80507,10582,19,0
2025-06-25 20:00:00,0.80507,0.80566,0.80389,0.80409,6182,19,0
2025-06-26 00:00:00,0.80365,0.80477,0.80311,0.80344,4553,19,0
2025-06-26 04:00:00,0.80342,0.80427,0.80226,0.80353,6071,19,0
2025-06-26 08:00:00,0.80354,0.80406,0.79793,0.7994,11403,19,0
2025-06-26 12:00:00,0.7994,0.80203,0.79928,0.80006,12297,19,0
2025-06-26 16:00:00,0.80006,0.80111,0.79771,0.79885,15692,19,0
2025-06-26 20:00:00,0.79885,0.80046,0.79854,0.7992,8397,19,0
2025-06-27 00:00:00,0.79876,0.80143,0.79874,0.80105,4774,19,0
2025-06-27 04:00:00,0.80106,0.80144,0.79992,0.80126,5683,19,0
2025-06-27 08:00:00,0.80123,0.80168,0.79769,0.79829,9141,19,0
2025-06-27 12:00:00,0.79828,0.79954,0.79598,0.79625,10925,19,0
2025-06-27 16:00:00,0.79625,0.80067,0.79566,0.79916,14418,19,0
2025-06-27 20:00:00,0.79916,0.8006,0.79843,0.79856,8219,19,0
2025-06-30 00:00:00,0.79832,0.79935,0.79791,0.79896,5508,19,0
2025-06-30 04:00:00,0.79896,0.79923,0.79805,0.79823,7379,19,0
2025-06-30 08:00:00,0.79822,0.79924,0.79717,0.79749,10627,19,0
2025-06-30 12:00:00,0.79749,0.79817,0.79614,0.79795,9404,19,0
2025-06-30 16:00:00,0.79795,0.79815,0.79371,0.79408,15136,19,0
2025-06-30 20:00:00,0.79407,0.79407,0.79223,0.79288,7788,19,0
2025-07-01 00:00:00,0.79279,0.79332,0.79176,0.79181,3083,19,0
2025-07-01 04:00:00,0.7918,0.79301,0.7914,0.79235,5424,19,0
2025-07-01 08:00:00,0.79233,0.79268,0.78879,0.78959,10854,19,0
2025-07-01 12:00:00,0.78961,0.79017,0.78711,0.79004,12902,19,0
2025-07-01 16:00:00,0.79005,0.79427,0.78865,0.79344,17118,19,0
2025-07-01 20:00:00,0.79344,0.79366,0.78992,0.78997,6430,19,0
2025-07-02 00:00:00,0.78954,0.79116,0.78954,0.79029,3172,21,0
2025-07-02 04:00:00,0.79029,0.79154,0.79023,0.79131,4722,19,0
2025-07-02 08:00:00,0.7913,0.79334,0.79118,0.79236,9989,19,0
2025-07-02 12:00:00,0.79239,0.79387,0.79104,0.79271,12182,19,0
2025-07-02 16:00:00,0.79272,0.79401,0.79141,0.79175,12927,19,0
2025-07-02 20:00:00,0.79176,0.79202,0.7911,0.79156,5415,19,0
2025-07-03 00:00:00,0.79145,0.79184,0.79044,0.79144,1940,14,0
2025-07-03 12:00:00,0.792,0.79854,0.79184,0.79737,10872,19,0
2025-07-03 16:00:00,0.79738,0.79753,0.79355,0.79535,16042,14,0
2025-07-03 20:00:00,0.79536,0.7962,0.79441,0.79441,5283,19,0
2025-07-04 00:00:00,0.79426,0.79549,0.79355,0.7942,4507,2,0
2025-07-04 04:00:00,0.7942,0.79438,0.79409,0.79432,111,2,0
2025-07-04 08:00:00,0.79346,0.79411,0.79323,0.79328,4295,19,0
2025-07-04 12:00:00,0.79333,0.79428,0.79289,0.79416,7505,19,0
2025-07-04 16:00:00,0.79417,0.79428,0.79253,0.79321,6705,19,0
2025-07-04 20:00:00,0.79321,0.79514,0.79293,0.79293,27893,19,0
2025-07-07 00:00:00,0.79345,0.79469,0.79292,0.79379,4817,19,0
2025-07-07 04:00:00,0.79379,0.79493,0.79349,0.79478,6572,19,0
2025-07-07 08:00:00,0.79479,0.79749,0.79432,0.79703,9698,19,0
2025-07-07 12:00:00,0.79701,0.79829,0.79658,0.79791,8378,19,0
2025-07-07 16:00:00,0.79792,0.79868,0.79581,0.79846,10652,19,0
2025-07-07 20:00:00,0.79845,0.799,0.79747,0.79753,6826,19,0
2025-07-08 00:00:00,0.79755,0.79818,0.79636,0.79685,4289,20,0
2025-07-08 04:00:00,0.79682,0.79759,0.79568,0.79626,6425,19,0
2025-07-08 08:00:00,0.79626,0.79732,0.79554,0.79637,9082,19,0
2025-07-08 12:00:00,0.79637,0.79832,0.79587,0.79803,8264,19,0
2025-07-08 16:00:00,0.79803,0.79936,0.79663,0.7968,11433,19,0
2025-07-08 20:00:00,0.7968,0.79694,0.79522,0.79546,5521,19,0
2025-07-09 00:00:00,0.79547,0.79647,0.79535,0.79615,4075,19,0
2025-07-09 04:00:00,0.79615,0.79779,0.79578,0.79706,7057,19,0
2025-07-09 08:00:00,0.79706,0.79757,0.79585,0.79627,8549,19,0
2025-07-09 12:00:00,0.79628,0.79742,0.7953,0.7956,9535,19,0
2025-07-09 16:00:00,0.7956,0.79597,0.79384,0.79531,9575,19,0
2025-07-09 20:00:00,0.79535,0.7955,0.79313,0.79322,5051,19,0
2025-07-10 00:00:00,0.79364,0.79407,0.79185,0.79226,3504,19,0
2025-07-10 04:00:00,0.79227,0.79436,0.79227,0.79397,4196,19,0
2025-07-10 08:00:00,0.79397,0.79528,0.79355,0.79501,6805,19,0
2025-07-10 12:00:00,0.79502,0.79678,0.79407,0.79629,7111,19,0
2025-07-10 16:00:00,0.79628,0.79865,0.79571,0.79758,11580,19,0
2025-07-10 20:00:00,0.79758,0.79761,0.79599,0.79661,5537,19,0
2025-07-11 00:00:00,0.79655,0.7977,0.79516,0.79737,6397,19,0
2025-07-11 04:00:00,0.79738,0.79806,0.79704,0.79741,4870,19,0
2025-07-11 08:00:00,0.79741,0.79769,0.79602,0.79719,7484,19,0
2025-07-11 12:00:00,0.79718,0.79724,0.79526,0.79626,8854,19,0
2025-07-11 16:00:00,0.79625,0.79735,0.79534,0.79608,10725,19,0
2025-07-11 20:00:00,0.79608,0.79715,0.79595,0.79605,4235,19,0
2025-07-14 00:00:00,0.79584,0.79747,0.79573,0.79591,4860,19,0
2025-07-14 04:00:00,0.79591,0.7973,0.79556,0.79721,7334,19,0
2025-07-14 08:00:00,0.79723,0.79836,0.79672,0.79698,8129,19,0
2025-07-14 12:00:00,0.797,0.79734,0.79541,0.79602,7166,19,0
2025-07-14 16:00:00,0.79602,0.7979,0.79571,0.79779,9509,19,0
2025-07-14 20:00:00,0.7978,0.79813,0.79741,0.79749,3362,19,0
2025-07-15 00:00:00,0.79735,0.79816,0.79645,0.79698,2951,19,0
2025-07-15 04:00:00,0.79698,0.79779,0.7965,0.79683,4446,19,0
2025-07-15 08:00:00,0.79683,0.79685,0.79524,0.79572,5843,19,0
2025-07-15 12:00:00,0.79572,0.79729,0.79539,0.79615,9220,19,0
2025-07-15 16:00:00,0.79615,0.8021,0.79614,0.80175,14544,19,0
2025-07-15 20:00:00,0.80172,0.80237,0.80141,0.80142,3007,2,0
2025-07-16 00:00:00,0.80078,0.80172,0.80034,0.80153,4262,19,0
2025-07-16 04:00:00,0.80157,0.80203,0.80117,0.80131,3902,19,0
2025-07-16 08:00:00,0.80131,0.80149,0.80028,0.80114,7116,19,0
2025-07-16 12:00:00,0.80114,0.80449,0.80111,0.80372,10080,19,0
2025-07-16 16:00:00,0.80372,0.80604,0.79458,0.80041,23782,19,0
2025-07-16 20:00:00,0.80041,0.80197,0.79902,0.79996,9610,19,0
2025-07-17 00:00:00,0.79942,0.80227,0.79942,0.80205,4097,19,0
2025-07-17 04:00:00,0.80204,0.80287,0.80123,0.80228,5177,19,0
2025-07-17 08:00:00,0.80228,0.80554,0.80196,0.80322,9312,19,0
2025-07-17 12:00:00,0.80323,0.80628,0.80298,0.80452,9637,19,0
2025-07-17 16:00:00,0.80452,0.80565,0.80365,0.80542,11354,19,0
2025-07-17 20:00:00,0.80542,0.80593,0.80366,0.80389,4631,19,0
2025-07-18 00:00:00,0.80415,0.80435,0.8024,0.80282,4406,19,0
2025-07-18 04:00:00,0.80282,0.80306,0.80202,0.80275,4494,19,0
2025-07-18 08:00:00,0.80278,0.80356,0.8014,0.80218,6631,19,0
2025-07-18 12:00:00,0.80216,0.80255,0.7995,0.79958,7842,19,0
2025-07-18 16:00:00,0.79957,0.80095,0.7984,0.8007,11160,19,0
2025-07-18 20:00:00,0.8007,0.80185,0.80059,0.80111,5244,19,0
2025-07-21 00:00:00,0.79902,0.8017,0.79885,0.80168,3965,11,0
2025-07-21 04:00:00,0.80176,0.80213,0.80122,0.80128,5839,19,0
2025-07-21 08:00:00,0.80128,0.80137,0.7995,0.80016,7707,19,0
2025-07-21 12:00:00,0.80016,0.80126,0.79877,0.79916,8218,19,0
2025-07-21 16:00:00,0.79917,0.79951,0.79644,0.79745,10477,19,0
2025-07-21 20:00:00,0.79747,0.7984,0.79734,0.79735,4488,19,0
2025-07-22 00:00:00,0.79661,0.79906,0.79661,0.79814,5447,19,0
2025-07-22 04:00:00,0.79814,0.79864,0.79731,0.7977,5230,19,0
2025-07-22 08:00:00,0.7977,0.79868,0.79642,0.79693,7184,19,0
2025-07-22 12:00:00,0.79693,0.79818,0.79653,0.79754,7621,19,0
2025-07-22 16:00:00,0.79754,0.79822,0.79192,0.79212,13396,19,0
2025-07-22 20:00:00,0.79212,0.79305,0.79156,0.79178,4970,19,0
2025-07-23 00:00:00,0.7917,0.79393,0.79169,0.79296,6634,19,0
2025-07-23 04:00:00,0.79295,0.79412,0.79264,0.79367,7200,11,0
2025-07-23 08:00:00,0.79367,0.79437,0.79098,0.79252,9029,19,0
2025-07-23 12:00:00,0.79252,0.79396,0.79208,0.79354,8566,19,0
2025-07-23 16:00:00,0.79354,0.79485,0.79288,0.79427,13230,19,0
2025-07-23 20:00:00,0.79426,0.79465,0.79133,0.79143,6546,19,0
2025-07-24 00:00:00,0.79092,0.79276,0.79092,0.79254,6920,11,0
2025-07-24 04:00:00,0.79254,0.79256,0.79143,0.79237,5834,19,0
2025-07-24 08:00:00,0.79238,0.79399,0.7921,0.79381,7932,19,0
2025-07-24 12:00:00,0.79381,0.79576,0.79371,0.79532,9032,19,0
2025-07-24 16:00:00,0.79531,0.79597,0.79299,0.79442,14761,19,0
2025-07-24 20:00:00,0.79442,0.79552,0.79344,0.79456,6091,19,0
2025-07-25 00:00:00,0.79522,0.7959,0.79348,0.79547,6939,19,0
2025-07-25 04:00:00,0.79549,0.79665,0.7951,0.79591,6330,19,0
2025-07-25 08:00:00,0.79592,0.79631,0.79463,0.79583,9530,19,0
2025-07-25 12:00:00,0.79583,0.79752,0.79569,0.79712,8862,11,0
2025-07-25 16:00:00,0.7971,0.79783,0.79534,0.79536,12309,11,0
2025-07-25 20:00:00,0.79536,0.79557,0.79451,0.79451,4002,19,0
2025-07-28 00:00:00,0.79521,0.79564,0.79432,0.7948,5534,19,0
2025-07-28 04:00:00,0.7948,0.79587,0.79442,0.79546,7919,19,0
2025-07-28 08:00:00,0.79546,0.79938,0.79542,0.799,12175,19,0
2025-07-28 12:00:00,0.799,0.80158,0.7987,0.80066,11710,19,0
2025-07-28 16:00:00,0.80066,0.80317,0.79996,0.80278,11735,19,0
2025-07-28 20:00:00,0.80278,0.80364,0.80248,0.80291,4892,19,0
2025-07-29 00:00:00,0.80223,0.80376,0.80203,0.80372,6049,19,0
2025-07-29 04:00:00,0.80373,0.80416,0.80237,0.80353,6521,19,0
2025-07-29 08:00:00,0.80353,0.80707,0.80343,0.80505,12229,19,0
2025-07-29 12:00:00,0.80503,0.80746,0.80362,0.80733,11420,19,0
2025-07-29 16:00:00,0.80737,0.80783,0.80506,0.80638,13231,19,0
2025-07-29 20:00:00,0.80637,0.80639,0.8049,0.80548,5511,19,0
2025-07-30 00:00:00,0.80502,0.80575,0.80402,0.8041,5925,19,0
2025-07-30 04:00:00,0.80409,0.80543,0.80369,0.80538,6844,19,0
2025-07-30 08:00:00,0.80538,0.80581,0.8039,0.80426,9584,19,0
2025-07-30 12:00:00,0.80427,0.8105,0.80396,0.81021,11207,19,0
2025-07-30 16:00:00,0.81021,0.81232,0.80979,0.81039,11730,19,0
2025-07-30 20:00:00,0.81039,0.81499,0.80857,0.81449,13644,11,0
2025-07-31 00:00:00,0.81402,0.81473,0.81275,0.81301,7316,11,0
2025-07-31 04:00:00,0.81301,0.81423,0.81246,0.81259,6853,11,0
2025-07-31 08:00:00,0.81259,0.81332,0.81106,0.81265,10297,19,0
2025-07-31 12:00:00,0.81265,0.81406,0.81156,0.81302,10327,19,0
2025-07-31 16:00:00,0.81301,0.81435,0.81119,0.81231,12634,19,0
2025-07-31 20:00:00,0.81231,0.8128,0.81141,0.81202,6401,19,0
2025-08-01 00:00:00,0.81164,0.81445,0.81114,0.81279,8179,19,0
2025-08-01 04:00:00,0.81279,0.81425,0.81263,0.81392,7801,11,0
2025-08-01 08:00:00,0.81392,0.81696,0.81283,0.81691,9589,19,0
2025-08-01 12:00:00,0.8169,0.81702,0.80504,0.80541,14470,19,0
2025-08-01 16:00:00,0.80541,0.80751,0.80249,0.80655,24153,19,0
2025-08-01 20:00:00,0.8066,0.80808,0.80302,0.80389,10767,0,0
2025-08-04 00:00:00,0.80275,0.80649,0.80269,0.80644,4132,6,0
2025-08-04 04:00:00,0.80643,0.80679,0.80465,0.80518,4508,5,0
2025-08-04 08:00:00,0.80517,0.80938,0.80494,0.80897,7021,8,0
2025-08-04 12:00:00,0.809,0.80962,0.80569,0.80676,6480,4,0
2025-08-04 16:00:00,0.80676,0.80891,0.80591,0.80783,7457,11,0
2025-08-04 20:00:00,0.80782,0.80881,0.80751,0.80793,3491,5,0
2025-08-05 00:00:00,0.80669,0.80855,0.80591,0.8083,3554,8,0
2025-08-05 04:00:00,0.8083,0.80966,0.80819,0.80939,4151,3,0
2025-08-05 08:00:00,0.80941,0.81143,0.80841,0.81104,5577,5,0
2025-08-05 12:00:00,0.81102,0.81175,0.80922,0.80968,5784,3,0
2025-08-05 16:00:00,0.80968,0.80991,0.80646,0.80708,7877,8,0
2025-08-05 20:00:00,0.80708,0.80788,0.80686,0.80722,3414,6,0
2025-08-06 00:00:00,0.80645,0.80773,0.80621,0.80737,3202,8,0
2025-08-06 04:00:00,0.80738,0.80785,0.80647,0.80674,3720,4,0
2025-08-06 08:00:00,0.80678,0.80935,0.80643,0.80884,4744,3,0
2025-08-06 12:00:00,0.80883,0.80899,0.80601,0.80634,5352,1,0
2025-08-06 16:00:00,0.80632,0.80775,0.80475,0.80695,13285,11,0
2025-08-06 20:00:00,0.80693,0.80736,0.80561,0.80581,7951,11,0
2025-08-07 00:00:00,0.80579,0.80669,0.80532,0.80639,7278,19,0
2025-08-07 04:00:00,0.80639,0.80654,0.80464,0.80486,8105,19,0
2025-08-07 08:00:00,0.80486,0.8072,0.80418,0.8057,10588,19,0
2025-08-07 12:00:00,0.8057,0.80884,0.80544,0.80795,13730,19,0
2025-08-07 16:00:00,0.80794,0.80868,0.80684,0.80703,14901,19,0
2025-08-07 20:00:00,0.80703,0.80831,0.80552,0.80617,7530,19,0
2025-08-08 00:00:00,0.8051,0.80666,0.80503,0.80605,7596,19,0
2025-08-08 04:00:00,0.80605,0.80719,0.80604,0.80662,6965,19,0
2025-08-08 08:00:00,0.80661,0.80879,0.80631,0.80842,9397,19,0
2025-08-08 12:00:00,0.80842,0.80872,0.80672,0.80764,10037,19,0
2025-08-08 16:00:00,0.80764,0.80803,0.80662,0.80788,11697,19,0
2025-08-08 20:00:00,0.80788,0.80852,0.80724,0.80774,7137,19,0
2025-08-11 00:00:00,0.80622,0.80803,0.80622,0.8075,7170,19,0
2025-08-11 04:00:00,0.8075,0.80764,0.80613,0.8063,8113,19,0
2025-08-11 08:00:00,0.8063,0.80847,0.80599,0.80822,10125,19,0
2025-08-11 12:00:00,0.80826,0.81164,0.80806,0.81135,9169,19,0
2025-08-11 16:00:00,0.81135,0.81308,0.81084,0.81253,10075,19,0
2025-08-11 20:00:00,0.8125,0.81293,0.8118,0.81217,5371,19,0
2025-08-12 00:00:00,0.81126,0.81255,0.81083,0.8118,5837,19,0
2025-08-12 04:00:00,0.8118,0.81188,0.81065,0.81084,7887,19,0
2025-08-12 08:00:00,0.81084,0.81159,0.80904,0.80981,11204,19,0
2025-08-12 12:00:00,0.80981,0.81175,0.80816,0.80952,13762,19,0
2025-08-12 16:00:00,0.80953,0.81106,0.80651,0.80727,20147,19,0
2025-08-12 20:00:00,0.80727,0.80775,0.80602,0.80609,8079,19,0
2025-08-13 00:00:00,0.80572,0.80685,0.8053,0.80636,6845,19,0
2025-08-13 04:00:00,0.80636,0.80705,0.80602,0.80635,8875,19,0
2025-08-13 08:00:00,0.80634,0.80676,0.80245,0.8033,12050,19,0
2025-08-13 12:00:00,0.8033,0.8043,0.80211,0.8043,11531,19,0
2025-08-13 16:00:00,0.8043,0.8049,0.80334,0.80489,11417,19,0
2025-08-13 20:00:00,0.80489,0.80573,0.80463,0.80511,5884,19,0
2025-08-14 00:00:00,0.80415,0.80522,0.80254,0.80481,7972,19,0
2025-08-14 04:00:00,0.80481,0.80569,0.80433,0.80515,9347,19,0
2025-08-14 08:00:00,0.80516,0.80678,0.80504,0.8066,11530,19,0
2025-08-14 12:00:00,0.80659,0.80793,0.80494,0.80651,13531,19,0
2025-08-14 16:00:00,0.80651,0.80914,0.80598,0.80867,16732,19,0
2025-08-14 20:00:00,0.80867,0.80874,0.80709,0.80729,7177,19,0
2025-08-15 00:00:00,0.80573,0.80785,0.80573,0.80755,6811,19,0
2025-08-15 04:00:00,0.80754,0.80773,0.80636,0.80639,7231,19,0
2025-08-15 08:00:00,0.80638,0.8067,0.80482,0.80505,9202,19,0
2025-08-15 12:00:00,0.80505,0.80681,0.80467,0.80533,10547,19,0
2025-08-15 16:00:00,0.80533,0.80659,0.80445,0.80611,13431,19,0
2025-08-15 20:00:00,0.80612,0.80679,0.80565,0.80582,6892,19,0
2025-08-18 00:00:00,0.8041,0.8068,0.8041,0.80649,5696,20,0
2025-08-18 04:00:00,0.80649,0.80689,0.80574,0.80584,7764,19,0
2025-08-18 08:00:00,0.80584,0.80773,0.80535,0.80704,9791,19,0
2025-08-18 12:00:00,0.80704,0.808,0.80647,0.8073,9066,19,0
2025-08-18 16:00:00,0.8073,0.80788,0.80625,0.80715,10093,19,0
2025-08-18 20:00:00,0.80715,0.80769,0.80686,0.80703,5243,19,0
2025-08-19 00:00:00,0.8067,0.80755,0.80629,0.80727,5810,19,0
2025-08-19 04:00:00,0.80726,0.80844,0.80696,0.80707,6740,19,0
2025-08-19 08:00:00,0.80707,0.80747,0.80526,0.8059,9025,19,0
2025-08-19 12:00:00,0.80589,0.80613,0.80464,0.80544,9025,19,0
2025-08-19 16:00:00,0.80545,0.80725,0.80511,0.80711,10473,19,0
2025-08-19 20:00:00,0.80711,0.80782,0.80685,0.80743,5480,19,0
2025-08-20 00:00:00,0.80622,0.80905,0.80585,0.80845,5663,19,0
2025-08-20 04:00:00,0.80846,0.80917,0.80795,0.80833,8155,19,0
2025-08-20 08:00:00,0.80833,0.80886,0.8075,0.80782,9089,19,0
2025-08-20 12:00:00,0.80781,0.80806,0.80556,0.80558,9469,19,0
2025-08-20 16:00:00,0.80557,0.80638,0.80322,0.80385,13024,19,0
2025-08-20 20:00:00,0.80385,0.80431,0.803,0.80379,6084,19,0
2025-08-21 00:00:00,0.80311,0.80486,0.80278,0.80429,7224,19,0
2025-08-21 04:00:00,0.8043,0.80524,0.80401,0.80524,7452,19,0
2025-08-21 08:00:00,0.8052,0.80638,0.80456,0.80516,9422,19,0
2025-08-21 12:00:00,0.80515,0.80678,0.8048,0.80607,9279,19,0
2025-08-21 16:00:00,0.80605,0.80885,0.80571,0.80802,14212,19,0
2025-08-21 20:00:00,0.80802,0.80895,0.8078,0.80837,4522,10,0
2025-08-22 00:00:00,0.80733,0.80884,0.80636,0.80875,6815,19,0
2025-08-22 04:00:00,0.80876,0.81028,0.80863,0.81025,7781,19,0
2025-08-22 08:00:00,0.81025,0.81028,0.80888,0.80924,8212,19,0
2025-08-22 12:00:00,0.80924,0.80951,0.80779,0.808,8990,11,0
2025-08-22 16:00:00,0.80801,0.80874,0.80011,0.80123,17716,19,0
2025-08-22 20:00:00,0.80122,0.8015,0.79992,0.80069,6767,19,0
2025-08-25 00:00:00,0.80037,0.80317,0.79966,0.80285,6016,19,0
2025-08-25 04:00:00,0.80285,0.80342,0.80234,0.80283,6151,19,0
2025-08-25 08:00:00,0.80284,0.80335,0.80151,0.8018,7624,19,0
2025-08-25 12:00:00,0.80182,0.80274,0.8017,0.80228,7389,10,0
2025-08-25 16:00:00,0.80229,0.80443,0.80184,0.80404,9795,19,0
2025-08-25 20:00:00,0.80401,0.807,0.80397,0.80496,7619,19,0
2025-08-26 00:00:00,0.8054,0.80656,0.80263,0.80336,8260,19,0
2025-08-26 04:00:00,0.80335,0.8058,0.80329,0.80532,9078,19,0
2025-08-26 08:00:00,0.80531,0.80713,0.80477,0.80662,11658,19,0
2025-08-26 12:00:00,0.80663,0.80672,0.80363,0.80438,10504,19,0
2025-08-26 16:00:00,0.8044,0.80507,0.80244,0.8032,11404,19,0
2025-08-26 20:00:00,0.80323,0.80389,0.80281,0.80307,6133,19,0
2025-08-27 00:00:00,0.80215,0.80409,0.80202,0.80397,5496,19,0
2025-08-27 04:00:00,0.80397,0.8052,0.80361,0.80514,4717,19,0
2025-08-27 08:00:00,0.80514,0.80752,0.80479,0.80632,7643,19,0
2025-08-27 12:00:00,0.80632,0.80718,0.8048,0.80509,8119,19,0
2025-08-27 16:00:00,0.80509,0.80545,0.80142,0.80181,10273,19,0
2025-08-27 20:00:00,0.80181,0.80272,0.80153,0.80205,6090,19,0
2025-08-28 00:00:00,0.80148,0.80216,0.80138,0.8016,3714,19,0
2025-08-28 04:00:00,0.8016,0.80174,0.8009,0.80141,5081,19,0
2025-08-28 08:00:00,0.80141,0.80204,0.8009,0.80108,7590,19,0
2025-08-28 12:00:00,0.80108,0.80212,0.7993,0.80189,10091,19,0
2025-08-28 16:00:00,0.80189,0.80295,0.80037,0.80037,10757,19,0
2025-08-28 20:00:00,0.80037,0.80182,0.79967,0.80102,4962,19,0
2025-08-29 00:00:00,0.79964,0.80232,0.79963,0.80192,6297,19,0
2025-08-29 04:00:00,0.80192,0.80305,0.80178,0.8024,5981,19,0
2025-08-29 08:00:00,0.8024,0.80257,0.79953,0.80057,7175,19,0
2025-08-29 12:00:00,0.80057,0.8034,0.80047,0.80231,8753,19,0
2025-08-29 16:00:00,0.80233,0.8026,0.79846,0.79916,13472,19,0
2025-08-29 20:00:00,0.79916,0.80071,0.79903,0.79974,5234,19,0
2025-09-01 00:00:00,0.79804,0.80105,0.79804,0.80057,4579,19,0
2025-09-01 04:00:00,0.80056,0.8011,0.79924,0.79949,11168,19,0
2025-09-01 08:00:00,0.79949,0.79979,0.79849,0.79865,8209,19,0
2025-09-01 12:00:00,0.79865,0.80114,0.79855,0.80098,7492,19,0
2025-09-01 16:00:00,0.80096,0.8016,0.79988,0.80109,7966,10,0
2025-09-01 20:00:00,0.80109,0.8012,0.79964,0.79964,3716,19,0
2025-09-02 00:00:00,0.79986,0.80119,0.79952,0.80107,5671,12,0
2025-09-02 04:00:00,0.80106,0.8014,0.80088,0.80122,8231,19,0
2025-09-02 08:00:00,0.80121,0.80438,0.80072,0.80416,11723,10,0
2025-09-02 12:00:00,0.80419,0.80597,0.80363,0.80512,12751,19,0
2025-09-02 16:00:00,0.80511,0.8053,0.80185,0.80382,14304,19,0
2025-09-02 20:00:00,0.80382,0.80532,0.80356,0.80373,5501,11,0
2025-09-03 00:00:00,0.80374,0.80556,0.80314,0.80548,5515,20,0
2025-09-03 04:00:00,0.80549,0.80577,0.80499,0.80508,8052,19,0
2025-09-03 08:00:00,0.80509,0.80669,0.80387,0.80402,9830,19,0
2025-09-03 12:00:00,0.80402,0.80538,0.80301,0.80506,9464,10,0
2025-09-03 16:00:00,0.80506,0.80547,0.80261,0.80312,13183,19,0
2025-09-03 20:00:00,0.8031,0.8044,0.803,0.80397,5629,10,0
2025-09-04 00:00:00,0.80315,0.80427,0.80248,0.804,7083,10,0
2025-09-04 04:00:00,0.804,0.80441,0.80337,0.80433,9231,19,0
2025-09-04 08:00:00,0.80434,0.80546,0.80386,0.80432,6386,4,0
2025-09-04 12:00:00,0.80431,0.80614,0.80421,0.80556,5832,9,0
2025-09-04 16:00:00,0.80557,0.80682,0.80473,0.80665,7000,4,0
2025-09-04 20:00:00,0.80664,0.80716,0.80511,0.80547,3016,5,0
2025-09-05 00:00:00,0.80419,0.80573,0.80419,0.80497,3422,10,0
2025-09-05 04:00:00,0.80495,0.80506,0.80425,0.80474,3572,4,0
2025-09-05 08:00:00,0.80474,0.80474,0.80325,0.80327,4046,2,0
2025-09-05 12:00:00,0.80327,0.8039,0.79828,0.79974,6709,2,0
2025-09-05 16:00:00,0.79957,0.79996,0.79556,0.797,9746,10,0
2025-09-05 20:00:00,0.79699,0.79854,0.79698,0.79714,4264,6,0
2025-09-08 00:00:00,0.79708,0.79953,0.79669,0.79831,3937,8,0
2025-09-08 04:00:00,0.7983,0.79857,0.79739,0.79742,4549,5,0
2025-09-08 08:00:00,0.79741,0.79753,0.79503,0.79587,5282,3,0
2025-09-08 12:00:00,0.79587,0.7966,0.79437,0.79462,4679,9,0
2025-09-08 16:00:00,0.79464,0.79465,0.79291,0.79424,5241,3,0
2025-09-08 20:00:00,0.79425,0.79462,0.79273,0.79303,2497,4,0
2025-09-09 00:00:00,0.79258,0.7934,0.79218,0.7925,3053,5,0
2025-09-09 04:00:00,0.7925,0.79302,0.79206,0.79225,4173,4,0
2025-09-09 08:00:00,0.79226,0.79437,0.79151,0.79303,6236,5,0
2025-09-09 12:00:00,0.79303,0.79554,0.79223,0.79496,5588,8,0
2025-09-09 16:00:00,0.79494,0.79694,0.79281,0.79682,7654,3,0
2025-09-09 20:00:00,0.79682,0.79789,0.79665,0.79706,3343,5,0
2025-09-10 00:00:00,0.79689,0.79796,0.79583,0.79781,2875,5,0
2025-09-10 04:00:00,0.7978,0.79842,0.79669,0.7967,4243,4,0
2025-09-10 08:00:00,0.7967,0.79843,0.7961,0.79751,5439,3,0
2025-09-10 12:00:00,0.7975,0.79911,0.79609,0.79799,5747,2,0
2025-09-10 16:00:00,0.798,0.79892,0.79631,0.79872,6593,2,0
2025-09-10 20:00:00,0.79872,0.79941,0.79847,0.79904,2508,4,0
2025-09-11 00:00:00,0.79829,0.7992,0.79802,0.79914,2278,8,0
2025-09-11 04:00:00,0.79916,0.79921,0.79861,0.79864,3134,2,0
2025-09-11 08:00:00,0.79863,0.79989,0.79863,0.79926,5200,3,0
2025-09-11 12:00:00,0.79926,0.80068,0.79695,0.79773,6621,1,0
2025-09-11 16:00:00,0.79765,0.79824,0.79478,0.79589,8446,9,0
2025-09-11 20:00:00,0.79586,0.79635,0.79546,0.7956,3481,6,0
2025-09-12 00:00:00,0.79467,0.79626,0.79467,0.79603,2801,8,0
2025-09-12 04:00:00,0.79602,0.79695,0.79591,0.7967,2482,2,0
2025-09-12 08:00:00,0.79669,0.79738,0.79548,0.7973,4153,2,0
2025-09-12 12:00:00,0.79731,0.79861,0.79624,0.79771,4881,3,0
2025-09-12 16:00:00,0.79773,0.79806,0.79616,0.79655,5023,2,0
2025-09-12 20:00:00,0.79651,0.7967,0.79572,0.79572,2421,5,0
2025-09-15 00:00:00,0.79589,0.79676,0.79511,0.79649,1814,7,0
2025-09-15 04:00:00,0.79648,0.79687,0.79605,0.79623,2194,0,0
2025-09-15 08:00:00,0.79623,0.79724,0.79567,0.79607,3723,3,0
2025-09-15 12:00:00,0.79606,0.79609,0.79435,0.79474,4392,2,0
2025-09-15 16:00:00,0.79474,0.79555,0.79359,0.7946,5127,4,0
2025-09-15 20:00:00,0.79461,0.79467,0.79378,0.79436,2692,1,0
2025-09-16 00:00:00,0.79381,0.79474,0.79381,0.79441,2335,6,0
2025-09-16 04:00:00,0.79441,0.79476,0.79322,0.79363,4628,3,0
2025-09-16 08:00:00,0.79364,0.79376,0.79161,0.79217,5553,4,0
2025-09-16 12:00:00,0.79212,0.79218,0.78998,0.79083,7281,4,0
2025-09-16 16:00:00,0.79082,0.79092,0.78622,0.78625,8003,10,0
2025-09-16 20:00:00,0.78626,0.78659,0.78544,0.78558,4676,6,0
2025-09-17 00:00:00,0.78546,0.78664,0.78498,0.7866,2245,4,0
2025-09-17 04:00:00,0.78659,0.78716,0.78651,0.78697,2767,0,0
2025-09-17 08:00:00,0.78696,0.78783,0.78656,0.7869,4237,2,0
2025-09-17 12:00:00,0.78686,0.78762,0.78626,0.78685,4323,3,0
2025-09-17 16:00:00,0.78685,0.78719,0.78583,0.78694,5063,3,0
2025-09-17 20:00:00,0.78695,0.78932,0.78289,0.7887,10192,10,0
2025-09-18 00:00:00,0.7878,0.78907,0.7878,0.78856,3103,10,0
2025-09-18 04:00:00,0.78858,0.79075,0.78832,0.79062,3669,2,0
2025-09-18 08:00:00,0.79062,0.7915,0.78828,0.78907,6626,3,0
2025-09-18 12:00:00,0.78906,0.79101,0.78711,0.79099,7112,10,0
2025-09-18 16:00:00,0.79101,0.79373,0.79101,0.79227,8896,2,0
2025-09-18 20:00:00,0.79228,0.7929,0.79181,0.79223,3515,6,0
2025-09-19 00:00:00,0.79173,0.79319,0.79038,0.7924,3173,6,0
2025-09-19 04:00:00,0.7924,0.79339,0.79197,0.79298,5261,5,0
2025-09-19 08:00:00,0.79298,0.79551,0.79266,0.79522,6431,5,0
2025-09-19 12:00:00,0.79522,0.79657,0.79439,0.79591,5744,10,0
2025-09-19 16:00:00,0.79589,0.79593,0.79407,0.79469,7230,3,0
2025-09-19 20:00:00,0.79468,0.79578,0.79458,0.79535,3801,3,0
2025-09-22 00:00:00,0.79324,0.79695,0.79202,0.79648,2722,8,0
2025-09-22 04:00:00,0.79648,0.79726,0.79602,0.79704,4392,2,0
2025-09-22 08:00:00,0.79704,0.79708,0.79394,0.79416,5447,4,0
2025-09-22 12:00:00,0.79416,0.79476,0.79277,0.79308,5102,9,0
2025-09-22 16:00:00,0.79306,0.79419,0.7927,0.79288,5202,9,0
2025-09-22 20:00:00,0.79288,0.79307,0.79211,0.79227,3694,5,0
2025-09-23 00:00:00,0.79192,0.79347,0.79167,0.79198,2771,6,0
2025-09-23 04:00:00,0.79197,0.79247,0.79094,0.79246,4076,4,0
2025-09-23 08:00:00,0.7925,0.7933,0.79161,0.79182,5503,4,0
2025-09-23 12:00:00,0.79184,0.79281,0.79146,0.79209,4747,4,0
2025-09-23 16:00:00,0.79212,0.79314,0.79143,0.79182,7216,10,0
2025-09-23 20:00:00,0.79182,0.79195,0.79089,0.79114,4679,6,0
2025-09-24 00:00:00,0.79069,0.79215,0.79035,0.79196,3034,6,0
2025-09-24 04:00:00,0.79196,0.79252,0.79186,0.79207,3652,3,0
2025-09-24 08:00:00,0.79207,0.79424,0.79182,0.79392,5286,4,0
2025-09-24 12:00:00,0.79392,0.79518,0.79366,0.79448,5437,9,0
2025-09-24 16:00:00,0.79447,0.7957,0.79396,0.79557,6654,3,0
2025-09-24 20:00:00,0.79557,0.79561,0.79472,0.79485,3488,6,0
2025-09-25 00:00:00,0.79448,0.79489,0.79385,0.79436,3260,6,0
2025-09-25 04:00:00,0.79437,0.79508,0.79425,0.79471,3091,3,0
2025-09-25 08:00:00,0.79471,0.79679,0.7947,0.7958,5720,2,0
2025-09-25 12:00:00,0.79578,0.79982,0.79507,0.79904,6615,10,0
2025-09-25 16:00:00,0.799,0.80093,0.79775,0.8008,9233,8,0
2025-09-25 20:00:00,0.80081,0.80135,0.79916,0.79926,4947,7,0
2025-09-26 00:00:00,0.79923,0.80067,0.79894,0.79976,3200,5,0
2025-09-26 04:00:00,0.79976,0.80012,0.79912,0.79913,3738,1,0
2025-09-26 08:00:00,0.79913,0.80004,0.79861,0.79917,5288,4,0
2025-09-26 12:00:00,0.79917,0.80031,0.79839,0.79885,6026,9,0
2025-09-26 16:00:00,0.79884,0.79923,0.79744,0.79835,8626,9,0
2025-09-26 20:00:00,0.79836,0.79836,0.79727,0.79776,4496,5,0
2025-09-29 00:00:00,0.79648,0.79814,0.79606,0.79651,2517,6,0
2025-09-29 04:00:00,0.79651,0.79703,0.79566,0.79599,3288,4,0
2025-09-29 08:00:00,0.79599,0.79688,0.79514,0.79598,5201,4,0
2025-09-29 12:00:00,0.79598,0.79871,0.79589,0.79619,5809,3,0
2025-09-29 16:00:00,0.79618,0.79786,0.79614,0.79708,7268,1,0
2025-09-29 20:00:00,0.79706,0.79783,0.79698,0.79753,3431,4,0
2025-09-30 00:00:00,0.7973,0.7983,0.79676,0.79789,3021,7,0
2025-09-30 04:00:00,0.79786,0.79799,0.79692,0.79693,3101,3,0
2025-09-30 08:00:00,0.79693,0.79777,0.79519,0.79612,5650,4,0
2025-09-30 12:00:00,0.79613,0.79821,0.79605,0.79704,5177,2,0
2025-09-30 16:00:00,0.79705,0.79851,0.79447,0.79462,7514,2,0
2025-09-30 20:00:00,0.7946,0.79643,0.79386,0.79599,3473,4,0
2025-10-01 00:00:00,0.7962,0.79682,0.79493,0.79628,2771,4,0
2025-10-01 04:00:00,0.79627,0.79662,0.79418,0.79431,2865,4,0
2025-10-01 08:00:00,0.79426,0.79585,0.7928,0.79581,6667,10,0
2025-10-01 12:00:00,0.79573,0.79881,0.79509,0.79734,7911,10,0
2025-10-01 16:00:00,0.79731,0.79897,0.79614,0.7982,9405,10,0
2025-10-01 20:00:00,0.79818,0.7982,0.79658,0.79679,4082,5,0
2025-10-02 00:00:00,0.79635,0.79741,0.7961,0.79707,2208,3,0
2025-10-02 04:00:00,0.79707,0.79731,0.79607,0.79667,3017,3,0
2025-10-02 08:00:00,0.79667,0.79749,0.79582,0.79617,5468,2,0
2025-10-02 12:00:00,0.79621,0.79686,0.79509,0.7966,5470,9,0
2025-10-02 16:00:00,0.79657,0.79996,0.79632,0.79807,7161,10,0
2025-10-02 20:00:00,0.79807,0.7985,0.7971,0.7978,3583,4,0
2025-10-03 00:00:00,0.79721,0.79796,0.79661,0.79734,1626,6,0
2025-10-03 04:00:00,0.7973,0.79793,0.79703,0.79768,3199,3,0
2025-10-03 08:00:00,0.79769,0.79797,0.79573,0.79617,4536,3,0
2025-10-03 12:00:00,0.7962,0.79713,0.79563,0.79572,4417,3,0
2025-10-03 16:00:00,0.79571,0.79664,0.79466,0.79523,7089,2,0
2025-10-03 20:00:00,0.79523,0.7961,0.79469,0.79484,3166,6,0
2025-10-06 00:00:00,0.79475,0.79775,0.79475,0.79649,5174,10,0
2025-10-06 04:00:00,0.79646,0.79709,0.79533,0.79595,4198,7,0
2025-10-06 08:00:00,0.79596,0.79928,0.79555,0.79859,7450,5,0
2025-10-06 12:00:00,0.79861,0.79933,0.79708,0.79715,5967,9,0
2025-10-06 16:00:00,0.79713,0.79763,0.79475,0.79506,5870,3,0
2025-10-06 20:00:00,0.79507,0.79553,0.79449,0.7947,2750,5,0
2025-10-07 00:00:00,0.79447,0.79563,0.79443,0.79497,3137,8,0
2025-10-07 04:00:00,0.79497,0.79574,0.79495,0.79554,2768,2,0
2025-10-07 08:00:00,0.79556,0.79775,0.79545,0.7977,4615,1,0
2025-10-07 12:00:00,0.79771,0.7991,0.7969,0.7975,5072,3,0
2025-10-07 16:00:00,0.79746,0.79831,0.79668,0.79735,6620,9,0
2025-10-07 20:00:00,0.79735,0.79888,0.7966,0.79807,4081,6,0
2025-10-08 00:00:00,0.79768,0.7992,0.79734,0.79894,3134,6,0
2025-10-08 04:00:00,0.79892,0.801,0.79892,0.80084,4497,5,0
2025-10-08 08:00:00,0.80084,0.80183,0.80045,0.80106,5856,4,0
2025-10-08 12:00:00,0.80106,0.80127,0.7994,0.80023,5929,2,0
2025-10-08 16:00:00,0.80023,0.80274,0.7998,0.8022,6926,0,0
2025-10-08 20:00:00,0.8022,0.80288,0.80153,0.80173,4778,5,0
2025-10-09 00:00:00,0.80127,0.80172,0.80069,0.80097,2289,4,0
2025-10-09 04:00:00,0.80097,0.80099,0.80022,0.80045,2831,1,0
2025-10-09 08:00:00,0.80047,0.8035,0.80039,0.802,5325,1,0
2025-10-09 12:00:00,0.802,0.80239,0.80036,0.80229,5056,2,0
2025-10-09 16:00:00,0.80227,0.80693,0.8016,0.80663,9172,9,0
2025-10-09 20:00:00,0.80662,0.80757,0.8058,0.80618,5224,3,0
2025-10-10 00:00:00,0.80579,0.80675,0.80512,0.80628,2789,7,0
2025-10-10 04:00:00,0.80628,0.80666,0.80583,0.80587,3755,5,0
2025-10-10 08:00:00,0.80587,0.80612,0.80466,0.80512,5602,2,0
2025-10-10 12:00:00,0.80513,0.80642,0.80494,0.80547,4804,3,0
2025-10-10 16:00:00,0.80585,0.80605,0.79995,0.80138,9676,9,0
2025-10-10 20:00:00,0.80137,0.80207,0.79826,0.79869,5923,8,0
2025-10-13 00:00:00,0.80007,0.80379,0.79935,0.80115,5903,8,0
2025-10-13 04:00:00,0.80112,0.80164,0.80083,0.80109,5564,3,0
2025-10-13 08:00:00,0.80108,0.80427,0.79997,0.80405,7316,4,0
2025-10-13 12:00:00,0.80406,0.80511,0.80247,0.80462,7186,2,0
2025-10-13 16:00:00,0.80462,0.80574,0.80369,0.804,6861,9,0
2025-10-13 20:00:00,0.804,0.80428,0.80373,0.80385,2923,4,0
2025-10-14 00:00:00,0.80377,0.80495,0.80285,0.80451,2862,5,0
2025-10-14 04:00:00,0.80452,0.80457,0.80234,0.80252,3878,4,0
2025-10-14 08:00:00,0.80252,0.80458,0.80178,0.80324,8023,10,0
2025-10-14 12:00:00,0.80323,0.80479,0.8032,0.80421,6555,9,0
2025-10-14 16:00:00,0.80421,0.80445,0.80022,0.80077,10039,9,0
2025-10-14 20:00:00,0.80079,0.80144,0.8005,0.80073,4842,7,0
2025-10-15 00:00:00,0.80034,0.80153,0.79932,0.80106,2721,7,0
2025-10-15 04:00:00,0.80105,0.80115,0.79983,0.80001,3203,1,0
2025-10-15 08:00:00,0.80003,0.80014,0.79902,0.79975,5255,2,0
2025-10-15 12:00:00,0.79977,0.80104,0.79971,0.80059,5259,1,0
2025-10-15 16:00:00,0.80058,0.8008,0.79561,0.79666,8077,9,0
2025-10-15 20:00:00,0.79672,0.79768,0.79633,0.79665,4536,5,0
2025-10-16 00:00:00,0.79601,0.79692,0.79499,0.79535,2844,5,0
2025-10-16 04:00:00,0.79535,0.79555,0.79327,0.79544,4157,3,0
2025-10-16 08:00:00,0.79543,0.79756,0.79527,0.79652,6135,4,0
2025-10-16 12:00:00,0.79652,0.79843,0.79621,0.79685,5534,5,0
2025-10-16 16:00:00,0.7968,0.79782,0.79415,0.79426,9131,9,0
2025-10-16 20:00:00,0.79427,0.79432,0.79234,0.79254,6792,7,0
2025-10-17 00:00:00,0.79237,0.79313,0.79084,0.79132,3576,7,0
2025-10-17 04:00:00,0.79133,0.79183,0.78999,0.79033,5789,6,0
2025-10-17 08:00:00,0.79033,0.79036,0.78724,0.7893,9762,3,0
2025-10-17 12:00:00,0.78929,0.79315,0.78838,0.79214,9984,5,0
2025-10-17 16:00:00,0.79212,0.79327,0.79051,0.79211,9767,9,0
2025-10-17 20:00:00,0.79211,0.79369,0.79178,0.79341,5380,8,0
2025-10-20 00:00:00,0.79024,0.79411,0.79024,0.79278,3607,9,0
2025-10-20 04:00:00,0.79279,0.79379,0.79259,0.79275,3928,5,0
2025-10-20 08:00:00,0.79276,0.79429,0.79229,0.79245,5215,3,0
2025-10-20 12:00:00,0.79243,0.79342,0.79216,0.79245,4865,10,0
2025-10-20 16:00:00,0.79245,0.79285,0.79056,0.79202,6383,0,0
2025-10-20 20:00:00,0.79206,0.79254,0.79169,0.79251,3472,4,0
2025-10-21 00:00:00,0.79191,0.79254,0.79125,0.79175,2926,6,0
2025-10-21 04:00:00,0.79177,0.7934,0.79166,0.793,4859,2,0
2025-10-21 08:00:00,0.79301,0.79375,0.79177,0.79361,6901,10,0
2025-10-21 12:00:00,0.79362,0.79595,0.79362,0.79549,6626,9,0
2025-10-21 16:00:00,0.7955,0.79619,0.79393,0.79583,8010,9,0
2025-10-21 20:00:00,0.79583,0.7964,0.79556,0.79633,3724,5,0
2025-10-22 00:00:00,0.79553,0.79687,0.79478,0.796,4787,3,0
2025-10-22 04:00:00,0.79597,0.79611,0.79541,0.79575,3875,4,0
2025-10-22 08:00:00,0.79575,0.79685,0.7951,0.79608,5616,1,0
2025-10-22 12:00:00,0.79609,0.79717,0.79579,0.79692,5664,4,0
2025-10-22 16:00:00,0.79692,0.79733,0.79481,0.79512,7360,9,0
2025-10-22 20:00:00,0.79513,0.79632,0.79508,0.79596,4233,7,0
2025-10-23 00:00:00,0.79529,0.79664,0.79452,0.7963,2149,4,0
2025-10-23 04:00:00,0.79632,0.79762,0.79627,0.79719,2094,3,0
2025-10-23 08:00:00,0.79719,0.79799,0.79678,0.79746,3833,0,0
2025-10-23 12:00:00,0.79748,0.79864,0.79652,0.79688,4191,1,0
2025-10-23 16:00:00,0.79687,0.7971,0.79509,0.79563,5679,4,0
2025-10-23 20:00:00,0.79566,0.79591,0.79494,0.79501,1093,6,0
2025-10-24 00:00:00,0.79424,0.79546,0.79424,0.7951,3051,7,0
2025-10-24 04:00:00,0.7951,0.79611,0.79504,0.79601,3753,3,0
2025-10-24 08:00:00,0.79601,0.7965,0.79461,0.79576,4797,2,0
2025-10-24 12:00:00,0.79576,0.79678,0.79342,0.79452,5474,0,0
2025-10-24 16:00:00,0.79452,0.79613,0.79394,0.79578,7298,10,0
2025-10-24 20:00:00,0.79578,0.79578,0.79484,0.79515,3811,5,0
2025-10-27 00:00:00,0.79544,0.79659,0.79447,0.7951,4226,6,0
2025-10-27 04:00:00,0.79509,0.79668,0.79509,0.79637,3560,6,0
2025-10-27 08:00:00,0.79636,0.79725,0.79579,0.79592,4921,3,0
2025-10-27 12:00:00,0.79592,0.79677,0.79462,0.79639,5154,2,0
2025-10-27 16:00:00,0.79638,0.79664,0.79532,0.79577,4793,2,0
2025-10-27 20:00:00,0.79575,0.79605,0.79473,0.79525,2999,6,0
2025-10-28 00:00:00,0.79497,0.7952,0.79357,0.79408,3634,9,0
2025-10-28 04:00:00,0.79406,0.79436,0.79311,0.7934,4016,5,0
2025-10-28 08:00:00,0.79344,0.79478,0.79303,0.7934,5038,2,0
2025-10-28 12:00:00,0.7934,0.79666,0.79331,0.79535,5523,2,0
2025-10-28 16:00:00,0.79536,0.79566,0.79246,0.79318,6545,10,0
2025-10-28 20:00:00,0.79317,0.79356,0.79257,0.79309,3048,5,0
2025-10-29 00:00:00,0.79308,0.79355,0.79252,0.79336,4083,8,0
2025-10-29 04:00:00,0.79338,0.79474,0.79337,0.79427,3932,2,0
2025-10-29 08:00:00,0.79427,0.79738,0.79403,0.79615,5414,2,0
2025-10-29 12:00:00,0.79616,0.79788,0.79592,0.79746,5647,1,0
2025-10-29 16:00:00,0.79747,0.7978,0.79558,0.79678,5751,2,0
2025-10-29 20:00:00,0.79731,0.80198,0.79656,0.79923,8759,8,0
2025-10-30 00:00:00,0.79923,0.8006,0.79916,0.79921,3786,8,0
2025-10-30 04:00:00,0.79921,0.79969,0.79753,0.7987,5422,4,0
2025-10-30 08:00:00,0.79871,0.79948,0.79766,0.79873,5731,4,0
2025-10-30 12:00:00,0.7987,0.80365,0.79858,0.80154,6837,4,0
2025-10-30 16:00:00,0.80153,0.80245,0.80067,0.80217,6091,3,0
2025-10-30 20:00:00,0.80216,0.80267,0.80127,0.80157,2937,6,0
2025-10-31 00:00:00,0.80157,0.80195,0.80086,0.80167,3440,3,0
2025-10-31 04:00:00,0.80166,0.80196,0.80136,0.80173,3500,1,0
2025-10-31 08:00:00,0.80173,0.80322,0.8015,0.80154,4211,0,0
2025-10-31 12:00:00,0.80152,0.80485,0.80137,0.80418,5319,3,0
2025-10-31 16:00:00,0.80422,0.80463,0.80232,0.80403,6879,2,0
2025-10-31 20:00:00,0.80406,0.80515,0.80396,0.80419,3395,5,0
2025-11-03 00:00:00,0.80241,0.80528,0.80241,0.80493,3728,6,0
2025-11-03 04:00:00,0.80492,0.80499,0.8043,0.80446,2626,1,0
2025-11-03 08:00:00,0.80446,0.80729,0.8038,0.80717,4079,1,0
2025-11-03 12:00:00,0.80718,0.80865,0.80657,0.80829,4414,2,0
2025-11-03 16:00:00,0.80829,0.80911,0.80677,0.8074,6039,3,0
2025-11-03 20:00:00,0.80741,0.8082,0.80702,0.80792,2679,5,0
2025-11-04 00:00:00,0.80756,0.80983,0.80712,0.80937,3419,6,0
2025-11-04 04:00:00,0.80938,0.80965,0.8085,0.80871,3874,1,0
2025-11-04 08:00:00,0.80871,0.80887,0.80667,0.80864,5154,1,0
2025-11-04 12:00:00,0.80864,0.8101,0.80808,0.80844,4848,2,0
2025-11-04 16:00:00,0.80845,0.81034,0.8083,0.80949,5771,3,0
2025-11-04 20:00:00,0.80949,0.8108,0.80946,0.81031,3127,5,0
2025-11-05 00:00:00,0.80993,0.81052,0.80789,0.80863,3281,6,0
2025-11-05 04:00:00,0.80864,0.80982,0.80839,0.80897,4021,3,0
2025-11-05 08:00:00,0.80897,0.81069,0.80862,0.81054,3817,1,0
2025-11-05 12:00:00,0.81053,0.8116,0.80947,0.81093,4590,9,0
2025-11-05 16:00:00,0.81095,0.81239,0.8097,0.81097,6697,10,0
2025-11-05 20:00:00,0.81097,0.81098,0.8099,0.81018,2827,6,0
2025-11-06 00:00:00,0.80966,0.8104,0.80866,0.80895,3138,6,0
2025-11-06 04:00:00,0.80896,0.80946,0.8088,0.80908,3311,3,0
2025-11-06 08:00:00,0.80908,0.80987,0.80825,0.80884,3880,1,0
2025-11-06 12:00:00,0.80883,0.80943,0.80675,0.80749,4922,1,0
2025-11-06 16:00:00,0.8075,0.80874,0.80661,0.8071,6653,8,0
2025-11-06 20:00:00,0.80709,0.80734,0.80598,0.80614,3545,6,0
2025-11-07 00:00:00,0.80596,0.80712,0.80575,0.80693,3413,6,0
2025-11-07 04:00:00,0.80692,0.80783,0.80654,0.80761,3872,3,0
2025-11-07 08:00:00,0.80758,0.80839,0.80744,0.80814,3675,1,0
2025-11-07 12:00:00,0.80814,0.80815,0.80444,0.80523,4763,1,0
2025-11-07 16:00:00,0.80521,0.80542,0.80317,0.80383,6622,8,0
2025-11-07 20:00:00,0.80384,0.80579,0.80361,0.80469,4683,6,0
2025-11-10 00:00:00,0.80416,0.80719,0.80348,0.80636,3951,10,0
2025-11-10 04:00:00,0.80636,0.80667,0.80566,0.80592,3713,3,0
2025-11-10 08:00:00,0.80592,0.80691,0.80461,0.80589,5714,4,0
2025-11-10 12:00:00,0.80589,0.80649,0.80462,0.8047,4362,3,0
2025-11-10 16:00:00,0.8047,0.80671,0.80467,0.80473,5927,2,0
2025-11-10 20:00:00,0.80473,0.80525,0.80438,0.80485,2808,5,0
2025-11-11 00:00:00,0.80426,0.80612,0.80426,0.8052,2147,5,0
2025-11-11 04:00:00,0.8052,0.8052,0.80397,0.80402,2028,1,0
2025-11-11 08:00:00,0.80402,0.80497,0.8025,0.80318,4054,2,0
2025-11-11 12:00:00,0.8032,0.80331,0.79895,0.79934,4812,2,0
2025-11-11 16:00:00,0.79933,0.80008,0.79856,0.7998,5028,2,0
2025-11-11 20:00:00,0.79981,0.80064,0.79961,0.80045,2821,5,0
2025-11-12 00:00:00,0.79965,0.80104,0.79898,0.80087,2382,3,0
2025-11-12 04:00:00,0.80086,0.8011,0.80025,0.80063,2490,1,0
2025-11-12 08:00:00,0.80064,0.80093,0.79866,0.79921,4041,2,0
2025-11-12 12:00:00,0.79921,0.7996,0.7984,0.79842,4300,1,0
2025-11-12 16:00:00,0.79841,0.79903,0.79671,0.79698,6176,2,0
2025-11-12 20:00:00,0.79699,0.79826,0.79699,0.7977,2801,3,0
2025-11-13 00:00:00,0.79724,0.79866,0.79679,0.79809,2555,2,0
2025-11-13 04:00:00,0.79806,0.79937,0.79783,0.79924,2223,3,0
2025-11-13 08:00:00,0.79925,0.79928,0.79424,0.79543,5283,1,0
2025-11-13 12:00:00,0.79543,0.7961,0.79487,0.79571,5103,3,0
2025-11-13 16:00:00,0.79569,0.79583,0.79082,0.79118,7684,9,0
2025-11-13 20:00:00,0.79117,0.79322,0.7908,0.79261,4685,7,0
2025-11-14 00:00:00,0.79174,0.79355,0.79117,0.79309,3130,5,0
2025-11-14 04:00:00,0.79308,0.79352,0.79175,0.79185,2890,2,0
2025-11-14 08:00:00,0.79184,0.7923,0.79012,0.79215,5348,2,0
2025-11-14 12:00:00,0.79215,0.79259,0.78776,0.78948,6623,9,0
2025-11-14 16:00:00,0.78948,0.79476,0.7891,0.79399,7803,3,0
2025-11-14 20:00:00,0.79397,0.7943,0.79355,0.79381,3575,4,0
2025-11-17 00:00:00,0.7928,0.79468,0.79249,0.79446,2719,5,0
2025-11-17 04:00:00,0.79446,0.7955,0.7944,0.79492,2346,2,0
2025-11-17 08:00:00,0.7949,0.79543,0.79314,0.7943,4401,2,0
2025-11-17 12:00:00,0.79429,0.79607,0.79424,0.79581,4947,3,0
2025-11-17 16:00:00,0.79582,0.79615,0.79507,0.79564,5711,2,0
2025-11-17 20:00:00,0.79563,0.79654,0.79557,0.79612,3606,6,0
2025-11-18 00:00:00,0.79549,0.79659,0.79472,0.79604,2273,5,0
2025-11-18 04:00:00,0.79603,0.79629,0.79394,0.79453,3077,2,0
2025-11-18 08:00:00,0.79454,0.79634,0.79373,0.79632,5290,1,0
2025-11-18 12:00:00,0.79633,0.79749,0.79546,0.79639,5643,2,0
2025-11-18 16:00:00,0.7964,0.80003,0.79606,0.79973,7832,8,0
2025-11-18 20:00:00,0.79973,0.79994,0.79857,0.79953,3596,5,0
2025-11-19 00:00:00,0.79879,0.8004,0.79838,0.80033,2493,7,0
2025-11-19 04:00:00,0.80034,0.80093,0.79854,0.79923,2974,2,0
2025-11-19 08:00:00,0.79923,0.80146,0.79879,0.80132,4633,2,0
2025-11-19 12:00:00,0.80132,0.803,0.80083,0.80246,5517,9,0
2025-11-19 16:00:00,0.80247,0.8055,0.80217,0.80471,7266,8,0
2025-11-19 20:00:00,0.80469,0.80667,0.80448,0.80537,4948,6,0
2025-11-20 00:00:00,0.80487,0.80625,0.8048,0.80621,2830,5,0
2025-11-20 04:00:00,0.8062,0.8072,0.80619,0.80674,3090,2,0
2025-11-20 08:00:00,0.80675,0.80697,0.80546,0.80549,4565,1,0
2025-11-20 12:00:00,0.80545,0.8077,0.80509,0.80638,6084,9,0
2025-11-20 16:00:00,0.80643,0.80747,0.80484,0.80563,9692,8,0
2025-11-20 20:00:00,0.80562,0.80636,0.80483,0.80563,4723,7,0
2025-11-21 00:00:00,0.80519,0.80609,0.80408,0.80542,2846,4,0
2025-11-21 04:00:00,0.80536,0.8054,0.80413,0.80459,3094,5,0
2025-11-21 08:00:00,0.80459,0.80561,0.80353,0.80541,6201,2,0
2025-11-21 12:00:00,0.80534,0.8072,0.80492,0.80677,7185,9,0
2025-11-21 16:00:00,0.80676,0.80982,0.80619,0.80831,8545,8,0
2025-11-21 20:00:00,0.8083,0.80902,0.80748,0.80834,4309,6,0
2025-11-24 00:00:00,0.80712,0.80916,0.80586,0.80874,2847,5,0
2025-11-24 04:00:00,0.80874,0.80881,0.80793,0.80817,2577,2,0
2025-11-24 08:00:00,0.80818,0.81013,0.80694,0.80717,5187,0,0
2025-11-24 12:00:00,0.80718,0.80767,0.80601,0.80744,5073,3,0
2025-11-24 16:00:00,0.80745,0.80916,0.80706,0.80851,6003,2,0
2025-11-24 20:00:00,0.80849,0.80861,0.80746,0.80825,3366,6,0
2025-11-25 00:00:00,0.80798,0.80861,0.80779,0.80821,2793,6,0
2025-11-25 04:00:00,0.80821,0.80927,0.80812,0.80884,2992,0,0
2025-11-25 08:00:00,0.80884,0.8095,0.80855,0.80945,4152,0,0
2025-11-25 12:00:00,0.80946,0.81014,0.80811,0.80838,5188,2,0
2025-11-25 16:00:00,0.80837,0.80914,0.80571,0.8065,7604,9,0
2025-11-25 20:00:00,0.80649,0.80808,0.80624,0.80754,4223,7,0
2025-11-26 00:00:00,0.8072,0.8081,0.80645,0.80698,3819,6,0
2025-11-26 04:00:00,0.80696,0.80716,0.80427,0.80448,4395,5,0
2025-11-26 08:00:00,0.8045,0.80665,0.80413,0.80652,5430,4,0
2025-11-26 12:00:00,0.80651,0.8083,0.80596,0.80805,7289,3,0
2025-11-26 16:00:00,0.80805,0.80825,0.8041,0.80413,6989,9,0
2025-11-26 20:00:00,0.80414,0.80446,0.80383,0.80407,3089,4,0
2025-11-27 00:00:00,0.80388,0.80434,0.8028,0.80288,3023,7,0
2025-11-27 04:00:00,0.80287,0.80381,0.80259,0.80351,3437,2,0
2025-11-27 08:00:00,0.80352,0.80564,0.8033,0.80559,4066,1,0
2025-11-27 12:00:00,0.80556,0.8062,0.80489,0.80494,3630,2,0
2025-11-27 16:00:00,0.80494,0.80589,0.80461,0.80485,2805,0,0
2025-11-27 20:00:00,0.80485,0.80514,0.80467,0.80473,1953,5,0
2025-11-28 00:00:00,0.80377,0.80548,0.8032,0.80545,3005,5,0
2025-11-28 04:00:00,0.80544,0.80571,0.8043,0.80443,11007,10,0
2025-11-28 08:00:00,0.80442,0.80646,0.80422,0.80631,13708,8,0
2025-11-28 12:00:00,0.80607,0.80704,0.8043,0.80489,12386,8,0
2025-11-28 16:00:00,0.8049,0.80579,0.80261,0.80307,7879,3,0
2025-11-28 20:00:00,0.80306,0.80365,0.80282,0.80311,6425,5,0
2025-12-01 00:00:00,0.80312,0.8042,0.80235,0.80342,4311,5,0
2025-12-01 04:00:00,0.80342,0.80446,0.80337,0.80438,3638,2,0
2025-12-01 08:00:00,0.80439,0.80469,0.80203,0.8028,6227,3,0
2025-12-01 12:00:00,0.80281,0.80348,0.79957,0.80071,6278,3,0
2025-12-01 16:00:00,0.80071,0.8037,0.80071,0.80366,7823,8,0
2025-12-01 20:00:00,0.80365,0.80484,0.80347,0.80464,4000,5,0
2025-12-02 00:00:00,0.80389,0.80495,0.80336,0.8044,1890,5,0
2025-12-02 04:00:00,0.80439,0.80475,0.80402,0.80452,1969,1,0
2025-12-02 08:00:00,0.80452,0.80515,0.80388,0.80418,3529,0,0
2025-12-02 12:00:00,0.80417,0.80524,0.804,0.8044,4204,0,0
2025-12-02 16:00:00,0.80439,0.80502,0.80297,0.80398,6226,2,0
2025-12-02 20:00:00,0.80398,0.80444,0.80268,0.80272,3552,5,0
2025-12-03 00:00:00,0.80256,0.80305,0.80184,0.80199,2165,5,0
2025-12-03 04:00:00,0.80198,0.8022,0.80178,0.80192,2600,0,0
2025-12-03 08:00:00,0.80191,0.80266,0.80072,0.80179,4431,1,0
2025-12-03 12:00:00,0.80178,0.80179,0.79939,0.80011,4988,9,0
2025-12-03 16:00:00,0.80012,0.80116,0.79926,0.79946,6523,1,0
2025-12-03 20:00:00,0.79945,0.79987,0.79913,0.79945,3269,4,0
2025-12-04 00:00:00,0.79902,0.80038,0.79898,0.80003,2879,5,0
2025-12-04 04:00:00,0.80002,0.80099,0.79997,0.8008,2423,0,0
2025-12-04 08:00:00,0.80081,0.80144,0.79956,0.79967,4446,1,0
2025-12-04 12:00:00,0.79967,0.80162,0.7995,0.80063,4794,2,0
2025-12-04 16:00:00,0.8006,0.80264,0.79958,0.80247,5562,9,0
2025-12-04 20:00:00,0.8025,0.80392,0.80227,0.80355,3426,4,0
2025-12-05 00:00:00,0.8031,0.80382,0.80216,0.80315,2319,4,0
2025-12-05 04:00:00,0.80314,0.80363,0.80261,0.80287,2765,3,0
2025-12-05 08:00:00,0.80287,0.80346,0.80186,0.80263,4600,3,0
2025-12-05 12:00:00,0.80265,0.80421,0.80248,0.80343,4596,2,0
2025-12-05 16:00:00,0.80343,0.80544,0.8027,0.80474,7041,1,0
2025-12-05 20:00:00,0.80473,0.80489,0.80404,0.80455,3680,6,0
2025-12-08 00:00:00,0.80271,0.80491,0.80271,0.80351,4525,6,0
2025-12-08 04:00:00,0.8035,0.8038,0.80324,0.80334,2132,0,0
2025-12-08 08:00:00,0.80334,0.80432,0.80277,0.80424,4764,3,0
2025-12-08 12:00:00,0.80425,0.80626,0.80384,0.8058,4412,2,0
2025-12-08 16:00:00,0.80578,0.80851,0.80531,0.80665,6461,8,0
2025-12-08 20:00:00,0.80663,0.80717,0.80627,0.80664,3154,2,0
2025-12-09 00:00:00,0.8062,0.80693,0.80618,0.80619,2220,5,0
2025-12-09 04:00:00,0.80619,0.80659,0.80516,0.80542,3193,1,0
2025-12-09 08:00:00,0.80543,0.80659,0.80495,0.80555,5030,1,0
2025-12-09 12:00:00,0.80557,0.8071,0.80542,0.80606,4725,2,0
2025-12-09 16:00:00,0.80606,0.80821,0.80585,0.80635,7085,0,0
2025-12-09 20:00:00,0.80635,0.80664,0.80557,0.80607,3132,5,0
2025-12-10 00:00:00,0.80608,0.8066,0.80495,0.80631,1922,2,0
2025-12-10 04:00:00,0.80631,0.80637,0.80577,0.80601,1905,0,0
2025-12-10 08:00:00,0.80602,0.80609,0.80396,0.80515,3502,1,0
2025-12-10 12:00:00,0.80517,0.80564,0.8031,0.80322,4508,1,0
2025-12-10 16:00:00,0.80321,0.80343,0.80208,0.80217,5718,0,0
2025-12-10 20:00:00,0.80217,0.80298,0.79919,0.79987,8504,3,0
2025-12-11 00:00:00,0.79936,0.79994,0.79873,0.79895,2550,6,0
2025-12-11 04:00:00,0.79894,0.7998,0.79865,0.79972,2623,1,0
2025-12-11 08:00:00,0.7997,0.80008,0.79786,0.79802,4985,0,0
2025-12-11 12:00:00,0.798,0.79839,0.79511,0.79547,6073,4,0
2025-12-11 16:00:00,0.79548,0.79557,0.79238,0.79345,7446,2,0
2025-12-11 20:00:00,0.79346,0.79539,0.79323,0.79512,3967,6,0
2025-12-12 00:00:00,0.79498,0.79519,0.79345,0.79469,3090,5,0
2025-12-12 04:00:00,0.79469,0.79511,0.79442,0.79464,2171,2,0
2025-12-12 08:00:00,0.79464,0.79531,0.79442,0.79481,4547,0,0
2025-12-12 12:00:00,0.79481,0.79625,0.79472,0.79592,4668,2,0
2025-12-12 16:00:00,0.79591,0.79644,0.79448,0.79536,7608,10,0
2025-12-12 20:00:00,0.79535,0.79621,0.7951,0.79571,4023,5,0
2025-12-15 00:00:00,0.79328,0.79678,0.79328,0.79591,2913,6,0
2025-12-15 04:00:00,0.79587,0.79629,0.79534,0.79591,3227,2,0
2025-12-15 08:00:00,0.79592,0.79732,0.79588,0.79606,4339,1,0
2025-12-15 12:00:00,0.79606,0.79623,0.79521,0.79612,4015,1,0
2025-12-15 16:00:00,0.79616,0.79705,0.7938,0.79684,6125,2,0
2025-12-15 20:00:00,0.79684,0.79729,0.79598,0.79607,2841,1,0
2025-12-16 00:00:00,0.79559,0.79634,0.79484,0.7957,2969,5,0
2025-12-16 04:00:00,0.79569,0.79632,0.79518,0.79627,3164,0,0
2025-12-16 08:00:00,0.79628,0.79704,0.79559,0.79579,4107,0,0
2025-12-16 12:00:00,0.79578,0.79642,0.79257,0.79475,5720,1,0
2025-12-16 16:00:00,0.79474,0.79563,0.79294,0.7942,7857,10,0
2025-12-16 20:00:00,0.79419,0.79603,0.79414,0.79499,4239,4,0
2025-12-17 00:00:00,0.79463,0.79546,0.79371,0.79512,2304,3,0
2025-12-17 04:00:00,0.79511,0.79639,0.79511,0.79624,2762,0,0
2025-12-17 08:00:00,0.79624,0.79871,0.79617,0.79785,5256,2,0
2025-12-17 12:00:00,0.79785,0.79809,0.79508,0.79572,5223,2,0
2025-12-17 16:00:00,0.79572,0.79645,0.79349,0.79455,6524,2,0
2025-12-17 20:00:00,0.79455,0.79588,0.79424,0.79547,3142,6,0
2025-12-18 00:00:00,0.79485,0.79557,0.79377,0.79548,2711,6,0
2025-12-18 04:00:00,0.79549,0.79555,0.79494,0.79495,2502,2,0
2025-12-18 08:00:00,0.79494,0.79656,0.79466,0.79648,4006,2,0
2025-12-18 12:00:00,0.79649,0.79655,0.79268,0.79371,5586,1,0
2025-12-18 16:00:00,0.79379,0.79545,0.79301,0.79465,7758,9,0
2025-12-18 20:00:00,0.79459,0.79479,0.79368,0.79395,3207,2,0
2025-12-19 00:00:00,0.79385,0.79476,0.79351,0.79461,2134,5,0
2025-12-19 04:00:00,0.79458,0.79536,0.79437,0.79489,2797,2,0
2025-12-19 08:00:00,0.7949,0.79605,0.79454,0.79512,5008,1,0
2025-12-19 12:00:00,0.79516,0.79608,0.7946,0.79501,4676,1,0
2025-12-19 16:00:00,0.795,0.79619,0.79404,0.79502,5858,3,0
2025-12-19 20:00:00,0.79503,0.79579,0.79442,0.7952,3159,6,0
2025-12-22 00:00:00,0.79323,0.79586,0.79323,0.79475,3503,5,0
2025-12-22 04:00:00,0.79474,0.79514,0.79427,0.79467,2628,2,0
2025-12-22 08:00:00,0.79468,0.79529,0.79328,0.79333,3721,3,0
2025-12-22 12:00:00,0.79332,0.79377,0.79258,0.79294,4117,1,0
2025-12-22 16:00:00,0.79292,0.79338,0.79155,0.79193,5010,2,0
2025-12-22 20:00:00,0.79193,0.79241,0.79162,0.79169,2573,4,0
2025-12-23 00:00:00,0.79163,0.79283,0.79028,0.79056,2387,6,0
2025-12-23 04:00:00,0.79051,0.79053,0.78922,0.78977,3310,1,0
2025-12-23 08:00:00,0.78977,0.79076,0.78773,0.7883,4440,2,0
2025-12-23 12:00:00,0.78829,0.78921,0.78661,0.78918,4900,1,0
2025-12-23 16:00:00,0.78918,0.7908,0.78894,0.78924,5801,3,0
2025-12-23 20:00:00,0.78924,0.78932,0.78733,0.7874,3064,6,0
2025-12-24 00:00:00,0.78728,0.78929,0.78613,0.7863,3143,6,0
2025-12-24 04:00:00,0.78629,0.78767,0.78622,0.787,3058,3,0
2025-12-24 08:00:00,0.787,0.78817,0.78619,0.78624,3924,2,0
2025-12-24 12:00:00,0.78625,0.78792,0.78611,0.78792,4001,2,0
2025-12-24 16:00:00,0.78802,0.78965,0.7878,0.7884,4298,2,0
2025-12-24 20:00:00,0.78845,0.78857,0.78728,0.78761,6572,9,0
2025-12-26 00:00:00,0.78601,0.78873,0.78592,0.78795,4090,5,0
2025-12-26 04:00:00,0.78796,0.78846,0.78778,0.78804,2756,1,0
2025-12-26 08:00:00,0.78803,0.79026,0.78797,0.78988,3674,4,0
2025-12-26 12:00:00,0.78989,0.78999,0.7879,0.78829,4052,3,0
2025-12-26 16:00:00,0.78824,0.79022,0.78783,0.78973,7318,2,0
2025-12-26 20:00:00,0.78969,0.78993,0.78872,0.78903,4431,7,0
2025-12-29 00:00:00,0.78799,0.78941,0.7873,0.78855,3648,7,0
2025-12-29 04:00:00,0.78855,0.79005,0.7885,0.78991,3163,1,0
2025-12-29 08:00:00,0.78988,0.78997,0.78729,0.78843,4614,2,0
2025-12-29 12:00:00,0.78847,0.79155,0.78826,0.78994,5227,3,0
2025-12-29 16:00:00,0.78998,0.79092,0.78815,0.79059,6561,10,0
2025-12-29 20:00:00,0.79059,0.79074,0.7889,0.78898,3325,3,0
2025-12-30 00:00:00,0.78832,0.78916,0.7877,0.78877,2729,4,0
2025-12-30 04:00:00,0.78876,0.78917,0.78813,0.78859,2116,2,0
2025-12-30 08:00:00,0.78859,0.78965,0.78809,0.78868,3522,2,0
2025-12-30 12:00:00,0.78868,0.79032,0.78758,0.78983,4239,1,0
2025-12-30 16:00:00,0.78983,0.79164,0.78983,0.79116,5145,1,0
2025-12-30 20:00:00,0.79114,0.79236,0.79079,0.79171,2500,3,0
2025-12-31 00:00:00,0.79121,0.79191,0.79121,0.79184,2094,6,0
2025-12-31 04:00:00,0.79185,0.79277,0.79185,0.79269,2428,1,0
2025-12-31 08:00:00,0.79269,0.79418,0.7925,0.79343,3371,0,0
2025-12-31 12:00:00,0.79344,0.79375,0.79169,0.79245,4373,1,0
2025-12-31 16:00:00,0.79246,0.79408,0.79193,0.79338,6090,9,0
2025-12-31 20:00:00,0.7934,0.79367,0.7918,0.79229,3232,4,0
2026-01-02 00:00:00,0.79221,0.7925,0.79095,0.79109,2624,5,0
2026-01-02 04:00:00,0.79108,0.79243,0.79079,0.79239,2004,0,0
2026-01-02 08:00:00,0.79241,0.794,0.79223,0.79361,4205,2,0
2026-01-02 12:00:00,0.79353,0.79406,0.79257,0.79305,4172,2,0
2026-01-02 16:00:00,0.79304,0.79321,0.79009,0.79186,5143,2,0
2026-01-02 20:00:00,0.79186,0.79277,0.7918,0.79211,2969,3,0
2026-01-05 00:00:00,0.79036,0.7934,0.79036,0.79269,3693,6,0
2026-01-05 04:00:00,0.7927,0.79503,0.79258,0.79409,3536,0,0
2026-01-05 08:00:00,0.7941,0.79662,0.79365,0.79634,4662,1,0
2026-01-05 12:00:00,0.79635,0.79672,0.79402,0.79542,5568,10,0
2026-01-05 16:00:00,0.79541,0.7959,0.79224,0.79256,6551,2,0
2026-01-05 20:00:00,0.79259,0.7927,0.79121,0.79138,3055,5,0
2026-01-06 00:00:00,0.79112,0.79261,0.79098,0.7913,2496,6,0
2026-01-06 04:00:00,0.7913,0.79147,0.79064,0.79135,2601,2,0
2026-01-06 08:00:00,0.79135,0.79278,0.79057,0.79256,4412,2,0
2026-01-06 12:00:00,0.79264,0.79393,0.79231,0.79281,4702,2,0
2026-01-06 16:00:00,0.7928,0.79586,0.79236,0.7949,6706,2,0
2026-01-06 20:00:00,0.79491,0.7959,0.79479,0.79562,2994,6,0
2026-01-07 00:00:00,0.79494,0.79582,0.79448,0.79493,2648,5,0
2026-01-07 04:00:00,0.79494,0.79528,0.79438,0.79513,3064,3,0
2026-01-07 08:00:00,0.79513,0.7967,0.79445,0.79575,4393,1,0
2026-01-07 12:00:00,0.79574,0.7968,0.79535,0.79579,5143,3,0
2026-01-07 16:00:00,0.79581,0.79723,0.79504,0.79686,7045,4,0
2026-01-07 20:00:00,0.79685,0.79786,0.79667,0.79774,3132,5,0
2026-01-08 00:00:00,0.79698,0.79798,0.79619,0.79778,2304,5,0
2026-01-08 04:00:00,0.79777,0.79791,0.79699,0.79717,3277,2,0
2026-01-08 08:00:00,0.79717,0.79845,0.79683,0.79752,4910,2,0
2026-01-08 12:00:00,0.79752,0.79846,0.79679,0.7982,4609,3,0
2026-01-08 16:00:00,0.79821,0.79984,0.79748,0.79942,5979,9,0
2026-01-08 20:00:00,0.79942,0.79993,0.7986,0.79861,3436,1,0
2026-01-09 00:00:00,0.79861,0.79997,0.79764,0.79982,2394,6,0
2026-01-09 04:00:00,0.79983,0.8001,0.79919,0.7997,3089,4,0
2026-01-09 08:00:00,0.7997,0.8003,0.79932,0.80006,3922,2,0
2026-01-09 12:00:00,0.80006,0.80103,0.79857,0.79966,5329,2,0
2026-01-09 16:00:00,0.79969,0.80171,0.79896,0.80139,8361,9,0
2026-01-09 20:00:00,0.8014,0.80152,0.80059,0.80098,3219,3,0
2026-01-12 00:00:00,0.79966,0.80174,0.7972,0.7984,3983,7,0
2026-01-12 04:00:00,0.7984,0.79927,0.79772,0.79794,3220,3,0
2026-01-12 08:00:00,0.79795,0.79833,0.79554,0.79699,5390,4,0
2026-01-12 12:00:00,0.79696,0.7979,0.79564,0.79632,5107,3,0
2026-01-12 16:00:00,0.79635,0.79781,0.79577,0.79707,6078,9,0
2026-01-12 20:00:00,0.79706,0.7978,0.79664,0.7973,3136,2,0
2026-01-13 00:00:00,0.7966,0.7979,0.79643,0.79788,2583,6,0
2026-01-13 04:00:00,0.79791,0.79799,0.79678,0.79726,2759,3,0
2026-01-13 08:00:00,0.79726,0.79795,0.79671,0.79764,4272,3,0
2026-01-13 12:00:00,0.79764,0.79924,0.79734,0.79826,5114,0,0
2026-01-13 16:00:00,0.7983,0.80154,0.79775,0.80075,6714,9,0
2026-01-13 20:00:00,0.80073,0.80119,0.80015,0.8009,3270,6,0
2026-01-14 00:00:00,0.80044,0.80166,0.8004,0.80159,2908,5,0
2026-01-14 04:00:00,0.80157,0.80171,0.8006,0.80135,2636,4,0
2026-01-14 08:00:00,0.80137,0.80271,0.80047,0.80193,4922,4,0
2026-01-14 12:00:00,0.80196,0.8024,0.80032,0.80109,5294,10,0
2026-01-14 16:00:00,0.80109,0.80112,0.7983,0.79955,6942,9,0
2026-01-14 20:00:00,0.79955,0.80045,0.79952,0.79976,3841,7,0
2026-01-15 00:00:00,0.79925,0.8002,0.79847,0.7998,3095,7,0
2026-01-15 04:00:00,0.7998,0.80111,0.79955,0.80097,2545,3,0
2026-01-15 08:00:00,0.80095,0.80169,0.80012,0.80046,4306,3,0
2026-01-15 12:00:00,0.80046,0.80269,0.80014,0.80241,4627,4,0
2026-01-15 16:00:00,0.80239,0.80403,0.80174,0.80298,6400,9,0
2026-01-15 20:00:00,0.80298,0.80367,0.80243,0.80319,3213,6,0
2026-01-16 00:00:00,0.80264,0.8039,0.80236,0.80328,2165,6,0
2026-01-16 04:00:00,0.80328,0.80329,0.80208,0.80257,3403,2,0
2026-01-16 08:00:00,0.80258,0.80282,0.80174,0.80221,3691,2,0
2026-01-16 12:00:00,0.8022,0.80223,0.80104,0.80149,4193,3,0
2026-01-16 16:00:00,0.8015,0.80345,0.80056,0.803,6427,9,0
2026-01-16 20:00:00,0.80301,0.80355,0.80247,0.80256,3434,5,0
2026-01-19 00:00:00,0.80061,0.80271,0.79793,0.79917,6993,9,0
2026-01-19 04:00:00,0.79916,0.79975,0.79802,0.79882,7016,7,0
2026-01-19 08:00:00,0.79886,0.80004,0.79782,0.79874,7424,9,0
2026-01-19 12:00:00,0.79874,0.7991,0.79738,0.79779,5786,10,0
2026-01-19 16:00:00,0.79782,0.79796,0.79619,0.79731,5675,4,0
2026-01-19 20:00:00,0.79731,0.79757,0.79693,0.7972,2403,6,0
2026-01-20 00:00:00,0.79663,0.79839,0.79663,0.79742,2655,9,0
2026-01-20 04:00:00,0.79741,0.79759,0.79581,0.79629,3443,3,0
2026-01-20 08:00:00,0.79629,0.79661,0.78952,0.79051,8284,3,0
2026-01-20 12:00:00,0.79048,0.79147,0.78783,0.79013,9331,9,0
2026-01-20 16:00:00,0.79013,0.792,0.78857,0.78934,9519,9,0
2026-01-20 20:00:00,0.78935,0.79047,0.78904,0.78968,4432,6,0
2026-01-21 00:00:00,0.78907,0.79055,0.78807,0.78938,2766,6,0
2026-01-21 04:00:00,0.78938,0.79168,0.78927,0.79089,3674,4,0
2026-01-21 08:00:00,0.79089,0.79304,0.79039,0.7928,5326,4,0
2026-01-21 12:00:00,0.79281,0.79306,0.78896,0.79014,5893,9,0
2026-01-21 16:00:00,0.79016,0.79423,0.78997,0.79331,9425,9,0
2026-01-21 20:00:00,0.79331,0.79683,0.79293,0.79528,5804,6,0
2026-01-22 00:00:00,0.79499,0.7965,0.79489,0.79546,3228,7,0
2026-01-22 04:00:00,0.79549,0.79569,0.79401,0.79463,2982,3,0
2026-01-22 08:00:00,0.79463,0.79523,0.79297,0.79317,5437,3,0
2026-01-22 12:00:00,0.79324,0.7941,0.79167,0.79243,6547,4,0
2026-01-22 16:00:00,0.79243,0.79246,0.78937,0.78998,7460,3,0
2026-01-22 20:00:00,0.79,0.79028,0.78884,0.78888,3758,5,0
2026-01-23 00:00:00,0.78853,0.79003,0.78853,0.78968,3073,7,0
2026-01-23 04:00:00,0.7897,0.79054,0.78963,0.79004,4021,4,0
2026-01-23 08:00:00,0.79002,0.79106,0.78938,0.79095,7672,7,0
2026-01-23 12:00:00,0.79095,0.7914,0.78972,0.79077,5469,4,0
2026-01-23 16:00:00,0.79077,0.79089,0.78548,0.78575,8556,9,0
2026-01-23 20:00:00,0.78574,0.78714,0.77884,0.78016,7319,9,0
2026-01-26 00:00:00,0.77372,0.77933,0.77364,0.77748,7367,10,0
2026-01-26 04:00:00,0.77749,0.77767,0.77603,0.77694,7406,9,0
2026-01-26 08:00:00,0.77694,0.77925,0.77524,0.77581,9352,9,0
2026-01-26 12:00:00,0.7758,0.77931,0.77557,0.77767,7784,10,0
2026-01-26 16:00:00,0.77762,0.7779,0.77306,0.77618,9556,9,0
2026-01-26 20:00:00,0.77616,0.77718,0.77518,0.77689,6236,6,0
2026-01-27 00:00:00,0.77567,0.77753,0.77387,0.77701,3406,6,0
2026-01-27 04:00:00,0.777,0.77792,0.77523,0.77735,4297,3,0
2026-01-27 08:00:00,0.77735,0.77836,0.77553,0.77567,6313,4,0
2026-01-27 12:00:00,0.77566,0.77701,0.7697,0.77075,9193,9,0
2026-01-27 16:00:00,0.77075,0.77129,0.76595,0.76638,11125,9,0
2026-01-27 20:00:00,0.76632,0.76706,0.7603,0.76105,8431,10,0
2026-01-28 00:00:00,0.76082,0.76577,0.75981,0.76576,6037,9,0
2026-01-28 04:00:00,0.76578,0.76657,0.7651,0.76521,5669,8,0
2026-01-28 08:00:00,0.76525,0.76931,0.76282,0.76704,8728,10,0
2026-01-28 12:00:00,0.76704,0.76871,0.76622,0.7684,8426,10,0
2026-01-28 16:00:00,0.76837,0.77195,0.76659,0.76945,11203,10,0
2026-01-28 20:00:00,0.76948,0.77264,0.76812,0.76823,8778,9,0
2026-01-29 00:00:00,0.76749,0.76876,0.76463,0.76726,5936,10,0
2026-01-29 04:00:00,0.76729,0.76796,0.76484,0.7657,5833,6,0
2026-01-29 08:00:00,0.76572,0.768,0.76483,0.76779,8295,3,0
2026-01-29 12:00:00,0.76779,0.7686,0.76618,0.76747,8302,10,0
2026-01-29 16:00:00,0.76741,0.77051,0.76572,0.76647,13537,9,0
2026-01-29 20:00:00,0.76651,0.7671,0.76397,0.76419,6940,5,0
2026-01-30 00:00:00,0.76397,0.76849,0.76359,0.76829,8457,10,0
2026-01-30 04:00:00,0.76829,0.76995,0.76755,0.76854,8246,10,0
2026-01-30 08:00:00,0.76857,0.76994,0.76688,0.7696,9861,9,0
2026-01-30 12:00:00,0.76972,0.76986,0.76623,0.76889,9064,9,0
2026-01-30 16:00:00,0.76883,0.77225,0.76794,0.77181,12244,10,0
2026-01-30 20:00:00,0.7718,0.77316,0.77066,0.77275,9319,9,0
2026-02-02 00:00:00,0.77119,0.77469,0.77116,0.77213,8059,10,0
2026-02-02 04:00:00,0.77209,0.77362,0.7714,0.77296,7975,10,0
2026-02-02 08:00:00,0.77297,0.77494,0.77236,0.7748,11368,10,0
2026-02-02 12:00:00,0.7748,0.77913,0.77401,0.77869,10327,9,0
2026-02-02 16:00:00,0.7787,0.7817,0.77837,0.77963,12767,9,0
2026-02-02 20:00:00,0.77963,0.78105,0.7793,0.77952,6370,9,0
2026-02-03 00:00:00,0.7786,0.78003,0.77809,0.7782,3793,9,0
2026-02-03 04:00:00,0.77823,0.77889,0.77758,0.77825,4767,3,0
2026-02-03 08:00:00,0.77824,0.77883,0.77663,0.77882,7899,9,0
2026-02-03 12:00:00,0.7788,0.77885,0.77662,0.77728,7326,9,0
2026-02-03 16:00:00,0.77728,0.77877,0.77382,0.77506,10702,9,0
2026-02-03 20:00:00,0.77507,0.77591,0.7744,0.77489,6824,7,0
2026-02-04 00:00:00,0.77613,0.77656,0.77411,0.77575,3774,7,0
2026-02-04 04:00:00,0.77576,0.77607,0.77451,0.77501,3847,2,0
2026-02-04 08:00:00,0.775,0.77663,0.77478,0.77612,6691,4,0
2026-02-04 12:00:00,0.77611,0.77719,0.77483,0.77548,7588,10,0
2026-02-04 16:00:00,0.7755,0.77753,0.77512,0.77675,11824,10,0
2026-02-04 20:00:00,0.77677,0.7774,0.77631,0.77732,6057,10,0
2026-02-05 00:00:00,0.77605,0.77759,0.77595,0.77688,3897,7,0
2026-02-05 04:00:00,0.77689,0.77851,0.77687,0.77809,4917,4,0
2026-02-05 08:00:00,0.77809,0.77868,0.77684,0.77845,6892,5,0
2026-02-05 12:00:00,0.77844,0.77857,0.77416,0.77476,9162,9,0
2026-02-05 16:00:00,0.77476,0.77794,0.7745,0.77677,11608,10,0
2026-02-05 20:00:00,0.77676,0.77839,0.77669,0.77784,5318,9,0
2026-02-06 00:00:00,0.7773,0.7782,0.77702,0.77725,3973,8,0
2026-02-06 04:00:00,0.77725,0.77733,0.77628,0.77648,2929,4,0
2026-02-06 08:00:00,0.77648,0.77857,0.77609,0.77841,5478,4,0
2026-02-06 12:00:00,0.77837,0.77843,0.77688,0.77697,5774,10,0
2026-02-06 16:00:00,0.77698,0.7771,0.77503,0.77539,7839,4,0
2026-02-06 20:00:00,0.77537,0.77593,0.77505,0.77532,3296,7,0
2026-02-09 00:00:00,0.77391,0.77707,0.77373,0.77548,4618,10,0
2026-02-09 04:00:00,0.77549,0.77645,0.77466,0.77487,2892,3,0
2026-02-09 08:00:00,0.77488,0.77491,0.77162,0.7724,6873,9,0
2026-02-09 12:00:00,0.77243,0.77285,0.76856,0.76882,7610,9,0
2026-02-09 16:00:00,0.76881,0.76885,0.76602,0.76741,8819,9,0
2026-02-09 20:00:00,0.76742,0.76743,0.76573,0.76588,4355,6,0
2026-02-10 00:00:00,0.76637,0.76768,0.7655,0.76689,3198,7,0
2026-02-10 04:00:00,0.76688,0.76742,0.76565,0.76716,3228,3,0
2026-02-10 08:00:00,0.76717,0.76754,0.76527,0.76558,5574,3,0
2026-02-10 12:00:00,0.76559,0.76727,0.76505,0.76517,6631,10,0
2026-02-10 16:00:00,0.76517,0.76789,0.76286,0.76757,8661,9,0
2026-02-10 20:00:00,0.76758,0.76871,0.76729,0.7679,3274,5,0
2026-02-11 00:00:00,0.76482,0.76879,0.76414,0.76794,3724,8,0
2026-02-11 04:00:00,0.76794,0.76795,0.76541,0.76546,3684,2,0
2026-02-11 08:00:00,0.76546,0.76691,0.76479,0.76568,5954,3,0
2026-02-11 12:00:00,0.76568,0.77294,0.76538,0.77069,7775,9,0
2026-02-11 16:00:00,0.77084,0.77297,0.76911,0.77003,11926,9,0
2026-02-11 20:00:00,0.77003,0.77183,0.76961,0.77162,5595,9,0
2026-02-12 00:00:00,0.77019,0.7715,0.76974,0.7703,3590,6,0
2026-02-12 04:00:00,0.77032,0.77179,0.76995,0.77136,4611,3,0
2026-02-12 08:00:00,0.77137,0.77245,0.76796,0.76798,6509,9,0
2026-02-12 12:00:00,0.76799,0.77022,0.76664,0.7687,6363,9,0
2026-02-12 16:00:00,0.76866,0.77008,0.76716,0.76975,11069,10,0
2026-02-12 20:00:00,0.76974,0.77015,0.76902,0.76908,6073,7,0
2026-02-13 00:00:00,0.7672,0.76974,0.76712,0.7694,3399,7,0
2026-02-13 04:00:00,0.76942,0.77046,0.76917,0.77007,3030,4,0
2026-02-13 08:00:00,0.77013,0.7718,0.76913,0.76965,5977,9,0
2026-02-13 12:00:00,0.76965,0.77019,0.76693,0.76831,7070,9,0
2026-02-13 16:00:00,0.76831,0.77031,0.76753,0.76779,8618,9,0
2026-02-13 20:00:00,0.76778,0.76855,0.76723,0.7673,3477,5,0
2026-02-16 00:00:00,0.76702,0.76883,0.76686,0.76831,2929,6,0
2026-02-16 04:00:00,0.76831,0.76881,0.76798,0.76855,2691,3,0
2026-02-16 08:00:00,0.76855,0.76951,0.76784,0.76951,4938,4,0
2026-02-16 12:00:00,0.76952,0.77039,0.76926,0.76973,4153,4,0
2026-02-16 16:00:00,0.76974,0.76983,0.76896,0.76963,3598,1,0
2026-02-16 20:00:00,0.76962,0.76963,0.76914,0.76944,1344,4,0
2026-02-17 00:00:00,0.76878,0.77008,0.76825,0.76964,2997,6,0
2026-02-17 04:00:00,0.76963,0.76984,0.76907,0.76912,2781,3,0
2026-02-17 08:00:00,0.7691,0.77064,0.76872,0.76913,5312,4,0
2026-02-17 12:00:00,0.76918,0.77171,0.7688,0.7712,6080,2,0
2026-02-17 16:00:00,0.7712,0.77394,0.77083,0.77106,8051,2,0
2026-02-17 20:00:00,0.77106,0.77114,0.76985,0.76987,3485,7,0
2026-02-18 00:00:00,0.77113,0.77113,0.76923,0.77032,2919,6,0
2026-02-18 04:00:00,0.77032,0.7712,0.77032,0.77076,2384,3,0
2026-02-18 08:00:00,0.77076,0.77212,0.77052,0.77142,4555,3,0
2026-02-18 12:00:00,0.77143,0.772,0.76995,0.77156,4931,3,0
2026-02-18 16:00:00,0.77158,0.77292,0.77087,0.77261,6757,9,0
2026-02-18 20:00:00,0.77262,0.77317,0.77221,0.77298,4425,6,0
2026-02-19 00:00:00,0.7724,0.77316,0.77159,0.77213,2410,6,0
2026-02-19 04:00:00,0.77213,0.77335,0.77205,0.7729,2782,3,0
2026-02-19 08:00:00,0.7729,0.77311,0.77198,0.77311,4617,10,0
2026-02-19 12:00:00,0.77312,0.77591,0.77283,0.7746,5758,10,0
2026-02-19 16:00:00,0.7746,0.77622,0.77434,0.77545,7760,10,0
2026-02-19 20:00:00,0.77546,0.77616,0.77464,0.77486,3504,7,0
2026-02-20 00:00:00,0.77452,0.77596,0.77421,0.77573,2771,7,0
2026-02-20 04:00:00,0.77571,0.77617,0.7755,0.77571,2440,2,0
2026-02-20 08:00:00,0.7757,0.77683,0.77496,0.77531,5665,4,0
2026-02-20 12:00:00,0.77531,0.77702,0.77488,0.77617,6125,5,0
2026-02-20 16:00:00,0.77611,0.77717,0.77303,0.77524,10761,10,0
2026-02-20 20:00:00,0.77525,0.77597,0.77393,0.77555,5447,9,0
2026-02-23 00:00:00,0.77291,0.77476,0.77118,0.77166,4726,10,0
2026-02-23 04:00:00,0.77165,0.77287,0.771,0.77255,3449,2,0
2026-02-23 08:00:00,0.77256,0.77438,0.77156,0.77424,5781,3,0
2026-02-23 12:00:00,0.77424,0.77677,0.77415,0.77499,5654,10,0
2026-02-23 16:00:00,0.77499,0.77517,0.77311,0.7738,7019,4,0
2026-02-23 20:00:00,0.7738,0.77481,0.77365,0.77464,3130,7,0
2026-02-24 00:00:00,0.77411,0.77606,0.77292,0.77546,3537,8,0
2026-02-24 04:00:00,0.77546,0.77656,0.77506,0.77544,3722,3,0
2026-02-24 08:00:00,0.77543,0.77652,0.77361,0.77386,6638,2,0
2026-02-24 12:00:00,0.77387,0.77486,0.77312,0.77474,5768,2,0
2026-02-24 16:00:00,0.77476,0.77505,0.77319,0.77335,6919,5,0
2026-02-24 20:00:00,0.77335,0.77413,0.77299,0.77393,3263,6,0
2026-02-25 00:00:00,0.7734,0.77431,0.7724,0.77344,2957,6,0
2026-02-25 04:00:00,0.77348,0.77349,0.77188,0.77217,5062,2,0
2026-02-25 08:00:00,0.77216,0.77422,0.77208,0.77403,5750,9,0
2026-02-25 12:00:00,0.77405,0.77572,0.77401,0.77494,5541,2,0
2026-02-25 16:00:00,0.77494,0.77505,0.77183,0.77245,6676,2,0
2026-02-25 20:00:00,0.77244,0.77318,0.77219,0.77249,3116,5,0
2026-02-26 00:00:00,0.76963,0.7727,0.76826,0.77112,3779,6,0
2026-02-26 04:00:00,0.77112,0.77247,0.77101,0.77196,3562,4,0
2026-02-26 08:00:00,0.77196,0.77418,0.77162,0.77391,5167,3,0
2026-02-26 12:00:00,0.77391,0.77534,0.77352,0.77408,4812,2,0
2026-02-26 16:00:00,0.77409,0.77515,0.77313,0.77498,7255,10,0
2026-02-26 20:00:00,0.77499,0.7751,0.77417,0.77418,2086,5,0
2026-02-27 00:00:00,0.77323,0.77386,0.77317,0.77384,922,10,0
2026-02-27 04:00:00,0.77382,0.77384,0.7724,0.77289,3179,3,0
2026-02-27 08:00:00,0.77293,0.7737,0.77219,0.77289,5437,10,0
2026-02-27 12:00:00,0.77289,0.77294,0.76985,0.7705,6019,10,0
2026-02-27 16:00:00,0.77049,0.77051,0.76711,0.76878,8199,9,0
2026-02-27 20:00:00,0.76876,0.76962,0.76767,0.76861,3920,6,0
2026-03-02 00:00:00,0.76596,0.76993,0.76589,0.76839,6573,10,0
2026-03-02 04:00:00,0.76838,0.76917,0.76781,0.76881,5027,4,0
2026-03-02 08:00:00,0.76881,0.77415,0.76877,0.77209,9549,9,0
2026-03-02 12:00:00,0.77213,0.77951,0.77106,0.77821,9154,9,0
2026-03-02 16:00:00,0.77822,0.78132,0.77731,0.77828,11455,9,0
2026-03-02 20:00:00,0.77827,0.7802,0.77784,0.77933,6670,9,0
2026-03-03 00:00:00,0.77849,0.77979,0.77823,0.77911,4575,7,0
2026-03-03 04:00:00,0.77913,0.78132,0.77913,0.78132,6706,10,0
2026-03-03 08:00:00,0.78132,0.78608,0.78088,0.78578,10677,10,0
2026-03-03 12:00:00,0.78568,0.78781,0.78399,0.78529,11726,9,0
2026-03-03 16:00:00,0.78528,0.78692,0.78173,0.78286,14189,0,0
2026-03-03 20:00:00,0.78286,0.78296,0.78084,0.7818,8047,8,0
2026-03-04 00:00:00,0.78266,0.78329,0.78094,0.78213,5663,10,0
2026-03-04 04:00:00,0.78213,0.78228,0.78029,0.78183,6619,6,0
2026-03-04 08:00:00,0.78185,0.78346,0.77902,0.78338,8921,10,0
2026-03-04 12:00:00,0.78339,0.78342,0.77933,0.78062,10412,9,0
2026-03-04 16:00:00,0.78074,0.78191,0.77906,0.77981,11310,10,0
2026-03-04 20:00:00,0.77981,0.78034,0.77865,0.77901,5246,8,0
2026-03-05 00:00:00,0.77901,0.78024,0.77789,0.77928,3858,8,0
2026-03-05 04:00:00,0.77928,0.78151,0.77912,0.78146,5214,4,0
2026-03-05 08:00:00,0.78143,0.78184,0.77847,0.77892,9512,9,0
2026-03-05 12:00:00,0.77893,0.78205,0.77847,0.78138,8386,9,0
2026-03-05 16:00:00,0.78139,0.78328,0.77974,0.78239,11560,9,0
2026-03-05 20:00:00,0.7824,0.78373,0.78054,0.78076,8414,9,0
2026-03-06 00:00:00,0.78088,0.78122,0.78018,0.7805,3791,6,0
2026-03-06 04:00:00,0.78052,0.78105,0.78005,0.78101,3506,1,0
2026-03-06 08:00:00,0.78102,0.78215,0.77943,0.78205,11295,0,0
2026-03-06 12:00:00,0.78205,0.78275,0.77959,0.78176,25872,0,0
2026-03-06 16:00:00,0.78176,0.78248,0.77676,0.77751,39037,0,0
2026-03-06 20:00:00,0.77751,0.77772,0.77569,0.77608,18184,0,0
2026-03-09 00:00:00,0.77898,0.78246,0.7788,0.78245,19127,0,0
2026-03-09 04:00:00,0.78245,0.78253,0.77851,0.77875,17036,0,0
2026-03-09 08:00:00,0.77875,0.78086,0.77774,0.77935,32935,0,0
2026-03-09 12:00:00,0.77934,0.77983,0.77795,0.77897,40801,0,0
2026-03-09 16:00:00,0.77897,0.78077,0.77809,0.77988,40296,0,0
2026-03-09 20:00:00,0.77988,0.78036,0.77672,0.77693,25631,0,0
2026-03-10 00:00:00,0.77697,0.77813,0.77658,0.7774,14354,0,0
2026-03-10 04:00:00,0.7774,0.7783,0.77695,0.77762,10229,0,0
2026-03-10 08:00:00,0.77761,0.77762,0.77509,0.77555,24212,0,0
2026-03-10 12:00:00,0.77555,0.77747,0.77479,0.77614,33826,0,0
2026-03-10 16:00:00,0.77614,0.7771,0.77483,0.77684,30973,0,0
2026-03-10 20:00:00,0.77684,0.77928,0.77677,0.77795,22158,0,0
2026-03-11 00:00:00,0.77798,0.7789,0.77773,0.77779,10246,0,0
2026-03-11 04:00:00,0.77779,0.77807,0.77679,0.77719,9184,0,0
2026-03-11 08:00:00,0.77719,0.77895,0.77654,0.77857,26401,0,0
2026-03-11 12:00:00,0.77857,0.77992,0.77782,0.77892,31000,0,0
2026-03-11 16:00:00,0.77892,0.78087,0.77785,0.77956,35409,0,0
2026-03-11 20:00:00,0.77956,0.78066,0.77791,0.77971,8041,0,0
2026-03-12 00:00:00,0.77971,0.78209,0.77964,0.78115,11489,0,0
2026-03-12 04:00:00,0.78115,0.78236,0.78094,0.78182,8901,0,0
2026-03-12 08:00:00,0.78182,0.78279,0.78032,0.78048,17843,0,0
2026-03-12 12:00:00,0.78048,0.78325,0.78012,0.78273,24273,0,0
2026-03-12 16:00:00,0.78273,0.78507,0.78233,0.7845,35222,0,0
2026-03-12 20:00:00,0.7845,0.78635,0.78432,0.7856,10129,0,0
2026-03-13 00:00:00,0.7856,0.78634,0.78469,0.78578,9563,0,0
2026-03-13 04:00:00,0.78578,0.7873,0.78546,0.78717,8850,0,0
2026-03-13 08:00:00,0.78717,0.78949,0.78681,0.78844,25322,0,0
2026-03-13 12:00:00,0.78844,0.78877,0.78612,0.78682,31295,0,0
2026-03-13 16:00:00,0.78682,0.79,0.78676,0.78972,28711,0,0
2026-03-13 20:00:00,0.78972,0.79168,0.78967,0.79094,7342,0,0
2026-03-16 00:00:00,0.79013,0.79115,0.78882,0.78945,12960,0,0
2026-03-16 04:00:00,0.78944,0.79069,0.78887,0.79028,9445,0,0
2026-03-16 08:00:00,0.79028,0.79227,0.78871,0.78932,21532,0,0
2026-03-16 12:00:00,0.78932,0.78949,0.78682,0.78698,21424,0,0
2026-03-16 16:00:00,0.78698,0.78929,0.7866,0.78838,24341,0,0
2026-03-16 20:00:00,0.78838,0.78838,0.78603,0.78727,11707,0,0
2026-03-17 00:00:00,0.78727,0.78894,0.78727,0.78872,7612,0,0
2026-03-17 04:00:00,0.78872,0.78938,0.78791,0.78924,7612,0,0
2026-03-17 08:00:00,0.78924,0.79001,0.78621,0.78672,15851,0,0
2026-03-17 12:00:00,0.78672,0.78765,0.78559,0.78654,13143,0,0
2026-03-17 16:00:00,0.78654,0.78689,0.78461,0.78485,13956,0,0
2026-03-17 20:00:00,0.78484,0.78522,0.78393,0.78458,5363,2,0
2026-03-18 00:00:00,0.78458,0.78571,0.78435,0.78556,7654,5,0
2026-03-18 04:00:00,0.78556,0.78562,0.78509,0.78516,4411,2,0
2026-03-18 08:00:00,0.78516,0.78751,0.78501,0.78608,9122,0,0
2026-03-18 12:00:00,0.78608,0.78939,0.78542,0.78808,19316,0,0
2026-03-18 16:00:00,0.78808,0.79047,0.78735,0.78996,16526,0,0
2026-03-18 20:00:00,0.78994,0.79355,0.78942,0.79216,13782,0,0
2026-03-19 00:00:00,0.79216,0.79318,0.79132,0.79181,9063,5,0
2026-03-19 04:00:00,0.79181,0.79283,0.79089,0.7928,7864,2,0
2026-03-19 08:00:00,0.79279,0.79543,0.7913,0.79362,24047,0,0
2026-03-19 12:00:00,0.79363,0.7958,0.79136,0.79212,26813,0,0
2026-03-19 16:00:00,0.79212,0.7928,0.79002,0.79053,30749,0,0
2026-03-19 20:00:00,0.79053,0.79101,0.78575,0.78792,16512,0,0
2026-03-20 00:00:00,0.78792,0.78905,0.7875,0.78868,8028,5,0
2026-03-20 04:00:00,0.78868,0.78962,0.78851,0.7896,5241,2,0
2026-03-20 08:00:00,0.7896,0.79007,0.78757,0.78841,13848,0,0
2026-03-20 12:00:00,0.78841,0.78926,0.78551,0.78885,20199,0,0
2026-03-20 16:00:00,0.78884,0.79056,0.78739,0.7886,26041,0,0
2026-03-20 20:00:00,0.7886,0.789,0.78767,0.78802,11150,0,0
2026-03-23 00:00:00,0.78841,0.78932,0.78654,0.78835,13584,3,0
2026-03-23 04:00:00,0.78835,0.78996,0.78805,0.78996,9955,2,0
2026-03-23 08:00:00,0.78996,0.7933,0.78841,0.79292,23463,0,0
2026-03-23 12:00:00,0.79292,0.79397,0.7852,0.78687,57033,0,0
2026-03-23 16:00:00,0.78687,0.78827,0.78344,0.78706,42959,0,0
2026-03-23 20:00:00,0.78706,0.78771,0.7844,0.78611,12739,0,0
2026-03-24 00:00:00,0.78611,0.78874,0.78608,0.78838,11681,0,0
2026-03-24 04:00:00,0.78838,0.78893,0.7877,0.78841,12186,0,0
2026-03-24 08:00:00,0.78842,0.78891,0.78597,0.78653,21775,0,0
2026-03-24 12:00:00,0.78653,0.79163,0.7865,0.79066,23688,0,0
2026-03-24 16:00:00,0.79066,0.79247,0.78938,0.79134,29490,0,0
2026-03-24 20:00:00,0.79133,0.79206,0.78703,0.7875,18249,1,0
2026-03-25 00:00:00,0.78758,0.78847,0.78696,0.78822,11260,0,0
2026-03-25 04:00:00,0.78822,0.79004,0.78813,0.78992,8116,1,0
2026-03-25 08:00:00,0.78992,0.79093,0.78834,0.78997,16477,0,0
2026-03-25 12:00:00,0.78997,0.79172,0.7882,0.79156,21210,0,0
2026-03-25 16:00:00,0.79156,0.79245,0.79017,0.79105,21464,0,0
2026-03-25 20:00:00,0.79105,0.7921,0.79084,0.79156,7000,1,0
2026-03-26 00:00:00,0.79156,0.79219,0.79129,0.7919,6206,1,0
2026-03-26 04:00:00,0.7919,0.79237,0.79138,0.79231,5849,2,0
2026-03-26 08:00:00,0.79231,0.79297,0.79133,0.79203,12141,1,0
2026-03-26 12:00:00,0.79203,0.79369,0.79143,0.79325,15386,0,0
2026-03-26 16:00:00,0.79325,0.795,0.79234,0.79499,18233,0,0
2026-03-26 20:00:00,0.79499,0.79586,0.79309,0.79392,12624,0,0
2026-03-27 00:00:00,0.79392,0.79558,0.79391,0.79466,9120,5,0
2026-03-27 04:00:00,0.79464,0.79588,0.79449,0.79545,8856,2,0
2026-03-27 08:00:00,0.79544,0.7976,0.79514,0.79732,13353,0,0
2026-03-27 12:00:00,0.79732,0.79799,0.79552,0.7961,14899,1,0
2026-03-27 16:00:00,0.7961,0.79796,0.79524,0.7978,18453,0,0
2026-03-27 20:00:00,0.7978,0.7993,0.79767,0.79884,7441,0,0
2026-03-30 00:00:00,0.79511,0.80003,0.79511,0.79861,11058,0,0
2026-03-30 04:00:00,0.79861,0.79908,0.79817,0.79859,9617,6,0
2026-03-30 08:00:00,0.79859,0.80015,0.79789,0.80012,10669,0,0
2026-03-30 12:00:00,0.80012,0.80058,0.79844,0.79984,13166,1,0
2026-03-30 16:00:00,0.79984,0.80128,0.79912,0.8001,17715,0,0
2026-03-30 20:00:00,0.8001,0.80061,0.79932,0.79941,8269,0,0
2026-03-31 00:00:00,0.79875,0.8002,0.79782,0.7988,7509,6,0
2026-03-31 04:00:00,0.7988,0.79908,0.79787,0.79866,9080,7,0
2026-03-31 08:00:00,0.79869,0.80023,0.7985,0.79991,13867,0,0
2026-03-31 12:00:00,0.79991,0.80114,0.7992,0.80019,17535,0,0
2026-03-31 16:00:00,0.80019,0.80423,0.79912,0.80111,31619,0,0
2026-03-31 20:00:00,0.80111,0.80113,0.79892,0.79927,16711,0,0
2026-04-01 00:00:00,0.79956,0.79961,0.79673,0.79678,7395,0,0
2026-04-01 04:00:00,0.79678,0.79841,0.79671,0.79758,9867,0,0
2026-04-01 08:00:00,0.79758,0.79766,0.79276,0.79361,20073,0,0
2026-04-01 12:00:00,0.79361,0.79416,0.79049,0.79196,17686,0,0
2026-04-01 16:00:00,0.79196,0.79434,0.7911,0.79221,23374,0,0
2026-04-01 20:00:00,0.79221,0.79499,0.79177,0.79423,9200,1,0
2026-04-02 00:00:00,0.79271,0.79453,0.7927,0.79311,6397,5,0
2026-04-02 04:00:00,0.79311,0.79879,0.79275,0.79848,21236,3,0
2026-04-02 08:00:00,0.79851,0.80035,0.79828,0.79957,16612,0,0
2026-04-02 12:00:00,0.79957,0.80086,0.79883,0.7991,14499,0,0
2026-04-02 16:00:00,0.7991,0.80048,0.79773,0.7987,25082,0,0
2026-04-02 20:00:00,0.7987,0.79919,0.79798,0.79865,8023,0,0
2026-04-03 00:00:00,0.7976,0.79898,0.7976,0.79874,4242,7,0
2026-04-03 04:00:00,0.79874,0.79908,0.79859,0.79874,2071,5,0
2026-04-03 08:00:00,0.79874,0.7989,0.79768,0.79798,2021,0,0
2026-04-03 12:00:00,0.79798,0.8008,0.79789,0.79932,4499,0,0
2026-04-03 16:00:00,0.79932,0.80082,0.79858,0.80076,10843,0,0
2026-04-03 20:00:00,0.80077,0.80126,0.7987,0.80027,9642,0,0
2026-04-06 00:00:00,0.7989,0.80129,0.79844,0.80119,8314,0,0
2026-04-06 04:00:00,0.80119,0.80179,0.80036,0.80049,8101,0,0
2026-04-06 08:00:00,0.80052,0.80068,0.7967,0.79737,11165,0,0
2026-04-06 12:00:00,0.79737,0.79866,0.79706,0.79713,10996,0,0
2026-04-06 16:00:00,0.79713,0.79855,0.79611,0.79802,15906,0,0
2026-04-06 20:00:00,0.79802,0.79879,0.79749,0.79804,9287,2,0
2026-04-07 00:00:00,0.7976,0.79892,0.79689,0.79888,4659,5,0
2026-04-07 04:00:00,0.79888,0.80009,0.79852,0.79858,6939,5,0
2026-04-07 08:00:00,0.79858,0.79994,0.79791,0.79805,11641,0,0
2026-04-07 12:00:00,0.79805,0.80004,0.79786,0.79966,15359,0,0
2026-04-07 16:00:00,0.79966,0.80111,0.79882,0.79933,18257,0,0
2026-04-07 20:00:00,0.79933,0.79964,0.79725,0.79752,13172,0,0
2026-04-08 00:00:00,0.797,0.7982,0.78965,0.79124,24623,0,0
2026-04-08 04:00:00,0.79124,0.7913,0.78926,0.7895,13138,1,0
2026-04-08 08:00:00,0.78953,0.78981,0.78718,0.78881,17605,0,0
2026-04-08 12:00:00,0.78881,0.78938,0.78713,0.78746,16646,0,0
2026-04-08 16:00:00,0.78746,0.79045,0.78691,0.78999,23631,0,0
2026-04-08 20:00:00,0.78999,0.79264,0.78977,0.7912,12398,0,0
2026-04-09 00:00:00,0.79018,0.79194,0.78995,0.79177,7142,4,0
2026-04-09 04:00:00,0.79177,0.79211,0.79053,0.79108,8524,4,0
2026-04-09 08:00:00,0.79108,0.7922,0.7906,0.79103,11452,0,0
2026-04-09 12:00:00,0.79104,0.79171,0.79016,0.79048,12075,0,0
2026-04-09 16:00:00,0.79048,0.7912,0.788,0.78848,20695,0,0
2026-04-09 20:00:00,0.78848,0.79064,0.78789,0.79037,10216,0,0
2026-04-10 00:00:00,0.78942,0.79136,0.78823,0.79117,6164,4,0
2026-04-10 04:00:00,0.79117,0.79129,0.79007,0.79032,4853,6,0
2026-04-10 08:00:00,0.79035,0.79068,0.78945,0.79018,9110,0,0
2026-04-10 12:00:00,0.79017,0.7906,0.78736,0.78825,13443,0,0
2026-04-10 16:00:00,0.78825,0.79006,0.78545,0.78943,17011,0,0
2026-04-10 20:00:00,0.78943,0.78987,0.78847,0.78913,6200,0,0
2026-04-13 00:00:00,0.78975,0.79336,0.7896,0.79247,7391,0,0
2026-04-13 04:00:00,0.79247,0.79267,0.79166,0.79202,5289,5,0
2026-04-13 08:00:00,0.79205,0.79227,0.78974,0.79036,7715,1,0
2026-04-13 12:00:00,0.79036,0.79118,0.78922,0.7896,7526,0,0
2026-04-13 16:00:00,0.7896,0.78994,0.78568,0.78585,15760,1,0
2026-04-13 20:00:00,0.78585,0.7859,0.78299,0.78382,6646,0,0
2026-04-14 00:00:00,0.78341,0.78393,0.78277,0.78299,4694,1,0
2026-04-14 04:00:00,0.78299,0.7838,0.78287,0.78309,4414,2,0
2026-04-14 08:00:00,0.78312,0.78367,0.78011,0.78058,10716,0,0
2026-04-14 12:00:00,0.78058,0.781,0.77949,0.77992,10598,0,0
2026-04-14 16:00:00,0.77992,0.78122,0.77901,0.78112,14687,0,0
2026-04-14 20:00:00,0.78112,0.78138,0.78057,0.78079,4858,1,0
2026-04-15 00:00:00,0.78021,0.78158,0.78021,0.78097,4665,7,0
2026-04-15 04:00:00,0.78097,0.78197,0.78067,0.78122,4842,5,0
2026-04-15 08:00:00,0.78122,0.78145,0.77984,0.78083,7742,1,0
2026-04-15 12:00:00,0.78083,0.78315,0.78069,0.78238,11236,0,0
2026-04-15 16:00:00,0.78238,0.78239,0.78064,0.78168,11809,0,0
2026-04-15 20:00:00,0.78168,0.78237,0.78134,0.78179,5117,2,0
2026-04-16 00:00:00,0.78149,0.78265,0.78099,0.781,6128,5,0
2026-04-16 04:00:00,0.781,0.78159,0.77985,0.78077,5729,3,0
2026-04-16 08:00:00,0.7808,0.78305,0.78061,0.78238,7850,0,0
2026-04-16 12:00:00,0.78238,0.78433,0.78232,0.78348,7027,0,0
2026-04-16 16:00:00,0.78348,0.78428,0.78259,0.78402,12370,0,0
2026-04-16 20:00:00,0.78402,0.78454,0.78291,0.78349,5645,2,0
2026-04-17 00:00:00,0.78319,0.78346,0.78263,0.7832,3154,7,0
2026-04-17 04:00:00,0.7832,0.78381,0.78313,0.78326,3768,7,0
2026-04-17 08:00:00,0.78329,0.78401,0.78218,0.78219,6550,2,0
2026-04-17 12:00:00,0.78219,0.78271,0.77917,0.7792,9319,0,0
2026-04-17 16:00:00,0.7792,0.77986,0.77753,0.77944,22865,0,0
2026-04-17 20:00:00,0.77944,0.78185,0.77939,0.78169,8512,0,0
2026-04-20 00:00:00,0.78127,0.78388,0.78032,0.78259,6886,6,0
2026-04-20 04:00:00,0.78259,0.78307,0.78204,0.78245,6503,5,0
2026-04-20 08:00:00,0.78248,0.78351,0.78132,0.782,10143,0,0
2026-04-20 12:00:00,0.782,0.782,0.7806,0.78093,8122,1,0
2026-04-20 16:00:00,0.78093,0.7812,0.77758,0.7782,15673,0,0
2026-04-20 20:00:00,0.7782,0.77884,0.77795,0.7782,5363,0,0
2026-04-21 00:00:00,0.77763,0.77883,0.77752,0.77858,5298,6,0
2026-04-21 04:00:00,0.77858,0.77943,0.77837,0.77928,4059,4,0
2026-04-21 08:00:00,0.77931,0.7807,0.77848,0.78033,9045,1,0
2026-04-21 12:00:00,0.78033,0.7806,0.77915,0.78014,7853,0,0
2026-04-21 16:00:00,0.78014,0.78097,0.77828,0.78083,13049,0,0
2026-04-21 20:00:00,0.78083,0.78261,0.77959,0.78059,18710,0,0
2026-04-22 00:00:00,0.78008,0.78112,0.77964,0.78054,4522,6,0
2026-04-22 04:00:00,0.78054,0.78095,0.78025,0.78074,4527,6,0
2026-04-22 08:00:00,0.78077,0.78077,0.7792,0.78003,8642,0,0
2026-04-22 12:00:00,0.78003,0.7832,0.77977,0.78306,9155,1,0
2026-04-22 16:00:00,0.78306,0.78393,0.7817,0.78389,13468,0,0
2026-04-22 20:00:00,0.78389,0.78495,0.78339,0.78473,5457,0,0
2026-04-23 00:00:00,0.78368,0.78584,0.78316,0.78427,6563,3,0
2026-04-23 04:00:00,0.78428,0.78578,0.78411,0.78547,6279,6,0
2026-04-23 08:00:00,0.7855,0.78555,0.78405,0.78411,7420,0,0
2026-04-23 12:00:00,0.78412,0.78588,0.78407,0.78545,10732,0,0
2026-04-23 16:00:00,0.78545,0.78635,0.78318,0.78462,12496,0,0
2026-04-23 20:00:00,0.78462,0.78735,0.78459,0.78619,16453,0,0
2026-04-24 00:00:00,0.78461,0.78653,0.78447,0.78626,4144,6,0
2026-04-24 04:00:00,0.78626,0.78728,0.786,0.78698,6014,7,0
2026-04-24 08:00:00,0.78698,0.78766,0.78577,0.7861,6913,0,0
2026-04-24 12:00:00,0.7861,0.78714,0.78492,0.78612,11288,0,0
2026-04-24 16:00:00,0.78613,0.78744,0.78457,0.78489,14560,0,0
2026-04-24 20:00:00,0.78489,0.78557,0.78447,0.7848,5630,0,0
2026-04-27 00:00:00,0.787,0.787,0.78472,0.78569,3630,0,0
2026-04-27 04:00:00,0.78569,0.78569,0.78434,0.78474,6083,5,0
2026-04-27 08:00:00,0.78477,0.78567,0.78337,0.78356,7286,1,0
2026-04-27 12:00:00,0.78356,0.78498,0.78345,0.78447,7132,1,0
2026-04-27 16:00:00,0.78447,0.78538,0.78307,0.78537,10374,0,0
2026-04-27 20:00:00,0.78537,0.786,0.78512,0.78551,4064,2,0
2026-04-28 00:00:00,0.78454,0.78583,0.7839,0.7858,4115,7,0
2026-04-28 04:00:00,0.7858,0.78686,0.7858,0.78684,5994,5,0
2026-04-28 08:00:00,0.78687,0.78972,0.78683,0.78889,10244,1,0
2026-04-28 12:00:00,0.78889,0.79112,0.78864,0.7896,11122,0,0
2026-04-28 16:00:00,0.7896,0.79089,0.78868,0.78919,15506,0,0
2026-04-28 20:00:00,0.78919,0.78985,0.78897,0.78913,4652,2,0
2026-04-29 00:00:00,0.78881,0.78943,0.78846,0.78894,2660,6,0
2026-04-29 04:00:00,0.78894,0.7897,0.78826,0.78899,6086,6,0
2026-04-29 08:00:00,0.78902,0.78975,0.78871,0.78963,7235,2,0
2026-04-29 12:00:00,0.78963,0.79034,0.78873,0.79012,7307,2,0
2026-04-29 16:00:00,0.79012,0.79161,0.78942,0.79061,14900,0,0
2026-04-29 20:00:00,0.79061,0.7925,0.78998,0.79145,12121,0,0
2026-04-30 00:00:00,0.79018,0.79165,0.7893,0.79079,6561,7,0
2026-04-30 04:00:00,0.79079,0.79229,0.79051,0.79195,8008,5,0
2026-04-30 08:00:00,0.79198,0.79203,0.78868,0.78955,11184,1,0
2026-04-30 12:00:00,0.78956,0.78959,0.78338,0.78393,23470,0,0
2026-04-30 16:00:00,0.78393,0.78527,0.78079,0.78251,24775,0,0
2026-04-30 20:00:00,0.78251,0.78264,0.78056,0.78135,8620,0,0
2026-05-01 00:00:00,0.78082,0.78209,0.78002,0.78157,6100,7,0
2026-05-01 04:00:00,0.78157,0.78224,0.78109,0.78214,5704,6,0
2026-05-01 08:00:00,0.78217,0.78303,0.7796,0.78088,13363,0,0
2026-05-01 12:00:00,0.78088,0.78188,0.77884,0.78018,12536,0,0
2026-05-01 16:00:00,0.78018,0.78145,0.77789,0.78055,19598,0,0
2026-05-01 20:00:00,0.78055,0.78196,0.78036,0.78158,6730,2,0
2026-05-04 00:00:00,0.7789,0.78171,0.7786,0.7809,6003,7,0
2026-05-04 04:00:00,0.7809,0.7818,0.77994,0.78091,9660,4,0
2026-05-04 08:00:00,0.78091,0.78334,0.78045,0.78248,9710,1,0
2026-05-04 12:00:00,0.78247,0.78468,0.78208,0.7832,13003,0,0
2026-05-04 16:00:00,0.7832,0.78474,0.782,0.78468,18137,0,0
2026-05-04 20:00:00,0.78468,0.78475,0.78305,0.78384,8002,0,0
2026-05-05 00:00:00,0.78297,0.78452,0.78269,0.78436,4273,0,0
2026-05-05 04:00:00,0.78436,0.78471,0.78378,0.78467,4887,6,0
2026-05-05 08:00:00,0.7847,0.7848,0.78281,0.78346,8971,2,0
2026-05-05 12:00:00,0.78346,0.78424,0.78244,0.78365,9633,0,0
2026-05-05 16:00:00,0.78365,0.78368,0.78131,0.78289,13052,0,0
2026-05-05 20:00:00,0.78289,0.78318,0.78242,0.783,4690,2,0
2026-05-06 00:00:00,0.78278,0.78327,0.78076,0.78126,8289,7,0
2026-05-06 04:00:00,0.78126,0.78188,0.77881,0.77953,12251,4,0
2026-05-06 08:00:00,0.77956,0.78199,0.77818,0.77884,13315,0,0
2026-05-06 12:00:00,0.77884,0.77997,0.77712,0.7793,17759,0,0
2026-05-06 16:00:00,0.7793,0.78041,0.77862,0.77976,15937,0,0
2026-05-06 20:00:00,0.77976,0.77983,0.77827,0.77859,6106,2,0
2026-05-07 00:00:00,0.77805,0.77928,0.77752,0.77902,6918,7,0
2026-05-07 04:00:00,0.77902,0.77927,0.77779,0.77895,7689,7,0
2026-05-07 08:00:00,0.77898,0.77928,0.77724,0.77755,11389,2,0
2026-05-07 12:00:00,0.77755,0.77831,0.77692,0.77728,8854,0,0
2026-05-07 16:00:00,0.77728,0.77836,0.77658,0.77828,13085,0,0
2026-05-07 20:00:00,0.77828,0.78075,0.77824,0.78048,12328,0,0
2026-05-08 00:00:00,0.77931,0.78081,0.77911,0.78049,9879,4,0
2026-05-08 04:00:00,0.78049,0.78089,0.77982,0.77984,7025,6,0
2026-05-08 08:00:00,0.77984,0.7801,0.77781,0.77818,7819,2,0
2026-05-08 12:00:00,0.77818,0.77886,0.7771,0.77761,9134,0,0
2026-05-08 16:00:00,0.77761,0.77821,0.77653,0.77719,13110,0,0
2026-05-08 20:00:00,0.77719,0.77728,0.77616,0.7764,5505,0,0
2026-05-11 00:00:00,0.7767,0.77822,0.77625,0.77783,7392,6,0
2026-05-11 04:00:00,0.77783,0.77943,0.77776,0.77939,5848,7,0
2026-05-11 08:00:00,0.77942,0.77952,0.77752,0.77843,7376,0,0
2026-05-11 12:00:00,0.77843,0.77905,0.77802,0.77819,7067,0,0
2026-05-11 16:00:00,0.77819,0.77824,0.77683,0.77782,10116,1,0
2026-05-11 20:00:00,0.77782,0.77841,0.77755,0.77791,4119,1,0
2026-05-12 00:00:00,0.77742,0.77896,0.77655,0.77894,4562,8,0
2026-05-12 04:00:00,0.77894,0.77994,0.7788,0.77972,7167,6,0
2026-05-12 08:00:00,0.77972,0.78089,0.7788,0.78061,9368,0,0
2026-05-12 12:00:00,0.78063,0.7815,0.78027,0.78037,9845,1,0
2026-05-12 16:00:00,0.78037,0.78232,0.78028,0.78198,13596,0,0
2026-05-12 20:00:00,0.78198,0.78203,0.78024,0.78048,5581,0,0
2026-05-13 00:00:00,0.78022,0.78075,0.77985,0.78012,6005,7,0
2026-05-13 04:00:00,0.78012,0.78067,0.77998,0.7805,5111,5,0
2026-05-13 08:00:00,0.78053,0.78245,0.78021,0.78218,5687,0,0
2026-05-13 12:00:00,0.78218,0.78299,0.78117,0.78266,7652,0,0
2026-05-13 16:00:00,0.78266,0.78308,0.78166,0.78244,9806,1,0
2026-05-13 20:00:00,0.78244,0.78248,0.78156,0.78163,4336,2,0
2026-05-14 00:00:00,0.78125,0.78181,0.78098,0.78146,4353,6,0
2026-05-14 04:00:00,0.78146,0.78189,0.78127,0.78175,5078,7,0
2026-05-14 08:00:00,0.78175,0.7825,0.78077,0.78194,7062,2,0
2026-05-14 12:00:00,0.78195,0.78215,0.78144,0.78205,6953,2,0
2026-05-14 16:00:00,0.78205,0.78358,0.78178,0.7832,12234,1,0
2026-05-14 20:00:00,0.7832,0.78399,0.78297,0.78365,4701,2,0
2026-05-15 00:00:00,0.78293,0.78495,0.78289,0.7847,4027,6,0
2026-05-15 04:00:00,0.7847,0.78577,0.78466,0.78562,7279,7,0
2026-05-15 08:00:00,0.78562,0.78633,0.78468,0.78568,11400,0,0
2026-05-15 12:00:00,0.78568,0.78704,0.78385,0.78666,11106,2,0
2026-05-15 16:00:00,0.78666,0.78734,0.78545,0.78653,13731,1,0
2026-05-15 20:00:00,0.78655,0.7873,0.786,0.78684,6345,0,0
2026-05-18 00:00:00,0.78581,0.78747,0.78581,0.78733,5881,7,0
2026-05-18 04:00:00,0.78733,0.78772,0.78643,0.78685,9369,7,0
2026-05-18 08:00:00,0.78688,0.78712,0.78456,0.78486,9533,1,0
2026-05-18 12:00:00,0.78486,0.78652,0.78447,0.78499,11131,1,0
2026-05-18 16:00:00,0.78499,0.78646,0.78443,0.7848,14623,0,0
2026-05-18 20:00:00,0.7848,0.7861,0.78396,0.78433,8785,0,0
2026-05-19 00:00:00,0.7842,0.78525,0.78382,0.7852,4687,6,0
2026-05-19 04:00:00,0.7852,0.78593,0.78471,0.78581,7604,8,0
2026-05-19 08:00:00,0.78581,0.78703,0.7851,0.78685,8920,2,0
2026-05-19 12:00:00,0.78685,0.78799,0.78662,0.78785,9383,1,0
2026-05-19 16:00:00,0.78785,0.79062,0.78782,0.78895,17610,0,0
2026-05-19 20:00:00,0.78895,0.78927,0.78839,0.78878,5915,0,0
2026-05-20 00:00:00,0.78826,0.78935,0.78809,0.78931,5388,6,0
2026-05-20 04:00:00,0.78931,0.79013,0.78911,0.78989,8686,6,0
2026-05-20 08:00:00,0.78992,0.79064,0.7893,0.79023,9368,0,0
2026-05-20 12:00:00,0.79024,0.79061,0.78943,0.79044,7438,0,0
2026-05-20 16:00:00,0.79044,0.79067,0.78573,0.78722,21690,0,0
2026-05-20 20:00:00,0.78722,0.78785,0.78638,0.78703,7982,0,0
2026-05-21 00:00:00,0.78598,0.78751,0.78592,0.78701,4579,4,0
2026-05-21 04:00:00,0.78701,0.78758,0.78616,0.78687,6011,5,0
2026-05-21 08:00:00,0.78687,0.78846,0.78595,0.78702,11257,0,0
2026-05-21 12:00:00,0.78702,0.78895,0.78588,0.78876,13232,0,0
2026-05-21 16:00:00,0.78876,0.79041,0.78852,0.78885,16682,0,0
2026-05-21 20:00:00,0.78885,0.78903,0.78575,0.78646,15466,0,0
2026-05-22 00:00:00,0.78596,0.78696,0.78559,0.78685,4456,7,0
2026-05-22 04:00:00,0.78685,0.78707,0.78621,0.78628,5117,6,0
2026-05-22 08:00:00,0.78631,0.78758,0.78553,0.78618,8964,1,0
2026-05-22 12:00:00,0.78618,0.78703,0.7854,0.78574,8444,0,0
2026-05-22 16:00:00,0.78574,0.78709,0.78422,0.78427,13847,0,0
2026-05-22 20:00:00,0.78427,0.78516,0.7838,0.78496,7604,0,0
2026-05-25 00:00:00,0.78371,0.78431,0.78158,0.78236,5191,3,0
2026-05-25 04:00:00,0.78236,0.78243,0.78154,0.78186,6439,6,0
2026-05-25 08:00:00,0.78189,0.78236,0.7814,0.78168,6409,1,0
2026-05-25 12:00:00,0.78168,0.78179,0.78079,0.78106,4675,1,0
2026-05-25 16:00:00,0.78106,0.7835,0.78096,0.78302,5845,0,0
2026-05-25 20:00:00,0.78302,0.78309,0.78247,0.78263,1362,2,0
2026-05-26 00:00:00,0.78175,0.78367,0.78135,0.78327,5124,6,0
2026-05-26 04:00:00,0.78327,0.78381,0.78288,0.78345,5202,8,0
2026-05-26 08:00:00,0.78348,0.78521,0.78337,0.78461,7696,0,0
2026-05-26 12:00:00,0.78461,0.78545,0.78397,0.78509,7424,0,0
2026-05-26 16:00:00,0.78509,0.78644,0.78453,0.78576,10887,0,0
2026-05-26 20:00:00,0.78576,0.78602,0.78547,0.78563,4386,0,0
2026-05-27 00:00:00,0.78541,0.78566,0.7849,0.78515,3740,5,0
2026-05-27 04:00:00,0.78515,0.78561,0.78497,0.78512,4171,7,0
2026-05-27 08:00:00,0.78515,0.78622,0.78461,0.78614,6136,0,0
2026-05-27 12:00:00,0.78614,0.78669,0.78429,0.78526,9781,0,0
2026-05-27 16:00:00,0.78525,0.78755,0.78449,0.78654,13902,0,0
2026-05-27 20:00:00,0.78654,0.78735,0.78651,0.78699,4675,2,0
2026-05-28 00:00:00,0.78676,0.78802,0.7861,0.78781,4483,5,0
2026-05-28 04:00:00,0.78781,0.78988,0.78776,0.78952,6759,3,0
2026-05-28 08:00:00,0.78955,0.78962,0.78735,0.78885,7248,2,0
2026-05-28 12:00:00,0.78885,0.7899,0.78668,0.78682,7757,0,0
2026-05-28 16:00:00,0.78682,0.7875,0.78345,0.78356,16773,0,0
2026-05-28 20:00:00,0.78356,0.78417,0.78331,0.78385,5099,0,0
2026-05-29 00:00:00,0.78334,0.78392,0.78306,0.78381,3914,7,0
2026-05-29 04:00:00,0.78381,0.78455,0.78304,0.78407,5427,5,0
2026-05-29 08:00:00,0.7841,0.78471,0.78328,0.78433,6731,0,0
2026-05-29 12:00:00,0.78433,0.78434,0.78136,0.78137,7827,0,0
2026-05-29 16:00:00,0.78137,0.78283,0.77953,0.78134,16690,0,0
2026-05-29 20:00:00,0.78134,0.78254,0.77996,0.78099,6847,0,0
2026-06-01 00:00:00,0.77975,0.78288,0.77945,0.78271,5865,8,0
2026-06-01 04:00:00,0.78271,0.78334,0.78265,0.78295,12594,6,0
2026-06-01 08:00:00,0.78298,0.78362,0.78201,0.7831,9292,1,0
2026-06-01 12:00:00,0.7831,0.78511,0.78287,0.78509,8756,0,0
2026-06-01 16:00:00,0.78509,0.78845,0.78505,0.78639,20355,0,0
2026-06-01 20:00:00,0.78639,0.78693,0.78571,0.78653,6772,0,0
2026-06-02 00:00:00,0.78583,0.78706,0.78569,0.78686,4113,7,0
2026-06-02 04:00:00,0.78686,0.78715,0.78609,0.78616,5529,0,0
2026-06-02 08:00:00,0.78619,0.78654,0.78442,0.78598,8788,2,0
2026-06-02 12:00:00,0.78599,0.78619,0.78496,0.78569,7642,1,0
2026-06-02 16:00:00,0.78569,0.78742,0.78525,0.78715,11927,0,0
2026-06-02 20:00:00,0.78715,0.78841,0.78673,0.78708,5469,1,0
2026-06-03 00:00:00,0.78698,0.78843,0.78638,0.78768,6616,7,0
2026-06-03 04:00:00,0.78768,0.78852,0.7873,0.78833,4642,6,0
2026-06-03 08:00:00,0.78836,0.78951,0.78817,0.78948,9839,1,0
2026-06-03 12:00:00,0.78948,0.79049,0.78842,0.79034,8983,0,0
2026-06-03 16:00:00,0.79034,0.79236,0.78959,0.79191,15486,0,0
2026-06-03 20:00:00,0.79191,0.79272,0.79169,0.79203,4427,2,0
2026-06-04 00:00:00,0.79136,0.79221,0.79066,0.79121,11240,3,0
2026-06-04 04:00:00,0.79121,0.79142,0.79036,0.7906,6154,6,0
2026-06-04 08:00:00,0.79063,0.79225,0.79027,0.79091,8693,1,0
2026-06-04 12:00:00,0.79091,0.79091,0.78679,0.7877,11614,0,0
2026-06-04 16:00:00,0.7877,0.78905,0.78746,0.78885,11577,2,0
2026-06-04 20:00:00,0.78885,0.78974,0.78879,0.78944,4613,2,0
2026-06-05 00:00:00,0.78913,0.78958,0.78844,0.78911,10310,7,0
2026-06-05 04:00:00,0.78911,0.78956,0.78889,0.78905,4565,8,0
2026-06-05 08:00:00,0.78908,0.7893,0.78719,0.78812,6731,1,0
2026-06-05 12:00:00,0.78812,0.79314,0.78722,0.79314,11652,0,0
2026-06-05 16:00:00,0.79314,0.79612,0.79159,0.79532,22094,0,0
2026-06-05 20:00:00,0.79532,0.79678,0.79527,0.79606,9022,0,0
2026-06-08 00:00:00,0.79473,0.79716,0.79403,0.79578,5917,5,0
2026-06-08 04:00:00,0.79578,0.79793,0.79553,0.79676,11133,3,0
2026-06-08 08:00:00,0.79679,0.79811,0.79608,0.7981,13343,0,0
2026-06-08 12:00:00,0.79811,0.79865,0.79573,0.7958,13304,0,0
2026-06-08 16:00:00,0.7958,0.79766,0.79471,0.79743,16690,0,0
2026-06-08 20:00:00,0.79743,0.79823,0.79701,0.79769,7323,0,0
2026-06-09 00:00:00,0.79748,0.79838,0.79691,0.79805,4256,6,0
2026-06-09 04:00:00,0.79805,0.79817,0.79678,0.79691,7264,6,0
2026-06-09 08:00:00,0.79694,0.79732,0.79578,0.79643,10402,2,0
2026-06-09 12:00:00,0.79644,0.79656,0.79526,0.7957,7236,1,0
2026-06-09 16:00:00,0.7957,0.79918,0.79484,0.79828,21664,0,0
2026-06-09 20:00:00,0.79828,0.79866,0.79734,0.79807,9941,0,0
2026-06-10 00:00:00,0.79787,0.79941,0.79724,0.79882,6149,4,0
2026-06-10 04:00:00,0.79882,0.79946,0.79861,0.79907,9884,7,0
2026-06-10 08:00:00,0.7991,0.79918,0.79745,0.79882,9871,0,0
2026-06-10 12:00:00,0.79882,0.79957,0.79686,0.79822,14771,0,0
2026-06-10 16:00:00,0.79822,0.79951,0.79649,0.79849,21333,0,0
2026-06-10 20:00:00,0.79849,0.80017,0.79819,0.79978,9562,0,0
2026-06-11 00:00:00,0.79948,0.80058,0.79821,0.7992,13569,5,0
2026-06-11 04:00:00,0.7992,0.7992,0.79796,0.79833,11922,5,0
2026-06-11 08:00:00,0.79836,0.80015,0.79817,0.8001,9946,2,0
2026-06-11 12:00:00,0.8001,0.8009,0.79872,0.79904,12786,0,0
2026-06-11 16:00:00,0.79904,0.80106,0.79879,0.80095,17374,0,0
2026-06-11 20:00:00,0.80095,0.80127,0.79413,0.79474,20693,0,0
2026-06-12 00:00:00,0.79416,0.79599,0.79398,0.79582,6638,7,0
2026-06-12 04:00:00,0.79582,0.79624,0.79547,0.79584,6614,5,0
2026-06-12 08:00:00,0.79587,0.79748,0.79478,0.79565,11698,0,0
2026-06-12 12:00:00,0.79565,0.79752,0.79485,0.79713,10464,0,0
2026-06-12 16:00:00,0.79713,0.7976,0.79583,0.79653,42535,0,0
2026-06-12 20:00:00,0.79653,0.79715,0.79617,0.79709,20404,0,0
2026-06-15 00:00:00,0.7952,0.79637,0.79315,0.79455,31307,0,0
2026-06-15 04:00:00,0.79455,0.79481,0.7933,0.79339,21284,0,0
2026-06-15 08:00:00,0.79339,0.79456,0.7928,0.79328,30774,0,0
2026-06-15 12:00:00,0.79326,0.79383,0.79218,0.79274,27633,0,0
2026-06-15 16:00:00,0.79274,0.79397,0.79211,0.79363,40632,0,0
2026-06-15 20:00:00,0.79363,0.79495,0.79353,0.79461,25849,0,0
2026-06-16 00:00:00,0.79461,0.79496,0.79294,0.79444,14147,0,0
2026-06-16 04:00:00,0.79444,0.79593,0.79418,0.79568,25110,0,0
2026-06-16 08:00:00,0.79568,0.79599,0.79449,0.7946,26528,0,0
2026-06-16 12:00:00,0.7946,0.79576,0.794,0.79501,26800,0,0
2026-06-16 16:00:00,0.79501,0.79573,0.79215,0.79267,42461,0,0
2026-06-16 20:00:00,0.79267,0.79345,0.79257,0.79305,25340,0,0
2026-06-17 00:00:00,0.79305,0.79328,0.79241,0.79251,17912,0,0
2026-06-17 04:00:00,0.79251,0.79291,0.792,0.79208,16777,0,0
2026-06-17 08:00:00,0.79208,0.79244,0.79099,0.79187,27394,0,0
2026-06-17 12:00:00,0.79188,0.79337,0.79123,0.79235,26851,0,0
2026-06-17 16:00:00,0.79235,0.79398,0.79218,0.79324,36369,0,0
2026-06-17 20:00:00,0.79324,0.80155,0.79253,0.7996,65269,0,0
2026-06-18 00:00:00,0.79953,0.80023,0.79819,0.79885,31289,0,0
2026-06-18 04:00:00,0.79885,0.79909,0.79822,0.79849,28133,0,0
2026-06-18 08:00:00,0.79849,0.80259,0.79838,0.80245,35426,0,0
2026-06-18 12:00:00,0.80245,0.80501,0.80202,0.80366,41669,0,0
2026-06-18 16:00:00,0.80366,0.80487,0.80209,0.80452,50736,0,0
2026-06-18 20:00:00,0.80452,0.80622,0.80389,0.80436,29934,0,0
2026-06-19 00:00:00,0.80436,0.80498,0.80342,0.8047,16827,0,0
2026-06-19 04:00:00,0.8047,0.80853,0.80445,0.80835,29184,0,0
2026-06-19 08:00:00,0.80836,0.8092,0.80579,0.80579,33442,0,0
2026-06-19 12:00:00,0.80579,0.80736,0.80537,0.80644,26711,0,0
2026-06-19 16:00:00,0.80645,0.80808,0.80634,0.80754,24774,0,0
2026-06-19 20:00:00,0.80754,0.80756,0.80642,0.80708,19883,0,0
