time,open,high,low,close,tick_volume,spread,real_volume
2026-04-08 22:00:00,1.165,1.16528,1.16434,1.16527,1686,0,0
2026-04-08 22:15:00,1.16527,1.16538,1.16464,1.16523,1385,0,0
2026-04-08 22:30:00,1.16522,1.16644,1.16521,1.16601,1286,0,0
2026-04-08 22:45:00,1.16601,1.16703,1.16596,1.16677,1037,2,0
2026-04-08 23:00:00,1.16676,1.16692,1.16623,1.16637,620,2,0
2026-04-08 23:15:00,1.16637,1.16642,1.16598,1.16622,334,3,0
2026-04-08 23:30:00,1.16622,1.16641,1.16615,1.16628,382,3,0
2026-04-08 23:45:00,1.16628,1.16646,1.16608,1.16619,692,3,0
2026-04-09 00:00:00,1.1662,1.16642,1.16544,1.16623,178,17,0
2026-04-09 00:15:00,1.16623,1.16649,1.16604,1.16609,104,6,0
2026-04-09 00:30:00,1.16617,1.16631,1.16607,1.16615,128,10,0
2026-04-09 00:45:00,1.1662,1.16665,1.16606,1.16651,274,3,0
2026-04-09 01:00:00,1.16654,1.1667399999999999,1.16635,1.16642,295,2,0
2026-04-09 01:15:00,1.16641,1.16643,1.16597,1.16628,320,3,0
2026-04-09 01:30:00,1.16628,1.16654,1.16606,1.16627,384,1,0
2026-04-09 01:45:00,1.16627,1.1663000000000001,1.16608,1.1662,310,3,0
2026-04-09 02:00:00,1.1662,1.16632,1.16601,1.16612,273,3,0
2026-04-09 02:15:00,1.16612,1.16619,1.16584,1.16596,256,3,0
2026-04-09 02:30:00,1.16596,1.16602,1.1657899999999999,1.16593,207,2,0
2026-04-09 02:45:00,1.16593,1.16607,1.16567,1.16587,314,2,0
2026-04-09 03:00:00,1.16587,1.16592,1.1651799999999999,1.16555,939,0,0
2026-04-09 03:15:00,1.16555,1.16593,1.16536,1.1656900000000001,642,1,0
2026-04-09 03:30:00,1.1656900000000001,1.16609,1.16556,1.16568,615,0,0
2026-04-09 03:45:00,1.16568,1.16586,1.16555,1.16571,645,0,0
2026-04-09 04:00:00,1.16571,1.16587,1.16534,1.16536,623,1,0
2026-04-09 04:15:00,1.16535,1.1655,1.16498,1.16523,649,0,0
2026-04-09 04:30:00,1.16523,1.16587,1.1652,1.16578,595,1,0
2026-04-09 04:45:00,1.16578,1.16635,1.16554,1.16617,604,2,0
2026-04-09 05:00:00,1.16617,1.16644,1.16584,1.16605,674,1,0
2026-04-09 05:15:00,1.16605,1.16645,1.16605,1.16635,481,2,0
2026-04-09 05:30:00,1.16635,1.16673,1.16634,1.16662,423,1,0
2026-04-09 05:45:00,1.16661,1.16665,1.16645,1.16652,460,0,0
2026-04-09 06:00:00,1.16652,1.1666400000000001,1.16627,1.16643,436,2,0
2026-04-09 06:15:00,1.16643,1.16651,1.16624,1.16634,376,2,0
2026-04-09 06:30:00,1.16634,1.16667,1.16622,1.16663,291,2,0
2026-04-09 06:45:00,1.16663,1.16663,1.16604,1.16617,630,0,0
2026-04-09 07:00:00,1.16618,1.16698,1.16614,1.16698,453,2,0
2026-04-09 07:15:00,1.16698,1.16698,1.16662,1.16681,351,2,0
2026-04-09 07:30:00,1.16681,1.1671,1.16673,1.16694,373,0,0
2026-04-09 07:45:00,1.16693,1.16695,1.16661,1.16663,486,0,0
2026-04-09 08:00:00,1.16663,1.16676,1.16618,1.16623,527,1,0
2026-04-09 08:15:00,1.16623,1.1666,1.16615,1.16632,569,2,0
2026-04-09 08:30:00,1.16632,1.16639,1.16609,1.16627,404,2,0
2026-04-09 08:45:00,1.16628,1.16628,1.16588,1.16608,618,0,0
2026-04-09 09:00:00,1.16608,1.16631,1.16588,1.16594,932,2,0
2026-04-09 09:15:00,1.16594,1.166,1.1654,1.16578,709,0,0
2026-04-09 09:30:00,1.16577,1.16597,1.16563,1.16594,761,1,0
2026-04-09 09:45:00,1.16594,1.16642,1.16576,1.1663999999999999,1048,0,0
2026-04-09 10:00:00,1.16644,1.16692,1.16631,1.1665,966,0,0
2026-04-09 10:15:00,1.1665,1.16652,1.16563,1.16605,1050,0,0
2026-04-09 10:30:00,1.16605,1.16612,1.16549,1.16609,938,0,0
2026-04-09 10:45:00,1.16609,1.16645,1.16591,1.16629,940,2,0
2026-04-09 11:00:00,1.16629,1.16666,1.16586,1.16607,1101,0,0
2026-04-09 11:15:00,1.16607,1.16649,1.16589,1.16628,782,0,0
2026-04-09 11:30:00,1.16628,1.16681,1.16624,1.16677,820,0,0
2026-04-09 11:45:00,1.16677,1.16748,1.1666,1.16721,963,0,0
2026-04-09 12:00:00,1.16721,1.16764,1.16681,1.1676,1058,0,0
2026-04-09 12:15:00,1.1676,1.16791,1.1673499999999999,1.16764,1010,0,0
2026-04-09 12:30:00,1.16764,1.16783,1.16745,1.16765,661,0,0
2026-04-09 12:45:00,1.16765,1.16767,1.16719,1.16745,810,0,0
2026-04-09 13:00:00,1.16745,1.16794,1.16742,1.16767,779,0,0
2026-04-09 13:15:00,1.16767,1.16792,1.16742,1.16774,673,0,0
2026-04-09 13:30:00,1.16774,1.16775,1.16739,1.16751,536,2,0
2026-04-09 13:45:00,1.16751,1.16767,1.16704,1.16711,981,0,0
2026-04-09 14:00:00,1.16709,1.16766,1.16682,1.16751,1012,0,0
2026-04-09 14:15:00,1.1675,1.16812,1.16749,1.16811,685,0,0
2026-04-09 14:30:00,1.16811,1.1688399999999999,1.16779,1.16881,842,0,0
2026-04-09 14:45:00,1.16881,1.16894,1.16839,1.16879,951,0,0
2026-04-09 15:00:00,1.16879,1.16891,1.16824,1.16846,906,1,0
2026-04-09 15:15:00,1.16846,1.16856,1.16798,1.16844,721,0,0
2026-04-09 15:30:00,1.16844,1.169,1.16789,1.1682,1478,0,0
2026-04-09 15:45:00,1.1682,1.16862,1.1678600000000001,1.1686,1056,0,0
2026-04-09 16:00:00,1.1686,1.16873,1.16826,1.16862,1159,0,0
2026-04-09 16:15:00,1.16862,1.16924,1.16854,1.16879,1008,0,0
2026-04-09 16:30:00,1.1688,1.16952,1.16875,1.1691799999999999,1431,0,0
2026-04-09 16:45:00,1.1691799999999999,1.16932,1.16793,1.16817,2216,1,0
2026-04-09 17:00:00,1.16817,1.16876,1.16798,1.16844,1901,0,0
2026-04-09 17:15:00,1.16844,1.16881,1.16803,1.16863,1160,0,0
2026-04-09 17:30:00,1.16863,1.16863,1.1674,1.16757,1550,0,0
2026-04-09 17:45:00,1.16757,1.16851,1.16728,1.16844,1605,1,0
2026-04-09 18:00:00,1.16844,1.16865,1.16767,1.1684,1270,0,0
2026-04-09 18:15:00,1.1684,1.16998,1.1684,1.16943,2250,0,0
2026-04-09 18:30:00,1.16943,1.17068,1.16932,1.16997,2585,0,0
2026-04-09 18:45:00,1.16997,1.17071,1.16972,1.17053,1763,0,0
2026-04-09 19:00:00,1.17053,1.17111,1.1702,1.17078,1708,1,0
2026-04-09 19:15:00,1.17078,1.17139,1.17077,1.17136,1310,0,0
2026-04-09 19:30:00,1.17136,1.17138,1.17072,1.17113,1116,1,0
2026-04-09 19:45:00,1.17113,1.1712799999999999,1.17081,1.17105,1255,1,0
2026-04-09 20:00:00,1.17104,1.17185,1.17097,1.17164,991,0,0
2026-04-09 20:15:00,1.17164,1.17217,1.17156,1.17196,920,0,0
2026-04-09 20:30:00,1.17196,1.17234,1.17156,1.17176,1425,0,0
2026-04-09 20:45:00,1.17176,1.17198,1.17113,1.1714,1107,0,0
2026-04-09 21:00:00,1.1714,1.17148,1.17023,1.17038,1845,0,0
2026-04-09 21:15:00,1.17038,1.1705,1.16984,1.17009,1247,0,0
2026-04-09 21:30:00,1.17009,1.17017,1.16962,1.16989,1081,0,0
2026-04-09 21:45:00,1.16989,1.17022,1.16973,1.16988,703,1,0
2026-04-09 22:00:00,1.16987,1.17056,1.16973,1.17056,807,1,0
2026-04-09 22:15:00,1.17056,1.17061,1.16983,1.1703000000000001,680,0,0
2026-04-09 22:30:00,1.1703000000000001,1.17085,1.1703000000000001,1.17071,709,0,0
2026-04-09 22:45:00,1.17071,1.17082,1.1699,1.17005,801,0,0
2026-04-09 23:00:00,1.17004,1.17007,1.16966,1.16984,427,1,0
2026-04-09 23:15:00,1.16984,1.16985,1.16965,1.16977,339,0,0
2026-04-09 23:30:00,1.1697899999999999,1.16985,1.16953,1.16959,280,3,0
2026-04-09 23:45:00,1.16959,1.16996,1.16951,1.16988,334,3,0
2026-04-10 00:00:00,1.17009,1.17014,1.16963,1.16981,170,3,0
2026-04-10 00:15:00,1.16981,1.16982,1.16957,1.16966,151,7,0
2026-04-10 00:30:00,1.16966,1.16985,1.16959,1.16968,490,2,0
2026-04-10 00:45:00,1.1696900000000001,1.17012,1.16949,1.1701,349,6,0
2026-04-10 01:00:00,1.17016,1.17024,1.17002,1.1701,269,3,0
2026-04-10 01:15:00,1.1701,1.17023,1.16962,1.16962,484,0,0
2026-04-10 01:30:00,1.16962,1.16987,1.16926,1.16937,655,0,0
2026-04-10 01:45:00,1.16937,1.1694,1.16912,1.16938,479,3,0
2026-04-10 02:00:00,1.16939,1.16959,1.16933,1.16936,216,3,0
2026-04-10 02:15:00,1.16937,1.16948,1.16923,1.1694,284,3,0
2026-04-10 02:30:00,1.16939,1.16954,1.16924,1.16925,217,3,0
2026-04-10 02:45:00,1.16925,1.16933,1.16894,1.16914,255,0,0
2026-04-10 03:00:00,1.16914,1.16915,1.16868,1.16881,484,0,0
2026-04-10 03:15:00,1.16881,1.1689,1.16852,1.16864,410,2,0
2026-04-10 03:30:00,1.16864,1.16891,1.16861,1.16875,374,2,0
2026-04-10 03:45:00,1.16875,1.1688399999999999,1.16843,1.16878,760,1,0
2026-04-10 04:00:00,1.16878,1.16886,1.1685699999999999,1.16883,428,1,0
2026-04-10 04:15:00,1.16883,1.1689,1.1685699999999999,1.16882,319,2,0
2026-04-10 04:30:00,1.16882,1.1693500000000001,1.16876,1.16913,431,2,0
2026-04-10 04:45:00,1.16913,1.16946,1.16895,1.16919,547,2,0
2026-04-10 05:00:00,1.16923,1.16941,1.16888,1.16891,582,2,0
2026-04-10 05:15:00,1.16891,1.16903,1.16853,1.16864,354,2,0
2026-04-10 05:30:00,1.16864,1.16913,1.16863,1.16911,291,2,0
2026-04-10 05:45:00,1.16911,1.16928,1.16895,1.1690800000000001,329,2,0
2026-04-10 06:00:00,1.1690800000000001,1.16917,1.16888,1.16911,485,2,0
2026-04-10 06:15:00,1.16911,1.16948,1.16901,1.16943,379,0,0
2026-04-10 06:30:00,1.16943,1.16963,1.1692,1.16934,281,1,0
2026-04-10 06:45:00,1.16934,1.16967,1.16927,1.16956,327,2,0
2026-04-10 07:00:00,1.16956,1.16965,1.1693,1.16944,327,2,0
2026-04-10 07:15:00,1.16944,1.16959,1.16936,1.16943,199,2,0
2026-04-10 07:30:00,1.16943,1.16951,1.16915,1.16927,329,0,0
2026-04-10 07:45:00,1.16927,1.16938,1.16898,1.16919,245,1,0
2026-04-10 08:00:00,1.16919,1.16926,1.16883,1.16896,496,1,0
2026-04-10 08:15:00,1.16896,1.16909,1.16868,1.16877,295,1,0
2026-04-10 08:30:00,1.16876,1.1691799999999999,1.16873,1.16898,358,0,0
2026-04-10 08:45:00,1.16898,1.16909,1.1689,1.16902,346,1,0
2026-04-10 09:00:00,1.16902,1.1693500000000001,1.1687,1.16883,694,0,0
2026-04-10 09:15:00,1.16883,1.16883,1.1684,1.16842,648,0,0
2026-04-10 09:30:00,1.16842,1.16902,1.16824,1.16862,813,0,0
2026-04-10 09:45:00,1.16862,1.16896,1.1684,1.16845,663,1,0
2026-04-10 10:00:00,1.16841,1.16888,1.16818,1.16858,760,0,0
2026-04-10 10:15:00,1.16858,1.16896,1.16834,1.16868,713,0,0
2026-04-10 10:30:00,1.16868,1.16868,1.16808,1.16841,691,0,0
2026-04-10 10:45:00,1.16841,1.16858,1.16785,1.16797,572,0,0
2026-04-10 11:00:00,1.1679599999999999,1.16856,1.16765,1.16851,965,2,0
2026-04-10 11:15:00,1.16851,1.16883,1.16833,1.1685699999999999,747,0,0
2026-04-10 11:30:00,1.1685699999999999,1.16897,1.16856,1.16877,654,2,0
2026-04-10 11:45:00,1.16877,1.16879,1.16836,1.16856,602,1,0
2026-04-10 12:00:00,1.16856,1.16887,1.16845,1.16852,584,1,0
2026-04-10 12:15:00,1.16852,1.17105,1.16845,1.16971,2320,0,0
2026-04-10 12:30:00,1.16971,1.17024,1.16955,1.17022,1198,0,0
2026-04-10 12:45:00,1.17022,1.17109,1.16997,1.17099,1250,0,0
2026-04-10 13:00:00,1.17099,1.1712799999999999,1.17069,1.17073,975,0,0
2026-04-10 13:15:00,1.17073,1.17133,1.1705,1.17121,799,0,0
2026-04-10 13:30:00,1.17121,1.17153,1.17092,1.17136,984,0,0
2026-04-10 13:45:00,1.17131,1.17157,1.17114,1.17127,653,0,0
2026-04-10 14:00:00,1.17127,1.17187,1.17115,1.1716,800,0,0
2026-04-10 14:15:00,1.1716,1.17177,1.1711,1.17129,666,0,0
2026-04-10 14:30:00,1.17129,1.17167,1.171,1.17165,667,0,0
2026-04-10 14:45:00,1.17165,1.17171,1.17119,1.17139,815,1,0
2026-04-10 15:00:00,1.17139,1.17156,1.17097,1.17144,929,0,0
2026-04-10 15:15:00,1.17141,1.17148,1.17094,1.17133,1025,0,0
2026-04-10 15:30:00,1.17133,1.17256,1.1712799999999999,1.17166,2511,0,0
2026-04-10 15:45:00,1.17173,1.17212,1.17122,1.17207,1328,0,0
2026-04-10 16:00:00,1.17207,1.17255,1.17179,1.17232,1694,0,0
2026-04-10 16:15:00,1.17232,1.17346,1.17211,1.17333,1568,0,0
2026-04-10 16:30:00,1.17333,1.17346,1.17244,1.1728399999999999,1602,0,0
2026-04-10 16:45:00,1.1728399999999999,1.17314,1.17245,1.17276,1461,0,0
2026-04-10 17:00:00,1.17276,1.17357,1.1726,1.17337,1707,0,0
2026-04-10 17:15:00,1.17337,1.17381,1.17315,1.1735,1328,0,0
2026-04-10 17:30:00,1.1735,1.1737,1.17257,1.1728,1460,0,0
2026-04-10 17:45:00,1.1728,1.17298,1.17198,1.17277,2478,0,0
2026-04-10 18:00:00,1.17276,1.17354,1.17265,1.17348,1485,0,0
2026-04-10 18:15:00,1.17347,1.17394,1.17317,1.1732,1275,0,0
2026-04-10 18:30:00,1.1732,1.17347,1.17261,1.17272,1413,0,0
2026-04-10 18:45:00,1.17272,1.17277,1.1721300000000001,1.1722299999999999,1045,1,0
2026-04-10 19:00:00,1.1722299999999999,1.17253,1.17197,1.1724700000000001,892,0,0
2026-04-10 19:15:00,1.1724700000000001,1.1724700000000001,1.17203,1.17209,910,1,0
2026-04-10 19:30:00,1.17209,1.17211,1.17129,1.17138,1322,1,0
2026-04-10 19:45:00,1.17138,1.17215,1.17134,1.17201,1109,1,0
2026-04-10 20:00:00,1.17201,1.17244,1.17185,1.1723,755,1,0
2026-04-10 20:15:00,1.1723,1.17242,1.17197,1.17228,670,2,0
2026-04-10 20:30:00,1.17228,1.17251,1.17208,1.17243,697,2,0
2026-04-10 20:45:00,1.17243,1.1726,1.1721,1.17232,750,0,0
2026-04-10 21:00:00,1.17232,1.17239,1.17177,1.17232,878,2,0
2026-04-10 21:15:00,1.17232,1.17296,1.17217,1.17289,717,0,0
2026-04-10 21:30:00,1.17289,1.17353,1.17289,1.17322,908,0,0
2026-04-10 21:45:00,1.17322,1.17325,1.17285,1.17314,568,2,0
2026-04-10 22:00:00,1.17314,1.17325,1.17266,1.17282,689,1,0
2026-04-10 22:15:00,1.17282,1.17311,1.17265,1.17282,454,0,0
2026-04-10 22:30:00,1.17282,1.173,1.1727,1.17292,381,0,0
2026-04-10 22:45:00,1.17292,1.17297,1.17264,1.17273,524,2,0
2026-04-10 23:00:00,1.17272,1.17296,1.17262,1.17286,382,3,0
2026-04-10 23:15:00,1.17286,1.17294,1.17272,1.17285,417,3,0
2026-04-10 23:30:00,1.17285,1.17299,1.17281,1.17291,513,3,0
2026-04-10 23:45:00,1.17291,1.17307,1.17215,1.17259,1092,0,0
2026-04-13 00:00:00,1.1670099999999999,1.16721,1.16635,1.16692,322,3,0
2026-04-13 00:15:00,1.16689,1.16799,1.16685,1.16798,295,3,0
2026-04-13 00:30:00,1.16798,1.16804,1.16757,1.16776,460,3,0
2026-04-13 00:45:00,1.16776,1.16789,1.16706,1.16707,193,6,0
2026-04-13 01:00:00,1.16702,1.16782,1.16693,1.16748,1325,3,0
2026-04-13 01:15:00,1.16749,1.16768,1.1666,1.16678,1333,1,0
2026-04-13 01:30:00,1.1668,1.16717,1.16655,1.16715,1170,1,0
2026-04-13 01:45:00,1.16715,1.16732,1.16693,1.16721,529,1,0
2026-04-13 02:00:00,1.16721,1.16738,1.16692,1.16705,554,3,0
2026-04-13 02:15:00,1.16705,1.16706,1.16639,1.16681,562,0,0
2026-04-13 02:30:00,1.16681,1.16721,1.16668,1.16704,503,2,0
2026-04-13 02:45:00,1.16704,1.16753,1.16702,1.16747,637,2,0
2026-04-13 03:00:00,1.16747,1.16795,1.16708,1.16784,1058,0,0
2026-04-13 03:15:00,1.16784,1.16836,1.16776,1.16804,852,0,0
2026-04-13 03:30:00,1.16804,1.16861,1.16803,1.16846,486,0,0
2026-04-13 03:45:00,1.16846,1.16875,1.16834,1.16875,581,1,0
2026-04-13 04:00:00,1.16876,1.16895,1.16836,1.16881,833,0,0
2026-04-13 04:15:00,1.16882,1.16886,1.16834,1.1684,570,0,0
2026-04-13 04:30:00,1.1684,1.16841,1.16804,1.16818,448,0,0
2026-04-13 04:45:00,1.16816,1.16871,1.16807,1.16862,540,0,0
2026-04-13 05:00:00,1.16862,1.1688,1.16846,1.16873,460,0,0
2026-04-13 05:15:00,1.16864,1.16886,1.1686,1.1687400000000001,350,0,0
2026-04-13 05:30:00,1.1687400000000001,1.16897,1.16851,1.16861,499,0,0
2026-04-13 05:45:00,1.16861,1.16889,1.16846,1.16882,419,1,0
2026-04-13 06:00:00,1.16883,1.16892,1.1685699999999999,1.16864,377,2,0
2026-04-13 06:15:00,1.16864,1.16877,1.16858,1.16864,272,1,0
2026-04-13 06:30:00,1.16864,1.16887,1.16848,1.16883,325,1,0
2026-04-13 06:45:00,1.16883,1.1688399999999999,1.16865,1.1688,342,2,0
2026-04-13 07:00:00,1.1688,1.169,1.16865,1.16896,375,2,0
2026-04-13 07:15:00,1.16896,1.169,1.16876,1.16886,333,0,0
2026-04-13 07:30:00,1.16886,1.16896,1.16856,1.16871,431,2,0
2026-04-13 07:45:00,1.16871,1.16887,1.16851,1.16861,357,1,0
2026-04-13 08:00:00,1.16861,1.16867,1.16822,1.16845,537,2,0
2026-04-13 08:15:00,1.16845,1.1687,1.16839,1.16867,496,2,0
2026-04-13 08:30:00,1.16867,1.16886,1.16855,1.16877,377,0,0
2026-04-13 08:45:00,1.16876,1.1689,1.16853,1.16877,527,0,0
2026-04-13 09:00:00,1.16877,1.16947,1.16875,1.16889,1103,0,0
2026-04-13 09:15:00,1.16889,1.1692,1.16869,1.16886,720,0,0
2026-04-13 09:30:00,1.16886,1.16905,1.16772,1.1679,1155,0,0
2026-04-13 09:45:00,1.1679,1.16861,1.16766,1.16854,1126,0,0
2026-04-13 10:00:00,1.16855,1.1691799999999999,1.16855,1.16881,1269,0,0
2026-04-13 10:15:00,1.16881,1.16967,1.16871,1.16964,896,0,0
2026-04-13 10:30:00,1.16964,1.17001,1.16946,1.16956,1182,0,0
2026-04-13 10:45:00,1.16956,1.16983,1.16926,1.16968,749,0,0
2026-04-13 11:00:00,1.16968,1.16971,1.16898,1.16916,934,0,0
2026-04-13 11:15:00,1.16916,1.16939,1.16896,1.16912,728,2,0
2026-04-13 11:30:00,1.16915,1.1693,1.1685,1.16868,931,1,0
2026-04-13 11:45:00,1.16868,1.16878,1.16826,1.1686,1110,0,0
2026-04-13 12:00:00,1.1686,1.16899,1.16834,1.16843,940,0,0
2026-04-13 12:15:00,1.16843,1.16885,1.16831,1.16876,677,1,0
2026-04-13 12:30:00,1.16877,1.16923,1.16871,1.16881,848,0,0
2026-04-13 12:45:00,1.1688,1.1689,1.16851,1.16862,576,0,0
2026-04-13 13:00:00,1.16862,1.16878,1.16828,1.16856,820,0,0
2026-04-13 13:15:00,1.16856,1.1686,1.16819,1.16856,592,0,0
2026-04-13 13:30:00,1.16856,1.16888,1.16835,1.1688,554,0,0
2026-04-13 13:45:00,1.1688,1.1695,1.1688,1.1693500000000001,849,0,0
2026-04-13 14:00:00,1.1693500000000001,1.16996,1.1693500000000001,1.16981,1082,0,0
2026-04-13 14:15:00,1.16978,1.16989,1.16951,1.16974,716,1,0
2026-04-13 14:30:00,1.16974,1.16983,1.16896,1.16925,1034,0,0
2026-04-13 14:45:00,1.16925,1.16932,1.16803,1.16814,1608,0,0
2026-04-13 15:00:00,1.16814,1.1688,1.16801,1.16867,1531,0,0
2026-04-13 15:15:00,1.16868,1.16876,1.16833,1.16855,1053,0,0
2026-04-13 15:30:00,1.16855,1.16901,1.16841,1.16898,1039,0,0
2026-04-13 15:45:00,1.16898,1.1699,1.16893,1.16984,1117,0,0
2026-04-13 16:00:00,1.16985,1.16994,1.16953,1.16984,1245,0,0
2026-04-13 16:15:00,1.16984,1.17013,1.16958,1.16985,1144,0,0
2026-04-13 16:30:00,1.16985,1.17043,1.16967,1.17004,1213,0,0
2026-04-13 16:45:00,1.17004,1.17122,1.16987,1.17049,2570,0,0
2026-04-13 17:00:00,1.17049,1.17085,1.16994,1.17074,1746,1,0
2026-04-13 17:15:00,1.17074,1.17133,1.17004,1.1713,2073,0,0
2026-04-13 17:30:00,1.1713,1.17184,1.17103,1.17179,1649,0,0
2026-04-13 17:45:00,1.17179,1.17206,1.17088,1.1710099999999999,1645,0,0
2026-04-13 18:00:00,1.1710099999999999,1.17117,1.17039,1.17077,1784,1,0
2026-04-13 18:15:00,1.17082,1.1709100000000001,1.17036,1.17055,1137,2,0
2026-04-13 18:30:00,1.17052,1.17124,1.17014,1.17094,1556,0,0
2026-04-13 18:45:00,1.17089,1.17119,1.17076,1.17095,819,0,0
2026-04-13 19:00:00,1.17095,1.17163,1.17064,1.17103,1361,0,0
2026-04-13 19:15:00,1.17103,1.17143,1.17081,1.17132,1438,0,0
2026-04-13 19:30:00,1.17132,1.17263,1.17121,1.1726,2324,0,0
2026-04-13 19:45:00,1.1726,1.17315,1.17235,1.1724999999999999,1648,0,0
2026-04-13 20:00:00,1.1724999999999999,1.1732,1.17244,1.17318,1149,0,0
2026-04-13 20:15:00,1.17319,1.17377,1.17314,1.1737,1061,0,0
2026-04-13 20:30:00,1.1737,1.17377,1.17334,1.17352,861,0,0
2026-04-13 20:45:00,1.17352,1.17357,1.17319,1.17334,674,0,0
2026-04-13 21:00:00,1.17334,1.17384,1.17334,1.17368,845,2,0
2026-04-13 21:15:00,1.1736900000000001,1.17378,1.17346,1.1737,788,1,0
2026-04-13 21:30:00,1.1737,1.17505,1.17365,1.175,1403,0,0
2026-04-13 21:45:00,1.175,1.17654,1.17488,1.17643,1448,0,0
2026-04-13 22:00:00,1.17643,1.17649,1.17536,1.17571,1331,1,0
2026-04-13 22:15:00,1.17571,1.17612,1.17559,1.17605,555,0,0
2026-04-13 22:30:00,1.17605,1.17615,1.17572,1.17596,880,2,0
2026-04-13 22:45:00,1.17595,1.17625,1.17569,1.17601,818,0,0
2026-04-13 23:00:00,1.176,1.17629,1.17598,1.17611,518,2,0
2026-04-13 23:15:00,1.17611,1.17625,1.17571,1.17593,383,3,0
2026-04-13 23:30:00,1.17594,1.17603,1.17583,1.17594,237,3,0
2026-04-13 23:45:00,1.17594,1.17596,1.17564,1.17585,564,3,0
2026-04-14 00:00:00,1.17572,1.17572,1.17531,1.17545,140,10,0
2026-04-14 00:15:00,1.17545,1.1758899999999999,1.17536,1.17567,140,3,0
2026-04-14 00:30:00,1.17591,1.17591,1.17553,1.17566,175,6,0
2026-04-14 00:45:00,1.17554,1.1757900000000001,1.17534,1.17565,488,3,0
2026-04-14 01:00:00,1.17565,1.17649,1.1756,1.17616,502,1,0
2026-04-14 01:15:00,1.17616,1.17617,1.17585,1.17603,232,3,0
2026-04-14 01:30:00,1.17603,1.1761300000000001,1.17585,1.17601,225,3,0
2026-04-14 01:45:00,1.17602,1.17616,1.17584,1.17614,276,3,0
2026-04-14 02:00:00,1.17614,1.17646,1.17597,1.1763,223,2,0
2026-04-14 02:15:00,1.1763,1.17655,1.17622,1.17647,261,1,0
2026-04-14 02:30:00,1.17647,1.17656,1.17642,1.17646,246,3,0
2026-04-14 02:45:00,1.17646,1.17667,1.17634,1.17664,316,0,0
2026-04-14 03:00:00,1.17667,1.1767,1.17605,1.17636,754,1,0
2026-04-14 03:15:00,1.17636,1.17679,1.17636,1.17651,565,0,0
2026-04-14 03:30:00,1.17652,1.17671,1.17627,1.17645,401,0,0
2026-04-14 03:45:00,1.17648,1.17664,1.17626,1.17663,492,2,0
2026-04-14 04:00:00,1.17663,1.17678,1.17634,1.17654,423,0,0
2026-04-14 04:15:00,1.17654,1.17655,1.17615,1.17644,450,2,0
2026-04-14 04:30:00,1.17644,1.17655,1.17619,1.17638,444,2,0
2026-04-14 04:45:00,1.17638,1.17638,1.1759,1.17599,426,2,0
2026-04-14 05:00:00,1.17599,1.17622,1.17582,1.17594,438,1,0
2026-04-14 05:15:00,1.17595,1.17598,1.17569,1.17581,345,2,0
2026-04-14 05:30:00,1.17581,1.17603,1.17559,1.17597,299,2,0
2026-04-14 05:45:00,1.17597,1.17608,1.17577,1.17607,291,2,0
2026-04-14 06:00:00,1.17607,1.17611,1.17578,1.1759,304,2,0
2026-04-14 06:15:00,1.1759,1.17615,1.1758899999999999,1.176,258,1,0
2026-04-14 06:30:00,1.176,1.17653,1.176,1.17636,313,2,0
2026-04-14 06:45:00,1.17636,1.17681,1.17636,1.17668,280,0,0
2026-04-14 07:00:00,1.17668,1.1767,1.17646,1.17649,406,2,0
2026-04-14 07:15:00,1.17649,1.17691,1.17642,1.17678,227,2,0
2026-04-14 07:30:00,1.17678,1.17682,1.17661,1.17672,201,2,0
2026-04-14 07:45:00,1.17672,1.17698,1.17658,1.17663,325,2,0
2026-04-14 08:00:00,1.17663,1.17696,1.17636,1.17652,623,1,0
2026-04-14 08:15:00,1.17652,1.17658,1.17599,1.1761300000000001,401,0,0
2026-04-14 08:30:00,1.1761300000000001,1.17657,1.17594,1.17657,458,0,0
2026-04-14 08:45:00,1.17657,1.17662,1.17619,1.17641,527,2,0
2026-04-14 09:00:00,1.17641,1.17709,1.17605,1.17611,865,0,0
2026-04-14 09:15:00,1.17611,1.17638,1.1757900000000001,1.17626,787,0,0
2026-04-14 09:30:00,1.17626,1.17676,1.17618,1.17675,797,0,0
2026-04-14 09:45:00,1.17675,1.17782,1.1767,1.1778,1248,0,0
2026-04-14 10:00:00,1.1778,1.17966,1.17774,1.17856,2421,0,0
2026-04-14 10:15:00,1.17856,1.1786699999999999,1.17791,1.17831,1210,0,0
2026-04-14 10:30:00,1.17831,1.17922,1.17814,1.17876,1072,0,0
2026-04-14 10:45:00,1.17876,1.17913,1.17791,1.17799,1116,0,0
2026-04-14 11:00:00,1.1779600000000001,1.17813,1.17753,1.17769,1267,0,0
2026-04-14 11:15:00,1.1777,1.1779600000000001,1.17749,1.17791,767,1,0
2026-04-14 11:30:00,1.17791,1.17843,1.17765,1.17837,921,0,0
2026-04-14 11:45:00,1.17837,1.17838,1.17797,1.1782,670,0,0
2026-04-14 12:00:00,1.1782,1.17905,1.1782,1.17878,1055,1,0
2026-04-14 12:15:00,1.17878,1.1789,1.17843,1.17843,615,1,0
2026-04-14 12:30:00,1.17844,1.17924,1.17815,1.17897,680,0,0
2026-04-14 12:45:00,1.17897,1.17897,1.17853,1.17886,628,1,0
2026-04-14 13:00:00,1.17886,1.17987,1.1787,1.1798,906,0,0
2026-04-14 13:15:00,1.1798,1.17981,1.17916,1.17926,798,0,0
2026-04-14 13:30:00,1.17926,1.17962,1.17907,1.17935,940,0,0
2026-04-14 13:45:00,1.17935,1.17981,1.1793,1.17965,587,0,0
2026-04-14 14:00:00,1.17965,1.18004,1.17946,1.17995,866,0,0
2026-04-14 14:15:00,1.17995,1.18018,1.1798,1.1801300000000001,826,0,0
2026-04-14 14:30:00,1.1801300000000001,1.18019,1.17948,1.1798899999999999,878,0,0
2026-04-14 14:45:00,1.1798899999999999,1.18061,1.17953,1.17994,1378,0,0
2026-04-14 15:00:00,1.17994,1.18004,1.17919,1.17964,1596,0,0
2026-04-14 15:15:00,1.17964,1.18028,1.17934,1.18002,1282,0,0
2026-04-14 15:30:00,1.18002,1.18056,1.17944,1.17962,1635,0,0
2026-04-14 15:45:00,1.17963,1.18047,1.17957,1.18045,1344,0,0
2026-04-14 16:00:00,1.18045,1.18076,1.18012,1.18053,1336,0,0
2026-04-14 16:15:00,1.18053,1.18053,1.1795200000000001,1.17961,1280,0,0
2026-04-14 16:30:00,1.17961,1.18051,1.17929,1.18034,1837,0,0
2026-04-14 16:45:00,1.18034,1.18036,1.17967,1.1798899999999999,1393,0,0
2026-04-14 17:00:00,1.17991,1.18025,1.17933,1.18009,1946,0,0
2026-04-14 17:15:00,1.18009,1.18067,1.17999,1.18028,1622,0,0
2026-04-14 17:30:00,1.18027,1.18082,1.18004,1.18066,1355,0,0
2026-04-14 17:45:00,1.18066,1.1811,1.18017,1.18087,1507,0,0
2026-04-14 18:00:00,1.18087,1.18087,1.1798899999999999,1.17992,1683,0,0
2026-04-14 18:15:00,1.1799,1.18017,1.17932,1.17974,1715,0,0
2026-04-14 18:30:00,1.17976,1.18027,1.1791800000000001,1.17922,1411,0,0
2026-04-14 18:45:00,1.17923,1.1792799999999999,1.17866,1.17903,1323,0,0
2026-04-14 19:00:00,1.17903,1.17923,1.17872,1.17921,786,1,0
2026-04-14 19:15:00,1.17921,1.17958,1.17912,1.17953,741,0,0
2026-04-14 19:30:00,1.17953,1.1797,1.17921,1.17954,719,0,0
2026-04-14 19:45:00,1.1795499999999999,1.1795499999999999,1.17919,1.1794,593,1,0
2026-04-14 20:00:00,1.1794,1.1795499999999999,1.17906,1.17948,645,2,0
2026-04-14 20:15:00,1.17949,1.17994,1.17942,1.17973,668,1,0
2026-04-14 20:30:00,1.17973,1.17993,1.17946,1.17987,697,1,0
2026-04-14 20:45:00,1.17987,1.17991,1.17944,1.17956,463,2,0
2026-04-14 21:00:00,1.17956,1.17968,1.17935,1.17959,505,2,0
2026-04-14 21:15:00,1.17959,1.17959,1.17919,1.1792799999999999,575,1,0
2026-04-14 21:30:00,1.17927,1.17947,1.17911,1.17922,898,0,0
2026-04-14 21:45:00,1.17922,1.17946,1.17896,1.1792799999999999,487,1,0
2026-04-14 22:00:00,1.1792799999999999,1.17953,1.17911,1.17929,498,0,0
2026-04-14 22:15:00,1.17929,1.1794,1.1791,1.17927,259,2,0
2026-04-14 22:30:00,1.17927,1.17937,1.179,1.1791800000000001,357,2,0
2026-04-14 22:45:00,1.1791800000000001,1.17932,1.17896,1.1791800000000001,643,1,0
2026-04-14 23:00:00,1.17917,1.17948,1.17907,1.17944,344,3,0
2026-04-14 23:15:00,1.17944,1.17951,1.17924,1.17951,209,3,0
2026-04-14 23:30:00,1.1795200000000001,1.1795200000000001,1.17936,1.17937,245,3,0
2026-04-14 23:45:00,1.17937,1.17959,1.17932,1.17949,358,3,0
2026-04-15 00:00:00,1.17946,1.17962,1.17923,1.17937,138,10,0
2026-04-15 00:15:00,1.17937,1.17948,1.17883,1.17895,104,4,0
2026-04-15 00:30:00,1.17895,1.1791,1.1789100000000001,1.17902,109,13,0
2026-04-15 00:45:00,1.17902,1.17919,1.17902,1.1791,127,9,0
2026-04-15 01:00:00,1.1791,1.17951,1.1791,1.17951,403,2,0
2026-04-15 01:15:00,1.17951,1.17993,1.17945,1.17956,304,2,0
2026-04-15 01:30:00,1.17956,1.17956,1.17932,1.17944,240,1,0
2026-04-15 01:45:00,1.17944,1.1795200000000001,1.17931,1.1795,249,3,0
2026-04-15 02:00:00,1.1795,1.17958,1.17938,1.17945,183,3,0
2026-04-15 02:15:00,1.17945,1.17974,1.1794,1.17972,122,2,0
2026-04-15 02:30:00,1.17972,1.1801599999999999,1.17961,1.17997,618,0,0
2026-04-15 02:45:00,1.17997,1.18017,1.17974,1.17982,392,0,0
2026-04-15 03:00:00,1.17983,1.17986,1.17916,1.17922,841,0,0
2026-04-15 03:15:00,1.17922,1.17951,1.17917,1.17943,408,1,0
2026-04-15 03:30:00,1.17943,1.1795200000000001,1.17886,1.17907,447,2,0
2026-04-15 03:45:00,1.17907,1.17947,1.1789100000000001,1.17937,607,1,0
2026-04-15 04:00:00,1.17937,1.17968,1.17898,1.17945,776,0,0
2026-04-15 04:15:00,1.17946,1.1795,1.17911,1.17929,504,1,0
2026-04-15 04:30:00,1.17929,1.17934,1.17895,1.17902,377,1,0
2026-04-15 04:45:00,1.17902,1.17927,1.17893,1.17907,568,1,0
2026-04-15 05:00:00,1.17907,1.17908,1.17853,1.17863,448,1,0
2026-04-15 05:15:00,1.17863,1.1787,1.17812,1.17824,501,0,0
2026-04-15 05:30:00,1.17824,1.17837,1.17782,1.17836,592,1,0
2026-04-15 05:45:00,1.17836,1.17842,1.17816,1.1783299999999999,456,2,0
2026-04-15 06:00:00,1.1783299999999999,1.17838,1.17792,1.17834,533,2,0
2026-04-15 06:15:00,1.17834,1.17875,1.1783,1.17875,333,0,0
2026-04-15 06:30:00,1.17874,1.1788,1.1785,1.17869,289,1,0
2026-04-15 06:45:00,1.17868,1.17892,1.1786,1.1786699999999999,365,2,0
2026-04-15 07:00:00,1.1786699999999999,1.17893,1.17856,1.17881,385,2,0
2026-04-15 07:15:00,1.17881,1.17885,1.1786,1.17879,265,0,0
2026-04-15 07:30:00,1.1788,1.17895,1.1785700000000001,1.1788,206,0,0
2026-04-15 07:45:00,1.17879,1.1789,1.17866,1.17885,210,2,0
2026-04-15 08:00:00,1.17885,1.17935,1.17881,1.17929,855,0,0
2026-04-15 08:15:00,1.17929,1.17983,1.1791,1.17925,644,1,0
2026-04-15 08:30:00,1.17925,1.17926,1.1789,1.17914,555,2,0
2026-04-15 08:45:00,1.17914,1.17933,1.17892,1.17919,534,2,0
2026-04-15 09:00:00,1.17919,1.17992,1.17914,1.17933,777,0,0
2026-04-15 09:15:00,1.17933,1.17936,1.17881,1.17914,813,2,0
2026-04-15 09:30:00,1.17914,1.17922,1.17849,1.17863,812,0,0
2026-04-15 09:45:00,1.17863,1.17872,1.17832,1.17841,782,1,0
2026-04-15 10:00:00,1.1784,1.17882,1.17836,1.1786,1503,0,0
2026-04-15 10:15:00,1.1786,1.17877,1.17823,1.17875,912,1,0
2026-04-15 10:30:00,1.17875,1.17904,1.17853,1.17889,754,0,0
2026-04-15 10:45:00,1.17889,1.17897,1.17835,1.17856,886,0,0
2026-04-15 11:00:00,1.17856,1.17905,1.17845,1.179,886,2,0
2026-04-15 11:15:00,1.17899,1.17953,1.17886,1.17919,832,0,0
2026-04-15 11:30:00,1.1791800000000001,1.1791800000000001,1.17866,1.1789399999999999,773,1,0
2026-04-15 11:45:00,1.1789399999999999,1.17904,1.1785,1.17893,741,0,0
2026-04-15 12:00:00,1.17893,1.17913,1.17742,1.17816,2127,0,0
2026-04-15 12:15:00,1.17816,1.17866,1.17814,1.17844,1003,0,0
2026-04-15 12:30:00,1.17844,1.17849,1.17785,1.17819,836,0,0
2026-04-15 12:45:00,1.17819,1.17835,1.1777199999999999,1.17814,863,0,0
2026-04-15 13:00:00,1.17815,1.17865,1.17785,1.17849,837,1,0
2026-04-15 13:15:00,1.17849,1.17849,1.17726,1.17755,1622,0,0
2026-04-15 13:30:00,1.17755,1.17811,1.17715,1.17789,1323,0,0
2026-04-15 13:45:00,1.1779,1.17835,1.17763,1.17768,1178,0,0
2026-04-15 14:00:00,1.17768,1.17794,1.17741,1.17775,931,0,0
2026-04-15 14:15:00,1.17775,1.17793,1.17744,1.17765,805,0,0
2026-04-15 14:30:00,1.17765,1.17799,1.1775,1.17771,847,0,0
2026-04-15 14:45:00,1.17771,1.17844,1.17729,1.17829,1513,0,0
2026-04-15 15:00:00,1.17828,1.17844,1.17765,1.17783,1245,0,0
2026-04-15 15:15:00,1.17783,1.17845,1.17768,1.1784,1062,0,0
2026-04-15 15:30:00,1.1784,1.17881,1.17791,1.17808,903,0,0
2026-04-15 15:45:00,1.17808,1.17927,1.17782,1.17874,1287,0,0
2026-04-15 16:00:00,1.17879,1.17909,1.17846,1.17875,1216,0,0
2026-04-15 16:15:00,1.17875,1.17967,1.17861,1.17961,1034,0,0
2026-04-15 16:30:00,1.17961,1.17974,1.1784,1.17848,1631,0,0
2026-04-15 16:45:00,1.17847,1.1789,1.17835,1.17879,1409,0,0
2026-04-15 17:00:00,1.1788,1.17923,1.17843,1.17912,1284,0,0
2026-04-15 17:15:00,1.17912,1.17993,1.17904,1.1799,1369,0,0
2026-04-15 17:30:00,1.17991,1.18001,1.17911,1.17959,1508,0,0
2026-04-15 17:45:00,1.17959,1.17987,1.17929,1.17965,1519,0,0
2026-04-15 18:00:00,1.17965,1.18025,1.17939,1.18014,1638,0,0
2026-04-15 18:15:00,1.1801300000000001,1.18079,1.17985,1.1804000000000001,1492,0,0
2026-04-15 18:30:00,1.1804000000000001,1.1804000000000001,1.17969,1.18004,1439,0,0
2026-04-15 18:45:00,1.18004,1.18026,1.1797900000000001,1.1798,943,1,0
2026-04-15 19:00:00,1.1797900000000001,1.1802,1.17966,1.18019,905,1,0
2026-04-15 19:15:00,1.18019,1.18025,1.17984,1.18002,968,0,0
2026-04-15 19:30:00,1.18002,1.18024,1.17962,1.1801,857,0,0
2026-04-15 19:45:00,1.18011,1.18021,1.17987,1.18008,890,0,0
2026-04-15 20:00:00,1.18005,1.18019,1.1798899999999999,1.18,593,0,0
2026-04-15 20:15:00,1.18,1.18014,1.17978,1.1799,572,1,0
2026-04-15 20:30:00,1.1799,1.17994,1.17933,1.17949,859,0,0
2026-04-15 20:45:00,1.17949,1.17954,1.17919,1.17948,590,2,0
2026-04-15 21:00:00,1.17948,1.1801300000000001,1.17931,1.18002,1526,1,0
2026-04-15 21:15:00,1.18002,1.18018,1.1798899999999999,1.17994,779,0,0
2026-04-15 21:30:00,1.17994,1.17999,1.1796,1.17974,581,0,0
2026-04-15 21:45:00,1.17974,1.1801599999999999,1.1796,1.18003,678,0,0
2026-04-15 22:00:00,1.18003,1.18047,1.17986,1.17995,681,0,0
2026-04-15 22:15:00,1.17995,1.1801300000000001,1.17982,1.18009,414,2,0
2026-04-15 22:30:00,1.18009,1.18032,1.18004,1.18015,452,1,0
2026-04-15 22:45:00,1.18015,1.18027,1.17991,1.17997,472,1,0
2026-04-15 23:00:00,1.17996,1.17999,1.17947,1.17984,411,3,0
2026-04-15 23:15:00,1.17984,1.17984,1.17958,1.17976,368,3,0
2026-04-15 23:30:00,1.17976,1.17978,1.17951,1.17973,272,3,0
2026-04-15 23:45:00,1.17973,1.18007,1.1797,1.17986,261,2,0
2026-04-16 00:00:00,1.17986,1.18004,1.17963,1.17968,122,3,0
2026-04-16 00:15:00,1.17968,1.17992,1.17967,1.17981,129,13,0
2026-04-16 00:30:00,1.17981,1.18024,1.17972,1.18011,152,3,0
2026-04-16 00:45:00,1.18011,1.18015,1.17973,1.17976,84,3,0
2026-04-16 01:00:00,1.17976,1.18031,1.17975,1.18021,298,2,0
2026-04-16 01:15:00,1.18021,1.18021,1.17996,1.18011,210,2,0
2026-04-16 01:30:00,1.18011,1.18018,1.18002,1.1801300000000001,198,3,0
2026-04-16 01:45:00,1.1801300000000001,1.18029,1.18009,1.1802,225,3,0
2026-04-16 02:00:00,1.1802,1.18045,1.18012,1.18038,314,3,0
2026-04-16 02:15:00,1.18038,1.18046,1.18028,1.18036,120,2,0
2026-04-16 02:30:00,1.18036,1.18068,1.18029,1.18059,209,3,0
2026-04-16 02:45:00,1.18059,1.1807699999999999,1.18054,1.18057,292,2,0
2026-04-16 03:00:00,1.18066,1.18084,1.18025,1.18036,470,1,0
2026-04-16 03:15:00,1.18036,1.18065,1.1803,1.18048,385,2,0
2026-04-16 03:30:00,1.18048,1.18055,1.18031,1.18038,289,2,0
2026-04-16 03:45:00,1.18038,1.1807400000000001,1.18025,1.18073,393,1,0
2026-04-16 04:00:00,1.18073,1.18093,1.18058,1.18071,480,0,0
2026-04-16 04:15:00,1.18071,1.18071,1.18036,1.1804000000000001,401,1,0
2026-04-16 04:30:00,1.1804000000000001,1.18059,1.17963,1.18007,538,1,0
2026-04-16 04:45:00,1.18007,1.18037,1.18003,1.18024,604,2,0
2026-04-16 05:00:00,1.18024,1.18058,1.18011,1.18023,546,1,0
2026-04-16 05:15:00,1.18023,1.18044,1.1802,1.18038,536,0,0
2026-04-16 05:30:00,1.18038,1.18174,1.18038,1.18164,884,0,0
2026-04-16 05:45:00,1.18168,1.18176,1.1812,1.1817,713,0,0
2026-04-16 06:00:00,1.1817,1.18238,1.18164,1.18184,852,0,0
2026-04-16 06:15:00,1.18184,1.18195,1.18146,1.18154,505,1,0
2026-04-16 06:30:00,1.18154,1.18161,1.18117,1.18142,492,1,0
2026-04-16 06:45:00,1.18142,1.18159,1.18123,1.18125,402,1,0
2026-04-16 07:00:00,1.18125,1.18129,1.18095,1.18113,335,1,0
2026-04-16 07:15:00,1.18113,1.1813,1.1810100000000001,1.18109,325,2,0
2026-04-16 07:30:00,1.18109,1.18118,1.18084,1.18099,295,2,0
2026-04-16 07:45:00,1.18099,1.18104,1.1807,1.18093,311,1,0
2026-04-16 08:00:00,1.18093,1.181,1.1807,1.18078,357,2,0
2026-04-16 08:15:00,1.18078,1.18083,1.1802,1.18039,385,1,0
2026-04-16 08:30:00,1.18039,1.18087,1.18017,1.18037,633,1,0
2026-04-16 08:45:00,1.18037,1.1807699999999999,1.18034,1.18037,478,1,0
2026-04-16 09:00:00,1.18034,1.18069,1.18003,1.18014,879,0,0
2026-04-16 09:15:00,1.1801300000000001,1.18019,1.17942,1.17972,716,0,0
2026-04-16 09:30:00,1.17972,1.17985,1.17932,1.17981,726,0,0
2026-04-16 09:45:00,1.17982,1.18054,1.17968,1.18031,835,0,0
2026-04-16 10:00:00,1.18032,1.18048,1.1797900000000001,1.18006,1094,0,0
2026-04-16 10:15:00,1.18011,1.18012,1.17935,1.17983,1064,0,0
2026-04-16 10:30:00,1.17983,1.17983,1.17926,1.17963,820,0,0
2026-04-16 10:45:00,1.17963,1.17963,1.17902,1.17914,850,0,0
2026-04-16 11:00:00,1.17914,1.17938,1.1783,1.17842,1025,0,0
2026-04-16 11:15:00,1.17842,1.17865,1.17751,1.17797,1271,0,0
2026-04-16 11:30:00,1.17797,1.17844,1.17783,1.17835,995,0,0
2026-04-16 11:45:00,1.17835,1.17883,1.17828,1.17862,709,1,0
2026-04-16 12:00:00,1.17862,1.17876,1.17808,1.17816,597,0,0
2026-04-16 12:15:00,1.17816,1.17838,1.17777,1.17789,743,0,0
2026-04-16 12:30:00,1.17789,1.17853,1.17763,1.17798,946,0,0
2026-04-16 12:45:00,1.17797,1.17823,1.17768,1.17795,1031,0,0
2026-04-16 13:00:00,1.17794,1.17803,1.17744,1.17798,966,1,0
2026-04-16 13:15:00,1.17797,1.17801,1.1772,1.17727,555,1,0
2026-04-16 13:30:00,1.17727,1.17781,1.17716,1.17776,606,0,0
2026-04-16 13:45:00,1.17776,1.17801,1.17749,1.17797,790,1,0
2026-04-16 14:00:00,1.17797,1.17883,1.1779600000000001,1.1786,824,0,0
2026-04-16 14:15:00,1.1786,1.17886,1.1783,1.17858,716,1,0
2026-04-16 14:30:00,1.17858,1.17871,1.17817,1.17839,780,0,0
2026-04-16 14:45:00,1.17839,1.17855,1.17797,1.17839,1132,0,0
2026-04-16 15:00:00,1.17839,1.17846,1.17769,1.17799,1503,0,0
2026-04-16 15:15:00,1.17799,1.17826,1.17757,1.17816,823,1,0
2026-04-16 15:30:00,1.17816,1.17836,1.17759,1.17836,1098,0,0
2026-04-16 15:45:00,1.17836,1.17845,1.17803,1.17815,878,0,0
2026-04-16 16:00:00,1.17815,1.17832,1.17773,1.1781,986,1,0
2026-04-16 16:15:00,1.1781,1.17834,1.1779600000000001,1.17809,774,1,0
2026-04-16 16:30:00,1.17809,1.17813,1.1774499999999999,1.17778,1439,0,0
2026-04-16 16:45:00,1.17778,1.17798,1.17666,1.17719,2105,0,0
2026-04-16 17:00:00,1.17725,1.1778,1.17683,1.17769,1781,0,0
2026-04-16 17:15:00,1.17769,1.17785,1.17721,1.17783,1825,0,0
2026-04-16 17:30:00,1.17783,1.1780599999999999,1.17747,1.1779600000000001,1435,1,0
2026-04-16 17:45:00,1.1779600000000001,1.1782,1.17683,1.17712,1520,0,0
2026-04-16 18:00:00,1.17712,1.1779600000000001,1.17694,1.17783,1413,1,0
2026-04-16 18:15:00,1.17783,1.17804,1.17742,1.17747,1253,0,0
2026-04-16 18:30:00,1.17747,1.17814,1.1773500000000001,1.1777199999999999,1856,0,0
2026-04-16 18:45:00,1.1777199999999999,1.17821,1.17759,1.1782,1449,0,0
2026-04-16 19:00:00,1.1782,1.17854,1.1779,1.17854,1020,1,0
2026-04-16 19:15:00,1.17854,1.17871,1.17802,1.17808,857,0,0
2026-04-16 19:30:00,1.17807,1.17811,1.17681,1.1774499999999999,1620,0,0
2026-04-16 19:45:00,1.1774499999999999,1.17759,1.17702,1.17748,1084,0,0
2026-04-16 20:00:00,1.17748,1.17754,1.17675,1.17683,1262,0,0
2026-04-16 20:15:00,1.17683,1.17731,1.17676,1.17713,765,0,0
2026-04-16 20:30:00,1.17713,1.17753,1.17713,1.17738,766,0,0
2026-04-16 20:45:00,1.17737,1.1774,1.17705,1.17734,527,0,0
2026-04-16 21:00:00,1.17734,1.17809,1.17727,1.17766,1188,0,0
2026-04-16 21:15:00,1.17766,1.17784,1.17754,1.17781,713,2,0
2026-04-16 21:30:00,1.17781,1.17807,1.17764,1.17771,709,0,0
2026-04-16 21:45:00,1.1778,1.17807,1.17764,1.1779600000000001,565,1,0
2026-04-16 22:00:00,1.17795,1.17829,1.17793,1.1781,497,1,0
2026-04-16 22:15:00,1.1781,1.17845,1.17804,1.17834,583,0,0
2026-04-16 22:30:00,1.17834,1.1785700000000001,1.17821,1.17824,512,1,0
2026-04-16 22:45:00,1.17824,1.17832,1.178,1.1781,582,2,0
2026-04-16 23:00:00,1.17809,1.17824,1.1779,1.17815,419,3,0
2026-04-16 23:15:00,1.17815,1.17818,1.1778,1.17805,419,3,0
2026-04-16 23:30:00,1.17804,1.17831,1.17804,1.17823,127,3,0
2026-04-16 23:45:00,1.17823,1.17831,1.1781,1.17819,199,3,0
2026-04-17 00:00:00,1.17791,1.17799,1.17697,1.17794,90,22,0
2026-04-17 00:15:00,1.17798,1.17815,1.17791,1.17803,123,18,0
2026-04-17 00:30:00,1.17803,1.17807,1.17794,1.17801,114,17,0
2026-04-17 00:45:00,1.17802,1.17805,1.17775,1.17799,65,16,0
2026-04-17 01:00:00,1.17799,1.17871,1.17799,1.17859,444,3,0
2026-04-17 01:15:00,1.17859,1.1786,1.17839,1.17858,199,3,0
2026-04-17 01:30:00,1.17858,1.17858,1.17836,1.17853,283,3,0
2026-04-17 01:45:00,1.17853,1.17854,1.17839,1.1785,180,3,0
2026-04-17 02:00:00,1.1785,1.17854,1.17827,1.17844,244,2,0
2026-04-17 02:15:00,1.17844,1.17862,1.17842,1.17853,235,0,0
2026-04-17 02:30:00,1.17853,1.17855,1.17828,1.17832,192,1,0
2026-04-17 02:45:00,1.17832,1.17835,1.17794,1.17808,256,3,0
2026-04-17 03:00:00,1.17809,1.17809,1.17763,1.17782,579,1,0
2026-04-17 03:15:00,1.17782,1.1782,1.17769,1.1781,515,1,0
2026-04-17 03:30:00,1.1781,1.1783,1.17797,1.1782,329,0,0
2026-04-17 03:45:00,1.1782,1.17827,1.17781,1.17789,600,1,0
2026-04-17 04:00:00,1.17789,1.17797,1.17741,1.1777,764,1,0
2026-04-17 04:15:00,1.17769,1.17784,1.17743,1.17754,441,1,0
2026-04-17 04:30:00,1.17754,1.17773,1.17742,1.17767,413,1,0
2026-04-17 04:45:00,1.17767,1.1778,1.17748,1.1776,512,2,0
2026-04-17 05:00:00,1.1776,1.17764,1.17724,1.17736,360,0,0
2026-04-17 05:15:00,1.17737,1.17761,1.17731,1.17755,373,1,0
2026-04-17 05:30:00,1.17755,1.17773,1.1774499999999999,1.17758,231,2,0
2026-04-17 05:45:00,1.17758,1.17777,1.17743,1.1777,251,2,0
2026-04-17 06:00:00,1.17769,1.1779,1.1776200000000001,1.17775,406,1,0
2026-04-17 06:15:00,1.17775,1.17776,1.17746,1.17759,344,1,0
2026-04-17 06:30:00,1.17759,1.1781,1.1775,1.17802,316,0,0
2026-04-17 06:45:00,1.17802,1.17852,1.17802,1.1783299999999999,311,1,0
2026-04-17 07:00:00,1.1783299999999999,1.17841,1.17818,1.17835,243,1,0
2026-04-17 07:15:00,1.17835,1.17836,1.17803,1.17825,334,1,0
2026-04-17 07:30:00,1.17825,1.17837,1.1780599999999999,1.1783,361,2,0
2026-04-17 07:45:00,1.1783,1.17842,1.17811,1.17825,357,0,0
2026-04-17 08:00:00,1.17825,1.17831,1.17798,1.1782,514,0,0
2026-04-17 08:15:00,1.1782,1.17844,1.17804,1.17838,358,2,0
2026-04-17 08:30:00,1.17838,1.17843,1.17805,1.1782,422,1,0
2026-04-17 08:45:00,1.1782,1.17835,1.17804,1.17805,383,2,0
2026-04-17 09:00:00,1.1780599999999999,1.17831,1.17768,1.17781,757,0,0
2026-04-17 09:15:00,1.17781,1.17785,1.1774499999999999,1.17752,596,1,0
2026-04-17 09:30:00,1.17752,1.17758,1.17716,1.17731,799,0,0
2026-04-17 09:45:00,1.17731,1.17781,1.17721,1.17748,538,0,0
2026-04-17 10:00:00,1.17748,1.17805,1.17748,1.17778,911,0,0
2026-04-17 10:15:00,1.17778,1.17819,1.17741,1.17801,884,0,0
2026-04-17 10:30:00,1.17801,1.17812,1.1776200000000001,1.178,675,1,0
2026-04-17 10:45:00,1.178,1.1783,1.1779,1.17822,801,1,0
2026-04-17 11:00:00,1.17822,1.17842,1.17801,1.17825,1028,1,0
2026-04-17 11:15:00,1.17825,1.17839,1.17803,1.17834,716,0,0
2026-04-17 11:30:00,1.17834,1.17913,1.17816,1.17909,1042,1,0
2026-04-17 11:45:00,1.17909,1.1795499999999999,1.17892,1.17938,834,1,0
2026-04-17 12:00:00,1.17938,1.17964,1.17902,1.17915,1022,2,0
2026-04-17 12:15:00,1.17915,1.17993,1.17905,1.1797900000000001,814,1,0
2026-04-17 12:30:00,1.1798,1.17985,1.17929,1.17939,700,0,0
2026-04-17 12:45:00,1.17938,1.17946,1.17902,1.17929,664,0,0
2026-04-17 13:00:00,1.17929,1.17944,1.17903,1.17939,724,0,0
2026-04-17 13:15:00,1.17939,1.17958,1.17929,1.17939,488,0,0
2026-04-17 13:30:00,1.17939,1.17959,1.17906,1.17935,590,0,0
2026-04-17 13:45:00,1.17935,1.17958,1.17921,1.17944,644,0,0
2026-04-17 14:00:00,1.17944,1.17967,1.17916,1.17959,674,0,0
2026-04-17 14:15:00,1.17959,1.17986,1.17949,1.17966,752,2,0
2026-04-17 14:30:00,1.17967,1.1798,1.17945,1.17976,695,1,0
2026-04-17 14:45:00,1.17976,1.17993,1.17917,1.17935,849,1,0
2026-04-17 15:00:00,1.17936,1.18005,1.17933,1.17984,979,1,0
2026-04-17 15:15:00,1.17984,1.1809,1.17966,1.18047,1393,0,0
2026-04-17 15:30:00,1.1804999999999999,1.1813,1.18039,1.18066,1802,0,0
2026-04-17 15:45:00,1.18066,1.18375,1.18055,1.18348,4167,0,0
2026-04-17 16:00:00,1.18348,1.1849,1.18295,1.18471,3340,0,0
2026-04-17 16:15:00,1.18471,1.18471,1.18291,1.18343,3239,0,0
2026-04-17 16:30:00,1.1834,1.18433,1.18308,1.1835499999999999,3115,0,0
2026-04-17 16:45:00,1.1835499999999999,1.18373,1.18241,1.18335,3060,0,0
2026-04-17 17:00:00,1.18335,1.18359,1.18194,1.18207,2275,0,0
2026-04-17 17:15:00,1.18207,1.18323,1.1819600000000001,1.18262,1941,0,0
2026-04-17 17:30:00,1.18266,1.18319,1.18171,1.18255,2538,0,0
2026-04-17 17:45:00,1.18255,1.18268,1.18127,1.1813,2406,0,0
2026-04-17 18:00:00,1.1813500000000001,1.18164,1.18069,1.18114,2357,0,0
2026-04-17 18:15:00,1.18114,1.18141,1.18,1.1804000000000001,2333,0,0
2026-04-17 18:30:00,1.1804000000000001,1.18102,1.17987,1.18011,1734,0,0
2026-04-17 18:45:00,1.18011,1.18067,1.17997,1.18006,1491,0,0
2026-04-17 19:00:00,1.18006,1.18006,1.17909,1.17994,1627,0,0
2026-04-17 19:15:00,1.17994,1.18046,1.17983,1.17985,1251,0,0
2026-04-17 19:30:00,1.17985,1.1801300000000001,1.17973,1.18009,850,0,0
2026-04-17 19:45:00,1.18009,1.18018,1.17975,1.17986,663,0,0
2026-04-17 20:00:00,1.17986,1.17987,1.17847,1.17895,1642,0,0
2026-04-17 20:15:00,1.17895,1.17957,1.17862,1.17889,1692,0,0
2026-04-17 20:30:00,1.17889,1.17922,1.17881,1.1789,980,1,0
2026-04-17 20:45:00,1.1789,1.17959,1.17884,1.17953,810,1,0
2026-04-17 21:00:00,1.17953,1.17959,1.17889,1.17892,737,0,0
2026-04-17 21:15:00,1.17892,1.17975,1.17889,1.17912,961,1,0
2026-04-17 21:30:00,1.17912,1.17936,1.17836,1.1786699999999999,1076,0,0
2026-04-17 21:45:00,1.1786699999999999,1.17871,1.17738,1.17798,1443,0,0
2026-04-17 22:00:00,1.17798,1.17836,1.17775,1.17829,878,0,0
2026-04-17 22:15:00,1.17829,1.17837,1.17742,1.17755,765,0,0
2026-04-17 22:30:00,1.17755,1.17764,1.17682,1.17707,773,0,0
2026-04-17 22:45:00,1.17707,1.17718,1.17664,1.17689,727,0,0
2026-04-17 23:00:00,1.17688,1.17713,1.17655,1.1771,435,3,0
2026-04-17 23:15:00,1.1771,1.17717,1.17638,1.17638,495,3,0
2026-04-17 23:30:00,1.17638,1.17691,1.17634,1.17663,439,1,0
2026-04-17 23:45:00,1.17663,1.17676,1.17603,1.17616,1054,0,0
2026-04-20 00:00:00,1.17355,1.17423,1.17336,1.17385,337,0,0
2026-04-20 00:15:00,1.17385,1.17405,1.1737,1.17389,242,7,0
2026-04-20 00:30:00,1.17389,1.1739600000000001,1.17304,1.17313,396,0,0
2026-04-20 00:45:00,1.17313,1.17349,1.17305,1.17306,320,0,0
2026-04-20 01:00:00,1.17306,1.1739600000000001,1.17289,1.17351,1098,0,0
2026-04-20 01:15:00,1.17351,1.1737,1.17291,1.17315,845,0,0
2026-04-20 01:30:00,1.17315,1.17378,1.17315,1.17372,947,1,0
2026-04-20 01:45:00,1.17372,1.174,1.17362,1.17399,504,3,0
2026-04-20 02:00:00,1.17399,1.17444,1.17393,1.17443,512,2,0
2026-04-20 02:15:00,1.17443,1.17454,1.1741,1.17417,521,1,0
2026-04-20 02:30:00,1.17417,1.17452,1.1739,1.17403,514,0,0
2026-04-20 02:45:00,1.17403,1.17407,1.17357,1.17387,701,2,0
2026-04-20 03:00:00,1.17389,1.17509,1.1736900000000001,1.17489,1236,0,0
2026-04-20 03:15:00,1.17489,1.17546,1.17485,1.17545,948,1,0
2026-04-20 03:30:00,1.17545,1.17567,1.1751800000000001,1.1756199999999999,714,1,0
2026-04-20 03:45:00,1.1756199999999999,1.17569,1.17521,1.17544,675,0,0
2026-04-20 04:00:00,1.17544,1.17567,1.17519,1.17536,968,2,0
2026-04-20 04:15:00,1.17536,1.17539,1.17506,1.17514,559,2,0
2026-04-20 04:30:00,1.17514,1.17595,1.17513,1.17577,709,0,0
2026-04-20 04:45:00,1.17577,1.17599,1.17561,1.17567,575,0,0
2026-04-20 05:00:00,1.17567,1.1759,1.1755,1.17582,579,1,0
2026-04-20 05:15:00,1.17582,1.17601,1.17573,1.17595,373,2,0
2026-04-20 05:30:00,1.176,1.17616,1.17572,1.17581,421,0,0
2026-04-20 05:45:00,1.17581,1.17586,1.17535,1.17568,449,0,0
2026-04-20 06:00:00,1.17568,1.17575,1.17543,1.17564,568,0,0
2026-04-20 06:15:00,1.17564,1.17595,1.17545,1.17591,392,1,0
2026-04-20 06:30:00,1.17591,1.17625,1.17582,1.17611,568,1,0
2026-04-20 06:45:00,1.1761,1.1761300000000001,1.17594,1.17598,541,2,0
2026-04-20 07:00:00,1.17598,1.17621,1.17582,1.17603,630,1,0
2026-04-20 07:15:00,1.17603,1.17603,1.17563,1.17582,644,2,0
2026-04-20 07:30:00,1.17581,1.17585,1.1755,1.17581,434,1,0
2026-04-20 07:45:00,1.17581,1.1761,1.17568,1.17591,568,1,0
2026-04-20 08:00:00,1.1759,1.17608,1.17558,1.17575,538,0,0
2026-04-20 08:15:00,1.17575,1.17587,1.17534,1.17542,568,1,0
2026-04-20 08:30:00,1.17541,1.17546,1.1747,1.17473,808,0,0
2026-04-20 08:45:00,1.17473,1.17547,1.17473,1.1752799999999999,703,1,0
2026-04-20 09:00:00,1.1752799999999999,1.17544,1.17493,1.17507,1158,0,0
2026-04-20 09:15:00,1.17507,1.17512,1.17465,1.1750099999999999,1022,0,0
2026-04-20 09:30:00,1.1750099999999999,1.17624,1.1750099999999999,1.17622,1342,0,0
2026-04-20 09:45:00,1.17622,1.17656,1.17573,1.17649,1550,0,0
2026-04-20 10:00:00,1.17651,1.17681,1.17618,1.17669,1789,0,0
2026-04-20 10:15:00,1.17669,1.17718,1.17637,1.17664,1235,0,0
2026-04-20 10:30:00,1.17664,1.17667,1.17593,1.1762299999999999,1741,0,0
2026-04-20 10:45:00,1.1762299999999999,1.1762299999999999,1.17531,1.17593,1332,0,0
2026-04-20 11:00:00,1.17593,1.17635,1.17565,1.17609,1464,0,0
2026-04-20 11:15:00,1.17609,1.17622,1.17566,1.17615,1358,0,0
2026-04-20 11:30:00,1.17615,1.17627,1.17588,1.17619,989,0,0
2026-04-20 11:45:00,1.17619,1.17647,1.17573,1.17606,1458,0,0
2026-04-20 12:00:00,1.17606,1.17648,1.17598,1.17631,1338,0,0
2026-04-20 12:15:00,1.17631,1.17634,1.17549,1.17553,1220,0,0
2026-04-20 12:30:00,1.17555,1.17624,1.17554,1.17608,822,0,0
2026-04-20 12:45:00,1.17608,1.17657,1.17597,1.17653,926,0,0
2026-04-20 13:00:00,1.17654,1.17693,1.17639,1.1766,851,2,0
2026-04-20 13:15:00,1.1766,1.17676,1.17609,1.1764000000000001,851,0,0
2026-04-20 13:30:00,1.1764000000000001,1.17676,1.17628,1.17661,670,0,0
2026-04-20 13:45:00,1.17661,1.17712,1.17643,1.17706,1022,1,0
2026-04-20 14:00:00,1.17706,1.17729,1.17677,1.17728,1284,1,0
2026-04-20 14:15:00,1.17728,1.17746,1.17712,1.17725,657,1,0
2026-04-20 14:30:00,1.17726,1.17739,1.17681,1.17715,923,0,0
2026-04-20 14:45:00,1.17715,1.17754,1.17639,1.1767,1192,0,0
2026-04-20 15:00:00,1.1767,1.17681,1.17544,1.17563,1526,0,0
2026-04-20 15:15:00,1.17573,1.17614,1.17556,1.17576,994,1,0
2026-04-20 15:30:00,1.1758,1.17646,1.17577,1.1764000000000001,947,0,0
2026-04-20 15:45:00,1.1764000000000001,1.17675,1.17609,1.1764999999999999,1143,1,0
2026-04-20 16:00:00,1.1764999999999999,1.17714,1.17606,1.17675,1911,0,0
2026-04-20 16:15:00,1.17675,1.17743,1.17651,1.17731,1352,0,0
2026-04-20 16:30:00,1.17731,1.17812,1.17699,1.17811,1783,0,0
2026-04-20 16:45:00,1.17811,1.17815,1.17734,1.1775,1927,0,0
2026-04-20 17:00:00,1.1775,1.1775,1.1766,1.1771,1897,0,0
2026-04-20 17:15:00,1.1771,1.17759,1.17695,1.17755,1587,0,0
2026-04-20 17:30:00,1.17755,1.1777,1.17713,1.17764,1929,0,0
2026-04-20 17:45:00,1.17764,1.1778,1.17621,1.1772,2770,0,0
2026-04-20 18:00:00,1.1772,1.1774499999999999,1.17675,1.17741,2243,0,0
2026-04-20 18:15:00,1.17741,1.1786699999999999,1.1772,1.17851,2893,0,0
2026-04-20 18:30:00,1.17852,1.1789399999999999,1.17811,1.17855,2040,0,0
2026-04-20 18:45:00,1.17855,1.17861,1.17809,1.17839,1547,1,0
2026-04-20 19:00:00,1.1784,1.17875,1.1783299999999999,1.17859,1331,0,0
2026-04-20 19:15:00,1.17859,1.1788,1.17834,1.17866,1092,0,0
2026-04-20 19:30:00,1.17866,1.17871,1.17809,1.1785,1067,1,0
2026-04-20 19:45:00,1.1785,1.17864,1.17818,1.17851,922,0,0
2026-04-20 20:00:00,1.17851,1.17902,1.17845,1.1786699999999999,1123,0,0
2026-04-20 20:15:00,1.17868,1.17875,1.17814,1.1782,610,2,0
2026-04-20 20:30:00,1.17819,1.17861,1.17805,1.17834,1028,0,0
2026-04-20 20:45:00,1.17834,1.17841,1.17813,1.17836,620,1,0
2026-04-20 21:00:00,1.17837,1.17892,1.1783,1.17889,1044,0,0
2026-04-20 21:15:00,1.17889,1.17896,1.17831,1.17846,1093,0,0
2026-04-20 21:30:00,1.17846,1.1785700000000001,1.17799,1.17821,929,0,0
2026-04-20 21:45:00,1.17821,1.1783,1.17777,1.17802,820,0,0
2026-04-20 22:00:00,1.178,1.17877,1.17797,1.17875,707,0,0
2026-04-20 22:15:00,1.17875,1.17881,1.1784,1.17861,432,0,0
2026-04-20 22:30:00,1.17861,1.17887,1.17851,1.17871,487,1,0
2026-04-20 22:45:00,1.17871,1.17878,1.1785,1.17859,615,2,0
2026-04-20 23:00:00,1.17858,1.17885,1.17843,1.17869,441,3,0
2026-04-20 23:15:00,1.17869,1.1787,1.1784,1.1785700000000001,242,3,0
2026-04-20 23:30:00,1.1785700000000001,1.17866,1.17834,1.17855,276,3,0
2026-04-20 23:45:00,1.17855,1.1788,1.1785,1.17871,304,3,0
2026-04-21 00:00:00,1.17874,1.17874,1.17818,1.17852,77,16,0
2026-04-21 00:15:00,1.17852,1.17874,1.17826,1.17852,161,10,0
2026-04-21 00:30:00,1.17852,1.17876,1.1783299999999999,1.1786699999999999,426,5,0
2026-04-21 00:45:00,1.1786699999999999,1.17874,1.17831,1.17862,320,6,0
2026-04-21 01:00:00,1.17868,1.1789,1.17851,1.17864,352,3,0
2026-04-21 01:15:00,1.17864,1.17869,1.17846,1.17865,98,3,0
2026-04-21 01:30:00,1.17865,1.17872,1.17851,1.17862,299,2,0
2026-04-21 01:45:00,1.17862,1.17903,1.17862,1.179,466,2,0
2026-04-21 02:00:00,1.179,1.17908,1.17856,1.17859,206,3,0
2026-04-21 02:15:00,1.17859,1.1786,1.17839,1.1785,166,3,0
2026-04-21 02:30:00,1.1785,1.17853,1.1783,1.17853,194,2,0
2026-04-21 02:45:00,1.17853,1.17853,1.17827,1.17832,221,3,0
2026-04-21 03:00:00,1.17841,1.17849,1.17802,1.1784,673,2,0
2026-04-21 03:15:00,1.1784,1.17854,1.17818,1.17823,507,2,0
2026-04-21 03:30:00,1.17823,1.17845,1.17803,1.17841,418,2,0
2026-04-21 03:45:00,1.17841,1.17855,1.1781,1.17828,821,0,0
2026-04-21 04:00:00,1.17828,1.17838,1.17805,1.1782,584,2,0
2026-04-21 04:15:00,1.1782,1.17861,1.1781,1.1785,741,1,0
2026-04-21 04:30:00,1.17849,1.17855,1.17823,1.17835,533,2,0
2026-04-21 04:45:00,1.17835,1.17838,1.17788,1.17804,474,1,0
2026-04-21 05:00:00,1.17804,1.17822,1.17785,1.1782,424,1,0
2026-04-21 05:15:00,1.1782,1.1782,1.17766,1.17798,444,1,0
2026-04-21 05:30:00,1.17798,1.17798,1.17764,1.17783,431,2,0
2026-04-21 05:45:00,1.17783,1.178,1.1777,1.17792,410,0,0
2026-04-21 06:00:00,1.17792,1.17795,1.17755,1.1777199999999999,548,2,0
2026-04-21 06:15:00,1.17771,1.17777,1.1774,1.17767,335,2,0
2026-04-21 06:30:00,1.17767,1.17768,1.17725,1.17734,363,1,0
2026-04-21 06:45:00,1.17734,1.17766,1.17732,1.17755,352,2,0
2026-04-21 07:00:00,1.17755,1.17765,1.17733,1.1774,324,2,0
2026-04-21 07:15:00,1.1774,1.1776,1.17726,1.17752,264,2,0
2026-04-21 07:30:00,1.17752,1.17766,1.1774499999999999,1.17756,246,2,0
2026-04-21 07:45:00,1.17756,1.17765,1.17744,1.17755,291,1,0
2026-04-21 08:00:00,1.17755,1.17799,1.17747,1.17786,879,2,0
2026-04-21 08:15:00,1.17792,1.17822,1.17777,1.17809,664,0,0
2026-04-21 08:30:00,1.17808,1.1782,1.17791,1.17802,414,1,0
2026-04-21 08:45:00,1.17802,1.17807,1.17774,1.17782,465,0,0
2026-04-21 09:00:00,1.17782,1.17801,1.17718,1.17766,1144,0,0
2026-04-21 09:15:00,1.17766,1.17766,1.17712,1.17744,648,1,0
2026-04-21 09:30:00,1.17744,1.17763,1.17712,1.17756,733,0,0
2026-04-21 09:45:00,1.17756,1.17766,1.17715,1.17746,729,0,0
2026-04-21 10:00:00,1.17744,1.17769,1.17708,1.17734,1260,0,0
2026-04-21 10:15:00,1.17732,1.17766,1.17725,1.17748,1050,1,0
2026-04-21 10:30:00,1.17747,1.17751,1.17703,1.17718,795,1,0
2026-04-21 10:45:00,1.17718,1.1774,1.1762,1.17641,1433,0,0
2026-04-21 11:00:00,1.17641,1.17661,1.1756199999999999,1.17573,1541,0,0
2026-04-21 11:15:00,1.17573,1.17656,1.17568,1.17633,1175,0,0
2026-04-21 11:30:00,1.17633,1.17669,1.17609,1.17658,955,0,0
2026-04-21 11:45:00,1.17657,1.17661,1.1761300000000001,1.17652,678,0,0
2026-04-21 12:00:00,1.17652,1.17652,1.17569,1.17588,1049,0,0
2026-04-21 12:15:00,1.1758899999999999,1.17622,1.1756199999999999,1.17578,783,1,0
2026-04-21 12:30:00,1.1757900000000001,1.17604,1.17557,1.17598,623,1,0
2026-04-21 12:45:00,1.17597,1.17625,1.1756199999999999,1.17595,858,1,0
2026-04-21 13:00:00,1.17595,1.17614,1.1757,1.17586,646,0,0
2026-04-21 13:15:00,1.17586,1.17594,1.1756,1.17577,563,1,0
2026-04-21 13:30:00,1.17577,1.17609,1.1757,1.17597,771,2,0
2026-04-21 13:45:00,1.17597,1.17614,1.17585,1.17609,675,2,0
2026-04-21 14:00:00,1.17609,1.17627,1.17556,1.17585,1078,0,0
2026-04-21 14:15:00,1.17585,1.17662,1.17575,1.17654,1138,1,0
2026-04-21 14:30:00,1.17663,1.17683,1.17636,1.17642,861,0,0
2026-04-21 14:45:00,1.17646,1.17676,1.1764000000000001,1.17667,832,0,0
2026-04-21 15:00:00,1.17671,1.17682,1.17644,1.17679,862,0,0
2026-04-21 15:15:00,1.17679,1.17682,1.17595,1.17603,1147,0,0
2026-04-21 15:30:00,1.17603,1.17637,1.17539,1.17572,2005,0,0
2026-04-21 15:45:00,1.17578,1.1761,1.17556,1.17591,1414,0,0
2026-04-21 16:00:00,1.17595,1.17634,1.17577,1.17621,986,0,0
2026-04-21 16:15:00,1.17621,1.17672,1.17603,1.1767,1456,0,0
2026-04-21 16:30:00,1.17669,1.17715,1.17653,1.17676,1472,0,0
2026-04-21 16:45:00,1.17675,1.1770100000000001,1.17645,1.17656,1212,0,0
2026-04-21 17:00:00,1.17656,1.17692,1.17641,1.1768,1416,2,0
2026-04-21 17:15:00,1.17681,1.17703,1.1763,1.17648,1239,0,0
2026-04-21 17:30:00,1.17652,1.17759,1.17629,1.17715,1721,0,0
2026-04-21 17:45:00,1.17715,1.17715,1.17508,1.17523,2408,0,0
2026-04-21 18:00:00,1.17523,1.17591,1.17483,1.1757900000000001,2211,0,0
2026-04-21 18:15:00,1.1757900000000001,1.17597,1.17464,1.17469,2246,0,0
2026-04-21 18:30:00,1.17469,1.17494,1.17408,1.17475,1653,0,0
2026-04-21 18:45:00,1.17476,1.17519,1.17456,1.17514,1237,1,0
2026-04-21 19:00:00,1.17514,1.17557,1.1751,1.17525,1369,0,0
2026-04-21 19:15:00,1.17525,1.1752799999999999,1.17445,1.17455,892,1,0
2026-04-21 19:30:00,1.17455,1.17482,1.17416,1.17431,1036,0,0
2026-04-21 19:45:00,1.17431,1.17447,1.17394,1.17415,956,1,0
2026-04-21 20:00:00,1.17415,1.17422,1.17222,1.17252,2431,0,0
2026-04-21 20:15:00,1.17252,1.17323,1.17199,1.17321,1891,0,0
2026-04-21 20:30:00,1.1732,1.17635,1.17317,1.17586,2647,0,0
2026-04-21 20:45:00,1.17586,1.17592,1.1739,1.17428,1973,0,0
2026-04-21 21:00:00,1.17427,1.1747,1.17372,1.17383,1572,0,0
2026-04-21 21:15:00,1.17383,1.17409,1.17289,1.1732,1726,0,0
2026-04-21 21:30:00,1.1732,1.17373,1.17311,1.1733,1411,0,0
2026-04-21 21:45:00,1.1733,1.17437,1.17315,1.1740599999999999,1791,0,0
2026-04-21 22:00:00,1.17407,1.17523,1.17404,1.17469,1662,0,0
2026-04-21 22:15:00,1.17474,1.17511,1.17426,1.17494,1714,0,0
2026-04-21 22:30:00,1.17494,1.175,1.1718600000000001,1.17242,2427,0,0
2026-04-21 22:45:00,1.17242,1.17313,1.17224,1.17254,2173,0,0
2026-04-21 23:00:00,1.17254,1.17533,1.17227,1.17447,2364,0,0
2026-04-21 23:15:00,1.17447,1.17523,1.17421,1.17484,1396,1,0
2026-04-21 23:30:00,1.17484,1.17493,1.17439,1.17444,1114,2,0
2026-04-21 23:45:00,1.17443,1.17444,1.17405,1.17426,654,0,0
2026-04-22 00:00:00,1.17411,1.17516,1.1737,1.17428,300,0,0
2026-04-22 00:15:00,1.17431,1.17431,1.17338,1.17346,195,2,0
2026-04-22 00:30:00,1.17346,1.17461,1.17346,1.17425,229,0,0
2026-04-22 00:45:00,1.17425,1.17426,1.17374,1.17404,282,3,0
2026-04-22 01:00:00,1.17404,1.17438,1.17384,1.17404,396,0,0
2026-04-22 01:15:00,1.17404,1.17412,1.17377,1.17389,326,3,0
2026-04-22 01:30:00,1.17389,1.1740599999999999,1.17384,1.17391,343,3,0
2026-04-22 01:45:00,1.17391,1.17394,1.17378,1.17386,181,3,0
2026-04-22 02:00:00,1.17386,1.17392,1.17365,1.17386,171,2,0
2026-04-22 02:15:00,1.17387,1.17413,1.17383,1.17407,259,2,0
2026-04-22 02:30:00,1.17407,1.17418,1.1739,1.17404,205,0,0
2026-04-22 02:45:00,1.17404,1.1743999999999999,1.17404,1.17438,438,3,0
2026-04-22 03:00:00,1.1743999999999999,1.17513,1.17432,1.1749100000000001,804,1,0
2026-04-22 03:15:00,1.1749100000000001,1.17512,1.17463,1.1746699999999999,564,0,0
2026-04-22 03:30:00,1.1746699999999999,1.17503,1.17466,1.17478,531,2,0
2026-04-22 03:45:00,1.17476,1.17483,1.17421,1.17437,724,2,0
2026-04-22 04:00:00,1.17437,1.17469,1.1738,1.17398,645,0,0
2026-04-22 04:15:00,1.17402,1.1743000000000001,1.17381,1.17416,421,1,0
2026-04-22 04:30:00,1.17416,1.17469,1.1741,1.17431,534,1,0
2026-04-22 04:45:00,1.17431,1.1745700000000001,1.17424,1.17442,451,2,0
2026-04-22 05:00:00,1.17442,1.17483,1.1743999999999999,1.1746699999999999,513,2,0
2026-04-22 05:15:00,1.1746699999999999,1.17476,1.17439,1.17461,460,0,0
2026-04-22 05:30:00,1.17461,1.1746699999999999,1.17432,1.17439,460,2,0
2026-04-22 05:45:00,1.17439,1.17448,1.17392,1.17405,476,2,0
2026-04-22 06:00:00,1.17405,1.17424,1.17386,1.17402,436,1,0
2026-04-22 06:15:00,1.17402,1.17409,1.17385,1.17407,322,2,0
2026-04-22 06:30:00,1.17407,1.17423,1.17382,1.17401,304,1,0
2026-04-22 06:45:00,1.17401,1.17403,1.17373,1.17383,398,2,0
2026-04-22 07:00:00,1.17384,1.17407,1.17372,1.17398,446,0,0
2026-04-22 07:15:00,1.17398,1.17409,1.17384,1.17405,212,2,0
2026-04-22 07:30:00,1.17405,1.17417,1.17373,1.17413,250,2,0
2026-04-22 07:45:00,1.17413,1.17423,1.17381,1.17395,297,2,0
2026-04-22 08:00:00,1.17395,1.17433,1.17389,1.17418,430,1,0
2026-04-22 08:15:00,1.17418,1.17625,1.17416,1.1757,1931,0,0
2026-04-22 08:30:00,1.1757,1.17573,1.17503,1.17526,772,1,0
2026-04-22 08:45:00,1.17526,1.1754,1.17483,1.1750099999999999,505,0,0
2026-04-22 09:00:00,1.1750099999999999,1.17523,1.17439,1.1749,942,0,0
2026-04-22 09:15:00,1.17488,1.17538,1.17461,1.17535,767,0,0
2026-04-22 09:30:00,1.17535,1.1755,1.17478,1.17489,811,0,0
2026-04-22 09:45:00,1.17489,1.1752,1.17476,1.17492,759,1,0
2026-04-22 10:00:00,1.17492,1.1752,1.1748,1.17505,794,0,0
2026-04-22 10:15:00,1.17505,1.17508,1.17448,1.17488,857,0,0
2026-04-22 10:30:00,1.17488,1.17534,1.17471,1.17527,703,0,0
2026-04-22 10:45:00,1.17527,1.17563,1.17487,1.17553,755,0,0
2026-04-22 11:00:00,1.1755200000000001,1.1758,1.17511,1.1757,1005,1,0
2026-04-22 11:15:00,1.1757,1.1759,1.17502,1.1753,910,0,0
2026-04-22 11:30:00,1.1753,1.17543,1.1746699999999999,1.17503,929,0,0
2026-04-22 11:45:00,1.17504,1.17544,1.17497,1.17536,732,0,0
2026-04-22 12:00:00,1.17536,1.17573,1.17515,1.17558,883,0,0
2026-04-22 12:15:00,1.17558,1.17558,1.1750099999999999,1.1751800000000001,633,0,0
2026-04-22 12:30:00,1.1751800000000001,1.17539,1.17503,1.17521,566,0,0
2026-04-22 12:45:00,1.17521,1.17525,1.17453,1.17476,703,0,0
2026-04-22 13:00:00,1.17476,1.17508,1.17428,1.17458,1184,0,0
2026-04-22 13:15:00,1.17458,1.17504,1.17448,1.17496,715,2,0
2026-04-22 13:30:00,1.17496,1.1751800000000001,1.17478,1.175,584,1,0
2026-04-22 13:45:00,1.175,1.17532,1.1749,1.17505,658,1,0
2026-04-22 14:00:00,1.17504,1.17515,1.17451,1.1745700000000001,728,0,0
2026-04-22 14:15:00,1.1745700000000001,1.17481,1.17421,1.17442,847,0,0
2026-04-22 14:30:00,1.17442,1.17456,1.1737,1.17383,1014,0,0
2026-04-22 14:45:00,1.17383,1.1740599999999999,1.17316,1.17346,1256,0,0
2026-04-22 15:00:00,1.17346,1.17376,1.17293,1.17322,1175,0,0
2026-04-22 15:15:00,1.17322,1.17368,1.17268,1.17277,1022,0,0
2026-04-22 15:30:00,1.17277,1.17288,1.17239,1.17261,1417,0,0
2026-04-22 15:45:00,1.17261,1.17303,1.1724700000000001,1.17275,1086,0,0
2026-04-22 16:00:00,1.17275,1.17344,1.17232,1.17257,1418,0,0
2026-04-22 16:15:00,1.17257,1.17385,1.17244,1.17323,1693,0,0
2026-04-22 16:30:00,1.17324,1.17412,1.17275,1.17405,1824,0,0
2026-04-22 16:45:00,1.1740599999999999,1.17432,1.17364,1.17407,1408,0,0
2026-04-22 17:00:00,1.17407,1.1743000000000001,1.17331,1.17344,1160,0,0
2026-04-22 17:15:00,1.17344,1.17401,1.17314,1.17337,1209,0,0
2026-04-22 17:30:00,1.17337,1.17347,1.17259,1.17287,1939,0,0
2026-04-22 17:45:00,1.17287,1.17316,1.1717,1.17185,1755,0,0
2026-04-22 18:00:00,1.17184,1.17219,1.17144,1.17198,1526,0,0
2026-04-22 18:15:00,1.17198,1.1723,1.1716199999999999,1.17218,1027,0,0
2026-04-22 18:30:00,1.17219,1.17239,1.1712,1.17133,1385,0,0
2026-04-22 18:45:00,1.17133,1.17166,1.17117,1.17132,1131,0,0
2026-04-22 19:00:00,1.17132,1.17153,1.17109,1.17142,1108,0,0
2026-04-22 19:15:00,1.17143,1.17144,1.17094,1.1712500000000001,1106,1,0
2026-04-22 19:30:00,1.1712500000000001,1.17156,1.17095,1.17134,753,0,0
2026-04-22 19:45:00,1.17133,1.17154,1.17113,1.17126,939,0,0
2026-04-22 20:00:00,1.17126,1.17168,1.17098,1.17131,1060,0,0
2026-04-22 20:15:00,1.17131,1.17167,1.17126,1.17149,670,1,0
2026-04-22 20:30:00,1.17149,1.17167,1.17127,1.17144,545,0,0
2026-04-22 20:45:00,1.17144,1.17151,1.17094,1.17098,650,0,0
2026-04-22 21:00:00,1.17098,1.17129,1.17083,1.17112,523,1,0
2026-04-22 21:15:00,1.17111,1.17112,1.17065,1.1709,546,0,0
2026-04-22 21:30:00,1.1709,1.17118,1.17069,1.17117,526,1,0
2026-04-22 21:45:00,1.17117,1.17121,1.17074,1.17088,441,2,0
2026-04-22 22:00:00,1.17088,1.17099,1.17051,1.17093,704,1,0
2026-04-22 22:15:00,1.17093,1.17111,1.17075,1.17102,433,2,0
2026-04-22 22:30:00,1.17102,1.17102,1.17058,1.17073,571,0,0
2026-04-22 22:45:00,1.17073,1.17078,1.17038,1.17056,608,1,0
2026-04-22 23:00:00,1.17055,1.17056,1.1702,1.17053,456,3,0
2026-04-22 23:15:00,1.17053,1.17065,1.17045,1.17064,388,3,0
2026-04-22 23:30:00,1.17064,1.17075,1.17033,1.1706,416,0,0
2026-04-22 23:45:00,1.1706,1.17077,1.17045,1.17049,505,2,0
2026-04-23 00:00:00,1.17044,1.17061,1.17028,1.1706,100,3,0
2026-04-23 00:15:00,1.1706,1.17062,1.17037,1.17046,86,3,0
2026-04-23 00:30:00,1.17045,1.17055,1.17042,1.17055,111,3,0
2026-04-23 00:45:00,1.17055,1.17084,1.17055,1.17077,235,3,0
2026-04-23 01:00:00,1.17077,1.17088,1.1705,1.17061,157,1,0
2026-04-23 01:15:00,1.1706,1.1707,1.17057,1.17064,140,3,0
2026-04-23 01:30:00,1.17064,1.17071,1.17048,1.17052,168,3,0
2026-04-23 01:45:00,1.17051,1.1707,1.17048,1.17062,201,3,0
2026-04-23 02:00:00,1.17062,1.17064,1.17043,1.17054,236,3,0
2026-04-23 02:15:00,1.17054,1.17063,1.17046,1.17061,148,2,0
2026-04-23 02:30:00,1.17061,1.1707,1.17053,1.17062,129,1,0
2026-04-23 02:45:00,1.17062,1.1707,1.17048,1.17055,321,2,0
2026-04-23 03:00:00,1.17055,1.17076,1.16967,1.16977,1073,0,0
2026-04-23 03:15:00,1.16977,1.17129,1.16921,1.17104,2755,0,0
2026-04-23 03:30:00,1.17104,1.17136,1.17097,1.17108,1063,1,0
2026-04-23 03:45:00,1.17109,1.1712799999999999,1.17093,1.17115,953,0,0
2026-04-23 04:00:00,1.17115,1.17129,1.17085,1.1709100000000001,810,0,0
2026-04-23 04:15:00,1.1709100000000001,1.17119,1.17065,1.17085,657,0,0
2026-04-23 04:30:00,1.17085,1.17124,1.1708,1.17115,552,2,0
2026-04-23 04:45:00,1.17115,1.17121,1.17071,1.1709,600,1,0
2026-04-23 05:00:00,1.1709,1.17104,1.17037,1.17044,691,2,0
2026-04-23 05:15:00,1.17044,1.1707,1.17024,1.17042,769,1,0
2026-04-23 05:30:00,1.17042,1.17064,1.17029,1.17045,612,1,0
2026-04-23 05:45:00,1.17044,1.17053,1.16959,1.1697,776,1,0
2026-04-23 06:00:00,1.1697,1.17016,1.16939,1.1696900000000001,925,0,0
2026-04-23 06:15:00,1.1696900000000001,1.16982,1.16946,1.16965,693,2,0
2026-04-23 06:30:00,1.16965,1.1699,1.16958,1.1696900000000001,628,2,0
2026-04-23 06:45:00,1.1696900000000001,1.16981,1.1694,1.16955,549,2,0
2026-04-23 07:00:00,1.16957,1.1697899999999999,1.16943,1.16975,707,2,0
2026-04-23 07:15:00,1.16975,1.16996,1.1696,1.16981,394,0,0
2026-04-23 07:30:00,1.16981,1.16996,1.16974,1.16989,287,2,0
2026-04-23 07:45:00,1.16989,1.1700599999999999,1.1698,1.17001,424,2,0
2026-04-23 08:00:00,1.17001,1.17025,1.16986,1.17012,519,2,0
2026-04-23 08:15:00,1.17012,1.17032,1.17005,1.17016,485,2,0
2026-04-23 08:30:00,1.17017,1.17036,1.17005,1.17021,714,2,0
2026-04-23 08:45:00,1.1702,1.17069,1.17016,1.17069,620,2,0
2026-04-23 09:00:00,1.17069,1.17079,1.17033,1.17037,623,1,0
2026-04-23 09:15:00,1.17037,1.17062,1.17018,1.17042,699,1,0
2026-04-23 09:30:00,1.17042,1.17079,1.1703999999999999,1.17076,672,2,0
2026-04-23 09:45:00,1.17076,1.1709100000000001,1.17027,1.17035,813,0,0
2026-04-23 10:00:00,1.17035,1.17119,1.16999,1.17035,1144,0,0
2026-04-23 10:15:00,1.17035,1.17073,1.16991,1.17026,1142,0,0
2026-04-23 10:30:00,1.17026,1.17026,1.16949,1.16977,1269,0,0
2026-04-23 10:45:00,1.16976,1.17036,1.16973,1.17024,963,0,0
2026-04-23 11:00:00,1.17024,1.17044,1.17001,1.17015,841,1,0
2026-04-23 11:15:00,1.17015,1.17052,1.17005,1.17025,707,0,0
2026-04-23 11:30:00,1.17031,1.17045,1.16952,1.16976,1183,0,0
2026-04-23 11:45:00,1.16976,1.17024,1.16962,1.17015,960,0,0
2026-04-23 12:00:00,1.17015,1.17023,1.16939,1.1695,1105,1,0
2026-04-23 12:15:00,1.1695,1.17011,1.1693,1.16948,953,0,0
2026-04-23 12:30:00,1.16948,1.16966,1.16891,1.16961,1028,0,0
2026-04-23 12:45:00,1.16961,1.16967,1.16913,1.16936,944,0,0
2026-04-23 13:00:00,1.16936,1.16961,1.16843,1.16864,1172,0,0
2026-04-23 13:15:00,1.16864,1.16869,1.1681300000000001,1.16835,1219,0,0
2026-04-23 13:30:00,1.16835,1.16865,1.1681300000000001,1.16826,797,0,0
2026-04-23 13:45:00,1.16826,1.16835,1.16791,1.16822,1186,2,0
2026-04-23 14:00:00,1.16824,1.16828,1.16791,1.16819,867,0,0
2026-04-23 14:15:00,1.16819,1.16831,1.16783,1.16815,889,0,0
2026-04-23 14:30:00,1.16815,1.16841,1.16781,1.16836,996,0,0
2026-04-23 14:45:00,1.16836,1.16977,1.1683,1.16904,1901,0,0
2026-04-23 15:00:00,1.1690800000000001,1.16981,1.16858,1.16956,1707,0,0
2026-04-23 15:15:00,1.16956,1.16956,1.16855,1.16887,1228,0,0
2026-04-23 15:30:00,1.16887,1.16975,1.16872,1.16948,1688,0,0
2026-04-23 15:45:00,1.16958,1.16981,1.16863,1.16919,2022,0,0
2026-04-23 16:00:00,1.16921,1.16934,1.16831,1.16848,1396,0,0
2026-04-23 16:15:00,1.16848,1.16906,1.16831,1.16883,1363,0,0
2026-04-23 16:30:00,1.16882,1.16951,1.1688,1.16927,1645,0,0
2026-04-23 16:45:00,1.16914,1.16967,1.16856,1.1691,2106,0,0
2026-04-23 17:00:00,1.1691,1.1697899999999999,1.16868,1.16977,1742,1,0
2026-04-23 17:15:00,1.16977,1.17073,1.16966,1.17056,1634,0,0
2026-04-23 17:30:00,1.17056,1.17076,1.17026,1.17074,1380,0,0
2026-04-23 17:45:00,1.17074,1.17164,1.17074,1.17104,2054,0,0
2026-04-23 18:00:00,1.17106,1.1713,1.17051,1.17072,1694,1,0
2026-04-23 18:15:00,1.17072,1.17154,1.17059,1.17107,1364,0,0
2026-04-23 18:30:00,1.17107,1.17111,1.17028,1.17028,1262,0,0
2026-04-23 18:45:00,1.17028,1.1708,1.17004,1.17033,1714,1,0
2026-04-23 19:00:00,1.17033,1.17038,1.1697899999999999,1.16986,1234,0,0
2026-04-23 19:15:00,1.16986,1.17038,1.16975,1.17033,908,0,0
2026-04-23 19:30:00,1.17033,1.1705,1.17003,1.17041,774,0,0
2026-04-23 19:45:00,1.17041,1.17054,1.17002,1.17021,762,1,0
2026-04-23 20:00:00,1.17021,1.17027,1.16814,1.16841,2547,0,0
2026-04-23 20:15:00,1.16841,1.16879,1.16775,1.16827,2219,0,0
2026-04-23 20:30:00,1.16827,1.16875,1.16703,1.16715,2713,0,0
2026-04-23 20:45:00,1.16716,1.16933,1.16687,1.16916,3831,0,0
2026-04-23 21:00:00,1.16932,1.16999,1.169,1.16958,3095,0,0
2026-04-23 21:15:00,1.16957,1.16985,1.16923,1.16953,1809,0,0
2026-04-23 21:30:00,1.16953,1.16984,1.16906,1.16941,1255,0,0
2026-04-23 21:45:00,1.16941,1.16949,1.16878,1.16893,1083,0,0
2026-04-23 22:00:00,1.16893,1.16902,1.16835,1.16861,1252,0,0
2026-04-23 22:15:00,1.16861,1.16876,1.16837,1.16852,703,1,0
2026-04-23 22:30:00,1.16853,1.16861,1.1679599999999999,1.1682299999999999,1189,0,0
2026-04-23 22:45:00,1.16824,1.16878,1.16803,1.16865,1070,0,0
2026-04-23 23:00:00,1.16864,1.16867,1.16812,1.16819,723,3,0
2026-04-23 23:15:00,1.16819,1.16849,1.16799,1.1683,372,3,0
2026-04-23 23:30:00,1.16833,1.16853,1.16832,1.16846,252,3,0
2026-04-23 23:45:00,1.16846,1.1685,1.16816,1.16829,270,3,0
2026-04-24 00:00:00,1.16821,1.16868,1.16775,1.16842,266,5,0
2026-04-24 00:15:00,1.16875,1.16887,1.16773,1.16853,756,0,0
2026-04-24 00:30:00,1.16854,1.16872,1.16793,1.16821,484,3,0
2026-04-24 00:45:00,1.16821,1.16858,1.16811,1.16855,145,6,0
2026-04-24 01:00:00,1.16855,1.16863,1.16844,1.1685699999999999,267,3,0
2026-04-24 01:15:00,1.1685699999999999,1.1686,1.16844,1.1685699999999999,133,3,0
2026-04-24 01:30:00,1.1685699999999999,1.16862,1.16845,1.16858,178,3,0
2026-04-24 01:45:00,1.16858,1.16864,1.16846,1.16855,199,3,0
2026-04-24 02:00:00,1.16855,1.16858,1.16821,1.16832,173,2,0
2026-04-24 02:15:00,1.16833,1.1684,1.16818,1.16834,162,3,0
2026-04-24 02:30:00,1.16842,1.16842,1.16821,1.16836,162,3,0
2026-04-24 02:45:00,1.16836,1.16842,1.16821,1.16833,241,1,0
2026-04-24 03:00:00,1.16833,1.16867,1.16812,1.16867,773,2,0
2026-04-24 03:15:00,1.16867,1.16877,1.1684700000000001,1.16871,446,1,0
2026-04-24 03:30:00,1.16871,1.16885,1.16825,1.16845,579,2,0
2026-04-24 03:45:00,1.16844,1.16861,1.16825,1.16853,677,2,0
2026-04-24 04:00:00,1.16853,1.16868,1.16829,1.16858,555,2,0
2026-04-24 04:15:00,1.16858,1.16873,1.1684,1.1684700000000001,422,1,0
2026-04-24 04:30:00,1.1684700000000001,1.16876,1.16811,1.16841,823,1,0
2026-04-24 04:45:00,1.16841,1.16886,1.16835,1.16885,477,2,0
2026-04-24 05:00:00,1.16885,1.16894,1.16835,1.16838,387,1,0
2026-04-24 05:15:00,1.16838,1.16845,1.16795,1.16803,465,1,0
2026-04-24 05:30:00,1.16803,1.16832,1.16794,1.16804,528,0,0
2026-04-24 05:45:00,1.16804,1.16804,1.16768,1.16789,364,2,0
2026-04-24 06:00:00,1.16789,1.16799,1.16754,1.16769,396,2,0
2026-04-24 06:15:00,1.16769,1.16775,1.1675,1.16754,387,2,0
2026-04-24 06:30:00,1.16754,1.16774,1.16716,1.16761,426,1,0
2026-04-24 06:45:00,1.16761,1.1678600000000001,1.16757,1.1678,585,2,0
2026-04-24 07:00:00,1.1678,1.168,1.1675200000000001,1.16792,624,1,0
2026-04-24 07:15:00,1.16792,1.16795,1.16767,1.16776,406,2,0
2026-04-24 07:30:00,1.16776,1.16798,1.1677,1.16783,385,0,0
2026-04-24 07:45:00,1.16783,1.16815,1.16778,1.16787,556,1,0
2026-04-24 08:00:00,1.16787,1.16802,1.16753,1.16784,545,1,0
2026-04-24 08:15:00,1.16784,1.16806,1.16769,1.16792,546,1,0
2026-04-24 08:30:00,1.16792,1.16831,1.16791,1.1682,600,2,0
2026-04-24 08:45:00,1.1682,1.1683,1.168,1.1682,327,2,0
2026-04-24 09:00:00,1.1682,1.16822,1.16789,1.16815,641,1,0
2026-04-24 09:15:00,1.16815,1.1682,1.16772,1.16797,641,2,0
2026-04-24 09:30:00,1.16797,1.16837,1.16782,1.1682299999999999,744,0,0
2026-04-24 09:45:00,1.1682299999999999,1.16825,1.16769,1.16784,748,0,0
2026-04-24 10:00:00,1.16783,1.16817,1.16758,1.16811,889,0,0
2026-04-24 10:15:00,1.16811,1.16831,1.16794,1.16811,693,0,0
2026-04-24 10:30:00,1.16811,1.16851,1.16776,1.16851,676,0,0
2026-04-24 10:45:00,1.16851,1.16937,1.16846,1.1690800000000001,1329,0,0
2026-04-24 11:00:00,1.1690800000000001,1.1691,1.16829,1.1687,1151,0,0
2026-04-24 11:15:00,1.16858,1.16958,1.16858,1.16915,1713,0,0
2026-04-24 11:30:00,1.16915,1.16916,1.16858,1.16869,749,0,0
2026-04-24 11:45:00,1.16869,1.16937,1.16855,1.16898,1093,1,0
2026-04-24 12:00:00,1.16898,1.1690800000000001,1.16853,1.16879,926,0,0
2026-04-24 12:15:00,1.16879,1.16895,1.16832,1.1685,971,0,0
2026-04-24 12:30:00,1.1685,1.16893,1.16834,1.16867,730,0,0
2026-04-24 12:45:00,1.16867,1.1688,1.16843,1.16864,613,1,0
2026-04-24 13:00:00,1.16864,1.16903,1.16845,1.16882,609,1,0
2026-04-24 13:15:00,1.16882,1.16962,1.16871,1.1696,733,1,0
2026-04-24 13:30:00,1.1696,1.17011,1.16934,1.17001,660,0,0
2026-04-24 13:45:00,1.17001,1.17035,1.1697,1.17032,629,2,0
2026-04-24 14:00:00,1.17032,1.17123,1.17019,1.17074,2186,0,0
2026-04-24 14:15:00,1.17074,1.17182,1.1703000000000001,1.17179,2364,0,0
2026-04-24 14:30:00,1.17179,1.17183,1.17107,1.17166,1780,0,0
2026-04-24 14:45:00,1.17166,1.17184,1.1712,1.17144,1201,1,0
2026-04-24 15:00:00,1.17144,1.17174,1.17106,1.17154,1082,0,0
2026-04-24 15:15:00,1.17154,1.1716199999999999,1.1710099999999999,1.17136,1279,0,0
2026-04-24 15:30:00,1.17137,1.17139,1.17057,1.17074,1128,0,0
2026-04-24 15:45:00,1.17074,1.17114,1.17013,1.17087,1485,0,0
2026-04-24 16:00:00,1.17089,1.1712500000000001,1.17058,1.17071,1339,0,0
2026-04-24 16:15:00,1.17081,1.17093,1.17016,1.17022,1216,0,0
2026-04-24 16:30:00,1.17022,1.17041,1.16985,1.17035,1667,0,0
2026-04-24 16:45:00,1.17035,1.17077,1.17022,1.17068,1332,1,0
2026-04-24 17:00:00,1.17068,1.17149,1.17002,1.17107,2524,0,0
2026-04-24 17:15:00,1.17107,1.1716,1.1707,1.17115,1654,0,0
2026-04-24 17:30:00,1.17115,1.17168,1.17109,1.17116,1399,0,0
2026-04-24 17:45:00,1.17117,1.17122,1.17023,1.17059,1556,0,0
2026-04-24 18:00:00,1.17059,1.17078,1.17037,1.17052,1175,0,0
2026-04-24 18:15:00,1.17049,1.17083,1.1703000000000001,1.17071,1066,0,0
2026-04-24 18:30:00,1.17068,1.17119,1.17005,1.17102,1503,0,0
2026-04-24 18:45:00,1.17099,1.17198,1.17094,1.17167,2391,0,0
2026-04-24 19:00:00,1.17166,1.17192,1.17123,1.17157,1304,1,0
2026-04-24 19:15:00,1.17157,1.1717,1.1713,1.17133,838,0,0
2026-04-24 19:30:00,1.17133,1.17183,1.17133,1.17148,931,0,0
2026-04-24 19:45:00,1.17149,1.17197,1.17143,1.1719,827,0,0
2026-04-24 20:00:00,1.1719,1.17211,1.17173,1.17191,1055,0,0
2026-04-24 20:15:00,1.17191,1.17194,1.17141,1.1716,684,0,0
2026-04-24 20:30:00,1.1716,1.1716199999999999,1.1711,1.17142,943,0,0
2026-04-24 20:45:00,1.17142,1.17187,1.17118,1.17134,782,0,0
2026-04-24 21:00:00,1.17135,1.17144,1.17105,1.17131,720,0,0
2026-04-24 21:15:00,1.17131,1.17158,1.17114,1.17149,670,0,0
2026-04-24 21:30:00,1.17149,1.17185,1.17127,1.1718,528,1,0
2026-04-24 21:45:00,1.1718,1.17196,1.17159,1.17177,720,2,0
2026-04-24 22:00:00,1.17177,1.17204,1.17161,1.17199,625,1,0
2026-04-24 22:15:00,1.172,1.17209,1.1716,1.1718,620,1,0
2026-04-24 22:30:00,1.1718,1.17194,1.17161,1.1717,708,1,0
2026-04-24 22:45:00,1.1717,1.1719,1.17145,1.17185,721,1,0
2026-04-24 23:00:00,1.17184,1.17208,1.17168,1.17198,571,0,0
2026-04-24 23:15:00,1.17198,1.17205,1.17171,1.17194,348,3,0
2026-04-24 23:30:00,1.17195,1.17209,1.17172,1.17208,328,3,0
2026-04-24 23:45:00,1.17209,1.17229,1.17154,1.17195,738,0,0
2026-04-27 00:00:00,1.1693500000000001,1.17003,1.16852,1.16985,118,0,0
2026-04-27 00:15:00,1.16985,1.17025,1.16985,1.1702,140,16,0
2026-04-27 00:30:00,1.1702,1.1709,1.17004,1.17071,228,3,0
2026-04-27 00:45:00,1.17071,1.1709100000000001,1.1705,1.17078,205,6,0
2026-04-27 01:00:00,1.17078,1.1712,1.1703999999999999,1.17068,458,2,0
2026-04-27 01:15:00,1.17068,1.17079,1.17042,1.17068,220,2,0
2026-04-27 01:30:00,1.17068,1.17083,1.17048,1.1707,168,3,0
2026-04-27 01:45:00,1.1707,1.17082,1.17058,1.17078,181,3,0
2026-04-27 02:00:00,1.17078,1.17089,1.17071,1.17082,186,3,0
2026-04-27 02:15:00,1.17083,1.17094,1.17063,1.17064,161,3,0
2026-04-27 02:30:00,1.17064,1.17064,1.17049,1.17058,248,3,0
2026-04-27 02:45:00,1.17058,1.17074,1.17049,1.17054,339,1,0
2026-04-27 03:00:00,1.17055,1.1710099999999999,1.17055,1.171,701,2,0
2026-04-27 03:15:00,1.171,1.1712,1.17077,1.17116,398,2,0
2026-04-27 03:30:00,1.17116,1.17139,1.17106,1.17138,366,2,0
2026-04-27 03:45:00,1.17138,1.1717,1.17118,1.17159,620,0,0
2026-04-27 04:00:00,1.17159,1.17267,1.17155,1.17197,1544,0,0
2026-04-27 04:15:00,1.17199,1.17268,1.1718899999999999,1.17225,784,0,0
2026-04-27 04:30:00,1.17225,1.17244,1.17207,1.17243,639,0,0
2026-04-27 04:45:00,1.17243,1.17265,1.17226,1.17241,546,1,0
2026-04-27 05:00:00,1.17241,1.17255,1.17193,1.1723,398,2,0
2026-04-27 05:15:00,1.1723,1.17256,1.17212,1.17234,392,2,0
2026-04-27 05:30:00,1.17234,1.17281,1.17234,1.17267,476,2,0
2026-04-27 05:45:00,1.17267,1.17282,1.17252,1.17264,450,2,0
2026-04-27 06:00:00,1.17264,1.17295,1.17262,1.17285,507,0,0
2026-04-27 06:15:00,1.17285,1.17291,1.17269,1.17278,387,2,0
2026-04-27 06:30:00,1.17278,1.17317,1.17269,1.17312,395,2,0
2026-04-27 06:45:00,1.17312,1.17325,1.17285,1.17294,355,0,0
2026-04-27 07:00:00,1.17294,1.17296,1.17275,1.1729,249,1,0
2026-04-27 07:15:00,1.1729,1.17306,1.17276,1.17305,367,2,0
2026-04-27 07:30:00,1.17305,1.17315,1.17286,1.17299,258,2,0
2026-04-27 07:45:00,1.17299,1.17299,1.17241,1.17266,449,1,0
2026-04-27 08:00:00,1.17266,1.17279,1.17239,1.17243,440,2,0
2026-04-27 08:15:00,1.17243,1.17264,1.17232,1.17254,396,2,0
2026-04-27 08:30:00,1.17254,1.1726,1.17234,1.17255,470,2,0
2026-04-27 08:45:00,1.17254,1.17269,1.17212,1.1722299999999999,600,1,0
2026-04-27 09:00:00,1.1722299999999999,1.17229,1.17175,1.17192,681,0,0
2026-04-27 09:15:00,1.17192,1.17211,1.17165,1.17188,682,0,0
2026-04-27 09:30:00,1.17187,1.17221,1.17175,1.17193,755,0,0
2026-04-27 09:45:00,1.17193,1.17297,1.17193,1.17292,746,2,0
2026-04-27 10:00:00,1.17292,1.17363,1.17287,1.17338,943,0,0
2026-04-27 10:15:00,1.17338,1.1734499999999999,1.17287,1.17302,1036,1,0
2026-04-27 10:30:00,1.17304,1.1734,1.17287,1.17329,789,1,0
2026-04-27 10:45:00,1.17328,1.1745,1.17318,1.17439,1226,1,0
2026-04-27 11:00:00,1.17438,1.17475,1.17395,1.17435,1208,0,0
2026-04-27 11:15:00,1.17435,1.1746,1.17387,1.17431,1402,1,0
2026-04-27 11:30:00,1.17436,1.1745700000000001,1.17388,1.17453,1027,1,0
2026-04-27 11:45:00,1.17453,1.17508,1.17446,1.17484,1107,1,0
2026-04-27 12:00:00,1.17484,1.17508,1.1746699999999999,1.17494,785,1,0
2026-04-27 12:15:00,1.17494,1.17496,1.17435,1.17441,706,1,0
2026-04-27 12:30:00,1.17441,1.1746,1.17424,1.17433,667,1,0
2026-04-27 12:45:00,1.17433,1.17458,1.17403,1.17422,601,1,0
2026-04-27 13:00:00,1.17422,1.17441,1.17393,1.1739600000000001,578,1,0
2026-04-27 13:15:00,1.17395,1.17424,1.17383,1.17423,741,1,0
2026-04-27 13:30:00,1.17423,1.17443,1.17403,1.1743000000000001,646,1,0
2026-04-27 13:45:00,1.1743000000000001,1.17477,1.17414,1.17459,698,0,0
2026-04-27 14:00:00,1.17459,1.1747,1.17395,1.17408,885,0,0
2026-04-27 14:15:00,1.17408,1.17448,1.17393,1.17437,597,1,0
2026-04-27 14:30:00,1.17437,1.17442,1.17379,1.17404,692,1,0
2026-04-27 14:45:00,1.17404,1.17417,1.1736900000000001,1.17412,882,2,0
2026-04-27 15:00:00,1.17412,1.17517,1.17401,1.17514,1181,0,0
2026-04-27 15:15:00,1.17514,1.17549,1.17464,1.17493,1192,0,0
2026-04-27 15:30:00,1.17492,1.17497,1.17447,1.17479,1048,1,0
2026-04-27 15:45:00,1.17479,1.17502,1.17428,1.17443,1152,1,0
2026-04-27 16:00:00,1.17447,1.1753,1.17426,1.17494,1643,0,0
2026-04-27 16:15:00,1.17495,1.17539,1.17487,1.17488,1142,0,0
2026-04-27 16:30:00,1.1749,1.17495,1.17425,1.17434,1317,0,0
2026-04-27 16:45:00,1.17434,1.17438,1.17349,1.17399,1446,0,0
2026-04-27 17:00:00,1.17399,1.17419,1.17355,1.17379,1476,0,0
2026-04-27 17:15:00,1.17379,1.17418,1.17367,1.17383,1008,0,0
2026-04-27 17:30:00,1.17384,1.17454,1.1736900000000001,1.1743999999999999,1302,0,0
2026-04-27 17:45:00,1.1743999999999999,1.17481,1.17329,1.17359,1899,0,0
2026-04-27 18:00:00,1.1736,1.17367,1.17306,1.17331,1146,0,0
2026-04-27 18:15:00,1.17332,1.17367,1.17294,1.1733500000000001,1055,1,0
2026-04-27 18:30:00,1.1733500000000001,1.17355,1.17306,1.1734,882,1,0
2026-04-27 18:45:00,1.1734,1.1734499999999999,1.17286,1.17306,898,0,0
2026-04-27 19:00:00,1.17306,1.17338,1.17285,1.17303,604,0,0
2026-04-27 19:15:00,1.17303,1.17324,1.17268,1.17289,734,2,0
2026-04-27 19:30:00,1.17289,1.17304,1.1727400000000001,1.1729,564,1,0
2026-04-27 19:45:00,1.1729,1.17322,1.17242,1.1726,733,0,0
2026-04-27 20:00:00,1.1726,1.17271,1.1721300000000001,1.17246,793,0,0
2026-04-27 20:15:00,1.17246,1.17252,1.17194,1.17226,765,0,0
2026-04-27 20:30:00,1.17226,1.17299,1.17225,1.17258,688,0,0
2026-04-27 20:45:00,1.17258,1.17259,1.17217,1.17231,456,2,0
2026-04-27 21:00:00,1.17231,1.17235,1.17204,1.17233,481,2,0
2026-04-27 21:15:00,1.17233,1.1724700000000001,1.17216,1.17225,445,1,0
2026-04-27 21:30:00,1.17225,1.17235,1.17205,1.17221,378,1,0
2026-04-27 21:45:00,1.17221,1.17233,1.17183,1.17199,438,2,0
2026-04-27 22:00:00,1.17199,1.17226,1.1719,1.17224,455,2,0
2026-04-27 22:15:00,1.17224,1.17253,1.17209,1.17248,476,0,0
2026-04-27 22:30:00,1.17248,1.1724999999999999,1.17221,1.17241,373,2,0
2026-04-27 22:45:00,1.17241,1.17258,1.17196,1.17204,543,0,0
2026-04-27 23:00:00,1.17204,1.17229,1.17199,1.17214,287,3,0
2026-04-27 23:15:00,1.17214,1.1722299999999999,1.17199,1.17209,151,2,0
2026-04-27 23:30:00,1.1721,1.17231,1.17208,1.17231,200,3,0
2026-04-27 23:45:00,1.17231,1.17231,1.17194,1.17203,329,3,0
2026-04-28 00:00:00,1.17204,1.17243,1.17193,1.17209,46,16,0
2026-04-28 00:15:00,1.17209,1.17216,1.17193,1.17208,42,15,0
2026-04-28 00:30:00,1.17208,1.17218,1.17197,1.17207,59,14,0
2026-04-28 00:45:00,1.17207,1.17214,1.17188,1.17209,130,6,0
2026-04-28 01:00:00,1.17209,1.17225,1.17192,1.17221,304,3,0
2026-04-28 01:15:00,1.17221,1.17224,1.172,1.17219,219,3,0
2026-04-28 01:30:00,1.17219,1.17229,1.17217,1.17222,205,3,0
2026-04-28 01:45:00,1.17222,1.17231,1.17215,1.17221,173,3,0
2026-04-28 02:00:00,1.17221,1.17229,1.17214,1.17224,221,2,0
2026-04-28 02:15:00,1.17224,1.1723,1.17199,1.17218,160,3,0
2026-04-28 02:30:00,1.17218,1.17222,1.1721,1.17222,110,3,0
2026-04-28 02:45:00,1.17222,1.17229,1.17211,1.17229,144,3,0
2026-04-28 03:00:00,1.1723,1.17269,1.17224,1.17237,461,2,0
2026-04-28 03:15:00,1.17236,1.17242,1.17176,1.172,608,2,0
2026-04-28 03:30:00,1.172,1.1722,1.1718,1.17205,535,1,0
2026-04-28 03:45:00,1.17205,1.17218,1.17157,1.17188,570,2,0
2026-04-28 04:00:00,1.17187,1.17187,1.17135,1.1715,628,2,0
2026-04-28 04:15:00,1.1715,1.17167,1.17134,1.17161,413,2,0
2026-04-28 04:30:00,1.1716199999999999,1.17183,1.1715,1.1715,416,2,0
2026-04-28 04:45:00,1.1715,1.1716,1.17112,1.17127,401,2,0
2026-04-28 05:00:00,1.17127,1.17135,1.17106,1.17123,512,2,0
2026-04-28 05:15:00,1.17124,1.1713,1.17111,1.1712500000000001,429,1,0
2026-04-28 05:30:00,1.1712500000000001,1.1712799999999999,1.1709100000000001,1.17104,445,2,0
2026-04-28 05:45:00,1.17104,1.17108,1.17076,1.17081,347,0,0
2026-04-28 06:00:00,1.17081,1.1714,1.17076,1.1713,789,0,0
2026-04-28 06:15:00,1.1713,1.17172,1.1712500000000001,1.17168,475,2,0
2026-04-28 06:30:00,1.17168,1.17178,1.17127,1.17136,600,2,0
2026-04-28 06:45:00,1.17136,1.17145,1.17112,1.17133,262,1,0
2026-04-28 07:00:00,1.17133,1.17135,1.17105,1.17134,478,2,0
2026-04-28 07:15:00,1.17134,1.17144,1.17122,1.1714,400,2,0
2026-04-28 07:30:00,1.17139,1.1716199999999999,1.17133,1.1716,354,1,0
2026-04-28 07:45:00,1.1716,1.17163,1.17116,1.17124,315,2,0
2026-04-28 08:00:00,1.17124,1.17132,1.17086,1.17105,522,1,0
2026-04-28 08:15:00,1.17105,1.17129,1.17097,1.17127,319,2,0
2026-04-28 08:30:00,1.17126,1.17127,1.17064,1.17069,584,2,0
2026-04-28 08:45:00,1.17078,1.17092,1.17047,1.17059,496,0,0
2026-04-28 09:00:00,1.17057,1.1708,1.17011,1.1705,916,0,0
2026-04-28 09:15:00,1.1705,1.17055,1.17007,1.17039,687,1,0
2026-04-28 09:30:00,1.17039,1.17045,1.1698,1.17,875,0,0
2026-04-28 09:45:00,1.17,1.17009,1.16859,1.16875,1531,0,0
2026-04-28 10:00:00,1.16875,1.16943,1.16853,1.16933,1424,0,0
2026-04-28 10:15:00,1.16934,1.17007,1.16928,1.1696,995,0,0
2026-04-28 10:30:00,1.16959,1.1698,1.16929,1.1695,995,0,0
2026-04-28 10:45:00,1.1695,1.16997,1.16924,1.16965,1077,0,0
2026-04-28 11:00:00,1.16966,1.17041,1.16948,1.17007,1635,0,0
2026-04-28 11:15:00,1.17007,1.17077,1.17007,1.17066,1127,0,0
2026-04-28 11:30:00,1.17066,1.17069,1.16985,1.17011,949,1,0
2026-04-28 11:45:00,1.17008,1.17038,1.16993,1.17021,850,1,0
2026-04-28 12:00:00,1.17021,1.17021,1.16974,1.17002,1030,0,0
2026-04-28 12:15:00,1.17002,1.17002,1.16941,1.16952,709,0,0
2026-04-28 12:30:00,1.16954,1.16954,1.16855,1.16912,1055,1,0
2026-04-28 12:45:00,1.16912,1.1699,1.16898,1.16922,1468,0,0
2026-04-28 13:00:00,1.16923,1.1694,1.169,1.16912,832,0,0
2026-04-28 13:15:00,1.16912,1.16933,1.16895,1.16914,752,0,0
2026-04-28 13:30:00,1.16914,1.16956,1.16907,1.16943,737,1,0
2026-04-28 13:45:00,1.16943,1.16957,1.16904,1.16931,923,0,0
2026-04-28 14:00:00,1.16931,1.16993,1.16926,1.16958,1036,0,0
2026-04-28 14:15:00,1.16958,1.16975,1.16922,1.16946,902,0,0
2026-04-28 14:30:00,1.16946,1.16946,1.16873,1.16903,1170,0,0
2026-04-28 14:45:00,1.16903,1.16903,1.16816,1.16829,1624,1,0
2026-04-28 15:00:00,1.16829,1.16837,1.16773,1.16829,1557,0,0
2026-04-28 15:15:00,1.16829,1.16932,1.16818,1.1689,1753,0,0
2026-04-28 15:30:00,1.1689,1.1696900000000001,1.16855,1.1694499999999999,1351,1,0
2026-04-28 15:45:00,1.1694499999999999,1.16998,1.16941,1.16968,1219,0,0
2026-04-28 16:00:00,1.1697,1.16976,1.16927,1.16943,1198,0,0
2026-04-28 16:15:00,1.16943,1.16997,1.16878,1.1699,1598,0,0
2026-04-28 16:30:00,1.1699,1.17037,1.16907,1.17014,2390,0,0
2026-04-28 16:45:00,1.17014,1.17025,1.1696,1.16974,1538,0,0
2026-04-28 17:00:00,1.16974,1.16987,1.16894,1.16972,1800,0,0
2026-04-28 17:15:00,1.16972,1.16992,1.16933,1.16966,1391,1,0
2026-04-28 17:30:00,1.16966,1.17032,1.16941,1.16966,1574,0,0
2026-04-28 17:45:00,1.16965,1.17009,1.1692,1.17009,2283,0,0
2026-04-28 18:00:00,1.17008,1.17095,1.17008,1.17043,2034,0,0
2026-04-28 18:15:00,1.17043,1.17127,1.17029,1.17106,1331,1,0
2026-04-28 18:30:00,1.17106,1.17156,1.1707,1.17105,1459,0,0
2026-04-28 18:45:00,1.17105,1.17139,1.17097,1.17136,1057,1,0
2026-04-28 19:00:00,1.17136,1.17169,1.17113,1.17131,987,0,0
2026-04-28 19:15:00,1.1713,1.1713,1.17047,1.17064,951,1,0
2026-04-28 19:30:00,1.17063,1.17096,1.17051,1.17089,889,2,0
2026-04-28 19:45:00,1.17089,1.1712,1.17062,1.17105,946,0,0
2026-04-28 20:00:00,1.17105,1.17117,1.17061,1.1710099999999999,662,1,0
2026-04-28 20:15:00,1.1710099999999999,1.17107,1.17053,1.17096,617,1,0
2026-04-28 20:30:00,1.17096,1.17144,1.17086,1.1712500000000001,777,1,0
2026-04-28 20:45:00,1.1712500000000001,1.17176,1.17116,1.17135,819,0,0
2026-04-28 21:00:00,1.17135,1.17156,1.17111,1.1712500000000001,598,0,0
2026-04-28 21:15:00,1.1712500000000001,1.17158,1.17117,1.17153,789,0,0
2026-04-28 21:30:00,1.17153,1.17158,1.17126,1.17153,589,2,0
2026-04-28 21:45:00,1.17155,1.17161,1.17103,1.17115,499,1,0
2026-04-28 22:00:00,1.17115,1.1715200000000001,1.17102,1.17109,398,0,0
2026-04-28 22:15:00,1.17109,1.1711,1.17084,1.17093,447,0,0
2026-04-28 22:30:00,1.17092,1.17102,1.17077,1.17086,604,2,0
2026-04-28 22:45:00,1.17087,1.17099,1.17057,1.17097,463,2,0
2026-04-28 23:00:00,1.17096,1.17142,1.17086,1.17119,483,2,0
2026-04-28 23:15:00,1.17119,1.17124,1.17107,1.17122,221,3,0
2026-04-28 23:30:00,1.17123,1.17149,1.17123,1.17142,254,2,0
2026-04-28 23:45:00,1.17141,1.17145,1.1712,1.1712,236,3,0
2026-04-29 00:00:00,1.17108,1.1715200000000001,1.17105,1.17127,78,10,0
2026-04-29 00:15:00,1.17127,1.17131,1.17099,1.17123,98,25,0
2026-04-29 00:30:00,1.17122,1.17138,1.1710099999999999,1.17129,163,18,0
2026-04-29 00:45:00,1.17129,1.17136,1.17097,1.17127,142,19,0
2026-04-29 01:00:00,1.1712799999999999,1.1718,1.1712799999999999,1.17169,387,2,0
2026-04-29 01:15:00,1.17169,1.17173,1.17141,1.17143,127,3,0
2026-04-29 01:30:00,1.17143,1.17159,1.17141,1.1715200000000001,197,3,0
2026-04-29 01:45:00,1.1715200000000001,1.17158,1.1714,1.17155,421,3,0
2026-04-29 02:00:00,1.17155,1.17164,1.17143,1.1715,150,3,0
2026-04-29 02:15:00,1.1715,1.17163,1.1715,1.17155,142,3,0
2026-04-29 02:30:00,1.17155,1.17165,1.1715,1.17164,72,3,0
2026-04-29 02:45:00,1.17164,1.17175,1.17153,1.17174,224,1,0
2026-04-29 03:00:00,1.17175,1.17205,1.17175,1.17183,367,1,0
2026-04-29 03:15:00,1.17182,1.1718600000000001,1.17144,1.17155,274,2,0
2026-04-29 03:30:00,1.17155,1.17185,1.17147,1.17181,259,2,0
2026-04-29 03:45:00,1.17181,1.17182,1.17143,1.17155,421,2,0
2026-04-29 04:00:00,1.17155,1.1716,1.17061,1.17073,1089,2,0
2026-04-29 04:15:00,1.17073,1.17114,1.17072,1.17106,676,2,0
2026-04-29 04:30:00,1.17106,1.17158,1.17092,1.17142,979,1,0
2026-04-29 04:45:00,1.17142,1.17149,1.17099,1.17119,472,2,0
2026-04-29 05:00:00,1.17119,1.17167,1.17119,1.17146,542,1,0
2026-04-29 05:15:00,1.17146,1.17165,1.17118,1.1712799999999999,478,2,0
2026-04-29 05:30:00,1.17129,1.17131,1.17062,1.17077,408,1,0
2026-04-29 05:45:00,1.17077,1.17107,1.1707,1.1707,452,2,0
2026-04-29 06:00:00,1.1707,1.17106,1.1707,1.1709100000000001,429,1,0
2026-04-29 06:15:00,1.1709,1.17107,1.17076,1.17094,392,2,0
2026-04-29 06:30:00,1.17094,1.17094,1.17057,1.17064,318,1,0
2026-04-29 06:45:00,1.17064,1.17066,1.17038,1.17049,282,2,0
2026-04-29 07:00:00,1.1705,1.17073,1.17043,1.17064,312,2,0
2026-04-29 07:15:00,1.17064,1.17069,1.17039,1.17056,283,2,0
2026-04-29 07:30:00,1.17056,1.17076,1.17056,1.17059,257,0,0
2026-04-29 07:45:00,1.17058,1.17062,1.17034,1.17055,228,1,0
2026-04-29 08:00:00,1.17055,1.17058,1.1702,1.1702,315,2,0
2026-04-29 08:15:00,1.17026,1.17033,1.17002,1.17017,366,1,0
2026-04-29 08:30:00,1.17017,1.1703000000000001,1.16975,1.17005,424,0,0
2026-04-29 08:45:00,1.17005,1.1702,1.16985,1.16995,585,1,0
2026-04-29 09:00:00,1.16998,1.1703999999999999,1.16967,1.1697,864,0,0
2026-04-29 09:15:00,1.1697,1.16997,1.16959,1.1699,645,0,0
2026-04-29 09:30:00,1.1699,1.17036,1.16958,1.1700599999999999,544,0,0
2026-04-29 09:45:00,1.17005,1.17034,1.16982,1.16998,753,0,0
2026-04-29 10:00:00,1.16998,1.17072,1.16974,1.17062,1064,0,0
2026-04-29 10:15:00,1.17062,1.17066,1.17024,1.1705,677,0,0
2026-04-29 10:30:00,1.1705,1.17074,1.17035,1.17048,776,0,0
2026-04-29 10:45:00,1.17049,1.17082,1.17041,1.17051,747,1,0
2026-04-29 11:00:00,1.17049,1.17057,1.16931,1.16953,1371,0,0
2026-04-29 11:15:00,1.16953,1.17024,1.16946,1.16987,944,0,0
2026-04-29 11:30:00,1.16987,1.16996,1.16948,1.16991,803,1,0
2026-04-29 11:45:00,1.16991,1.17012,1.16972,1.17001,593,0,0
2026-04-29 12:00:00,1.17001,1.17026,1.16978,1.16997,781,0,0
2026-04-29 12:15:00,1.16996,1.17021,1.16963,1.17014,647,0,0
2026-04-29 12:30:00,1.17014,1.17044,1.16985,1.16998,773,0,0
2026-04-29 12:45:00,1.16997,1.17019,1.16957,1.16974,853,0,0
2026-04-29 13:00:00,1.16974,1.17018,1.16958,1.17016,747,0,0
2026-04-29 13:15:00,1.17015,1.17029,1.16997,1.1701,526,2,0
2026-04-29 13:30:00,1.1701,1.17018,1.16989,1.1701,609,2,0
2026-04-29 13:45:00,1.1701,1.17093,1.17,1.17083,745,1,0
2026-04-29 14:00:00,1.17083,1.17097,1.1703999999999999,1.17048,966,1,0
2026-04-29 14:15:00,1.17048,1.17075,1.17026,1.17052,595,0,0
2026-04-29 14:30:00,1.17052,1.1709,1.17023,1.17037,913,0,0
2026-04-29 14:45:00,1.17037,1.17051,1.16988,1.17008,660,0,0
2026-04-29 15:00:00,1.17008,1.17081,1.17001,1.17039,982,0,0
2026-04-29 15:15:00,1.1703999999999999,1.17077,1.17005,1.17044,1077,0,0
2026-04-29 15:30:00,1.17045,1.17046,1.16959,1.16996,1169,0,0
2026-04-29 15:45:00,1.16996,1.1701,1.16932,1.16989,1390,0,0
2026-04-29 16:00:00,1.16989,1.17032,1.16975,1.16989,1229,0,0
2026-04-29 16:15:00,1.16989,1.16989,1.16889,1.1690800000000001,1579,0,0
2026-04-29 16:30:00,1.1690800000000001,1.16919,1.1682299999999999,1.16869,1783,0,0
2026-04-29 16:45:00,1.16869,1.16897,1.16842,1.16888,1955,0,0
2026-04-29 17:00:00,1.16888,1.16891,1.16832,1.16875,1623,0,0
2026-04-29 17:15:00,1.16875,1.16928,1.16872,1.16906,1247,0,0
2026-04-29 17:30:00,1.16906,1.16955,1.16891,1.16903,1082,1,0
2026-04-29 17:45:00,1.16903,1.1703000000000001,1.16872,1.17009,1646,0,0
2026-04-29 18:00:00,1.1700599999999999,1.17015,1.16936,1.16947,1526,0,0
2026-04-29 18:15:00,1.16947,1.16972,1.16896,1.16922,1479,0,0
2026-04-29 18:30:00,1.16922,1.17001,1.16917,1.16988,1480,0,0
2026-04-29 18:45:00,1.16987,1.1703999999999999,1.1687400000000001,1.16947,2249,0,0
2026-04-29 19:00:00,1.16947,1.16987,1.16903,1.16917,1191,0,0
2026-04-29 19:15:00,1.1691799999999999,1.1695,1.16883,1.16924,952,0,0
2026-04-29 19:30:00,1.16924,1.16929,1.16862,1.16866,1379,0,0
2026-04-29 19:45:00,1.16867,1.16877,1.16827,1.16846,919,1,0
2026-04-29 20:00:00,1.16846,1.16848,1.16795,1.1681,838,0,0
2026-04-29 20:15:00,1.1681,1.16854,1.16794,1.16822,982,0,0
2026-04-29 20:30:00,1.16821,1.16845,1.16797,1.16833,1161,0,0
2026-04-29 20:45:00,1.16834,1.16889,1.16827,1.16868,936,0,0
2026-04-29 21:00:00,1.16868,1.16905,1.16704,1.16749,2423,0,0
2026-04-29 21:15:00,1.16749,1.16834,1.16737,1.16757,1559,0,0
2026-04-29 21:30:00,1.16755,1.16843,1.16631,1.16638,2470,0,0
2026-04-29 21:45:00,1.16639,1.1673499999999999,1.166,1.16721,2198,0,0
2026-04-29 22:00:00,1.16721,1.16767,1.16663,1.16764,1476,0,0
2026-04-29 22:15:00,1.16765,1.16804,1.1673,1.16745,1159,1,0
2026-04-29 22:30:00,1.16745,1.16749,1.1667399999999999,1.16712,860,0,0
2026-04-29 22:45:00,1.16712,1.16769,1.16697,1.1676199999999999,996,0,0
2026-04-29 23:00:00,1.1676199999999999,1.16774,1.16709,1.16723,964,0,0
2026-04-29 23:15:00,1.16723,1.16747,1.16706,1.1674,483,3,0
2026-04-29 23:30:00,1.16741,1.16755,1.16722,1.16745,495,3,0
2026-04-29 23:45:00,1.16745,1.16749,1.16714,1.16743,438,2,0
2026-04-30 00:00:00,1.16775,1.1678,1.16598,1.16738,114,0,0
2026-04-30 00:15:00,1.1673,1.16754,1.16696,1.1675,122,17,0
2026-04-30 00:30:00,1.1675,1.16788,1.16696,1.16758,1157,0,0
2026-04-30 00:45:00,1.16758,1.16785,1.16719,1.16727,1072,3,0
2026-04-30 01:00:00,1.16727,1.16759,1.1671,1.16723,383,3,0
2026-04-30 01:15:00,1.16723,1.16777,1.16722,1.16774,334,2,0
2026-04-30 01:30:00,1.16774,1.16785,1.16763,1.16774,280,3,0
2026-04-30 01:45:00,1.16774,1.16784,1.16764,1.16776,249,2,0
2026-04-30 02:00:00,1.16776,1.16784,1.16755,1.16772,232,3,0
2026-04-30 02:15:00,1.16772,1.16793,1.16772,1.16793,180,2,0
2026-04-30 02:30:00,1.16793,1.16858,1.16783,1.1685699999999999,369,3,0
2026-04-30 02:45:00,1.1685699999999999,1.16863,1.16826,1.16845,292,3,0
2026-04-30 03:00:00,1.16845,1.16892,1.16837,1.16872,1001,1,0
2026-04-30 03:15:00,1.16872,1.1688399999999999,1.1684700000000001,1.16855,736,1,0
2026-04-30 03:30:00,1.16855,1.16872,1.16814,1.16822,697,2,0
2026-04-30 03:45:00,1.16822,1.16839,1.16791,1.16791,708,1,0
2026-04-30 04:00:00,1.16792,1.16802,1.16768,1.16797,664,0,0
2026-04-30 04:15:00,1.16797,1.16817,1.1678600000000001,1.16789,550,0,0
2026-04-30 04:30:00,1.16789,1.16815,1.1674,1.1675200000000001,896,0,0
2026-04-30 04:45:00,1.1675200000000001,1.16788,1.16728,1.16738,798,2,0
2026-04-30 05:00:00,1.16738,1.16758,1.16714,1.16757,702,2,0
2026-04-30 05:15:00,1.16757,1.16766,1.16698,1.16711,543,0,0
2026-04-30 05:30:00,1.16711,1.16711,1.16632,1.16647,1260,0,0
2026-04-30 05:45:00,1.16647,1.16669,1.16618,1.16668,636,1,0
2026-04-30 06:00:00,1.16668,1.1671,1.16655,1.1667,673,0,0
2026-04-30 06:15:00,1.1667,1.1670099999999999,1.16657,1.16694,597,2,0
2026-04-30 06:30:00,1.16694,1.16699,1.16659,1.16668,450,1,0
2026-04-30 06:45:00,1.16668,1.16669,1.16644,1.16658,370,2,0
2026-04-30 07:00:00,1.16658,1.1666,1.16623,1.16643,660,0,0
2026-04-30 07:15:00,1.16643,1.16645,1.16567,1.16588,657,0,0
2026-04-30 07:30:00,1.16586,1.16594,1.16543,1.16585,788,0,0
2026-04-30 07:45:00,1.16584,1.16609,1.16575,1.166,701,1,0
2026-04-30 08:00:00,1.166,1.16646,1.16597,1.16632,818,0,0
2026-04-30 08:15:00,1.16633,1.16643,1.16599,1.16609,560,0,0
2026-04-30 08:30:00,1.16609,1.16643,1.16592,1.16614,657,0,0
2026-04-30 08:45:00,1.16614,1.16621,1.1657899999999999,1.16593,695,1,0
2026-04-30 09:00:00,1.16592,1.16652,1.16577,1.16606,879,1,0
2026-04-30 09:15:00,1.16605,1.16659,1.1659,1.16654,932,1,0
2026-04-30 09:30:00,1.16654,1.16703,1.16644,1.16676,1397,1,0
2026-04-30 09:45:00,1.16676,1.16705,1.16661,1.16703,1013,0,0
2026-04-30 10:00:00,1.16703,1.16808,1.167,1.16805,1291,0,0
2026-04-30 10:15:00,1.16805,1.1681300000000001,1.16759,1.16811,935,0,0
2026-04-30 10:30:00,1.16811,1.1681300000000001,1.16749,1.16787,927,1,0
2026-04-30 10:45:00,1.16787,1.16837,1.16749,1.1679599999999999,1193,0,0
2026-04-30 11:00:00,1.16795,1.16974,1.1678600000000001,1.16902,2139,0,0
2026-04-30 11:15:00,1.16901,1.16912,1.16837,1.16871,1455,0,0
2026-04-30 11:30:00,1.16872,1.16907,1.16822,1.16861,1422,0,0
2026-04-30 11:45:00,1.16861,1.16863,1.16742,1.16794,1467,0,0
2026-04-30 12:00:00,1.1679599999999999,1.16814,1.16732,1.16803,1465,0,0
2026-04-30 12:15:00,1.16804,1.16865,1.16771,1.16862,1336,0,0
2026-04-30 12:30:00,1.16866,1.16954,1.1685,1.16903,1912,0,0
2026-04-30 12:45:00,1.1690800000000001,1.16973,1.16904,1.16943,1146,0,0
2026-04-30 13:00:00,1.16943,1.16959,1.16881,1.16894,1294,0,0
2026-04-30 13:15:00,1.16894,1.17072,1.16892,1.17063,1686,0,0
2026-04-30 13:30:00,1.17065,1.17116,1.17021,1.17085,3635,0,0
2026-04-30 13:45:00,1.17084,1.17151,1.1701,1.17147,2843,0,0
2026-04-30 14:00:00,1.17147,1.17195,1.17028,1.17081,2767,0,0
2026-04-30 14:15:00,1.17082,1.1719,1.17068,1.17167,2616,0,0
2026-04-30 14:30:00,1.17167,1.17194,1.17087,1.17161,2613,0,0
2026-04-30 14:45:00,1.17161,1.17191,1.17033,1.17048,2117,0,0
2026-04-30 15:00:00,1.17048,1.17055,1.16974,1.17045,1870,0,0
2026-04-30 15:15:00,1.17045,1.17048,1.16895,1.17003,2424,0,0
2026-04-30 15:30:00,1.17003,1.17027,1.16886,1.169,2223,0,0
2026-04-30 15:45:00,1.169,1.16997,1.16888,1.16926,2151,0,0
2026-04-30 16:00:00,1.16926,1.17008,1.16852,1.16931,2765,0,0
2026-04-30 16:15:00,1.16931,1.16938,1.16817,1.16916,1939,0,0
2026-04-30 16:30:00,1.16916,1.1694499999999999,1.16832,1.16912,1986,0,0
2026-04-30 16:45:00,1.16912,1.16967,1.16885,1.169,2050,0,0
2026-04-30 17:00:00,1.16901,1.17,1.16862,1.16978,2940,0,0
2026-04-30 17:15:00,1.16975,1.17149,1.16974,1.17133,2569,0,0
2026-04-30 17:30:00,1.17133,1.17147,1.17045,1.1714,2478,0,0
2026-04-30 17:45:00,1.1714,1.17332,1.1712799999999999,1.17276,2881,0,0
2026-04-30 18:00:00,1.17277,1.17357,1.17222,1.17346,3404,0,0
2026-04-30 18:15:00,1.17344,1.17352,1.1724999999999999,1.17267,2357,0,0
2026-04-30 18:30:00,1.17267,1.17336,1.17246,1.17313,1708,0,0
2026-04-30 18:45:00,1.17312,1.17312,1.17221,1.17275,1492,0,0
2026-04-30 19:00:00,1.17276,1.17355,1.17259,1.17316,1485,0,0
2026-04-30 19:15:00,1.17316,1.17324,1.17237,1.17257,1169,0,0
2026-04-30 19:30:00,1.17257,1.1727,1.17228,1.17257,795,0,0
2026-04-30 19:45:00,1.17257,1.17285,1.17224,1.17254,884,0,0
2026-04-30 20:00:00,1.17254,1.1731,1.17233,1.17241,1375,0,0
2026-04-30 20:15:00,1.17241,1.17289,1.17217,1.17266,1046,0,0
2026-04-30 20:30:00,1.17276,1.17323,1.1726,1.17283,1195,0,0
2026-04-30 20:45:00,1.17283,1.17293,1.17241,1.17249,689,1,0
2026-04-30 21:00:00,1.17249,1.17298,1.17249,1.17261,826,0,0
2026-04-30 21:15:00,1.17261,1.17326,1.1724999999999999,1.17293,841,0,0
2026-04-30 21:30:00,1.17296,1.1737,1.17294,1.17359,947,0,0
2026-04-30 21:45:00,1.17359,1.174,1.1735,1.17363,772,0,0
2026-04-30 22:00:00,1.17361,1.17416,1.17356,1.17393,1161,0,0
2026-04-30 22:15:00,1.17393,1.1740599999999999,1.17315,1.17343,711,0,0
2026-04-30 22:30:00,1.17343,1.17389,1.17329,1.17367,812,0,0
2026-04-30 22:45:00,1.17367,1.17386,1.1733500000000001,1.1733500000000001,852,0,0
2026-04-30 23:00:00,1.17334,1.17362,1.17291,1.17318,982,0,0
2026-04-30 23:15:00,1.17318,1.17356,1.17314,1.17333,391,1,0
2026-04-30 23:30:00,1.17334,1.17362,1.17305,1.17306,368,3,0
2026-04-30 23:45:00,1.17306,1.17328,1.17301,1.17306,596,2,0
2026-05-01 00:00:00,1.17316,1.17323,1.17264,1.17315,181,1,0
2026-05-01 00:15:00,1.17317,1.17341,1.17289,1.17301,143,9,0
2026-05-01 00:30:00,1.173,1.17306,1.17292,1.17299,133,12,0
2026-05-01 00:45:00,1.17299,1.17351,1.17296,1.17322,318,3,0
2026-05-01 01:00:00,1.17322,1.17359,1.17301,1.1731,221,2,0
2026-05-01 01:15:00,1.17309,1.1732,1.17301,1.1731,223,3,0
2026-05-01 01:30:00,1.1731,1.17317,1.1728399999999999,1.17304,286,3,0
2026-05-01 01:45:00,1.17303,1.17314,1.17291,1.17312,382,3,0
2026-05-01 02:00:00,1.17312,1.17329,1.17312,1.17314,282,3,0
2026-05-01 02:15:00,1.17314,1.17326,1.17309,1.17317,190,2,0
2026-05-01 02:30:00,1.17318,1.17326,1.17295,1.17296,247,3,0
2026-05-01 02:45:00,1.17296,1.1730800000000001,1.17279,1.17286,546,3,0
2026-05-01 03:00:00,1.17287,1.17297,1.17237,1.17255,1022,0,0
2026-05-01 03:15:00,1.17255,1.17275,1.1723,1.17272,676,1,0
2026-05-01 03:30:00,1.17273,1.17292,1.17255,1.1729,749,1,0
2026-05-01 03:45:00,1.1729,1.17296,1.17263,1.17276,871,1,0
2026-05-01 04:00:00,1.17276,1.1728,1.17243,1.17278,489,1,0
2026-05-01 04:15:00,1.17278,1.17302,1.17255,1.17289,422,0,0
2026-05-01 04:30:00,1.17289,1.17328,1.17289,1.17307,534,0,0
2026-05-01 04:45:00,1.17307,1.17319,1.17295,1.17302,628,1,0
2026-05-01 05:00:00,1.17303,1.1734,1.17297,1.17324,417,1,0
2026-05-01 05:15:00,1.17324,1.1734,1.17309,1.17327,418,2,0
2026-05-01 05:30:00,1.17327,1.17338,1.17307,1.1732,492,0,0
2026-05-01 05:45:00,1.1732,1.17339,1.17289,1.1733500000000001,397,1,0
2026-05-01 06:00:00,1.1733500000000001,1.1734499999999999,1.17318,1.17344,467,2,0
2026-05-01 06:15:00,1.17344,1.17363,1.17328,1.17353,367,1,0
2026-05-01 06:30:00,1.17353,1.17363,1.17312,1.17324,560,1,0
2026-05-01 06:45:00,1.17324,1.17334,1.17302,1.17311,486,2,0
2026-05-01 07:00:00,1.17311,1.17323,1.17276,1.1729,583,0,0
2026-05-01 07:15:00,1.17289,1.17293,1.17255,1.17264,622,0,0
2026-05-01 07:30:00,1.17264,1.17275,1.17257,1.1727,351,1,0
2026-05-01 07:45:00,1.1727,1.17275,1.1724999999999999,1.17266,353,2,0
2026-05-01 08:00:00,1.17266,1.17271,1.17245,1.17253,542,2,0
2026-05-01 08:15:00,1.17253,1.17255,1.17232,1.17244,378,1,0
2026-05-01 08:30:00,1.17243,1.17262,1.17236,1.17252,396,0,0
2026-05-01 08:45:00,1.17252,1.17253,1.17208,1.17224,470,2,0
2026-05-01 09:00:00,1.17224,1.17242,1.17211,1.1722,551,1,0
2026-05-01 09:15:00,1.1722,1.17227,1.1718899999999999,1.17207,679,0,0
2026-05-01 09:30:00,1.17207,1.17215,1.17179,1.17214,658,1,0
2026-05-01 09:45:00,1.17214,1.17449,1.17209,1.17354,3372,0,0
2026-05-01 10:00:00,1.17354,1.17386,1.17317,1.17341,2107,0,0
2026-05-01 10:15:00,1.1734,1.17399,1.1731,1.17395,1661,0,0
2026-05-01 10:30:00,1.17395,1.17398,1.17317,1.17368,1327,0,0
2026-05-01 10:45:00,1.17367,1.17419,1.173,1.17344,1595,0,0
2026-05-01 11:00:00,1.17344,1.17386,1.17313,1.17324,1537,0,0
2026-05-01 11:15:00,1.17324,1.1748,1.17312,1.17443,1348,0,0
2026-05-01 11:30:00,1.17443,1.17473,1.17412,1.17446,1172,0,0
2026-05-01 11:45:00,1.17446,1.17458,1.1740599999999999,1.17434,1080,0,0
2026-05-01 12:00:00,1.17435,1.17438,1.17359,1.17379,937,0,0
2026-05-01 12:15:00,1.17379,1.1739,1.17322,1.17338,1091,0,0
2026-05-01 12:30:00,1.17333,1.17385,1.17329,1.1736900000000001,1161,0,0
2026-05-01 12:45:00,1.1736900000000001,1.17373,1.17303,1.17313,1027,0,0
2026-05-01 13:00:00,1.17313,1.17422,1.1730800000000001,1.17417,997,0,0
2026-05-01 13:15:00,1.17417,1.17442,1.17404,1.1742,685,0,0
2026-05-01 13:30:00,1.1742,1.17437,1.17385,1.17404,646,0,0
2026-05-01 13:45:00,1.17403,1.1745700000000001,1.17402,1.17446,689,0,0
2026-05-01 14:00:00,1.17446,1.17509,1.17434,1.17508,901,0,0
2026-05-01 14:15:00,1.17508,1.17582,1.1749100000000001,1.17554,1131,0,0
2026-05-01 14:30:00,1.17554,1.17569,1.17475,1.17477,906,0,0
2026-05-01 14:45:00,1.17477,1.17515,1.1745,1.17513,842,0,0
2026-05-01 15:00:00,1.17513,1.17614,1.17473,1.17585,1597,0,0
2026-05-01 15:15:00,1.17585,1.17689,1.17573,1.17654,2077,0,0
2026-05-01 15:30:00,1.17654,1.17668,1.17587,1.17595,1169,0,0
2026-05-01 15:45:00,1.17595,1.17618,1.17561,1.17574,950,0,0
2026-05-01 16:00:00,1.17574,1.17622,1.17563,1.17592,1235,0,0
2026-05-01 16:15:00,1.17592,1.17611,1.17527,1.17549,1155,0,0
2026-05-01 16:30:00,1.17549,1.17582,1.17519,1.17533,1624,0,0
2026-05-01 16:45:00,1.17532,1.17637,1.17434,1.1762,3169,0,0
2026-05-01 17:00:00,1.1762,1.17832,1.17602,1.17785,2847,0,0
2026-05-01 17:15:00,1.17785,1.17852,1.17752,1.1779,2248,0,0
2026-05-01 17:30:00,1.1779,1.17803,1.17673,1.17703,1961,0,0
2026-05-01 17:45:00,1.17703,1.17734,1.17638,1.17673,1674,0,0
2026-05-01 18:00:00,1.17673,1.17703,1.17635,1.17697,1895,0,0
2026-05-01 18:15:00,1.17697,1.17707,1.17622,1.1764000000000001,1371,0,0
2026-05-01 18:30:00,1.1764000000000001,1.17681,1.17602,1.17639,1375,0,0
2026-05-01 18:45:00,1.17639,1.17685,1.17532,1.17549,2019,0,0
2026-05-01 19:00:00,1.17546,1.17571,1.17505,1.1753,1272,0,0
2026-05-01 19:15:00,1.1753,1.17563,1.17465,1.17479,1497,0,0
2026-05-01 19:30:00,1.17479,1.17488,1.17413,1.17451,1167,0,0
2026-05-01 19:45:00,1.17451,1.17453,1.17372,1.17381,1072,0,0
2026-05-01 20:00:00,1.17381,1.17404,1.17347,1.1737,913,0,0
2026-05-01 20:15:00,1.1737,1.17393,1.17344,1.17364,714,0,0
2026-05-01 20:30:00,1.17364,1.17378,1.17291,1.17306,893,0,0
2026-05-01 20:45:00,1.17306,1.17372,1.17292,1.1733,981,0,0
2026-05-01 21:00:00,1.1733,1.17339,1.17235,1.17255,1124,0,0
2026-05-01 21:15:00,1.17256,1.17278,1.17196,1.17238,962,0,0
2026-05-01 21:30:00,1.17239,1.17265,1.17193,1.17262,1107,0,0
2026-05-01 21:45:00,1.17262,1.17292,1.17241,1.17273,936,0,0
2026-05-01 22:00:00,1.17273,1.17283,1.17229,1.17245,740,0,0
2026-05-01 22:15:00,1.17245,1.17252,1.17226,1.17228,539,0,0
2026-05-01 22:30:00,1.17228,1.17234,1.17188,1.17205,590,1,0
2026-05-01 22:45:00,1.17204,1.1721,1.17166,1.17195,563,0,0
2026-05-01 23:00:00,1.17194,1.1722299999999999,1.17192,1.17202,383,2,0
2026-05-01 23:15:00,1.17202,1.17205,1.17159,1.17166,341,2,0
2026-05-01 23:30:00,1.17167,1.17192,1.17154,1.17191,289,3,0
2026-05-01 23:45:00,1.17191,1.17209,1.1715200000000001,1.17179,739,3,0
2026-05-04 00:00:00,1.17439,1.17481,1.17384,1.17481,195,5,0
2026-05-04 00:15:00,1.17481,1.1749,1.17424,1.17468,309,0,0
2026-05-04 00:30:00,1.17468,1.17484,1.17458,1.17466,152,0,0
2026-05-04 00:45:00,1.17464,1.17464,1.17383,1.17411,481,0,0
2026-05-04 01:00:00,1.17411,1.17419,1.17325,1.17339,838,0,0
2026-05-04 01:15:00,1.17339,1.17339,1.17266,1.1732,577,0,0
2026-05-04 01:30:00,1.1732,1.17361,1.17315,1.17352,407,2,0
2026-05-04 01:45:00,1.17352,1.17359,1.17292,1.17331,270,0,0
2026-05-04 02:00:00,1.17331,1.17331,1.17304,1.17322,247,0,0
2026-05-04 02:15:00,1.17322,1.17322,1.17296,1.17306,251,2,0
2026-05-04 02:30:00,1.17306,1.17321,1.1726,1.17261,306,0,0
2026-05-04 02:45:00,1.17264,1.17298,1.17248,1.17257,514,0,0
2026-05-04 03:00:00,1.17258,1.17288,1.17238,1.17254,874,0,0
2026-05-04 03:15:00,1.17254,1.17266,1.17206,1.17235,742,1,0
2026-05-04 03:30:00,1.17235,1.1726,1.17229,1.17245,567,1,0
2026-05-04 03:45:00,1.17246,1.1727400000000001,1.17234,1.1727,702,2,0
2026-05-04 04:00:00,1.1727,1.17271,1.172,1.17225,744,0,0
2026-05-04 04:15:00,1.17226,1.17291,1.17212,1.17224,833,0,0
2026-05-04 04:30:00,1.17224,1.17257,1.17209,1.17255,677,1,0
2026-05-04 04:45:00,1.17255,1.17263,1.17212,1.17238,693,2,0
2026-05-04 05:00:00,1.17251,1.17279,1.17228,1.1727,786,0,0
2026-05-04 05:15:00,1.1727,1.1727,1.17225,1.17226,458,1,0
2026-05-04 05:30:00,1.17226,1.17264,1.17224,1.17258,598,2,0
2026-05-04 05:45:00,1.17258,1.17286,1.17254,1.1727400000000001,427,2,0
2026-05-04 06:00:00,1.1727400000000001,1.17285,1.17249,1.17271,488,0,0
2026-05-04 06:15:00,1.17271,1.17273,1.1724700000000001,1.17261,306,2,0
2026-05-04 06:30:00,1.17261,1.17266,1.17238,1.1726,406,0,0
2026-05-04 06:45:00,1.17257,1.17389,1.17255,1.17374,2611,0,0
2026-05-04 07:00:00,1.17375,1.17382,1.17322,1.17328,853,0,0
2026-05-04 07:15:00,1.17328,1.1733500000000001,1.17279,1.17282,544,0,0
2026-05-04 07:30:00,1.17297,1.17302,1.17269,1.1728,434,1,0
2026-05-04 07:45:00,1.1728,1.17292,1.17269,1.17288,384,1,0
2026-05-04 08:00:00,1.17288,1.17312,1.17267,1.17282,617,0,0
2026-05-04 08:15:00,1.17282,1.17323,1.17256,1.17266,965,0,0
2026-05-04 08:30:00,1.17267,1.17291,1.17254,1.17287,538,0,0
2026-05-04 08:45:00,1.17282,1.17318,1.1728,1.17306,588,1,0
2026-05-04 09:00:00,1.17306,1.17356,1.173,1.17349,972,0,0
2026-05-04 09:15:00,1.17349,1.17371,1.17331,1.17354,835,1,0
2026-05-04 09:30:00,1.17354,1.17367,1.17266,1.17281,1245,0,0
2026-05-04 09:45:00,1.17281,1.17315,1.17206,1.17288,1256,0,0
2026-05-04 10:00:00,1.17288,1.17291,1.17231,1.17261,1299,0,0
2026-05-04 10:15:00,1.17261,1.17283,1.17201,1.17206,894,0,0
2026-05-04 10:30:00,1.17206,1.17244,1.1718,1.17181,882,0,0
2026-05-04 10:45:00,1.17181,1.17216,1.17145,1.17178,940,0,0
2026-05-04 11:00:00,1.17177,1.17177,1.17113,1.17158,1226,0,0
2026-05-04 11:15:00,1.17158,1.1718899999999999,1.1712799999999999,1.17182,1069,0,0
2026-05-04 11:30:00,1.17182,1.17218,1.17163,1.172,966,0,0
2026-05-04 11:45:00,1.172,1.17231,1.17174,1.17191,971,0,0
2026-05-04 12:00:00,1.17191,1.17237,1.17168,1.17195,1062,0,0
2026-05-04 12:15:00,1.17195,1.17207,1.1715,1.17187,1004,0,0
2026-05-04 12:30:00,1.1718600000000001,1.17212,1.17173,1.17204,751,1,0
2026-05-04 12:45:00,1.17204,1.17205,1.1716,1.1717,750,0,0
2026-05-04 13:00:00,1.1717,1.17172,1.16929,1.16959,3108,0,0
2026-05-04 13:15:00,1.16959,1.17038,1.16878,1.17027,2602,0,0
2026-05-04 13:30:00,1.17027,1.17143,1.17022,1.1710099999999999,2229,0,0
2026-05-04 13:45:00,1.1710099999999999,1.17127,1.17027,1.17041,1351,0,0
2026-05-04 14:00:00,1.17041,1.17085,1.16959,1.16959,1602,0,0
2026-05-04 14:15:00,1.16958,1.1702,1.16953,1.17007,1140,0,0
2026-05-04 14:30:00,1.17007,1.17013,1.1694499999999999,1.16995,1465,0,0
2026-05-04 14:45:00,1.16994,1.17004,1.1692,1.16931,1066,1,0
2026-05-04 15:00:00,1.16932,1.17021,1.1691,1.17018,1198,0,0
2026-05-04 15:15:00,1.17018,1.17097,1.17,1.17086,1773,0,0
2026-05-04 15:30:00,1.17086,1.17111,1.17048,1.17082,1152,0,0
2026-05-04 15:45:00,1.17082,1.17124,1.1706699999999999,1.1709100000000001,1138,0,0
2026-05-04 16:00:00,1.17092,1.17137,1.17019,1.17094,2469,0,0
2026-05-04 16:15:00,1.17094,1.17102,1.17043,1.17072,1345,0,0
2026-05-04 16:30:00,1.17072,1.17178,1.17054,1.17157,2370,0,0
2026-05-04 16:45:00,1.17157,1.17174,1.17122,1.17149,1623,0,0
2026-05-04 17:00:00,1.17148,1.17149,1.17061,1.17092,2107,0,0
2026-05-04 17:15:00,1.17092,1.17156,1.17087,1.17138,1532,0,0
2026-05-04 17:30:00,1.17138,1.17163,1.17078,1.17084,1368,1,0
2026-05-04 17:45:00,1.17086,1.17103,1.17036,1.17072,1766,0,0
2026-05-04 18:00:00,1.17072,1.17156,1.17045,1.1711,2400,0,0
2026-05-04 18:15:00,1.1711,1.17153,1.16961,1.17018,2991,0,0
2026-05-04 18:30:00,1.17018,1.17024,1.16955,1.17007,2689,0,0
2026-05-04 18:45:00,1.17007,1.1703000000000001,1.1693,1.16971,2121,0,0
2026-05-04 19:00:00,1.16971,1.1701,1.16846,1.16854,2566,0,0
2026-05-04 19:15:00,1.16854,1.16968,1.16836,1.16906,2642,0,0
2026-05-04 19:30:00,1.16906,1.16931,1.16834,1.16834,1834,0,0
2026-05-04 19:45:00,1.16833,1.16855,1.16809,1.16822,1168,0,0
2026-05-04 20:00:00,1.16822,1.16898,1.16807,1.16889,1575,0,0
2026-05-04 20:15:00,1.16889,1.16959,1.16873,1.16947,1413,0,0
2026-05-04 20:30:00,1.16947,1.16971,1.16907,1.16929,1054,0,0
2026-05-04 20:45:00,1.16929,1.16946,1.16903,1.16934,588,2,0
2026-05-04 21:00:00,1.16934,1.16968,1.16909,1.16944,1126,0,0
2026-05-04 21:15:00,1.16944,1.16944,1.1688,1.16914,1033,0,0
2026-05-04 21:30:00,1.16917,1.16928,1.16897,1.16901,1044,0,0
2026-05-04 21:45:00,1.16901,1.16977,1.16882,1.16972,1128,0,0
2026-05-04 22:00:00,1.1696900000000001,1.17005,1.16934,1.16977,1229,0,0
2026-05-04 22:15:00,1.16976,1.17022,1.16968,1.16996,1008,0,0
2026-05-04 22:30:00,1.16996,1.17007,1.1696900000000001,1.16988,673,0,0
2026-05-04 22:45:00,1.16988,1.16988,1.1693500000000001,1.16949,821,1,0
2026-05-04 23:00:00,1.16948,1.16948,1.16909,1.16909,401,3,0
2026-05-04 23:15:00,1.16909,1.1691,1.16861,1.16895,344,3,0
2026-05-04 23:30:00,1.16895,1.16919,1.16888,1.16914,263,3,0
2026-05-04 23:45:00,1.16914,1.16924,1.16905,1.16907,307,2,0
2026-05-05 00:00:00,1.16915,1.16975,1.1684700000000001,1.16883,143,4,0
2026-05-05 00:15:00,1.16883,1.16917,1.1687400000000001,1.16916,133,15,0
2026-05-05 00:30:00,1.16916,1.16919,1.1689,1.1691799999999999,98,8,0
2026-05-05 00:45:00,1.1691799999999999,1.16919,1.1688,1.169,76,5,0
2026-05-05 01:00:00,1.169,1.16924,1.16879,1.16894,337,2,0
2026-05-05 01:15:00,1.16894,1.16909,1.16881,1.1690800000000001,158,3,0
2026-05-05 01:30:00,1.1690800000000001,1.16915,1.16901,1.16911,224,3,0
2026-05-05 01:45:00,1.16911,1.16911,1.16891,1.169,178,3,0
2026-05-05 02:00:00,1.169,1.16911,1.1689,1.16909,195,3,0
2026-05-05 02:15:00,1.1691,1.16922,1.169,1.16916,147,1,0
2026-05-05 02:30:00,1.16915,1.16927,1.16905,1.16916,161,3,0
2026-05-05 02:45:00,1.16915,1.16921,1.16904,1.16916,177,3,0
2026-05-05 03:00:00,1.16917,1.16939,1.16903,1.1693,558,1,0
2026-05-05 03:15:00,1.16929,1.16929,1.16859,1.16871,481,2,0
2026-05-05 03:30:00,1.16871,1.16871,1.16838,1.16853,330,2,0
2026-05-05 03:45:00,1.16853,1.16889,1.16853,1.16863,337,1,0
2026-05-05 04:00:00,1.16864,1.16865,1.16838,1.16842,409,2,0
2026-05-05 04:15:00,1.16842,1.16852,1.16788,1.16816,488,0,0
2026-05-05 04:30:00,1.16817,1.16878,1.16811,1.16849,682,0,0
2026-05-05 04:45:00,1.16849,1.16883,1.16839,1.16867,476,1,0
2026-05-05 05:00:00,1.16867,1.1688399999999999,1.16851,1.16866,354,1,0
2026-05-05 05:15:00,1.16866,1.16906,1.16862,1.16897,384,2,0
2026-05-05 05:30:00,1.16897,1.16913,1.16887,1.1691,381,2,0
2026-05-05 05:45:00,1.1691,1.16915,1.16862,1.1687400000000001,357,1,0
2026-05-05 06:00:00,1.16873,1.16875,1.16838,1.1687,495,2,0
2026-05-05 06:15:00,1.16869,1.1688,1.1686,1.1687,300,1,0
2026-05-05 06:30:00,1.1687,1.16871,1.16838,1.16852,239,1,0
2026-05-05 06:45:00,1.16852,1.1685699999999999,1.16826,1.16839,296,2,0
2026-05-05 07:00:00,1.16838,1.16858,1.16829,1.16851,321,2,0
2026-05-05 07:15:00,1.16851,1.16866,1.16846,1.16862,253,2,0
2026-05-05 07:30:00,1.16862,1.16873,1.16838,1.16842,581,1,0
2026-05-05 07:45:00,1.16842,1.16842,1.16765,1.16776,578,0,0
2026-05-05 08:00:00,1.16776,1.168,1.16761,1.1679,495,1,0
2026-05-05 08:15:00,1.1679,1.16818,1.16765,1.16797,510,1,0
2026-05-05 08:30:00,1.16797,1.16843,1.16788,1.16836,830,2,0
2026-05-05 08:45:00,1.16836,1.16844,1.16805,1.16831,520,1,0
2026-05-05 09:00:00,1.16831,1.16873,1.16819,1.16855,1020,0,0
2026-05-05 09:15:00,1.16855,1.16863,1.16794,1.1684700000000001,739,1,0
2026-05-05 09:30:00,1.1684700000000001,1.16895,1.1684,1.16872,869,0,0
2026-05-05 09:45:00,1.16872,1.16881,1.16843,1.16858,739,0,0
2026-05-05 10:00:00,1.16858,1.16931,1.16856,1.16896,1225,0,0
2026-05-05 10:15:00,1.16895,1.16912,1.16876,1.16876,630,1,0
2026-05-05 10:30:00,1.16876,1.16966,1.1685699999999999,1.16919,1310,0,0
2026-05-05 10:45:00,1.16919,1.16932,1.16889,1.16889,903,1,0
2026-05-05 11:00:00,1.16886,1.16933,1.16877,1.16914,976,0,0
2026-05-05 11:15:00,1.16914,1.16966,1.16912,1.16943,967,0,0
2026-05-05 11:30:00,1.16942,1.16948,1.1684,1.16872,1064,0,0
2026-05-05 11:45:00,1.16871,1.16907,1.16844,1.16887,1044,0,0
2026-05-05 12:00:00,1.16886,1.16903,1.16828,1.16861,1475,0,0
2026-05-05 12:15:00,1.16861,1.16868,1.1681,1.16864,1165,0,0
2026-05-05 12:30:00,1.16864,1.16916,1.16854,1.16912,1259,0,0
2026-05-05 12:45:00,1.16912,1.16928,1.16854,1.16903,1112,1,0
2026-05-05 13:00:00,1.16902,1.16905,1.16865,1.16894,693,1,0
2026-05-05 13:15:00,1.16893,1.16953,1.16885,1.1694,936,2,0
2026-05-05 13:30:00,1.16943,1.16976,1.1688,1.16892,1168,0,0
2026-05-05 13:45:00,1.16892,1.16897,1.16867,1.16895,623,0,0
2026-05-05 14:00:00,1.16895,1.16902,1.16832,1.16858,1153,0,0
2026-05-05 14:15:00,1.16858,1.16936,1.1682299999999999,1.16926,1195,1,0
2026-05-05 14:30:00,1.16926,1.1694499999999999,1.1688399999999999,1.16901,1096,1,0
2026-05-05 14:45:00,1.16901,1.16915,1.1687400000000001,1.1689,791,0,0
2026-05-05 15:00:00,1.16889,1.16923,1.16843,1.16906,1843,0,0
2026-05-05 15:15:00,1.1690800000000001,1.16977,1.16906,1.16963,1573,0,0
2026-05-05 15:30:00,1.16962,1.1697,1.16897,1.16907,1166,0,0
2026-05-05 15:45:00,1.16907,1.1693,1.16894,1.16923,865,0,0
2026-05-05 16:00:00,1.16923,1.17036,1.1691799999999999,1.17007,1341,0,0
2026-05-05 16:15:00,1.17007,1.17046,1.16996,1.17009,1390,0,0
2026-05-05 16:30:00,1.17009,1.17033,1.16965,1.16977,1642,0,0
2026-05-05 16:45:00,1.16981,1.17008,1.16956,1.16974,1373,0,0
2026-05-05 17:00:00,1.16975,1.17058,1.16948,1.16978,2040,0,0
2026-05-05 17:15:00,1.16978,1.17044,1.16912,1.17011,2329,0,0
2026-05-05 17:30:00,1.17021,1.17041,1.1696900000000001,1.17026,1737,0,0
2026-05-05 17:45:00,1.17026,1.17058,1.16976,1.17056,1975,0,0
2026-05-05 18:00:00,1.17056,1.17105,1.17041,1.1706,1555,0,0
2026-05-05 18:15:00,1.1706,1.17061,1.17003,1.17058,1157,0,0
2026-05-05 18:30:00,1.17057,1.17133,1.17035,1.17114,1418,0,0
2026-05-05 18:45:00,1.17114,1.17135,1.17056,1.17064,1174,2,0
2026-05-05 19:00:00,1.17064,1.17088,1.17017,1.17017,695,0,0
2026-05-05 19:15:00,1.17017,1.17021,1.16982,1.17003,967,0,0
2026-05-05 19:30:00,1.17003,1.17031,1.16972,1.17026,929,0,0
2026-05-05 19:45:00,1.17029,1.17034,1.16978,1.16993,773,0,0
2026-05-05 20:00:00,1.16993,1.17015,1.16954,1.1697,1084,1,0
2026-05-05 20:15:00,1.1697,1.16997,1.16964,1.1697899999999999,717,0,0
2026-05-05 20:30:00,1.16989,1.17041,1.16978,1.16997,983,0,0
2026-05-05 20:45:00,1.16997,1.17013,1.16974,1.16987,557,0,0
2026-05-05 21:00:00,1.16987,1.17004,1.1696900000000001,1.16986,732,1,0
2026-05-05 21:15:00,1.16986,1.17008,1.16974,1.16994,462,1,0
2026-05-05 21:30:00,1.16993,1.16999,1.16961,1.16988,473,2,0
2026-05-05 21:45:00,1.16988,1.17008,1.16978,1.16995,409,1,0
2026-05-05 22:00:00,1.16999,1.17011,1.16963,1.16977,601,1,0
2026-05-05 22:15:00,1.16977,1.16978,1.16947,1.16953,302,1,0
2026-05-05 22:30:00,1.16953,1.16967,1.16941,1.16955,368,2,0
2026-05-05 22:45:00,1.16956,1.1696900000000001,1.16932,1.16953,739,1,0
2026-05-05 23:00:00,1.16952,1.16967,1.16943,1.16958,516,3,0
2026-05-05 23:15:00,1.16958,1.16958,1.16933,1.1694499999999999,305,3,0
2026-05-05 23:30:00,1.1694499999999999,1.16946,1.16924,1.16924,156,3,0
2026-05-05 23:45:00,1.16924,1.16947,1.1692,1.16924,239,3,0
2026-05-06 00:00:00,1.16914,1.16937,1.16876,1.16922,108,3,0
2026-05-06 00:15:00,1.16922,1.16933,1.16921,1.16924,63,4,0
2026-05-06 00:30:00,1.16924,1.16934,1.16923,1.16925,45,7,0
2026-05-06 00:45:00,1.16925,1.16939,1.16921,1.16929,78,3,0
2026-05-06 01:00:00,1.16929,1.16951,1.16929,1.16939,214,2,0
2026-05-06 01:15:00,1.16939,1.16939,1.16916,1.16926,234,3,0
2026-05-06 01:30:00,1.16927,1.1693500000000001,1.16914,1.16934,160,3,0
2026-05-06 01:45:00,1.16934,1.17094,1.16929,1.17051,1118,0,0
2026-05-06 02:00:00,1.17051,1.17244,1.17046,1.17231,1200,0,0
2026-05-06 02:15:00,1.17232,1.17253,1.17173,1.17175,1164,0,0
2026-05-06 02:30:00,1.17175,1.17212,1.1716199999999999,1.17163,663,0,0
2026-05-06 02:45:00,1.17163,1.17176,1.17137,1.17146,524,1,0
2026-05-06 03:00:00,1.17146,1.17165,1.1712,1.1712799999999999,1338,0,0
2026-05-06 03:15:00,1.1712799999999999,1.1718,1.17103,1.17137,841,1,0
2026-05-06 03:30:00,1.17137,1.17204,1.17129,1.17192,915,0,0
2026-05-06 03:45:00,1.17192,1.17214,1.1717,1.17201,662,0,0
2026-05-06 04:00:00,1.17199,1.17215,1.17169,1.1718600000000001,943,1,0
2026-05-06 04:15:00,1.1718600000000001,1.17252,1.17181,1.1722299999999999,734,1,0
2026-05-06 04:30:00,1.1722299999999999,1.17232,1.17182,1.17231,748,2,0
2026-05-06 04:45:00,1.17231,1.17259,1.17206,1.17212,774,1,0
2026-05-06 05:00:00,1.17212,1.17248,1.17208,1.17209,881,1,0
2026-05-06 05:15:00,1.17209,1.17233,1.17176,1.17183,628,1,0
2026-05-06 05:30:00,1.17183,1.17196,1.17156,1.17164,479,2,0
2026-05-06 05:45:00,1.17164,1.17183,1.17148,1.17173,486,2,0
2026-05-06 06:00:00,1.17173,1.1722,1.17165,1.17209,611,0,0
2026-05-06 06:15:00,1.17209,1.1722,1.17184,1.17202,492,2,0
2026-05-06 06:30:00,1.17201,1.1723,1.17167,1.17201,569,0,0
2026-05-06 06:45:00,1.17201,1.17205,1.17158,1.17169,476,1,0
2026-05-06 07:00:00,1.17169,1.17182,1.17153,1.17181,316,1,0
2026-05-06 07:15:00,1.17182,1.17283,1.17166,1.17282,1042,0,0
2026-05-06 07:30:00,1.17282,1.17365,1.17262,1.17332,2466,0,0
2026-05-06 07:45:00,1.17331,1.17428,1.17307,1.1736900000000001,2550,0,0
2026-05-06 08:00:00,1.1736900000000001,1.17381,1.17333,1.17334,1473,0,0
2026-05-06 08:15:00,1.17334,1.17341,1.17299,1.17331,872,1,0
2026-05-06 08:30:00,1.17331,1.17333,1.17302,1.17319,607,0,0
2026-05-06 08:45:00,1.17319,1.17333,1.17303,1.17328,541,0,0
2026-05-06 09:00:00,1.1733,1.17351,1.17301,1.17325,1082,0,0
2026-05-06 09:15:00,1.17325,1.1735,1.173,1.17322,915,0,0
2026-05-06 09:30:00,1.17322,1.17339,1.1727400000000001,1.17315,913,0,0
2026-05-06 09:45:00,1.17315,1.17356,1.17307,1.17333,776,1,0
2026-05-06 10:00:00,1.17333,1.17368,1.17277,1.1728399999999999,1229,0,0
2026-05-06 10:15:00,1.1728399999999999,1.17309,1.17263,1.17297,1039,0,0
2026-05-06 10:30:00,1.17297,1.1730800000000001,1.17237,1.17279,981,0,0
2026-05-06 10:45:00,1.17279,1.17382,1.17273,1.17377,1540,0,0
2026-05-06 11:00:00,1.17377,1.17398,1.17322,1.17332,1637,0,0
2026-05-06 11:15:00,1.17334,1.17381,1.17322,1.17378,948,0,0
2026-05-06 11:30:00,1.17378,1.17496,1.17372,1.17478,1188,0,0
2026-05-06 11:45:00,1.17478,1.17705,1.17473,1.1762299999999999,3270,0,0
2026-05-06 12:00:00,1.1762299999999999,1.17644,1.17555,1.17595,1903,0,0
2026-05-06 12:15:00,1.17595,1.17697,1.1759,1.17664,1652,0,0
2026-05-06 12:30:00,1.17664,1.17737,1.17642,1.17714,1519,0,0
2026-05-06 12:45:00,1.17714,1.1777,1.17707,1.17738,1307,0,0
2026-05-06 13:00:00,1.17747,1.1777,1.1768399999999999,1.17689,1246,0,0
2026-05-06 13:15:00,1.17689,1.17703,1.17657,1.17693,1177,1,0
2026-05-06 13:30:00,1.17693,1.1784,1.17693,1.1783,1681,0,0
2026-05-06 13:45:00,1.17829,1.17966,1.1779600000000001,1.17889,2769,0,0
2026-05-06 14:00:00,1.17889,1.17917,1.17822,1.17845,2010,0,0
2026-05-06 14:15:00,1.17845,1.17897,1.1781,1.17851,1657,0,0
2026-05-06 14:30:00,1.17851,1.17866,1.1774,1.17753,2105,0,0
2026-05-06 14:45:00,1.1775,1.17766,1.17675,1.17699,1714,0,0
2026-05-06 15:00:00,1.17699,1.177,1.17523,1.17568,2152,0,0
2026-05-06 15:15:00,1.17566,1.1762299999999999,1.17517,1.17603,2417,0,0
2026-05-06 15:30:00,1.17603,1.17639,1.1755,1.17611,1789,0,0
2026-05-06 15:45:00,1.17611,1.17611,1.17524,1.17535,1837,1,0
2026-05-06 16:00:00,1.17535,1.17591,1.17459,1.17557,2651,0,0
2026-05-06 16:15:00,1.17557,1.1757900000000001,1.1749,1.17507,1392,0,0
2026-05-06 16:30:00,1.17507,1.1756199999999999,1.17471,1.17514,1943,0,0
2026-05-06 16:45:00,1.17514,1.1755,1.17492,1.17516,1625,0,0
2026-05-06 17:00:00,1.17516,1.1752,1.17444,1.1747,2041,0,0
2026-05-06 17:15:00,1.1748,1.17519,1.17452,1.1746699999999999,1849,0,0
2026-05-06 17:30:00,1.17468,1.1762,1.17463,1.1761300000000001,2010,0,0
2026-05-06 17:45:00,1.1761300000000001,1.17628,1.17547,1.1755,1947,0,0
2026-05-06 18:00:00,1.1755,1.17553,1.17481,1.1750099999999999,1396,0,0
2026-05-06 18:15:00,1.1750099999999999,1.17541,1.1749,1.1753,1211,0,0
2026-05-06 18:30:00,1.1753,1.17584,1.17511,1.17555,1147,0,0
2026-05-06 18:45:00,1.17557,1.17573,1.17513,1.17527,1030,0,0
2026-05-06 19:00:00,1.17527,1.17534,1.17484,1.17513,1174,1,0
2026-05-06 19:15:00,1.17513,1.1752799999999999,1.17495,1.17507,869,1,0
2026-05-06 19:30:00,1.17507,1.17529,1.17492,1.17503,766,0,0
2026-05-06 19:45:00,1.17503,1.17503,1.17412,1.17443,1440,0,0
2026-05-06 20:00:00,1.17443,1.17529,1.17423,1.17515,933,1,0
2026-05-06 20:15:00,1.17514,1.17555,1.17503,1.17533,588,1,0
2026-05-06 20:30:00,1.17535,1.17538,1.17448,1.17469,755,0,0
2026-05-06 20:45:00,1.17469,1.17483,1.17438,1.17481,858,0,0
2026-05-06 21:00:00,1.17481,1.17496,1.17454,1.1746,855,0,0
2026-05-06 21:15:00,1.1746,1.17484,1.17442,1.17456,682,1,0
2026-05-06 21:30:00,1.17456,1.17481,1.17446,1.1747,599,2,0
2026-05-06 21:45:00,1.1747,1.17515,1.1745700000000001,1.17493,681,0,0
2026-05-06 22:00:00,1.17493,1.17543,1.17486,1.17534,672,0,0
2026-05-06 22:15:00,1.17534,1.17555,1.17521,1.17534,529,1,0
2026-05-06 22:30:00,1.17534,1.17534,1.17479,1.17488,628,1,0
2026-05-06 22:45:00,1.17488,1.17519,1.17466,1.17476,865,0,0
2026-05-06 23:00:00,1.17475,1.1750099999999999,1.17458,1.17493,512,3,0
2026-05-06 23:15:00,1.17493,1.17504,1.17473,1.17476,279,3,0
2026-05-06 23:30:00,1.17482,1.17485,1.1745,1.17456,274,3,0
2026-05-06 23:45:00,1.17456,1.17489,1.17447,1.17479,236,3,0
2026-05-07 00:00:00,1.17459,1.17474,1.17428,1.17472,131,10,0
2026-05-07 00:15:00,1.17472,1.17489,1.17471,1.17479,162,11,0
2026-05-07 00:30:00,1.17479,1.17507,1.17477,1.17497,117,3,0
2026-05-07 00:45:00,1.17497,1.17504,1.17486,1.17496,122,3,0
2026-05-07 01:00:00,1.17496,1.17506,1.17488,1.17505,197,3,0
2026-05-07 01:15:00,1.17505,1.17511,1.17494,1.17498,183,3,0
2026-05-07 01:30:00,1.17498,1.17512,1.1749100000000001,1.1751,214,3,0
2026-05-07 01:45:00,1.1751,1.17512,1.1749,1.17504,247,3,0
2026-05-07 02:00:00,1.17504,1.17519,1.17498,1.17508,198,2,0
2026-05-07 02:15:00,1.17509,1.17512,1.17478,1.17486,183,3,0
2026-05-07 02:30:00,1.1749,1.17492,1.17476,1.17476,121,3,0
2026-05-07 02:45:00,1.1748,1.17493,1.17459,1.17478,312,2,0
2026-05-07 03:00:00,1.17478,1.1754,1.17459,1.17539,1373,0,0
2026-05-07 03:15:00,1.17539,1.1754,1.17469,1.17485,822,0,0
2026-05-07 03:30:00,1.17485,1.17506,1.1746699999999999,1.17478,703,2,0
2026-05-07 03:45:00,1.17478,1.17494,1.17466,1.17485,560,0,0
2026-05-07 04:00:00,1.17485,1.17559,1.17462,1.1754,865,0,0
2026-05-07 04:15:00,1.1754,1.17578,1.17534,1.17568,966,0,0
2026-05-07 04:30:00,1.17568,1.17627,1.17553,1.17622,775,1,0
2026-05-07 04:45:00,1.17622,1.17633,1.17581,1.1758899999999999,639,0,0
2026-05-07 05:00:00,1.17588,1.17609,1.1755200000000001,1.17564,461,0,0
2026-05-07 05:15:00,1.17564,1.17572,1.17544,1.17565,452,1,0
2026-05-07 05:30:00,1.17565,1.17577,1.17544,1.17554,486,1,0
2026-05-07 05:45:00,1.17555,1.17578,1.17548,1.17561,437,2,0
2026-05-07 06:00:00,1.17561,1.17566,1.17524,1.17532,479,1,0
2026-05-07 06:15:00,1.17532,1.17553,1.17524,1.17525,468,1,0
2026-05-07 06:30:00,1.17526,1.1753,1.17493,1.17512,522,1,0
2026-05-07 06:45:00,1.17512,1.17512,1.17478,1.17488,520,2,0
2026-05-07 07:00:00,1.17485,1.17509,1.1747,1.175,455,2,0
2026-05-07 07:15:00,1.175,1.1752799999999999,1.17496,1.17515,312,2,0
2026-05-07 07:30:00,1.17519,1.17535,1.17504,1.17515,396,1,0
2026-05-07 07:45:00,1.17515,1.17526,1.17499,1.17509,574,2,0
2026-05-07 08:00:00,1.17509,1.17533,1.17504,1.17521,524,1,0
2026-05-07 08:15:00,1.1752,1.17524,1.17488,1.17514,588,1,0
2026-05-07 08:30:00,1.17514,1.17534,1.1751,1.17524,532,1,0
2026-05-07 08:45:00,1.17524,1.17537,1.175,1.1751800000000001,570,1,0
2026-05-07 09:00:00,1.17517,1.17523,1.17487,1.175,775,1,0
2026-05-07 09:15:00,1.1750099999999999,1.17519,1.1746699999999999,1.17478,722,1,0
2026-05-07 09:30:00,1.17478,1.17564,1.17443,1.1756,1565,0,0
2026-05-07 09:45:00,1.1756,1.17568,1.17446,1.1748,1513,0,0
2026-05-07 10:00:00,1.1748,1.1767,1.17479,1.17668,2108,0,0
2026-05-07 10:15:00,1.17668,1.17686,1.17587,1.17639,1742,0,0
2026-05-07 10:30:00,1.17646,1.17677,1.1761300000000001,1.17644,1591,0,0
2026-05-07 10:45:00,1.17644,1.1767400000000001,1.17614,1.17669,1386,1,0
2026-05-07 11:00:00,1.17669,1.17676,1.17643,1.17668,1197,1,0
2026-05-07 11:15:00,1.17668,1.17715,1.17629,1.17696,1349,0,0
2026-05-07 11:30:00,1.17696,1.1773500000000001,1.17679,1.17698,1012,0,0
2026-05-07 11:45:00,1.17698,1.17741,1.17687,1.17717,933,0,0
2026-05-07 12:00:00,1.17717,1.17719,1.17656,1.1768399999999999,1123,2,0
2026-05-07 12:15:00,1.17685,1.17699,1.17655,1.17685,1011,0,0
2026-05-07 12:30:00,1.1768399999999999,1.17771,1.17671,1.17766,1125,1,0
2026-05-07 12:45:00,1.17767,1.17783,1.17687,1.17702,1283,1,0
2026-05-07 13:00:00,1.1770100000000001,1.1776,1.17678,1.17753,1087,0,0
2026-05-07 13:15:00,1.17753,1.1776,1.17724,1.17743,975,1,0
2026-05-07 13:30:00,1.17749,1.17757,1.17693,1.17717,928,0,0
2026-05-07 13:45:00,1.17717,1.17725,1.17645,1.1767,1171,0,0
2026-05-07 14:00:00,1.1767,1.17685,1.17627,1.17636,1226,0,0
2026-05-07 14:15:00,1.17635,1.17666,1.17619,1.17641,940,0,0
2026-05-07 14:30:00,1.17642,1.17679,1.17619,1.17656,1069,1,0
2026-05-07 14:45:00,1.17656,1.17702,1.17638,1.1769,898,1,0
2026-05-07 15:00:00,1.17691,1.17722,1.17678,1.1771099999999999,1122,0,0
2026-05-07 15:15:00,1.1771099999999999,1.17733,1.17669,1.1770100000000001,1326,1,0
2026-05-07 15:30:00,1.1770100000000001,1.17747,1.17681,1.17744,1232,1,0
2026-05-07 15:45:00,1.17744,1.17779,1.1772,1.17728,1427,1,0
2026-05-07 16:00:00,1.17728,1.17743,1.1769,1.17727,1617,0,0
2026-05-07 16:15:00,1.17726,1.1777,1.17717,1.17754,1122,1,0
2026-05-07 16:30:00,1.17754,1.17755,1.17688,1.17734,1599,1,0
2026-05-07 16:45:00,1.17734,1.17747,1.1766,1.1768399999999999,2068,0,0
2026-05-07 17:00:00,1.1768399999999999,1.17702,1.17631,1.17689,1601,0,0
2026-05-07 17:15:00,1.17689,1.17732,1.17649,1.17695,1623,0,0
2026-05-07 17:30:00,1.17695,1.17724,1.17668,1.1770100000000001,1394,0,0
2026-05-07 17:45:00,1.177,1.1777199999999999,1.17691,1.17757,1904,0,0
2026-05-07 18:00:00,1.17757,1.17779,1.17731,1.17731,1440,0,0
2026-05-07 18:15:00,1.17732,1.17755,1.17625,1.17646,1949,0,0
2026-05-07 18:30:00,1.17646,1.17712,1.1764000000000001,1.17683,1309,0,0
2026-05-07 18:45:00,1.17683,1.17688,1.1762299999999999,1.17636,1397,0,0
2026-05-07 19:00:00,1.17636,1.17659,1.17584,1.17597,1848,0,0
2026-05-07 19:15:00,1.17597,1.17638,1.17559,1.17632,1703,0,0
2026-05-07 19:30:00,1.17632,1.17646,1.17599,1.17604,1008,1,0
2026-05-07 19:45:00,1.17604,1.1761300000000001,1.17565,1.17603,973,1,0
2026-05-07 20:00:00,1.17603,1.17608,1.17567,1.17594,1055,0,0
2026-05-07 20:15:00,1.17594,1.17594,1.17463,1.17471,1861,0,0
2026-05-07 20:30:00,1.17471,1.17494,1.17353,1.17438,2687,0,0
2026-05-07 20:45:00,1.17438,1.17498,1.17425,1.17488,1387,0,0
2026-05-07 21:00:00,1.17487,1.17513,1.17454,1.17482,1309,0,0
2026-05-07 21:15:00,1.17482,1.17514,1.17468,1.17508,898,0,0
2026-05-07 21:30:00,1.17508,1.1752,1.17399,1.17434,1314,0,0
2026-05-07 21:45:00,1.17434,1.17508,1.17402,1.175,2070,0,0
2026-05-07 22:00:00,1.175,1.17542,1.17452,1.17489,1374,0,0
2026-05-07 22:15:00,1.17489,1.1750099999999999,1.17364,1.17412,2118,0,0
2026-05-07 22:30:00,1.17412,1.17484,1.17401,1.17453,873,0,0
2026-05-07 22:45:00,1.17453,1.17459,1.17323,1.1733500000000001,1414,0,0
2026-05-07 23:00:00,1.1733500000000001,1.17447,1.17331,1.17385,1293,0,0
2026-05-07 23:15:00,1.17385,1.17385,1.1733,1.17347,504,0,0
2026-05-07 23:30:00,1.17347,1.17356,1.17291,1.17294,824,0,0
2026-05-07 23:45:00,1.17294,1.173,1.17226,1.17228,730,0,0
2026-05-08 00:00:00,1.17245,1.17286,1.17236,1.1724700000000001,194,21,0
2026-05-08 00:15:00,1.1724700000000001,1.17297,1.1724700000000001,1.17282,218,12,0
2026-05-08 00:30:00,1.17282,1.17283,1.1723,1.17268,155,3,0
2026-05-08 00:45:00,1.17268,1.17272,1.17253,1.17268,124,3,0
2026-05-08 01:00:00,1.17267,1.17283,1.1723,1.17265,468,2,0
2026-05-08 01:15:00,1.17264,1.17315,1.17252,1.17288,586,0,0
2026-05-08 01:30:00,1.17288,1.17297,1.1724999999999999,1.17269,467,2,0
2026-05-08 01:45:00,1.17269,1.1727400000000001,1.17248,1.1724999999999999,254,3,0
2026-05-08 02:00:00,1.1724999999999999,1.1726,1.17239,1.1724700000000001,263,1,0
2026-05-08 02:15:00,1.1724700000000001,1.17275,1.1724700000000001,1.1727400000000001,135,3,0
2026-05-08 02:30:00,1.1727400000000001,1.17285,1.1726,1.1728399999999999,224,2,0
2026-05-08 02:45:00,1.17285,1.17314,1.17276,1.17304,297,2,0
2026-05-08 03:00:00,1.17305,1.17347,1.17287,1.17316,1022,1,0
2026-05-08 03:15:00,1.17316,1.17318,1.17261,1.17291,798,1,0
2026-05-08 03:30:00,1.17291,1.17312,1.17285,1.17288,511,1,0
2026-05-08 03:45:00,1.17288,1.17299,1.17269,1.17269,596,0,0
2026-05-08 04:00:00,1.17269,1.17319,1.17269,1.1730800000000001,743,1,0
2026-05-08 04:15:00,1.17309,1.17336,1.17294,1.17319,769,0,0
2026-05-08 04:30:00,1.17319,1.17331,1.1728399999999999,1.173,497,1,0
2026-05-08 04:45:00,1.173,1.17328,1.173,1.17323,517,1,0
2026-05-08 05:00:00,1.17324,1.17325,1.17294,1.173,453,1,0
2026-05-08 05:15:00,1.17304,1.1732,1.17283,1.17295,573,2,0
2026-05-08 05:30:00,1.17295,1.17302,1.17238,1.1724700000000001,827,1,0
2026-05-08 05:45:00,1.1724700000000001,1.17301,1.1724700000000001,1.17268,756,1,0
2026-05-08 06:00:00,1.1727,1.17294,1.17265,1.1729,522,2,0
2026-05-08 06:15:00,1.17289,1.17297,1.17267,1.17288,352,1,0
2026-05-08 06:30:00,1.17288,1.17333,1.17288,1.17333,558,0,0
2026-05-08 06:45:00,1.17333,1.17337,1.17278,1.17283,446,1,0
2026-05-08 07:00:00,1.17283,1.17306,1.17275,1.17283,513,0,0
2026-05-08 07:15:00,1.17283,1.17301,1.17264,1.17293,544,2,0
2026-05-08 07:30:00,1.17292,1.17332,1.17281,1.17331,495,1,0
2026-05-08 07:45:00,1.17331,1.17358,1.17322,1.17352,561,1,0
2026-05-08 08:00:00,1.17352,1.17367,1.1732,1.17338,526,1,0
2026-05-08 08:15:00,1.17332,1.17363,1.17325,1.17363,449,1,0
2026-05-08 08:30:00,1.17363,1.17386,1.17339,1.17368,739,2,0
2026-05-08 08:45:00,1.17368,1.17387,1.1734499999999999,1.17371,563,1,0
2026-05-08 09:00:00,1.17371,1.17463,1.17366,1.17399,1209,0,0
2026-05-08 09:15:00,1.17399,1.17475,1.17399,1.17474,918,1,0
2026-05-08 09:30:00,1.17474,1.17482,1.17426,1.17461,988,0,0
2026-05-08 09:45:00,1.17461,1.17478,1.17431,1.17443,1091,1,0
2026-05-08 10:00:00,1.17443,1.17479,1.17424,1.17443,1293,0,0
2026-05-08 10:15:00,1.17444,1.17461,1.17412,1.1742,1028,0,0
2026-05-08 10:30:00,1.17424,1.17465,1.17418,1.1745,845,0,0
2026-05-08 10:45:00,1.17449,1.17449,1.17413,1.17429,737,0,0
2026-05-08 11:00:00,1.17429,1.17469,1.17412,1.17447,924,0,0
2026-05-08 11:15:00,1.17447,1.1755200000000001,1.17447,1.17548,1125,0,0
2026-05-08 11:30:00,1.17548,1.17622,1.17544,1.17614,1143,1,0
2026-05-08 11:45:00,1.17614,1.17656,1.1758,1.17637,1189,0,0
2026-05-08 12:00:00,1.17638,1.17706,1.17629,1.17682,951,0,0
2026-05-08 12:15:00,1.17682,1.17734,1.17671,1.17681,1020,0,0
2026-05-08 12:30:00,1.17681,1.17705,1.17667,1.1769,725,1,0
2026-05-08 12:45:00,1.1769,1.17716,1.17656,1.1769,952,0,0
2026-05-08 13:00:00,1.1769,1.17724,1.1768,1.17705,752,1,0
2026-05-08 13:15:00,1.17705,1.17714,1.17686,1.17694,530,1,0
2026-05-08 13:30:00,1.17694,1.17722,1.17668,1.17671,1100,1,0
2026-05-08 13:45:00,1.17671,1.17685,1.17611,1.17632,1013,0,0
2026-05-08 14:00:00,1.17632,1.17658,1.17611,1.17645,907,0,0
2026-05-08 14:15:00,1.17645,1.17679,1.17631,1.17669,731,1,0
2026-05-08 14:30:00,1.17669,1.17688,1.17644,1.17651,707,0,0
2026-05-08 14:45:00,1.17649,1.1767400000000001,1.17629,1.17652,818,2,0
2026-05-08 15:00:00,1.17652,1.17654,1.17585,1.17593,1180,0,0
2026-05-08 15:15:00,1.17593,1.17671,1.17593,1.1764999999999999,1207,0,0
2026-05-08 15:30:00,1.1764999999999999,1.17787,1.17574,1.17769,2592,0,0
2026-05-08 15:45:00,1.17769,1.17782,1.17709,1.17741,1804,0,0
2026-05-08 16:00:00,1.17738,1.17749,1.17654,1.17676,2167,0,0
2026-05-08 16:15:00,1.17676,1.17788,1.17657,1.17775,1593,0,0
2026-05-08 16:30:00,1.17775,1.1787,1.17757,1.17819,2260,0,0
2026-05-08 16:45:00,1.17819,1.17845,1.17763,1.1779,1578,0,0
2026-05-08 17:00:00,1.17789,1.17797,1.17661,1.17734,1771,0,0
2026-05-08 17:15:00,1.17734,1.17761,1.17673,1.17676,1656,0,0
2026-05-08 17:30:00,1.17676,1.17758,1.17668,1.17729,1554,0,0
2026-05-08 17:45:00,1.17729,1.17765,1.17724,1.17743,1241,0,0
2026-05-08 18:00:00,1.17743,1.17784,1.1768399999999999,1.177,1465,0,0
2026-05-08 18:15:00,1.177,1.17728,1.17663,1.17724,1158,0,0
2026-05-08 18:30:00,1.17724,1.17765,1.17681,1.17734,1446,0,0
2026-05-08 18:45:00,1.17726,1.17784,1.17719,1.17728,1318,0,0
2026-05-08 19:00:00,1.17726,1.17785,1.17709,1.17748,1071,0,0
2026-05-08 19:15:00,1.17748,1.17774,1.17743,1.17765,612,1,0
2026-05-08 19:30:00,1.17765,1.17774,1.17704,1.17723,638,0,0
2026-05-08 19:45:00,1.17723,1.17742,1.17702,1.1771099999999999,606,1,0
2026-05-08 20:00:00,1.1771099999999999,1.17736,1.17697,1.17712,605,0,0
2026-05-08 20:15:00,1.17712,1.17754,1.17707,1.17741,608,1,0
2026-05-08 20:30:00,1.17741,1.17755,1.17722,1.17743,360,2,0
2026-05-08 20:45:00,1.17743,1.1776200000000001,1.17712,1.17712,587,0,0
2026-05-08 21:00:00,1.17718,1.17815,1.17702,1.17801,1289,0,0
2026-05-08 21:15:00,1.17801,1.1780599999999999,1.17763,1.17783,541,0,0
2026-05-08 21:30:00,1.17783,1.1779,1.17759,1.17784,559,2,0
2026-05-08 21:45:00,1.17784,1.17802,1.17742,1.17784,862,1,0
2026-05-08 22:00:00,1.17785,1.1782,1.1777199999999999,1.1781,717,0,0
2026-05-08 22:15:00,1.1781,1.1782,1.17799,1.17817,358,1,0
2026-05-08 22:30:00,1.17817,1.17831,1.17793,1.17822,756,2,0
2026-05-08 22:45:00,1.17822,1.17824,1.17764,1.17801,824,0,0
2026-05-08 23:00:00,1.178,1.17835,1.17776,1.17832,577,3,0
2026-05-08 23:15:00,1.17832,1.17848,1.17827,1.17837,284,3,0
2026-05-08 23:30:00,1.17837,1.17869,1.17829,1.1786,336,3,0
2026-05-08 23:45:00,1.1786,1.17877,1.17824,1.17824,540,0,0
2026-05-11 00:00:00,1.17461,1.17556,1.17393,1.17523,268,2,0
2026-05-11 00:15:00,1.17523,1.1755,1.17473,1.17549,293,7,0
2026-05-11 00:30:00,1.17549,1.17689,1.1752,1.17685,427,3,0
2026-05-11 00:45:00,1.17685,1.17686,1.17596,1.17634,275,5,0
2026-05-11 01:00:00,1.17635,1.17648,1.17577,1.17611,621,0,0
2026-05-11 01:15:00,1.17612,1.17633,1.1758,1.17632,507,3,0
2026-05-11 01:30:00,1.17632,1.17643,1.17621,1.17639,416,3,0
2026-05-11 01:45:00,1.17639,1.17644,1.17626,1.17638,245,3,0
2026-05-11 02:00:00,1.17638,1.17655,1.17632,1.17637,257,2,0
2026-05-11 02:15:00,1.17637,1.17676,1.17635,1.17669,238,1,0
2026-05-11 02:30:00,1.17668,1.17693,1.17658,1.17693,233,2,0
2026-05-11 02:45:00,1.17693,1.17699,1.17665,1.1767,582,0,0
2026-05-11 03:00:00,1.1767,1.17714,1.17655,1.17681,756,1,0
2026-05-11 03:15:00,1.17681,1.17713,1.1767,1.17705,541,2,0
2026-05-11 03:30:00,1.17706,1.17719,1.17692,1.17695,374,2,0
2026-05-11 03:45:00,1.17695,1.17704,1.1766,1.17698,741,1,0
2026-05-11 04:00:00,1.17698,1.1771099999999999,1.17646,1.17679,722,1,0
2026-05-11 04:15:00,1.17678,1.177,1.17659,1.1769,583,2,0
2026-05-11 04:30:00,1.17689,1.17695,1.17625,1.1764999999999999,727,1,0
2026-05-11 04:45:00,1.17649,1.17652,1.17607,1.17628,514,2,0
2026-05-11 05:00:00,1.17628,1.17656,1.17624,1.1763,603,0,0
2026-05-11 05:15:00,1.17636,1.17654,1.17625,1.17651,397,2,0
2026-05-11 05:30:00,1.17651,1.17662,1.17614,1.17617,358,2,0
2026-05-11 05:45:00,1.17617,1.17622,1.17588,1.17592,492,1,0
2026-05-11 06:00:00,1.17591,1.17592,1.17567,1.17588,376,1,0
2026-05-11 06:15:00,1.17588,1.17592,1.17558,1.17571,380,1,0
2026-05-11 06:30:00,1.17571,1.1759,1.17564,1.17587,239,2,0
2026-05-11 06:45:00,1.17587,1.1759,1.17551,1.17565,418,2,0
2026-05-11 07:00:00,1.17565,1.17572,1.17533,1.17541,336,0,0
2026-05-11 07:15:00,1.1754,1.17557,1.17539,1.17543,205,0,0
2026-05-11 07:30:00,1.17543,1.17547,1.17509,1.17523,265,2,0
2026-05-11 07:45:00,1.17523,1.17534,1.17498,1.17504,312,2,0
2026-05-11 08:00:00,1.17504,1.17546,1.17494,1.17539,488,0,0
2026-05-11 08:15:00,1.17539,1.17542,1.17523,1.17523,360,2,0
2026-05-11 08:30:00,1.17523,1.17532,1.17499,1.17506,411,1,0
2026-05-11 08:45:00,1.17507,1.17514,1.17475,1.175,509,0,0
2026-05-11 09:00:00,1.175,1.17581,1.175,1.17575,1122,0,0
2026-05-11 09:15:00,1.17575,1.17592,1.17545,1.1759,778,0,0
2026-05-11 09:30:00,1.1759,1.17625,1.17583,1.17618,713,0,0
2026-05-11 09:45:00,1.17618,1.17681,1.17606,1.17675,776,0,0
2026-05-11 10:00:00,1.17675,1.17689,1.17642,1.17671,1046,0,0
2026-05-11 10:15:00,1.1767,1.17746,1.17661,1.17712,1119,0,0
2026-05-11 10:30:00,1.17712,1.17721,1.1767,1.1771099999999999,889,0,0
2026-05-11 10:45:00,1.1771099999999999,1.17722,1.17682,1.1772,663,1,0
2026-05-11 11:00:00,1.1772,1.17763,1.17712,1.17757,928,1,0
2026-05-11 11:15:00,1.17757,1.17821,1.17757,1.17798,875,0,0
2026-05-11 11:30:00,1.17798,1.17812,1.17749,1.17752,823,2,0
2026-05-11 11:45:00,1.17752,1.17757,1.1770100000000001,1.17713,819,0,0
2026-05-11 12:00:00,1.17714,1.17744,1.177,1.17732,603,1,0
2026-05-11 12:15:00,1.17733,1.17737,1.17703,1.1771,742,1,0
2026-05-11 12:30:00,1.1771,1.1773,1.1769,1.17703,619,1,0
2026-05-11 12:45:00,1.17703,1.17713,1.17662,1.17673,805,1,0
2026-05-11 13:00:00,1.17672,1.17676,1.1764000000000001,1.17672,570,1,0
2026-05-11 13:15:00,1.17672,1.17686,1.17648,1.17679,590,2,0
2026-05-11 13:30:00,1.17679,1.17715,1.17666,1.17715,734,0,0
2026-05-11 13:45:00,1.17715,1.1774,1.17679,1.1769,1016,0,0
2026-05-11 14:00:00,1.1769,1.17736,1.1768399999999999,1.17725,852,1,0
2026-05-11 14:15:00,1.17732,1.17746,1.17715,1.1774,631,0,0
2026-05-11 14:30:00,1.17741,1.1774499999999999,1.17706,1.17722,712,1,0
2026-05-11 14:45:00,1.17722,1.17741,1.1763,1.17683,984,0,0
2026-05-11 15:00:00,1.17683,1.17688,1.17638,1.17668,787,0,0
2026-05-11 15:15:00,1.17668,1.1774499999999999,1.17643,1.17717,1069,0,0
2026-05-11 15:30:00,1.17716,1.17744,1.17681,1.17729,1017,0,0
2026-05-11 15:45:00,1.17729,1.17743,1.17676,1.1774,1247,0,0
2026-05-11 16:00:00,1.1774,1.17852,1.1774,1.17832,1482,0,0
2026-05-11 16:15:00,1.17832,1.17848,1.17786,1.1783299999999999,1257,0,0
2026-05-11 16:30:00,1.17834,1.17862,1.17782,1.17859,1674,0,0
2026-05-11 16:45:00,1.17859,1.17876,1.17838,1.17853,1338,1,0
2026-05-11 17:00:00,1.17853,1.1786,1.17792,1.17854,1306,0,0
2026-05-11 17:15:00,1.17854,1.17875,1.1784,1.17855,1185,0,0
2026-05-11 17:30:00,1.17855,1.17878,1.17807,1.1786699999999999,1381,0,0
2026-05-11 17:45:00,1.1786699999999999,1.17868,1.17778,1.17794,1321,0,0
2026-05-11 18:00:00,1.17794,1.17834,1.17782,1.17812,1224,0,0
2026-05-11 18:15:00,1.17812,1.17853,1.17791,1.17813,996,1,0
2026-05-11 18:30:00,1.17812,1.17827,1.17781,1.17792,1109,0,0
2026-05-11 18:45:00,1.17791,1.17816,1.17763,1.17799,1550,0,0
2026-05-11 19:00:00,1.17799,1.17803,1.17768,1.17785,882,1,0
2026-05-11 19:15:00,1.17787,1.1779600000000001,1.1775,1.17755,810,0,0
2026-05-11 19:30:00,1.17755,1.17789,1.17723,1.17754,927,1,0
2026-05-11 19:45:00,1.17754,1.17768,1.1772,1.17732,895,0,0
2026-05-11 20:00:00,1.17732,1.17749,1.17703,1.17748,813,0,0
2026-05-11 20:15:00,1.17748,1.17774,1.17739,1.1776,910,1,0
2026-05-11 20:30:00,1.1776,1.17785,1.17747,1.17769,546,0,0
2026-05-11 20:45:00,1.17769,1.17786,1.1776,1.17779,384,1,0
2026-05-11 21:00:00,1.17779,1.17801,1.1777,1.17789,606,1,0
2026-05-11 21:15:00,1.17789,1.17804,1.1777199999999999,1.17793,555,0,0
2026-05-11 21:30:00,1.17792,1.17799,1.17759,1.17759,543,1,0
2026-05-11 21:45:00,1.17759,1.17767,1.17738,1.17749,539,1,0
2026-05-11 22:00:00,1.17749,1.1777,1.17731,1.17748,835,0,0
2026-05-11 22:15:00,1.17749,1.17768,1.1773500000000001,1.17755,405,1,0
2026-05-11 22:30:00,1.17755,1.17774,1.1775,1.17764,517,1,0
2026-05-11 22:45:00,1.17764,1.17778,1.17744,1.17774,549,1,0
2026-05-11 23:00:00,1.17773,1.17791,1.17738,1.17782,444,1,0
2026-05-11 23:15:00,1.17783,1.17809,1.17771,1.17803,442,2,0
2026-05-11 23:30:00,1.17804,1.17829,1.17804,1.17812,284,3,0
2026-05-11 23:45:00,1.17812,1.17823,1.178,1.17816,269,3,0
2026-05-12 00:00:00,1.1778,1.17838,1.1771,1.17829,128,3,0
2026-05-12 00:15:00,1.17829,1.1784,1.1779,1.17824,197,3,0
2026-05-12 00:30:00,1.17828,1.17828,1.17812,1.17818,123,6,0
2026-05-12 00:45:00,1.17819,1.17845,1.17808,1.17845,241,3,0
2026-05-12 01:00:00,1.17845,1.17874,1.17842,1.17868,235,0,0
2026-05-12 01:15:00,1.17868,1.17875,1.1785700000000001,1.17868,207,3,0
2026-05-12 01:30:00,1.17868,1.17872,1.17851,1.17864,167,3,0
2026-05-12 01:45:00,1.17864,1.17865,1.17842,1.17851,216,3,0
2026-05-12 02:00:00,1.17851,1.17852,1.17831,1.17841,179,2,0
2026-05-12 02:15:00,1.17841,1.17842,1.17805,1.1780599999999999,178,2,0
2026-05-12 02:30:00,1.1780599999999999,1.17812,1.1777199999999999,1.17787,217,0,0
2026-05-12 02:45:00,1.17787,1.17803,1.17763,1.17783,268,1,0
2026-05-12 03:00:00,1.17784,1.17784,1.17736,1.17759,500,0,0
2026-05-12 03:15:00,1.17759,1.17771,1.17727,1.17748,468,1,0
2026-05-12 03:30:00,1.17748,1.1775,1.17714,1.17718,419,1,0
2026-05-12 03:45:00,1.1772,1.17734,1.17652,1.17669,680,0,0
2026-05-12 04:00:00,1.1767,1.17689,1.17631,1.17648,723,0,0
2026-05-12 04:15:00,1.17648,1.17657,1.1761300000000001,1.1762,705,0,0
2026-05-12 04:30:00,1.1762,1.17663,1.17572,1.1761,1226,0,0
2026-05-12 04:45:00,1.17609,1.17636,1.17593,1.17614,855,1,0
2026-05-12 05:00:00,1.17614,1.17633,1.17605,1.17614,515,1,0
2026-05-12 05:15:00,1.17614,1.17621,1.1758899999999999,1.1761,532,1,0
2026-05-12 05:30:00,1.17609,1.17614,1.17591,1.17604,265,1,0
2026-05-12 05:45:00,1.17603,1.17645,1.17601,1.17624,510,2,0
2026-05-12 06:00:00,1.17624,1.1763,1.17575,1.1758899999999999,447,2,0
2026-05-12 06:15:00,1.1758899999999999,1.17592,1.1756,1.17568,344,2,0
2026-05-12 06:30:00,1.17568,1.17581,1.17555,1.1757900000000001,338,1,0
2026-05-12 06:45:00,1.1757900000000001,1.17582,1.17537,1.17555,399,0,0
2026-05-12 07:00:00,1.17555,1.17578,1.1755200000000001,1.17555,414,0,0
2026-05-12 07:15:00,1.17555,1.17575,1.1755,1.17558,234,0,0
2026-05-12 07:30:00,1.17558,1.17595,1.17548,1.17594,465,1,0
2026-05-12 07:45:00,1.17595,1.17597,1.17563,1.1757,450,0,0
2026-05-12 08:00:00,1.17571,1.17584,1.1751800000000001,1.17536,658,0,0
2026-05-12 08:15:00,1.17536,1.1756,1.17516,1.17548,603,1,0
2026-05-12 08:30:00,1.17549,1.1756,1.1752799999999999,1.17556,550,0,0
2026-05-12 08:45:00,1.17555,1.1768,1.17555,1.1762299999999999,915,0,0
2026-05-12 09:00:00,1.17624,1.17658,1.17563,1.17574,1158,0,0
2026-05-12 09:15:00,1.17574,1.17584,1.17514,1.17549,935,0,0
2026-05-12 09:30:00,1.17549,1.17588,1.17533,1.17545,1104,0,0
2026-05-12 09:45:00,1.17546,1.1755200000000001,1.17488,1.17503,904,0,0
2026-05-12 10:00:00,1.17502,1.17505,1.17441,1.1747,1309,0,0
2026-05-12 10:15:00,1.1747,1.17533,1.17463,1.17496,1361,0,0
2026-05-12 10:30:00,1.17496,1.17504,1.17463,1.17464,1033,0,0
2026-05-12 10:45:00,1.17464,1.17478,1.17429,1.17478,1151,0,0
2026-05-12 11:00:00,1.17478,1.17485,1.17411,1.17438,914,0,0
2026-05-12 11:15:00,1.17438,1.17504,1.17427,1.17469,937,0,0
2026-05-12 11:30:00,1.17471,1.17476,1.17386,1.1742,1097,0,0
2026-05-12 11:45:00,1.1742,1.17481,1.17419,1.17446,1388,0,0
2026-05-12 12:00:00,1.17445,1.17479,1.17433,1.17461,824,0,0
2026-05-12 12:15:00,1.17461,1.17474,1.17429,1.17458,697,0,0
2026-05-12 12:30:00,1.17458,1.17516,1.17442,1.17449,1356,0,0
2026-05-12 12:45:00,1.17449,1.17494,1.17432,1.17475,938,0,0
2026-05-12 13:00:00,1.17474,1.17489,1.17444,1.17485,829,0,0
2026-05-12 13:15:00,1.17485,1.17485,1.17444,1.17481,699,0,0
2026-05-12 13:30:00,1.17481,1.1749,1.17442,1.17458,673,0,0
2026-05-12 13:45:00,1.17458,1.17463,1.17401,1.1740599999999999,754,0,0
2026-05-12 14:00:00,1.1740599999999999,1.17446,1.17342,1.17413,1399,0,0
2026-05-12 14:15:00,1.17414,1.1743999999999999,1.17394,1.17415,939,0,0
2026-05-12 14:30:00,1.17415,1.17475,1.17407,1.17463,896,2,0
2026-05-12 14:45:00,1.17463,1.17482,1.17416,1.17437,1053,0,0
2026-05-12 15:00:00,1.17437,1.17444,1.1737,1.17418,1327,0,0
2026-05-12 15:15:00,1.17418,1.1743999999999999,1.17382,1.17411,1164,0,0
2026-05-12 15:30:00,1.17409,1.17475,1.17358,1.17472,2145,0,0
2026-05-12 15:45:00,1.17472,1.17498,1.1743000000000001,1.17477,1481,0,0
2026-05-12 16:00:00,1.17477,1.17499,1.17402,1.17405,1481,0,0
2026-05-12 16:15:00,1.17405,1.17408,1.17328,1.1739600000000001,1534,0,0
2026-05-12 16:30:00,1.1739600000000001,1.17425,1.17355,1.17364,1873,0,0
2026-05-12 16:45:00,1.17364,1.1739,1.17261,1.17299,1510,0,0
2026-05-12 17:00:00,1.17303,1.17354,1.17269,1.17351,1700,0,0
2026-05-12 17:15:00,1.17351,1.17358,1.173,1.17332,1313,0,0
2026-05-12 17:30:00,1.17332,1.17351,1.17285,1.17328,1553,0,0
2026-05-12 17:45:00,1.17327,1.17361,1.1727,1.17359,1955,0,0
2026-05-12 18:00:00,1.17359,1.17365,1.1727400000000001,1.17278,1726,0,0
2026-05-12 18:15:00,1.17278,1.1729,1.1721,1.1724,1479,0,0
2026-05-12 18:30:00,1.17244,1.17322,1.17232,1.17313,1335,0,0
2026-05-12 18:45:00,1.17314,1.17336,1.17283,1.17325,1067,0,0
2026-05-12 19:00:00,1.17325,1.17373,1.1730800000000001,1.1737,1198,0,0
2026-05-12 19:15:00,1.1737,1.17386,1.17342,1.17359,897,1,0
2026-05-12 19:30:00,1.17359,1.17359,1.17309,1.17318,1119,0,0
2026-05-12 19:45:00,1.17318,1.17319,1.17264,1.17283,845,0,0
2026-05-12 20:00:00,1.17283,1.17328,1.17262,1.17307,1073,0,0
2026-05-12 20:15:00,1.17307,1.17331,1.17293,1.17305,663,0,0
2026-05-12 20:30:00,1.17303,1.17325,1.17298,1.17318,602,1,0
2026-05-12 20:45:00,1.17318,1.17336,1.17296,1.17332,656,0,0
2026-05-12 21:00:00,1.17332,1.17349,1.1728399999999999,1.1732,765,0,0
2026-05-12 21:15:00,1.1732,1.17371,1.1730800000000001,1.17358,676,0,0
2026-05-12 21:30:00,1.17359,1.17389,1.17354,1.17386,699,0,0
2026-05-12 21:45:00,1.17386,1.1741,1.1736,1.17404,536,1,0
2026-05-12 22:00:00,1.17404,1.17446,1.17395,1.17434,558,0,0
2026-05-12 22:15:00,1.17436,1.17443,1.17405,1.17423,597,1,0
2026-05-12 22:30:00,1.17423,1.17468,1.17419,1.17429,691,1,0
2026-05-12 22:45:00,1.17429,1.17435,1.17393,1.17401,685,0,0
2026-05-12 23:00:00,1.174,1.17407,1.17376,1.17389,357,3,0
2026-05-12 23:15:00,1.17389,1.17397,1.17377,1.17386,215,3,0
2026-05-12 23:30:00,1.17387,1.17389,1.17373,1.1738,220,3,0
2026-05-12 23:45:00,1.1738,1.17407,1.17376,1.17397,289,3,0
2026-05-13 00:00:00,1.17366,1.17368,1.1733,1.17355,107,11,0
2026-05-13 00:15:00,1.17355,1.17401,1.17348,1.1736,116,4,0
2026-05-13 00:30:00,1.1736,1.17374,1.17355,1.17374,163,3,0
2026-05-13 00:45:00,1.17374,1.17402,1.17365,1.17366,378,3,0
2026-05-13 01:00:00,1.17366,1.17399,1.17364,1.1737,217,3,0
2026-05-13 01:15:00,1.1737,1.17392,1.1737,1.17388,177,3,0
2026-05-13 01:30:00,1.17388,1.17394,1.17379,1.17387,109,3,0
2026-05-13 01:45:00,1.17387,1.17399,1.17383,1.1739,123,3,0
2026-05-13 02:00:00,1.1739,1.17411,1.17383,1.17386,172,3,0
2026-05-13 02:15:00,1.17386,1.17389,1.17371,1.17384,108,0,0
2026-05-13 02:30:00,1.17384,1.17389,1.17362,1.17367,164,3,0
2026-05-13 02:45:00,1.17367,1.17379,1.17338,1.17349,305,3,0
2026-05-13 03:00:00,1.1735,1.1738,1.17318,1.17333,679,1,0
2026-05-13 03:15:00,1.17334,1.17373,1.1733,1.17353,643,1,0
2026-05-13 03:30:00,1.17353,1.17366,1.17329,1.17358,448,0,0
2026-05-13 03:45:00,1.17358,1.17385,1.17329,1.1738,559,0,0
2026-05-13 04:00:00,1.1738,1.17388,1.17337,1.17339,616,0,0
2026-05-13 04:15:00,1.17339,1.17384,1.17306,1.17372,625,0,0
2026-05-13 04:30:00,1.17372,1.17392,1.17359,1.17378,553,0,0
2026-05-13 04:45:00,1.17378,1.17417,1.17367,1.17387,507,1,0
2026-05-13 05:00:00,1.17387,1.17417,1.17368,1.17377,388,1,0
2026-05-13 05:15:00,1.17376,1.17382,1.17359,1.17379,297,2,0
2026-05-13 05:30:00,1.17379,1.17382,1.17362,1.17367,260,1,0
2026-05-13 05:45:00,1.17367,1.17388,1.17358,1.1737,397,2,0
2026-05-13 06:00:00,1.1737,1.17376,1.17316,1.1733500000000001,491,1,0
2026-05-13 06:15:00,1.1733500000000001,1.17358,1.1733500000000001,1.17351,467,1,0
2026-05-13 06:30:00,1.17351,1.17378,1.17342,1.1736,364,1,0
2026-05-13 06:45:00,1.1736,1.17366,1.17332,1.17344,368,2,0
2026-05-13 07:00:00,1.17344,1.17351,1.17331,1.1733500000000001,342,2,0
2026-05-13 07:15:00,1.17339,1.17351,1.17325,1.17337,236,2,0
2026-05-13 07:30:00,1.17337,1.17342,1.17313,1.17334,368,2,0
2026-05-13 07:45:00,1.17334,1.17346,1.17323,1.17344,354,1,0
2026-05-13 08:00:00,1.17344,1.17364,1.17333,1.1735,400,1,0
2026-05-13 08:15:00,1.1735,1.1736900000000001,1.17334,1.17363,422,2,0
2026-05-13 08:30:00,1.17364,1.17368,1.17327,1.17333,315,0,0
2026-05-13 08:45:00,1.17333,1.17352,1.17319,1.1734,384,0,0
2026-05-13 09:00:00,1.17339,1.17342,1.17261,1.1727,728,0,0
2026-05-13 09:15:00,1.1727,1.17289,1.17243,1.17265,604,0,0
2026-05-13 09:30:00,1.17265,1.17265,1.17217,1.17248,758,0,0
2026-05-13 09:45:00,1.17248,1.1724999999999999,1.17174,1.17198,844,1,0
2026-05-13 10:00:00,1.17198,1.17232,1.17165,1.17181,1098,0,0
2026-05-13 10:15:00,1.17181,1.17196,1.17167,1.17171,765,0,0
2026-05-13 10:30:00,1.17171,1.17175,1.171,1.17121,761,0,0
2026-05-13 10:45:00,1.1712500000000001,1.17147,1.17063,1.1707,861,0,0
2026-05-13 11:00:00,1.1707,1.17096,1.17043,1.17082,913,0,0
2026-05-13 11:15:00,1.17082,1.17116,1.17072,1.17106,881,0,0
2026-05-13 11:30:00,1.17106,1.17114,1.1705,1.17058,769,0,0
2026-05-13 11:45:00,1.17058,1.17065,1.17001,1.1703000000000001,1030,0,0
2026-05-13 12:00:00,1.1703000000000001,1.17043,1.16988,1.17,1149,0,0
2026-05-13 12:15:00,1.17,1.17012,1.16948,1.16957,1109,0,0
2026-05-13 12:30:00,1.16957,1.17013,1.16951,1.16996,805,0,0
2026-05-13 12:45:00,1.16996,1.1706699999999999,1.16986,1.1706,825,0,0
2026-05-13 13:00:00,1.17061,1.17066,1.17018,1.17049,1244,0,0
2026-05-13 13:15:00,1.17049,1.1707,1.1702,1.17051,1118,1,0
2026-05-13 13:30:00,1.17051,1.17098,1.17042,1.17087,707,1,0
2026-05-13 13:45:00,1.17087,1.17144,1.17078,1.17126,917,2,0
2026-05-13 14:00:00,1.17126,1.1715200000000001,1.17106,1.17141,828,2,0
2026-05-13 14:15:00,1.17141,1.1715,1.17116,1.17134,750,1,0
2026-05-13 14:30:00,1.17134,1.17172,1.1713,1.17168,650,0,0
2026-05-13 14:45:00,1.17168,1.17171,1.17112,1.17121,773,1,0
2026-05-13 15:00:00,1.17121,1.17161,1.17116,1.17123,769,0,0
2026-05-13 15:15:00,1.17124,1.17124,1.17031,1.17036,1181,0,0
2026-05-13 15:30:00,1.17035,1.17106,1.16971,1.17051,1918,0,0
2026-05-13 15:45:00,1.17052,1.17055,1.16972,1.17017,1223,1,0
2026-05-13 16:00:00,1.17017,1.17055,1.17014,1.17037,1031,1,0
2026-05-13 16:15:00,1.17037,1.17045,1.17,1.17034,904,0,0
2026-05-13 16:30:00,1.17034,1.1709100000000001,1.17027,1.1709,1609,0,0
2026-05-13 16:45:00,1.1709,1.17122,1.17058,1.1710099999999999,1781,0,0
2026-05-13 17:00:00,1.1710099999999999,1.1712500000000001,1.17063,1.17104,1548,0,0
2026-05-13 17:15:00,1.17105,1.17112,1.17046,1.17102,995,1,0
2026-05-13 17:30:00,1.17102,1.17116,1.17053,1.17057,941,1,0
2026-05-13 17:45:00,1.17059,1.17102,1.17021,1.17076,1262,1,0
2026-05-13 18:00:00,1.17076,1.17116,1.17074,1.17086,1282,1,0
2026-05-13 18:15:00,1.17086,1.17133,1.1707,1.17109,856,2,0
2026-05-13 18:30:00,1.17109,1.1716199999999999,1.17084,1.17146,1240,1,0
2026-05-13 18:45:00,1.17146,1.17149,1.17098,1.17109,944,2,0
2026-05-13 19:00:00,1.17109,1.17131,1.17094,1.1712,694,2,0
2026-05-13 19:15:00,1.1712,1.17175,1.1709100000000001,1.17166,1116,0,0
2026-05-13 19:30:00,1.17166,1.17179,1.171,1.1711,993,0,0
2026-05-13 19:45:00,1.17111,1.17129,1.1707,1.17085,603,1,0
2026-05-13 20:00:00,1.17085,1.17106,1.17072,1.17096,554,2,0
2026-05-13 20:15:00,1.17096,1.17107,1.17085,1.17094,304,1,0
2026-05-13 20:30:00,1.17095,1.17098,1.17061,1.17071,642,2,0
2026-05-13 20:45:00,1.17071,1.17081,1.17035,1.17042,553,1,0
2026-05-13 21:00:00,1.17042,1.17076,1.17028,1.17059,525,2,0
2026-05-13 21:15:00,1.17059,1.17077,1.1705,1.17066,611,1,0
2026-05-13 21:30:00,1.17066,1.17092,1.17053,1.17086,657,2,0
2026-05-13 21:45:00,1.17086,1.17105,1.17035,1.17073,820,0,0
2026-05-13 22:00:00,1.17077,1.17103,1.1706699999999999,1.17095,525,2,0
2026-05-13 22:15:00,1.17095,1.17111,1.17081,1.17111,677,1,0
2026-05-13 22:30:00,1.1711,1.1713,1.17095,1.17102,422,2,0
2026-05-13 22:45:00,1.17102,1.17115,1.17083,1.17096,589,2,0
2026-05-13 23:00:00,1.17095,1.17121,1.1708,1.17117,531,0,0
2026-05-13 23:15:00,1.17117,1.17132,1.17108,1.17121,334,3,0
2026-05-13 23:30:00,1.17121,1.17133,1.17108,1.1713,198,3,0
2026-05-13 23:45:00,1.1713,1.1714,1.1712799999999999,1.17139,227,3,0
2026-05-14 00:00:00,1.1709,1.17156,1.17032,1.17156,261,13,0
2026-05-14 00:15:00,1.17156,1.17156,1.1712799999999999,1.17138,91,7,0
2026-05-14 00:30:00,1.17138,1.17167,1.17137,1.17155,152,3,0
2026-05-14 00:45:00,1.17155,1.17157,1.17135,1.17146,163,4,0
2026-05-14 01:00:00,1.17146,1.17175,1.17141,1.17163,257,0,0
2026-05-14 01:15:00,1.17167,1.17181,1.17163,1.17175,231,3,0
2026-05-14 01:30:00,1.17175,1.17185,1.17164,1.17181,172,3,0
2026-05-14 01:45:00,1.1718,1.17181,1.1716,1.17172,284,3,0
2026-05-14 02:00:00,1.17172,1.17181,1.17155,1.17167,154,3,0
2026-05-14 02:15:00,1.17167,1.17177,1.17157,1.17166,189,3,0
2026-05-14 02:30:00,1.17166,1.17166,1.17146,1.17157,123,3,0
2026-05-14 02:45:00,1.17157,1.1716199999999999,1.17144,1.17157,210,3,0
2026-05-14 03:00:00,1.17158,1.17178,1.17136,1.17177,800,1,0
2026-05-14 03:15:00,1.17177,1.17184,1.17143,1.17164,485,2,0
2026-05-14 03:30:00,1.17164,1.17177,1.17144,1.17157,352,2,0
2026-05-14 03:45:00,1.17157,1.17174,1.1715200000000001,1.1717,436,2,0
2026-05-14 04:00:00,1.1717,1.17173,1.17139,1.17154,653,2,0
2026-05-14 04:15:00,1.17154,1.17165,1.17147,1.1716,385,2,0
2026-05-14 04:30:00,1.1716,1.17176,1.1715,1.17169,468,2,0
2026-05-14 04:45:00,1.17168,1.17173,1.17119,1.17137,398,2,0
2026-05-14 05:00:00,1.17137,1.17153,1.17121,1.17132,455,2,0
2026-05-14 05:15:00,1.17132,1.17141,1.17113,1.17139,327,2,0
2026-05-14 05:30:00,1.17139,1.17143,1.17127,1.17138,352,2,0
2026-05-14 05:45:00,1.17138,1.17139,1.17112,1.17117,412,2,0
2026-05-14 06:00:00,1.17117,1.1713,1.1709,1.17116,413,2,0
2026-05-14 06:15:00,1.17117,1.17145,1.17111,1.17141,443,2,0
2026-05-14 06:30:00,1.17141,1.17151,1.17132,1.1714,368,2,0
2026-05-14 06:45:00,1.1714,1.17149,1.17119,1.17122,365,2,0
2026-05-14 07:00:00,1.17122,1.17166,1.17109,1.17147,537,1,0
2026-05-14 07:15:00,1.17147,1.17161,1.17137,1.1715200000000001,440,2,0
2026-05-14 07:30:00,1.17143,1.17156,1.17136,1.17151,290,2,0
2026-05-14 07:45:00,1.17151,1.17172,1.17136,1.17144,418,2,0
2026-05-14 08:00:00,1.17144,1.17153,1.17114,1.17121,562,2,0
2026-05-14 08:15:00,1.17122,1.17137,1.17113,1.17132,427,2,0
2026-05-14 08:30:00,1.17132,1.17136,1.17114,1.1712799999999999,419,2,0
2026-05-14 08:45:00,1.1712799999999999,1.1716,1.171,1.17102,686,2,0
2026-05-14 09:00:00,1.1710099999999999,1.17122,1.17065,1.17076,594,0,0
2026-05-14 09:15:00,1.17076,1.17148,1.17065,1.17132,949,2,0
2026-05-14 09:30:00,1.17132,1.17155,1.17105,1.17148,568,2,0
2026-05-14 09:45:00,1.17148,1.17214,1.17141,1.17182,1296,2,0
2026-05-14 10:00:00,1.17182,1.17184,1.1712,1.17134,1057,1,0
2026-05-14 10:15:00,1.17134,1.17136,1.17085,1.17112,899,0,0
2026-05-14 10:30:00,1.17112,1.17161,1.17107,1.17137,782,2,0
2026-05-14 10:45:00,1.17137,1.17157,1.17053,1.17075,804,2,0
2026-05-14 11:00:00,1.17074,1.17099,1.17042,1.1706699999999999,863,0,0
2026-05-14 11:15:00,1.1706699999999999,1.1712799999999999,1.1706699999999999,1.17121,740,1,0
2026-05-14 11:30:00,1.17121,1.17138,1.17083,1.17095,747,0,0
2026-05-14 11:45:00,1.17086,1.17119,1.17084,1.17109,619,0,0
2026-05-14 12:00:00,1.1711,1.17132,1.17088,1.17112,773,0,0
2026-05-14 12:15:00,1.17112,1.17126,1.17088,1.17099,764,2,0
2026-05-14 12:30:00,1.17099,1.17105,1.17051,1.17088,813,1,0
2026-05-14 12:45:00,1.17088,1.17115,1.17066,1.1707,925,1,0
2026-05-14 13:00:00,1.1707,1.17129,1.17059,1.1709100000000001,936,0,0
2026-05-14 13:15:00,1.17093,1.17103,1.17069,1.17093,691,1,0
2026-05-14 13:30:00,1.17093,1.17109,1.17042,1.17058,661,1,0
2026-05-14 13:45:00,1.17058,1.17102,1.17053,1.17085,886,1,0
2026-05-14 14:00:00,1.17085,1.17088,1.17035,1.17075,941,1,0
2026-05-14 14:15:00,1.17075,1.17075,1.17033,1.17045,862,2,0
2026-05-14 14:30:00,1.17045,1.17054,1.16993,1.1700599999999999,750,1,0
2026-05-14 14:45:00,1.1700599999999999,1.17039,1.16995,1.16996,910,2,0
2026-05-14 15:00:00,1.16995,1.17054,1.16994,1.17052,1087,1,0
2026-05-14 15:15:00,1.17052,1.17054,1.17024,1.17045,795,1,0
2026-05-14 15:30:00,1.17045,1.17049,1.16952,1.16958,960,1,0
2026-05-14 15:45:00,1.16958,1.17012,1.16958,1.16971,948,0,0
2026-05-14 16:00:00,1.1697,1.16987,1.1693,1.16972,1073,2,0
2026-05-14 16:15:00,1.16972,1.16974,1.16915,1.16947,941,2,0
2026-05-14 16:30:00,1.16947,1.16948,1.16852,1.16933,1593,0,0
2026-05-14 16:45:00,1.16933,1.16996,1.16879,1.16896,2124,0,0
2026-05-14 17:00:00,1.16894,1.16963,1.16859,1.1696,1492,0,0
2026-05-14 17:15:00,1.1696,1.17,1.16924,1.16962,1363,2,0
2026-05-14 17:30:00,1.16962,1.16964,1.16925,1.16954,952,2,0
2026-05-14 17:45:00,1.16953,1.16964,1.1678,1.1678600000000001,2069,0,0
2026-05-14 18:00:00,1.1678600000000001,1.16809,1.1672500000000001,1.16751,1859,0,0
2026-05-14 18:15:00,1.16751,1.1676,1.16705,1.1675200000000001,1013,0,0
2026-05-14 18:30:00,1.1675200000000001,1.1678600000000001,1.16745,1.16758,912,0,0
2026-05-14 18:45:00,1.16758,1.1678,1.16745,1.16773,1014,1,0
2026-05-14 19:00:00,1.16772,1.16783,1.1673499999999999,1.16779,1218,0,0
2026-05-14 19:15:00,1.16779,1.16815,1.16724,1.16738,1088,1,0
2026-05-14 19:30:00,1.16738,1.16754,1.16696,1.1673,1045,1,0
2026-05-14 19:45:00,1.1673,1.16764,1.1672,1.16763,888,1,0
2026-05-14 20:00:00,1.16763,1.168,1.16744,1.16766,1209,2,0
2026-05-14 20:15:00,1.16766,1.16789,1.16751,1.16779,929,2,0
2026-05-14 20:30:00,1.16779,1.16804,1.16768,1.1679599999999999,719,1,0
2026-05-14 20:45:00,1.1679599999999999,1.16807,1.16768,1.16778,544,2,0
2026-05-14 21:00:00,1.16778,1.1678,1.16745,1.16779,752,1,0
2026-05-14 21:15:00,1.16779,1.16784,1.16757,1.16767,689,2,0
2026-05-14 21:30:00,1.16767,1.16773,1.1673,1.1675,483,2,0
2026-05-14 21:45:00,1.1675,1.16773,1.1674,1.16773,580,2,0
2026-05-14 22:00:00,1.16773,1.1679,1.16758,1.1677,479,2,0
2026-05-14 22:15:00,1.16769,1.16772,1.16728,1.16731,488,2,0
2026-05-14 22:30:00,1.16731,1.16748,1.16693,1.16702,619,2,0
2026-05-14 22:45:00,1.16702,1.16708,1.16685,1.16708,846,2,0
2026-05-14 23:00:00,1.16707,1.16719,1.1667399999999999,1.16682,489,3,0
2026-05-14 23:15:00,1.16682,1.16696,1.16649,1.16666,424,3,0
2026-05-14 23:30:00,1.16666,1.16682,1.16659,1.1667,291,3,0
2026-05-14 23:45:00,1.1667,1.16692,1.16668,1.16688,251,3,0
2026-05-15 00:00:00,1.16685,1.16698,1.16646,1.16669,159,16,0
2026-05-15 00:15:00,1.16669,1.1672500000000001,1.16668,1.1672500000000001,192,3,0
2026-05-15 00:30:00,1.1672500000000001,1.16733,1.16688,1.16694,220,4,0
2026-05-15 00:45:00,1.16694,1.16703,1.16689,1.16699,241,3,0
2026-05-15 01:00:00,1.167,1.1671,1.16687,1.1669,257,3,0
2026-05-15 01:15:00,1.1669,1.16704,1.16675,1.16698,124,3,0
2026-05-15 01:30:00,1.16698,1.16709,1.16693,1.16702,337,3,0
2026-05-15 01:45:00,1.16702,1.16709,1.16681,1.16696,183,3,0
2026-05-15 02:00:00,1.16696,1.16696,1.16627,1.16629,307,2,0
2026-05-15 02:15:00,1.16629,1.1663999999999999,1.16612,1.16635,350,3,0
2026-05-15 02:30:00,1.16635,1.16642,1.1661299999999999,1.16639,222,2,0
2026-05-15 02:45:00,1.16639,1.16649,1.16605,1.16617,346,3,0
2026-05-15 03:00:00,1.16617,1.16628,1.16566,1.16599,851,2,0
2026-05-15 03:15:00,1.166,1.16635,1.16583,1.16589,575,2,0
2026-05-15 03:30:00,1.16589,1.16592,1.16524,1.16543,708,2,0
2026-05-15 03:45:00,1.16543,1.16565,1.16515,1.16554,524,0,0
2026-05-15 04:00:00,1.16554,1.16564,1.16534,1.16549,593,2,0
2026-05-15 04:15:00,1.16549,1.16554,1.16487,1.16491,856,2,0
2026-05-15 04:30:00,1.16492,1.16521,1.16455,1.16506,1068,1,0
2026-05-15 04:45:00,1.16506,1.1651,1.16461,1.16468,689,2,0
2026-05-15 05:00:00,1.16468,1.16485,1.16456,1.16479,618,2,0
2026-05-15 05:15:00,1.16479,1.16535,1.16467,1.1651,535,2,0
2026-05-15 05:30:00,1.1651,1.16537,1.16498,1.16535,512,1,0
2026-05-15 05:45:00,1.16535,1.16575,1.16521,1.16535,755,1,0
2026-05-15 06:00:00,1.16535,1.16549,1.16507,1.16519,590,1,0
2026-05-15 06:15:00,1.16519,1.16526,1.16502,1.16524,415,2,0
2026-05-15 06:30:00,1.16521,1.16536,1.16489,1.16522,648,2,0
2026-05-15 06:45:00,1.16522,1.16528,1.16509,1.16521,394,2,0
2026-05-15 07:00:00,1.1652,1.16525,1.16502,1.16519,379,2,0
2026-05-15 07:15:00,1.16519,1.16526,1.16505,1.16515,376,2,0
2026-05-15 07:30:00,1.16515,1.16519,1.16487,1.16492,482,2,0
2026-05-15 07:45:00,1.16492,1.16495,1.16454,1.16471,561,2,0
2026-05-15 08:00:00,1.16471,1.16474,1.16424,1.1645,1001,2,0
2026-05-15 08:15:00,1.1645,1.16479,1.16424,1.16467,699,2,0
2026-05-15 08:30:00,1.16467,1.16476,1.16433,1.16441,857,2,0
2026-05-15 08:45:00,1.16441,1.16441,1.16315,1.16327,1524,0,0
2026-05-15 09:00:00,1.16326,1.16435,1.16324,1.16407,1893,1,0
2026-05-15 09:15:00,1.16407,1.16431,1.16371,1.16381,1119,0,0
2026-05-15 09:30:00,1.16381,1.16432,1.1635900000000001,1.16391,1199,0,0
2026-05-15 09:45:00,1.16391,1.16421,1.16318,1.16346,1471,1,0
2026-05-15 10:00:00,1.16346,1.16459,1.16309,1.16433,1738,0,0
2026-05-15 10:15:00,1.16433,1.16489,1.16411,1.16425,1380,1,0
2026-05-15 10:30:00,1.16425,1.1643,1.16378,1.16399,1078,1,0
2026-05-15 10:45:00,1.16399,1.1641,1.16353,1.16366,872,0,0
2026-05-15 11:00:00,1.16366,1.16383,1.1632500000000001,1.16345,1298,1,0
2026-05-15 11:15:00,1.16344,1.16349,1.16297,1.16327,1271,2,0
2026-05-15 11:30:00,1.16322,1.1636,1.16296,1.1636,1226,0,0
2026-05-15 11:45:00,1.1636,1.16364,1.16294,1.16329,1110,0,0
2026-05-15 12:00:00,1.16329,1.1633499999999999,1.16194,1.16199,1334,0,0
2026-05-15 12:15:00,1.16199,1.16265,1.16168,1.16247,1595,1,0
2026-05-15 12:30:00,1.16247,1.1626400000000001,1.16217,1.16233,1091,0,0
2026-05-15 12:45:00,1.16233,1.16289,1.16215,1.16279,1243,0,0
2026-05-15 13:00:00,1.16279,1.16358,1.1627,1.16351,1123,1,0
2026-05-15 13:15:00,1.16351,1.16406,1.16321,1.16373,1143,0,0
2026-05-15 13:30:00,1.16373,1.1645,1.1635900000000001,1.16448,1209,0,0
2026-05-15 13:45:00,1.16448,1.16554,1.16434,1.16491,2290,0,0
2026-05-15 14:00:00,1.1649,1.165,1.16402,1.16459,1471,0,0
2026-05-15 14:15:00,1.16459,1.16469,1.16389,1.16399,991,1,0
2026-05-15 14:30:00,1.16399,1.16402,1.1632,1.16329,1165,2,0
2026-05-15 14:45:00,1.16329,1.16345,1.1629,1.16315,1237,2,0
2026-05-15 15:00:00,1.16313,1.16321,1.16254,1.16273,1398,2,0
2026-05-15 15:15:00,1.16273,1.16311,1.16257,1.16295,1235,0,0
2026-05-15 15:30:00,1.16295,1.16295,1.16196,1.16204,1288,2,0
2026-05-15 15:45:00,1.16205,1.16291,1.1618,1.16262,1153,1,0
2026-05-15 16:00:00,1.16265,1.16296,1.16223,1.16281,1345,0,0
2026-05-15 16:15:00,1.16287,1.16322,1.16259,1.16291,1503,2,0
2026-05-15 16:30:00,1.16292,1.1630099999999999,1.16228,1.16234,2035,1,0
2026-05-15 16:45:00,1.16233,1.16257,1.1618,1.16233,2038,1,0
2026-05-15 17:00:00,1.16233,1.163,1.16207,1.16265,1760,0,0
2026-05-15 17:15:00,1.16265,1.16377,1.16258,1.16322,2138,1,0
2026-05-15 17:30:00,1.16322,1.16338,1.16261,1.1627,1525,0,0
2026-05-15 17:45:00,1.1627,1.16307,1.16224,1.16294,1875,1,0
2026-05-15 18:00:00,1.16294,1.1631,1.16235,1.16283,1951,2,0
2026-05-15 18:15:00,1.16283,1.16295,1.162,1.16231,1422,1,0
2026-05-15 18:30:00,1.16231,1.1626,1.1621299999999999,1.16233,1326,0,0
2026-05-15 18:45:00,1.16233,1.16263,1.16202,1.1625,1377,1,0
2026-05-15 19:00:00,1.16255,1.16272,1.1622,1.16244,1467,2,0
2026-05-15 19:15:00,1.16244,1.16278,1.16227,1.16276,967,2,0
2026-05-15 19:30:00,1.16275,1.16312,1.1626,1.16306,1132,1,0
2026-05-15 19:45:00,1.16306,1.16312,1.16263,1.1629800000000001,956,2,0
2026-05-15 20:00:00,1.1629800000000001,1.16339,1.16278,1.16338,864,2,0
2026-05-15 20:15:00,1.16338,1.16356,1.16315,1.16324,800,2,0
2026-05-15 20:30:00,1.16324,1.16333,1.16275,1.16284,685,2,0
2026-05-15 20:45:00,1.16285,1.163,1.1626,1.1626400000000001,601,1,0
2026-05-15 21:00:00,1.1626400000000001,1.16271,1.16224,1.16249,837,0,0
2026-05-15 21:15:00,1.16249,1.16249,1.16205,1.16216,955,0,0
2026-05-15 21:30:00,1.16216,1.16218,1.16167,1.1620300000000001,823,2,0
2026-05-15 21:45:00,1.1620300000000001,1.16238,1.16189,1.16218,773,1,0
2026-05-15 22:00:00,1.16218,1.16225,1.16196,1.162,541,2,0
2026-05-15 22:15:00,1.162,1.16221,1.16189,1.16214,436,2,0
2026-05-15 22:30:00,1.16214,1.1623,1.16188,1.16193,662,1,0
2026-05-15 22:45:00,1.16193,1.16225,1.16189,1.1621299999999999,679,2,0
2026-05-15 23:00:00,1.16212,1.16224,1.16181,1.16214,403,3,0
2026-05-15 23:15:00,1.16214,1.16225,1.16192,1.16209,449,3,0
2026-05-15 23:30:00,1.16209,1.16247,1.16209,1.16246,251,2,0
2026-05-15 23:45:00,1.16246,1.16255,1.16228,1.16242,525,0,0
2026-05-18 00:00:00,1.16175,1.16218,1.16095,1.16193,165,15,0
2026-05-18 00:15:00,1.16193,1.16219,1.16171,1.16191,149,0,0
2026-05-18 00:30:00,1.16191,1.162,1.16182,1.16189,135,7,0
2026-05-18 00:45:00,1.16188,1.16234,1.16188,1.16234,244,0,0
2026-05-18 01:00:00,1.16229,1.16241,1.16212,1.1623,529,0,0
2026-05-18 01:15:00,1.1623,1.16236,1.16198,1.16207,360,0,0
2026-05-18 01:30:00,1.16207,1.16236,1.16202,1.16234,345,0,0
2026-05-18 01:45:00,1.16234,1.16235,1.16215,1.16228,197,3,0
2026-05-18 02:00:00,1.16227,1.16234,1.162,1.16209,298,2,0
2026-05-18 02:15:00,1.16209,1.16218,1.16186,1.16195,298,3,0
2026-05-18 02:30:00,1.16195,1.16195,1.16113,1.16144,550,1,0
2026-05-18 02:45:00,1.16144,1.16147,1.16113,1.16135,805,3,0
2026-05-18 03:00:00,1.16136,1.1621,1.16129,1.16154,1192,1,0
2026-05-18 03:15:00,1.16154,1.16176,1.16132,1.1615,841,2,0
2026-05-18 03:30:00,1.1615,1.1616,1.16099,1.16105,898,2,0
2026-05-18 03:45:00,1.16105,1.16127,1.16074,1.16116,939,2,0
2026-05-18 04:00:00,1.16115,1.16136,1.16084,1.16112,1050,2,0
2026-05-18 04:15:00,1.16112,1.16139,1.16098,1.16129,1148,2,0
2026-05-18 04:30:00,1.16129,1.16166,1.16123,1.16144,1015,2,0
2026-05-18 04:45:00,1.16145,1.16188,1.16117,1.16173,789,2,0
2026-05-18 05:00:00,1.16173,1.16173,1.16125,1.16165,763,0,0
2026-05-18 05:15:00,1.16165,1.16184,1.16156,1.16177,734,2,0
2026-05-18 05:30:00,1.16177,1.16196,1.16153,1.16167,547,2,0
2026-05-18 05:45:00,1.16167,1.16175,1.16135,1.16155,675,2,0
2026-05-18 06:00:00,1.16155,1.16176,1.16148,1.16175,502,2,0
2026-05-18 06:15:00,1.16175,1.16205,1.16163,1.16201,555,2,0
2026-05-18 06:30:00,1.16201,1.16215,1.16171,1.16215,713,2,0
2026-05-18 06:45:00,1.16215,1.16225,1.16195,1.16218,638,2,0
2026-05-18 07:00:00,1.16218,1.16261,1.16212,1.16255,743,2,0
2026-05-18 07:15:00,1.16255,1.1626,1.16204,1.1621299999999999,593,2,0
2026-05-18 07:30:00,1.1621299999999999,1.16232,1.16206,1.16217,638,2,0
2026-05-18 07:45:00,1.16217,1.16227,1.1618,1.16207,577,2,0
2026-05-18 08:00:00,1.16207,1.1622,1.16173,1.16176,767,2,0
2026-05-18 08:15:00,1.16183,1.16208,1.16156,1.16201,718,2,0
2026-05-18 08:30:00,1.16201,1.16221,1.16182,1.16202,678,2,0
2026-05-18 08:45:00,1.16202,1.16232,1.1619,1.16231,908,2,0
2026-05-18 09:00:00,1.16231,1.16281,1.16219,1.16281,1132,2,0
2026-05-18 09:15:00,1.16281,1.16336,1.1627399999999999,1.16306,1126,0,0
2026-05-18 09:30:00,1.16303,1.1636199999999999,1.1629,1.16349,1170,1,0
2026-05-18 09:45:00,1.16349,1.16365,1.16332,1.16356,1146,2,0
2026-05-18 10:00:00,1.16356,1.16367,1.16309,1.16329,1209,0,0
2026-05-18 10:15:00,1.1632,1.16394,1.16311,1.16369,1172,1,0
2026-05-18 10:30:00,1.16369,1.164,1.16345,1.1635900000000001,1145,1,0
2026-05-18 10:45:00,1.1635900000000001,1.16366,1.16308,1.16319,1005,0,0
2026-05-18 11:00:00,1.16319,1.16336,1.16284,1.1633499999999999,958,2,0
2026-05-18 11:15:00,1.1633499999999999,1.16377,1.16329,1.16371,1101,2,0
2026-05-18 11:30:00,1.16379,1.16451,1.16366,1.16373,1019,1,0
2026-05-18 11:45:00,1.16372,1.16452,1.16372,1.16415,1169,2,0
2026-05-18 12:00:00,1.16415,1.16427,1.16364,1.16385,977,1,0
2026-05-18 12:15:00,1.16385,1.16399,1.16364,1.16395,688,0,0
2026-05-18 12:30:00,1.16395,1.16412,1.16373,1.16383,764,0,0
2026-05-18 12:45:00,1.16383,1.1639,1.16345,1.1635,626,2,0
2026-05-18 13:00:00,1.16349,1.16367,1.16316,1.16353,680,2,0
2026-05-18 13:15:00,1.16353,1.16364,1.16329,1.1636,563,2,0
2026-05-18 13:30:00,1.1636,1.16364,1.16314,1.16338,804,2,0
2026-05-18 13:45:00,1.16338,1.16343,1.16258,1.16269,806,2,0
2026-05-18 14:00:00,1.16268,1.16309,1.1626400000000001,1.16296,1197,0,0
2026-05-18 14:15:00,1.16296,1.16334,1.16271,1.16307,910,1,0
2026-05-18 14:30:00,1.16307,1.16496,1.16299,1.16488,2491,0,0
2026-05-18 14:45:00,1.16488,1.16494,1.16376,1.16416,2419,0,0
2026-05-18 15:00:00,1.16416,1.16492,1.164,1.16475,1765,2,0
2026-05-18 15:15:00,1.16474,1.16474,1.16426,1.16465,1569,0,0
2026-05-18 15:30:00,1.16465,1.16546,1.16456,1.16535,2469,1,0
2026-05-18 15:45:00,1.16537,1.16572,1.16478,1.16513,2038,1,0
2026-05-18 16:00:00,1.16513,1.16539,1.16454,1.16503,1634,0,0
2026-05-18 16:15:00,1.16502,1.16502,1.1644700000000001,1.16497,1206,1,0
2026-05-18 16:30:00,1.16497,1.16504,1.16429,1.16466,1732,0,0
2026-05-18 16:45:00,1.16466,1.1656,1.16461,1.16506,2073,0,0
2026-05-18 17:00:00,1.16506,1.16532,1.16424,1.16453,2261,0,0
2026-05-18 17:15:00,1.16453,1.16471,1.16413,1.16455,1962,1,0
2026-05-18 17:30:00,1.16454,1.16475,1.16402,1.16427,1797,0,0
2026-05-18 17:45:00,1.16428,1.16469,1.16411,1.16418,1430,2,0
2026-05-18 18:00:00,1.16418,1.16422,1.16324,1.16395,2249,0,0
2026-05-18 18:15:00,1.16395,1.16426,1.16361,1.16405,1478,1,0
2026-05-18 18:30:00,1.16404,1.16491,1.16385,1.16473,1697,0,0
2026-05-18 18:45:00,1.16473,1.16529,1.16446,1.1648399999999999,1761,0,0
2026-05-18 19:00:00,1.1648399999999999,1.1654200000000001,1.16431,1.16537,1643,0,0
2026-05-18 19:15:00,1.16537,1.16562,1.1648,1.16495,1717,0,0
2026-05-18 19:30:00,1.16496,1.16539,1.16474,1.16505,1222,1,0
2026-05-18 19:45:00,1.16505,1.16544,1.16497,1.16514,991,1,0
2026-05-18 20:00:00,1.16514,1.16532,1.16495,1.16498,985,1,0
2026-05-18 20:15:00,1.16498,1.16534,1.16485,1.16514,606,0,0
2026-05-18 20:30:00,1.16514,1.16532,1.16494,1.16515,634,2,0
2026-05-18 20:45:00,1.16515,1.1652,1.16475,1.1648,509,2,0
2026-05-18 21:00:00,1.1648100000000001,1.16487,1.16443,1.16456,1088,2,0
2026-05-18 21:15:00,1.16456,1.1645699999999999,1.1636199999999999,1.16388,1465,1,0
2026-05-18 21:30:00,1.16388,1.16398,1.16346,1.16372,975,2,0
2026-05-18 21:45:00,1.16372,1.16372,1.16273,1.16292,918,1,0
2026-05-18 22:00:00,1.16292,1.16563,1.16288,1.16459,2940,0,0
2026-05-18 22:15:00,1.16459,1.16509,1.16437,1.16474,1586,0,0
2026-05-18 22:30:00,1.16475,1.16525,1.16469,1.16509,1380,2,0
2026-05-18 22:45:00,1.16512,1.16555,1.16498,1.1651,1174,2,0
2026-05-18 23:00:00,1.16509,1.16573,1.16506,1.16571,549,3,0
2026-05-18 23:15:00,1.16571,1.16606,1.16568,1.1659,384,3,0
2026-05-18 23:30:00,1.16591,1.16593,1.16547,1.16576,499,3,0
2026-05-18 23:45:00,1.16576,1.16576,1.16541,1.16554,386,3,0
2026-05-19 00:00:00,1.16567,1.1656900000000001,1.16489,1.1651799999999999,231,8,0
2026-05-19 00:15:00,1.1651799999999999,1.16526,1.16495,1.16513,74,25,0
2026-05-19 00:30:00,1.16513,1.16574,1.1651,1.1656900000000001,385,8,0
2026-05-19 00:45:00,1.1656900000000001,1.16608,1.16567,1.16593,265,3,0
2026-05-19 01:00:00,1.16593,1.16614,1.16584,1.16595,302,3,0
2026-05-19 01:15:00,1.16595,1.16599,1.16584,1.16589,214,3,0
2026-05-19 01:30:00,1.16589,1.1660300000000001,1.16578,1.16585,323,3,0
2026-05-19 01:45:00,1.16586,1.16588,1.1656900000000001,1.16576,229,3,0
2026-05-19 02:00:00,1.16576,1.16584,1.1656,1.16566,232,2,0
2026-05-19 02:15:00,1.16566,1.16581,1.16549,1.1657899999999999,273,2,0
2026-05-19 02:30:00,1.16578,1.16581,1.16553,1.16574,386,0,0
2026-05-19 02:45:00,1.16574,1.16575,1.16533,1.16546,316,2,0
2026-05-19 03:00:00,1.16547,1.16559,1.16485,1.1650800000000001,1133,2,0
2026-05-19 03:15:00,1.1650800000000001,1.1654,1.16479,1.16504,934,0,0
2026-05-19 03:30:00,1.16506,1.1650800000000001,1.1644,1.1645699999999999,590,2,0
2026-05-19 03:45:00,1.1645699999999999,1.16464,1.1643,1.16445,524,1,0
2026-05-19 04:00:00,1.16444,1.1646,1.16421,1.16449,793,2,0
2026-05-19 04:15:00,1.1645,1.16471,1.16438,1.16462,663,2,0
2026-05-19 04:30:00,1.16462,1.16527,1.16439,1.16522,786,2,0
2026-05-19 04:45:00,1.16522,1.16522,1.1645699999999999,1.16463,699,2,0
2026-05-19 05:00:00,1.16461,1.16461,1.164,1.16432,904,2,0
2026-05-19 05:15:00,1.16431,1.1647,1.16416,1.1645,1090,2,0
2026-05-19 05:30:00,1.1645,1.16466,1.16426,1.16446,969,2,0
2026-05-19 05:45:00,1.16445,1.16455,1.16405,1.16431,581,1,0
2026-05-19 06:00:00,1.16431,1.16436,1.16399,1.16428,624,2,0
2026-05-19 06:15:00,1.16428,1.16456,1.16418,1.1644700000000001,504,2,0
2026-05-19 06:30:00,1.1644700000000001,1.16452,1.16428,1.16436,379,2,0
2026-05-19 06:45:00,1.16436,1.16436,1.16405,1.16411,543,2,0
2026-05-19 07:00:00,1.1641,1.1643,1.16395,1.16422,471,2,0
2026-05-19 07:15:00,1.16422,1.16431,1.16397,1.1641,480,1,0
2026-05-19 07:30:00,1.1641,1.1642299999999999,1.16369,1.16375,685,2,0
2026-05-19 07:45:00,1.16375,1.16382,1.1634,1.16364,677,2,0
2026-05-19 08:00:00,1.16364,1.1639599999999999,1.16342,1.1638600000000001,653,2,0
2026-05-19 08:15:00,1.1638600000000001,1.1639,1.16326,1.16353,869,2,0
2026-05-19 08:30:00,1.16353,1.16394,1.16333,1.16384,879,2,0
2026-05-19 08:45:00,1.16384,1.1643,1.16368,1.1642000000000001,1000,2,0
2026-05-19 09:00:00,1.1642000000000001,1.16426,1.16376,1.16404,1062,0,0
2026-05-19 09:15:00,1.16404,1.1645699999999999,1.16388,1.16428,844,2,0
2026-05-19 09:30:00,1.16428,1.16429,1.16378,1.16419,757,1,0
2026-05-19 09:45:00,1.16419,1.16424,1.16351,1.16366,825,0,0
2026-05-19 10:00:00,1.16365,1.16365,1.16295,1.16342,1490,1,0
2026-05-19 10:15:00,1.16343,1.16347,1.16291,1.16316,887,1,0
2026-05-19 10:30:00,1.16316,1.16337,1.16299,1.1631,871,2,0
2026-05-19 10:45:00,1.1631,1.16375,1.16307,1.16347,1130,2,0
2026-05-19 11:00:00,1.16347,1.1635900000000001,1.1625,1.1628,1152,0,0
2026-05-19 11:15:00,1.1628,1.16322,1.16272,1.1630099999999999,1322,2,0
2026-05-19 11:30:00,1.1630099999999999,1.16337,1.16259,1.16272,1070,2,0
2026-05-19 11:45:00,1.16272,1.16283,1.1622,1.16233,1040,0,0
2026-05-19 12:00:00,1.16233,1.16233,1.1615199999999999,1.16174,1220,0,0
2026-05-19 12:15:00,1.16174,1.16195,1.16143,1.16177,985,1,0
2026-05-19 12:30:00,1.16177,1.16196,1.16136,1.1618,1127,2,0
2026-05-19 12:45:00,1.1618,1.16204,1.16162,1.16185,1031,2,0
2026-05-19 13:00:00,1.16188,1.16259,1.16177,1.16251,996,1,0
2026-05-19 13:15:00,1.16251,1.16265,1.16226,1.16247,839,2,0
2026-05-19 13:30:00,1.16247,1.16253,1.16106,1.16124,1498,0,0
2026-05-19 13:45:00,1.16125,1.16234,1.16116,1.16215,1485,1,0
2026-05-19 14:00:00,1.16215,1.16223,1.16177,1.16178,1144,2,0
2026-05-19 14:15:00,1.16182,1.16202,1.16164,1.16188,936,0,0
2026-05-19 14:30:00,1.16188,1.16225,1.16182,1.16216,984,0,0
2026-05-19 14:45:00,1.16216,1.16222,1.1615,1.16165,992,2,0
2026-05-19 15:00:00,1.16153,1.16229,1.1615,1.16219,1518,2,0
2026-05-19 15:15:00,1.16219,1.16238,1.16194,1.16223,920,2,0
2026-05-19 15:30:00,1.16223,1.16235,1.16161,1.16181,1683,0,0
2026-05-19 15:45:00,1.16181,1.16217,1.16148,1.16166,1210,0,0
2026-05-19 16:00:00,1.16166,1.1618,1.16104,1.1614200000000001,1834,0,0
2026-05-19 16:15:00,1.1614200000000001,1.16151,1.16041,1.16055,1950,1,0
2026-05-19 16:30:00,1.16055,1.16097,1.16008,1.16087,2359,0,0
2026-05-19 16:45:00,1.16087,1.16156,1.16067,1.16137,2307,0,0
2026-05-19 17:00:00,1.16136,1.16168,1.16045,1.16052,2270,0,0
2026-05-19 17:15:00,1.16052,1.16064,1.1594,1.16006,2168,0,0
2026-05-19 17:30:00,1.16006,1.16013,1.15945,1.15961,2206,0,0
2026-05-19 17:45:00,1.15961,1.16009,1.15942,1.15955,1864,2,0
2026-05-19 18:00:00,1.15954,1.1598,1.15909,1.15949,1806,0,0
2026-05-19 18:15:00,1.15949,1.15982,1.15926,1.15958,1790,2,0
2026-05-19 18:30:00,1.15954,1.16029,1.1594,1.15998,1217,1,0
2026-05-19 18:45:00,1.15994,1.16028,1.15987,1.16015,1127,2,0
2026-05-19 19:00:00,1.16013,1.16024,1.15954,1.15984,1490,0,0
2026-05-19 19:15:00,1.15984,1.16058,1.1597,1.16051,1116,0,0
2026-05-19 19:30:00,1.16048,1.16093,1.16036,1.16084,1296,0,0
2026-05-19 19:45:00,1.16084,1.16088,1.1605,1.16069,999,1,0
2026-05-19 20:00:00,1.16069,1.16122,1.16058,1.16116,847,0,0
2026-05-19 20:15:00,1.16116,1.1612,1.16075,1.16094,633,2,0
2026-05-19 20:30:00,1.16094,1.16106,1.1606,1.16102,612,1,0
2026-05-19 20:45:00,1.16102,1.16115,1.1608100000000001,1.16097,757,2,0
2026-05-19 21:00:00,1.16097,1.16147,1.16097,1.16122,782,0,0
2026-05-19 21:15:00,1.16122,1.16126,1.1608,1.16083,705,0,0
2026-05-19 21:30:00,1.16083,1.16096,1.16055,1.1609099999999999,938,1,0
2026-05-19 21:45:00,1.1609,1.1609,1.16017,1.16032,890,2,0
2026-05-19 22:00:00,1.16031,1.16066,1.16014,1.16054,698,2,0
2026-05-19 22:15:00,1.16054,1.16061,1.16021,1.16045,556,2,0
2026-05-19 22:30:00,1.16046,1.1608,1.16031,1.16077,647,0,0
2026-05-19 22:45:00,1.16077,1.16077,1.16032,1.16063,587,1,0
2026-05-19 23:00:00,1.16062,1.16063,1.16028,1.16041,431,0,0
2026-05-19 23:15:00,1.16041,1.16048,1.16023,1.16046,272,3,0
2026-05-19 23:30:00,1.1604700000000001,1.16067,1.1604700000000001,1.16052,159,3,0
2026-05-19 23:45:00,1.16052,1.16067,1.16042,1.16061,355,3,0
2026-05-20 00:00:00,1.16032,1.16061,1.15975,1.16037,147,12,0
2026-05-20 00:15:00,1.16037,1.16075,1.16034,1.16075,104,7,0
2026-05-20 00:30:00,1.16075,1.16084,1.1606,1.16066,230,6,0
2026-05-20 00:45:00,1.16066,1.16082,1.16058,1.16077,198,3,0
2026-05-20 01:00:00,1.16077,1.16077,1.16056,1.1607,219,3,0
2026-05-20 01:15:00,1.1607,1.1608100000000001,1.16063,1.16079,218,3,0
2026-05-20 01:30:00,1.16079,1.16086,1.16064,1.16069,186,3,0
2026-05-20 01:45:00,1.16069,1.16087,1.16061,1.16086,204,3,0
2026-05-20 02:00:00,1.16086,1.1609,1.16071,1.16089,174,3,0
2026-05-20 02:15:00,1.16089,1.16103,1.16086,1.16102,134,3,0
2026-05-20 02:30:00,1.16102,1.16128,1.1609099999999999,1.16107,301,3,0
2026-05-20 02:45:00,1.16107,1.16112,1.16061,1.16066,486,3,0
2026-05-20 03:00:00,1.16067,1.16068,1.16025,1.16048,1154,2,0
2026-05-20 03:15:00,1.16049,1.16103,1.16037,1.16085,846,2,0
2026-05-20 03:30:00,1.16085,1.16105,1.16034,1.16043,810,0,0
2026-05-20 03:45:00,1.16043,1.1606,1.15999,1.16007,701,2,0
2026-05-20 04:00:00,1.16007,1.16023,1.15975,1.15987,1092,2,0
2026-05-20 04:15:00,1.15987,1.16004,1.15939,1.15957,847,2,0
2026-05-20 04:30:00,1.15957,1.15974,1.1592,1.15952,953,2,0
2026-05-20 04:45:00,1.15952,1.16026,1.15931,1.15971,1123,0,0
2026-05-20 05:00:00,1.15971,1.16004,1.15963,1.16002,685,2,0
2026-05-20 05:15:00,1.16002,1.16029,1.15973,1.15991,749,1,0
2026-05-20 05:30:00,1.15991,1.15993,1.1593499999999999,1.15976,1271,1,0
2026-05-20 05:45:00,1.15974,1.15994,1.15963,1.15977,715,2,0
2026-05-20 06:00:00,1.15977,1.15984,1.15941,1.1596899999999999,680,1,0
2026-05-20 06:15:00,1.1596899999999999,1.16028,1.15963,1.16023,794,2,0
2026-05-20 06:30:00,1.16023,1.16053,1.16003,1.16048,681,1,0
2026-05-20 06:45:00,1.16048,1.16055,1.16007,1.16017,458,0,0
2026-05-20 07:00:00,1.16016,1.16067,1.16016,1.16049,614,2,0
2026-05-20 07:15:00,1.16049,1.1605,1.16018,1.1602999999999999,445,2,0
2026-05-20 07:30:00,1.16029,1.1602999999999999,1.1596,1.15985,529,1,0
2026-05-20 07:45:00,1.15985,1.15995,1.15963,1.15971,694,2,0
2026-05-20 08:00:00,1.1597,1.16014,1.15967,1.15985,595,2,0
2026-05-20 08:15:00,1.15985,1.16008,1.15937,1.15944,652,2,0
2026-05-20 08:30:00,1.15944,1.15993,1.15936,1.15956,837,2,0
2026-05-20 08:45:00,1.15956,1.15956,1.15905,1.15954,744,0,0
2026-05-20 09:00:00,1.15954,1.15984,1.15929,1.15982,1151,0,0
2026-05-20 09:15:00,1.15982,1.16059,1.15979,1.16043,1181,2,0
2026-05-20 09:30:00,1.16043,1.16049,1.1597,1.15997,888,1,0
2026-05-20 09:45:00,1.1599599999999999,1.15998,1.1592500000000001,1.15966,880,2,0
2026-05-20 10:00:00,1.15965,1.16014,1.15948,1.15983,1185,0,0
2026-05-20 10:15:00,1.15983,1.16003,1.15951,1.1596,1023,1,0
2026-05-20 10:30:00,1.15967,1.15979,1.15937,1.15942,875,1,0
2026-05-20 10:45:00,1.15942,1.15947,1.15907,1.15931,818,2,0
2026-05-20 11:00:00,1.1593,1.1595,1.15862,1.15876,1219,0,0
2026-05-20 11:15:00,1.15876,1.15897,1.1583,1.15887,1219,1,0
2026-05-20 11:30:00,1.15887,1.15943,1.1587,1.15933,1031,0,0
2026-05-20 11:45:00,1.15933,1.15943,1.1589,1.15902,786,2,0
2026-05-20 12:00:00,1.15902,1.15944,1.15895,1.15926,715,1,0
2026-05-20 12:15:00,1.15926,1.15944,1.15901,1.15913,577,1,0
2026-05-20 12:30:00,1.15913,1.15928,1.15901,1.15904,624,0,0
2026-05-20 12:45:00,1.15905,1.15921,1.15871,1.15873,672,1,0
2026-05-20 13:00:00,1.1588,1.1593499999999999,1.15868,1.15929,782,2,0
2026-05-20 13:15:00,1.15928,1.15965,1.15917,1.15949,631,2,0
2026-05-20 13:30:00,1.15949,1.16025,1.15939,1.15994,844,1,0
2026-05-20 13:45:00,1.15994,1.16028,1.1599,1.16009,705,1,0
2026-05-20 14:00:00,1.16009,1.16009,1.1595900000000001,1.15981,671,1,0
2026-05-20 14:15:00,1.15981,1.16023,1.15955,1.16022,785,0,0
2026-05-20 14:30:00,1.16022,1.16055,1.16003,1.16019,898,0,0
2026-05-20 14:45:00,1.16019,1.16032,1.15976,1.16008,1196,2,0
2026-05-20 15:00:00,1.16008,1.16042,1.15989,1.16016,996,2,0
2026-05-20 15:15:00,1.16016,1.16025,1.15952,1.15987,929,0,0
2026-05-20 15:30:00,1.15988,1.16016,1.1596,1.15985,895,0,0
2026-05-20 15:45:00,1.15985,1.15998,1.1592500000000001,1.15949,1092,2,0
2026-05-20 16:00:00,1.15953,1.15955,1.1591,1.15927,1174,0,0
2026-05-20 16:15:00,1.15927,1.15938,1.15892,1.1590799999999999,976,2,0
2026-05-20 16:30:00,1.15907,1.15934,1.15886,1.15928,1301,0,0
2026-05-20 16:45:00,1.15928,1.1597,1.15889,1.15909,1579,0,0
2026-05-20 17:00:00,1.1590799999999999,1.15912,1.15814,1.15886,1836,0,0
2026-05-20 17:15:00,1.15886,1.16202,1.15886,1.1613,3976,0,0
2026-05-20 17:30:00,1.1613,1.1623999999999999,1.16111,1.16167,2721,0,0
2026-05-20 17:45:00,1.16167,1.1623999999999999,1.16148,1.16175,2573,0,0
2026-05-20 18:00:00,1.16175,1.16228,1.16124,1.16147,1755,1,0
2026-05-20 18:15:00,1.16148,1.16452,1.16145,1.16251,3984,0,0
2026-05-20 18:30:00,1.16251,1.16345,1.16248,1.16269,2037,0,0
2026-05-20 18:45:00,1.16269,1.16289,1.16167,1.16191,1759,0,0
2026-05-20 19:00:00,1.16191,1.16305,1.16183,1.16285,1552,1,0
2026-05-20 19:15:00,1.16285,1.16308,1.16206,1.16237,1511,0,0
2026-05-20 19:30:00,1.16237,1.16275,1.16189,1.16275,1245,0,0
2026-05-20 19:45:00,1.16275,1.16302,1.16226,1.16255,1578,0,0
2026-05-20 20:00:00,1.16255,1.1626400000000001,1.16177,1.16238,1566,0,0
2026-05-20 20:15:00,1.16239,1.16258,1.16211,1.16245,1173,0,0
2026-05-20 20:30:00,1.16245,1.16269,1.16195,1.16199,1289,0,0
2026-05-20 20:45:00,1.16199,1.16229,1.16182,1.16182,844,1,0
2026-05-20 21:00:00,1.16182,1.16239,1.16159,1.16237,1026,0,0
2026-05-20 21:15:00,1.16237,1.16278,1.16231,1.16277,1152,0,0
2026-05-20 21:30:00,1.16278,1.16328,1.16267,1.16267,905,0,0
2026-05-20 21:45:00,1.16267,1.16356,1.16266,1.16308,1102,1,0
2026-05-20 22:00:00,1.16308,1.1634,1.16294,1.16296,652,1,0
2026-05-20 22:15:00,1.16296,1.16328,1.16289,1.16326,538,2,0
2026-05-20 22:30:00,1.16326,1.16353,1.16294,1.16306,643,0,0
2026-05-20 22:45:00,1.16306,1.16324,1.16271,1.16278,839,2,0
2026-05-20 23:00:00,1.16277,1.16282,1.16259,1.16279,437,3,0
2026-05-20 23:15:00,1.16279,1.16283,1.16251,1.16269,588,2,0
2026-05-20 23:30:00,1.1627,1.16273,1.16237,1.16239,374,3,0
2026-05-20 23:45:00,1.16239,1.16263,1.1623,1.1625,492,3,0
2026-05-21 00:00:00,1.16221,1.1626,1.16159,1.16246,407,11,0
2026-05-21 00:15:00,1.16246,1.1626,1.16217,1.16232,250,22,0
2026-05-21 00:30:00,1.16232,1.16265,1.16232,1.16243,189,14,0
2026-05-21 00:45:00,1.16243,1.1626400000000001,1.16237,1.16242,184,6,0
2026-05-21 01:00:00,1.16242,1.16278,1.16233,1.16277,229,3,0
2026-05-21 01:15:00,1.16277,1.16278,1.16241,1.16262,199,3,0
2026-05-21 01:30:00,1.16262,1.16268,1.16252,1.16267,172,3,0
2026-05-21 01:45:00,1.16267,1.16268,1.16249,1.16262,217,3,0
2026-05-21 02:00:00,1.16262,1.1627399999999999,1.1625,1.16261,200,3,0
2026-05-21 02:15:00,1.16261,1.1626400000000001,1.16229,1.16239,158,3,0
2026-05-21 02:30:00,1.16239,1.16244,1.16216,1.1623,215,2,0
2026-05-21 02:45:00,1.1623,1.16268,1.16229,1.16245,318,3,0
2026-05-21 03:00:00,1.16245,1.1626400000000001,1.16224,1.16258,822,1,0
2026-05-21 03:15:00,1.16258,1.16273,1.16222,1.16263,732,1,0
2026-05-21 03:30:00,1.16263,1.16268,1.16236,1.1626400000000001,445,2,0
2026-05-21 03:45:00,1.1626400000000001,1.16289,1.16256,1.16284,583,2,0
2026-05-21 04:00:00,1.16284,1.16345,1.16276,1.16331,730,2,0
2026-05-21 04:15:00,1.16331,1.16352,1.16313,1.16328,458,2,0
2026-05-21 04:30:00,1.16328,1.16343,1.16294,1.16311,813,0,0
2026-05-21 04:45:00,1.16311,1.16315,1.16223,1.16255,901,2,0
2026-05-21 05:00:00,1.16255,1.16284,1.16242,1.16248,624,2,0
2026-05-21 05:15:00,1.16248,1.16255,1.16197,1.16211,547,2,0
2026-05-21 05:30:00,1.16212,1.16223,1.16176,1.16199,715,1,0
2026-05-21 05:45:00,1.16198,1.16201,1.16155,1.16175,627,2,0
2026-05-21 06:00:00,1.16175,1.16207,1.1617,1.16189,397,2,0
2026-05-21 06:15:00,1.16189,1.16226,1.16182,1.1620300000000001,401,2,0
2026-05-21 06:30:00,1.1620300000000001,1.16215,1.16174,1.16204,466,2,0
2026-05-21 06:45:00,1.1621,1.16215,1.16175,1.16184,354,2,0
2026-05-21 07:00:00,1.16189,1.1621,1.16176,1.1620300000000001,322,2,0
2026-05-21 07:15:00,1.16204,1.16216,1.16184,1.16211,311,2,0
2026-05-21 07:30:00,1.16211,1.16214,1.16194,1.16214,266,2,0
2026-05-21 07:45:00,1.16214,1.16235,1.16202,1.1622,473,2,0
2026-05-21 08:00:00,1.1622,1.16234,1.16204,1.16216,382,2,0
2026-05-21 08:15:00,1.16216,1.16219,1.16177,1.16189,470,2,0
2026-05-21 08:30:00,1.16189,1.16215,1.16185,1.16202,617,1,0
2026-05-21 08:45:00,1.16202,1.16222,1.16175,1.16217,875,0,0
2026-05-21 09:00:00,1.16218,1.16265,1.16201,1.16251,744,1,0
2026-05-21 09:15:00,1.16251,1.16265,1.16195,1.16249,964,0,0
2026-05-21 09:30:00,1.16249,1.16257,1.1615199999999999,1.16168,912,1,0
2026-05-21 09:45:00,1.16168,1.1620300000000001,1.16154,1.16202,1268,0,0
2026-05-21 10:00:00,1.16202,1.16209,1.1616,1.1618,1145,1,0
2026-05-21 10:15:00,1.16178,1.16178,1.15928,1.15973,2750,0,0
2026-05-21 10:30:00,1.15973,1.1604,1.1597,1.16028,1914,0,0
2026-05-21 10:45:00,1.16028,1.16089,1.16028,1.16074,1073,0,0
2026-05-21 11:00:00,1.16074,1.16261,1.1606,1.16259,1735,0,0
2026-05-21 11:15:00,1.16259,1.16354,1.16233,1.16337,2249,0,0
2026-05-21 11:30:00,1.16338,1.16338,1.16223,1.16224,1596,0,0
2026-05-21 11:45:00,1.16224,1.16287,1.16211,1.16235,1562,0,0
2026-05-21 12:00:00,1.16236,1.16288,1.16199,1.16279,1374,0,0
2026-05-21 12:15:00,1.16279,1.16319,1.16268,1.16317,1301,1,0
2026-05-21 12:30:00,1.16317,1.16334,1.16262,1.16272,917,0,0
2026-05-21 12:45:00,1.16272,1.16296,1.1625,1.16273,997,2,0
2026-05-21 13:00:00,1.16273,1.16302,1.16235,1.16243,862,1,0
2026-05-21 13:15:00,1.16242,1.16251,1.16085,1.16133,1713,0,0
2026-05-21 13:30:00,1.16133,1.16136,1.15995,1.16063,2143,0,0
2026-05-21 13:45:00,1.16063,1.16107,1.16028,1.16072,1662,0,0
2026-05-21 14:00:00,1.16072,1.16123,1.16061,1.16089,1112,0,0
2026-05-21 14:15:00,1.16089,1.1616,1.16079,1.16129,1471,0,0
2026-05-21 14:30:00,1.16129,1.16144,1.16067,1.16074,810,1,0
2026-05-21 14:45:00,1.16074,1.16077,1.15953,1.15988,1021,0,0
2026-05-21 15:00:00,1.15989,1.16033,1.15949,1.15974,1225,2,0
2026-05-21 15:15:00,1.15974,1.15985,1.15928,1.15946,1209,2,0
2026-05-21 15:30:00,1.15946,1.16064,1.15941,1.16064,1973,0,0
2026-05-21 15:45:00,1.16064,1.1609,1.15962,1.15972,1387,0,0
2026-05-21 16:00:00,1.15972,1.16,1.15929,1.15954,1170,1,0
2026-05-21 16:15:00,1.15954,1.15957,1.15873,1.15893,1098,1,0
2026-05-21 16:30:00,1.15895,1.15901,1.15763,1.15782,1595,0,0
2026-05-21 16:45:00,1.15782,1.1601,1.15779,1.15946,2209,0,0
2026-05-21 17:00:00,1.15946,1.15956,1.15881,1.15927,1679,0,0
2026-05-21 17:15:00,1.15926,1.15938,1.15842,1.15887,1689,0,0
2026-05-21 17:30:00,1.15887,1.15946,1.15859,1.15902,1415,0,0
2026-05-21 17:45:00,1.15903,1.15965,1.15897,1.15928,1424,1,0
2026-05-21 18:00:00,1.15928,1.15938,1.15821,1.15878,1926,0,0
2026-05-21 18:15:00,1.15878,1.15893,1.1585,1.15855,1201,0,0
2026-05-21 18:30:00,1.15854,1.15884,1.15828,1.15832,1008,1,0
2026-05-21 18:45:00,1.15831,1.15889,1.1583,1.15883,762,2,0
2026-05-21 19:00:00,1.15884,1.15918,1.15844,1.15883,1073,0,0
2026-05-21 19:15:00,1.15883,1.1593499999999999,1.15865,1.15932,808,1,0
2026-05-21 19:30:00,1.15933,1.15957,1.15922,1.15952,578,0,0
2026-05-21 19:45:00,1.15953,1.15963,1.15937,1.15952,711,2,0
2026-05-21 20:00:00,1.15952,1.16024,1.15927,1.16018,1539,0,0
2026-05-21 20:15:00,1.16019,1.1620300000000001,1.16018,1.16182,2723,0,0
2026-05-21 20:30:00,1.16182,1.16244,1.16146,1.16233,1551,0,0
2026-05-21 20:45:00,1.16233,1.16299,1.16196,1.16248,1369,0,0
2026-05-21 21:00:00,1.16247,1.16299,1.16188,1.16225,1601,0,0
2026-05-21 21:15:00,1.16226,1.16277,1.16205,1.16261,844,1,0
2026-05-21 21:30:00,1.16262,1.16271,1.16236,1.16247,661,0,0
2026-05-21 21:45:00,1.16247,1.16253,1.16071,1.16113,2238,0,0
2026-05-21 22:00:00,1.16109,1.16163,1.16097,1.16147,1097,0,0
2026-05-21 22:15:00,1.16148,1.16207,1.16147,1.16198,602,0,0
2026-05-21 22:30:00,1.16198,1.1623999999999999,1.1618,1.16181,630,2,0
2026-05-21 22:45:00,1.16181,1.16241,1.16141,1.16211,1000,0,0
2026-05-21 23:00:00,1.1621,1.16226,1.16164,1.16173,468,3,0
2026-05-21 23:15:00,1.16172,1.16196,1.16158,1.16183,204,3,0
2026-05-21 23:30:00,1.16184,1.16185,1.16159,1.16173,197,3,0
2026-05-21 23:45:00,1.16173,1.16188,1.16163,1.16173,256,3,0
2026-05-22 00:00:00,1.16177,1.16224,1.1615,1.1621,332,4,0
2026-05-22 00:15:00,1.1621,1.16218,1.16204,1.16206,119,13,0
2026-05-22 00:30:00,1.16206,1.16209,1.16172,1.16177,261,5,0
2026-05-22 00:45:00,1.16177,1.16195,1.16176,1.16186,242,0,0
2026-05-22 01:00:00,1.16181,1.16214,1.1615,1.16163,162,0,0
2026-05-22 01:15:00,1.16163,1.1617,1.16161,1.16166,100,3,0
2026-05-22 01:30:00,1.16166,1.16187,1.16165,1.16183,88,3,0
2026-05-22 01:45:00,1.16183,1.16189,1.16172,1.16172,94,3,0
2026-05-22 02:00:00,1.16172,1.16184,1.16171,1.16176,87,3,0
2026-05-22 02:15:00,1.16177,1.16178,1.16158,1.16171,107,3,0
2026-05-22 02:30:00,1.1616900000000001,1.16173,1.16165,1.16168,92,3,0
2026-05-22 02:45:00,1.16168,1.1619,1.16168,1.16177,171,3,0
2026-05-22 03:00:00,1.16178,1.1618,1.16133,1.16137,523,1,0
2026-05-22 03:15:00,1.16138,1.16149,1.16129,1.1614,408,2,0
2026-05-22 03:30:00,1.1614,1.1615,1.16123,1.16148,277,1,0
2026-05-22 03:45:00,1.16148,1.16161,1.16134,1.16144,364,2,0
2026-05-22 04:00:00,1.16143,1.16153,1.16124,1.16144,416,2,0
2026-05-22 04:15:00,1.16144,1.16157,1.16121,1.16139,354,2,0
2026-05-22 04:30:00,1.16139,1.16149,1.16122,1.16139,444,2,0
2026-05-22 04:45:00,1.16139,1.16156,1.16098,1.16099,365,2,0
2026-05-22 05:00:00,1.16097,1.16117,1.16095,1.16107,288,2,0
2026-05-22 05:15:00,1.16107,1.16119,1.16102,1.16113,252,2,0
2026-05-22 05:30:00,1.16114,1.1614200000000001,1.16112,1.16134,214,2,0
2026-05-22 05:45:00,1.16134,1.1614200000000001,1.16099,1.16117,291,2,0
2026-05-22 06:00:00,1.16116,1.16129,1.16088,1.16092,255,2,0
2026-05-22 06:15:00,1.16092,1.16109,1.16086,1.16102,247,2,0
2026-05-22 06:30:00,1.16102,1.16115,1.16102,1.16115,290,2,0
2026-05-22 06:45:00,1.16115,1.16122,1.16106,1.16119,224,2,0
2026-05-22 07:00:00,1.1611799999999999,1.16143,1.16112,1.1614,235,2,0
2026-05-22 07:15:00,1.1614,1.16149,1.16131,1.16135,194,2,0
2026-05-22 07:30:00,1.16135,1.1614,1.16129,1.16134,119,2,0
2026-05-22 07:45:00,1.16134,1.16154,1.16132,1.1615199999999999,157,2,0
2026-05-22 08:00:00,1.16151,1.16167,1.16147,1.1615,248,2,0
2026-05-22 08:15:00,1.1615,1.16156,1.1614200000000001,1.16145,209,2,0
2026-05-22 08:30:00,1.16145,1.16155,1.16137,1.16147,246,2,0
2026-05-22 08:45:00,1.16147,1.1616900000000001,1.16071,1.16092,561,2,0
2026-05-22 09:00:00,1.16092,1.16145,1.16075,1.16124,706,0,0
2026-05-22 09:15:00,1.16123,1.16129,1.16092,1.16122,703,1,0
2026-05-22 09:30:00,1.16122,1.16124,1.16052,1.16095,667,2,0
2026-05-22 09:45:00,1.16095,1.1610800000000001,1.1605699999999999,1.16098,615,0,0
2026-05-22 10:00:00,1.16098,1.16098,1.16013,1.16019,703,0,0
2026-05-22 10:15:00,1.16019,1.16085,1.16018,1.16084,468,1,0
2026-05-22 10:30:00,1.16084,1.16084,1.16046,1.16064,679,0,0
2026-05-22 10:45:00,1.16063,1.16094,1.16051,1.16083,477,1,0
2026-05-22 11:00:00,1.16083,1.16104,1.16058,1.16061,500,2,0
2026-05-22 11:15:00,1.16061,1.16157,1.16061,1.16112,1037,0,0
2026-05-22 11:30:00,1.16112,1.16122,1.16032,1.16072,964,0,0
2026-05-22 11:45:00,1.16072,1.16102,1.16059,1.16078,624,0,0
2026-05-22 12:00:00,1.16077,1.16079,1.15992,1.15997,587,1,0
2026-05-22 12:15:00,1.15997,1.16009,1.1596,1.15993,592,1,0
2026-05-22 12:30:00,1.15993,1.16039,1.15982,1.16022,564,0,0
2026-05-22 12:45:00,1.16023,1.1605699999999999,1.16022,1.16041,517,2,0
2026-05-22 13:00:00,1.16042,1.16078,1.16027,1.16036,437,0,0
2026-05-22 13:15:00,1.16036,1.16058,1.16001,1.16002,385,0,0
2026-05-22 13:30:00,1.16002,1.16012,1.15972,1.15984,566,2,0
2026-05-22 13:45:00,1.15984,1.15994,1.15951,1.15973,606,2,0
2026-05-22 14:00:00,1.15973,1.15976,1.15933,1.15954,652,1,0
2026-05-22 14:15:00,1.15954,1.1596899999999999,1.15936,1.15938,431,0,0
2026-05-22 14:30:00,1.15939,1.15987,1.15933,1.1598,466,0,0
2026-05-22 14:45:00,1.1598,1.16021,1.15955,1.15964,944,0,0
2026-05-22 15:00:00,1.15964,1.16068,1.15944,1.16046,1426,0,0
2026-05-22 15:15:00,1.16045,1.1607,1.15964,1.15984,1346,0,0
2026-05-22 15:30:00,1.15984,1.1601,1.15977,1.16,666,1,0
2026-05-22 15:45:00,1.16,1.16048,1.16,1.16043,629,1,0
2026-05-22 16:00:00,1.16041,1.16183,1.16038,1.16128,1627,0,0
2026-05-22 16:15:00,1.16128,1.1614,1.16076,1.1611,946,0,0
2026-05-22 16:30:00,1.16111,1.16115,1.16024,1.16041,1469,0,0
2026-05-22 16:45:00,1.16041,1.1605699999999999,1.15993,1.16036,965,1,0
2026-05-22 17:00:00,1.16036,1.16038,1.15891,1.1589800000000001,1736,0,0
2026-05-22 17:15:00,1.1589800000000001,1.15965,1.15881,1.15965,1066,0,0
2026-05-22 17:30:00,1.15965,1.16018,1.15954,1.16008,1173,0,0
2026-05-22 17:45:00,1.16007,1.16023,1.15947,1.15977,1078,1,0
2026-05-22 18:00:00,1.15976,1.16048,1.15957,1.16034,1061,1,0
2026-05-22 18:15:00,1.16034,1.16055,1.15993,1.16026,836,0,0
2026-05-22 18:30:00,1.16026,1.16039,1.15981,1.16009,1008,0,0
2026-05-22 18:45:00,1.16009,1.16044,1.15993,1.16027,737,1,0
2026-05-22 19:00:00,1.16027,1.16077,1.15994,1.16068,882,0,0
2026-05-22 19:15:00,1.16068,1.16092,1.16052,1.16092,733,0,0
2026-05-22 19:30:00,1.16092,1.16106,1.16054,1.16067,601,2,0
2026-05-22 19:45:00,1.16067,1.16111,1.16067,1.16111,545,1,0
2026-05-22 20:00:00,1.16111,1.1615199999999999,1.1611,1.16135,669,2,0
2026-05-22 20:15:00,1.16135,1.16171,1.16086,1.16162,1151,0,0
2026-05-22 20:30:00,1.16163,1.16191,1.16111,1.16132,1144,0,0
2026-05-22 20:45:00,1.16132,1.16151,1.16106,1.16133,653,1,0
2026-05-22 21:00:00,1.16133,1.16149,1.16093,1.16117,677,0,0
2026-05-22 21:15:00,1.16116,1.16122,1.161,1.16104,415,1,0
2026-05-22 21:30:00,1.16104,1.16151,1.16093,1.16117,457,0,0
2026-05-22 21:45:00,1.16117,1.16141,1.16109,1.16117,342,2,0
2026-05-22 22:00:00,1.16117,1.16138,1.1608,1.16085,691,0,0
2026-05-22 22:15:00,1.16085,1.16102,1.1608,1.16082,400,2,0
2026-05-22 22:30:00,1.16082,1.16088,1.16066,1.16068,450,1,0
2026-05-22 22:45:00,1.16068,1.16073,1.16051,1.16059,350,0,0
2026-05-22 23:00:00,1.16058,1.16065,1.1604,1.16046,258,0,0
2026-05-22 23:15:00,1.16046,1.1605699999999999,1.16033,1.16037,154,3,0
2026-05-22 23:30:00,1.16037,1.16038,1.15997,1.16014,242,0,0
2026-05-22 23:45:00,1.16014,1.16034,1.15978,1.16032,490,0,0
2026-05-25 00:00:00,1.16373,1.16405,1.16363,1.16382,157,0,0
2026-05-25 00:15:00,1.16382,1.1638600000000001,1.16355,1.16378,242,0,0
2026-05-25 00:30:00,1.16373,1.16374,1.16312,1.16327,183,6,0
2026-05-25 00:45:00,1.16327,1.16343,1.16302,1.1633,165,7,0
2026-05-25 01:00:00,1.1633,1.16374,1.16309,1.1636,489,0,0
2026-05-25 01:15:00,1.1636,1.16417,1.16343,1.16406,333,2,0
2026-05-25 01:30:00,1.16406,1.16439,1.16403,1.16436,350,2,0
2026-05-25 01:45:00,1.16436,1.1644700000000001,1.16416,1.1643,204,3,0
2026-05-25 02:00:00,1.1643,1.16459,1.1643,1.16446,281,2,0
2026-05-25 02:15:00,1.16446,1.16456,1.1644,1.1645,145,3,0
2026-05-25 02:30:00,1.1645,1.16453,1.16439,1.16446,224,1,0
2026-05-25 02:45:00,1.16446,1.16454,1.16412,1.16416,376,2,0
2026-05-25 03:00:00,1.16417,1.16422,1.16379,1.16391,573,1,0
2026-05-25 03:15:00,1.16391,1.16424,1.16382,1.16418,500,0,0
2026-05-25 03:30:00,1.16418,1.16432,1.16385,1.16393,284,2,0
2026-05-25 03:45:00,1.16393,1.16489,1.16352,1.16366,954,0,0
2026-05-25 04:00:00,1.16366,1.16437,1.16354,1.16433,846,0,0
2026-05-25 04:15:00,1.16433,1.1647,1.16428,1.16461,597,1,0
2026-05-25 04:30:00,1.16461,1.16461,1.16395,1.16401,615,1,0
2026-05-25 04:45:00,1.16401,1.16416,1.16383,1.1639,376,2,0
2026-05-25 05:00:00,1.16391,1.16425,1.16389,1.16403,432,2,0
2026-05-25 05:15:00,1.16403,1.16422,1.16395,1.16416,251,2,0
2026-05-25 05:30:00,1.16416,1.16418,1.16394,1.16404,240,2,0
2026-05-25 05:45:00,1.16404,1.16408,1.16366,1.16375,254,2,0
2026-05-25 06:00:00,1.16375,1.16395,1.1636,1.16373,388,2,0
2026-05-25 06:15:00,1.16373,1.16389,1.1636199999999999,1.16372,395,2,0
2026-05-25 06:30:00,1.16373,1.16397,1.16372,1.16375,322,2,0
2026-05-25 06:45:00,1.16375,1.16376,1.1635900000000001,1.16372,319,2,0
2026-05-25 07:00:00,1.16372,1.16377,1.16355,1.16363,263,2,0
2026-05-25 07:15:00,1.16364,1.16372,1.1635900000000001,1.16369,258,2,0
2026-05-25 07:30:00,1.16369,1.164,1.16369,1.164,300,0,0
2026-05-25 07:45:00,1.164,1.16437,1.164,1.1642000000000001,250,1,0
2026-05-25 08:00:00,1.1642000000000001,1.16452,1.1641,1.1643,446,2,0
2026-05-25 08:15:00,1.1643,1.16435,1.16421,1.16432,207,2,0
2026-05-25 08:30:00,1.16432,1.1644700000000001,1.1642000000000001,1.16428,289,2,0
2026-05-25 08:45:00,1.16428,1.16438,1.16379,1.16391,317,2,0
2026-05-25 09:00:00,1.1639,1.16407,1.1638,1.16406,445,2,0
2026-05-25 09:15:00,1.16406,1.16412,1.16376,1.16388,438,2,0
2026-05-25 09:30:00,1.16388,1.16426,1.16374,1.16407,409,1,0
2026-05-25 09:45:00,1.16407,1.1644700000000001,1.16398,1.16408,485,2,0
2026-05-25 10:00:00,1.1641,1.16419,1.16356,1.16368,719,0,0
2026-05-25 10:15:00,1.16368,1.1637,1.16295,1.16337,869,0,0
2026-05-25 10:30:00,1.16338,1.16381,1.16334,1.16355,652,1,0
2026-05-25 10:45:00,1.16353,1.16374,1.16338,1.16374,390,0,0
2026-05-25 11:00:00,1.16374,1.16404,1.1633,1.16393,538,0,0
2026-05-25 11:15:00,1.16392,1.16407,1.16383,1.16403,310,2,0
2026-05-25 11:30:00,1.16403,1.16442,1.16401,1.16422,556,2,0
2026-05-25 11:45:00,1.16422,1.16442,1.1642000000000001,1.16437,388,2,0
2026-05-25 12:00:00,1.16436,1.16452,1.16412,1.16415,309,0,0
2026-05-25 12:15:00,1.16415,1.16438,1.16401,1.16422,242,2,0
2026-05-25 12:30:00,1.16422,1.1644700000000001,1.1642000000000001,1.16446,218,2,0
2026-05-25 12:45:00,1.16446,1.1644700000000001,1.16404,1.16415,231,2,0
2026-05-25 13:00:00,1.16414,1.16432,1.16412,1.16426,299,2,0
2026-05-25 13:15:00,1.16426,1.16442,1.16418,1.16418,308,2,0
2026-05-25 13:30:00,1.16418,1.16438,1.16413,1.16437,238,2,0
2026-05-25 13:45:00,1.16438,1.16439,1.16417,1.16428,268,2,0
2026-05-25 14:00:00,1.16428,1.16429,1.16403,1.16417,265,2,0
2026-05-25 14:15:00,1.16417,1.1644700000000001,1.16416,1.16444,279,2,0
2026-05-25 14:30:00,1.16444,1.16499,1.16442,1.16497,485,0,0
2026-05-25 14:45:00,1.16497,1.16506,1.16434,1.16438,630,0,0
2026-05-25 15:00:00,1.16438,1.16462,1.16426,1.1645699999999999,427,1,0
2026-05-25 15:15:00,1.1645699999999999,1.16468,1.16435,1.1644,440,0,0
2026-05-25 15:30:00,1.1644,1.16505,1.1644,1.16503,492,0,0
2026-05-25 15:45:00,1.16503,1.16527,1.16474,1.1648100000000001,478,0,0
2026-05-25 16:00:00,1.1648100000000001,1.16497,1.16462,1.16471,461,0,0
2026-05-25 16:15:00,1.16471,1.16472,1.16438,1.1644,356,1,0
2026-05-25 16:30:00,1.1644,1.16444,1.16414,1.16417,515,1,0
2026-05-25 16:45:00,1.16417,1.16429,1.16387,1.16387,310,2,0
2026-05-25 17:00:00,1.16387,1.16418,1.16383,1.16393,354,0,0
2026-05-25 17:15:00,1.16393,1.16429,1.16393,1.16412,318,2,0
2026-05-25 17:30:00,1.16412,1.1644700000000001,1.16401,1.16444,295,1,0
2026-05-25 17:45:00,1.16444,1.16463,1.16407,1.16419,518,0,0
2026-05-25 18:00:00,1.1642000000000001,1.16485,1.16395,1.16442,841,0,0
2026-05-25 18:15:00,1.16442,1.16478,1.16437,1.16455,381,1,0
2026-05-25 18:30:00,1.16455,1.16458,1.1644,1.1645,227,2,0
2026-05-25 18:45:00,1.1645,1.1645699999999999,1.16419,1.1642000000000001,236,1,0
2026-05-25 19:00:00,1.16422,1.16426,1.16378,1.16398,335,2,0
2026-05-25 19:15:00,1.16398,1.16399,1.1638,1.16382,233,0,0
2026-05-25 19:30:00,1.16382,1.16394,1.16366,1.16382,418,2,0
2026-05-25 19:45:00,1.16382,1.16415,1.16382,1.1641,243,0,0
2026-05-25 20:00:00,1.1641,1.16424,1.16402,1.1642000000000001,131,2,0
2026-05-25 20:15:00,1.16421,1.16441,1.1642000000000001,1.16437,198,2,0
2026-05-25 20:30:00,1.16437,1.16439,1.16425,1.16431,157,2,0
2026-05-25 20:45:00,1.16431,1.16435,1.16416,1.16432,123,2,0
2026-05-25 21:00:00,1.16432,1.16438,1.1642000000000001,1.16433,119,2,0
2026-05-25 21:15:00,1.16433,1.16436,1.1642299999999999,1.16424,184,2,0
2026-05-25 21:30:00,1.16424,1.16431,1.16414,1.1642000000000001,74,2,0
2026-05-25 21:45:00,1.1642000000000001,1.16438,1.1642000000000001,1.16434,82,2,0
2026-05-25 22:00:00,1.16434,1.16435,1.1642000000000001,1.1642299999999999,66,2,0
2026-05-25 22:15:00,1.1642299999999999,1.16431,1.16422,1.16429,88,2,0
2026-05-25 22:30:00,1.1643,1.16436,1.16421,1.16428,128,2,0
2026-05-25 22:45:00,1.16428,1.16428,1.16417,1.1642000000000001,103,2,0
2026-05-25 23:00:00,1.16419,1.1643,1.16419,1.16429,107,3,0
2026-05-25 23:15:00,1.16429,1.16432,1.16418,1.1643,90,3,0
2026-05-25 23:30:00,1.1643,1.16433,1.16413,1.1642299999999999,158,3,0
2026-05-25 23:45:00,1.1642299999999999,1.16434,1.16422,1.16432,153,3,0
2026-05-26 00:00:00,1.16426,1.16427,1.16387,1.164,439,21,0
2026-05-26 00:15:00,1.164,1.16411,1.16382,1.16403,91,16,0
2026-05-26 00:30:00,1.16403,1.16448,1.16389,1.1639,193,3,0
2026-05-26 00:45:00,1.1639,1.16399,1.1635900000000001,1.16395,170,7,0
2026-05-26 01:00:00,1.16395,1.16427,1.16384,1.16407,359,3,0
2026-05-26 01:15:00,1.16407,1.1641,1.16395,1.16398,118,3,0
2026-05-26 01:30:00,1.16398,1.16411,1.1639,1.16411,81,3,0
2026-05-26 01:45:00,1.16411,1.16416,1.16406,1.16406,121,3,0
2026-05-26 02:00:00,1.16406,1.16425,1.16406,1.16422,109,3,0
2026-05-26 02:15:00,1.16422,1.16431,1.16405,1.16408,172,3,0
2026-05-26 02:30:00,1.16408,1.16408,1.1637,1.16373,171,3,0
2026-05-26 02:45:00,1.16373,1.1639599999999999,1.16355,1.16357,269,1,0
2026-05-26 03:00:00,1.16357,1.16397,1.16347,1.16382,800,0,0
2026-05-26 03:15:00,1.16382,1.16388,1.16338,1.16355,574,2,0
2026-05-26 03:30:00,1.16356,1.16365,1.16349,1.16358,347,2,0
2026-05-26 03:45:00,1.16358,1.16394,1.16352,1.1638600000000001,517,0,0
2026-05-26 04:00:00,1.1638600000000001,1.16397,1.16349,1.16393,630,2,0
2026-05-26 04:15:00,1.16393,1.1639599999999999,1.16361,1.16366,384,2,0
2026-05-26 04:30:00,1.16366,1.16368,1.16302,1.16311,506,2,0
2026-05-26 04:45:00,1.16312,1.16342,1.16307,1.16338,382,2,0
2026-05-26 05:00:00,1.16338,1.1635,1.16323,1.1632500000000001,343,2,0
2026-05-26 05:15:00,1.1632500000000001,1.16338,1.16321,1.16329,227,2,0
2026-05-26 05:30:00,1.16329,1.16341,1.16315,1.16316,262,2,0
2026-05-26 05:45:00,1.16316,1.16344,1.16311,1.16338,233,2,0
2026-05-26 06:00:00,1.16338,1.16352,1.16336,1.16347,235,2,0
2026-05-26 06:15:00,1.16346,1.16372,1.16344,1.16345,189,2,0
2026-05-26 06:30:00,1.16345,1.16352,1.16343,1.16349,203,2,0
2026-05-26 06:45:00,1.16349,1.1636,1.16341,1.16358,192,0,0
2026-05-26 07:00:00,1.16357,1.1635900000000001,1.16332,1.16357,142,2,0
2026-05-26 07:15:00,1.16357,1.16357,1.1633,1.16331,114,2,0
2026-05-26 07:30:00,1.16331,1.16342,1.16321,1.16327,212,2,0
2026-05-26 07:45:00,1.16327,1.16331,1.16292,1.16295,199,1,0
2026-05-26 08:00:00,1.16296,1.16302,1.16285,1.16289,297,1,0
2026-05-26 08:15:00,1.16289,1.16297,1.16279,1.16295,221,2,0
2026-05-26 08:30:00,1.16295,1.16306,1.16288,1.16297,362,1,0
2026-05-26 08:45:00,1.16296,1.1629800000000001,1.1627399999999999,1.16279,304,1,0
2026-05-26 09:00:00,1.16279,1.163,1.16271,1.1629800000000001,438,2,0
2026-05-26 09:15:00,1.1629800000000001,1.16355,1.16287,1.16327,638,0,0
2026-05-26 09:30:00,1.16327,1.1636199999999999,1.1632500000000001,1.1636,544,0,0
2026-05-26 09:45:00,1.16361,1.16374,1.16338,1.16351,522,1,0
2026-05-26 10:00:00,1.16353,1.16363,1.1623999999999999,1.1630099999999999,855,0,0
2026-05-26 10:15:00,1.1630099999999999,1.16339,1.16289,1.16339,514,0,0
2026-05-26 10:30:00,1.16339,1.16403,1.16326,1.16356,873,0,0
2026-05-26 10:45:00,1.16356,1.16397,1.16334,1.1637,572,0,0
2026-05-26 11:00:00,1.1637,1.16405,1.1635,1.1638600000000001,628,0,0
2026-05-26 11:15:00,1.1638600000000001,1.1642000000000001,1.16374,1.16392,488,1,0
2026-05-26 11:30:00,1.16392,1.16412,1.16347,1.16347,541,2,0
2026-05-26 11:45:00,1.16347,1.16411,1.16342,1.16363,494,0,0
2026-05-26 12:00:00,1.16363,1.1639,1.16323,1.16379,613,0,0
2026-05-26 12:15:00,1.16379,1.16422,1.16368,1.16417,593,0,0
2026-05-26 12:30:00,1.16418,1.16433,1.16397,1.16409,439,0,0
2026-05-26 12:45:00,1.16408,1.1644,1.16399,1.16426,421,1,0
2026-05-26 13:00:00,1.16426,1.16436,1.16397,1.16426,371,0,0
2026-05-26 13:15:00,1.16426,1.16434,1.16407,1.16428,454,0,0
2026-05-26 13:30:00,1.16428,1.16451,1.16376,1.16404,805,0,0
2026-05-26 13:45:00,1.16404,1.16434,1.16393,1.16413,512,0,0
2026-05-26 14:00:00,1.16415,1.1644700000000001,1.16402,1.16432,416,1,0
2026-05-26 14:15:00,1.16432,1.16444,1.16397,1.164,488,0,0
2026-05-26 14:30:00,1.16401,1.1642000000000001,1.16348,1.16349,712,0,0
2026-05-26 14:45:00,1.16349,1.16364,1.16334,1.16346,522,1,0
2026-05-26 15:00:00,1.16346,1.1636,1.1631,1.16337,786,0,0
2026-05-26 15:15:00,1.16337,1.16351,1.16322,1.16351,487,2,0
2026-05-26 15:30:00,1.16351,1.16366,1.16332,1.16339,523,1,0
2026-05-26 15:45:00,1.16339,1.16346,1.16315,1.16319,604,0,0
2026-05-26 16:00:00,1.16319,1.16329,1.16284,1.16308,683,1,0
2026-05-26 16:15:00,1.16308,1.1633,1.16265,1.16267,751,2,0
2026-05-26 16:30:00,1.16267,1.1630099999999999,1.16254,1.1628,1137,1,0
2026-05-26 16:45:00,1.1628,1.16312,1.16172,1.16255,1293,0,0
2026-05-26 17:00:00,1.16256,1.1629800000000001,1.1622,1.16247,978,1,0
2026-05-26 17:15:00,1.16247,1.1626400000000001,1.16212,1.16244,856,1,0
2026-05-26 17:30:00,1.16241,1.16289,1.16227,1.16259,1037,0,0
2026-05-26 17:45:00,1.16259,1.16286,1.16237,1.16249,1011,0,0
2026-05-26 18:00:00,1.16249,1.16257,1.16198,1.16226,1062,1,0
2026-05-26 18:15:00,1.16226,1.16229,1.16174,1.16207,820,0,0
2026-05-26 18:30:00,1.16207,1.16222,1.16162,1.16197,879,0,0
2026-05-26 18:45:00,1.16197,1.1622,1.16188,1.16193,864,0,0
2026-05-26 19:00:00,1.16193,1.16258,1.16193,1.16249,548,2,0
2026-05-26 19:15:00,1.16249,1.16288,1.16245,1.16271,433,1,0
2026-05-26 19:30:00,1.16271,1.16295,1.16249,1.16252,454,0,0
2026-05-26 19:45:00,1.16252,1.16261,1.16224,1.16238,488,1,0
2026-05-26 20:00:00,1.16238,1.16275,1.16228,1.1626400000000001,422,0,0
2026-05-26 20:15:00,1.1626400000000001,1.16276,1.16239,1.16239,454,2,0
2026-05-26 20:30:00,1.16239,1.1626,1.16222,1.16228,406,0,0
2026-05-26 20:45:00,1.16228,1.16242,1.1621299999999999,1.16239,286,1,0
2026-05-26 21:00:00,1.1623999999999999,1.16265,1.16233,1.16259,300,1,0
2026-05-26 21:15:00,1.16259,1.16273,1.16254,1.16269,281,2,0
2026-05-26 21:30:00,1.16269,1.16286,1.16263,1.16278,336,1,0
2026-05-26 21:45:00,1.16278,1.16309,1.16278,1.16294,291,2,0
2026-05-26 22:00:00,1.16294,1.163,1.16273,1.16283,360,1,0
2026-05-26 22:15:00,1.16283,1.16304,1.1628,1.16293,285,1,0
2026-05-26 22:30:00,1.16293,1.16317,1.16293,1.16311,205,0,0
2026-05-26 22:45:00,1.16311,1.1632500000000001,1.16306,1.16319,365,2,0
2026-05-26 23:00:00,1.16319,1.16327,1.16312,1.16319,212,2,0
2026-05-26 23:15:00,1.16319,1.16322,1.16302,1.16302,112,3,0
2026-05-26 23:30:00,1.16302,1.16319,1.16302,1.16309,160,3,0
2026-05-26 23:45:00,1.16309,1.16319,1.16306,1.16319,193,3,0
2026-05-27 00:00:00,1.16275,1.16299,1.16235,1.16296,364,3,0
2026-05-27 00:15:00,1.16296,1.16307,1.16295,1.16305,160,18,0
2026-05-27 00:30:00,1.16305,1.16313,1.1629,1.16299,617,8,0
2026-05-27 00:45:00,1.163,1.1631,1.1629,1.1631,666,8,0
2026-05-27 01:00:00,1.1631,1.1633,1.16306,1.16318,280,0,0
2026-05-27 01:15:00,1.16318,1.16328,1.16313,1.16322,183,3,0
2026-05-27 01:30:00,1.16322,1.16328,1.16317,1.16327,86,3,0
2026-05-27 01:45:00,1.16327,1.16332,1.16326,1.16331,75,3,0
2026-05-27 02:00:00,1.16331,1.16339,1.16329,1.16337,59,3,0
2026-05-27 02:15:00,1.16337,1.16368,1.16337,1.16367,117,2,0
2026-05-27 02:30:00,1.16367,1.16392,1.1636199999999999,1.16392,61,3,0
2026-05-27 02:45:00,1.16392,1.1639599999999999,1.1636,1.16363,186,3,0
2026-05-27 03:00:00,1.16363,1.16389,1.1635900000000001,1.1638600000000001,461,2,0
2026-05-27 03:15:00,1.16387,1.16403,1.16378,1.16392,321,1,0
2026-05-27 03:30:00,1.16393,1.16398,1.16375,1.16388,317,2,0
2026-05-27 03:45:00,1.16388,1.16404,1.16375,1.16379,518,1,0
2026-05-27 04:00:00,1.16379,1.16392,1.16372,1.16387,406,1,0
2026-05-27 04:15:00,1.16387,1.16393,1.16367,1.1637,247,1,0
2026-05-27 04:30:00,1.1637,1.1637,1.16326,1.16346,587,2,0
2026-05-27 04:45:00,1.16345,1.16348,1.16329,1.16339,305,2,0
2026-05-27 05:00:00,1.16338,1.16382,1.16338,1.1635900000000001,526,1,0
2026-05-27 05:15:00,1.1635900000000001,1.16371,1.16343,1.16347,248,2,0
2026-05-27 05:30:00,1.16347,1.1636199999999999,1.16339,1.16342,300,0,0
2026-05-27 05:45:00,1.16342,1.16384,1.16342,1.16383,282,2,0
2026-05-27 06:00:00,1.16383,1.16424,1.16382,1.1639,306,2,0
2026-05-27 06:15:00,1.1639,1.1639599999999999,1.16377,1.1639,189,2,0
2026-05-27 06:30:00,1.1639,1.1639599999999999,1.16367,1.1638,193,2,0
2026-05-27 06:45:00,1.1638,1.16392,1.1637,1.16387,176,2,0
2026-05-27 07:00:00,1.16387,1.16401,1.16382,1.16398,168,2,0
2026-05-27 07:15:00,1.16398,1.16408,1.16395,1.16395,154,1,0
2026-05-27 07:30:00,1.16395,1.16417,1.16392,1.16417,213,1,0
2026-05-27 07:45:00,1.16418,1.1642299999999999,1.16401,1.16412,216,1,0
2026-05-27 08:00:00,1.16412,1.16434,1.16407,1.16427,345,1,0
2026-05-27 08:15:00,1.16427,1.16444,1.16415,1.16438,295,2,0
2026-05-27 08:30:00,1.16438,1.16442,1.16406,1.16412,431,2,0
2026-05-27 08:45:00,1.16412,1.16428,1.1638600000000001,1.16395,449,0,0
2026-05-27 09:00:00,1.16395,1.16413,1.16372,1.16385,600,0,0
2026-05-27 09:15:00,1.16385,1.16409,1.16376,1.16401,637,1,0
2026-05-27 09:30:00,1.16401,1.16463,1.1638600000000001,1.16463,728,2,0
2026-05-27 09:45:00,1.16463,1.16492,1.16442,1.16454,738,1,0
2026-05-27 10:00:00,1.16456,1.16488,1.16442,1.16446,914,0,0
2026-05-27 10:15:00,1.16446,1.16463,1.16421,1.16453,660,0,0
2026-05-27 10:30:00,1.16452,1.16478,1.16436,1.16474,593,0,0
2026-05-27 10:45:00,1.16474,1.16476,1.164,1.16405,593,0,0
2026-05-27 11:00:00,1.16407,1.16445,1.16381,1.16435,864,2,0
2026-05-27 11:15:00,1.16436,1.16471,1.16424,1.16471,613,2,0
2026-05-27 11:30:00,1.1647,1.16471,1.16433,1.16458,511,2,0
2026-05-27 11:45:00,1.16458,1.16459,1.16429,1.16449,456,2,0
2026-05-27 12:00:00,1.16449,1.16454,1.16424,1.16438,612,0,0
2026-05-27 12:15:00,1.16439,1.16469,1.16437,1.16452,594,0,0
2026-05-27 12:30:00,1.16452,1.1645699999999999,1.16434,1.16443,367,2,0
2026-05-27 12:45:00,1.16443,1.16485,1.16439,1.16446,348,1,0
2026-05-27 13:00:00,1.16446,1.16446,1.16427,1.16436,400,1,0
2026-05-27 13:15:00,1.16436,1.1644,1.16364,1.16375,490,0,0
2026-05-27 13:30:00,1.16375,1.16405,1.1636,1.16383,540,0,0
2026-05-27 13:45:00,1.16384,1.16397,1.1635900000000001,1.16391,621,1,0
2026-05-27 14:00:00,1.16391,1.16406,1.1636199999999999,1.16404,613,1,0
2026-05-27 14:15:00,1.16404,1.16418,1.16366,1.16378,640,0,0
2026-05-27 14:30:00,1.16378,1.16393,1.16357,1.16385,608,2,0
2026-05-27 14:45:00,1.1638600000000001,1.16397,1.16328,1.16376,859,0,0
2026-05-27 15:00:00,1.16376,1.16394,1.1636,1.16372,919,0,0
2026-05-27 15:15:00,1.16372,1.166,1.16344,1.16561,3048,0,0
2026-05-27 15:30:00,1.16561,1.16614,1.16535,1.16536,2102,0,0
2026-05-27 15:45:00,1.16536,1.16551,1.16417,1.16437,1294,0,0
2026-05-27 16:00:00,1.16437,1.16479,1.16425,1.16452,1454,0,0
2026-05-27 16:15:00,1.16452,1.16476,1.16397,1.16411,1201,0,0
2026-05-27 16:30:00,1.1641,1.16458,1.16391,1.16418,1542,0,0
2026-05-27 16:45:00,1.16418,1.16462,1.16377,1.16413,1515,0,0
2026-05-27 17:00:00,1.16413,1.16488,1.16365,1.1648399999999999,1354,0,0
2026-05-27 17:15:00,1.1648399999999999,1.16522,1.16437,1.16488,1308,0,0
2026-05-27 17:30:00,1.16486,1.16517,1.16416,1.16487,1677,0,0
2026-05-27 17:45:00,1.16488,1.16507,1.16249,1.16254,2007,0,0
2026-05-27 18:00:00,1.16255,1.16339,1.16224,1.16333,1549,0,0
2026-05-27 18:15:00,1.16333,1.16344,1.16292,1.16338,1034,0,0
2026-05-27 18:30:00,1.16339,1.16363,1.1630099999999999,1.16307,1020,0,0
2026-05-27 18:45:00,1.16307,1.16337,1.16262,1.16302,899,0,0
2026-05-27 19:00:00,1.16302,1.16302,1.16241,1.16293,1009,0,0
2026-05-27 19:15:00,1.16293,1.1632,1.1628,1.16284,506,0,0
2026-05-27 19:30:00,1.16284,1.16326,1.16275,1.16312,536,2,0
2026-05-27 19:45:00,1.16311,1.16327,1.16303,1.16322,457,0,0
2026-05-27 20:00:00,1.16322,1.16329,1.16229,1.16232,863,0,0
2026-05-27 20:15:00,1.16232,1.16256,1.16221,1.16235,519,0,0
2026-05-27 20:30:00,1.16235,1.16259,1.16222,1.16253,484,2,0
2026-05-27 20:45:00,1.16253,1.16285,1.16252,1.16273,359,2,0
2026-05-27 21:00:00,1.16271,1.16273,1.1623,1.1623999999999999,393,2,0
2026-05-27 21:15:00,1.1623999999999999,1.16247,1.16225,1.16245,428,2,0
2026-05-27 21:30:00,1.16245,1.16281,1.16238,1.16278,402,1,0
2026-05-27 21:45:00,1.16278,1.16302,1.16265,1.16293,371,1,0
2026-05-27 22:00:00,1.16293,1.16314,1.16283,1.16302,288,1,0
2026-05-27 22:15:00,1.16302,1.16319,1.16296,1.16308,344,2,0
2026-05-27 22:30:00,1.16308,1.16316,1.16287,1.16288,333,0,0
2026-05-27 22:45:00,1.16288,1.1629800000000001,1.16267,1.16288,364,0,0
2026-05-27 23:00:00,1.16287,1.16305,1.16278,1.16285,264,3,0
2026-05-27 23:15:00,1.16285,1.16291,1.16276,1.16278,204,3,0
2026-05-27 23:30:00,1.16278,1.16289,1.16263,1.16277,176,3,0
2026-05-27 23:45:00,1.16277,1.16277,1.16253,1.16255,347,3,0
2026-05-28 00:00:00,1.16285,1.16299,1.1626,1.16291,100,21,0
2026-05-28 00:15:00,1.1629,1.16293,1.16279,1.16287,97,11,0
2026-05-28 00:30:00,1.16287,1.16295,1.16277,1.16289,289,8,0
2026-05-28 00:45:00,1.16289,1.16299,1.16253,1.16284,483,3,0
2026-05-28 01:00:00,1.16284,1.163,1.16269,1.1629800000000001,165,3,0
2026-05-28 01:15:00,1.1629800000000001,1.16302,1.16278,1.16279,129,3,0
2026-05-28 01:30:00,1.16279,1.16292,1.16267,1.16269,147,3,0
2026-05-28 01:45:00,1.16269,1.16269,1.16258,1.16259,111,3,0
2026-05-28 02:00:00,1.16259,1.16279,1.16255,1.16276,97,2,0
2026-05-28 02:15:00,1.16276,1.16285,1.16214,1.16215,275,1,0
2026-05-28 02:30:00,1.16216,1.16225,1.1620300000000001,1.16219,217,1,0
2026-05-28 02:45:00,1.16219,1.16219,1.16159,1.16173,288,0,0
2026-05-28 03:00:00,1.16173,1.16207,1.16165,1.16201,601,0,0
2026-05-28 03:15:00,1.16202,1.16233,1.16198,1.16231,416,1,0
2026-05-28 03:30:00,1.16231,1.16234,1.16195,1.16197,342,1,0
2026-05-28 03:45:00,1.16197,1.16212,1.16167,1.16205,456,2,0
2026-05-28 04:00:00,1.16205,1.16211,1.16178,1.16194,467,1,0
2026-05-28 04:15:00,1.16194,1.1620300000000001,1.16183,1.16184,400,1,0
2026-05-28 04:30:00,1.16185,1.16196,1.16159,1.16161,368,0,0
2026-05-28 04:45:00,1.16161,1.16161,1.16092,1.16098,484,0,0
2026-05-28 05:00:00,1.16099,1.16126,1.16094,1.16126,520,2,0
2026-05-28 05:15:00,1.16125,1.16141,1.1612,1.16135,217,2,0
2026-05-28 05:30:00,1.16135,1.16151,1.16112,1.16117,303,2,0
2026-05-28 05:45:00,1.16117,1.16127,1.16103,1.16125,378,2,0
2026-05-28 06:00:00,1.16126,1.16137,1.16056,1.16056,449,0,0
2026-05-28 06:15:00,1.16056,1.16056,1.16009,1.16011,678,0,0
2026-05-28 06:30:00,1.16011,1.16011,1.15926,1.1593,1078,0,0
2026-05-28 06:45:00,1.1593,1.15942,1.15871,1.15871,693,0,0
2026-05-28 07:00:00,1.15871,1.15912,1.15862,1.15909,676,0,0
2026-05-28 07:15:00,1.15909,1.15917,1.15879,1.15881,658,1,0
2026-05-28 07:30:00,1.15881,1.15927,1.15879,1.15916,442,2,0
2026-05-28 07:45:00,1.15916,1.15923,1.15903,1.15918,357,1,0
2026-05-28 08:00:00,1.15918,1.15932,1.1589,1.1590799999999999,466,0,0
2026-05-28 08:15:00,1.1590799999999999,1.15949,1.15901,1.15943,626,0,0
2026-05-28 08:30:00,1.15943,1.16001,1.15942,1.1599599999999999,762,2,0
2026-05-28 08:45:00,1.15997,1.1602000000000001,1.1599,1.1599,494,1,0
2026-05-28 09:00:00,1.15991,1.16048,1.15985,1.16041,800,1,0
2026-05-28 09:15:00,1.16041,1.16092,1.16031,1.16069,731,2,0
2026-05-28 09:30:00,1.16069,1.16097,1.16054,1.16077,582,2,0
2026-05-28 09:45:00,1.16077,1.16121,1.1606,1.16101,598,2,0
2026-05-28 10:00:00,1.16101,1.16176,1.16101,1.1617,873,1,0
2026-05-28 10:15:00,1.1617,1.1617,1.16123,1.16124,676,0,0
2026-05-28 10:30:00,1.16124,1.16138,1.161,1.16123,742,0,0
2026-05-28 10:45:00,1.16123,1.16138,1.16111,1.16116,518,2,0
2026-05-28 11:00:00,1.16116,1.16159,1.16092,1.1611,696,1,0
2026-05-28 11:15:00,1.1611,1.1612,1.16065,1.16094,663,2,0
2026-05-28 11:30:00,1.16095,1.16121,1.16089,1.16107,564,0,0
2026-05-28 11:45:00,1.16107,1.16168,1.16103,1.16156,497,0,0
2026-05-28 12:00:00,1.16156,1.16181,1.16144,1.1618,518,1,0
2026-05-28 12:15:00,1.1618,1.16191,1.16155,1.16178,469,1,0
2026-05-28 12:30:00,1.16178,1.16184,1.16143,1.16166,453,1,0
2026-05-28 12:45:00,1.16166,1.16178,1.16129,1.1613,540,1,0
2026-05-28 13:00:00,1.16129,1.16139,1.16089,1.16128,485,1,0
2026-05-28 13:15:00,1.16128,1.16155,1.16098,1.16145,581,0,0
2026-05-28 13:30:00,1.16145,1.16146,1.1605699999999999,1.16061,454,1,0
2026-05-28 13:45:00,1.16061,1.16107,1.16036,1.16036,882,0,0
2026-05-28 14:00:00,1.16035,1.16082,1.16033,1.16078,611,0,0
2026-05-28 14:15:00,1.16078,1.16111,1.16076,1.1610800000000001,425,0,0
2026-05-28 14:30:00,1.1610800000000001,1.1611799999999999,1.1608,1.16112,443,0,0
2026-05-28 14:45:00,1.16112,1.16227,1.16104,1.1616900000000001,891,0,0
2026-05-28 15:00:00,1.1616900000000001,1.16197,1.16156,1.16192,695,1,0
2026-05-28 15:15:00,1.16192,1.16256,1.16188,1.1623999999999999,721,0,0
2026-05-28 15:30:00,1.1623999999999999,1.16343,1.16237,1.1632500000000001,1443,0,0
2026-05-28 15:45:00,1.16324,1.16381,1.16319,1.16364,1168,0,0
2026-05-28 16:00:00,1.16364,1.16431,1.16326,1.16327,1245,0,0
2026-05-28 16:15:00,1.16327,1.16353,1.16326,1.16328,738,0,0
2026-05-28 16:30:00,1.16329,1.16385,1.1632,1.16374,1312,1,0
2026-05-28 16:45:00,1.16372,1.16384,1.1629,1.16305,968,0,0
2026-05-28 17:00:00,1.16305,1.16539,1.16268,1.16463,1840,0,0
2026-05-28 17:15:00,1.16463,1.16578,1.16419,1.16541,2790,0,0
2026-05-28 17:30:00,1.16541,1.16568,1.16466,1.1651799999999999,2014,0,0
2026-05-28 17:45:00,1.1651799999999999,1.16554,1.16429,1.16475,2116,0,0
2026-05-28 18:00:00,1.16478,1.16552,1.16475,1.16535,1544,0,0
2026-05-28 18:15:00,1.16535,1.16545,1.16505,1.1653,1004,0,0
2026-05-28 18:30:00,1.1653,1.16568,1.16499,1.16511,994,1,0
2026-05-28 18:45:00,1.1651,1.16537,1.16477,1.1648,749,0,0
2026-05-28 19:00:00,1.1648,1.16506,1.16454,1.16503,754,0,0
2026-05-28 19:15:00,1.16503,1.16611,1.16492,1.16572,1099,0,0
2026-05-28 19:30:00,1.16571,1.16595,1.16539,1.16563,793,0,0
2026-05-28 19:45:00,1.16563,1.16588,1.16535,1.16567,731,0,0
2026-05-28 20:00:00,1.16567,1.16573,1.16532,1.16548,611,1,0
2026-05-28 20:15:00,1.16548,1.16549,1.1650800000000001,1.16509,465,1,0
2026-05-28 20:30:00,1.16509,1.16538,1.1650800000000001,1.16512,496,1,0
2026-05-28 20:45:00,1.16512,1.16543,1.16512,1.16533,406,1,0
2026-05-28 21:00:00,1.16533,1.16548,1.165,1.16521,622,1,0
2026-05-28 21:15:00,1.16521,1.16553,1.1648399999999999,1.16489,1029,0,0
2026-05-28 21:30:00,1.16489,1.16492,1.16465,1.16474,482,1,0
2026-05-28 21:45:00,1.16474,1.16501,1.16472,1.16478,491,2,0
2026-05-28 22:00:00,1.16478,1.1649,1.16463,1.16472,559,1,0
2026-05-28 22:15:00,1.16472,1.1649,1.1647,1.16488,332,2,0
2026-05-28 22:30:00,1.16489,1.16511,1.16488,1.16499,409,2,0
2026-05-28 22:45:00,1.16499,1.16515,1.16468,1.16477,589,1,0
2026-05-28 23:00:00,1.16475,1.16477,1.1644700000000001,1.1647,293,3,0
2026-05-28 23:15:00,1.1647,1.16476,1.1646,1.16465,270,3,0
2026-05-28 23:30:00,1.16465,1.16482,1.16464,1.16475,180,3,0
2026-05-28 23:45:00,1.16475,1.16496,1.16475,1.16494,245,3,0
2026-05-29 00:00:00,1.16509,1.16522,1.1649,1.1651,101,11,0
2026-05-29 00:15:00,1.1651,1.16515,1.16503,1.16506,120,7,0
2026-05-29 00:30:00,1.16506,1.16514,1.16505,1.1650800000000001,242,4,0
2026-05-29 00:45:00,1.1650800000000001,1.16516,1.16504,1.16513,262,3,0
2026-05-29 01:00:00,1.16513,1.16519,1.16502,1.1651799999999999,224,2,0
2026-05-29 01:15:00,1.1651799999999999,1.16519,1.16512,1.16514,57,3,0
2026-05-29 01:30:00,1.16514,1.16515,1.16502,1.16505,137,3,0
2026-05-29 01:45:00,1.16505,1.16514,1.16498,1.16499,127,3,0
2026-05-29 02:00:00,1.16499,1.16528,1.16499,1.16514,184,3,0
2026-05-29 02:15:00,1.16514,1.1652,1.16511,1.16514,100,3,0
2026-05-29 02:30:00,1.16513,1.16524,1.16505,1.16515,112,2,0
2026-05-29 02:45:00,1.16514,1.1653,1.16512,1.16523,171,3,0
2026-05-29 03:00:00,1.16523,1.16545,1.1652,1.16533,470,2,0
2026-05-29 03:15:00,1.16533,1.16556,1.16523,1.16538,331,2,0
2026-05-29 03:30:00,1.16538,1.16538,1.16497,1.16514,383,2,0
2026-05-29 03:45:00,1.16514,1.16519,1.16473,1.16487,391,1,0
2026-05-29 04:00:00,1.16487,1.16558,1.16478,1.16551,552,2,0
2026-05-29 04:15:00,1.16551,1.16564,1.16537,1.16539,465,1,0
2026-05-29 04:30:00,1.16539,1.16539,1.16492,1.16494,439,0,0
2026-05-29 04:45:00,1.16495,1.16495,1.16433,1.16445,578,0,0
2026-05-29 05:00:00,1.16445,1.16475,1.16435,1.16471,508,0,0
2026-05-29 05:15:00,1.16472,1.16477,1.16456,1.16464,307,2,0
2026-05-29 05:30:00,1.16464,1.16493,1.16456,1.16486,289,2,0
2026-05-29 05:45:00,1.16486,1.16492,1.1644700000000001,1.16448,239,2,0
2026-05-29 06:00:00,1.16448,1.1645,1.16403,1.16408,339,0,0
2026-05-29 06:15:00,1.16408,1.16416,1.16397,1.1641,377,2,0
2026-05-29 06:30:00,1.1641,1.16412,1.1636199999999999,1.16383,386,2,0
2026-05-29 06:45:00,1.16383,1.1639,1.1635900000000001,1.16372,332,2,0
2026-05-29 07:00:00,1.16371,1.16391,1.16368,1.16376,327,2,0
2026-05-29 07:15:00,1.16376,1.1638,1.16353,1.16356,328,2,0
2026-05-29 07:30:00,1.16356,1.16392,1.16341,1.16388,283,0,0
2026-05-29 07:45:00,1.16388,1.16391,1.16369,1.1639,237,1,0
2026-05-29 08:00:00,1.1639,1.16425,1.16381,1.16422,338,0,0
2026-05-29 08:15:00,1.16422,1.16436,1.16411,1.16415,288,2,0
2026-05-29 08:30:00,1.16414,1.1642299999999999,1.16395,1.164,283,1,0
2026-05-29 08:45:00,1.164,1.16428,1.16395,1.16421,276,1,0
2026-05-29 09:00:00,1.16419,1.16478,1.16419,1.16477,690,2,0
2026-05-29 09:15:00,1.16477,1.16477,1.16452,1.16454,600,1,0
2026-05-29 09:30:00,1.16454,1.16501,1.16449,1.16496,771,0,0
2026-05-29 09:45:00,1.16496,1.16543,1.16487,1.16534,581,0,0
2026-05-29 10:00:00,1.16534,1.16534,1.1648399999999999,1.1649,738,0,0
2026-05-29 10:15:00,1.1649,1.16506,1.16414,1.16434,816,0,0
2026-05-29 10:30:00,1.16435,1.16444,1.16377,1.16432,777,1,0
2026-05-29 10:45:00,1.16432,1.16446,1.16395,1.1642000000000001,627,0,0
2026-05-29 11:00:00,1.1642000000000001,1.1642000000000001,1.1634,1.1635,1146,0,0
2026-05-29 11:15:00,1.1635,1.1639,1.16337,1.16388,716,0,0
2026-05-29 11:30:00,1.16388,1.1639599999999999,1.16357,1.16373,590,1,0
2026-05-29 11:45:00,1.16373,1.16373,1.16249,1.16282,862,0,0
2026-05-29 12:00:00,1.16282,1.16363,1.16266,1.1636199999999999,842,1,0
2026-05-29 12:15:00,1.1636199999999999,1.16385,1.1634,1.16365,790,1,0
2026-05-29 12:30:00,1.16365,1.16371,1.1633,1.16368,616,0,0
2026-05-29 12:45:00,1.16367,1.16428,1.16364,1.16415,589,2,0
2026-05-29 13:00:00,1.16416,1.16451,1.16378,1.16449,551,0,0
2026-05-29 13:15:00,1.16449,1.1645,1.16399,1.16425,495,2,0
2026-05-29 13:30:00,1.16425,1.16443,1.16412,1.16425,461,0,0
2026-05-29 13:45:00,1.16425,1.16441,1.16407,1.1643,581,1,0
2026-05-29 14:00:00,1.16429,1.16448,1.16409,1.16422,614,2,0
2026-05-29 14:15:00,1.16422,1.16436,1.16398,1.16433,622,0,0
2026-05-29 14:30:00,1.16433,1.16468,1.16405,1.16456,546,1,0
2026-05-29 14:45:00,1.16456,1.16482,1.16413,1.16474,799,0,0
2026-05-29 15:00:00,1.16477,1.16486,1.16428,1.1645699999999999,642,0,0
2026-05-29 15:15:00,1.16456,1.16471,1.16437,1.16464,571,1,0
2026-05-29 15:30:00,1.16464,1.16469,1.16414,1.16452,759,0,0
2026-05-29 15:45:00,1.16452,1.16489,1.16437,1.16488,700,1,0
2026-05-29 16:00:00,1.16488,1.16494,1.16464,1.16473,920,0,0
2026-05-29 16:15:00,1.16473,1.16531,1.16473,1.16498,746,0,0
2026-05-29 16:30:00,1.16498,1.16521,1.1648,1.16507,798,0,0
2026-05-29 16:45:00,1.16506,1.16511,1.16448,1.16473,1068,1,0
2026-05-29 17:00:00,1.16475,1.16509,1.16432,1.16434,1101,0,0
2026-05-29 17:15:00,1.16434,1.16461,1.16417,1.16459,1021,0,0
2026-05-29 17:30:00,1.16459,1.1648100000000001,1.16403,1.16476,1425,0,0
2026-05-29 17:45:00,1.16476,1.16744,1.16467,1.16685,2871,0,0
2026-05-29 18:00:00,1.16685,1.16779,1.16672,1.16763,2000,0,0
2026-05-29 18:15:00,1.16764,1.16818,1.1674,1.16751,1421,0,0
2026-05-29 18:30:00,1.16751,1.16858,1.16742,1.1676,1863,0,0
2026-05-29 18:45:00,1.1676,1.16803,1.16756,1.16779,1087,0,0
2026-05-29 19:00:00,1.1678,1.16791,1.16694,1.16695,884,0,0
2026-05-29 19:15:00,1.16695,1.16709,1.16677,1.16697,586,0,0
2026-05-29 19:30:00,1.16697,1.16746,1.16666,1.16708,981,0,0
2026-05-29 19:45:00,1.16708,1.16723,1.16689,1.16721,636,0,0
2026-05-29 20:00:00,1.1672,1.16734,1.16688,1.1669100000000001,564,0,0
2026-05-29 20:15:00,1.1669100000000001,1.16705,1.16658,1.16677,608,0,0
2026-05-29 20:30:00,1.16678,1.16681,1.16632,1.16644,509,2,0
2026-05-29 20:45:00,1.16644,1.16656,1.1662,1.16622,623,2,0
2026-05-29 21:00:00,1.16621,1.16642,1.16615,1.16641,566,0,0
2026-05-29 21:15:00,1.16641,1.16659,1.16624,1.16645,539,1,0
2026-05-29 21:30:00,1.16645,1.16686,1.16644,1.16651,446,1,0
2026-05-29 21:45:00,1.16651,1.16678,1.16604,1.16641,786,0,0
2026-05-29 22:00:00,1.16641,1.1669100000000001,1.1663999999999999,1.16679,452,0,0
2026-05-29 22:15:00,1.16679,1.16694,1.16654,1.16679,376,1,0
2026-05-29 22:30:00,1.1668,1.16687,1.16663,1.16675,433,2,0
2026-05-29 22:45:00,1.16675,1.16678,1.16637,1.16646,719,0,0
2026-05-29 23:00:00,1.16645,1.16648,1.16616,1.16628,409,3,0
2026-05-29 23:15:00,1.16628,1.16628,1.16606,1.16612,234,3,0
2026-05-29 23:30:00,1.16612,1.16623,1.16602,1.16618,224,3,0
2026-05-29 23:45:00,1.16618,1.16618,1.16584,1.16606,707,0,0
2026-06-01 00:00:00,1.1652,1.16567,1.16516,1.16552,227,8,0
2026-06-01 00:15:00,1.16551,1.16562,1.16536,1.16553,140,15,0
2026-06-01 00:30:00,1.16552,1.16571,1.16549,1.1656900000000001,236,4,0
2026-06-01 00:45:00,1.1656900000000001,1.16604,1.16566,1.16599,204,10,0
2026-06-01 01:00:00,1.16599,1.16599,1.16513,1.1654,581,0,0
2026-06-01 01:15:00,1.1654,1.16555,1.16534,1.16535,202,3,0
2026-06-01 01:30:00,1.16535,1.16541,1.16522,1.16535,317,0,0
2026-06-01 01:45:00,1.16535,1.1655,1.16534,1.1654200000000001,746,3,0
2026-06-01 02:00:00,1.16543,1.16556,1.16533,1.16544,480,3,0
2026-06-01 02:15:00,1.16544,1.16555,1.16533,1.16554,301,3,0
2026-06-01 02:30:00,1.16554,1.16557,1.16537,1.1654,400,2,0
2026-06-01 02:45:00,1.1654,1.16546,1.16483,1.1648399999999999,914,0,0
2026-06-01 03:00:00,1.16485,1.16535,1.16474,1.16512,936,0,0
2026-06-01 03:15:00,1.16512,1.16519,1.16455,1.16476,596,0,0
2026-06-01 03:30:00,1.16476,1.16485,1.16459,1.16472,557,2,0
2026-06-01 03:45:00,1.16472,1.1648399999999999,1.16449,1.16477,456,1,0
2026-06-01 04:00:00,1.16477,1.16482,1.16441,1.16458,546,0,0
2026-06-01 04:15:00,1.16458,1.16469,1.16436,1.16439,394,2,0
2026-06-01 04:30:00,1.16439,1.16454,1.1642299999999999,1.1644,480,2,0
2026-06-01 04:45:00,1.1644,1.16451,1.16419,1.1644700000000001,296,2,0
2026-06-01 05:00:00,1.1644700000000001,1.16451,1.16437,1.16445,242,2,0
2026-06-01 05:15:00,1.16445,1.16454,1.16443,1.16446,209,2,0
2026-06-01 05:30:00,1.16446,1.1645699999999999,1.16435,1.16443,304,2,0
2026-06-01 05:45:00,1.16443,1.16468,1.16443,1.16463,260,2,0
2026-06-01 06:00:00,1.16463,1.1649,1.16456,1.16456,379,1,0
2026-06-01 06:15:00,1.16456,1.16482,1.16433,1.16475,360,0,0
2026-06-01 06:30:00,1.16475,1.16486,1.16415,1.16417,282,1,0
2026-06-01 06:45:00,1.16417,1.16442,1.16417,1.16438,244,2,0
2026-06-01 07:00:00,1.16438,1.1645699999999999,1.16434,1.16453,202,2,0
2026-06-01 07:15:00,1.16453,1.16473,1.16453,1.16472,195,2,0
2026-06-01 07:30:00,1.16473,1.1648399999999999,1.16464,1.1648100000000001,193,2,0
2026-06-01 07:45:00,1.1648,1.16482,1.16461,1.1648,273,2,0
2026-06-01 08:00:00,1.1648,1.16523,1.16479,1.16516,435,0,0
2026-06-01 08:15:00,1.16516,1.16523,1.16512,1.16513,163,1,0
2026-06-01 08:30:00,1.16513,1.16521,1.16503,1.16521,319,2,0
2026-06-01 08:45:00,1.16521,1.16532,1.16507,1.16513,311,2,0
2026-06-01 09:00:00,1.16515,1.1656,1.16515,1.16546,887,1,0
2026-06-01 09:15:00,1.16546,1.16555,1.165,1.16513,495,2,0
2026-06-01 09:30:00,1.16513,1.16541,1.1650800000000001,1.16538,598,1,0
2026-06-01 09:45:00,1.16538,1.16647,1.16524,1.16645,1166,0,0
2026-06-01 10:00:00,1.16643,1.16647,1.16558,1.16585,833,0,0
2026-06-01 10:15:00,1.16585,1.16611,1.16556,1.16584,757,0,0
2026-06-01 10:30:00,1.16583,1.16589,1.16525,1.16534,469,0,0
2026-06-01 10:45:00,1.16534,1.1659,1.16517,1.16565,513,0,0
2026-06-01 11:00:00,1.16565,1.16588,1.16548,1.16581,589,0,0
2026-06-01 11:15:00,1.16581,1.16601,1.16548,1.16587,500,0,0
2026-06-01 11:30:00,1.16588,1.16595,1.1656900000000001,1.1659,434,2,0
2026-06-01 11:45:00,1.1659,1.166,1.16533,1.16578,588,0,0
2026-06-01 12:00:00,1.1657899999999999,1.16605,1.16511,1.1652,621,0,0
2026-06-01 12:15:00,1.1652,1.16545,1.16482,1.16497,494,2,0
2026-06-01 12:30:00,1.16497,1.1651,1.16485,1.16485,537,2,0
2026-06-01 12:45:00,1.16485,1.16514,1.16485,1.16507,503,1,0
2026-06-01 13:00:00,1.1650800000000001,1.1651,1.16486,1.1649,395,2,0
2026-06-01 13:15:00,1.16491,1.16495,1.16472,1.1648399999999999,452,1,0
2026-06-01 13:30:00,1.16485,1.16503,1.16473,1.16494,356,0,0
2026-06-01 13:45:00,1.16494,1.165,1.1646,1.16474,399,2,0
2026-06-01 14:00:00,1.16474,1.16479,1.16416,1.1644700000000001,579,1,0
2026-06-01 14:15:00,1.1644700000000001,1.16462,1.16442,1.1646,376,0,0
2026-06-01 14:30:00,1.1646,1.1646,1.16429,1.16453,356,0,0
2026-06-01 14:45:00,1.16453,1.16482,1.16441,1.16458,355,1,0
2026-06-01 15:00:00,1.16458,1.16483,1.16455,1.16458,613,0,0
2026-06-01 15:15:00,1.16458,1.16501,1.16454,1.16498,591,0,0
2026-06-01 15:30:00,1.16498,1.16504,1.1645,1.1648,973,0,0
2026-06-01 15:45:00,1.1648100000000001,1.16489,1.1645699999999999,1.16473,805,1,0
2026-06-01 16:00:00,1.16473,1.16482,1.16278,1.16321,1956,0,0
2026-06-01 16:15:00,1.16321,1.1638,1.16254,1.16272,2331,0,0
2026-06-01 16:30:00,1.16273,1.16294,1.1620300000000001,1.16206,2097,0,0
2026-06-01 16:45:00,1.16206,1.16228,1.16099,1.161,1685,0,0
2026-06-01 17:00:00,1.16089,1.1615199999999999,1.16068,1.16141,1949,0,0
2026-06-01 17:15:00,1.1614,1.16181,1.1611,1.1614200000000001,1688,0,0
2026-06-01 17:30:00,1.1614200000000001,1.1618,1.16126,1.16174,1299,1,0
2026-06-01 17:45:00,1.16174,1.16183,1.16109,1.16175,1243,2,0
2026-06-01 18:00:00,1.16175,1.16197,1.1615199999999999,1.16163,1421,0,0
2026-06-01 18:15:00,1.16164,1.16227,1.16161,1.16216,1024,2,0
2026-06-01 18:30:00,1.16216,1.16286,1.16216,1.16248,1518,0,0
2026-06-01 18:45:00,1.16249,1.16254,1.16215,1.1623,670,2,0
2026-06-01 19:00:00,1.1623,1.16259,1.16171,1.16188,653,0,0
2026-06-01 19:15:00,1.16188,1.16221,1.16164,1.1621299999999999,559,2,0
2026-06-01 19:30:00,1.1621299999999999,1.16242,1.16207,1.16211,716,0,0
2026-06-01 19:45:00,1.16211,1.16304,1.1621,1.16297,841,0,0
2026-06-01 20:00:00,1.16297,1.16302,1.1625,1.16262,745,1,0
2026-06-01 20:15:00,1.16262,1.16319,1.1625,1.16319,579,0,0
2026-06-01 20:30:00,1.16319,1.16377,1.16296,1.16353,1160,0,0
2026-06-01 20:45:00,1.16353,1.16372,1.16337,1.16346,623,0,0
2026-06-01 21:00:00,1.16346,1.16352,1.16332,1.1634,360,2,0
2026-06-01 21:15:00,1.1634,1.16352,1.16328,1.1633,276,2,0
2026-06-01 21:30:00,1.16331,1.16347,1.16323,1.16345,283,2,0
2026-06-01 21:45:00,1.16345,1.16347,1.16305,1.16307,294,2,0
2026-06-01 22:00:00,1.16307,1.16337,1.16295,1.16315,312,0,0
2026-06-01 22:15:00,1.16315,1.16333,1.16314,1.1632,226,2,0
2026-06-01 22:30:00,1.1632,1.16334,1.16317,1.16317,299,2,0
2026-06-01 22:45:00,1.16317,1.16324,1.16265,1.16316,769,2,0
2026-06-01 23:00:00,1.16315,1.16336,1.16311,1.16317,185,3,0
2026-06-01 23:15:00,1.16317,1.1632,1.16304,1.16315,119,3,0
2026-06-01 23:30:00,1.16315,1.16329,1.16309,1.16328,160,3,0
2026-06-01 23:45:00,1.16327,1.1633,1.1631,1.16313,279,3,0
2026-06-02 00:00:00,1.16308,1.1633,1.1628,1.1629,81,9,0
2026-06-02 00:15:00,1.1629,1.16348,1.16287,1.16343,147,12,0
2026-06-02 00:30:00,1.16343,1.16357,1.16336,1.16356,127,3,0
2026-06-02 00:45:00,1.16356,1.16358,1.16331,1.16344,115,3,0
2026-06-02 01:00:00,1.16342,1.16347,1.16323,1.16337,175,3,0
2026-06-02 01:15:00,1.16336,1.16338,1.1633,1.1633,107,3,0
2026-06-02 01:30:00,1.1633,1.1634,1.16329,1.16337,104,1,0
2026-06-02 01:45:00,1.16337,1.1634,1.16333,1.16338,85,3,0
2026-06-02 02:00:00,1.16338,1.16356,1.16338,1.16348,126,3,0
2026-06-02 02:15:00,1.16348,1.16354,1.16345,1.16346,53,3,0
2026-06-02 02:30:00,1.16346,1.1636,1.16327,1.16358,201,2,0
2026-06-02 02:45:00,1.16358,1.16358,1.16347,1.16352,101,3,0
2026-06-02 03:00:00,1.16353,1.16354,1.1629800000000001,1.16331,462,1,0
2026-06-02 03:15:00,1.16331,1.16344,1.16317,1.16331,277,2,0
2026-06-02 03:30:00,1.1633,1.16347,1.16317,1.16324,262,1,0
2026-06-02 03:45:00,1.16324,1.16328,1.16292,1.16313,427,2,0
2026-06-02 04:00:00,1.16313,1.16368,1.16312,1.1635900000000001,478,2,0
2026-06-02 04:15:00,1.1635900000000001,1.1635900000000001,1.16327,1.1633499999999999,324,1,0
2026-06-02 04:30:00,1.1633499999999999,1.16352,1.16323,1.16329,325,0,0
2026-06-02 04:45:00,1.16329,1.16329,1.16284,1.16305,388,2,0
2026-06-02 05:00:00,1.16305,1.16321,1.16302,1.16317,285,2,0
2026-06-02 05:15:00,1.16317,1.16341,1.16313,1.16337,278,2,0
2026-06-02 05:30:00,1.16337,1.16345,1.16302,1.16306,158,2,0
2026-06-02 05:45:00,1.16305,1.16316,1.16305,1.16309,164,2,0
2026-06-02 06:00:00,1.16309,1.1633499999999999,1.16307,1.16329,313,2,0
2026-06-02 06:15:00,1.16329,1.16336,1.16315,1.1633,194,2,0
2026-06-02 06:30:00,1.1633,1.16345,1.16326,1.16339,238,2,0
2026-06-02 06:45:00,1.16339,1.16351,1.16333,1.16341,147,2,0
2026-06-02 07:00:00,1.16341,1.16353,1.1634,1.16352,197,2,0
2026-06-02 07:15:00,1.16351,1.16364,1.16351,1.16358,161,2,0
2026-06-02 07:30:00,1.16358,1.16372,1.16358,1.16367,155,2,0
2026-06-02 07:45:00,1.16367,1.16387,1.16363,1.16377,261,2,0
2026-06-02 08:00:00,1.16378,1.16391,1.16376,1.1639,187,2,0
2026-06-02 08:15:00,1.1639,1.1639599999999999,1.16368,1.16375,315,2,0
2026-06-02 08:30:00,1.16375,1.1638600000000001,1.16375,1.16377,214,2,0
2026-06-02 08:45:00,1.16377,1.16377,1.1636199999999999,1.1637,184,2,0
2026-06-02 09:00:00,1.1637,1.1647,1.1637,1.1645,655,0,0
2026-06-02 09:15:00,1.1645,1.16502,1.16446,1.16489,561,0,0
2026-06-02 09:30:00,1.16489,1.16522,1.1648,1.1648100000000001,716,1,0
2026-06-02 09:45:00,1.1648100000000001,1.16505,1.16479,1.16504,576,2,0
2026-06-02 10:00:00,1.16504,1.16507,1.16463,1.16464,624,0,0
2026-06-02 10:15:00,1.16464,1.16475,1.1644700000000001,1.16467,555,2,0
2026-06-02 10:30:00,1.16467,1.16488,1.1645699999999999,1.16482,475,2,0
2026-06-02 10:45:00,1.16482,1.16493,1.16468,1.16486,621,2,0
2026-06-02 11:00:00,1.16485,1.16525,1.16462,1.16462,609,2,0
2026-06-02 11:15:00,1.16463,1.16475,1.16448,1.16462,492,0,0
2026-06-02 11:30:00,1.16462,1.16476,1.16451,1.16453,401,2,0
2026-06-02 11:45:00,1.16453,1.16453,1.16419,1.16435,413,2,0
2026-06-02 12:00:00,1.16435,1.16438,1.16401,1.16411,531,0,0
2026-06-02 12:15:00,1.16412,1.16434,1.16403,1.16433,530,0,0
2026-06-02 12:30:00,1.16433,1.16448,1.16425,1.16436,458,0,0
2026-06-02 12:45:00,1.16437,1.16446,1.1641,1.16431,440,2,0
2026-06-02 13:00:00,1.16431,1.16454,1.16413,1.16437,437,2,0
2026-06-02 13:15:00,1.16437,1.16439,1.16383,1.16426,409,1,0
2026-06-02 13:30:00,1.16426,1.16438,1.16416,1.16438,307,2,0
2026-06-02 13:45:00,1.16438,1.1646,1.1642299999999999,1.16436,457,2,0
2026-06-02 14:00:00,1.16436,1.16458,1.16435,1.16441,424,2,0
2026-06-02 14:15:00,1.16442,1.16467,1.16439,1.16467,452,2,0
2026-06-02 14:30:00,1.16467,1.16503,1.16462,1.16502,407,1,0
2026-06-02 14:45:00,1.16501,1.16527,1.16493,1.16493,395,2,0
2026-06-02 15:00:00,1.16493,1.16511,1.1648399999999999,1.16487,511,0,0
2026-06-02 15:15:00,1.16487,1.16539,1.16473,1.16522,573,0,0
2026-06-02 15:30:00,1.16522,1.16556,1.16492,1.16509,803,0,0
2026-06-02 15:45:00,1.16509,1.16523,1.16492,1.16503,558,0,0
2026-06-02 16:00:00,1.16503,1.16523,1.16474,1.1648399999999999,1019,0,0
2026-06-02 16:15:00,1.1648399999999999,1.16502,1.16455,1.16455,709,1,0
2026-06-02 16:30:00,1.16456,1.1648,1.1644,1.16442,972,1,0
2026-06-02 16:45:00,1.16441,1.16451,1.16394,1.16432,800,0,0
2026-06-02 17:00:00,1.16432,1.16432,1.16361,1.16416,1131,0,0
2026-06-02 17:15:00,1.16416,1.16437,1.16364,1.16397,868,0,0
2026-06-02 17:30:00,1.1639599999999999,1.16499,1.16393,1.16465,845,0,0
2026-06-02 17:45:00,1.16465,1.16467,1.1642299999999999,1.16435,987,0,0
2026-06-02 18:00:00,1.16434,1.16445,1.16385,1.16417,919,0,0
2026-06-02 18:15:00,1.16416,1.1645,1.16355,1.16368,738,0,0
2026-06-02 18:30:00,1.16368,1.16408,1.16363,1.16402,691,0,0
2026-06-02 18:45:00,1.16402,1.16416,1.16391,1.16404,515,2,0
2026-06-02 19:00:00,1.16404,1.1641,1.16357,1.16376,493,0,0
2026-06-02 19:15:00,1.16376,1.16381,1.16303,1.16306,507,1,0
2026-06-02 19:30:00,1.16306,1.16315,1.16268,1.16283,413,0,0
2026-06-02 19:45:00,1.16283,1.16294,1.16268,1.16283,327,2,0
2026-06-02 20:00:00,1.16283,1.16297,1.16248,1.16258,501,0,0
2026-06-02 20:15:00,1.16258,1.1627,1.16231,1.16242,466,0,0
2026-06-02 20:30:00,1.16242,1.16251,1.1622,1.16228,274,1,0
2026-06-02 20:45:00,1.16229,1.16229,1.16201,1.16214,230,2,0
2026-06-02 21:00:00,1.16214,1.16226,1.16177,1.16184,357,2,0
2026-06-02 21:15:00,1.16184,1.16211,1.16134,1.16205,584,0,0
2026-06-02 21:30:00,1.16205,1.1626,1.16205,1.16247,486,0,0
2026-06-02 21:45:00,1.16247,1.16299,1.16245,1.16284,423,0,0
2026-06-02 22:00:00,1.16284,1.16322,1.16284,1.16321,280,1,0
2026-06-02 22:15:00,1.16321,1.1633,1.16306,1.16317,309,0,0
2026-06-02 22:30:00,1.16317,1.16324,1.16306,1.16312,259,2,0
2026-06-02 22:45:00,1.16312,1.1632500000000001,1.16306,1.16322,387,1,0
2026-06-02 23:00:00,1.16321,1.16346,1.1632,1.16333,228,3,0
2026-06-02 23:15:00,1.16333,1.1633499999999999,1.16313,1.16317,144,3,0
2026-06-02 23:30:00,1.16317,1.16323,1.1629800000000001,1.16312,174,3,0
2026-06-02 23:45:00,1.16312,1.16319,1.16304,1.16309,382,3,0
2026-06-03 00:00:00,1.16314,1.16315,1.16289,1.16312,1442,7,0
2026-06-03 00:15:00,1.16311,1.16317,1.16304,1.16305,82,16,0
2026-06-03 00:30:00,1.16305,1.16313,1.16297,1.16303,170,14,0
2026-06-03 00:45:00,1.16303,1.16324,1.16279,1.16288,159,5,0
2026-06-03 01:00:00,1.16292,1.16299,1.16268,1.16271,269,0,0
2026-06-03 01:15:00,1.16271,1.16287,1.16269,1.16285,82,3,0
2026-06-03 01:30:00,1.16285,1.16291,1.16281,1.16284,149,3,0
2026-06-03 01:45:00,1.16284,1.16287,1.16263,1.16265,220,3,0
2026-06-03 02:00:00,1.16265,1.16273,1.16244,1.16249,304,3,0
2026-06-03 02:15:00,1.16249,1.16253,1.1622,1.16228,390,3,0
2026-06-03 02:30:00,1.16228,1.16234,1.16197,1.16217,362,0,0
2026-06-03 02:45:00,1.16217,1.16217,1.16196,1.1621,263,3,0
2026-06-03 03:00:00,1.1621,1.16239,1.1620300000000001,1.16232,491,2,0
2026-06-03 03:15:00,1.16232,1.16273,1.16223,1.16271,481,2,0
2026-06-03 03:30:00,1.16271,1.16306,1.16268,1.16289,308,2,0
2026-06-03 03:45:00,1.16289,1.16293,1.1627399999999999,1.16286,346,2,0
2026-06-03 04:00:00,1.16287,1.16295,1.16261,1.16279,556,2,0
2026-06-03 04:15:00,1.16279,1.16309,1.1627,1.16305,447,1,0
2026-06-03 04:30:00,1.16305,1.16324,1.16283,1.16318,429,2,0
2026-06-03 04:45:00,1.16318,1.16333,1.16275,1.16294,371,2,0
2026-06-03 05:00:00,1.16294,1.16319,1.16293,1.16306,328,2,0
2026-06-03 05:15:00,1.16306,1.16308,1.16283,1.16285,165,2,0
2026-06-03 05:30:00,1.16285,1.16295,1.16271,1.16281,274,2,0
2026-06-03 05:45:00,1.16281,1.16285,1.16248,1.16281,517,2,0
2026-06-03 06:00:00,1.1628,1.16295,1.16273,1.16283,334,2,0
2026-06-03 06:15:00,1.16283,1.1629,1.16269,1.16269,306,2,0
2026-06-03 06:30:00,1.16269,1.16294,1.16262,1.16283,306,2,0
2026-06-03 06:45:00,1.16283,1.16289,1.16266,1.1627399999999999,260,2,0
2026-06-03 07:00:00,1.1627399999999999,1.1628,1.16255,1.16258,166,2,0
2026-06-03 07:15:00,1.16258,1.1626400000000001,1.16247,1.16247,180,2,0
2026-06-03 07:30:00,1.16247,1.16257,1.16245,1.16257,186,2,0
2026-06-03 07:45:00,1.16257,1.16259,1.16243,1.16255,262,2,0
2026-06-03 08:00:00,1.16255,1.16269,1.16245,1.16262,278,2,0
2026-06-03 08:15:00,1.16262,1.1627,1.16217,1.16222,268,2,0
2026-06-03 08:30:00,1.16222,1.1623999999999999,1.16211,1.16218,375,1,0
2026-06-03 08:45:00,1.16218,1.16232,1.16185,1.16186,439,2,0
2026-06-03 09:00:00,1.16186,1.16224,1.16143,1.16173,866,0,0
2026-06-03 09:15:00,1.16173,1.16184,1.16122,1.16159,698,1,0
2026-06-03 09:30:00,1.16159,1.16186,1.16133,1.1614200000000001,744,0,0
2026-06-03 09:45:00,1.1614200000000001,1.16173,1.16131,1.16163,598,0,0
2026-06-03 10:00:00,1.16162,1.16207,1.16131,1.16183,718,0,0
2026-06-03 10:15:00,1.16183,1.16197,1.16138,1.16138,596,1,0
2026-06-03 10:30:00,1.16137,1.16244,1.16128,1.16217,1303,0,0
2026-06-03 10:45:00,1.16217,1.16222,1.16158,1.16161,721,0,0
2026-06-03 11:00:00,1.16161,1.16165,1.16128,1.16129,629,0,0
2026-06-03 11:15:00,1.16129,1.16135,1.1610800000000001,1.16128,971,0,0
2026-06-03 11:30:00,1.16128,1.16154,1.16068,1.16079,1496,0,0
2026-06-03 11:45:00,1.16079,1.16114,1.16078,1.16094,1252,0,0
2026-06-03 12:00:00,1.16094,1.16139,1.16092,1.16126,992,0,0
2026-06-03 12:15:00,1.16126,1.16159,1.16119,1.16131,607,0,0
2026-06-03 12:30:00,1.16131,1.16145,1.16097,1.16141,621,0,0
2026-06-03 12:45:00,1.16141,1.16156,1.16107,1.16134,582,0,0
2026-06-03 13:00:00,1.16134,1.16229,1.16127,1.16153,1384,0,0
2026-06-03 13:15:00,1.16153,1.16159,1.16133,1.16154,450,1,0
2026-06-03 13:30:00,1.16154,1.16177,1.16148,1.16161,427,0,0
2026-06-03 13:45:00,1.16164,1.16166,1.16147,1.16159,384,0,0
2026-06-03 14:00:00,1.16159,1.16188,1.16153,1.16181,543,1,0
2026-06-03 14:15:00,1.16181,1.16202,1.16172,1.162,395,0,0
2026-06-03 14:30:00,1.162,1.16208,1.16177,1.1618,429,2,0
2026-06-03 14:45:00,1.1618,1.16225,1.16161,1.16178,632,1,0
2026-06-03 15:00:00,1.16178,1.16185,1.16123,1.16146,663,0,0
2026-06-03 15:15:00,1.16146,1.16146,1.16068,1.16069,655,1,0
2026-06-03 15:30:00,1.16069,1.16069,1.15966,1.16052,982,0,0
2026-06-03 15:45:00,1.16051,1.16053,1.15974,1.16005,710,0,0
2026-06-03 16:00:00,1.16004,1.16034,1.15989,1.16014,946,0,0
2026-06-03 16:15:00,1.16015,1.1604700000000001,1.15973,1.1604,799,0,0
2026-06-03 16:30:00,1.1604,1.16062,1.16023,1.1602999999999999,1207,0,0
2026-06-03 16:45:00,1.1602999999999999,1.16048,1.15987,1.16027,1348,0,0
2026-06-03 17:00:00,1.16027,1.16086,1.16,1.16064,1483,0,0
2026-06-03 17:15:00,1.16064,1.16076,1.1599599999999999,1.16037,1374,0,0
2026-06-03 17:30:00,1.16037,1.16043,1.1595900000000001,1.15962,1157,1,0
2026-06-03 17:45:00,1.15962,1.16122,1.15947,1.16121,1958,0,0
2026-06-03 18:00:00,1.16121,1.16129,1.16024,1.1607,1371,0,0
2026-06-03 18:15:00,1.16069,1.16113,1.16051,1.16074,1329,0,0
2026-06-03 18:30:00,1.16074,1.16103,1.16041,1.16063,1099,0,0
2026-06-03 18:45:00,1.16063,1.16074,1.1604,1.1604700000000001,718,2,0
2026-06-03 19:00:00,1.16049,1.16049,1.15971,1.15983,949,2,0
2026-06-03 19:15:00,1.15983,1.16001,1.15957,1.15994,817,2,0
2026-06-03 19:30:00,1.15994,1.16,1.15951,1.15963,743,2,0
2026-06-03 19:45:00,1.15963,1.16017,1.15955,1.16,709,0,0
2026-06-03 20:00:00,1.16,1.16035,1.15981,1.16002,569,0,0
2026-06-03 20:15:00,1.16002,1.16004,1.1597,1.15973,389,2,0
2026-06-03 20:30:00,1.15973,1.15997,1.1596899999999999,1.15982,270,2,0
2026-06-03 20:45:00,1.15982,1.15992,1.15968,1.15984,378,2,0
2026-06-03 21:00:00,1.15984,1.15993,1.1595900000000001,1.15963,341,2,0
2026-06-03 21:15:00,1.15963,1.1598,1.15952,1.15977,332,0,0
2026-06-03 21:30:00,1.15977,1.15978,1.15954,1.15971,391,2,0
2026-06-03 21:45:00,1.15971,1.15998,1.1597,1.15983,411,2,0
2026-06-03 22:00:00,1.15983,1.16,1.15978,1.1598,416,2,0
2026-06-03 22:15:00,1.1598,1.16009,1.15971,1.15973,425,2,0
2026-06-03 22:30:00,1.15973,1.15991,1.15973,1.1598,321,2,0
2026-06-03 22:45:00,1.1598,1.15988,1.15972,1.1598,411,2,0
2026-06-03 23:00:00,1.1598,1.15992,1.1596899999999999,1.15987,218,2,0
2026-06-03 23:15:00,1.15987,1.16003,1.15981,1.15993,254,3,0
2026-06-03 23:30:00,1.15994,1.16,1.1598,1.15982,226,3,0
2026-06-03 23:45:00,1.15982,1.15998,1.15975,1.15978,226,0,0
2026-06-04 00:00:00,1.1597,1.15999,1.1597,1.15988,129,12,0
2026-06-04 00:15:00,1.15988,1.15994,1.15968,1.15991,64,10,0
2026-06-04 00:30:00,1.15994,1.16009,1.15972,1.16009,320,3,0
2026-06-04 00:45:00,1.16009,1.16009,1.15967,1.15975,222,3,0
2026-06-04 01:00:00,1.15975,1.1599,1.15948,1.15957,206,1,0
2026-06-04 01:15:00,1.15957,1.15972,1.15945,1.15967,157,3,0
2026-06-04 01:30:00,1.15967,1.1598600000000001,1.15966,1.15973,199,3,0
2026-06-04 01:45:00,1.15973,1.16123,1.15968,1.16058,592,0,0
2026-06-04 02:00:00,1.16058,1.16084,1.16013,1.16048,370,0,0
2026-06-04 02:15:00,1.16048,1.16059,1.16037,1.16051,226,2,0
2026-06-04 02:30:00,1.16051,1.16072,1.1604700000000001,1.16067,281,3,0
2026-06-04 02:45:00,1.16067,1.16106,1.16067,1.16088,285,0,0
2026-06-04 03:00:00,1.16089,1.1611,1.16054,1.16085,748,2,0
2026-06-04 03:15:00,1.16085,1.16126,1.16075,1.16094,517,0,0
2026-06-04 03:30:00,1.16094,1.16119,1.16082,1.16114,466,2,0
2026-06-04 03:45:00,1.16114,1.16115,1.16058,1.16066,449,2,0
2026-06-04 04:00:00,1.16067,1.16073,1.16039,1.16064,670,2,0
2026-06-04 04:15:00,1.16064,1.16085,1.16052,1.16077,500,2,0
2026-06-04 04:30:00,1.16077,1.16101,1.16071,1.16078,423,2,0
2026-06-04 04:45:00,1.16078,1.16098,1.16073,1.16095,439,2,0
2026-06-04 05:00:00,1.16095,1.16103,1.16075,1.16076,468,2,0
2026-06-04 05:15:00,1.16076,1.1608100000000001,1.16062,1.16076,389,1,0
2026-06-04 05:30:00,1.16077,1.16096,1.16077,1.16093,307,2,0
2026-06-04 05:45:00,1.16093,1.16111,1.16093,1.161,291,2,0
2026-06-04 06:00:00,1.161,1.161,1.1604,1.16044,283,2,0
2026-06-04 06:15:00,1.16044,1.16062,1.16025,1.16034,287,0,0
2026-06-04 06:30:00,1.16034,1.16049,1.16027,1.16033,223,2,0
2026-06-04 06:45:00,1.16032,1.16061,1.16027,1.1606,185,2,0
2026-06-04 07:00:00,1.1606,1.16061,1.16038,1.16044,212,2,0
2026-06-04 07:15:00,1.16044,1.1606,1.16044,1.16059,218,2,0
2026-06-04 07:30:00,1.16059,1.16129,1.16059,1.16111,595,0,0
2026-06-04 07:45:00,1.16111,1.16126,1.16084,1.16096,276,0,0
2026-06-04 08:00:00,1.16096,1.16104,1.16073,1.16083,381,2,0
2026-06-04 08:15:00,1.16083,1.1609099999999999,1.16054,1.16056,319,2,0
2026-06-04 08:30:00,1.16056,1.16088,1.16052,1.16083,334,2,0
2026-06-04 08:45:00,1.16083,1.16104,1.16075,1.16097,337,2,0
2026-06-04 09:00:00,1.16097,1.16125,1.1609,1.16122,626,2,0
2026-06-04 09:15:00,1.16122,1.16127,1.1607,1.16104,559,1,0
2026-06-04 09:30:00,1.16104,1.16149,1.16086,1.1613,883,2,0
2026-06-04 09:45:00,1.1613,1.1613,1.16079,1.16106,621,0,0
2026-06-04 10:00:00,1.16105,1.16126,1.1609099999999999,1.16103,788,2,0
2026-06-04 10:15:00,1.16103,1.16115,1.16037,1.16062,745,1,0
2026-06-04 10:30:00,1.16062,1.16071,1.15984,1.16014,775,2,0
2026-06-04 10:45:00,1.16014,1.16043,1.15999,1.16039,656,2,0
2026-06-04 11:00:00,1.16038,1.16076,1.16035,1.16052,753,2,0
2026-06-04 11:15:00,1.16052,1.1610800000000001,1.16052,1.16103,761,1,0
2026-06-04 11:30:00,1.16104,1.1614,1.16066,1.16075,597,0,0
2026-06-04 11:45:00,1.16075,1.16139,1.16074,1.16131,639,0,0
2026-06-04 12:00:00,1.16131,1.16199,1.16131,1.16188,904,1,0
2026-06-04 12:15:00,1.16188,1.16224,1.16182,1.16205,655,0,0
2026-06-04 12:30:00,1.16205,1.16272,1.16192,1.16266,812,0,0
2026-06-04 12:45:00,1.16266,1.16282,1.16242,1.16257,656,1,0
2026-06-04 13:00:00,1.16254,1.16305,1.16252,1.16296,693,0,0
2026-06-04 13:15:00,1.16297,1.16305,1.16258,1.16287,518,1,0
2026-06-04 13:30:00,1.16287,1.16334,1.16279,1.16323,637,0,0
2026-06-04 13:45:00,1.16323,1.16341,1.16276,1.16303,763,0,0
2026-06-04 14:00:00,1.16304,1.16368,1.16302,1.16351,849,1,0
2026-06-04 14:15:00,1.16352,1.16434,1.16349,1.16406,1014,0,0
2026-06-04 14:30:00,1.16406,1.16439,1.16369,1.16437,1014,1,0
2026-06-04 14:45:00,1.16437,1.16453,1.16409,1.16417,818,0,0
2026-06-04 15:00:00,1.16417,1.1645,1.16344,1.16377,1275,0,0
2026-06-04 15:15:00,1.16377,1.16399,1.16366,1.16382,754,0,0
2026-06-04 15:30:00,1.16382,1.16413,1.16381,1.16398,869,2,0
2026-06-04 15:45:00,1.16398,1.16433,1.16368,1.16368,1002,2,0
2026-06-04 16:00:00,1.16368,1.16398,1.16341,1.16347,796,0,0
2026-06-04 16:15:00,1.16347,1.16378,1.16339,1.16364,774,2,0
2026-06-04 16:30:00,1.16365,1.16395,1.16347,1.16395,1144,0,0
2026-06-04 16:45:00,1.16395,1.16397,1.16352,1.1635900000000001,1077,0,0
2026-06-04 17:00:00,1.1635900000000001,1.16398,1.16322,1.16334,1002,0,0
2026-06-04 17:15:00,1.16333,1.16348,1.16313,1.16315,834,2,0
2026-06-04 17:30:00,1.16315,1.16328,1.1629,1.16313,657,0,0
2026-06-04 17:45:00,1.16313,1.16332,1.16293,1.16305,854,0,0
2026-06-04 18:00:00,1.16305,1.16315,1.16235,1.16248,995,0,0
2026-06-04 18:15:00,1.16248,1.16263,1.16223,1.16235,713,1,0
2026-06-04 18:30:00,1.16235,1.16266,1.16224,1.16236,728,2,0
2026-06-04 18:45:00,1.16235,1.16299,1.16227,1.16282,718,2,0
2026-06-04 19:00:00,1.16282,1.16291,1.16263,1.16275,511,2,0
2026-06-04 19:15:00,1.16275,1.16295,1.16268,1.1628,309,2,0
2026-06-04 19:30:00,1.1628,1.16288,1.16255,1.16262,403,1,0
2026-06-04 19:45:00,1.16262,1.16262,1.16231,1.16233,322,2,0
2026-06-04 20:00:00,1.16233,1.1623999999999999,1.1621,1.16214,340,0,0
2026-06-04 20:15:00,1.16214,1.1622,1.16198,1.16201,247,2,0
2026-06-04 20:30:00,1.16201,1.16219,1.16198,1.16205,318,2,0
2026-06-04 20:45:00,1.16205,1.16211,1.16194,1.16207,226,2,0
2026-06-04 21:00:00,1.16207,1.16224,1.16197,1.16204,319,0,0
2026-06-04 21:15:00,1.1620300000000001,1.16205,1.16165,1.16165,209,2,0
2026-06-04 21:30:00,1.16165,1.1617899999999999,1.16149,1.16163,391,0,0
2026-06-04 21:45:00,1.16163,1.16173,1.16132,1.16149,316,1,0
2026-06-04 22:00:00,1.16149,1.1616,1.16112,1.1612,383,2,0
2026-06-04 22:15:00,1.1612,1.16128,1.16119,1.16123,267,2,0
2026-06-04 22:30:00,1.16123,1.16127,1.16107,1.16113,194,0,0
2026-06-04 22:45:00,1.16113,1.1613,1.16104,1.16124,398,0,0
2026-06-04 23:00:00,1.16124,1.16133,1.161,1.16101,202,2,0
2026-06-04 23:15:00,1.161,1.16112,1.16085,1.1609,179,3,0
2026-06-04 23:30:00,1.1609,1.16105,1.16079,1.16103,182,3,0
2026-06-04 23:45:00,1.16103,1.16119,1.16099,1.16102,236,3,0
2026-06-05 00:00:00,1.1609099999999999,1.16149,1.1609099999999999,1.16121,191,6,0
2026-06-05 00:15:00,1.16121,1.16143,1.16114,1.1614200000000001,147,5,0
2026-06-05 00:30:00,1.1614200000000001,1.16156,1.1610800000000001,1.16125,327,3,0
2026-06-05 00:45:00,1.16125,1.16144,1.16125,1.16132,171,6,0
2026-06-05 01:00:00,1.16132,1.16135,1.16117,1.16127,185,3,0
2026-06-05 01:15:00,1.16127,1.16128,1.16119,1.16127,85,3,0
2026-06-05 01:30:00,1.16126,1.16129,1.16112,1.16112,84,3,0
2026-06-05 01:45:00,1.16112,1.16119,1.16107,1.16119,107,3,0
2026-06-05 02:00:00,1.16119,1.16129,1.1611799999999999,1.16128,109,3,0
2026-06-05 02:15:00,1.16128,1.16136,1.16126,1.16128,133,3,0
2026-06-05 02:30:00,1.16129,1.16129,1.1611799999999999,1.16123,90,3,0
2026-06-05 02:45:00,1.16123,1.16133,1.1611799999999999,1.16122,172,3,0
2026-06-05 03:00:00,1.16123,1.16141,1.16109,1.16115,635,0,0
2026-06-05 03:15:00,1.16115,1.16133,1.16109,1.16129,367,2,0
2026-06-05 03:30:00,1.16129,1.16133,1.16115,1.16115,383,2,0
2026-06-05 03:45:00,1.16115,1.16136,1.16109,1.16127,407,2,0
2026-06-05 04:00:00,1.16127,1.16139,1.16113,1.1611799999999999,617,2,0
2026-06-05 04:15:00,1.1611799999999999,1.16133,1.16097,1.16116,634,2,0
2026-06-05 04:30:00,1.16116,1.16141,1.16111,1.16135,598,2,0
2026-06-05 04:45:00,1.16135,1.16149,1.16129,1.16135,449,2,0
2026-06-05 05:00:00,1.16135,1.1616,1.16124,1.16153,386,1,0
2026-06-05 05:15:00,1.16153,1.16166,1.16146,1.1616,281,0,0
2026-06-05 05:30:00,1.1616,1.1616,1.16134,1.16141,271,2,0
2026-06-05 05:45:00,1.16141,1.16153,1.16135,1.16139,311,2,0
2026-06-05 06:00:00,1.16139,1.16149,1.16136,1.1614200000000001,320,2,0
2026-06-05 06:15:00,1.16141,1.16156,1.16138,1.16145,293,2,0
2026-06-05 06:30:00,1.16145,1.1615,1.16137,1.16137,226,2,0
2026-06-05 06:45:00,1.16137,1.16148,1.16136,1.16148,207,2,0
2026-06-05 07:00:00,1.16148,1.16156,1.16143,1.16147,289,2,0
2026-06-05 07:15:00,1.16147,1.16165,1.16137,1.16137,303,2,0
2026-06-05 07:30:00,1.16137,1.16159,1.16137,1.16154,294,2,0
2026-06-05 07:45:00,1.16154,1.1617,1.16148,1.16159,214,2,0
2026-06-05 08:00:00,1.16159,1.16164,1.16148,1.16154,305,2,0
2026-06-05 08:15:00,1.16154,1.16163,1.1615199999999999,1.16159,156,2,0
2026-06-05 08:30:00,1.16159,1.16193,1.16159,1.1616900000000001,273,2,0
2026-06-05 08:45:00,1.1616900000000001,1.16181,1.16153,1.16155,308,0,0
2026-06-05 09:00:00,1.16155,1.16159,1.16128,1.16148,566,2,0
2026-06-05 09:15:00,1.16148,1.1617899999999999,1.1613,1.16178,542,2,0
2026-06-05 09:30:00,1.16178,1.16218,1.16173,1.16217,605,2,0
2026-06-05 09:45:00,1.16218,1.16227,1.16185,1.16222,528,0,0
2026-06-05 10:00:00,1.16221,1.16271,1.16217,1.1626,995,2,0
2026-06-05 10:15:00,1.1626,1.1630099999999999,1.16258,1.1629800000000001,828,0,0
2026-06-05 10:30:00,1.1629800000000001,1.16371,1.1628,1.16332,911,0,0
2026-06-05 10:45:00,1.16332,1.1635900000000001,1.16312,1.16319,750,2,0
2026-06-05 11:00:00,1.16319,1.16394,1.16317,1.16393,815,2,0
2026-06-05 11:15:00,1.16393,1.16398,1.16361,1.16378,976,0,0
2026-06-05 11:30:00,1.16378,1.1639599999999999,1.1635900000000001,1.16377,804,1,0
2026-06-05 11:45:00,1.16377,1.16389,1.1636,1.16365,600,2,0
2026-06-05 12:00:00,1.16365,1.16439,1.1633499999999999,1.1642000000000001,1009,0,0
2026-06-05 12:15:00,1.1642000000000001,1.16443,1.16391,1.16391,815,2,0
2026-06-05 12:30:00,1.16391,1.16403,1.16371,1.16383,537,2,0
2026-06-05 12:45:00,1.16384,1.16397,1.16363,1.16387,554,2,0
2026-06-05 13:00:00,1.16385,1.16402,1.16373,1.16398,486,2,0
2026-06-05 13:15:00,1.16399,1.16424,1.16384,1.16421,465,1,0
2026-06-05 13:30:00,1.16421,1.16442,1.1639599999999999,1.1641,763,1,0
2026-06-05 13:45:00,1.16411,1.16425,1.16378,1.16403,455,0,0
2026-06-05 14:00:00,1.16403,1.16405,1.16343,1.1635900000000001,782,2,0
2026-06-05 14:15:00,1.1635900000000001,1.16394,1.16345,1.16389,699,0,0
2026-06-05 14:30:00,1.16388,1.16395,1.16332,1.16358,698,0,0
2026-06-05 14:45:00,1.16358,1.16419,1.1634,1.16415,749,0,0
2026-06-05 15:00:00,1.16415,1.16428,1.16381,1.16401,982,2,0
2026-06-05 15:15:00,1.164,1.16406,1.16345,1.16345,1017,0,0
2026-06-05 15:30:00,1.16345,1.16352,1.16052,1.1607,3248,0,0
2026-06-05 15:45:00,1.1607,1.16082,1.15862,1.15865,2341,0,0
2026-06-05 16:00:00,1.15865,1.15997,1.15838,1.15955,3378,0,0
2026-06-05 16:15:00,1.15955,1.15988,1.15838,1.15846,1952,0,0
2026-06-05 16:30:00,1.15846,1.15866,1.15761,1.15808,2279,0,0
2026-06-05 16:45:00,1.15808,1.15854,1.15714,1.15719,2314,0,0
2026-06-05 17:00:00,1.15719,1.15805,1.15607,1.15622,2654,0,0
2026-06-05 17:15:00,1.15622,1.15623,1.1553499999999999,1.15558,2026,0,0
2026-06-05 17:30:00,1.15558,1.15618,1.15481,1.15515,1821,0,0
2026-06-05 17:45:00,1.15515,1.15602,1.15513,1.1559,1902,0,0
2026-06-05 18:00:00,1.15589,1.156,1.15453,1.15465,1920,1,0
2026-06-05 18:15:00,1.15465,1.15509,1.15424,1.1546,1920,0,0
2026-06-05 18:30:00,1.1546,1.1548,1.15339,1.15365,1534,0,0
2026-06-05 18:45:00,1.15365,1.15366,1.15303,1.15322,1361,0,0
2026-06-05 19:00:00,1.15322,1.1532499999999999,1.1525400000000001,1.1528,1707,0,0
2026-06-05 19:15:00,1.1528,1.15305,1.15222,1.15263,1665,1,0
2026-06-05 19:30:00,1.1526399999999999,1.15265,1.15215,1.15235,1058,0,0
2026-06-05 19:45:00,1.15244,1.1533,1.15232,1.15322,1144,1,0
2026-06-05 20:00:00,1.15322,1.1533,1.1526399999999999,1.15288,1055,0,0
2026-06-05 20:15:00,1.15288,1.15295,1.15255,1.15268,978,2,0
2026-06-05 20:30:00,1.1527,1.15275,1.15219,1.15225,835,1,0
2026-06-05 20:45:00,1.15225,1.15253,1.15181,1.15242,1121,1,0
2026-06-05 21:00:00,1.15243,1.15251,1.1519,1.1521,1020,0,0
2026-06-05 21:15:00,1.1521,1.15259,1.1519,1.15224,980,0,0
2026-06-05 21:30:00,1.15224,1.15267,1.15214,1.1522999999999999,726,2,0
2026-06-05 21:45:00,1.15229,1.15289,1.15207,1.15229,1015,0,0
2026-06-05 22:00:00,1.15229,1.15235,1.15187,1.15199,794,0,0
2026-06-05 22:15:00,1.15199,1.15223,1.15177,1.15218,727,0,0
2026-06-05 22:30:00,1.15218,1.15247,1.1519300000000001,1.1524,719,0,0
2026-06-05 22:45:00,1.1524,1.15273,1.15231,1.15251,761,1,0
2026-06-05 23:00:00,1.1525,1.15252,1.1516899999999999,1.1518,463,3,0
2026-06-05 23:15:00,1.1518,1.15239,1.15175,1.15234,352,3,0
2026-06-05 23:30:00,1.15235,1.15261,1.15215,1.15224,405,3,0
2026-06-05 23:45:00,1.15223,1.15245,1.15186,1.15199,592,3,0
2026-06-08 00:00:00,1.15085,1.15128,1.15009,1.15117,238,20,0
2026-06-08 00:15:00,1.15117,1.15136,1.15115,1.1513200000000001,162,23,0
2026-06-08 00:30:00,1.1513200000000001,1.15139,1.15093,1.15099,216,15,0
2026-06-08 00:45:00,1.15099,1.15118,1.15072,1.15092,239,12,0
2026-06-08 01:00:00,1.15092,1.1517,1.15087,1.15168,813,0,0
2026-06-08 01:15:00,1.15168,1.15186,1.15128,1.15134,729,3,0
2026-06-08 01:30:00,1.15134,1.15165,1.15117,1.15139,382,2,0
2026-06-08 01:45:00,1.15139,1.15151,1.15099,1.1513,501,0,0
2026-06-08 02:00:00,1.1513,1.15178,1.1513,1.15174,392,2,0
2026-06-08 02:15:00,1.15174,1.15201,1.1517,1.15181,359,0,0
2026-06-08 02:30:00,1.15181,1.15205,1.15174,1.15194,269,2,0
2026-06-08 02:45:00,1.15194,1.15227,1.15179,1.15218,329,3,0
2026-06-08 03:00:00,1.15218,1.15245,1.15209,1.15229,481,0,0
2026-06-08 03:15:00,1.15229,1.15246,1.15208,1.15225,400,1,0
2026-06-08 03:30:00,1.15226,1.15282,1.15224,1.1528100000000001,661,0,0
2026-06-08 03:45:00,1.15282,1.15335,1.15277,1.15328,705,0,0
2026-06-08 04:00:00,1.1533,1.15347,1.15299,1.15303,867,0,0
2026-06-08 04:15:00,1.15303,1.15308,1.15176,1.15194,1928,0,0
2026-06-08 04:30:00,1.15194,1.15245,1.15114,1.15238,1783,0,0
2026-06-08 04:45:00,1.15238,1.1527,1.15214,1.1526399999999999,1042,0,0
2026-06-08 05:00:00,1.1526399999999999,1.15278,1.152,1.15241,813,2,0
2026-06-08 05:15:00,1.1524,1.153,1.15223,1.1529,808,0,0
2026-06-08 05:30:00,1.1529,1.15294,1.15259,1.1528100000000001,710,0,0
2026-06-08 05:45:00,1.1528100000000001,1.1531500000000001,1.1527,1.15285,727,2,0
2026-06-08 06:00:00,1.15285,1.1529099999999999,1.15258,1.15273,512,2,0
2026-06-08 06:15:00,1.15272,1.15285,1.15255,1.15271,470,2,0
2026-06-08 06:30:00,1.15271,1.153,1.15271,1.153,542,2,0
2026-06-08 06:45:00,1.153,1.15324,1.15283,1.15323,454,2,0
2026-06-08 07:00:00,1.15322,1.15326,1.15289,1.15322,443,2,0
2026-06-08 07:15:00,1.15322,1.15334,1.15305,1.15333,332,2,0
2026-06-08 07:30:00,1.15333,1.15339,1.15296,1.15305,558,0,0
2026-06-08 07:45:00,1.15305,1.15323,1.1529099999999999,1.15304,449,2,0
2026-06-08 08:00:00,1.15304,1.15355,1.15304,1.15318,738,1,0
2026-06-08 08:15:00,1.15318,1.15398,1.15311,1.15343,909,2,0
2026-06-08 08:30:00,1.15343,1.15347,1.15244,1.15279,1460,1,0
2026-06-08 08:45:00,1.15279,1.1529,1.15171,1.15192,937,0,0
2026-06-08 09:00:00,1.15192,1.15224,1.15154,1.15188,1555,0,0
2026-06-08 09:15:00,1.15189,1.15249,1.15186,1.15235,1154,1,0
2026-06-08 09:30:00,1.15235,1.15235,1.15158,1.15179,1173,1,0
2026-06-08 09:45:00,1.15186,1.15215,1.15121,1.15152,1008,0,0
2026-06-08 10:00:00,1.15152,1.1526,1.15133,1.15239,1573,0,0
2026-06-08 10:15:00,1.15239,1.15268,1.15202,1.15233,1334,0,0
2026-06-08 10:30:00,1.15233,1.1526399999999999,1.15189,1.15239,1227,0,0
2026-06-08 10:45:00,1.15239,1.1525400000000001,1.15156,1.15165,1155,0,0
2026-06-08 11:00:00,1.15165,1.15233,1.15139,1.15189,1306,0,0
2026-06-08 11:15:00,1.15189,1.15199,1.15136,1.15199,1166,0,0
2026-06-08 11:30:00,1.15199,1.15209,1.15106,1.15156,1113,1,0
2026-06-08 11:45:00,1.15155,1.1517,1.1507100000000001,1.15082,1405,0,0
2026-06-08 12:00:00,1.15082,1.15112,1.15046,1.15065,1402,0,0
2026-06-08 12:15:00,1.15066,1.15075,1.15008,1.15017,1003,0,0
2026-06-08 12:30:00,1.1502,1.15106,1.14991,1.15053,1750,0,0
2026-06-08 12:45:00,1.15053,1.15144,1.1503700000000001,1.15125,1121,0,0
2026-06-08 13:00:00,1.15125,1.1518,1.15093,1.15171,1222,0,0
2026-06-08 13:15:00,1.15171,1.15202,1.1513200000000001,1.15174,1057,0,0
2026-06-08 13:30:00,1.15174,1.15318,1.1515,1.15246,1555,0,0
2026-06-08 13:45:00,1.15246,1.1528100000000001,1.15228,1.15244,1109,1,0
2026-06-08 14:00:00,1.15244,1.15349,1.15227,1.1534,1515,0,0
2026-06-08 14:15:00,1.15345,1.15421,1.153,1.15404,2359,0,0
2026-06-08 14:30:00,1.15404,1.15438,1.1534200000000001,1.15356,1607,0,0
2026-06-08 14:45:00,1.15356,1.15389,1.15327,1.15364,1381,2,0
2026-06-08 15:00:00,1.15364,1.15434,1.15363,1.15371,1875,0,0
2026-06-08 15:15:00,1.15372,1.1540300000000001,1.15358,1.15391,1284,0,0
2026-06-08 15:30:00,1.15391,1.15436,1.15357,1.1541,1496,0,0
2026-06-08 15:45:00,1.1541,1.15425,1.15346,1.1542,1174,0,0
2026-06-08 16:00:00,1.1542,1.15467,1.15404,1.15438,1716,0,0
2026-06-08 16:15:00,1.15438,1.15547,1.15415,1.15494,1827,0,0
2026-06-08 16:30:00,1.15494,1.15524,1.15436,1.1545,2336,0,0
2026-06-08 16:45:00,1.15454,1.15476,1.1541299999999999,1.1541299999999999,1961,0,0
2026-06-08 17:00:00,1.1541299999999999,1.15445,1.15366,1.15382,1713,1,0
2026-06-08 17:15:00,1.15382,1.15393,1.15309,1.15364,1559,0,0
2026-06-08 17:30:00,1.15364,1.15401,1.1532499999999999,1.15359,1597,0,0
2026-06-08 17:45:00,1.15359,1.15427,1.15318,1.15424,1698,0,0
2026-06-08 18:00:00,1.15424,1.15478,1.154,1.1545,1481,0,0
2026-06-08 18:15:00,1.1545,1.15476,1.15392,1.15393,1447,0,0
2026-06-08 18:30:00,1.15393,1.1541299999999999,1.15356,1.154,1327,0,0
2026-06-08 18:45:00,1.15401,1.15469,1.15382,1.15441,1077,0,0
2026-06-08 19:00:00,1.15441,1.1546,1.15411,1.15434,1001,0,0
2026-06-08 19:15:00,1.15434,1.15442,1.15407,1.1541,763,0,0
2026-06-08 19:30:00,1.1541,1.15436,1.154,1.15423,732,0,0
2026-06-08 19:45:00,1.15423,1.15431,1.15382,1.15388,791,2,0
2026-06-08 20:00:00,1.15388,1.15409,1.15373,1.15404,1032,0,0
2026-06-08 20:15:00,1.15404,1.15415,1.15372,1.15394,993,0,0
2026-06-08 20:30:00,1.15394,1.15398,1.15351,1.15389,873,0,0
2026-06-08 20:45:00,1.15389,1.15407,1.15377,1.15379,644,2,0
2026-06-08 21:00:00,1.15379,1.1542,1.15379,1.15392,551,2,0
2026-06-08 21:15:00,1.15392,1.15409,1.15384,1.15406,618,2,0
2026-06-08 21:30:00,1.15406,1.15417,1.15355,1.15364,752,1,0
2026-06-08 21:45:00,1.15364,1.15364,1.15276,1.15283,929,2,0
2026-06-08 22:00:00,1.15283,1.15336,1.1528100000000001,1.15309,788,2,0
2026-06-08 22:15:00,1.15309,1.15327,1.15296,1.1532,658,2,0
2026-06-08 22:30:00,1.1532,1.1534200000000001,1.15299,1.15309,940,1,0
2026-06-08 22:45:00,1.15309,1.15322,1.15288,1.15307,894,1,0
2026-06-08 23:00:00,1.15306,1.15322,1.15303,1.15312,317,0,0
2026-06-08 23:15:00,1.15312,1.15335,1.15296,1.1532499999999999,329,0,0
2026-06-08 23:30:00,1.15326,1.15327,1.15308,1.15314,214,3,0
2026-06-08 23:45:00,1.15314,1.15326,1.1531,1.15322,269,3,0
2026-06-09 00:00:00,1.1534,1.15397,1.15335,1.1534,256,8,0
2026-06-09 00:15:00,1.1534,1.15344,1.15321,1.15337,118,10,0
2026-06-09 00:30:00,1.15337,1.15372,1.15337,1.15372,200,3,0
2026-06-09 00:45:00,1.15372,1.15381,1.15349,1.15366,119,3,0
2026-06-09 01:00:00,1.15366,1.15366,1.15322,1.15337,343,3,0
2026-06-09 01:15:00,1.15337,1.1534,1.15319,1.15331,201,3,0
2026-06-09 01:30:00,1.15329,1.15334,1.15321,1.15324,178,3,0
2026-06-09 01:45:00,1.15324,1.15339,1.15323,1.15334,130,3,0
2026-06-09 02:00:00,1.15334,1.1534,1.15327,1.15334,129,3,0
2026-06-09 02:15:00,1.15334,1.15337,1.15298,1.15307,207,3,0
2026-06-09 02:30:00,1.15307,1.1531,1.15293,1.15302,183,2,0
2026-06-09 02:45:00,1.15302,1.15302,1.15274,1.15278,397,2,0
2026-06-09 03:00:00,1.15278,1.15301,1.15257,1.15282,938,2,0
2026-06-09 03:15:00,1.15282,1.15299,1.15276,1.15288,549,2,0
2026-06-09 03:30:00,1.15288,1.15314,1.15272,1.15306,499,2,0
2026-06-09 03:45:00,1.15306,1.15316,1.15266,1.15313,651,2,0
2026-06-09 04:00:00,1.15313,1.1534200000000001,1.15304,1.15338,703,2,0
2026-06-09 04:15:00,1.15338,1.15366,1.15324,1.15355,692,2,0
2026-06-09 04:30:00,1.15355,1.15375,1.15346,1.15366,698,2,0
2026-06-09 04:45:00,1.15366,1.15396,1.15365,1.15396,690,2,0
2026-06-09 05:00:00,1.15396,1.1540300000000001,1.15377,1.15395,621,2,0
2026-06-09 05:15:00,1.15395,1.15395,1.15356,1.15389,478,2,0
2026-06-09 05:30:00,1.15389,1.15396,1.15368,1.15385,569,2,0
2026-06-09 05:45:00,1.15385,1.15392,1.15369,1.15375,355,2,0
2026-06-09 06:00:00,1.15375,1.15396,1.15357,1.15388,418,1,0
2026-06-09 06:15:00,1.15388,1.15399,1.15336,1.15366,462,2,0
2026-06-09 06:30:00,1.15366,1.1537600000000001,1.15353,1.15374,358,2,0
2026-06-09 06:45:00,1.15374,1.15381,1.15347,1.15371,477,1,0
2026-06-09 07:00:00,1.15379,1.15396,1.15361,1.15383,449,2,0
2026-06-09 07:15:00,1.15389,1.15418,1.15377,1.15417,424,2,0
2026-06-09 07:30:00,1.15417,1.15465,1.15394,1.15459,594,2,0
2026-06-09 07:45:00,1.15459,1.15481,1.15441,1.15454,519,1,0
2026-06-09 08:00:00,1.15453,1.15459,1.15389,1.15394,764,0,0
2026-06-09 08:15:00,1.15394,1.15433,1.15389,1.15417,535,2,0
2026-06-09 08:30:00,1.15417,1.15472,1.15412,1.15455,979,0,0
2026-06-09 08:45:00,1.15446,1.15475,1.1543,1.1544699999999999,1132,2,0
2026-06-09 09:00:00,1.1544699999999999,1.155,1.15425,1.15499,1062,1,0
2026-06-09 09:15:00,1.1549800000000001,1.15534,1.15481,1.15497,1070,0,0
2026-06-09 09:30:00,1.15497,1.15497,1.15442,1.15463,969,1,0
2026-06-09 09:45:00,1.15463,1.15471,1.15428,1.15436,1138,1,0
2026-06-09 10:00:00,1.15436,1.15468,1.15393,1.15398,1177,0,0
2026-06-09 10:15:00,1.15398,1.15426,1.1537,1.15397,978,0,0
2026-06-09 10:30:00,1.15397,1.15422,1.15378,1.1542,939,2,0
2026-06-09 10:45:00,1.15419,1.15438,1.15385,1.15392,796,0,0
2026-06-09 11:00:00,1.15392,1.15426,1.15357,1.15395,1137,1,0
2026-06-09 11:15:00,1.15395,1.15454,1.15389,1.15444,999,1,0
2026-06-09 11:30:00,1.15444,1.15471,1.15438,1.1546,927,1,0
2026-06-09 11:45:00,1.1546,1.15526,1.15443,1.15506,839,1,0
2026-06-09 12:00:00,1.15506,1.15567,1.15502,1.1556,847,1,0
2026-06-09 12:15:00,1.1556,1.15595,1.1554,1.15557,827,0,0
2026-06-09 12:30:00,1.15557,1.15599,1.1555,1.15594,695,2,0
2026-06-09 12:45:00,1.15594,1.15637,1.15585,1.15613,862,0,0
2026-06-09 13:00:00,1.15613,1.15632,1.1559599999999999,1.15624,920,0,0
2026-06-09 13:15:00,1.15624,1.1566,1.15611,1.15652,696,0,0
2026-06-09 13:30:00,1.15652,1.15685,1.15641,1.15684,507,1,0
2026-06-09 13:45:00,1.15684,1.1569099999999999,1.15636,1.15653,589,0,0
2026-06-09 14:00:00,1.15653,1.15695,1.15645,1.15684,682,2,0
2026-06-09 14:15:00,1.15684,1.15726,1.15664,1.15723,680,1,0
2026-06-09 14:30:00,1.15723,1.1573,1.15666,1.15675,785,1,0
2026-06-09 14:45:00,1.15675,1.15741,1.15665,1.15726,828,0,0
2026-06-09 15:00:00,1.15725,1.15749,1.157,1.15707,987,2,0
2026-06-09 15:15:00,1.1571,1.15719,1.15688,1.15692,824,2,0
2026-06-09 15:30:00,1.15693,1.1574200000000001,1.15685,1.15733,860,2,0
2026-06-09 15:45:00,1.15733,1.15748,1.15713,1.15735,738,2,0
2026-06-09 16:00:00,1.15735,1.15779,1.15725,1.15767,1198,0,0
2026-06-09 16:15:00,1.15767,1.15768,1.15706,1.15721,920,0,0
2026-06-09 16:30:00,1.15722,1.15724,1.15626,1.15649,1393,1,0
2026-06-09 16:45:00,1.15648,1.15764,1.15634,1.15663,2219,0,0
2026-06-09 17:00:00,1.15663,1.15733,1.1562999999999999,1.1562999999999999,1879,0,0
2026-06-09 17:15:00,1.1562999999999999,1.15669,1.1558,1.15629,2075,0,0
2026-06-09 17:30:00,1.15629,1.15692,1.15615,1.15625,1818,0,0
2026-06-09 17:45:00,1.15624,1.15664,1.15605,1.15622,2022,0,0
2026-06-09 18:00:00,1.15622,1.15673,1.15604,1.15643,1592,0,0
2026-06-09 18:15:00,1.15643,1.15646,1.1557,1.15582,1773,0,0
2026-06-09 18:30:00,1.15582,1.15599,1.15449,1.15533,2420,0,0
2026-06-09 18:45:00,1.15534,1.1557,1.15505,1.1555,1598,0,0
2026-06-09 19:00:00,1.1555,1.15574,1.15452,1.15457,2301,0,0
2026-06-09 19:15:00,1.15457,1.15473,1.154,1.15459,1638,0,0
2026-06-09 19:30:00,1.15458,1.1547399999999999,1.15277,1.15356,3008,0,0
2026-06-09 19:45:00,1.15355,1.15409,1.15328,1.15408,2236,0,0
2026-06-09 20:00:00,1.15408,1.15452,1.15394,1.15429,2013,0,0
2026-06-09 20:15:00,1.15428,1.1553,1.15405,1.15506,2007,0,0
2026-06-09 20:30:00,1.15506,1.15525,1.1548,1.15503,1369,2,0
2026-06-09 20:45:00,1.15503,1.15511,1.15454,1.1548,1358,0,0
2026-06-09 21:00:00,1.1548,1.1549800000000001,1.15449,1.15494,1333,0,0
2026-06-09 21:15:00,1.15494,1.1553,1.15471,1.15514,1375,2,0
2026-06-09 21:30:00,1.15514,1.15529,1.15482,1.15495,1130,2,0
2026-06-09 21:45:00,1.15495,1.15502,1.15475,1.15497,1047,0,0
2026-06-09 22:00:00,1.15497,1.15502,1.15454,1.15467,817,2,0
2026-06-09 22:15:00,1.15467,1.15467,1.15419,1.15429,903,1,0
2026-06-09 22:30:00,1.15429,1.15435,1.1540300000000001,1.1541299999999999,981,2,0
2026-06-09 22:45:00,1.1541299999999999,1.15439,1.15391,1.15414,1125,1,0
2026-06-09 23:00:00,1.1541299999999999,1.15435,1.15394,1.15426,524,3,0
2026-06-09 23:15:00,1.15426,1.15453,1.15416,1.15432,338,3,0
2026-06-09 23:30:00,1.15432,1.15438,1.15425,1.15429,180,3,0
2026-06-09 23:45:00,1.15429,1.15443,1.15425,1.15425,233,3,0
2026-06-10 00:00:00,1.15419,1.15444,1.1541,1.15431,121,17,0
2026-06-10 00:15:00,1.15431,1.15432,1.15396,1.15398,114,6,0
2026-06-10 00:30:00,1.15398,1.154,1.15353,1.15354,146,5,0
2026-06-10 00:45:00,1.15354,1.15392,1.15351,1.15381,250,3,0
2026-06-10 01:00:00,1.15381,1.15398,1.15361,1.15391,338,3,0
2026-06-10 01:15:00,1.15391,1.15401,1.15382,1.15401,187,3,0
2026-06-10 01:30:00,1.15401,1.1540300000000001,1.15373,1.15373,344,3,0
2026-06-10 01:45:00,1.15373,1.15374,1.15351,1.15361,283,3,0
2026-06-10 02:00:00,1.15361,1.15389,1.15361,1.1538,207,3,0
2026-06-10 02:15:00,1.15381,1.15383,1.15341,1.15347,265,1,0
2026-06-10 02:30:00,1.15347,1.15369,1.1534,1.15364,243,3,0
2026-06-10 02:45:00,1.15364,1.15365,1.15329,1.15349,505,2,0
2026-06-10 03:00:00,1.15349,1.1541299999999999,1.15335,1.1541,978,1,0
2026-06-10 03:15:00,1.1541,1.1542,1.15382,1.15414,691,2,0
2026-06-10 03:30:00,1.15414,1.15416,1.1533,1.15344,735,2,0
2026-06-10 03:45:00,1.15344,1.15435,1.15324,1.15422,1156,0,0
2026-06-10 04:00:00,1.15422,1.15428,1.15378,1.15396,892,0,0
2026-06-10 04:15:00,1.15397,1.15427,1.15381,1.15393,811,2,0
2026-06-10 04:30:00,1.15394,1.15404,1.15368,1.15384,996,2,0
2026-06-10 04:45:00,1.15384,1.1540300000000001,1.15346,1.15377,993,1,0
2026-06-10 05:00:00,1.15377,1.15405,1.15367,1.15402,554,1,0
2026-06-10 05:15:00,1.15402,1.15429,1.15388,1.15427,647,1,0
2026-06-10 05:30:00,1.15427,1.15441,1.15415,1.1544,612,1,0
2026-06-10 05:45:00,1.1544,1.15449,1.1541,1.15425,554,2,0
2026-06-10 06:00:00,1.15425,1.1548,1.15421,1.15475,588,0,0
2026-06-10 06:15:00,1.15475,1.15497,1.15455,1.15466,526,1,0
2026-06-10 06:30:00,1.15466,1.15479,1.15442,1.15452,465,2,0
2026-06-10 06:45:00,1.15452,1.15521,1.15445,1.15503,646,2,0
2026-06-10 07:00:00,1.15503,1.15505,1.15468,1.15477,471,2,0
2026-06-10 07:15:00,1.15477,1.15489,1.15461,1.15485,704,2,0
2026-06-10 07:30:00,1.15485,1.15487,1.15442,1.1545,546,0,0
2026-06-10 07:45:00,1.1545,1.15463,1.15435,1.15463,482,2,0
2026-06-10 08:00:00,1.15463,1.15488,1.15449,1.15468,617,2,0
2026-06-10 08:15:00,1.15468,1.1549800000000001,1.1544699999999999,1.15494,719,1,0
2026-06-10 08:30:00,1.15494,1.15555,1.15489,1.15544,1054,1,0
2026-06-10 08:45:00,1.15544,1.15551,1.15515,1.1553499999999999,664,1,0
2026-06-10 09:00:00,1.15538,1.15582,1.15536,1.15561,1071,0,0
2026-06-10 09:15:00,1.15561,1.15575,1.15517,1.15556,1040,1,0
2026-06-10 09:30:00,1.15556,1.15564,1.15531,1.1555,809,1,0
2026-06-10 09:45:00,1.1555,1.15556,1.15482,1.15487,994,0,0
2026-06-10 10:00:00,1.15486,1.15562,1.15454,1.15561,1069,0,0
2026-06-10 10:15:00,1.15562,1.15586,1.15525,1.1553499999999999,907,1,0
2026-06-10 10:30:00,1.1553499999999999,1.15552,1.15524,1.15539,749,1,0
2026-06-10 10:45:00,1.15539,1.1555,1.15517,1.15536,851,1,0
2026-06-10 11:00:00,1.15536,1.1554,1.1548,1.15491,1090,2,0
2026-06-10 11:15:00,1.15492,1.1553499999999999,1.15485,1.15531,1106,0,0
2026-06-10 11:30:00,1.15531,1.15531,1.15488,1.15503,766,1,0
2026-06-10 11:45:00,1.15503,1.1553499999999999,1.15482,1.1553499999999999,873,1,0
2026-06-10 12:00:00,1.1553499999999999,1.15567,1.15501,1.15509,976,0,0
2026-06-10 12:15:00,1.1550799999999999,1.15533,1.15502,1.15526,680,1,0
2026-06-10 12:30:00,1.15526,1.15568,1.15522,1.1555900000000001,1079,0,0
2026-06-10 12:45:00,1.1556,1.1559599999999999,1.15556,1.15578,857,2,0
2026-06-10 13:00:00,1.15578,1.15592,1.15547,1.15553,802,0,0
2026-06-10 13:15:00,1.15561,1.15572,1.15542,1.1555900000000001,685,0,0
2026-06-10 13:30:00,1.1555900000000001,1.15571,1.15515,1.1553,884,0,0
2026-06-10 13:45:00,1.1553,1.15548,1.15494,1.15519,808,2,0
2026-06-10 14:00:00,1.15521,1.15524,1.1535199999999999,1.15472,2379,0,0
2026-06-10 14:15:00,1.15472,1.1549,1.15398,1.15432,2091,0,0
2026-06-10 14:30:00,1.15432,1.1544699999999999,1.15343,1.15375,1484,0,0
2026-06-10 14:45:00,1.15375,1.15406,1.15347,1.15365,1122,0,0
2026-06-10 15:00:00,1.15365,1.15426,1.1535199999999999,1.15401,1312,0,0
2026-06-10 15:15:00,1.15401,1.15466,1.1539,1.15463,1427,0,0
2026-06-10 15:30:00,1.15463,1.1559300000000001,1.15421,1.15589,3037,0,0
2026-06-10 15:45:00,1.15589,1.15646,1.15479,1.15483,2086,0,0
2026-06-10 16:00:00,1.15483,1.15552,1.15468,1.15548,1794,0,0
2026-06-10 16:15:00,1.15547,1.1559599999999999,1.1553200000000001,1.15572,1668,0,0
2026-06-10 16:30:00,1.15572,1.15706,1.1555900000000001,1.15705,2243,0,0
2026-06-10 16:45:00,1.15705,1.1573,1.15611,1.15624,2099,0,0
2026-06-10 17:00:00,1.15625,1.1567,1.15595,1.15633,2302,0,0
2026-06-10 17:15:00,1.15633,1.15636,1.15546,1.1557,2320,0,0
2026-06-10 17:30:00,1.1557,1.15594,1.15543,1.15566,2010,1,0
2026-06-10 17:45:00,1.15565,1.15594,1.15497,1.15521,1918,0,0
2026-06-10 18:00:00,1.15521,1.15553,1.15462,1.15511,1935,0,0
2026-06-10 18:15:00,1.15511,1.15566,1.15466,1.15545,1953,0,0
2026-06-10 18:30:00,1.15546,1.15567,1.15502,1.15524,1575,0,0
2026-06-10 18:45:00,1.15524,1.1553200000000001,1.15345,1.15492,3019,0,0
2026-06-10 19:00:00,1.15492,1.15588,1.15482,1.15565,1738,0,0
2026-06-10 19:15:00,1.15565,1.1558,1.15541,1.1557,1222,0,0
2026-06-10 19:30:00,1.1557,1.1559300000000001,1.15551,1.15552,938,1,0
2026-06-10 19:45:00,1.15552,1.15557,1.15517,1.15536,834,2,0
2026-06-10 20:00:00,1.15536,1.15565,1.15493,1.15503,935,1,0
2026-06-10 20:15:00,1.15503,1.15515,1.15476,1.15495,959,2,0
2026-06-10 20:30:00,1.15495,1.15495,1.15442,1.15451,767,0,0
2026-06-10 20:45:00,1.15451,1.15531,1.1544699999999999,1.15522,1160,0,0
2026-06-10 21:00:00,1.15522,1.15576,1.15522,1.15539,981,0,0
2026-06-10 21:15:00,1.15539,1.15546,1.15491,1.15507,1012,0,0
2026-06-10 21:30:00,1.1550799999999999,1.15515,1.15484,1.15501,732,0,0
2026-06-10 21:45:00,1.15501,1.1552,1.1547,1.15482,743,2,0
2026-06-10 22:00:00,1.15481,1.15487,1.15428,1.1543700000000001,870,2,0
2026-06-10 22:15:00,1.1543700000000001,1.15446,1.15418,1.15436,707,2,0
2026-06-10 22:30:00,1.15436,1.15472,1.15426,1.15467,896,2,0
2026-06-10 22:45:00,1.15467,1.15468,1.15404,1.1541299999999999,1007,1,0
2026-06-10 23:00:00,1.15415,1.15415,1.15363,1.15371,488,2,0
2026-06-10 23:15:00,1.15371,1.15397,1.1536,1.1539,268,3,0
2026-06-10 23:30:00,1.1539,1.15399,1.15354,1.15364,294,0,0
2026-06-10 23:45:00,1.15364,1.1537,1.1534200000000001,1.15351,380,3,0
2026-06-11 00:00:00,1.15349,1.15394,1.15343,1.15387,95,4,0
2026-06-11 00:15:00,1.15387,1.15396,1.15361,1.15361,173,2,0
2026-06-11 00:30:00,1.15361,1.15373,1.15347,1.15373,74,6,0
2026-06-11 00:45:00,1.15373,1.1537600000000001,1.15344,1.1535199999999999,125,5,0
2026-06-11 01:00:00,1.1535199999999999,1.15356,1.15275,1.15302,399,3,0
2026-06-11 01:15:00,1.15302,1.1531500000000001,1.1528,1.15304,408,3,0
2026-06-11 01:30:00,1.15304,1.15356,1.15304,1.15341,518,3,0
2026-06-11 01:45:00,1.15341,1.15366,1.15287,1.15295,656,3,0
2026-06-11 02:00:00,1.15295,1.15302,1.15253,1.15266,604,0,0
2026-06-11 02:15:00,1.15266,1.15364,1.1525400000000001,1.15356,1253,0,0
2026-06-11 02:30:00,1.15356,1.15377,1.15319,1.15362,728,0,0
2026-06-11 02:45:00,1.15362,1.15372,1.1533,1.15349,527,1,0
2026-06-11 03:00:00,1.1535199999999999,1.1541,1.1535199999999999,1.15392,1345,2,0
2026-06-11 03:15:00,1.15392,1.15426,1.15388,1.15412,1219,2,0
2026-06-11 03:30:00,1.15412,1.15423,1.15384,1.15401,858,0,0
2026-06-11 03:45:00,1.15401,1.15429,1.15394,1.15422,795,2,0
2026-06-11 04:00:00,1.15422,1.15523,1.15416,1.15523,986,0,0
2026-06-11 04:15:00,1.15523,1.15557,1.15491,1.15548,811,0,0
2026-06-11 04:30:00,1.15548,1.1556,1.15522,1.15541,610,0,0
2026-06-11 04:45:00,1.15541,1.15554,1.15527,1.15539,523,1,0
2026-06-11 05:00:00,1.1554,1.15541,1.15504,1.15518,845,2,0
2026-06-11 05:15:00,1.15518,1.15521,1.15469,1.15477,813,2,0
2026-06-11 05:30:00,1.15477,1.15487,1.15453,1.1547399999999999,739,1,0
2026-06-11 05:45:00,1.15473,1.15487,1.15453,1.15479,672,2,0
2026-06-11 06:00:00,1.15479,1.1549,1.1543700000000001,1.15442,585,1,0
2026-06-11 06:15:00,1.15442,1.15472,1.15438,1.15471,544,2,0
2026-06-11 06:30:00,1.15471,1.15477,1.15453,1.15467,580,2,0
2026-06-11 06:45:00,1.15467,1.15471,1.15435,1.1545,535,2,0
2026-06-11 07:00:00,1.1545,1.15459,1.15417,1.1545,582,0,0
2026-06-11 07:15:00,1.1545,1.15472,1.15438,1.15467,548,2,0
2026-06-11 07:30:00,1.15467,1.15487,1.15455,1.15479,539,2,0
2026-06-11 07:45:00,1.15479,1.15502,1.15469,1.15482,567,2,0
2026-06-11 08:00:00,1.15482,1.155,1.15457,1.15497,768,2,0
2026-06-11 08:15:00,1.15497,1.15512,1.15479,1.155,479,2,0
2026-06-11 08:30:00,1.155,1.15513,1.15473,1.1549,854,1,0
2026-06-11 08:45:00,1.1549,1.15494,1.15443,1.15473,740,2,0
2026-06-11 09:00:00,1.15473,1.15473,1.15415,1.15462,954,1,0
2026-06-11 09:15:00,1.15462,1.15473,1.15418,1.15433,785,0,0
2026-06-11 09:30:00,1.15433,1.15468,1.15427,1.15445,705,1,0
2026-06-11 09:45:00,1.15445,1.15458,1.15399,1.15415,785,0,0
2026-06-11 10:00:00,1.15416,1.15479,1.15412,1.15468,1103,0,0
2026-06-11 10:15:00,1.15468,1.15555,1.15454,1.15531,1031,0,0
2026-06-11 10:30:00,1.15531,1.15542,1.15462,1.15467,1034,0,0
2026-06-11 10:45:00,1.15467,1.15477,1.15431,1.15449,648,0,0
2026-06-11 11:00:00,1.15449,1.15453,1.15398,1.15412,912,0,0
2026-06-11 11:15:00,1.1541299999999999,1.15417,1.15375,1.15389,868,1,0
2026-06-11 11:30:00,1.15384,1.15401,1.15365,1.1538,882,0,0
2026-06-11 11:45:00,1.1538,1.15385,1.15303,1.1532,937,1,0
2026-06-11 12:00:00,1.1532,1.1534200000000001,1.15286,1.1534200000000001,848,2,0
2026-06-11 12:15:00,1.1534200000000001,1.15369,1.15308,1.15322,742,0,0
2026-06-11 12:30:00,1.15322,1.1534,1.15298,1.15337,708,2,0
2026-06-11 12:45:00,1.15337,1.15371,1.15311,1.15339,857,0,0
2026-06-11 13:00:00,1.15339,1.15344,1.15245,1.15258,851,0,0
2026-06-11 13:15:00,1.15258,1.15272,1.15221,1.15252,976,1,0
2026-06-11 13:30:00,1.15252,1.15288,1.1524,1.15269,841,0,0
2026-06-11 13:45:00,1.15269,1.15318,1.15259,1.15312,688,0,0
2026-06-11 14:00:00,1.15312,1.15394,1.15309,1.1538599999999999,1118,0,0
2026-06-11 14:15:00,1.1538599999999999,1.15391,1.15343,1.15375,773,0,0
2026-06-11 14:30:00,1.15375,1.15417,1.15358,1.15375,1422,0,0
2026-06-11 14:45:00,1.1537600000000001,1.15389,1.15345,1.15378,793,0,0
2026-06-11 15:00:00,1.15383,1.15402,1.1532499999999999,1.15334,1120,1,0
2026-06-11 15:15:00,1.15334,1.1539,1.15158,1.1528100000000001,2728,0,0
2026-06-11 15:30:00,1.1528100000000001,1.15351,1.15192,1.15306,2426,0,0
2026-06-11 15:45:00,1.15306,1.15435,1.15283,1.15396,2754,0,0
2026-06-11 16:00:00,1.15396,1.1540300000000001,1.15239,1.1525400000000001,1960,0,0
2026-06-11 16:15:00,1.1525400000000001,1.15321,1.15167,1.15301,1703,0,0
2026-06-11 16:30:00,1.15301,1.15343,1.1526,1.1532,2125,1,0
2026-06-11 16:45:00,1.1532,1.15396,1.1529,1.15294,2073,0,0
2026-06-11 17:00:00,1.15294,1.15304,1.15204,1.15228,1877,0,0
2026-06-11 17:15:00,1.15228,1.15245,1.15196,1.15215,1496,0,0
2026-06-11 17:30:00,1.15216,1.1522000000000001,1.15139,1.15175,1368,0,0
2026-06-11 17:45:00,1.15175,1.15194,1.15141,1.15192,1377,2,0
2026-06-11 18:00:00,1.15192,1.15223,1.15129,1.1517,1894,0,0
2026-06-11 18:15:00,1.1517,1.15242,1.15166,1.1522000000000001,1414,2,0
2026-06-11 18:30:00,1.1522000000000001,1.1522999999999999,1.15163,1.15191,1405,0,0
2026-06-11 18:45:00,1.15192,1.15198,1.1513200000000001,1.15143,1182,1,0
2026-06-11 19:00:00,1.15145,1.15161,1.15067,1.15097,1112,0,0
2026-06-11 19:15:00,1.15097,1.15113,1.1507,1.15092,1064,0,0
2026-06-11 19:30:00,1.15092,1.15122,1.15069,1.1509800000000001,1066,2,0
2026-06-11 19:45:00,1.15097,1.15101,1.15073,1.15089,703,2,0
2026-06-11 20:00:00,1.15089,1.15092,1.15024,1.15041,1124,0,0
2026-06-11 20:15:00,1.15044,1.15238,1.15015,1.1522999999999999,1335,0,0
2026-06-11 20:30:00,1.1522999999999999,1.15665,1.15229,1.15604,5326,0,0
2026-06-11 20:45:00,1.15603,1.1562999999999999,1.15448,1.1550799999999999,3484,0,0
2026-06-11 21:00:00,1.1550799999999999,1.15539,1.1541,1.15523,3302,0,0
2026-06-11 21:15:00,1.15523,1.15604,1.15513,1.15555,3357,0,0
2026-06-11 21:30:00,1.15556,1.15579,1.15481,1.15576,2241,0,0
2026-06-11 21:45:00,1.15576,1.15666,1.1556899999999999,1.15578,1670,0,0
2026-06-11 22:00:00,1.15578,1.15748,1.15578,1.1574200000000001,2079,0,0
2026-06-11 22:15:00,1.1574200000000001,1.1581299999999999,1.15723,1.15804,1862,0,0
2026-06-11 22:30:00,1.15804,1.15897,1.15794,1.15794,2269,0,0
2026-06-11 22:45:00,1.15794,1.15807,1.15767,1.15787,1658,1,0
2026-06-11 23:00:00,1.15786,1.15834,1.15779,1.15795,972,3,0
2026-06-11 23:15:00,1.15795,1.15829,1.15769,1.15802,625,2,0
2026-06-11 23:30:00,1.15802,1.15817,1.15768,1.1577,425,1,0
2026-06-11 23:45:00,1.1577,1.15802,1.15759,1.15779,616,3,0
2026-06-12 00:00:00,1.15775,1.15802,1.15739,1.15801,131,3,0
2026-06-12 00:15:00,1.15801,1.15801,1.15761,1.1577600000000001,143,4,0
2026-06-12 00:30:00,1.1577600000000001,1.1578,1.15746,1.1575,139,4,0
2026-06-12 00:45:00,1.1575,1.15793,1.1575,1.15764,144,3,0
2026-06-12 01:00:00,1.15764,1.15817,1.15757,1.15758,346,2,0
2026-06-12 01:15:00,1.15758,1.15764,1.15719,1.15749,516,3,0
2026-06-12 01:30:00,1.15749,1.15795,1.15722,1.15789,449,3,0
2026-06-12 01:45:00,1.15789,1.15848,1.15788,1.1584699999999999,527,3,0
2026-06-12 02:00:00,1.1584699999999999,1.1586400000000001,1.15811,1.15821,617,0,0
2026-06-12 02:15:00,1.15821,1.15828,1.15764,1.1577600000000001,469,1,0
2026-06-12 02:30:00,1.1577600000000001,1.15778,1.15745,1.15758,379,1,0
2026-06-12 02:45:00,1.15759,1.15768,1.15737,1.15754,565,2,0
2026-06-12 03:00:00,1.15755,1.15764,1.15684,1.15712,1335,1,0
2026-06-12 03:15:00,1.15711,1.1571799999999999,1.15682,1.15703,771,2,0
2026-06-12 03:30:00,1.15703,1.15719,1.15658,1.15662,806,1,0
2026-06-12 03:45:00,1.15662,1.15707,1.15659,1.15696,935,2,0
2026-06-12 04:00:00,1.15696,1.15701,1.15623,1.15656,1162,2,0
2026-06-12 04:15:00,1.15656,1.15663,1.15612,1.1562000000000001,832,0,0
2026-06-12 04:30:00,1.15619,1.15663,1.15613,1.15626,812,0,0
2026-06-12 04:45:00,1.15626,1.15658,1.15615,1.15632,590,2,0
2026-06-12 05:00:00,1.15632,1.15704,1.15622,1.15686,780,1,0
2026-06-12 05:15:00,1.15686,1.15687,1.15644,1.15648,472,2,0
2026-06-12 05:30:00,1.15648,1.15671,1.15634,1.15653,536,0,0
2026-06-12 05:45:00,1.15655,1.15673,1.15643,1.15667,589,0,0
2026-06-12 06:00:00,1.15667,1.15683,1.15647,1.15671,626,1,0
2026-06-12 06:15:00,1.15671,1.15711,1.15663,1.15704,786,0,0
2026-06-12 06:30:00,1.15704,1.15751,1.15693,1.15734,888,1,0
2026-06-12 06:45:00,1.15734,1.15734,1.15695,1.15716,645,0,0
2026-06-12 07:00:00,1.15721,1.15725,1.15683,1.15709,780,2,0
2026-06-12 07:15:00,1.15714,1.1572,1.15695,1.15717,384,2,0
2026-06-12 07:30:00,1.15717,1.1575,1.15705,1.15739,551,2,0
2026-06-12 07:45:00,1.15739,1.15743,1.15702,1.15712,704,2,0
2026-06-12 08:00:00,1.15712,1.15738,1.15666,1.15689,865,1,0
2026-06-12 08:15:00,1.15689,1.1569,1.15638,1.15649,886,0,0
2026-06-12 08:30:00,1.15649,1.15664,1.15623,1.15637,931,1,0
2026-06-12 08:45:00,1.15637,1.1564,1.15565,1.15573,896,0,0
2026-06-12 09:00:00,1.15573,1.15682,1.15573,1.15655,1130,0,0
2026-06-12 09:15:00,1.15655,1.1568100000000001,1.15646,1.15674,989,2,0
2026-06-12 09:30:00,1.15674,1.15707,1.15648,1.15687,1219,1,0
2026-06-12 09:45:00,1.15688,1.15741,1.15669,1.15731,1341,1,0
2026-06-12 10:00:00,1.1573,1.15733,1.15627,1.15644,1342,0,0
2026-06-12 10:15:00,1.15644,1.15669,1.15605,1.15605,1141,1,0
2026-06-12 10:30:00,1.15605,1.1562999999999999,1.15566,1.15603,1268,0,0
2026-06-12 10:45:00,1.15603,1.15674,1.15567,1.15665,1475,0,0
2026-06-12 11:00:00,1.15665,1.15711,1.15639,1.15695,1521,0,0
2026-06-12 11:15:00,1.15695,1.15856,1.15686,1.1576,2279,0,0
2026-06-12 11:30:00,1.15761,1.15832,1.1575,1.15802,1562,0,0
2026-06-12 11:45:00,1.15802,1.15824,1.15741,1.15765,1184,0,0
2026-06-12 12:00:00,1.15765,1.15777,1.15729,1.1577,1365,0,0
2026-06-12 12:15:00,1.1577,1.15895,1.1577,1.15879,2038,0,0
2026-06-12 12:30:00,1.1588,1.15889,1.15831,1.15858,1280,0,0
2026-06-12 12:45:00,1.15858,1.15871,1.15797,1.15839,1066,0,0
2026-06-12 13:00:00,1.15839,1.15855,1.15808,1.15829,1008,1,0
2026-06-12 13:15:00,1.15829,1.15841,1.15683,1.1574200000000001,1692,0,0
2026-06-12 13:30:00,1.15734,1.15795,1.1573,1.1576,1158,1,0
2026-06-12 13:45:00,1.1576,1.15783,1.15703,1.15737,1009,2,0
2026-06-12 14:00:00,1.15737,1.15747,1.15709,1.15744,1012,1,0
2026-06-12 14:15:00,1.15744,1.15778,1.15729,1.15737,937,2,0
2026-06-12 14:30:00,1.15747,1.15793,1.15721,1.15783,1056,0,0
2026-06-12 14:45:00,1.15783,1.15788,1.15697,1.15713,1038,1,0
2026-06-12 15:00:00,1.15714,1.15723,1.15655,1.15682,1221,0,0
2026-06-12 15:15:00,1.15682,1.15689,1.15598,1.15614,1042,0,0
2026-06-12 15:30:00,1.15614,1.15652,1.15609,1.15629,1071,0,0
2026-06-12 15:45:00,1.15629,1.15643,1.15598,1.15633,1140,0,0
2026-06-12 16:00:00,1.15634,1.15687,1.15607,1.1566,1273,2,0
2026-06-12 16:15:00,1.1566,1.15764,1.1565400000000001,1.15759,1459,0,0
2026-06-12 16:30:00,1.15759,1.1579,1.15637,1.15675,5044,0,0
2026-06-12 16:45:00,1.15675,1.15743,1.15671,1.15694,4925,0,0
2026-06-12 17:00:00,1.15693,1.1577600000000001,1.15675,1.15734,6023,0,0
2026-06-12 17:15:00,1.15734,1.1575199999999999,1.1566,1.15693,5267,0,0
2026-06-12 17:30:00,1.15692,1.15765,1.15689,1.15733,4786,0,0
2026-06-12 17:45:00,1.15733,1.1579,1.15682,1.15734,7888,0,0
2026-06-12 18:00:00,1.15734,1.1578,1.1571500000000001,1.15772,5915,0,0
2026-06-12 18:15:00,1.15772,1.15836,1.15762,1.15824,4935,0,0
2026-06-12 18:30:00,1.15824,1.1583700000000001,1.15735,1.15757,5079,0,0
2026-06-12 18:45:00,1.15757,1.15787,1.15729,1.1573,4386,0,0
2026-06-12 19:00:00,1.1573,1.15779,1.15694,1.15724,5259,0,0
2026-06-12 19:15:00,1.15724,1.15762,1.15698,1.15726,4383,0,0
2026-06-12 19:30:00,1.15726,1.15756,1.1571799999999999,1.15724,3450,0,0
2026-06-12 19:45:00,1.15724,1.15754,1.1571799999999999,1.15746,3149,0,0
2026-06-12 20:00:00,1.15745,1.15775,1.1571500000000001,1.15736,3716,0,0
2026-06-12 20:15:00,1.15736,1.15761,1.15716,1.15755,3053,0,0
2026-06-12 20:30:00,1.15755,1.15766,1.15735,1.15755,3411,0,0
2026-06-12 20:45:00,1.15755,1.15758,1.1573,1.15746,2687,0,0
2026-06-12 21:00:00,1.15746,1.15754,1.15722,1.15737,2565,0,0
2026-06-12 21:15:00,1.15737,1.15762,1.15735,1.15753,3222,0,0
2026-06-12 21:30:00,1.15754,1.15786,1.15753,1.15777,2388,0,0
2026-06-12 21:45:00,1.15777,1.15785,1.1574200000000001,1.15748,2405,0,0
2026-06-12 22:00:00,1.15748,1.15779,1.15732,1.15747,2667,0,0
2026-06-12 22:15:00,1.15747,1.15764,1.15727,1.15748,2399,0,0
2026-06-12 22:30:00,1.15748,1.1575199999999999,1.15707,1.15708,3049,0,0
2026-06-12 22:45:00,1.15708,1.15725,1.15687,1.15714,2943,0,0
2026-06-12 23:00:00,1.15714,1.15719,1.15688,1.15693,2197,0,0
2026-06-12 23:15:00,1.15692,1.1571,1.1568100000000001,1.15682,1424,0,0
2026-06-12 23:30:00,1.15682,1.15684,1.15664,1.1567,1355,0,0
2026-06-12 23:45:00,1.1567,1.15694,1.1565400000000001,1.1566,3099,0,0
2026-06-15 00:00:00,1.15746,1.15763,1.1573,1.15747,84,0,0
2026-06-15 00:15:00,1.15747,1.15924,1.15745,1.1592,267,0,0
2026-06-15 00:30:00,1.1592,1.1598600000000001,1.1592,1.15977,306,0,0
2026-06-15 00:45:00,1.15977,1.1605699999999999,1.15965,1.16049,799,0,0
2026-06-15 01:00:00,1.16049,1.16176,1.16034,1.1611799999999999,2801,0,0
2026-06-15 01:15:00,1.1611799999999999,1.16153,1.16076,1.16086,3448,0,0
2026-06-15 01:30:00,1.16085,1.16117,1.16038,1.16088,3599,0,0
2026-06-15 01:45:00,1.16088,1.16115,1.16084,1.16088,2528,0,0
2026-06-15 02:00:00,1.16088,1.16095,1.16041,1.16048,2098,0,0
2026-06-15 02:15:00,1.16048,1.1607,1.16036,1.16041,1560,0,0
2026-06-15 02:30:00,1.16042,1.1607,1.1602999999999999,1.16064,1104,0,0
2026-06-15 02:45:00,1.16065,1.16092,1.16022,1.16029,2850,0,0
2026-06-15 03:00:00,1.16029,1.16109,1.16028,1.16106,3800,0,0
2026-06-15 03:15:00,1.16106,1.1611799999999999,1.16071,1.16073,3019,0,0
2026-06-15 03:30:00,1.16073,1.16078,1.16046,1.16058,2223,0,0
2026-06-15 03:45:00,1.16058,1.16063,1.1598,1.15989,2666,0,0
2026-06-15 04:00:00,1.15988,1.15991,1.15943,1.15974,2958,0,0
2026-06-15 04:15:00,1.15974,1.1599599999999999,1.15968,1.15981,2400,0,0
2026-06-15 04:30:00,1.15981,1.15988,1.15961,1.15965,2428,0,0
2026-06-15 04:45:00,1.15965,1.16018,1.15957,1.15981,2355,0,0
2026-06-15 05:00:00,1.15982,1.1599599999999999,1.15943,1.15948,2430,0,0
2026-06-15 05:15:00,1.15948,1.15982,1.15941,1.1598,1713,0,0
2026-06-15 05:30:00,1.1598,1.16015,1.15978,1.15987,1802,0,0
2026-06-15 05:45:00,1.15987,1.15999,1.15975,1.15995,1370,0,0
2026-06-15 06:00:00,1.15995,1.1601,1.15984,1.15988,1474,0,0
2026-06-15 06:15:00,1.15988,1.16021,1.15981,1.16017,1499,0,0
2026-06-15 06:30:00,1.16017,1.16044,1.16008,1.16032,1901,0,0
2026-06-15 06:45:00,1.16032,1.16054,1.16026,1.16043,1577,0,0
2026-06-15 07:00:00,1.16043,1.16054,1.16032,1.16048,1406,0,0
2026-06-15 07:15:00,1.16048,1.1609099999999999,1.16043,1.1609,1365,0,0
2026-06-15 07:30:00,1.16089,1.16114,1.16086,1.16109,1249,0,0
2026-06-15 07:45:00,1.16109,1.16136,1.16103,1.16125,1303,0,0
2026-06-15 08:00:00,1.16125,1.16222,1.16125,1.16193,1931,0,0
2026-06-15 08:15:00,1.16193,1.16205,1.16177,1.16184,1591,0,0
2026-06-15 08:30:00,1.16184,1.16196,1.16138,1.1614,1435,0,0
2026-06-15 08:45:00,1.1614,1.16178,1.16136,1.16168,1773,0,0
2026-06-15 09:00:00,1.1616900000000001,1.1618,1.16083,1.16098,2953,0,0
2026-06-15 09:15:00,1.16098,1.16115,1.16066,1.16078,2584,0,0
2026-06-15 09:30:00,1.16078,1.16086,1.16006,1.16072,3458,0,0
2026-06-15 09:45:00,1.16072,1.16088,1.16044,1.16063,2463,0,0
2026-06-15 10:00:00,1.16064,1.16095,1.16014,1.16066,4283,0,0
2026-06-15 10:15:00,1.16066,1.16106,1.16039,1.16085,3309,0,0
2026-06-15 10:30:00,1.16086,1.16095,1.16042,1.16082,3294,0,0
2026-06-15 10:45:00,1.16082,1.1609099999999999,1.16039,1.16062,2971,0,0
2026-06-15 11:00:00,1.16062,1.16084,1.16038,1.16058,3306,0,0
2026-06-15 11:15:00,1.16058,1.16102,1.16046,1.16077,2686,0,0
2026-06-15 11:30:00,1.16077,1.16104,1.15998,1.16012,2954,0,0
2026-06-15 11:45:00,1.16012,1.1602000000000001,1.1596899999999999,1.16003,3154,0,0
2026-06-15 12:00:00,1.16015,1.16105,1.16009,1.16072,83,0,0
2026-06-15 12:15:00,1.16045,1.16067,1.16036,1.16053,171,0,0
2026-06-15 12:30:00,1.16056,1.16104,1.16054,1.16077,1049,0,0
2026-06-15 12:45:00,1.16077,1.1609099999999999,1.1605,1.16069,2431,0,0
2026-06-15 13:00:00,1.16068,1.16072,1.16032,1.16068,2083,0,0
2026-06-15 13:15:00,1.16068,1.16116,1.16065,1.16103,2263,0,0
2026-06-15 13:30:00,1.16104,1.16146,1.16101,1.16132,2014,0,0
2026-06-15 13:45:00,1.16133,1.16137,1.16099,1.16107,2270,0,0
2026-06-15 14:00:00,1.16107,1.16143,1.16103,1.16123,2494,0,0
2026-06-15 14:15:00,1.16123,1.16123,1.16067,1.16069,2769,0,0
2026-06-15 14:30:00,1.1607,1.1610800000000001,1.16056,1.16068,2888,0,0
2026-06-15 14:45:00,1.1607,1.16141,1.16068,1.1609099999999999,3307,0,0
2026-06-15 15:00:00,1.1609099999999999,1.16124,1.1605699999999999,1.16062,3661,0,0
2026-06-15 15:15:00,1.16062,1.16099,1.16044,1.16097,3265,0,0
2026-06-15 15:30:00,1.16096,1.16147,1.16084,1.16144,2954,0,0
2026-06-15 15:45:00,1.16144,1.16199,1.16131,1.16154,3644,0,0
2026-06-15 16:00:00,1.16154,1.16168,1.1612,1.16151,3018,0,0
2026-06-15 16:15:00,1.1615199999999999,1.1618,1.1615,1.16168,2961,0,0
2026-06-15 16:30:00,1.16168,1.16206,1.16131,1.16172,5037,0,0
2026-06-15 16:45:00,1.16172,1.16186,1.16135,1.1616900000000001,4350,0,0
2026-06-15 17:00:00,1.1616900000000001,1.16188,1.16124,1.16136,4302,0,0
2026-06-15 17:15:00,1.16136,1.16154,1.16086,1.16125,4242,0,0
2026-06-15 17:30:00,1.16125,1.16135,1.16051,1.16069,3973,0,0
2026-06-15 17:45:00,1.16069,1.16126,1.16056,1.16078,5251,0,0
2026-06-15 18:00:00,1.16078,1.16078,1.16041,1.16046,3509,0,0
2026-06-15 18:15:00,1.16046,1.16064,1.16013,1.16032,2968,0,0
2026-06-15 18:30:00,1.16032,1.16035,1.15977,1.15977,3085,0,0
2026-06-15 18:45:00,1.15978,1.1599,1.15965,1.15984,2391,0,0
2026-06-15 19:00:00,1.15984,1.1602999999999999,1.15974,1.16029,2783,0,0
2026-06-15 19:15:00,1.16029,1.1605,1.15999,1.16048,2672,0,0
2026-06-15 19:30:00,1.16048,1.16052,1.15976,1.15989,2566,0,0
2026-06-15 19:45:00,1.15988,1.16053,1.1598,1.16036,2552,0,0
2026-06-15 20:00:00,1.16036,1.16042,1.16,1.1602000000000001,2629,0,0
2026-06-15 20:15:00,1.1602000000000001,1.16026,1.15987,1.16005,2201,0,0
2026-06-15 20:30:00,1.16006,1.1601,1.15979,1.15999,1766,0,0
2026-06-15 20:45:00,1.15999,1.16009,1.15983,1.15994,1682,0,0
2026-06-15 21:00:00,1.15994,1.16032,1.15981,1.16015,2752,0,0
2026-06-15 21:15:00,1.16015,1.16022,1.15976,1.15977,1916,0,0
2026-06-15 21:30:00,1.15977,1.1598,1.15948,1.15967,2402,0,0
2026-06-15 21:45:00,1.15966,1.1598600000000001,1.15939,1.15947,2517,0,0
2026-06-15 22:00:00,1.15947,1.15963,1.15899,1.1592,2527,0,0
2026-06-15 22:15:00,1.1592,1.15943,1.15909,1.15917,1970,0,0
2026-06-15 22:30:00,1.15916,1.15944,1.15915,1.1593,2197,0,0
2026-06-15 22:45:00,1.15929,1.15941,1.15844,1.15853,2865,0,0
2026-06-15 23:00:00,1.15853,1.15889,1.15836,1.15886,2232,0,0
2026-06-15 23:15:00,1.15886,1.15893,1.1586400000000001,1.1589,1252,0,0
2026-06-15 23:30:00,1.1589,1.15901,1.15871,1.15888,1395,0,0
2026-06-15 23:45:00,1.15888,1.15901,1.15872,1.15886,1678,0,0
2026-06-16 00:00:00,1.15894,1.15982,1.15815,1.15912,478,0,0
2026-06-16 00:15:00,1.15912,1.15912,1.15875,1.15879,316,0,0
2026-06-16 00:30:00,1.15879,1.15943,1.15871,1.15942,530,0,0
2026-06-16 00:45:00,1.15942,1.15944,1.15891,1.15897,395,0,0
2026-06-16 01:00:00,1.15897,1.15911,1.1587,1.15872,1917,0,0
2026-06-16 01:15:00,1.15872,1.15875,1.1584699999999999,1.15867,1082,0,0
2026-06-16 01:30:00,1.15867,1.15882,1.15862,1.15879,802,0,0
2026-06-16 01:45:00,1.1588,1.1589800000000001,1.1587,1.15885,1070,0,0
2026-06-16 02:00:00,1.15886,1.15912,1.15885,1.15901,535,0,0
2026-06-16 02:15:00,1.15901,1.15921,1.15884,1.15913,956,0,0
2026-06-16 02:30:00,1.15913,1.15934,1.15906,1.15932,441,0,0
2026-06-16 02:45:00,1.15932,1.15939,1.1590799999999999,1.15913,753,0,0
2026-06-16 03:00:00,1.15913,1.15922,1.15896,1.1589800000000001,1435,0,0
2026-06-16 03:15:00,1.1589800000000001,1.15907,1.15878,1.15885,1591,0,0
2026-06-16 03:30:00,1.15885,1.1592,1.15883,1.15914,1403,0,0
2026-06-16 03:45:00,1.15914,1.15937,1.15887,1.1593,1544,0,0
2026-06-16 04:00:00,1.1593,1.15952,1.15907,1.1592,3060,0,0
2026-06-16 04:15:00,1.15921,1.15923,1.15894,1.1591,2090,0,0
2026-06-16 04:30:00,1.15909,1.15926,1.15871,1.15889,2126,0,0
2026-06-16 04:45:00,1.15889,1.15926,1.15869,1.15878,1694,0,0
2026-06-16 05:00:00,1.15878,1.15881,1.15846,1.15854,1929,0,0
2026-06-16 05:15:00,1.15854,1.1586400000000001,1.15827,1.15862,1441,0,0
2026-06-16 05:30:00,1.1586400000000001,1.15895,1.15856,1.15883,1521,0,0
2026-06-16 05:45:00,1.15883,1.15887,1.15856,1.15878,1488,0,0
2026-06-16 06:00:00,1.15878,1.15885,1.15849,1.15872,1544,0,0
2026-06-16 06:15:00,1.15872,1.15875,1.1584,1.15856,2191,0,0
2026-06-16 06:30:00,1.15855,1.15876,1.15852,1.15869,1726,0,0
2026-06-16 06:45:00,1.15869,1.15888,1.15858,1.1586400000000001,1565,0,0
2026-06-16 07:00:00,1.15863,1.15871,1.15786,1.15795,1786,0,0
2026-06-16 07:15:00,1.15795,1.15814,1.15757,1.15784,1940,0,0
2026-06-16 07:30:00,1.15784,1.15807,1.15773,1.15789,1542,0,0
2026-06-16 07:45:00,1.15789,1.15796,1.15763,1.1579,1944,0,0
2026-06-16 08:00:00,1.1579,1.15811,1.15774,1.15775,1433,0,0
2026-06-16 08:15:00,1.15775,1.15796,1.1577,1.15794,1325,0,0
2026-06-16 08:30:00,1.15794,1.15807,1.15771,1.15775,1724,0,0
2026-06-16 08:45:00,1.15775,1.1578,1.15753,1.15756,1872,0,0
2026-06-16 09:00:00,1.15756,1.15778,1.15746,1.15769,1883,0,0
2026-06-16 09:15:00,1.15769,1.15789,1.15749,1.15787,2019,0,0
2026-06-16 09:30:00,1.15787,1.15857,1.15777,1.15815,3152,0,0
2026-06-16 09:45:00,1.15815,1.15877,1.1581299999999999,1.1587399999999999,3125,0,0
2026-06-16 10:00:00,1.1587399999999999,1.15904,1.15851,1.15881,3655,0,0
2026-06-16 10:15:00,1.15881,1.15914,1.15872,1.1591,3004,0,0
2026-06-16 10:30:00,1.1591,1.1594,1.15893,1.15932,2748,0,0
2026-06-16 10:45:00,1.15932,1.15956,1.15918,1.15955,2638,0,0
2026-06-16 11:00:00,1.15955,1.1599599999999999,1.15932,1.1599,3435,0,0
2026-06-16 11:15:00,1.1599,1.16019,1.15972,1.16015,3117,0,0
2026-06-16 11:30:00,1.16015,1.16024,1.15984,1.16009,2868,0,0
2026-06-16 11:45:00,1.16008,1.16067,1.15988,1.16056,2297,0,0
2026-06-16 12:00:00,1.16056,1.16095,1.16032,1.1607,2804,0,0
2026-06-16 12:15:00,1.16071,1.16076,1.16005,1.16016,2852,0,0
2026-06-16 12:30:00,1.16015,1.16036,1.16,1.16008,2636,0,0
2026-06-16 12:45:00,1.16007,1.16024,1.15998,1.16011,2092,0,0
2026-06-16 13:00:00,1.16011,1.16079,1.16005,1.16073,2705,0,0
2026-06-16 13:15:00,1.16073,1.1613,1.16068,1.16093,2443,0,0
2026-06-16 13:30:00,1.16093,1.16122,1.16073,1.16113,2153,0,0
2026-06-16 13:45:00,1.16114,1.16126,1.16093,1.1611799999999999,2459,0,0
2026-06-16 14:00:00,1.1611799999999999,1.16121,1.16074,1.16088,2885,0,0
2026-06-16 14:15:00,1.16088,1.1609,1.16027,1.16041,2230,0,0
2026-06-16 14:30:00,1.16041,1.16067,1.1596899999999999,1.15997,2957,0,0
2026-06-16 14:45:00,1.15997,1.1601,1.1597,1.15992,3014,0,0
2026-06-16 15:00:00,1.15991,1.15994,1.1593499999999999,1.15976,3006,0,0
2026-06-16 15:15:00,1.15976,1.15982,1.15913,1.15949,2754,0,0
2026-06-16 15:30:00,1.15949,1.16019,1.15942,1.16009,2901,0,0
2026-06-16 15:45:00,1.16009,1.16014,1.15964,1.15995,3215,0,0
2026-06-16 16:00:00,1.15995,1.16026,1.15988,1.16,3154,0,0
2026-06-16 16:15:00,1.16,1.16007,1.15948,1.15978,3525,0,0
2026-06-16 16:30:00,1.15978,1.16036,1.15971,1.15991,5129,0,0
2026-06-16 16:45:00,1.15992,1.1599599999999999,1.15912,1.15927,4091,0,0
2026-06-16 17:00:00,1.15927,1.15968,1.15879,1.15948,4377,0,0
2026-06-16 17:15:00,1.15948,1.15972,1.15906,1.15907,3933,0,0
2026-06-16 17:30:00,1.15907,1.15971,1.15878,1.15964,4255,0,0
2026-06-16 17:45:00,1.15964,1.16085,1.15958,1.1607,4990,0,0
2026-06-16 18:00:00,1.1607,1.16082,1.15998,1.16018,4087,0,0
2026-06-16 18:15:00,1.16018,1.16052,1.16011,1.16022,3531,0,0
2026-06-16 18:30:00,1.16022,1.16087,1.16014,1.16068,3508,0,0
2026-06-16 18:45:00,1.16068,1.16189,1.16036,1.16141,5149,0,0
2026-06-16 19:00:00,1.16141,1.16183,1.16124,1.16172,4537,0,0
2026-06-16 19:15:00,1.16171,1.16199,1.16156,1.16168,3326,0,0
2026-06-16 19:30:00,1.16168,1.16177,1.16135,1.16141,2613,0,0
2026-06-16 19:45:00,1.16141,1.1615,1.16112,1.16132,2680,0,0
2026-06-16 20:00:00,1.16132,1.16139,1.16104,1.16112,2814,0,0
2026-06-16 20:15:00,1.16121,1.16132,1.16104,1.1612,2185,0,0
2026-06-16 20:30:00,1.16121,1.16133,1.16107,1.16124,2480,0,0
2026-06-16 20:45:00,1.16125,1.16129,1.16107,1.16113,2131,0,0
2026-06-16 21:00:00,1.16113,1.1614200000000001,1.16103,1.16114,2515,0,0
2026-06-16 21:15:00,1.16114,1.1612,1.16095,1.16102,1884,0,0
2026-06-16 21:30:00,1.16102,1.16111,1.16064,1.1607,2244,0,0
2026-06-16 21:45:00,1.1607,1.16114,1.16056,1.16104,2271,0,0
2026-06-16 22:00:00,1.16105,1.16138,1.16105,1.16112,2808,0,0
2026-06-16 22:15:00,1.16112,1.16121,1.16104,1.16115,2528,0,0
2026-06-16 22:30:00,1.16115,1.1611799999999999,1.16076,1.1608,2422,0,0
2026-06-16 22:45:00,1.1608,1.16095,1.16058,1.16082,2610,0,0
2026-06-16 23:00:00,1.16082,1.16087,1.16059,1.16075,2134,0,0
2026-06-16 23:15:00,1.16074,1.16098,1.16068,1.16095,1587,0,0
2026-06-16 23:30:00,1.16095,1.16097,1.16066,1.16072,1569,0,0
2026-06-16 23:45:00,1.16071,1.1609099999999999,1.16056,1.1608,2396,0,0
2026-06-17 00:00:00,1.16072,1.16129,1.16042,1.16105,334,0,0
2026-06-17 00:15:00,1.16105,1.16123,1.1608,1.1612,1067,0,0
2026-06-17 00:30:00,1.1612,1.16122,1.16071,1.16084,420,0,0
2026-06-17 00:45:00,1.16084,1.16087,1.16076,1.16084,175,0,0
2026-06-17 01:00:00,1.16084,1.16114,1.16083,1.16104,1284,0,0
2026-06-17 01:15:00,1.16105,1.16114,1.16096,1.16109,980,0,0
2026-06-17 01:30:00,1.1610800000000001,1.16127,1.16106,1.16124,858,0,0
2026-06-17 01:45:00,1.16124,1.16132,1.16116,1.16122,725,0,0
2026-06-17 02:00:00,1.16122,1.16144,1.16117,1.16136,788,0,0
2026-06-17 02:15:00,1.16136,1.16148,1.16129,1.16145,782,0,0
2026-06-17 02:30:00,1.16145,1.16149,1.16112,1.16133,1162,0,0
2026-06-17 02:45:00,1.16133,1.16134,1.1609,1.16097,2064,0,0
2026-06-17 03:00:00,1.16097,1.1614200000000001,1.16087,1.16135,2530,0,0
2026-06-17 03:15:00,1.16135,1.16167,1.16128,1.16154,2463,0,0
2026-06-17 03:30:00,1.16154,1.1616,1.16143,1.16154,2254,0,0
2026-06-17 03:45:00,1.16154,1.16156,1.16124,1.16148,1621,0,0
2026-06-17 04:00:00,1.16148,1.16162,1.16132,1.1614,2223,0,0
2026-06-17 04:15:00,1.1614,1.16144,1.1612,1.16122,1429,0,0
2026-06-17 04:30:00,1.16121,1.16135,1.16102,1.16133,1335,0,0
2026-06-17 04:45:00,1.16132,1.1614200000000001,1.16112,1.16124,1389,0,0
2026-06-17 05:00:00,1.16124,1.16132,1.16119,1.16125,1222,0,0
2026-06-17 05:15:00,1.16125,1.1615199999999999,1.1611799999999999,1.16139,1117,0,0
2026-06-17 05:30:00,1.16139,1.16141,1.16122,1.16128,955,0,0
2026-06-17 05:45:00,1.16127,1.16128,1.16093,1.16093,1162,0,0
2026-06-17 06:00:00,1.16093,1.16113,1.16078,1.1611,1138,0,0
2026-06-17 06:15:00,1.1611,1.16113,1.1609099999999999,1.16105,1077,0,0
2026-06-17 06:30:00,1.16105,1.16123,1.16102,1.16109,1391,0,0
2026-06-17 06:45:00,1.16109,1.1611799999999999,1.161,1.16103,1060,0,0
2026-06-17 07:00:00,1.16103,1.16132,1.161,1.16125,1256,0,0
2026-06-17 07:15:00,1.16124,1.16137,1.16114,1.16115,984,0,0
2026-06-17 07:30:00,1.16114,1.16124,1.161,1.16114,956,0,0
2026-06-17 07:45:00,1.16114,1.16131,1.1611,1.16124,1115,0,0
2026-06-17 08:00:00,1.16125,1.16139,1.16112,1.1612,1156,0,0
2026-06-17 08:15:00,1.1612,1.16145,1.16112,1.16123,1273,0,0
2026-06-17 08:30:00,1.16122,1.16143,1.16111,1.1614,1240,0,0
2026-06-17 08:45:00,1.1614,1.16151,1.16105,1.16121,1434,0,0
2026-06-17 09:00:00,1.16124,1.16147,1.16093,1.16115,2631,0,0
2026-06-17 09:15:00,1.16115,1.16119,1.16058,1.16061,2263,0,0
2026-06-17 09:30:00,1.16061,1.16075,1.16039,1.16072,2490,0,0
2026-06-17 09:45:00,1.16072,1.16088,1.16052,1.1608100000000001,2489,0,0
2026-06-17 10:00:00,1.1608,1.1614200000000001,1.16067,1.16139,2764,0,0
2026-06-17 10:15:00,1.16139,1.1615,1.16069,1.16069,2270,0,0
2026-06-17 10:30:00,1.16068,1.16087,1.16045,1.16058,2569,0,0
2026-06-17 10:45:00,1.16058,1.1609099999999999,1.16048,1.16084,2282,0,0
2026-06-17 11:00:00,1.16084,1.16085,1.16001,1.16046,2964,0,0
2026-06-17 11:15:00,1.16046,1.16053,1.1598,1.16022,2623,0,0
2026-06-17 11:30:00,1.16022,1.16034,1.16005,1.16013,2401,0,0
2026-06-17 11:45:00,1.16013,1.16032,1.15993,1.1602000000000001,2138,0,0
2026-06-17 12:00:00,1.1602000000000001,1.16035,1.16007,1.16015,1926,0,0
2026-06-17 12:15:00,1.16014,1.16061,1.16012,1.16048,2196,0,0
2026-06-17 12:30:00,1.16048,1.1606,1.16016,1.16018,1757,0,0
2026-06-17 12:45:00,1.16018,1.16044,1.16014,1.16039,1775,0,0
2026-06-17 13:00:00,1.16039,1.1604700000000001,1.1602000000000001,1.1604,2158,0,0
2026-06-17 13:15:00,1.1604,1.16043,1.15947,1.15962,2263,0,0
2026-06-17 13:30:00,1.15962,1.16004,1.1596,1.15983,1567,0,0
2026-06-17 13:45:00,1.15983,1.16009,1.15954,1.15971,1984,0,0
2026-06-17 14:00:00,1.15971,1.15973,1.1591,1.15917,2628,0,0
2026-06-17 14:15:00,1.15917,1.15953,1.15894,1.159,2279,0,0
2026-06-17 14:30:00,1.15901,1.15902,1.15849,1.15866,2526,0,0
2026-06-17 14:45:00,1.15867,1.15916,1.15865,1.15915,2594,0,0
2026-06-17 15:00:00,1.15915,1.15944,1.15901,1.15922,3178,0,0
2026-06-17 15:15:00,1.15922,1.15982,1.15911,1.15964,2470,0,0
2026-06-17 15:30:00,1.15964,1.15995,1.15931,1.15974,2568,0,0
2026-06-17 15:45:00,1.15974,1.16029,1.15974,1.16021,2687,0,0
2026-06-17 16:00:00,1.16021,1.16023,1.1598,1.16011,2607,0,0
2026-06-17 16:15:00,1.16012,1.1602999999999999,1.15976,1.15982,2648,0,0
2026-06-17 16:30:00,1.15983,1.15999,1.15952,1.15977,4028,0,0
2026-06-17 16:45:00,1.15977,1.16015,1.15957,1.1597,3994,0,0
2026-06-17 17:00:00,1.1597,1.1598600000000001,1.15917,1.15927,3918,0,0
2026-06-17 17:15:00,1.15927,1.15945,1.15902,1.15926,3687,0,0
2026-06-17 17:30:00,1.15926,1.15958,1.15912,1.15927,3642,0,0
2026-06-17 17:45:00,1.15927,1.15934,1.1581,1.15893,6344,0,0
2026-06-17 18:00:00,1.15894,1.15923,1.1587,1.15903,4433,0,0
2026-06-17 18:15:00,1.15903,1.15941,1.15892,1.15927,3754,0,0
2026-06-17 18:30:00,1.15927,1.1594,1.15892,1.15929,2936,0,0
2026-06-17 18:45:00,1.15931,1.15941,1.15915,1.15926,2587,0,0
2026-06-17 19:00:00,1.15927,1.15934,1.15891,1.15894,2844,0,0
2026-06-17 19:15:00,1.15894,1.15933,1.15894,1.15919,2099,0,0
2026-06-17 19:30:00,1.1592,1.15923,1.15884,1.15902,2096,0,0
2026-06-17 19:45:00,1.15902,1.1593,1.15895,1.15918,1999,0,0
2026-06-17 20:00:00,1.15918,1.1592,1.15878,1.15906,2552,0,0
2026-06-17 20:15:00,1.15906,1.1592,1.15892,1.1590799999999999,2203,0,0
2026-06-17 20:30:00,1.1590799999999999,1.15937,1.15903,1.1593,2537,0,0
2026-06-17 20:45:00,1.1593,1.15964,1.15919,1.15955,2217,0,0
2026-06-17 21:00:00,1.15955,1.15955,1.15416,1.1545,13466,0,0
2026-06-17 21:15:00,1.1545,1.15567,1.15445,1.15488,9421,0,0
2026-06-17 21:30:00,1.15488,1.15664,1.15356,1.15627,14556,0,0
2026-06-17 21:45:00,1.15627,1.15635,1.15369,1.15388,12168,0,0
2026-06-17 22:00:00,1.15388,1.15421,1.15051,1.1515900000000001,14398,0,0
2026-06-17 22:15:00,1.1516,1.15166,1.14956,1.14959,11275,0,0
2026-06-17 22:30:00,1.14959,1.1497600000000001,1.14779,1.1484,11963,0,0
2026-06-17 22:45:00,1.1484,1.14973,1.1484,1.14942,10139,0,0
2026-06-17 23:00:00,1.14943,1.14974,1.14869,1.14909,4510,0,0
2026-06-17 23:15:00,1.14908,1.14999,1.14889,1.14996,3676,0,0
2026-06-17 23:30:00,1.14996,1.15056,1.14985,1.15018,2903,0,0
2026-06-17 23:45:00,1.15018,1.15036,1.15001,1.1501000000000001,3175,0,0
2026-06-18 00:00:00,1.1501000000000001,1.15038,1.1499,1.15016,304,0,0
2026-06-18 00:15:00,1.15016,1.15043,1.15001,1.15042,646,0,0
2026-06-18 00:30:00,1.15042,1.15043,1.15006,1.15013,596,0,0
2026-06-18 00:45:00,1.15013,1.1504,1.15013,1.1503700000000001,542,0,0
2026-06-18 01:00:00,1.1503700000000001,1.15051,1.15001,1.15033,2540,0,0
2026-06-18 01:15:00,1.15033,1.15041,1.15014,1.1502,2281,0,0
2026-06-18 01:30:00,1.1502,1.15056,1.15017,1.15042,1826,0,0
2026-06-18 01:45:00,1.15042,1.15057,1.15029,1.15045,2318,0,0
2026-06-18 02:00:00,1.15045,1.15079,1.15044,1.15075,969,0,0
2026-06-18 02:15:00,1.15075,1.15087,1.15059,1.15064,1032,0,0
2026-06-18 02:30:00,1.15064,1.15074,1.1503700000000001,1.15072,1475,0,0
2026-06-18 02:45:00,1.15072,1.15077,1.15057,1.15069,2078,0,0
2026-06-18 03:00:00,1.15069,1.15208,1.15068,1.15117,4573,0,0
2026-06-18 03:15:00,1.15117,1.15138,1.1509,1.15104,2278,0,0
2026-06-18 03:30:00,1.15104,1.15129,1.15094,1.15112,2217,0,0
2026-06-18 03:45:00,1.15112,1.1516899999999999,1.15091,1.15156,3890,0,0
2026-06-18 04:00:00,1.15156,1.15204,1.15153,1.15196,3298,0,0
2026-06-18 04:15:00,1.15196,1.1522000000000001,1.15183,1.15212,1920,0,0
2026-06-18 04:30:00,1.15212,1.15225,1.15199,1.15216,2284,0,0
2026-06-18 04:45:00,1.15215,1.15218,1.15155,1.15165,2482,0,0
2026-06-18 05:00:00,1.15166,1.15184,1.15138,1.15143,1887,0,0
2026-06-18 05:15:00,1.15143,1.15166,1.1513,1.15163,1640,0,0
2026-06-18 05:30:00,1.15163,1.15202,1.15153,1.15198,1721,0,0
2026-06-18 05:45:00,1.15198,1.1521,1.15177,1.15178,1834,0,0
2026-06-18 06:00:00,1.15178,1.15195,1.15177,1.15192,1793,0,0
2026-06-18 06:15:00,1.1519300000000001,1.15234,1.15182,1.15226,1844,0,0
2026-06-18 06:30:00,1.15227,1.15245,1.1521,1.15225,1457,0,0
2026-06-18 06:45:00,1.15225,1.15241,1.15218,1.15234,1563,0,0
2026-06-18 07:00:00,1.15234,1.1526399999999999,1.152,1.15207,1726,0,0
2026-06-18 07:15:00,1.15207,1.15234,1.15206,1.15227,1919,0,0
2026-06-18 07:30:00,1.15228,1.15252,1.1521,1.15236,1939,0,0
2026-06-18 07:45:00,1.15236,1.15251,1.15231,1.15232,1766,0,0
2026-06-18 08:00:00,1.15231,1.1525,1.15216,1.15224,1897,0,0
2026-06-18 08:15:00,1.15224,1.15225,1.15176,1.1518,1537,0,0
2026-06-18 08:30:00,1.1518,1.15186,1.15158,1.15175,1685,0,0
2026-06-18 08:45:00,1.15175,1.15177,1.15103,1.15107,1588,0,0
2026-06-18 09:00:00,1.15106,1.15234,1.15104,1.15226,3331,0,0
2026-06-18 09:15:00,1.15226,1.15273,1.15194,1.15271,3635,0,0
2026-06-18 09:30:00,1.15271,1.15284,1.15192,1.1525400000000001,4386,0,0
2026-06-18 09:45:00,1.15255,1.15259,1.15188,1.15195,4405,0,0
2026-06-18 10:00:00,1.15195,1.1522999999999999,1.15119,1.15125,4912,0,0
2026-06-18 10:15:00,1.15126,1.15153,1.15072,1.15105,3761,0,0
2026-06-18 10:30:00,1.15105,1.15155,1.15064,1.15151,3917,0,0
2026-06-18 10:45:00,1.15151,1.1521,1.15124,1.15128,3857,0,0
2026-06-18 11:00:00,1.15128,1.1514,1.15051,1.15053,4942,0,0
2026-06-18 11:15:00,1.15054,1.15077,1.1501000000000001,1.15024,4275,0,0
2026-06-18 11:30:00,1.15025,1.15035,1.14924,1.1492499999999999,5007,0,0
2026-06-18 11:45:00,1.14926,1.14931,1.14821,1.14826,4739,0,0
2026-06-18 12:00:00,1.14826,1.1486,1.14747,1.1476,6665,0,0
2026-06-18 12:15:00,1.14761,1.1482,1.14748,1.14762,4366,0,0
2026-06-18 12:30:00,1.14762,1.14836,1.14746,1.14814,3485,0,0
2026-06-18 12:45:00,1.14814,1.14834,1.1476600000000001,1.1476600000000001,3254,0,0
2026-06-18 13:00:00,1.1476600000000001,1.14774,1.1461999999999999,1.14706,5460,0,0
2026-06-18 13:15:00,1.14706,1.14744,1.14664,1.14716,4162,0,0
2026-06-18 13:30:00,1.14716,1.14727,1.14627,1.14635,3881,0,0
2026-06-18 13:45:00,1.14636,1.14659,1.14595,1.14608,3977,0,0
2026-06-18 14:00:00,1.14608,1.14669,1.1457600000000001,1.14598,5204,0,0
2026-06-18 14:15:00,1.14598,1.14654,1.14536,1.14625,5235,0,0
2026-06-18 14:30:00,1.14625,1.14655,1.1458,1.14596,4878,0,0
2026-06-18 14:45:00,1.14596,1.14611,1.14555,1.14573,4057,0,0
2026-06-18 15:00:00,1.14573,1.14699,1.14532,1.14691,5175,0,0
2026-06-18 15:15:00,1.14691,1.14818,1.14648,1.14711,5112,0,0
2026-06-18 15:30:00,1.14711,1.1473200000000001,1.14638,1.14646,3706,0,0
2026-06-18 15:45:00,1.14646,1.14719,1.14643,1.14694,4608,0,0
2026-06-18 16:00:00,1.14694,1.1470799999999999,1.14631,1.14704,5324,0,0
2026-06-18 16:15:00,1.14704,1.14719,1.14629,1.14713,4526,0,0
2026-06-18 16:30:00,1.14713,1.14841,1.14707,1.14762,6880,0,0
2026-06-18 16:45:00,1.14762,1.14774,1.14707,1.14723,6087,0,0
2026-06-18 17:00:00,1.14723,1.14743,1.14672,1.14722,6437,0,0
2026-06-18 17:15:00,1.14722,1.14776,1.14696,1.14746,5680,0,0
2026-06-18 17:30:00,1.14746,1.14756,1.14696,1.1470799999999999,5378,0,0
2026-06-18 17:45:00,1.1470799999999999,1.14875,1.14706,1.14863,5539,0,0
2026-06-18 18:00:00,1.1486399999999999,1.14876,1.14781,1.14784,5583,0,0
2026-06-18 18:15:00,1.14784,1.14812,1.14756,1.14778,4410,0,0
2026-06-18 18:30:00,1.14777,1.14785,1.14711,1.1474,4945,0,0
2026-06-18 18:45:00,1.1474,1.1477,1.14689,1.14692,4424,0,0
2026-06-18 19:00:00,1.14692,1.14723,1.14654,1.1467100000000001,5261,0,0
2026-06-18 19:15:00,1.1467100000000001,1.14713,1.1463,1.14697,3732,0,0
2026-06-18 19:30:00,1.14701,1.14706,1.14639,1.14669,3567,0,0
2026-06-18 19:45:00,1.14669,1.14676,1.14616,1.14652,3173,0,0
2026-06-18 20:00:00,1.14652,1.14722,1.14632,1.14714,3820,0,0
2026-06-18 20:15:00,1.14714,1.14736,1.14702,1.14715,2771,0,0
2026-06-18 20:30:00,1.14714,1.14716,1.1465,1.14661,2595,0,0
2026-06-18 20:45:00,1.14662,1.14662,1.14623,1.14626,2703,0,0
2026-06-18 21:00:00,1.14626,1.14655,1.14603,1.14639,3283,0,0
2026-06-18 21:15:00,1.14639,1.14659,1.14624,1.14632,2712,0,0
2026-06-18 21:30:00,1.14631,1.14654,1.1461999999999999,1.14644,2607,0,0
2026-06-18 21:45:00,1.14643,1.1464699999999999,1.14589,1.14595,2940,0,0
2026-06-18 22:00:00,1.14595,1.14602,1.14528,1.1456,3728,0,0
2026-06-18 22:15:00,1.1456,1.14562,1.14508,1.14522,3392,0,0
2026-06-18 22:30:00,1.14522,1.14604,1.1452,1.14583,4848,0,0
2026-06-18 22:45:00,1.14584,1.14629,1.14573,1.14575,3419,0,0
2026-06-18 23:00:00,1.14578,1.14629,1.14552,1.14624,2420,0,0
2026-06-18 23:15:00,1.14622,1.14633,1.146,1.14622,1654,0,0
2026-06-18 23:30:00,1.1461999999999999,1.14625,1.14588,1.1459,1554,0,0
2026-06-18 23:45:00,1.1459,1.1459,1.14568,1.14574,1887,0,0
2026-06-19 00:00:00,1.14567,1.14674,1.14555,1.14591,251,0,0
2026-06-19 00:15:00,1.14591,1.14606,1.14575,1.14581,179,8,0
2026-06-19 00:30:00,1.14581,1.14636,1.14581,1.1461000000000001,201,0,0
2026-06-19 00:45:00,1.1461000000000001,1.1463700000000001,1.14598,1.14618,391,0,0
2026-06-19 01:00:00,1.14618,1.14634,1.1459,1.1461999999999999,1617,0,0
2026-06-19 01:15:00,1.1461999999999999,1.14622,1.14588,1.146,1484,0,0
2026-06-19 01:30:00,1.14599,1.14611,1.1458,1.14607,1133,0,0
2026-06-19 01:45:00,1.14607,1.14636,1.14603,1.14632,2298,0,0
2026-06-19 02:00:00,1.14632,1.14635,1.146,1.14617,1202,0,0
2026-06-19 02:15:00,1.14617,1.14621,1.14596,1.14605,937,0,0
2026-06-19 02:30:00,1.14607,1.14612,1.14588,1.14597,916,0,0
2026-06-19 02:45:00,1.14598,1.14603,1.14568,1.14584,1352,0,0
2026-06-19 03:00:00,1.14584,1.1464699999999999,1.14583,1.1461999999999999,2575,0,0
2026-06-19 03:15:00,1.1461999999999999,1.14641,1.14605,1.14608,2022,0,0
2026-06-19 03:30:00,1.14608,1.14657,1.14607,1.14627,2118,0,0
2026-06-19 03:45:00,1.14626,1.14648,1.14618,1.14618,2050,0,0
2026-06-19 04:00:00,1.14619,1.14635,1.14602,1.14609,1718,0,0
2026-06-19 04:15:00,1.14609,1.14619,1.14593,1.14613,1928,0,0
2026-06-19 04:30:00,1.14613,1.14613,1.14577,1.14581,1948,0,0
2026-06-19 04:45:00,1.14581,1.14584,1.1452,1.14531,1584,0,0
2026-06-19 05:00:00,1.14532,1.14544,1.14512,1.14534,2137,0,0
2026-06-19 05:15:00,1.14534,1.14577,1.14516,1.14572,2049,0,0
2026-06-19 05:30:00,1.14572,1.14579,1.14557,1.14571,1489,0,0
2026-06-19 05:45:00,1.14571,1.14573,1.14532,1.14545,1349,0,0
2026-06-19 06:00:00,1.14546,1.14548,1.14496,1.14503,1647,0,0
2026-06-19 06:15:00,1.14503,1.14507,1.14434,1.1443699999999999,2895,0,0
2026-06-19 06:30:00,1.14438,1.14467,1.14432,1.14461,2231,0,0
2026-06-19 06:45:00,1.14461,1.1446399999999999,1.14417,1.14424,1866,0,0
2026-06-19 07:00:00,1.14424,1.1443,1.14387,1.14413,2219,0,0
2026-06-19 07:15:00,1.14414,1.14415,1.1437599999999999,1.14397,1924,0,0
2026-06-19 07:30:00,1.14397,1.14435,1.14352,1.14356,2315,0,0
2026-06-19 07:45:00,1.14355,1.14357,1.14273,1.14287,2503,0,0
2026-06-19 08:00:00,1.14287,1.14292,1.1423,1.14248,3673,0,0
2026-06-19 08:15:00,1.14248,1.14252,1.14177,1.14225,3244,0,0
2026-06-19 08:30:00,1.14225,1.14261,1.14186,1.14232,2857,0,0
2026-06-19 08:45:00,1.14232,1.14338,1.1423,1.14308,2700,0,0
2026-06-19 09:00:00,1.14308,1.14361,1.14301,1.14344,3814,0,0
2026-06-19 09:15:00,1.14344,1.14391,1.14324,1.14369,3132,0,0
2026-06-19 09:30:00,1.14369,1.14378,1.1429,1.14336,3480,0,0
2026-06-19 09:45:00,1.14336,1.14424,1.14326,1.14422,2703,0,0
2026-06-19 10:00:00,1.14422,1.14493,1.14419,1.1444,3634,0,0
2026-06-19 10:15:00,1.1444,1.14474,1.14416,1.14461,3516,0,0
2026-06-19 10:30:00,1.1446,1.1449,1.14432,1.14466,2736,0,0
2026-06-19 10:45:00,1.14466,1.14489,1.14447,1.14465,2857,0,0
2026-06-19 11:00:00,1.14465,1.14555,1.14463,1.14499,3227,0,0
2026-06-19 11:15:00,1.14499,1.14605,1.14491,1.1458,3374,0,0
2026-06-19 11:30:00,1.1458,1.1466,1.14572,1.14641,3219,0,0
2026-06-19 11:45:00,1.1464,1.14645,1.14606,1.14644,2422,0,0
2026-06-19 12:00:00,1.14644,1.14646,1.14584,1.14617,3039,0,0
2026-06-19 12:15:00,1.14616,1.14636,1.14596,1.14605,2344,0,0
2026-06-19 12:30:00,1.14605,1.14649,1.14605,1.14631,2401,0,0
2026-06-19 12:45:00,1.1463,1.14633,1.14588,1.14594,2497,0,0
2026-06-19 13:00:00,1.14595,1.14622,1.14588,1.1459,2485,0,0
2026-06-19 13:15:00,1.1459,1.14597,1.14524,1.14564,2606,0,0
2026-06-19 13:30:00,1.14564,1.14598,1.14544,1.14593,2629,0,0
2026-06-19 13:45:00,1.14593,1.14635,1.14583,1.14625,2882,0,0
2026-06-19 14:00:00,1.14625,1.14657,1.14615,1.14643,2773,0,0
2026-06-19 14:15:00,1.14643,1.1468099999999999,1.1463,1.14631,1810,0,0
2026-06-19 14:30:00,1.14631,1.14648,1.14597,1.14645,2112,0,0
2026-06-19 14:45:00,1.14645,1.14659,1.1458,1.14613,2406,0,0
2026-06-19 15:00:00,1.14613,1.14685,1.14613,1.14664,3069,0,0
2026-06-19 15:15:00,1.14665,1.14675,1.14639,1.14642,2037,0,0
2026-06-19 15:30:00,1.14642,1.14663,1.14621,1.1464699999999999,2461,0,0
2026-06-19 15:45:00,1.14646,1.1475,1.14635,1.14712,5561,0,0
2026-06-19 16:00:00,1.14712,1.14727,1.14625,1.14625,4292,0,0
2026-06-19 16:15:00,1.14625,1.1464699999999999,1.14602,1.14642,2868,0,0
2026-06-19 16:30:00,1.14642,1.14652,1.14565,1.14614,3293,0,0
2026-06-19 16:45:00,1.14614,1.14662,1.14611,1.1463,2837,0,0
2026-06-19 17:00:00,1.1463,1.1465,1.14592,1.14594,3412,0,0
2026-06-19 17:15:00,1.14594,1.14622,1.14579,1.14616,2832,0,0
2026-06-19 17:30:00,1.14616,1.14667,1.14608,1.14655,2868,0,0
2026-06-19 17:45:00,1.14655,1.14703,1.14622,1.14687,5187,0,0
2026-06-19 18:00:00,1.14687,1.14762,1.14682,1.14702,4042,0,0
2026-06-19 18:15:00,1.14702,1.14723,1.14688,1.14691,1979,0,0
2026-06-19 18:30:00,1.14691,1.14691,1.14629,1.1464,1840,0,0
2026-06-19 18:45:00,1.1464,1.14667,1.14616,1.1465,1670,0,0
2026-06-19 19:00:00,1.14651,1.14662,1.14627,1.14649,1275,0,0
2026-06-19 19:15:00,1.14649,1.14692,1.14619,1.14688,1265,0,0
2026-06-19 19:30:00,1.14688,1.1469,1.1464,1.14655,1322,0,0
2026-06-19 19:45:00,1.14655,1.14695,1.1465,1.14689,1386,0,0
2026-06-19 20:00:00,1.14689,1.1472,1.14668,1.14692,1545,0,0
2026-06-19 20:15:00,1.14692,1.14704,1.14677,1.147,1121,0,0
2026-06-19 20:30:00,1.147,1.14757,1.14693,1.14752,1098,0,0
2026-06-19 20:45:00,1.14755,1.14765,1.14704,1.14751,1181,0,0
2026-06-19 21:00:00,1.14751,1.14758,1.1473,1.14745,866,0,0
2026-06-19 21:15:00,1.14745,1.14779,1.14739,1.14773,634,0,0
2026-06-19 21:30:00,1.14773,1.14807,1.14762,1.14807,1149,0,0
2026-06-19 21:45:00,1.14806,1.14809,1.1475,1.1476600000000001,1807,0,0
2026-06-19 22:00:00,1.1476600000000001,1.14788,1.14757,1.14774,555,0,0
2026-06-19 22:15:00,1.14774,1.14778,1.1476,1.14772,395,0,0
2026-06-19 22:30:00,1.1477,1.14777,1.1475,1.14753,276,0,0
2026-06-19 22:45:00,1.14753,1.14776,1.1474199999999999,1.14759,659,0,0
2026-06-19 23:00:00,1.14759,1.14772,1.14752,1.14765,1339,0,0
2026-06-19 23:15:00,1.14765,1.1476600000000001,1.14698,1.14727,1301,0,0
2026-06-19 23:30:00,1.14727,1.14755,1.14725,1.1474199999999999,775,0,0
2026-06-19 23:45:00,1.1474199999999999,1.14749,1.1465,1.1465,682,0,0
