time,open,high,low,close,tick_volume,spread,real_volume
2026-03-13 19:45:00,10252.7,10257.0,10239.8,10240.1,533,18,0
2026-03-13 19:50:00,10240.1,10243.0,10235.8,10239.8,592,18,0
2026-03-13 19:55:00,10239.8,10244.0,10236.2,10238.6,584,18,0
2026-03-13 20:00:00,10238.9,10245.0,10238.2,10243.5,487,18,0
2026-03-13 20:05:00,10243.3,10247.1,10239.9,10242.8,457,18,0
2026-03-13 20:10:00,10242.9,10245.3,10240.7,10245.3,498,18,0
2026-03-13 20:15:00,10245.1,10249.3,10240.3,10241.2,431,18,0
2026-03-13 20:20:00,10241.2,10243.0,10237.0,10242.6,427,18,0
2026-03-13 20:25:00,10242.6,10248.1,10241.8,10247.3,399,18,0
2026-03-13 20:30:00,10247.2,10267.3,10245.8,10264.4,332,18,0
2026-03-13 20:35:00,10264.3,10268.8,10260.8,10265.7,308,18,0
2026-03-13 20:40:00,10265.8,10272.1,10264.3,10271.8,316,18,0
2026-03-13 20:45:00,10271.8,10276.1,10269.3,10274.8,347,18,0
2026-03-13 20:50:00,10274.8,10277.8,10270.1,10276.8,266,18,0
2026-03-13 20:55:00,10276.8,10277.0,10269.8,10274.1,319,18,0
2026-03-13 21:00:00,10274.1,10274.8,10268.1,10268.3,331,18,0
2026-03-13 21:05:00,10268.3,10269.1,10263.3,10267.2,325,18,0
2026-03-13 21:10:00,10267.2,10269.7,10264.8,10266.3,378,18,0
2026-03-13 21:15:00,10266.3,10269.3,10262.9,10266.0,391,18,0
2026-03-13 21:20:00,10266.0,10266.0,10250.2,10253.2,411,18,0
2026-03-13 21:25:00,10252.9,10252.9,10244.0,10248.0,366,18,0
2026-03-13 21:30:00,10248.0,10253.0,10244.3,10244.7,388,18,0
2026-03-13 21:35:00,10244.8,10245.8,10238.8,10238.8,368,18,0
2026-03-13 21:40:00,10238.8,10241.3,10235.8,10240.3,298,18,0
2026-03-13 21:45:00,10240.3,10243.2,10236.3,10241.0,323,18,0
2026-03-13 21:50:00,10241.1,10242.3,10236.0,10240.8,276,18,0
2026-03-13 21:55:00,10240.8,10254.8,10240.8,10253.4,394,18,0
2026-03-13 22:00:00,10253.1,10254.6,10245.7,10247.4,240,18,0
2026-03-13 22:05:00,10247.2,10248.6,10245.2,10245.7,135,18,0
2026-03-13 22:10:00,10246.5,10247.0,10243.7,10245.7,120,18,0
2026-03-13 22:15:00,10245.5,10246.3,10244.4,10245.0,125,18,0
2026-03-13 22:20:00,10245.0,10246.0,10244.2,10245.3,92,18,0
2026-03-13 22:25:00,10245.2,10245.5,10242.8,10243.4,69,18,0
2026-03-13 22:30:00,10244.0,10245.5,10243.4,10244.2,67,18,0
2026-03-13 22:35:00,10244.2,10246.3,10243.4,10244.8,47,18,0
2026-03-13 22:40:00,10244.8,10245.8,10243.2,10244.0,54,18,0
2026-03-13 22:45:00,10243.9,10244.9,10242.4,10243.4,103,18,0
2026-03-13 22:50:00,10243.5,10243.6,10239.3,10240.5,126,18,0
2026-03-16 03:05:00,10303.6,10310.6,10303.6,10306.0,246,18,0
2026-03-16 03:10:00,10305.7,10308.5,10303.3,10304.2,241,18,0
2026-03-16 03:15:00,10304.2,10309.8,10301.3,10303.3,285,18,0
2026-03-16 03:20:00,10303.5,10304.0,10294.9,10295.0,239,18,0
2026-03-16 03:25:00,10295.3,10295.7,10286.5,10287.3,237,18,0
2026-03-16 03:30:00,10287.3,10288.0,10273.3,10279.6,402,18,0
2026-03-16 03:35:00,10279.3,10286.5,10277.0,10277.0,348,18,0
2026-03-16 03:40:00,10277.0,10281.8,10274.7,10279.1,291,18,0
2026-03-16 03:45:00,10278.8,10284.7,10278.8,10283.9,188,18,0
2026-03-16 03:50:00,10284.2,10288.5,10284.1,10287.5,177,18,0
2026-03-16 03:55:00,10287.6,10288.8,10285.2,10288.6,179,18,0
2026-03-16 04:00:00,10288.5,10289.5,10281.4,10283.6,271,18,0
2026-03-16 04:05:00,10283.6,10284.8,10280.8,10283.1,188,19,0
2026-03-16 04:10:00,10282.8,10283.7,10280.3,10281.3,212,21,0
2026-03-16 04:15:00,10281.5,10284.6,10280.0,10282.3,204,19,0
2026-03-16 04:20:00,10282.4,10282.8,10277.3,10277.4,153,19,0
2026-03-16 04:25:00,10277.4,10277.4,10272.7,10274.3,146,20,0
2026-03-16 04:30:00,10274.3,10275.1,10272.0,10272.0,199,18,0
2026-03-16 04:35:00,10271.7,10271.7,10269.3,10269.6,189,18,0
2026-03-16 04:40:00,10269.5,10272.2,10269.3,10270.6,148,20,0
2026-03-16 04:45:00,10270.8,10275.0,10268.8,10272.2,213,20,0
2026-03-16 04:50:00,10272.2,10274.3,10269.1,10269.6,138,20,0
2026-03-16 04:55:00,10269.5,10274.6,10269.5,10273.4,112,20,0
2026-03-16 05:00:00,10273.5,10274.4,10272.2,10273.1,162,18,0
2026-03-16 05:05:00,10272.9,10274.1,10272.1,10273.6,105,19,0
2026-03-16 05:10:00,10273.2,10273.7,10271.3,10271.3,119,18,0
2026-03-16 05:15:00,10271.3,10275.2,10271.0,10274.7,145,18,0
2026-03-16 05:20:00,10275.0,10278.2,10273.5,10277.6,128,18,0
2026-03-16 05:25:00,10277.6,10279.2,10277.4,10279.2,106,19,0
2026-03-16 05:30:00,10279.2,10285.5,10279.2,10284.7,110,22,0
2026-03-16 05:35:00,10284.7,10286.4,10283.6,10286.0,100,18,0
2026-03-16 05:40:00,10286.2,10288.0,10286.1,10287.5,90,19,0
2026-03-16 05:45:00,10287.5,10290.7,10287.5,10290.7,107,18,0
2026-03-16 05:50:00,10291.1,10293.6,10289.6,10292.5,123,18,0
2026-03-16 05:55:00,10293.7,10299.0,10293.1,10298.8,136,18,0
2026-03-16 06:00:00,10299.0,10299.7,10297.2,10297.3,78,19,0
2026-03-16 06:05:00,10297.3,10301.9,10297.3,10301.0,93,18,0
2026-03-16 06:10:00,10301.0,10302.5,10298.3,10298.3,86,18,0
2026-03-16 06:15:00,10298.4,10301.7,10298.4,10300.0,101,18,0
2026-03-16 06:20:00,10300.2,10301.4,10299.5,10299.5,91,18,0
2026-03-16 06:25:00,10299.4,10300.5,10298.9,10300.2,108,18,0
2026-03-16 06:30:00,10300.5,10300.7,10297.4,10297.4,75,19,0
2026-03-16 06:35:00,10297.6,10298.8,10296.1,10296.5,123,18,0
2026-03-16 06:40:00,10296.5,10296.7,10294.8,10295.3,94,19,0
2026-03-16 06:45:00,10295.8,10296.3,10291.9,10291.9,95,18,0
2026-03-16 06:50:00,10292.0,10294.0,10289.8,10290.6,100,18,0
2026-03-16 06:55:00,10291.0,10292.4,10289.8,10289.9,118,18,0
2026-03-16 07:00:00,10289.6,10291.8,10289.3,10290.5,142,18,0
2026-03-16 07:05:00,10290.6,10293.2,10290.3,10291.9,124,19,0
2026-03-16 07:10:00,10292.3,10293.3,10290.8,10292.1,114,18,0
2026-03-16 07:15:00,10292.2,10292.7,10291.3,10291.5,79,18,0
2026-03-16 07:20:00,10291.6,10291.9,10289.3,10290.9,158,18,0
2026-03-16 07:25:00,10290.9,10293.1,10290.0,10293.0,139,18,0
2026-03-16 07:30:00,10293.4,10293.5,10291.0,10291.0,119,18,0
2026-03-16 07:35:00,10291.0,10299.0,10290.4,10299.0,112,18,0
2026-03-16 07:40:00,10299.0,10301.7,10298.9,10300.5,113,18,0
2026-03-16 07:45:00,10301.0,10302.7,10300.8,10302.3,90,18,0
2026-03-16 07:50:00,10302.7,10304.2,10301.8,10303.2,109,19,0
2026-03-16 07:55:00,10303.5,10306.1,10302.8,10305.0,112,18,0
2026-03-16 08:00:00,10305.0,10307.1,10304.5,10305.9,127,18,0
2026-03-16 08:05:00,10305.9,10307.7,10305.4,10307.2,99,18,0
2026-03-16 08:10:00,10307.4,10310.4,10307.2,10308.1,134,18,0
2026-03-16 08:15:00,10308.1,10311.6,10308.1,10309.3,98,18,0
2026-03-16 08:20:00,10309.5,10310.9,10304.3,10305.5,110,18,0
2026-03-16 08:25:00,10305.7,10309.9,10305.6,10308.6,97,18,0
2026-03-16 08:30:00,10308.9,10313.3,10308.9,10311.3,176,18,0
2026-03-16 08:35:00,10311.2,10311.4,10310.1,10310.5,100,18,0
2026-03-16 08:40:00,10310.8,10312.1,10310.6,10311.4,69,18,0
2026-03-16 08:45:00,10311.5,10312.6,10308.8,10309.5,52,18,0
2026-03-16 08:50:00,10309.5,10311.2,10307.1,10310.5,88,18,0
2026-03-16 08:55:00,10310.6,10312.4,10309.2,10310.9,136,18,0
2026-03-16 09:00:00,10310.8,10312.0,10303.0,10304.9,322,18,0
2026-03-16 09:05:00,10304.9,10309.6,10302.0,10305.9,247,18,0
2026-03-16 09:10:00,10305.9,10307.2,10298.8,10299.8,226,18,0
2026-03-16 09:15:00,10299.5,10299.9,10291.5,10292.6,236,18,0
2026-03-16 09:20:00,10292.6,10297.7,10292.3,10293.4,211,18,0
2026-03-16 09:25:00,10292.6,10294.9,10287.6,10288.8,220,18,0
2026-03-16 09:30:00,10288.9,10293.5,10283.1,10284.4,263,18,0
2026-03-16 09:35:00,10284.4,10286.0,10278.6,10280.3,341,18,0
2026-03-16 09:40:00,10280.1,10285.9,10280.1,10285.4,253,18,0
2026-03-16 09:45:00,10286.0,10290.4,10282.8,10290.2,240,18,0
2026-03-16 09:50:00,10290.2,10294.4,10288.9,10288.9,268,18,0
2026-03-16 09:55:00,10288.6,10290.9,10283.2,10284.9,304,18,0
2026-03-16 10:00:00,10282.1,10306.4,10268.5,10295.1,864,11,0
2026-03-16 10:05:00,10295.0,10315.5,10293.9,10314.6,771,10,0
2026-03-16 10:10:00,10315.7,10318.5,10301.6,10301.6,753,10,0
2026-03-16 10:15:00,10301.8,10303.7,10291.6,10297.7,740,10,0
2026-03-16 10:20:00,10297.6,10310.6,10291.5,10299.1,728,10,0
2026-03-16 10:25:00,10299.1,10299.1,10283.6,10289.0,703,10,0
2026-03-16 10:30:00,10289.0,10295.1,10274.7,10277.7,667,10,0
2026-03-16 10:35:00,10277.7,10285.6,10275.7,10279.6,640,10,0
2026-03-16 10:40:00,10280.2,10285.2,10268.0,10269.2,537,10,0
2026-03-16 10:45:00,10269.2,10271.0,10264.9,10265.0,564,10,0
2026-03-16 10:50:00,10265.2,10284.2,10264.3,10282.2,615,10,0
2026-03-16 10:55:00,10282.2,10288.7,10272.6,10274.7,564,10,0
2026-03-16 11:00:00,10274.6,10280.9,10271.2,10273.5,626,10,0
2026-03-16 11:05:00,10273.5,10273.6,10258.8,10270.1,642,10,0
2026-03-16 11:10:00,10270.1,10287.6,10268.9,10280.3,587,10,0
2026-03-16 11:15:00,10280.6,10280.7,10272.0,10275.1,571,10,0
2026-03-16 11:20:00,10274.6,10279.2,10267.6,10269.8,597,10,0
2026-03-16 11:25:00,10269.1,10279.1,10264.7,10270.2,553,10,0
2026-03-16 11:30:00,10270.7,10270.7,10256.2,10257.7,626,10,0
2026-03-16 11:35:00,10257.7,10269.2,10256.5,10261.1,553,10,0
2026-03-16 11:40:00,10261.1,10267.2,10258.8,10264.4,553,10,0
2026-03-16 11:45:00,10264.2,10280.2,10261.9,10275.2,553,10,0
2026-03-16 11:50:00,10275.5,10278.1,10266.1,10266.6,486,10,0
2026-03-16 11:55:00,10266.2,10270.7,10263.7,10264.1,477,10,0
2026-03-16 12:00:00,10264.1,10270.7,10261.1,10269.7,574,10,0
2026-03-16 12:05:00,10269.7,10270.7,10260.7,10270.2,551,10,0
2026-03-16 12:10:00,10269.2,10275.6,10265.7,10273.7,536,10,0
2026-03-16 12:15:00,10274.2,10275.7,10265.3,10269.5,527,10,0
2026-03-16 12:20:00,10269.7,10281.5,10269.0,10280.6,517,10,0
2026-03-16 12:25:00,10280.5,10289.7,10278.9,10285.7,437,10,0
2026-03-16 12:30:00,10285.7,10288.6,10280.2,10280.9,501,10,0
2026-03-16 12:35:00,10280.9,10284.2,10278.6,10284.1,441,10,0
2026-03-16 12:40:00,10284.1,10289.7,10279.2,10284.2,492,10,0
2026-03-16 12:45:00,10284.2,10295.2,10282.8,10294.7,359,10,0
2026-03-16 12:50:00,10294.7,10301.2,10293.1,10300.0,405,10,0
2026-03-16 12:55:00,10299.9,10306.7,10298.7,10305.2,417,10,0
2026-03-16 13:00:00,10305.1,10309.0,10301.2,10308.2,434,10,0
2026-03-16 13:05:00,10308.2,10310.0,10305.0,10306.7,346,10,0
2026-03-16 13:10:00,10306.7,10313.7,10304.7,10305.2,372,10,0
2026-03-16 13:15:00,10305.2,10311.1,10305.0,10309.7,331,10,0
2026-03-16 13:20:00,10309.2,10310.0,10302.5,10307.7,392,10,0
2026-03-16 13:25:00,10307.7,10310.5,10301.7,10303.6,412,10,0
2026-03-16 13:30:00,10303.7,10307.3,10300.2,10307.2,416,10,0
2026-03-16 13:35:00,10307.2,10313.2,10306.2,10310.7,330,10,0
2026-03-16 13:40:00,10310.7,10316.6,10310.2,10316.2,323,10,0
2026-03-16 13:45:00,10316.1,10319.0,10313.5,10315.2,332,10,0
2026-03-16 13:50:00,10314.8,10317.2,10310.2,10311.2,250,10,0
2026-03-16 13:55:00,10311.2,10313.1,10309.7,10312.7,331,10,0
2026-03-16 14:00:00,10312.5,10322.7,10311.7,10322.6,344,10,0
2026-03-16 14:05:00,10322.7,10322.7,10315.2,10321.2,239,10,0
2026-03-16 14:10:00,10321.2,10330.2,10319.2,10328.2,359,10,0
2026-03-16 14:15:00,10328.4,10333.7,10326.2,10332.2,349,10,0
2026-03-16 14:20:00,10331.7,10331.7,10326.2,10327.5,274,10,0
2026-03-16 14:25:00,10327.2,10330.5,10326.7,10330.5,187,10,0
2026-03-16 14:30:00,10330.5,10335.5,10330.1,10332.7,327,10,0
2026-03-16 14:35:00,10332.7,10336.7,10330.7,10332.9,372,10,0
2026-03-16 14:40:00,10332.9,10338.2,10329.7,10335.6,364,10,0
2026-03-16 14:45:00,10335.6,10338.1,10331.7,10334.7,368,10,0
2026-03-16 14:50:00,10334.7,10336.5,10328.0,10328.7,433,10,0
2026-03-16 14:55:00,10328.7,10328.7,10323.5,10323.9,370,10,0
2026-03-16 15:00:00,10324.2,10332.2,10323.3,10328.7,500,10,0
2026-03-16 15:05:00,10328.7,10333.2,10328.7,10330.7,372,10,0
2026-03-16 15:10:00,10330.7,10332.7,10327.7,10330.7,313,10,0
2026-03-16 15:15:00,10330.7,10335.5,10330.2,10330.7,339,10,0
2026-03-16 15:20:00,10330.5,10333.7,10326.9,10327.7,289,10,0
2026-03-16 15:25:00,10327.7,10330.6,10324.1,10327.7,351,10,0
2026-03-16 15:30:00,10327.7,10336.1,10321.2,10335.1,587,10,0
2026-03-16 15:35:00,10335.2,10344.0,10334.2,10343.2,486,10,0
2026-03-16 15:40:00,10343.2,10360.7,10341.6,10360.2,397,10,0
2026-03-16 15:45:00,10360.2,10364.7,10356.2,10364.7,389,10,0
2026-03-16 15:50:00,10364.5,10364.7,10356.7,10361.2,491,10,0
2026-03-16 15:55:00,10361.2,10372.9,10358.5,10372.7,467,10,0
2026-03-16 16:00:00,10372.7,10380.1,10367.5,10372.8,548,10,0
2026-03-16 16:05:00,10372.9,10378.7,10370.7,10375.2,525,10,0
2026-03-16 16:10:00,10375.2,10379.7,10371.2,10373.2,451,10,0
2026-03-16 16:15:00,10373.2,10376.0,10368.7,10372.7,437,10,0
2026-03-16 16:20:00,10372.7,10379.2,10370.7,10377.7,376,10,0
2026-03-16 16:25:00,10377.7,10378.7,10370.2,10370.7,482,10,0
2026-03-16 16:30:00,10370.7,10371.9,10353.7,10356.2,518,10,0
2026-03-16 16:35:00,10356.2,10360.7,10346.9,10347.7,539,10,0
2026-03-16 16:40:00,10347.7,10354.1,10345.3,10347.0,516,10,0
2026-03-16 16:45:00,10346.7,10351.7,10342.2,10349.2,511,10,0
2026-03-16 16:50:00,10349.2,10362.7,10348.4,10362.2,457,10,0
2026-03-16 16:55:00,10362.2,10369.7,10360.7,10369.2,416,10,0
2026-03-16 17:00:00,10369.2,10371.7,10361.7,10361.7,417,10,0
2026-03-16 17:05:00,10361.7,10361.7,10352.7,10357.7,493,10,0
2026-03-16 17:10:00,10357.7,10357.7,10347.7,10351.7,444,10,0
2026-03-16 17:15:00,10351.7,10357.7,10347.2,10357.7,436,10,0
2026-03-16 17:20:00,10358.2,10365.2,10356.2,10359.7,369,10,0
2026-03-16 17:25:00,10359.7,10360.3,10355.2,10359.2,394,10,0
2026-03-16 17:30:00,10359.2,10364.5,10358.5,10361.7,372,10,0
2026-03-16 17:35:00,10361.7,10366.7,10360.3,10360.7,365,10,0
2026-03-16 17:40:00,10360.7,10360.7,10355.2,10355.5,389,10,0
2026-03-16 17:45:00,10355.5,10361.8,10354.2,10360.2,404,10,0
2026-03-16 17:50:00,10359.8,10360.3,10344.7,10348.7,506,10,0
2026-03-16 17:55:00,10348.7,10353.2,10343.4,10343.7,525,10,0
2026-03-16 18:00:00,10344.2,10346.1,10336.7,10336.7,519,10,0
2026-03-16 18:05:00,10336.7,10345.2,10335.7,10342.4,438,10,0
2026-03-16 18:10:00,10342.3,10352.0,10342.3,10345.7,432,10,0
2026-03-16 18:15:00,10345.7,10349.5,10339.7,10345.2,463,10,0
2026-03-16 18:20:00,10345.2,10345.5,10327.5,10328.0,545,10,0
2026-03-16 18:25:00,10328.1,10329.6,10321.0,10322.7,541,10,0
2026-03-16 18:30:00,10322.6,10331.9,10317.4,10319.6,581,18,0
2026-03-16 18:35:00,10319.4,10331.3,10318.9,10331.3,486,18,0
2026-03-16 18:40:00,10331.4,10337.5,10327.4,10332.9,379,18,0
2026-03-16 18:45:00,10332.9,10332.9,10324.4,10329.9,416,18,0
2026-03-16 18:50:00,10329.8,10336.9,10326.6,10329.4,310,18,0
2026-03-16 18:55:00,10329.4,10332.9,10326.9,10328.9,347,18,0
2026-03-16 19:00:00,10328.9,10340.4,10327.9,10328.9,565,18,0
2026-03-16 19:05:00,10329.0,10333.8,10326.9,10329.5,401,18,0
2026-03-16 19:10:00,10329.5,10339.9,10329.4,10337.9,399,18,0
2026-03-16 19:15:00,10337.9,10342.9,10335.9,10342.9,357,18,0
2026-03-16 19:20:00,10342.9,10347.0,10341.4,10345.4,325,18,0
2026-03-16 19:25:00,10345.2,10348.9,10342.9,10347.4,267,18,0
2026-03-16 19:30:00,10347.4,10350.3,10340.9,10344.4,301,18,0
2026-03-16 19:35:00,10343.9,10346.9,10338.9,10338.9,322,18,0
2026-03-16 19:40:00,10338.9,10341.4,10333.9,10333.9,293,18,0
2026-03-16 19:45:00,10333.9,10339.9,10327.4,10327.4,301,18,0
2026-03-16 19:50:00,10327.4,10337.7,10322.9,10334.4,370,18,0
2026-03-16 19:55:00,10334.1,10338.8,10332.4,10336.1,360,18,0
2026-03-16 20:00:00,10336.4,10343.9,10336.4,10343.4,312,18,0
2026-03-16 20:05:00,10343.4,10347.6,10339.4,10343.9,390,18,0
2026-03-16 20:10:00,10343.9,10346.9,10339.9,10341.9,265,18,0
2026-03-16 20:15:00,10341.9,10347.4,10340.9,10346.0,256,18,0
2026-03-16 20:20:00,10345.9,10352.9,10344.3,10351.0,247,18,0
2026-03-16 20:25:00,10351.0,10351.7,10344.8,10347.8,282,18,0
2026-03-16 20:30:00,10347.4,10349.9,10345.0,10349.4,207,18,0
2026-03-16 20:35:00,10349.4,10350.9,10347.4,10350.0,193,18,0
2026-03-16 20:40:00,10350.4,10352.9,10347.9,10352.6,150,18,0
2026-03-16 20:45:00,10352.5,10354.1,10350.9,10352.9,142,18,0
2026-03-16 20:50:00,10352.9,10354.4,10350.4,10350.4,183,18,0
2026-03-16 20:55:00,10350.4,10350.4,10347.6,10349.9,154,18,0
2026-03-16 21:00:00,10349.9,10353.9,10348.0,10348.9,214,18,0
2026-03-16 21:05:00,10348.9,10356.9,10345.0,10356.8,215,18,0
2026-03-16 21:10:00,10356.4,10360.9,10345.4,10346.4,452,18,0
2026-03-16 21:15:00,10346.4,10348.4,10342.6,10342.6,291,18,0
2026-03-16 21:20:00,10342.4,10350.9,10342.4,10345.9,335,18,0
2026-03-16 21:25:00,10345.9,10348.9,10340.9,10344.4,314,18,0
2026-03-16 21:30:00,10344.4,10346.0,10340.3,10341.3,295,18,0
2026-03-16 21:35:00,10341.8,10344.3,10339.8,10341.4,249,18,0
2026-03-16 21:40:00,10341.4,10342.9,10334.4,10334.9,178,18,0
2026-03-16 21:45:00,10334.8,10338.5,10332.9,10337.4,247,18,0
2026-03-16 21:50:00,10337.4,10349.2,10337.4,10346.4,289,18,0
2026-03-16 21:55:00,10346.4,10357.4,10346.4,10357.3,407,18,0
2026-03-16 22:00:00,10357.4,10357.4,10350.6,10351.4,196,18,0
2026-03-16 22:05:00,10351.4,10354.4,10351.4,10352.4,123,18,0
2026-03-16 22:10:00,10352.4,10354.5,10351.7,10354.4,83,18,0
2026-03-16 22:15:00,10354.4,10354.4,10351.4,10351.4,57,18,0
2026-03-16 22:20:00,10351.3,10351.4,10347.9,10347.9,68,18,0
2026-03-16 22:25:00,10347.9,10347.9,10344.9,10344.9,67,18,0
2026-03-16 22:30:00,10345.1,10345.4,10343.0,10343.0,41,18,0
2026-03-16 22:35:00,10343.0,10343.4,10341.5,10342.4,43,18,0
2026-03-16 22:40:00,10342.4,10346.4,10340.9,10342.4,92,18,0
2026-03-16 22:45:00,10343.1,10344.4,10341.4,10344.4,74,18,0
2026-03-16 22:50:00,10344.5,10345.4,10341.6,10343.9,90,18,0
2026-03-16 22:55:00,10344.0,10346.0,10342.9,10345.0,115,18,0
2026-03-17 03:00:00,10331.1,10331.1,10325.3,10326.7,261,18,0
2026-03-17 03:05:00,10326.8,10330.0,10326.3,10327.4,165,18,0
2026-03-17 03:10:00,10327.4,10332.8,10326.9,10331.9,153,18,0
2026-03-17 03:15:00,10332.0,10333.5,10330.6,10332.4,166,18,0
2026-03-17 03:20:00,10332.7,10335.2,10332.5,10335.0,123,18,0
2026-03-17 03:25:00,10335.1,10338.6,10333.4,10337.7,83,18,0
2026-03-17 03:30:00,10337.9,10345.0,10336.7,10344.8,209,18,0
2026-03-17 03:35:00,10345.0,10346.8,10339.3,10340.0,147,18,0
2026-03-17 03:40:00,10340.3,10340.3,10334.1,10336.1,226,18,0
2026-03-17 03:45:00,10335.6,10339.2,10332.9,10338.1,167,18,0
2026-03-17 03:50:00,10338.5,10343.9,10338.4,10343.9,149,18,0
2026-03-17 03:55:00,10344.1,10347.5,10343.9,10345.5,181,18,0
2026-03-17 04:00:00,10345.7,10347.9,10344.5,10345.2,159,18,0
2026-03-17 04:05:00,10345.2,10345.9,10342.4,10343.5,134,18,0
2026-03-17 04:10:00,10343.5,10345.9,10342.3,10345.4,125,18,0
2026-03-17 04:15:00,10345.5,10345.5,10340.4,10341.5,150,18,0
2026-03-17 04:20:00,10341.5,10346.2,10341.4,10343.7,141,18,0
2026-03-17 04:25:00,10343.7,10344.3,10341.2,10341.5,99,18,0
2026-03-17 04:30:00,10341.6,10345.3,10341.6,10343.7,147,18,0
2026-03-17 04:35:00,10343.7,10344.5,10342.1,10343.2,116,18,0
2026-03-17 04:40:00,10343.2,10343.8,10340.4,10342.6,106,18,0
2026-03-17 04:45:00,10343.0,10343.4,10340.2,10340.3,92,18,0
2026-03-17 04:50:00,10340.4,10340.4,10334.9,10336.4,123,18,0
2026-03-17 04:55:00,10336.4,10336.6,10332.4,10332.8,81,18,0
2026-03-17 05:00:00,10332.8,10333.5,10330.4,10333.5,130,18,0
2026-03-17 05:05:00,10332.9,10335.0,10331.7,10334.6,119,18,0
2026-03-17 05:10:00,10334.6,10338.1,10334.6,10337.6,68,18,0
2026-03-17 05:15:00,10337.6,10343.4,10337.6,10341.3,118,18,0
2026-03-17 05:20:00,10342.1,10343.0,10338.4,10338.6,77,18,0
2026-03-17 05:25:00,10338.7,10339.2,10335.8,10335.8,89,18,0
2026-03-17 05:30:00,10335.8,10340.3,10332.6,10334.9,237,18,0
2026-03-17 05:35:00,10334.9,10335.2,10330.8,10331.3,145,18,0
2026-03-17 05:40:00,10331.4,10332.1,10327.7,10329.2,161,18,0
2026-03-17 05:45:00,10328.8,10332.9,10327.9,10331.7,143,18,0
2026-03-17 05:50:00,10331.3,10334.2,10329.7,10330.2,143,18,0
2026-03-17 05:55:00,10330.2,10330.4,10328.5,10329.9,102,18,0
2026-03-17 06:00:00,10329.9,10330.0,10328.0,10328.5,58,20,0
2026-03-17 06:05:00,10328.6,10329.3,10325.7,10326.3,73,18,0
2026-03-17 06:10:00,10326.1,10328.7,10326.1,10327.6,98,18,0
2026-03-17 06:15:00,10327.6,10330.0,10326.9,10329.9,84,18,0
2026-03-17 06:20:00,10329.8,10330.2,10327.1,10327.4,74,19,0
2026-03-17 06:25:00,10327.4,10329.1,10327.2,10329.1,51,19,0
2026-03-17 06:30:00,10329.0,10332.0,10329.0,10331.3,92,18,0
2026-03-17 06:35:00,10331.2,10334.0,10331.2,10333.1,79,20,0
2026-03-17 06:40:00,10332.5,10333.5,10331.0,10333.1,71,18,0
2026-03-17 06:45:00,10333.4,10337.8,10333.4,10337.3,108,18,0
2026-03-17 06:50:00,10337.6,10338.8,10336.6,10337.4,71,18,0
2026-03-17 06:55:00,10337.3,10337.4,10334.0,10334.0,59,19,0
2026-03-17 07:00:00,10333.6,10334.7,10331.8,10332.4,123,19,0
2026-03-17 07:05:00,10332.4,10334.2,10332.4,10333.3,119,18,0
2026-03-17 07:10:00,10333.2,10335.9,10330.5,10334.5,148,18,0
2026-03-17 07:15:00,10334.3,10336.0,10332.9,10333.2,117,18,0
2026-03-17 07:20:00,10333.1,10335.6,10332.6,10335.3,105,18,0
2026-03-17 07:25:00,10335.2,10337.8,10334.8,10335.6,98,18,0
2026-03-17 07:30:00,10335.6,10338.0,10333.7,10334.0,131,18,0
2026-03-17 07:35:00,10334.0,10334.1,10328.3,10328.3,88,18,0
2026-03-17 07:40:00,10328.3,10331.1,10326.3,10330.0,141,18,0
2026-03-17 07:45:00,10330.8,10331.0,10323.2,10324.9,144,18,0
2026-03-17 07:50:00,10324.8,10326.2,10320.5,10322.8,161,18,0
2026-03-17 07:55:00,10322.8,10323.0,10317.7,10317.9,221,18,0
2026-03-17 08:00:00,10317.6,10319.0,10309.3,10311.4,409,18,0
2026-03-17 08:05:00,10311.6,10312.7,10308.0,10309.1,301,18,0
2026-03-17 08:10:00,10308.5,10317.3,10308.5,10311.5,374,18,0
2026-03-17 08:15:00,10311.5,10316.0,10310.1,10312.9,280,18,0
2026-03-17 08:20:00,10312.7,10317.0,10308.2,10308.7,252,18,0
2026-03-17 08:25:00,10308.4,10316.0,10307.0,10315.8,143,18,0
2026-03-17 08:30:00,10315.6,10316.1,10311.8,10314.0,228,18,0
2026-03-17 08:35:00,10314.1,10315.8,10311.2,10314.8,179,18,0
2026-03-17 08:40:00,10314.8,10317.3,10312.9,10316.8,126,18,0
2026-03-17 08:45:00,10316.9,10317.8,10311.1,10316.6,189,18,0
2026-03-17 08:50:00,10316.6,10317.4,10314.4,10314.6,128,18,0
2026-03-17 08:55:00,10314.6,10315.6,10312.4,10314.6,157,18,0
2026-03-17 09:00:00,10314.6,10316.4,10308.0,10314.5,345,18,0
2026-03-17 09:05:00,10314.5,10314.9,10308.3,10308.3,258,18,0
2026-03-17 09:10:00,10307.8,10309.2,10303.8,10304.3,242,18,0
2026-03-17 09:15:00,10304.2,10312.8,10303.5,10311.2,228,18,0
2026-03-17 09:20:00,10311.2,10322.8,10308.3,10318.9,260,18,0
2026-03-17 09:25:00,10318.9,10318.9,10314.6,10314.7,199,18,0
2026-03-17 09:30:00,10314.6,10316.3,10311.4,10314.5,211,18,0
2026-03-17 09:35:00,10314.0,10316.4,10311.8,10315.3,163,18,0
2026-03-17 09:40:00,10315.3,10319.3,10311.7,10313.3,209,18,0
2026-03-17 09:45:00,10312.8,10315.3,10310.1,10312.8,250,18,0
2026-03-17 09:50:00,10312.8,10314.9,10305.8,10307.7,230,18,0
2026-03-17 09:55:00,10307.7,10317.2,10305.8,10317.2,251,18,0
2026-03-17 10:00:00,10317.8,10337.8,10310.3,10331.1,778,10,0
2026-03-17 10:05:00,10330.5,10341.8,10326.6,10331.2,698,10,0
2026-03-17 10:10:00,10331.2,10339.6,10327.8,10332.1,656,10,0
2026-03-17 10:15:00,10332.0,10346.9,10328.6,10345.3,686,10,0
2026-03-17 10:20:00,10345.2,10347.5,10334.3,10337.5,652,10,0
2026-03-17 10:25:00,10337.4,10338.5,10326.8,10331.4,664,10,0
2026-03-17 10:30:00,10331.6,10340.1,10328.1,10335.7,631,10,0
2026-03-17 10:35:00,10335.7,10343.2,10324.5,10340.0,602,10,0
2026-03-17 10:40:00,10339.6,10352.6,10338.6,10347.5,583,10,0
2026-03-17 10:45:00,10347.5,10352.1,10346.0,10346.9,490,10,0
2026-03-17 10:50:00,10347.1,10347.1,10336.9,10339.3,568,10,0
2026-03-17 10:55:00,10339.3,10346.4,10338.8,10345.6,477,10,0
2026-03-17 11:00:00,10345.6,10360.7,10345.6,10354.9,642,10,0
2026-03-17 11:05:00,10354.9,10356.6,10348.9,10353.6,468,10,0
2026-03-17 11:10:00,10353.6,10356.9,10348.2,10350.0,471,10,0
2026-03-17 11:15:00,10350.0,10362.6,10350.0,10361.6,429,10,0
2026-03-17 11:20:00,10361.6,10364.1,10357.0,10362.1,470,10,0
2026-03-17 11:25:00,10361.9,10373.5,10361.9,10372.1,455,10,0
2026-03-17 11:30:00,10372.1,10373.5,10368.6,10372.2,509,10,0
2026-03-17 11:35:00,10372.2,10374.6,10370.1,10371.2,516,10,0
2026-03-17 11:40:00,10371.2,10379.6,10368.2,10377.5,460,10,0
2026-03-17 11:45:00,10377.6,10385.1,10375.2,10384.6,493,10,0
2026-03-17 11:50:00,10384.6,10387.5,10382.0,10386.6,396,10,0
2026-03-17 11:55:00,10386.7,10390.1,10384.7,10388.6,339,10,0
2026-03-17 12:00:00,10388.1,10388.6,10381.7,10383.6,493,10,0
2026-03-17 12:05:00,10383.6,10383.6,10370.6,10372.1,508,10,0
2026-03-17 12:10:00,10372.1,10373.9,10367.9,10373.0,389,10,0
2026-03-17 12:15:00,10373.0,10374.9,10366.4,10368.6,429,10,0
2026-03-17 12:20:00,10368.6,10374.5,10364.9,10372.1,344,10,0
2026-03-17 12:25:00,10372.1,10372.6,10368.5,10371.1,419,10,0
2026-03-17 12:30:00,10371.1,10380.6,10370.1,10377.5,425,10,0
2026-03-17 12:35:00,10377.6,10383.0,10375.6,10376.6,409,10,0
2026-03-17 12:40:00,10377.0,10381.1,10374.3,10380.0,433,10,0
2026-03-17 12:45:00,10380.0,10383.1,10378.6,10379.9,345,10,0
2026-03-17 12:50:00,10380.0,10380.0,10371.5,10374.2,376,10,0
2026-03-17 12:55:00,10374.2,10378.4,10371.2,10376.6,331,10,0
2026-03-17 13:00:00,10376.6,10380.6,10374.4,10380.2,350,10,0
2026-03-17 13:05:00,10380.2,10384.1,10374.5,10384.1,369,10,0
2026-03-17 13:10:00,10384.0,10387.1,10381.9,10385.1,264,10,0
2026-03-17 13:15:00,10385.0,10392.6,10385.0,10390.1,342,10,0
2026-03-17 13:20:00,10390.5,10398.6,10390.1,10395.1,334,10,0
2026-03-17 13:25:00,10395.1,10396.3,10392.3,10393.7,354,10,0
2026-03-17 13:30:00,10393.5,10394.1,10386.3,10386.3,304,10,0
2026-03-17 13:35:00,10386.3,10390.6,10385.2,10389.1,340,10,0
2026-03-17 13:40:00,10389.1,10394.1,10388.9,10393.0,306,10,0
2026-03-17 13:45:00,10393.0,10395.1,10390.6,10393.6,360,10,0
2026-03-17 13:50:00,10393.6,10397.6,10391.5,10392.6,293,10,0
2026-03-17 13:55:00,10392.6,10395.1,10390.0,10390.3,303,10,0
2026-03-17 14:00:00,10390.3,10402.9,10389.6,10401.6,403,10,0
2026-03-17 14:05:00,10401.6,10404.6,10398.6,10404.1,386,10,0
2026-03-17 14:10:00,10404.1,10406.1,10401.1,10403.9,324,10,0
2026-03-17 14:15:00,10404.1,10405.6,10398.6,10401.1,353,10,0
2026-03-17 14:20:00,10400.3,10405.6,10398.9,10403.6,398,10,0
2026-03-17 14:25:00,10403.6,10405.6,10402.0,10405.6,296,10,0
2026-03-17 14:30:00,10405.6,10409.1,10403.6,10407.8,330,10,0
2026-03-17 14:35:00,10407.6,10407.6,10402.6,10405.9,403,10,0
2026-03-17 14:40:00,10405.9,10406.6,10403.6,10406.1,402,10,0
2026-03-17 14:45:00,10405.7,10407.6,10401.0,10403.6,322,10,0
2026-03-17 14:50:00,10403.6,10403.6,10395.6,10397.1,325,10,0
2026-03-17 14:55:00,10397.1,10400.4,10394.5,10399.7,348,10,0
2026-03-17 15:00:00,10399.9,10402.6,10397.6,10400.5,358,10,0
2026-03-17 15:05:00,10400.5,10404.4,10395.7,10403.6,426,10,0
2026-03-17 15:10:00,10403.6,10412.1,10403.5,10411.2,340,10,0
2026-03-17 15:15:00,10411.4,10417.3,10406.6,10417.3,363,10,0
2026-03-17 15:20:00,10417.2,10423.0,10415.1,10421.1,401,10,0
2026-03-17 15:25:00,10421.1,10421.1,10412.8,10415.0,397,10,0
2026-03-17 15:30:00,10415.0,10423.0,10414.1,10421.6,632,10,0
2026-03-17 15:35:00,10421.6,10422.6,10413.8,10422.6,609,10,0
2026-03-17 15:40:00,10422.6,10425.1,10418.0,10419.1,542,10,0
2026-03-17 15:45:00,10419.1,10423.6,10416.0,10416.1,522,10,0
2026-03-17 15:50:00,10416.1,10417.6,10409.5,10417.5,468,10,0
2026-03-17 15:55:00,10417.5,10424.1,10416.0,10423.4,391,10,0
2026-03-17 16:00:00,10423.4,10425.1,10419.1,10424.1,560,10,0
2026-03-17 16:05:00,10424.1,10432.1,10424.0,10432.1,484,10,0
2026-03-17 16:10:00,10432.1,10433.1,10423.1,10423.1,445,10,0
2026-03-17 16:15:00,10423.0,10427.9,10419.8,10424.0,556,10,0
2026-03-17 16:20:00,10424.0,10426.1,10420.6,10423.6,529,10,0
2026-03-17 16:25:00,10423.6,10425.1,10419.2,10423.1,556,10,0
2026-03-17 16:30:00,10423.1,10430.1,10419.0,10430.1,476,10,0
2026-03-17 16:35:00,10430.1,10432.6,10425.1,10427.9,447,10,0
2026-03-17 16:40:00,10427.8,10436.6,10427.1,10434.6,472,10,0
2026-03-17 16:45:00,10434.5,10440.5,10434.2,10439.1,451,10,0
2026-03-17 16:50:00,10439.1,10439.6,10433.6,10434.6,430,10,0
2026-03-17 16:55:00,10434.6,10435.6,10430.1,10433.1,307,10,0
2026-03-17 17:00:00,10433.6,10436.0,10428.4,10429.1,406,10,0
2026-03-17 17:05:00,10429.1,10433.1,10425.2,10425.6,470,10,0
2026-03-17 17:10:00,10425.5,10427.1,10418.1,10418.9,480,10,0
2026-03-17 17:15:00,10418.9,10423.6,10413.2,10420.0,501,10,0
2026-03-17 17:20:00,10419.9,10423.1,10409.0,10419.6,638,10,0
2026-03-17 17:25:00,10419.6,10422.0,10412.1,10414.1,568,10,0
2026-03-17 17:30:00,10414.1,10416.6,10406.1,10406.6,530,10,0
2026-03-17 17:35:00,10406.6,10409.1,10399.1,10404.1,572,10,0
2026-03-17 17:40:00,10404.1,10411.5,10402.3,10410.6,522,10,0
2026-03-17 17:45:00,10410.6,10416.1,10409.1,10411.4,497,10,0
2026-03-17 17:50:00,10411.4,10420.6,10411.4,10418.5,471,10,0
2026-03-17 17:55:00,10418.1,10422.1,10413.9,10419.6,512,10,0
2026-03-17 18:00:00,10419.6,10421.7,10405.1,10409.3,579,10,0
2026-03-17 18:05:00,10409.2,10414.6,10401.6,10411.2,645,10,0
2026-03-17 18:10:00,10411.3,10417.8,10407.9,10409.6,661,10,0
2026-03-17 18:15:00,10409.3,10415.1,10406.6,10415.1,572,10,0
2026-03-17 18:20:00,10415.1,10415.6,10408.6,10413.6,553,10,0
2026-03-17 18:25:00,10413.6,10414.4,10405.9,10409.1,549,10,0
2026-03-17 18:30:00,10409.1,10411.8,10394.2,10406.5,523,11,0
2026-03-17 18:35:00,10406.3,10409.3,10399.5,10402.8,485,18,0
2026-03-17 18:40:00,10402.8,10408.8,10400.3,10408.8,326,18,0
2026-03-17 18:45:00,10408.8,10410.9,10405.0,10407.9,323,18,0
2026-03-17 18:50:00,10407.8,10412.3,10405.3,10406.3,336,18,0
2026-03-17 18:55:00,10406.3,10406.3,10395.8,10396.2,341,18,0
2026-03-17 19:00:00,10396.2,10409.3,10395.3,10406.7,319,18,0
2026-03-17 19:05:00,10406.7,10407.8,10399.8,10401.3,248,18,0
2026-03-17 19:10:00,10401.5,10402.8,10394.7,10402.3,275,18,0
2026-03-17 19:15:00,10402.3,10402.3,10395.3,10398.8,279,18,0
2026-03-17 19:20:00,10398.8,10399.8,10395.8,10396.8,229,18,0
2026-03-17 19:25:00,10396.8,10399.3,10393.8,10396.8,245,18,0
2026-03-17 19:30:00,10395.3,10398.3,10394.3,10395.3,211,18,0
2026-03-17 19:35:00,10395.3,10396.8,10393.8,10395.3,217,18,0
2026-03-17 19:40:00,10395.3,10395.8,10387.8,10389.3,274,18,0
2026-03-17 19:45:00,10389.3,10390.8,10385.6,10388.1,272,18,0
2026-03-17 19:50:00,10388.3,10391.3,10385.3,10389.8,238,18,0
2026-03-17 19:55:00,10389.8,10390.8,10388.3,10390.4,160,18,0
2026-03-17 20:00:00,10390.4,10392.8,10387.8,10392.3,183,18,0
2026-03-17 20:05:00,10392.0,10395.3,10390.7,10393.8,166,18,0
2026-03-17 20:10:00,10393.8,10396.3,10392.3,10394.6,171,18,0
2026-03-17 20:15:00,10394.5,10394.6,10387.8,10388.8,164,18,0
2026-03-17 20:20:00,10388.8,10390.3,10380.8,10381.8,197,18,0
2026-03-17 20:25:00,10381.8,10383.3,10374.3,10375.7,290,18,0
2026-03-17 20:30:00,10375.7,10379.8,10375.3,10379.3,205,18,0
2026-03-17 20:35:00,10378.9,10385.3,10378.3,10382.2,223,18,0
2026-03-17 20:40:00,10382.2,10383.9,10378.0,10378.3,182,18,0
2026-03-17 20:45:00,10378.3,10382.4,10376.8,10381.8,258,18,0
2026-03-17 20:50:00,10381.8,10385.4,10380.3,10384.8,214,18,0
2026-03-17 20:55:00,10384.1,10384.1,10378.0,10381.3,233,18,0
2026-03-17 21:00:00,10381.3,10381.9,10377.8,10377.8,275,18,0
2026-03-17 21:05:00,10377.8,10378.3,10374.7,10378.3,208,18,0
2026-03-17 21:10:00,10378.3,10380.3,10377.8,10378.3,201,18,0
2026-03-17 21:15:00,10378.3,10382.3,10378.3,10380.8,180,18,0
2026-03-17 21:20:00,10380.8,10381.0,10378.3,10379.3,156,18,0
2026-03-17 21:25:00,10379.3,10379.3,10373.8,10374.5,206,18,0
2026-03-17 21:30:00,10374.7,10376.8,10371.7,10372.2,213,18,0
2026-03-17 21:35:00,10372.3,10373.8,10371.3,10371.7,177,18,0
2026-03-17 21:40:00,10371.8,10372.8,10368.6,10370.8,180,18,0
2026-03-17 21:45:00,10370.8,10372.9,10369.7,10372.3,169,18,0
2026-03-17 21:50:00,10372.4,10374.0,10370.8,10373.9,174,18,0
2026-03-17 21:55:00,10373.4,10374.5,10367.3,10374.2,284,18,0
2026-03-17 22:00:00,10373.8,10379.5,10373.8,10377.9,151,18,0
2026-03-17 22:05:00,10378.1,10379.0,10376.9,10377.7,111,18,0
2026-03-17 22:10:00,10377.7,10379.0,10376.7,10376.7,104,18,0
2026-03-17 22:15:00,10377.0,10378.3,10373.8,10377.7,75,18,0
2026-03-17 22:20:00,10377.7,10379.2,10377.2,10377.7,50,18,0
2026-03-17 22:25:00,10377.8,10379.3,10377.8,10378.2,43,18,0
2026-03-17 22:30:00,10378.3,10378.8,10377.9,10378.3,43,18,0
2026-03-17 22:35:00,10378.3,10379.2,10378.0,10378.8,21,18,0
2026-03-17 22:40:00,10379.3,10379.8,10379.2,10379.4,46,18,0
2026-03-17 22:45:00,10379.2,10379.2,10377.5,10377.5,43,18,0
2026-03-17 22:50:00,10377.6,10377.6,10371.6,10371.7,84,18,0
2026-03-17 22:55:00,10371.2,10371.7,10368.6,10371.7,95,18,0
2026-03-18 03:00:00,10379.0,10390.2,10379.0,10389.3,222,18,0
2026-03-18 03:05:00,10389.8,10391.6,10389.3,10391.6,123,18,0
2026-03-18 03:10:00,10391.6,10392.4,10388.4,10390.2,106,18,0
2026-03-18 03:15:00,10390.2,10392.5,10390.2,10390.9,117,18,0
2026-03-18 03:20:00,10391.4,10393.3,10391.0,10392.6,135,18,0
2026-03-18 03:25:00,10392.7,10392.9,10390.3,10391.2,108,18,0
2026-03-18 03:30:00,10391.2,10392.7,10389.3,10392.0,179,18,0
2026-03-18 03:35:00,10392.0,10393.2,10388.1,10388.1,142,18,0
2026-03-18 03:40:00,10388.1,10388.6,10386.7,10388.3,89,18,0
2026-03-18 03:45:00,10388.6,10389.3,10384.2,10384.9,109,18,0
2026-03-18 03:50:00,10384.9,10385.0,10381.8,10382.2,85,19,0
2026-03-18 03:55:00,10382.2,10385.3,10382.2,10384.8,89,19,0
2026-03-18 04:00:00,10384.7,10388.9,10384.2,10384.3,104,19,0
2026-03-18 04:05:00,10383.8,10388.4,10383.8,10388.4,94,19,0
2026-03-18 04:10:00,10388.1,10388.4,10384.8,10386.9,80,18,0
2026-03-18 04:15:00,10386.5,10388.6,10385.8,10388.4,76,22,0
2026-03-18 04:20:00,10388.5,10390.4,10388.4,10390.0,87,20,0
2026-03-18 04:25:00,10390.2,10391.9,10390.0,10391.0,64,18,0
2026-03-18 04:30:00,10391.8,10393.8,10391.2,10393.2,130,18,0
2026-03-18 04:35:00,10393.2,10394.1,10392.3,10394.0,99,18,0
2026-03-18 04:40:00,10393.8,10395.5,10390.7,10390.9,97,18,0
2026-03-18 04:45:00,10390.9,10394.1,10390.9,10392.8,60,18,0
2026-03-18 04:50:00,10392.8,10395.0,10392.8,10393.5,97,18,0
2026-03-18 04:55:00,10394.0,10394.5,10392.8,10393.9,59,18,0
2026-03-18 05:00:00,10393.9,10395.8,10393.9,10394.9,46,18,0
2026-03-18 05:05:00,10394.7,10395.4,10392.7,10392.7,68,19,0
2026-03-18 05:10:00,10392.7,10395.6,10392.7,10395.2,45,20,0
2026-03-18 05:15:00,10395.2,10395.6,10394.4,10395.4,42,19,0
2026-03-18 05:20:00,10395.2,10396.4,10394.9,10396.4,61,19,0
2026-03-18 05:25:00,10397.3,10399.7,10397.3,10397.8,77,19,0
2026-03-18 05:30:00,10397.8,10399.2,10397.4,10397.9,76,18,0
2026-03-18 05:35:00,10397.9,10399.4,10397.7,10399.0,72,18,0
2026-03-18 05:40:00,10398.9,10402.2,10398.9,10401.9,77,18,0
2026-03-18 05:45:00,10402.1,10405.0,10402.1,10402.7,91,18,0
2026-03-18 05:50:00,10403.0,10403.0,10401.0,10401.0,38,23,0
2026-03-18 05:55:00,10401.1,10404.0,10401.1,10401.8,91,19,0
2026-03-18 06:00:00,10401.8,10402.8,10401.0,10401.9,75,18,0
2026-03-18 06:05:00,10401.9,10402.8,10401.2,10402.6,56,19,0
2026-03-18 06:10:00,10402.4,10403.8,10402.4,10403.5,21,19,0
2026-03-18 06:15:00,10403.4,10404.6,10402.9,10403.8,47,18,0
2026-03-18 06:20:00,10403.8,10404.3,10403.3,10403.4,54,18,0
2026-03-18 06:25:00,10403.0,10403.0,10400.3,10401.1,215,18,0
2026-03-18 06:30:00,10401.1,10401.9,10399.3,10399.6,55,18,0
2026-03-18 06:35:00,10399.7,10399.9,10398.7,10399.2,52,19,0
2026-03-18 06:40:00,10399.2,10399.2,10397.8,10398.5,40,18,0
2026-03-18 06:45:00,10398.4,10399.9,10398.4,10399.0,30,19,0
2026-03-18 06:50:00,10399.2,10400.7,10399.0,10400.5,72,18,0
2026-03-18 06:55:00,10400.5,10400.5,10397.6,10398.7,61,18,0
2026-03-18 07:00:00,10399.0,10400.2,10397.2,10399.7,108,19,0
2026-03-18 07:05:00,10399.8,10400.4,10398.8,10399.0,79,18,0
2026-03-18 07:10:00,10398.8,10399.5,10398.0,10398.5,63,20,0
2026-03-18 07:15:00,10398.7,10402.6,10398.7,10402.1,65,18,0
2026-03-18 07:20:00,10402.6,10402.9,10400.9,10402.6,91,19,0
2026-03-18 07:25:00,10402.4,10404.5,10401.5,10401.5,79,18,0
2026-03-18 07:30:00,10402.3,10406.2,10402.2,10404.6,97,18,0
2026-03-18 07:35:00,10404.8,10409.8,10404.7,10409.0,135,18,0
2026-03-18 07:40:00,10409.2,10411.8,10408.7,10411.7,113,18,0
2026-03-18 07:45:00,10412.1,10412.1,10410.0,10411.0,105,18,0
2026-03-18 07:50:00,10411.4,10413.3,10411.1,10412.8,79,18,0
2026-03-18 07:55:00,10412.9,10414.3,10412.1,10413.9,78,18,0
2026-03-18 08:00:00,10414.1,10414.7,10410.3,10410.3,79,18,0
2026-03-18 08:05:00,10410.2,10417.3,10410.2,10415.9,110,18,0
2026-03-18 08:10:00,10416.0,10418.7,10415.4,10415.7,147,18,0
2026-03-18 08:15:00,10415.9,10416.9,10413.5,10415.0,107,18,0
2026-03-18 08:20:00,10415.4,10420.4,10415.2,10419.8,134,18,0
2026-03-18 08:25:00,10419.7,10424.6,10419.7,10421.7,183,18,0
2026-03-18 08:30:00,10421.6,10421.8,10418.6,10418.9,162,18,0
2026-03-18 08:35:00,10418.9,10422.2,10418.9,10421.5,126,18,0
2026-03-18 08:40:00,10421.3,10426.9,10421.1,10426.4,95,18,0
2026-03-18 08:45:00,10426.3,10428.2,10425.0,10425.9,92,18,0
2026-03-18 08:50:00,10425.9,10426.1,10424.3,10426.1,60,21,0
2026-03-18 08:55:00,10426.1,10426.8,10425.6,10425.6,92,18,0
2026-03-18 09:00:00,10425.6,10427.3,10420.8,10425.6,249,18,0
2026-03-18 09:05:00,10426.1,10426.8,10418.7,10418.7,156,18,0
2026-03-18 09:10:00,10418.8,10420.1,10416.6,10417.6,140,18,0
2026-03-18 09:15:00,10417.6,10417.7,10411.6,10412.6,179,18,0
2026-03-18 09:20:00,10412.5,10415.2,10411.6,10412.1,125,18,0
2026-03-18 09:25:00,10412.1,10414.6,10411.9,10413.6,99,18,0
2026-03-18 09:30:00,10413.6,10419.2,10412.6,10415.6,124,18,0
2026-03-18 09:35:00,10415.6,10415.6,10408.7,10408.7,133,18,0
2026-03-18 09:40:00,10408.7,10411.0,10408.6,10410.2,161,18,0
2026-03-18 09:45:00,10410.2,10410.7,10406.1,10407.1,171,18,0
2026-03-18 09:50:00,10407.3,10411.7,10403.6,10410.2,157,18,0
2026-03-18 09:55:00,10410.1,10418.7,10405.5,10417.1,219,18,0
2026-03-18 10:00:00,10416.7,10418.3,10406.1,10415.9,709,11,0
2026-03-18 10:05:00,10415.9,10425.4,10414.7,10422.9,509,10,0
2026-03-18 10:10:00,10422.8,10435.4,10422.3,10435.2,475,10,0
2026-03-18 10:15:00,10434.8,10437.9,10429.3,10435.2,530,10,0
2026-03-18 10:20:00,10435.2,10437.4,10425.7,10428.7,511,10,0
2026-03-18 10:25:00,10428.8,10429.4,10420.5,10421.7,493,10,0
2026-03-18 10:30:00,10422.3,10425.9,10415.3,10422.2,544,10,0
2026-03-18 10:35:00,10422.7,10423.9,10411.7,10417.8,498,10,0
2026-03-18 10:40:00,10417.9,10418.7,10408.9,10415.0,443,10,0
2026-03-18 10:45:00,10415.0,10430.8,10414.8,10423.3,518,10,0
2026-03-18 10:50:00,10423.4,10430.4,10422.7,10428.2,416,10,0
2026-03-18 10:55:00,10428.2,10431.2,10426.2,10428.2,349,10,0
2026-03-18 11:00:00,10428.2,10435.9,10425.4,10434.4,408,10,0
2026-03-18 11:05:00,10434.4,10439.9,10432.2,10436.9,424,10,0
2026-03-18 11:10:00,10436.8,10437.7,10425.2,10425.2,450,10,0
2026-03-18 11:15:00,10425.2,10431.4,10422.4,10428.4,386,10,0
2026-03-18 11:20:00,10428.4,10432.9,10427.4,10431.7,352,10,0
2026-03-18 11:25:00,10431.9,10433.8,10427.9,10430.2,354,10,0
2026-03-18 11:30:00,10430.4,10433.9,10427.3,10431.2,326,10,0
2026-03-18 11:35:00,10431.2,10434.9,10430.9,10431.9,350,10,0
2026-03-18 11:40:00,10431.9,10439.1,10429.8,10437.8,280,10,0
2026-03-18 11:45:00,10437.7,10439.9,10432.9,10437.8,220,10,0
2026-03-18 11:50:00,10437.9,10443.1,10437.2,10441.5,307,10,0
2026-03-18 11:55:00,10443.4,10445.8,10439.4,10439.4,268,10,0
2026-03-18 12:00:00,10439.9,10441.2,10436.4,10436.4,329,10,0
2026-03-18 12:05:00,10436.4,10441.7,10435.9,10440.9,219,10,0
2026-03-18 12:10:00,10440.9,10441.4,10427.4,10428.9,255,10,0
2026-03-18 12:15:00,10428.9,10439.4,10426.9,10439.4,332,10,0
2026-03-18 12:20:00,10439.4,10443.4,10436.0,10437.4,235,10,0
2026-03-18 12:25:00,10437.4,10439.4,10431.4,10431.7,274,11,0
2026-03-18 12:30:00,10431.5,10439.9,10430.9,10439.0,320,10,0
2026-03-18 12:35:00,10439.0,10443.3,10437.7,10441.9,228,10,0
2026-03-18 12:40:00,10441.8,10442.4,10438.9,10439.5,246,10,0
2026-03-18 12:45:00,10439.4,10441.2,10434.0,10437.9,242,10,0
2026-03-18 12:50:00,10438.3,10438.9,10431.9,10431.9,216,10,0
2026-03-18 12:55:00,10432.3,10434.9,10428.9,10433.4,238,10,0
2026-03-18 13:00:00,10433.4,10439.9,10431.3,10436.9,317,10,0
2026-03-18 13:05:00,10436.9,10437.9,10433.7,10436.9,247,10,0
2026-03-18 13:10:00,10436.7,10443.3,10436.0,10442.1,257,10,0
2026-03-18 13:15:00,10442.0,10450.4,10441.7,10449.8,261,10,0
2026-03-18 13:20:00,10449.7,10451.4,10446.4,10448.8,382,10,0
2026-03-18 13:25:00,10448.8,10449.4,10423.8,10424.9,696,10,0
2026-03-18 13:30:00,10424.9,10438.9,10421.8,10434.9,610,10,0
2026-03-18 13:35:00,10434.9,10437.9,10429.0,10434.5,540,10,0
2026-03-18 13:40:00,10434.8,10447.9,10432.4,10442.9,537,10,0
2026-03-18 13:45:00,10442.8,10443.4,10432.3,10435.6,511,10,0
2026-03-18 13:50:00,10435.7,10437.4,10431.3,10434.7,452,10,0
2026-03-18 13:55:00,10434.9,10441.4,10433.4,10434.9,548,10,0
2026-03-18 14:00:00,10434.9,10437.4,10416.8,10419.3,572,10,0
2026-03-18 14:05:00,10419.5,10423.2,10413.9,10415.3,546,10,0
2026-03-18 14:10:00,10415.4,10419.2,10403.8,10411.3,559,11,0
2026-03-18 14:15:00,10411.3,10413.4,10388.9,10389.2,657,10,0
2026-03-18 14:20:00,10389.3,10394.8,10382.7,10387.7,682,10,0
2026-03-18 14:25:00,10387.7,10394.4,10384.8,10394.4,373,10,0
2026-03-18 14:30:00,10394.4,10394.4,10373.9,10376.4,664,10,0
2026-03-18 14:35:00,10376.4,10384.9,10376.3,10384.4,501,10,0
2026-03-18 14:40:00,10384.4,10392.4,10358.8,10365.0,708,10,0
2026-03-18 14:45:00,10365.0,10367.8,10352.2,10355.9,792,11,0
2026-03-18 14:50:00,10355.9,10361.4,10349.7,10354.9,771,11,0
2026-03-18 14:55:00,10355.4,10364.7,10350.8,10351.7,735,10,0
2026-03-18 15:00:00,10351.8,10354.4,10339.9,10346.5,803,10,0
2026-03-18 15:05:00,10346.4,10348.5,10338.2,10338.8,681,10,0
2026-03-18 15:10:00,10338.8,10340.9,10330.5,10330.7,601,10,0
2026-03-18 15:15:00,10330.9,10339.4,10321.4,10333.4,629,10,0
2026-03-18 15:20:00,10333.2,10342.4,10332.7,10339.9,548,11,0
2026-03-18 15:25:00,10339.9,10351.9,10339.4,10344.8,599,10,0
2026-03-18 15:30:00,10344.8,10351.8,10336.4,10339.4,746,10,0
2026-03-18 15:35:00,10339.7,10343.3,10332.0,10335.9,800,10,0
2026-03-18 15:40:00,10335.7,10339.9,10322.7,10327.3,737,10,0
2026-03-18 15:45:00,10326.2,10338.9,10322.9,10325.4,749,10,0
2026-03-18 15:50:00,10325.9,10328.8,10316.9,10319.9,730,10,0
2026-03-18 15:55:00,10319.9,10325.3,10314.4,10324.3,548,11,0
2026-03-18 16:00:00,10324.3,10327.4,10314.4,10319.9,697,10,0
2026-03-18 16:05:00,10320.0,10338.7,10319.4,10336.0,681,10,0
2026-03-18 16:10:00,10336.0,10336.9,10323.4,10325.4,674,10,0
2026-03-18 16:15:00,10325.2,10330.4,10323.4,10326.7,568,10,0
2026-03-18 16:20:00,10326.9,10331.5,10323.9,10326.4,628,10,0
2026-03-18 16:25:00,10326.9,10327.9,10311.7,10311.9,605,10,0
2026-03-18 16:30:00,10311.8,10315.4,10301.9,10302.3,553,10,0
2026-03-18 16:35:00,10302.3,10303.9,10291.4,10291.4,590,10,0
2026-03-18 16:40:00,10291.4,10294.9,10287.3,10292.4,568,10,0
2026-03-18 16:45:00,10292.3,10297.9,10283.9,10285.4,486,10,0
2026-03-18 16:50:00,10285.9,10288.4,10279.2,10281.9,519,10,0
2026-03-18 16:55:00,10281.9,10299.9,10281.8,10299.9,603,10,0
2026-03-18 17:00:00,10299.9,10311.4,10299.9,10307.4,563,10,0
2026-03-18 17:05:00,10307.9,10324.3,10307.4,10322.4,521,10,0
2026-03-18 17:10:00,10321.9,10322.4,10309.9,10313.2,538,10,0
2026-03-18 17:15:00,10313.4,10318.3,10303.5,10304.4,594,10,0
2026-03-18 17:20:00,10304.4,10307.4,10292.7,10303.4,591,10,0
2026-03-18 17:25:00,10303.4,10309.4,10302.4,10303.9,469,10,0
2026-03-18 17:30:00,10303.9,10309.4,10298.4,10303.9,540,10,0
2026-03-18 17:35:00,10303.8,10308.9,10300.4,10305.7,490,10,0
2026-03-18 17:40:00,10305.7,10306.9,10291.9,10295.9,481,10,0
2026-03-18 17:45:00,10295.9,10297.9,10286.9,10288.9,529,10,0
2026-03-18 17:50:00,10287.9,10292.5,10283.9,10288.2,505,10,0
2026-03-18 17:55:00,10288.2,10294.4,10284.7,10290.9,609,10,0
2026-03-18 18:00:00,10291.3,10291.3,10278.9,10282.4,572,10,0
2026-03-18 18:05:00,10282.4,10287.9,10280.8,10280.9,524,10,0
2026-03-18 18:10:00,10280.9,10293.5,10280.9,10290.9,489,10,0
2026-03-18 18:15:00,10290.9,10298.4,10285.2,10297.9,499,10,0
2026-03-18 18:20:00,10297.9,10306.4,10297.9,10306.4,438,10,0
2026-03-18 18:25:00,10306.4,10307.2,10296.9,10301.8,453,10,0
2026-03-18 18:30:00,10302.1,10313.1,10300.8,10310.2,611,18,0
2026-03-18 18:35:00,10309.1,10309.6,10299.6,10309.1,482,18,0
2026-03-18 18:40:00,10309.1,10310.1,10299.9,10300.7,402,18,0
2026-03-18 18:45:00,10300.6,10303.6,10298.0,10302.0,337,18,0
2026-03-18 18:50:00,10302.0,10308.2,10295.9,10306.2,395,18,0
2026-03-18 18:55:00,10306.6,10309.7,10304.1,10304.6,319,18,0
2026-03-18 19:00:00,10304.4,10306.9,10300.1,10301.6,404,18,0
2026-03-18 19:05:00,10301.9,10302.1,10292.6,10293.7,395,18,0
2026-03-18 19:10:00,10293.7,10295.1,10285.6,10288.6,342,18,0
2026-03-18 19:15:00,10288.6,10296.3,10286.9,10295.8,422,18,0
2026-03-18 19:20:00,10295.8,10298.1,10293.5,10295.8,349,18,0
2026-03-18 19:25:00,10295.8,10295.8,10290.6,10292.1,355,18,0
2026-03-18 19:30:00,10292.1,10292.8,10285.3,10291.8,456,18,0
2026-03-18 19:35:00,10292.1,10297.2,10292.1,10294.7,376,18,0
2026-03-18 19:40:00,10294.7,10296.6,10288.0,10290.1,412,18,0
2026-03-18 19:45:00,10290.1,10298.7,10289.6,10291.1,496,18,0
2026-03-18 19:50:00,10290.5,10291.3,10285.6,10290.5,403,18,0
2026-03-18 19:55:00,10290.4,10290.8,10285.4,10290.0,337,18,0
2026-03-18 20:00:00,10289.7,10294.7,10281.8,10287.5,642,18,0
2026-03-18 20:05:00,10287.6,10288.2,10280.7,10281.5,494,18,0
2026-03-18 20:10:00,10281.5,10286.0,10280.6,10283.8,485,18,0
2026-03-18 20:15:00,10283.6,10284.3,10274.1,10276.5,618,18,0
2026-03-18 20:20:00,10276.6,10278.9,10274.6,10278.7,438,18,0
2026-03-18 20:25:00,10278.9,10280.2,10275.3,10280.1,484,18,0
2026-03-18 20:30:00,10279.9,10283.2,10268.1,10268.5,634,18,0
2026-03-18 20:35:00,10268.2,10284.9,10268.2,10269.5,708,18,0
2026-03-18 20:40:00,10269.5,10274.9,10265.8,10270.9,708,18,0
2026-03-18 20:45:00,10271.2,10274.7,10266.1,10269.8,534,18,0
2026-03-18 20:50:00,10269.8,10270.6,10259.8,10261.7,549,18,0
2026-03-18 20:55:00,10261.7,10265.2,10259.7,10260.4,563,18,0
2026-03-18 21:00:00,10260.4,10265.7,10259.1,10265.6,529,18,0
2026-03-18 21:05:00,10265.3,10269.8,10263.3,10266.7,494,18,0
2026-03-18 21:10:00,10266.3,10266.3,10260.2,10262.1,445,18,0
2026-03-18 21:15:00,10262.2,10262.7,10257.7,10257.7,380,18,0
2026-03-18 21:20:00,10257.6,10260.2,10252.1,10252.2,415,18,0
2026-03-18 21:25:00,10252.2,10254.0,10249.6,10252.2,432,18,0
2026-03-18 21:30:00,10251.8,10254.3,10249.1,10250.6,480,18,0
2026-03-18 21:35:00,10250.6,10250.8,10241.9,10242.4,419,18,0
2026-03-18 21:40:00,10242.6,10242.8,10237.6,10241.5,407,18,0
2026-03-18 21:45:00,10241.5,10243.8,10238.0,10242.2,352,18,0
2026-03-18 21:50:00,10242.1,10249.2,10242.1,10247.6,404,18,0
2026-03-18 21:55:00,10247.4,10247.4,10235.3,10246.9,503,18,0
2026-03-18 22:00:00,10246.8,10247.2,10240.4,10244.3,327,18,0
2026-03-18 22:05:00,10244.5,10245.2,10237.5,10237.8,238,18,0
2026-03-18 22:10:00,10237.8,10238.5,10233.1,10233.1,282,18,0
2026-03-18 22:15:00,10233.1,10233.2,10229.7,10229.8,229,18,0
2026-03-18 22:20:00,10229.8,10230.8,10229.0,10229.6,174,18,0
2026-03-18 22:25:00,10229.6,10230.3,10222.9,10223.9,290,18,0
2026-03-18 22:30:00,10224.2,10224.2,10219.7,10222.3,203,18,0
2026-03-18 22:35:00,10222.8,10228.2,10222.8,10227.9,134,18,0
2026-03-18 22:40:00,10228.2,10231.6,10227.9,10230.6,93,18,0
2026-03-18 22:45:00,10230.5,10232.0,10229.4,10229.4,108,18,0
2026-03-18 22:50:00,10230.2,10230.7,10227.8,10229.0,96,18,0
2026-03-18 22:55:00,10229.1,10229.6,10225.6,10226.6,137,18,0
2026-03-19 03:00:00,10210.6,10224.4,10210.6,10215.3,223,23,0
2026-03-19 03:05:00,10215.1,10218.4,10204.8,10215.8,214,22,0
2026-03-19 03:10:00,10216.9,10217.3,10206.8,10210.1,188,18,0
2026-03-19 03:15:00,10207.1,10218.1,10207.1,10215.3,131,24,0
2026-03-19 03:20:00,10215.9,10221.5,10214.4,10221.5,180,29,0
2026-03-19 03:25:00,10221.3,10226.4,10221.1,10225.6,86,19,0
2026-03-19 03:30:00,10225.6,10228.6,10222.9,10227.9,167,18,0
2026-03-19 03:35:00,10227.9,10235.5,10226.3,10230.4,130,18,0
2026-03-19 03:40:00,10230.9,10233.3,10224.7,10227.4,227,18,0
2026-03-19 03:45:00,10227.2,10230.0,10224.6,10227.9,147,18,0
2026-03-19 03:50:00,10228.8,10231.9,10225.2,10230.6,153,20,0
2026-03-19 03:55:00,10231.9,10237.3,10225.3,10227.3,208,18,0
2026-03-19 04:00:00,10227.7,10229.2,10214.4,10225.2,366,19,0
2026-03-19 04:05:00,10225.2,10237.9,10224.2,10235.9,316,18,0
2026-03-19 04:10:00,10236.4,10240.9,10234.9,10235.4,258,22,0
2026-03-19 04:15:00,10235.5,10239.4,10232.8,10237.1,238,18,0
2026-03-19 04:20:00,10237.4,10243.4,10235.5,10239.9,162,19,0
2026-03-19 04:25:00,10239.9,10243.9,10239.9,10242.8,98,18,0
2026-03-19 04:30:00,10243.4,10253.7,10242.3,10248.1,165,18,0
2026-03-19 04:35:00,10248.4,10249.9,10246.2,10246.5,133,18,0
2026-03-19 04:40:00,10246.3,10249.3,10244.9,10246.3,177,18,0
2026-03-19 04:45:00,10246.5,10247.1,10236.4,10237.0,227,21,0
2026-03-19 04:50:00,10237.4,10241.0,10232.4,10237.2,210,19,0
2026-03-19 04:55:00,10236.8,10238.6,10235.5,10237.3,177,20,0
2026-03-19 05:00:00,10236.9,10239.6,10235.5,10237.2,184,20,0
2026-03-19 05:05:00,10237.1,10238.2,10232.8,10236.6,109,19,0
2026-03-19 05:10:00,10237.0,10239.9,10237.0,10238.9,141,20,0
2026-03-19 05:15:00,10238.9,10240.6,10235.2,10235.8,138,20,0
2026-03-19 05:20:00,10235.9,10239.1,10235.9,10236.7,99,19,0
2026-03-19 05:25:00,10236.4,10238.4,10234.8,10235.5,139,21,0
2026-03-19 05:30:00,10236.2,10236.8,10230.5,10236.1,218,18,0
2026-03-19 05:35:00,10236.1,10239.8,10234.1,10238.4,184,24,0
2026-03-19 05:40:00,10238.6,10239.6,10236.5,10238.1,98,23,0
2026-03-19 05:45:00,10238.8,10242.7,10238.3,10238.3,114,19,0
2026-03-19 05:50:00,10237.8,10240.1,10235.6,10236.9,162,20,0
2026-03-19 05:55:00,10237.8,10238.6,10227.5,10228.0,214,27,0
2026-03-19 06:00:00,10228.0,10228.4,10221.7,10222.6,179,20,0
2026-03-19 06:05:00,10222.4,10223.8,10209.4,10209.7,197,22,0
2026-03-19 06:10:00,10210.3,10212.9,10208.8,10210.8,162,22,0
2026-03-19 06:15:00,10211.4,10212.9,10205.6,10206.2,186,27,0
2026-03-19 06:20:00,10207.4,10209.2,10203.3,10204.6,170,22,0
2026-03-19 06:25:00,10204.6,10210.9,10202.5,10208.0,139,19,0
2026-03-19 06:30:00,10207.7,10209.0,10206.1,10207.4,100,19,0
2026-03-19 06:35:00,10208.7,10209.0,10200.7,10205.1,177,18,0
2026-03-19 06:40:00,10205.4,10205.4,10196.1,10197.1,147,18,0
2026-03-19 06:45:00,10197.6,10197.9,10188.5,10190.0,160,18,0
2026-03-19 06:50:00,10189.8,10193.4,10189.8,10191.1,166,19,0
2026-03-19 06:55:00,10192.2,10197.7,10191.9,10196.4,122,18,0
2026-03-19 07:00:00,10195.8,10200.1,10194.8,10198.7,125,22,0
2026-03-19 07:05:00,10198.7,10199.5,10193.6,10196.1,149,25,0
2026-03-19 07:10:00,10196.2,10197.7,10189.0,10194.1,161,18,0
2026-03-19 07:15:00,10195.2,10199.0,10193.9,10198.4,188,19,0
2026-03-19 07:20:00,10198.7,10199.9,10194.2,10198.0,157,19,0
2026-03-19 07:25:00,10198.0,10198.9,10192.3,10192.7,173,19,0
2026-03-19 07:30:00,10192.7,10193.2,10187.6,10188.6,164,21,0
2026-03-19 07:35:00,10188.6,10191.5,10184.7,10184.7,136,18,0
2026-03-19 07:40:00,10185.2,10189.1,10176.4,10177.7,213,18,0
2026-03-19 07:45:00,10177.6,10185.7,10177.6,10179.2,216,18,0
2026-03-19 07:50:00,10180.6,10186.1,10177.9,10184.4,212,22,0
2026-03-19 07:55:00,10184.6,10187.4,10181.6,10181.6,180,18,0
2026-03-19 08:00:00,10181.4,10190.5,10181.4,10189.0,240,18,0
2026-03-19 08:05:00,10189.0,10193.9,10188.6,10188.6,187,19,0
2026-03-19 08:10:00,10189.4,10191.8,10186.7,10189.6,158,18,0
2026-03-19 08:15:00,10188.9,10202.6,10188.9,10196.8,189,21,0
2026-03-19 08:20:00,10196.6,10200.9,10194.3,10196.9,179,21,0
2026-03-19 08:25:00,10197.0,10197.9,10188.0,10188.7,190,23,0
2026-03-19 08:30:00,10188.5,10194.5,10184.2,10189.8,220,25,0
2026-03-19 08:35:00,10189.7,10191.7,10183.6,10190.9,213,21,0
2026-03-19 08:40:00,10191.0,10195.3,10190.2,10193.5,230,20,0
2026-03-19 08:45:00,10193.3,10194.4,10188.6,10190.8,150,19,0
2026-03-19 08:50:00,10193.2,10193.2,10183.9,10183.9,253,19,0
2026-03-19 08:55:00,10184.2,10193.7,10183.9,10191.0,214,19,0
2026-03-19 09:00:00,10191.3,10199.5,10171.4,10179.5,354,18,0
2026-03-19 09:05:00,10180.7,10186.6,10174.8,10183.0,354,18,0
2026-03-19 09:10:00,10183.0,10185.5,10174.0,10181.7,403,18,0
2026-03-19 09:15:00,10181.3,10204.4,10181.3,10200.7,416,18,0
2026-03-19 09:20:00,10200.9,10204.3,10195.9,10203.1,415,18,0
2026-03-19 09:25:00,10203.1,10204.1,10193.1,10194.3,404,18,0
2026-03-19 09:30:00,10194.3,10195.2,10176.9,10179.1,445,18,0
2026-03-19 09:35:00,10179.1,10182.1,10171.7,10176.7,473,18,0
2026-03-19 09:40:00,10176.6,10178.7,10163.5,10167.6,459,18,0
2026-03-19 09:45:00,10167.6,10175.5,10166.1,10172.8,447,18,0
2026-03-19 09:50:00,10172.6,10175.7,10170.0,10170.1,385,18,0
2026-03-19 09:55:00,10170.1,10178.0,10160.1,10172.3,508,18,0
2026-03-19 10:00:00,10173.3,10186.5,10162.7,10167.5,937,12,0
2026-03-19 10:05:00,10167.0,10180.4,10159.0,10180.1,872,10,0
2026-03-19 10:10:00,10180.1,10187.5,10168.7,10181.6,805,10,0
2026-03-19 10:15:00,10181.6,10184.9,10168.5,10175.9,778,10,0
2026-03-19 10:20:00,10176.3,10183.4,10169.4,10174.4,745,10,0
2026-03-19 10:25:00,10174.4,10174.7,10138.3,10140.0,711,10,0
2026-03-19 10:30:00,10140.0,10147.9,10130.1,10133.2,815,10,0
2026-03-19 10:35:00,10133.2,10140.7,10129.2,10131.9,734,10,0
2026-03-19 10:40:00,10132.0,10139.7,10115.7,10116.7,784,10,0
2026-03-19 10:45:00,10116.7,10128.4,10116.6,10125.2,750,10,0
2026-03-19 10:50:00,10125.7,10137.9,10113.0,10128.3,788,10,0
2026-03-19 10:55:00,10128.0,10131.0,10115.8,10121.0,782,10,0
2026-03-19 11:00:00,10121.4,10136.2,10121.0,10133.2,740,10,0
2026-03-19 11:05:00,10133.2,10136.0,10127.2,10128.8,718,10,0
2026-03-19 11:10:00,10128.8,10134.0,10122.8,10133.4,767,10,0
2026-03-19 11:15:00,10133.2,10137.9,10123.5,10130.5,812,11,0
2026-03-19 11:20:00,10130.4,10142.9,10125.2,10126.2,741,10,0
2026-03-19 11:25:00,10125.6,10128.1,10098.6,10106.3,914,11,0
2026-03-19 11:30:00,10106.1,10126.5,10103.6,10109.1,860,11,0
2026-03-19 11:35:00,10108.3,10114.1,10094.8,10108.0,808,11,0
2026-03-19 11:40:00,10108.0,10118.3,10105.6,10107.3,790,11,0
2026-03-19 11:45:00,10107.4,10131.8,10105.0,10131.7,757,10,0
2026-03-19 11:50:00,10132.0,10142.7,10129.5,10136.5,762,11,0
2026-03-19 11:55:00,10136.9,10147.4,10134.7,10140.9,757,11,0
2026-03-19 12:00:00,10140.5,10140.9,10122.3,10124.4,676,11,0
2026-03-19 12:05:00,10124.3,10124.4,10113.5,10113.7,628,10,0
2026-03-19 12:10:00,10114.0,10123.4,10110.6,10110.8,592,10,0
2026-03-19 12:15:00,10111.9,10116.4,10105.6,10113.0,602,10,0
2026-03-19 12:20:00,10113.6,10114.4,10102.0,10104.2,576,10,0
2026-03-19 12:25:00,10104.4,10113.9,10103.7,10110.2,587,10,0
2026-03-19 12:30:00,10110.1,10117.4,10109.0,10116.8,617,10,0
2026-03-19 12:35:00,10116.8,10118.4,10105.9,10107.4,629,10,0
2026-03-19 12:40:00,10107.0,10107.9,10098.4,10103.0,568,10,0
2026-03-19 12:45:00,10102.3,10106.9,10100.3,10103.9,567,10,0
2026-03-19 12:50:00,10104.1,10108.4,10095.4,10096.9,538,10,0
2026-03-19 12:55:00,10096.9,10099.2,10093.7,10098.8,453,10,0
2026-03-19 13:00:00,10100.4,10109.4,10096.3,10097.5,629,10,0
2026-03-19 13:05:00,10097.5,10099.4,10088.9,10090.9,643,10,0
2026-03-19 13:10:00,10090.9,10101.9,10089.5,10094.0,651,10,0
2026-03-19 13:15:00,10093.6,10095.9,10083.5,10087.5,667,10,0
2026-03-19 13:20:00,10087.7,10088.7,10076.0,10078.9,551,10,0
2026-03-19 13:25:00,10078.9,10090.2,10076.0,10089.4,519,10,0
2026-03-19 13:30:00,10089.1,10095.3,10084.8,10086.9,563,10,0
2026-03-19 13:35:00,10086.9,10087.3,10075.6,10076.3,563,10,0
2026-03-19 13:40:00,10076.2,10079.9,10072.7,10074.2,610,10,0
2026-03-19 13:45:00,10074.2,10078.0,10067.8,10070.6,577,10,0
2026-03-19 13:50:00,10070.8,10089.4,10068.3,10085.0,628,10,0
2026-03-19 13:55:00,10085.0,10086.1,10079.3,10082.3,432,10,0
2026-03-19 14:00:00,10081.8,10082.2,10040.8,10046.6,737,12,0
2026-03-19 14:05:00,10047.0,10071.4,10045.6,10058.0,772,10,0
2026-03-19 14:10:00,10058.0,10059.9,10045.1,10048.3,762,11,0
2026-03-19 14:15:00,10048.3,10049.9,10037.3,10038.4,761,10,0
2026-03-19 14:20:00,10038.4,10041.1,10031.2,10032.0,682,10,0
2026-03-19 14:25:00,10032.1,10035.5,10016.1,10019.4,498,10,0
2026-03-19 14:30:00,10019.4,10026.7,10013.2,10019.9,789,10,0
2026-03-19 14:35:00,10020.5,10028.5,10015.1,10015.5,734,10,0
2026-03-19 14:40:00,10015.5,10030.4,10014.4,10026.2,676,10,0
2026-03-19 14:45:00,10026.4,10027.1,10009.3,10014.2,765,10,0
2026-03-19 14:50:00,10014.5,10016.5,10005.0,10013.9,656,10,0
2026-03-19 14:55:00,10013.9,10021.5,10010.1,10015.9,696,10,0
2026-03-19 15:00:00,10015.7,10019.0,10000.3,10001.3,756,10,0
2026-03-19 15:05:00,10001.4,10003.5,9994.4,10000.4,660,10,0
2026-03-19 15:10:00,10000.8,10005.4,9998.1,9999.4,464,10,0
2026-03-19 15:15:00,9999.4,10026.9,9991.8,10025.4,710,10,0
2026-03-19 15:20:00,10025.3,10033.2,10000.8,10006.2,801,10,0
2026-03-19 15:25:00,10006.4,10008.9,9998.7,10006.9,772,10,0
2026-03-19 15:30:00,10008.0,10046.9,10006.8,10044.0,940,10,0
2026-03-19 15:35:00,10044.4,10057.4,10035.5,10043.1,871,10,0
2026-03-19 15:40:00,10042.2,10050.9,10031.0,10042.4,921,10,0
2026-03-19 15:45:00,10041.8,10043.9,10030.3,10041.4,967,10,0
2026-03-19 15:50:00,10041.4,10059.4,10040.8,10058.9,824,10,0
2026-03-19 15:55:00,10058.3,10065.9,10052.1,10065.9,728,10,0
2026-03-19 16:00:00,10065.9,10072.2,10054.5,10054.8,829,10,0
2026-03-19 16:05:00,10054.8,10062.9,10053.5,10056.7,850,10,0
2026-03-19 16:10:00,10057.0,10068.4,10052.3,10059.9,853,11,0
2026-03-19 16:15:00,10059.4,10062.4,10042.8,10048.9,844,10,0
2026-03-19 16:20:00,10049.0,10053.4,10034.9,10041.1,807,10,0
2026-03-19 16:25:00,10041.1,10043.0,10031.5,10035.7,787,10,0
2026-03-19 16:30:00,10035.7,10056.5,10033.9,10056.4,832,10,0
2026-03-19 16:35:00,10056.4,10066.0,10052.0,10054.3,789,10,0
2026-03-19 16:40:00,10054.3,10065.2,10053.0,10061.5,755,10,0
2026-03-19 16:45:00,10061.5,10063.9,10051.5,10058.9,765,10,0
2026-03-19 16:50:00,10059.4,10061.0,10047.1,10050.6,761,10,0
2026-03-19 16:55:00,10050.9,10050.9,10036.3,10038.0,759,10,0
2026-03-19 17:00:00,10037.9,10051.6,10036.7,10051.3,752,10,0
2026-03-19 17:05:00,10051.5,10064.9,10049.7,10052.9,732,10,0
2026-03-19 17:10:00,10052.3,10059.7,10043.7,10057.9,779,10,0
2026-03-19 17:15:00,10057.9,10074.8,10056.0,10062.2,647,10,0
2026-03-19 17:20:00,10062.4,10063.4,10046.5,10049.0,747,10,0
2026-03-19 17:25:00,10049.4,10049.5,10035.9,10045.8,761,10,0
2026-03-19 17:30:00,10045.8,10046.4,10026.9,10027.2,737,10,0
2026-03-19 17:35:00,10026.7,10038.9,10026.0,10038.2,691,10,0
2026-03-19 17:40:00,10038.2,10050.3,10033.5,10040.9,696,10,0
2026-03-19 17:45:00,10040.9,10059.0,10035.4,10057.6,769,10,0
2026-03-19 17:50:00,10057.6,10063.0,10053.0,10053.9,745,10,0
2026-03-19 17:55:00,10053.9,10062.5,10049.4,10057.1,745,10,0
2026-03-19 18:00:00,10057.2,10071.2,10048.5,10063.4,745,10,0
2026-03-19 18:05:00,10063.3,10076.3,10060.9,10068.2,709,10,0
2026-03-19 18:10:00,10067.9,10068.3,10052.2,10057.4,807,10,0
2026-03-19 18:15:00,10057.4,10064.3,10052.0,10059.8,698,10,0
2026-03-19 18:20:00,10060.0,10062.6,10052.2,10056.3,654,10,0
2026-03-19 18:25:00,10055.8,10057.4,10042.0,10045.0,603,10,0
2026-03-19 18:30:00,10046.0,10061.1,10032.0,10059.7,905,10,0
2026-03-19 18:35:00,10059.0,10063.9,10049.9,10061.4,758,18,0
2026-03-19 18:40:00,10060.9,10069.4,10058.0,10068.5,770,18,0
2026-03-19 18:45:00,10068.2,10068.2,10042.2,10044.9,747,18,0
2026-03-19 18:50:00,10044.6,10044.6,10023.1,10037.0,761,18,0
2026-03-19 18:55:00,10036.9,10044.0,10031.8,10040.2,578,18,0
2026-03-19 19:00:00,10040.2,10041.6,10020.8,10020.8,500,18,0
2026-03-19 19:05:00,10019.9,10023.7,10011.3,10012.6,530,18,0
2026-03-19 19:10:00,10012.7,10016.3,10005.7,10008.3,497,18,0
2026-03-19 19:15:00,10008.1,10016.3,10002.7,10015.7,507,18,0
2026-03-19 19:20:00,10015.2,10026.5,10011.7,10023.6,548,18,0
2026-03-19 19:25:00,10023.5,10030.2,10022.1,10026.4,549,18,0
2026-03-19 19:30:00,10026.7,10032.1,10024.2,10025.1,602,18,0
2026-03-19 19:35:00,10025.1,10032.2,10021.1,10021.1,551,18,0
2026-03-19 19:40:00,10021.6,10022.8,10012.1,10013.1,452,18,0
2026-03-19 19:45:00,10013.1,10017.6,10012.7,10015.1,505,18,0
2026-03-19 19:50:00,10015.2,10025.7,10014.1,10021.9,533,18,0
2026-03-19 19:55:00,10021.9,10022.2,10011.2,10011.6,348,18,0
2026-03-19 20:00:00,10011.6,10014.2,10006.6,10010.9,437,18,0
2026-03-19 20:05:00,10010.7,10014.2,10007.2,10010.4,418,18,0
2026-03-19 20:10:00,10011.0,10021.1,10011.0,10018.0,384,18,0
2026-03-19 20:15:00,10018.0,10022.4,10013.0,10015.4,385,18,0
2026-03-19 20:20:00,10015.5,10016.7,10011.1,10011.5,353,18,0
2026-03-19 20:25:00,10011.5,10012.3,10000.7,10002.5,314,18,0
2026-03-19 20:30:00,10002.6,10002.8,9998.5,10002.6,329,18,0
2026-03-19 20:35:00,10002.6,10004.7,9998.0,10002.6,282,18,0
2026-03-19 20:40:00,10002.6,10002.6,9997.6,10000.6,320,18,0
2026-03-19 20:45:00,10000.5,10003.7,9997.4,10001.7,290,18,0
2026-03-19 20:50:00,10001.6,10007.1,9998.5,10007.1,286,18,0
2026-03-19 20:55:00,10007.1,10027.0,10004.2,10023.0,453,18,0
2026-03-19 21:00:00,10023.4,10058.4,10023.1,10054.5,726,18,0
2026-03-19 21:05:00,10054.4,10086.2,10053.3,10078.2,854,18,0
2026-03-19 21:10:00,10078.2,10080.7,10050.5,10070.5,909,18,0
2026-03-19 21:15:00,10070.1,10081.7,10065.8,10072.1,796,18,0
2026-03-19 21:20:00,10072.0,10072.8,10051.3,10055.5,749,18,0
2026-03-19 21:25:00,10055.1,10056.1,10044.1,10055.0,614,18,0
2026-03-19 21:30:00,10053.8,10054.1,10044.2,10046.5,701,18,0
2026-03-19 21:35:00,10046.6,10051.6,10037.0,10051.4,552,18,0
2026-03-19 21:40:00,10051.3,10055.3,10047.0,10055.1,586,18,0
2026-03-19 21:45:00,10055.1,10056.3,10044.1,10045.8,523,18,0
2026-03-19 21:50:00,10046.0,10053.6,10043.9,10044.6,537,18,0
2026-03-19 21:55:00,10045.7,10049.7,10037.5,10048.6,475,18,0
2026-03-19 22:00:00,10048.6,10052.4,10044.3,10051.5,220,18,0
2026-03-19 22:05:00,10051.7,10062.1,10051.7,10059.5,180,18,0
2026-03-19 22:10:00,10059.9,10064.5,10059.5,10064.5,173,18,0
2026-03-19 22:15:00,10064.4,10065.4,10061.2,10062.1,105,18,0
2026-03-19 22:20:00,10061.8,10064.4,10061.3,10062.4,73,18,0
2026-03-19 22:25:00,10062.4,10064.4,10062.0,10062.0,81,18,0
2026-03-19 22:30:00,10061.6,10064.4,10058.7,10058.8,69,18,0
2026-03-19 22:35:00,10059.2,10061.6,10056.9,10061.1,74,18,0
2026-03-19 22:40:00,10061.1,10063.2,10059.5,10062.6,83,18,0
2026-03-19 22:45:00,10062.2,10068.8,10062.1,10066.2,113,18,0
2026-03-19 22:50:00,10067.4,10072.4,10066.5,10068.5,125,18,0
2026-03-19 22:55:00,10068.8,10070.0,10066.0,10066.2,79,18,0
2026-03-20 03:00:00,10060.5,10068.1,10056.5,10066.8,387,18,0
2026-03-20 03:05:00,10065.6,10066.5,10060.9,10062.4,282,18,0
2026-03-20 03:10:00,10062.4,10066.0,10060.0,10063.7,209,18,0
2026-03-20 03:15:00,10063.7,10069.2,10062.1,10065.4,285,18,0
2026-03-20 03:20:00,10065.3,10066.3,10057.1,10064.5,216,21,0
2026-03-20 03:25:00,10064.3,10072.5,10063.2,10072.4,167,18,0
2026-03-20 03:30:00,10072.3,10078.4,10071.7,10077.1,264,18,0
2026-03-20 03:35:00,10077.1,10085.5,10075.3,10082.9,236,18,0
2026-03-20 03:40:00,10082.9,10086.5,10080.7,10086.5,159,19,0
2026-03-20 03:45:00,10086.5,10091.4,10083.0,10083.8,156,18,0
2026-03-20 03:50:00,10083.7,10083.7,10074.5,10074.7,187,18,0
2026-03-20 03:55:00,10074.7,10074.8,10064.8,10070.5,220,18,0
2026-03-20 04:00:00,10070.7,10071.9,10064.3,10065.0,207,18,0
2026-03-20 04:05:00,10065.0,10072.3,10064.7,10069.3,196,18,0
2026-03-20 04:10:00,10068.7,10071.1,10068.3,10069.9,139,19,0
2026-03-20 04:15:00,10070.2,10073.1,10068.5,10071.6,136,18,0
2026-03-20 04:20:00,10071.6,10075.4,10070.3,10070.6,155,18,0
2026-03-20 04:25:00,10070.2,10071.5,10069.0,10069.4,106,19,0
2026-03-20 04:30:00,10069.4,10069.5,10064.0,10068.3,155,18,0
2026-03-20 04:35:00,10068.3,10071.3,10065.0,10066.4,182,18,0
2026-03-20 04:40:00,10065.9,10073.4,10065.9,10069.7,178,18,0
2026-03-20 04:45:00,10070.0,10071.3,10069.3,10070.3,121,18,0
2026-03-20 04:50:00,10070.3,10072.8,10069.6,10069.6,91,19,0
2026-03-20 04:55:00,10069.6,10070.3,10063.6,10064.6,123,18,0
2026-03-20 05:00:00,10064.6,10065.5,10060.2,10061.2,169,19,0
2026-03-20 05:05:00,10061.2,10063.4,10060.5,10060.8,163,19,0
2026-03-20 05:10:00,10061.0,10064.8,10061.0,10064.6,106,19,0
2026-03-20 05:15:00,10064.6,10068.0,10064.6,10066.1,94,18,0
2026-03-20 05:20:00,10066.1,10069.2,10066.1,10068.0,101,18,0
2026-03-20 05:25:00,10067.8,10067.8,10060.8,10063.2,162,20,0
2026-03-20 05:30:00,10063.2,10069.0,10063.2,10067.8,152,19,0
2026-03-20 05:35:00,10067.6,10067.9,10059.4,10060.1,116,18,0
2026-03-20 05:40:00,10060.1,10062.1,10058.7,10058.7,101,18,0
2026-03-20 05:45:00,10058.7,10062.7,10058.7,10061.8,200,20,0
2026-03-20 05:50:00,10061.8,10062.5,10057.9,10058.6,99,20,0
2026-03-20 05:55:00,10058.6,10063.8,10058.2,10063.6,94,18,0
2026-03-20 06:00:00,10063.8,10068.2,10062.6,10067.6,122,18,0
2026-03-20 06:05:00,10067.7,10067.7,10062.6,10062.7,55,19,0
2026-03-20 06:10:00,10062.7,10062.7,10060.5,10060.8,96,18,0
2026-03-20 06:15:00,10060.7,10061.3,10056.0,10057.3,86,18,0
2026-03-20 06:20:00,10056.1,10057.7,10053.5,10054.3,84,18,0
2026-03-20 06:25:00,10054.5,10057.0,10053.6,10056.9,96,18,0
2026-03-20 06:30:00,10057.1,10058.5,10056.2,10057.5,103,19,0
2026-03-20 06:35:00,10057.5,10058.6,10056.5,10056.9,62,21,0
2026-03-20 06:40:00,10056.5,10057.0,10053.6,10053.6,56,19,0
2026-03-20 06:45:00,10053.6,10055.4,10051.3,10054.9,130,19,0
2026-03-20 06:50:00,10054.8,10054.8,10052.9,10053.4,67,19,0
2026-03-20 06:55:00,10053.5,10055.4,10052.9,10054.0,99,18,0
2026-03-20 07:00:00,10054.0,10054.0,10046.6,10049.3,186,18,0
2026-03-20 07:05:00,10049.4,10051.1,10048.3,10049.3,208,18,0
2026-03-20 07:10:00,10049.4,10052.3,10046.3,10051.5,234,18,0
2026-03-20 07:15:00,10051.4,10054.3,10051.1,10053.8,232,18,0
2026-03-20 07:20:00,10053.9,10057.2,10052.1,10055.6,136,20,0
2026-03-20 07:25:00,10055.5,10064.0,10055.4,10062.1,125,18,0
2026-03-20 07:30:00,10062.3,10064.3,10058.5,10061.3,179,18,0
2026-03-20 07:35:00,10061.1,10061.5,10059.2,10060.4,134,18,0
2026-03-20 07:40:00,10060.0,10065.1,10059.9,10062.3,121,18,0
2026-03-20 07:45:00,10062.7,10065.8,10061.4,10063.1,128,18,0
2026-03-20 07:50:00,10063.7,10063.7,10060.9,10061.3,129,18,0
2026-03-20 07:55:00,10061.4,10064.0,10061.3,10063.3,100,19,0
2026-03-20 08:00:00,10063.3,10070.3,10061.3,10067.7,124,18,0
2026-03-20 08:05:00,10067.9,10072.3,10067.8,10068.3,104,18,0
2026-03-20 08:10:00,10068.1,10068.4,10061.0,10065.6,140,18,0
2026-03-20 08:15:00,10065.7,10065.7,10060.2,10061.9,149,18,0
2026-03-20 08:20:00,10062.7,10062.9,10058.8,10060.9,154,18,0
2026-03-20 08:25:00,10061.1,10061.1,10054.2,10057.2,169,18,0
2026-03-20 08:30:00,10056.9,10061.8,10056.9,10058.3,227,18,0
2026-03-20 08:35:00,10058.4,10059.4,10052.2,10054.1,107,18,0
2026-03-20 08:40:00,10054.4,10055.6,10051.4,10055.6,122,18,0
2026-03-20 08:45:00,10055.4,10056.5,10049.7,10050.1,131,18,0
2026-03-20 08:50:00,10050.4,10052.3,10049.5,10049.7,129,18,0
2026-03-20 08:55:00,10049.9,10053.9,10049.9,10051.3,117,18,0
2026-03-20 09:00:00,10051.6,10052.3,10038.8,10045.3,302,18,0
2026-03-20 09:05:00,10045.2,10053.8,10044.3,10052.1,202,18,0
2026-03-20 09:10:00,10052.3,10061.0,10051.2,10059.9,198,18,0
2026-03-20 09:15:00,10060.3,10073.9,10059.8,10072.8,179,18,0
2026-03-20 09:20:00,10073.3,10087.9,10072.3,10083.8,227,18,0
2026-03-20 09:25:00,10083.8,10085.9,10080.3,10083.4,244,18,0
2026-03-20 09:30:00,10083.7,10096.3,10083.4,10094.7,285,18,0
2026-03-20 09:35:00,10094.7,10096.8,10092.6,10094.8,219,18,0
2026-03-20 09:40:00,10095.0,10100.9,10094.5,10099.0,238,18,0
2026-03-20 09:45:00,10099.0,10100.8,10096.1,10100.6,251,18,0
2026-03-20 09:50:00,10100.3,10102.6,10096.8,10100.6,256,18,0
2026-03-20 09:55:00,10100.6,10101.0,10091.2,10094.8,269,18,0
2026-03-20 10:00:00,10097.3,10110.1,10088.1,10106.0,685,11,0
2026-03-20 10:05:00,10106.0,10119.6,10103.9,10118.8,685,10,0
2026-03-20 10:10:00,10119.0,10124.5,10113.0,10120.1,630,10,0
2026-03-20 10:15:00,10120.6,10122.6,10109.3,10109.9,597,10,0
2026-03-20 10:20:00,10109.7,10112.1,10102.1,10109.2,648,10,0
2026-03-20 10:25:00,10109.1,10114.1,10095.5,10097.4,680,10,0
2026-03-20 10:30:00,10097.1,10112.5,10092.1,10112.0,761,10,0
2026-03-20 10:35:00,10112.0,10112.9,10100.5,10104.5,697,10,0
2026-03-20 10:40:00,10104.5,10111.7,10096.9,10102.5,643,10,0
2026-03-20 10:45:00,10102.5,10113.5,10095.7,10113.5,726,10,0
2026-03-20 10:50:00,10113.4,10119.4,10106.6,10109.7,660,10,0
2026-03-20 10:55:00,10109.8,10111.1,10100.1,10105.4,608,10,0
2026-03-20 11:00:00,10105.4,10114.1,10097.1,10098.1,725,10,0
2026-03-20 11:05:00,10096.6,10102.1,10083.2,10101.9,667,10,0
2026-03-20 11:10:00,10102.1,10107.0,10086.5,10087.2,768,10,0
2026-03-20 11:15:00,10087.4,10087.4,10073.6,10074.6,718,10,0
2026-03-20 11:20:00,10074.9,10085.0,10074.5,10080.1,685,10,0
2026-03-20 11:25:00,10080.4,10085.1,10075.1,10077.1,642,10,0
2026-03-20 11:30:00,10076.7,10096.4,10076.0,10091.9,685,10,0
2026-03-20 11:35:00,10092.0,10092.1,10082.3,10087.1,608,10,0
2026-03-20 11:40:00,10087.6,10088.6,10068.1,10080.9,689,10,0
2026-03-20 11:45:00,10081.0,10082.1,10057.4,10058.0,835,10,0
2026-03-20 11:50:00,10058.0,10063.5,10042.5,10042.5,795,10,0
2026-03-20 11:55:00,10042.8,10054.6,10041.1,10053.5,781,10,0
2026-03-20 12:00:00,10053.6,10057.6,10038.5,10040.1,720,10,0
2026-03-20 12:05:00,10040.1,10051.6,10026.9,10027.0,758,10,0
2026-03-20 12:10:00,10027.0,10029.5,10007.1,10008.4,841,10,0
2026-03-20 12:15:00,10010.1,10017.6,9998.5,10003.5,794,10,0
2026-03-20 12:20:00,10003.6,10008.1,9996.5,10004.9,773,10,0
2026-03-20 12:25:00,10004.9,10020.1,10004.9,10015.0,747,10,0
2026-03-20 12:30:00,10015.0,10034.6,10014.6,10028.2,720,10,0
2026-03-20 12:35:00,10028.2,10054.6,10028.2,10054.0,594,10,0
2026-03-20 12:40:00,10053.6,10055.1,10044.6,10046.5,690,10,0
2026-03-20 12:45:00,10047.0,10048.6,10033.6,10038.0,659,10,0
2026-03-20 12:50:00,10037.6,10044.6,10032.0,10037.1,844,10,0
2026-03-20 12:55:00,10037.6,10044.0,10034.0,10038.6,762,10,0
2026-03-20 13:00:00,10038.1,10068.0,10037.1,10064.6,799,10,0
2026-03-20 13:05:00,10064.6,10076.5,10063.9,10074.1,643,10,0
2026-03-20 13:10:00,10074.1,10076.6,10063.0,10063.5,652,10,0
2026-03-20 13:15:00,10063.4,10076.6,10057.6,10070.1,600,10,0
2026-03-20 13:20:00,10070.6,10089.1,10070.0,10079.0,633,10,0
2026-03-20 13:25:00,10079.0,10079.0,10062.0,10067.7,603,10,0
2026-03-20 13:30:00,10067.9,10081.9,10066.5,10081.9,612,10,0
2026-03-20 13:35:00,10081.5,10081.6,10061.1,10066.1,652,10,0
2026-03-20 13:40:00,10066.4,10079.5,10064.3,10075.2,524,10,0
2026-03-20 13:45:00,10075.1,10076.6,10068.1,10072.6,531,10,0
2026-03-20 13:50:00,10072.6,10081.6,10069.0,10080.4,553,10,0
2026-03-20 13:55:00,10080.5,10085.6,10079.0,10081.7,561,10,0
2026-03-20 14:00:00,10081.6,10087.1,10067.0,10069.1,724,10,0
2026-03-20 14:05:00,10069.0,10094.6,10068.7,10094.1,724,10,0
2026-03-20 14:10:00,10094.4,10096.1,10082.8,10083.4,615,10,0
2026-03-20 14:15:00,10083.6,10086.7,10070.1,10085.7,639,10,0
2026-03-20 14:20:00,10085.5,10087.1,10074.8,10076.1,677,10,0
2026-03-20 14:25:00,10075.5,10088.6,10070.1,10085.3,494,10,0
2026-03-20 14:30:00,10085.1,10086.6,10072.3,10081.5,685,10,0
2026-03-20 14:35:00,10081.5,10091.1,10073.0,10073.6,619,10,0
2026-03-20 14:40:00,10073.9,10079.6,10066.0,10079.6,728,10,0
2026-03-20 14:45:00,10079.6,10089.1,10071.2,10077.6,647,10,0
2026-03-20 14:50:00,10077.6,10091.0,10077.0,10084.0,656,10,0
2026-03-20 14:55:00,10083.5,10093.1,10083.5,10092.5,557,10,0
2026-03-20 15:00:00,10092.4,10095.6,10083.8,10087.1,558,10,0
2026-03-20 15:05:00,10087.1,10087.9,10074.1,10079.1,593,10,0
2026-03-20 15:10:00,10079.0,10079.5,10070.7,10076.5,585,10,0
2026-03-20 15:15:00,10076.2,10082.9,10071.9,10073.5,557,10,0
2026-03-20 15:20:00,10073.5,10083.1,10073.5,10076.9,525,10,0
2026-03-20 15:25:00,10076.8,10078.2,10065.9,10069.7,582,10,0
2026-03-20 15:30:00,10070.1,10078.6,10058.1,10059.1,852,10,0
2026-03-20 15:35:00,10059.1,10066.1,10055.9,10064.1,719,10,0
2026-03-20 15:40:00,10064.1,10083.6,10062.1,10082.6,734,10,0
2026-03-20 15:45:00,10082.6,10085.6,10063.0,10063.6,775,10,0
2026-03-20 15:50:00,10063.1,10064.4,10048.5,10054.1,722,10,0
2026-03-20 15:55:00,10054.1,10058.0,10039.6,10040.9,700,10,0
2026-03-20 16:00:00,10040.1,10041.0,10017.4,10019.4,758,10,0
2026-03-20 16:05:00,10020.1,10026.7,9998.5,9999.5,824,10,0
2026-03-20 16:10:00,9999.3,10005.6,9977.1,9979.6,770,10,0
2026-03-20 16:15:00,9979.6,9982.6,9966.1,9968.1,732,10,0
2026-03-20 16:20:00,9968.1,9973.5,9955.4,9959.6,816,10,0
2026-03-20 16:25:00,9959.6,9963.6,9954.6,9957.6,790,10,0
2026-03-20 16:30:00,9955.9,9975.5,9955.9,9975.1,871,10,0
2026-03-20 16:35:00,9975.0,9981.6,9951.1,9960.7,809,10,0
2026-03-20 16:40:00,9960.3,9969.9,9955.6,9959.0,796,10,0
2026-03-20 16:45:00,9958.2,9963.4,9949.1,9955.5,754,10,0
2026-03-20 16:50:00,9955.1,9957.5,9926.5,9929.1,758,10,0
2026-03-20 16:55:00,9929.1,9944.5,9928.9,9936.0,796,10,0
2026-03-20 17:00:00,9935.6,9951.6,9929.6,9933.6,838,10,0
2026-03-20 17:05:00,9933.4,9941.6,9922.4,9939.4,711,10,0
2026-03-20 17:10:00,9939.2,9948.5,9936.1,9942.6,784,10,0
2026-03-20 17:15:00,9942.6,9945.7,9924.6,9924.6,740,10,0
2026-03-20 17:20:00,9924.7,9947.5,9915.1,9923.6,767,10,0
2026-03-20 17:25:00,9923.5,9928.1,9911.0,9919.6,771,10,0
2026-03-20 17:30:00,9919.6,9944.1,9918.1,9940.6,789,10,0
2026-03-20 17:35:00,9940.6,9943.1,9930.1,9934.1,663,10,0
2026-03-20 17:40:00,9933.9,9938.0,9924.4,9930.5,714,10,0
2026-03-20 17:45:00,9930.6,9935.5,9923.4,9927.1,726,10,0
2026-03-20 17:50:00,9927.1,9949.5,9922.1,9942.6,769,10,0
2026-03-20 17:55:00,9942.9,9944.0,9930.6,9936.1,711,10,0
2026-03-20 18:00:00,9936.5,9949.7,9930.1,9946.0,741,10,0
2026-03-20 18:05:00,9945.6,9945.6,9920.6,9924.6,691,10,0
2026-03-20 18:10:00,9924.6,9928.8,9919.9,9923.1,694,10,0
2026-03-20 18:15:00,9923.1,9930.6,9920.4,9927.1,653,10,0
2026-03-20 18:20:00,9927.1,9932.9,9915.9,9920.9,671,10,0
2026-03-20 18:25:00,9920.9,9922.3,9908.7,9910.1,592,10,0
2026-03-20 18:30:00,9910.1,9910.1,9871.4,9897.6,818,10,0
2026-03-20 18:35:00,9897.3,9916.0,9884.5,9887.8,715,18,0
2026-03-20 18:40:00,9887.5,9888.8,9879.3,9879.8,591,18,0
2026-03-20 18:45:00,9879.8,9889.8,9877.5,9888.3,549,18,0
2026-03-20 18:50:00,9888.3,9894.8,9874.7,9894.3,617,18,0
2026-03-20 18:55:00,9894.3,9902.7,9890.8,9894.8,477,18,0
2026-03-20 19:00:00,9894.6,9902.4,9892.8,9899.3,579,18,0
2026-03-20 19:05:00,9899.3,9905.3,9881.5,9901.8,776,18,0
2026-03-20 19:10:00,9902.0,9905.8,9887.0,9891.8,663,18,0
2026-03-20 19:15:00,9891.8,9897.8,9888.8,9891.8,560,18,0
2026-03-20 19:20:00,9891.9,9901.3,9888.3,9892.8,576,18,0
2026-03-20 19:25:00,9892.8,9894.8,9877.0,9883.8,554,18,0
2026-03-20 19:30:00,9883.8,9889.7,9867.2,9871.3,550,18,0
2026-03-20 19:35:00,9871.3,9875.6,9861.3,9874.3,520,18,0
2026-03-20 19:40:00,9874.3,9879.3,9871.3,9873.5,457,18,0
2026-03-20 19:45:00,9873.8,9878.8,9868.3,9872.8,472,18,0
2026-03-20 19:50:00,9872.6,9884.9,9870.8,9882.6,542,18,0
2026-03-20 19:55:00,9882.8,9887.8,9881.0,9882.8,507,18,0
2026-03-20 20:00:00,9883.0,9887.8,9873.8,9873.8,472,18,0
2026-03-20 20:05:00,9873.8,9878.1,9868.8,9871.0,499,18,0
2026-03-20 20:10:00,9870.9,9871.4,9861.5,9862.8,380,18,0
2026-03-20 20:15:00,9862.8,9865.8,9854.7,9860.3,323,18,0
2026-03-20 20:20:00,9860.8,9863.6,9823.8,9833.3,775,18,0
2026-03-20 20:25:00,9833.5,9842.4,9833.2,9841.9,702,18,0
2026-03-20 20:30:00,9842.0,9845.1,9834.4,9834.5,554,18,0
2026-03-20 20:35:00,9834.5,9836.8,9828.1,9836.0,503,18,0
2026-03-20 20:40:00,9836.0,9841.2,9830.9,9832.0,531,18,0
2026-03-20 20:45:00,9832.0,9835.2,9827.5,9830.4,505,18,0
2026-03-20 20:50:00,9829.8,9836.8,9827.5,9829.6,496,18,0
2026-03-20 20:55:00,9829.7,9832.1,9823.7,9831.2,511,18,0
2026-03-20 21:00:00,9831.3,9841.3,9831.3,9833.8,549,18,0
2026-03-20 21:05:00,9833.8,9834.7,9825.8,9832.0,413,18,0
2026-03-20 21:10:00,9832.0,9832.0,9823.9,9830.8,441,18,0
2026-03-20 21:15:00,9830.8,9834.8,9829.3,9831.8,454,18,0
2026-03-20 21:20:00,9831.8,9831.8,9811.8,9812.3,482,18,0
2026-03-20 21:25:00,9812.2,9815.0,9809.7,9813.4,413,18,0
2026-03-20 21:30:00,9814.0,9819.4,9805.1,9806.4,556,18,0
2026-03-20 21:35:00,9806.3,9807.8,9789.8,9801.7,552,18,0
2026-03-20 21:40:00,9801.3,9821.9,9800.9,9820.1,589,18,0
2026-03-20 21:45:00,9819.4,9819.4,9807.3,9808.3,656,18,0
2026-03-20 21:50:00,9811.1,9842.3,9811.1,9841.3,445,18,0
2026-03-20 21:55:00,9841.3,9851.5,9841.3,9845.0,454,18,0
2026-03-20 22:00:00,9844.7,9850.2,9840.2,9842.3,349,18,0
2026-03-20 22:05:00,9841.2,9845.8,9837.7,9845.7,196,18,0
2026-03-20 22:10:00,9845.7,9851.5,9845.5,9850.9,232,18,0
2026-03-20 22:15:00,9850.9,9854.0,9848.1,9848.2,229,18,0
2026-03-20 22:20:00,9848.2,9848.7,9844.8,9845.3,169,18,0
2026-03-20 22:25:00,9845.0,9846.5,9840.0,9841.8,142,18,0
2026-03-20 22:30:00,9841.8,9844.8,9840.8,9840.8,127,18,0
2026-03-20 22:35:00,9840.9,9841.8,9836.9,9836.9,155,18,0
2026-03-20 22:40:00,9837.0,9839.3,9835.9,9838.6,121,18,0
2026-03-20 22:45:00,9838.4,9841.8,9836.3,9840.8,210,18,0
2026-03-20 22:50:00,9840.8,9846.0,9838.8,9838.8,207,18,0
2026-03-23 03:05:00,9791.9,9815.8,9787.9,9811.7,489,18,0
2026-03-23 03:10:00,9811.7,9822.7,9810.1,9822.1,546,18,0
2026-03-23 03:15:00,9822.3,9838.2,9821.6,9838.0,415,18,0
2026-03-23 03:20:00,9838.0,9843.6,9834.6,9841.0,424,18,0
2026-03-23 03:25:00,9841.0,9845.1,9838.3,9839.7,377,18,0
2026-03-23 03:30:00,9839.6,9846.5,9831.2,9843.0,566,18,0
2026-03-23 03:35:00,9843.0,9856.7,9840.2,9851.4,421,19,0
2026-03-23 03:40:00,9851.4,9852.0,9839.4,9846.8,362,18,0
2026-03-23 03:45:00,9846.7,9850.7,9842.2,9843.6,405,18,0
2026-03-23 03:50:00,9843.4,9843.7,9835.3,9842.1,410,18,0
2026-03-23 03:55:00,9842.8,9844.9,9837.5,9840.2,424,19,0
2026-03-23 04:00:00,9840.5,9847.4,9838.3,9845.7,430,18,0
2026-03-23 04:05:00,9845.7,9851.9,9843.2,9846.3,394,18,0
2026-03-23 04:10:00,9846.2,9848.0,9832.5,9835.2,395,19,0
2026-03-23 04:15:00,9834.7,9840.1,9827.5,9838.1,410,18,0
2026-03-23 04:20:00,9839.0,9842.4,9834.9,9837.7,482,18,0
2026-03-23 04:25:00,9837.1,9841.2,9834.5,9835.4,366,18,0
2026-03-23 04:30:00,9835.4,9835.7,9828.4,9829.4,310,19,0
2026-03-23 04:35:00,9829.4,9830.9,9821.3,9821.8,289,18,0
2026-03-23 04:40:00,9821.9,9826.5,9819.0,9821.4,297,20,0
2026-03-23 04:45:00,9821.5,9823.8,9816.0,9816.6,276,18,0
2026-03-23 04:50:00,9816.6,9820.1,9812.4,9815.5,244,18,0
2026-03-23 04:55:00,9816.0,9818.6,9813.7,9816.0,246,21,0
2026-03-23 05:00:00,9816.2,9823.2,9816.2,9820.2,268,18,0
2026-03-23 05:05:00,9820.0,9821.1,9814.5,9814.5,231,18,0
2026-03-23 05:10:00,9814.5,9816.9,9805.3,9805.5,321,18,0
2026-03-23 05:15:00,9806.3,9811.5,9805.4,9808.2,247,19,0
2026-03-23 05:20:00,9808.2,9812.8,9805.9,9806.7,251,19,0
2026-03-23 05:25:00,9806.7,9808.0,9803.3,9804.1,239,18,0
2026-03-23 05:30:00,9803.8,9805.5,9798.1,9803.2,315,18,0
2026-03-23 05:35:00,9803.3,9803.3,9796.7,9800.0,289,18,0
2026-03-23 05:40:00,9800.0,9802.8,9797.0,9801.6,290,18,0
2026-03-23 05:45:00,9801.8,9803.2,9798.8,9799.6,229,18,0
2026-03-23 05:50:00,9799.6,9799.8,9788.4,9788.4,264,18,0
2026-03-23 05:55:00,9788.6,9791.3,9785.6,9790.2,153,19,0
2026-03-23 06:00:00,9790.7,9794.4,9788.0,9790.2,222,18,0
2026-03-23 06:05:00,9790.0,9794.2,9788.8,9790.6,262,18,0
2026-03-23 06:10:00,9790.6,9793.9,9789.5,9793.5,176,18,0
2026-03-23 06:15:00,9793.8,9795.3,9791.0,9792.4,226,18,0
2026-03-23 06:20:00,9792.7,9795.0,9790.7,9795.0,171,18,0
2026-03-23 06:25:00,9794.7,9795.6,9793.0,9794.6,214,18,0
2026-03-23 06:30:00,9794.6,9795.8,9792.9,9795.4,203,18,0
2026-03-23 06:35:00,9795.6,9800.0,9795.1,9798.4,169,18,0
2026-03-23 06:40:00,9798.5,9799.4,9792.8,9792.8,167,18,0
2026-03-23 06:45:00,9792.8,9803.8,9792.8,9800.1,228,18,0
2026-03-23 06:50:00,9799.7,9802.2,9798.0,9799.3,193,18,0
2026-03-23 06:55:00,9799.5,9807.8,9799.2,9807.8,191,18,0
2026-03-23 07:00:00,9807.8,9814.3,9807.8,9809.4,313,18,0
2026-03-23 07:05:00,9809.4,9822.4,9806.7,9806.7,314,18,0
2026-03-23 07:10:00,9806.7,9809.5,9803.2,9807.3,301,21,0
2026-03-23 07:15:00,9807.3,9809.6,9803.7,9806.8,222,18,0
2026-03-23 07:20:00,9806.3,9806.4,9799.1,9799.1,254,18,0
2026-03-23 07:25:00,9799.1,9801.8,9797.9,9800.5,175,18,0
2026-03-23 07:30:00,9800.5,9801.2,9791.3,9797.0,300,18,0
2026-03-23 07:35:00,9797.4,9804.5,9797.3,9801.8,328,18,0
2026-03-23 07:40:00,9801.8,9803.0,9795.2,9797.2,269,18,0
2026-03-23 07:45:00,9797.2,9797.3,9791.9,9791.9,203,18,0
2026-03-23 07:50:00,9791.7,9794.5,9787.5,9792.5,208,18,0
2026-03-23 07:55:00,9792.5,9801.1,9792.1,9799.8,338,18,0
2026-03-23 08:00:00,9799.8,9802.6,9795.8,9798.7,372,18,0
2026-03-23 08:05:00,9799.2,9799.3,9794.2,9796.2,313,18,0
2026-03-23 08:10:00,9796.3,9802.0,9793.3,9798.3,347,18,0
2026-03-23 08:15:00,9798.7,9803.9,9798.5,9802.6,373,18,0
2026-03-23 08:20:00,9802.6,9806.2,9799.0,9805.3,360,18,0
2026-03-23 08:25:00,9805.5,9807.4,9797.3,9799.3,389,18,0
2026-03-23 08:30:00,9799.5,9799.5,9790.0,9792.8,423,18,0
2026-03-23 08:35:00,9792.8,9795.5,9786.0,9794.3,289,18,0
2026-03-23 08:40:00,9794.2,9799.5,9786.7,9786.7,209,18,0
2026-03-23 08:45:00,9786.7,9788.9,9781.5,9783.8,212,18,0
2026-03-23 08:50:00,9783.5,9787.0,9780.7,9784.1,224,18,0
2026-03-23 08:55:00,9783.6,9785.0,9773.4,9778.5,253,18,0
2026-03-23 09:00:00,9778.5,9780.4,9758.5,9766.3,421,18,0
2026-03-23 09:05:00,9766.0,9782.8,9765.5,9777.5,509,18,0
2026-03-23 09:10:00,9777.2,9795.2,9776.6,9789.4,445,18,0
2026-03-23 09:15:00,9789.1,9792.5,9782.5,9786.4,493,18,0
2026-03-23 09:20:00,9786.9,9788.0,9768.4,9768.9,514,18,0
2026-03-23 09:25:00,9768.9,9776.5,9764.5,9770.3,589,18,0
2026-03-23 09:30:00,9770.1,9780.8,9768.3,9770.7,518,18,0
2026-03-23 09:35:00,9769.8,9779.4,9765.1,9769.5,508,18,0
2026-03-23 09:40:00,9769.4,9779.7,9764.5,9779.6,527,18,0
2026-03-23 09:45:00,9779.6,9791.3,9779.6,9788.0,501,18,0
2026-03-23 09:50:00,9788.1,9788.4,9771.6,9777.1,582,18,0
2026-03-23 09:55:00,9777.0,9783.4,9756.2,9771.8,624,18,0
2026-03-23 10:00:00,9771.8,9789.0,9762.4,9771.0,972,11,0
2026-03-23 10:05:00,9771.5,9787.0,9762.8,9766.9,912,11,0
2026-03-23 10:10:00,9768.3,9793.1,9764.0,9784.7,897,10,0
2026-03-23 10:15:00,9785.1,9788.5,9772.5,9787.2,922,10,0
2026-03-23 10:20:00,9787.2,9793.2,9760.3,9760.4,883,10,0
2026-03-23 10:25:00,9759.7,9764.5,9740.0,9740.1,858,10,0
2026-03-23 10:30:00,9740.1,9781.0,9738.9,9766.0,905,10,0
2026-03-23 10:35:00,9765.9,9769.0,9748.0,9753.2,853,10,0
2026-03-23 10:40:00,9753.2,9767.2,9744.9,9749.6,854,10,0
2026-03-23 10:45:00,9749.5,9775.4,9747.0,9760.2,804,10,0
2026-03-23 10:50:00,9760.6,9770.7,9749.6,9764.7,834,10,0
2026-03-23 10:55:00,9764.7,9765.7,9746.0,9748.2,805,10,0
2026-03-23 11:00:00,9748.1,9749.7,9730.2,9736.5,836,10,0
2026-03-23 11:05:00,9736.1,9753.6,9733.7,9745.1,796,10,0
2026-03-23 11:10:00,9744.5,9755.9,9741.2,9744.2,840,10,0
2026-03-23 11:15:00,9744.0,9757.6,9741.7,9746.6,821,10,0
2026-03-23 11:20:00,9746.5,9768.9,9741.1,9742.0,819,10,0
2026-03-23 11:25:00,9741.2,9746.7,9735.7,9746.7,785,10,0
2026-03-23 11:30:00,9746.7,9748.1,9717.7,9718.9,789,10,0
2026-03-23 11:35:00,9718.5,9724.6,9709.0,9718.7,790,10,0
2026-03-23 11:40:00,9718.7,9727.2,9712.0,9717.2,786,10,0
2026-03-23 11:45:00,9717.2,9732.2,9716.2,9728.0,769,10,0
2026-03-23 11:50:00,9728.1,9734.5,9713.7,9714.0,780,10,0
2026-03-23 11:55:00,9714.7,9714.7,9704.6,9707.9,734,10,0
2026-03-23 12:00:00,9708.0,9712.5,9697.5,9705.0,852,10,0
2026-03-23 12:05:00,9705.2,9719.9,9699.9,9712.2,748,10,0
2026-03-23 12:10:00,9712.7,9722.6,9697.5,9698.5,698,11,0
2026-03-23 12:15:00,9698.5,9702.7,9687.9,9695.4,712,10,0
2026-03-23 12:20:00,9695.5,9696.7,9685.7,9687.7,709,11,0
2026-03-23 12:25:00,9687.7,9688.1,9675.7,9677.1,725,10,0
2026-03-23 12:30:00,9677.2,9686.6,9675.7,9684.5,694,10,0
2026-03-23 12:35:00,9684.5,9696.1,9670.0,9671.2,741,10,0
2026-03-23 12:40:00,9670.9,9678.7,9669.7,9676.6,731,10,0
2026-03-23 12:45:00,9676.6,9682.4,9669.2,9672.7,710,10,0
2026-03-23 12:50:00,9672.7,9702.6,9672.1,9686.1,786,10,0
2026-03-23 12:55:00,9686.2,9688.1,9679.0,9685.2,714,10,0
2026-03-23 13:00:00,9685.2,9699.7,9685.2,9698.1,660,10,0
2026-03-23 13:05:00,9698.2,9919.2,9697.5,9898.4,956,11,0
2026-03-23 13:10:00,9899.5,9980.8,9892.0,9969.2,1059,19,0
2026-03-23 13:15:00,9967.9,9984.1,9947.6,9960.5,1049,11,0
2026-03-23 13:20:00,9961.9,9967.2,9905.8,9926.5,1052,16,0
2026-03-23 13:25:00,9926.9,9947.0,9896.3,9934.7,1028,15,0
2026-03-23 13:30:00,9932.9,9985.5,9930.0,9981.7,1025,12,0
2026-03-23 13:35:00,9982.2,9991.5,9945.0,9960.4,983,12,0
2026-03-23 13:40:00,9961.0,9961.5,9914.4,9919.1,889,12,0
2026-03-23 13:45:00,9919.2,9925.9,9898.0,9924.6,914,11,0
2026-03-23 13:50:00,9924.6,9931.9,9895.5,9925.5,725,11,0
2026-03-23 13:55:00,9926.6,9926.7,9884.5,9900.1,949,11,0
2026-03-23 14:00:00,9900.1,9903.3,9872.0,9894.2,773,11,0
2026-03-23 14:05:00,9893.8,9904.5,9867.5,9904.5,659,11,0
2026-03-23 14:10:00,9905.1,9910.6,9866.6,9866.6,873,11,0
2026-03-23 14:15:00,9866.1,9917.5,9864.7,9917.5,817,12,0
2026-03-23 14:20:00,9917.2,9933.7,9908.4,9928.8,877,12,0
2026-03-23 14:25:00,9928.9,9943.5,9928.1,9940.5,651,13,0
2026-03-23 14:30:00,9940.5,9940.5,9900.0,9909.9,869,12,0
2026-03-23 14:35:00,9909.6,9924.4,9900.6,9903.0,931,12,0
2026-03-23 14:40:00,9903.0,9964.9,9900.0,9964.9,949,12,0
2026-03-23 14:45:00,9964.0,9977.2,9954.0,9973.6,975,11,0
2026-03-23 14:50:00,9973.3,9985.2,9965.0,9970.0,998,12,0
2026-03-23 14:55:00,9969.9,9982.2,9964.7,9975.1,963,10,0
2026-03-23 15:00:00,9975.3,9987.5,9970.7,9982.1,930,10,0
2026-03-23 15:05:00,9982.4,9984.8,9967.7,9978.7,898,11,0
2026-03-23 15:10:00,9978.5,9983.1,9968.0,9970.5,897,11,0
2026-03-23 15:15:00,9970.6,9979.2,9957.6,9957.7,866,11,0
2026-03-23 15:20:00,9957.5,9959.0,9933.7,9943.6,818,11,0
2026-03-23 15:25:00,9941.8,9946.0,9933.6,9937.6,851,11,0
2026-03-23 15:30:00,9938.1,9940.2,9924.7,9927.2,961,10,0
2026-03-23 15:35:00,9927.6,9950.2,9922.2,9950.2,929,10,0
2026-03-23 15:40:00,9950.1,9977.1,9943.5,9954.9,975,11,0
2026-03-23 15:45:00,9955.0,9962.9,9948.0,9958.4,985,11,0
2026-03-23 15:50:00,9958.6,9977.7,9953.2,9970.7,893,10,0
2026-03-23 15:55:00,9969.7,9973.0,9956.6,9973.0,841,11,0
2026-03-23 16:00:00,9972.5,9996.0,9970.6,9982.7,812,10,0
2026-03-23 16:05:00,9982.0,9987.7,9971.7,9977.7,889,10,0
2026-03-23 16:10:00,9978.2,9982.5,9969.7,9976.6,881,10,0
2026-03-23 16:15:00,9976.2,9989.2,9972.5,9988.2,802,10,0
2026-03-23 16:20:00,9988.2,10011.4,9984.6,10003.6,703,10,0
2026-03-23 16:25:00,10004.1,10004.1,9981.7,9985.6,806,10,0
2026-03-23 16:30:00,9986.2,9987.7,9976.2,9982.1,811,10,0
2026-03-23 16:35:00,9982.2,9983.7,9957.7,9966.4,795,10,0
2026-03-23 16:40:00,9966.5,9993.2,9963.4,9989.5,793,10,0
2026-03-23 16:45:00,9989.5,10007.0,9982.1,10006.9,845,10,0
2026-03-23 16:50:00,10007.0,10019.5,9995.4,10016.1,830,10,0
2026-03-23 16:55:00,10016.1,10021.1,10008.2,10009.2,644,10,0
2026-03-23 17:00:00,10009.2,10027.0,10008.9,10024.7,655,10,0
2026-03-23 17:05:00,10024.6,10029.5,10018.4,10026.2,725,10,0
2026-03-23 17:10:00,10026.2,10039.0,10024.7,10026.9,714,10,0
2026-03-23 17:15:00,10026.7,10028.6,10010.2,10014.7,797,10,0
2026-03-23 17:20:00,10014.7,10020.1,10006.9,10017.5,760,11,0
2026-03-23 17:25:00,10016.7,10019.0,9991.7,9997.4,767,10,0
2026-03-23 17:30:00,9997.6,10007.4,9993.9,9996.4,794,10,0
2026-03-23 17:35:00,9996.5,9998.1,9980.5,9980.6,767,10,0
2026-03-23 17:40:00,9980.6,9983.1,9973.5,9974.1,783,10,0
2026-03-23 17:45:00,9974.0,9978.6,9968.6,9973.3,818,10,0
2026-03-23 17:50:00,9973.1,9976.5,9947.2,9947.2,896,11,0
2026-03-23 17:55:00,9946.7,9948.6,9919.7,9922.1,907,10,0
2026-03-23 18:00:00,9921.2,9935.5,9914.9,9922.0,929,10,0
2026-03-23 18:05:00,9922.2,9929.0,9915.5,9918.2,902,10,0
2026-03-23 18:10:00,9916.9,9934.0,9912.1,9927.7,873,10,0
2026-03-23 18:15:00,9927.2,9930.1,9908.6,9910.0,874,10,0
2026-03-23 18:20:00,9909.9,9916.0,9901.5,9908.0,798,10,0
2026-03-23 18:25:00,9907.6,9911.2,9892.0,9892.7,789,10,0
2026-03-23 18:30:00,9893.7,9902.0,9882.6,9890.8,858,10,0
2026-03-23 18:35:00,9890.6,9907.9,9888.8,9892.3,806,18,0
2026-03-23 18:40:00,9891.6,9913.4,9891.5,9912.5,834,18,0
2026-03-23 18:45:00,9911.8,9917.5,9903.6,9915.2,817,18,0
2026-03-23 18:50:00,9915.2,9921.7,9903.5,9916.2,794,18,0
2026-03-23 18:55:00,9916.4,9921.0,9906.8,9914.0,665,18,0
2026-03-23 19:00:00,9914.1,9923.1,9901.9,9903.0,746,18,0
2026-03-23 19:05:00,9903.5,9926.1,9900.2,9924.1,775,18,0
2026-03-23 19:10:00,9924.1,9928.1,9916.8,9917.4,655,18,0
2026-03-23 19:15:00,9918.1,9927.6,9912.3,9926.6,732,18,0
2026-03-23 19:20:00,9926.2,9933.2,9917.5,9931.3,707,18,0
2026-03-23 19:25:00,9931.1,9942.5,9929.8,9941.1,665,18,0
2026-03-23 19:30:00,9941.0,9965.3,9941.0,9964.6,648,18,0
2026-03-23 19:35:00,9964.6,9977.2,9964.6,9976.8,633,18,0
2026-03-23 19:40:00,9976.6,9977.7,9953.1,9956.0,636,18,0
2026-03-23 19:45:00,9956.0,9957.0,9946.0,9952.2,648,18,0
2026-03-23 19:50:00,9951.5,9956.0,9949.5,9954.7,584,18,0
2026-03-23 19:55:00,9954.8,9960.3,9952.6,9957.2,595,18,0
2026-03-23 20:00:00,9957.0,9958.4,9943.8,9949.5,490,18,0
2026-03-23 20:05:00,9949.5,9950.0,9928.2,9940.1,649,18,0
2026-03-23 20:10:00,9940.1,9949.4,9940.1,9944.0,512,18,0
2026-03-23 20:15:00,9944.1,9947.4,9937.5,9941.0,532,18,0
2026-03-23 20:20:00,9941.2,9942.5,9935.1,9941.8,451,18,0
2026-03-23 20:25:00,9941.9,9946.6,9935.7,9938.4,533,18,0
2026-03-23 20:30:00,9938.7,9966.9,9938.7,9966.8,503,18,0
2026-03-23 20:35:00,9966.8,9975.8,9964.0,9970.8,541,18,0
2026-03-23 20:40:00,9971.1,9981.5,9964.0,9980.0,485,18,0
2026-03-23 20:45:00,9979.9,9987.1,9978.7,9983.1,393,18,0
2026-03-23 20:50:00,9983.1,9985.4,9971.7,9973.6,454,18,0
2026-03-23 20:55:00,9973.6,9974.1,9967.3,9967.9,414,18,0
2026-03-23 21:00:00,9967.3,9968.0,9961.2,9962.1,435,18,0
2026-03-23 21:05:00,9962.0,9966.4,9958.2,9964.1,365,18,0
2026-03-23 21:10:00,9964.1,9964.9,9957.2,9958.2,371,18,0
2026-03-23 21:15:00,9958.1,9959.6,9949.6,9953.0,391,18,0
2026-03-23 21:20:00,9952.9,9954.2,9943.5,9944.1,372,18,0
2026-03-23 21:25:00,9944.1,9947.5,9937.3,9941.6,466,18,0
2026-03-23 21:30:00,9941.5,9947.2,9941.5,9945.3,390,18,0
2026-03-23 21:35:00,9945.3,9951.4,9941.8,9951.2,388,18,0
2026-03-23 21:40:00,9951.1,9954.0,9947.5,9953.5,340,18,0
2026-03-23 21:45:00,9953.7,9962.7,9953.1,9957.2,400,18,0
2026-03-23 21:50:00,9957.2,9957.5,9940.2,9941.5,453,18,0
2026-03-23 21:55:00,9941.5,9949.4,9937.3,9940.6,432,18,0
2026-03-23 22:00:00,9940.5,9940.8,9928.9,9931.3,361,18,0
2026-03-23 22:05:00,9931.4,9938.3,9931.4,9937.7,225,18,0
2026-03-23 22:10:00,9937.7,9940.3,9936.6,9936.9,180,18,0
2026-03-23 22:15:00,9937.0,9939.8,9935.6,9935.6,140,18,0
2026-03-23 22:20:00,9935.9,9939.4,9935.5,9937.5,133,18,0
2026-03-23 22:25:00,9937.5,9939.9,9936.7,9937.1,123,18,0
2026-03-23 22:30:00,9937.2,9939.0,9936.5,9938.8,97,18,0
2026-03-23 22:35:00,9938.8,9942.9,9938.6,9942.9,69,18,0
2026-03-23 22:40:00,9943.0,9947.5,9941.9,9946.5,104,18,0
2026-03-23 22:45:00,9946.2,9946.5,9943.7,9944.0,80,18,0
2026-03-23 22:50:00,9944.2,9945.9,9943.7,9945.0,124,18,0
2026-03-23 22:55:00,9945.0,9945.0,9942.5,9944.5,105,18,0
2026-03-24 03:00:00,9884.3,9893.8,9856.0,9859.7,371,19,0
2026-03-24 03:05:00,9859.6,9862.9,9853.0,9856.2,499,21,0
2026-03-24 03:10:00,9856.2,9864.6,9856.0,9858.7,475,18,0
2026-03-24 03:15:00,9858.9,9860.3,9847.8,9855.1,541,18,0
2026-03-24 03:20:00,9854.9,9869.1,9854.7,9868.3,499,19,0
2026-03-24 03:25:00,9868.2,9878.5,9867.7,9874.0,382,22,0
2026-03-24 03:30:00,9873.5,9873.5,9854.9,9859.2,617,20,0
2026-03-24 03:35:00,9859.2,9861.5,9846.7,9848.7,424,19,0
2026-03-24 03:40:00,9849.0,9851.2,9832.8,9834.6,438,18,0
2026-03-24 03:45:00,9834.5,9838.3,9825.0,9828.9,414,18,0
2026-03-24 03:50:00,9828.9,9842.3,9827.8,9835.7,460,18,0
2026-03-24 03:55:00,9835.8,9840.5,9830.5,9839.8,417,23,0
2026-03-24 04:00:00,9839.7,9846.2,9831.3,9845.8,555,19,0
2026-03-24 04:05:00,9845.6,9846.7,9837.5,9843.0,443,20,0
2026-03-24 04:10:00,9842.9,9843.9,9827.6,9833.2,539,21,0
2026-03-24 04:15:00,9833.2,9834.5,9826.8,9834.1,408,19,0
2026-03-24 04:20:00,9834.2,9851.8,9834.2,9849.5,426,24,0
2026-03-24 04:25:00,9850.0,9850.1,9838.2,9844.8,330,19,0
2026-03-24 04:30:00,9844.8,9850.0,9843.2,9848.8,370,21,0
2026-03-24 04:35:00,9848.6,9857.5,9847.0,9847.7,330,21,0
2026-03-24 04:40:00,9847.5,9857.7,9846.1,9855.9,286,23,0
2026-03-24 04:45:00,9855.9,9858.6,9851.2,9851.4,298,23,0
2026-03-24 04:50:00,9851.2,9851.2,9842.0,9847.5,372,22,0
2026-03-24 04:55:00,9847.8,9848.3,9840.4,9841.6,275,20,0
2026-03-24 05:00:00,9841.4,9841.8,9835.4,9837.5,254,25,0
2026-03-24 05:05:00,9837.4,9841.4,9832.5,9834.2,274,21,0
2026-03-24 05:10:00,9834.3,9840.9,9832.8,9836.9,255,19,0
2026-03-24 05:15:00,9837.0,9841.8,9836.9,9838.2,219,20,0
2026-03-24 05:20:00,9838.2,9846.7,9837.4,9844.2,193,19,0
2026-03-24 05:25:00,9844.5,9849.7,9841.9,9847.6,238,20,0
2026-03-24 05:30:00,9847.6,9848.1,9835.6,9836.4,377,18,0
2026-03-24 05:35:00,9836.4,9846.4,9834.0,9845.5,306,23,0
2026-03-24 05:40:00,9845.6,9851.8,9845.0,9849.2,285,19,0
2026-03-24 05:45:00,9849.3,9853.2,9847.8,9851.2,266,22,0
2026-03-24 05:50:00,9851.2,9854.0,9847.0,9853.8,221,22,0
2026-03-24 05:55:00,9853.8,9862.3,9849.8,9862.2,289,19,0
2026-03-24 06:00:00,9862.3,9866.5,9860.9,9866.3,240,18,0
2026-03-24 06:05:00,9866.2,9869.0,9865.2,9866.7,195,21,0
2026-03-24 06:10:00,9866.7,9868.6,9865.1,9866.2,140,26,0
2026-03-24 06:15:00,9866.2,9866.2,9856.2,9857.1,164,25,0
2026-03-24 06:20:00,9857.2,9858.7,9854.2,9854.7,176,28,0
2026-03-24 06:25:00,9854.6,9856.6,9852.4,9854.2,164,26,0
2026-03-24 06:30:00,9854.1,9856.7,9850.9,9856.1,199,19,0
2026-03-24 06:35:00,9856.2,9856.6,9853.4,9853.4,171,18,0
2026-03-24 06:40:00,9853.7,9855.4,9852.4,9852.5,138,20,0
2026-03-24 06:45:00,9852.7,9857.1,9852.3,9854.7,151,25,0
2026-03-24 06:50:00,9854.6,9859.8,9853.0,9856.8,157,28,0
2026-03-24 06:55:00,9857.3,9857.4,9854.0,9855.6,188,22,0
2026-03-24 07:00:00,9855.6,9856.8,9837.6,9839.3,347,20,0
2026-03-24 07:05:00,9839.0,9839.0,9826.3,9828.1,364,21,0
2026-03-24 07:10:00,9827.9,9844.9,9827.6,9840.5,394,22,0
2026-03-24 07:15:00,9840.4,9858.8,9840.2,9847.5,438,21,0
2026-03-24 07:20:00,9847.3,9848.5,9836.4,9839.5,408,27,0
2026-03-24 07:25:00,9839.5,9841.1,9825.9,9826.2,324,24,0
2026-03-24 07:30:00,9826.8,9831.6,9825.4,9830.9,315,25,0
2026-03-24 07:35:00,9831.0,9843.5,9831.0,9842.0,347,26,0
2026-03-24 07:40:00,9842.0,9858.3,9842.0,9852.0,359,18,0
2026-03-24 07:45:00,9852.0,9857.2,9848.5,9853.2,318,23,0
2026-03-24 07:50:00,9853.2,9856.7,9849.2,9851.4,280,19,0
2026-03-24 07:55:00,9851.5,9853.9,9849.1,9853.5,281,23,0
2026-03-24 08:00:00,9853.6,9859.4,9848.4,9857.8,363,27,0
2026-03-24 08:05:00,9857.8,9863.8,9854.5,9863.8,271,20,0
2026-03-24 08:10:00,9863.8,9863.8,9858.8,9862.5,218,28,0
2026-03-24 08:15:00,9862.5,9869.8,9861.6,9868.3,200,27,0
2026-03-24 08:20:00,9868.3,9872.9,9864.6,9872.8,240,27,0
2026-03-24 08:25:00,9872.8,9882.5,9871.8,9876.9,325,26,0
2026-03-24 08:30:00,9876.5,9886.4,9876.5,9883.7,294,27,0
2026-03-24 08:35:00,9883.7,9889.7,9882.8,9886.6,279,29,0
2026-03-24 08:40:00,9886.6,9887.8,9882.8,9885.6,190,29,0
2026-03-24 08:45:00,9885.6,9887.9,9878.3,9887.6,298,23,0
2026-03-24 08:50:00,9887.6,9893.2,9883.3,9893.1,214,22,0
2026-03-24 08:55:00,9893.1,9894.3,9888.8,9891.7,301,21,0
2026-03-24 09:00:00,9891.5,9905.2,9889.3,9898.4,424,18,0
2026-03-24 09:05:00,9898.4,9913.7,9896.6,9906.2,425,18,0
2026-03-24 09:10:00,9906.2,9918.0,9905.2,9912.4,465,18,0
2026-03-24 09:15:00,9912.4,9922.4,9909.7,9912.6,549,18,0
2026-03-24 09:20:00,9912.6,9920.2,9908.3,9909.7,495,18,0
2026-03-24 09:25:00,9909.7,9911.1,9904.6,9909.1,432,18,0
2026-03-24 09:30:00,9909.1,9912.1,9898.1,9904.1,478,18,0
2026-03-24 09:35:00,9903.9,9904.0,9894.2,9898.1,412,18,0
2026-03-24 09:40:00,9898.1,9904.9,9896.6,9903.6,367,18,0
2026-03-24 09:45:00,9903.6,9904.6,9894.1,9903.1,401,18,0
2026-03-24 09:50:00,9903.1,9909.6,9899.8,9905.5,484,18,0
2026-03-24 09:55:00,9905.5,9909.2,9894.9,9900.9,519,18,0
2026-03-24 10:00:00,9896.6,9928.2,9892.1,9923.4,896,12,0
2026-03-24 10:05:00,9923.1,9936.1,9917.2,9921.6,819,11,0
2026-03-24 10:10:00,9921.3,9933.8,9918.4,9925.3,653,11,0
2026-03-24 10:15:00,9928.4,9933.3,9898.2,9898.2,738,10,0
2026-03-24 10:20:00,9898.3,9909.2,9888.9,9896.1,743,10,0
2026-03-24 10:25:00,9895.7,9902.9,9887.9,9894.2,598,10,0
2026-03-24 10:30:00,9894.2,9900.5,9884.7,9895.2,716,10,0
2026-03-24 10:35:00,9895.2,9910.6,9893.3,9907.4,799,10,0
2026-03-24 10:40:00,9907.2,9915.8,9890.3,9892.1,747,10,0
2026-03-24 10:45:00,9891.8,9911.2,9891.4,9898.2,802,10,0
2026-03-24 10:50:00,9897.9,9903.3,9882.8,9888.2,692,10,0
2026-03-24 10:55:00,9888.2,9896.2,9875.0,9877.2,642,10,0
2026-03-24 11:00:00,9877.2,9882.2,9861.7,9880.2,715,10,0
2026-03-24 11:05:00,9880.2,9881.7,9848.4,9850.2,721,10,0
2026-03-24 11:10:00,9850.2,9866.6,9835.7,9836.3,715,10,0
2026-03-24 11:15:00,9836.3,9855.3,9832.9,9855.1,726,10,0
2026-03-24 11:20:00,9854.8,9855.2,9837.7,9844.9,694,10,0
2026-03-24 11:25:00,9844.7,9860.4,9842.7,9859.8,485,11,0
2026-03-24 11:30:00,9859.6,9869.3,9853.2,9864.7,579,11,0
2026-03-24 11:35:00,9864.4,9872.3,9859.3,9862.7,668,10,0
2026-03-24 11:40:00,9862.8,9876.7,9862.7,9870.4,695,10,0
2026-03-24 11:45:00,9870.2,9876.3,9866.6,9870.6,623,10,0
2026-03-24 11:50:00,9870.7,9884.8,9862.4,9884.3,620,10,0
2026-03-24 11:55:00,9884.2,9903.7,9884.2,9896.7,581,10,0
2026-03-24 12:00:00,9896.3,9897.7,9876.3,9890.7,684,11,0
2026-03-24 12:05:00,9890.7,9908.7,9890.3,9905.2,588,10,0
2026-03-24 12:10:00,9905.3,9908.2,9899.4,9900.9,552,10,0
2026-03-24 12:15:00,9901.3,9906.6,9895.0,9897.2,466,10,0
2026-03-24 12:20:00,9897.2,9902.2,9890.9,9896.2,361,11,0
2026-03-24 12:25:00,9895.8,9901.3,9891.8,9892.9,367,10,0
2026-03-24 12:30:00,9892.9,9898.3,9885.2,9887.7,383,11,0
2026-03-24 12:35:00,9887.2,9906.0,9886.7,9905.2,350,11,0
2026-03-24 12:40:00,9905.2,9912.8,9899.8,9911.7,387,10,0
2026-03-24 12:45:00,9911.7,9917.3,9893.3,9895.7,356,11,0
2026-03-24 12:50:00,9895.8,9909.3,9895.8,9907.3,326,10,0
2026-03-24 12:55:00,9906.3,9909.2,9902.3,9904.8,309,10,0
2026-03-24 13:00:00,9905.2,9911.3,9894.3,9908.7,410,10,0
2026-03-24 13:05:00,9908.2,9919.1,9908.2,9916.2,331,10,0
2026-03-24 13:10:00,9915.9,9919.8,9910.8,9910.8,297,10,0
2026-03-24 13:15:00,9909.2,9910.1,9892.8,9908.7,345,10,0
2026-03-24 13:20:00,9909.2,9911.8,9905.1,9909.3,319,10,0
2026-03-24 13:25:00,9909.2,9910.8,9899.6,9909.6,314,10,0
2026-03-24 13:30:00,9909.3,9910.8,9904.6,9909.7,338,10,0
2026-03-24 13:35:00,9909.6,9915.8,9904.2,9915.2,338,10,0
2026-03-24 13:40:00,9915.3,9917.7,9905.8,9906.3,287,10,0
2026-03-24 13:45:00,9906.3,9926.3,9905.3,9920.3,336,10,0
2026-03-24 13:50:00,9920.3,9920.3,9880.8,9897.2,380,10,0
2026-03-24 13:55:00,9897.3,9922.6,9896.6,9919.7,428,10,0
2026-03-24 14:00:00,9919.3,9925.8,9909.6,9910.3,347,10,0
2026-03-24 14:05:00,9910.3,9911.3,9895.3,9902.8,352,10,0
2026-03-24 14:10:00,9902.8,9911.0,9896.3,9908.8,327,11,0
2026-03-24 14:15:00,9908.8,9911.2,9902.9,9910.8,317,11,0
2026-03-24 14:20:00,9909.3,9915.2,9905.2,9913.3,370,11,0
2026-03-24 14:25:00,9912.8,9917.7,9905.7,9906.7,280,10,0
2026-03-24 14:30:00,9906.2,9907.7,9881.3,9884.5,611,10,0
2026-03-24 14:35:00,9884.5,9887.8,9865.8,9867.2,667,10,0
2026-03-24 14:40:00,9867.3,9875.7,9860.2,9860.4,668,10,0
2026-03-24 14:45:00,9860.3,9865.8,9858.6,9860.7,650,10,0
2026-03-24 14:50:00,9860.7,9871.3,9856.6,9868.8,738,10,0
2026-03-24 14:55:00,9868.8,9870.3,9858.1,9861.2,653,10,0
2026-03-24 15:00:00,9861.1,9871.1,9856.7,9864.2,718,10,0
2026-03-24 15:05:00,9864.2,9870.3,9838.6,9846.7,801,10,0
2026-03-24 15:10:00,9846.4,9866.3,9844.6,9861.8,772,10,0
2026-03-24 15:15:00,9861.8,9865.8,9853.2,9853.2,697,10,0
2026-03-24 15:20:00,9853.2,9865.2,9851.8,9855.3,590,10,0
2026-03-24 15:25:00,9855.3,9863.7,9846.4,9858.3,689,10,0
2026-03-24 15:30:00,9858.6,9878.7,9852.2,9878.7,894,11,0
2026-03-24 15:35:00,9878.7,9887.2,9870.2,9876.3,853,10,0
2026-03-24 15:40:00,9875.8,9878.8,9857.8,9861.7,759,11,0
2026-03-24 15:45:00,9861.8,9866.3,9844.7,9844.8,831,10,0
2026-03-24 15:50:00,9844.7,9858.1,9842.7,9854.2,861,10,0
2026-03-24 15:55:00,9854.2,9885.7,9854.2,9885.7,785,10,0
2026-03-24 16:00:00,9886.1,9902.8,9884.8,9902.7,777,10,0
2026-03-24 16:05:00,9902.8,9912.5,9892.8,9907.6,707,10,0
2026-03-24 16:10:00,9907.1,9911.7,9888.2,9899.8,734,10,0
2026-03-24 16:15:00,9899.8,9903.1,9893.1,9900.0,798,10,0
2026-03-24 16:20:00,9900.1,9907.8,9893.7,9899.7,794,10,0
2026-03-24 16:25:00,9899.4,9908.8,9891.8,9904.2,812,10,0
2026-03-24 16:30:00,9903.8,9920.8,9902.3,9920.8,705,10,0
2026-03-24 16:35:00,9920.9,9923.3,9900.6,9906.2,721,10,0
2026-03-24 16:40:00,9906.2,9917.3,9901.2,9917.3,744,10,0
2026-03-24 16:45:00,9917.3,9923.9,9904.9,9909.3,752,10,0
2026-03-24 16:50:00,9909.3,9950.8,9902.7,9937.7,900,10,0
2026-03-24 16:55:00,9937.7,9953.3,9925.4,9941.7,913,10,0
2026-03-24 17:00:00,9941.4,9952.3,9935.2,9939.2,885,10,0
2026-03-24 17:05:00,9939.2,9940.8,9932.9,9937.7,832,10,0
2026-03-24 17:10:00,9937.7,9940.3,9930.1,9939.7,770,10,0
2026-03-24 17:15:00,9940.1,9949.9,9937.8,9941.3,698,10,0
2026-03-24 17:20:00,9941.2,9955.8,9935.7,9955.2,716,10,0
2026-03-24 17:25:00,9955.3,9960.8,9947.2,9953.1,555,10,0
2026-03-24 17:30:00,9952.9,9957.2,9942.4,9954.3,655,10,0
2026-03-24 17:35:00,9954.3,9961.7,9953.6,9955.3,589,10,0
2026-03-24 17:40:00,9955.3,9963.9,9954.8,9962.3,533,10,0
2026-03-24 17:45:00,9962.3,9971.6,9960.7,9966.2,457,10,0
2026-03-24 17:50:00,9965.6,9973.6,9964.3,9964.8,478,10,0
2026-03-24 17:55:00,9964.8,9965.6,9930.8,9930.8,705,10,0
2026-03-24 18:00:00,9930.7,9933.1,9925.3,9926.8,710,10,0
2026-03-24 18:05:00,9927.0,9932.3,9924.2,9931.8,658,10,0
2026-03-24 18:10:00,9931.8,9934.1,9923.2,9929.2,661,10,0
2026-03-24 18:15:00,9929.5,9947.6,9929.2,9947.6,567,10,0
2026-03-24 18:20:00,9947.6,9949.3,9942.1,9945.4,514,10,0
2026-03-24 18:25:00,9945.3,9954.3,9941.7,9954.3,506,10,0
2026-03-24 18:30:00,9953.3,9963.5,9946.6,9963.1,547,11,0
2026-03-24 18:35:00,9962.5,9963.0,9939.2,9944.5,599,18,0
2026-03-24 18:40:00,9944.3,9965.0,9943.2,9962.5,582,18,0
2026-03-24 18:45:00,9962.5,9969.8,9957.0,9961.0,628,18,0
2026-03-24 18:50:00,9960.3,9966.2,9956.6,9957.1,584,18,0
2026-03-24 18:55:00,9957.2,9960.2,9950.2,9955.0,507,18,0
2026-03-24 19:00:00,9955.0,9958.0,9936.5,9936.7,581,18,0
2026-03-24 19:05:00,9936.6,9936.7,9919.5,9926.4,933,18,0
2026-03-24 19:10:00,9926.5,9932.5,9916.0,9922.7,779,18,0
2026-03-24 19:15:00,9922.3,9926.8,9919.0,9921.0,695,18,0
2026-03-24 19:20:00,9921.5,9929.6,9920.5,9925.7,690,18,0
2026-03-24 19:25:00,9926.0,9931.2,9924.0,9931.0,621,18,0
2026-03-24 19:30:00,9931.0,9936.7,9922.2,9922.2,602,18,0
2026-03-24 19:35:00,9921.8,9933.4,9919.8,9933.2,553,18,0
2026-03-24 19:40:00,9933.4,9938.7,9917.9,9920.5,592,18,0
2026-03-24 19:45:00,9920.5,9929.2,9917.8,9924.7,503,18,0
2026-03-24 19:50:00,9924.7,9935.0,9922.9,9928.6,608,18,0
2026-03-24 19:55:00,9928.5,9944.2,9925.6,9942.3,816,18,0
2026-03-24 20:00:00,9942.5,9950.7,9939.7,9945.8,680,18,0
2026-03-24 20:05:00,9945.9,9949.0,9942.2,9942.6,562,18,0
2026-03-24 20:10:00,9942.7,9948.2,9941.0,9943.8,456,18,0
2026-03-24 20:15:00,9943.7,9946.5,9935.6,9943.2,573,18,0
2026-03-24 20:20:00,9942.0,9947.2,9940.8,9946.8,533,18,0
2026-03-24 20:25:00,9946.5,9955.1,9944.6,9950.0,503,18,0
2026-03-24 20:30:00,9949.7,9964.2,9949.1,9958.1,544,18,0
2026-03-24 20:35:00,9958.0,9974.7,9955.7,9974.2,568,18,0
2026-03-24 20:40:00,9973.9,9974.6,9956.0,9960.1,657,18,0
2026-03-24 20:45:00,9959.9,9960.7,9952.1,9954.3,508,18,0
2026-03-24 20:50:00,9954.6,9964.1,9954.3,9959.2,471,18,0
2026-03-24 20:55:00,9958.7,9958.7,9948.7,9953.8,443,18,0
2026-03-24 21:00:00,9953.8,9965.2,9953.6,9961.1,467,18,0
2026-03-24 21:05:00,9961.2,9979.5,9959.3,9977.5,448,18,0
2026-03-24 21:10:00,9977.5,9985.0,9974.1,9976.7,393,18,0
2026-03-24 21:15:00,9976.7,9976.7,9965.5,9967.6,378,18,0
2026-03-24 21:20:00,9967.7,9970.1,9964.2,9965.8,358,18,0
2026-03-24 21:25:00,9965.8,9966.9,9955.5,9957.5,329,18,0
2026-03-24 21:30:00,9957.4,9963.5,9953.5,9956.7,514,18,0
2026-03-24 21:35:00,9956.7,9956.7,9952.0,9953.2,504,18,0
2026-03-24 21:40:00,9953.2,9959.3,9952.6,9955.5,339,18,0
2026-03-24 21:45:00,9955.7,9955.7,9946.6,9946.8,314,18,0
2026-03-24 21:50:00,9947.2,9957.7,9947.1,9948.7,337,18,0
2026-03-24 21:55:00,9949.0,9949.7,9934.0,9936.6,359,18,0
2026-03-24 22:00:00,9936.3,9941.7,9936.3,9940.6,271,18,0
2026-03-24 22:05:00,9940.3,9940.5,9936.6,9937.6,139,18,0
2026-03-24 22:10:00,9937.6,9938.5,9935.4,9936.6,144,18,0
2026-03-24 22:15:00,9936.7,9944.4,9933.4,9942.7,185,18,0
2026-03-24 22:20:00,9943.0,10013.1,9942.0,10012.1,905,18,0
2026-03-24 22:25:00,10011.9,10028.5,9985.8,9991.2,739,18,0
2026-03-24 22:30:00,9991.2,10008.9,9990.7,10001.9,552,18,0
2026-03-24 22:35:00,10001.9,10026.5,10000.6,10021.2,614,18,0
2026-03-24 22:40:00,10021.0,10021.5,9993.2,10001.2,544,18,0
2026-03-24 22:45:00,10001.1,10003.6,9985.4,9998.9,468,18,0
2026-03-24 22:50:00,9998.9,10004.3,9994.2,9998.9,375,18,0
2026-03-24 22:55:00,9998.9,10006.0,9997.2,10002.2,319,18,0
2026-03-25 03:00:00,10031.5,10041.7,10029.6,10035.8,364,18,0
2026-03-25 03:05:00,10035.6,10040.4,10033.0,10038.3,203,18,0
2026-03-25 03:10:00,10038.3,10044.4,10033.0,10033.5,297,18,0
2026-03-25 03:15:00,10034.0,10038.4,10033.5,10036.2,303,21,0
2026-03-25 03:20:00,10036.2,10042.6,10035.7,10041.1,263,20,0
2026-03-25 03:25:00,10041.1,10044.0,10039.0,10040.4,255,19,0
2026-03-25 03:30:00,10040.6,10043.3,10038.6,10042.2,294,18,0
2026-03-25 03:35:00,10042.3,10044.0,10039.9,10042.7,255,18,0
2026-03-25 03:40:00,10042.8,10050.9,10035.0,10042.2,305,19,0
2026-03-25 03:45:00,10041.6,10047.2,10040.1,10044.2,223,20,0
2026-03-25 03:50:00,10044.5,10046.3,10042.7,10046.3,193,23,0
2026-03-25 03:55:00,10045.8,10047.0,10037.1,10038.2,230,18,0
2026-03-25 04:00:00,10037.6,10037.8,10026.2,10028.8,351,18,0
2026-03-25 04:05:00,10028.9,10029.6,10019.2,10020.5,234,20,0
2026-03-25 04:10:00,10020.2,10022.5,10013.8,10018.1,300,23,0
2026-03-25 04:15:00,10018.1,10025.2,10017.3,10023.2,237,23,0
2026-03-25 04:20:00,10023.4,10027.0,10021.3,10023.7,269,21,0
2026-03-25 04:25:00,10023.6,10025.5,10023.1,10024.4,203,21,0
2026-03-25 04:30:00,10024.4,10024.4,10018.1,10018.7,184,25,0
2026-03-25 04:35:00,10018.8,10020.9,10017.5,10017.7,166,25,0
2026-03-25 04:40:00,10017.9,10019.4,10016.0,10016.5,171,24,0
2026-03-25 04:45:00,10016.1,10019.5,10014.3,10016.2,185,24,0
2026-03-25 04:50:00,10016.3,10017.6,10012.3,10014.9,189,20,0
2026-03-25 04:55:00,10014.9,10015.1,10006.5,10008.5,202,19,0
2026-03-25 05:00:00,10008.5,10010.0,10007.9,10009.6,132,27,0
2026-03-25 05:05:00,10009.6,10013.7,10008.5,10008.5,185,19,0
2026-03-25 05:10:00,10008.6,10011.4,10002.8,10006.4,246,19,0
2026-03-25 05:15:00,10006.5,10006.5,10001.5,10004.1,75,30,0
2026-03-25 05:20:00,10004.3,10005.1,10000.6,10003.3,220,22,0
2026-03-25 05:25:00,10003.1,10005.2,10001.4,10003.3,112,22,0
2026-03-25 05:30:00,10003.3,10006.2,10001.1,10002.1,197,21,0
2026-03-25 05:35:00,10002.3,10008.4,10001.5,10008.4,201,25,0
2026-03-25 05:40:00,10008.3,10008.3,10004.7,10006.6,129,23,0
2026-03-25 05:45:00,10006.6,10009.0,10006.4,10007.5,185,23,0
2026-03-25 05:50:00,10007.6,10013.0,10007.1,10012.6,144,20,0
2026-03-25 05:55:00,10013.0,10015.9,10011.4,10013.5,125,25,0
2026-03-25 06:00:00,10014.1,10014.5,10012.2,10014.5,112,28,0
2026-03-25 06:05:00,10014.3,10021.4,10013.6,10021.4,135,18,0
2026-03-25 06:10:00,10021.4,10021.6,10018.8,10020.9,88,18,0
2026-03-25 06:15:00,10020.6,10025.5,10019.5,10025.2,95,26,0
2026-03-25 06:20:00,10025.2,10026.4,10023.2,10024.9,85,25,0
2026-03-25 06:25:00,10025.0,10027.8,10024.3,10027.7,129,18,0
2026-03-25 06:30:00,10027.7,10029.0,10023.8,10028.1,129,19,0
2026-03-25 06:35:00,10028.2,10028.3,10025.1,10027.6,162,21,0
2026-03-25 06:40:00,10027.6,10027.9,10025.3,10025.8,126,21,0
2026-03-25 06:45:00,10025.8,10025.8,10020.3,10021.8,180,20,0
2026-03-25 06:50:00,10021.8,10023.3,10021.4,10022.4,132,21,0
2026-03-25 06:55:00,10023.3,10028.0,10022.0,10026.8,159,19,0
2026-03-25 07:00:00,10026.9,10027.3,10013.3,10013.3,239,18,0
2026-03-25 07:05:00,10013.3,10019.9,10012.7,10018.4,170,21,0
2026-03-25 07:10:00,10018.4,10022.5,10018.4,10022.0,256,19,0
2026-03-25 07:15:00,10022.2,10022.4,10013.6,10014.5,195,18,0
2026-03-25 07:20:00,10014.6,10016.0,10010.8,10015.9,187,19,0
2026-03-25 07:25:00,10016.0,10016.9,10012.2,10014.4,200,18,0
2026-03-25 07:30:00,10013.9,10018.5,10013.5,10016.9,279,22,0
2026-03-25 07:35:00,10017.2,10026.4,10017.0,10025.1,239,18,0
2026-03-25 07:40:00,10025.5,10030.9,10025.5,10029.5,228,18,0
2026-03-25 07:45:00,10029.2,10031.5,10028.4,10030.5,197,18,0
2026-03-25 07:50:00,10030.5,10031.3,10023.6,10023.6,128,18,0
2026-03-25 07:55:00,10023.6,10024.9,10019.8,10023.7,232,18,0
2026-03-25 08:00:00,10023.5,10024.8,10010.3,10011.1,238,18,0
2026-03-25 08:05:00,10011.0,10013.0,10006.5,10006.5,238,19,0
2026-03-25 08:10:00,10006.8,10011.9,10006.5,10011.2,186,23,0
2026-03-25 08:15:00,10011.8,10017.0,10011.6,10016.6,153,24,0
2026-03-25 08:20:00,10016.9,10018.5,10013.9,10014.4,141,20,0
2026-03-25 08:25:00,10014.4,10017.3,10013.1,10016.6,177,18,0
2026-03-25 08:30:00,10017.1,10018.0,10012.1,10016.2,287,18,0
2026-03-25 08:35:00,10016.2,10018.9,10015.1,10015.3,186,19,0
2026-03-25 08:40:00,10015.6,10018.5,10015.3,10017.6,158,18,0
2026-03-25 08:45:00,10017.9,10022.3,10017.3,10021.0,120,21,0
2026-03-25 08:50:00,10021.1,10024.1,10021.0,10024.0,94,27,0
2026-03-25 08:55:00,10023.9,10024.4,10020.5,10020.5,145,18,0
2026-03-25 09:00:00,10020.5,10020.9,10003.0,10008.5,259,18,0
2026-03-25 09:05:00,10008.5,10010.2,9999.9,10002.8,275,18,0
2026-03-25 09:10:00,10003.2,10014.8,10003.2,10011.2,273,18,0
2026-03-25 09:15:00,10011.2,10015.6,10007.8,10013.8,269,18,0
2026-03-25 09:20:00,10013.9,10014.3,9999.5,9999.8,366,18,0
2026-03-25 09:25:00,9999.7,10003.4,9997.5,10002.5,332,18,0
2026-03-25 09:30:00,10002.8,10013.3,10002.7,10010.7,323,18,0
2026-03-25 09:35:00,10010.9,10014.9,10009.1,10014.9,291,18,0
2026-03-25 09:40:00,10015.3,10025.1,10014.1,10021.7,360,18,0
2026-03-25 09:45:00,10021.7,10029.4,10020.1,10025.6,287,18,0
2026-03-25 09:50:00,10025.9,10031.9,10016.8,10029.3,353,18,0
2026-03-25 09:55:00,10029.3,10036.8,10025.5,10035.7,356,18,0
2026-03-25 10:00:00,10037.4,10045.5,10019.8,10040.7,886,11,0
2026-03-25 10:05:00,10041.1,10057.8,10040.8,10047.9,813,10,0
2026-03-25 10:10:00,10047.9,10056.5,10042.9,10051.9,740,10,0
2026-03-25 10:15:00,10052.0,10061.5,10051.5,10061.5,612,10,0
2026-03-25 10:20:00,10061.5,10068.0,10052.0,10057.5,651,10,0
2026-03-25 10:25:00,10057.4,10062.9,10053.8,10054.5,627,10,0
2026-03-25 10:30:00,10054.3,10077.5,10052.6,10076.9,582,10,0
2026-03-25 10:35:00,10076.9,10079.5,10054.9,10064.8,847,10,0
2026-03-25 10:40:00,10064.6,10072.8,10062.8,10064.9,692,10,0
2026-03-25 10:45:00,10064.9,10078.3,10060.3,10070.4,749,10,0
2026-03-25 10:50:00,10069.5,10073.0,10057.0,10057.5,649,10,0
2026-03-25 10:55:00,10057.6,10064.0,10053.0,10060.9,439,10,0
2026-03-25 11:00:00,10061.0,10071.5,10053.7,10067.4,570,10,0
2026-03-25 11:05:00,10067.3,10073.0,10064.4,10067.8,581,10,0
2026-03-25 11:10:00,10067.9,10076.3,10067.3,10072.0,529,10,0
2026-03-25 11:15:00,10072.0,10077.4,10069.2,10077.4,548,10,0
2026-03-25 11:20:00,10077.4,10077.5,10055.0,10056.5,476,10,0
2026-03-25 11:25:00,10056.5,10056.5,10044.4,10051.8,561,10,0
2026-03-25 11:30:00,10051.8,10066.0,10051.8,10057.5,529,10,0
2026-03-25 11:35:00,10057.5,10063.0,10050.5,10054.0,581,10,0
2026-03-25 11:40:00,10054.3,10056.8,10045.9,10047.5,539,10,0
2026-03-25 11:45:00,10047.5,10048.5,10035.2,10038.9,610,10,0
2026-03-25 11:50:00,10039.0,10048.0,10037.9,10044.9,595,10,0
2026-03-25 11:55:00,10044.8,10060.8,10041.8,10055.0,625,10,0
2026-03-25 12:00:00,10054.8,10073.0,10054.3,10069.4,708,11,0
2026-03-25 12:05:00,10069.5,10070.5,10063.5,10069.5,554,11,0
2026-03-25 12:10:00,10070.0,10077.0,10068.0,10076.4,472,10,0
2026-03-25 12:15:00,10076.4,10080.0,10071.0,10078.5,505,10,0
2026-03-25 12:20:00,10078.5,10082.5,10068.4,10070.7,479,10,0
2026-03-25 12:25:00,10070.6,10076.5,10069.0,10073.5,474,10,0
2026-03-25 12:30:00,10073.5,10076.3,10070.0,10074.0,520,10,0
2026-03-25 12:35:00,10074.0,10088.0,10073.9,10084.8,449,10,0
2026-03-25 12:40:00,10084.9,10086.9,10073.7,10074.8,418,10,0
2026-03-25 12:45:00,10074.9,10081.9,10072.0,10081.8,478,10,0
2026-03-25 12:50:00,10081.6,10088.5,10080.3,10087.4,474,10,0
2026-03-25 12:55:00,10087.4,10087.7,10081.0,10081.1,443,10,0
2026-03-25 13:00:00,10081.1,10087.0,10078.0,10087.0,486,10,0
2026-03-25 13:05:00,10086.8,10093.9,10086.1,10091.7,406,10,0
2026-03-25 13:10:00,10092.0,10093.9,10084.5,10088.0,370,10,0
2026-03-25 13:15:00,10088.0,10091.5,10085.3,10090.7,411,10,0
2026-03-25 13:20:00,10090.8,10101.5,10089.2,10100.2,376,10,0
2026-03-25 13:25:00,10100.2,10101.8,10093.6,10095.4,459,10,0
2026-03-25 13:30:00,10095.3,10102.5,10095.3,10102.4,414,10,0
2026-03-25 13:35:00,10102.5,10111.0,10101.8,10109.5,302,10,0
2026-03-25 13:40:00,10109.5,10110.3,10102.0,10110.3,323,10,0
2026-03-25 13:45:00,10110.3,10113.1,10089.1,10096.9,542,10,0
2026-03-25 13:50:00,10096.9,10105.0,10091.1,10101.5,552,10,0
2026-03-25 13:55:00,10101.5,10112.0,10096.5,10110.0,467,10,0
2026-03-25 14:00:00,10110.1,10115.4,10104.8,10106.0,563,10,0
2026-03-25 14:05:00,10106.0,10120.2,10104.8,10115.5,541,10,0
2026-03-25 14:10:00,10115.4,10116.4,10108.0,10114.5,454,10,0
2026-03-25 14:15:00,10114.5,10115.5,10079.8,10081.8,862,11,0
2026-03-25 14:20:00,10081.6,10087.5,10064.8,10066.1,865,10,0
2026-03-25 14:25:00,10066.1,10075.9,10061.8,10069.8,744,10,0
2026-03-25 14:30:00,10069.9,10069.9,10050.0,10059.5,809,10,0
2026-03-25 14:35:00,10060.0,10082.0,10059.6,10081.6,710,10,0
2026-03-25 14:40:00,10081.5,10082.1,10072.8,10073.5,580,11,0
2026-03-25 14:45:00,10073.5,10083.5,10068.9,10080.8,615,10,0
2026-03-25 14:50:00,10080.5,10090.1,10078.3,10090.1,632,10,0
2026-03-25 14:55:00,10089.8,10100.0,10088.0,10088.0,505,10,0
2026-03-25 15:00:00,10088.0,10106.0,10083.0,10103.9,694,10,0
2026-03-25 15:05:00,10103.9,10105.2,10095.6,10096.9,587,10,0
2026-03-25 15:10:00,10096.9,10100.3,10086.3,10090.0,527,10,0
2026-03-25 15:15:00,10090.0,10094.0,10089.1,10091.5,483,10,0
2026-03-25 15:20:00,10091.7,10094.6,10086.5,10093.5,540,10,0
2026-03-25 15:25:00,10093.5,10094.0,10088.0,10090.3,543,10,0
2026-03-25 15:30:00,10090.4,10099.5,10084.4,10088.5,723,10,0
2026-03-25 15:35:00,10088.5,10103.5,10087.3,10092.2,682,10,0
2026-03-25 15:40:00,10092.2,10099.9,10085.5,10087.5,702,10,0
2026-03-25 15:45:00,10087.5,10092.0,10075.9,10077.0,763,10,0
2026-03-25 15:50:00,10077.3,10079.8,10066.4,10072.0,770,10,0
2026-03-25 15:55:00,10072.0,10085.0,10071.3,10076.0,773,10,0
2026-03-25 16:00:00,10076.0,10086.5,10065.8,10080.5,745,10,0
2026-03-25 16:05:00,10080.0,10084.1,10071.0,10084.0,728,10,0
2026-03-25 16:10:00,10083.7,10103.4,10080.9,10102.8,689,10,0
2026-03-25 16:15:00,10102.8,10110.5,10097.9,10099.0,494,10,0
2026-03-25 16:20:00,10099.0,10104.5,10087.4,10089.5,647,10,0
2026-03-25 16:25:00,10089.6,10104.9,10087.5,10101.3,750,10,0
2026-03-25 16:30:00,10101.4,10113.0,10096.4,10113.0,723,10,0
2026-03-25 16:35:00,10113.0,10115.5,10102.0,10104.8,647,10,0
2026-03-25 16:40:00,10105.4,10110.5,10100.0,10106.8,578,10,0
2026-03-25 16:45:00,10107.0,10114.9,10107.0,10114.5,498,10,0
2026-03-25 16:50:00,10114.5,10116.0,10106.1,10107.0,452,10,0
2026-03-25 16:55:00,10108.0,10108.5,10091.5,10096.5,496,10,0
2026-03-25 17:00:00,10096.8,10097.1,10084.6,10092.5,596,10,0
2026-03-25 17:05:00,10092.5,10092.7,10068.7,10068.9,663,10,0
2026-03-25 17:10:00,10068.9,10072.5,10062.4,10063.3,628,10,0
2026-03-25 17:15:00,10063.4,10068.0,10041.0,10055.0,848,10,0
2026-03-25 17:20:00,10055.5,10093.0,10055.4,10086.9,692,10,0
2026-03-25 17:25:00,10086.8,10095.5,10083.5,10095.0,596,10,0
2026-03-25 17:30:00,10095.0,10098.5,10090.6,10096.0,509,10,0
2026-03-25 17:35:00,10095.9,10096.2,10078.6,10081.0,484,10,0
2026-03-25 17:40:00,10081.0,10093.5,10080.8,10092.0,555,10,0
2026-03-25 17:45:00,10092.0,10094.5,10081.5,10085.5,559,10,0
2026-03-25 17:50:00,10085.5,10088.0,10078.0,10081.4,613,10,0
2026-03-25 17:55:00,10081.4,10089.6,10078.5,10080.5,683,10,0
2026-03-25 18:00:00,10080.5,10086.9,10077.9,10079.5,692,10,0
2026-03-25 18:05:00,10079.5,10082.6,10073.6,10080.7,666,10,0
2026-03-25 18:10:00,10080.7,10085.0,10073.9,10081.8,567,10,0
2026-03-25 18:15:00,10081.5,10083.1,10073.9,10076.4,536,10,0
2026-03-25 18:20:00,10076.5,10081.5,10069.0,10081.3,627,10,0
2026-03-25 18:25:00,10083.0,10093.0,10081.5,10093.0,699,10,0
2026-03-25 18:30:00,10092.8,10111.2,10092.8,10108.7,675,10,0
2026-03-25 18:35:00,10107.9,10116.1,10103.7,10114.7,498,18,0
2026-03-25 18:40:00,10115.2,10121.4,10111.4,10114.2,380,18,0
2026-03-25 18:45:00,10114.2,10115.7,10106.2,10108.5,373,18,0
2026-03-25 18:50:00,10108.5,10114.3,10103.3,10113.7,427,18,0
2026-03-25 18:55:00,10112.9,10114.8,10105.7,10110.2,326,18,0
2026-03-25 19:00:00,10110.2,10121.5,10107.2,10117.9,536,18,0
2026-03-25 19:05:00,10118.0,10119.9,10113.7,10114.7,409,18,0
2026-03-25 19:10:00,10114.7,10125.0,10112.9,10122.7,370,18,0
2026-03-25 19:15:00,10122.7,10122.7,10111.7,10115.8,377,18,0
2026-03-25 19:20:00,10115.8,10124.2,10114.9,10120.3,297,18,0
2026-03-25 19:25:00,10120.4,10126.2,10119.7,10123.4,293,18,0
2026-03-25 19:30:00,10123.4,10125.9,10117.9,10124.2,339,18,0
2026-03-25 19:35:00,10124.7,10128.9,10124.7,10127.7,253,18,0
2026-03-25 19:40:00,10127.7,10130.0,10122.7,10124.9,366,18,0
2026-03-25 19:45:00,10124.9,10125.6,10118.2,10119.3,330,18,0
2026-03-25 19:50:00,10119.3,10120.6,10107.7,10110.3,420,18,0
2026-03-25 19:55:00,10110.3,10120.7,10109.4,10111.2,393,18,0
2026-03-25 20:00:00,10111.2,10114.4,10108.2,10111.9,323,18,0
2026-03-25 20:05:00,10111.9,10116.9,10110.6,10110.7,223,18,0
2026-03-25 20:10:00,10110.7,10110.7,10104.6,10107.2,204,18,0
2026-03-25 20:15:00,10107.2,10113.2,10106.7,10108.6,237,18,0
2026-03-25 20:20:00,10108.8,10111.6,10107.6,10108.7,193,18,0
2026-03-25 20:25:00,10108.7,10109.7,10101.2,10103.3,204,18,0
2026-03-25 20:30:00,10103.2,10107.7,10103.2,10105.9,203,18,0
2026-03-25 20:35:00,10105.9,10107.7,10104.7,10107.3,172,18,0
2026-03-25 20:40:00,10107.3,10108.3,10102.7,10105.7,165,18,0
2026-03-25 20:45:00,10105.3,10109.7,10103.7,10107.7,185,18,0
2026-03-25 20:50:00,10107.7,10109.7,10107.2,10108.2,157,18,0
2026-03-25 20:55:00,10108.2,10108.4,10092.7,10106.7,505,18,0
2026-03-25 21:00:00,10106.6,10110.2,10103.2,10109.9,385,18,0
2026-03-25 21:05:00,10109.9,10115.2,10109.2,10110.2,296,18,0
2026-03-25 21:10:00,10110.2,10114.7,10107.5,10114.7,213,18,0
2026-03-25 21:15:00,10114.7,10119.3,10114.2,10118.7,255,18,0
2026-03-25 21:20:00,10118.7,10121.8,10117.9,10118.7,196,18,0
2026-03-25 21:25:00,10118.9,10119.4,10113.7,10114.2,171,18,0
2026-03-25 21:30:00,10113.9,10114.2,10105.2,10108.2,219,18,0
2026-03-25 21:35:00,10107.9,10109.7,10101.6,10105.2,197,18,0
2026-03-25 21:40:00,10105.2,10111.9,10104.5,10106.9,204,18,0
2026-03-25 21:45:00,10106.9,10109.3,10104.7,10106.9,179,18,0
2026-03-25 21:50:00,10107.2,10111.2,10103.6,10108.1,199,18,0
2026-03-25 21:55:00,10108.1,10112.4,10098.7,10111.4,278,18,0
2026-03-25 22:00:00,10111.4,10115.9,10110.1,10110.9,167,18,0
2026-03-25 22:05:00,10110.9,10112.4,10109.4,10110.7,83,18,0
2026-03-25 22:10:00,10110.6,10111.8,10108.5,10111.1,49,18,0
2026-03-25 22:15:00,10111.1,10115.4,10110.9,10114.4,82,18,0
2026-03-25 22:20:00,10114.4,10114.4,10111.8,10111.9,92,18,0
2026-03-25 22:25:00,10111.9,10111.9,10106.9,10107.2,92,18,0
2026-03-25 22:30:00,10108.2,10108.8,10106.5,10108.4,103,18,0
2026-03-25 22:35:00,10109.0,10109.6,10106.7,10106.7,76,18,0
2026-03-25 22:40:00,10106.4,10106.7,10105.2,10105.2,60,18,0
2026-03-25 22:45:00,10105.2,10105.5,10101.1,10101.2,68,18,0
2026-03-25 22:50:00,10101.2,10102.9,10101.2,10102.4,57,18,0
2026-03-25 22:55:00,10103.1,10104.7,10103.1,10103.8,81,18,0
2026-03-26 03:00:00,10091.8,10098.2,10090.2,10095.9,302,20,0
2026-03-26 03:05:00,10095.9,10097.9,10091.0,10093.4,263,19,0
2026-03-26 03:10:00,10093.5,10095.4,10088.8,10089.4,172,18,0
2026-03-26 03:15:00,10089.4,10090.2,10082.4,10083.1,191,18,0
2026-03-26 03:20:00,10083.0,10087.0,10083.0,10085.9,122,21,0
2026-03-26 03:25:00,10085.8,10086.2,10084.0,10085.9,112,19,0
2026-03-26 03:30:00,10085.9,10086.9,10081.5,10083.4,178,18,0
2026-03-26 03:35:00,10084.1,10084.3,10080.5,10082.4,146,18,0
2026-03-26 03:40:00,10082.4,10084.0,10079.2,10079.2,168,18,0
2026-03-26 03:45:00,10079.2,10080.9,10078.9,10079.6,158,18,0
2026-03-26 03:50:00,10079.5,10079.9,10074.1,10076.1,143,18,0
2026-03-26 03:55:00,10075.5,10079.5,10074.8,10077.6,313,18,0
2026-03-26 04:00:00,10077.6,10082.4,10076.0,10082.2,199,18,0
2026-03-26 04:05:00,10082.2,10082.2,10078.5,10079.5,222,18,0
2026-03-26 04:10:00,10079.4,10079.5,10076.0,10076.2,137,18,0
2026-03-26 04:15:00,10076.2,10076.4,10071.2,10072.0,255,18,0
2026-03-26 04:20:00,10072.0,10076.9,10067.9,10068.1,197,18,0
2026-03-26 04:25:00,10068.0,10068.4,10060.7,10061.9,254,18,0
2026-03-26 04:30:00,10061.9,10062.5,10052.9,10053.3,286,18,0
2026-03-26 04:35:00,10053.2,10054.9,10043.3,10045.6,385,19,0
2026-03-26 04:40:00,10045.7,10052.6,10045.4,10049.7,220,18,0
2026-03-26 04:45:00,10050.3,10055.5,10050.0,10055.2,225,18,0
2026-03-26 04:50:00,10055.4,10056.4,10049.9,10050.3,213,18,0
2026-03-26 04:55:00,10050.3,10050.5,10045.4,10047.1,195,18,0
2026-03-26 05:00:00,10046.9,10052.1,10046.4,10049.7,206,20,0
2026-03-26 05:05:00,10049.7,10051.5,10047.0,10047.4,140,18,0
2026-03-26 05:10:00,10047.3,10056.4,10046.2,10056.0,125,22,0
2026-03-26 05:15:00,10056.0,10056.3,10052.6,10053.5,148,23,0
2026-03-26 05:20:00,10053.3,10060.1,10053.3,10060.1,134,22,0
2026-03-26 05:25:00,10058.7,10060.4,10057.8,10058.5,154,22,0
2026-03-26 05:30:00,10058.6,10072.2,10057.7,10071.7,375,18,0
2026-03-26 05:35:00,10071.6,10073.7,10070.1,10072.3,267,18,0
2026-03-26 05:40:00,10072.0,10074.0,10070.3,10070.9,300,18,0
2026-03-26 05:45:00,10070.9,10072.8,10063.4,10063.6,199,18,0
2026-03-26 05:50:00,10063.6,10063.6,10057.6,10058.9,274,18,0
2026-03-26 05:55:00,10058.9,10059.8,10056.5,10059.0,178,18,0
2026-03-26 06:00:00,10058.8,10060.4,10057.4,10057.9,169,18,0
2026-03-26 06:05:00,10057.9,10059.9,10056.8,10059.1,160,20,0
2026-03-26 06:10:00,10059.1,10060.9,10057.5,10059.9,99,27,0
2026-03-26 06:15:00,10059.8,10062.0,10058.6,10061.5,134,26,0
2026-03-26 06:20:00,10061.2,10063.8,10059.1,10060.6,114,27,0
2026-03-26 06:25:00,10060.8,10063.9,10060.5,10063.0,103,27,0
2026-03-26 06:30:00,10063.1,10063.7,10060.1,10060.1,99,21,0
2026-03-26 06:35:00,10060.0,10060.9,10058.1,10058.2,126,23,0
2026-03-26 06:40:00,10058.2,10059.5,10057.8,10058.1,128,28,0
2026-03-26 06:45:00,10058.1,10060.0,10058.1,10060.0,120,20,0
2026-03-26 06:50:00,10060.0,10060.2,10056.2,10057.1,122,18,0
2026-03-26 06:55:00,10057.1,10058.2,10054.5,10056.1,154,22,0
2026-03-26 07:00:00,10056.1,10061.3,10055.5,10060.9,221,21,0
2026-03-26 07:05:00,10060.9,10060.9,10051.5,10052.2,252,18,0
2026-03-26 07:10:00,10052.2,10054.3,10049.7,10052.8,266,19,0
2026-03-26 07:15:00,10052.7,10055.0,10052.5,10053.2,142,20,0
2026-03-26 07:20:00,10053.1,10054.7,10046.0,10048.1,116,19,0
2026-03-26 07:25:00,10048.1,10048.2,10039.7,10042.9,255,20,0
2026-03-26 07:30:00,10042.9,10044.4,10039.3,10042.5,222,18,0
2026-03-26 07:35:00,10042.4,10047.7,10042.4,10046.1,164,20,0
2026-03-26 07:40:00,10046.2,10049.2,10043.4,10043.8,154,18,0
2026-03-26 07:45:00,10043.7,10044.4,10040.1,10043.7,171,20,0
2026-03-26 07:50:00,10044.3,10044.6,10040.2,10040.5,160,19,0
2026-03-26 07:55:00,10041.2,10043.4,10040.2,10040.2,195,18,0
2026-03-26 08:00:00,10040.2,10047.2,10036.1,10046.3,234,18,0
2026-03-26 08:05:00,10046.4,10047.6,10041.7,10044.2,201,18,0
2026-03-26 08:10:00,10044.2,10046.0,10042.3,10043.2,204,18,0
2026-03-26 08:15:00,10043.7,10048.9,10042.9,10048.0,173,19,0
2026-03-26 08:20:00,10048.2,10049.1,10045.6,10047.0,142,18,0
2026-03-26 08:25:00,10047.2,10061.2,10045.9,10060.0,187,18,0
2026-03-26 08:30:00,10059.7,10062.7,10057.5,10060.8,266,21,0
2026-03-26 08:35:00,10060.8,10064.4,10057.9,10058.8,167,25,0
2026-03-26 08:40:00,10059.6,10061.0,10054.9,10057.0,147,18,0
2026-03-26 08:45:00,10057.1,10058.0,10055.0,10056.5,99,18,0
2026-03-26 08:50:00,10057.2,10057.8,10052.7,10055.9,119,18,0
2026-03-26 08:55:00,10055.7,10061.0,10055.6,10059.8,173,18,0
2026-03-26 09:00:00,10059.5,10061.0,10052.8,10056.0,297,18,0
2026-03-26 09:05:00,10056.2,10056.2,10042.8,10045.7,298,18,0
2026-03-26 09:10:00,10045.9,10048.8,10044.2,10048.3,223,18,0
2026-03-26 09:15:00,10048.3,10049.4,10045.1,10048.7,224,18,0
2026-03-26 09:20:00,10048.7,10057.5,10035.0,10054.3,436,18,0
2026-03-26 09:25:00,10054.6,10056.1,10051.4,10052.8,272,18,0
2026-03-26 09:30:00,10052.8,10052.8,10039.1,10045.3,292,18,0
2026-03-26 09:35:00,10044.9,10051.9,10044.9,10048.7,265,18,0
2026-03-26 09:40:00,10048.7,10051.8,10040.9,10044.3,253,18,0
2026-03-26 09:45:00,10044.1,10049.1,10043.8,10046.7,265,18,0
2026-03-26 09:50:00,10046.7,10049.4,10042.2,10043.9,239,18,0
2026-03-26 09:55:00,10043.9,10045.0,10037.4,10040.5,284,18,0
2026-03-26 10:00:00,10040.2,10047.1,10022.3,10045.0,794,10,0
2026-03-26 10:05:00,10045.7,10047.9,10035.0,10041.4,832,10,0
2026-03-26 10:10:00,10042.1,10044.5,10025.6,10026.4,727,10,0
2026-03-26 10:15:00,10026.5,10040.9,10025.6,10031.3,793,10,0
2026-03-26 10:20:00,10031.6,10041.9,10026.0,10029.4,710,10,0
2026-03-26 10:25:00,10029.3,10035.5,10017.3,10019.4,778,10,0
2026-03-26 10:30:00,10019.4,10026.0,10014.6,10018.6,790,10,0
2026-03-26 10:35:00,10018.5,10024.7,10012.0,10016.8,747,10,0
2026-03-26 10:40:00,10016.9,10025.4,10009.5,10012.0,772,10,0
2026-03-26 10:45:00,10012.0,10013.0,10004.4,10007.5,476,11,0
2026-03-26 10:50:00,10007.3,10016.4,10007.3,10013.4,495,10,0
2026-03-26 10:55:00,10013.4,10029.3,10011.4,10021.4,519,10,0
2026-03-26 11:00:00,10021.2,10022.4,10005.2,10015.4,612,11,0
2026-03-26 11:05:00,10015.4,10023.8,10010.3,10014.9,557,10,0
2026-03-26 11:10:00,10014.9,10027.5,10011.7,10012.1,548,11,0
2026-03-26 11:15:00,10012.2,10015.5,10007.2,10012.7,537,10,0
2026-03-26 11:20:00,10012.8,10017.4,10003.4,10003.4,471,10,0
2026-03-26 11:25:00,10003.3,10005.5,9992.9,9993.0,536,10,0
2026-03-26 11:30:00,9993.0,9993.1,9975.9,9975.9,591,10,0
2026-03-26 11:35:00,9975.5,9980.3,9969.6,9975.1,520,10,0
2026-03-26 11:40:00,9975.1,9979.7,9967.3,9977.9,603,11,0
2026-03-26 11:45:00,9977.9,9980.7,9969.8,9970.4,500,10,0
2026-03-26 11:50:00,9970.4,9985.0,9970.4,9982.9,457,10,0
2026-03-26 11:55:00,9983.1,9990.0,9982.2,9986.0,402,10,0
2026-03-26 12:00:00,9986.0,9986.0,9973.8,9982.6,507,10,0
2026-03-26 12:05:00,9982.8,9996.4,9982.4,9992.9,504,11,0
2026-03-26 12:10:00,9992.8,10000.9,9991.6,10000.9,366,10,0
2026-03-26 12:15:00,10000.9,10003.3,9992.9,9994.4,449,11,0
2026-03-26 12:20:00,9993.9,10001.2,9993.8,9999.8,393,11,0
2026-03-26 12:25:00,9999.9,10008.4,9997.8,10006.9,344,11,0
2026-03-26 12:30:00,10006.9,10015.5,10005.8,10015.3,305,11,0
2026-03-26 12:35:00,10015.3,10016.4,10001.9,10002.8,344,10,0
2026-03-26 12:40:00,10002.6,10009.7,10000.1,10000.3,537,11,0
2026-03-26 12:45:00,10000.3,10004.5,9996.2,9998.2,380,10,0
2026-03-26 12:50:00,9998.4,10000.9,9993.2,9993.2,370,12,0
2026-03-26 12:55:00,9993.2,9998.8,9992.3,9997.4,346,11,0
2026-03-26 13:00:00,9997.4,9999.8,9991.6,9993.6,462,11,0
2026-03-26 13:05:00,9993.8,10001.5,9992.5,10001.0,453,10,0
2026-03-26 13:10:00,10001.3,10002.3,9988.1,9988.7,448,10,0
2026-03-26 13:15:00,9988.5,9991.9,9984.9,9989.9,459,10,0
2026-03-26 13:20:00,9990.0,9990.0,9982.3,9982.5,447,10,0
2026-03-26 13:25:00,9982.2,9983.4,9969.0,9973.4,588,10,0
2026-03-26 13:30:00,9973.4,9976.1,9964.0,9973.3,583,10,0
2026-03-26 13:35:00,9973.4,9975.5,9968.8,9972.6,534,10,0
2026-03-26 13:40:00,9972.8,9974.7,9966.6,9969.0,508,10,0
2026-03-26 13:45:00,9969.0,9973.4,9966.6,9967.9,461,10,0
2026-03-26 13:50:00,9967.9,9971.0,9962.1,9969.4,464,10,0
2026-03-26 13:55:00,9969.3,9970.5,9960.2,9960.5,455,10,0
2026-03-26 14:00:00,9960.5,9964.0,9950.0,9958.5,589,10,0
2026-03-26 14:05:00,9958.4,9982.0,9958.4,9977.5,549,10,0
2026-03-26 14:10:00,9976.9,9985.0,9973.5,9980.3,502,10,0
2026-03-26 14:15:00,9980.5,9984.0,9974.0,9976.5,469,10,0
2026-03-26 14:20:00,9976.5,9981.0,9974.0,9975.7,509,10,0
2026-03-26 14:25:00,9975.9,9979.1,9975.0,9975.0,321,10,0
2026-03-26 14:30:00,9975.0,9975.0,9962.4,9963.0,535,10,0
2026-03-26 14:35:00,9963.0,9973.5,9959.0,9973.4,570,10,0
2026-03-26 14:40:00,9973.4,9974.9,9964.2,9965.0,485,10,0
2026-03-26 14:45:00,9965.0,9979.5,9965.0,9975.9,448,10,0
2026-03-26 14:50:00,9975.9,9978.5,9969.4,9971.6,544,10,0
2026-03-26 14:55:00,9971.6,9981.1,9971.6,9979.8,529,10,0
2026-03-26 15:00:00,9979.8,9982.0,9973.0,9975.5,643,10,0
2026-03-26 15:05:00,9975.2,9977.1,9968.1,9970.2,590,10,0
2026-03-26 15:10:00,9970.1,9980.0,9967.6,9972.9,591,10,0
2026-03-26 15:15:00,9972.9,9978.5,9970.5,9971.3,548,10,0
2026-03-26 15:20:00,9971.0,9974.8,9968.4,9968.7,495,10,0
2026-03-26 15:25:00,9968.8,9970.7,9962.8,9966.5,471,10,0
2026-03-26 15:30:00,9967.0,9979.9,9963.4,9979.9,764,10,0
2026-03-26 15:35:00,9979.9,9980.3,9967.1,9971.0,735,10,0
2026-03-26 15:40:00,9970.9,9986.2,9964.9,9986.0,789,10,0
2026-03-26 15:45:00,9985.7,10006.7,9985.7,9999.7,798,10,0
2026-03-26 15:50:00,9999.7,10009.9,9994.5,10004.4,816,10,0
2026-03-26 15:55:00,10004.2,10008.2,9987.8,10007.7,813,10,0
2026-03-26 16:00:00,10007.5,10009.2,9996.6,9998.2,820,10,0
2026-03-26 16:05:00,9998.0,10001.8,9989.4,10000.9,748,10,0
2026-03-26 16:10:00,10000.9,10009.9,9993.0,10009.9,668,10,0
2026-03-26 16:15:00,10010.0,10015.8,10007.3,10010.0,557,10,0
2026-03-26 16:20:00,10009.9,10014.0,10006.9,10008.0,557,10,0
2026-03-26 16:25:00,10008.0,10009.5,10001.8,10003.5,566,10,0
2026-03-26 16:30:00,10003.5,10017.9,10002.5,10017.6,634,10,0
2026-03-26 16:35:00,10017.7,10018.0,10009.0,10013.5,654,10,0
2026-03-26 16:40:00,10013.5,10024.4,9995.8,10000.5,906,10,0
2026-03-26 16:45:00,10000.4,10005.4,9993.6,9999.9,886,10,0
2026-03-26 16:50:00,10000.0,10005.2,9982.1,9982.1,824,10,0
2026-03-26 16:55:00,9982.3,9993.7,9976.5,9991.4,823,10,0
2026-03-26 17:00:00,9991.5,9994.4,9980.2,9982.5,744,10,0
2026-03-26 17:05:00,9982.5,9989.0,9977.1,9980.0,702,10,0
2026-03-26 17:10:00,9980.0,9989.5,9979.6,9985.8,654,10,0
2026-03-26 17:15:00,9985.5,9987.0,9972.5,9977.7,660,10,0
2026-03-26 17:20:00,9977.7,9985.2,9975.4,9980.4,679,10,0
2026-03-26 17:25:00,9981.0,9986.8,9978.0,9982.9,600,10,0
2026-03-26 17:30:00,9982.9,9984.4,9972.5,9975.6,649,10,0
2026-03-26 17:35:00,9975.7,9978.8,9969.5,9970.1,653,10,0
2026-03-26 17:40:00,9970.3,9974.0,9962.8,9966.9,574,10,0
2026-03-26 17:45:00,9967.3,9981.9,9966.7,9971.0,729,10,0
2026-03-26 17:50:00,9972.5,9983.3,9971.3,9973.9,605,10,0
2026-03-26 17:55:00,9974.0,9974.0,9962.1,9968.5,548,10,0
2026-03-26 18:00:00,9968.9,9974.1,9966.9,9971.9,567,10,0
2026-03-26 18:05:00,9972.0,9984.9,9969.0,9983.8,546,10,0
2026-03-26 18:10:00,9983.5,9986.6,9978.4,9983.0,563,10,0
2026-03-26 18:15:00,9983.0,9983.0,9963.1,9970.5,672,10,0
2026-03-26 18:20:00,9970.4,9971.4,9956.1,9963.4,511,10,0
2026-03-26 18:25:00,9963.4,9964.0,9954.0,9963.5,529,10,0
2026-03-26 18:30:00,9965.9,9973.1,9949.1,9969.1,579,10,0
2026-03-26 18:35:00,9970.6,9971.1,9958.6,9960.1,473,18,0
2026-03-26 18:40:00,9960.1,9968.6,9958.4,9965.1,437,18,0
2026-03-26 18:45:00,9965.1,9968.1,9954.9,9956.6,410,18,0
2026-03-26 18:50:00,9957.0,9959.1,9952.8,9957.6,372,18,0
2026-03-26 18:55:00,9957.6,9959.6,9954.3,9959.1,308,18,0
2026-03-26 19:00:00,9959.1,9970.7,9958.7,9966.1,461,18,0
2026-03-26 19:05:00,9966.1,9969.9,9962.1,9964.6,326,18,0
2026-03-26 19:10:00,9964.6,9964.6,9955.5,9955.6,310,18,0
2026-03-26 19:15:00,9955.6,9957.1,9951.4,9955.6,334,18,0
2026-03-26 19:20:00,9955.4,9955.4,9944.8,9945.6,323,18,0
2026-03-26 19:25:00,9945.7,9948.3,9938.0,9947.6,378,18,0
2026-03-26 19:30:00,9947.6,9951.1,9943.0,9950.7,383,18,0
2026-03-26 19:35:00,9950.7,9952.7,9943.9,9944.1,285,18,0
2026-03-26 19:40:00,9944.1,9944.1,9939.5,9941.5,341,18,0
2026-03-26 19:45:00,9941.3,9943.6,9937.1,9937.3,329,18,0
2026-03-26 19:50:00,9937.3,9938.2,9932.6,9935.6,341,18,0
2026-03-26 19:55:00,9936.2,9937.3,9932.1,9934.1,305,18,0
2026-03-26 20:00:00,9934.1,9946.6,9934.1,9943.1,358,18,0
2026-03-26 20:05:00,9944.2,9948.1,9943.5,9944.5,335,18,0
2026-03-26 20:10:00,9944.6,9946.7,9941.5,9946.6,223,18,0
2026-03-26 20:15:00,9946.6,9947.3,9943.5,9945.6,257,18,0
2026-03-26 20:20:00,9945.6,9948.8,9942.1,9947.6,212,18,0
2026-03-26 20:25:00,9947.6,9950.2,9945.6,9947.1,236,18,0
2026-03-26 20:30:00,9947.1,9960.1,9947.1,9959.9,253,18,0
2026-03-26 20:35:00,9959.9,9965.6,9958.6,9965.1,236,18,0
2026-03-26 20:40:00,9965.1,9967.4,9962.1,9967.1,204,18,0
2026-03-26 20:45:00,9967.0,9967.9,9962.1,9967.6,237,18,0
2026-03-26 20:50:00,9967.6,9970.6,9964.1,9966.6,201,18,0
2026-03-26 20:55:00,9966.6,9969.6,9962.1,9969.1,199,18,0
2026-03-26 21:00:00,9969.1,9969.6,9955.6,9957.9,242,18,0
2026-03-26 21:05:00,9957.9,9958.6,9953.1,9955.7,235,18,0
2026-03-26 21:10:00,9955.7,9956.6,9937.4,9943.9,284,18,0
2026-03-26 21:15:00,9943.9,9954.7,9943.1,9953.4,311,18,0
2026-03-26 21:20:00,9953.4,9953.8,9946.4,9947.4,234,18,0
2026-03-26 21:25:00,9947.4,9950.4,9945.1,9949.8,257,18,0
2026-03-26 21:30:00,9949.9,9950.4,9938.7,9944.8,281,18,0
2026-03-26 21:35:00,9944.8,9952.1,9943.6,9948.3,291,18,0
2026-03-26 21:40:00,9948.8,9952.1,9944.1,9944.6,217,18,0
2026-03-26 21:45:00,9945.7,9947.1,9942.1,9946.6,210,18,0
2026-03-26 21:50:00,9946.6,9946.6,9928.1,9930.5,259,18,0
2026-03-26 21:55:00,9930.6,9938.3,9925.6,9930.4,348,18,0
2026-03-26 22:00:00,9929.7,9936.7,9927.4,9931.8,321,18,0
2026-03-26 22:05:00,9931.8,9936.8,9930.7,9936.6,148,18,0
2026-03-26 22:10:00,9936.5,10000.5,9935.8,9972.0,598,18,0
2026-03-26 22:15:00,9972.2,9979.6,9952.0,9953.8,705,18,0
2026-03-26 22:20:00,9953.7,9964.2,9953.3,9954.0,410,19,0
2026-03-26 22:25:00,9954.6,9958.2,9942.9,9957.8,461,19,0
2026-03-26 22:30:00,9958.2,9963.9,9956.0,9958.0,387,19,0
2026-03-26 22:35:00,9957.8,9965.3,9957.8,9964.4,329,18,0
2026-03-26 22:40:00,9964.1,9967.7,9963.5,9964.5,274,18,0
2026-03-26 22:45:00,9964.2,9964.5,9960.9,9961.9,254,18,0
2026-03-26 22:50:00,9962.3,9962.6,9953.8,9954.2,217,18,0
2026-03-26 22:55:00,9954.2,9955.7,9946.0,9946.1,200,18,0
2026-03-27 03:00:00,9940.2,9949.2,9934.2,9947.4,263,20,0
2026-03-27 03:05:00,9947.6,9954.9,9947.6,9954.2,308,20,0
2026-03-27 03:10:00,9954.2,9966.3,9954.2,9965.1,263,18,0
2026-03-27 03:15:00,9965.2,9969.8,9961.0,9962.0,320,18,0
2026-03-27 03:20:00,9961.6,9965.3,9961.1,9963.5,268,26,0
2026-03-27 03:25:00,9963.5,9964.2,9961.1,9964.2,172,24,0
2026-03-27 03:30:00,9963.8,9969.2,9963.8,9968.7,237,24,0
2026-03-27 03:35:00,9968.7,9972.7,9968.3,9969.0,231,18,0
2026-03-27 03:40:00,9969.0,9973.4,9968.5,9971.8,305,18,0
2026-03-27 03:45:00,9971.7,9973.4,9965.5,9966.8,213,18,0
2026-03-27 03:50:00,9966.4,9966.4,9963.4,9964.4,242,23,0
2026-03-27 03:55:00,9964.2,9971.0,9964.2,9970.6,230,19,0
2026-03-27 04:00:00,9971.0,9979.9,9971.0,9979.4,120,27,0
2026-03-27 04:05:00,9979.4,9981.6,9975.4,9978.9,280,18,0
2026-03-27 04:10:00,9978.9,9981.3,9977.7,9977.7,204,19,0
2026-03-27 04:15:00,9978.3,9980.4,9975.3,9979.1,209,18,0
2026-03-27 04:20:00,9979.1,9979.1,9974.3,9977.5,241,18,0
2026-03-27 04:25:00,9977.5,9977.9,9973.0,9977.3,201,18,0
2026-03-27 04:30:00,9977.6,9984.4,9976.2,9983.7,167,18,0
2026-03-27 04:35:00,9983.7,9985.5,9979.7,9981.0,176,19,0
2026-03-27 04:40:00,9981.5,9983.7,9980.8,9981.6,205,20,0
2026-03-27 04:45:00,9981.3,9985.7,9979.3,9981.4,141,18,0
2026-03-27 04:50:00,9981.3,9983.9,9980.7,9983.2,193,18,0
2026-03-27 04:55:00,9983.2,9984.8,9977.6,9977.7,161,18,0
2026-03-27 05:00:00,9977.7,9980.9,9976.9,9977.5,240,20,0
2026-03-27 05:05:00,9977.5,9978.1,9973.7,9976.1,206,22,0
2026-03-27 05:10:00,9976.1,9981.4,9974.9,9978.2,170,22,0
2026-03-27 05:15:00,9978.6,9979.9,9976.7,9977.8,156,20,0
2026-03-27 05:20:00,9978.8,9982.5,9977.1,9979.8,201,18,0
2026-03-27 05:25:00,9979.9,9983.1,9979.2,9981.6,250,18,0
2026-03-27 05:30:00,9981.7,9988.6,9981.7,9988.3,203,18,0
2026-03-27 05:35:00,9988.4,9999.1,9988.3,9998.5,200,18,0
2026-03-27 05:40:00,9998.5,9999.3,9996.6,9997.2,85,19,0
2026-03-27 05:45:00,9997.2,9997.9,9994.2,9995.0,154,19,0
2026-03-27 05:50:00,9995.0,9999.9,9994.7,9998.9,134,18,0
2026-03-27 05:55:00,9999.3,10003.8,9998.1,10001.7,163,18,0
2026-03-27 06:00:00,10001.7,10002.5,9998.2,9998.3,145,18,0
2026-03-27 06:05:00,9998.5,9998.9,9996.1,9996.7,114,18,0
2026-03-27 06:10:00,9996.9,10000.2,9996.9,9997.6,108,19,0
2026-03-27 06:15:00,9998.0,10000.6,9998.0,9999.7,110,21,0
2026-03-27 06:20:00,10000.2,10002.7,10000.1,10000.8,79,19,0
2026-03-27 06:25:00,10000.8,10001.6,9997.4,9998.1,86,18,0
2026-03-27 06:30:00,9998.0,10003.0,9997.9,10002.2,97,21,0
2026-03-27 06:35:00,10002.6,10004.1,10002.4,10004.1,126,19,0
2026-03-27 06:40:00,10003.8,10004.5,10002.5,10004.0,88,20,0
2026-03-27 06:45:00,10004.1,10006.0,10003.9,10005.2,126,19,0
2026-03-27 06:50:00,10005.2,10007.6,10005.2,10005.6,80,18,0
2026-03-27 06:55:00,10005.6,10007.9,10005.6,10006.7,84,27,0
2026-03-27 07:00:00,10006.9,10010.9,10006.9,10010.3,184,18,0
2026-03-27 07:05:00,10010.3,10019.6,10010.3,10018.4,198,18,0
2026-03-27 07:10:00,10018.4,10024.5,10018.0,10023.8,246,18,0
2026-03-27 07:15:00,10023.7,10025.1,10022.5,10023.1,182,20,0
2026-03-27 07:20:00,10023.0,10023.6,10015.4,10015.4,131,18,0
2026-03-27 07:25:00,10015.4,10017.3,10012.1,10016.1,215,19,0
2026-03-27 07:30:00,10016.7,10018.7,10014.7,10014.7,168,18,0
2026-03-27 07:35:00,10014.9,10015.1,10009.5,10012.7,179,18,0
2026-03-27 07:40:00,10013.0,10013.6,10012.1,10012.1,151,18,0
2026-03-27 07:45:00,10012.3,10014.6,10012.1,10012.5,133,22,0
2026-03-27 07:50:00,10012.5,10013.6,10010.6,10010.6,111,21,0
2026-03-27 07:55:00,10010.6,10011.6,10007.2,10007.4,121,19,0
2026-03-27 08:00:00,10007.3,10008.0,10001.8,10002.1,192,18,0
2026-03-27 08:05:00,10002.2,10004.6,10002.2,10004.3,163,20,0
2026-03-27 08:10:00,10004.3,10007.1,9998.2,10002.6,251,18,0
2026-03-27 08:15:00,10002.6,10006.7,10002.2,10005.8,181,18,0
2026-03-27 08:20:00,10005.9,10011.0,10005.9,10010.8,138,25,0
2026-03-27 08:25:00,10010.9,10010.9,10005.7,10005.7,210,19,0
2026-03-27 08:30:00,10005.7,10006.0,9994.7,9994.7,312,18,0
2026-03-27 08:35:00,9994.7,9997.1,9994.1,9995.3,201,18,0
2026-03-27 08:40:00,9995.6,9998.1,9995.2,9995.3,98,27,0
2026-03-27 08:45:00,9995.7,9996.7,9988.1,9989.0,151,18,0
2026-03-27 08:50:00,9989.2,9989.4,9985.2,9988.6,162,20,0
2026-03-27 08:55:00,9988.6,9990.1,9986.3,9986.6,132,19,0
2026-03-27 09:00:00,9986.7,9996.0,9985.7,9994.3,286,18,0
2026-03-27 09:05:00,9994.5,9996.2,9989.6,9992.6,309,18,0
2026-03-27 09:10:00,9992.6,9998.2,9992.6,9994.6,218,18,0
2026-03-27 09:15:00,9994.8,9995.4,9991.8,9995.2,197,18,0
2026-03-27 09:20:00,9995.2,9996.3,9991.5,9991.5,189,18,0
2026-03-27 09:25:00,9991.6,9996.4,9986.7,9987.5,240,18,0
2026-03-27 09:30:00,9987.5,9989.9,9984.2,9986.3,263,18,0
2026-03-27 09:35:00,9986.3,9994.3,9985.9,9989.7,272,18,0
2026-03-27 09:40:00,9989.5,9992.2,9985.7,9990.2,276,18,0
2026-03-27 09:45:00,9990.0,9996.0,9988.2,9994.8,255,18,0
2026-03-27 09:50:00,9994.7,9995.0,9987.3,9988.5,234,18,0
2026-03-27 09:55:00,9988.5,10007.4,9985.2,10005.6,317,18,0
2026-03-27 10:00:00,10005.6,10025.5,9994.1,10001.5,861,11,0
2026-03-27 10:05:00,10001.4,10004.7,9987.7,9991.1,781,10,0
2026-03-27 10:10:00,9991.0,9996.2,9983.2,9989.2,680,10,0
2026-03-27 10:15:00,9990.2,9991.4,9970.1,9972.0,702,11,0
2026-03-27 10:20:00,9971.1,9982.9,9966.0,9966.7,661,10,0
2026-03-27 10:25:00,9966.7,9971.1,9949.3,9953.6,725,10,0
2026-03-27 10:30:00,9953.6,9961.6,9949.1,9952.5,737,10,0
2026-03-27 10:35:00,9952.5,9955.7,9933.0,9934.1,731,10,0
2026-03-27 10:40:00,9934.1,9943.2,9929.9,9941.1,677,10,0
2026-03-27 10:45:00,9941.2,9945.1,9929.7,9935.7,647,11,0
2026-03-27 10:50:00,9935.6,9941.6,9925.6,9931.7,648,11,0
2026-03-27 10:55:00,9931.9,9935.7,9925.2,9926.6,652,11,0
2026-03-27 11:00:00,9926.6,9929.7,9911.7,9912.2,682,10,0
2026-03-27 11:05:00,9912.2,9916.1,9898.9,9902.6,738,10,0
2026-03-27 11:10:00,9902.6,9918.9,9900.9,9913.1,779,11,0
2026-03-27 11:15:00,9913.0,9925.2,9909.7,9922.0,689,11,0
2026-03-27 11:20:00,9922.0,9929.7,9918.2,9920.7,659,11,0
2026-03-27 11:25:00,9920.9,9941.6,9920.4,9932.7,641,11,0
2026-03-27 11:30:00,9932.7,9941.2,9925.7,9936.7,647,10,0
2026-03-27 11:35:00,9936.7,9938.2,9929.1,9931.2,642,10,0
2026-03-27 11:40:00,9931.4,9934.2,9924.1,9931.1,569,10,0
2026-03-27 11:45:00,9931.0,9931.0,9911.2,9913.2,550,11,0
2026-03-27 11:50:00,9913.2,9917.4,9911.2,9911.7,536,11,0
2026-03-27 11:55:00,9912.2,9919.2,9908.2,9912.1,550,10,0
2026-03-27 12:00:00,9912.1,9916.2,9905.9,9909.2,654,10,0
2026-03-27 12:05:00,9909.2,9930.7,9908.9,9924.1,613,10,0
2026-03-27 12:10:00,9923.9,9923.9,9916.2,9917.2,592,10,0
2026-03-27 12:15:00,9917.2,9924.4,9915.5,9922.6,540,10,0
2026-03-27 12:20:00,9922.6,9926.6,9918.1,9924.1,513,10,0
2026-03-27 12:25:00,9924.1,9935.2,9923.6,9930.0,535,10,0
2026-03-27 12:30:00,9930.0,9937.5,9924.6,9933.2,577,10,0
2026-03-27 12:35:00,9933.2,9935.2,9922.7,9923.2,562,11,0
2026-03-27 12:40:00,9923.4,9924.9,9916.9,9920.7,598,10,0
2026-03-27 12:45:00,9921.1,9923.1,9913.7,9918.0,614,10,0
2026-03-27 12:50:00,9917.5,9918.1,9910.1,9910.2,557,11,0
2026-03-27 12:55:00,9910.2,9910.2,9894.7,9896.1,551,10,0
2026-03-27 13:00:00,9896.1,9899.2,9880.1,9885.6,721,10,0
2026-03-27 13:05:00,9885.6,9890.0,9876.7,9884.6,630,11,0
2026-03-27 13:10:00,9884.5,9900.0,9884.5,9892.2,603,10,0
2026-03-27 13:15:00,9892.1,9900.2,9891.2,9897.6,578,10,0
2026-03-27 13:20:00,9897.6,9909.2,9891.9,9905.4,565,10,0
2026-03-27 13:25:00,9905.4,9913.2,9902.2,9912.9,537,10,0
2026-03-27 13:30:00,9912.9,9920.7,9912.5,9920.4,539,10,0
2026-03-27 13:35:00,9920.5,9925.2,9914.0,9921.6,520,10,0
2026-03-27 13:40:00,9921.5,9931.1,9919.1,9929.2,502,10,0
2026-03-27 13:45:00,9929.2,9933.7,9927.7,9930.7,522,10,0
2026-03-27 13:50:00,9930.7,9931.7,9922.6,9929.2,459,10,0
2026-03-27 13:55:00,9929.2,9933.7,9923.6,9925.2,525,10,0
2026-03-27 14:00:00,9925.1,9926.0,9914.1,9920.1,669,10,0
2026-03-27 14:05:00,9920.1,9920.1,9910.6,9912.2,593,10,0
2026-03-27 14:10:00,9912.1,9923.7,9910.1,9922.1,597,10,0
2026-03-27 14:15:00,9922.1,9933.2,9919.5,9926.7,544,10,0
2026-03-27 14:20:00,9926.1,9927.1,9919.2,9926.9,540,10,0
2026-03-27 14:25:00,9927.5,9930.4,9921.7,9926.6,520,10,0
2026-03-27 14:30:00,9926.2,9929.1,9919.7,9924.2,557,10,0
2026-03-27 14:35:00,9923.7,9935.2,9921.0,9935.0,558,10,0
2026-03-27 14:40:00,9935.0,9942.1,9931.2,9936.6,570,10,0
2026-03-27 14:45:00,9937.1,9941.6,9929.7,9932.6,592,10,0
2026-03-27 14:50:00,9932.6,9947.0,9930.1,9942.1,622,10,0
2026-03-27 14:55:00,9942.9,9944.2,9936.1,9936.1,525,10,0
2026-03-27 15:00:00,9936.7,9938.1,9924.1,9931.5,676,10,0
2026-03-27 15:05:00,9931.6,9931.6,9911.7,9913.6,683,10,0
2026-03-27 15:10:00,9913.6,9919.1,9912.1,9918.1,682,10,0
2026-03-27 15:15:00,9917.9,9932.6,9917.9,9928.8,671,10,0
2026-03-27 15:20:00,9928.8,9936.0,9921.2,9929.1,568,10,0
2026-03-27 15:25:00,9929.1,9935.7,9927.4,9928.2,607,10,0
2026-03-27 15:30:00,9928.2,9935.1,9907.1,9916.6,846,10,0
2026-03-27 15:35:00,9916.6,9933.1,9911.2,9933.0,774,10,0
2026-03-27 15:40:00,9933.1,9946.7,9929.6,9941.7,786,10,0
2026-03-27 15:45:00,9941.7,9956.2,9941.7,9951.6,721,10,0
2026-03-27 15:50:00,9951.6,9953.7,9934.7,9936.7,707,10,0
2026-03-27 15:55:00,9936.3,9937.0,9926.9,9934.0,593,10,0
2026-03-27 16:00:00,9933.7,9943.7,9930.2,9941.5,716,10,0
2026-03-27 16:05:00,9941.6,9950.6,9934.1,9936.7,716,10,0
2026-03-27 16:10:00,9936.7,9943.6,9927.2,9939.5,736,10,0
2026-03-27 16:15:00,9939.7,9958.7,9937.0,9957.6,636,10,0
2026-03-27 16:20:00,9958.5,9961.8,9949.1,9950.6,625,10,0
2026-03-27 16:25:00,9950.7,9955.2,9933.7,9939.1,690,10,0
2026-03-27 16:30:00,9939.2,9955.0,9938.7,9954.7,684,10,0
2026-03-27 16:35:00,9954.6,9956.0,9944.4,9945.2,610,10,0
2026-03-27 16:40:00,9945.2,9948.2,9941.4,9945.4,561,10,0
2026-03-27 16:45:00,9946.1,9951.2,9936.9,9951.2,565,10,0
2026-03-27 16:50:00,9951.6,9955.2,9940.7,9941.9,600,10,0
2026-03-27 16:55:00,9941.7,9959.7,9941.7,9956.2,611,10,0
2026-03-27 17:00:00,9956.1,9972.7,9951.7,9972.2,593,10,0
2026-03-27 17:05:00,9972.2,9980.1,9960.1,9962.2,573,10,0
2026-03-27 17:10:00,9962.2,9963.6,9954.6,9958.7,570,10,0
2026-03-27 17:15:00,9958.7,9961.2,9947.2,9957.1,654,10,0
2026-03-27 17:20:00,9957.1,9980.1,9955.7,9969.6,645,10,0
2026-03-27 17:25:00,9968.7,9972.1,9965.1,9970.6,704,10,0
2026-03-27 17:30:00,9970.7,9985.3,9969.2,9981.6,640,10,0
2026-03-27 17:35:00,9981.7,9988.2,9975.9,9977.7,622,10,0
2026-03-27 17:40:00,9977.6,9978.1,9968.7,9971.6,557,10,0
2026-03-27 17:45:00,9971.5,9977.7,9971.2,9975.2,529,10,0
2026-03-27 17:50:00,9975.2,9981.2,9968.2,9969.6,591,10,0
2026-03-27 17:55:00,9969.7,9973.2,9962.6,9962.7,594,10,0
2026-03-27 18:00:00,9962.7,9964.2,9957.2,9959.1,640,10,0
2026-03-27 18:05:00,9959.0,9959.9,9944.9,9946.2,493,10,0
2026-03-27 18:10:00,9946.2,9958.7,9944.6,9958.0,514,10,0
2026-03-27 18:15:00,9957.7,9960.5,9953.7,9956.7,440,10,0
2026-03-27 18:20:00,9956.7,9959.7,9952.2,9953.0,403,10,0
2026-03-27 18:25:00,9953.0,9963.5,9950.7,9963.1,457,10,0
2026-03-27 18:30:00,9962.5,9974.3,9961.8,9966.3,522,10,0
2026-03-27 18:35:00,9966.6,9967.6,9955.3,9961.3,427,18,0
2026-03-27 18:40:00,9961.3,9966.8,9957.6,9964.0,369,18,0
2026-03-27 18:45:00,9964.2,9978.8,9960.6,9977.3,388,18,0
2026-03-27 18:50:00,9977.3,9978.3,9970.3,9975.8,375,18,0
2026-03-27 18:55:00,9975.8,9977.5,9973.8,9975.6,315,18,0
2026-03-27 19:00:00,9975.6,9977.8,9971.3,9974.8,352,18,0
2026-03-27 19:05:00,9974.9,9988.7,9969.8,9977.1,546,18,0
2026-03-27 19:10:00,9977.0,9977.1,9969.9,9973.2,451,18,0
2026-03-27 19:15:00,9973.2,9976.2,9970.7,9974.3,310,18,0
2026-03-27 19:20:00,9974.3,9974.3,9968.3,9969.8,264,18,0
2026-03-27 19:25:00,9969.8,9969.8,9955.8,9959.3,292,18,0
2026-03-27 19:30:00,9959.3,9964.3,9958.3,9964.1,351,18,0
2026-03-27 19:35:00,9964.1,9966.3,9962.1,9963.5,302,18,0
2026-03-27 19:40:00,9963.3,9964.3,9954.5,9955.8,236,18,0
2026-03-27 19:45:00,9955.8,9961.8,9955.6,9956.8,312,18,0
2026-03-27 19:50:00,9956.8,9958.6,9954.3,9957.3,269,18,0
2026-03-27 19:55:00,9957.3,9958.3,9951.2,9951.2,256,18,0
2026-03-27 20:00:00,9951.2,9952.8,9945.1,9945.3,209,18,0
2026-03-27 20:05:00,9945.3,9947.8,9942.8,9945.8,199,18,0
2026-03-27 20:10:00,9945.8,9945.8,9937.8,9940.1,238,18,0
2026-03-27 20:15:00,9940.2,9945.9,9936.6,9945.1,310,18,0
2026-03-27 20:20:00,9945.3,9948.0,9938.2,9939.6,273,18,0
2026-03-27 20:25:00,9939.6,9941.5,9936.7,9937.3,268,18,0
2026-03-27 20:30:00,9937.3,9937.6,9929.8,9930.8,184,18,0
2026-03-27 20:35:00,9930.8,9937.9,9928.3,9935.6,240,18,0
2026-03-27 20:40:00,9935.6,9942.3,9933.3,9938.2,328,18,0
2026-03-27 20:45:00,9938.1,9941.5,9936.1,9939.3,259,18,0
2026-03-27 20:50:00,9939.3,9940.3,9935.2,9937.5,209,18,0
2026-03-27 20:55:00,9937.3,9938.3,9934.8,9937.8,154,18,0
2026-03-27 21:00:00,9937.8,9940.4,9932.8,9933.0,180,18,0
2026-03-27 21:05:00,9933.0,9933.7,9930.1,9931.4,178,18,0
2026-03-27 21:10:00,9931.4,9937.3,9930.3,9935.8,225,18,0
2026-03-27 21:15:00,9935.8,9939.8,9934.9,9939.8,188,18,0
2026-03-27 21:20:00,9939.8,9939.8,9935.2,9936.3,220,18,0
2026-03-27 21:25:00,9936.3,9936.3,9930.2,9932.8,216,18,0
2026-03-27 21:30:00,9933.1,9938.1,9930.9,9937.8,317,18,0
2026-03-27 21:35:00,9937.8,9938.3,9927.6,9928.3,302,18,0
2026-03-27 21:40:00,9928.3,9928.3,9915.8,9918.7,374,18,0
2026-03-27 21:45:00,9918.6,9920.3,9911.3,9918.1,456,18,0
2026-03-27 21:50:00,9918.1,9926.2,9916.8,9925.3,359,18,0
2026-03-27 21:55:00,9925.3,9937.6,9923.5,9932.8,498,18,0
2026-03-27 22:00:00,9931.7,9937.1,9920.7,9924.7,480,18,0
2026-03-27 22:05:00,9924.7,9924.7,9922.4,9923.7,228,18,0
2026-03-27 22:10:00,9923.7,9925.6,9920.7,9924.7,208,18,0
2026-03-27 22:15:00,9925.0,9926.8,9919.7,9919.7,214,18,0
2026-03-27 22:20:00,9919.7,9920.0,9906.7,9908.2,306,18,0
2026-03-27 22:25:00,9908.2,9916.5,9907.2,9916.1,226,18,0
2026-03-27 22:30:00,9916.4,9917.5,9904.7,9906.0,164,18,0
2026-03-27 22:35:00,9906.1,9911.7,9906.0,9910.2,159,18,0
2026-03-27 22:40:00,9910.2,9916.1,9909.6,9911.0,211,18,0
2026-03-27 22:45:00,9911.0,9911.0,9906.1,9907.0,185,18,0
2026-03-27 22:50:00,9907.0,9910.6,9905.8,9905.8,127,18,0
2026-03-30 03:05:00,9860.6,9877.8,9860.5,9871.7,478,18,0
2026-03-30 03:10:00,9871.7,9873.8,9867.3,9870.4,336,18,0
2026-03-30 03:15:00,9870.7,9895.9,9865.6,9894.5,671,20,0
2026-03-30 03:20:00,9895.9,9906.2,9894.8,9898.8,617,22,0
2026-03-30 03:25:00,9898.9,9909.2,9897.0,9900.8,621,27,0
2026-03-30 03:30:00,9900.8,9900.8,9889.1,9893.7,639,21,0
2026-03-30 03:35:00,9894.3,9895.2,9881.6,9882.5,382,26,0
2026-03-30 03:40:00,9881.9,9882.1,9876.1,9877.0,391,18,0
2026-03-30 03:45:00,9877.0,9879.2,9873.2,9878.2,391,23,0
2026-03-30 03:50:00,9878.2,9878.5,9863.4,9864.5,395,18,0
2026-03-30 03:55:00,9864.3,9873.3,9859.9,9873.1,396,22,0
2026-03-30 04:00:00,9873.0,9884.9,9872.9,9875.4,588,19,0
2026-03-30 04:05:00,9875.4,9879.6,9872.1,9876.6,491,18,0
2026-03-30 04:10:00,9876.6,9884.8,9875.1,9877.5,450,20,0
2026-03-30 04:15:00,9877.6,9882.1,9870.3,9877.8,490,22,0
2026-03-30 04:20:00,9877.8,9879.9,9874.4,9876.5,513,21,0
2026-03-30 04:25:00,9876.1,9884.2,9874.8,9882.5,458,24,0
2026-03-30 04:30:00,9882.6,9898.7,9881.6,9897.4,632,18,0
2026-03-30 04:35:00,9897.5,9901.5,9895.0,9895.5,521,18,0
2026-03-30 04:40:00,9895.6,9903.1,9890.9,9902.5,542,18,0
2026-03-30 04:45:00,9902.7,9904.9,9900.8,9901.2,450,21,0
2026-03-30 04:50:00,9901.2,9903.2,9897.8,9901.1,330,18,0
2026-03-30 04:55:00,9901.4,9907.3,9901.4,9903.1,416,20,0
2026-03-30 05:00:00,9903.3,9908.6,9902.2,9904.0,386,21,0
2026-03-30 05:05:00,9904.0,9912.2,9903.4,9906.3,359,24,0
2026-03-30 05:10:00,9906.3,9908.6,9904.0,9908.0,275,22,0
2026-03-30 05:15:00,9908.0,9908.6,9896.3,9896.3,277,18,0
2026-03-30 05:20:00,9896.4,9898.2,9893.7,9895.3,332,20,0
2026-03-30 05:25:00,9895.2,9898.4,9892.1,9896.7,243,20,0
2026-03-30 05:30:00,9896.6,9901.1,9894.2,9896.6,349,19,0
2026-03-30 05:35:00,9896.6,9898.7,9895.6,9898.6,265,18,0
2026-03-30 05:40:00,9898.6,9908.9,9898.4,9907.5,386,18,0
2026-03-30 05:45:00,9907.3,9921.7,9906.7,9921.4,287,19,0
2026-03-30 05:50:00,9921.5,9925.2,9916.1,9916.3,341,18,0
2026-03-30 05:55:00,9916.8,9920.6,9915.2,9919.6,354,19,0
2026-03-30 06:00:00,9919.6,9925.8,9918.3,9922.8,282,21,0
2026-03-30 06:05:00,9922.8,9929.5,9922.8,9928.1,200,23,0
2026-03-30 06:10:00,9928.2,9930.2,9925.7,9926.3,245,28,0
2026-03-30 06:15:00,9926.3,9931.5,9926.0,9931.4,203,29,0
2026-03-30 06:20:00,9931.4,9934.9,9929.9,9933.4,190,29,0
2026-03-30 06:25:00,9933.4,9933.5,9930.5,9933.1,146,18,0
2026-03-30 06:30:00,9933.1,9934.6,9928.7,9930.1,278,20,0
2026-03-30 06:35:00,9930.1,9931.2,9927.3,9929.5,261,18,0
2026-03-30 06:40:00,9929.5,9935.2,9929.5,9931.5,228,22,0
2026-03-30 06:45:00,9931.6,9933.4,9928.0,9932.8,273,20,0
2026-03-30 06:50:00,9932.7,9934.4,9930.6,9931.6,154,20,0
2026-03-30 06:55:00,9931.6,9931.8,9928.2,9929.5,211,19,0
2026-03-30 07:00:00,9929.5,9932.2,9927.6,9928.6,236,18,0
2026-03-30 07:05:00,9928.7,9935.9,9928.6,9935.4,274,27,0
2026-03-30 07:10:00,9935.6,9938.2,9934.9,9937.4,120,18,0
2026-03-30 07:15:00,9937.4,9938.7,9935.1,9936.6,204,18,0
2026-03-30 07:20:00,9936.6,9940.7,9936.6,9939.8,166,20,0
2026-03-30 07:25:00,9939.8,9943.8,9939.8,9941.7,221,18,0
2026-03-30 07:30:00,9941.7,9944.0,9939.6,9941.4,235,20,0
2026-03-30 07:35:00,9941.4,9941.9,9936.6,9937.6,239,18,0
2026-03-30 07:40:00,9937.6,9938.6,9934.1,9934.5,158,21,0
2026-03-30 07:45:00,9934.5,9936.7,9932.8,9936.3,149,20,0
2026-03-30 07:50:00,9936.5,9936.7,9931.7,9932.4,167,19,0
2026-03-30 07:55:00,9932.5,9935.3,9931.6,9932.4,195,22,0
2026-03-30 08:00:00,9932.4,9938.7,9932.3,9938.5,270,18,0
2026-03-30 08:05:00,9938.5,9943.9,9935.4,9943.6,367,18,0
2026-03-30 08:10:00,9943.6,9947.7,9936.6,9937.0,351,18,0
2026-03-30 08:15:00,9936.9,9942.1,9936.1,9940.6,355,19,0
2026-03-30 08:20:00,9940.6,9941.9,9936.6,9938.3,265,18,0
2026-03-30 08:25:00,9938.6,9938.7,9935.4,9935.6,273,18,0
2026-03-30 08:30:00,9935.5,9940.6,9934.8,9937.7,284,18,0
2026-03-30 08:35:00,9937.6,9938.0,9931.6,9931.8,218,23,0
2026-03-30 08:40:00,9931.8,9936.1,9931.8,9932.6,223,22,0
2026-03-30 08:45:00,9932.5,9935.2,9930.7,9932.6,123,27,0
2026-03-30 08:50:00,9932.5,9933.2,9928.9,9932.0,318,18,0
2026-03-30 08:55:00,9932.1,9932.2,9928.2,9928.9,256,18,0
2026-03-30 09:00:00,9928.9,9941.8,9925.9,9939.1,414,18,0
2026-03-30 09:05:00,9939.1,9945.3,9936.9,9942.4,407,18,0
2026-03-30 09:10:00,9942.4,9943.1,9938.6,9942.8,457,18,0
2026-03-30 09:15:00,9942.8,9950.1,9942.8,9946.2,380,18,0
2026-03-30 09:20:00,9946.3,9950.1,9945.6,9946.2,356,18,0
2026-03-30 09:25:00,9946.3,9954.1,9945.1,9951.4,391,18,0
2026-03-30 09:30:00,9950.7,9957.6,9950.7,9954.4,402,18,0
2026-03-30 09:35:00,9954.6,9960.1,9954.4,9958.4,333,18,0
2026-03-30 09:40:00,9958.4,9965.1,9957.4,9963.9,364,18,0
2026-03-30 09:45:00,9963.9,9974.4,9963.9,9974.4,385,18,0
2026-03-30 09:50:00,9974.6,9977.6,9967.5,9968.9,425,18,0
2026-03-30 09:55:00,9968.9,9976.8,9955.7,9962.9,424,18,0
2026-03-30 10:00:00,9961.8,9979.3,9958.9,9976.1,943,11,0
2026-03-30 10:05:00,9976.2,9987.7,9974.2,9986.2,775,10,0
2026-03-30 10:10:00,9986.2,9992.7,9981.8,9987.1,685,10,0
2026-03-30 10:15:00,9987.1,9987.2,9976.6,9983.2,702,10,0
2026-03-30 10:20:00,9982.9,9985.6,9975.7,9976.9,665,10,0
2026-03-30 10:25:00,9977.2,9984.1,9972.1,9982.7,652,10,0
2026-03-30 10:30:00,9982.6,9992.0,9980.2,9986.7,741,10,0
2026-03-30 10:35:00,9986.6,9991.1,9979.7,9983.2,670,10,0
2026-03-30 10:40:00,9983.2,9989.7,9976.2,9989.7,651,10,0
2026-03-30 10:45:00,9989.7,9997.2,9987.0,9996.5,618,10,0
2026-03-30 10:50:00,9996.5,10003.2,9994.1,10002.0,577,10,0
2026-03-30 10:55:00,10002.1,10007.7,10001.7,10007.1,376,10,0
2026-03-30 11:00:00,10006.7,10006.7,9996.6,10003.7,612,10,0
2026-03-30 11:05:00,10003.6,10010.7,10002.0,10007.5,674,10,0
2026-03-30 11:10:00,10007.7,10018.7,10007.6,10018.1,628,10,0
2026-03-30 11:15:00,10018.1,10028.9,10016.5,10028.1,521,10,0
2026-03-30 11:20:00,10028.1,10029.6,10021.3,10021.6,539,10,0
2026-03-30 11:25:00,10021.7,10033.7,10019.7,10032.7,579,10,0
2026-03-30 11:30:00,10032.6,10044.5,10030.8,10036.7,553,10,0
2026-03-30 11:35:00,10036.7,10045.9,10033.8,10043.0,483,10,0
2026-03-30 11:40:00,10043.0,10045.2,10037.1,10040.8,479,10,0
2026-03-30 11:45:00,10040.8,10048.7,10039.7,10047.7,565,10,0
2026-03-30 11:50:00,10047.6,10050.1,10044.1,10048.2,478,10,0
2026-03-30 11:55:00,10048.2,10054.2,10044.7,10050.5,479,10,0
2026-03-30 12:00:00,10050.5,10052.2,10044.7,10048.7,499,10,0
2026-03-30 12:05:00,10048.7,10053.7,10043.9,10048.5,512,10,0
2026-03-30 12:10:00,10048.7,10050.7,10037.5,10038.1,610,10,0
2026-03-30 12:15:00,10038.1,10038.1,10026.6,10027.1,693,10,0
2026-03-30 12:20:00,10027.1,10032.3,10019.7,10026.9,535,10,0
2026-03-30 12:25:00,10027.0,10031.3,10023.5,10024.7,503,10,0
2026-03-30 12:30:00,10024.7,10031.7,10019.7,10020.7,472,10,0
2026-03-30 12:35:00,10020.7,10028.2,10013.8,10027.3,579,10,0
2026-03-30 12:40:00,10027.1,10027.2,10019.2,10020.2,516,10,0
2026-03-30 12:45:00,10020.2,10020.2,10010.1,10012.5,499,10,0
2026-03-30 12:50:00,10012.1,10020.5,10010.6,10012.7,485,10,0
2026-03-30 12:55:00,10012.7,10016.1,10009.6,10014.0,487,10,0
2026-03-30 13:00:00,10014.3,10016.6,10010.1,10015.8,607,10,0
2026-03-30 13:05:00,10016.1,10022.2,10015.2,10021.2,455,10,0
2026-03-30 13:10:00,10021.2,10025.5,10018.1,10024.2,485,10,0
2026-03-30 13:15:00,10024.1,10029.7,10022.7,10027.2,491,10,0
2026-03-30 13:20:00,10027.2,10031.2,10025.7,10026.1,458,10,0
2026-03-30 13:25:00,10026.1,10032.7,10025.7,10027.0,464,10,0
2026-03-30 13:30:00,10027.0,10029.6,10023.6,10024.7,410,10,0
2026-03-30 13:35:00,10024.7,10029.3,10023.6,10028.0,512,10,0
2026-03-30 13:40:00,10028.0,10032.0,10026.3,10029.6,337,10,0
2026-03-30 13:45:00,10029.6,10035.5,10029.6,10033.6,549,10,0
2026-03-30 13:50:00,10033.7,10039.7,10032.2,10035.7,376,10,0
2026-03-30 13:55:00,10035.7,10036.7,10032.3,10036.6,347,10,0
2026-03-30 14:00:00,10037.0,10046.2,10036.6,10040.7,443,10,0
2026-03-30 14:05:00,10040.7,10051.0,10040.2,10047.7,506,10,0
2026-03-30 14:10:00,10047.7,10049.7,10042.9,10048.4,437,10,0
2026-03-30 14:15:00,10048.4,10058.2,10046.2,10056.2,499,10,0
2026-03-30 14:20:00,10056.2,10062.7,10051.2,10061.2,441,10,0
2026-03-30 14:25:00,10061.2,10091.2,10052.7,10066.7,910,10,0
2026-03-30 14:30:00,10066.2,10069.2,10051.1,10054.7,883,10,0
2026-03-30 14:35:00,10054.7,10061.7,10054.6,10059.3,713,10,0
2026-03-30 14:40:00,10059.1,10061.7,10055.1,10060.7,679,10,0
2026-03-30 14:45:00,10060.6,10065.2,10056.3,10064.2,601,10,0
2026-03-30 14:50:00,10064.2,10068.2,10055.1,10059.0,606,11,0
2026-03-30 14:55:00,10059.0,10059.5,10050.8,10056.6,377,10,0
2026-03-30 15:00:00,10056.6,10058.1,10049.9,10051.9,455,10,0
2026-03-30 15:05:00,10052.2,10062.7,10051.6,10058.1,617,10,0
2026-03-30 15:10:00,10058.1,10063.2,10055.2,10061.6,520,10,0
2026-03-30 15:15:00,10061.6,10067.1,10056.1,10066.8,542,10,0
2026-03-30 15:20:00,10066.9,10073.0,10064.2,10071.2,451,10,0
2026-03-30 15:25:00,10071.2,10074.6,10069.7,10074.2,502,10,0
2026-03-30 15:30:00,10074.2,10080.2,10069.1,10070.1,546,10,0
2026-03-30 15:35:00,10070.1,10071.7,10067.2,10067.7,465,10,0
2026-03-30 15:40:00,10067.7,10081.1,10066.5,10078.8,490,10,0
2026-03-30 15:45:00,10078.8,10080.0,10073.9,10076.9,463,10,0
2026-03-30 15:50:00,10076.9,10080.2,10073.9,10076.1,430,10,0
2026-03-30 15:55:00,10076.2,10078.1,10072.6,10075.8,434,10,0
2026-03-30 16:00:00,10075.7,10082.3,10075.2,10077.0,603,10,0
2026-03-30 16:05:00,10076.1,10078.2,10064.7,10068.7,591,10,0
2026-03-30 16:10:00,10068.7,10075.6,10068.0,10071.6,553,10,0
2026-03-30 16:15:00,10071.6,10076.3,10069.7,10074.0,600,10,0
2026-03-30 16:20:00,10074.1,10082.7,10073.0,10080.2,453,10,0
2026-03-30 16:25:00,10080.2,10084.7,10077.2,10080.2,364,10,0
2026-03-30 16:30:00,10080.7,10090.7,10073.7,10074.7,701,10,0
2026-03-30 16:35:00,10074.7,10087.1,10069.1,10083.7,828,10,0
2026-03-30 16:40:00,10083.7,10086.7,10077.4,10085.1,830,10,0
2026-03-30 16:45:00,10085.2,10086.7,10075.9,10083.7,775,10,0
2026-03-30 16:50:00,10083.7,10086.7,10075.3,10076.6,776,10,0
2026-03-30 16:55:00,10076.6,10079.0,10071.0,10077.5,653,10,0
2026-03-30 17:00:00,10077.6,10093.9,10077.2,10091.7,803,10,0
2026-03-30 17:05:00,10091.7,10096.2,10085.2,10095.7,728,10,0
2026-03-30 17:10:00,10095.7,10098.2,10089.7,10094.2,654,10,0
2026-03-30 17:15:00,10094.1,10095.2,10084.8,10092.7,723,10,0
2026-03-30 17:20:00,10092.7,10096.7,10085.2,10091.7,806,10,0
2026-03-30 17:25:00,10091.6,10093.7,10082.2,10086.1,684,10,0
2026-03-30 17:30:00,10085.7,10097.7,10085.6,10091.5,764,10,0
2026-03-30 17:35:00,10090.8,10107.7,10083.8,10103.1,820,10,0
2026-03-30 17:40:00,10103.2,10105.7,10090.5,10091.2,730,10,0
2026-03-30 17:45:00,10091.2,10103.2,10086.2,10095.5,935,10,0
2026-03-30 17:50:00,10095.7,10107.7,10093.7,10107.2,811,10,0
2026-03-30 17:55:00,10107.2,10122.2,10102.2,10122.2,627,10,0
2026-03-30 18:00:00,10122.2,10136.7,10122.2,10129.2,582,10,0
2026-03-30 18:05:00,10129.2,10132.2,10110.7,10115.8,691,10,0
2026-03-30 18:10:00,10115.8,10120.8,10114.7,10115.2,646,10,0
2026-03-30 18:15:00,10115.2,10117.3,10106.7,10114.3,624,10,0
2026-03-30 18:20:00,10114.4,10120.0,10112.8,10116.6,553,10,0
2026-03-30 18:25:00,10116.6,10119.1,10109.2,10110.2,522,10,0
2026-03-30 18:30:00,10110.2,10135.5,10106.9,10128.4,784,10,0
2026-03-30 18:35:00,10130.6,10138.9,10129.4,10137.9,575,18,0
2026-03-30 18:40:00,10137.9,10148.4,10137.4,10147.4,507,18,0
2026-03-30 18:45:00,10147.4,10148.9,10142.4,10145.4,508,18,0
2026-03-30 18:50:00,10145.4,10155.4,10144.9,10151.1,509,18,0
2026-03-30 18:55:00,10150.9,10152.1,10142.9,10149.9,494,18,0
2026-03-30 19:00:00,10149.9,10152.6,10134.4,10137.4,560,18,0
2026-03-30 19:05:00,10137.4,10140.4,10132.4,10136.6,600,18,0
2026-03-30 19:10:00,10137.1,10142.1,10135.4,10140.4,521,18,0
2026-03-30 19:15:00,10140.4,10140.4,10128.4,10131.2,446,18,0
2026-03-30 19:20:00,10131.3,10135.7,10121.9,10123.9,466,18,0
2026-03-30 19:25:00,10123.9,10124.1,10117.7,10119.1,383,18,0
2026-03-30 19:30:00,10119.2,10123.9,10117.4,10120.4,483,18,0
2026-03-30 19:35:00,10120.7,10125.8,10119.4,10123.9,469,18,0
2026-03-30 19:40:00,10123.9,10125.1,10119.3,10121.4,429,18,0
2026-03-30 19:45:00,10121.4,10121.4,10114.3,10114.9,400,18,0
2026-03-30 19:50:00,10114.9,10117.9,10112.9,10113.4,395,18,0
2026-03-30 19:55:00,10113.4,10116.6,10112.4,10114.5,355,18,0
2026-03-30 20:00:00,10114.3,10120.4,10112.9,10114.9,416,18,0
2026-03-30 20:05:00,10114.9,10123.9,10113.1,10123.2,414,18,0
2026-03-30 20:10:00,10123.4,10124.4,10108.8,10110.0,467,18,0
2026-03-30 20:15:00,10109.9,10111.1,10098.0,10099.6,654,18,0
2026-03-30 20:20:00,10099.6,10102.0,10091.1,10094.5,630,18,0
2026-03-30 20:25:00,10094.5,10096.9,10088.1,10090.5,547,18,0
2026-03-30 20:30:00,10090.5,10091.8,10084.4,10085.2,616,18,0
2026-03-30 20:35:00,10085.2,10091.4,10081.4,10090.6,590,18,0
2026-03-30 20:40:00,10090.6,10100.6,10089.6,10099.7,571,18,0
2026-03-30 20:45:00,10099.6,10102.3,10091.0,10093.6,607,18,0
2026-03-30 20:50:00,10093.2,10093.9,10088.1,10090.9,531,18,0
2026-03-30 20:55:00,10091.1,10094.5,10088.4,10093.7,442,18,0
2026-03-30 21:00:00,10093.9,10097.0,10092.0,10092.5,438,18,0
2026-03-30 21:05:00,10092.5,10095.6,10089.7,10090.5,457,18,0
2026-03-30 21:10:00,10090.5,10093.5,10084.9,10092.9,387,18,0
2026-03-30 21:15:00,10092.9,10097.0,10090.8,10096.3,396,18,0
2026-03-30 21:20:00,10096.3,10098.0,10087.1,10087.4,488,18,0
2026-03-30 21:25:00,10087.4,10088.7,10080.4,10081.6,421,18,0
2026-03-30 21:30:00,10081.6,10086.0,10081.6,10084.0,439,18,0
2026-03-30 21:35:00,10084.0,10091.2,10083.7,10083.7,403,18,0
2026-03-30 21:40:00,10083.7,10085.4,10077.9,10081.4,332,18,0
2026-03-30 21:45:00,10081.4,10087.0,10080.5,10082.9,380,18,0
2026-03-30 21:50:00,10082.9,10083.2,10075.1,10075.7,353,18,0
2026-03-30 21:55:00,10075.9,10077.1,10067.9,10072.2,330,18,0
2026-03-30 22:00:00,10072.2,10073.1,10064.1,10065.5,391,18,0
2026-03-30 22:05:00,10065.5,10065.5,10052.0,10052.1,420,18,0
2026-03-30 22:10:00,10052.1,10052.1,10045.4,10046.3,571,18,0
2026-03-30 22:15:00,10046.3,10049.5,10045.9,10047.1,541,18,0
2026-03-30 22:20:00,10046.9,10052.6,10043.9,10048.6,438,18,0
2026-03-30 22:25:00,10048.7,10049.6,10046.1,10048.9,431,18,0
2026-03-30 22:30:00,10048.6,10055.4,10048.6,10053.9,512,18,0
2026-03-30 22:35:00,10053.9,10067.1,10053.9,10061.1,501,18,0
2026-03-30 22:40:00,10061.1,10066.1,10060.4,10063.1,498,18,0
2026-03-30 22:45:00,10063.1,10067.3,10061.1,10065.2,468,18,0
2026-03-30 22:50:00,10065.3,10067.3,10061.8,10064.9,485,18,0
2026-03-30 22:55:00,10064.9,10075.1,10064.9,10070.3,378,18,0
2026-03-31 03:00:00,10040.4,10060.9,10040.4,10057.4,307,19,0
2026-03-31 03:05:00,10057.4,10058.9,10045.1,10047.3,441,19,0
2026-03-31 03:10:00,10047.3,10048.3,10037.4,10041.1,366,18,0
2026-03-31 03:15:00,10041.1,10044.5,10031.0,10033.8,423,18,0
2026-03-31 03:20:00,10033.8,10039.8,10025.5,10033.8,435,20,0
2026-03-31 03:25:00,10033.8,10043.4,10032.9,10042.9,447,27,0
2026-03-31 03:30:00,10043.0,10045.1,10035.8,10037.1,434,24,0
2026-03-31 03:35:00,10037.1,10068.4,10037.1,10061.4,637,20,0
2026-03-31 03:40:00,10061.4,10079.0,10049.4,10078.6,722,18,0
2026-03-31 03:45:00,10078.9,10109.8,10076.6,10101.4,953,18,0
2026-03-31 03:50:00,10101.4,10107.0,10089.7,10099.1,787,21,0
2026-03-31 03:55:00,10099.5,10103.0,10090.7,10097.3,905,24,0
2026-03-31 04:00:00,10097.3,10101.7,10083.2,10084.0,790,22,0
2026-03-31 04:05:00,10084.1,10084.9,10071.5,10073.5,828,19,0
2026-03-31 04:10:00,10073.5,10078.6,10070.8,10077.3,838,18,0
2026-03-31 04:15:00,10078.0,10097.8,10075.4,10096.9,882,19,0
2026-03-31 04:20:00,10097.6,10117.3,10097.5,10115.3,737,22,0
2026-03-31 04:25:00,10115.3,10128.4,10114.5,10128.4,832,21,0
2026-03-31 04:30:00,10128.3,10137.7,10126.8,10137.0,882,19,0
2026-03-31 04:35:00,10136.8,10145.0,10132.3,10141.8,808,18,0
2026-03-31 04:40:00,10143.2,10147.7,10138.9,10142.0,851,20,0
2026-03-31 04:45:00,10142.0,10142.1,10135.0,10137.2,769,18,0
2026-03-31 04:50:00,10137.2,10148.0,10135.3,10141.1,739,18,0
2026-03-31 04:55:00,10141.0,10143.0,10136.3,10140.0,683,18,0
2026-03-31 05:00:00,10140.3,10140.4,10127.3,10130.0,691,19,0
2026-03-31 05:05:00,10129.8,10137.0,10128.2,10136.0,683,19,0
2026-03-31 05:10:00,10136.0,10137.6,10133.0,10135.1,701,21,0
2026-03-31 05:15:00,10135.1,10141.4,10133.8,10140.5,793,19,0
2026-03-31 05:20:00,10140.5,10146.7,10137.8,10139.5,746,20,0
2026-03-31 05:25:00,10139.4,10140.6,10133.1,10134.9,656,21,0
2026-03-31 05:30:00,10134.8,10137.3,10129.5,10131.5,621,18,0
2026-03-31 05:35:00,10131.5,10136.6,10130.7,10134.1,498,18,0
2026-03-31 05:40:00,10134.1,10134.2,10126.7,10131.3,506,19,0
2026-03-31 05:45:00,10131.3,10132.7,10128.3,10132.5,475,19,0
2026-03-31 05:50:00,10132.5,10144.3,10132.1,10135.4,557,19,0
2026-03-31 05:55:00,10135.5,10135.8,10126.7,10126.7,565,20,0
2026-03-31 06:00:00,10126.7,10128.5,10124.5,10127.6,444,18,0
2026-03-31 06:05:00,10127.5,10137.8,10125.8,10134.2,422,18,0
2026-03-31 06:10:00,10134.2,10139.3,10131.7,10132.0,361,18,0
2026-03-31 06:15:00,10131.7,10132.5,10122.5,10122.8,413,18,0
2026-03-31 06:20:00,10122.7,10123.5,10117.7,10117.7,338,19,0
2026-03-31 06:25:00,10117.7,10119.0,10116.1,10117.0,419,19,0
2026-03-31 06:30:00,10117.0,10120.8,10113.3,10117.5,455,18,0
2026-03-31 06:35:00,10117.5,10118.0,10111.5,10114.1,456,18,0
2026-03-31 06:40:00,10114.1,10116.0,10110.1,10111.7,304,18,0
2026-03-31 06:45:00,10111.7,10114.2,10108.9,10110.8,333,18,0
2026-03-31 06:50:00,10110.8,10115.7,10110.5,10110.5,456,18,0
2026-03-31 06:55:00,10110.5,10112.7,10109.0,10110.0,324,18,0
2026-03-31 07:00:00,10110.0,10113.0,10108.5,10110.0,378,19,0
2026-03-31 07:05:00,10110.0,10112.4,10107.3,10108.8,444,18,0
2026-03-31 07:10:00,10108.7,10109.9,10106.9,10108.5,268,18,0
2026-03-31 07:15:00,10108.5,10109.4,10106.2,10107.0,268,19,0
2026-03-31 07:20:00,10107.0,10111.0,10104.5,10105.3,362,19,0
2026-03-31 07:25:00,10105.5,10107.5,10103.5,10104.2,385,19,0
2026-03-31 07:30:00,10104.2,10111.8,10103.9,10108.6,275,18,0
2026-03-31 07:35:00,10108.6,10109.8,10103.7,10107.8,423,20,0
2026-03-31 07:40:00,10107.7,10109.7,10105.5,10108.9,273,18,0
2026-03-31 07:45:00,10108.6,10112.8,10100.7,10101.2,472,19,0
2026-03-31 07:50:00,10101.0,10103.3,10096.8,10097.0,267,23,0
2026-03-31 07:55:00,10097.3,10100.2,10096.0,10096.4,330,20,0
2026-03-31 08:00:00,10096.5,10098.7,10094.1,10096.7,461,22,0
2026-03-31 08:05:00,10096.7,10098.5,10091.8,10091.8,419,21,0
2026-03-31 08:10:00,10091.8,10094.2,10086.5,10086.5,439,20,0
2026-03-31 08:15:00,10086.5,10093.2,10080.0,10091.5,474,20,0
2026-03-31 08:20:00,10091.4,10105.7,10091.3,10105.1,433,20,0
2026-03-31 08:25:00,10105.1,10107.7,10097.9,10098.9,318,21,0
2026-03-31 08:30:00,10099.2,10113.8,10097.7,10110.1,414,18,0
2026-03-31 08:35:00,10110.8,10114.3,10110.1,10112.4,393,18,0
2026-03-31 08:40:00,10112.5,10116.0,10110.4,10114.6,417,18,0
2026-03-31 08:45:00,10114.6,10128.4,10113.4,10127.3,498,18,0
2026-03-31 08:50:00,10127.3,10132.6,10120.7,10122.7,570,19,0
2026-03-31 08:55:00,10122.6,10124.0,10120.1,10120.7,410,18,0
2026-03-31 09:00:00,10120.5,10120.8,10104.6,10105.8,487,18,0
2026-03-31 09:05:00,10105.7,10105.9,10090.7,10090.8,402,18,0
2026-03-31 09:10:00,10090.8,10101.5,10089.4,10097.0,420,18,0
2026-03-31 09:15:00,10097.3,10099.5,10092.7,10098.3,394,18,0
2026-03-31 09:20:00,10098.0,10104.1,10095.7,10099.0,530,18,0
2026-03-31 09:25:00,10099.0,10104.3,10092.1,10093.2,519,18,0
2026-03-31 09:30:00,10093.4,10097.5,10088.0,10089.8,631,18,0
2026-03-31 09:35:00,10089.7,10094.8,10086.7,10091.2,547,18,0
2026-03-31 09:40:00,10091.2,10093.2,10083.4,10084.5,389,18,0
2026-03-31 09:45:00,10084.5,10087.0,10080.3,10082.9,373,18,0
2026-03-31 09:50:00,10082.9,10086.1,10076.7,10081.1,393,18,0
2026-03-31 09:55:00,10081.1,10096.2,10076.9,10095.5,551,18,0
2026-03-31 10:00:00,10095.7,10149.9,10095.7,10149.9,1045,12,0
2026-03-31 10:05:00,10150.2,10161.5,10143.4,10146.4,833,10,0
2026-03-31 10:10:00,10146.8,10152.7,10128.4,10135.4,857,10,0
2026-03-31 10:15:00,10135.4,10147.4,10130.9,10136.3,866,10,0
2026-03-31 10:20:00,10136.3,10145.8,10134.7,10144.3,798,10,0
2026-03-31 10:25:00,10144.3,10159.7,10138.9,10158.9,788,10,0
2026-03-31 10:30:00,10158.9,10175.5,10156.5,10169.7,749,10,0
2026-03-31 10:35:00,10169.9,10184.4,10169.9,10183.5,784,10,0
2026-03-31 10:40:00,10183.6,10192.0,10182.8,10191.8,659,10,0
2026-03-31 10:45:00,10191.8,10203.0,10190.0,10197.0,680,10,0
2026-03-31 10:50:00,10197.0,10208.8,10194.7,10208.0,526,10,0
2026-03-31 10:55:00,10208.0,10215.3,10200.9,10214.9,636,10,0
2026-03-31 11:00:00,10215.5,10219.9,10203.7,10219.9,785,10,0
2026-03-31 11:05:00,10220.3,10220.4,10208.2,10213.1,805,10,0
2026-03-31 11:10:00,10212.9,10213.1,10195.3,10198.3,730,10,0
2026-03-31 11:15:00,10198.3,10213.0,10196.9,10208.4,717,10,0
2026-03-31 11:20:00,10208.4,10212.4,10198.2,10203.1,707,10,0
2026-03-31 11:25:00,10202.7,10204.3,10194.7,10198.4,695,10,0
2026-03-31 11:30:00,10198.4,10198.4,10189.4,10192.6,681,10,0
2026-03-31 11:35:00,10193.2,10198.4,10186.4,10186.4,530,10,0
2026-03-31 11:40:00,10186.9,10193.4,10184.9,10187.2,615,10,0
2026-03-31 11:45:00,10186.8,10196.5,10184.2,10194.4,576,10,0
2026-03-31 11:50:00,10194.4,10200.3,10186.8,10196.2,738,10,0
2026-03-31 11:55:00,10196.3,10199.1,10190.5,10192.8,505,10,0
2026-03-31 12:00:00,10192.9,10201.9,10191.9,10201.9,553,11,0
2026-03-31 12:05:00,10201.9,10205.4,10199.4,10200.1,606,10,0
2026-03-31 12:10:00,10200.1,10204.9,10194.0,10194.7,458,10,0
2026-03-31 12:15:00,10194.7,10200.9,10187.4,10194.6,537,10,0
2026-03-31 12:20:00,10194.6,10206.0,10194.0,10204.2,558,11,0
2026-03-31 12:25:00,10204.4,10205.4,10190.9,10192.5,523,10,0
2026-03-31 12:30:00,10192.5,10194.8,10183.9,10186.9,643,10,0
2026-03-31 12:35:00,10186.9,10193.9,10184.3,10185.2,531,10,0
2026-03-31 12:40:00,10185.2,10198.4,10185.2,10197.3,611,10,0
2026-03-31 12:45:00,10197.3,10201.4,10191.4,10201.4,594,10,0
2026-03-31 12:50:00,10201.2,10205.4,10193.9,10195.4,566,10,0
2026-03-31 12:55:00,10195.3,10198.4,10188.3,10195.8,583,10,0
2026-03-31 13:00:00,10195.9,10207.2,10194.9,10205.5,641,10,0
2026-03-31 13:05:00,10205.5,10213.4,10202.8,10203.3,542,10,0
2026-03-31 13:10:00,10203.2,10205.9,10196.8,10200.0,547,10,0
2026-03-31 13:15:00,10199.8,10200.4,10192.9,10193.9,538,10,0
2026-03-31 13:20:00,10193.9,10198.2,10190.0,10196.8,574,10,0
2026-03-31 13:25:00,10196.8,10199.5,10193.7,10197.7,451,10,0
2026-03-31 13:30:00,10197.5,10198.7,10181.9,10185.4,543,10,0
2026-03-31 13:35:00,10185.4,10187.2,10164.8,10165.4,640,10,0
2026-03-31 13:40:00,10165.4,10169.3,10158.6,10162.4,637,10,0
2026-03-31 13:45:00,10162.8,10171.7,10159.4,10166.0,514,10,0
2026-03-31 13:50:00,10166.8,10182.8,10166.2,10181.9,475,10,0
2026-03-31 13:55:00,10182.0,10196.4,10182.0,10193.4,478,10,0
2026-03-31 14:00:00,10193.4,10207.4,10189.4,10207.4,652,10,0
2026-03-31 14:05:00,10207.4,10207.4,10197.3,10201.2,524,10,0
2026-03-31 14:10:00,10201.3,10250.4,10198.7,10215.3,1067,10,0
2026-03-31 14:15:00,10214.7,10234.8,10210.2,10226.2,1005,10,0
2026-03-31 14:20:00,10226.6,10227.3,10213.2,10224.9,830,11,0
2026-03-31 14:25:00,10224.9,10232.6,10216.0,10219.4,792,11,0
2026-03-31 14:30:00,10219.2,10227.4,10208.8,10227.4,744,10,0
2026-03-31 14:35:00,10227.4,10230.4,10216.7,10229.0,696,10,0
2026-03-31 14:40:00,10229.2,10230.9,10221.2,10228.9,658,10,0
2026-03-31 14:45:00,10228.8,10228.8,10215.3,10223.7,739,10,0
2026-03-31 14:50:00,10223.9,10227.9,10217.8,10222.9,737,10,0
2026-03-31 14:55:00,10222.9,10228.4,10219.8,10223.4,617,10,0
2026-03-31 15:00:00,10223.4,10227.4,10216.8,10218.9,668,10,0
2026-03-31 15:05:00,10218.9,10235.9,10212.8,10233.2,654,10,0
2026-03-31 15:10:00,10233.3,10233.4,10198.5,10199.9,968,10,0
2026-03-31 15:15:00,10199.9,10218.7,10193.7,10214.3,853,11,0
2026-03-31 15:20:00,10214.3,10218.4,10206.5,10209.0,754,10,0
2026-03-31 15:25:00,10209.0,10229.6,10208.9,10228.0,809,10,0
2026-03-31 15:30:00,10227.8,10231.9,10220.9,10231.2,735,11,0
2026-03-31 15:35:00,10231.2,10235.2,10226.4,10229.2,644,11,0
2026-03-31 15:40:00,10229.2,10232.4,10227.5,10230.9,590,10,0
2026-03-31 15:45:00,10230.9,10231.9,10220.9,10225.4,618,10,0
2026-03-31 15:50:00,10225.3,10225.4,10216.3,10219.2,674,10,0
2026-03-31 15:55:00,10219.2,10220.9,10204.4,10208.3,628,10,0
2026-03-31 16:00:00,10208.3,10214.9,10203.8,10204.9,684,10,0
2026-03-31 16:05:00,10204.9,10215.5,10202.4,10214.4,614,10,0
2026-03-31 16:10:00,10214.4,10216.4,10200.6,10204.9,655,10,0
2026-03-31 16:15:00,10204.9,10213.3,10202.7,10210.4,508,10,0
2026-03-31 16:20:00,10210.4,10212.4,10204.4,10206.6,522,10,0
2026-03-31 16:25:00,10206.6,10214.4,10203.9,10212.9,592,10,0
2026-03-31 16:30:00,10212.4,10214.4,10185.0,10202.3,910,10,0
2026-03-31 16:35:00,10202.4,10205.4,10184.9,10195.9,846,10,0
2026-03-31 16:40:00,10195.9,10206.5,10189.9,10190.9,605,10,0
2026-03-31 16:45:00,10191.3,10208.2,10191.3,10206.9,694,10,0
2026-03-31 16:50:00,10206.9,10214.0,10198.9,10211.7,646,10,0
2026-03-31 16:55:00,10211.6,10213.5,10195.2,10205.7,669,10,0
2026-03-31 17:00:00,10205.1,10213.2,10199.4,10208.4,699,10,0
2026-03-31 17:05:00,10208.4,10210.4,10198.8,10200.4,708,10,0
2026-03-31 17:10:00,10200.4,10214.9,10199.7,10209.3,729,10,0
2026-03-31 17:15:00,10209.2,10218.2,10205.0,10207.9,652,10,0
2026-03-31 17:20:00,10207.9,10218.4,10200.9,10213.4,770,10,0
2026-03-31 17:25:00,10213.4,10223.9,10208.3,10222.4,750,10,0
2026-03-31 17:30:00,10221.9,10223.4,10211.0,10215.4,679,10,0
2026-03-31 17:35:00,10215.4,10217.9,10201.8,10203.9,705,10,0
2026-03-31 17:40:00,10203.7,10209.4,10189.4,10192.9,654,10,0
2026-03-31 17:45:00,10192.8,10195.4,10175.4,10177.9,716,10,0
2026-03-31 17:50:00,10177.8,10185.5,10177.2,10181.4,685,10,0
2026-03-31 17:55:00,10181.4,10189.9,10178.3,10185.4,736,10,0
2026-03-31 18:00:00,10185.4,10200.7,10185.4,10197.7,741,10,0
2026-03-31 18:05:00,10197.7,10208.4,10195.7,10199.8,603,10,0
2026-03-31 18:10:00,10199.8,10211.0,10195.7,10209.1,633,10,0
2026-03-31 18:15:00,10208.9,10215.4,10206.9,10209.4,648,10,0
2026-03-31 18:20:00,10209.4,10213.4,10198.4,10212.9,660,10,0
2026-03-31 18:25:00,10212.9,10215.4,10177.9,10177.9,742,10,0
2026-03-31 18:30:00,10177.9,10178.9,10152.3,10176.1,980,10,0
2026-03-31 18:35:00,10175.1,10184.0,10171.6,10176.6,602,18,0
2026-03-31 18:40:00,10176.6,10186.6,10175.6,10179.3,570,18,0
2026-03-31 18:45:00,10179.3,10182.8,10173.6,10179.1,531,18,0
2026-03-31 18:50:00,10179.1,10187.6,10174.3,10176.6,536,18,0
2026-03-31 18:55:00,10176.6,10180.1,10165.1,10166.1,570,18,0
2026-03-31 19:00:00,10166.1,10177.6,10163.6,10166.1,489,18,0
2026-03-31 19:05:00,10165.9,10175.0,10165.9,10168.1,446,18,0
2026-03-31 19:10:00,10168.1,10169.6,10157.8,10164.6,449,18,0
2026-03-31 19:15:00,10164.6,10172.1,10164.1,10169.8,396,18,0
2026-03-31 19:20:00,10169.8,10179.8,10167.1,10179.1,402,18,0
2026-03-31 19:25:00,10179.5,10183.1,10175.5,10176.0,333,18,0
2026-03-31 19:30:00,10176.1,10176.1,10166.1,10170.6,383,18,0
2026-03-31 19:35:00,10170.6,10206.1,10168.3,10205.6,557,18,0
2026-03-31 19:40:00,10205.8,10283.7,10204.1,10253.2,1360,18,0
2026-03-31 19:45:00,10253.2,10253.8,10213.5,10229.3,1275,18,0
2026-03-31 19:50:00,10229.3,10250.5,10219.1,10225.5,1209,18,0
2026-03-31 19:55:00,10225.9,10228.7,10212.6,10224.2,1007,18,0
2026-03-31 20:00:00,10224.3,10240.5,10223.2,10234.7,1016,18,0
2026-03-31 20:05:00,10234.7,10235.2,10200.7,10204.9,915,18,0
2026-03-31 20:10:00,10204.9,10206.2,10191.4,10201.9,814,18,0
2026-03-31 20:15:00,10201.9,10212.8,10194.1,10209.3,714,18,0
2026-03-31 20:20:00,10209.3,10211.5,10192.2,10193.8,725,18,0
2026-03-31 20:25:00,10193.8,10195.8,10183.9,10190.2,815,18,0
2026-03-31 20:30:00,10190.5,10212.7,10190.5,10211.3,805,18,0
2026-03-31 20:35:00,10211.2,10220.7,10202.8,10214.7,942,18,0
2026-03-31 20:40:00,10214.7,10221.8,10212.9,10216.8,862,18,0
2026-03-31 20:45:00,10216.8,10224.3,10215.1,10217.5,754,18,0
2026-03-31 20:50:00,10217.5,10221.6,10213.8,10220.8,685,18,0
2026-03-31 20:55:00,10220.8,10220.8,10211.2,10215.1,637,18,0
2026-03-31 21:00:00,10214.8,10228.5,10214.7,10215.0,680,18,0
2026-03-31 21:05:00,10215.0,10221.8,10212.5,10216.0,670,18,0
2026-03-31 21:10:00,10215.7,10217.2,10206.6,10212.9,594,18,0
2026-03-31 21:15:00,10212.9,10223.7,10212.9,10219.9,513,18,0
2026-03-31 21:20:00,10219.9,10221.3,10209.1,10209.6,529,18,0
2026-03-31 21:25:00,10209.6,10218.3,10203.5,10214.7,659,18,0
2026-03-31 21:30:00,10214.8,10216.3,10202.2,10205.9,573,18,0
2026-03-31 21:35:00,10206.1,10225.2,10204.8,10215.7,612,18,0
2026-03-31 21:40:00,10215.5,10218.6,10210.9,10218.6,535,18,0
2026-03-31 21:45:00,10218.6,10226.0,10218.4,10223.9,414,18,0
2026-03-31 21:50:00,10224.0,10233.6,10223.2,10229.3,408,18,0
2026-03-31 21:55:00,10228.7,10232.1,10226.6,10230.2,392,18,0
2026-03-31 22:00:00,10230.2,10234.4,10229.6,10233.2,391,18,0
2026-03-31 22:05:00,10233.7,10233.7,10224.6,10229.5,445,18,0
2026-03-31 22:10:00,10229.5,10244.3,10229.5,10243.6,372,18,0
2026-03-31 22:15:00,10243.8,10249.8,10243.2,10245.5,414,18,0
2026-03-31 22:20:00,10245.3,10248.4,10242.6,10246.0,420,18,0
2026-03-31 22:25:00,10246.0,10247.6,10239.1,10246.1,400,18,0
2026-03-31 22:30:00,10246.1,10257.4,10246.1,10255.6,458,18,0
2026-03-31 22:35:00,10255.6,10269.1,10255.0,10268.2,417,18,0
2026-03-31 22:40:00,10268.2,10268.5,10257.5,10263.6,419,18,0
2026-03-31 22:45:00,10263.6,10277.1,10260.2,10271.6,328,18,0
2026-03-31 22:50:00,10271.6,10275.7,10255.1,10267.6,591,18,0
2026-03-31 22:55:00,10267.6,10275.8,10266.6,10273.3,476,18,0
2026-04-01 03:00:00,10283.9,10292.6,10280.4,10286.9,330,20,0
2026-04-01 03:05:00,10287.4,10288.7,10284.0,10284.0,282,18,0
2026-04-01 03:10:00,10284.1,10284.1,10280.2,10282.9,290,18,0
2026-04-01 03:15:00,10282.7,10286.3,10277.8,10284.1,431,18,0
2026-04-01 03:20:00,10284.1,10285.6,10278.6,10285.3,336,24,0
2026-04-01 03:25:00,10285.2,10286.1,10281.1,10282.9,230,28,0
2026-04-01 03:30:00,10283.0,10283.6,10272.9,10278.5,370,23,0
2026-04-01 03:35:00,10278.3,10282.4,10277.0,10280.6,348,18,0
2026-04-01 03:40:00,10280.6,10287.6,10279.8,10287.0,297,18,0
2026-04-01 03:45:00,10286.9,10287.3,10283.9,10285.6,282,21,0
2026-04-01 03:50:00,10285.6,10289.1,10284.1,10288.3,332,22,0
2026-04-01 03:55:00,10288.3,10291.6,10286.5,10291.2,294,26,0
2026-04-01 04:00:00,10291.2,10294.0,10280.8,10289.6,559,22,0
2026-04-01 04:05:00,10289.6,10290.3,10277.6,10285.7,612,19,0
2026-04-01 04:10:00,10285.4,10289.6,10283.1,10286.3,486,20,0
2026-04-01 04:15:00,10286.4,10287.6,10282.4,10283.0,449,18,0
2026-04-01 04:20:00,10283.0,10285.4,10281.7,10284.2,388,18,0
2026-04-01 04:25:00,10284.4,10285.6,10282.5,10284.7,323,18,0
2026-04-01 04:30:00,10284.6,10285.1,10275.7,10276.4,400,18,0
2026-04-01 04:35:00,10276.4,10281.1,10276.4,10280.7,372,18,0
2026-04-01 04:40:00,10281.0,10281.3,10275.2,10277.7,301,18,0
2026-04-01 04:45:00,10278.0,10280.6,10275.3,10277.5,344,18,0
2026-04-01 04:50:00,10277.5,10279.2,10275.2,10277.6,266,18,0
2026-04-01 04:55:00,10278.0,10278.5,10274.6,10274.6,206,18,0
2026-04-01 05:00:00,10274.8,10282.1,10273.9,10281.1,315,18,0
2026-04-01 05:05:00,10281.5,10282.6,10276.8,10277.4,250,18,0
2026-04-01 05:10:00,10277.5,10278.5,10272.9,10275.5,313,19,0
2026-04-01 05:15:00,10275.7,10278.4,10274.3,10277.0,216,18,0
2026-04-01 05:20:00,10276.8,10276.9,10271.7,10273.5,184,18,0
2026-04-01 05:25:00,10273.5,10273.8,10269.2,10269.2,218,18,0
2026-04-01 05:30:00,10269.2,10271.1,10267.8,10268.6,244,18,0
2026-04-01 05:35:00,10268.4,10270.6,10267.4,10269.2,227,18,0
2026-04-01 05:40:00,10268.6,10269.7,10267.0,10268.8,189,18,0
2026-04-01 05:45:00,10268.8,10274.9,10268.5,10271.4,242,18,0
2026-04-01 05:50:00,10271.4,10275.6,10271.4,10274.8,215,18,0
2026-04-01 05:55:00,10274.8,10275.3,10268.2,10268.4,244,18,0
2026-04-01 06:00:00,10268.4,10270.5,10266.9,10268.2,331,18,0
2026-04-01 06:05:00,10268.4,10275.9,10268.0,10274.7,232,18,0
2026-04-01 06:10:00,10275.0,10276.7,10275.0,10275.9,207,18,0
2026-04-01 06:15:00,10275.7,10276.7,10273.6,10275.7,200,18,0
2026-04-01 06:20:00,10275.7,10277.7,10274.2,10274.2,145,18,0
2026-04-01 06:25:00,10274.2,10276.4,10273.7,10274.5,148,18,0
2026-04-01 06:30:00,10274.4,10277.8,10274.3,10276.0,173,18,0
2026-04-01 06:35:00,10276.1,10281.5,10274.3,10280.6,186,18,0
2026-04-01 06:40:00,10280.7,10285.2,10280.4,10283.2,157,18,0
2026-04-01 06:45:00,10283.2,10284.6,10278.2,10281.4,154,18,0
2026-04-01 06:50:00,10281.4,10281.6,10278.2,10279.8,221,18,0
2026-04-01 06:55:00,10279.9,10280.5,10277.5,10278.5,149,20,0
2026-04-01 07:00:00,10278.5,10280.2,10277.7,10278.2,127,18,0
2026-04-01 07:05:00,10278.5,10281.8,10278.1,10280.7,104,18,0
2026-04-01 07:10:00,10280.7,10281.3,10276.7,10277.5,126,18,0
2026-04-01 07:15:00,10277.6,10278.5,10275.5,10277.8,165,18,0
2026-04-01 07:20:00,10278.0,10282.3,10278.0,10280.7,165,18,0
2026-04-01 07:25:00,10280.8,10282.3,10279.6,10281.5,146,18,0
2026-04-01 07:30:00,10281.9,10286.1,10279.7,10283.7,186,18,0
2026-04-01 07:35:00,10283.7,10284.7,10282.4,10282.9,132,18,0
2026-04-01 07:40:00,10282.9,10283.3,10282.1,10283.0,160,18,0
2026-04-01 07:45:00,10283.0,10285.1,10281.5,10284.5,125,18,0
2026-04-01 07:50:00,10284.9,10286.4,10283.3,10283.3,116,18,0
2026-04-01 07:55:00,10283.3,10284.0,10279.7,10280.9,205,18,0
2026-04-01 08:00:00,10280.8,10283.3,10279.5,10282.5,286,18,0
2026-04-01 08:05:00,10282.6,10285.4,10282.1,10285.0,206,18,0
2026-04-01 08:10:00,10284.4,10285.6,10282.9,10284.8,151,18,0
2026-04-01 08:15:00,10284.8,10286.7,10282.4,10284.3,167,18,0
2026-04-01 08:20:00,10284.3,10285.3,10282.9,10284.5,203,18,0
2026-04-01 08:25:00,10284.5,10288.3,10284.5,10287.2,249,18,0
2026-04-01 08:30:00,10287.2,10291.6,10287.0,10287.5,184,18,0
2026-04-01 08:35:00,10287.5,10288.3,10282.8,10288.3,210,18,0
2026-04-01 08:40:00,10288.3,10291.1,10287.4,10290.2,190,18,0
2026-04-01 08:45:00,10290.3,10291.3,10286.1,10289.7,234,18,0
2026-04-01 08:50:00,10289.8,10289.8,10282.2,10283.8,245,18,0
2026-04-01 08:55:00,10283.8,10284.6,10281.3,10283.1,265,18,0
2026-04-01 09:00:00,10283.0,10286.4,10279.2,10281.1,396,18,0
2026-04-01 09:05:00,10281.1,10294.9,10280.4,10291.8,258,18,0
2026-04-01 09:10:00,10291.8,10297.6,10290.9,10296.7,255,18,0
2026-04-01 09:15:00,10296.7,10301.0,10294.8,10300.9,383,18,0
2026-04-01 09:20:00,10300.9,10310.9,10299.5,10309.5,371,18,0
2026-04-01 09:25:00,10309.4,10317.2,10309.1,10316.6,409,18,0
2026-04-01 09:30:00,10316.6,10326.9,10314.0,10326.4,596,18,0
2026-04-01 09:35:00,10326.4,10330.4,10323.0,10326.8,415,18,0
2026-04-01 09:40:00,10326.8,10333.0,10325.7,10332.3,460,18,0
2026-04-01 09:45:00,10332.3,10335.5,10325.8,10326.0,437,18,0
2026-04-01 09:50:00,10326.0,10332.7,10321.1,10329.8,389,18,0
2026-04-01 09:55:00,10329.8,10344.5,10325.3,10338.1,574,18,0
2026-04-01 10:00:00,10338.1,10359.0,10332.2,10349.5,894,11,0
2026-04-01 10:05:00,10349.5,10362.6,10347.4,10359.7,843,10,0
2026-04-01 10:10:00,10359.2,10367.1,10352.2,10355.5,735,11,0
2026-04-01 10:15:00,10355.5,10359.6,10349.4,10349.4,706,10,0
2026-04-01 10:20:00,10349.4,10351.4,10343.6,10350.4,681,10,0
2026-04-01 10:25:00,10350.6,10351.6,10340.6,10350.1,722,10,0
2026-04-01 10:30:00,10350.2,10357.6,10349.0,10349.1,782,10,0
2026-04-01 10:35:00,10349.6,10363.4,10349.4,10352.6,686,10,0
2026-04-01 10:40:00,10352.6,10357.0,10346.4,10356.1,590,10,0
2026-04-01 10:45:00,10356.1,10356.1,10331.4,10331.9,642,10,0
2026-04-01 10:50:00,10331.7,10334.4,10314.5,10315.6,768,10,0
2026-04-01 10:55:00,10315.6,10319.0,10306.0,10309.7,730,10,0
2026-04-01 11:00:00,10309.6,10324.8,10303.2,10317.0,823,11,0
2026-04-01 11:05:00,10317.5,10320.0,10310.6,10313.1,793,10,0
2026-04-01 11:10:00,10313.1,10314.4,10303.0,10310.5,807,10,0
2026-04-01 11:15:00,10310.8,10319.1,10307.9,10317.5,752,10,0
2026-04-01 11:20:00,10317.5,10338.1,10317.4,10338.0,601,10,0
2026-04-01 11:25:00,10338.0,10346.6,10336.1,10339.0,556,10,0
2026-04-01 11:30:00,10339.0,10347.1,10336.6,10344.5,629,10,0
2026-04-01 11:35:00,10344.5,10354.1,10337.5,10353.3,706,11,0
2026-04-01 11:40:00,10353.3,10355.5,10340.9,10346.9,637,10,0
2026-04-01 11:45:00,10346.8,10349.3,10338.5,10347.0,617,10,0
2026-04-01 11:50:00,10347.0,10354.1,10331.0,10346.8,682,10,0
2026-04-01 11:55:00,10347.0,10356.0,10337.0,10348.5,568,11,0
2026-04-01 12:00:00,10348.6,10358.6,10347.9,10355.3,627,10,0
2026-04-01 12:05:00,10355.4,10355.6,10340.5,10344.9,702,10,0
2026-04-01 12:10:00,10344.6,10354.6,10342.2,10349.5,667,10,0
2026-04-01 12:15:00,10349.4,10352.6,10340.2,10342.7,660,10,0
2026-04-01 12:20:00,10342.6,10345.6,10329.4,10338.4,777,10,0
2026-04-01 12:25:00,10338.3,10349.1,10336.7,10348.1,673,10,0
2026-04-01 12:30:00,10348.1,10362.0,10347.4,10360.4,654,10,0
2026-04-01 12:35:00,10360.4,10361.5,10353.4,10358.5,540,10,0
2026-04-01 12:40:00,10358.5,10364.6,10354.7,10354.9,547,10,0
2026-04-01 12:45:00,10355.1,10366.6,10351.7,10366.6,558,10,0
2026-04-01 12:50:00,10366.6,10376.1,10365.2,10366.1,560,10,0
2026-04-01 12:55:00,10366.4,10367.6,10356.6,10360.1,649,10,0
2026-04-01 13:00:00,10360.1,10364.6,10351.6,10352.5,616,10,0
2026-04-01 13:05:00,10352.5,10356.5,10346.0,10347.6,561,10,0
2026-04-01 13:10:00,10347.4,10349.6,10339.0,10345.6,593,10,0
2026-04-01 13:15:00,10345.5,10346.1,10340.1,10344.0,472,10,0
2026-04-01 13:20:00,10344.1,10356.1,10342.9,10352.2,640,10,0
2026-04-01 13:25:00,10352.4,10352.7,10345.2,10350.6,584,11,0
2026-04-01 13:30:00,10350.6,10359.6,10342.6,10344.1,540,10,0
2026-04-01 13:35:00,10344.1,10353.7,10343.2,10353.1,581,10,0
2026-04-01 13:40:00,10353.1,10360.9,10352.7,10356.5,512,10,0
2026-04-01 13:45:00,10356.6,10367.1,10356.3,10367.1,517,10,0
2026-04-01 13:50:00,10367.5,10372.6,10362.9,10365.6,531,10,0
2026-04-01 13:55:00,10365.5,10374.6,10360.1,10372.1,541,10,0
2026-04-01 14:00:00,10370.0,10379.6,10369.1,10377.9,531,10,0
2026-04-01 14:05:00,10377.3,10380.1,10374.7,10377.1,463,10,0
2026-04-01 14:10:00,10376.9,10378.6,10372.4,10378.4,487,10,0
2026-04-01 14:15:00,10378.4,10381.3,10375.0,10380.1,478,10,0
2026-04-01 14:20:00,10380.1,10382.1,10376.1,10379.1,397,10,0
2026-04-01 14:25:00,10379.1,10387.1,10378.7,10382.5,378,10,0
2026-04-01 14:30:00,10382.5,10388.6,10379.1,10385.1,543,10,0
2026-04-01 14:35:00,10385.1,10387.5,10379.4,10385.6,597,10,0
2026-04-01 14:40:00,10385.6,10390.1,10382.1,10386.1,522,10,0
2026-04-01 14:45:00,10386.1,10387.1,10379.6,10384.6,444,10,0
2026-04-01 14:50:00,10384.6,10387.9,10382.4,10383.7,485,10,0
2026-04-01 14:55:00,10383.9,10388.9,10379.7,10379.7,456,10,0
2026-04-01 15:00:00,10379.8,10385.1,10374.1,10374.5,531,10,0
2026-04-01 15:05:00,10374.5,10386.6,10372.9,10375.0,554,10,0
2026-04-01 15:10:00,10374.9,10377.1,10372.8,10375.8,413,10,0
2026-04-01 15:15:00,10375.8,10379.4,10367.1,10369.6,456,10,0
2026-04-01 15:20:00,10369.6,10370.1,10358.4,10360.9,581,10,0
2026-04-01 15:25:00,10360.9,10370.1,10355.6,10364.3,452,10,0
2026-04-01 15:30:00,10364.3,10366.3,10356.5,10361.6,504,10,0
2026-04-01 15:35:00,10361.6,10362.7,10350.4,10352.5,647,10,0
2026-04-01 15:40:00,10352.5,10403.0,10351.6,10378.7,616,10,0
2026-04-01 15:45:00,10377.1,10387.6,10346.2,10349.7,1085,11,0
2026-04-01 15:50:00,10348.9,10353.6,10340.4,10342.3,849,10,0
2026-04-01 15:55:00,10342.5,10346.6,10337.6,10341.1,754,10,0
2026-04-01 16:00:00,10341.0,10347.6,10339.4,10344.5,768,10,0
2026-04-01 16:05:00,10344.5,10345.0,10336.2,10339.6,688,10,0
2026-04-01 16:10:00,10339.6,10352.6,10338.9,10349.1,708,10,0
2026-04-01 16:15:00,10349.1,10362.1,10347.7,10361.1,591,10,0
2026-04-01 16:20:00,10361.1,10362.1,10348.5,10354.4,647,10,0
2026-04-01 16:25:00,10354.5,10358.6,10347.2,10356.9,735,10,0
2026-04-01 16:30:00,10357.0,10364.5,10344.4,10344.8,941,10,0
2026-04-01 16:35:00,10344.6,10356.3,10342.1,10354.6,769,10,0
2026-04-01 16:40:00,10354.6,10354.6,10320.7,10329.0,827,10,0
2026-04-01 16:45:00,10329.4,10331.6,10316.5,10320.6,1028,10,0
2026-04-01 16:50:00,10320.1,10328.6,10314.0,10321.6,927,10,0
2026-04-01 16:55:00,10321.7,10326.6,10317.5,10325.1,661,10,0
2026-04-01 17:00:00,10325.1,10327.7,10310.6,10312.1,823,10,0
2026-04-01 17:05:00,10312.1,10319.1,10301.1,10311.9,834,10,0
2026-04-01 17:10:00,10312.0,10312.1,10293.6,10306.6,861,10,0
2026-04-01 17:15:00,10306.6,10323.3,10305.4,10322.6,674,10,0
2026-04-01 17:20:00,10322.6,10329.1,10315.5,10319.1,678,10,0
2026-04-01 17:25:00,10319.1,10337.7,10319.1,10337.1,607,10,0
2026-04-01 17:30:00,10336.5,10344.6,10333.9,10335.4,657,10,0
2026-04-01 17:35:00,10335.4,10357.9,10327.0,10350.4,738,10,0
2026-04-01 17:40:00,10350.4,10353.6,10338.4,10344.9,661,10,0
2026-04-01 17:45:00,10344.9,10352.7,10341.5,10351.4,633,10,0
2026-04-01 17:50:00,10351.4,10352.1,10342.1,10343.6,642,10,0
2026-04-01 17:55:00,10343.6,10344.6,10336.6,10340.6,523,10,0
2026-04-01 18:00:00,10340.6,10350.0,10338.5,10349.5,590,10,0
2026-04-01 18:05:00,10349.1,10356.1,10347.5,10355.4,529,10,0
2026-04-01 18:10:00,10355.4,10355.4,10340.3,10340.6,537,10,0
2026-04-01 18:15:00,10340.6,10349.3,10340.5,10348.9,472,10,0
2026-04-01 18:20:00,10349.1,10349.1,10341.1,10344.4,394,10,0
2026-04-01 18:25:00,10344.4,10356.6,10341.6,10356.6,564,10,0
2026-04-01 18:30:00,10356.6,10366.3,10345.3,10360.4,718,10,0
2026-04-01 18:35:00,10361.0,10378.9,10360.3,10378.9,483,18,0
2026-04-01 18:40:00,10378.8,10381.7,10372.7,10379.0,338,18,0
2026-04-01 18:45:00,10379.0,10385.1,10378.8,10384.3,341,18,0
2026-04-01 18:50:00,10384.3,10393.8,10382.5,10390.0,296,18,0
2026-04-01 18:55:00,10390.0,10397.8,10390.0,10394.8,338,18,0
2026-04-01 19:00:00,10394.8,10397.5,10387.4,10393.3,314,18,0
2026-04-01 19:05:00,10393.3,10400.8,10393.2,10399.3,240,18,0
2026-04-01 19:10:00,10399.8,10399.8,10391.3,10392.9,392,18,0
2026-04-01 19:15:00,10393.1,10395.3,10386.9,10391.3,311,18,0
2026-04-01 19:20:00,10391.8,10391.8,10381.8,10381.8,246,18,0
2026-04-01 19:25:00,10381.8,10382.3,10376.8,10379.8,288,18,0
2026-04-01 19:30:00,10379.8,10385.3,10378.1,10384.3,391,18,0
2026-04-01 19:35:00,10384.3,10388.0,10383.6,10384.3,315,18,0
2026-04-01 19:40:00,10384.3,10389.4,10383.4,10389.3,264,18,0
2026-04-01 19:45:00,10389.3,10390.8,10386.8,10389.3,254,18,0
2026-04-01 19:50:00,10389.3,10394.8,10388.3,10393.4,265,18,0
2026-04-01 19:55:00,10393.3,10396.3,10392.0,10393.8,193,18,0
2026-04-01 20:00:00,10393.3,10400.3,10391.6,10400.3,219,18,0
2026-04-01 20:05:00,10400.3,10404.5,10399.4,10401.9,204,18,0
2026-04-01 20:10:00,10401.9,10406.3,10401.3,10405.6,153,18,0
2026-04-01 20:15:00,10405.6,10406.9,10402.8,10405.8,133,18,0
2026-04-01 20:20:00,10405.8,10407.4,10403.8,10407.0,196,18,0
2026-04-01 20:25:00,10407.0,10408.8,10405.1,10405.3,140,18,0
2026-04-01 20:30:00,10405.3,10405.4,10400.8,10401.0,260,18,0
2026-04-01 20:35:00,10401.0,10402.6,10398.5,10401.5,277,18,0
2026-04-01 20:40:00,10401.5,10408.0,10401.5,10402.4,220,18,0
2026-04-01 20:45:00,10402.6,10404.8,10400.4,10402.4,180,18,0
2026-04-01 20:50:00,10402.3,10405.5,10401.1,10403.8,292,18,0
2026-04-01 20:55:00,10403.7,10403.9,10395.3,10395.3,273,18,0
2026-04-01 21:00:00,10395.3,10396.3,10385.8,10388.8,514,18,0
2026-04-01 21:05:00,10388.8,10393.7,10388.3,10391.0,424,18,0
2026-04-01 21:10:00,10391.0,10395.9,10390.1,10391.8,284,18,0
2026-04-01 21:15:00,10391.8,10391.8,10375.8,10380.1,476,18,0
2026-04-01 21:20:00,10380.3,10383.0,10367.7,10370.5,524,18,0
2026-04-01 21:25:00,10370.5,10375.4,10367.4,10368.9,558,18,0
2026-04-01 21:30:00,10368.9,10374.9,10368.3,10369.9,525,18,0
2026-04-01 21:35:00,10369.8,10375.4,10362.7,10373.5,550,18,0
2026-04-01 21:40:00,10373.4,10383.4,10373.2,10378.8,508,18,0
2026-04-01 21:45:00,10378.8,10381.8,10373.9,10376.2,539,18,0
2026-04-01 21:50:00,10376.2,10378.8,10372.2,10374.5,438,18,0
2026-04-01 21:55:00,10374.5,10374.9,10368.7,10371.9,423,18,0
2026-04-01 22:00:00,10371.9,10377.9,10369.7,10377.8,439,18,0
2026-04-01 22:05:00,10377.8,10385.8,10377.3,10382.3,379,18,0
2026-04-01 22:10:00,10382.3,10386.3,10381.7,10385.8,291,18,0
2026-04-01 22:15:00,10385.8,10391.8,10385.7,10391.8,262,18,0
2026-04-01 22:20:00,10391.8,10394.8,10388.9,10394.2,283,18,0
2026-04-01 22:25:00,10394.3,10402.0,10393.5,10401.8,279,18,0
2026-04-01 22:30:00,10401.8,10405.3,10396.8,10404.5,484,18,0
2026-04-01 22:35:00,10404.4,10412.4,10402.3,10411.3,444,18,0
2026-04-01 22:40:00,10411.3,10413.0,10407.3,10409.3,389,18,0
2026-04-01 22:45:00,10408.9,10413.5,10407.8,10408.8,272,18,0
2026-04-01 22:50:00,10408.8,10414.1,10400.8,10409.9,445,18,0
2026-04-01 22:55:00,10409.9,10423.0,10407.3,10423.0,456,18,0
2026-04-02 03:00:00,10420.2,10427.8,10420.2,10422.1,226,24,0
2026-04-02 03:05:00,10422.1,10426.7,10419.7,10420.9,339,20,0
2026-04-02 03:10:00,10420.8,10422.8,10417.1,10421.9,293,19,0
2026-04-02 03:15:00,10421.9,10424.7,10417.4,10421.0,412,21,0
2026-04-02 03:20:00,10420.7,10420.8,10414.5,10414.9,357,27,0
2026-04-02 03:25:00,10414.9,10416.3,10410.9,10411.5,324,19,0
2026-04-02 03:30:00,10411.5,10415.6,10407.6,10414.8,364,19,0
2026-04-02 03:35:00,10414.9,10416.5,10412.5,10416.0,336,20,0
2026-04-02 03:40:00,10416.0,10437.1,10415.5,10431.8,385,18,0
2026-04-02 03:45:00,10432.0,10437.6,10428.2,10434.8,360,24,0
2026-04-02 03:50:00,10434.8,10435.1,10428.0,10431.5,327,22,0
2026-04-02 03:55:00,10431.4,10435.1,10429.0,10433.9,366,26,0
2026-04-02 04:00:00,10433.8,10434.0,10394.7,10401.7,578,22,0
2026-04-02 04:05:00,10399.8,10400.0,10383.5,10395.9,591,24,0
2026-04-02 04:10:00,10395.9,10425.5,10395.0,10398.5,634,22,0
2026-04-02 04:15:00,10398.5,10398.5,10351.1,10356.5,770,27,0
2026-04-02 04:20:00,10356.5,10365.8,10351.8,10359.5,660,25,0
2026-04-02 04:25:00,10359.5,10361.4,10348.4,10355.1,755,20,0
2026-04-02 04:30:00,10353.7,10353.9,10316.9,10323.8,713,18,0
2026-04-02 04:35:00,10323.8,10339.3,10321.4,10329.4,510,28,0
2026-04-02 04:40:00,10329.4,10332.8,10324.5,10324.6,565,29,0
2026-04-02 04:45:00,10324.5,10324.9,10308.5,10316.4,667,22,0
2026-04-02 04:50:00,10316.3,10325.4,10314.3,10316.8,565,29,0
2026-04-02 04:55:00,10316.5,10322.4,10316.4,10319.3,542,27,0
2026-04-02 05:00:00,10319.4,10323.1,10310.2,10311.0,491,20,0
2026-04-02 05:05:00,10311.0,10321.3,10303.6,10305.9,598,22,0
2026-04-02 05:10:00,10305.9,10306.4,10292.5,10294.1,593,18,0
2026-04-02 05:15:00,10294.1,10307.3,10294.1,10303.3,646,18,0
2026-04-02 05:20:00,10303.3,10305.0,10298.0,10304.5,489,18,0
2026-04-02 05:25:00,10304.6,10305.5,10298.6,10299.4,461,18,0
2026-04-02 05:30:00,10299.8,10304.2,10298.6,10303.9,423,18,0
2026-04-02 05:35:00,10303.9,10306.1,10293.8,10295.1,448,18,0
2026-04-02 05:40:00,10295.1,10301.9,10294.5,10299.2,427,18,0
2026-04-02 05:45:00,10299.2,10304.7,10299.1,10301.6,370,22,0
2026-04-02 05:50:00,10301.6,10304.7,10301.0,10302.3,468,18,0
2026-04-02 05:55:00,10302.4,10305.3,10302.2,10302.2,411,20,0
2026-04-02 06:00:00,10302.2,10302.2,10287.7,10292.4,431,18,0
2026-04-02 06:05:00,10292.4,10298.2,10291.6,10296.5,296,21,0
2026-04-02 06:10:00,10296.5,10299.6,10295.3,10297.6,281,20,0
2026-04-02 06:15:00,10297.6,10301.4,10297.3,10299.9,334,18,0
2026-04-02 06:20:00,10299.9,10303.1,10297.2,10302.5,329,19,0
2026-04-02 06:25:00,10302.3,10305.3,10298.7,10300.6,369,18,0
2026-04-02 06:30:00,10301.0,10302.6,10293.5,10293.8,418,18,0
2026-04-02 06:35:00,10293.9,10294.2,10280.2,10284.4,428,20,0
2026-04-02 06:40:00,10284.2,10289.6,10281.1,10286.5,343,18,0
2026-04-02 06:45:00,10286.6,10286.9,10281.3,10281.3,366,18,0
2026-04-02 06:50:00,10281.3,10284.1,10278.4,10279.9,288,18,0
2026-04-02 06:55:00,10279.9,10280.6,10274.5,10274.7,284,18,0
2026-04-02 07:00:00,10274.7,10281.3,10274.7,10276.5,268,18,0
2026-04-02 07:05:00,10276.5,10277.5,10272.8,10276.1,282,18,0
2026-04-02 07:10:00,10276.2,10276.9,10272.1,10274.1,275,18,0
2026-04-02 07:15:00,10274.1,10276.7,10273.2,10273.8,205,18,0
2026-04-02 07:20:00,10274.2,10275.0,10269.5,10272.7,242,18,0
2026-04-02 07:25:00,10272.8,10272.8,10269.0,10269.0,288,23,0
2026-04-02 07:30:00,10269.3,10269.6,10266.2,10267.6,202,18,0
2026-04-02 07:35:00,10267.8,10268.6,10266.0,10267.4,276,19,0
2026-04-02 07:40:00,10267.4,10268.8,10266.1,10268.7,253,20,0
2026-04-02 07:45:00,10268.7,10269.5,10263.5,10265.8,219,18,0
2026-04-02 07:50:00,10265.9,10266.5,10259.2,10260.5,208,18,0
2026-04-02 07:55:00,10261.1,10266.7,10260.8,10263.6,213,18,0
2026-04-02 08:00:00,10263.6,10268.5,10262.1,10267.2,352,18,0
2026-04-02 08:05:00,10267.2,10268.0,10263.6,10265.6,351,18,0
2026-04-02 08:10:00,10265.6,10266.3,10262.4,10263.8,313,18,0
2026-04-02 08:15:00,10264.1,10267.1,10261.0,10262.9,324,18,0
2026-04-02 08:20:00,10262.6,10265.8,10255.5,10261.4,267,19,0
2026-04-02 08:25:00,10261.5,10266.7,10260.6,10266.6,306,18,0
2026-04-02 08:30:00,10266.6,10270.5,10263.2,10264.7,288,18,0
2026-04-02 08:35:00,10264.7,10266.0,10258.2,10260.1,356,20,0
2026-04-02 08:40:00,10260.5,10261.8,10258.1,10259.1,272,18,0
2026-04-02 08:45:00,10258.5,10262.1,10256.3,10257.5,298,18,0
2026-04-02 08:50:00,10257.7,10263.4,10256.3,10262.6,315,18,0
2026-04-02 08:55:00,10262.8,10262.8,10258.3,10260.5,225,18,0
2026-04-02 09:00:00,10260.3,10270.7,10260.3,10268.1,467,18,0
2026-04-02 09:05:00,10268.1,10271.5,10266.9,10267.7,331,18,0
2026-04-02 09:10:00,10267.7,10270.2,10266.1,10268.9,332,18,0
2026-04-02 09:15:00,10268.9,10271.7,10266.5,10269.2,271,18,0
2026-04-02 09:20:00,10269.2,10270.7,10266.3,10268.5,278,18,0
2026-04-02 09:25:00,10268.5,10270.2,10267.4,10269.6,239,18,0
2026-04-02 09:30:00,10269.6,10270.2,10266.3,10268.7,265,18,0
2026-04-02 09:35:00,10268.7,10269.7,10264.7,10268.5,215,18,0
2026-04-02 09:40:00,10268.5,10270.2,10266.4,10268.9,206,18,0
2026-04-02 09:45:00,10268.9,10268.9,10263.6,10265.9,189,18,0
2026-04-02 09:50:00,10265.9,10271.2,10264.7,10269.2,247,18,0
2026-04-02 09:55:00,10269.2,10283.7,10268.6,10280.2,332,18,0
2026-04-02 10:00:00,10280.6,10295.0,10277.2,10294.0,881,11,0
2026-04-02 10:05:00,10293.9,10304.5,10288.8,10289.1,733,10,0
2026-04-02 10:10:00,10289.1,10298.5,10286.3,10294.8,647,10,0
2026-04-02 10:15:00,10294.8,10303.6,10291.1,10302.1,647,10,0
2026-04-02 10:20:00,10302.1,10307.6,10297.0,10302.0,585,10,0
2026-04-02 10:25:00,10302.0,10318.8,10300.5,10318.1,690,10,0
2026-04-02 10:30:00,10318.1,10324.9,10312.0,10324.5,663,10,0
2026-04-02 10:35:00,10324.5,10334.1,10322.4,10333.6,637,10,0
2026-04-02 10:40:00,10333.6,10336.2,10329.1,10333.1,564,10,0
2026-04-02 10:45:00,10333.1,10350.1,10332.2,10347.5,553,10,0
2026-04-02 10:50:00,10347.6,10348.1,10339.8,10343.7,524,10,0
2026-04-02 10:55:00,10343.7,10353.6,10341.6,10353.1,431,10,0
2026-04-02 11:00:00,10353.1,10355.2,10336.8,10340.0,627,10,0
2026-04-02 11:05:00,10339.8,10340.6,10330.6,10339.4,684,10,0
2026-04-02 11:10:00,10338.5,10342.1,10334.6,10340.1,589,10,0
2026-04-02 11:15:00,10340.1,10344.6,10336.1,10339.2,645,10,0
2026-04-02 11:20:00,10339.1,10351.9,10338.1,10349.0,629,10,0
2026-04-02 11:25:00,10349.1,10351.1,10342.1,10350.4,576,10,0
2026-04-02 11:30:00,10350.4,10365.6,10350.4,10363.0,623,10,0
2026-04-02 11:35:00,10363.1,10364.0,10356.6,10359.3,467,10,0
2026-04-02 11:40:00,10359.4,10366.3,10355.3,10357.0,594,10,0
2026-04-02 11:45:00,10357.0,10363.0,10355.1,10361.3,591,10,0
2026-04-02 11:50:00,10361.2,10364.1,10357.0,10363.6,477,10,0
2026-04-02 11:55:00,10363.5,10367.1,10361.4,10363.6,461,10,0
2026-04-02 12:00:00,10363.9,10367.5,10354.0,10355.8,577,10,0
2026-04-02 12:05:00,10356.0,10356.0,10347.1,10347.1,549,10,0
2026-04-02 12:10:00,10347.1,10347.4,10334.6,10340.6,491,10,0
2026-04-02 12:15:00,10340.6,10346.0,10338.0,10341.3,501,10,0
2026-04-02 12:20:00,10341.2,10348.6,10338.9,10347.5,511,10,0
2026-04-02 12:25:00,10347.6,10352.1,10346.8,10349.6,514,10,0
2026-04-02 12:30:00,10349.6,10351.0,10343.2,10345.5,441,10,0
2026-04-02 12:35:00,10345.6,10346.4,10337.5,10338.4,483,10,0
2026-04-02 12:40:00,10338.4,10347.1,10337.6,10343.5,457,10,0
2026-04-02 12:45:00,10343.5,10351.0,10342.6,10349.5,544,10,0
2026-04-02 12:50:00,10349.8,10354.1,10348.1,10353.9,507,10,0
2026-04-02 12:55:00,10353.9,10357.2,10348.5,10354.8,572,10,0
2026-04-02 13:00:00,10355.0,10356.1,10349.5,10352.6,586,10,0
2026-04-02 13:05:00,10353.0,10358.6,10345.6,10351.4,589,10,0
2026-04-02 13:10:00,10351.5,10355.1,10344.1,10344.7,578,10,0
2026-04-02 13:15:00,10344.8,10345.4,10335.5,10341.9,537,10,0
2026-04-02 13:20:00,10342.0,10344.1,10334.3,10336.3,531,10,0
2026-04-02 13:25:00,10336.3,10340.5,10331.5,10337.0,514,10,0
2026-04-02 13:30:00,10337.0,10337.1,10331.6,10335.7,602,10,0
2026-04-02 13:35:00,10335.5,10343.5,10330.1,10330.7,555,10,0
2026-04-02 13:40:00,10330.4,10344.0,10330.1,10339.1,619,10,0
2026-04-02 13:45:00,10339.0,10341.8,10336.1,10339.5,512,10,0
2026-04-02 13:50:00,10339.1,10340.1,10332.0,10335.5,520,10,0
2026-04-02 13:55:00,10335.6,10346.6,10335.1,10343.9,556,10,0
2026-04-02 14:00:00,10344.1,10354.7,10341.1,10353.2,603,10,0
2026-04-02 14:05:00,10353.2,10353.3,10340.2,10347.0,619,10,0
2026-04-02 14:10:00,10347.5,10348.5,10340.1,10341.1,604,10,0
2026-04-02 14:15:00,10341.1,10341.4,10333.6,10339.4,605,10,0
2026-04-02 14:20:00,10339.3,10339.6,10333.6,10337.0,538,10,0
2026-04-02 14:25:00,10337.1,10338.6,10326.6,10327.0,416,10,0
2026-04-02 14:30:00,10327.0,10329.5,10323.7,10326.9,525,10,0
2026-04-02 14:35:00,10326.9,10328.2,10319.5,10319.6,477,10,0
2026-04-02 14:40:00,10319.2,10319.6,10308.5,10310.9,542,10,0
2026-04-02 14:45:00,10310.9,10317.1,10307.3,10316.0,574,10,0
2026-04-02 14:50:00,10316.0,10326.4,10314.5,10326.0,631,10,0
2026-04-02 14:55:00,10326.0,10326.0,10308.6,10309.0,535,10,0
2026-04-02 15:00:00,10309.0,10309.6,10297.5,10301.4,718,10,0
2026-04-02 15:05:00,10301.2,10302.6,10287.8,10289.3,665,10,0
2026-04-02 15:10:00,10289.3,10290.2,10283.6,10285.1,603,10,0
2026-04-02 15:15:00,10285.1,10290.5,10281.6,10288.0,620,10,0
2026-04-02 15:20:00,10288.1,10311.1,10287.1,10310.1,670,10,0
2026-04-02 15:25:00,10310.1,10310.1,10301.4,10307.1,360,10,0
2026-04-02 15:30:00,10307.1,10316.1,10303.8,10315.5,465,10,0
2026-04-02 15:35:00,10315.6,10316.1,10307.6,10316.1,634,10,0
2026-04-02 15:40:00,10316.0,10316.0,10310.6,10312.8,603,10,0
2026-04-02 15:45:00,10312.8,10325.0,10309.1,10323.1,609,10,0
2026-04-02 15:50:00,10323.1,10323.9,10319.0,10321.6,611,10,0
2026-04-02 15:55:00,10321.6,10323.5,10311.3,10313.4,557,10,0
2026-04-02 16:00:00,10312.7,10319.1,10306.6,10317.1,781,10,0
2026-04-02 16:05:00,10317.0,10321.1,10311.7,10313.6,665,10,0
2026-04-02 16:10:00,10313.5,10315.0,10305.0,10307.1,701,10,0
2026-04-02 16:15:00,10307.1,10313.0,10303.2,10304.6,691,10,0
2026-04-02 16:20:00,10305.2,10314.1,10304.5,10310.6,585,10,0
2026-04-02 16:25:00,10310.6,10312.2,10307.9,10311.6,517,10,0
2026-04-02 16:30:00,10311.5,10334.4,10310.5,10334.1,813,10,0
2026-04-02 16:35:00,10334.1,10338.1,10328.0,10328.3,769,10,0
2026-04-02 16:40:00,10328.1,10340.1,10326.9,10338.8,857,10,0
2026-04-02 16:45:00,10338.9,10348.5,10337.7,10342.6,844,10,0
2026-04-02 16:50:00,10342.5,10363.3,10341.5,10361.1,767,10,0
2026-04-02 16:55:00,10360.0,10373.6,10358.6,10373.0,734,10,0
2026-04-02 17:00:00,10373.1,10377.4,10369.5,10375.1,720,10,0
2026-04-02 17:05:00,10375.1,10380.6,10372.1,10376.7,719,10,0
2026-04-02 17:10:00,10376.6,10380.1,10370.5,10373.6,737,10,0
2026-04-02 17:15:00,10374.6,10391.1,10374.0,10390.1,648,10,0
2026-04-02 17:20:00,10390.1,10398.6,10389.1,10397.1,532,10,0
2026-04-02 17:25:00,10397.1,10400.6,10391.0,10393.6,527,10,0
2026-04-02 17:30:00,10392.6,10412.4,10392.1,10410.8,533,10,0
2026-04-02 17:35:00,10410.6,10463.7,10410.1,10442.8,1107,10,0
2026-04-02 17:40:00,10442.2,10455.0,10434.5,10454.6,1022,10,0
2026-04-02 17:45:00,10454.6,10458.1,10443.4,10446.6,884,10,0
2026-04-02 17:50:00,10446.6,10458.1,10433.9,10457.1,860,10,0
2026-04-02 17:55:00,10457.1,10467.6,10456.5,10460.1,628,10,0
2026-04-02 18:00:00,10459.5,10462.5,10450.0,10454.6,859,10,0
2026-04-02 18:05:00,10454.6,10455.1,10442.6,10448.1,723,10,0
2026-04-02 18:10:00,10448.1,10455.4,10442.6,10452.1,709,10,0
2026-04-02 18:15:00,10452.1,10460.1,10449.0,10453.8,628,10,0
2026-04-02 18:20:00,10453.8,10454.6,10430.4,10434.6,699,10,0
2026-04-02 18:25:00,10434.6,10438.9,10425.6,10428.1,681,10,0
2026-04-02 18:30:00,10428.5,10453.7,10426.9,10439.0,673,10,0
2026-04-02 18:35:00,10439.2,10452.7,10434.2,10446.7,467,18,0
2026-04-02 18:40:00,10446.7,10446.7,10434.2,10444.0,447,18,0
2026-04-02 18:45:00,10444.3,10444.3,10427.2,10428.6,472,18,0
2026-04-02 18:50:00,10428.2,10432.7,10414.7,10431.7,511,18,0
2026-04-02 18:55:00,10431.6,10432.7,10418.5,10421.2,500,18,0
2026-04-02 19:00:00,10421.2,10427.5,10415.0,10416.7,472,18,0
2026-04-02 19:05:00,10415.7,10420.4,10405.7,10412.7,459,18,0
2026-04-02 19:10:00,10412.7,10416.7,10406.4,10415.8,430,18,0
2026-04-02 19:15:00,10415.8,10423.7,10413.7,10414.2,417,18,0
2026-04-02 19:20:00,10414.2,10420.9,10410.1,10418.1,519,18,0
2026-04-02 19:25:00,10417.7,10423.6,10416.0,10421.3,529,18,0
2026-04-02 19:30:00,10421.3,10430.2,10418.4,10425.0,562,18,0
2026-04-02 19:35:00,10425.0,10428.0,10418.0,10424.7,672,18,0
2026-04-02 19:40:00,10424.1,10436.3,10423.5,10431.7,533,18,0
2026-04-02 19:45:00,10431.7,10434.7,10429.7,10433.2,311,18,0
2026-04-02 19:50:00,10433.2,10439.3,10430.7,10435.9,375,18,0
2026-04-02 19:55:00,10435.9,10436.4,10426.8,10427.7,404,18,0
2026-04-02 20:00:00,10427.7,10437.8,10425.0,10436.7,441,18,0
2026-04-02 20:05:00,10436.7,10440.5,10435.0,10439.9,364,18,0
2026-04-02 20:10:00,10439.9,10448.7,10437.1,10445.7,378,18,0
2026-04-02 20:15:00,10445.7,10450.2,10444.7,10446.2,387,18,0
2026-04-02 20:20:00,10445.9,10451.8,10445.9,10450.2,323,18,0
2026-04-02 20:25:00,10450.2,10452.2,10449.2,10450.2,263,18,0
2026-04-02 20:30:00,10450.1,10451.3,10441.0,10442.0,295,18,0
2026-04-02 20:35:00,10442.0,10447.3,10439.5,10445.7,346,18,0
2026-04-02 20:40:00,10445.7,10450.8,10443.5,10450.3,272,18,0
2026-04-02 20:45:00,10450.3,10451.5,10435.7,10436.4,416,18,0
2026-04-02 20:50:00,10436.4,10440.2,10433.6,10439.0,401,18,0
2026-04-02 20:55:00,10439.2,10441.4,10435.7,10441.0,314,18,0
2026-04-02 21:00:00,10441.0,10445.8,10441.0,10445.7,347,18,0
2026-04-02 21:05:00,10445.5,10447.8,10441.2,10443.9,288,18,0
2026-04-02 21:10:00,10443.9,10446.4,10442.6,10445.2,231,18,0
2026-04-02 21:15:00,10445.2,10450.0,10442.5,10446.6,301,18,0
2026-04-02 21:20:00,10446.7,10447.2,10444.6,10444.7,273,18,0
2026-04-02 21:25:00,10444.6,10445.5,10441.7,10442.2,272,18,0
2026-04-02 21:30:00,10442.2,10446.2,10441.3,10444.2,288,18,0
2026-04-02 21:35:00,10444.2,10445.5,10442.2,10445.2,286,18,0
2026-04-02 21:40:00,10444.6,10452.4,10444.2,10449.8,274,18,0
2026-04-02 21:45:00,10449.6,10454.9,10449.1,10453.5,248,18,0
2026-04-02 21:50:00,10453.5,10460.3,10453.5,10458.0,167,18,0
2026-04-02 21:55:00,10458.0,10459.2,10456.4,10457.7,209,18,0
2026-04-02 22:00:00,10457.7,10459.2,10453.5,10454.4,223,18,0
2026-04-02 22:05:00,10454.4,10459.5,10453.7,10459.5,233,18,0
2026-04-02 22:10:00,10459.5,10462.7,10458.7,10459.4,213,18,0
2026-04-02 22:15:00,10459.4,10460.9,10455.7,10456.1,263,18,0
2026-04-02 22:20:00,10456.1,10461.2,10453.1,10454.7,290,18,0
2026-04-02 22:25:00,10454.7,10456.5,10450.7,10453.4,300,18,0
2026-04-02 22:30:00,10453.4,10454.4,10448.5,10450.9,192,18,0
2026-04-02 22:35:00,10451.1,10454.2,10447.7,10452.7,198,18,0
2026-04-02 22:40:00,10452.7,10453.3,10447.3,10448.7,190,18,0
2026-04-02 22:45:00,10448.7,10451.0,10444.7,10451.0,218,18,0
2026-04-02 22:50:00,10451.0,10454.3,10445.7,10446.3,345,18,0
2026-04-02 22:55:00,10446.2,10456.7,10443.0,10454.1,386,18,0
2026-04-07 03:00:00,10483.1,10490.8,10457.3,10490.4,270,18,0
2026-04-07 03:05:00,10490.4,10499.6,10485.2,10499.6,296,18,0
2026-04-07 03:10:00,10499.9,10507.9,10498.7,10505.3,279,18,0
2026-04-07 03:15:00,10505.1,10522.3,10500.7,10515.5,473,19,0
2026-04-07 03:20:00,10515.5,10515.9,10509.2,10511.2,300,22,0
2026-04-07 03:25:00,10511.2,10513.0,10504.6,10507.6,304,20,0
2026-04-07 03:30:00,10507.9,10508.9,10503.1,10508.8,429,18,0
2026-04-07 03:35:00,10508.8,10508.9,10501.6,10501.9,386,22,0
2026-04-07 03:40:00,10501.8,10506.4,10501.1,10502.7,319,20,0
2026-04-07 03:45:00,10502.7,10507.5,10501.8,10506.0,293,18,0
2026-04-07 03:50:00,10506.0,10507.9,10499.3,10499.3,339,19,0
2026-04-07 03:55:00,10499.5,10499.9,10490.4,10491.0,248,22,0
2026-04-07 04:00:00,10491.0,10499.2,10485.2,10497.5,652,18,0
2026-04-07 04:05:00,10497.5,10502.7,10492.6,10494.8,556,18,0
2026-04-07 04:10:00,10494.7,10496.5,10483.7,10484.9,550,22,0
2026-04-07 04:15:00,10484.7,10488.0,10483.0,10486.0,541,27,0
2026-04-07 04:20:00,10485.8,10487.9,10482.6,10483.8,502,26,0
2026-04-07 04:25:00,10484.3,10491.6,10481.3,10491.3,408,19,0
2026-04-07 04:30:00,10491.3,10492.0,10484.8,10484.8,360,19,0
2026-04-07 04:35:00,10484.8,10486.4,10470.3,10473.6,553,18,0
2026-04-07 04:40:00,10473.8,10477.7,10473.2,10474.8,467,19,0
2026-04-07 04:45:00,10474.8,10484.3,10474.8,10477.8,413,19,0
2026-04-07 04:50:00,10477.8,10479.3,10468.4,10469.8,491,18,0
2026-04-07 04:55:00,10469.9,10471.6,10462.9,10467.6,543,19,0
2026-04-07 05:00:00,10467.5,10468.1,10463.0,10465.8,555,19,0
2026-04-07 05:05:00,10465.9,10472.8,10463.0,10469.1,540,22,0
2026-04-07 05:10:00,10469.1,10472.9,10463.3,10464.8,454,21,0
2026-04-07 05:15:00,10464.6,10468.3,10462.7,10468.3,501,22,0
2026-04-07 05:20:00,10468.3,10468.9,10461.6,10464.6,460,21,0
2026-04-07 05:25:00,10464.6,10469.3,10462.8,10467.8,312,18,0
2026-04-07 05:30:00,10467.7,10473.3,10467.7,10471.6,394,20,0
2026-04-07 05:35:00,10471.6,10473.3,10469.9,10471.8,350,19,0
2026-04-07 05:40:00,10471.9,10473.7,10470.4,10473.2,247,22,0
2026-04-07 05:45:00,10473.1,10478.4,10472.4,10476.9,317,22,0
2026-04-07 05:50:00,10476.9,10477.2,10468.9,10468.9,257,19,0
2026-04-07 05:55:00,10468.9,10470.1,10467.9,10468.3,284,18,0
2026-04-07 06:00:00,10468.2,10469.3,10463.1,10465.0,290,20,0
2026-04-07 06:05:00,10465.0,10465.1,10456.6,10459.0,312,18,0
2026-04-07 06:10:00,10459.0,10461.1,10458.0,10459.9,275,19,0
2026-04-07 06:15:00,10459.7,10460.1,10452.4,10452.5,285,20,0
2026-04-07 06:20:00,10452.5,10457.4,10452.5,10454.8,255,19,0
2026-04-07 06:25:00,10454.8,10456.9,10452.2,10456.6,198,20,0
2026-04-07 06:30:00,10456.7,10459.6,10454.9,10457.4,355,19,0
2026-04-07 06:35:00,10457.4,10458.4,10455.6,10457.0,234,19,0
2026-04-07 06:40:00,10457.0,10459.4,10456.9,10459.2,251,22,0
2026-04-07 06:45:00,10459.4,10460.1,10457.4,10458.7,200,18,0
2026-04-07 06:50:00,10458.7,10459.9,10458.0,10458.3,176,20,0
2026-04-07 06:55:00,10458.4,10461.0,10457.9,10459.4,192,19,0
2026-04-07 07:00:00,10459.5,10461.8,10457.8,10458.7,209,20,0
2026-04-07 07:05:00,10458.5,10460.8,10456.9,10460.1,385,21,0
2026-04-07 07:10:00,10460.2,10461.1,10455.9,10456.0,285,20,0
2026-04-07 07:15:00,10456.0,10459.9,10455.3,10456.6,361,18,0
2026-04-07 07:20:00,10456.5,10460.9,10455.2,10460.9,387,23,0
2026-04-07 07:25:00,10460.8,10462.9,10459.4,10459.5,297,19,0
2026-04-07 07:30:00,10459.5,10465.3,10459.5,10462.6,363,19,0
2026-04-07 07:35:00,10462.6,10464.1,10461.4,10463.2,299,22,0
2026-04-07 07:40:00,10463.2,10463.9,10460.4,10461.1,272,20,0
2026-04-07 07:45:00,10461.1,10463.7,10458.7,10462.4,201,18,0
2026-04-07 07:50:00,10462.5,10463.2,10457.9,10461.1,204,19,0
2026-04-07 07:55:00,10461.1,10462.1,10458.4,10459.9,175,19,0
2026-04-07 08:00:00,10459.7,10464.2,10459.7,10461.4,261,18,0
2026-04-07 08:05:00,10461.6,10463.2,10459.6,10462.2,244,19,0
2026-04-07 08:10:00,10462.2,10465.9,10462.1,10464.8,182,18,0
2026-04-07 08:15:00,10464.8,10465.6,10457.5,10458.5,215,18,0
2026-04-07 08:20:00,10458.5,10462.6,10454.5,10457.5,280,19,0
2026-04-07 08:25:00,10457.5,10458.8,10453.0,10454.3,364,18,0
2026-04-07 08:30:00,10454.4,10455.7,10449.7,10452.8,431,18,0
2026-04-07 08:35:00,10453.0,10459.1,10452.9,10458.4,311,20,0
2026-04-07 08:40:00,10458.4,10459.2,10452.6,10453.6,350,19,0
2026-04-07 08:45:00,10453.6,10461.3,10453.6,10460.1,322,20,0
2026-04-07 08:50:00,10460.0,10461.0,10458.6,10460.6,208,19,0
2026-04-07 08:55:00,10460.6,10464.9,10459.1,10459.1,247,19,0
2026-04-07 09:00:00,10459.1,10464.3,10457.8,10459.9,478,18,0
2026-04-07 09:05:00,10459.8,10466.8,10454.5,10461.3,465,18,0
2026-04-07 09:10:00,10460.8,10466.3,10459.3,10462.9,444,18,0
2026-04-07 09:15:00,10462.8,10464.9,10460.1,10463.9,348,18,0
2026-04-07 09:20:00,10463.9,10465.9,10459.1,10465.9,366,18,0
2026-04-07 09:25:00,10465.8,10467.7,10458.1,10460.3,407,18,0
2026-04-07 09:30:00,10460.2,10461.9,10447.8,10447.8,410,18,0
2026-04-07 09:35:00,10447.8,10454.0,10447.7,10451.8,442,18,0
2026-04-07 09:40:00,10451.8,10457.9,10447.4,10456.3,357,18,0
2026-04-07 09:45:00,10456.2,10458.4,10449.2,10450.9,327,18,0
2026-04-07 09:50:00,10450.7,10455.7,10449.4,10453.8,340,18,0
2026-04-07 09:55:00,10453.8,10469.4,10452.7,10460.2,481,18,0
2026-04-07 10:00:00,10460.3,10466.5,10447.9,10448.5,943,12,0
2026-04-07 10:05:00,10448.4,10463.3,10445.9,10458.5,788,10,0
2026-04-07 10:10:00,10458.5,10465.5,10452.9,10455.1,685,10,0
2026-04-07 10:15:00,10455.3,10456.8,10441.6,10444.4,629,10,0
2026-04-07 10:20:00,10444.4,10450.9,10430.0,10436.1,696,10,0
2026-04-07 10:25:00,10435.4,10438.0,10425.0,10426.9,695,10,0
2026-04-07 10:30:00,10426.9,10430.5,10418.6,10420.0,688,10,0
2026-04-07 10:35:00,10420.0,10421.1,10411.9,10414.6,640,10,0
2026-04-07 10:40:00,10414.6,10423.3,10409.8,10419.0,603,10,0
2026-04-07 10:45:00,10419.0,10422.6,10413.6,10415.0,598,10,0
2026-04-07 10:50:00,10415.0,10418.0,10403.3,10404.3,563,10,0
2026-04-07 10:55:00,10404.3,10425.5,10400.8,10424.5,568,10,0
2026-04-07 11:00:00,10424.4,10460.3,10423.5,10437.4,977,10,0
2026-04-07 11:05:00,10437.4,10458.5,10435.4,10457.4,841,10,0
2026-04-07 11:10:00,10457.5,10486.0,10454.5,10471.6,842,10,0
2026-04-07 11:15:00,10471.4,10479.5,10461.4,10472.5,847,10,0
2026-04-07 11:20:00,10472.8,10485.4,10470.0,10477.6,821,10,0
2026-04-07 11:25:00,10477.6,10480.4,10473.6,10479.9,775,10,0
2026-04-07 11:30:00,10479.9,10493.9,10476.9,10488.9,805,10,0
2026-04-07 11:35:00,10488.6,10493.9,10478.3,10478.4,775,10,0
2026-04-07 11:40:00,10478.4,10478.9,10466.6,10472.8,683,10,0
2026-04-07 11:45:00,10472.9,10478.5,10462.9,10469.0,699,10,0
2026-04-07 11:50:00,10469.0,10470.5,10460.4,10462.7,635,10,0
2026-04-07 11:55:00,10462.9,10474.4,10460.6,10468.5,639,10,0
2026-04-07 12:00:00,10468.5,10482.5,10465.8,10477.9,711,10,0
2026-04-07 12:05:00,10477.9,10480.0,10465.0,10477.6,666,10,0
2026-04-07 12:10:00,10477.9,10484.8,10471.9,10473.6,688,10,0
2026-04-07 12:15:00,10473.9,10485.4,10469.3,10476.6,664,10,0
2026-04-07 12:20:00,10476.8,10482.6,10472.6,10475.9,589,10,0
2026-04-07 12:25:00,10476.5,10479.0,10467.3,10472.0,692,10,0
2026-04-07 12:30:00,10472.0,10480.8,10465.6,10477.9,664,10,0
2026-04-07 12:35:00,10477.9,10478.9,10469.5,10478.0,613,10,0
2026-04-07 12:40:00,10477.9,10480.0,10472.4,10472.4,531,10,0
2026-04-07 12:45:00,10472.4,10476.1,10464.9,10472.4,529,10,0
2026-04-07 12:50:00,10472.3,10481.5,10471.4,10475.0,484,11,0
2026-04-07 12:55:00,10475.0,10480.4,10473.9,10473.9,443,11,0
2026-04-07 13:00:00,10473.9,10481.0,10465.5,10468.5,596,10,0
2026-04-07 13:05:00,10468.5,10476.5,10428.9,10455.4,598,10,0
2026-04-07 13:10:00,10455.6,10473.4,10446.6,10469.4,914,10,0
2026-04-07 13:15:00,10469.4,10477.5,10469.2,10475.5,639,11,0
2026-04-07 13:20:00,10475.5,10481.0,10467.6,10473.9,613,10,0
2026-04-07 13:25:00,10473.6,10473.9,10442.5,10458.0,982,10,0
2026-04-07 13:30:00,10457.9,10463.9,10450.4,10452.4,692,11,0
2026-04-07 13:35:00,10452.1,10459.9,10447.9,10450.4,698,11,0
2026-04-07 13:40:00,10450.5,10457.5,10436.2,10449.5,769,10,0
2026-04-07 13:45:00,10449.5,10452.9,10433.5,10437.1,753,11,0
2026-04-07 13:50:00,10437.1,10442.1,10426.0,10433.0,753,10,0
2026-04-07 13:55:00,10433.0,10436.0,10421.5,10427.5,800,10,0
2026-04-07 14:00:00,10427.5,10432.0,10417.4,10430.0,796,10,0
2026-04-07 14:05:00,10430.0,10438.4,10427.4,10434.3,741,11,0
2026-04-07 14:10:00,10434.2,10434.3,10423.0,10430.4,628,10,0
2026-04-07 14:15:00,10430.4,10439.0,10429.0,10436.5,618,10,0
2026-04-07 14:20:00,10436.5,10442.1,10433.0,10434.5,600,10,0
2026-04-07 14:25:00,10434.5,10444.8,10427.8,10428.1,592,11,0
2026-04-07 14:30:00,10428.1,10430.0,10417.8,10422.6,569,10,0
2026-04-07 14:35:00,10422.7,10430.6,10412.6,10419.0,756,10,0
2026-04-07 14:40:00,10419.0,10432.1,10415.5,10425.9,620,11,0
2026-04-07 14:45:00,10426.0,10428.5,10421.9,10426.3,576,10,0
2026-04-07 14:50:00,10426.3,10435.5,10423.8,10432.0,560,10,0
2026-04-07 14:55:00,10432.0,10434.4,10426.5,10429.0,546,10,0
2026-04-07 15:00:00,10428.9,10431.4,10423.4,10429.1,615,10,0
2026-04-07 15:05:00,10428.9,10442.3,10409.2,10421.0,919,10,0
2026-04-07 15:10:00,10421.0,10426.9,10417.1,10422.4,590,10,0
2026-04-07 15:15:00,10422.4,10439.5,10416.1,10433.0,858,10,0
2026-04-07 15:20:00,10432.9,10444.6,10427.9,10434.4,728,10,0
2026-04-07 15:25:00,10434.4,10442.8,10432.9,10442.3,475,10,0
2026-04-07 15:30:00,10442.4,10444.5,10431.4,10433.7,569,10,0
2026-04-07 15:35:00,10433.4,10438.5,10430.9,10434.6,637,10,0
2026-04-07 15:40:00,10434.6,10435.9,10420.5,10422.0,620,10,0
2026-04-07 15:45:00,10422.0,10423.4,10403.5,10403.5,543,10,0
2026-04-07 15:50:00,10403.5,10409.9,10399.4,10406.0,590,10,0
2026-04-07 15:55:00,10406.2,10431.8,10400.0,10401.1,867,10,0
2026-04-07 16:00:00,10401.1,10407.0,10396.8,10405.4,748,10,0
2026-04-07 16:05:00,10405.4,10416.3,10402.3,10404.4,703,10,0
2026-04-07 16:10:00,10404.4,10405.9,10395.3,10401.5,687,10,0
2026-04-07 16:15:00,10401.5,10403.5,10391.9,10394.3,702,10,0
2026-04-07 16:20:00,10394.3,10406.5,10393.9,10406.5,559,10,0
2026-04-07 16:25:00,10406.2,10410.0,10394.2,10398.0,592,10,0
2026-04-07 16:30:00,10398.0,10405.8,10382.9,10387.5,975,10,0
2026-04-07 16:35:00,10387.5,10395.6,10380.0,10381.0,857,10,0
2026-04-07 16:40:00,10380.0,10384.4,10375.5,10378.0,766,10,0
2026-04-07 16:45:00,10378.0,10380.0,10371.5,10377.0,680,10,0
2026-04-07 16:50:00,10377.0,10384.0,10373.5,10383.3,692,10,0
2026-04-07 16:55:00,10383.4,10388.4,10370.5,10375.0,657,10,0
2026-04-07 17:00:00,10375.1,10376.5,10357.4,10362.0,800,10,0
2026-04-07 17:05:00,10362.0,10363.0,10348.5,10352.0,879,10,0
2026-04-07 17:10:00,10352.0,10361.4,10349.5,10359.5,796,10,0
2026-04-07 17:15:00,10359.5,10362.4,10348.4,10357.0,761,10,0
2026-04-07 17:20:00,10356.9,10376.4,10356.9,10373.9,781,10,0
2026-04-07 17:25:00,10373.7,10383.0,10372.4,10381.4,741,10,0
2026-04-07 17:30:00,10381.4,10394.1,10375.4,10390.1,753,10,0
2026-04-07 17:35:00,10390.4,10399.5,10382.9,10392.9,812,10,0
2026-04-07 17:40:00,10392.9,10396.9,10388.4,10389.0,656,10,0
2026-04-07 17:45:00,10388.9,10402.9,10383.8,10385.0,741,10,0
2026-04-07 17:50:00,10385.5,10389.5,10377.5,10380.8,686,10,0
2026-04-07 17:55:00,10380.0,10380.0,10362.0,10362.5,726,10,0
2026-04-07 18:00:00,10362.5,10363.5,10351.5,10351.5,764,10,0
2026-04-07 18:05:00,10351.5,10353.0,10334.0,10335.8,725,10,0
2026-04-07 18:10:00,10335.9,10345.0,10332.0,10334.8,728,10,0
2026-04-07 18:15:00,10335.0,10361.1,10334.9,10351.0,789,10,0
2026-04-07 18:20:00,10351.0,10354.5,10344.4,10347.0,704,10,0
2026-04-07 18:25:00,10347.1,10358.3,10347.1,10357.0,821,10,0
2026-04-07 18:30:00,10357.0,10359.4,10348.7,10350.7,758,10,0
2026-04-07 18:35:00,10351.2,10361.2,10346.7,10349.7,634,18,0
2026-04-07 18:40:00,10349.7,10351.2,10340.7,10342.2,441,18,0
2026-04-07 18:45:00,10342.2,10347.7,10335.4,10342.7,487,18,0
2026-04-07 18:50:00,10342.7,10350.4,10336.7,10350.0,494,18,0
2026-04-07 18:55:00,10350.0,10362.2,10347.2,10357.2,660,18,0
2026-04-07 19:00:00,10357.7,10385.2,10356.2,10371.2,858,18,0
2026-04-07 19:05:00,10371.2,10377.7,10364.1,10364.3,780,18,0
2026-04-07 19:10:00,10364.7,10373.4,10363.6,10369.3,631,18,0
2026-04-07 19:15:00,10369.2,10371.7,10364.4,10364.9,659,18,0
2026-04-07 19:20:00,10364.7,10379.9,10359.0,10364.3,787,18,0
2026-04-07 19:25:00,10364.1,10374.3,10359.6,10371.0,836,18,0
2026-04-07 19:30:00,10371.0,10373.6,10365.9,10371.8,792,18,0
2026-04-07 19:35:00,10371.9,10372.9,10360.6,10362.6,640,18,0
2026-04-07 19:40:00,10362.6,10369.1,10361.2,10367.4,556,18,0
2026-04-07 19:45:00,10367.3,10377.9,10366.7,10370.6,665,18,0
2026-04-07 19:50:00,10370.7,10380.2,10368.5,10376.4,613,18,0
2026-04-07 19:55:00,10376.7,10376.7,10368.9,10370.7,545,18,0
2026-04-07 20:00:00,10370.7,10384.6,10366.8,10381.7,671,18,0
2026-04-07 20:05:00,10381.9,10384.3,10377.4,10380.4,629,18,0
2026-04-07 20:10:00,10380.3,10384.8,10378.4,10380.7,532,18,0
2026-04-07 20:15:00,10380.7,10381.5,10373.3,10375.3,498,18,0
2026-04-07 20:20:00,10375.4,10375.8,10370.0,10373.6,476,18,0
2026-04-07 20:25:00,10373.7,10373.8,10367.0,10371.8,437,18,0
2026-04-07 20:30:00,10371.7,10386.9,10371.7,10385.9,575,18,0
2026-04-07 20:35:00,10385.9,10401.9,10385.6,10394.9,869,18,0
2026-04-07 20:40:00,10394.9,10395.3,10387.1,10387.4,554,18,0
2026-04-07 20:45:00,10387.4,10389.9,10382.5,10388.7,504,18,0
2026-04-07 20:50:00,10388.7,10395.1,10388.5,10391.3,511,18,0
2026-04-07 20:55:00,10391.0,10391.9,10385.9,10389.3,512,18,0
2026-04-07 21:00:00,10389.3,10392.6,10385.6,10386.9,465,18,0
2026-04-07 21:05:00,10386.9,10387.2,10379.9,10383.1,378,18,0
2026-04-07 21:10:00,10383.1,10389.3,10380.9,10388.1,385,18,0
2026-04-07 21:15:00,10388.1,10395.9,10387.2,10395.4,428,18,0
2026-04-07 21:20:00,10395.3,10396.2,10385.5,10386.3,393,18,0
2026-04-07 21:25:00,10386.6,10392.4,10384.9,10390.7,471,18,0
2026-04-07 21:30:00,10390.7,10393.8,10388.4,10392.1,400,18,0
2026-04-07 21:35:00,10392.1,10393.4,10388.9,10390.3,419,18,0
2026-04-07 21:40:00,10390.3,10391.1,10381.7,10386.9,405,18,0
2026-04-07 21:45:00,10386.9,10390.2,10380.8,10389.4,427,18,0
2026-04-07 21:50:00,10389.4,10389.7,10379.9,10381.1,433,18,0
2026-04-07 21:55:00,10381.2,10383.4,10372.9,10381.7,518,18,0
2026-04-07 22:00:00,10381.7,10382.9,10374.3,10377.9,537,18,0
2026-04-07 22:05:00,10377.9,10378.4,10365.8,10366.9,610,18,0
2026-04-07 22:10:00,10366.5,10377.3,10366.2,10376.6,603,18,0
2026-04-07 22:15:00,10376.5,10410.8,10374.9,10407.9,886,18,0
2026-04-07 22:20:00,10408.8,10420.6,10398.7,10404.0,1079,18,0
2026-04-07 22:25:00,10404.1,10405.5,10395.7,10401.3,859,18,0
2026-04-07 22:30:00,10401.0,10404.8,10397.1,10399.3,839,18,0
2026-04-07 22:35:00,10399.2,10399.8,10390.6,10391.9,641,18,0
2026-04-07 22:40:00,10391.8,10401.8,10387.8,10397.3,656,18,0
2026-04-07 22:45:00,10397.2,10434.4,10394.1,10406.1,1134,18,0
2026-04-07 22:50:00,10406.4,10414.9,10403.9,10413.0,936,18,0
2026-04-07 22:55:00,10413.0,10418.5,10403.5,10408.2,697,18,0
2026-04-08 03:00:00,10622.5,10622.5,10569.0,10602.4,488,21,0
2026-04-08 03:05:00,10602.5,10604.3,10596.9,10598.9,353,19,0
2026-04-08 03:10:00,10599.6,10599.6,10589.8,10595.5,371,19,0
2026-04-08 03:15:00,10595.7,10595.7,10560.8,10567.9,419,18,0
2026-04-08 03:20:00,10567.9,10595.8,10564.2,10589.0,413,18,0
2026-04-08 03:25:00,10589.0,10604.0,10581.1,10596.5,526,20,0
2026-04-08 03:30:00,10595.9,10601.3,10593.1,10600.9,489,18,0
2026-04-08 03:35:00,10600.8,10607.6,10597.4,10607.1,394,18,0
2026-04-08 03:40:00,10607.2,10608.3,10598.9,10601.3,340,18,0
2026-04-08 03:45:00,10601.3,10605.2,10599.4,10603.6,338,18,0
2026-04-08 03:50:00,10603.6,10612.9,10603.2,10607.8,518,23,0
2026-04-08 03:55:00,10607.7,10608.7,10602.3,10602.8,353,25,0
2026-04-08 04:00:00,10602.6,10604.1,10594.6,10597.7,355,19,0
2026-04-08 04:05:00,10597.7,10607.3,10597.7,10607.2,203,28,0
2026-04-08 04:10:00,10607.2,10610.5,10607.1,10607.5,292,18,0
2026-04-08 04:15:00,10607.4,10611.0,10604.2,10609.3,391,18,0
2026-04-08 04:20:00,10609.3,10619.6,10609.3,10619.2,250,18,0
2026-04-08 04:25:00,10619.0,10621.8,10618.8,10620.8,316,20,0
2026-04-08 04:30:00,10621.1,10621.1,10608.1,10612.6,362,19,0
2026-04-08 04:35:00,10612.6,10624.5,10612.0,10624.4,272,25,0
2026-04-08 04:40:00,10624.3,10635.6,10624.2,10633.2,269,23,0
2026-04-08 04:45:00,10633.4,10642.1,10633.3,10641.9,214,25,0
2026-04-08 04:50:00,10641.9,10649.4,10638.2,10638.5,248,19,0
2026-04-08 04:55:00,10638.5,10649.9,10637.9,10648.1,199,18,0
2026-04-08 05:00:00,10648.1,10660.8,10647.6,10660.8,162,18,0
2026-04-08 05:05:00,10660.8,10668.4,10660.7,10664.6,156,22,0
2026-04-08 05:10:00,10664.6,10666.7,10656.5,10660.1,264,18,0
2026-04-08 05:15:00,10659.9,10666.2,10659.6,10664.7,215,19,0
2026-04-08 05:20:00,10664.7,10672.4,10664.1,10667.7,188,18,0
2026-04-08 05:25:00,10667.7,10681.6,10662.8,10680.4,252,18,0
2026-04-08 05:30:00,10680.5,10710.7,10680.5,10708.3,388,21,0
2026-04-08 05:35:00,10708.3,10721.9,10705.8,10721.8,218,21,0
2026-04-08 05:40:00,10721.8,10727.5,10691.2,10691.6,241,23,0
2026-04-08 05:45:00,10692.0,10694.0,10686.9,10686.9,185,23,0
2026-04-08 05:50:00,10686.9,10687.4,10683.9,10687.2,110,23,0
2026-04-08 05:55:00,10687.2,10688.6,10683.8,10684.8,172,18,0
2026-04-08 06:00:00,10684.8,10686.1,10683.5,10684.5,200,19,0
2026-04-08 06:05:00,10684.5,10686.6,10683.4,10685.0,139,18,0
2026-04-08 06:10:00,10685.1,10685.1,10680.5,10682.5,208,18,0
2026-04-08 06:15:00,10682.5,10683.4,10680.5,10680.7,79,27,0
2026-04-08 06:20:00,10680.7,10680.8,10671.9,10672.5,109,21,0
2026-04-08 06:25:00,10672.5,10672.5,10663.8,10663.8,282,18,0
2026-04-08 06:30:00,10663.8,10667.1,10663.5,10666.1,326,19,0
2026-04-08 06:35:00,10666.3,10669.9,10664.3,10664.3,204,18,0
2026-04-08 06:40:00,10664.3,10671.7,10662.9,10666.9,212,18,0
2026-04-08 06:45:00,10666.9,10669.2,10665.8,10668.8,155,24,0
2026-04-08 06:50:00,10668.8,10672.1,10665.6,10666.6,185,19,0
2026-04-08 06:55:00,10666.5,10668.1,10665.1,10665.8,152,18,0
2026-04-08 07:00:00,10665.7,10675.1,10665.7,10672.5,240,23,0
2026-04-08 07:05:00,10672.6,10680.3,10671.8,10677.9,218,18,0
2026-04-08 07:10:00,10677.9,10677.9,10671.1,10675.5,199,18,0
2026-04-08 07:15:00,10675.5,10677.9,10670.3,10671.7,192,18,0
2026-04-08 07:20:00,10671.6,10679.0,10671.3,10677.7,215,18,0
2026-04-08 07:25:00,10677.6,10680.6,10675.8,10679.7,158,18,0
2026-04-08 07:30:00,10679.6,10682.5,10677.1,10682.4,154,20,0
2026-04-08 07:35:00,10682.4,10682.7,10676.6,10677.2,150,18,0
2026-04-08 07:40:00,10677.3,10677.6,10674.6,10674.7,129,18,0
2026-04-08 07:45:00,10674.8,10676.6,10673.0,10676.3,128,18,0
2026-04-08 07:50:00,10676.2,10681.3,10676.0,10680.5,178,21,0
2026-04-08 07:55:00,10680.7,10680.7,10676.9,10676.9,112,29,0
2026-04-08 08:00:00,10676.9,10676.9,10660.4,10660.4,193,18,0
2026-04-08 08:05:00,10660.4,10663.7,10655.6,10657.2,245,21,0
2026-04-08 08:10:00,10657.1,10658.3,10647.6,10652.6,305,18,0
2026-04-08 08:15:00,10652.7,10657.9,10652.3,10657.8,202,18,0
2026-04-08 08:20:00,10657.8,10668.6,10657.3,10666.9,218,26,0
2026-04-08 08:25:00,10666.9,10667.8,10662.8,10664.3,329,19,0
2026-04-08 08:30:00,10664.4,10672.6,10662.3,10669.2,388,18,0
2026-04-08 08:35:00,10669.2,10669.6,10656.2,10656.2,308,24,0
2026-04-08 08:40:00,10654.3,10657.9,10645.8,10656.9,359,18,0
2026-04-08 08:45:00,10656.9,10657.3,10644.0,10645.5,317,18,0
2026-04-08 08:50:00,10645.5,10662.2,10645.3,10656.4,290,22,0
2026-04-08 08:55:00,10656.4,10658.7,10653.8,10656.5,301,18,0
2026-04-08 09:00:00,10656.7,10679.7,10649.1,10650.7,485,18,0
2026-04-08 09:05:00,10650.7,10662.6,10639.6,10646.7,584,18,0
2026-04-08 09:10:00,10646.9,10660.5,10646.9,10653.6,558,18,0
2026-04-08 09:15:00,10653.4,10663.5,10653.0,10659.5,528,18,0
2026-04-08 09:20:00,10659.5,10662.1,10650.3,10660.8,530,18,0
2026-04-08 09:25:00,10659.0,10661.5,10654.9,10657.6,568,18,0
2026-04-08 09:30:00,10657.6,10676.1,10653.6,10674.0,589,18,0
2026-04-08 09:35:00,10674.0,10687.9,10674.0,10686.0,535,18,0
2026-04-08 09:40:00,10685.9,10691.5,10680.8,10682.1,461,18,0
2026-04-08 09:45:00,10682.1,10695.5,10682.1,10693.3,480,18,0
2026-04-08 09:50:00,10693.9,10700.0,10671.0,10672.9,627,18,0
2026-04-08 09:55:00,10672.9,10685.5,10633.5,10648.4,722,18,0
2026-04-08 10:00:00,10652.3,10691.1,10612.8,10627.3,1197,11,0
2026-04-08 10:05:00,10627.3,10642.3,10618.2,10621.4,1097,11,0
2026-04-08 10:10:00,10621.5,10622.1,10591.8,10596.5,1037,11,0
2026-04-08 10:15:00,10596.5,10620.6,10596.5,10617.6,1002,11,0
2026-04-08 10:20:00,10617.6,10646.6,10614.5,10644.5,879,10,0
2026-04-08 10:25:00,10644.5,10648.4,10626.1,10626.1,841,10,0
2026-04-08 10:30:00,10626.2,10626.2,10604.0,10605.5,945,10,0
2026-04-08 10:35:00,10605.7,10624.7,10605.5,10608.2,874,11,0
2026-04-08 10:40:00,10608.7,10618.1,10597.0,10597.3,821,10,0
2026-04-08 10:45:00,10597.0,10603.2,10583.5,10586.5,812,10,0
2026-04-08 10:50:00,10586.5,10604.7,10585.6,10604.7,761,10,0
2026-04-08 10:55:00,10604.7,10607.2,10588.3,10591.7,763,10,0
2026-04-08 11:00:00,10591.7,10610.7,10588.6,10597.2,879,11,0
2026-04-08 11:05:00,10597.6,10602.2,10590.3,10594.6,815,10,0
2026-04-08 11:10:00,10594.5,10603.0,10590.6,10595.2,762,11,0
2026-04-08 11:15:00,10596.1,10605.2,10590.2,10595.5,641,11,0
2026-04-08 11:20:00,10595.5,10601.7,10589.5,10595.1,812,11,0
2026-04-08 11:25:00,10595.3,10602.1,10588.1,10600.7,690,11,0
2026-04-08 11:30:00,10600.6,10616.7,10598.6,10615.2,620,11,0
2026-04-08 11:35:00,10615.2,10623.0,10601.1,10614.2,742,10,0
2026-04-08 11:40:00,10613.7,10618.7,10577.8,10594.0,786,10,0
2026-04-08 11:45:00,10594.0,10601.5,10586.3,10588.8,744,10,0
2026-04-08 11:50:00,10588.7,10594.5,10578.2,10581.5,704,11,0
2026-04-08 11:55:00,10581.6,10591.2,10577.6,10589.6,506,10,0
2026-04-08 12:00:00,10589.6,10605.2,10584.0,10591.0,657,10,0
2026-04-08 12:05:00,10591.0,10608.2,10590.8,10607.0,569,11,0
2026-04-08 12:10:00,10607.1,10624.8,10607.1,10619.7,574,10,0
2026-04-08 12:15:00,10619.7,10624.7,10618.0,10622.1,564,10,0
2026-04-08 12:20:00,10622.6,10633.2,10619.5,10630.4,557,10,0
2026-04-08 12:25:00,10630.2,10632.6,10617.0,10622.6,520,10,0
2026-04-08 12:30:00,10622.6,10628.0,10617.6,10620.7,538,11,0
2026-04-08 12:35:00,10620.7,10631.7,10616.9,10624.2,503,10,0
2026-04-08 12:40:00,10624.2,10624.6,10593.0,10596.0,737,10,0
2026-04-08 12:45:00,10596.1,10620.7,10594.0,10619.1,748,11,0
2026-04-08 12:50:00,10619.1,10625.2,10616.5,10624.2,643,10,0
2026-04-08 12:55:00,10623.8,10627.5,10612.5,10615.5,691,11,0
2026-04-08 13:00:00,10615.5,10619.2,10606.0,10608.2,659,11,0
2026-04-08 13:05:00,10608.0,10618.7,10604.7,10613.1,650,10,0
2026-04-08 13:10:00,10613.1,10617.2,10607.0,10614.2,658,10,0
2026-04-08 13:15:00,10615.0,10624.7,10602.5,10622.7,646,10,0
2026-04-08 13:20:00,10622.7,10637.8,10622.4,10637.2,624,10,0
2026-04-08 13:25:00,10637.2,10646.7,10636.5,10644.7,540,10,0
2026-04-08 13:30:00,10644.7,10649.7,10642.7,10647.1,501,10,0
2026-04-08 13:35:00,10647.1,10654.5,10645.7,10652.5,487,10,0
2026-04-08 13:40:00,10652.5,10660.5,10651.2,10658.5,518,10,0
2026-04-08 13:45:00,10658.5,10660.7,10642.8,10646.6,443,10,0
2026-04-08 13:50:00,10646.4,10657.1,10644.6,10655.0,504,10,0
2026-04-08 13:55:00,10655.1,10656.7,10651.1,10653.1,490,10,0
2026-04-08 14:00:00,10653.1,10659.6,10643.8,10652.2,673,10,0
2026-04-08 14:05:00,10652.2,10664.2,10650.2,10661.1,602,10,0
2026-04-08 14:10:00,10661.2,10667.5,10659.2,10661.7,496,10,0
2026-04-08 14:15:00,10661.6,10662.7,10654.1,10655.4,505,10,0
2026-04-08 14:20:00,10655.4,10671.6,10654.6,10669.1,673,10,0
2026-04-08 14:25:00,10669.1,10673.6,10664.9,10665.0,703,10,0
2026-04-08 14:30:00,10665.0,10673.0,10657.7,10671.1,684,10,0
2026-04-08 14:35:00,10671.1,10672.2,10660.7,10668.3,630,10,0
2026-04-08 14:40:00,10668.5,10678.6,10668.3,10677.2,526,10,0
2026-04-08 14:45:00,10677.0,10689.7,10675.7,10689.2,550,10,0
2026-04-08 14:50:00,10689.2,10691.5,10678.3,10681.4,575,10,0
2026-04-08 14:55:00,10681.3,10683.6,10667.0,10670.2,576,10,0
2026-04-08 15:00:00,10670.5,10680.7,10667.6,10679.2,635,10,0
2026-04-08 15:05:00,10679.7,10684.2,10663.0,10663.1,625,10,0
2026-04-08 15:10:00,10663.7,10676.7,10659.5,10674.1,765,10,0
2026-04-08 15:15:00,10674.0,10676.9,10654.6,10660.2,722,10,0
2026-04-08 15:20:00,10660.7,10663.5,10641.0,10648.5,1102,10,0
2026-04-08 15:25:00,10648.0,10667.4,10642.0,10664.3,848,10,0
2026-04-08 15:30:00,10664.5,10678.2,10661.0,10675.7,717,10,0
2026-04-08 15:35:00,10675.7,10686.0,10672.6,10681.6,681,10,0
2026-04-08 15:40:00,10681.6,10687.2,10678.3,10687.0,637,11,0
2026-04-08 15:45:00,10687.0,10697.5,10685.7,10692.5,635,10,0
2026-04-08 15:50:00,10692.7,10693.5,10685.7,10691.5,582,10,0
2026-04-08 15:55:00,10691.5,10692.0,10677.2,10680.7,627,10,0
2026-04-08 16:00:00,10680.7,10685.1,10670.0,10671.7,622,10,0
2026-04-08 16:05:00,10671.7,10683.3,10668.6,10680.7,712,10,0
2026-04-08 16:10:00,10680.7,10680.7,10663.7,10669.2,636,10,0
2026-04-08 16:15:00,10669.2,10680.2,10666.0,10668.9,581,10,0
2026-04-08 16:20:00,10668.9,10682.6,10668.1,10676.7,629,10,0
2026-04-08 16:25:00,10676.7,10681.6,10661.0,10661.1,656,10,0
2026-04-08 16:30:00,10660.7,10664.1,10631.7,10634.0,982,10,0
2026-04-08 16:35:00,10634.0,10634.6,10618.7,10627.0,903,10,0
2026-04-08 16:40:00,10627.2,10643.2,10627.2,10637.7,932,10,0
2026-04-08 16:45:00,10637.7,10662.2,10634.5,10648.2,809,10,0
2026-04-08 16:50:00,10648.2,10648.2,10624.5,10627.1,869,10,0
2026-04-08 16:55:00,10627.1,10652.7,10625.0,10648.5,800,10,0
2026-04-08 17:00:00,10648.2,10670.7,10648.2,10666.7,823,10,0
2026-04-08 17:05:00,10666.7,10672.7,10649.1,10664.1,818,10,0
2026-04-08 17:10:00,10664.2,10670.2,10657.8,10665.2,805,10,0
2026-04-08 17:15:00,10665.2,10672.2,10646.1,10650.1,766,10,0
2026-04-08 17:20:00,10650.6,10658.7,10640.2,10640.2,833,10,0
2026-04-08 17:25:00,10640.7,10644.2,10629.2,10632.1,736,10,0
2026-04-08 17:30:00,10632.2,10637.3,10623.6,10633.7,889,10,0
2026-04-08 17:35:00,10633.7,10636.2,10624.6,10626.5,805,10,0
2026-04-08 17:40:00,10626.3,10637.0,10624.7,10625.7,771,10,0
2026-04-08 17:45:00,10625.7,10631.7,10617.5,10626.2,743,10,0
2026-04-08 17:50:00,10626.7,10627.2,10613.2,10624.1,794,10,0
2026-04-08 17:55:00,10624.2,10624.2,10604.2,10618.2,810,10,0
2026-04-08 18:00:00,10618.2,10622.2,10611.7,10615.5,628,10,0
2026-04-08 18:05:00,10615.2,10617.2,10599.3,10600.2,696,10,0
2026-04-08 18:10:00,10600.0,10612.7,10595.4,10602.7,721,10,0
2026-04-08 18:15:00,10602.6,10609.5,10598.7,10607.7,677,10,0
2026-04-08 18:20:00,10607.6,10620.7,10602.3,10620.5,579,10,0
2026-04-08 18:25:00,10620.6,10622.7,10603.0,10604.7,576,10,0
2026-04-08 18:30:00,10603.7,10625.4,10601.0,10622.6,715,10,0
2026-04-08 18:35:00,10622.0,10631.1,10614.1,10630.3,612,18,0
2026-04-08 18:40:00,10630.3,10635.1,10626.9,10630.1,414,18,0
2026-04-08 18:45:00,10630.1,10647.4,10630.1,10645.4,361,18,0
2026-04-08 18:50:00,10645.4,10647.3,10639.3,10639.8,344,18,0
2026-04-08 18:55:00,10639.9,10643.5,10638.3,10641.9,346,18,0
2026-04-08 19:00:00,10641.9,10652.1,10641.4,10646.1,355,18,0
2026-04-08 19:05:00,10646.1,10652.4,10642.1,10650.4,385,18,0
2026-04-08 19:10:00,10650.4,10655.5,10648.4,10649.0,357,18,0
2026-04-08 19:15:00,10649.1,10649.4,10640.1,10642.1,511,18,0
2026-04-08 19:20:00,10642.1,10642.5,10634.6,10638.1,436,18,0
2026-04-08 19:25:00,10638.0,10642.6,10636.1,10640.9,342,18,0
2026-04-08 19:30:00,10640.9,10646.1,10636.6,10643.4,328,18,0
2026-04-08 19:35:00,10643.4,10645.9,10639.9,10641.9,252,18,0
2026-04-08 19:40:00,10642.3,10647.1,10641.6,10645.9,299,18,0
2026-04-08 19:45:00,10645.9,10652.9,10645.6,10649.9,284,18,0
2026-04-08 19:50:00,10649.9,10653.4,10648.9,10652.1,213,18,0
2026-04-08 19:55:00,10652.4,10653.4,10650.4,10651.4,182,18,0
2026-04-08 20:00:00,10651.4,10656.4,10647.0,10648.4,283,18,0
2026-04-08 20:05:00,10648.4,10650.1,10645.1,10648.1,188,18,0
2026-04-08 20:10:00,10647.4,10652.7,10647.0,10652.6,208,18,0
2026-04-08 20:15:00,10652.6,10656.4,10650.1,10652.9,252,18,0
2026-04-08 20:20:00,10652.9,10656.0,10647.1,10648.1,398,18,0
2026-04-08 20:25:00,10648.1,10651.1,10642.6,10647.6,381,18,0
2026-04-08 20:30:00,10647.6,10652.4,10646.6,10648.4,250,18,0
2026-04-08 20:35:00,10648.4,10657.4,10647.5,10651.6,368,18,0
2026-04-08 20:40:00,10651.6,10657.6,10648.7,10656.4,283,18,0
2026-04-08 20:45:00,10656.4,10657.1,10652.9,10652.9,252,18,0
2026-04-08 20:50:00,10652.9,10659.4,10652.9,10657.4,205,18,0
2026-04-08 20:55:00,10657.4,10661.3,10654.7,10655.3,186,18,0
2026-04-08 21:00:00,10655.3,10661.1,10652.4,10660.3,425,18,0
2026-04-08 21:05:00,10660.3,10664.1,10658.9,10662.9,342,18,0
2026-04-08 21:10:00,10662.9,10663.9,10654.9,10655.4,182,18,0
2026-04-08 21:15:00,10655.4,10661.8,10632.7,10642.1,611,18,0
2026-04-08 21:20:00,10642.1,10647.7,10636.7,10642.8,860,18,0
2026-04-08 21:25:00,10643.0,10649.8,10640.1,10646.6,686,18,0
2026-04-08 21:30:00,10646.5,10654.5,10644.0,10645.5,484,18,0
2026-04-08 21:35:00,10645.6,10645.8,10640.2,10641.1,396,18,0
2026-04-08 21:40:00,10641.1,10642.2,10636.4,10637.9,494,18,0
2026-04-08 21:45:00,10637.7,10643.1,10634.4,10634.6,479,18,0
2026-04-08 21:50:00,10634.6,10641.4,10633.2,10638.6,409,18,0
2026-04-08 21:55:00,10638.7,10639.3,10628.9,10629.6,508,18,0
2026-04-08 22:00:00,10629.5,10636.6,10627.8,10631.2,542,18,0
2026-04-08 22:05:00,10631.2,10639.1,10630.0,10635.5,492,18,0
2026-04-08 22:10:00,10635.4,10644.1,10635.4,10640.7,478,18,0
2026-04-08 22:15:00,10640.3,10644.5,10636.4,10637.7,454,18,0
2026-04-08 22:20:00,10637.7,10645.0,10635.3,10643.4,503,18,0
2026-04-08 22:25:00,10643.4,10646.6,10639.7,10640.3,442,18,0
2026-04-08 22:30:00,10640.3,10655.0,10640.2,10654.6,476,18,0
2026-04-08 22:35:00,10654.6,10663.0,10652.7,10661.0,562,18,0
2026-04-08 22:40:00,10661.0,10661.9,10658.1,10659.6,341,18,0
2026-04-08 22:45:00,10659.6,10664.1,10657.6,10661.4,459,18,0
2026-04-08 22:50:00,10661.4,10679.9,10661.4,10679.9,500,18,0
2026-04-08 22:55:00,10679.9,10689.1,10676.9,10687.3,422,18,0
2026-04-09 03:00:00,10663.1,10663.1,10641.4,10642.4,166,31,0
2026-04-09 03:05:00,10641.9,10646.0,10640.0,10640.8,312,23,0
2026-04-09 03:10:00,10640.7,10648.4,10640.2,10646.3,187,26,0
2026-04-09 03:15:00,10646.3,10651.4,10642.7,10650.7,318,18,0
2026-04-09 03:20:00,10650.6,10655.3,10648.7,10649.9,295,26,0
2026-04-09 03:25:00,10649.8,10650.1,10645.8,10646.1,303,21,0
2026-04-09 03:30:00,10646.7,10653.2,10645.0,10647.6,405,28,0
2026-04-09 03:35:00,10647.4,10651.5,10646.9,10650.1,410,20,0
2026-04-09 03:40:00,10650.2,10652.9,10648.9,10650.2,345,20,0
2026-04-09 03:45:00,10650.2,10651.1,10644.9,10646.9,436,18,0
2026-04-09 03:50:00,10647.2,10648.4,10643.4,10644.2,383,20,0
2026-04-09 03:55:00,10644.6,10644.6,10638.2,10638.6,224,20,0
2026-04-09 04:00:00,10638.6,10644.4,10632.4,10637.6,391,28,0
2026-04-09 04:05:00,10637.5,10641.1,10632.8,10638.1,397,25,0
2026-04-09 04:10:00,10638.2,10640.0,10633.7,10637.9,333,26,0
2026-04-09 04:15:00,10637.7,10637.9,10628.1,10630.3,407,22,0
2026-04-09 04:20:00,10630.4,10631.5,10624.7,10627.4,320,20,0
2026-04-09 04:25:00,10627.4,10631.1,10624.5,10627.7,291,18,0
2026-04-09 04:30:00,10627.9,10636.9,10624.3,10635.1,437,18,0
2026-04-09 04:35:00,10635.1,10636.6,10630.7,10633.2,336,18,0
2026-04-09 04:40:00,10633.2,10633.6,10626.7,10627.9,388,18,0
2026-04-09 04:45:00,10628.0,10633.0,10626.1,10633.0,269,18,0
2026-04-09 04:50:00,10633.0,10639.1,10632.3,10632.4,381,19,0
2026-04-09 04:55:00,10632.4,10634.5,10629.9,10634.2,379,19,0
2026-04-09 05:00:00,10634.3,10635.5,10629.4,10630.8,346,24,0
2026-04-09 05:05:00,10630.7,10637.1,10629.7,10632.7,264,19,0
2026-04-09 05:10:00,10632.7,10632.8,10628.0,10630.3,338,20,0
2026-04-09 05:15:00,10630.3,10631.5,10626.2,10628.4,359,18,0
2026-04-09 05:20:00,10628.8,10629.9,10624.8,10625.7,256,18,0
2026-04-09 05:25:00,10625.7,10628.0,10622.4,10628.0,242,22,0
2026-04-09 05:30:00,10628.1,10632.5,10627.8,10631.0,290,18,0
2026-04-09 05:35:00,10630.9,10636.1,10630.6,10632.1,250,19,0
2026-04-09 05:40:00,10632.1,10633.1,10629.5,10631.6,264,18,0
2026-04-09 05:45:00,10631.4,10635.1,10631.2,10632.9,279,22,0
2026-04-09 05:50:00,10632.9,10633.9,10630.2,10632.7,252,19,0
2026-04-09 05:55:00,10632.7,10633.2,10629.6,10630.1,278,22,0
2026-04-09 06:00:00,10630.1,10632.5,10628.3,10631.7,369,21,0
2026-04-09 06:05:00,10631.7,10634.6,10630.0,10632.4,335,19,0
2026-04-09 06:10:00,10632.7,10633.6,10627.7,10629.2,254,20,0
2026-04-09 06:15:00,10629.4,10631.7,10626.8,10629.6,181,19,0
2026-04-09 06:20:00,10629.6,10629.8,10628.0,10628.8,174,18,0
2026-04-09 06:25:00,10628.8,10632.2,10627.8,10631.2,172,19,0
2026-04-09 06:30:00,10631.2,10635.0,10631.2,10634.0,195,18,0
2026-04-09 06:35:00,10634.0,10635.2,10632.1,10633.3,159,18,0
2026-04-09 06:40:00,10633.3,10634.2,10629.4,10631.4,232,18,0
2026-04-09 06:45:00,10631.2,10632.2,10628.4,10630.2,351,22,0
2026-04-09 06:50:00,10630.2,10635.3,10629.8,10634.1,232,20,0
2026-04-09 06:55:00,10634.1,10636.8,10633.5,10634.1,250,19,0
2026-04-09 07:00:00,10634.1,10635.7,10633.6,10633.6,132,18,0
2026-04-09 07:05:00,10633.6,10635.5,10633.4,10634.4,142,18,0
2026-04-09 07:10:00,10634.4,10635.6,10633.8,10634.6,164,18,0
2026-04-09 07:15:00,10634.6,10634.8,10626.6,10627.8,154,18,0
2026-04-09 07:20:00,10627.8,10630.0,10627.0,10627.5,130,18,0
2026-04-09 07:25:00,10627.5,10628.0,10626.4,10626.5,156,18,0
2026-04-09 07:30:00,10626.3,10627.7,10624.6,10625.0,178,18,0
2026-04-09 07:35:00,10625.2,10627.8,10625.0,10627.4,108,18,0
2026-04-09 07:40:00,10627.3,10631.5,10627.3,10630.2,133,18,0
2026-04-09 07:45:00,10630.2,10631.6,10629.0,10630.0,120,18,0
2026-04-09 07:50:00,10630.0,10631.5,10629.1,10631.3,163,18,0
2026-04-09 07:55:00,10631.4,10631.7,10629.3,10630.3,178,18,0
2026-04-09 08:00:00,10630.3,10633.4,10629.3,10633.0,197,18,0
2026-04-09 08:05:00,10633.0,10635.0,10630.8,10633.1,276,18,0
2026-04-09 08:10:00,10632.9,10634.3,10627.8,10631.8,333,19,0
2026-04-09 08:15:00,10632.1,10636.2,10629.8,10635.8,333,18,0
2026-04-09 08:20:00,10635.4,10636.6,10630.4,10630.4,225,18,0
2026-04-09 08:25:00,10630.3,10636.4,10629.8,10636.4,183,18,0
2026-04-09 08:30:00,10636.5,10638.1,10634.7,10635.7,214,18,0
2026-04-09 08:35:00,10636.0,10641.3,10634.7,10639.4,305,18,0
2026-04-09 08:40:00,10639.4,10645.3,10638.4,10643.8,265,18,0
2026-04-09 08:45:00,10643.8,10645.2,10636.6,10636.6,271,18,0
2026-04-09 08:50:00,10636.6,10637.2,10631.9,10632.2,278,18,0
2026-04-09 08:55:00,10632.4,10635.7,10632.4,10634.6,199,18,0
2026-04-09 09:00:00,10634.6,10646.7,10634.1,10645.3,381,18,0
2026-04-09 09:05:00,10645.3,10647.6,10639.1,10639.4,347,18,0
2026-04-09 09:10:00,10639.3,10643.1,10636.7,10638.7,331,18,0
2026-04-09 09:15:00,10638.9,10643.2,10636.2,10637.1,321,18,0
2026-04-09 09:20:00,10637.0,10639.6,10636.2,10639.4,283,18,0
2026-04-09 09:25:00,10639.3,10641.5,10634.2,10637.1,344,18,0
2026-04-09 09:30:00,10637.2,10639.6,10631.8,10632.0,448,18,0
2026-04-09 09:35:00,10631.9,10631.9,10627.4,10629.5,354,18,0
2026-04-09 09:40:00,10629.5,10630.8,10626.1,10629.0,341,18,0
2026-04-09 09:45:00,10629.0,10629.8,10622.3,10623.2,404,18,0
2026-04-09 09:50:00,10623.2,10629.6,10622.6,10629.6,242,18,0
2026-04-09 09:55:00,10629.6,10642.5,10628.2,10640.0,401,18,0
2026-04-09 10:00:00,10640.0,10652.4,10638.2,10642.3,856,10,0
2026-04-09 10:05:00,10642.3,10643.7,10629.9,10634.5,734,10,0
2026-04-09 10:10:00,10634.6,10637.7,10625.6,10631.0,724,10,0
2026-04-09 10:15:00,10630.9,10631.1,10608.4,10613.2,743,10,0
2026-04-09 10:20:00,10613.1,10613.1,10600.1,10609.7,669,10,0
2026-04-09 10:25:00,10609.4,10609.7,10601.6,10603.2,704,10,0
2026-04-09 10:30:00,10603.2,10606.2,10588.6,10594.2,670,10,0
2026-04-09 10:35:00,10594.1,10603.3,10592.2,10599.2,580,10,0
2026-04-09 10:40:00,10599.2,10599.6,10591.2,10592.2,684,10,0
2026-04-09 10:45:00,10592.0,10597.2,10586.1,10589.7,644,10,0
2026-04-09 10:50:00,10589.7,10605.7,10581.0,10605.6,598,10,0
2026-04-09 10:55:00,10605.7,10612.1,10602.7,10605.9,583,10,0
2026-04-09 11:00:00,10605.9,10608.7,10593.1,10600.2,731,10,0
2026-04-09 11:05:00,10600.2,10602.1,10587.7,10590.8,664,10,0
2026-04-09 11:10:00,10590.9,10591.4,10583.3,10586.0,590,10,0
2026-04-09 11:15:00,10586.1,10597.5,10583.2,10592.7,481,10,0
2026-04-09 11:20:00,10592.7,10594.7,10584.2,10590.9,634,10,0
2026-04-09 11:25:00,10591.0,10591.7,10582.7,10584.7,570,10,0
2026-04-09 11:30:00,10584.6,10593.2,10582.7,10587.2,610,10,0
2026-04-09 11:35:00,10587.1,10588.2,10580.4,10584.1,475,10,0
2026-04-09 11:40:00,10584.7,10590.2,10580.2,10590.2,481,10,0
2026-04-09 11:45:00,10590.6,10592.0,10577.6,10578.7,558,10,0
2026-04-09 11:50:00,10578.7,10581.7,10574.7,10577.2,503,10,0
2026-04-09 11:55:00,10577.2,10580.1,10572.9,10573.2,568,10,0
2026-04-09 12:00:00,10572.7,10573.7,10567.7,10572.2,535,10,0
2026-04-09 12:05:00,10572.2,10581.7,10572.0,10578.6,559,10,0
2026-04-09 12:10:00,10578.4,10582.6,10575.6,10580.2,440,10,0
2026-04-09 12:15:00,10580.2,10589.2,10580.1,10582.1,517,10,0
2026-04-09 12:20:00,10582.0,10584.8,10574.7,10581.9,552,10,0
2026-04-09 12:25:00,10582.0,10584.7,10575.0,10584.0,365,10,0
2026-04-09 12:30:00,10583.8,10583.8,10572.7,10575.7,528,10,0
2026-04-09 12:35:00,10575.7,10580.6,10572.6,10580.2,542,10,0
2026-04-09 12:40:00,10580.2,10581.8,10577.2,10577.2,422,10,0
2026-04-09 12:45:00,10577.2,10591.2,10576.7,10588.2,466,10,0
2026-04-09 12:50:00,10588.2,10588.6,10583.2,10587.7,456,10,0
2026-04-09 12:55:00,10587.7,10589.1,10580.1,10585.7,449,10,0
2026-04-09 13:00:00,10585.6,10591.7,10579.7,10582.2,506,10,0
2026-04-09 13:05:00,10582.2,10582.7,10573.4,10577.2,553,10,0
2026-04-09 13:10:00,10577.2,10577.7,10570.2,10571.5,443,10,0
2026-04-09 13:15:00,10571.5,10575.7,10568.5,10575.2,500,10,0
2026-04-09 13:20:00,10575.2,10581.2,10573.2,10580.7,462,10,0
2026-04-09 13:25:00,10580.6,10582.0,10572.4,10575.1,470,10,0
2026-04-09 13:30:00,10575.2,10582.2,10572.6,10575.7,454,10,0
2026-04-09 13:35:00,10575.7,10576.9,10571.7,10575.3,460,10,0
2026-04-09 13:40:00,10575.3,10582.9,10570.7,10580.8,431,10,0
2026-04-09 13:45:00,10580.8,10583.2,10575.7,10581.1,428,10,0
2026-04-09 13:50:00,10581.1,10581.5,10571.9,10580.2,576,10,0
2026-04-09 13:55:00,10580.2,10583.4,10573.7,10576.1,475,10,0
2026-04-09 14:00:00,10574.7,10586.2,10572.2,10580.2,673,10,0
2026-04-09 14:05:00,10580.0,10582.7,10576.4,10582.1,519,10,0
2026-04-09 14:10:00,10582.2,10583.1,10577.7,10578.6,526,10,0
2026-04-09 14:15:00,10578.7,10578.7,10574.4,10575.6,476,10,0
2026-04-09 14:20:00,10575.7,10576.6,10569.0,10573.7,495,10,0
2026-04-09 14:25:00,10573.6,10576.6,10570.5,10573.2,446,10,0
2026-04-09 14:30:00,10572.9,10579.5,10572.7,10579.2,427,10,0
2026-04-09 14:35:00,10579.2,10589.7,10576.7,10588.2,352,10,0
2026-04-09 14:40:00,10588.1,10593.2,10583.6,10588.2,558,10,0
2026-04-09 14:45:00,10588.1,10593.2,10586.2,10586.7,509,10,0
2026-04-09 14:50:00,10586.7,10594.0,10586.2,10593.2,416,10,0
2026-04-09 14:55:00,10593.1,10593.7,10587.8,10588.7,375,10,0
2026-04-09 15:00:00,10588.7,10595.2,10586.2,10587.9,465,10,0
2026-04-09 15:05:00,10587.7,10588.7,10581.7,10586.5,462,10,0
2026-04-09 15:10:00,10586.6,10588.5,10581.2,10582.2,442,10,0
2026-04-09 15:15:00,10582.4,10584.6,10578.7,10580.7,515,10,0
2026-04-09 15:20:00,10581.0,10585.2,10578.4,10582.1,520,10,0
2026-04-09 15:25:00,10582.1,10592.1,10581.7,10592.1,342,10,0
2026-04-09 15:30:00,10592.1,10593.4,10579.1,10582.7,579,10,0
2026-04-09 15:35:00,10582.7,10588.5,10579.7,10582.7,564,10,0
2026-04-09 15:40:00,10582.7,10595.6,10580.7,10584.5,637,10,0
2026-04-09 15:45:00,10584.6,10588.7,10572.7,10583.6,622,10,0
2026-04-09 15:50:00,10583.7,10585.1,10576.5,10581.7,515,10,0
2026-04-09 15:55:00,10581.7,10583.2,10578.5,10581.9,482,10,0
2026-04-09 16:00:00,10581.8,10585.0,10576.6,10581.7,612,10,0
2026-04-09 16:05:00,10581.7,10585.7,10572.2,10573.7,558,10,0
2026-04-09 16:10:00,10573.5,10577.7,10571.2,10573.6,598,10,0
2026-04-09 16:15:00,10574.0,10575.7,10565.7,10565.7,576,10,0
2026-04-09 16:20:00,10565.7,10570.7,10565.5,10569.9,491,10,0
2026-04-09 16:25:00,10570.0,10572.9,10564.6,10570.7,514,10,0
2026-04-09 16:30:00,10570.7,10590.5,10568.0,10582.7,823,10,0
2026-04-09 16:35:00,10582.7,10590.2,10578.2,10584.7,717,10,0
2026-04-09 16:40:00,10584.6,10589.7,10581.1,10587.2,642,10,0
2026-04-09 16:45:00,10587.2,10599.2,10583.7,10599.2,710,10,0
2026-04-09 16:50:00,10599.2,10599.7,10587.6,10587.6,723,10,0
2026-04-09 16:55:00,10587.6,10594.7,10585.2,10588.2,625,10,0
2026-04-09 17:00:00,10587.7,10590.7,10582.1,10587.2,670,10,0
2026-04-09 17:05:00,10587.2,10588.2,10576.7,10577.0,624,10,0
2026-04-09 17:10:00,10576.9,10581.4,10572.1,10574.2,637,10,0
2026-04-09 17:15:00,10574.2,10579.2,10563.2,10567.7,644,10,0
2026-04-09 17:20:00,10567.7,10572.9,10563.1,10565.1,729,10,0
2026-04-09 17:25:00,10565.2,10567.6,10559.0,10566.7,593,10,0
2026-04-09 17:30:00,10566.7,10574.2,10565.2,10573.7,639,10,0
2026-04-09 17:35:00,10573.7,10578.1,10567.5,10577.8,697,10,0
2026-04-09 17:40:00,10577.8,10577.8,10563.2,10564.7,567,10,0
2026-04-09 17:45:00,10564.7,10567.2,10557.7,10558.5,497,10,0
2026-04-09 17:50:00,10558.5,10566.2,10558.2,10562.5,531,10,0
2026-04-09 17:55:00,10562.5,10569.2,10558.6,10569.1,683,10,0
2026-04-09 18:00:00,10569.1,10571.2,10553.1,10557.9,605,10,0
2026-04-09 18:05:00,10558.0,10560.7,10554.7,10557.7,541,10,0
2026-04-09 18:10:00,10557.7,10567.2,10556.2,10566.2,537,10,0
2026-04-09 18:15:00,10566.2,10581.7,10565.7,10578.2,677,10,0
2026-04-09 18:20:00,10578.7,10581.5,10572.6,10579.2,540,10,0
2026-04-09 18:25:00,10579.2,10583.5,10576.9,10580.0,529,10,0
2026-04-09 18:30:00,10579.1,10609.3,10574.8,10600.5,860,10,0
2026-04-09 18:35:00,10600.8,10608.8,10595.0,10598.7,896,18,0
2026-04-09 18:40:00,10599.1,10608.8,10597.3,10606.6,651,18,0
2026-04-09 18:45:00,10606.6,10621.5,10602.1,10615.3,642,18,0
2026-04-09 18:50:00,10614.7,10625.8,10609.8,10622.8,511,18,0
2026-04-09 18:55:00,10622.8,10629.2,10621.9,10626.3,459,18,0
2026-04-09 19:00:00,10626.3,10642.6,10626.3,10635.3,615,18,0
2026-04-09 19:05:00,10635.2,10637.8,10631.9,10632.6,526,18,0
2026-04-09 19:10:00,10632.6,10636.3,10628.3,10628.8,512,18,0
2026-04-09 19:15:00,10628.8,10639.5,10626.8,10636.8,476,18,0
2026-04-09 19:20:00,10636.8,10638.9,10628.6,10628.8,392,18,0
2026-04-09 19:25:00,10628.8,10629.3,10625.3,10627.3,348,18,0
2026-04-09 19:30:00,10627.3,10631.3,10623.6,10628.3,422,18,0
2026-04-09 19:35:00,10628.3,10631.2,10623.8,10627.3,361,18,0
2026-04-09 19:40:00,10627.3,10627.3,10619.8,10622.3,317,18,0
2026-04-09 19:45:00,10622.3,10623.6,10617.3,10619.1,349,18,0
2026-04-09 19:50:00,10619.1,10631.1,10619.1,10628.1,387,18,0
2026-04-09 19:55:00,10628.1,10628.8,10625.3,10627.4,392,18,0
2026-04-09 20:00:00,10627.4,10628.8,10617.9,10624.6,315,18,0
2026-04-09 20:05:00,10624.7,10628.0,10623.0,10624.6,396,18,0
2026-04-09 20:10:00,10624.6,10628.5,10622.9,10628.4,375,18,0
2026-04-09 20:15:00,10628.2,10633.0,10627.3,10630.9,408,18,0
2026-04-09 20:20:00,10630.7,10632.1,10628.6,10631.1,397,18,0
2026-04-09 20:25:00,10631.1,10632.8,10628.8,10630.2,334,18,0
2026-04-09 20:30:00,10630.2,10631.5,10625.2,10629.8,388,18,0
2026-04-09 20:35:00,10629.8,10637.2,10628.7,10636.3,368,18,0
2026-04-09 20:40:00,10636.2,10638.7,10628.2,10628.9,424,18,0
2026-04-09 20:45:00,10628.9,10631.0,10627.0,10628.6,393,18,0
2026-04-09 20:50:00,10628.3,10628.3,10621.3,10623.7,361,18,0
2026-04-09 20:55:00,10623.8,10624.0,10620.7,10623.9,330,18,0
2026-04-09 21:00:00,10623.9,10624.0,10604.6,10609.7,708,18,0
2026-04-09 21:05:00,10609.8,10621.3,10609.8,10614.6,707,18,0
2026-04-09 21:10:00,10614.8,10616.1,10608.2,10611.8,515,18,0
2026-04-09 21:15:00,10611.7,10617.5,10610.6,10615.3,505,18,0
2026-04-09 21:20:00,10615.3,10619.4,10613.3,10617.4,529,18,0
2026-04-09 21:25:00,10617.5,10620.2,10614.5,10616.1,608,18,0
2026-04-09 21:30:00,10616.1,10618.2,10608.1,10611.0,529,18,0
2026-04-09 21:35:00,10611.1,10619.0,10610.0,10617.7,418,18,0
2026-04-09 21:40:00,10617.9,10620.4,10613.2,10616.0,454,18,0
2026-04-09 21:45:00,10616.0,10619.1,10615.5,10617.6,403,18,0
2026-04-09 21:50:00,10617.6,10618.2,10612.3,10615.1,467,18,0
2026-04-09 21:55:00,10615.1,10618.0,10614.2,10616.8,379,18,0
2026-04-09 22:00:00,10616.8,10620.1,10613.2,10620.0,393,18,0
2026-04-09 22:05:00,10619.8,10627.5,10618.5,10627.2,303,18,0
2026-04-09 22:10:00,10627.2,10629.2,10625.2,10626.4,361,18,0
2026-04-09 22:15:00,10626.4,10627.5,10622.2,10622.8,359,18,0
2026-04-09 22:20:00,10622.8,10625.0,10620.5,10624.8,353,18,0
2026-04-09 22:25:00,10624.9,10628.8,10622.9,10623.8,316,18,0
2026-04-09 22:30:00,10623.8,10628.0,10621.3,10621.3,294,18,0
2026-04-09 22:35:00,10621.3,10623.5,10619.2,10621.9,306,18,0
2026-04-09 22:40:00,10621.7,10623.4,10620.0,10621.7,321,18,0
2026-04-09 22:45:00,10621.7,10621.8,10615.1,10615.8,238,18,0
2026-04-09 22:50:00,10615.8,10617.8,10604.0,10606.6,399,18,0
2026-04-09 22:55:00,10606.6,10607.3,10594.5,10597.1,570,18,0
2026-04-10 03:00:00,10593.5,10595.3,10586.3,10586.7,140,27,0
2026-04-10 03:05:00,10587.2,10589.9,10579.9,10584.9,302,21,0
2026-04-10 03:10:00,10585.0,10587.2,10581.3,10585.3,162,23,0
2026-04-10 03:15:00,10585.3,10590.4,10583.6,10587.1,295,25,0
2026-04-10 03:20:00,10587.1,10592.9,10586.9,10590.4,241,28,0
2026-04-10 03:25:00,10590.4,10592.1,10588.9,10591.8,254,28,0
2026-04-10 03:30:00,10591.7,10592.8,10588.1,10591.5,260,26,0
2026-04-10 03:35:00,10591.5,10596.1,10591.5,10595.3,255,27,0
2026-04-10 03:40:00,10595.4,10596.1,10592.1,10592.5,142,24,0
2026-04-10 03:45:00,10592.5,10594.8,10592.1,10594.1,195,25,0
2026-04-10 03:50:00,10594.2,10596.1,10592.4,10593.5,192,25,0
2026-04-10 03:55:00,10593.5,10601.1,10593.3,10600.8,239,23,0
2026-04-10 04:00:00,10600.7,10600.7,10595.2,10597.1,247,21,0
2026-04-10 04:05:00,10597.0,10599.1,10595.4,10597.1,266,21,0
2026-04-10 04:10:00,10597.0,10597.8,10595.5,10596.7,238,19,0
2026-04-10 04:15:00,10596.7,10599.6,10594.9,10598.7,208,19,0
2026-04-10 04:20:00,10598.7,10599.8,10596.5,10598.5,232,18,0
2026-04-10 04:25:00,10598.8,10600.2,10595.5,10595.7,230,18,0
2026-04-10 04:30:00,10595.7,10604.8,10591.9,10604.0,391,19,0
2026-04-10 04:35:00,10604.0,10608.1,10604.0,10605.2,196,20,0
2026-04-10 04:40:00,10605.2,10608.8,10604.5,10607.9,240,18,0
2026-04-10 04:45:00,10608.2,10608.3,10604.9,10605.4,182,18,0
2026-04-10 04:50:00,10604.9,10605.1,10600.0,10602.6,216,20,0
2026-04-10 04:55:00,10602.6,10603.2,10599.8,10600.0,179,19,0
2026-04-10 05:00:00,10600.2,10600.8,10595.2,10595.2,230,18,0
2026-04-10 05:05:00,10595.2,10600.0,10595.1,10598.1,198,18,0
2026-04-10 05:10:00,10598.1,10598.6,10595.1,10595.5,219,18,0
2026-04-10 05:15:00,10595.2,10596.0,10591.4,10591.4,163,18,0
2026-04-10 05:20:00,10591.4,10595.1,10590.8,10595.1,187,18,0
2026-04-10 05:25:00,10595.4,10598.3,10595.2,10596.1,168,18,0
2026-04-10 05:30:00,10596.1,10597.6,10595.2,10596.4,193,20,0
2026-04-10 05:35:00,10596.7,10601.1,10596.2,10601.1,104,18,0
2026-04-10 05:40:00,10601.2,10601.7,10599.2,10600.7,156,19,0
2026-04-10 05:45:00,10600.7,10601.5,10597.6,10598.3,121,21,0
2026-04-10 05:50:00,10598.3,10600.5,10598.1,10598.8,106,21,0
2026-04-10 05:55:00,10598.9,10599.5,10597.6,10599.0,150,22,0
2026-04-10 06:00:00,10599.0,10602.3,10599.0,10601.1,147,19,0
2026-04-10 06:05:00,10601.3,10603.6,10600.4,10603.2,112,19,0
2026-04-10 06:10:00,10603.2,10605.6,10603.0,10604.0,73,18,0
2026-04-10 06:15:00,10604.2,10604.2,10600.9,10602.8,111,18,0
2026-04-10 06:20:00,10602.8,10602.8,10599.9,10600.5,72,20,0
2026-04-10 06:25:00,10600.8,10600.8,10595.9,10596.0,162,22,0
2026-04-10 06:30:00,10596.0,10601.5,10596.0,10600.2,238,22,0
2026-04-10 06:35:00,10600.4,10604.6,10599.7,10602.1,220,24,0
2026-04-10 06:40:00,10602.0,10603.3,10600.5,10601.2,157,23,0
2026-04-10 06:45:00,10601.1,10605.0,10600.2,10600.5,182,18,0
2026-04-10 06:50:00,10600.6,10600.6,10597.4,10599.0,138,19,0
2026-04-10 06:55:00,10599.1,10599.8,10598.0,10599.3,135,21,0
2026-04-10 07:00:00,10599.5,10603.1,10599.4,10602.4,187,21,0
2026-04-10 07:05:00,10602.4,10602.9,10599.1,10600.9,144,20,0
2026-04-10 07:10:00,10600.9,10601.1,10599.1,10600.3,103,19,0
2026-04-10 07:15:00,10600.3,10603.1,10600.1,10602.5,125,18,0
2026-04-10 07:20:00,10602.5,10605.0,10602.4,10603.9,151,18,0
2026-04-10 07:25:00,10603.9,10605.9,10602.0,10605.0,127,18,0
2026-04-10 07:30:00,10605.0,10605.0,10603.1,10603.5,155,19,0
2026-04-10 07:35:00,10603.6,10603.6,10600.4,10600.6,100,20,0
2026-04-10 07:40:00,10600.6,10604.8,10600.6,10603.9,165,18,0
2026-04-10 07:45:00,10603.9,10604.7,10602.8,10603.5,134,19,0
2026-04-10 07:50:00,10603.5,10605.7,10603.5,10604.4,109,18,0
2026-04-10 07:55:00,10604.4,10604.4,10601.2,10601.4,109,19,0
2026-04-10 08:00:00,10601.4,10606.7,10601.4,10603.6,202,18,0
2026-04-10 08:05:00,10603.8,10605.2,10600.7,10602.4,152,18,0
2026-04-10 08:10:00,10602.8,10603.1,10599.3,10600.0,138,16,0
2026-04-10 08:15:00,10600.3,10600.5,10597.9,10599.1,147,18,0
2026-04-10 08:20:00,10599.1,10601.8,10599.0,10600.1,179,18,0
2026-04-10 08:25:00,10600.1,10602.6,10598.0,10598.2,176,19,0
2026-04-10 08:30:00,10598.0,10603.3,10595.2,10601.6,231,18,0
2026-04-10 08:35:00,10601.6,10603.0,10599.3,10601.1,156,18,0
2026-04-10 08:40:00,10601.1,10602.4,10599.7,10599.7,239,20,0
2026-04-10 08:45:00,10599.9,10603.0,10599.7,10601.9,177,18,0
2026-04-10 08:50:00,10601.9,10603.2,10599.7,10601.4,173,18,0
2026-04-10 08:55:00,10601.5,10602.1,10598.4,10601.0,155,20,0
2026-04-10 09:00:00,10601.0,10605.2,10599.1,10600.7,307,18,0
2026-04-10 09:05:00,10600.7,10602.6,10596.2,10596.3,276,18,0
2026-04-10 09:10:00,10596.2,10597.6,10591.5,10593.5,239,18,0
2026-04-10 09:15:00,10593.5,10594.1,10589.8,10590.2,213,18,0
2026-04-10 09:20:00,10590.3,10592.7,10588.2,10591.5,239,18,0
2026-04-10 09:25:00,10591.5,10592.3,10589.3,10591.0,262,18,0
2026-04-10 09:30:00,10591.0,10594.1,10589.5,10591.8,277,18,0
2026-04-10 09:35:00,10591.7,10591.8,10581.3,10581.8,317,18,0
2026-04-10 09:40:00,10581.9,10588.2,10579.5,10588.2,320,18,0
2026-04-10 09:45:00,10588.2,10591.7,10587.9,10590.1,218,18,0
2026-04-10 09:50:00,10590.0,10592.0,10584.8,10590.6,263,18,0
2026-04-10 09:55:00,10590.5,10605.3,10585.8,10600.0,401,18,0
2026-04-10 10:00:00,10599.2,10601.7,10582.3,10596.3,821,12,0
2026-04-10 10:05:00,10596.3,10613.9,10594.9,10611.3,733,10,0
2026-04-10 10:10:00,10611.4,10620.3,10609.8,10614.6,611,10,0
2026-04-10 10:15:00,10614.9,10620.4,10609.4,10612.4,624,10,0
2026-04-10 10:20:00,10612.7,10621.4,10609.4,10618.8,538,10,0
2026-04-10 10:25:00,10618.7,10621.7,10612.9,10618.4,571,10,0
2026-04-10 10:30:00,10618.6,10623.9,10614.9,10622.8,545,10,0
2026-04-10 10:35:00,10622.8,10627.9,10619.4,10619.4,509,10,0
2026-04-10 10:40:00,10619.7,10620.7,10612.8,10613.1,510,10,0
2026-04-10 10:45:00,10613.2,10615.2,10609.9,10615.1,514,10,0
2026-04-10 10:50:00,10615.0,10621.2,10611.9,10619.4,502,10,0
2026-04-10 10:55:00,10619.4,10622.3,10617.6,10620.6,447,10,0
2026-04-10 11:00:00,10620.6,10623.4,10611.9,10612.4,570,10,0
2026-04-10 11:05:00,10612.2,10621.6,10603.9,10618.6,550,10,0
2026-04-10 11:10:00,10618.4,10621.4,10615.7,10621.2,553,10,0
2026-04-10 11:15:00,10621.2,10622.9,10617.5,10621.4,485,10,0
2026-04-10 11:20:00,10621.4,10627.2,10620.4,10624.1,489,10,0
2026-04-10 11:25:00,10624.6,10629.3,10623.2,10628.9,522,10,0
2026-04-10 11:30:00,10628.4,10633.6,10625.9,10630.2,430,10,0
2026-04-10 11:35:00,10630.2,10631.9,10625.9,10629.9,362,10,0
2026-04-10 11:40:00,10629.9,10630.9,10623.4,10630.9,372,10,0
2026-04-10 11:45:00,10630.6,10632.1,10614.8,10617.6,453,10,0
2026-04-10 11:50:00,10617.6,10621.4,10608.4,10608.4,427,10,0
2026-04-10 11:55:00,10608.4,10610.4,10604.2,10608.9,495,10,0
2026-04-10 12:00:00,10608.9,10621.7,10608.9,10620.7,510,10,0
2026-04-10 12:05:00,10620.7,10624.9,10618.9,10620.3,445,10,0
2026-04-10 12:10:00,10620.2,10627.4,10620.2,10626.9,436,10,0
2026-04-10 12:15:00,10626.9,10663.4,10625.4,10656.9,636,10,0
2026-04-10 12:20:00,10656.9,10656.9,10634.2,10637.4,921,11,0
2026-04-10 12:25:00,10637.1,10651.9,10633.2,10650.9,715,10,0
2026-04-10 12:30:00,10650.6,10653.4,10639.4,10646.9,679,10,0
2026-04-10 12:35:00,10645.9,10651.9,10640.9,10642.9,637,11,0
2026-04-10 12:40:00,10642.9,10649.1,10641.6,10646.4,473,10,0
2026-04-10 12:45:00,10646.4,10649.9,10642.6,10646.2,527,10,0
2026-04-10 12:50:00,10646.1,10646.8,10637.4,10642.4,593,10,0
2026-04-10 12:55:00,10642.4,10644.7,10637.7,10638.8,661,10,0
2026-04-10 13:00:00,10638.8,10642.3,10632.4,10633.6,605,10,0
2026-04-10 13:05:00,10633.6,10634.3,10623.6,10632.7,546,10,0
2026-04-10 13:10:00,10632.7,10634.9,10626.8,10630.9,593,10,0
2026-04-10 13:15:00,10630.4,10638.7,10629.9,10637.9,490,10,0
2026-04-10 13:20:00,10639.2,10647.4,10636.2,10644.3,474,10,0
2026-04-10 13:25:00,10644.3,10651.9,10643.4,10647.6,557,10,0
2026-04-10 13:30:00,10647.6,10648.6,10644.1,10646.7,637,10,0
2026-04-10 13:35:00,10646.6,10646.7,10638.9,10642.2,517,10,0
2026-04-10 13:40:00,10642.4,10651.4,10641.2,10641.5,520,10,0
2026-04-10 13:45:00,10641.4,10651.1,10640.4,10648.9,522,10,0
2026-04-10 13:50:00,10649.1,10651.8,10644.2,10646.8,546,10,0
2026-04-10 13:55:00,10646.8,10646.9,10635.4,10635.9,494,10,0
2026-04-10 14:00:00,10635.9,10648.7,10634.9,10645.8,635,10,0
2026-04-10 14:05:00,10645.8,10648.4,10639.1,10641.4,555,10,0
2026-04-10 14:10:00,10641.2,10645.4,10636.9,10639.7,448,10,0
2026-04-10 14:15:00,10639.7,10640.4,10632.9,10638.4,399,10,0
2026-04-10 14:20:00,10638.4,10646.3,10637.4,10644.8,515,10,0
2026-04-10 14:25:00,10644.6,10645.9,10638.4,10638.9,440,10,0
2026-04-10 14:30:00,10638.9,10641.3,10633.8,10639.9,496,10,0
2026-04-10 14:35:00,10639.9,10642.9,10638.4,10642.8,431,10,0
2026-04-10 14:40:00,10642.8,10643.4,10636.8,10639.9,445,10,0
2026-04-10 14:45:00,10640.1,10644.9,10638.4,10642.5,404,10,0
2026-04-10 14:50:00,10642.6,10645.4,10637.4,10644.1,462,10,0
2026-04-10 14:55:00,10644.1,10644.3,10635.4,10637.9,519,10,0
2026-04-10 15:00:00,10637.9,10642.1,10634.2,10641.2,512,10,0
2026-04-10 15:05:00,10641.2,10645.9,10636.8,10640.9,546,10,0
2026-04-10 15:10:00,10640.9,10644.4,10639.2,10643.6,519,10,0
2026-04-10 15:15:00,10643.6,10647.9,10637.9,10642.7,594,10,0
2026-04-10 15:20:00,10642.7,10643.4,10632.6,10633.7,539,10,0
2026-04-10 15:25:00,10633.9,10646.0,10632.9,10645.3,441,10,0
2026-04-10 15:30:00,10646.1,10654.2,10640.2,10645.7,728,11,0
2026-04-10 15:35:00,10645.7,10652.4,10643.3,10651.7,600,10,0
2026-04-10 15:40:00,10651.9,10653.9,10645.4,10649.4,623,10,0
2026-04-10 15:45:00,10649.4,10650.7,10644.2,10647.7,552,10,0
2026-04-10 15:50:00,10647.8,10650.9,10642.9,10643.4,592,10,0
2026-04-10 15:55:00,10643.4,10644.4,10639.1,10641.9,585,10,0
2026-04-10 16:00:00,10641.9,10645.9,10637.4,10645.9,527,10,0
2026-04-10 16:05:00,10645.9,10649.6,10643.4,10644.7,521,10,0
2026-04-10 16:10:00,10644.7,10645.9,10639.3,10639.9,615,10,0
2026-04-10 16:15:00,10639.9,10644.4,10636.9,10642.7,470,10,0
2026-04-10 16:20:00,10642.9,10643.9,10639.9,10641.4,441,10,0
2026-04-10 16:25:00,10641.7,10644.4,10632.9,10636.4,541,10,0
2026-04-10 16:30:00,10636.9,10638.3,10618.9,10621.4,811,10,0
2026-04-10 16:35:00,10621.4,10623.9,10616.1,10623.3,723,10,0
2026-04-10 16:40:00,10622.7,10624.4,10617.9,10621.8,679,10,0
2026-04-10 16:45:00,10621.9,10622.7,10606.9,10614.9,682,10,0
2026-04-10 16:50:00,10614.9,10617.9,10606.2,10607.4,667,10,0
2026-04-10 16:55:00,10606.9,10623.9,10604.2,10623.2,567,10,0
2026-04-10 17:00:00,10623.4,10625.7,10615.3,10625.6,695,10,0
2026-04-10 17:05:00,10625.6,10626.9,10618.9,10620.0,659,10,0
2026-04-10 17:10:00,10620.1,10629.4,10619.1,10628.3,591,10,0
2026-04-10 17:15:00,10628.4,10629.9,10623.5,10627.9,547,10,0
2026-04-10 17:20:00,10627.8,10629.7,10620.7,10625.4,477,10,0
2026-04-10 17:25:00,10625.4,10627.9,10620.8,10626.5,542,10,0
2026-04-10 17:30:00,10626.6,10629.6,10620.0,10621.4,536,10,0
2026-04-10 17:35:00,10621.4,10622.4,10617.9,10621.4,498,10,0
2026-04-10 17:40:00,10621.4,10621.4,10606.4,10613.4,641,10,0
2026-04-10 17:45:00,10613.4,10615.7,10607.2,10607.9,685,10,0
2026-04-10 17:50:00,10608.2,10615.2,10605.9,10607.3,591,10,0
2026-04-10 17:55:00,10607.3,10614.4,10605.4,10607.5,497,10,0
2026-04-10 18:00:00,10607.6,10607.9,10598.9,10604.2,677,10,0
2026-04-10 18:05:00,10604.2,10611.7,10603.4,10610.3,536,10,0
2026-04-10 18:10:00,10610.0,10615.9,10609.9,10612.4,394,10,0
2026-04-10 18:15:00,10612.4,10616.2,10605.2,10608.9,489,10,0
2026-04-10 18:20:00,10608.9,10614.1,10608.9,10612.1,370,10,0
2026-04-10 18:25:00,10611.9,10612.4,10597.4,10598.4,566,10,0
2026-04-10 18:30:00,10598.2,10604.8,10589.5,10603.5,753,10,0
2026-04-10 18:35:00,10604.0,10604.8,10591.1,10593.5,605,18,0
2026-04-10 18:40:00,10593.4,10597.0,10588.0,10595.1,482,18,0
2026-04-10 18:45:00,10595.1,10598.9,10592.0,10593.5,448,18,0
2026-04-10 18:50:00,10593.5,10599.0,10592.6,10597.0,385,18,0
2026-04-10 18:55:00,10597.0,10598.0,10587.0,10589.0,367,18,0
2026-04-10 19:00:00,10589.0,10590.5,10583.9,10585.8,363,18,0
2026-04-10 19:05:00,10585.8,10589.5,10583.0,10586.3,351,18,0
2026-04-10 19:10:00,10586.5,10591.5,10586.5,10589.0,283,18,0
2026-04-10 19:15:00,10589.1,10592.8,10588.9,10591.0,229,18,0
2026-04-10 19:20:00,10591.0,10591.1,10584.0,10588.5,306,18,0
2026-04-10 19:25:00,10588.6,10589.0,10582.0,10584.0,331,18,0
2026-04-10 19:30:00,10584.0,10586.4,10576.8,10579.5,371,18,0
2026-04-10 19:35:00,10579.5,10581.3,10577.0,10579.0,320,18,0
2026-04-10 19:40:00,10579.0,10580.9,10575.0,10579.0,320,18,0
2026-04-10 19:45:00,10579.0,10586.9,10578.9,10586.9,310,18,0
2026-04-10 19:50:00,10586.9,10592.9,10585.8,10592.0,384,18,0
2026-04-10 19:55:00,10592.0,10592.4,10589.8,10590.3,295,18,0
2026-04-10 20:00:00,10590.3,10590.8,10580.0,10580.3,355,18,0
2026-04-10 20:05:00,10580.3,10581.7,10576.5,10578.4,342,18,0
2026-04-10 20:10:00,10578.4,10580.6,10575.3,10579.7,347,18,0
2026-04-10 20:15:00,10579.6,10581.3,10575.0,10578.0,346,18,0
2026-04-10 20:20:00,10578.0,10578.3,10571.0,10574.4,352,18,0
2026-04-10 20:25:00,10574.5,10578.7,10573.5,10574.0,362,18,0
2026-04-10 20:30:00,10573.8,10578.8,10570.8,10578.5,380,18,0
2026-04-10 20:35:00,10578.5,10580.2,10575.9,10579.4,364,18,0
2026-04-10 20:40:00,10579.4,10579.8,10574.5,10577.2,378,18,0
2026-04-10 20:45:00,10577.0,10580.8,10576.6,10580.5,342,18,0
2026-04-10 20:50:00,10580.2,10584.5,10580.2,10584.5,329,18,0
2026-04-10 20:55:00,10584.5,10587.5,10583.2,10585.5,164,18,0
2026-04-10 21:00:00,10585.5,10585.5,10578.4,10579.0,265,18,0
2026-04-10 21:05:00,10579.0,10582.2,10577.2,10579.9,390,18,0
2026-04-10 21:10:00,10579.9,10582.8,10578.9,10582.7,260,18,0
2026-04-10 21:15:00,10582.7,10587.7,10582.7,10587.5,291,18,0
2026-04-10 21:20:00,10587.5,10589.7,10585.0,10585.7,304,18,0
2026-04-10 21:25:00,10585.7,10588.0,10583.5,10587.5,282,18,0
2026-04-10 21:30:00,10587.5,10590.0,10586.3,10589.1,276,18,0
2026-04-10 21:35:00,10589.1,10590.0,10585.5,10588.3,271,18,0
2026-04-10 21:40:00,10588.3,10589.9,10584.5,10585.3,256,18,0
2026-04-10 21:45:00,10585.0,10587.0,10583.9,10586.0,209,18,0
2026-04-10 21:50:00,10586.0,10588.9,10585.8,10587.5,203,18,0
2026-04-10 21:55:00,10587.5,10588.6,10585.0,10587.5,183,18,0
2026-04-10 22:00:00,10587.5,10588.5,10585.6,10586.9,242,18,0
2026-04-10 22:05:00,10586.9,10589.1,10585.0,10585.4,261,18,0
2026-04-10 22:10:00,10585.5,10592.5,10585.5,10592.0,175,18,0
2026-04-10 22:15:00,10592.0,10594.1,10590.8,10593.5,125,18,0
2026-04-10 22:20:00,10594.0,10595.0,10589.4,10591.2,208,18,0
2026-04-10 22:25:00,10591.3,10592.5,10589.5,10591.8,186,18,0
2026-04-10 22:30:00,10591.5,10594.1,10588.5,10593.0,240,18,0
2026-04-10 22:35:00,10593.0,10595.0,10590.3,10590.5,248,18,0
2026-04-10 22:40:00,10590.8,10592.9,10587.7,10592.4,254,18,0
2026-04-10 22:45:00,10592.5,10594.8,10590.5,10591.5,334,18,0
2026-04-10 22:50:00,10591.5,10599.5,10590.6,10599.5,314,18,0
2026-04-13 03:05:00,10505.9,10534.0,10505.9,10533.9,413,18,0
2026-04-13 03:10:00,10533.9,10545.7,10529.8,10545.0,381,18,0
2026-04-13 03:15:00,10544.9,10544.9,10532.2,10533.5,395,18,0
2026-04-13 03:20:00,10533.5,10542.4,10530.1,10541.2,322,18,0
2026-04-13 03:25:00,10541.1,10545.1,10540.0,10540.4,359,18,0
2026-04-13 03:30:00,10540.5,10555.6,10540.5,10553.1,423,18,0
2026-04-13 03:35:00,10553.0,10553.5,10549.8,10551.4,390,18,0
2026-04-13 03:40:00,10551.1,10556.7,10550.6,10552.2,281,18,0
2026-04-13 03:45:00,10552.4,10560.4,10551.3,10558.1,342,18,0
2026-04-13 03:50:00,10558.1,10563.4,10556.9,10562.2,303,18,0
2026-04-13 03:55:00,10562.3,10562.3,10556.1,10558.9,357,18,0
2026-04-13 04:00:00,10558.9,10563.7,10557.1,10559.9,338,20,0
2026-04-13 04:05:00,10559.9,10560.2,10555.1,10558.0,378,19,0
2026-04-13 04:10:00,10558.0,10562.3,10557.0,10558.2,436,20,0
2026-04-13 04:15:00,10558.2,10558.8,10550.8,10551.6,324,19,0
2026-04-13 04:20:00,10551.2,10552.7,10549.1,10549.7,379,19,0
2026-04-13 04:25:00,10549.5,10552.5,10547.4,10552.1,320,18,0
2026-04-13 04:30:00,10552.1,10552.1,10547.8,10549.1,375,18,0
2026-04-13 04:35:00,10549.1,10550.0,10546.1,10546.9,297,18,0
2026-04-13 04:40:00,10547.2,10548.6,10542.6,10542.7,305,18,0
2026-04-13 04:45:00,10542.7,10544.1,10538.4,10540.9,340,18,0
2026-04-13 04:50:00,10540.7,10544.9,10540.5,10543.1,256,18,0
2026-04-13 04:55:00,10543.1,10547.5,10542.8,10545.3,309,18,0
2026-04-13 05:00:00,10545.1,10548.1,10541.5,10547.9,298,18,0
2026-04-13 05:05:00,10547.9,10548.7,10543.6,10545.9,291,18,0
2026-04-13 05:10:00,10546.0,10546.0,10538.8,10540.1,286,18,0
2026-04-13 05:15:00,10539.8,10542.7,10538.1,10542.7,262,21,0
2026-04-13 05:20:00,10542.8,10542.8,10540.1,10541.6,281,22,0
2026-04-13 05:25:00,10541.8,10542.5,10538.5,10538.9,274,18,0
2026-04-13 05:30:00,10538.9,10540.6,10534.6,10537.7,241,19,0
2026-04-13 05:35:00,10537.9,10539.3,10537.5,10538.2,126,20,0
2026-04-13 05:40:00,10538.2,10538.9,10536.6,10537.9,166,18,0
2026-04-13 05:45:00,10537.9,10540.9,10535.4,10535.7,229,18,0
2026-04-13 05:50:00,10535.6,10540.7,10535.0,10540.7,191,19,0
2026-04-13 05:55:00,10540.7,10545.4,10540.7,10544.6,137,18,0
2026-04-13 06:00:00,10544.9,10547.0,10540.5,10541.1,260,18,0
2026-04-13 06:05:00,10541.1,10541.1,10535.4,10536.1,270,22,0
2026-04-13 06:10:00,10536.3,10536.7,10533.6,10534.4,194,18,0
2026-04-13 06:15:00,10534.9,10537.8,10534.3,10536.6,259,18,0
2026-04-13 06:20:00,10536.6,10539.3,10535.2,10538.3,203,18,0
2026-04-13 06:25:00,10538.3,10539.3,10537.5,10539.1,223,18,0
2026-04-13 06:30:00,10538.8,10540.3,10536.4,10538.2,260,20,0
2026-04-13 06:35:00,10538.3,10538.6,10533.6,10533.7,269,21,0
2026-04-13 06:40:00,10533.7,10539.6,10533.7,10538.5,171,18,0
2026-04-13 06:45:00,10538.4,10539.4,10530.6,10532.0,211,18,0
2026-04-13 06:50:00,10532.0,10534.0,10531.8,10533.1,198,20,0
2026-04-13 06:55:00,10533.0,10536.1,10533.0,10533.9,187,19,0
2026-04-13 07:00:00,10533.8,10535.2,10533.4,10535.2,163,19,0
2026-04-13 07:05:00,10535.2,10536.0,10533.0,10534.9,172,18,0
2026-04-13 07:10:00,10534.9,10535.7,10531.3,10531.6,132,18,0
2026-04-13 07:15:00,10531.6,10534.0,10531.5,10533.6,164,18,0
2026-04-13 07:20:00,10533.6,10533.8,10530.7,10533.5,140,18,0
2026-04-13 07:25:00,10533.5,10536.3,10533.5,10534.9,185,19,0
2026-04-13 07:30:00,10534.9,10538.9,10534.9,10537.0,156,19,0
2026-04-13 07:35:00,10537.0,10538.6,10536.3,10536.3,171,21,0
2026-04-13 07:40:00,10536.4,10540.4,10536.1,10538.3,138,20,0
2026-04-13 07:45:00,10538.7,10540.4,10538.1,10540.4,160,21,0
2026-04-13 07:50:00,10540.4,10545.4,10539.7,10544.5,150,19,0
2026-04-13 07:55:00,10544.5,10547.8,10542.6,10543.1,221,18,0
2026-04-13 08:00:00,10543.1,10545.6,10540.5,10544.1,330,18,0
2026-04-13 08:05:00,10544.2,10545.3,10541.1,10541.2,210,19,0
2026-04-13 08:10:00,10541.2,10542.8,10538.9,10540.2,207,19,0
2026-04-13 08:15:00,10540.4,10541.7,10538.0,10538.6,216,19,0
2026-04-13 08:20:00,10538.6,10543.4,10538.6,10541.3,210,21,0
2026-04-13 08:25:00,10541.3,10543.6,10540.6,10542.4,178,20,0
2026-04-13 08:30:00,10543.3,10543.3,10540.2,10543.0,275,19,0
2026-04-13 08:35:00,10543.0,10545.6,10543.0,10543.7,190,18,0
2026-04-13 08:40:00,10543.7,10543.7,10539.4,10540.0,245,19,0
2026-04-13 08:45:00,10540.0,10548.1,10540.0,10545.0,196,18,0
2026-04-13 08:50:00,10544.9,10545.7,10542.1,10544.4,170,18,0
2026-04-13 08:55:00,10544.4,10545.4,10541.4,10541.5,184,18,0
2026-04-13 09:00:00,10541.5,10547.3,10537.8,10540.5,447,18,0
2026-04-13 09:05:00,10540.5,10542.6,10535.4,10537.8,310,18,0
2026-04-13 09:10:00,10537.8,10538.6,10533.5,10534.7,293,18,0
2026-04-13 09:15:00,10534.8,10546.2,10534.0,10542.8,284,18,0
2026-04-13 09:20:00,10542.9,10556.1,10542.4,10553.6,324,18,0
2026-04-13 09:25:00,10553.2,10554.6,10547.2,10548.9,361,18,0
2026-04-13 09:30:00,10548.9,10549.1,10539.6,10540.1,354,18,0
2026-04-13 09:35:00,10540.1,10544.5,10539.8,10543.0,329,18,0
2026-04-13 09:40:00,10542.8,10549.0,10541.3,10546.7,300,18,0
2026-04-13 09:45:00,10546.6,10546.7,10539.7,10539.7,347,18,0
2026-04-13 09:50:00,10539.7,10544.2,10536.2,10543.7,296,18,0
2026-04-13 09:55:00,10543.6,10554.7,10541.8,10554.7,328,18,0
2026-04-13 10:00:00,10554.2,10562.2,10538.7,10544.6,845,10,0
2026-04-13 10:05:00,10544.8,10547.1,10534.1,10534.2,751,10,0
2026-04-13 10:10:00,10534.2,10555.8,10532.7,10555.4,673,10,0
2026-04-13 10:15:00,10555.4,10563.7,10553.5,10561.9,588,10,0
2026-04-13 10:20:00,10561.9,10562.1,10553.6,10557.9,603,10,0
2026-04-13 10:25:00,10557.9,10566.2,10557.2,10563.5,547,10,0
2026-04-13 10:30:00,10563.7,10567.5,10555.7,10555.9,537,10,0
2026-04-13 10:35:00,10555.9,10560.9,10552.6,10558.5,519,10,0
2026-04-13 10:40:00,10558.5,10561.3,10554.1,10561.2,491,10,0
2026-04-13 10:45:00,10561.2,10568.5,10556.6,10565.5,527,10,0
2026-04-13 10:50:00,10565.5,10565.9,10559.8,10563.5,521,10,0
2026-04-13 10:55:00,10563.5,10564.4,10559.7,10560.9,437,10,0
2026-04-13 11:00:00,10560.9,10567.3,10559.1,10565.9,488,10,0
2026-04-13 11:05:00,10565.9,10566.7,10555.2,10557.9,573,10,0
2026-04-13 11:10:00,10557.9,10557.9,10551.4,10555.4,535,10,0
2026-04-13 11:15:00,10555.3,10563.7,10553.4,10561.8,467,10,0
2026-04-13 11:20:00,10561.8,10565.4,10554.9,10564.6,507,10,0
2026-04-13 11:25:00,10564.6,10569.9,10560.9,10561.4,462,10,0
2026-04-13 11:30:00,10561.4,10564.9,10557.1,10557.4,555,10,0
2026-04-13 11:35:00,10557.4,10564.4,10555.4,10556.9,508,10,0
2026-04-13 11:40:00,10556.9,10558.4,10552.3,10557.3,452,10,0
2026-04-13 11:45:00,10557.4,10559.6,10553.2,10555.9,451,10,0
2026-04-13 11:50:00,10555.9,10560.9,10551.9,10560.8,447,10,0
2026-04-13 11:55:00,10560.8,10566.3,10559.5,10566.3,377,10,0
2026-04-13 12:00:00,10566.4,10575.9,10566.3,10572.4,675,10,0
2026-04-13 12:05:00,10572.3,10577.9,10569.8,10570.8,547,10,0
2026-04-13 12:10:00,10570.9,10571.9,10565.8,10571.4,389,10,0
2026-04-13 12:15:00,10571.4,10574.8,10566.8,10574.1,397,10,0
2026-04-13 12:20:00,10574.1,10575.9,10567.2,10568.9,421,10,0
2026-04-13 12:25:00,10568.9,10570.4,10566.1,10567.4,364,10,0
2026-04-13 12:30:00,10567.4,10569.9,10565.9,10569.4,401,10,0
2026-04-13 12:35:00,10569.3,10570.9,10563.4,10565.8,330,10,0
2026-04-13 12:40:00,10565.9,10565.9,10560.5,10562.9,351,10,0
2026-04-13 12:45:00,10562.9,10564.0,10557.8,10561.9,360,10,0
2026-04-13 12:50:00,10561.9,10564.4,10556.4,10562.5,314,10,0
2026-04-13 12:55:00,10562.5,10563.7,10557.2,10560.9,372,10,0
2026-04-13 13:00:00,10560.8,10571.9,10560.2,10570.9,331,10,0
2026-04-13 13:05:00,10570.9,10571.3,10561.3,10566.6,409,10,0
2026-04-13 13:10:00,10566.6,10570.7,10562.4,10570.4,402,10,0
2026-04-13 13:15:00,10570.4,10571.9,10561.5,10571.3,472,10,0
2026-04-13 13:20:00,10571.3,10572.0,10567.6,10568.4,342,10,0
2026-04-13 13:25:00,10568.4,10570.4,10564.8,10570.3,248,10,0
2026-04-13 13:30:00,10570.4,10574.3,10569.4,10572.3,378,10,0
2026-04-13 13:35:00,10572.3,10573.9,10566.3,10569.2,330,10,0
2026-04-13 13:40:00,10569.2,10569.8,10565.2,10566.9,320,10,0
2026-04-13 13:45:00,10566.9,10571.4,10563.4,10567.6,346,10,0
2026-04-13 13:50:00,10567.7,10567.7,10557.4,10557.4,334,10,0
2026-04-13 13:55:00,10557.9,10565.7,10557.4,10565.4,393,10,0
2026-04-13 14:00:00,10565.9,10573.6,10563.9,10565.9,587,10,0
2026-04-13 14:05:00,10565.6,10568.9,10559.9,10563.1,354,10,0
2026-04-13 14:10:00,10563.0,10568.9,10562.8,10565.7,373,10,0
2026-04-13 14:15:00,10565.7,10570.4,10565.7,10568.3,292,10,0
2026-04-13 14:20:00,10568.3,10570.4,10560.0,10563.1,415,10,0
2026-04-13 14:25:00,10563.1,10564.3,10554.9,10556.8,448,10,0
2026-04-13 14:30:00,10556.9,10562.9,10554.7,10555.3,454,10,0
2026-04-13 14:35:00,10555.3,10555.9,10541.9,10549.6,505,10,0
2026-04-13 14:40:00,10549.6,10552.4,10541.9,10550.2,557,10,0
2026-04-13 14:45:00,10550.2,10553.9,10543.4,10544.4,603,10,0
2026-04-13 14:50:00,10544.4,10546.6,10540.1,10541.4,464,10,0
2026-04-13 14:55:00,10541.3,10544.4,10538.2,10539.3,463,10,0
2026-04-13 15:00:00,10539.4,10544.2,10532.0,10534.3,593,10,0
2026-04-13 15:05:00,10534.3,10547.1,10534.3,10546.9,601,10,0
2026-04-13 15:10:00,10546.6,10553.6,10545.9,10551.9,431,10,0
2026-04-13 15:15:00,10551.8,10557.7,10549.5,10557.3,456,10,0
2026-04-13 15:20:00,10557.3,10557.9,10553.6,10555.1,365,10,0
2026-04-13 15:25:00,10555.3,10558.4,10552.5,10557.9,419,10,0
2026-04-13 15:30:00,10557.9,10560.9,10554.9,10558.9,487,10,0
2026-04-13 15:35:00,10558.9,10559.2,10551.4,10552.9,415,10,0
2026-04-13 15:40:00,10552.9,10555.9,10550.1,10551.3,439,10,0
2026-04-13 15:45:00,10551.3,10562.8,10551.3,10555.9,450,10,0
2026-04-13 15:50:00,10555.9,10561.9,10554.4,10560.2,455,10,0
2026-04-13 15:55:00,10560.2,10565.4,10554.9,10565.4,462,10,0
2026-04-13 16:00:00,10565.4,10568.3,10560.9,10564.9,495,10,0
2026-04-13 16:05:00,10564.9,10565.7,10557.7,10558.2,398,10,0
2026-04-13 16:10:00,10558.2,10566.9,10557.4,10563.3,364,10,0
2026-04-13 16:15:00,10563.3,10564.9,10560.4,10563.9,391,10,0
2026-04-13 16:20:00,10563.6,10565.9,10560.8,10564.4,434,10,0
2026-04-13 16:25:00,10564.4,10568.9,10562.3,10562.9,453,10,0
2026-04-13 16:30:00,10563.2,10564.9,10554.9,10557.4,743,10,0
2026-04-13 16:35:00,10557.2,10558.8,10551.3,10551.7,627,10,0
2026-04-13 16:40:00,10551.7,10561.9,10550.8,10560.9,615,10,0
2026-04-13 16:45:00,10560.9,10591.6,10558.4,10590.3,709,10,0
2026-04-13 16:50:00,10590.4,10598.0,10575.7,10582.8,1023,10,0
2026-04-13 16:55:00,10582.8,10591.3,10575.9,10591.3,727,10,0
2026-04-13 17:00:00,10590.6,10590.6,10573.4,10576.4,804,10,0
2026-04-13 17:05:00,10576.4,10581.2,10571.6,10575.4,693,10,0
2026-04-13 17:10:00,10575.4,10582.7,10572.3,10581.6,617,10,0
2026-04-13 17:15:00,10581.7,10586.9,10574.8,10584.7,690,10,0
2026-04-13 17:20:00,10584.4,10588.8,10570.8,10582.9,765,10,0
2026-04-13 17:25:00,10582.9,10585.1,10578.4,10584.3,713,10,0
2026-04-13 17:30:00,10584.4,10590.5,10582.5,10589.8,622,10,0
2026-04-13 17:35:00,10589.8,10595.5,10589.8,10593.9,549,10,0
2026-04-13 17:40:00,10593.9,10598.3,10591.2,10595.8,458,10,0
2026-04-13 17:45:00,10595.5,10597.9,10585.6,10585.9,497,10,0
2026-04-13 17:50:00,10585.9,10586.9,10580.9,10585.1,557,10,0
2026-04-13 17:55:00,10585.1,10591.4,10584.0,10586.9,441,10,0
2026-04-13 18:00:00,10586.4,10588.4,10575.9,10587.3,624,10,0
2026-04-13 18:05:00,10587.3,10591.9,10579.5,10585.3,614,10,0
2026-04-13 18:10:00,10585.3,10591.2,10583.6,10588.4,496,10,0
2026-04-13 18:15:00,10588.5,10589.9,10581.0,10581.3,436,10,0
2026-04-13 18:20:00,10581.4,10588.4,10580.8,10583.4,414,10,0
2026-04-13 18:25:00,10583.4,10586.7,10578.7,10582.3,497,10,0
2026-04-13 18:30:00,10582.2,10583.1,10572.3,10581.1,621,18,0
2026-04-13 18:35:00,10581.1,10591.1,10578.1,10589.1,566,18,0
2026-04-13 18:40:00,10589.1,10591.1,10578.8,10580.1,345,18,0
2026-04-13 18:45:00,10580.1,10580.1,10574.7,10578.0,339,18,0
2026-04-13 18:50:00,10578.1,10579.6,10575.6,10576.2,299,18,0
2026-04-13 18:55:00,10576.3,10582.9,10576.3,10579.1,270,18,0
2026-04-13 19:00:00,10579.1,10582.8,10574.6,10579.6,260,18,0
2026-04-13 19:05:00,10579.3,10595.2,10578.3,10583.1,585,18,0
2026-04-13 19:10:00,10583.1,10588.6,10582.5,10584.1,433,18,0
2026-04-13 19:15:00,10584.1,10589.1,10583.3,10587.1,315,18,0
2026-04-13 19:20:00,10587.1,10596.1,10586.6,10595.1,508,18,0
2026-04-13 19:25:00,10595.1,10606.1,10594.5,10601.8,438,18,0
2026-04-13 19:30:00,10602.1,10609.1,10599.1,10601.8,684,18,0
2026-04-13 19:35:00,10601.8,10611.2,10600.7,10607.6,706,18,0
2026-04-13 19:40:00,10607.1,10613.6,10599.7,10607.7,851,18,0
2026-04-13 19:45:00,10607.7,10615.2,10603.2,10611.1,700,18,0
2026-04-13 19:50:00,10611.1,10619.9,10604.5,10605.3,684,18,0
2026-04-13 19:55:00,10605.3,10611.1,10603.1,10608.7,499,18,0
2026-04-13 20:00:00,10608.8,10612.8,10608.2,10612.4,440,18,0
2026-04-13 20:05:00,10612.4,10613.7,10608.2,10610.1,408,18,0
2026-04-13 20:10:00,10610.1,10615.6,10609.9,10614.6,342,18,0
2026-04-13 20:15:00,10614.6,10618.2,10612.8,10614.4,294,18,0
2026-04-13 20:20:00,10614.4,10614.4,10610.2,10612.3,331,18,0
2026-04-13 20:25:00,10612.2,10613.9,10610.3,10612.1,375,18,0
2026-04-13 20:30:00,10612.1,10614.0,10610.6,10611.1,374,18,0
2026-04-13 20:35:00,10611.1,10612.1,10609.1,10609.6,320,18,0
2026-04-13 20:40:00,10609.6,10611.0,10608.2,10609.0,269,18,0
2026-04-13 20:45:00,10609.0,10610.1,10607.4,10609.1,196,18,0
2026-04-13 20:50:00,10609.1,10609.6,10605.9,10609.2,307,18,0
2026-04-13 20:55:00,10609.2,10609.6,10607.4,10608.8,153,18,0
2026-04-13 21:00:00,10608.9,10616.1,10608.8,10615.1,220,18,0
2026-04-13 21:05:00,10615.1,10615.6,10611.6,10613.6,209,18,0
2026-04-13 21:10:00,10613.6,10619.1,10613.6,10618.0,253,18,0
2026-04-13 21:15:00,10618.0,10618.3,10615.6,10617.2,203,18,0
2026-04-13 21:20:00,10617.1,10619.1,10615.7,10616.0,294,18,0
2026-04-13 21:25:00,10615.7,10616.0,10612.0,10615.7,325,18,0
2026-04-13 21:30:00,10615.6,10615.6,10612.1,10612.8,345,18,0
2026-04-13 21:35:00,10612.8,10614.1,10611.3,10613.7,267,18,0
2026-04-13 21:40:00,10613.7,10615.1,10611.6,10614.8,217,18,0
2026-04-13 21:45:00,10614.8,10618.2,10614.7,10617.3,342,18,0
2026-04-13 21:50:00,10617.2,10621.1,10615.6,10616.2,318,18,0
2026-04-13 21:55:00,10616.1,10616.8,10613.8,10614.2,309,18,0
2026-04-13 22:00:00,10614.2,10619.2,10614.1,10615.1,281,18,0
2026-04-13 22:05:00,10615.1,10615.5,10610.1,10612.6,252,18,0
2026-04-13 22:10:00,10612.6,10613.7,10609.1,10610.6,217,18,0
2026-04-13 22:15:00,10610.6,10614.6,10609.6,10614.1,243,18,0
2026-04-13 22:20:00,10614.1,10619.6,10614.1,10619.6,138,18,0
2026-04-13 22:25:00,10619.6,10619.6,10617.1,10618.8,160,18,0
2026-04-13 22:30:00,10618.8,10621.1,10615.7,10616.7,192,18,0
2026-04-13 22:35:00,10616.6,10620.1,10614.1,10614.8,289,18,0
2026-04-13 22:40:00,10614.8,10615.9,10612.7,10615.1,252,18,0
2026-04-13 22:45:00,10615.1,10615.1,10607.1,10610.9,280,18,0
2026-04-13 22:50:00,10611.0,10623.1,10611.0,10621.1,422,18,0
2026-04-13 22:55:00,10621.1,10623.2,10614.0,10615.8,393,18,0
2026-04-14 03:00:00,10627.5,10627.5,10603.2,10603.4,93,19,0
2026-04-14 03:05:00,10603.3,10604.6,10601.5,10603.0,257,21,0
2026-04-14 03:10:00,10603.0,10605.5,10600.0,10604.8,194,18,0
2026-04-14 03:15:00,10604.7,10612.7,10604.7,10607.0,267,18,0
2026-04-14 03:20:00,10607.0,10607.0,10601.9,10602.5,263,18,0
2026-04-14 03:25:00,10602.6,10603.3,10599.2,10601.0,251,18,0
2026-04-14 03:30:00,10601.0,10605.9,10600.8,10603.9,231,18,0
2026-04-14 03:35:00,10603.8,10605.1,10603.1,10604.1,134,18,0
2026-04-14 03:40:00,10604.1,10605.0,10598.5,10599.4,196,18,0
2026-04-14 03:45:00,10599.4,10602.6,10598.7,10599.3,161,18,0
2026-04-14 03:50:00,10599.3,10599.4,10597.0,10599.1,167,21,0
2026-04-14 03:55:00,10599.1,10599.3,10594.9,10596.8,217,18,0
2026-04-14 04:00:00,10596.5,10596.5,10588.5,10591.7,290,18,0
2026-04-14 04:05:00,10591.8,10593.5,10589.8,10591.4,255,18,0
2026-04-14 04:10:00,10591.3,10594.5,10589.5,10594.5,181,18,0
2026-04-14 04:15:00,10594.4,10595.9,10593.0,10593.8,257,18,0
2026-04-14 04:20:00,10593.9,10596.0,10592.2,10593.0,229,18,0
2026-04-14 04:25:00,10592.9,10596.0,10592.6,10593.4,147,18,0
2026-04-14 04:30:00,10593.4,10593.4,10585.9,10587.6,264,18,0
2026-04-14 04:35:00,10587.7,10592.6,10586.8,10592.2,166,18,0
2026-04-14 04:40:00,10592.2,10596.0,10590.4,10590.8,252,18,0
2026-04-14 04:45:00,10590.8,10594.3,10590.8,10593.2,116,18,0
2026-04-14 04:50:00,10593.0,10593.0,10589.1,10589.7,174,18,0
2026-04-14 04:55:00,10589.6,10590.1,10584.7,10585.9,219,18,0
2026-04-14 05:00:00,10586.1,10587.6,10583.7,10585.6,177,18,0
2026-04-14 05:05:00,10585.6,10590.4,10585.6,10589.6,144,18,0
2026-04-14 05:10:00,10589.6,10590.9,10588.8,10590.8,89,18,0
2026-04-14 05:15:00,10590.7,10594.1,10590.4,10593.6,130,18,0
2026-04-14 05:20:00,10593.7,10593.7,10590.3,10590.9,48,18,0
2026-04-14 05:25:00,10590.9,10591.5,10589.8,10590.0,32,18,0
2026-04-14 05:30:00,10590.0,10590.0,10585.4,10587.1,110,18,0
2026-04-14 05:35:00,10587.2,10588.5,10585.3,10587.1,233,18,0
2026-04-14 05:40:00,10587.1,10588.6,10585.8,10586.5,177,18,0
2026-04-14 05:45:00,10586.8,10587.8,10586.1,10586.3,120,19,0
2026-04-14 05:50:00,10586.3,10586.8,10584.5,10584.6,98,19,0
2026-04-14 05:55:00,10584.6,10587.5,10584.1,10587.1,126,18,0
2026-04-14 06:00:00,10587.1,10587.1,10583.6,10584.2,129,18,0
2026-04-14 06:05:00,10584.1,10584.8,10583.6,10584.8,148,18,0
2026-04-14 06:10:00,10584.8,10587.2,10584.5,10585.8,128,18,0
2026-04-14 06:15:00,10585.8,10586.6,10585.1,10585.1,168,18,0
2026-04-14 06:20:00,10585.2,10586.0,10583.6,10584.9,125,19,0
2026-04-14 06:25:00,10584.9,10585.3,10584.2,10585.3,97,20,0
2026-04-14 06:30:00,10585.3,10585.7,10584.2,10584.7,135,18,0
2026-04-14 06:35:00,10585.0,10585.6,10584.0,10585.1,103,20,0
2026-04-14 06:40:00,10585.1,10585.7,10583.7,10584.8,108,18,0
2026-04-14 06:45:00,10584.7,10585.0,10583.3,10584.7,180,18,0
2026-04-14 06:50:00,10584.7,10585.7,10583.4,10584.2,99,18,0
2026-04-14 06:55:00,10584.2,10584.3,10582.2,10582.4,170,18,0
2026-04-14 07:00:00,10582.4,10585.4,10582.4,10585.1,110,18,0
2026-04-14 07:05:00,10585.1,10586.9,10584.7,10586.7,181,18,0
2026-04-14 07:10:00,10586.7,10588.3,10586.3,10587.2,106,18,0
2026-04-14 07:15:00,10587.1,10589.3,10586.5,10587.6,120,18,0
2026-04-14 07:20:00,10587.6,10588.7,10585.7,10588.7,101,19,0
2026-04-14 07:25:00,10588.8,10589.0,10586.9,10587.0,59,20,0
2026-04-14 07:30:00,10587.0,10588.0,10586.2,10586.4,105,19,0
2026-04-14 07:35:00,10586.4,10587.0,10584.7,10585.2,105,20,0
2026-04-14 07:40:00,10585.1,10586.0,10584.7,10585.5,87,18,0
2026-04-14 07:45:00,10585.5,10587.0,10584.5,10587.0,111,18,0
2026-04-14 07:50:00,10586.7,10587.2,10585.5,10586.7,87,19,0
2026-04-14 07:55:00,10586.7,10587.5,10585.9,10587.3,157,19,0
2026-04-14 08:00:00,10587.4,10587.4,10585.9,10586.2,151,20,0
2026-04-14 08:05:00,10586.2,10587.1,10583.7,10585.2,121,18,0
2026-04-14 08:10:00,10585.2,10585.6,10583.8,10585.0,119,18,0
2026-04-14 08:15:00,10585.0,10585.1,10583.7,10584.0,119,19,0
2026-04-14 08:20:00,10584.0,10585.8,10582.6,10582.6,98,18,0
2026-04-14 08:25:00,10582.6,10582.8,10580.9,10582.3,92,18,0
2026-04-14 08:30:00,10582.3,10582.5,10576.8,10578.6,202,18,0
2026-04-14 08:35:00,10578.6,10581.9,10577.5,10581.1,122,18,0
2026-04-14 08:40:00,10581.1,10583.0,10580.9,10581.6,130,18,0
2026-04-14 08:45:00,10581.6,10590.8,10581.1,10589.8,113,18,0
2026-04-14 08:50:00,10589.8,10590.0,10587.3,10589.6,191,18,0
2026-04-14 08:55:00,10589.6,10589.9,10586.9,10587.1,259,18,0
2026-04-14 09:00:00,10587.1,10587.2,10577.2,10578.7,226,18,0
2026-04-14 09:05:00,10578.7,10586.7,10578.2,10586.3,269,18,0
2026-04-14 09:10:00,10586.3,10586.3,10581.4,10585.2,232,18,0
2026-04-14 09:15:00,10585.2,10589.2,10581.9,10589.2,173,18,0
2026-04-14 09:20:00,10589.2,10592.3,10585.2,10586.0,171,18,0
2026-04-14 09:25:00,10586.1,10587.2,10582.7,10586.1,196,18,0
2026-04-14 09:30:00,10586.0,10587.7,10580.8,10585.3,259,18,0
2026-04-14 09:35:00,10585.3,10594.9,10584.8,10592.4,276,18,0
2026-04-14 09:40:00,10592.2,10596.9,10591.6,10595.3,255,18,0
2026-04-14 09:45:00,10595.2,10597.7,10590.5,10591.2,239,18,0
2026-04-14 09:50:00,10591.2,10591.2,10585.4,10586.7,167,18,0
2026-04-14 09:55:00,10586.7,10595.3,10584.7,10590.7,218,18,0
2026-04-14 10:00:00,10592.1,10601.9,10581.2,10595.1,842,10,0
2026-04-14 10:05:00,10595.1,10616.1,10592.3,10612.1,832,10,0
2026-04-14 10:10:00,10612.1,10617.4,10607.1,10612.7,705,10,0
2026-04-14 10:15:00,10613.0,10616.5,10599.8,10604.6,678,10,0
2026-04-14 10:20:00,10604.6,10619.1,10604.5,10609.1,697,10,0
2026-04-14 10:25:00,10609.1,10618.2,10608.6,10613.6,620,10,0
2026-04-14 10:30:00,10613.6,10619.9,10611.6,10616.1,673,10,0
2026-04-14 10:35:00,10616.1,10620.9,10611.5,10619.7,577,10,0
2026-04-14 10:40:00,10619.7,10625.5,10614.5,10618.7,632,10,0
2026-04-14 10:45:00,10618.2,10622.1,10616.4,10618.8,525,10,0
2026-04-14 10:50:00,10618.8,10624.1,10614.0,10620.1,473,10,0
2026-04-14 10:55:00,10620.1,10628.6,10619.1,10626.6,542,10,0
2026-04-14 11:00:00,10626.2,10637.1,10617.3,10636.6,630,10,0
2026-04-14 11:05:00,10636.7,10637.5,10628.1,10633.3,549,10,0
2026-04-14 11:10:00,10633.4,10633.4,10620.1,10623.1,679,10,0
2026-04-14 11:15:00,10623.1,10625.6,10617.1,10624.7,628,10,0
2026-04-14 11:20:00,10624.7,10626.6,10615.4,10618.6,556,10,0
2026-04-14 11:25:00,10618.6,10624.1,10618.1,10622.6,533,10,0
2026-04-14 11:30:00,10623.0,10627.0,10618.5,10621.0,539,10,0
2026-04-14 11:35:00,10621.0,10621.7,10614.7,10619.6,527,10,0
2026-04-14 11:40:00,10619.6,10620.1,10610.0,10615.0,498,10,0
2026-04-14 11:45:00,10615.1,10617.6,10610.6,10611.1,427,10,0
2026-04-14 11:50:00,10611.1,10614.6,10607.5,10613.5,468,10,0
2026-04-14 11:55:00,10613.6,10614.1,10606.6,10613.6,447,10,0
2026-04-14 12:00:00,10613.6,10618.1,10607.4,10608.6,512,10,0
2026-04-14 12:05:00,10608.6,10609.6,10598.6,10602.5,438,10,0
2026-04-14 12:10:00,10602.6,10606.6,10600.6,10604.1,502,10,0
2026-04-14 12:15:00,10604.1,10606.3,10597.5,10598.1,464,10,0
2026-04-14 12:20:00,10598.1,10607.1,10597.6,10605.6,365,10,0
2026-04-14 12:25:00,10605.6,10608.4,10600.6,10605.3,485,10,0
2026-04-14 12:30:00,10605.2,10605.6,10597.6,10600.6,573,10,0
2026-04-14 12:35:00,10600.5,10606.1,10600.0,10603.5,373,10,0
2026-04-14 12:40:00,10603.5,10603.6,10591.4,10593.9,392,10,0
2026-04-14 12:45:00,10593.9,10596.1,10586.8,10591.0,350,10,0
2026-04-14 12:50:00,10591.0,10597.5,10590.5,10595.5,341,10,0
2026-04-14 12:55:00,10595.5,10603.4,10594.1,10602.6,458,10,0
2026-04-14 13:00:00,10602.6,10603.6,10592.3,10594.1,470,10,0
2026-04-14 13:05:00,10594.1,10600.1,10594.1,10598.6,423,10,0
2026-04-14 13:10:00,10598.6,10599.6,10591.2,10596.1,422,10,0
2026-04-14 13:15:00,10596.1,10600.6,10590.6,10598.1,368,10,0
2026-04-14 13:20:00,10598.1,10598.6,10593.1,10594.3,390,10,0
2026-04-14 13:25:00,10594.3,10596.6,10591.6,10592.1,361,10,0
2026-04-14 13:30:00,10592.1,10593.4,10586.7,10591.5,489,10,0
2026-04-14 13:35:00,10591.6,10595.0,10583.6,10585.5,482,10,0
2026-04-14 13:40:00,10585.5,10586.5,10577.4,10578.6,459,10,0
2026-04-14 13:45:00,10578.6,10585.1,10577.2,10584.5,444,10,0
2026-04-14 13:50:00,10584.5,10586.1,10578.7,10580.1,383,10,0
2026-04-14 13:55:00,10580.1,10583.1,10577.6,10578.3,365,10,0
2026-04-14 14:00:00,10578.4,10579.0,10573.6,10577.7,477,10,0
2026-04-14 14:05:00,10577.6,10581.6,10574.8,10578.5,486,10,0
2026-04-14 14:10:00,10578.6,10584.0,10578.6,10580.1,418,10,0
2026-04-14 14:15:00,10580.1,10588.1,10578.3,10588.1,364,10,0
2026-04-14 14:20:00,10588.1,10591.6,10585.2,10590.1,297,10,0
2026-04-14 14:25:00,10590.1,10595.6,10589.8,10592.2,398,10,0
2026-04-14 14:30:00,10592.2,10595.9,10591.0,10592.6,401,10,0
2026-04-14 14:35:00,10592.6,10598.6,10592.6,10597.6,330,10,0
2026-04-14 14:40:00,10597.6,10599.1,10593.8,10594.0,391,10,0
2026-04-14 14:45:00,10593.9,10596.5,10592.7,10592.7,292,10,0
2026-04-14 14:50:00,10592.7,10594.6,10586.6,10592.1,329,10,0
2026-04-14 14:55:00,10592.1,10607.3,10591.5,10597.6,586,10,0
2026-04-14 15:00:00,10597.6,10603.1,10593.5,10596.6,584,10,0
2026-04-14 15:05:00,10596.6,10597.5,10593.0,10596.6,359,10,0
2026-04-14 15:10:00,10596.9,10598.5,10593.1,10596.1,378,10,0
2026-04-14 15:15:00,10596.0,10600.1,10594.4,10596.2,381,10,0
2026-04-14 15:20:00,10596.4,10597.1,10591.2,10596.1,390,10,0
2026-04-14 15:25:00,10596.2,10606.6,10595.5,10606.6,358,10,0
2026-04-14 15:30:00,10606.4,10620.0,10594.8,10601.0,595,10,0
2026-04-14 15:35:00,10601.0,10601.2,10593.9,10599.1,460,10,0
2026-04-14 15:40:00,10598.6,10601.4,10596.7,10598.1,437,10,0
2026-04-14 15:45:00,10598.1,10601.0,10596.5,10600.1,348,10,0
2026-04-14 15:50:00,10600.0,10601.2,10594.7,10598.1,419,10,0
2026-04-14 15:55:00,10598.1,10601.6,10597.1,10598.5,361,10,0
2026-04-14 16:00:00,10598.6,10604.6,10594.7,10601.5,462,10,0
2026-04-14 16:05:00,10601.2,10604.1,10599.4,10603.6,359,10,0
2026-04-14 16:10:00,10603.6,10608.6,10602.1,10605.4,354,10,0
2026-04-14 16:15:00,10605.4,10609.1,10602.6,10602.6,311,10,0
2026-04-14 16:20:00,10602.7,10605.1,10600.0,10602.6,376,10,0
2026-04-14 16:25:00,10602.6,10603.1,10598.2,10599.2,503,10,0
2026-04-14 16:30:00,10599.1,10599.4,10586.7,10588.0,755,10,0
2026-04-14 16:35:00,10586.9,10598.1,10586.1,10594.3,681,10,0
2026-04-14 16:40:00,10594.2,10608.1,10593.9,10604.1,620,10,0
2026-04-14 16:45:00,10603.7,10608.6,10602.6,10605.2,552,10,0
2026-04-14 16:50:00,10605.4,10607.1,10599.5,10604.5,490,10,0
2026-04-14 16:55:00,10604.5,10609.4,10603.4,10607.1,394,10,0
2026-04-14 17:00:00,10607.1,10611.9,10600.6,10602.4,561,10,0
2026-04-14 17:05:00,10602.4,10611.7,10600.6,10610.1,477,10,0
2026-04-14 17:10:00,10610.1,10612.6,10606.4,10611.1,469,10,0
2026-04-14 17:15:00,10611.1,10612.6,10605.6,10606.0,472,10,0
2026-04-14 17:20:00,10606.1,10606.1,10593.9,10594.9,427,10,0
2026-04-14 17:25:00,10594.8,10596.6,10589.4,10594.1,391,10,0
2026-04-14 17:30:00,10594.1,10599.1,10589.3,10597.1,419,10,0
2026-04-14 17:35:00,10597.1,10601.1,10590.6,10591.3,363,10,0
2026-04-14 17:40:00,10590.9,10597.6,10589.8,10596.9,327,10,0
2026-04-14 17:45:00,10596.6,10603.9,10595.4,10601.3,294,10,0
2026-04-14 17:50:00,10601.2,10602.4,10595.2,10597.1,332,10,0
2026-04-14 17:55:00,10597.1,10597.9,10593.4,10593.9,294,10,0
2026-04-14 18:00:00,10594.1,10596.9,10589.1,10594.9,326,10,0
2026-04-14 18:05:00,10594.9,10598.1,10591.5,10592.5,453,10,0
2026-04-14 18:10:00,10592.6,10597.6,10592.6,10597.1,320,10,0
2026-04-14 18:15:00,10597.1,10602.6,10594.2,10602.0,395,10,0
2026-04-14 18:20:00,10601.9,10608.0,10601.1,10605.1,420,10,0
2026-04-14 18:25:00,10605.1,10607.6,10601.1,10605.2,379,10,0
2026-04-14 18:30:00,10605.2,10614.5,10603.7,10614.2,544,18,0
2026-04-14 18:35:00,10613.7,10616.2,10610.4,10613.5,313,18,0
2026-04-14 18:40:00,10613.7,10621.7,10612.2,10618.8,311,18,0
2026-04-14 18:45:00,10618.8,10622.7,10615.2,10620.2,294,18,0
2026-04-14 18:50:00,10620.2,10625.2,10620.2,10622.7,216,18,0
2026-04-14 18:55:00,10622.7,10624.2,10621.5,10623.6,222,18,0
2026-04-14 19:00:00,10623.5,10626.1,10621.4,10623.2,201,18,0
2026-04-14 19:05:00,10623.5,10623.7,10618.2,10622.7,170,18,0
2026-04-14 19:10:00,10622.7,10623.8,10617.4,10618.8,189,18,0
2026-04-14 19:15:00,10618.8,10618.8,10614.7,10617.7,151,18,0
2026-04-14 19:20:00,10617.4,10620.7,10616.7,10617.7,133,18,0
2026-04-14 19:25:00,10617.7,10621.7,10617.2,10619.7,145,18,0
2026-04-14 19:30:00,10619.7,10620.3,10612.7,10614.1,169,18,0
2026-04-14 19:35:00,10614.2,10617.2,10612.8,10615.5,176,18,0
2026-04-14 19:40:00,10615.5,10617.2,10613.9,10614.6,148,18,0
2026-04-14 19:45:00,10614.6,10615.2,10612.3,10613.5,152,18,0
2026-04-14 19:50:00,10613.5,10614.2,10608.5,10609.4,177,18,0
2026-04-14 19:55:00,10609.4,10609.5,10606.0,10609.2,154,18,0
2026-04-14 20:00:00,10609.2,10611.7,10608.7,10611.7,169,18,0
2026-04-14 20:05:00,10611.7,10615.7,10611.2,10615.2,190,18,0
2026-04-14 20:10:00,10615.2,10616.2,10612.8,10613.2,188,18,0
2026-04-14 20:15:00,10613.2,10620.7,10613.2,10620.7,149,18,0
2026-04-14 20:20:00,10620.7,10621.7,10620.0,10620.2,174,18,0
2026-04-14 20:25:00,10620.2,10621.1,10618.5,10619.7,115,18,0
2026-04-14 20:30:00,10619.7,10620.2,10617.7,10618.7,121,18,0
2026-04-14 20:35:00,10618.7,10619.0,10615.2,10615.2,112,18,0
2026-04-14 20:40:00,10615.2,10616.7,10613.7,10614.7,99,18,0
2026-04-14 20:45:00,10614.7,10614.7,10611.2,10612.2,126,18,0
2026-04-14 20:50:00,10612.2,10612.7,10607.7,10608.2,148,18,0
2026-04-14 20:55:00,10608.2,10610.5,10607.2,10610.5,139,18,0
2026-04-14 21:00:00,10610.4,10617.7,10610.4,10617.7,118,18,0
2026-04-14 21:05:00,10617.7,10625.7,10617.4,10625.7,171,18,0
2026-04-14 21:10:00,10625.7,10626.3,10622.7,10625.2,138,18,0
2026-04-14 21:15:00,10625.2,10626.7,10617.5,10619.9,205,18,0
2026-04-14 21:20:00,10619.9,10621.4,10613.5,10615.5,484,18,0
2026-04-14 21:25:00,10615.7,10622.1,10614.9,10620.3,300,18,0
2026-04-14 21:30:00,10620.3,10623.2,10619.7,10622.3,259,18,0
2026-04-14 21:35:00,10622.2,10628.1,10622.2,10625.7,177,18,0
2026-04-14 21:40:00,10625.7,10628.2,10624.2,10625.7,247,18,0
2026-04-14 21:45:00,10625.7,10628.7,10625.2,10627.5,208,18,0
2026-04-14 21:50:00,10627.7,10630.7,10626.8,10630.2,179,18,0
2026-04-14 21:55:00,10630.2,10636.0,10630.2,10635.1,151,18,0
2026-04-14 22:00:00,10635.0,10635.2,10630.7,10633.8,175,18,0
2026-04-14 22:05:00,10633.8,10636.1,10633.7,10635.2,168,18,0
2026-04-14 22:10:00,10635.2,10635.7,10632.4,10634.7,132,18,0
2026-04-14 22:15:00,10634.7,10638.5,10634.7,10637.7,161,18,0
2026-04-14 22:20:00,10637.7,10641.7,10637.7,10639.7,135,18,0
2026-04-14 22:25:00,10639.7,10643.7,10639.2,10643.7,102,18,0
2026-04-14 22:30:00,10643.7,10647.2,10639.7,10639.7,123,18,0
2026-04-14 22:35:00,10639.7,10641.7,10638.2,10639.0,199,18,0
2026-04-14 22:40:00,10639.0,10639.0,10635.2,10636.3,146,18,0
2026-04-14 22:45:00,10636.2,10638.7,10635.2,10638.5,116,18,0
2026-04-14 22:50:00,10638.5,10639.0,10623.9,10625.2,257,18,0
2026-04-14 22:55:00,10625.2,10633.6,10623.5,10629.2,243,18,0
2026-04-15 03:00:00,10639.6,10640.3,10624.0,10627.1,202,28,0
2026-04-15 03:05:00,10627.1,10628.8,10625.8,10628.0,241,24,0
2026-04-15 03:10:00,10627.8,10634.1,10626.0,10629.1,238,27,0
2026-04-15 03:15:00,10628.8,10629.6,10624.7,10628.5,334,18,0
2026-04-15 03:20:00,10628.7,10632.6,10627.8,10631.1,277,20,0
2026-04-15 03:25:00,10631.1,10631.6,10627.1,10627.5,163,18,0
2026-04-15 03:30:00,10627.3,10631.7,10627.3,10630.6,233,18,0
2026-04-15 03:35:00,10630.6,10631.5,10626.8,10627.2,220,22,0
2026-04-15 03:40:00,10627.2,10630.1,10624.7,10624.8,226,19,0
2026-04-15 03:45:00,10624.8,10627.5,10624.7,10625.6,237,23,0
2026-04-15 03:50:00,10625.7,10629.3,10625.4,10629.0,148,23,0
2026-04-15 03:55:00,10629.0,10629.2,10626.3,10627.4,106,24,0
2026-04-15 04:00:00,10627.4,10627.4,10620.7,10622.8,196,18,0
2026-04-15 04:05:00,10622.8,10624.2,10619.4,10622.8,227,18,0
2026-04-15 04:10:00,10622.8,10623.7,10620.5,10622.8,260,18,0
2026-04-15 04:15:00,10622.7,10624.3,10621.5,10622.7,252,18,0
2026-04-15 04:20:00,10622.7,10623.8,10621.2,10622.6,287,18,0
2026-04-15 04:25:00,10622.7,10624.6,10621.3,10622.0,155,18,0
2026-04-15 04:30:00,10621.9,10621.9,10616.1,10616.7,330,18,0
2026-04-15 04:35:00,10616.7,10617.9,10615.4,10616.5,282,18,0
2026-04-15 04:40:00,10616.5,10617.9,10614.6,10614.7,293,18,0
2026-04-15 04:45:00,10614.7,10618.8,10612.8,10617.3,254,18,0
2026-04-15 04:50:00,10617.3,10617.8,10615.3,10616.8,235,18,0
2026-04-15 04:55:00,10616.8,10618.1,10616.3,10617.4,174,18,0
2026-04-15 05:00:00,10617.4,10620.5,10617.0,10619.6,248,18,0
2026-04-15 05:05:00,10619.4,10621.0,10618.1,10618.3,247,18,0
2026-04-15 05:10:00,10618.3,10618.8,10614.8,10617.0,228,18,0
2026-04-15 05:15:00,10617.0,10618.6,10616.5,10618.3,227,18,0
2026-04-15 05:20:00,10618.3,10619.4,10616.8,10617.9,162,18,0
2026-04-15 05:25:00,10617.9,10618.6,10616.3,10617.6,166,18,0
2026-04-15 05:30:00,10617.7,10617.9,10615.6,10616.1,238,18,0
2026-04-15 05:35:00,10616.3,10617.9,10613.3,10617.9,136,18,0
2026-04-15 05:40:00,10617.9,10617.9,10615.3,10617.4,178,18,0
2026-04-15 05:45:00,10617.3,10618.8,10616.7,10618.3,131,18,0
2026-04-15 05:50:00,10618.2,10620.0,10617.7,10619.0,134,18,0
2026-04-15 05:55:00,10618.9,10619.8,10616.3,10617.2,163,18,0
2026-04-15 06:00:00,10617.2,10617.8,10614.8,10615.2,163,18,0
2026-04-15 06:05:00,10615.4,10616.2,10614.5,10616.1,124,18,0
2026-04-15 06:10:00,10615.8,10616.7,10615.3,10616.6,139,18,0
2026-04-15 06:15:00,10616.6,10616.9,10615.3,10615.6,130,18,0
2026-04-15 06:20:00,10615.5,10615.5,10613.8,10614.4,188,18,0
2026-04-15 06:25:00,10614.4,10615.7,10613.5,10613.8,180,18,0
2026-04-15 06:30:00,10613.8,10614.8,10613.5,10613.8,182,18,0
2026-04-15 06:35:00,10613.9,10614.7,10613.3,10614.3,178,18,0
2026-04-15 06:40:00,10614.3,10614.6,10613.7,10614.1,142,18,0
2026-04-15 06:45:00,10614.1,10615.3,10613.1,10614.6,187,18,0
2026-04-15 06:50:00,10614.6,10615.6,10613.8,10614.6,153,18,0
2026-04-15 06:55:00,10614.6,10615.1,10613.4,10615.1,113,18,0
2026-04-15 07:00:00,10614.9,10617.0,10614.8,10616.4,110,18,0
2026-04-15 07:05:00,10616.4,10616.4,10614.5,10616.4,129,18,0
2026-04-15 07:10:00,10616.4,10619.0,10616.3,10617.7,110,19,0
2026-04-15 07:15:00,10617.7,10618.9,10617.3,10618.3,95,18,0
2026-04-15 07:20:00,10618.3,10618.3,10615.9,10617.0,110,19,0
2026-04-15 07:25:00,10616.9,10618.1,10616.3,10617.3,112,18,0
2026-04-15 07:30:00,10617.3,10618.2,10616.2,10617.0,116,18,0
2026-04-15 07:35:00,10617.0,10617.9,10612.5,10612.5,127,18,0
2026-04-15 07:40:00,10612.5,10614.1,10612.3,10612.9,112,18,0
2026-04-15 07:45:00,10612.9,10614.3,10611.8,10614.3,144,18,0
2026-04-15 07:50:00,10614.3,10614.8,10612.7,10613.0,168,18,0
2026-04-15 07:55:00,10613.1,10613.5,10610.9,10611.7,127,18,0
2026-04-15 08:00:00,10611.7,10621.6,10610.7,10612.0,534,18,0
2026-04-15 08:05:00,10612.0,10614.1,10608.9,10612.2,413,18,0
2026-04-15 08:10:00,10612.1,10613.4,10607.0,10610.0,318,18,0
2026-04-15 08:15:00,10609.9,10610.5,10608.2,10608.2,209,19,0
2026-04-15 08:20:00,10608.2,10608.3,10599.2,10600.0,326,19,0
2026-04-15 08:25:00,10600.0,10603.8,10599.7,10603.4,217,18,0
2026-04-15 08:30:00,10603.4,10606.3,10601.2,10605.7,329,18,0
2026-04-15 08:35:00,10605.7,10605.7,10601.3,10603.6,282,18,0
2026-04-15 08:40:00,10603.6,10604.4,10600.7,10602.4,270,18,0
2026-04-15 08:45:00,10602.6,10602.6,10598.5,10600.6,295,18,0
2026-04-15 08:50:00,10600.6,10605.1,10600.3,10604.5,223,18,0
2026-04-15 08:55:00,10604.7,10609.1,10604.6,10607.9,202,18,0
2026-04-15 09:00:00,10608.0,10614.7,10607.6,10608.7,388,18,0
2026-04-15 09:05:00,10608.8,10609.9,10604.8,10607.6,362,18,0
2026-04-15 09:10:00,10607.6,10612.7,10607.3,10610.8,286,18,0
2026-04-15 09:15:00,10610.9,10614.4,10609.8,10613.7,297,18,0
2026-04-15 09:20:00,10613.7,10614.1,10611.1,10613.4,240,18,0
2026-04-15 09:25:00,10613.4,10615.9,10612.5,10614.9,262,18,0
2026-04-15 09:30:00,10614.9,10618.8,10613.5,10613.9,283,18,0
2026-04-15 09:35:00,10613.8,10617.9,10612.3,10617.0,258,18,0
2026-04-15 09:40:00,10617.0,10622.4,10615.6,10620.9,259,18,0
2026-04-15 09:45:00,10621.0,10621.0,10617.4,10621.0,189,18,0
2026-04-15 09:50:00,10621.0,10625.4,10619.3,10619.7,280,18,0
2026-04-15 09:55:00,10619.7,10620.8,10613.9,10620.5,249,18,0
2026-04-15 10:00:00,10620.4,10630.5,10617.6,10630.1,826,10,0
2026-04-15 10:05:00,10630.2,10644.8,10630.2,10636.7,639,10,0
2026-04-15 10:10:00,10636.8,10642.1,10632.2,10633.1,589,10,0
2026-04-15 10:15:00,10633.3,10635.8,10629.1,10632.3,554,10,0
2026-04-15 10:20:00,10632.3,10634.3,10629.3,10631.8,547,10,0
2026-04-15 10:25:00,10631.8,10632.2,10625.5,10627.0,508,10,0
2026-04-15 10:30:00,10627.3,10631.2,10621.6,10626.2,569,10,0
2026-04-15 10:35:00,10626.2,10628.8,10623.3,10625.1,433,10,0
2026-04-15 10:40:00,10625.1,10625.1,10618.3,10621.6,401,10,0
2026-04-15 10:45:00,10621.6,10623.3,10612.4,10617.2,521,10,0
2026-04-15 10:50:00,10617.2,10620.5,10614.1,10616.3,454,10,0
2026-04-15 10:55:00,10616.3,10618.3,10610.8,10613.8,483,10,0
2026-04-15 11:00:00,10613.8,10616.2,10607.8,10608.3,509,10,0
2026-04-15 11:05:00,10608.6,10611.2,10605.2,10605.3,476,10,0
2026-04-15 11:10:00,10605.3,10614.8,10601.2,10613.3,470,10,0
2026-04-15 11:15:00,10613.3,10618.2,10612.8,10614.7,425,10,0
2026-04-15 11:20:00,10614.3,10619.7,10612.8,10617.3,489,10,0
2026-04-15 11:25:00,10617.3,10620.3,10613.7,10620.0,424,10,0
2026-04-15 11:30:00,10619.8,10622.3,10615.3,10618.6,429,10,0
2026-04-15 11:35:00,10618.6,10618.6,10613.3,10614.8,421,10,0
2026-04-15 11:40:00,10614.7,10621.7,10614.7,10618.3,385,10,0
2026-04-15 11:45:00,10618.3,10619.2,10614.3,10618.1,430,10,0
2026-04-15 11:50:00,10618.1,10618.2,10613.3,10615.8,308,10,0
2026-04-15 11:55:00,10615.8,10620.2,10615.4,10620.2,322,10,0
2026-04-15 12:00:00,10620.2,10623.2,10616.2,10616.7,641,10,0
2026-04-15 12:05:00,10616.8,10617.0,10605.8,10610.2,628,10,0
2026-04-15 12:10:00,10610.3,10621.7,10608.5,10620.2,665,10,0
2026-04-15 12:15:00,10620.2,10623.7,10618.5,10622.8,524,10,0
2026-04-15 12:20:00,10622.8,10624.2,10619.3,10621.2,496,10,0
2026-04-15 12:25:00,10620.8,10620.9,10607.3,10610.2,373,10,0
2026-04-15 12:30:00,10610.3,10614.1,10609.7,10611.8,352,10,0
2026-04-15 12:35:00,10611.9,10613.8,10607.5,10608.7,437,10,0
2026-04-15 12:40:00,10608.7,10617.8,10608.6,10613.8,452,10,0
2026-04-15 12:45:00,10613.8,10618.8,10611.8,10618.3,375,10,0
2026-04-15 12:50:00,10618.3,10621.8,10615.3,10616.9,392,10,0
2026-04-15 12:55:00,10616.9,10617.8,10613.3,10613.8,365,10,0
2026-04-15 13:00:00,10613.8,10622.3,10613.8,10620.3,388,10,0
2026-04-15 13:05:00,10620.3,10626.2,10619.3,10624.7,579,10,0
2026-04-15 13:10:00,10624.7,10627.1,10617.8,10619.8,440,10,0
2026-04-15 13:15:00,10619.8,10619.8,10612.3,10616.7,681,10,0
2026-04-15 13:20:00,10616.7,10620.0,10610.8,10612.0,563,10,0
2026-04-15 13:25:00,10612.3,10614.3,10606.3,10609.2,468,10,0
2026-04-15 13:30:00,10609.2,10613.0,10605.2,10610.2,497,10,0
2026-04-15 13:35:00,10610.2,10611.8,10605.8,10610.3,417,10,0
2026-04-15 13:40:00,10610.2,10627.3,10608.8,10624.2,616,10,0
2026-04-15 13:45:00,10624.2,10632.1,10619.8,10621.6,593,10,0
2026-04-15 13:50:00,10621.8,10626.1,10619.3,10622.8,453,10,0
2026-04-15 13:55:00,10622.8,10624.3,10618.3,10622.3,449,10,0
2026-04-15 14:00:00,10622.3,10627.3,10621.7,10624.8,476,10,0
2026-04-15 14:05:00,10624.8,10626.8,10617.3,10620.6,441,10,0
2026-04-15 14:10:00,10620.5,10624.7,10618.3,10619.8,350,10,0
2026-04-15 14:15:00,10619.8,10621.3,10616.2,10619.7,380,10,0
2026-04-15 14:20:00,10619.7,10623.8,10619.3,10623.3,360,10,0
2026-04-15 14:25:00,10623.3,10626.3,10619.2,10619.5,418,10,0
2026-04-15 14:30:00,10619.6,10626.8,10619.6,10622.3,497,10,0
2026-04-15 14:35:00,10622.3,10630.8,10622.1,10629.3,414,10,0
2026-04-15 14:40:00,10629.3,10629.3,10623.7,10626.1,353,10,0
2026-04-15 14:45:00,10626.1,10642.7,10622.1,10633.7,617,10,0
2026-04-15 14:50:00,10633.7,10635.0,10626.3,10629.8,536,10,0
2026-04-15 14:55:00,10629.8,10635.2,10629.8,10632.3,527,10,0
2026-04-15 15:00:00,10632.3,10632.3,10623.7,10625.3,590,10,0
2026-04-15 15:05:00,10625.6,10632.7,10618.8,10628.7,616,10,0
2026-04-15 15:10:00,10629.1,10630.8,10624.3,10625.7,497,10,0
2026-04-15 15:15:00,10625.7,10625.8,10618.9,10622.7,434,10,0
2026-04-15 15:20:00,10622.7,10624.8,10616.3,10619.8,442,10,0
2026-04-15 15:25:00,10619.8,10620.8,10612.5,10619.3,357,10,0
2026-04-15 15:30:00,10619.3,10622.8,10613.8,10620.8,465,10,0
2026-04-15 15:35:00,10620.3,10624.6,10617.6,10621.6,492,10,0
2026-04-15 15:40:00,10621.6,10621.6,10616.8,10617.8,452,10,0
2026-04-15 15:45:00,10617.8,10618.7,10613.3,10617.0,368,10,0
2026-04-15 15:50:00,10617.0,10620.7,10615.2,10618.0,408,10,0
2026-04-15 15:55:00,10618.0,10621.0,10616.8,10617.3,357,10,0
2026-04-15 16:00:00,10617.3,10619.7,10614.3,10619.3,365,10,0
2026-04-15 16:05:00,10619.3,10622.3,10616.7,10620.8,461,10,0
2026-04-15 16:10:00,10620.8,10621.8,10610.3,10610.3,427,10,0
2026-04-15 16:15:00,10610.3,10614.5,10607.0,10608.2,382,10,0
2026-04-15 16:20:00,10608.2,10613.7,10607.7,10613.2,433,10,0
2026-04-15 16:25:00,10613.2,10618.6,10613.2,10616.2,500,10,0
2026-04-15 16:30:00,10616.2,10617.7,10599.3,10605.3,842,10,0
2026-04-15 16:35:00,10605.6,10609.3,10599.3,10605.6,749,10,0
2026-04-15 16:40:00,10605.7,10606.8,10598.7,10599.6,682,10,0
2026-04-15 16:45:00,10599.3,10603.2,10594.8,10600.6,639,10,0
2026-04-15 16:50:00,10600.6,10603.2,10596.2,10602.2,679,10,0
2026-04-15 16:55:00,10602.3,10606.3,10599.8,10605.2,542,10,0
2026-04-15 17:00:00,10605.3,10606.3,10593.8,10597.1,637,10,0
2026-04-15 17:05:00,10597.1,10601.2,10595.4,10595.8,512,10,0
2026-04-15 17:10:00,10595.8,10599.8,10592.8,10594.3,525,10,0
2026-04-15 17:15:00,10594.3,10595.3,10584.3,10585.7,455,10,0
2026-04-15 17:20:00,10585.7,10591.7,10584.8,10589.8,537,10,0
2026-04-15 17:25:00,10589.8,10597.0,10589.1,10594.3,473,10,0
2026-04-15 17:30:00,10594.3,10595.1,10582.2,10582.8,476,10,0
2026-04-15 17:35:00,10582.8,10584.8,10576.8,10577.3,492,10,0
2026-04-15 17:40:00,10577.6,10585.3,10577.6,10583.8,447,10,0
2026-04-15 17:45:00,10583.8,10587.8,10581.6,10581.6,405,10,0
2026-04-15 17:50:00,10581.7,10588.8,10579.0,10582.3,413,10,0
2026-04-15 17:55:00,10582.3,10586.7,10581.8,10584.6,364,10,0
2026-04-15 18:00:00,10584.6,10585.3,10578.3,10582.8,448,10,0
2026-04-15 18:05:00,10582.8,10586.8,10580.6,10582.3,378,10,0
2026-04-15 18:10:00,10582.3,10585.6,10577.3,10578.8,520,10,0
2026-04-15 18:15:00,10578.8,10581.8,10577.1,10578.3,440,10,0
2026-04-15 18:20:00,10578.3,10579.8,10573.3,10576.3,354,10,0
2026-04-15 18:25:00,10576.3,10580.6,10574.1,10575.4,418,10,0
2026-04-15 18:30:00,10575.4,10579.2,10559.4,10564.2,583,18,0
2026-04-15 18:35:00,10564.4,10565.7,10560.2,10563.9,416,18,0
2026-04-15 18:40:00,10563.9,10568.2,10562.8,10565.7,352,18,0
2026-04-15 18:45:00,10565.5,10565.7,10562.4,10562.4,268,18,0
2026-04-15 18:50:00,10562.4,10564.2,10558.4,10558.9,249,18,0
2026-04-15 18:55:00,10558.9,10558.9,10553.4,10555.4,260,18,0
2026-04-15 19:00:00,10555.7,10556.4,10551.4,10554.4,213,18,0
2026-04-15 19:05:00,10554.4,10556.9,10551.1,10556.5,242,18,0
2026-04-15 19:10:00,10556.4,10559.9,10553.7,10558.7,189,18,0
2026-04-15 19:15:00,10558.7,10559.8,10557.3,10558.7,182,18,0
2026-04-15 19:20:00,10558.7,10561.8,10558.3,10561.2,229,18,0
2026-04-15 19:25:00,10561.3,10562.9,10559.5,10561.4,176,18,0
2026-04-15 19:30:00,10561.4,10562.9,10559.1,10560.9,279,18,0
2026-04-15 19:35:00,10560.9,10561.4,10553.9,10554.4,255,18,0
2026-04-15 19:40:00,10554.4,10554.9,10548.9,10552.4,422,18,0
2026-04-15 19:45:00,10552.4,10554.5,10546.4,10552.4,352,18,0
2026-04-15 19:50:00,10552.4,10552.9,10547.9,10548.9,380,18,0
2026-04-15 19:55:00,10549.4,10551.4,10547.0,10550.2,398,18,0
2026-04-15 20:00:00,10550.2,10559.4,10550.2,10558.2,257,18,0
2026-04-15 20:05:00,10558.2,10562.4,10557.8,10560.9,233,18,0
2026-04-15 20:10:00,10560.9,10561.9,10557.5,10557.9,202,18,0
2026-04-15 20:15:00,10557.9,10558.4,10554.2,10554.8,194,18,0
2026-04-15 20:20:00,10554.8,10558.8,10554.8,10558.7,264,18,0
2026-04-15 20:25:00,10558.6,10558.9,10556.4,10557.3,223,18,0
2026-04-15 20:30:00,10557.3,10557.4,10554.9,10556.9,196,18,0
2026-04-15 20:35:00,10556.9,10557.4,10552.2,10553.8,261,18,0
2026-04-15 20:40:00,10553.8,10553.8,10548.0,10552.0,347,18,0
2026-04-15 20:45:00,10552.0,10554.4,10551.1,10552.2,227,18,0
2026-04-15 20:50:00,10552.2,10554.9,10552.2,10554.2,187,18,0
2026-04-15 20:55:00,10554.1,10555.5,10551.9,10552.4,241,18,0
2026-04-15 21:00:00,10552.2,10559.3,10547.4,10555.6,635,18,0
2026-04-15 21:05:00,10555.6,10558.9,10554.9,10556.9,417,18,0
2026-04-15 21:10:00,10556.9,10559.9,10554.6,10558.9,351,18,0
2026-04-15 21:15:00,10558.9,10560.5,10556.5,10557.0,296,18,0
2026-04-15 21:20:00,10557.0,10558.9,10554.9,10558.7,186,18,0
2026-04-15 21:25:00,10558.7,10559.7,10556.5,10558.8,212,18,0
2026-04-15 21:30:00,10558.8,10560.9,10558.4,10560.9,228,18,0
2026-04-15 21:35:00,10560.9,10560.9,10558.4,10559.9,234,18,0
2026-04-15 21:40:00,10559.9,10559.9,10556.8,10559.4,209,18,0
2026-04-15 21:45:00,10559.4,10564.2,10559.4,10563.6,101,18,0
2026-04-15 21:50:00,10563.6,10567.9,10563.6,10565.4,176,18,0
2026-04-15 21:55:00,10565.4,10566.4,10563.3,10565.9,169,18,0
2026-04-15 22:00:00,10565.9,10566.3,10563.4,10564.2,252,18,0
2026-04-15 22:05:00,10564.2,10564.9,10560.4,10560.9,168,18,0
2026-04-15 22:10:00,10560.9,10561.9,10557.2,10558.8,188,18,0
2026-04-15 22:15:00,10558.8,10560.9,10557.0,10560.5,237,18,0
2026-04-15 22:20:00,10560.5,10564.9,10560.4,10563.9,177,18,0
2026-04-15 22:25:00,10563.9,10567.4,10563.9,10567.4,166,18,0
2026-04-15 22:30:00,10567.4,10567.4,10563.2,10564.9,148,18,0
2026-04-15 22:35:00,10564.9,10565.9,10560.9,10561.4,140,18,0
2026-04-15 22:40:00,10561.4,10561.9,10555.4,10560.1,229,18,0
2026-04-15 22:45:00,10560.3,10567.2,10560.3,10566.4,127,18,0
2026-04-15 22:50:00,10566.4,10571.0,10559.5,10561.9,165,18,0
2026-04-15 22:55:00,10562.4,10563.9,10557.8,10557.8,308,18,0
2026-04-16 03:00:00,10559.4,10562.0,10555.0,10555.1,216,24,0
2026-04-16 03:05:00,10555.3,10557.2,10554.2,10556.6,202,18,0
2026-04-16 03:10:00,10556.6,10562.6,10556.1,10561.2,240,20,0
2026-04-16 03:15:00,10561.2,10571.0,10560.6,10566.3,258,25,0
2026-04-16 03:20:00,10566.2,10566.2,10564.3,10564.7,297,26,0
2026-04-16 03:25:00,10565.0,10565.2,10561.0,10561.8,260,27,0
2026-04-16 03:30:00,10561.8,10565.6,10561.8,10563.7,164,20,0
2026-04-16 03:35:00,10563.9,10564.3,10561.2,10563.5,220,18,0
2026-04-16 03:40:00,10563.4,10564.6,10563.0,10563.4,201,20,0
2026-04-16 03:45:00,10563.4,10566.2,10562.7,10565.7,211,18,0
2026-04-16 03:50:00,10565.7,10566.5,10563.7,10564.1,147,18,0
2026-04-16 03:55:00,10564.1,10565.5,10563.6,10564.1,125,20,0
2026-04-16 04:00:00,10564.1,10564.1,10556.5,10556.5,167,20,0
2026-04-16 04:05:00,10556.6,10559.2,10554.3,10558.3,209,18,0
2026-04-16 04:10:00,10558.3,10559.5,10557.6,10557.8,155,19,0
2026-04-16 04:15:00,10557.8,10558.9,10556.0,10557.1,261,20,0
2026-04-16 04:20:00,10557.4,10559.7,10556.6,10556.7,145,20,0
2026-04-16 04:25:00,10556.7,10557.4,10555.5,10556.2,209,19,0
2026-04-16 04:30:00,10556.2,10556.2,10551.0,10552.2,232,18,0
2026-04-16 04:35:00,10552.1,10554.7,10550.0,10554.3,194,18,0
2026-04-16 04:40:00,10554.3,10562.2,10553.2,10558.0,255,18,0
2026-04-16 04:45:00,10558.0,10558.0,10553.2,10554.7,137,18,0
2026-04-16 04:50:00,10554.7,10555.7,10553.1,10553.6,133,18,0
2026-04-16 04:55:00,10553.6,10555.3,10552.2,10555.3,173,18,0
2026-04-16 05:00:00,10555.3,10561.6,10555.3,10561.6,285,18,0
2026-04-16 05:05:00,10561.6,10565.6,10561.5,10564.9,266,18,0
2026-04-16 05:10:00,10565.1,10565.5,10562.4,10562.4,226,18,0
2026-04-16 05:15:00,10562.4,10563.7,10562.1,10562.4,146,19,0
2026-04-16 05:20:00,10562.4,10563.2,10560.1,10560.1,179,18,0
2026-04-16 05:25:00,10560.1,10562.4,10559.7,10561.8,105,18,0
2026-04-16 05:30:00,10562.1,10567.0,10561.7,10561.7,147,18,0
2026-04-16 05:35:00,10561.9,10564.5,10561.8,10564.1,142,18,0
2026-04-16 05:40:00,10564.3,10567.4,10563.9,10564.2,170,18,0
2026-04-16 05:45:00,10564.2,10565.3,10562.9,10564.5,175,18,0
2026-04-16 05:50:00,10564.7,10566.3,10563.5,10564.3,128,18,0
2026-04-16 05:55:00,10564.6,10566.6,10564.6,10565.1,110,18,0
2026-04-16 06:00:00,10565.1,10568.5,10564.5,10568.1,239,18,0
2026-04-16 06:05:00,10568.1,10571.8,10567.5,10568.1,165,18,0
2026-04-16 06:10:00,10568.1,10568.2,10564.5,10564.7,123,19,0
2026-04-16 06:15:00,10564.7,10566.4,10561.2,10561.5,105,19,0
2026-04-16 06:20:00,10561.4,10562.9,10561.2,10562.7,97,18,0
2026-04-16 06:25:00,10562.7,10562.8,10559.7,10561.5,99,18,0
2026-04-16 06:30:00,10561.5,10563.9,10561.3,10561.6,186,18,0
2026-04-16 06:35:00,10561.9,10562.7,10560.8,10561.2,148,18,0
2026-04-16 06:40:00,10561.4,10563.7,10561.1,10561.6,119,18,0
2026-04-16 06:45:00,10561.6,10563.6,10561.2,10562.7,96,18,0
2026-04-16 06:50:00,10562.9,10563.2,10561.5,10562.4,87,18,0
2026-04-16 06:55:00,10562.4,10563.5,10561.0,10561.2,135,18,0
2026-04-16 07:00:00,10561.3,10561.4,10557.5,10559.2,115,18,0
2026-04-16 07:05:00,10559.4,10561.1,10558.1,10560.7,158,18,0
2026-04-16 07:10:00,10560.9,10563.3,10560.5,10562.5,84,18,0
2026-04-16 07:15:00,10562.5,10565.7,10562.2,10564.3,119,18,0
2026-04-16 07:20:00,10564.3,10564.8,10561.2,10561.2,120,18,0
2026-04-16 07:25:00,10561.2,10562.4,10560.3,10560.7,100,19,0
2026-04-16 07:30:00,10560.7,10562.1,10559.6,10561.2,125,18,0
2026-04-16 07:35:00,10561.2,10562.6,10559.7,10560.5,54,18,0
2026-04-16 07:40:00,10560.6,10562.2,10560.1,10560.7,72,18,0
2026-04-16 07:45:00,10560.7,10561.4,10559.7,10561.0,88,18,0
2026-04-16 07:50:00,10561.0,10562.0,10560.3,10562.0,123,19,0
2026-04-16 07:55:00,10562.0,10562.5,10561.0,10562.4,127,20,0
2026-04-16 08:00:00,10562.4,10563.1,10559.6,10561.7,236,19,0
2026-04-16 08:05:00,10561.8,10564.2,10561.4,10562.1,152,19,0
2026-04-16 08:10:00,10562.1,10563.5,10561.5,10562.5,132,18,0
2026-04-16 08:15:00,10562.6,10565.0,10562.2,10564.5,118,18,0
2026-04-16 08:20:00,10564.4,10565.2,10562.7,10562.7,118,18,0
2026-04-16 08:25:00,10563.0,10566.1,10562.4,10565.2,162,18,0
2026-04-16 08:30:00,10565.2,10570.4,10564.9,10568.5,286,20,0
2026-04-16 08:35:00,10568.5,10569.2,10565.4,10567.0,222,20,0
2026-04-16 08:40:00,10567.1,10567.5,10561.0,10561.2,126,18,0
2026-04-16 08:45:00,10561.2,10563.1,10560.7,10562.1,141,18,0
2026-04-16 08:50:00,10562.4,10565.6,10562.2,10565.4,140,18,0
2026-04-16 08:55:00,10565.4,10567.0,10564.9,10566.6,110,18,0
2026-04-16 09:00:00,10566.6,10568.7,10560.8,10562.7,157,18,0
2026-04-16 09:05:00,10562.7,10563.7,10560.3,10562.5,220,18,0
2026-04-16 09:10:00,10561.8,10562.9,10558.7,10561.6,201,18,0
2026-04-16 09:15:00,10561.6,10563.4,10558.2,10560.7,153,18,0
2026-04-16 09:20:00,10560.7,10560.7,10556.2,10559.7,133,18,0
2026-04-16 09:25:00,10559.7,10560.6,10557.2,10558.2,157,18,0
2026-04-16 09:30:00,10558.0,10561.5,10556.8,10558.7,184,18,0
2026-04-16 09:35:00,10558.7,10562.6,10558.7,10559.2,137,18,0
2026-04-16 09:40:00,10559.2,10570.0,10557.2,10568.8,187,18,0
2026-04-16 09:45:00,10568.8,10570.8,10567.2,10568.0,187,18,0
2026-04-16 09:50:00,10567.9,10567.9,10559.6,10560.1,160,18,0
2026-04-16 09:55:00,10560.1,10565.2,10558.3,10563.7,228,18,0
2026-04-16 10:00:00,10563.8,10581.2,10561.0,10579.8,721,10,0
2026-04-16 10:05:00,10579.5,10588.3,10577.2,10587.5,652,10,0
2026-04-16 10:10:00,10587.5,10589.7,10575.9,10575.9,613,10,0
2026-04-16 10:15:00,10576.0,10581.1,10573.0,10580.4,549,10,0
2026-04-16 10:20:00,10580.4,10583.0,10575.7,10583.0,476,10,0
2026-04-16 10:25:00,10583.0,10590.4,10581.8,10589.5,454,10,0
2026-04-16 10:30:00,10589.5,10590.4,10581.5,10586.0,496,10,0
2026-04-16 10:35:00,10586.0,10588.5,10582.1,10585.2,459,10,0
2026-04-16 10:40:00,10585.2,10592.5,10584.7,10587.5,457,10,0
2026-04-16 10:45:00,10587.5,10589.0,10580.0,10589.0,391,10,0
2026-04-16 10:50:00,10589.0,10591.4,10585.4,10586.0,468,10,0
2026-04-16 10:55:00,10586.0,10591.0,10583.6,10587.0,467,10,0
2026-04-16 11:00:00,10586.6,10587.0,10578.9,10579.5,521,10,0
2026-04-16 11:05:00,10579.5,10584.0,10577.3,10583.5,481,10,0
2026-04-16 11:10:00,10583.5,10584.6,10574.9,10577.1,467,10,0
2026-04-16 11:15:00,10577.2,10584.5,10575.8,10579.5,434,10,0
2026-04-16 11:20:00,10579.5,10585.0,10577.5,10578.2,426,10,0
2026-04-16 11:25:00,10578.2,10582.0,10574.9,10581.4,448,10,0
2026-04-16 11:30:00,10581.2,10581.5,10573.6,10576.5,426,10,0
2026-04-16 11:35:00,10576.5,10581.0,10574.5,10575.6,423,10,0
2026-04-16 11:40:00,10575.5,10577.0,10572.5,10575.8,394,10,0
2026-04-16 11:45:00,10575.8,10578.5,10567.6,10570.5,359,10,0
2026-04-16 11:50:00,10570.5,10572.5,10566.5,10568.9,410,10,0
2026-04-16 11:55:00,10568.9,10573.5,10566.4,10573.5,374,10,0
2026-04-16 12:00:00,10573.5,10573.6,10567.8,10573.5,427,10,0
2026-04-16 12:05:00,10573.5,10575.0,10570.0,10574.1,272,10,0
2026-04-16 12:10:00,10574.4,10575.5,10570.5,10575.5,315,10,0
2026-04-16 12:15:00,10575.5,10579.5,10573.5,10576.1,312,10,0
2026-04-16 12:20:00,10576.1,10579.8,10572.5,10576.5,329,10,0
2026-04-16 12:25:00,10576.5,10582.0,10575.6,10581.5,307,10,0
2026-04-16 12:30:00,10581.5,10584.0,10578.8,10581.3,357,10,0
2026-04-16 12:35:00,10581.1,10590.0,10580.6,10587.4,261,10,0
2026-04-16 12:40:00,10587.5,10591.0,10585.9,10591.0,302,10,0
2026-04-16 12:45:00,10591.0,10594.4,10590.5,10593.4,342,10,0
2026-04-16 12:50:00,10593.5,10599.6,10593.1,10599.5,273,10,0
2026-04-16 12:55:00,10599.5,10601.5,10596.5,10601.5,282,10,0
2026-04-16 13:00:00,10602.0,10610.5,10601.5,10610.0,296,10,0
2026-04-16 13:05:00,10610.0,10611.0,10605.0,10608.5,253,10,0
2026-04-16 13:10:00,10608.5,10610.0,10606.4,10607.3,326,10,0
2026-04-16 13:15:00,10607.2,10611.0,10606.0,10610.3,287,10,0
2026-04-16 13:20:00,10610.4,10611.0,10608.0,10609.5,188,10,0
2026-04-16 13:25:00,10609.5,10612.5,10608.0,10611.0,312,10,0
2026-04-16 13:30:00,10611.0,10612.0,10605.0,10608.5,377,10,0
2026-04-16 13:35:00,10608.5,10613.5,10608.4,10612.5,376,10,0
2026-04-16 13:40:00,10612.5,10615.0,10611.0,10614.0,334,10,0
2026-04-16 13:45:00,10614.0,10615.4,10612.3,10614.3,382,10,0
2026-04-16 13:50:00,10614.2,10614.3,10610.4,10613.0,306,10,0
2026-04-16 13:55:00,10613.0,10620.3,10613.0,10619.0,264,10,0
2026-04-16 14:00:00,10619.0,10622.4,10617.3,10622.0,307,10,0
2026-04-16 14:05:00,10622.0,10624.5,10620.9,10624.3,297,10,0
2026-04-16 14:10:00,10624.3,10626.4,10620.0,10620.0,220,10,0
2026-04-16 14:15:00,10620.0,10626.0,10619.3,10624.9,199,10,0
2026-04-16 14:20:00,10625.0,10625.8,10620.5,10622.9,221,10,0
2026-04-16 14:25:00,10622.9,10628.5,10622.6,10628.5,261,10,0
2026-04-16 14:30:00,10628.4,10635.5,10628.4,10634.8,309,10,0
2026-04-16 14:35:00,10634.8,10635.0,10631.6,10634.0,275,10,0
2026-04-16 14:40:00,10634.0,10637.0,10632.9,10636.5,257,10,0
2026-04-16 14:45:00,10636.5,10639.5,10633.0,10638.7,285,10,0
2026-04-16 14:50:00,10638.7,10640.9,10635.6,10638.5,294,10,0
2026-04-16 14:55:00,10638.5,10640.7,10637.9,10639.0,303,10,0
2026-04-16 15:00:00,10639.0,10641.5,10636.0,10636.7,284,10,0
2026-04-16 15:05:00,10636.8,10636.8,10628.1,10632.0,299,10,0
2026-04-16 15:10:00,10632.0,10632.0,10624.5,10625.5,194,10,0
2026-04-16 15:15:00,10625.5,10625.5,10618.0,10623.0,230,10,0
2026-04-16 15:20:00,10623.0,10627.0,10622.5,10627.0,278,10,0
2026-04-16 15:25:00,10626.9,10629.8,10626.3,10628.5,200,10,0
2026-04-16 15:30:00,10628.5,10633.0,10624.5,10632.5,431,10,0
2026-04-16 15:35:00,10632.5,10633.8,10627.1,10631.0,334,10,0
2026-04-16 15:40:00,10631.0,10638.4,10630.7,10635.4,342,10,0
2026-04-16 15:45:00,10635.1,10636.3,10631.6,10635.5,241,10,0
2026-04-16 15:50:00,10635.5,10642.0,10635.5,10641.0,186,10,0
2026-04-16 15:55:00,10641.0,10642.5,10639.1,10639.7,265,10,0
2026-04-16 16:00:00,10639.7,10642.5,10635.3,10640.9,236,10,0
2026-04-16 16:05:00,10641.0,10644.8,10633.0,10633.5,273,10,0
2026-04-16 16:10:00,10633.5,10641.8,10630.8,10641.8,263,10,0
2026-04-16 16:15:00,10641.8,10645.3,10641.0,10642.0,239,10,0
2026-04-16 16:20:00,10642.0,10642.3,10638.8,10640.0,235,10,0
2026-04-16 16:25:00,10640.0,10641.2,10637.1,10638.8,346,10,0
2026-04-16 16:30:00,10638.9,10648.0,10635.6,10636.1,687,10,0
2026-04-16 16:35:00,10636.0,10638.9,10625.0,10631.0,589,10,0
2026-04-16 16:40:00,10631.0,10631.0,10620.4,10623.0,491,10,0
2026-04-16 16:45:00,10623.0,10624.5,10614.9,10619.0,536,10,0
2026-04-16 16:50:00,10618.5,10619.9,10604.4,10609.5,556,10,0
2026-04-16 16:55:00,10609.2,10617.4,10599.0,10616.8,698,10,0
2026-04-16 17:00:00,10616.7,10620.0,10607.6,10610.0,654,10,0
2026-04-16 17:05:00,10610.0,10615.2,10607.6,10615.0,527,10,0
2026-04-16 17:10:00,10615.0,10618.5,10609.0,10610.5,461,10,0
2026-04-16 17:15:00,10610.5,10611.5,10595.9,10596.5,584,10,0
2026-04-16 17:20:00,10596.4,10603.5,10587.8,10589.5,629,10,0
2026-04-16 17:25:00,10589.5,10598.0,10587.1,10595.5,532,10,0
2026-04-16 17:30:00,10595.3,10597.1,10587.8,10595.5,584,10,0
2026-04-16 17:35:00,10595.1,10595.4,10581.2,10584.5,600,10,0
2026-04-16 17:40:00,10584.5,10588.5,10582.7,10588.4,513,10,0
2026-04-16 17:45:00,10588.5,10593.2,10583.3,10592.4,481,10,0
2026-04-16 17:50:00,10592.3,10596.3,10589.4,10591.5,495,10,0
2026-04-16 17:55:00,10591.5,10591.5,10584.7,10588.0,379,10,0
2026-04-16 18:00:00,10588.0,10595.0,10588.0,10591.9,483,10,0
2026-04-16 18:05:00,10591.6,10599.0,10590.5,10597.8,407,10,0
2026-04-16 18:10:00,10597.9,10602.1,10592.5,10594.5,396,10,0
2026-04-16 18:15:00,10594.5,10597.3,10589.8,10591.5,396,10,0
2026-04-16 18:20:00,10591.5,10594.5,10588.3,10589.5,393,10,0
2026-04-16 18:25:00,10589.5,10592.9,10586.4,10586.4,427,10,0
2026-04-16 18:30:00,10586.4,10593.9,10584.2,10593.7,605,18,0
2026-04-16 18:35:00,10593.2,10604.2,10584.2,10599.2,641,18,0
2026-04-16 18:40:00,10599.2,10599.2,10589.4,10590.2,437,18,0
2026-04-16 18:45:00,10590.4,10595.7,10585.8,10589.2,312,18,0
2026-04-16 18:50:00,10589.2,10592.4,10587.2,10587.4,316,18,0
2026-04-16 18:55:00,10587.4,10589.2,10581.7,10584.2,269,18,0
2026-04-16 19:00:00,10584.2,10585.9,10579.7,10583.2,231,18,0
2026-04-16 19:05:00,10583.2,10583.2,10575.7,10576.7,256,18,0
2026-04-16 19:10:00,10576.7,10577.2,10573.9,10574.4,169,18,0
2026-04-16 19:15:00,10574.7,10576.4,10571.4,10572.4,216,18,0
2026-04-16 19:20:00,10572.4,10572.4,10566.2,10566.4,210,18,0
2026-04-16 19:25:00,10566.4,10571.7,10564.7,10571.2,158,18,0
2026-04-16 19:30:00,10571.2,10572.5,10558.7,10564.2,412,18,0
2026-04-16 19:35:00,10564.2,10571.1,10564.2,10569.7,398,18,0
2026-04-16 19:40:00,10569.7,10571.1,10563.2,10566.7,279,18,0
2026-04-16 19:45:00,10566.7,10571.2,10566.2,10567.2,253,18,0
2026-04-16 19:50:00,10567.2,10569.1,10562.2,10564.7,233,18,0
2026-04-16 19:55:00,10564.7,10566.5,10563.2,10563.2,207,18,0
2026-04-16 20:00:00,10563.2,10563.6,10559.9,10562.2,317,18,0
2026-04-16 20:05:00,10562.2,10563.7,10555.9,10563.6,283,18,0
2026-04-16 20:10:00,10563.6,10565.6,10558.7,10558.7,304,18,0
2026-04-16 20:15:00,10558.7,10563.4,10557.7,10561.3,299,18,0
2026-04-16 20:20:00,10561.3,10568.2,10560.7,10568.2,221,18,0
2026-04-16 20:25:00,10568.2,10571.2,10568.2,10570.2,249,18,0
2026-04-16 20:30:00,10570.2,10577.6,10570.2,10573.5,188,18,0
2026-04-16 20:35:00,10573.7,10578.6,10572.2,10577.7,237,18,0
2026-04-16 20:40:00,10577.7,10579.7,10577.3,10578.2,219,18,0
2026-04-16 20:45:00,10578.2,10578.7,10575.4,10578.7,109,18,0
2026-04-16 20:50:00,10578.7,10580.7,10578.0,10578.7,139,18,0
2026-04-16 20:55:00,10578.7,10581.4,10574.5,10580.7,334,18,0
2026-04-16 21:00:00,10580.7,10585.7,10578.9,10582.1,446,18,0
2026-04-16 21:05:00,10582.1,10583.4,10577.4,10578.2,310,18,0
2026-04-16 21:10:00,10578.2,10582.3,10575.8,10581.7,282,18,0
2026-04-16 21:15:00,10581.7,10587.7,10581.7,10587.7,227,18,0
2026-04-16 21:20:00,10587.7,10590.2,10584.1,10584.5,188,18,0
2026-04-16 21:25:00,10584.2,10585.7,10581.2,10582.1,261,18,0
2026-04-16 21:30:00,10582.1,10584.4,10581.4,10582.7,277,18,0
2026-04-16 21:35:00,10582.8,10585.2,10581.7,10583.4,189,18,0
2026-04-16 21:40:00,10583.4,10585.7,10582.7,10583.7,195,18,0
2026-04-16 21:45:00,10583.7,10584.7,10582.2,10583.7,198,18,0
2026-04-16 21:50:00,10583.7,10583.7,10580.7,10581.7,204,18,0
2026-04-16 21:55:00,10581.7,10581.7,10578.2,10580.4,202,18,0
2026-04-16 22:00:00,10580.4,10582.5,10579.7,10579.7,199,18,0
2026-04-16 22:05:00,10579.7,10581.2,10578.7,10580.0,160,18,0
2026-04-16 22:10:00,10580.0,10581.2,10576.6,10577.7,143,18,0
2026-04-16 22:15:00,10577.7,10583.2,10577.7,10581.6,111,18,0
2026-04-16 22:20:00,10581.7,10584.6,10581.7,10584.2,150,18,0
2026-04-16 22:25:00,10584.2,10584.9,10580.9,10581.4,119,18,0
2026-04-16 22:30:00,10581.3,10583.7,10580.7,10580.7,166,18,0
2026-04-16 22:35:00,10580.7,10581.7,10579.0,10580.2,159,18,0
2026-04-16 22:40:00,10580.2,10583.7,10579.8,10581.7,151,18,0
2026-04-16 22:45:00,10581.7,10584.7,10580.5,10584.2,143,18,0
2026-04-16 22:50:00,10584.2,10585.5,10579.5,10581.1,162,18,0
2026-04-16 22:55:00,10581.1,10588.5,10580.5,10587.6,231,18,0
2026-04-17 03:00:00,10591.8,10598.0,10591.7,10593.4,143,18,0
2026-04-17 03:05:00,10593.5,10594.6,10586.2,10594.2,148,18,0
2026-04-17 03:10:00,10594.2,10596.6,10591.3,10591.8,120,18,0
2026-04-17 03:15:00,10591.8,10596.2,10588.4,10593.6,280,18,0
2026-04-17 03:20:00,10593.6,10595.1,10588.2,10589.2,272,18,0
2026-04-17 03:25:00,10589.2,10594.6,10589.1,10593.3,229,20,0
2026-04-17 03:30:00,10593.3,10598.9,10592.6,10595.9,306,22,0
2026-04-17 03:35:00,10595.9,10597.4,10595.6,10597.1,208,20,0
2026-04-17 03:40:00,10597.0,10598.9,10594.0,10597.2,198,22,0
2026-04-17 03:45:00,10597.2,10599.4,10597.1,10599.4,144,23,0
2026-04-17 03:50:00,10599.6,10600.3,10597.1,10599.7,186,27,0
2026-04-17 03:55:00,10599.6,10600.6,10599.6,10599.7,91,27,0
2026-04-17 04:00:00,10599.7,10600.2,10597.7,10598.7,162,25,0
2026-04-17 04:05:00,10598.7,10601.2,10596.6,10596.7,146,22,0
2026-04-17 04:10:00,10596.7,10596.9,10592.9,10596.6,181,20,0
2026-04-17 04:15:00,10596.6,10597.5,10595.4,10596.7,146,21,0
2026-04-17 04:20:00,10596.7,10597.5,10593.1,10595.1,130,25,0
2026-04-17 04:25:00,10595.1,10597.6,10594.7,10595.7,56,23,0
2026-04-17 04:30:00,10595.7,10599.0,10594.5,10598.4,128,22,0
2026-04-17 04:35:00,10598.4,10599.2,10597.1,10597.6,71,28,0
2026-04-17 04:40:00,10597.6,10598.4,10596.9,10598.1,121,24,0
2026-04-17 04:45:00,10598.1,10600.1,10597.9,10599.9,76,31,0
2026-04-17 04:50:00,10599.9,10601.5,10599.1,10601.1,103,20,0
2026-04-17 04:55:00,10601.5,10601.8,10601.1,10601.4,62,18,0
2026-04-17 05:00:00,10601.4,10602.5,10600.8,10601.3,136,18,0
2026-04-17 05:05:00,10601.3,10602.2,10597.4,10598.6,74,18,0
2026-04-17 05:10:00,10598.5,10599.7,10598.4,10599.6,70,19,0
2026-04-17 05:15:00,10599.6,10603.4,10599.6,10602.8,102,18,0
2026-04-17 05:20:00,10603.0,10604.5,10602.2,10602.9,96,18,0
2026-04-17 05:25:00,10602.9,10603.8,10601.4,10603.8,138,18,0
2026-04-17 05:30:00,10603.8,10607.1,10603.6,10606.2,154,18,0
2026-04-17 05:35:00,10606.2,10607.5,10604.9,10607.4,150,18,0
2026-04-17 05:40:00,10607.4,10607.7,10603.5,10603.8,98,18,0
2026-04-17 05:45:00,10603.8,10605.4,10603.0,10603.0,71,18,0
2026-04-17 05:50:00,10603.1,10603.1,10600.9,10601.0,64,18,0
2026-04-17 05:55:00,10601.0,10601.2,10600.6,10600.6,50,19,0
2026-04-17 06:00:00,10600.6,10600.8,10598.9,10598.9,90,18,0
2026-04-17 06:05:00,10598.9,10599.2,10597.6,10597.6,70,21,0
2026-04-17 06:10:00,10597.6,10597.7,10595.8,10595.8,32,20,0
2026-04-17 06:15:00,10595.8,10599.5,10595.8,10599.3,72,19,0
2026-04-17 06:20:00,10599.3,10600.1,10598.7,10598.9,72,18,0
2026-04-17 06:25:00,10599.0,10599.1,10596.6,10597.3,86,24,0
2026-04-17 06:30:00,10597.4,10597.4,10594.4,10594.4,138,20,0
2026-04-17 06:35:00,10594.4,10595.2,10593.4,10594.3,74,19,0
2026-04-17 06:40:00,10594.3,10595.0,10594.1,10594.6,92,24,0
2026-04-17 06:45:00,10594.6,10594.8,10593.6,10593.7,31,25,0
2026-04-17 06:50:00,10593.7,10593.7,10593.4,10593.6,32,26,0
2026-04-17 06:55:00,10593.6,10595.7,10593.5,10593.6,98,18,0
2026-04-17 07:00:00,10593.6,10596.8,10592.7,10596.8,78,19,0
2026-04-17 07:05:00,10596.8,10598.7,10596.8,10597.7,71,19,0
2026-04-17 07:10:00,10597.7,10598.1,10596.4,10596.5,62,20,0
2026-04-17 07:15:00,10596.7,10597.8,10596.3,10597.8,99,27,0
2026-04-17 07:20:00,10597.8,10598.2,10596.2,10597.9,53,26,0
2026-04-17 07:25:00,10597.9,10600.7,10597.7,10600.0,78,18,0
2026-04-17 07:30:00,10600.0,10601.4,10593.3,10601.4,96,18,0
2026-04-17 07:35:00,10601.4,10601.4,10597.0,10597.9,54,18,0
2026-04-17 07:40:00,10598.2,10599.6,10598.2,10598.9,65,18,0
2026-04-17 07:45:00,10598.9,10602.1,10598.3,10601.2,86,18,0
2026-04-17 07:50:00,10601.3,10601.7,10599.2,10600.4,92,18,0
2026-04-17 07:55:00,10600.4,10600.5,10599.2,10599.6,86,19,0
2026-04-17 08:00:00,10599.6,10600.4,10596.6,10597.9,142,19,0
2026-04-17 08:05:00,10597.9,10601.2,10597.9,10598.7,120,18,0
2026-04-17 08:10:00,10599.0,10599.7,10597.6,10598.6,74,18,0
2026-04-17 08:15:00,10598.6,10598.9,10595.7,10596.0,119,18,0
2026-04-17 08:20:00,10596.0,10598.8,10595.5,10598.1,88,18,0
2026-04-17 08:25:00,10598.1,10599.4,10597.9,10599.0,106,18,0
2026-04-17 08:30:00,10599.0,10599.4,10597.5,10597.9,136,19,0
2026-04-17 08:35:00,10598.1,10604.2,10597.8,10602.6,92,18,0
2026-04-17 08:40:00,10602.6,10604.9,10601.9,10604.6,159,18,0
2026-04-17 08:45:00,10604.5,10607.8,10604.2,10607.2,122,18,0
2026-04-17 08:50:00,10607.2,10608.2,10605.2,10608.2,101,18,0
2026-04-17 08:55:00,10608.2,10608.8,10604.1,10604.1,91,18,0
2026-04-17 09:00:00,10604.1,10604.1,10598.8,10601.3,292,18,0
2026-04-17 09:05:00,10601.3,10601.3,10597.7,10597.8,192,18,0
2026-04-17 09:10:00,10597.8,10601.0,10596.8,10597.8,162,18,0
2026-04-17 09:15:00,10597.8,10601.8,10597.4,10600.2,92,18,0
2026-04-17 09:20:00,10600.3,10600.3,10592.3,10594.2,124,18,0
2026-04-17 09:25:00,10594.2,10594.2,10589.3,10590.2,183,18,0
2026-04-17 09:30:00,10590.2,10591.4,10584.3,10586.3,200,18,0
2026-04-17 09:35:00,10586.3,10590.0,10583.7,10590.0,148,18,0
2026-04-17 09:40:00,10590.0,10593.9,10589.8,10592.8,196,18,0
2026-04-17 09:45:00,10592.8,10596.2,10592.7,10596.2,149,18,0
2026-04-17 09:50:00,10596.3,10597.5,10593.8,10593.8,171,18,0
2026-04-17 09:55:00,10593.8,10594.3,10583.8,10589.4,225,18,0
2026-04-17 10:00:00,10589.2,10600.9,10574.4,10583.8,696,10,0
2026-04-17 10:05:00,10583.9,10587.5,10575.2,10577.2,685,10,0
2026-04-17 10:10:00,10576.1,10586.7,10571.2,10582.9,602,10,0
2026-04-17 10:15:00,10583.1,10586.2,10578.1,10583.3,506,10,0
2026-04-17 10:20:00,10583.4,10587.2,10576.0,10585.5,461,10,0
2026-04-17 10:25:00,10584.8,10587.2,10579.7,10582.7,416,10,0
2026-04-17 10:30:00,10582.7,10583.6,10578.0,10579.7,400,10,0
2026-04-17 10:35:00,10579.7,10580.7,10571.2,10573.7,432,10,0
2026-04-17 10:40:00,10573.7,10575.2,10569.1,10574.0,392,10,0
2026-04-17 10:45:00,10573.9,10576.0,10569.3,10575.7,387,10,0
2026-04-17 10:50:00,10575.7,10578.5,10574.3,10575.6,339,10,0
2026-04-17 10:55:00,10575.5,10578.7,10572.1,10572.5,309,10,0
2026-04-17 11:00:00,10572.5,10573.6,10567.7,10570.6,452,10,0
2026-04-17 11:05:00,10570.7,10579.2,10568.8,10577.5,436,10,0
2026-04-17 11:10:00,10577.5,10581.7,10575.5,10577.2,346,10,0
2026-04-17 11:15:00,10577.2,10577.2,10569.1,10569.7,339,10,0
2026-04-17 11:20:00,10569.7,10577.6,10569.6,10577.5,413,10,0
2026-04-17 11:25:00,10577.6,10580.2,10574.7,10578.2,365,10,0
2026-04-17 11:30:00,10578.2,10582.0,10576.3,10577.1,402,10,0
2026-04-17 11:35:00,10577.7,10578.0,10571.2,10574.7,358,10,0
2026-04-17 11:40:00,10574.7,10583.9,10574.6,10578.7,431,10,0
2026-04-17 11:45:00,10578.7,10579.2,10574.3,10579.2,324,10,0
2026-04-17 11:50:00,10579.2,10580.7,10576.7,10580.7,312,10,0
2026-04-17 11:55:00,10580.5,10586.7,10579.7,10585.7,297,10,0
2026-04-17 12:00:00,10585.7,10588.9,10582.2,10582.7,289,10,0
2026-04-17 12:05:00,10582.7,10586.1,10582.0,10582.2,326,10,0
2026-04-17 12:10:00,10582.2,10597.6,10582.2,10593.6,450,10,0
2026-04-17 12:15:00,10593.6,10593.7,10582.7,10582.7,353,10,0
2026-04-17 12:20:00,10582.7,10588.2,10582.6,10586.2,335,10,0
2026-04-17 12:25:00,10586.2,10588.5,10583.3,10584.5,378,10,0
2026-04-17 12:30:00,10584.5,10588.6,10583.2,10588.6,376,10,0
2026-04-17 12:35:00,10588.6,10589.7,10586.7,10587.8,313,10,0
2026-04-17 12:40:00,10587.8,10590.2,10584.0,10584.2,325,10,0
2026-04-17 12:45:00,10584.2,10584.2,10576.2,10579.2,313,10,0
2026-04-17 12:50:00,10578.2,10586.6,10576.2,10585.6,409,10,0
2026-04-17 12:55:00,10585.6,10590.0,10582.6,10582.7,352,10,0
2026-04-17 13:00:00,10582.7,10582.7,10574.2,10577.8,377,10,0
2026-04-17 13:05:00,10577.9,10578.2,10571.1,10572.2,305,10,0
2026-04-17 13:10:00,10572.2,10574.7,10568.8,10572.2,370,10,0
2026-04-17 13:15:00,10572.2,10572.2,10565.4,10567.4,310,10,0
2026-04-17 13:20:00,10567.6,10570.2,10566.7,10567.7,250,10,0
2026-04-17 13:25:00,10567.7,10567.7,10563.7,10566.5,231,10,0
2026-04-17 13:30:00,10566.3,10568.7,10564.7,10566.7,294,10,0
2026-04-17 13:35:00,10567.5,10570.7,10566.2,10567.7,202,10,0
2026-04-17 13:40:00,10567.7,10570.2,10566.0,10568.3,196,10,0
2026-04-17 13:45:00,10568.6,10568.7,10565.0,10567.4,269,10,0
2026-04-17 13:50:00,10567.3,10567.8,10565.0,10567.7,255,10,0
2026-04-17 13:55:00,10567.5,10567.7,10560.7,10561.2,261,10,0
2026-04-17 14:00:00,10561.6,10565.0,10560.6,10562.2,373,10,0
2026-04-17 14:05:00,10562.2,10563.2,10559.2,10560.0,244,10,0
2026-04-17 14:10:00,10560.0,10560.2,10551.2,10551.2,256,10,0
2026-04-17 14:15:00,10551.0,10553.2,10548.7,10552.6,182,10,0
2026-04-17 14:20:00,10552.6,10556.9,10552.0,10556.2,232,10,0
2026-04-17 14:25:00,10556.2,10556.2,10551.2,10553.7,238,10,0
2026-04-17 14:30:00,10553.7,10559.1,10553.6,10557.0,271,10,0
2026-04-17 14:35:00,10557.0,10565.7,10556.7,10564.2,256,10,0
2026-04-17 14:40:00,10564.2,10568.2,10563.1,10564.2,249,10,0
2026-04-17 14:45:00,10564.2,10564.2,10558.7,10561.6,202,10,0
2026-04-17 14:50:00,10561.7,10567.7,10561.2,10564.2,221,10,0
2026-04-17 14:55:00,10564.2,10567.6,10563.3,10563.7,250,10,0
2026-04-17 15:00:00,10563.7,10568.1,10562.8,10568.0,302,10,0
2026-04-17 15:05:00,10568.0,10568.5,10560.4,10561.2,278,10,0
2026-04-17 15:10:00,10561.2,10570.7,10558.2,10570.3,329,10,0
2026-04-17 15:15:00,10570.2,10572.7,10568.9,10572.7,244,10,0
2026-04-17 15:20:00,10572.7,10577.7,10571.2,10575.2,284,10,0
2026-04-17 15:25:00,10575.7,10582.1,10574.1,10580.7,799,10,0
2026-04-17 15:30:00,10580.7,10588.1,10580.6,10585.2,558,10,0
2026-04-17 15:35:00,10585.2,10588.5,10581.2,10584.2,433,10,0
2026-04-17 15:40:00,10584.2,10587.2,10582.2,10586.2,358,10,0
2026-04-17 15:45:00,10586.3,10625.0,10583.3,10624.2,857,10,0
2026-04-17 15:50:00,10624.1,10639.7,10614.1,10635.2,1154,10,0
2026-04-17 15:55:00,10635.6,10644.4,10631.1,10639.0,1005,10,0
2026-04-17 16:00:00,10638.9,10640.2,10632.7,10635.6,946,10,0
2026-04-17 16:05:00,10635.1,10649.7,10627.2,10646.9,1004,10,0
2026-04-17 16:10:00,10647.1,10656.2,10642.7,10651.2,910,10,0
2026-04-17 16:15:00,10651.2,10665.1,10644.1,10661.5,868,10,0
2026-04-17 16:20:00,10661.7,10661.7,10648.6,10648.6,897,10,0
2026-04-17 16:25:00,10648.3,10654.7,10636.7,10636.7,1020,10,0
2026-04-17 16:30:00,10636.2,10646.2,10629.7,10641.9,987,10,0
2026-04-17 16:35:00,10642.1,10647.7,10636.7,10637.1,857,10,0
2026-04-17 16:40:00,10637.2,10643.9,10630.6,10642.3,842,10,0
2026-04-17 16:45:00,10642.3,10644.7,10628.7,10639.7,857,10,0
2026-04-17 16:50:00,10639.7,10650.1,10636.1,10649.0,704,10,0
2026-04-17 16:55:00,10649.2,10653.2,10642.3,10649.2,759,10,0
2026-04-17 17:00:00,10649.2,10649.7,10642.2,10644.7,706,10,0
2026-04-17 17:05:00,10644.7,10650.2,10639.6,10649.2,567,10,0
2026-04-17 17:10:00,10649.2,10652.7,10644.3,10649.7,641,10,0
2026-04-17 17:15:00,10649.7,10654.0,10641.7,10641.7,557,10,0
2026-04-17 17:20:00,10641.7,10653.7,10636.7,10652.5,546,10,0
2026-04-17 17:25:00,10652.5,10657.7,10649.3,10651.7,580,10,0
2026-04-17 17:30:00,10651.7,10661.2,10647.1,10658.5,586,10,0
2026-04-17 17:35:00,10658.5,10659.5,10650.7,10652.6,581,10,0
2026-04-17 17:40:00,10652.6,10664.7,10648.1,10662.1,706,10,0
2026-04-17 17:45:00,10662.1,10662.2,10655.2,10656.7,552,10,0
2026-04-17 17:50:00,10656.7,10662.2,10653.5,10654.7,463,10,0
2026-04-17 17:55:00,10654.6,10658.0,10649.5,10654.6,525,10,0
2026-04-17 18:00:00,10654.2,10660.2,10647.4,10652.7,684,10,0
2026-04-17 18:05:00,10653.2,10658.5,10646.8,10656.1,708,10,0
2026-04-17 18:10:00,10656.0,10664.5,10652.7,10661.3,597,10,0
2026-04-17 18:15:00,10661.5,10666.5,10654.5,10658.7,477,10,0
2026-04-17 18:20:00,10658.7,10662.2,10655.9,10659.7,440,10,0
2026-04-17 18:25:00,10659.7,10665.2,10656.2,10663.1,542,10,0
2026-04-17 18:30:00,10663.1,10674.8,10657.8,10667.8,566,18,0
2026-04-17 18:35:00,10667.6,10681.6,10665.8,10680.8,395,18,0
2026-04-17 18:40:00,10680.8,10683.3,10674.6,10674.8,325,18,0
2026-04-17 18:45:00,10674.8,10684.3,10674.8,10681.3,383,18,0
2026-04-17 18:50:00,10681.3,10688.8,10681.3,10681.8,325,18,0
2026-04-17 18:55:00,10681.8,10684.8,10677.8,10681.3,286,18,0
2026-04-17 19:00:00,10681.3,10686.2,10677.8,10680.3,225,18,0
2026-04-17 19:05:00,10679.8,10688.1,10679.8,10682.1,212,18,0
2026-04-17 19:10:00,10682.3,10685.8,10680.6,10682.3,252,18,0
2026-04-17 19:15:00,10682.3,10683.8,10676.1,10683.8,244,18,0
2026-04-17 19:20:00,10683.8,10688.6,10683.8,10685.0,190,18,0
2026-04-17 19:25:00,10685.1,10688.3,10683.8,10687.3,143,18,0
2026-04-17 19:30:00,10687.3,10691.4,10687.3,10687.8,173,18,0
2026-04-17 19:35:00,10687.8,10688.8,10686.5,10686.8,92,18,0
2026-04-17 19:40:00,10686.8,10688.1,10682.3,10687.8,137,18,0
2026-04-17 19:45:00,10687.8,10688.8,10683.8,10687.3,162,18,0
2026-04-17 19:50:00,10687.3,10691.6,10686.6,10691.1,157,18,0
2026-04-17 19:55:00,10691.1,10696.3,10691.0,10695.8,177,18,0
2026-04-17 20:00:00,10695.8,10698.0,10690.8,10693.8,151,18,0
2026-04-17 20:05:00,10693.8,10696.1,10677.2,10685.0,332,18,0
2026-04-17 20:10:00,10685.0,10687.8,10681.2,10686.4,346,18,0
2026-04-17 20:15:00,10686.4,10690.2,10685.8,10688.3,256,18,0
2026-04-17 20:20:00,10688.3,10688.4,10669.0,10670.7,533,18,0
2026-04-17 20:25:00,10671.2,10679.4,10670.9,10674.1,726,18,0
2026-04-17 20:30:00,10674.1,10678.3,10671.5,10673.9,438,18,0
2026-04-17 20:35:00,10673.8,10675.4,10669.3,10669.8,455,18,0
2026-04-17 20:40:00,10669.8,10671.8,10667.8,10669.3,278,18,0
2026-04-17 20:45:00,10669.4,10676.6,10668.6,10676.3,319,18,0
2026-04-17 20:50:00,10676.3,10680.3,10675.7,10678.3,223,18,0
2026-04-17 20:55:00,10678.3,10681.5,10676.9,10680.4,219,18,0
2026-04-17 21:00:00,10680.3,10682.3,10676.3,10676.8,306,18,0
2026-04-17 21:05:00,10676.8,10677.8,10674.3,10675.3,219,18,0
2026-04-17 21:10:00,10675.3,10677.6,10672.4,10673.8,242,18,0
2026-04-17 21:15:00,10673.8,10675.8,10672.8,10674.5,238,18,0
2026-04-17 21:20:00,10674.1,10683.0,10672.7,10680.8,324,18,0
2026-04-17 21:25:00,10680.8,10685.9,10679.8,10680.8,465,18,0
2026-04-17 21:30:00,10680.8,10687.3,10680.8,10686.8,322,18,0
2026-04-17 21:35:00,10686.8,10687.3,10681.3,10681.8,153,18,0
2026-04-17 21:40:00,10681.8,10682.1,10679.1,10682.0,188,18,0
2026-04-17 21:45:00,10681.8,10683.6,10679.8,10681.5,221,18,0
2026-04-17 21:50:00,10681.5,10683.3,10678.8,10680.5,237,18,0
2026-04-17 21:55:00,10680.6,10685.0,10679.3,10681.8,159,18,0
2026-04-17 22:00:00,10682.0,10684.3,10678.6,10678.6,141,18,0
2026-04-17 22:05:00,10678.6,10686.3,10675.9,10682.8,194,18,0
2026-04-17 22:10:00,10682.8,10683.8,10680.1,10682.3,203,18,0
2026-04-17 22:15:00,10682.3,10684.4,10680.8,10681.8,197,18,0
2026-04-17 22:20:00,10681.8,10683.3,10676.6,10677.8,164,18,0
2026-04-17 22:25:00,10677.8,10678.1,10676.1,10677.3,116,18,0
2026-04-17 22:30:00,10677.3,10685.3,10677.3,10683.2,200,18,0
2026-04-17 22:35:00,10683.2,10686.3,10678.8,10685.8,193,18,0
2026-04-17 22:40:00,10685.8,10687.8,10684.8,10687.3,170,18,0
2026-04-17 22:45:00,10687.3,10688.1,10678.8,10681.3,222,18,0
2026-04-17 22:50:00,10681.3,10690.8,10681.3,10690.8,203,18,0
2026-04-20 03:05:00,10605.7,10608.8,10602.5,10604.1,348,18,0
2026-04-20 03:10:00,10604.1,10609.6,10602.8,10609.3,294,18,0
2026-04-20 03:15:00,10609.1,10629.8,10608.2,10626.7,681,18,0
2026-04-20 03:20:00,10626.9,10629.0,10621.9,10626.2,386,18,0
2026-04-20 03:25:00,10626.3,10631.6,10625.5,10629.8,312,18,0
2026-04-20 03:30:00,10629.8,10632.1,10622.9,10627.3,326,18,0
2026-04-20 03:35:00,10627.3,10628.6,10621.8,10623.8,289,18,0
2026-04-20 03:40:00,10623.8,10629.2,10623.8,10627.0,247,18,0
2026-04-20 03:45:00,10627.0,10631.6,10626.5,10630.0,247,18,0
2026-04-20 03:50:00,10630.0,10630.6,10628.6,10629.0,105,21,0
2026-04-20 03:55:00,10629.0,10632.1,10628.6,10632.1,193,22,0
2026-04-20 04:00:00,10631.3,10640.7,10631.3,10639.3,308,19,0
2026-04-20 04:05:00,10639.3,10642.1,10637.7,10638.3,278,18,0
2026-04-20 04:10:00,10638.1,10640.1,10635.8,10636.2,223,19,0
2026-04-20 04:15:00,10636.2,10638.1,10632.2,10632.8,239,18,0
2026-04-20 04:20:00,10632.8,10634.3,10630.8,10631.6,239,21,0
2026-04-20 04:25:00,10631.6,10632.6,10629.1,10631.7,219,18,0
2026-04-20 04:30:00,10631.7,10632.1,10628.4,10630.9,300,18,0
2026-04-20 04:35:00,10630.9,10633.1,10629.8,10632.7,300,18,0
2026-04-20 04:40:00,10632.7,10633.8,10630.2,10630.4,177,18,0
2026-04-20 04:45:00,10630.4,10631.0,10629.0,10629.5,259,18,0
2026-04-20 04:50:00,10629.5,10631.6,10628.2,10630.1,223,18,0
2026-04-20 04:55:00,10630.2,10632.5,10627.3,10627.8,243,18,0
2026-04-20 05:00:00,10627.8,10630.5,10627.4,10628.8,188,18,0
2026-04-20 05:05:00,10628.8,10630.8,10627.7,10630.2,217,20,0
2026-04-20 05:10:00,10630.2,10632.0,10629.5,10629.5,133,21,0
2026-04-20 05:15:00,10629.5,10632.1,10628.7,10631.9,112,22,0
2026-04-20 05:20:00,10631.9,10634.8,10630.4,10634.8,169,20,0
2026-04-20 05:25:00,10634.8,10635.5,10634.3,10634.7,144,18,0
2026-04-20 05:30:00,10634.7,10636.0,10632.1,10632.5,90,19,0
2026-04-20 05:35:00,10632.3,10633.1,10629.8,10629.9,168,21,0
2026-04-20 05:40:00,10629.9,10631.1,10629.6,10630.7,130,19,0
2026-04-20 05:45:00,10630.7,10631.6,10627.6,10628.1,125,18,0
2026-04-20 05:50:00,10628.1,10629.3,10627.2,10629.3,89,23,0
2026-04-20 05:55:00,10629.3,10633.2,10629.3,10632.3,171,19,0
2026-04-20 06:00:00,10632.3,10634.5,10631.6,10632.7,201,18,0
2026-04-20 06:05:00,10632.7,10635.6,10632.0,10632.3,147,18,0
2026-04-20 06:10:00,10632.3,10633.0,10630.7,10631.0,203,18,0
2026-04-20 06:15:00,10631.0,10631.6,10628.6,10630.1,127,20,0
2026-04-20 06:20:00,10630.1,10632.4,10630.1,10632.2,95,23,0
2026-04-20 06:25:00,10632.2,10633.2,10630.9,10631.5,155,19,0
2026-04-20 06:30:00,10631.5,10635.1,10631.5,10634.3,180,19,0
2026-04-20 06:35:00,10634.3,10635.2,10632.0,10633.1,173,18,0
2026-04-20 06:40:00,10633.1,10634.0,10632.3,10632.4,114,18,0
2026-04-20 06:45:00,10632.4,10633.4,10630.8,10632.1,149,18,0
2026-04-20 06:50:00,10632.1,10633.6,10631.6,10631.9,122,18,0
2026-04-20 06:55:00,10631.9,10633.7,10631.6,10631.6,100,18,0
2026-04-20 07:00:00,10631.6,10631.9,10629.6,10631.0,144,19,0
2026-04-20 07:05:00,10631.0,10633.5,10630.4,10632.0,120,18,0
2026-04-20 07:10:00,10632.0,10633.1,10630.4,10630.7,87,18,0
2026-04-20 07:15:00,10630.7,10630.8,10628.6,10628.9,160,18,0
2026-04-20 07:20:00,10629.1,10630.7,10627.9,10630.7,112,20,0
2026-04-20 07:25:00,10630.7,10630.8,10628.8,10629.2,139,20,0
2026-04-20 07:30:00,10629.2,10629.6,10626.7,10627.1,81,24,0
2026-04-20 07:35:00,10627.1,10627.5,10624.3,10626.3,100,23,0
2026-04-20 07:40:00,10626.3,10630.1,10625.4,10629.7,89,20,0
2026-04-20 07:45:00,10629.7,10633.5,10629.7,10632.3,91,20,0
2026-04-20 07:50:00,10632.3,10633.9,10629.0,10630.6,129,19,0
2026-04-20 07:55:00,10630.6,10631.7,10629.4,10631.6,112,22,0
2026-04-20 08:00:00,10631.6,10631.7,10628.8,10631.2,190,20,0
2026-04-20 08:05:00,10631.2,10631.3,10628.1,10628.6,123,20,0
2026-04-20 08:10:00,10628.6,10629.6,10627.7,10629.4,199,22,0
2026-04-20 08:15:00,10629.4,10631.5,10628.1,10628.8,176,18,0
2026-04-20 08:20:00,10628.8,10629.5,10625.6,10626.0,178,19,0
2026-04-20 08:25:00,10625.9,10626.2,10618.5,10618.7,211,18,0
2026-04-20 08:30:00,10618.7,10623.6,10615.8,10623.6,306,18,0
2026-04-20 08:35:00,10623.6,10623.7,10617.8,10617.8,239,18,0
2026-04-20 08:40:00,10618.1,10619.1,10614.3,10614.6,217,20,0
2026-04-20 08:45:00,10614.6,10619.0,10613.5,10615.4,195,18,0
2026-04-20 08:50:00,10615.4,10617.1,10612.6,10616.6,245,18,0
2026-04-20 08:55:00,10616.4,10622.6,10616.4,10619.1,185,18,0
2026-04-20 09:00:00,10619.4,10634.6,10619.4,10628.0,446,18,0
2026-04-20 09:05:00,10628.0,10629.1,10624.2,10624.9,267,18,0
2026-04-20 09:10:00,10624.9,10626.9,10619.1,10623.6,225,18,0
2026-04-20 09:15:00,10623.6,10625.6,10621.9,10623.6,239,18,0
2026-04-20 09:20:00,10623.6,10624.4,10618.9,10620.4,203,18,0
2026-04-20 09:25:00,10620.4,10622.5,10619.2,10620.6,227,18,0
2026-04-20 09:30:00,10620.7,10626.8,10620.2,10624.5,394,18,0
2026-04-20 09:35:00,10624.5,10628.9,10621.3,10622.5,243,18,0
2026-04-20 09:40:00,10622.5,10625.6,10621.1,10621.4,229,18,0
2026-04-20 09:45:00,10621.4,10621.8,10614.5,10614.5,213,18,0
2026-04-20 09:50:00,10614.5,10620.8,10613.8,10617.8,205,18,0
2026-04-20 09:55:00,10617.8,10623.9,10614.0,10622.0,591,18,0
2026-04-20 10:00:00,10621.0,10636.0,10613.8,10630.3,866,11,0
2026-04-20 10:05:00,10630.3,10637.2,10624.6,10631.3,658,10,0
2026-04-20 10:10:00,10631.6,10635.2,10624.6,10630.0,626,10,0
2026-04-20 10:15:00,10630.0,10635.2,10623.2,10630.6,530,10,0
2026-04-20 10:20:00,10630.6,10631.0,10621.7,10623.1,534,10,0
2026-04-20 10:25:00,10623.1,10623.1,10608.8,10617.7,532,10,0
2026-04-20 10:30:00,10617.7,10622.2,10603.6,10609.2,726,10,0
2026-04-20 10:35:00,10609.2,10612.7,10601.0,10607.5,605,10,0
2026-04-20 10:40:00,10607.5,10617.7,10606.7,10612.4,506,10,0
2026-04-20 10:45:00,10612.3,10613.4,10604.2,10609.7,522,10,0
2026-04-20 10:50:00,10609.7,10613.1,10605.9,10607.1,437,10,0
2026-04-20 10:55:00,10607.1,10610.7,10603.2,10610.2,387,10,0
2026-04-20 11:00:00,10609.7,10619.1,10609.2,10611.7,539,10,0
2026-04-20 11:05:00,10611.7,10613.1,10600.1,10601.2,553,10,0
2026-04-20 11:10:00,10601.2,10614.2,10601.0,10610.2,487,10,0
2026-04-20 11:15:00,10609.9,10610.7,10601.9,10604.1,505,10,0
2026-04-20 11:20:00,10604.2,10610.1,10600.0,10605.2,495,10,0
2026-04-20 11:25:00,10605.1,10609.3,10603.6,10607.4,406,10,0
2026-04-20 11:30:00,10607.2,10607.5,10598.8,10605.2,461,10,0
2026-04-20 11:35:00,10605.2,10605.7,10602.1,10604.2,342,10,0
2026-04-20 11:40:00,10604.2,10605.7,10598.0,10600.2,275,10,0
2026-04-20 11:45:00,10600.2,10607.2,10600.1,10604.5,354,10,0
2026-04-20 11:50:00,10604.7,10607.6,10600.0,10602.7,275,10,0
2026-04-20 11:55:00,10602.7,10609.1,10600.2,10605.2,487,10,0
2026-04-20 12:00:00,10605.1,10610.5,10603.2,10609.2,419,10,0
2026-04-20 12:05:00,10609.2,10612.8,10602.2,10603.5,407,10,0
2026-04-20 12:10:00,10603.5,10604.2,10596.5,10603.1,352,10,0
2026-04-20 12:15:00,10603.1,10610.7,10600.4,10609.7,389,10,0
2026-04-20 12:20:00,10609.7,10613.2,10608.2,10611.5,335,10,0
2026-04-20 12:25:00,10611.5,10616.0,10611.0,10614.2,259,10,0
2026-04-20 12:30:00,10614.2,10618.5,10609.2,10610.2,318,10,0
2026-04-20 12:35:00,10610.2,10611.2,10605.2,10606.2,286,10,0
2026-04-20 12:40:00,10606.2,10609.7,10605.2,10608.9,268,10,0
2026-04-20 12:45:00,10608.9,10609.1,10604.6,10605.7,176,10,0
2026-04-20 12:50:00,10605.7,10605.7,10600.6,10603.2,243,10,0
2026-04-20 12:55:00,10603.2,10605.6,10597.2,10598.7,239,10,0
2026-04-20 13:00:00,10598.7,10601.1,10597.8,10599.7,329,10,0
2026-04-20 13:05:00,10599.7,10607.7,10599.6,10607.1,283,10,0
2026-04-20 13:10:00,10607.2,10611.3,10600.9,10603.5,388,10,0
2026-04-20 13:15:00,10603.5,10610.4,10603.1,10609.3,358,10,0
2026-04-20 13:20:00,10609.3,10612.2,10606.0,10607.7,343,10,0
2026-04-20 13:25:00,10607.7,10609.2,10606.4,10609.0,324,10,0
2026-04-20 13:30:00,10609.0,10611.2,10600.8,10602.1,246,10,0
2026-04-20 13:35:00,10602.1,10605.2,10600.1,10604.4,236,10,0
2026-04-20 13:40:00,10604.4,10604.6,10595.2,10596.1,245,10,0
2026-04-20 13:45:00,10596.2,10599.2,10596.2,10598.2,227,10,0
2026-04-20 13:50:00,10598.2,10601.2,10596.7,10598.1,270,10,0
2026-04-20 13:55:00,10598.1,10600.5,10595.2,10596.6,318,10,0
2026-04-20 14:00:00,10596.7,10596.7,10584.2,10587.7,328,10,0
2026-04-20 14:05:00,10587.7,10593.7,10586.5,10593.2,296,10,0
2026-04-20 14:10:00,10593.1,10599.5,10591.2,10597.2,295,10,0
2026-04-20 14:15:00,10597.2,10600.2,10592.9,10594.5,350,10,0
2026-04-20 14:20:00,10594.5,10597.6,10591.7,10597.3,288,10,0
2026-04-20 14:25:00,10597.3,10599.6,10595.7,10595.7,237,10,0
2026-04-20 14:30:00,10595.7,10600.0,10592.6,10595.2,424,10,0
2026-04-20 14:35:00,10595.1,10597.7,10588.8,10591.2,352,10,0
2026-04-20 14:40:00,10591.2,10595.0,10589.9,10594.7,329,10,0
2026-04-20 14:45:00,10594.7,10602.7,10594.7,10598.2,317,10,0
2026-04-20 14:50:00,10598.2,10604.2,10595.6,10601.9,365,10,0
2026-04-20 14:55:00,10601.8,10605.2,10600.2,10604.2,356,10,0
2026-04-20 15:00:00,10604.2,10604.2,10593.7,10600.7,443,10,0
2026-04-20 15:05:00,10600.7,10603.7,10595.7,10599.2,436,10,0
2026-04-20 15:10:00,10599.1,10603.1,10598.7,10601.5,344,10,0
2026-04-20 15:15:00,10601.2,10606.3,10597.8,10605.0,351,10,0
2026-04-20 15:20:00,10605.0,10610.2,10604.1,10608.2,379,10,0
2026-04-20 15:25:00,10608.2,10609.2,10605.7,10606.6,289,10,0
2026-04-20 15:30:00,10606.6,10610.5,10600.7,10600.8,454,10,0
2026-04-20 15:35:00,10600.8,10602.2,10594.2,10596.6,406,10,0
2026-04-20 15:40:00,10596.2,10603.2,10596.2,10602.1,328,10,0
2026-04-20 15:45:00,10602.0,10602.8,10599.1,10601.1,287,10,0
2026-04-20 15:50:00,10601.0,10601.0,10593.7,10596.2,311,10,0
2026-04-20 15:55:00,10596.2,10597.6,10592.7,10594.7,317,10,0
2026-04-20 16:00:00,10594.7,10595.2,10587.7,10594.0,399,10,0
2026-04-20 16:05:00,10594.0,10613.1,10593.4,10608.7,538,10,0
2026-04-20 16:10:00,10608.6,10621.4,10607.2,10616.2,559,10,0
2026-04-20 16:15:00,10616.2,10619.3,10615.2,10615.6,427,10,0
2026-04-20 16:20:00,10615.6,10624.2,10615.3,10620.2,445,10,0
2026-04-20 16:25:00,10620.2,10625.7,10618.0,10623.6,487,10,0
2026-04-20 16:30:00,10623.7,10630.1,10619.2,10621.2,700,10,0
2026-04-20 16:35:00,10621.0,10629.5,10620.1,10627.7,568,10,0
2026-04-20 16:40:00,10627.7,10633.0,10622.2,10629.7,548,10,0
2026-04-20 16:45:00,10629.7,10630.2,10624.2,10625.0,535,10,0
2026-04-20 16:50:00,10625.1,10625.7,10619.4,10625.2,522,10,0
2026-04-20 16:55:00,10624.9,10627.5,10621.2,10625.4,323,10,0
2026-04-20 17:00:00,10625.3,10627.2,10613.0,10614.7,486,10,0
2026-04-20 17:05:00,10614.7,10619.5,10611.7,10615.5,390,10,0
2026-04-20 17:10:00,10615.5,10616.4,10603.3,10607.2,410,10,0
2026-04-20 17:15:00,10607.2,10621.2,10605.2,10618.2,438,10,0
2026-04-20 17:20:00,10618.2,10624.0,10617.7,10622.6,434,10,0
2026-04-20 17:25:00,10622.6,10623.6,10618.7,10623.2,458,10,0
2026-04-20 17:30:00,10623.2,10626.5,10617.8,10619.7,404,10,0
2026-04-20 17:35:00,10619.7,10619.7,10612.1,10612.6,397,10,0
2026-04-20 17:40:00,10612.6,10617.7,10609.3,10616.2,424,10,0
2026-04-20 17:45:00,10616.2,10617.2,10612.2,10617.0,315,10,0
2026-04-20 17:50:00,10617.0,10618.2,10589.2,10603.2,749,10,0
2026-04-20 17:55:00,10603.2,10604.2,10596.2,10600.7,571,10,0
2026-04-20 18:00:00,10600.7,10603.5,10589.8,10593.2,513,10,0
2026-04-20 18:05:00,10593.2,10598.2,10590.2,10590.6,472,10,0
2026-04-20 18:10:00,10590.6,10594.7,10587.7,10591.7,470,10,0
2026-04-20 18:15:00,10591.9,10597.7,10590.3,10594.2,480,10,0
2026-04-20 18:20:00,10594.2,10603.2,10592.3,10600.0,567,10,0
2026-04-20 18:25:00,10600.0,10610.1,10597.7,10610.1,468,10,0
2026-04-20 18:30:00,10610.4,10614.1,10605.1,10608.9,720,18,0
2026-04-20 18:35:00,10608.9,10611.9,10601.9,10606.9,379,18,0
2026-04-20 18:40:00,10606.9,10615.1,10605.9,10610.9,321,18,0
2026-04-20 18:45:00,10610.9,10613.7,10609.1,10610.4,219,18,0
2026-04-20 18:50:00,10610.4,10611.4,10607.9,10611.1,204,18,0
2026-04-20 18:55:00,10611.4,10613.7,10609.1,10609.4,145,18,0
2026-04-20 19:00:00,10609.4,10609.8,10599.6,10599.9,190,18,0
2026-04-20 19:05:00,10599.9,10606.4,10599.6,10602.6,220,18,0
2026-04-20 19:10:00,10602.6,10603.1,10600.0,10601.4,150,18,0
2026-04-20 19:15:00,10601.4,10603.1,10596.4,10601.9,207,18,0
2026-04-20 19:20:00,10601.9,10605.7,10601.9,10604.9,191,18,0
2026-04-20 19:25:00,10604.9,10607.8,10603.4,10605.9,183,18,0
2026-04-20 19:30:00,10605.9,10606.9,10602.8,10603.4,204,18,0
2026-04-20 19:35:00,10603.4,10603.6,10599.4,10600.9,164,18,0
2026-04-20 19:40:00,10600.9,10602.6,10598.9,10599.9,247,18,0
2026-04-20 19:45:00,10599.9,10604.4,10598.4,10603.9,228,18,0
2026-04-20 19:50:00,10603.9,10604.9,10602.0,10602.9,186,18,0
2026-04-20 19:55:00,10602.9,10602.9,10599.8,10601.8,114,18,0
2026-04-20 20:00:00,10601.8,10606.1,10600.9,10603.3,267,18,0
2026-04-20 20:05:00,10603.3,10605.9,10602.1,10605.6,175,18,0
2026-04-20 20:10:00,10605.6,10612.6,10605.4,10611.4,130,18,0
2026-04-20 20:15:00,10611.4,10611.4,10606.4,10606.4,118,18,0
2026-04-20 20:20:00,10606.4,10607.1,10603.6,10606.6,164,18,0
2026-04-20 20:25:00,10606.6,10607.9,10605.9,10607.4,134,18,0
2026-04-20 20:30:00,10607.4,10607.9,10601.9,10601.9,151,18,0
2026-04-20 20:35:00,10601.9,10611.4,10601.9,10610.6,286,18,0
2026-04-20 20:40:00,10610.6,10613.6,10607.8,10610.4,216,18,0
2026-04-20 20:45:00,10610.4,10611.3,10608.1,10608.9,153,18,0
2026-04-20 20:50:00,10608.9,10609.2,10604.9,10606.4,136,18,0
2026-04-20 20:55:00,10606.4,10606.4,10603.1,10605.3,187,18,0
2026-04-20 21:00:00,10605.3,10605.9,10601.0,10602.4,177,18,0
2026-04-20 21:05:00,10602.4,10610.1,10602.4,10607.7,201,18,0
2026-04-20 21:10:00,10607.7,10609.1,10602.6,10607.9,313,18,0
2026-04-20 21:15:00,10607.9,10608.9,10605.9,10608.4,204,18,0
2026-04-20 21:20:00,10608.4,10610.9,10607.2,10609.1,210,18,0
2026-04-20 21:25:00,10608.9,10609.9,10604.6,10606.6,240,18,0
2026-04-20 21:30:00,10606.6,10611.0,10604.4,10610.9,197,18,0
2026-04-20 21:35:00,10610.9,10611.8,10607.4,10609.0,211,18,0
2026-04-20 21:40:00,10609.0,10612.1,10609.0,10609.4,136,18,0
2026-04-20 21:45:00,10609.4,10613.1,10608.9,10612.4,113,18,0
2026-04-20 21:50:00,10612.4,10616.0,10612.4,10614.9,84,18,0
2026-04-20 21:55:00,10614.9,10616.0,10613.9,10614.9,128,18,0
2026-04-20 22:00:00,10614.9,10615.3,10610.8,10612.3,137,18,0
2026-04-20 22:05:00,10612.3,10615.4,10611.9,10614.7,132,18,0
2026-04-20 22:10:00,10614.7,10616.9,10613.4,10614.4,107,18,0
2026-04-20 22:15:00,10614.4,10614.4,10611.4,10611.9,82,18,0
2026-04-20 22:20:00,10611.9,10611.9,10608.9,10609.6,87,18,0
2026-04-20 22:25:00,10609.6,10609.6,10608.1,10608.9,105,18,0
2026-04-20 22:30:00,10608.9,10609.6,10605.9,10606.4,121,18,0
2026-04-20 22:35:00,10606.4,10609.6,10605.4,10607.9,151,18,0
2026-04-20 22:40:00,10607.9,10609.4,10606.5,10606.6,151,18,0
2026-04-20 22:45:00,10606.6,10609.6,10606.1,10609.4,137,18,0
2026-04-20 22:50:00,10609.4,10612.5,10607.4,10610.6,152,18,0
2026-04-20 22:55:00,10610.6,10614.9,10608.6,10612.1,250,18,0
2026-04-21 03:00:00,10615.3,10623.3,10610.4,10623.2,88,30,0
2026-04-21 03:05:00,10623.1,10627.6,10622.6,10626.5,149,20,0
2026-04-21 03:10:00,10626.5,10629.9,10623.0,10626.8,172,18,0
2026-04-21 03:15:00,10626.8,10627.5,10623.0,10623.1,328,22,0
2026-04-21 03:20:00,10623.1,10626.5,10623.0,10623.0,233,18,0
2026-04-21 03:25:00,10623.0,10623.1,10617.0,10620.0,171,18,0
2026-04-21 03:30:00,10620.0,10621.1,10616.6,10617.0,317,22,0
2026-04-21 03:35:00,10617.0,10618.1,10614.0,10615.5,197,19,0
2026-04-21 03:40:00,10615.5,10620.5,10615.3,10619.5,174,19,0
2026-04-21 03:45:00,10619.5,10629.6,10617.9,10624.0,486,20,0
2026-04-21 03:50:00,10624.1,10625.8,10622.3,10625.5,304,25,0
2026-04-21 03:55:00,10625.5,10627.3,10623.1,10623.8,318,24,0
2026-04-21 04:00:00,10623.8,10625.1,10618.5,10620.3,223,19,0
2026-04-21 04:05:00,10620.2,10623.1,10618.1,10622.3,253,18,0
2026-04-21 04:10:00,10622.1,10622.7,10619.7,10621.3,291,20,0
2026-04-21 04:15:00,10621.3,10623.8,10619.6,10623.3,293,19,0
2026-04-21 04:20:00,10623.8,10625.4,10622.5,10623.7,202,21,0
2026-04-21 04:25:00,10623.7,10626.0,10622.5,10624.5,173,18,0
2026-04-21 04:30:00,10624.5,10626.3,10622.5,10625.0,328,19,0
2026-04-21 04:35:00,10625.0,10626.3,10624.5,10625.6,249,19,0
2026-04-21 04:40:00,10625.6,10625.6,10619.6,10621.5,250,18,0
2026-04-21 04:45:00,10621.5,10623.7,10620.9,10622.5,141,18,0
2026-04-21 04:50:00,10622.5,10624.8,10621.8,10622.2,269,18,0
2026-04-21 04:55:00,10621.9,10622.2,10617.3,10621.8,216,18,0
2026-04-21 05:00:00,10621.8,10622.1,10617.5,10617.7,172,18,0
2026-04-21 05:05:00,10617.7,10620.5,10617.0,10617.7,231,18,0
2026-04-21 05:10:00,10617.7,10620.3,10617.7,10619.1,187,19,0
2026-04-21 05:15:00,10619.1,10620.3,10616.1,10619.6,212,18,0
2026-04-21 05:20:00,10620.1,10620.4,10616.9,10618.3,169,18,0
2026-04-21 05:25:00,10618.3,10620.3,10617.5,10619.9,200,19,0
2026-04-21 05:30:00,10620.2,10621.4,10617.8,10617.8,162,19,0
2026-04-21 05:35:00,10617.8,10621.3,10616.7,10621.1,241,19,0
2026-04-21 05:40:00,10621.1,10623.5,10621.0,10621.4,152,19,0
2026-04-21 05:45:00,10621.4,10622.0,10619.5,10619.7,208,19,0
2026-04-21 05:50:00,10619.7,10621.4,10619.2,10621.3,137,19,0
2026-04-21 05:55:00,10621.3,10621.9,10619.9,10621.2,129,18,0
2026-04-21 06:00:00,10621.1,10622.4,10620.5,10621.1,128,19,0
2026-04-21 06:05:00,10621.4,10621.5,10619.3,10619.7,153,19,0
2026-04-21 06:10:00,10619.7,10622.0,10618.5,10619.4,145,18,0
2026-04-21 06:15:00,10619.5,10619.7,10615.0,10615.2,172,18,0
2026-04-21 06:20:00,10615.2,10616.4,10613.1,10616.4,216,19,0
2026-04-21 06:25:00,10616.8,10617.7,10615.2,10617.5,157,18,0
2026-04-21 06:30:00,10617.5,10618.3,10616.1,10616.4,103,18,0
2026-04-21 06:35:00,10616.4,10616.5,10615.0,10615.1,111,18,0
2026-04-21 06:40:00,10615.1,10616.0,10613.5,10614.8,137,18,0
2026-04-21 06:45:00,10614.8,10616.8,10614.6,10616.0,81,18,0
2026-04-21 06:50:00,10616.0,10619.5,10615.9,10619.1,125,18,0
2026-04-21 06:55:00,10619.1,10619.4,10617.8,10619.0,144,18,0
2026-04-21 07:00:00,10619.0,10621.0,10618.7,10618.9,74,20,0
2026-04-21 07:05:00,10618.9,10619.1,10617.8,10617.8,74,21,0
2026-04-21 07:10:00,10617.8,10618.9,10617.3,10617.7,130,20,0
2026-04-21 07:15:00,10617.7,10619.4,10617.6,10618.7,110,18,0
2026-04-21 07:20:00,10618.7,10623.3,10618.7,10623.3,105,18,0
2026-04-21 07:25:00,10623.3,10623.8,10621.5,10622.7,116,18,0
2026-04-21 07:30:00,10622.7,10623.1,10622.4,10622.7,65,21,0
2026-04-21 07:35:00,10622.7,10626.6,10622.5,10626.5,98,18,0
2026-04-21 07:40:00,10626.5,10626.5,10624.0,10624.0,123,18,0
2026-04-21 07:45:00,10624.0,10625.5,10623.1,10624.7,116,18,0
2026-04-21 07:50:00,10624.7,10625.3,10623.6,10624.8,111,18,0
2026-04-21 07:55:00,10625.0,10625.0,10623.6,10624.4,60,18,0
2026-04-21 08:00:00,10624.4,10630.8,10623.6,10629.8,166,18,0
2026-04-21 08:05:00,10629.8,10633.2,10629.7,10630.2,155,18,0
2026-04-21 08:10:00,10630.2,10630.8,10628.5,10629.1,97,18,0
2026-04-21 08:15:00,10629.1,10633.2,10629.1,10631.0,130,18,0
2026-04-21 08:20:00,10631.0,10631.0,10628.2,10629.2,118,18,0
2026-04-21 08:25:00,10629.2,10629.9,10627.1,10627.2,176,18,0
2026-04-21 08:30:00,10627.2,10628.1,10625.4,10627.1,152,18,0
2026-04-21 08:35:00,10627.1,10629.0,10626.5,10627.5,111,18,0
2026-04-21 08:40:00,10627.5,10629.0,10627.2,10628.5,132,20,0
2026-04-21 08:45:00,10628.5,10628.5,10625.6,10626.0,129,19,0
2026-04-21 08:50:00,10626.0,10626.7,10624.7,10624.8,166,20,0
2026-04-21 08:55:00,10625.0,10626.4,10623.8,10626.4,145,19,0
2026-04-21 09:00:00,10626.3,10626.9,10613.0,10623.0,271,18,0
2026-04-21 09:05:00,10623.0,10623.5,10618.6,10622.5,254,19,0
2026-04-21 09:10:00,10622.5,10625.3,10620.0,10623.6,255,18,0
2026-04-21 09:15:00,10623.6,10625.2,10621.4,10621.8,183,18,0
2026-04-21 09:20:00,10621.9,10624.6,10619.0,10622.4,176,18,0
2026-04-21 09:25:00,10622.4,10622.4,10617.4,10618.6,168,18,0
2026-04-21 09:30:00,10618.6,10622.3,10616.2,10622.2,223,18,0
2026-04-21 09:35:00,10622.2,10622.8,10616.1,10616.6,193,18,0
2026-04-21 09:40:00,10616.6,10619.0,10616.6,10617.2,130,18,0
2026-04-21 09:45:00,10617.2,10618.3,10616.5,10616.7,136,18,0
2026-04-21 09:50:00,10616.7,10617.7,10614.7,10617.6,158,18,0
2026-04-21 09:55:00,10617.6,10622.1,10609.6,10619.0,273,18,0
2026-04-21 10:00:00,10619.1,10629.6,10608.6,10611.2,707,18,0
2026-04-21 10:05:00,10611.2,10617.7,10607.1,10614.3,560,18,0
2026-04-21 10:10:00,10614.4,10624.7,10614.1,10617.6,425,18,0
2026-04-21 10:15:00,10617.9,10622.1,10614.7,10621.1,467,18,0
2026-04-21 10:20:00,10621.1,10622.0,10616.0,10620.6,450,18,0
2026-04-21 10:25:00,10621.0,10625.1,10617.1,10620.6,417,18,0
2026-04-21 10:30:00,10620.6,10625.6,10619.6,10621.0,429,18,0
2026-04-21 10:35:00,10620.1,10624.1,10614.1,10614.1,357,18,0
2026-04-21 10:40:00,10614.1,10625.1,10609.1,10620.4,380,18,0
2026-04-21 10:45:00,10620.1,10625.9,10618.6,10624.1,321,18,0
2026-04-21 10:50:00,10624.1,10631.1,10624.1,10626.6,388,18,0
2026-04-21 10:55:00,10626.6,10634.1,10626.6,10631.1,384,18,0
2026-04-21 11:00:00,10631.6,10632.6,10623.6,10625.6,400,18,0
2026-04-21 11:05:00,10625.6,10627.1,10613.0,10618.1,555,18,0
2026-04-21 11:10:00,10618.1,10625.3,10612.8,10615.1,488,18,0
2026-04-21 11:15:00,10615.1,10620.9,10615.1,10619.9,420,10,0
2026-04-21 11:20:00,10619.9,10626.7,10618.8,10625.8,362,10,0
2026-04-21 11:25:00,10625.8,10633.5,10624.9,10628.4,397,10,0
2026-04-21 11:30:00,10628.4,10628.4,10623.5,10624.4,415,10,0
2026-04-21 11:35:00,10624.4,10624.6,10618.9,10622.4,344,10,0
2026-04-21 11:40:00,10622.4,10627.4,10621.9,10625.9,407,10,0
2026-04-21 11:45:00,10625.9,10630.4,10623.4,10629.3,370,10,0
2026-04-21 11:50:00,10629.2,10629.9,10626.2,10629.9,317,10,0
2026-04-21 11:55:00,10629.9,10633.9,10628.4,10631.3,256,10,0
2026-04-21 12:00:00,10631.4,10631.4,10622.2,10624.2,442,10,0
2026-04-21 12:05:00,10624.2,10627.4,10623.4,10626.2,358,10,0
2026-04-21 12:10:00,10626.2,10632.4,10626.2,10627.2,285,10,0
2026-04-21 12:15:00,10627.2,10633.4,10626.4,10633.4,295,10,0
2026-04-21 12:20:00,10633.4,10638.9,10633.2,10637.9,347,10,0
2026-04-21 12:25:00,10637.9,10638.9,10627.9,10628.7,239,10,0
2026-04-21 12:30:00,10628.7,10630.4,10624.9,10625.1,236,10,0
2026-04-21 12:35:00,10625.2,10628.2,10623.6,10626.9,287,10,0
2026-04-21 12:40:00,10626.9,10629.8,10624.5,10628.4,289,10,0
2026-04-21 12:45:00,10628.4,10633.9,10628.1,10633.5,347,10,0
2026-04-21 12:50:00,10633.5,10634.9,10631.3,10633.4,304,10,0
2026-04-21 12:55:00,10633.4,10637.9,10626.7,10630.3,409,10,0
2026-04-21 13:00:00,10630.3,10630.3,10623.0,10623.4,308,10,0
2026-04-21 13:05:00,10623.4,10626.7,10621.4,10626.4,263,10,0
2026-04-21 13:10:00,10626.4,10626.4,10620.9,10623.2,371,10,0
2026-04-21 13:15:00,10623.2,10624.6,10619.5,10621.0,280,10,0
2026-04-21 13:20:00,10621.0,10621.3,10616.0,10616.0,249,10,0
2026-04-21 13:25:00,10616.0,10619.9,10614.4,10617.4,224,10,0
2026-04-21 13:30:00,10617.4,10620.4,10615.4,10619.5,307,10,0
2026-04-21 13:35:00,10619.5,10633.6,10619.4,10632.9,324,10,0
2026-04-21 13:40:00,10632.9,10632.9,10625.5,10627.0,370,10,0
2026-04-21 13:45:00,10627.2,10628.9,10625.4,10626.6,323,10,0
2026-04-21 13:50:00,10626.6,10628.7,10626.3,10626.8,243,10,0
2026-04-21 13:55:00,10626.8,10629.4,10624.4,10624.4,262,10,0
2026-04-21 14:00:00,10624.4,10629.6,10618.4,10618.9,353,10,0
2026-04-21 14:05:00,10618.9,10620.8,10607.8,10614.7,331,10,0
2026-04-21 14:10:00,10614.5,10616.4,10608.0,10611.9,476,10,0
2026-04-21 14:15:00,10611.9,10612.9,10606.5,10609.9,300,10,0
2026-04-21 14:20:00,10609.9,10614.7,10607.2,10607.9,353,10,0
2026-04-21 14:25:00,10607.4,10609.2,10602.9,10608.4,281,10,0
2026-04-21 14:30:00,10608.4,10613.4,10605.4,10605.4,364,10,0
2026-04-21 14:35:00,10605.4,10608.5,10604.9,10606.6,301,10,0
2026-04-21 14:40:00,10606.8,10607.9,10602.4,10603.4,274,10,0
2026-04-21 14:45:00,10603.4,10603.4,10596.4,10596.4,231,10,0
2026-04-21 14:50:00,10596.4,10599.4,10594.9,10597.2,321,10,0
2026-04-21 14:55:00,10597.2,10599.2,10594.7,10595.4,321,10,0
2026-04-21 15:00:00,10595.4,10598.6,10594.7,10596.4,347,10,0
2026-04-21 15:05:00,10596.4,10597.4,10592.9,10597.0,262,10,0
2026-04-21 15:10:00,10596.9,10598.4,10594.2,10594.6,335,10,0
2026-04-21 15:15:00,10594.6,10594.7,10585.3,10585.3,456,10,0
2026-04-21 15:20:00,10585.2,10590.7,10583.9,10584.4,328,10,0
2026-04-21 15:25:00,10584.4,10588.9,10583.3,10585.1,286,10,0
2026-04-21 15:30:00,10585.1,10592.9,10581.3,10591.4,469,10,0
2026-04-21 15:35:00,10591.4,10592.9,10576.0,10577.9,506,10,0
2026-04-21 15:40:00,10577.9,10581.9,10573.4,10576.7,496,10,0
2026-04-21 15:45:00,10576.5,10580.3,10570.8,10570.9,408,10,0
2026-04-21 15:50:00,10570.9,10575.9,10570.1,10575.6,377,10,0
2026-04-21 15:55:00,10575.6,10577.8,10568.4,10573.4,335,10,0
2026-04-21 16:00:00,10573.4,10576.7,10571.4,10572.4,357,10,0
2026-04-21 16:05:00,10572.4,10572.4,10566.1,10566.7,401,10,0
2026-04-21 16:10:00,10566.7,10568.7,10558.2,10558.4,365,10,0
2026-04-21 16:15:00,10558.4,10563.1,10558.4,10561.3,328,10,0
2026-04-21 16:20:00,10561.0,10565.2,10556.5,10559.0,438,10,0
2026-04-21 16:25:00,10559.0,10566.8,10558.9,10566.2,380,10,0
2026-04-21 16:30:00,10566.4,10570.9,10559.1,10559.9,713,10,0
2026-04-21 16:35:00,10559.9,10562.9,10551.7,10561.9,597,10,0
2026-04-21 16:40:00,10561.9,10564.4,10552.3,10556.8,524,10,0
2026-04-21 16:45:00,10556.9,10563.0,10552.9,10557.0,582,10,0
2026-04-21 16:50:00,10557.0,10560.9,10552.7,10556.9,482,10,0
2026-04-21 16:55:00,10556.9,10558.2,10551.2,10554.3,363,10,0
2026-04-21 17:00:00,10554.3,10554.4,10541.2,10553.8,514,10,0
2026-04-21 17:05:00,10553.8,10555.4,10548.3,10548.4,447,10,0
2026-04-21 17:10:00,10548.4,10548.4,10539.9,10542.2,413,10,0
2026-04-21 17:15:00,10542.8,10550.9,10537.7,10550.4,506,10,0
2026-04-21 17:20:00,10550.4,10552.9,10541.4,10544.4,402,10,0
2026-04-21 17:25:00,10544.4,10546.9,10542.4,10543.4,424,10,0
2026-04-21 17:30:00,10543.4,10543.4,10532.1,10532.9,410,10,0
2026-04-21 17:35:00,10532.6,10535.0,10524.4,10524.4,464,10,0
2026-04-21 17:40:00,10524.4,10526.4,10517.9,10521.4,519,10,0
2026-04-21 17:45:00,10521.3,10521.3,10509.7,10511.4,630,10,0
2026-04-21 17:50:00,10511.4,10514.2,10505.4,10511.4,496,10,0
2026-04-21 17:55:00,10510.4,10515.4,10504.4,10506.3,526,10,0
2026-04-21 18:00:00,10505.9,10506.5,10491.9,10493.5,696,10,0
2026-04-21 18:05:00,10493.5,10501.2,10488.4,10499.9,615,10,0
2026-04-21 18:10:00,10499.9,10509.2,10499.8,10508.1,584,10,0
2026-04-21 18:15:00,10508.3,10510.9,10504.0,10510.4,579,10,0
2026-04-21 18:20:00,10510.4,10512.9,10507.1,10510.4,516,10,0
2026-04-21 18:25:00,10510.4,10510.4,10500.2,10504.4,561,10,0
2026-04-21 18:30:00,10505.2,10508.0,10498.3,10499.8,687,10,0
2026-04-21 18:35:00,10500.0,10500.0,10485.9,10488.8,634,18,0
2026-04-21 18:40:00,10489.1,10496.3,10485.3,10491.8,482,18,0
2026-04-21 18:45:00,10491.8,10500.6,10490.1,10498.6,495,18,0
2026-04-21 18:50:00,10498.4,10498.4,10491.6,10492.6,341,18,0
2026-04-21 18:55:00,10492.6,10497.8,10492.6,10495.6,349,18,0
2026-04-21 19:00:00,10495.6,10510.2,10495.6,10502.1,462,18,0
2026-04-21 19:05:00,10502.1,10502.1,10497.1,10497.7,408,18,0
2026-04-21 19:10:00,10497.7,10497.7,10490.6,10494.1,323,18,0
2026-04-21 19:15:00,10494.1,10494.6,10488.9,10491.3,265,18,0
2026-04-21 19:20:00,10491.3,10491.7,10486.6,10491.6,307,18,0
2026-04-21 19:25:00,10491.6,10493.6,10489.6,10491.7,282,18,0
2026-04-21 19:30:00,10491.7,10499.1,10491.7,10496.1,281,18,0
2026-04-21 19:35:00,10496.1,10498.2,10489.6,10492.6,330,18,0
2026-04-21 19:40:00,10492.6,10494.1,10484.6,10485.1,288,18,0
2026-04-21 19:45:00,10485.1,10494.1,10485.1,10494.1,293,18,0
2026-04-21 19:50:00,10494.1,10495.1,10480.1,10481.1,283,18,0
2026-04-21 19:55:00,10481.1,10481.1,10475.1,10476.6,252,18,0
2026-04-21 20:00:00,10476.6,10483.7,10476.1,10478.6,243,18,0
2026-04-21 20:05:00,10478.6,10478.6,10466.5,10471.4,701,18,0
2026-04-21 20:10:00,10471.4,10471.4,10462.0,10465.8,666,18,0
2026-04-21 20:15:00,10465.8,10470.2,10458.5,10459.6,558,18,0
2026-04-21 20:20:00,10459.6,10466.6,10456.6,10465.1,427,18,0
2026-04-21 20:25:00,10465.1,10470.9,10464.4,10466.7,428,18,0
2026-04-21 20:30:00,10466.7,10473.1,10466.6,10471.6,410,18,0
2026-04-21 20:35:00,10471.5,10483.3,10468.1,10475.9,459,18,0
2026-04-21 20:40:00,10475.9,10483.6,10474.0,10475.3,805,18,0
2026-04-21 20:45:00,10475.3,10475.8,10468.6,10469.6,554,18,0
2026-04-21 20:50:00,10469.6,10473.7,10466.0,10467.8,424,18,0
2026-04-21 20:55:00,10467.7,10467.8,10464.6,10467.1,306,18,0
2026-04-21 21:00:00,10467.1,10475.6,10467.1,10473.1,381,18,0
2026-04-21 21:05:00,10473.2,10476.3,10469.4,10469.4,423,18,0
2026-04-21 21:10:00,10469.4,10470.1,10464.4,10470.1,389,18,0
2026-04-21 21:15:00,10470.1,10475.1,10463.0,10467.2,582,18,0
2026-04-21 21:20:00,10466.7,10469.0,10463.5,10467.1,498,18,0
2026-04-21 21:25:00,10467.1,10470.7,10466.1,10470.6,400,18,0
2026-04-21 21:30:00,10470.6,10478.2,10470.6,10477.2,341,18,0
2026-04-21 21:35:00,10477.1,10477.1,10468.6,10469.5,364,18,0
2026-04-21 21:40:00,10469.5,10470.6,10466.1,10469.0,270,18,0
2026-04-21 21:45:00,10469.1,10469.2,10466.1,10466.5,295,18,0
2026-04-21 21:50:00,10466.4,10479.3,10462.6,10477.9,342,18,0
2026-04-21 21:55:00,10477.7,10482.2,10468.8,10472.7,786,18,0
2026-04-21 22:00:00,10472.7,10479.6,10472.7,10477.3,502,18,0
2026-04-21 22:05:00,10477.3,10481.6,10476.7,10479.2,411,18,0
2026-04-21 22:10:00,10479.2,10480.6,10469.6,10474.1,455,18,0
2026-04-21 22:15:00,10474.1,10476.3,10470.6,10473.3,499,18,0
2026-04-21 22:20:00,10473.3,10485.3,10473.3,10484.7,479,18,0
2026-04-21 22:25:00,10484.7,10487.6,10481.9,10484.1,388,18,0
2026-04-21 22:30:00,10484.1,10485.7,10476.1,10479.6,287,18,0
2026-04-21 22:35:00,10479.6,10479.6,10469.6,10474.1,605,18,0
2026-04-21 22:40:00,10474.1,10475.1,10437.1,10440.4,920,18,0
2026-04-21 22:45:00,10440.7,10453.8,10435.2,10450.2,841,18,0
2026-04-21 22:50:00,10450.2,10455.2,10435.4,10436.2,641,18,0
2026-04-21 22:55:00,10436.8,10443.7,10434.6,10434.8,495,18,0
2026-04-22 03:00:00,10473.1,10482.1,10471.4,10475.4,309,18,0
2026-04-22 03:05:00,10475.3,10481.0,10475.3,10479.0,257,19,0
2026-04-22 03:10:00,10479.0,10481.9,10474.2,10474.2,242,19,0
2026-04-22 03:15:00,10474.2,10478.6,10471.3,10476.3,391,20,0
2026-04-22 03:20:00,10476.3,10479.6,10476.1,10477.3,177,26,0
2026-04-22 03:25:00,10477.3,10477.8,10475.5,10475.5,194,20,0
2026-04-22 03:30:00,10475.5,10479.9,10474.9,10478.2,180,21,0
2026-04-22 03:35:00,10478.2,10479.7,10477.3,10478.5,156,22,0
2026-04-22 03:40:00,10478.5,10481.5,10478.1,10481.1,151,18,0
2026-04-22 03:45:00,10481.1,10483.6,10480.6,10481.0,211,18,0
2026-04-22 03:50:00,10481.0,10482.0,10478.6,10480.3,219,19,0
2026-04-22 03:55:00,10480.3,10481.0,10478.4,10479.8,121,18,0
2026-04-22 04:00:00,10479.8,10482.6,10478.1,10479.1,267,18,0
2026-04-22 04:05:00,10479.1,10479.1,10470.8,10472.6,204,18,0
2026-04-22 04:10:00,10472.6,10475.0,10472.5,10473.9,169,18,0
2026-04-22 04:15:00,10473.9,10476.2,10472.0,10472.3,257,19,0
2026-04-22 04:20:00,10472.3,10473.6,10470.0,10470.2,216,18,0
2026-04-22 04:25:00,10470.2,10472.5,10466.9,10467.7,183,19,0
2026-04-22 04:30:00,10467.7,10468.9,10465.5,10465.6,211,19,0
2026-04-22 04:35:00,10465.6,10475.1,10465.5,10473.7,278,19,0
2026-04-22 04:40:00,10473.7,10473.7,10467.5,10471.3,261,20,0
2026-04-22 04:45:00,10471.3,10471.5,10465.5,10467.7,188,18,0
2026-04-22 04:50:00,10467.7,10473.8,10467.3,10472.7,217,19,0
2026-04-22 04:55:00,10472.7,10472.7,10470.0,10470.0,212,23,0
2026-04-22 05:00:00,10470.0,10474.4,10470.0,10472.5,230,19,0
2026-04-22 05:05:00,10472.5,10478.5,10471.5,10478.5,116,18,0
2026-04-22 05:10:00,10478.5,10480.1,10478.5,10479.9,43,20,0
2026-04-22 05:15:00,10479.9,10480.1,10477.3,10478.8,144,18,0
2026-04-22 05:20:00,10478.8,10480.6,10477.8,10477.8,157,18,0
2026-04-22 05:25:00,10477.8,10479.0,10476.5,10477.7,180,18,0
2026-04-22 05:30:00,10477.7,10477.7,10474.8,10476.5,141,22,0
2026-04-22 05:35:00,10476.5,10478.1,10476.3,10478.0,131,25,0
2026-04-22 05:40:00,10478.0,10479.2,10477.1,10477.7,84,18,0
2026-04-22 05:45:00,10477.7,10478.2,10476.5,10476.8,132,22,0
2026-04-22 05:50:00,10476.6,10478.7,10476.6,10477.0,90,21,0
2026-04-22 05:55:00,10477.0,10479.2,10476.6,10478.6,135,20,0
2026-04-22 06:00:00,10478.5,10481.2,10476.6,10481.1,161,19,0
2026-04-22 06:05:00,10481.1,10482.1,10478.5,10478.7,117,19,0
2026-04-22 06:10:00,10478.7,10478.9,10471.5,10471.5,152,20,0
2026-04-22 06:15:00,10471.5,10471.9,10466.4,10467.0,182,19,0
2026-04-22 06:20:00,10467.0,10468.0,10465.8,10468.0,77,22,0
2026-04-22 06:25:00,10468.0,10472.9,10467.1,10472.8,107,19,0
2026-04-22 06:30:00,10472.8,10479.4,10472.8,10475.3,210,18,0
2026-04-22 06:35:00,10475.3,10476.0,10471.3,10472.1,126,19,0
2026-04-22 06:40:00,10472.1,10472.1,10469.4,10470.6,97,20,0
2026-04-22 06:45:00,10470.7,10473.2,10470.4,10473.2,44,30,0
2026-04-22 06:50:00,10473.2,10474.5,10470.1,10470.7,175,18,0
2026-04-22 06:55:00,10470.7,10470.9,10467.6,10469.4,114,18,0
2026-04-22 07:00:00,10469.4,10474.1,10469.4,10474.0,151,18,0
2026-04-22 07:05:00,10474.0,10474.1,10471.7,10472.1,74,20,0
2026-04-22 07:10:00,10472.1,10474.9,10471.2,10472.9,180,18,0
2026-04-22 07:15:00,10472.9,10473.5,10469.7,10469.9,161,20,0
2026-04-22 07:20:00,10469.9,10471.5,10469.3,10470.2,97,24,0
2026-04-22 07:25:00,10470.2,10472.0,10468.4,10469.1,101,18,0
2026-04-22 07:30:00,10469.1,10469.1,10467.4,10467.5,90,19,0
2026-04-22 07:35:00,10467.5,10469.4,10467.5,10468.2,156,22,0
2026-04-22 07:40:00,10468.2,10469.4,10467.3,10467.4,123,23,0
2026-04-22 07:45:00,10467.4,10468.2,10467.2,10467.8,38,24,0
2026-04-22 07:50:00,10467.8,10469.5,10464.9,10465.2,176,19,0
2026-04-22 07:55:00,10465.2,10465.2,10462.7,10462.8,134,20,0
2026-04-22 08:00:00,10462.9,10465.0,10460.5,10462.8,224,18,0
2026-04-22 08:05:00,10462.8,10468.0,10462.6,10467.8,194,19,0
2026-04-22 08:10:00,10467.8,10472.0,10467.5,10471.2,115,21,0
2026-04-22 08:15:00,10471.2,10481.9,10470.0,10478.3,467,19,0
2026-04-22 08:20:00,10478.3,10485.5,10477.9,10485.2,377,23,0
2026-04-22 08:25:00,10485.2,10488.2,10480.1,10480.9,318,18,0
2026-04-22 08:30:00,10480.7,10486.4,10479.5,10486.3,196,18,0
2026-04-22 08:35:00,10486.3,10488.0,10484.8,10484.8,216,20,0
2026-04-22 08:40:00,10484.9,10486.8,10482.6,10485.7,175,23,0
2026-04-22 08:45:00,10485.7,10489.2,10485.1,10485.9,174,22,0
2026-04-22 08:50:00,10485.9,10492.3,10485.9,10490.4,137,18,0
2026-04-22 08:55:00,10490.4,10490.6,10484.4,10487.0,126,18,0
2026-04-22 09:00:00,10487.0,10487.0,10468.6,10482.5,317,18,0
2026-04-22 09:05:00,10482.5,10483.9,10478.9,10483.8,218,18,0
2026-04-22 09:10:00,10483.9,10484.1,10477.8,10479.4,141,18,0
2026-04-22 09:15:00,10479.4,10481.3,10475.3,10478.9,156,18,0
2026-04-22 09:20:00,10478.9,10481.8,10478.1,10481.6,183,18,0
2026-04-22 09:25:00,10481.8,10487.2,10480.1,10486.4,135,18,0
2026-04-22 09:30:00,10486.8,10493.4,10486.6,10491.1,310,18,0
2026-04-22 09:35:00,10491.1,10492.9,10488.8,10492.0,211,18,0
2026-04-22 09:40:00,10492.0,10492.3,10487.1,10487.1,164,18,0
2026-04-22 09:45:00,10487.1,10492.8,10486.7,10492.2,158,18,0
2026-04-22 09:50:00,10492.2,10492.4,10481.3,10483.8,138,18,0
2026-04-22 09:55:00,10483.8,10486.9,10481.8,10485.5,203,18,0
2026-04-22 10:00:00,10486.7,10504.2,10486.7,10501.2,696,10,0
2026-04-22 10:05:00,10501.2,10506.7,10495.5,10495.6,544,10,0
2026-04-22 10:10:00,10495.6,10499.6,10490.1,10490.6,540,10,0
2026-04-22 10:15:00,10490.4,10490.4,10479.3,10485.5,626,10,0
2026-04-22 10:20:00,10485.5,10492.8,10481.0,10490.1,584,10,0
2026-04-22 10:25:00,10490.1,10498.1,10488.0,10491.1,465,10,0
2026-04-22 10:30:00,10491.6,10496.8,10491.0,10494.8,514,10,0
2026-04-22 10:35:00,10495.0,10502.6,10495.0,10501.9,459,10,0
2026-04-22 10:40:00,10501.9,10514.6,10500.6,10512.3,425,10,0
2026-04-22 10:45:00,10512.1,10514.8,10505.5,10505.5,494,10,0
2026-04-22 10:50:00,10505.6,10507.5,10503.9,10505.1,471,10,0
2026-04-22 10:55:00,10505.1,10513.5,10505.1,10509.6,433,10,0
2026-04-22 11:00:00,10509.6,10516.3,10508.0,10516.1,510,10,0
2026-04-22 11:05:00,10516.5,10525.6,10516.1,10522.4,421,10,0
2026-04-22 11:10:00,10522.4,10526.1,10511.1,10514.1,523,10,0
2026-04-22 11:15:00,10514.0,10514.6,10507.1,10512.5,574,10,0
2026-04-22 11:20:00,10512.6,10513.6,10497.6,10501.9,588,10,0
2026-04-22 11:25:00,10501.9,10509.1,10499.9,10502.0,545,10,0
2026-04-22 11:30:00,10502.1,10505.4,10490.6,10494.5,654,10,0
2026-04-22 11:35:00,10494.5,10497.2,10492.1,10495.6,634,10,0
2026-04-22 11:40:00,10495.5,10505.1,10493.2,10503.5,567,10,0
2026-04-22 11:45:00,10503.4,10505.1,10497.1,10502.9,544,10,0
2026-04-22 11:50:00,10502.9,10508.1,10500.4,10506.6,464,10,0
2026-04-22 11:55:00,10506.6,10507.6,10501.6,10504.0,444,10,0
2026-04-22 12:00:00,10504.0,10511.3,10500.0,10508.4,656,10,0
2026-04-22 12:05:00,10508.6,10512.1,10502.9,10503.5,551,10,0
2026-04-22 12:10:00,10503.5,10504.1,10498.9,10503.2,381,10,0
2026-04-22 12:15:00,10503.2,10505.4,10497.5,10497.6,363,10,0
2026-04-22 12:20:00,10497.6,10504.8,10495.5,10501.1,389,10,0
2026-04-22 12:25:00,10501.1,10502.6,10498.3,10499.1,331,10,0
2026-04-22 12:30:00,10499.1,10502.6,10495.9,10499.1,465,10,0
2026-04-22 12:35:00,10499.1,10504.1,10496.7,10502.6,368,10,0
2026-04-22 12:40:00,10502.1,10509.4,10501.8,10507.1,330,10,0
2026-04-22 12:45:00,10506.8,10507.1,10500.8,10501.9,377,10,0
2026-04-22 12:50:00,10501.9,10503.6,10488.5,10491.2,507,10,0
2026-04-22 12:55:00,10491.2,10494.5,10482.8,10492.5,639,10,0
2026-04-22 13:00:00,10492.6,10498.0,10481.1,10487.0,596,10,0
2026-04-22 13:05:00,10487.1,10492.4,10478.5,10479.6,512,10,0
2026-04-22 13:10:00,10479.6,10485.5,10478.0,10484.5,563,10,0
2026-04-22 13:15:00,10484.6,10496.6,10484.4,10494.6,451,10,0
2026-04-22 13:20:00,10494.6,10498.6,10490.0,10491.1,383,10,0
2026-04-22 13:25:00,10491.1,10498.1,10490.0,10497.5,359,10,0
2026-04-22 13:30:00,10497.5,10503.1,10496.1,10502.1,340,10,0
2026-04-22 13:35:00,10501.6,10503.5,10494.9,10495.1,358,10,0
2026-04-22 13:40:00,10494.7,10496.6,10491.6,10496.6,406,10,0
2026-04-22 13:45:00,10496.6,10499.6,10496.5,10497.7,396,10,0
2026-04-22 13:50:00,10497.5,10503.0,10497.5,10502.4,342,10,0
2026-04-22 13:55:00,10502.4,10510.1,10500.4,10507.6,360,10,0
2026-04-22 14:00:00,10507.6,10511.9,10504.1,10505.1,473,10,0
2026-04-22 14:05:00,10505.0,10507.1,10497.8,10497.8,479,10,0
2026-04-22 14:10:00,10497.6,10504.1,10497.6,10499.9,404,10,0
2026-04-22 14:15:00,10499.9,10507.1,10499.6,10503.6,369,10,0
2026-04-22 14:20:00,10503.6,10506.1,10498.6,10499.0,341,10,0
2026-04-22 14:25:00,10499.0,10504.6,10499.0,10504.0,386,10,0
2026-04-22 14:30:00,10504.1,10509.6,10500.1,10501.1,504,10,0
2026-04-22 14:35:00,10501.1,10503.8,10496.3,10500.6,433,10,0
2026-04-22 14:40:00,10500.6,10501.6,10494.9,10496.0,532,10,0
2026-04-22 14:45:00,10495.9,10509.1,10495.9,10508.0,475,10,0
2026-04-22 14:50:00,10508.0,10511.1,10506.0,10510.1,352,10,0
2026-04-22 14:55:00,10510.1,10510.1,10502.8,10504.8,304,10,0
2026-04-22 15:00:00,10504.8,10508.6,10503.7,10508.5,451,10,0
2026-04-22 15:05:00,10508.5,10510.0,10506.1,10509.0,322,10,0
2026-04-22 15:10:00,10509.0,10511.6,10503.6,10508.4,409,10,0
2026-04-22 15:15:00,10508.4,10510.6,10504.1,10507.8,290,10,0
2026-04-22 15:20:00,10507.4,10510.6,10505.1,10507.6,337,10,0
2026-04-22 15:25:00,10507.6,10509.6,10498.0,10498.6,381,10,0
2026-04-22 15:30:00,10498.6,10499.0,10492.5,10495.1,608,10,0
2026-04-22 15:35:00,10495.0,10495.0,10487.4,10490.5,466,10,0
2026-04-22 15:40:00,10490.6,10492.1,10485.5,10489.1,508,10,0
2026-04-22 15:45:00,10489.1,10494.6,10487.5,10490.4,397,10,0
2026-04-22 15:50:00,10490.4,10491.6,10485.9,10491.2,446,10,0
2026-04-22 15:55:00,10491.4,10493.6,10486.1,10487.0,386,10,0
2026-04-22 16:00:00,10486.7,10491.4,10485.3,10489.6,514,10,0
2026-04-22 16:05:00,10489.6,10501.5,10486.8,10489.6,480,10,0
2026-04-22 16:10:00,10489.6,10493.6,10487.5,10493.3,566,10,0
2026-04-22 16:15:00,10493.5,10498.3,10486.0,10496.1,553,10,0
2026-04-22 16:20:00,10495.7,10500.5,10493.4,10495.4,715,10,0
2026-04-22 16:25:00,10495.1,10498.1,10490.6,10498.0,491,10,0
2026-04-22 16:30:00,10498.1,10498.8,10483.8,10487.1,690,10,0
2026-04-22 16:35:00,10487.1,10492.7,10486.6,10491.5,579,10,0
2026-04-22 16:40:00,10491.5,10494.0,10483.6,10486.1,539,10,0
2026-04-22 16:45:00,10486.1,10496.9,10486.1,10487.6,633,10,0
2026-04-22 16:50:00,10487.6,10490.6,10482.7,10485.1,506,10,0
2026-04-22 16:55:00,10485.1,10489.9,10480.1,10489.5,343,10,0
2026-04-22 17:00:00,10489.1,10490.1,10476.2,10477.5,480,10,0
2026-04-22 17:05:00,10477.5,10479.4,10474.1,10477.6,438,10,0
2026-04-22 17:10:00,10477.8,10481.6,10475.1,10480.1,432,10,0
2026-04-22 17:15:00,10480.1,10490.6,10480.1,10490.1,389,10,0
2026-04-22 17:20:00,10490.1,10491.6,10480.1,10485.6,312,10,0
2026-04-22 17:25:00,10485.6,10489.1,10483.0,10486.6,383,10,0
2026-04-22 17:30:00,10486.6,10492.6,10482.1,10488.1,636,10,0
2026-04-22 17:35:00,10488.1,10494.1,10482.6,10492.6,546,10,0
2026-04-22 17:40:00,10492.6,10494.9,10484.0,10485.1,458,10,0
2026-04-22 17:45:00,10485.1,10486.9,10479.0,10480.1,438,10,0
2026-04-22 17:50:00,10480.1,10481.6,10469.6,10473.5,404,10,0
2026-04-22 17:55:00,10473.4,10479.1,10469.1,10478.1,430,10,0
2026-04-22 18:00:00,10478.1,10482.6,10472.6,10473.9,548,10,0
2026-04-22 18:05:00,10473.9,10481.3,10473.1,10476.6,527,10,0
2026-04-22 18:10:00,10476.6,10483.6,10473.6,10478.1,466,10,0
2026-04-22 18:15:00,10478.1,10479.1,10473.1,10475.1,427,10,0
2026-04-22 18:20:00,10475.1,10482.4,10471.6,10480.6,397,10,0
2026-04-22 18:25:00,10480.5,10482.6,10476.2,10482.1,445,10,0
2026-04-22 18:30:00,10482.2,10484.1,10470.5,10478.7,643,10,0
2026-04-22 18:35:00,10479.3,10481.3,10468.1,10469.3,437,18,0
2026-04-22 18:40:00,10469.3,10469.8,10461.3,10463.5,304,18,0
2026-04-22 18:45:00,10463.5,10470.3,10462.3,10468.3,291,18,0
2026-04-22 18:50:00,10468.3,10473.8,10466.3,10473.3,241,18,0
2026-04-22 18:55:00,10473.3,10478.8,10472.7,10474.1,217,18,0
2026-04-22 19:00:00,10473.8,10480.5,10472.8,10478.3,364,18,0
2026-04-22 19:05:00,10478.4,10482.3,10475.8,10479.3,254,18,0
2026-04-22 19:10:00,10479.3,10479.4,10475.3,10477.3,216,18,0
2026-04-22 19:15:00,10477.3,10477.7,10469.8,10469.8,198,18,0
2026-04-22 19:20:00,10469.8,10473.6,10469.4,10470.3,218,18,0
2026-04-22 19:25:00,10470.3,10470.3,10465.8,10466.8,232,18,0
2026-04-22 19:30:00,10466.8,10467.3,10462.3,10465.3,243,18,0
2026-04-22 19:35:00,10465.3,10473.8,10465.3,10473.1,204,18,0
2026-04-22 19:40:00,10473.1,10475.0,10463.8,10464.7,325,18,0
2026-04-22 19:45:00,10464.7,10468.8,10463.3,10467.3,195,18,0
2026-04-22 19:50:00,10467.3,10468.5,10461.8,10465.8,217,18,0
2026-04-22 19:55:00,10465.8,10465.8,10460.3,10461.3,247,18,0
2026-04-22 20:00:00,10461.3,10469.4,10459.9,10467.4,551,18,0
2026-04-22 20:05:00,10467.4,10469.9,10464.0,10467.8,281,18,0
2026-04-22 20:10:00,10467.8,10475.5,10466.7,10467.5,381,18,0
2026-04-22 20:15:00,10467.5,10469.9,10464.2,10464.3,234,18,0
2026-04-22 20:20:00,10464.3,10472.5,10464.3,10467.3,261,18,0
2026-04-22 20:25:00,10467.3,10470.0,10466.9,10469.7,193,18,0
2026-04-22 20:30:00,10469.7,10471.8,10469.0,10469.3,222,18,0
2026-04-22 20:35:00,10469.3,10471.8,10469.3,10471.8,211,18,0
2026-04-22 20:40:00,10471.8,10476.8,10471.8,10475.3,163,18,0
2026-04-22 20:45:00,10475.2,10476.0,10470.2,10472.8,302,18,0
2026-04-22 20:50:00,10472.8,10473.5,10470.3,10471.3,162,18,0
2026-04-22 20:55:00,10471.3,10476.0,10470.0,10474.4,102,18,0
2026-04-22 21:00:00,10474.5,10474.9,10470.0,10470.8,184,18,0
2026-04-22 21:05:00,10470.8,10472.8,10469.8,10470.8,101,18,0
2026-04-22 21:10:00,10470.8,10470.8,10466.8,10467.8,102,18,0
2026-04-22 21:15:00,10467.8,10468.3,10464.9,10464.9,88,18,0
2026-04-22 21:20:00,10464.8,10464.8,10459.6,10464.0,285,18,0
2026-04-22 21:25:00,10463.8,10465.8,10463.3,10465.0,187,18,0
2026-04-22 21:30:00,10465.0,10467.0,10464.2,10466.0,196,18,0
2026-04-22 21:35:00,10465.9,10470.3,10465.9,10470.3,110,18,0
2026-04-22 21:40:00,10470.3,10470.8,10466.9,10468.0,123,18,0
2026-04-22 21:45:00,10468.0,10468.3,10466.5,10466.8,118,18,0
2026-04-22 21:50:00,10466.8,10466.8,10464.1,10464.8,122,18,0
2026-04-22 21:55:00,10464.8,10467.4,10463.0,10467.3,138,18,0
2026-04-22 22:00:00,10467.3,10469.4,10455.7,10456.3,540,18,0
2026-04-22 22:05:00,10456.3,10464.0,10454.8,10464.0,221,18,0
2026-04-22 22:10:00,10464.0,10467.9,10463.7,10466.9,182,18,0
2026-04-22 22:15:00,10466.9,10471.5,10466.8,10470.3,148,18,0
2026-04-22 22:20:00,10470.3,10470.5,10466.9,10469.9,185,18,0
2026-04-22 22:25:00,10469.9,10473.4,10469.9,10472.2,132,18,0
2026-04-22 22:30:00,10472.3,10473.4,10466.3,10469.3,178,18,0
2026-04-22 22:35:00,10469.3,10476.0,10467.5,10473.8,146,18,0
2026-04-22 22:40:00,10473.8,10477.3,10473.4,10475.3,87,18,0
2026-04-22 22:45:00,10475.3,10477.7,10473.5,10476.3,153,18,0
2026-04-22 22:50:00,10476.3,10478.5,10473.1,10474.1,289,18,0
2026-04-22 22:55:00,10474.1,10480.1,10472.3,10477.0,291,18,0
2026-04-23 03:00:00,10460.9,10460.9,10453.7,10455.5,81,18,0
2026-04-23 03:05:00,10455.5,10457.4,10442.8,10443.3,294,19,0
2026-04-23 03:10:00,10443.3,10443.9,10415.8,10416.1,491,19,0
2026-04-23 03:15:00,10415.7,10438.7,10386.4,10438.1,951,22,0
2026-04-23 03:20:00,10438.0,10443.1,10427.4,10429.0,807,23,0
2026-04-23 03:25:00,10429.1,10446.8,10429.1,10444.4,703,27,0
2026-04-23 03:30:00,10444.4,10457.1,10443.9,10451.3,682,19,0
2026-04-23 03:35:00,10451.4,10453.0,10442.1,10444.4,572,23,0
2026-04-23 03:40:00,10444.3,10448.8,10443.0,10446.9,444,23,0
2026-04-23 03:45:00,10446.9,10450.9,10440.7,10444.3,488,19,0
2026-04-23 03:50:00,10444.3,10453.3,10443.5,10448.7,497,23,0
2026-04-23 03:55:00,10448.8,10451.7,10446.5,10449.0,316,20,0
2026-04-23 04:00:00,10449.0,10450.4,10443.7,10443.8,442,22,0
2026-04-23 04:05:00,10443.8,10446.8,10441.6,10443.6,375,21,0
2026-04-23 04:10:00,10443.6,10445.1,10438.5,10440.8,376,18,0
2026-04-23 04:15:00,10440.8,10442.3,10436.3,10436.5,273,18,0
2026-04-23 04:20:00,10436.5,10438.4,10434.9,10436.8,271,19,0
2026-04-23 04:25:00,10436.8,10440.4,10430.8,10432.2,306,20,0
2026-04-23 04:30:00,10432.2,10438.0,10429.0,10432.8,492,18,0
2026-04-23 04:35:00,10432.7,10435.6,10428.0,10429.7,370,19,0
2026-04-23 04:40:00,10429.7,10430.3,10426.1,10427.1,373,22,0
2026-04-23 04:45:00,10427.1,10427.7,10423.3,10423.4,345,23,0
2026-04-23 04:50:00,10423.5,10423.5,10416.4,10417.3,402,21,0
2026-04-23 04:55:00,10417.3,10423.1,10417.3,10422.0,359,24,0
2026-04-23 05:00:00,10422.3,10422.9,10414.8,10416.7,387,20,0
2026-04-23 05:05:00,10417.1,10419.2,10414.6,10415.3,354,19,0
2026-04-23 05:10:00,10415.3,10415.5,10401.8,10402.3,338,18,0
2026-04-23 05:15:00,10402.1,10409.9,10399.3,10406.5,506,22,0
2026-04-23 05:20:00,10406.5,10417.2,10405.2,10411.0,525,20,0
2026-04-23 05:25:00,10411.3,10414.6,10406.5,10406.6,439,27,0
2026-04-23 05:30:00,10406.6,10409.0,10401.8,10403.3,455,27,0
2026-04-23 05:35:00,10403.4,10410.9,10402.2,10406.4,456,22,0
2026-04-23 05:40:00,10406.0,10407.6,10400.4,10401.7,337,23,0
2026-04-23 05:45:00,10401.7,10406.8,10401.3,10406.8,292,24,0
2026-04-23 05:50:00,10406.8,10411.2,10406.0,10407.5,308,18,0
2026-04-23 05:55:00,10407.5,10408.3,10401.6,10403.0,439,20,0
2026-04-23 06:00:00,10403.0,10406.6,10399.5,10406.5,419,19,0
2026-04-23 06:05:00,10406.5,10406.8,10400.8,10402.6,413,22,0
2026-04-23 06:10:00,10402.7,10402.7,10396.2,10397.1,400,20,0
2026-04-23 06:15:00,10397.1,10400.1,10394.3,10395.8,334,22,0
2026-04-23 06:20:00,10395.7,10399.4,10395.5,10397.7,298,18,0
2026-04-23 06:25:00,10397.7,10398.8,10393.8,10394.1,341,18,0
2026-04-23 06:30:00,10394.3,10394.3,10387.0,10390.9,532,21,0
2026-04-23 06:35:00,10390.9,10390.9,10386.4,10386.6,436,21,0
2026-04-23 06:40:00,10386.6,10395.3,10385.0,10393.9,315,22,0
2026-04-23 06:45:00,10393.9,10401.8,10393.5,10400.6,357,18,0
2026-04-23 06:50:00,10400.6,10404.5,10399.5,10402.3,346,18,0
2026-04-23 06:55:00,10402.3,10403.8,10397.8,10402.2,254,19,0
2026-04-23 07:00:00,10402.2,10402.5,10397.0,10397.1,236,21,0
2026-04-23 07:05:00,10397.1,10402.4,10396.4,10400.7,281,20,0
2026-04-23 07:10:00,10400.7,10404.7,10400.1,10403.3,246,22,0
2026-04-23 07:15:00,10403.5,10406.9,10402.8,10405.5,230,24,0
2026-04-23 07:20:00,10405.5,10407.1,10402.8,10403.4,211,25,0
2026-04-23 07:25:00,10403.4,10407.7,10403.0,10406.6,233,18,0
2026-04-23 07:30:00,10406.6,10412.2,10406.6,10411.8,207,18,0
2026-04-23 07:35:00,10411.5,10414.3,10411.2,10413.1,168,19,0
2026-04-23 07:40:00,10413.1,10415.8,10411.7,10415.2,185,20,0
2026-04-23 07:45:00,10415.2,10415.9,10412.7,10414.0,118,20,0
2026-04-23 07:50:00,10414.0,10415.5,10413.5,10414.5,148,23,0
2026-04-23 07:55:00,10414.5,10418.1,10412.6,10414.6,219,18,0
2026-04-23 08:00:00,10414.6,10420.1,10414.3,10416.8,275,18,0
2026-04-23 08:05:00,10416.8,10418.0,10415.2,10417.3,171,24,0
2026-04-23 08:10:00,10417.5,10419.9,10416.1,10419.2,136,24,0
2026-04-23 08:15:00,10419.2,10420.5,10416.8,10418.3,169,21,0
2026-04-23 08:20:00,10418.3,10419.8,10417.7,10418.3,140,19,0
2026-04-23 08:25:00,10418.3,10418.8,10414.7,10416.2,177,20,0
2026-04-23 08:30:00,10416.2,10423.8,10415.1,10422.8,278,21,0
2026-04-23 08:35:00,10422.8,10424.3,10419.7,10419.8,248,19,0
2026-04-23 08:40:00,10419.8,10419.8,10414.1,10415.4,222,18,0
2026-04-23 08:45:00,10415.4,10419.8,10415.3,10419.1,195,18,0
2026-04-23 08:50:00,10419.1,10428.1,10418.9,10423.8,295,18,0
2026-04-23 08:55:00,10423.8,10428.9,10423.5,10427.1,290,18,0
2026-04-23 09:00:00,10427.1,10431.1,10418.4,10419.4,352,18,0
2026-04-23 09:05:00,10419.4,10422.9,10418.8,10422.1,299,18,0
2026-04-23 09:10:00,10422.1,10422.6,10415.1,10418.2,276,18,0
2026-04-23 09:15:00,10418.0,10427.6,10417.7,10426.3,247,18,0
2026-04-23 09:20:00,10426.3,10427.3,10423.3,10425.8,259,18,0
2026-04-23 09:25:00,10425.7,10427.7,10423.2,10427.1,250,18,0
2026-04-23 09:30:00,10427.3,10429.3,10422.3,10423.4,270,18,0
2026-04-23 09:35:00,10423.4,10427.1,10421.2,10421.4,190,18,0
2026-04-23 09:40:00,10421.5,10423.7,10420.2,10421.2,214,18,0
2026-04-23 09:45:00,10421.2,10421.6,10414.1,10415.6,260,18,0
2026-04-23 09:50:00,10415.6,10420.4,10415.5,10417.7,270,18,0
2026-04-23 09:55:00,10417.8,10426.8,10412.8,10425.5,376,18,0
2026-04-23 10:00:00,10427.8,10428.7,10409.6,10418.3,805,10,0
2026-04-23 10:05:00,10418.3,10419.2,10408.8,10416.7,594,10,0
2026-04-23 10:10:00,10417.4,10424.7,10412.4,10423.9,479,10,0
2026-04-23 10:15:00,10423.9,10431.4,10419.0,10431.3,565,10,0
2026-04-23 10:20:00,10431.3,10431.4,10421.2,10429.4,580,10,0
2026-04-23 10:25:00,10429.4,10431.7,10426.5,10428.8,408,10,0
2026-04-23 10:30:00,10428.8,10435.4,10424.8,10432.8,580,10,0
2026-04-23 10:35:00,10432.9,10438.4,10429.4,10436.8,551,10,0
2026-04-23 10:40:00,10436.8,10438.9,10430.1,10438.8,524,10,0
2026-04-23 10:45:00,10438.8,10444.4,10433.4,10444.0,527,10,0
2026-04-23 10:50:00,10444.0,10444.9,10431.8,10434.7,479,10,0
2026-04-23 10:55:00,10434.8,10435.9,10428.2,10432.3,340,10,0
2026-04-23 11:00:00,10432.3,10432.4,10424.3,10425.9,472,10,0
2026-04-23 11:05:00,10425.4,10426.2,10412.3,10417.4,531,10,0
2026-04-23 11:10:00,10417.4,10419.9,10410.7,10412.7,479,10,0
2026-04-23 11:15:00,10412.6,10415.3,10408.9,10413.3,517,10,0
2026-04-23 11:20:00,10413.3,10421.9,10410.3,10421.3,433,10,0
2026-04-23 11:25:00,10421.3,10427.8,10417.4,10419.5,427,10,0
2026-04-23 11:30:00,10419.4,10419.4,10399.9,10407.3,536,10,0
2026-04-23 11:35:00,10407.3,10412.9,10401.5,10404.9,563,10,0
2026-04-23 11:40:00,10404.9,10404.9,10394.4,10395.9,545,10,0
2026-04-23 11:45:00,10395.7,10400.8,10392.4,10396.9,476,10,0
2026-04-23 11:50:00,10396.9,10398.9,10391.7,10391.8,496,10,0
2026-04-23 11:55:00,10391.8,10393.4,10387.4,10388.4,523,10,0
2026-04-23 12:00:00,10388.4,10388.4,10369.4,10372.3,623,10,0
2026-04-23 12:05:00,10372.9,10375.1,10369.2,10372.5,579,10,0
2026-04-23 12:10:00,10372.5,10390.4,10371.9,10384.2,580,10,0
2026-04-23 12:15:00,10384.2,10396.9,10383.3,10388.3,656,10,0
2026-04-23 12:20:00,10388.3,10392.4,10385.8,10388.4,522,10,0
2026-04-23 12:25:00,10388.3,10392.8,10383.3,10387.8,507,10,0
2026-04-23 12:30:00,10387.8,10394.4,10387.4,10389.8,543,10,0
2026-04-23 12:35:00,10389.3,10390.4,10380.2,10385.8,412,10,0
2026-04-23 12:40:00,10385.8,10390.3,10383.7,10384.9,480,10,0
2026-04-23 12:45:00,10384.9,10384.9,10369.9,10378.7,477,10,0
2026-04-23 12:50:00,10378.7,10384.4,10374.9,10376.9,452,10,0
2026-04-23 12:55:00,10376.9,10381.9,10369.2,10372.3,503,10,0
2026-04-23 13:00:00,10372.3,10372.3,10363.9,10368.2,551,10,0
2026-04-23 13:05:00,10368.0,10371.4,10361.4,10364.3,501,10,0
2026-04-23 13:10:00,10364.3,10370.3,10358.3,10364.4,429,10,0
2026-04-23 13:15:00,10364.4,10371.4,10364.4,10369.4,412,10,0
2026-04-23 13:20:00,10369.4,10378.4,10367.9,10377.8,502,10,0
2026-04-23 13:25:00,10377.4,10383.4,10373.9,10373.9,380,10,0
2026-04-23 13:30:00,10373.9,10384.9,10371.9,10383.9,478,10,0
2026-04-23 13:35:00,10383.9,10390.4,10381.3,10385.4,454,10,0
2026-04-23 13:40:00,10385.4,10389.1,10381.6,10383.0,448,10,0
2026-04-23 13:45:00,10383.0,10390.4,10382.8,10385.9,346,10,0
2026-04-23 13:50:00,10385.9,10393.2,10385.3,10391.9,288,10,0
2026-04-23 13:55:00,10391.9,10403.9,10391.9,10402.4,502,10,0
2026-04-23 14:00:00,10402.4,10408.4,10398.9,10402.8,428,10,0
2026-04-23 14:05:00,10402.4,10404.9,10395.4,10396.9,407,10,0
2026-04-23 14:10:00,10396.9,10398.5,10391.4,10392.9,320,10,0
2026-04-23 14:15:00,10392.9,10395.9,10389.3,10391.4,352,10,0
2026-04-23 14:20:00,10391.4,10393.4,10389.4,10393.3,298,10,0
2026-04-23 14:25:00,10393.3,10398.9,10388.0,10390.9,374,10,0
2026-04-23 14:30:00,10390.9,10391.4,10381.8,10382.4,490,10,0
2026-04-23 14:35:00,10382.4,10391.4,10382.4,10387.4,503,10,0
2026-04-23 14:40:00,10387.4,10393.5,10387.4,10391.9,487,10,0
2026-04-23 14:45:00,10391.9,10403.9,10390.8,10396.4,562,10,0
2026-04-23 14:50:00,10396.4,10410.8,10395.7,10408.8,598,10,0
2026-04-23 14:55:00,10408.7,10413.9,10407.4,10411.9,587,10,0
2026-04-23 15:00:00,10411.8,10420.8,10410.6,10417.8,532,10,0
2026-04-23 15:05:00,10417.8,10430.9,10417.4,10424.4,614,10,0
2026-04-23 15:10:00,10424.5,10431.9,10422.7,10426.3,575,10,0
2026-04-23 15:15:00,10425.9,10427.9,10420.2,10423.9,536,10,0
2026-04-23 15:20:00,10423.8,10425.4,10413.3,10424.2,491,10,0
2026-04-23 15:25:00,10424.2,10425.3,10420.2,10423.8,277,10,0
2026-04-23 15:30:00,10423.8,10425.3,10415.9,10419.0,497,10,0
2026-04-23 15:35:00,10418.8,10420.9,10414.5,10418.0,538,10,0
2026-04-23 15:40:00,10418.0,10421.3,10416.7,10417.7,463,10,0
2026-04-23 15:45:00,10417.5,10420.9,10404.2,10411.8,658,10,0
2026-04-23 15:50:00,10411.9,10420.9,10411.9,10420.8,555,10,0
2026-04-23 15:55:00,10420.8,10429.4,10420.8,10428.9,512,10,0
2026-04-23 16:00:00,10428.7,10435.9,10426.3,10433.2,509,10,0
2026-04-23 16:05:00,10433.3,10434.4,10428.8,10431.4,465,10,0
2026-04-23 16:10:00,10431.3,10433.4,10421.7,10425.4,423,10,0
2026-04-23 16:15:00,10423.7,10435.4,10423.7,10435.4,340,10,0
2026-04-23 16:20:00,10435.4,10440.0,10433.4,10433.8,460,10,0
2026-04-23 16:25:00,10433.8,10439.8,10430.4,10438.8,452,10,0
2026-04-23 16:30:00,10439.0,10453.4,10432.4,10432.9,724,10,0
2026-04-23 16:35:00,10432.9,10436.8,10429.8,10433.4,634,10,0
2026-04-23 16:40:00,10433.4,10443.2,10432.4,10442.8,434,10,0
2026-04-23 16:45:00,10442.8,10442.8,10434.9,10440.8,515,10,0
2026-04-23 16:50:00,10440.5,10447.4,10438.3,10444.0,499,10,0
2026-04-23 16:55:00,10443.9,10444.1,10435.1,10442.5,442,10,0
2026-04-23 17:00:00,10442.9,10446.8,10430.9,10445.3,579,10,0
2026-04-23 17:05:00,10445.1,10448.9,10439.8,10443.2,573,10,0
2026-04-23 17:10:00,10443.7,10455.4,10442.6,10454.9,548,10,0
2026-04-23 17:15:00,10454.9,10457.9,10451.9,10453.9,381,10,0
2026-04-23 17:20:00,10453.9,10456.9,10450.6,10456.4,409,10,0
2026-04-23 17:25:00,10456.4,10463.4,10454.9,10460.4,426,10,0
2026-04-23 17:30:00,10460.4,10464.8,10455.4,10456.3,430,10,0
2026-04-23 17:35:00,10456.4,10460.0,10453.9,10458.4,395,10,0
2026-04-23 17:40:00,10458.4,10465.9,10457.7,10463.9,421,10,0
2026-04-23 17:45:00,10463.9,10465.8,10458.9,10462.3,409,10,0
2026-04-23 17:50:00,10462.2,10465.9,10459.4,10465.4,363,10,0
2026-04-23 17:55:00,10465.4,10466.9,10461.6,10466.5,366,10,0
2026-04-23 18:00:00,10466.4,10466.4,10461.4,10463.4,428,10,0
2026-04-23 18:05:00,10463.4,10463.4,10456.7,10460.7,386,10,0
2026-04-23 18:10:00,10460.7,10463.7,10459.4,10460.4,315,10,0
2026-04-23 18:15:00,10460.4,10465.3,10458.4,10464.9,268,10,0
2026-04-23 18:20:00,10464.9,10467.2,10462.4,10465.9,297,10,0
2026-04-23 18:25:00,10465.9,10470.2,10464.9,10466.1,352,10,0
2026-04-23 18:30:00,10465.8,10466.1,10452.6,10453.8,478,18,0
2026-04-23 18:35:00,10453.6,10456.3,10447.3,10449.1,394,18,0
2026-04-23 18:40:00,10449.1,10451.4,10441.8,10441.8,276,18,0
2026-04-23 18:45:00,10441.8,10447.4,10434.9,10447.1,481,18,0
2026-04-23 18:50:00,10447.1,10448.6,10441.8,10443.8,346,18,0
2026-04-23 18:55:00,10443.8,10456.6,10442.1,10452.6,482,18,0
2026-04-23 19:00:00,10452.6,10456.0,10447.6,10448.5,319,18,0
2026-04-23 19:05:00,10448.3,10449.6,10442.3,10449.4,295,18,0
2026-04-23 19:10:00,10449.4,10454.3,10448.6,10451.6,240,18,0
2026-04-23 19:15:00,10451.6,10453.6,10449.6,10450.8,246,18,0
2026-04-23 19:20:00,10450.8,10450.9,10444.2,10448.6,227,18,0
2026-04-23 19:25:00,10448.6,10451.6,10446.1,10448.6,217,18,0
2026-04-23 19:30:00,10448.6,10451.1,10444.5,10449.1,236,18,0
2026-04-23 19:35:00,10449.1,10450.4,10445.2,10446.1,221,18,0
2026-04-23 19:40:00,10445.7,10451.0,10445.4,10450.6,192,18,0
2026-04-23 19:45:00,10450.6,10454.1,10450.6,10453.1,139,18,0
2026-04-23 19:50:00,10453.1,10453.1,10450.1,10451.2,219,18,0
2026-04-23 19:55:00,10451.2,10452.6,10445.6,10448.4,288,18,0
2026-04-23 20:00:00,10448.4,10450.1,10422.0,10427.4,797,18,0
2026-04-23 20:05:00,10427.7,10431.8,10412.6,10412.9,822,18,0
2026-04-23 20:10:00,10412.9,10415.8,10404.8,10405.3,852,18,0
2026-04-23 20:15:00,10405.3,10406.2,10387.9,10392.5,865,18,0
2026-04-23 20:20:00,10392.3,10397.3,10383.8,10386.7,740,18,0
2026-04-23 20:25:00,10386.7,10397.8,10379.3,10380.7,762,18,0
2026-04-23 20:30:00,10380.7,10394.3,10378.7,10393.7,749,18,0
2026-04-23 20:35:00,10393.7,10395.6,10370.7,10374.1,781,18,0
2026-04-23 20:40:00,10374.2,10374.7,10347.4,10351.9,946,18,0
2026-04-23 20:45:00,10352.1,10358.9,10339.1,10351.2,1028,18,0
2026-04-23 20:50:00,10351.2,10401.0,10346.3,10372.5,1050,18,0
2026-04-23 20:55:00,10372.5,10390.8,10372.2,10388.3,1049,18,0
2026-04-23 21:00:00,10388.3,10403.8,10386.1,10394.5,941,18,0
2026-04-23 21:05:00,10394.2,10402.8,10389.3,10396.7,755,18,0
2026-04-23 21:10:00,10396.8,10407.3,10395.3,10401.3,774,18,0
2026-04-23 21:15:00,10401.3,10408.3,10400.2,10404.7,547,18,0
2026-04-23 21:20:00,10404.7,10409.3,10400.0,10407.9,596,18,0
2026-04-23 21:25:00,10407.9,10413.8,10406.2,10413.4,455,18,0
2026-04-23 21:30:00,10413.4,10421.6,10413.3,10419.6,508,18,0
2026-04-23 21:35:00,10419.7,10421.7,10413.3,10414.3,494,18,0
2026-04-23 21:40:00,10414.3,10414.6,10406.6,10412.6,497,18,0
2026-04-23 21:45:00,10412.6,10413.3,10402.0,10402.8,351,18,0
2026-04-23 21:50:00,10402.8,10408.8,10399.1,10403.8,406,18,0
2026-04-23 21:55:00,10403.8,10404.0,10391.7,10396.7,467,18,0
2026-04-23 22:00:00,10396.8,10399.8,10392.6,10396.3,617,18,0
2026-04-23 22:05:00,10396.3,10404.2,10396.3,10402.3,496,18,0
2026-04-23 22:10:00,10401.3,10401.8,10397.1,10401.3,394,18,0
2026-04-23 22:15:00,10401.3,10405.8,10401.3,10405.3,404,18,0
2026-04-23 22:20:00,10405.3,10405.8,10398.9,10399.8,329,18,0
2026-04-23 22:25:00,10399.8,10401.6,10397.3,10400.0,225,18,0
2026-04-23 22:30:00,10400.0,10402.6,10393.3,10393.3,445,18,0
2026-04-23 22:35:00,10393.3,10393.3,10384.0,10388.5,596,18,0
2026-04-23 22:40:00,10388.5,10397.8,10388.5,10391.8,510,18,0
2026-04-23 22:45:00,10392.1,10398.4,10391.8,10397.2,365,18,0
2026-04-23 22:50:00,10397.1,10405.2,10392.3,10401.8,496,18,0
2026-04-23 22:55:00,10401.8,10409.3,10401.3,10407.8,259,18,0
2026-04-24 03:00:00,10416.1,10416.1,10396.9,10397.8,214,21,0
2026-04-24 03:05:00,10397.8,10406.2,10397.8,10403.7,207,20,0
2026-04-24 03:10:00,10403.7,10405.8,10402.1,10404.4,98,24,0
2026-04-24 03:15:00,10404.4,10409.9,10404.4,10405.8,350,18,0
2026-04-24 03:20:00,10405.8,10406.6,10399.5,10400.6,266,18,0
2026-04-24 03:25:00,10400.6,10404.9,10399.5,10402.8,265,18,0
2026-04-24 03:30:00,10402.8,10405.0,10397.1,10399.7,285,18,0
2026-04-24 03:35:00,10399.7,10402.7,10398.0,10399.4,239,18,0
2026-04-24 03:40:00,10399.4,10399.5,10389.1,10390.5,299,18,0
2026-04-24 03:45:00,10390.5,10394.2,10387.6,10388.9,338,22,0
2026-04-24 03:50:00,10388.9,10390.8,10385.2,10388.9,292,22,0
2026-04-24 03:55:00,10389.2,10390.6,10386.0,10390.0,204,24,0
2026-04-24 04:00:00,10390.0,10391.2,10384.8,10384.9,324,19,0
2026-04-24 04:05:00,10384.9,10386.5,10381.4,10383.1,316,20,0
2026-04-24 04:10:00,10383.1,10386.0,10382.2,10383.7,254,18,0
2026-04-24 04:15:00,10383.7,10385.2,10380.3,10381.2,269,19,0
2026-04-24 04:20:00,10381.2,10383.4,10378.9,10381.7,344,20,0
2026-04-24 04:25:00,10381.7,10385.5,10380.5,10383.4,220,22,0
2026-04-24 04:30:00,10383.4,10385.3,10374.6,10375.9,428,19,0
2026-04-24 04:35:00,10376.5,10376.7,10370.4,10372.9,384,18,0
2026-04-24 04:40:00,10373.6,10376.2,10371.2,10371.9,351,23,0
2026-04-24 04:45:00,10371.9,10377.9,10370.9,10377.6,313,18,0
2026-04-24 04:50:00,10377.6,10379.7,10376.7,10378.2,253,18,0
2026-04-24 04:55:00,10378.2,10379.7,10376.2,10378.6,251,18,0
2026-04-24 05:00:00,10378.6,10379.4,10370.4,10372.2,400,18,0
2026-04-24 05:05:00,10372.2,10375.0,10371.9,10372.2,242,19,0
2026-04-24 05:10:00,10372.2,10373.7,10368.7,10372.1,351,20,0
2026-04-24 05:15:00,10372.1,10375.0,10369.4,10372.1,235,21,0
2026-04-24 05:20:00,10372.1,10372.2,10363.7,10363.7,257,19,0
2026-04-24 05:25:00,10363.9,10366.0,10361.1,10363.9,328,18,0
2026-04-24 05:30:00,10364.0,10369.0,10363.3,10367.9,266,21,0
2026-04-24 05:35:00,10367.9,10368.3,10362.4,10363.2,210,19,0
2026-04-24 05:40:00,10363.2,10366.2,10362.5,10364.2,185,18,0
2026-04-24 05:45:00,10364.2,10364.9,10360.2,10361.0,171,19,0
2026-04-24 05:50:00,10361.0,10366.2,10359.4,10365.3,281,18,0
2026-04-24 05:55:00,10365.3,10366.0,10363.4,10365.5,173,19,0
2026-04-24 06:00:00,10365.5,10368.3,10360.7,10363.0,298,23,0
2026-04-24 06:05:00,10363.0,10365.1,10361.0,10362.1,286,22,0
2026-04-24 06:10:00,10362.1,10363.9,10360.2,10360.2,185,19,0
2026-04-24 06:15:00,10360.2,10362.0,10358.5,10361.2,231,18,0
2026-04-24 06:20:00,10361.5,10364.5,10360.7,10363.4,185,18,0
2026-04-24 06:25:00,10363.9,10367.1,10361.4,10362.6,257,18,0
2026-04-24 06:30:00,10362.7,10363.0,10359.3,10361.7,272,19,0
2026-04-24 06:35:00,10361.7,10365.6,10360.5,10364.9,291,18,0
2026-04-24 06:40:00,10364.9,10367.0,10363.0,10364.2,174,18,0
2026-04-24 06:45:00,10364.2,10372.0,10363.8,10371.8,242,18,0
2026-04-24 06:50:00,10372.0,10375.0,10370.5,10373.7,200,18,0
2026-04-24 06:55:00,10373.7,10374.0,10368.3,10368.5,244,18,0
2026-04-24 07:00:00,10368.5,10368.6,10365.9,10367.2,262,18,0
2026-04-24 07:05:00,10367.4,10374.0,10367.4,10373.4,181,19,0
2026-04-24 07:10:00,10373.4,10373.6,10369.9,10370.4,175,18,0
2026-04-24 07:15:00,10370.4,10370.9,10368.0,10370.6,191,18,0
2026-04-24 07:20:00,10370.6,10370.8,10368.2,10368.7,191,18,0
2026-04-24 07:25:00,10368.7,10370.3,10368.0,10369.7,168,18,0
2026-04-24 07:30:00,10369.7,10378.2,10369.6,10376.3,265,18,0
2026-04-24 07:35:00,10376.3,10380.2,10376.3,10377.9,159,18,0
2026-04-24 07:40:00,10377.9,10382.9,10377.8,10382.9,152,18,0
2026-04-24 07:45:00,10382.9,10390.0,10382.4,10389.4,213,18,0
2026-04-24 07:50:00,10389.4,10390.5,10387.4,10387.5,153,18,0
2026-04-24 07:55:00,10387.5,10389.4,10386.8,10387.7,164,18,0
2026-04-24 08:00:00,10387.7,10389.0,10385.7,10387.0,237,18,0
2026-04-24 08:05:00,10387.0,10388.9,10380.0,10380.2,234,18,0
2026-04-24 08:10:00,10380.2,10382.5,10378.9,10382.2,180,18,0
2026-04-24 08:15:00,10382.2,10385.4,10382.0,10384.0,281,20,0
2026-04-24 08:20:00,10384.0,10384.9,10382.2,10383.0,284,18,0
2026-04-24 08:25:00,10383.0,10385.0,10381.4,10382.1,227,18,0
2026-04-24 08:30:00,10382.1,10392.1,10382.1,10389.9,236,18,0
2026-04-24 08:35:00,10389.9,10391.0,10388.1,10388.4,146,18,0
2026-04-24 08:40:00,10387.9,10389.9,10386.9,10388.7,170,18,0
2026-04-24 08:45:00,10388.7,10389.7,10385.8,10387.3,146,18,0
2026-04-24 08:50:00,10387.4,10388.9,10386.1,10387.4,173,18,0
2026-04-24 08:55:00,10387.5,10388.3,10386.7,10386.8,151,18,0
2026-04-24 09:00:00,10386.8,10394.3,10386.4,10389.7,273,18,0
2026-04-24 09:05:00,10389.5,10390.4,10385.8,10388.8,280,18,0
2026-04-24 09:10:00,10388.7,10393.4,10386.1,10392.0,217,18,0
2026-04-24 09:15:00,10391.8,10393.4,10387.3,10387.3,208,18,0
2026-04-24 09:20:00,10387.3,10390.5,10386.1,10387.8,209,18,0
2026-04-24 09:25:00,10387.8,10387.8,10383.4,10383.8,224,18,0
2026-04-24 09:30:00,10384.9,10388.0,10380.4,10384.4,302,18,0
2026-04-24 09:35:00,10384.4,10385.9,10381.3,10385.7,268,18,0
2026-04-24 09:40:00,10385.7,10389.3,10385.1,10387.4,257,18,0
2026-04-24 09:45:00,10387.4,10387.9,10382.9,10383.2,216,18,0
2026-04-24 09:50:00,10383.2,10383.3,10376.3,10377.4,224,18,0
2026-04-24 09:55:00,10377.5,10400.5,10376.8,10400.5,322,18,0
2026-04-24 10:00:00,10400.1,10419.8,10396.9,10417.4,795,11,0
2026-04-24 10:05:00,10417.3,10422.2,10410.1,10413.2,528,10,0
2026-04-24 10:10:00,10412.9,10412.9,10406.7,10407.1,540,10,0
2026-04-24 10:15:00,10407.1,10407.6,10398.9,10405.1,430,10,0
2026-04-24 10:20:00,10405.1,10411.6,10397.4,10402.4,540,10,0
2026-04-24 10:25:00,10402.5,10415.1,10401.1,10412.4,585,10,0
2026-04-24 10:30:00,10412.6,10416.6,10407.1,10412.1,598,10,0
2026-04-24 10:35:00,10412.1,10414.0,10406.9,10410.0,536,10,0
2026-04-24 10:40:00,10409.6,10411.4,10403.5,10411.1,478,10,0
2026-04-24 10:45:00,10411.1,10418.3,10410.0,10417.0,537,10,0
2026-04-24 10:50:00,10417.1,10417.1,10407.1,10408.6,481,10,0
2026-04-24 10:55:00,10408.6,10419.6,10406.9,10418.1,329,10,0
2026-04-24 11:00:00,10418.1,10419.8,10395.4,10401.9,632,10,0
2026-04-24 11:05:00,10401.6,10404.1,10392.9,10396.7,643,10,0
2026-04-24 11:10:00,10396.9,10403.1,10390.1,10391.6,586,10,0
2026-04-24 11:15:00,10391.6,10404.4,10391.6,10401.9,670,10,0
2026-04-24 11:20:00,10401.9,10411.1,10397.6,10402.0,630,10,0
2026-04-24 11:25:00,10402.0,10402.2,10383.1,10388.9,612,10,0
2026-04-24 11:30:00,10388.8,10388.8,10375.0,10376.0,632,10,0
2026-04-24 11:35:00,10376.1,10386.6,10374.7,10386.1,538,10,0
2026-04-24 11:40:00,10386.1,10389.6,10376.2,10377.0,445,10,0
2026-04-24 11:45:00,10377.0,10382.1,10371.2,10372.9,523,10,0
2026-04-24 11:50:00,10373.0,10373.1,10366.0,10369.1,538,10,0
2026-04-24 11:55:00,10369.1,10370.5,10362.4,10369.6,461,10,0
2026-04-24 12:00:00,10369.6,10378.1,10366.6,10374.7,596,10,0
2026-04-24 12:05:00,10374.7,10382.1,10373.1,10382.1,529,10,0
2026-04-24 12:10:00,10382.1,10383.1,10378.1,10381.1,452,10,0
2026-04-24 12:15:00,10381.1,10385.4,10372.3,10376.6,460,10,0
2026-04-24 12:20:00,10376.6,10379.1,10366.6,10373.2,543,10,0
2026-04-24 12:25:00,10373.1,10377.0,10369.1,10373.1,467,10,0
2026-04-24 12:30:00,10373.1,10377.1,10368.9,10377.1,431,10,0
2026-04-24 12:35:00,10377.1,10384.1,10376.1,10383.4,457,10,0
2026-04-24 12:40:00,10383.4,10387.4,10380.9,10386.2,337,10,0
2026-04-24 12:45:00,10386.2,10389.1,10383.6,10385.0,305,10,0
2026-04-24 12:50:00,10385.6,10386.0,10374.9,10379.1,526,10,0
2026-04-24 12:55:00,10379.1,10385.1,10378.1,10382.1,449,10,0
2026-04-24 13:00:00,10382.1,10396.6,10381.1,10395.6,558,10,0
2026-04-24 13:05:00,10395.5,10395.5,10384.9,10388.1,433,10,0
2026-04-24 13:10:00,10388.1,10388.6,10381.7,10385.4,361,10,0
2026-04-24 13:15:00,10385.4,10390.2,10384.0,10388.1,379,10,0
2026-04-24 13:20:00,10388.1,10392.6,10385.9,10389.6,367,10,0
2026-04-24 13:25:00,10389.5,10394.1,10387.1,10393.1,323,10,0
2026-04-24 13:30:00,10393.1,10395.6,10391.1,10394.0,393,10,0
2026-04-24 13:35:00,10394.0,10397.6,10392.1,10393.6,285,10,0
2026-04-24 13:40:00,10393.6,10400.4,10392.6,10397.1,367,10,0
2026-04-24 13:45:00,10397.1,10402.1,10395.7,10400.1,311,10,0
2026-04-24 13:50:00,10400.1,10401.6,10395.6,10400.9,246,8,0
2026-04-24 13:55:00,10400.9,10402.1,10391.6,10391.6,274,10,0
2026-04-24 14:00:00,10391.8,10413.1,10391.1,10405.6,487,10,0
2026-04-24 14:05:00,10405.5,10428.7,10398.9,10414.1,1055,10,0
2026-04-24 14:10:00,10414.6,10425.6,10413.6,10420.9,870,10,0
2026-04-24 14:15:00,10420.9,10428.2,10418.5,10423.6,727,10,0
2026-04-24 14:20:00,10423.6,10442.9,10421.2,10437.4,874,10,0
2026-04-24 14:25:00,10437.9,10446.0,10436.7,10444.0,871,10,0
2026-04-24 14:30:00,10444.1,10448.1,10438.7,10441.6,760,10,0
2026-04-24 14:35:00,10441.5,10443.0,10426.9,10428.1,710,10,0
2026-04-24 14:40:00,10427.9,10430.6,10420.1,10422.1,546,11,0
2026-04-24 14:45:00,10422.0,10422.1,10415.0,10416.6,556,10,0
2026-04-24 14:50:00,10416.6,10424.2,10416.0,10422.1,510,10,0
2026-04-24 14:55:00,10422.0,10426.3,10419.7,10424.6,450,10,0
2026-04-24 15:00:00,10424.6,10429.4,10420.1,10422.6,501,10,0
2026-04-24 15:05:00,10423.1,10427.6,10416.6,10427.0,504,10,0
2026-04-24 15:10:00,10426.6,10434.6,10426.0,10431.6,386,10,0
2026-04-24 15:15:00,10431.6,10434.8,10421.4,10429.4,545,10,0
2026-04-24 15:20:00,10429.4,10431.4,10422.7,10429.6,593,10,0
2026-04-24 15:25:00,10429.6,10430.6,10425.4,10430.2,492,10,0
2026-04-24 15:30:00,10429.5,10430.6,10416.5,10417.1,466,10,0
2026-04-24 15:35:00,10417.1,10420.6,10410.5,10412.0,570,10,0
2026-04-24 15:40:00,10412.0,10414.1,10403.0,10404.2,490,10,0
2026-04-24 15:45:00,10404.2,10406.5,10391.6,10395.5,502,10,0
2026-04-24 15:50:00,10395.6,10400.1,10391.0,10397.1,603,10,0
2026-04-24 15:55:00,10397.1,10399.6,10395.9,10398.9,435,10,0
2026-04-24 16:00:00,10398.9,10410.4,10398.9,10408.6,515,10,0
2026-04-24 16:05:00,10408.6,10413.1,10406.5,10408.1,487,10,0
2026-04-24 16:10:00,10408.1,10415.9,10406.8,10411.1,530,10,0
2026-04-24 16:15:00,10411.1,10413.1,10406.6,10412.1,439,10,0
2026-04-24 16:20:00,10412.1,10412.6,10401.5,10406.1,505,10,0
2026-04-24 16:25:00,10406.0,10408.6,10401.4,10407.6,481,10,0
2026-04-24 16:30:00,10408.1,10412.0,10383.1,10384.6,776,10,0
2026-04-24 16:35:00,10384.6,10395.6,10383.9,10395.6,666,10,0
2026-04-24 16:40:00,10395.2,10407.1,10395.2,10405.1,666,10,0
2026-04-24 16:45:00,10405.1,10407.6,10397.4,10399.5,654,10,0
2026-04-24 16:50:00,10399.6,10404.5,10395.6,10402.6,638,10,0
2026-04-24 16:55:00,10402.6,10406.6,10397.6,10398.5,580,10,0
2026-04-24 17:00:00,10398.5,10408.2,10390.1,10403.4,866,10,0
2026-04-24 17:05:00,10403.1,10410.6,10402.5,10406.1,743,10,0
2026-04-24 17:10:00,10406.1,10414.1,10405.5,10408.1,599,10,0
2026-04-24 17:15:00,10408.1,10415.6,10406.3,10412.4,587,10,0
2026-04-24 17:20:00,10412.4,10415.1,10405.8,10407.9,544,10,0
2026-04-24 17:25:00,10407.8,10408.0,10396.8,10405.4,577,10,0
2026-04-24 17:30:00,10405.4,10408.6,10400.1,10405.1,516,10,0
2026-04-24 17:35:00,10405.1,10410.3,10401.6,10405.6,500,10,0
2026-04-24 17:40:00,10405.6,10408.7,10398.2,10398.2,463,10,0
2026-04-24 17:45:00,10398.2,10402.4,10392.4,10393.6,557,10,0
2026-04-24 17:50:00,10393.6,10396.1,10389.8,10393.5,426,10,0
2026-04-24 17:55:00,10393.5,10399.1,10393.5,10398.4,454,10,0
2026-04-24 18:00:00,10398.4,10405.1,10397.2,10400.1,477,10,0
2026-04-24 18:05:00,10400.1,10402.6,10395.6,10401.6,461,10,0
2026-04-24 18:10:00,10401.4,10402.6,10396.1,10398.1,375,10,0
2026-04-24 18:15:00,10398.1,10399.6,10391.6,10397.4,405,10,0
2026-04-24 18:20:00,10397.4,10398.4,10393.1,10393.4,335,10,0
2026-04-24 18:25:00,10393.4,10393.4,10384.4,10386.0,420,10,0
2026-04-24 18:30:00,10386.6,10388.5,10372.3,10381.4,587,18,0
2026-04-24 18:35:00,10381.5,10382.0,10370.0,10374.3,497,18,0
2026-04-24 18:40:00,10374.3,10416.3,10372.3,10406.9,473,18,0
2026-04-24 18:45:00,10404.6,10422.6,10394.5,10396.3,943,18,0
2026-04-24 18:50:00,10396.3,10404.3,10392.8,10401.3,600,18,0
2026-04-24 18:55:00,10401.3,10401.3,10387.8,10389.6,434,18,0
2026-04-24 19:00:00,10389.5,10393.3,10385.6,10393.2,392,18,0
2026-04-24 19:05:00,10393.3,10396.3,10387.3,10389.8,343,18,0
2026-04-24 19:10:00,10389.8,10394.3,10388.7,10390.8,339,18,0
2026-04-24 19:15:00,10390.8,10392.3,10389.0,10392.3,226,18,0
2026-04-24 19:20:00,10392.3,10395.3,10389.9,10394.3,258,18,0
2026-04-24 19:25:00,10394.3,10398.3,10390.8,10391.8,264,18,0
2026-04-24 19:30:00,10391.8,10397.8,10390.3,10392.8,289,18,0
2026-04-24 19:35:00,10393.2,10393.2,10383.4,10384.3,210,18,0
2026-04-24 19:40:00,10384.3,10384.3,10373.9,10379.3,204,18,0
2026-04-24 19:45:00,10379.3,10382.3,10378.3,10381.2,243,18,0
2026-04-24 19:50:00,10381.2,10388.3,10381.2,10386.5,244,18,0
2026-04-24 19:55:00,10386.5,10386.9,10382.8,10385.2,313,18,0
2026-04-24 20:00:00,10385.2,10388.4,10383.3,10385.2,252,18,0
2026-04-24 20:05:00,10385.2,10387.4,10382.3,10382.7,263,18,0
2026-04-24 20:10:00,10382.7,10385.0,10380.1,10380.3,203,18,0
2026-04-24 20:15:00,10380.3,10380.3,10375.3,10376.9,224,18,0
2026-04-24 20:20:00,10376.9,10379.5,10375.3,10377.5,282,18,0
2026-04-24 20:25:00,10377.5,10380.6,10377.3,10379.3,222,18,0
2026-04-24 20:30:00,10379.3,10379.3,10375.3,10377.0,315,18,0
2026-04-24 20:35:00,10376.9,10382.9,10376.6,10380.8,253,18,0
2026-04-24 20:40:00,10380.8,10383.3,10380.2,10383.1,165,18,0
2026-04-24 20:45:00,10383.1,10384.7,10381.9,10383.3,195,18,0
2026-04-24 20:50:00,10383.3,10391.5,10382.3,10386.7,249,18,0
2026-04-24 20:55:00,10386.8,10389.0,10382.2,10382.3,309,18,0
2026-04-24 21:00:00,10382.3,10382.8,10379.3,10379.8,230,18,0
2026-04-24 21:05:00,10379.8,10382.8,10375.8,10381.3,249,18,0
2026-04-24 21:10:00,10381.4,10382.8,10378.1,10379.6,183,18,0
2026-04-24 21:15:00,10379.6,10381.1,10375.7,10378.0,240,18,0
2026-04-24 21:20:00,10378.0,10378.5,10374.5,10375.8,271,18,0
2026-04-24 21:25:00,10375.8,10377.7,10373.3,10373.4,212,18,0
2026-04-24 21:30:00,10373.4,10378.8,10373.1,10378.7,165,18,0
2026-04-24 21:35:00,10378.7,10378.8,10374.4,10377.3,169,18,0
2026-04-24 21:40:00,10377.4,10378.5,10375.3,10375.9,167,18,0
2026-04-24 21:45:00,10375.9,10376.3,10373.2,10374.3,183,18,0
2026-04-24 21:50:00,10374.3,10376.4,10372.8,10373.3,224,18,0
2026-04-24 21:55:00,10373.3,10374.3,10370.8,10373.8,175,18,0
2026-04-24 22:00:00,10373.8,10378.3,10373.8,10377.4,193,18,0
2026-04-24 22:05:00,10377.4,10377.9,10375.1,10375.3,241,18,0
2026-04-24 22:10:00,10375.3,10378.8,10375.3,10376.8,251,18,0
2026-04-24 22:15:00,10376.8,10381.3,10376.5,10377.9,226,18,0
2026-04-24 22:20:00,10377.9,10378.3,10374.4,10375.3,167,18,0
2026-04-24 22:25:00,10375.3,10377.8,10373.8,10377.4,159,18,0
2026-04-24 22:30:00,10377.4,10381.5,10376.3,10377.8,248,18,0
2026-04-24 22:35:00,10377.8,10378.1,10374.8,10377.8,225,18,0
2026-04-24 22:40:00,10377.8,10379.9,10376.5,10376.5,147,18,0
2026-04-24 22:45:00,10376.5,10378.3,10374.8,10376.0,143,18,0
2026-04-24 22:50:00,10376.1,10378.5,10374.3,10378.3,220,18,0
2026-04-27 03:05:00,10381.4,10382.7,10376.4,10379.3,292,18,0
2026-04-27 03:10:00,10379.3,10381.6,10375.8,10376.8,163,18,0
2026-04-27 03:15:00,10376.8,10379.2,10370.9,10373.6,330,18,0
2026-04-27 03:20:00,10373.6,10375.4,10371.1,10371.2,190,18,0
2026-04-27 03:25:00,10371.2,10373.7,10371.2,10371.3,219,18,0
2026-04-27 03:30:00,10371.3,10373.9,10370.9,10371.4,205,18,0
2026-04-27 03:35:00,10371.4,10373.4,10371.2,10372.4,199,18,0
2026-04-27 03:40:00,10372.4,10377.6,10372.4,10376.2,233,18,0
2026-04-27 03:45:00,10376.2,10379.5,10375.6,10379.4,204,18,0
2026-04-27 03:50:00,10379.4,10380.3,10376.0,10379.1,219,18,0
2026-04-27 03:55:00,10379.2,10384.7,10378.8,10383.5,324,18,0
2026-04-27 04:00:00,10383.5,10397.4,10383.5,10392.4,631,18,0
2026-04-27 04:05:00,10392.9,10393.7,10382.4,10384.9,419,18,0
2026-04-27 04:10:00,10384.9,10386.2,10383.3,10384.4,246,18,0
2026-04-27 04:15:00,10384.4,10388.1,10381.7,10387.4,329,20,0
2026-04-27 04:20:00,10387.4,10391.2,10385.8,10387.3,316,19,0
2026-04-27 04:25:00,10387.3,10388.6,10382.5,10387.7,263,19,0
2026-04-27 04:30:00,10387.6,10391.4,10384.6,10391.1,398,18,0
2026-04-27 04:35:00,10391.1,10393.3,10389.6,10390.4,311,18,0
2026-04-27 04:40:00,10390.4,10393.1,10389.8,10390.9,262,18,0
2026-04-27 04:45:00,10391.2,10397.0,10391.2,10395.9,234,18,0
2026-04-27 04:50:00,10395.8,10399.7,10394.5,10397.1,390,18,0
2026-04-27 04:55:00,10397.1,10397.3,10393.0,10396.9,295,18,0
2026-04-27 05:00:00,10396.9,10397.7,10389.2,10390.3,208,18,0
2026-04-27 05:05:00,10390.3,10392.9,10388.1,10391.6,248,18,0
2026-04-27 05:10:00,10391.6,10393.1,10390.1,10391.8,201,18,0
2026-04-27 05:15:00,10391.8,10396.2,10390.8,10393.7,218,18,0
2026-04-27 05:20:00,10393.9,10395.9,10392.2,10392.9,237,18,0
2026-04-27 05:25:00,10392.9,10393.8,10390.6,10391.0,172,18,0
2026-04-27 05:30:00,10391.0,10393.8,10390.2,10391.8,166,18,0
2026-04-27 05:35:00,10391.8,10394.4,10390.2,10391.2,154,18,0
2026-04-27 05:40:00,10391.1,10391.4,10387.0,10387.9,173,18,0
2026-04-27 05:45:00,10387.9,10389.6,10386.9,10389.2,183,18,0
2026-04-27 05:50:00,10389.2,10389.2,10387.3,10388.2,158,18,0
2026-04-27 05:55:00,10388.2,10390.0,10386.9,10387.3,211,18,0
2026-04-27 06:00:00,10387.3,10391.4,10386.1,10386.6,276,18,0
2026-04-27 06:05:00,10386.6,10387.7,10385.4,10386.2,171,20,0
2026-04-27 06:10:00,10386.2,10386.4,10382.8,10383.8,180,19,0
2026-04-27 06:15:00,10383.8,10384.6,10382.9,10384.3,128,18,0
2026-04-27 06:20:00,10384.3,10385.9,10383.6,10384.1,175,18,0
2026-04-27 06:25:00,10384.1,10385.5,10382.4,10384.9,179,18,0
2026-04-27 06:30:00,10384.9,10387.4,10384.2,10386.9,204,19,0
2026-04-27 06:35:00,10386.9,10390.1,10385.1,10387.4,194,18,0
2026-04-27 06:40:00,10387.4,10391.6,10387.1,10390.6,206,18,0
2026-04-27 06:45:00,10390.5,10391.0,10387.2,10387.6,147,18,0
2026-04-27 06:50:00,10387.6,10390.3,10386.8,10388.5,188,18,0
2026-04-27 06:55:00,10388.3,10389.7,10386.3,10387.2,180,18,0
2026-04-27 07:00:00,10387.2,10387.2,10382.7,10383.1,149,18,0
2026-04-27 07:05:00,10383.1,10386.9,10383.1,10386.7,132,18,0
2026-04-27 07:10:00,10386.7,10387.3,10384.7,10386.3,148,18,0
2026-04-27 07:15:00,10386.3,10388.4,10385.9,10387.7,135,18,0
2026-04-27 07:20:00,10387.7,10391.3,10387.6,10390.2,137,18,0
2026-04-27 07:25:00,10390.2,10392.6,10390.2,10391.0,87,18,0
2026-04-27 07:30:00,10391.0,10392.2,10390.4,10391.8,166,18,0
2026-04-27 07:35:00,10391.8,10392.9,10390.2,10391.7,143,18,0
2026-04-27 07:40:00,10391.7,10393.1,10390.4,10390.7,96,18,0
2026-04-27 07:45:00,10390.7,10391.8,10388.9,10388.9,114,18,0
2026-04-27 07:50:00,10389.0,10389.3,10386.8,10388.9,132,18,0
2026-04-27 07:55:00,10388.9,10389.1,10383.5,10385.4,193,18,0
2026-04-27 08:00:00,10385.4,10386.6,10380.4,10380.4,292,18,0
2026-04-27 08:05:00,10380.4,10381.3,10375.8,10379.4,253,18,0
2026-04-27 08:10:00,10379.3,10381.6,10376.9,10377.0,200,18,0
2026-04-27 08:15:00,10377.0,10382.4,10376.4,10379.7,218,18,0
2026-04-27 08:20:00,10379.7,10381.6,10379.6,10380.4,137,18,0
2026-04-27 08:25:00,10380.4,10380.4,10377.1,10378.9,236,18,0
2026-04-27 08:30:00,10378.9,10379.9,10374.4,10375.2,216,18,0
2026-04-27 08:35:00,10375.2,10375.3,10368.8,10373.3,294,18,0
2026-04-27 08:40:00,10373.3,10376.3,10372.8,10374.9,233,18,0
2026-04-27 08:45:00,10374.9,10378.6,10374.1,10377.2,155,18,0
2026-04-27 08:50:00,10377.2,10378.9,10374.7,10378.4,222,18,0
2026-04-27 08:55:00,10378.1,10378.8,10377.1,10378.2,162,18,0
2026-04-27 09:00:00,10378.2,10381.4,10375.7,10380.5,280,18,0
2026-04-27 09:05:00,10380.5,10388.4,10378.7,10388.1,288,18,0
2026-04-27 09:10:00,10388.1,10390.9,10383.3,10384.9,200,18,0
2026-04-27 09:15:00,10384.9,10388.4,10383.9,10387.5,218,18,0
2026-04-27 09:20:00,10387.5,10392.9,10386.3,10392.4,193,18,0
2026-04-27 09:25:00,10392.4,10392.8,10388.9,10390.9,207,18,0
2026-04-27 09:30:00,10390.9,10392.4,10381.8,10381.9,280,18,0
2026-04-27 09:35:00,10381.9,10383.4,10379.3,10381.4,217,18,0
2026-04-27 09:40:00,10381.4,10382.4,10379.3,10379.4,180,18,0
2026-04-27 09:45:00,10379.4,10381.4,10378.0,10380.3,127,18,0
2026-04-27 09:50:00,10380.3,10382.4,10377.9,10382.3,165,18,0
2026-04-27 09:55:00,10382.3,10382.6,10371.4,10375.4,210,18,0
2026-04-27 10:00:00,10375.1,10382.1,10364.6,10379.6,701,10,0
2026-04-27 10:05:00,10379.6,10385.1,10374.5,10382.9,624,10,0
2026-04-27 10:10:00,10382.6,10383.7,10374.7,10382.7,582,10,0
2026-04-27 10:15:00,10382.7,10385.7,10374.2,10385.3,593,10,0
2026-04-27 10:20:00,10385.4,10390.1,10383.0,10385.2,475,10,0
2026-04-27 10:25:00,10385.2,10386.9,10370.5,10375.7,582,10,0
2026-04-27 10:30:00,10375.7,10379.2,10372.6,10374.7,532,10,0
2026-04-27 10:35:00,10375.5,10378.7,10371.5,10376.7,498,10,0
2026-04-27 10:40:00,10376.6,10381.2,10373.6,10378.6,506,10,0
2026-04-27 10:45:00,10378.6,10383.2,10375.2,10378.5,484,10,0
2026-04-27 10:50:00,10378.4,10380.2,10367.3,10371.2,478,10,0
2026-04-27 10:55:00,10371.2,10373.7,10364.1,10364.6,488,10,0
2026-04-27 11:00:00,10364.7,10367.1,10355.7,10358.7,632,10,0
2026-04-27 11:05:00,10359.0,10359.7,10348.0,10349.8,409,10,0
2026-04-27 11:10:00,10349.9,10356.2,10349.1,10354.1,514,10,0
2026-04-27 11:15:00,10353.9,10365.2,10353.6,10362.2,466,10,0
2026-04-27 11:20:00,10362.2,10372.0,10362.1,10370.9,433,10,0
2026-04-27 11:25:00,10371.0,10380.7,10369.1,10379.5,457,10,0
2026-04-27 11:30:00,10379.4,10388.7,10379.4,10388.2,362,10,0
2026-04-27 11:35:00,10388.2,10389.2,10377.2,10377.2,405,10,0
2026-04-27 11:40:00,10377.2,10379.7,10371.5,10378.2,351,10,0
2026-04-27 11:45:00,10378.2,10389.2,10378.0,10387.3,371,10,0
2026-04-27 11:50:00,10387.3,10387.3,10382.8,10384.6,361,10,0
2026-04-27 11:55:00,10384.4,10390.6,10383.7,10390.1,397,10,0
2026-04-27 12:00:00,10389.7,10391.5,10384.5,10387.2,438,10,0
2026-04-27 12:05:00,10387.2,10391.2,10384.9,10387.1,350,10,0
2026-04-27 12:10:00,10387.0,10389.7,10386.0,10388.2,291,10,0
2026-04-27 12:15:00,10388.2,10388.2,10382.2,10384.5,288,10,0
2026-04-27 12:20:00,10384.5,10385.6,10379.7,10380.7,359,10,0
2026-04-27 12:25:00,10380.7,10383.7,10379.2,10383.7,276,10,0
2026-04-27 12:30:00,10383.7,10386.6,10381.7,10385.2,223,10,0
2026-04-27 12:35:00,10385.2,10389.2,10380.8,10389.0,260,10,0
2026-04-27 12:40:00,10389.0,10389.7,10385.3,10389.7,189,10,0
2026-04-27 12:45:00,10389.7,10394.2,10389.5,10390.1,277,10,0
2026-04-27 12:50:00,10390.1,10391.7,10388.5,10391.2,194,10,0
2026-04-27 12:55:00,10391.2,10396.3,10390.3,10393.6,250,10,0
2026-04-27 13:00:00,10393.7,10399.5,10392.6,10395.7,305,10,0
2026-04-27 13:05:00,10395.7,10396.7,10390.2,10394.7,236,10,0
2026-04-27 13:10:00,10394.7,10396.2,10391.7,10394.5,242,10,0
2026-04-27 13:15:00,10394.5,10401.2,10393.7,10398.3,280,10,0
2026-04-27 13:20:00,10398.3,10400.2,10395.7,10395.9,228,10,0
2026-04-27 13:25:00,10395.8,10398.0,10394.5,10394.7,192,10,0
2026-04-27 13:30:00,10394.7,10398.5,10393.9,10397.1,230,10,0
2026-04-27 13:35:00,10397.0,10402.6,10395.7,10399.2,188,10,0
2026-04-27 13:40:00,10399.2,10405.5,10399.2,10404.7,256,10,0
2026-04-27 13:45:00,10404.7,10407.7,10403.4,10405.1,339,10,0
2026-04-27 13:50:00,10405.2,10405.2,10399.9,10400.3,318,10,0
2026-04-27 13:55:00,10400.3,10401.7,10398.3,10400.2,230,10,0
2026-04-27 14:00:00,10400.2,10403.5,10399.2,10400.2,365,10,0
2026-04-27 14:05:00,10400.2,10403.2,10397.2,10399.7,314,10,0
2026-04-27 14:10:00,10399.7,10401.1,10397.7,10399.2,313,10,0
2026-04-27 14:15:00,10399.2,10408.2,10398.5,10407.2,258,10,0
2026-04-27 14:20:00,10407.2,10408.2,10404.2,10406.2,248,10,0
2026-04-27 14:25:00,10406.2,10409.8,10405.2,10408.7,324,10,0
2026-04-27 14:30:00,10408.5,10413.8,10407.3,10413.2,307,10,0
2026-04-27 14:35:00,10413.2,10413.7,10405.7,10407.2,275,10,0
2026-04-27 14:40:00,10407.2,10410.2,10405.7,10408.7,256,10,0
2026-04-27 14:45:00,10408.7,10412.2,10408.7,10409.7,211,10,0
2026-04-27 14:50:00,10409.4,10409.4,10404.8,10405.2,241,10,0
2026-04-27 14:55:00,10405.2,10405.5,10400.2,10403.4,267,10,0
2026-04-27 15:00:00,10403.4,10404.6,10388.2,10394.0,426,10,0
2026-04-27 15:05:00,10394.0,10394.2,10386.3,10388.6,338,10,0
2026-04-27 15:10:00,10388.6,10388.6,10380.1,10384.1,431,10,0
2026-04-27 15:15:00,10384.1,10386.2,10378.2,10378.7,320,10,0
2026-04-27 15:20:00,10378.7,10379.0,10374.3,10376.6,310,10,0
2026-04-27 15:25:00,10376.6,10377.2,10364.8,10365.2,414,10,0
2026-04-27 15:30:00,10365.2,10369.7,10360.9,10364.4,377,10,0
2026-04-27 15:35:00,10364.4,10369.7,10364.4,10367.2,340,10,0
2026-04-27 15:40:00,10367.2,10368.1,10359.1,10361.2,413,10,0
2026-04-27 15:45:00,10361.2,10362.3,10357.3,10361.2,371,10,0
2026-04-27 15:50:00,10361.2,10361.3,10351.3,10352.2,330,10,0
2026-04-27 15:55:00,10352.2,10353.5,10336.7,10341.2,539,10,0
2026-04-27 16:00:00,10341.4,10346.2,10337.2,10346.2,597,10,0
2026-04-27 16:05:00,10346.2,10348.2,10343.5,10344.7,458,10,0
2026-04-27 16:10:00,10344.7,10348.2,10335.7,10336.6,444,10,0
2026-04-27 16:15:00,10336.7,10342.7,10336.7,10339.7,366,10,0
2026-04-27 16:20:00,10339.7,10345.7,10339.7,10340.7,364,10,0
2026-04-27 16:25:00,10340.7,10347.1,10339.2,10346.3,387,10,0
2026-04-27 16:30:00,10346.7,10376.2,10346.7,10372.7,758,10,0
2026-04-27 16:35:00,10372.7,10375.2,10363.7,10367.2,543,10,0
2026-04-27 16:40:00,10367.2,10372.2,10363.6,10366.2,601,10,0
2026-04-27 16:45:00,10366.2,10368.9,10349.9,10351.7,689,10,0
2026-04-27 16:50:00,10351.7,10362.7,10351.5,10362.2,692,10,0
2026-04-27 16:55:00,10362.2,10372.5,10362.2,10370.4,548,10,0
2026-04-27 17:00:00,10370.0,10372.7,10357.1,10358.7,554,10,0
2026-04-27 17:05:00,10358.7,10363.7,10350.2,10355.2,535,10,0
2026-04-27 17:10:00,10355.2,10364.5,10353.7,10360.2,510,10,0
2026-04-27 17:15:00,10360.2,10360.7,10353.2,10354.7,508,10,0
2026-04-27 17:20:00,10354.2,10356.2,10348.7,10356.2,455,10,0
2026-04-27 17:25:00,10356.2,10357.0,10345.0,10345.2,415,10,0
2026-04-27 17:30:00,10345.2,10345.7,10335.2,10336.7,469,10,0
2026-04-27 17:35:00,10336.7,10342.2,10332.8,10340.7,469,10,0
2026-04-27 17:40:00,10340.7,10346.2,10335.2,10344.2,470,10,0
2026-04-27 17:45:00,10344.2,10345.2,10337.2,10339.2,442,10,0
2026-04-27 17:50:00,10339.7,10344.2,10338.2,10340.2,358,10,0
2026-04-27 17:55:00,10340.2,10340.7,10329.3,10330.5,338,10,0
2026-04-27 18:00:00,10330.5,10331.7,10319.7,10320.7,475,10,0
2026-04-27 18:05:00,10321.5,10325.0,10319.1,10323.2,391,10,0
2026-04-27 18:10:00,10323.2,10329.7,10319.7,10327.5,322,10,0
2026-04-27 18:15:00,10327.7,10331.5,10325.7,10327.7,410,10,0
2026-04-27 18:20:00,10327.7,10330.2,10321.7,10326.9,419,10,0
2026-04-27 18:25:00,10326.7,10334.7,10323.3,10334.6,390,10,0
2026-04-27 18:30:00,10334.6,10338.1,10322.4,10322.9,536,18,0
2026-04-27 18:35:00,10322.4,10326.4,10319.9,10323.4,398,18,0
2026-04-27 18:40:00,10323.4,10328.9,10321.6,10327.1,266,18,0
2026-04-27 18:45:00,10327.1,10329.1,10322.4,10323.1,310,18,0
2026-04-27 18:50:00,10323.1,10327.4,10322.1,10326.6,230,18,0
2026-04-27 18:55:00,10326.6,10335.9,10326.1,10334.9,272,18,0
2026-04-27 19:00:00,10334.9,10335.4,10330.5,10333.1,169,18,0
2026-04-27 19:05:00,10333.1,10333.6,10329.9,10329.9,177,18,0
2026-04-27 19:10:00,10329.9,10334.4,10329.9,10333.4,148,18,0
2026-04-27 19:15:00,10333.4,10336.4,10329.9,10330.4,146,18,0
2026-04-27 19:20:00,10330.4,10332.9,10329.4,10332.4,142,18,0
2026-04-27 19:25:00,10332.4,10332.5,10328.4,10329.2,102,18,0
2026-04-27 19:30:00,10329.2,10332.4,10329.2,10329.9,142,18,0
2026-04-27 19:35:00,10329.9,10330.9,10326.7,10327.0,149,18,0
2026-04-27 19:40:00,10327.0,10327.4,10323.1,10324.9,171,18,0
2026-04-27 19:45:00,10324.9,10328.9,10324.4,10327.7,112,18,0
2026-04-27 19:50:00,10327.7,10327.7,10323.9,10325.9,126,18,0
2026-04-27 19:55:00,10325.9,10328.4,10325.4,10327.8,121,18,0
2026-04-27 20:00:00,10327.8,10331.0,10327.8,10329.9,112,18,0
2026-04-27 20:05:00,10329.9,10329.9,10326.6,10326.9,144,18,0
2026-04-27 20:10:00,10326.9,10327.4,10325.1,10325.9,130,18,0
2026-04-27 20:15:00,10325.8,10325.9,10316.5,10319.9,153,18,0
2026-04-27 20:20:00,10319.9,10326.4,10318.8,10320.9,261,18,0
2026-04-27 20:25:00,10320.9,10325.9,10320.0,10325.4,165,18,0
2026-04-27 20:30:00,10325.4,10330.8,10323.9,10329.1,191,18,0
2026-04-27 20:35:00,10329.1,10329.1,10322.9,10324.4,121,18,0
2026-04-27 20:40:00,10324.4,10325.5,10323.4,10324.0,157,18,0
2026-04-27 20:45:00,10324.0,10324.6,10322.4,10323.4,116,18,0
2026-04-27 20:50:00,10323.4,10323.4,10319.4,10319.4,154,18,0
2026-04-27 20:55:00,10319.4,10322.2,10318.9,10319.4,75,18,0
2026-04-27 21:00:00,10319.4,10321.9,10317.4,10318.4,109,18,0
2026-04-27 21:05:00,10318.4,10319.4,10317.4,10317.9,144,18,0
2026-04-27 21:10:00,10317.9,10319.9,10316.9,10318.4,102,18,0
2026-04-27 21:15:00,10318.4,10319.8,10316.6,10319.4,82,18,0
2026-04-27 21:20:00,10319.4,10323.9,10319.4,10323.9,90,18,0
2026-04-27 21:25:00,10323.9,10327.3,10323.6,10325.3,111,18,0
2026-04-27 21:30:00,10325.3,10325.9,10322.2,10325.9,113,18,0
2026-04-27 21:35:00,10325.9,10329.3,10324.8,10328.6,103,18,0
2026-04-27 21:40:00,10328.6,10331.9,10327.9,10328.9,110,18,0
2026-04-27 21:45:00,10328.9,10332.9,10328.6,10332.4,83,18,0
2026-04-27 21:50:00,10332.4,10334.4,10332.4,10333.4,61,18,0
2026-04-27 21:55:00,10333.4,10334.9,10332.4,10332.9,110,18,0
2026-04-27 22:00:00,10332.9,10335.4,10331.5,10334.9,128,18,0
2026-04-27 22:05:00,10334.9,10335.9,10333.9,10334.4,139,18,0
2026-04-27 22:10:00,10334.4,10338.8,10333.9,10338.4,129,18,0
2026-04-27 22:15:00,10338.4,10343.4,10337.4,10343.4,109,18,0
2026-04-27 22:20:00,10343.4,10345.4,10343.1,10343.8,109,18,0
2026-04-27 22:25:00,10343.8,10344.9,10340.2,10340.4,138,18,0
2026-04-27 22:30:00,10340.4,10341.9,10333.9,10333.9,195,18,0
2026-04-27 22:35:00,10333.9,10336.9,10333.7,10335.4,151,18,0
2026-04-27 22:40:00,10335.4,10338.8,10334.3,10337.6,118,18,0
2026-04-27 22:45:00,10337.6,10341.9,10337.4,10340.9,106,18,0
2026-04-27 22:50:00,10340.9,10340.9,10327.3,10327.9,206,18,0
2026-04-27 22:55:00,10327.9,10328.4,10322.1,10323.4,212,18,0
2026-04-28 03:00:00,10340.0,10340.9,10330.9,10331.4,182,20,0
2026-04-28 03:05:00,10331.6,10338.2,10330.9,10337.8,101,22,0
2026-04-28 03:10:00,10337.8,10338.3,10332.8,10332.9,86,20,0
2026-04-28 03:15:00,10332.9,10336.5,10329.1,10335.1,336,18,0
2026-04-28 03:20:00,10335.3,10336.7,10332.1,10334.4,265,24,0
2026-04-28 03:25:00,10334.5,10334.6,10323.8,10329.2,309,18,0
2026-04-28 03:30:00,10329.2,10334.9,10327.7,10329.6,325,25,0
2026-04-28 03:35:00,10329.6,10332.4,10328.8,10332.2,253,30,0
2026-04-28 03:40:00,10332.2,10336.9,10332.2,10336.2,109,23,0
2026-04-28 03:45:00,10336.2,10340.9,10335.7,10340.3,146,20,0
2026-04-28 03:50:00,10340.3,10340.3,10337.6,10338.2,147,18,0
2026-04-28 03:55:00,10338.1,10338.6,10335.1,10335.1,141,22,0
2026-04-28 04:00:00,10335.2,10336.2,10332.3,10335.1,331,18,0
2026-04-28 04:05:00,10335.0,10335.5,10333.0,10334.0,242,23,0
2026-04-28 04:10:00,10333.8,10337.9,10333.6,10337.1,221,18,0
2026-04-28 04:15:00,10337.0,10340.6,10335.2,10340.1,245,18,0
2026-04-28 04:20:00,10340.1,10340.3,10336.8,10338.1,250,18,0
2026-04-28 04:25:00,10338.1,10343.2,10337.8,10342.7,194,18,0
2026-04-28 04:30:00,10342.7,10342.7,10338.5,10341.5,288,18,0
2026-04-28 04:35:00,10341.5,10347.5,10341.5,10345.6,240,18,0
2026-04-28 04:40:00,10345.3,10349.1,10345.3,10347.0,208,18,0
2026-04-28 04:45:00,10347.0,10347.8,10343.4,10344.5,153,20,0
2026-04-28 04:50:00,10344.5,10344.5,10339.8,10343.0,456,22,0
2026-04-28 04:55:00,10343.0,10343.6,10338.5,10339.2,257,18,0
2026-04-28 05:00:00,10339.2,10339.6,10335.0,10336.6,339,18,0
2026-04-28 05:05:00,10336.6,10342.3,10335.8,10341.1,271,21,0
2026-04-28 05:10:00,10341.1,10343.9,10339.8,10343.1,290,19,0
2026-04-28 05:15:00,10343.1,10346.1,10342.2,10345.7,199,18,0
2026-04-28 05:20:00,10345.7,10346.8,10344.8,10345.6,162,19,0
2026-04-28 05:25:00,10345.6,10345.9,10343.5,10344.1,154,18,0
2026-04-28 05:30:00,10344.1,10344.6,10340.8,10341.5,222,20,0
2026-04-28 05:35:00,10341.3,10342.0,10337.7,10337.7,166,20,0
2026-04-28 05:40:00,10337.7,10338.1,10335.7,10336.5,125,20,0
2026-04-28 05:45:00,10336.5,10338.5,10335.8,10336.1,119,21,0
2026-04-28 05:50:00,10336.1,10337.4,10335.4,10335.7,152,18,0
2026-04-28 05:55:00,10335.4,10335.6,10332.3,10334.3,165,18,0
2026-04-28 06:00:00,10334.3,10336.0,10331.3,10332.2,191,18,0
2026-04-28 06:05:00,10332.2,10336.5,10332.0,10335.4,249,18,0
2026-04-28 06:10:00,10335.4,10337.6,10335.2,10337.0,136,18,0
2026-04-28 06:15:00,10337.0,10337.3,10334.2,10336.9,117,20,0
2026-04-28 06:20:00,10336.8,10338.8,10336.8,10337.4,157,20,0
2026-04-28 06:25:00,10337.4,10339.1,10336.2,10337.8,166,18,0
2026-04-28 06:30:00,10337.8,10341.2,10337.3,10341.0,239,18,0
2026-04-28 06:35:00,10341.0,10346.0,10340.0,10345.5,100,18,0
2026-04-28 06:40:00,10345.5,10345.6,10341.1,10341.2,150,18,0
2026-04-28 06:45:00,10341.2,10341.3,10339.0,10340.7,143,20,0
2026-04-28 06:50:00,10340.7,10341.2,10338.8,10340.7,129,19,0
2026-04-28 06:55:00,10340.7,10343.2,10340.5,10342.7,131,18,0
2026-04-28 07:00:00,10342.8,10344.1,10339.5,10341.3,152,18,0
2026-04-28 07:05:00,10341.3,10341.8,10339.2,10340.8,129,20,0
2026-04-28 07:10:00,10340.8,10343.8,10340.8,10341.8,136,18,0
2026-04-28 07:15:00,10341.8,10344.2,10341.3,10344.2,117,18,0
2026-04-28 07:20:00,10344.2,10345.2,10342.9,10343.1,143,19,0
2026-04-28 07:25:00,10343.1,10343.7,10341.3,10342.1,146,21,0
2026-04-28 07:30:00,10342.1,10342.8,10341.3,10342.3,111,22,0
2026-04-28 07:35:00,10342.3,10342.6,10341.5,10342.5,95,23,0
2026-04-28 07:40:00,10342.5,10344.4,10341.1,10341.2,98,18,0
2026-04-28 07:45:00,10341.2,10343.2,10340.1,10341.2,162,18,0
2026-04-28 07:50:00,10341.2,10341.2,10338.1,10338.9,106,18,0
2026-04-28 07:55:00,10338.9,10339.8,10337.1,10338.6,121,18,0
2026-04-28 08:00:00,10338.5,10340.0,10335.1,10336.0,312,18,0
2026-04-28 08:05:00,10336.0,10336.8,10332.5,10332.8,255,18,0
2026-04-28 08:10:00,10332.8,10332.9,10325.1,10327.4,277,18,0
2026-04-28 08:15:00,10327.4,10327.6,10324.2,10325.1,139,18,0
2026-04-28 08:20:00,10325.1,10328.0,10325.1,10327.1,171,18,0
2026-04-28 08:25:00,10327.1,10327.9,10324.0,10324.7,189,18,0
2026-04-28 08:30:00,10324.7,10324.7,10317.4,10317.6,236,18,0
2026-04-28 08:35:00,10317.6,10318.8,10311.8,10316.5,262,18,0
2026-04-28 08:40:00,10316.5,10320.6,10316.1,10319.0,271,18,0
2026-04-28 08:45:00,10319.0,10320.9,10317.9,10319.6,202,18,0
2026-04-28 08:50:00,10319.6,10325.9,10318.9,10325.6,188,18,0
2026-04-28 08:55:00,10325.6,10325.9,10319.6,10320.2,241,19,0
2026-04-28 09:00:00,10320.2,10330.3,10320.2,10321.1,359,18,0
2026-04-28 09:05:00,10321.1,10323.9,10318.7,10323.0,302,18,0
2026-04-28 09:10:00,10323.0,10325.3,10320.9,10325.0,240,18,0
2026-04-28 09:15:00,10325.0,10325.7,10320.0,10320.7,271,18,0
2026-04-28 09:20:00,10320.7,10326.7,10320.5,10324.7,273,18,0
2026-04-28 09:25:00,10324.7,10328.6,10324.0,10328.1,321,18,0
2026-04-28 09:30:00,10328.2,10328.7,10324.4,10327.7,227,18,0
2026-04-28 09:35:00,10327.7,10328.7,10324.5,10328.7,238,18,0
2026-04-28 09:40:00,10328.7,10328.7,10321.3,10324.1,240,18,0
2026-04-28 09:45:00,10324.1,10326.0,10321.5,10322.1,249,18,0
2026-04-28 09:50:00,10322.1,10326.3,10322.1,10326.0,172,18,0
2026-04-28 09:55:00,10326.0,10330.9,10321.5,10324.2,193,18,0
2026-04-28 10:00:00,10324.5,10334.9,10301.5,10311.5,756,11,0
2026-04-28 10:05:00,10311.4,10314.9,10306.7,10313.4,760,10,0
2026-04-28 10:10:00,10313.4,10317.9,10310.2,10314.4,633,10,0
2026-04-28 10:15:00,10314.4,10324.9,10312.3,10324.3,612,10,0
2026-04-28 10:20:00,10324.3,10331.3,10324.3,10330.4,553,10,0
2026-04-28 10:25:00,10330.4,10332.9,10322.9,10327.4,582,10,0
2026-04-28 10:30:00,10327.4,10339.9,10327.4,10334.9,534,10,0
2026-04-28 10:35:00,10334.7,10344.9,10334.0,10343.9,583,10,0
2026-04-28 10:40:00,10343.9,10354.9,10343.1,10352.8,428,10,0
2026-04-28 10:45:00,10352.8,10354.3,10347.4,10350.5,542,10,0
2026-04-28 10:50:00,10350.5,10352.9,10346.3,10347.3,561,10,0
2026-04-28 10:55:00,10347.3,10354.3,10343.9,10351.9,545,10,0
2026-04-28 11:00:00,10351.9,10351.9,10329.8,10332.4,799,10,0
2026-04-28 11:05:00,10332.4,10334.9,10326.3,10332.5,651,10,0
2026-04-28 11:10:00,10332.4,10335.4,10325.3,10332.9,707,10,0
2026-04-28 11:15:00,10332.9,10350.3,10332.9,10342.3,659,10,0
2026-04-28 11:20:00,10342.3,10352.4,10341.9,10348.8,550,10,0
2026-04-28 11:25:00,10348.8,10353.3,10345.4,10352.9,561,1,0
2026-04-28 11:30:00,10353.4,10354.9,10348.3,10348.9,612,10,0
2026-04-28 11:35:00,10348.9,10349.9,10344.5,10346.9,471,10,0
2026-04-28 11:40:00,10346.9,10348.9,10343.9,10344.4,523,10,0
2026-04-28 11:45:00,10344.4,10347.3,10341.7,10345.9,463,10,0
2026-04-28 11:50:00,10345.9,10349.4,10343.4,10346.3,459,10,0
2026-04-28 11:55:00,10346.3,10352.4,10344.4,10351.8,489,10,0
2026-04-28 12:00:00,10351.8,10355.9,10345.4,10354.5,651,10,0
2026-04-28 12:05:00,10354.5,10366.4,10354.3,10366.3,532,10,0
2026-04-28 12:10:00,10366.3,10367.9,10361.4,10367.3,535,10,0
2026-04-28 12:15:00,10366.8,10375.9,10361.0,10372.9,538,10,0
2026-04-28 12:20:00,10372.9,10379.9,10371.4,10374.9,473,10,0
2026-04-28 12:25:00,10374.9,10376.4,10370.4,10374.1,477,10,0
2026-04-28 12:30:00,10374.2,10375.4,10366.9,10372.4,526,10,0
2026-04-28 12:35:00,10372.4,10376.0,10367.9,10369.4,496,10,0
2026-04-28 12:40:00,10369.3,10373.4,10366.9,10372.9,441,10,0
2026-04-28 12:45:00,10372.9,10375.4,10368.4,10368.4,455,10,0
2026-04-28 12:50:00,10368.4,10368.9,10360.9,10365.7,485,10,0
2026-04-28 12:55:00,10365.8,10369.9,10364.4,10368.8,490,10,0
2026-04-28 13:00:00,10368.9,10377.4,10368.4,10375.3,494,10,0
2026-04-28 13:05:00,10375.4,10375.9,10363.9,10364.9,448,10,0
2026-04-28 13:10:00,10364.9,10367.9,10361.5,10365.3,436,10,0
2026-04-28 13:15:00,10365.8,10371.5,10360.0,10369.0,441,10,0
2026-04-28 13:20:00,10369.0,10371.9,10365.5,10367.3,449,10,0
2026-04-28 13:25:00,10367.4,10370.4,10364.8,10369.1,412,10,0
2026-04-28 13:30:00,10369.0,10378.4,10369.0,10374.4,439,10,0
2026-04-28 13:35:00,10374.4,10375.0,10371.4,10375.0,363,10,0
2026-04-28 13:40:00,10375.3,10376.9,10369.6,10370.2,346,10,0
2026-04-28 13:45:00,10370.2,10372.3,10368.4,10372.2,381,10,0
2026-04-28 13:50:00,10372.2,10377.9,10371.0,10374.4,319,10,0
2026-04-28 13:55:00,10374.4,10380.4,10373.8,10377.9,360,10,0
2026-04-28 14:00:00,10377.9,10385.9,10374.3,10374.6,455,10,0
2026-04-28 14:05:00,10374.6,10374.9,10362.3,10362.9,469,10,0
2026-04-28 14:10:00,10362.8,10364.0,10358.4,10362.0,545,10,0
2026-04-28 14:15:00,10362.0,10363.4,10352.3,10354.4,594,10,0
2026-04-28 14:20:00,10354.4,10354.8,10346.6,10348.0,613,10,0
2026-04-28 14:25:00,10348.0,10349.4,10335.8,10337.5,519,10,0
2026-04-28 14:30:00,10337.5,10339.4,10326.6,10328.8,604,10,0
2026-04-28 14:35:00,10328.8,10329.4,10318.9,10320.9,565,10,0
2026-04-28 14:40:00,10320.8,10329.4,10318.3,10329.4,621,10,0
2026-04-28 14:45:00,10329.4,10333.8,10314.6,10316.9,676,10,0
2026-04-28 14:50:00,10316.9,10324.1,10314.4,10320.4,693,10,0
2026-04-28 14:55:00,10320.4,10325.4,10318.5,10321.9,643,10,0
2026-04-28 15:00:00,10322.3,10328.0,10316.9,10326.4,733,10,0
2026-04-28 15:05:00,10326.4,10330.6,10323.3,10327.0,734,10,0
2026-04-28 15:10:00,10327.0,10333.8,10323.8,10329.9,666,10,0
2026-04-28 15:15:00,10330.3,10331.3,10316.6,10319.9,696,10,0
2026-04-28 15:20:00,10319.8,10337.0,10307.5,10307.9,991,10,0
2026-04-28 15:25:00,10307.9,10312.8,10306.2,10309.3,693,10,0
2026-04-28 15:30:00,10309.3,10309.9,10294.4,10297.9,699,10,0
2026-04-28 15:35:00,10297.9,10300.8,10289.4,10297.7,627,10,0
2026-04-28 15:40:00,10297.7,10319.2,10296.9,10314.7,757,10,0
2026-04-28 15:45:00,10314.8,10329.3,10313.9,10325.3,697,10,0
2026-04-28 15:50:00,10324.9,10334.9,10324.8,10329.8,647,10,0
2026-04-28 15:55:00,10329.9,10338.4,10328.9,10332.8,604,10,0
2026-04-28 16:00:00,10332.8,10333.8,10321.1,10321.4,709,10,0
2026-04-28 16:05:00,10321.4,10321.9,10316.2,10318.5,603,10,0
2026-04-28 16:10:00,10318.6,10321.2,10312.2,10313.4,577,10,0
2026-04-28 16:15:00,10313.4,10313.4,10306.8,10307.9,569,10,0
2026-04-28 16:20:00,10307.9,10313.9,10304.1,10305.4,526,10,0
2026-04-28 16:25:00,10305.4,10316.8,10300.9,10310.4,688,10,0
2026-04-28 16:30:00,10310.3,10320.9,10302.5,10315.9,809,10,0
2026-04-28 16:35:00,10315.9,10320.6,10306.9,10313.2,776,10,0
2026-04-28 16:40:00,10312.8,10324.9,10310.3,10320.4,753,10,0
2026-04-28 16:45:00,10320.4,10323.4,10317.4,10320.3,696,10,0
2026-04-28 16:50:00,10320.4,10323.2,10311.7,10313.9,732,10,0
2026-04-28 16:55:00,10313.9,10314.4,10305.8,10308.3,598,10,0
2026-04-28 17:00:00,10309.5,10314.4,10302.9,10306.9,665,10,0
2026-04-28 17:05:00,10306.9,10316.3,10306.4,10314.5,622,10,0
2026-04-28 17:10:00,10314.8,10314.9,10309.4,10310.9,602,10,0
2026-04-28 17:15:00,10310.9,10317.3,10306.7,10315.4,493,10,0
2026-04-28 17:20:00,10315.7,10319.9,10312.7,10319.4,432,10,0
2026-04-28 17:25:00,10319.9,10322.7,10313.9,10314.8,526,10,0
2026-04-28 17:30:00,10314.4,10314.4,10304.6,10306.2,546,10,0
2026-04-28 17:35:00,10306.2,10306.9,10297.9,10300.9,552,10,0
2026-04-28 17:40:00,10300.9,10305.3,10297.9,10301.4,545,10,0
2026-04-28 17:45:00,10301.4,10309.4,10295.4,10304.9,521,10,0
2026-04-28 17:50:00,10304.9,10306.9,10298.4,10303.4,577,10,0
2026-04-28 17:55:00,10303.0,10313.4,10299.9,10312.9,739,10,0
2026-04-28 18:00:00,10312.9,10326.9,10312.9,10323.9,662,10,0
2026-04-28 18:05:00,10324.0,10327.9,10321.4,10325.9,615,10,0
2026-04-28 18:10:00,10325.9,10333.4,10325.4,10328.9,549,10,0
2026-04-28 18:15:00,10328.9,10334.4,10326.9,10330.9,475,10,0
2026-04-28 18:20:00,10330.9,10336.4,10329.7,10333.5,405,10,0
2026-04-28 18:25:00,10333.5,10337.2,10331.5,10332.8,401,10,0
2026-04-28 18:30:00,10332.5,10336.0,10326.5,10333.3,546,18,0
2026-04-28 18:35:00,10333.5,10335.8,10325.0,10331.6,432,18,0
2026-04-28 18:40:00,10331.6,10336.0,10330.5,10331.8,319,18,0
2026-04-28 18:45:00,10331.8,10335.3,10326.0,10330.5,401,18,0
2026-04-28 18:50:00,10330.5,10333.5,10326.2,10328.5,344,18,0
2026-04-28 18:55:00,10328.5,10331.5,10324.5,10329.0,233,18,0
2026-04-28 19:00:00,10329.0,10330.0,10324.5,10325.5,262,18,0
2026-04-28 19:05:00,10325.4,10328.0,10324.0,10325.5,221,18,0
2026-04-28 19:10:00,10325.3,10326.5,10322.0,10322.5,187,18,0
2026-04-28 19:15:00,10322.5,10323.0,10316.5,10318.0,243,18,0
2026-04-28 19:20:00,10318.0,10319.5,10315.3,10318.0,194,18,0
2026-04-28 19:25:00,10317.8,10323.0,10317.0,10321.0,141,18,0
2026-04-28 19:30:00,10321.5,10323.0,10316.5,10317.0,146,18,0
2026-04-28 19:35:00,10317.0,10317.0,10313.0,10315.1,205,18,0
2026-04-28 19:40:00,10315.1,10316.3,10311.5,10312.5,222,18,0
2026-04-28 19:45:00,10312.5,10315.3,10311.0,10313.0,196,18,0
2026-04-28 19:50:00,10313.0,10316.5,10310.5,10313.4,320,18,0
2026-04-28 19:55:00,10313.5,10313.5,10307.5,10309.0,165,18,0
2026-04-28 20:00:00,10309.0,10310.0,10302.6,10303.9,263,18,0
2026-04-28 20:05:00,10303.9,10308.0,10302.2,10307.5,158,18,0
2026-04-28 20:10:00,10307.5,10311.2,10307.0,10311.0,126,18,0
2026-04-28 20:15:00,10311.0,10311.4,10306.5,10308.0,171,18,0
2026-04-28 20:20:00,10308.0,10312.5,10307.5,10312.3,143,18,0
2026-04-28 20:25:00,10312.3,10314.0,10310.1,10310.1,128,18,0
2026-04-28 20:30:00,10310.1,10311.5,10309.0,10310.8,150,18,0
2026-04-28 20:35:00,10310.7,10318.5,10310.5,10315.5,142,18,0
2026-04-28 20:40:00,10315.5,10316.9,10311.8,10311.9,144,18,0
2026-04-28 20:45:00,10311.9,10313.2,10310.0,10310.0,99,18,0
2026-04-28 20:50:00,10310.0,10310.0,10305.5,10306.0,108,18,0
2026-04-28 20:55:00,10306.0,10312.0,10305.3,10311.0,116,18,0
2026-04-28 21:00:00,10311.0,10318.0,10310.5,10312.0,151,18,0
2026-04-28 21:05:00,10312.0,10313.5,10310.5,10313.0,134,18,0
2026-04-28 21:10:00,10313.0,10313.0,10309.2,10309.5,104,18,0
2026-04-28 21:15:00,10309.5,10312.1,10309.5,10310.5,97,18,0
2026-04-28 21:20:00,10310.5,10313.2,10305.5,10310.5,216,18,0
2026-04-28 21:25:00,10310.5,10312.6,10305.7,10308.0,222,18,0
2026-04-28 21:30:00,10308.0,10308.0,10303.6,10305.8,139,18,0
2026-04-28 21:35:00,10305.8,10306.0,10302.0,10302.9,91,18,0
2026-04-28 21:40:00,10302.9,10307.0,10302.5,10307.0,94,18,0
2026-04-28 21:45:00,10307.0,10309.5,10306.0,10307.8,77,18,0
2026-04-28 21:50:00,10307.8,10308.0,10304.0,10305.5,81,18,0
2026-04-28 21:55:00,10305.5,10306.9,10303.5,10303.5,101,18,0
2026-04-28 22:00:00,10303.5,10304.0,10301.2,10303.5,94,18,0
2026-04-28 22:05:00,10303.5,10309.0,10303.1,10306.4,92,18,0
2026-04-28 22:10:00,10306.4,10309.5,10305.5,10308.0,99,18,0
2026-04-28 22:15:00,10308.0,10310.0,10307.0,10310.0,88,18,0
2026-04-28 22:20:00,10310.0,10311.8,10307.0,10310.0,150,18,0
2026-04-28 22:25:00,10310.0,10311.5,10308.0,10308.5,121,18,0
2026-04-28 22:30:00,10308.5,10308.5,10302.0,10302.0,149,18,0
2026-04-28 22:35:00,10302.0,10303.5,10300.9,10303.0,106,18,0
2026-04-28 22:40:00,10303.0,10305.7,10303.0,10304.0,112,18,0
2026-04-28 22:45:00,10304.0,10307.0,10303.5,10307.0,110,18,0
2026-04-28 22:50:00,10307.0,10307.5,10301.5,10304.5,191,18,0
2026-04-28 22:55:00,10304.5,10308.3,10303.0,10307.6,184,18,0
2026-04-29 03:00:00,10325.7,10327.4,10315.5,10316.4,67,29,0
2026-04-29 03:05:00,10316.4,10316.5,10310.5,10310.5,122,18,0
2026-04-29 03:10:00,10310.5,10314.0,10310.5,10312.6,92,19,0
2026-04-29 03:15:00,10312.6,10314.6,10310.5,10311.5,169,18,0
2026-04-29 03:20:00,10311.6,10313.8,10310.8,10313.1,127,20,0
2026-04-29 03:25:00,10313.1,10313.4,10310.7,10310.9,114,18,0
2026-04-29 03:30:00,10310.9,10313.2,10310.5,10311.9,126,18,0
2026-04-29 03:35:00,10311.9,10311.9,10310.7,10310.9,78,18,0
2026-04-29 03:40:00,10310.9,10315.1,10310.9,10314.6,75,18,0
2026-04-29 03:45:00,10314.6,10315.1,10311.3,10312.5,166,19,0
2026-04-29 03:50:00,10312.7,10313.3,10310.7,10311.3,110,19,0
2026-04-29 03:55:00,10311.3,10312.8,10311.0,10311.8,91,19,0
2026-04-29 04:00:00,10311.8,10312.2,10305.2,10306.5,364,19,0
2026-04-29 04:05:00,10306.5,10307.9,10294.6,10297.4,472,19,0
2026-04-29 04:10:00,10297.4,10300.7,10297.0,10298.7,336,21,0
2026-04-29 04:15:00,10298.7,10304.5,10298.5,10302.7,373,20,0
2026-04-29 04:20:00,10302.7,10306.1,10302.6,10304.8,239,19,0
2026-04-29 04:25:00,10304.8,10305.5,10301.0,10302.4,216,18,0
2026-04-29 04:30:00,10302.4,10314.2,10301.8,10312.6,479,18,0
2026-04-29 04:35:00,10312.6,10313.9,10307.8,10311.0,372,18,0
2026-04-29 04:40:00,10311.3,10317.9,10310.8,10314.6,233,18,0
2026-04-29 04:45:00,10314.8,10316.6,10313.1,10314.3,256,19,0
2026-04-29 04:50:00,10314.3,10315.0,10311.5,10313.0,239,18,0
2026-04-29 04:55:00,10313.0,10315.6,10311.1,10314.1,249,19,0
2026-04-29 05:00:00,10314.1,10318.0,10314.1,10315.6,246,18,0
2026-04-29 05:05:00,10315.6,10322.1,10314.8,10321.5,267,18,0
2026-04-29 05:10:00,10321.6,10322.2,10317.2,10318.3,244,18,0
2026-04-29 05:15:00,10318.3,10322.9,10317.0,10320.8,194,18,0
2026-04-29 05:20:00,10320.8,10321.1,10316.1,10316.9,235,20,0
2026-04-29 05:25:00,10316.9,10319.3,10316.0,10316.6,251,20,0
2026-04-29 05:30:00,10316.6,10316.9,10313.1,10315.1,216,19,0
2026-04-29 05:35:00,10315.3,10315.8,10313.4,10314.8,156,20,0
2026-04-29 05:40:00,10315.1,10315.5,10313.0,10313.8,143,19,0
2026-04-29 05:45:00,10313.8,10315.1,10312.5,10314.3,138,20,0
2026-04-29 05:50:00,10314.3,10315.0,10311.6,10311.6,127,21,0
2026-04-29 05:55:00,10311.6,10312.3,10309.1,10309.4,128,18,0
2026-04-29 06:00:00,10309.4,10312.0,10308.3,10311.8,121,18,0
2026-04-29 06:05:00,10311.8,10314.1,10310.8,10312.8,170,22,0
2026-04-29 06:10:00,10312.8,10313.7,10311.6,10313.5,144,21,0
2026-04-29 06:15:00,10313.5,10314.8,10312.8,10314.4,140,20,0
2026-04-29 06:20:00,10314.4,10315.6,10312.3,10312.4,111,18,0
2026-04-29 06:25:00,10312.4,10314.6,10312.3,10314.0,123,18,0
2026-04-29 06:30:00,10314.0,10314.5,10312.0,10312.8,83,22,0
2026-04-29 06:35:00,10312.8,10313.0,10311.0,10311.7,92,21,0
2026-04-29 06:40:00,10311.7,10312.0,10310.4,10310.4,71,19,0
2026-04-29 06:45:00,10310.4,10310.6,10308.5,10308.9,89,18,0
2026-04-29 06:50:00,10309.1,10310.5,10308.8,10310.3,74,20,0
2026-04-29 06:55:00,10310.3,10312.6,10309.3,10312.6,80,20,0
2026-04-29 07:00:00,10312.5,10314.6,10312.1,10312.5,103,19,0
2026-04-29 07:05:00,10312.5,10313.6,10312.1,10313.1,63,20,0
2026-04-29 07:10:00,10313.1,10315.1,10312.4,10314.0,74,20,0
2026-04-29 07:15:00,10314.0,10314.5,10313.2,10313.8,54,20,0
2026-04-29 07:20:00,10313.8,10314.1,10312.7,10313.7,82,18,0
2026-04-29 07:25:00,10313.7,10315.4,10313.5,10314.4,86,18,0
2026-04-29 07:30:00,10314.4,10317.7,10314.2,10317.5,235,18,0
2026-04-29 07:35:00,10317.3,10318.4,10316.1,10317.1,159,18,0
2026-04-29 07:40:00,10317.1,10318.0,10315.6,10317.1,81,21,0
2026-04-29 07:45:00,10317.1,10322.1,10316.8,10321.7,82,19,0
2026-04-29 07:50:00,10321.7,10323.1,10320.4,10320.9,97,18,0
2026-04-29 07:55:00,10320.9,10320.9,10318.4,10318.5,76,20,0
2026-04-29 08:00:00,10318.5,10321.0,10316.9,10319.8,168,20,0
2026-04-29 08:05:00,10319.8,10321.5,10318.3,10318.4,158,22,0
2026-04-29 08:10:00,10318.4,10319.3,10316.0,10317.0,94,22,0
2026-04-29 08:15:00,10317.0,10319.0,10315.1,10316.2,134,18,0
2026-04-29 08:20:00,10316.4,10317.8,10314.6,10317.6,113,18,0
2026-04-29 08:25:00,10317.8,10320.9,10317.0,10320.6,140,18,0
2026-04-29 08:30:00,10320.6,10322.4,10319.7,10322.0,185,18,0
2026-04-29 08:35:00,10322.0,10324.6,10321.4,10322.1,150,18,0
2026-04-29 08:40:00,10322.5,10322.5,10319.6,10320.9,106,18,0
2026-04-29 08:45:00,10320.9,10323.1,10320.0,10321.9,163,18,0
2026-04-29 08:50:00,10322.3,10324.4,10321.8,10323.7,130,18,0
2026-04-29 08:55:00,10323.7,10324.1,10321.9,10322.4,155,18,0
2026-04-29 09:00:00,10322.4,10328.9,10321.7,10323.9,351,18,0
2026-04-29 09:05:00,10323.9,10327.2,10323.7,10323.9,251,18,0
2026-04-29 09:10:00,10323.9,10325.9,10323.2,10324.6,248,18,0
2026-04-29 09:15:00,10324.7,10324.7,10321.1,10323.2,194,18,0
2026-04-29 09:20:00,10323.2,10323.2,10318.5,10319.0,178,18,0
2026-04-29 09:25:00,10319.0,10321.2,10315.4,10317.2,206,18,0
2026-04-29 09:30:00,10317.1,10319.1,10315.2,10316.2,160,18,0
2026-04-29 09:35:00,10316.2,10316.2,10313.2,10315.2,158,18,0
2026-04-29 09:40:00,10315.2,10322.5,10315.2,10317.7,126,18,0
2026-04-29 09:45:00,10317.7,10319.2,10314.1,10314.2,141,18,0
2026-04-29 09:50:00,10314.2,10314.2,10303.7,10304.2,203,18,0
2026-04-29 09:55:00,10304.2,10310.1,10300.5,10306.9,282,18,0
2026-04-29 10:00:00,10307.7,10334.1,10307.7,10321.6,847,11,0
2026-04-29 10:05:00,10321.6,10324.1,10304.6,10304.6,621,10,0
2026-04-29 10:10:00,10304.9,10306.1,10292.6,10295.5,624,10,0
2026-04-29 10:15:00,10295.1,10297.1,10289.1,10290.0,569,10,0
2026-04-29 10:20:00,10290.1,10290.4,10283.4,10285.9,587,10,0
2026-04-29 10:25:00,10286.1,10290.6,10281.8,10287.1,541,10,0
2026-04-29 10:30:00,10287.4,10294.6,10287.2,10293.1,583,10,0
2026-04-29 10:35:00,10293.1,10293.1,10280.6,10282.6,517,10,0
2026-04-29 10:40:00,10282.6,10283.6,10275.5,10275.6,501,10,0
2026-04-29 10:45:00,10275.6,10276.1,10260.0,10265.8,609,10,0
2026-04-29 10:50:00,10266.1,10279.9,10266.0,10276.6,524,10,0
2026-04-29 10:55:00,10276.6,10278.7,10269.8,10270.1,491,10,0
2026-04-29 11:00:00,10270.1,10280.5,10269.6,10271.6,637,10,0
2026-04-29 11:05:00,10271.6,10275.0,10265.0,10270.6,681,10,0
2026-04-29 11:10:00,10270.6,10274.1,10264.8,10269.8,666,10,0
2026-04-29 11:15:00,10269.5,10276.5,10268.9,10273.6,633,10,0
2026-04-29 11:20:00,10273.6,10279.1,10271.6,10276.6,576,10,0
2026-04-29 11:25:00,10276.6,10284.5,10276.6,10279.6,603,10,0
2026-04-29 11:30:00,10278.6,10281.5,10263.1,10265.1,642,10,0
2026-04-29 11:35:00,10265.1,10267.1,10260.1,10264.1,618,10,0
2026-04-29 11:40:00,10264.1,10270.1,10260.1,10269.1,512,10,0
2026-04-29 11:45:00,10269.1,10275.6,10264.8,10267.6,593,10,0
2026-04-29 11:50:00,10267.6,10276.1,10266.4,10275.6,582,10,0
2026-04-29 11:55:00,10275.6,10276.1,10271.5,10272.0,426,10,0
2026-04-29 12:00:00,10272.0,10277.6,10268.1,10270.0,474,10,0
2026-04-29 12:05:00,10269.9,10272.1,10262.6,10267.1,530,10,0
2026-04-29 12:10:00,10267.1,10276.6,10266.0,10269.6,535,10,0
2026-04-29 12:15:00,10269.6,10273.1,10267.9,10272.5,520,10,0
2026-04-29 12:20:00,10272.5,10273.6,10266.5,10273.1,568,10,0
2026-04-29 12:25:00,10273.1,10275.1,10267.8,10269.1,375,10,0
2026-04-29 12:30:00,10268.9,10276.6,10267.9,10272.9,446,10,0
2026-04-29 12:35:00,10273.0,10278.0,10266.1,10268.1,449,10,0
2026-04-29 12:40:00,10268.1,10268.5,10261.6,10261.6,479,10,0
2026-04-29 12:45:00,10261.6,10263.5,10254.1,10258.1,480,10,0
2026-04-29 12:50:00,10258.1,10258.6,10250.6,10252.1,498,10,0
2026-04-29 12:55:00,10252.1,10253.6,10244.1,10253.1,528,10,0
2026-04-29 13:00:00,10253.0,10259.8,10250.0,10257.6,525,10,0
2026-04-29 13:05:00,10257.6,10260.1,10252.1,10257.6,457,10,0
2026-04-29 13:10:00,10257.6,10263.6,10256.9,10263.3,361,10,0
2026-04-29 13:15:00,10263.3,10278.9,10263.1,10276.0,424,10,0
2026-04-29 13:20:00,10276.1,10276.1,10269.1,10275.3,481,10,0
2026-04-29 13:25:00,10274.6,10275.1,10269.6,10270.9,343,10,0
2026-04-29 13:30:00,10270.9,10277.6,10270.4,10275.0,362,10,0
2026-04-29 13:35:00,10275.0,10279.1,10269.1,10269.5,421,10,0
2026-04-29 13:40:00,10269.5,10269.5,10252.1,10253.3,490,10,0
2026-04-29 13:45:00,10253.2,10253.2,10246.8,10248.1,471,10,0
2026-04-29 13:50:00,10248.1,10256.6,10248.1,10256.1,462,10,0
2026-04-29 13:55:00,10256.1,10256.5,10246.4,10252.5,470,10,0
2026-04-29 14:00:00,10252.5,10255.1,10249.6,10253.0,481,10,0
2026-04-29 14:05:00,10253.0,10256.9,10246.6,10248.2,518,10,0
2026-04-29 14:10:00,10248.2,10252.1,10243.6,10250.6,497,10,0
2026-04-29 14:15:00,10250.1,10257.0,10249.4,10256.4,451,10,0
2026-04-29 14:20:00,10256.6,10258.5,10251.9,10254.6,445,10,0
2026-04-29 14:25:00,10254.6,10259.1,10251.6,10253.6,413,10,0
2026-04-29 14:30:00,10253.6,10257.6,10248.7,10249.5,417,10,0
2026-04-29 14:35:00,10249.5,10260.1,10249.5,10250.6,520,10,0
2026-04-29 14:40:00,10250.4,10254.9,10248.9,10254.6,457,10,0
2026-04-29 14:45:00,10254.5,10254.6,10246.9,10249.1,428,10,0
2026-04-29 14:50:00,10249.1,10257.6,10249.1,10256.1,423,10,0
2026-04-29 14:55:00,10256.1,10257.4,10250.0,10250.9,337,10,0
2026-04-29 15:00:00,10250.9,10254.4,10245.8,10247.9,431,10,0
2026-04-29 15:05:00,10247.9,10252.4,10247.1,10251.6,442,10,0
2026-04-29 15:10:00,10251.6,10254.6,10244.5,10244.5,480,10,0
2026-04-29 15:15:00,10244.4,10251.1,10243.6,10248.6,397,10,0
2026-04-29 15:20:00,10248.6,10250.6,10239.9,10240.1,519,10,0
2026-04-29 15:25:00,10240.1,10247.6,10237.4,10240.7,387,10,0
2026-04-29 15:30:00,10239.7,10241.0,10228.6,10232.6,550,10,0
2026-04-29 15:35:00,10232.6,10237.5,10231.1,10236.1,641,10,0
2026-04-29 15:40:00,10236.1,10243.6,10234.9,10237.1,462,10,0
2026-04-29 15:45:00,10237.1,10241.0,10235.0,10239.6,437,10,0
2026-04-29 15:50:00,10239.6,10252.3,10238.4,10250.6,553,10,0
2026-04-29 15:55:00,10250.6,10261.6,10248.9,10259.1,488,10,0
2026-04-29 16:00:00,10259.1,10263.9,10251.5,10253.5,520,10,0
2026-04-29 16:05:00,10253.5,10257.0,10249.1,10250.1,436,10,0
2026-04-29 16:10:00,10250.1,10252.1,10246.6,10251.6,361,10,0
2026-04-29 16:15:00,10251.6,10253.6,10247.4,10250.3,429,10,0
2026-04-29 16:20:00,10250.6,10251.4,10239.5,10245.1,725,10,0
2026-04-29 16:25:00,10245.1,10245.1,10232.6,10234.0,577,10,0
2026-04-29 16:30:00,10234.0,10241.5,10231.9,10237.1,790,10,0
2026-04-29 16:35:00,10237.1,10242.9,10229.1,10230.0,638,10,0
2026-04-29 16:40:00,10230.1,10230.1,10216.1,10216.5,573,10,0
2026-04-29 16:45:00,10216.6,10216.6,10197.8,10204.6,649,10,0
2026-04-29 16:50:00,10204.6,10208.1,10198.5,10206.5,690,10,0
2026-04-29 16:55:00,10206.6,10216.0,10205.6,10214.6,598,10,0
2026-04-29 17:00:00,10215.1,10227.0,10211.1,10225.1,674,10,0
2026-04-29 17:05:00,10225.1,10225.1,10219.6,10220.9,586,10,0
2026-04-29 17:10:00,10220.7,10222.1,10215.1,10219.1,510,10,0
2026-04-29 17:15:00,10219.1,10223.1,10214.1,10215.6,550,10,0
2026-04-29 17:20:00,10215.6,10220.4,10212.1,10213.6,422,10,0
2026-04-29 17:25:00,10213.6,10214.1,10206.6,10206.6,476,10,0
2026-04-29 17:30:00,10206.9,10211.1,10205.1,10206.0,496,10,0
2026-04-29 17:35:00,10206.0,10210.4,10202.1,10206.4,397,10,0
2026-04-29 17:40:00,10206.1,10211.4,10204.6,10206.6,462,10,0
2026-04-29 17:45:00,10206.6,10208.1,10199.1,10199.1,398,10,0
2026-04-29 17:50:00,10199.1,10202.6,10197.1,10202.1,407,10,0
2026-04-29 17:55:00,10202.1,10205.1,10201.4,10202.9,424,10,0
2026-04-29 18:00:00,10202.9,10209.4,10201.3,10208.9,418,10,0
2026-04-29 18:05:00,10208.9,10208.9,10193.6,10195.6,365,10,0
2026-04-29 18:10:00,10195.6,10196.1,10187.6,10190.1,392,10,0
2026-04-29 18:15:00,10190.3,10202.1,10190.1,10201.8,437,10,0
2026-04-29 18:20:00,10202.0,10204.6,10199.9,10203.8,350,10,0
2026-04-29 18:25:00,10203.9,10210.6,10201.4,10210.4,406,10,0
2026-04-29 18:30:00,10210.2,10215.2,10200.7,10212.9,632,18,0
2026-04-29 18:35:00,10214.0,10217.0,10206.7,10215.1,461,18,0
2026-04-29 18:40:00,10215.1,10218.7,10211.2,10213.0,336,18,0
2026-04-29 18:45:00,10213.0,10217.1,10210.7,10211.2,360,18,0
2026-04-29 18:50:00,10211.2,10214.2,10189.0,10194.6,665,18,0
2026-04-29 18:55:00,10194.2,10198.9,10187.5,10196.7,609,18,0
2026-04-29 19:00:00,10196.7,10207.7,10194.7,10203.6,450,18,0
2026-04-29 19:05:00,10203.6,10207.0,10198.6,10201.7,425,18,0
2026-04-29 19:10:00,10201.7,10205.7,10198.7,10200.7,337,18,0
2026-04-29 19:15:00,10201.2,10210.0,10201.2,10204.9,354,18,0
2026-04-29 19:20:00,10205.1,10212.1,10205.0,10210.8,273,18,0
2026-04-29 19:25:00,10210.9,10212.2,10203.7,10204.7,318,18,0
2026-04-29 19:30:00,10204.7,10205.2,10194.7,10199.2,400,18,0
2026-04-29 19:35:00,10199.6,10203.6,10198.0,10200.2,338,18,0
2026-04-29 19:40:00,10200.2,10205.2,10200.2,10203.5,257,18,0
2026-04-29 19:45:00,10203.5,10207.8,10202.2,10205.7,289,18,0
2026-04-29 19:50:00,10205.7,10206.6,10199.2,10202.2,257,18,0
2026-04-29 19:55:00,10202.2,10203.2,10198.1,10203.1,287,18,0
2026-04-29 20:00:00,10203.2,10203.5,10194.8,10197.7,244,18,0
2026-04-29 20:05:00,10197.7,10199.7,10195.7,10198.7,234,18,0
2026-04-29 20:10:00,10198.7,10199.7,10194.9,10197.7,201,18,0
2026-04-29 20:15:00,10197.7,10200.7,10194.7,10199.7,209,18,0
2026-04-29 20:20:00,10199.7,10205.7,10199.2,10205.0,355,18,0
2026-04-29 20:25:00,10205.0,10206.2,10202.5,10205.6,246,18,0
2026-04-29 20:30:00,10205.6,10208.7,10202.7,10204.2,238,18,0
2026-04-29 20:35:00,10204.2,10204.2,10200.7,10201.7,177,18,0
2026-04-29 20:40:00,10201.7,10201.7,10197.3,10200.5,150,18,0
2026-04-29 20:45:00,10200.5,10206.7,10200.2,10204.2,246,18,0
2026-04-29 20:50:00,10204.2,10205.3,10201.2,10201.7,255,18,0
2026-04-29 20:55:00,10201.7,10204.3,10199.2,10202.7,202,18,0
2026-04-29 21:00:00,10202.7,10210.3,10193.6,10195.2,558,18,0
2026-04-29 21:05:00,10195.1,10198.2,10187.5,10189.4,475,18,0
2026-04-29 21:10:00,10189.4,10192.7,10186.7,10188.2,513,18,0
2026-04-29 21:15:00,10188.1,10194.1,10186.8,10189.0,560,18,0
2026-04-29 21:20:00,10189.0,10193.1,10188.2,10190.2,414,18,0
2026-04-29 21:25:00,10190.2,10190.3,10184.7,10190.0,337,18,0
2026-04-29 21:30:00,10190.1,10190.3,10181.2,10182.2,595,18,0
2026-04-29 21:35:00,10182.0,10191.6,10178.5,10184.8,844,18,0
2026-04-29 21:40:00,10184.7,10184.7,10173.2,10174.6,619,18,0
2026-04-29 21:45:00,10174.6,10180.5,10170.7,10179.2,656,18,0
2026-04-29 21:50:00,10179.1,10185.9,10178.3,10182.5,614,18,0
2026-04-29 21:55:00,10182.5,10192.2,10181.7,10191.2,619,18,0
2026-04-29 22:00:00,10191.2,10195.7,10191.1,10191.8,544,18,0
2026-04-29 22:05:00,10191.8,10193.0,10188.5,10192.2,451,18,0
2026-04-29 22:10:00,10192.1,10201.1,10191.2,10200.0,474,18,0
2026-04-29 22:15:00,10200.0,10203.9,10200.0,10200.7,453,18,0
2026-04-29 22:20:00,10200.7,10203.7,10197.1,10202.6,337,18,0
2026-04-29 22:25:00,10202.6,10202.7,10196.2,10196.7,232,18,0
2026-04-29 22:30:00,10196.7,10196.7,10186.1,10189.7,334,18,0
2026-04-29 22:35:00,10189.7,10195.2,10187.7,10192.7,271,18,0
2026-04-29 22:40:00,10192.7,10198.0,10190.1,10197.7,249,18,0
2026-04-29 22:45:00,10197.7,10199.2,10191.1,10191.2,270,18,0
2026-04-29 22:50:00,10191.2,10196.8,10188.2,10194.2,387,18,0
2026-04-29 22:55:00,10194.2,10198.6,10193.2,10195.4,239,18,0
2026-04-30 03:00:00,10217.9,10218.9,10202.5,10202.5,244,18,0
2026-04-30 03:05:00,10202.5,10209.3,10197.5,10207.0,364,18,0
2026-04-30 03:10:00,10207.0,10209.3,10202.8,10206.1,199,18,0
2026-04-30 03:15:00,10206.1,10210.8,10206.0,10207.2,299,18,0
2026-04-30 03:20:00,10207.2,10208.1,10204.4,10205.9,203,18,0
2026-04-30 03:25:00,10205.9,10208.8,10203.9,10206.7,267,18,0
2026-04-30 03:30:00,10206.7,10211.2,10206.7,10208.8,393,19,0
2026-04-30 03:35:00,10208.8,10214.2,10208.5,10214.0,247,19,0
2026-04-30 03:40:00,10214.0,10214.0,10209.3,10209.8,232,18,0
2026-04-30 03:45:00,10209.8,10216.1,10209.6,10214.4,257,18,0
2026-04-30 03:50:00,10214.4,10217.1,10212.5,10215.4,254,18,0
2026-04-30 03:55:00,10214.9,10216.0,10213.2,10214.5,295,18,0
2026-04-30 04:00:00,10214.5,10216.0,10211.7,10213.0,514,18,0
2026-04-30 04:05:00,10213.0,10213.5,10206.6,10208.8,306,18,0
2026-04-30 04:10:00,10208.8,10212.0,10208.1,10208.9,279,18,0
2026-04-30 04:15:00,10208.9,10212.4,10207.7,10212.4,250,18,0
2026-04-30 04:20:00,10212.4,10215.5,10211.8,10215.2,259,18,0
2026-04-30 04:25:00,10215.2,10218.4,10211.8,10216.4,310,18,0
2026-04-30 04:30:00,10216.4,10224.1,10216.4,10220.5,460,18,0
2026-04-30 04:35:00,10220.5,10220.9,10212.2,10215.4,359,12,0
2026-04-30 04:40:00,10215.4,10218.7,10214.5,10216.8,296,20,0
2026-04-30 04:45:00,10216.8,10219.2,10215.7,10218.4,246,19,0
2026-04-30 04:50:00,10218.6,10227.4,10217.0,10225.8,306,18,0
2026-04-30 04:55:00,10225.8,10228.4,10224.3,10228.0,277,18,0
2026-04-30 05:00:00,10228.0,10229.9,10224.2,10225.0,265,18,0
2026-04-30 05:05:00,10225.0,10227.4,10224.1,10226.3,259,18,0
2026-04-30 05:10:00,10226.7,10227.6,10224.2,10225.8,245,18,0
2026-04-30 05:15:00,10225.8,10227.0,10221.5,10221.8,198,18,0
2026-04-30 05:20:00,10221.7,10222.3,10219.7,10220.6,228,18,0
2026-04-30 05:25:00,10220.6,10221.6,10212.4,10213.0,177,18,0
2026-04-30 05:30:00,10213.2,10213.2,10193.7,10211.4,809,19,0
2026-04-30 05:35:00,10210.9,10217.6,10210.3,10214.3,537,18,0
2026-04-30 05:40:00,10214.3,10217.1,10211.3,10211.7,517,22,0
2026-04-30 05:45:00,10211.7,10212.7,10202.5,10202.7,443,19,0
2026-04-30 05:50:00,10202.7,10207.5,10201.1,10205.5,398,20,0
2026-04-30 05:55:00,10205.5,10207.8,10204.0,10205.7,384,19,0
2026-04-30 06:00:00,10205.7,10208.1,10203.9,10206.5,371,18,0
2026-04-30 06:05:00,10206.5,10208.1,10199.8,10202.5,319,18,0
2026-04-30 06:10:00,10202.4,10204.2,10197.4,10198.9,375,19,0
2026-04-30 06:15:00,10198.9,10201.2,10197.9,10198.7,325,18,0
2026-04-30 06:20:00,10198.5,10199.5,10196.7,10199.2,311,18,0
2026-04-30 06:25:00,10199.2,10200.1,10192.2,10195.0,338,18,0
2026-04-30 06:30:00,10195.0,10199.7,10194.1,10198.0,357,18,0
2026-04-30 06:35:00,10198.0,10200.8,10197.2,10198.2,277,18,0
2026-04-30 06:40:00,10198.2,10200.0,10195.5,10197.5,233,18,0
2026-04-30 06:45:00,10197.6,10200.2,10196.0,10197.4,211,20,0
2026-04-30 06:50:00,10197.4,10198.7,10195.9,10196.2,259,18,0
2026-04-30 06:55:00,10196.2,10197.1,10194.9,10195.7,261,18,0
2026-04-30 07:00:00,10195.6,10197.0,10193.6,10193.9,318,18,0
2026-04-30 07:05:00,10194.0,10197.4,10191.7,10194.6,361,18,0
2026-04-30 07:10:00,10194.6,10195.4,10191.4,10193.6,377,18,0
2026-04-30 07:15:00,10193.6,10195.5,10189.9,10190.3,283,18,0
2026-04-30 07:20:00,10190.3,10191.5,10187.5,10189.2,284,18,0
2026-04-30 07:25:00,10189.2,10191.5,10187.8,10187.8,321,18,0
2026-04-30 07:30:00,10187.8,10188.3,10178.0,10179.9,340,18,0
2026-04-30 07:35:00,10179.9,10183.4,10178.9,10179.5,412,22,0
2026-04-30 07:40:00,10179.5,10183.4,10177.0,10181.5,330,18,0
2026-04-30 07:45:00,10181.5,10185.6,10180.9,10184.2,318,18,0
2026-04-30 07:50:00,10183.4,10185.3,10181.4,10181.5,339,18,0
2026-04-30 07:55:00,10181.5,10183.1,10179.7,10180.6,273,18,0
2026-04-30 08:00:00,10180.6,10186.8,10180.5,10186.3,422,18,0
2026-04-30 08:05:00,10186.5,10202.8,10185.8,10199.2,314,18,0
2026-04-30 08:10:00,10199.1,10204.4,10199.1,10201.6,323,18,0
2026-04-30 08:15:00,10201.1,10202.8,10195.7,10195.8,343,18,0
2026-04-30 08:20:00,10195.8,10197.4,10191.7,10195.6,385,18,0
2026-04-30 08:25:00,10195.6,10195.6,10187.7,10193.8,373,18,0
2026-04-30 08:30:00,10194.5,10207.4,10194.5,10207.3,371,18,0
2026-04-30 08:35:00,10207.3,10211.5,10203.8,10203.8,331,18,0
2026-04-30 08:40:00,10203.8,10208.7,10203.8,10208.4,343,18,0
2026-04-30 08:45:00,10208.5,10209.0,10200.1,10203.4,275,18,0
2026-04-30 08:50:00,10203.4,10205.1,10203.3,10203.9,283,18,0
2026-04-30 08:55:00,10203.8,10206.4,10203.3,10203.8,296,18,0
2026-04-30 09:00:00,10203.8,10204.5,10191.5,10191.5,476,18,0
2026-04-30 09:05:00,10191.5,10193.3,10183.6,10185.3,427,18,0
2026-04-30 09:10:00,10185.4,10185.5,10178.1,10179.7,483,18,0
2026-04-30 09:15:00,10179.6,10184.2,10178.5,10180.7,440,18,0
2026-04-30 09:20:00,10180.3,10183.6,10178.6,10180.6,434,18,0
2026-04-30 09:25:00,10180.6,10192.3,10180.3,10191.3,405,18,0
2026-04-30 09:30:00,10191.1,10213.8,10191.1,10213.3,611,18,0
2026-04-30 09:35:00,10213.3,10217.5,10208.5,10212.6,612,18,0
2026-04-30 09:40:00,10212.7,10213.9,10196.7,10201.3,420,18,0
2026-04-30 09:45:00,10201.3,10208.3,10195.1,10196.4,379,18,0
2026-04-30 09:50:00,10196.4,10203.9,10196.4,10201.6,422,18,0
2026-04-30 09:55:00,10201.6,10210.5,10198.6,10206.1,542,18,0
2026-04-30 10:00:00,10206.5,10211.6,10201.0,10210.1,914,10,0
2026-04-30 10:05:00,10210.0,10214.2,10203.6,10207.2,795,10,0
2026-04-30 10:10:00,10207.2,10217.7,10204.2,10207.7,763,10,0
2026-04-30 10:15:00,10207.7,10214.6,10203.2,10212.6,746,10,0
2026-04-30 10:20:00,10212.7,10222.6,10207.7,10219.9,653,10,0
2026-04-30 10:25:00,10219.5,10225.2,10217.4,10220.4,699,10,0
2026-04-30 10:30:00,10220.5,10226.7,10216.4,10216.5,637,10,0
2026-04-30 10:35:00,10216.6,10222.2,10212.7,10219.7,633,0,0
2026-04-30 10:40:00,10220.0,10231.7,10218.8,10231.1,613,10,0
2026-04-30 10:45:00,10231.2,10236.2,10227.7,10230.1,664,10,0
2026-04-30 10:50:00,10230.1,10233.5,10225.6,10229.7,495,10,0
2026-04-30 10:55:00,10229.7,10237.7,10226.7,10236.0,563,10,0
2026-04-30 11:00:00,10235.9,10246.2,10231.5,10244.5,731,10,0
2026-04-30 11:05:00,10244.5,10250.9,10243.2,10249.7,771,10,0
2026-04-30 11:10:00,10249.2,10258.1,10248.2,10256.6,628,10,0
2026-04-30 11:15:00,10256.6,10259.6,10253.0,10256.6,590,10,0
2026-04-30 11:20:00,10256.6,10259.2,10251.2,10255.0,670,10,0
2026-04-30 11:25:00,10254.6,10262.2,10254.4,10262.2,605,10,0
2026-04-30 11:30:00,10262.2,10263.7,10255.2,10256.7,616,10,0
2026-04-30 11:35:00,10256.7,10260.7,10252.5,10259.1,590,10,0
2026-04-30 11:40:00,10259.2,10260.4,10253.6,10256.2,585,10,0
2026-04-30 11:45:00,10256.2,10260.2,10254.5,10257.2,529,10,0
2026-04-30 11:50:00,10257.0,10266.7,10257.0,10263.2,528,10,0
2026-04-30 11:55:00,10263.2,10266.0,10260.7,10262.5,389,10,0
2026-04-30 12:00:00,10262.5,10271.7,10262.5,10270.7,557,10,0
2026-04-30 12:05:00,10270.7,10277.2,10267.2,10276.2,595,10,0
2026-04-30 12:10:00,10276.2,10282.7,10268.0,10279.7,602,10,0
2026-04-30 12:15:00,10279.7,10285.2,10278.5,10280.7,498,10,0
2026-04-30 12:20:00,10280.7,10284.2,10275.6,10278.6,597,10,0
2026-04-30 12:25:00,10278.7,10289.7,10276.9,10289.1,689,10,0
2026-04-30 12:30:00,10289.2,10304.0,10288.7,10297.2,835,10,0
2026-04-30 12:35:00,10297.2,10305.7,10295.5,10304.2,696,10,0
2026-04-30 12:40:00,10304.2,10310.1,10304.2,10308.2,556,10,0
2026-04-30 12:45:00,10308.2,10315.7,10308.2,10312.1,514,10,0
2026-04-30 12:50:00,10312.5,10314.2,10308.6,10310.2,545,10,0
2026-04-30 12:55:00,10310.2,10310.2,10304.1,10304.7,400,10,0
2026-04-30 13:00:00,10304.2,10316.5,10302.7,10314.1,578,10,0
2026-04-30 13:05:00,10314.1,10319.7,10312.2,10319.7,577,10,0
2026-04-30 13:10:00,10319.7,10320.4,10314.1,10315.2,546,10,0
2026-04-30 13:15:00,10315.2,10322.5,10313.7,10315.7,445,10,0
2026-04-30 13:20:00,10316.2,10322.7,10315.2,10320.4,500,10,0
2026-04-30 13:25:00,10320.5,10324.4,10319.4,10320.9,540,10,0
2026-04-30 13:30:00,10320.7,10324.5,10317.5,10319.2,637,10,0
2026-04-30 13:35:00,10319.1,10321.7,10304.0,10305.4,676,10,0
2026-04-30 13:40:00,10305.6,10313.7,10302.2,10310.1,599,10,0
2026-04-30 13:45:00,10310.1,10318.6,10309.4,10310.2,600,10,0
2026-04-30 13:50:00,10310.4,10315.7,10304.2,10314.7,622,10,0
2026-04-30 13:55:00,10315.1,10327.5,10315.0,10323.9,437,10,0
2026-04-30 14:00:00,10324.7,10341.5,10324.7,10337.2,771,10,0
2026-04-30 14:05:00,10337.2,10356.9,10333.5,10347.2,614,10,0
2026-04-30 14:10:00,10347.3,10352.2,10343.2,10345.9,659,10,0
2026-04-30 14:15:00,10346.2,10351.1,10344.4,10344.7,576,10,0
2026-04-30 14:20:00,10344.7,10349.7,10341.2,10341.2,557,10,0
2026-04-30 14:25:00,10341.2,10348.7,10340.2,10346.1,554,10,0
2026-04-30 14:30:00,10346.4,10346.4,10338.7,10344.0,558,10,0
2026-04-30 14:35:00,10344.0,10349.2,10337.7,10345.0,548,10,0
2026-04-30 14:40:00,10344.7,10345.7,10339.6,10345.2,482,10,0
2026-04-30 14:45:00,10345.0,10354.2,10342.4,10354.2,567,10,0
2026-04-30 14:50:00,10354.2,10359.2,10347.2,10350.6,559,10,0
2026-04-30 14:55:00,10350.7,10357.7,10350.2,10354.2,475,10,0
2026-04-30 15:00:00,10354.2,10356.7,10350.7,10356.7,553,10,0
2026-04-30 15:05:00,10356.7,10358.0,10350.2,10355.2,554,10,0
2026-04-30 15:10:00,10355.2,10360.2,10353.4,10360.2,359,10,0
2026-04-30 15:15:00,10360.0,10378.0,10357.7,10376.1,572,10,0
2026-04-30 15:20:00,10376.1,10380.0,10374.2,10377.0,510,10,0
2026-04-30 15:25:00,10377.0,10381.7,10373.9,10377.4,478,10,0
2026-04-30 15:30:00,10377.5,10379.5,10370.5,10374.0,621,10,0
2026-04-30 15:35:00,10374.2,10385.7,10373.5,10383.1,541,10,0
2026-04-30 15:40:00,10382.7,10382.7,10369.6,10374.4,532,10,0
2026-04-30 15:45:00,10374.5,10381.0,10372.5,10374.6,672,10,0
2026-04-30 15:50:00,10374.6,10383.5,10369.9,10372.0,615,10,0
2026-04-30 15:55:00,10372.2,10373.7,10367.2,10367.8,567,10,0
2026-04-30 16:00:00,10367.9,10377.7,10367.4,10371.0,731,10,0
2026-04-30 16:05:00,10371.0,10375.7,10365.5,10372.2,713,10,0
2026-04-30 16:10:00,10372.2,10372.2,10362.5,10366.7,606,10,0
2026-04-30 16:15:00,10366.7,10372.6,10366.1,10372.2,523,10,0
2026-04-30 16:20:00,10372.2,10373.0,10361.7,10362.7,509,10,0
2026-04-30 16:25:00,10362.7,10363.1,10357.4,10358.7,589,10,0
2026-04-30 16:30:00,10358.7,10360.2,10348.9,10351.7,906,10,0
2026-04-30 16:35:00,10351.7,10352.4,10342.4,10346.7,832,10,0
2026-04-30 16:40:00,10346.7,10357.1,10346.5,10350.1,559,10,0
2026-04-30 16:45:00,10350.1,10353.1,10345.2,10351.1,754,10,0
2026-04-30 16:50:00,10351.4,10362.7,10349.7,10359.2,705,10,0
2026-04-30 16:55:00,10359.2,10361.7,10355.7,10357.2,642,10,0
2026-04-30 17:00:00,10356.7,10363.7,10350.7,10351.4,667,10,0
2026-04-30 17:05:00,10351.7,10354.1,10346.4,10352.0,724,10,0
2026-04-30 17:10:00,10351.9,10357.7,10350.6,10357.2,627,10,0
2026-04-30 17:15:00,10357.2,10371.4,10356.0,10369.7,636,10,0
2026-04-30 17:20:00,10369.7,10375.0,10364.7,10374.7,574,10,0
2026-04-30 17:25:00,10374.7,10380.0,10372.7,10379.2,468,10,0
2026-04-30 17:30:00,10379.5,10387.7,10373.7,10380.7,531,10,0
2026-04-30 17:35:00,10380.7,10381.2,10369.2,10375.2,677,10,0
2026-04-30 17:40:00,10375.2,10376.2,10369.7,10371.7,541,10,0
2026-04-30 17:45:00,10371.7,10380.5,10370.0,10380.2,450,10,0
2026-04-30 17:50:00,10380.2,10386.7,10380.0,10382.5,426,10,0
2026-04-30 17:55:00,10382.4,10382.7,10370.2,10371.5,477,10,0
2026-04-30 18:00:00,10371.5,10374.7,10364.7,10367.2,519,10,0
2026-04-30 18:05:00,10367.2,10371.2,10363.7,10369.8,520,10,0
2026-04-30 18:10:00,10369.9,10377.7,10368.9,10375.0,456,10,0
2026-04-30 18:15:00,10374.9,10376.7,10361.5,10363.0,390,10,0
2026-04-30 18:20:00,10362.9,10362.9,10357.0,10357.7,418,10,0
2026-04-30 18:25:00,10357.7,10377.5,10357.7,10371.3,551,10,0
2026-04-30 18:30:00,10371.3,10382.3,10364.8,10374.3,722,18,0
2026-04-30 18:35:00,10374.6,10375.6,10365.3,10370.6,527,18,0
2026-04-30 18:40:00,10370.4,10370.4,10363.3,10365.1,397,18,0
2026-04-30 18:45:00,10364.9,10367.3,10361.0,10366.8,335,18,0
2026-04-30 18:50:00,10366.8,10366.8,10360.8,10361.3,307,18,0
2026-04-30 18:55:00,10361.3,10365.8,10360.3,10361.6,239,18,0
2026-04-30 19:00:00,10361.6,10363.8,10356.3,10360.6,268,18,0
2026-04-30 19:05:00,10360.6,10363.2,10359.3,10362.1,197,18,0
2026-04-30 19:10:00,10362.1,10363.6,10358.3,10360.6,237,18,0
2026-04-30 19:15:00,10360.6,10360.6,10354.1,10358.6,228,18,0
2026-04-30 19:20:00,10358.6,10360.3,10356.3,10358.3,223,18,0
2026-04-30 19:25:00,10358.3,10362.8,10357.0,10359.6,204,18,0
2026-04-30 19:30:00,10359.6,10361.8,10358.8,10361.2,183,18,0
2026-04-30 19:35:00,10361.2,10361.6,10358.3,10361.1,185,18,0
2026-04-30 19:40:00,10361.1,10363.6,10359.3,10361.3,203,18,0
2026-04-30 19:45:00,10361.3,10361.6,10358.3,10361.6,221,18,0
2026-04-30 19:50:00,10361.6,10361.9,10354.9,10357.6,197,18,0
2026-04-30 19:55:00,10357.5,10359.3,10355.8,10358.7,217,18,0
2026-04-30 20:00:00,10358.7,10359.6,10354.3,10355.8,231,18,0
2026-04-30 20:05:00,10355.8,10360.6,10355.1,10359.8,140,18,0
2026-04-30 20:10:00,10359.8,10360.6,10357.8,10358.1,140,18,0
2026-04-30 20:15:00,10358.1,10358.6,10354.8,10357.8,101,18,0
2026-04-30 20:20:00,10357.8,10358.6,10353.8,10355.8,118,18,0
2026-04-30 20:25:00,10355.8,10356.8,10352.9,10356.8,111,18,0
2026-04-30 20:30:00,10356.8,10362.8,10356.3,10356.8,277,18,0
2026-04-30 20:35:00,10356.8,10359.4,10356.3,10356.8,166,18,0
2026-04-30 20:40:00,10356.8,10357.8,10355.3,10356.3,116,18,0
2026-04-30 20:45:00,10356.5,10357.4,10352.9,10353.8,164,18,0
2026-04-30 20:50:00,10353.8,10354.8,10351.3,10351.3,126,18,0
2026-04-30 20:55:00,10351.3,10352.6,10349.4,10349.9,192,18,0
2026-04-30 21:00:00,10349.9,10354.6,10348.8,10354.0,187,18,0
2026-04-30 21:05:00,10354.1,10355.8,10352.7,10353.3,121,18,0
2026-04-30 21:10:00,10353.3,10355.1,10352.3,10352.3,135,18,0
2026-04-30 21:15:00,10352.3,10357.0,10352.3,10356.0,134,18,0
2026-04-30 21:20:00,10356.0,10356.5,10354.7,10356.3,127,18,0
2026-04-30 21:25:00,10356.3,10358.3,10354.9,10357.3,117,18,0
2026-04-30 21:30:00,10357.2,10359.3,10356.3,10356.3,184,18,0
2026-04-30 21:35:00,10356.3,10359.1,10355.8,10358.8,112,18,0
2026-04-30 21:40:00,10358.8,10360.3,10356.8,10360.2,136,18,0
2026-04-30 21:45:00,10359.8,10364.1,10359.8,10364.1,113,18,0
2026-04-30 21:50:00,10364.1,10367.2,10364.1,10364.3,145,18,0
2026-04-30 21:55:00,10364.3,10364.6,10360.8,10361.1,130,18,0
2026-04-30 22:00:00,10361.1,10370.3,10361.1,10370.2,156,18,0
2026-04-30 22:05:00,10370.2,10374.3,10370.2,10373.3,209,18,0
2026-04-30 22:10:00,10373.3,10379.6,10373.3,10378.4,219,18,0
2026-04-30 22:15:00,10378.4,10380.1,10376.3,10376.8,137,18,0
2026-04-30 22:20:00,10376.8,10380.6,10376.3,10379.3,164,18,0
2026-04-30 22:25:00,10379.3,10379.3,10375.5,10378.3,159,18,0
2026-04-30 22:30:00,10378.3,10378.6,10368.3,10375.6,242,18,0
2026-04-30 22:35:00,10375.6,10376.9,10372.8,10373.8,174,18,0
2026-04-30 22:40:00,10373.8,10373.8,10366.8,10369.6,172,18,0
2026-04-30 22:45:00,10369.6,10369.8,10366.3,10367.8,154,18,0
2026-04-30 22:50:00,10367.8,10368.8,10362.7,10363.3,283,18,0
2026-04-30 22:55:00,10363.3,10367.5,10362.8,10365.3,263,18,0
2026-05-01 03:00:00,10370.5,10370.5,10365.3,10365.3,8,31,0
2026-05-01 03:05:00,10365.3,10365.3,10345.0,10345.0,106,18,0
2026-05-01 03:10:00,10345.0,10345.7,10335.7,10336.2,116,18,0
2026-05-01 03:15:00,10336.2,10343.1,10336.2,10339.3,126,18,0
2026-05-01 03:20:00,10339.3,10344.4,10338.5,10339.6,90,23,0
2026-05-01 03:25:00,10339.6,10341.1,10339.3,10339.6,106,21,0
2026-05-01 03:30:00,10339.6,10339.7,10328.0,10336.0,106,18,0
2026-05-01 03:35:00,10336.0,10337.0,10332.9,10336.9,103,24,0
2026-05-01 03:40:00,10336.9,10343.1,10336.7,10342.2,96,25,0
2026-05-01 03:45:00,10342.2,10345.3,10342.0,10342.5,36,28,0
2026-05-01 03:50:00,10342.5,10342.6,10339.0,10340.2,56,31,0
2026-05-01 03:55:00,10340.2,10341.6,10339.9,10341.4,40,31,0
2026-05-01 04:00:00,10341.4,10344.1,10340.7,10344.1,94,22,0
2026-05-01 04:05:00,10344.1,10345.2,10343.6,10344.7,29,28,0
2026-05-01 04:10:00,10344.7,10344.8,10344.5,10344.5,10,31,0
2026-05-01 04:15:00,10344.5,10344.6,10336.1,10339.3,72,20,0
2026-05-01 04:20:00,10339.3,10342.1,10339.3,10341.3,18,31,0
2026-05-01 04:25:00,10341.3,10348.8,10341.3,10348.4,50,31,0
2026-05-01 04:30:00,10348.4,10356.3,10348.4,10355.8,104,19,0
2026-05-01 04:35:00,10355.8,10358.9,10354.4,10358.4,69,18,0
2026-05-01 04:40:00,10358.4,10363.6,10358.4,10363.4,90,18,0
2026-05-01 04:45:00,10363.4,10371.4,10363.0,10371.3,109,18,0
2026-05-01 04:50:00,10371.3,10372.8,10370.1,10371.0,97,18,0
2026-05-01 04:55:00,10371.0,10371.0,10366.5,10367.2,57,18,0
2026-05-01 05:00:00,10367.2,10369.1,10367.2,10368.9,89,18,0
2026-05-01 05:05:00,10368.9,10371.2,10368.2,10371.0,68,18,0
2026-05-01 05:10:00,10371.0,10371.7,10369.7,10370.7,73,19,0
2026-05-01 05:15:00,10370.7,10371.2,10369.9,10371.1,53,18,0
2026-05-01 05:20:00,10371.1,10371.7,10370.9,10371.0,54,18,0
2026-05-01 05:25:00,10371.0,10371.2,10369.3,10371.1,47,18,0
2026-05-01 05:30:00,10371.1,10371.7,10369.5,10371.5,64,18,0
2026-05-01 05:35:00,10371.6,10372.7,10370.9,10372.0,45,18,0
2026-05-01 05:40:00,10372.0,10372.2,10369.7,10370.5,95,18,0
2026-05-01 05:45:00,10370.3,10370.4,10368.9,10369.5,53,18,0
2026-05-01 05:50:00,10369.5,10369.6,10368.6,10369.0,31,18,0
2026-05-01 05:55:00,10369.0,10369.0,10368.5,10369.0,16,18,0
2026-05-01 06:00:00,10369.0,10370.2,10368.4,10369.0,59,18,0
2026-05-01 06:05:00,10369.0,10370.1,10369.0,10370.1,33,18,0
2026-05-01 06:10:00,10370.1,10370.1,10368.5,10369.8,54,18,0
2026-05-01 06:15:00,10369.8,10369.9,10368.8,10369.3,47,18,0
2026-05-01 06:20:00,10369.3,10372.1,10369.3,10372.0,49,18,0
2026-05-01 06:25:00,10372.0,10372.2,10371.7,10371.9,32,18,0
2026-05-01 06:30:00,10371.9,10374.4,10371.6,10374.4,79,18,0
2026-05-01 06:35:00,10374.4,10376.3,10374.1,10374.2,92,18,0
2026-05-01 06:40:00,10374.2,10375.0,10372.1,10372.3,50,18,0
2026-05-01 06:45:00,10372.0,10374.5,10372.0,10373.1,97,18,0
2026-05-01 06:50:00,10373.1,10375.4,10372.9,10375.0,79,18,0
2026-05-01 06:55:00,10375.0,10375.5,10373.5,10373.6,89,18,0
2026-05-01 07:00:00,10373.6,10374.1,10369.4,10371.2,106,18,0
2026-05-01 07:05:00,10371.2,10372.5,10370.6,10371.0,76,18,0
2026-05-01 07:10:00,10371.0,10371.3,10369.8,10370.2,55,21,0
2026-05-01 07:15:00,10370.1,10373.5,10369.4,10372.2,71,18,0
2026-05-01 07:20:00,10372.2,10373.5,10372.1,10372.5,37,18,0
2026-05-01 07:25:00,10372.5,10373.4,10372.0,10372.3,70,18,0
2026-05-01 07:30:00,10372.3,10372.3,10370.4,10371.3,66,18,0
2026-05-01 07:35:00,10371.3,10371.6,10370.0,10370.6,63,18,0
2026-05-01 07:40:00,10370.6,10370.6,10368.7,10369.9,49,18,0
2026-05-01 07:45:00,10369.9,10370.0,10367.0,10367.9,42,18,0
2026-05-01 07:50:00,10367.9,10368.5,10366.4,10368.0,60,18,0
2026-05-01 07:55:00,10368.0,10368.5,10367.0,10367.0,65,18,0
2026-05-01 08:00:00,10366.9,10367.6,10365.6,10367.4,45,18,0
2026-05-01 08:05:00,10367.4,10371.3,10367.2,10371.3,63,18,0
2026-05-01 08:10:00,10371.3,10373.6,10371.0,10372.5,42,18,0
2026-05-01 08:15:00,10372.5,10372.6,10368.6,10369.9,63,18,0
2026-05-01 08:20:00,10369.9,10371.5,10368.9,10371.5,66,18,0
2026-05-01 08:25:00,10371.5,10371.5,10369.7,10370.5,82,18,0
2026-05-01 08:30:00,10370.5,10371.1,10369.3,10371.0,69,18,0
2026-05-01 08:35:00,10371.0,10371.2,10369.5,10370.3,71,18,0
2026-05-01 08:40:00,10370.3,10371.0,10369.9,10370.5,66,18,0
2026-05-01 08:45:00,10370.5,10370.7,10364.1,10365.3,72,18,0
2026-05-01 08:50:00,10365.3,10365.9,10364.4,10365.6,38,19,0
2026-05-01 08:55:00,10365.6,10368.1,10365.3,10367.4,75,18,0
2026-05-01 09:00:00,10367.4,10372.3,10364.4,10367.7,115,18,0
2026-05-01 09:05:00,10367.7,10369.3,10359.4,10361.6,128,18,0
2026-05-01 09:10:00,10361.6,10368.1,10360.6,10365.7,124,18,0
2026-05-01 09:15:00,10365.7,10367.7,10361.0,10363.3,102,18,0
2026-05-01 09:20:00,10363.4,10364.2,10359.3,10361.3,92,18,0
2026-05-01 09:25:00,10361.3,10361.3,10358.0,10359.5,110,18,0
2026-05-01 09:30:00,10359.6,10362.1,10353.1,10353.5,152,18,0
2026-05-01 09:35:00,10353.5,10353.5,10345.0,10345.0,102,18,0
2026-05-01 09:40:00,10345.0,10347.3,10337.7,10339.7,97,18,0
2026-05-01 09:45:00,10339.7,10347.6,10339.7,10347.5,148,18,0
2026-05-01 09:50:00,10347.5,10348.1,10338.0,10341.0,140,18,0
2026-05-01 09:55:00,10341.0,10356.9,10337.7,10350.3,181,18,0
2026-05-01 10:00:00,10350.1,10350.1,10317.0,10324.6,586,10,0
2026-05-01 10:05:00,10324.6,10333.8,10323.3,10330.8,444,10,0
2026-05-01 10:10:00,10330.7,10337.8,10325.3,10332.8,244,10,0
2026-05-01 10:15:00,10332.8,10341.8,10330.7,10340.1,234,10,0
2026-05-01 10:20:00,10340.3,10342.3,10334.0,10334.0,226,10,0
2026-05-01 10:25:00,10334.0,10334.4,10326.6,10329.3,333,10,0
2026-05-01 10:30:00,10329.3,10332.3,10324.3,10325.1,367,10,0
2026-05-01 10:35:00,10325.1,10325.6,10317.2,10317.2,216,10,0
2026-05-01 10:40:00,10317.2,10317.8,10310.2,10311.3,193,10,0
2026-05-01 10:45:00,10311.3,10317.8,10310.8,10317.3,221,10,0
2026-05-01 10:50:00,10317.3,10319.0,10313.3,10313.3,227,10,0
2026-05-01 10:55:00,10313.3,10317.8,10310.6,10313.2,236,10,0
2026-05-01 11:00:00,10313.3,10322.4,10313.3,10321.1,202,10,0
2026-05-01 11:05:00,10321.1,10324.2,10314.3,10314.8,314,10,0
2026-05-01 11:10:00,10314.8,10316.8,10309.8,10316.7,214,10,0
2026-05-01 11:15:00,10316.7,10320.3,10315.2,10316.8,164,10,0
2026-05-01 11:20:00,10316.8,10319.8,10315.1,10318.3,117,10,0
2026-05-01 11:25:00,10318.6,10318.6,10312.8,10312.8,176,10,0
2026-05-01 11:30:00,10312.8,10312.8,10307.9,10311.2,194,10,0
2026-05-01 11:35:00,10311.2,10313.8,10308.7,10309.8,119,10,0
2026-05-01 11:40:00,10309.8,10311.3,10308.7,10310.7,100,10,0
2026-05-01 11:45:00,10310.7,10310.7,10300.0,10301.1,209,10,0
2026-05-01 11:50:00,10301.0,10301.0,10295.0,10297.3,238,10,0
2026-05-01 11:55:00,10297.3,10299.8,10296.1,10298.6,134,10,0
2026-05-01 12:00:00,10298.6,10298.8,10287.8,10290.3,145,10,0
2026-05-01 12:05:00,10290.3,10290.6,10284.8,10290.5,174,10,0
2026-05-01 12:10:00,10290.6,10291.3,10285.7,10290.3,155,10,0
2026-05-01 12:15:00,10290.3,10299.8,10290.3,10299.8,120,10,0
2026-05-01 12:20:00,10299.8,10306.8,10299.1,10304.8,102,10,0
2026-05-01 12:25:00,10304.8,10306.7,10302.2,10304.8,139,10,0
2026-05-01 12:30:00,10304.8,10308.9,10304.3,10305.8,160,10,0
2026-05-01 12:35:00,10305.8,10310.9,10302.8,10310.8,106,10,0
2026-05-01 12:40:00,10310.8,10317.6,10310.1,10316.8,66,10,0
2026-05-01 12:45:00,10316.8,10321.3,10315.6,10317.9,179,10,0
2026-05-01 12:50:00,10318.0,10318.1,10311.8,10312.3,122,10,0
2026-05-01 12:55:00,10312.3,10313.8,10311.1,10312.8,65,10,0
2026-05-01 13:00:00,10312.8,10313.3,10308.3,10309.6,77,10,0
2026-05-01 13:05:00,10309.6,10309.6,10304.2,10304.8,107,10,0
2026-05-01 13:10:00,10304.8,10308.3,10303.6,10306.8,113,10,0
2026-05-01 13:15:00,10306.8,10309.3,10304.3,10308.7,74,10,0
2026-05-01 13:20:00,10308.7,10311.8,10306.8,10311.7,71,10,0
2026-05-01 13:25:00,10311.7,10314.8,10310.2,10313.8,123,10,0
2026-05-01 13:30:00,10313.8,10314.5,10311.2,10312.3,119,10,0
2026-05-01 13:35:00,10312.3,10312.3,10308.6,10308.8,65,10,0
2026-05-01 13:40:00,10308.8,10309.7,10305.2,10308.8,86,10,0
2026-05-01 13:45:00,10308.8,10313.3,10308.8,10311.3,97,10,0
2026-05-01 13:50:00,10311.3,10316.8,10310.9,10316.1,104,10,0
2026-05-01 13:55:00,10316.1,10319.8,10316.1,10318.8,145,10,0
2026-05-01 14:00:00,10319.3,10323.3,10315.8,10316.3,155,10,0
2026-05-01 14:05:00,10316.3,10318.8,10312.0,10313.3,165,10,0
2026-05-01 14:10:00,10313.3,10313.3,10310.3,10313.3,85,10,0
2026-05-01 14:15:00,10313.3,10319.3,10312.3,10318.3,83,10,0
2026-05-01 14:20:00,10318.3,10320.8,10316.2,10317.3,93,10,0
2026-05-01 14:25:00,10317.3,10318.1,10316.1,10316.8,73,10,0
2026-05-01 14:30:00,10316.8,10318.8,10315.6,10317.8,97,10,0
2026-05-01 14:35:00,10317.8,10319.3,10315.5,10315.7,98,10,0
2026-05-01 14:40:00,10315.6,10317.5,10315.3,10315.3,100,10,0
2026-05-01 14:45:00,10315.3,10317.1,10311.6,10312.8,101,10,0
2026-05-01 14:50:00,10312.8,10313.1,10306.7,10310.3,100,10,0
2026-05-01 14:55:00,10310.3,10310.8,10306.7,10309.8,112,10,0
2026-05-01 15:00:00,10309.4,10311.3,10308.2,10309.8,101,10,0
2026-05-01 15:05:00,10309.8,10312.3,10302.3,10304.8,109,10,0
2026-05-01 15:10:00,10304.8,10318.3,10302.1,10314.8,220,10,0
2026-05-01 15:15:00,10314.8,10320.6,10311.4,10319.8,307,10,0
2026-05-01 15:20:00,10319.8,10321.3,10314.0,10320.8,164,10,0
2026-05-01 15:25:00,10320.8,10326.6,10320.8,10322.9,160,10,0
2026-05-01 15:30:00,10322.9,10322.9,10317.7,10321.3,118,10,0
2026-05-01 15:35:00,10321.3,10324.1,10317.3,10318.6,133,10,0
2026-05-01 15:40:00,10318.5,10319.3,10312.6,10315.2,179,10,0
2026-05-01 15:45:00,10315.3,10315.8,10304.6,10306.8,180,10,0
2026-05-01 15:50:00,10306.8,10310.3,10305.8,10308.3,109,10,0
2026-05-01 15:55:00,10308.3,10309.8,10305.4,10306.3,134,10,0
2026-05-01 16:00:00,10306.3,10313.3,10304.9,10311.8,141,10,0
2026-05-01 16:05:00,10311.8,10319.3,10311.8,10319.3,59,10,0
2026-05-01 16:10:00,10319.3,10320.3,10315.8,10318.8,117,10,0
2026-05-01 16:15:00,10318.8,10320.6,10317.3,10319.3,98,10,0
2026-05-01 16:20:00,10319.3,10321.1,10315.7,10317.3,91,10,0
2026-05-01 16:25:00,10317.3,10319.3,10316.1,10319.1,117,10,0
2026-05-01 16:30:00,10318.3,10327.8,10308.1,10326.3,587,10,0
2026-05-01 16:35:00,10326.3,10332.3,10324.8,10326.7,356,10,0
2026-05-01 16:40:00,10326.8,10331.8,10326.1,10330.3,294,10,0
2026-05-01 16:45:00,10330.3,10330.3,10323.6,10326.8,207,10,0
2026-05-01 16:50:00,10326.8,10342.9,10326.6,10340.3,273,10,0
2026-05-01 16:55:00,10340.8,10362.6,10339.8,10357.2,521,10,0
2026-05-01 17:00:00,10356.7,10379.8,10348.8,10350.1,411,10,0
2026-05-01 17:05:00,10350.1,10352.7,10342.8,10348.4,352,10,0
2026-05-01 17:10:00,10348.2,10357.8,10345.7,10356.8,372,10,0
2026-05-01 17:15:00,10357.3,10364.8,10357.2,10358.7,302,11,0
2026-05-01 17:20:00,10358.7,10363.3,10357.3,10363.2,318,10,0
2026-05-01 17:25:00,10363.3,10365.6,10358.3,10359.6,272,10,0
2026-05-01 17:30:00,10359.6,10363.8,10358.1,10358.8,329,10,0
2026-05-01 17:35:00,10358.2,10365.7,10355.8,10363.8,303,10,0
2026-05-01 17:40:00,10363.8,10363.8,10358.9,10360.2,305,10,0
2026-05-01 17:45:00,10360.7,10366.7,10359.2,10364.7,217,10,0
2026-05-01 17:50:00,10364.7,10366.8,10362.6,10363.7,306,10,0
2026-05-01 17:55:00,10363.7,10371.7,10362.1,10370.1,216,10,0
2026-05-01 18:00:00,10369.8,10370.3,10362.0,10366.3,297,10,0
2026-05-01 18:05:00,10366.3,10372.3,10365.3,10372.3,290,10,0
2026-05-01 18:10:00,10372.3,10373.8,10369.2,10370.3,223,10,0
2026-05-01 18:15:00,10370.4,10372.3,10367.9,10370.8,226,10,0
2026-05-01 18:20:00,10370.8,10377.8,10370.6,10373.2,159,10,0
2026-05-01 18:25:00,10373.2,10378.0,10366.3,10372.0,219,10,0
2026-05-01 18:30:00,10371.9,10379.2,10364.6,10366.0,349,18,0
2026-05-01 18:35:00,10365.5,10375.0,10362.8,10371.0,178,18,0
2026-05-01 18:40:00,10371.0,10377.5,10371.0,10377.5,84,18,0
2026-05-01 18:45:00,10377.5,10383.7,10377.5,10383.5,85,18,0
2026-05-01 18:50:00,10383.5,10384.2,10374.4,10375.5,242,18,0
2026-05-01 18:55:00,10375.5,10377.0,10373.0,10373.8,90,18,0
2026-05-01 19:00:00,10373.8,10376.0,10369.0,10371.7,93,18,0
2026-05-01 19:05:00,10371.7,10375.5,10371.6,10374.0,106,18,0
2026-05-01 19:10:00,10374.0,10377.5,10373.2,10377.5,140,18,0
2026-05-01 19:15:00,10377.5,10379.9,10376.2,10376.5,79,18,0
2026-05-01 19:20:00,10376.5,10377.0,10367.8,10373.9,221,18,0
2026-05-01 19:25:00,10373.9,10374.7,10369.2,10371.2,291,18,0
2026-05-01 19:30:00,10371.2,10371.2,10364.0,10367.0,184,18,0
2026-05-01 19:35:00,10367.0,10369.7,10365.5,10369.5,142,18,0
2026-05-01 19:40:00,10369.5,10370.0,10368.0,10368.0,115,18,0
2026-05-01 19:45:00,10368.0,10369.5,10366.5,10367.0,131,18,0
2026-05-01 19:50:00,10367.0,10371.1,10364.9,10370.5,97,18,0
2026-05-01 19:55:00,10370.5,10370.5,10362.4,10364.2,91,18,0
2026-05-01 20:00:00,10364.2,10369.0,10364.2,10365.5,84,18,0
2026-05-01 20:05:00,10365.5,10366.0,10361.5,10362.5,74,18,0
2026-05-01 20:10:00,10362.5,10368.0,10362.5,10368.0,56,18,0
2026-05-01 20:15:00,10368.0,10370.5,10367.2,10370.1,83,18,0
2026-05-01 20:20:00,10370.1,10371.5,10368.2,10368.8,68,18,0
2026-05-01 20:25:00,10368.8,10373.5,10368.8,10372.4,48,18,0
2026-05-01 20:30:00,10372.4,10377.0,10371.5,10376.0,76,18,0
2026-05-01 20:35:00,10376.0,10377.0,10373.7,10375.5,82,18,0
2026-05-01 20:40:00,10375.5,10379.1,10375.5,10378.5,95,18,0
2026-05-01 20:45:00,10378.5,10380.1,10378.0,10379.3,60,18,0
2026-05-01 20:50:00,10379.5,10382.9,10377.7,10378.5,154,18,0
2026-05-01 20:55:00,10378.5,10381.0,10378.5,10379.4,89,18,0
2026-05-01 21:00:00,10379.4,10380.0,10377.0,10379.0,79,18,0
2026-05-01 21:05:00,10379.0,10379.0,10376.0,10376.5,77,18,0
2026-05-01 21:10:00,10376.6,10377.5,10373.5,10374.0,83,18,0
2026-05-01 21:15:00,10374.0,10377.5,10372.5,10376.5,91,18,0
2026-05-01 21:20:00,10376.5,10378.5,10375.5,10378.5,70,18,0
2026-05-01 21:25:00,10378.5,10384.9,10378.2,10384.5,53,18,0
2026-05-01 21:30:00,10384.5,10390.5,10384.5,10386.8,147,18,0
2026-05-01 21:35:00,10386.8,10386.8,10381.2,10381.5,79,18,0
2026-05-01 21:40:00,10381.5,10381.5,10375.5,10375.5,83,18,0
2026-05-01 21:45:00,10375.5,10379.2,10374.5,10377.5,102,18,0
2026-05-01 21:50:00,10377.5,10380.5,10377.5,10379.4,87,18,0
2026-05-01 21:55:00,10379.4,10381.0,10377.0,10377.0,103,18,0
2026-05-01 22:00:00,10377.0,10378.2,10375.0,10375.5,54,18,0
2026-05-01 22:05:00,10375.5,10377.2,10374.0,10376.5,73,18,0
2026-05-01 22:10:00,10376.5,10379.2,10376.5,10379.0,88,18,0
2026-05-01 22:15:00,10379.0,10382.9,10379.0,10382.5,65,18,0
2026-05-01 22:20:00,10382.5,10386.5,10382.5,10383.8,89,18,0
2026-05-01 22:25:00,10383.8,10386.9,10383.7,10384.5,64,18,0
2026-05-01 22:30:00,10384.5,10385.5,10378.0,10378.2,117,18,0
2026-05-01 22:35:00,10378.2,10381.5,10377.4,10381.5,89,18,0
2026-05-01 22:40:00,10381.5,10381.5,10378.6,10380.5,82,18,0
2026-05-01 22:45:00,10380.5,10383.1,10380.0,10380.7,67,18,0
2026-05-01 22:50:00,10380.7,10381.1,10364.5,10366.2,265,18,0
2026-05-05 03:00:00,10312.9,10314.6,10300.2,10307.7,164,18,0
2026-05-05 03:05:00,10307.7,10309.9,10306.8,10309.2,112,18,0
2026-05-05 03:10:00,10309.2,10312.9,10309.2,10310.7,214,18,0
2026-05-05 03:15:00,10310.4,10310.9,10296.5,10298.1,279,18,0
2026-05-05 03:20:00,10298.1,10298.1,10289.9,10291.5,202,18,0
2026-05-05 03:25:00,10291.4,10293.5,10290.5,10291.9,282,18,0
2026-05-05 03:30:00,10291.9,10295.0,10291.8,10293.1,185,18,0
2026-05-05 03:35:00,10293.0,10295.4,10290.4,10294.7,119,20,0
2026-05-05 03:40:00,10294.7,10295.5,10293.1,10294.8,138,19,0
2026-05-05 03:45:00,10294.8,10298.2,10294.2,10297.5,71,21,0
2026-05-05 03:50:00,10297.5,10302.0,10297.3,10301.4,167,18,0
2026-05-05 03:55:00,10301.4,10302.3,10298.0,10298.4,118,18,0
2026-05-05 04:00:00,10298.1,10298.7,10285.0,10287.3,228,19,0
2026-05-05 04:05:00,10287.3,10289.3,10284.3,10286.2,125,23,0
2026-05-05 04:10:00,10286.2,10293.0,10285.9,10292.5,144,20,0
2026-05-05 04:15:00,10292.5,10296.1,10291.4,10293.5,198,18,0
2026-05-05 04:20:00,10293.5,10293.7,10288.5,10293.1,190,18,0
2026-05-05 04:25:00,10293.1,10293.3,10287.4,10289.2,208,24,0
2026-05-05 04:30:00,10289.2,10289.5,10285.0,10285.3,90,30,0
2026-05-05 04:35:00,10285.3,10286.0,10269.0,10273.5,118,28,0
2026-05-05 04:40:00,10273.5,10276.2,10271.3,10273.5,222,18,0
2026-05-05 04:45:00,10273.5,10276.4,10272.9,10274.4,126,25,0
2026-05-05 04:50:00,10274.4,10280.0,10274.3,10278.7,157,18,0
2026-05-05 04:55:00,10278.7,10278.8,10271.1,10271.1,114,22,0
2026-05-05 05:00:00,10271.1,10281.6,10271.1,10280.8,141,21,0
2026-05-05 05:05:00,10280.8,10283.0,10280.7,10282.3,161,24,0
2026-05-05 05:10:00,10281.1,10282.1,10278.9,10280.8,117,23,0
2026-05-05 05:15:00,10280.8,10282.9,10280.7,10282.3,85,22,0
2026-05-05 05:20:00,10282.3,10282.9,10281.7,10282.7,117,22,0
2026-05-05 05:25:00,10282.7,10285.0,10282.7,10283.8,153,21,0
2026-05-05 05:30:00,10283.8,10286.7,10283.8,10286.2,115,22,0
2026-05-05 05:35:00,10286.2,10289.8,10285.0,10288.4,142,20,0
2026-05-05 05:40:00,10288.4,10288.8,10287.3,10287.3,50,28,0
2026-05-05 05:45:00,10287.3,10287.3,10282.0,10282.6,86,18,0
2026-05-05 05:50:00,10282.6,10283.5,10279.6,10280.3,159,18,0
2026-05-05 05:55:00,10280.3,10280.8,10275.2,10276.0,144,18,0
2026-05-05 06:00:00,10276.0,10277.0,10272.5,10273.0,170,18,0
2026-05-05 06:05:00,10273.1,10274.1,10272.0,10273.4,88,19,0
2026-05-05 06:10:00,10273.4,10278.5,10273.4,10278.4,44,24,0
2026-05-05 06:15:00,10278.4,10280.5,10278.4,10280.3,88,18,0
2026-05-05 06:20:00,10280.3,10281.0,10275.9,10276.6,58,18,0
2026-05-05 06:25:00,10276.6,10277.3,10274.3,10275.4,161,18,0
2026-05-05 06:30:00,10275.4,10276.6,10274.5,10275.9,142,18,0
2026-05-05 06:35:00,10275.9,10277.1,10275.2,10275.2,58,27,0
2026-05-05 06:40:00,10275.2,10275.3,10274.5,10274.5,43,27,0
2026-05-05 06:45:00,10274.8,10276.3,10274.1,10276.0,112,18,0
2026-05-05 06:50:00,10276.0,10276.9,10274.0,10274.3,71,18,0
2026-05-05 06:55:00,10274.3,10275.4,10273.5,10273.5,84,19,0
2026-05-05 07:00:00,10273.5,10274.5,10266.5,10273.7,121,18,0
2026-05-05 07:05:00,10273.7,10274.7,10272.7,10273.3,94,19,0
2026-05-05 07:10:00,10273.3,10273.5,10272.0,10272.0,64,18,0
2026-05-05 07:15:00,10272.0,10272.0,10269.2,10269.8,131,18,0
2026-05-05 07:20:00,10269.8,10271.2,10269.0,10269.6,67,19,0
2026-05-05 07:25:00,10269.6,10271.4,10269.4,10269.5,97,18,0
2026-05-05 07:30:00,10269.5,10270.0,10265.1,10266.1,207,18,0
2026-05-05 07:35:00,10266.1,10269.3,10266.0,10267.0,79,18,0
2026-05-05 07:40:00,10267.1,10272.6,10267.0,10272.0,43,20,0
2026-05-05 07:45:00,10272.0,10281.7,10272.0,10280.5,169,18,0
2026-05-05 07:50:00,10280.5,10282.9,10280.1,10280.7,127,18,0
2026-05-05 07:55:00,10280.7,10283.4,10279.2,10281.0,129,23,0
2026-05-05 08:00:00,10281.0,10282.9,10260.8,10260.9,148,23,0
2026-05-05 08:05:00,10260.9,10266.8,10258.5,10262.8,144,18,0
2026-05-05 08:10:00,10262.8,10266.9,10261.4,10264.3,182,18,0
2026-05-05 08:15:00,10264.3,10267.3,10264.2,10265.5,153,18,0
2026-05-05 08:20:00,10265.5,10267.9,10264.5,10266.8,187,18,0
2026-05-05 08:25:00,10266.8,10267.4,10262.3,10263.7,159,18,0
2026-05-05 08:30:00,10263.5,10268.8,10261.3,10268.4,183,18,0
2026-05-05 08:35:00,10268.4,10270.0,10261.5,10263.4,198,18,0
2026-05-05 08:40:00,10263.4,10268.8,10263.4,10266.8,75,19,0
2026-05-05 08:45:00,10266.8,10278.5,10266.8,10277.5,106,18,0
2026-05-05 08:50:00,10277.5,10280.9,10276.9,10277.1,62,19,0
2026-05-05 08:55:00,10277.1,10278.3,10276.3,10277.6,88,19,0
2026-05-05 09:00:00,10277.6,10277.6,10263.4,10272.6,359,18,0
2026-05-05 09:05:00,10272.6,10278.9,10272.4,10278.0,323,18,0
2026-05-05 09:10:00,10278.0,10278.1,10268.0,10268.1,275,18,0
2026-05-05 09:15:00,10268.1,10269.6,10260.9,10264.4,295,18,0
2026-05-05 09:20:00,10264.4,10270.4,10262.1,10264.8,328,18,0
2026-05-05 09:25:00,10264.8,10267.9,10260.4,10264.6,310,18,0
2026-05-05 09:30:00,10264.6,10270.5,10259.3,10269.8,369,18,0
2026-05-05 09:35:00,10269.8,10280.5,10269.6,10277.1,334,18,0
2026-05-05 09:40:00,10277.1,10284.4,10273.1,10283.1,333,18,0
2026-05-05 09:45:00,10283.0,10292.5,10281.3,10291.1,258,18,0
2026-05-05 09:50:00,10291.1,10298.1,10290.1,10295.1,276,18,0
2026-05-05 09:55:00,10295.1,10309.8,10295.1,10295.5,376,18,0
2026-05-05 10:00:00,10295.4,10309.8,10258.0,10262.0,903,10,0
2026-05-05 10:05:00,10261.0,10271.5,10253.0,10261.0,767,10,0
2026-05-05 10:10:00,10260.9,10263.0,10252.0,10252.0,567,10,0
2026-05-05 10:15:00,10252.0,10256.4,10239.0,10256.4,651,10,0
2026-05-05 10:20:00,10256.4,10265.0,10255.5,10260.0,693,10,0
2026-05-05 10:25:00,10260.0,10265.9,10256.0,10261.8,631,10,0
2026-05-05 10:30:00,10261.8,10265.9,10256.4,10262.5,607,10,0
2026-05-05 10:35:00,10262.3,10283.0,10258.5,10275.5,847,10,0
2026-05-05 10:40:00,10275.5,10282.0,10270.0,10270.5,763,10,0
2026-05-05 10:45:00,10270.4,10276.3,10267.2,10270.9,646,10,0
2026-05-05 10:50:00,10271.0,10272.6,10257.5,10257.8,581,10,0
2026-05-05 10:55:00,10258.0,10262.1,10253.9,10259.0,567,10,0
2026-05-05 11:00:00,10259.0,10270.9,10257.0,10265.2,597,10,0
2026-05-05 11:05:00,10265.5,10273.0,10262.5,10269.0,577,10,0
2026-05-05 11:10:00,10269.0,10277.0,10266.5,10271.2,517,10,0
2026-05-05 11:15:00,10271.0,10278.9,10268.5,10276.5,525,10,0
2026-05-05 11:20:00,10276.5,10288.9,10275.5,10288.9,521,10,0
2026-05-05 11:25:00,10289.0,10295.0,10282.0,10282.5,599,10,0
2026-05-05 11:30:00,10282.0,10286.4,10275.3,10277.5,595,10,0
2026-05-05 11:35:00,10277.5,10283.0,10276.8,10279.5,454,10,0
2026-05-05 11:40:00,10279.5,10279.8,10273.5,10276.4,498,10,0
2026-05-05 11:45:00,10276.4,10280.6,10268.9,10271.4,530,10,0
2026-05-05 11:50:00,10271.7,10273.0,10264.0,10265.3,486,10,0
2026-05-05 11:55:00,10265.3,10268.5,10260.9,10265.5,485,10,0
2026-05-05 12:00:00,10265.9,10271.5,10261.4,10268.5,560,10,0
2026-05-05 12:05:00,10268.5,10270.5,10262.0,10267.5,518,10,0
2026-05-05 12:10:00,10267.5,10271.8,10261.9,10264.8,472,10,0
2026-05-05 12:15:00,10264.7,10265.7,10257.0,10259.5,474,10,0
2026-05-05 12:20:00,10259.5,10263.8,10257.5,10262.5,390,10,0
2026-05-05 12:25:00,10262.5,10271.5,10259.4,10269.5,468,10,0
2026-05-05 12:30:00,10269.5,10270.0,10262.9,10265.8,447,10,0
2026-05-05 12:35:00,10265.9,10271.0,10263.0,10263.0,446,10,0
2026-05-05 12:40:00,10263.0,10263.3,10258.5,10260.8,386,10,0
2026-05-05 12:45:00,10260.8,10267.3,10260.8,10262.5,350,10,0
2026-05-05 12:50:00,10262.5,10263.0,10255.5,10257.0,389,10,0
2026-05-05 12:55:00,10257.0,10263.9,10256.5,10261.4,409,10,0
2026-05-05 13:00:00,10261.4,10265.5,10259.0,10264.5,494,10,0
2026-05-05 13:05:00,10264.8,10269.0,10264.0,10267.3,397,10,0
2026-05-05 13:10:00,10267.3,10271.5,10263.2,10264.5,359,10,0
2026-05-05 13:15:00,10264.5,10264.8,10252.0,10254.3,281,10,0
2026-05-05 13:20:00,10254.3,10258.0,10250.9,10254.5,287,10,0
2026-05-05 13:25:00,10254.5,10257.0,10251.7,10257.0,324,10,0
2026-05-05 13:30:00,10257.2,10273.2,10255.2,10269.0,433,10,0
2026-05-05 13:35:00,10269.0,10271.9,10261.9,10262.0,509,10,0
2026-05-05 13:40:00,10262.0,10262.4,10250.0,10250.2,507,10,0
2026-05-05 13:45:00,10250.4,10254.9,10247.0,10252.3,434,10,0
2026-05-05 13:50:00,10252.3,10257.0,10250.5,10252.0,432,10,0
2026-05-05 13:55:00,10253.0,10257.9,10251.9,10254.4,446,10,0
2026-05-05 14:00:00,10254.5,10256.9,10239.9,10243.5,614,10,0
2026-05-05 14:05:00,10243.5,10247.4,10240.3,10245.4,447,10,0
2026-05-05 14:10:00,10245.5,10247.0,10239.7,10240.3,397,10,0
2026-05-05 14:15:00,10240.4,10242.5,10232.5,10234.5,455,10,0
2026-05-05 14:20:00,10234.6,10237.5,10229.5,10237.0,440,10,0
2026-05-05 14:25:00,10237.0,10237.3,10230.0,10234.0,468,10,0
2026-05-05 14:30:00,10234.0,10236.6,10229.0,10231.4,484,10,0
2026-05-05 14:35:00,10231.4,10236.4,10229.8,10233.9,391,10,0
2026-05-05 14:40:00,10233.0,10236.9,10232.0,10235.9,418,10,0
2026-05-05 14:45:00,10235.9,10236.0,10229.4,10230.4,340,10,0
2026-05-05 14:50:00,10230.4,10234.0,10227.5,10230.3,368,10,0
2026-05-05 14:55:00,10230.3,10231.3,10220.0,10220.9,415,10,0
2026-05-05 15:00:00,10220.9,10220.9,10210.2,10215.0,421,10,0
2026-05-05 15:05:00,10215.0,10222.5,10213.5,10219.4,569,10,0
2026-05-05 15:10:00,10219.4,10230.0,10217.5,10223.3,610,10,0
2026-05-05 15:15:00,10223.4,10228.5,10220.0,10222.0,517,10,0
2026-05-05 15:20:00,10222.0,10232.5,10221.0,10230.0,600,10,0
2026-05-05 15:25:00,10230.0,10240.0,10230.0,10236.4,462,10,0
2026-05-05 15:30:00,10236.4,10237.5,10230.2,10231.0,606,10,0
2026-05-05 15:35:00,10231.0,10231.0,10219.2,10222.9,464,10,0
2026-05-05 15:40:00,10222.9,10232.3,10222.3,10227.8,448,10,0
2026-05-05 15:45:00,10227.8,10229.3,10220.5,10222.5,397,10,0
2026-05-05 15:50:00,10222.5,10225.9,10215.0,10216.5,348,10,0
2026-05-05 15:55:00,10216.5,10221.5,10214.0,10216.4,388,10,0
2026-05-05 16:00:00,10216.4,10218.8,10211.4,10211.4,397,10,0
2026-05-05 16:05:00,10211.5,10224.3,10210.5,10220.0,484,10,0
2026-05-05 16:10:00,10220.0,10226.5,10219.9,10222.0,316,10,0
2026-05-05 16:15:00,10222.3,10231.2,10222.3,10229.2,343,10,0
2026-05-05 16:20:00,10229.3,10231.4,10226.0,10227.3,361,10,0
2026-05-05 16:25:00,10227.3,10227.5,10210.7,10218.0,449,10,0
2026-05-05 16:30:00,10218.0,10221.0,10199.5,10206.0,723,10,0
2026-05-05 16:35:00,10206.0,10206.0,10191.0,10194.9,627,10,0
2026-05-05 16:40:00,10194.9,10196.0,10182.5,10183.0,493,10,0
2026-05-05 16:45:00,10183.3,10189.5,10180.0,10186.0,523,10,0
2026-05-05 16:50:00,10186.0,10194.0,10185.9,10193.0,568,10,0
2026-05-05 16:55:00,10193.3,10200.0,10190.8,10198.8,378,10,0
2026-05-05 17:00:00,10198.8,10199.0,10184.0,10186.3,562,10,0
2026-05-05 17:05:00,10186.3,10200.4,10184.6,10198.0,497,10,0
2026-05-05 17:10:00,10198.0,10201.0,10181.9,10186.5,708,10,0
2026-05-05 17:15:00,10186.9,10187.0,10171.2,10173.0,712,10,0
2026-05-05 17:20:00,10173.0,10181.0,10170.0,10180.5,534,10,0
2026-05-05 17:25:00,10179.2,10188.3,10177.6,10177.8,504,10,0
2026-05-05 17:30:00,10177.8,10177.8,10162.8,10170.0,482,10,0
2026-05-05 17:35:00,10170.0,10180.0,10165.9,10178.5,427,10,0
2026-05-05 17:40:00,10178.7,10187.0,10178.1,10182.8,501,10,0
2026-05-05 17:45:00,10182.8,10183.8,10177.7,10178.5,544,10,0
2026-05-05 17:50:00,10178.5,10191.4,10176.5,10180.4,421,10,0
2026-05-05 17:55:00,10180.5,10184.0,10176.5,10183.0,419,10,0
2026-05-05 18:00:00,10183.2,10191.0,10179.8,10190.3,485,10,0
2026-05-05 18:05:00,10190.3,10195.5,10190.0,10192.0,427,10,0
2026-05-05 18:10:00,10192.0,10202.0,10190.5,10201.0,424,10,0
2026-05-05 18:15:00,10201.0,10212.5,10201.0,10211.7,341,10,0
2026-05-05 18:20:00,10211.7,10217.0,10207.3,10211.5,318,10,0
2026-05-05 18:25:00,10211.8,10222.5,10211.8,10219.9,399,10,0
2026-05-05 18:30:00,10220.0,10221.9,10205.1,10221.1,567,18,0
2026-05-05 18:35:00,10221.1,10223.1,10209.2,10216.6,406,18,0
2026-05-05 18:40:00,10216.6,10224.1,10216.6,10220.6,342,18,0
2026-05-05 18:45:00,10220.6,10225.5,10219.1,10222.6,241,18,0
2026-05-05 18:50:00,10222.6,10227.0,10219.5,10226.6,278,18,0
2026-05-05 18:55:00,10226.6,10232.2,10224.6,10225.1,252,18,0
2026-05-05 19:00:00,10225.1,10227.3,10219.6,10225.1,260,18,0
2026-05-05 19:05:00,10225.6,10232.7,10225.6,10231.6,206,18,0
2026-05-05 19:10:00,10231.6,10235.5,10230.1,10234.6,171,18,0
2026-05-05 19:15:00,10234.6,10235.0,10230.7,10234.1,200,18,0
2026-05-05 19:20:00,10234.1,10237.6,10234.0,10234.6,168,18,0
2026-05-05 19:25:00,10235.1,10240.5,10233.1,10240.1,180,18,0
2026-05-05 19:30:00,10240.1,10242.4,10236.2,10242.4,171,18,0
2026-05-05 19:35:00,10242.1,10244.4,10240.6,10241.1,125,18,0
2026-05-05 19:40:00,10241.0,10242.9,10239.6,10241.1,148,18,0
2026-05-05 19:45:00,10241.1,10245.6,10240.6,10243.9,96,18,0
2026-05-05 19:50:00,10243.9,10244.6,10242.4,10242.6,86,18,0
2026-05-05 19:55:00,10243.1,10246.1,10242.5,10242.6,125,18,0
2026-05-05 20:00:00,10242.6,10243.8,10240.6,10240.6,80,18,0
2026-05-05 20:05:00,10240.6,10241.1,10239.1,10240.1,75,18,0
2026-05-05 20:10:00,10240.1,10242.6,10237.1,10242.1,86,18,0
2026-05-05 20:15:00,10242.1,10246.8,10242.1,10246.6,84,18,0
2026-05-05 20:20:00,10246.6,10248.6,10242.6,10245.6,101,18,0
2026-05-05 20:25:00,10245.6,10247.9,10243.6,10247.9,71,18,0
2026-05-05 20:30:00,10247.9,10254.6,10247.1,10254.6,109,18,0
2026-05-05 20:35:00,10254.6,10256.1,10251.3,10251.6,100,18,0
2026-05-05 20:40:00,10251.6,10252.4,10249.4,10250.6,80,18,0
2026-05-05 20:45:00,10250.6,10253.5,10249.7,10253.4,81,18,0
2026-05-05 20:50:00,10253.4,10257.1,10252.5,10256.4,80,18,0
2026-05-05 20:55:00,10256.4,10257.6,10255.1,10257.6,66,18,0
2026-05-05 21:00:00,10257.6,10258.1,10254.2,10254.6,95,18,0
2026-05-05 21:05:00,10254.6,10257.1,10253.6,10254.6,91,18,0
2026-05-05 21:10:00,10254.6,10258.1,10254.6,10257.6,82,18,0
2026-05-05 21:15:00,10257.6,10259.1,10256.4,10258.1,68,18,0
2026-05-05 21:20:00,10258.1,10260.9,10258.1,10260.6,53,18,0
2026-05-05 21:25:00,10260.6,10261.9,10259.6,10261.1,65,18,0
2026-05-05 21:30:00,10261.1,10264.1,10261.1,10263.1,70,18,0
2026-05-05 21:35:00,10263.1,10265.0,10258.1,10258.1,59,18,0
2026-05-05 21:40:00,10258.1,10263.1,10257.6,10263.1,75,18,0
2026-05-05 21:45:00,10263.1,10263.9,10262.1,10263.6,86,18,0
2026-05-05 21:50:00,10263.6,10265.4,10263.1,10265.1,75,18,0
2026-05-05 21:55:00,10265.1,10265.1,10262.1,10264.6,86,18,0
2026-05-05 22:00:00,10264.6,10265.6,10263.6,10265.1,47,18,0
2026-05-05 22:05:00,10265.1,10265.1,10260.6,10263.6,51,18,0
2026-05-05 22:10:00,10263.6,10265.1,10260.8,10263.1,75,18,0
2026-05-05 22:15:00,10263.1,10265.1,10262.1,10265.1,85,18,0
2026-05-05 22:20:00,10265.1,10265.6,10263.6,10263.6,95,18,0
2026-05-05 22:25:00,10263.6,10264.1,10261.1,10262.0,85,18,0
2026-05-05 22:30:00,10262.0,10267.0,10260.6,10265.6,134,18,0
2026-05-05 22:35:00,10265.9,10270.1,10265.9,10270.1,83,18,0
2026-05-05 22:40:00,10270.1,10270.6,10265.1,10266.6,88,18,0
2026-05-05 22:45:00,10266.6,10267.1,10264.4,10265.4,75,18,0
2026-05-05 22:50:00,10265.4,10265.4,10257.1,10259.8,190,18,0
2026-05-05 22:55:00,10259.8,10269.1,10259.8,10267.6,277,18,0
2026-05-06 03:00:00,10296.9,10310.6,10289.4,10308.4,385,20,0
2026-05-06 03:05:00,10308.4,10310.4,10305.4,10308.2,424,18,0
2026-05-06 03:10:00,10308.2,10308.2,10301.3,10302.5,357,18,0
2026-05-06 03:15:00,10302.5,10302.9,10296.5,10302.4,486,18,0
2026-05-06 03:20:00,10302.4,10303.8,10299.2,10300.3,398,19,0
2026-05-06 03:25:00,10300.6,10302.3,10296.5,10297.8,376,19,0
2026-05-06 03:30:00,10297.8,10302.5,10295.7,10299.3,474,20,0
2026-05-06 03:35:00,10299.5,10299.5,10295.7,10298.2,393,21,0
2026-05-06 03:40:00,10298.2,10303.0,10296.7,10301.9,277,18,0
2026-05-06 03:45:00,10301.9,10302.8,10300.1,10300.7,292,18,0
2026-05-06 03:50:00,10300.7,10311.0,10300.4,10310.5,282,18,0
2026-05-06 03:55:00,10310.5,10314.0,10309.9,10313.2,344,18,0
2026-05-06 04:00:00,10313.2,10319.4,10312.2,10319.3,478,18,0
2026-05-06 04:05:00,10319.3,10322.5,10317.9,10322.2,421,18,0
2026-05-06 04:10:00,10322.2,10323.0,10319.4,10322.2,251,18,0
2026-05-06 04:15:00,10322.2,10324.5,10319.7,10322.7,336,18,0
2026-05-06 04:20:00,10322.7,10325.9,10320.3,10325.4,314,18,0
2026-05-06 04:25:00,10325.4,10325.4,10321.2,10323.0,337,18,0
2026-05-06 04:30:00,10323.1,10329.2,10319.2,10324.6,366,18,0
2026-05-06 04:35:00,10324.6,10328.4,10323.9,10326.4,300,18,0
2026-05-06 04:40:00,10326.4,10327.0,10321.8,10322.7,270,18,0
2026-05-06 04:45:00,10322.4,10324.2,10321.5,10323.2,277,19,0
2026-05-06 04:50:00,10323.2,10326.5,10322.4,10324.6,280,19,0
2026-05-06 04:55:00,10324.5,10327.9,10323.2,10326.9,376,18,0
2026-05-06 05:00:00,10326.9,10329.9,10324.9,10325.4,337,18,0
2026-05-06 05:05:00,10325.4,10326.7,10323.0,10325.1,338,18,0
2026-05-06 05:10:00,10325.1,10329.5,10325.1,10328.9,356,18,0
2026-05-06 05:15:00,10328.9,10333.3,10328.6,10332.3,292,19,0
2026-05-06 05:20:00,10332.3,10333.9,10331.6,10332.3,222,18,0
2026-05-06 05:25:00,10332.3,10334.4,10326.9,10327.0,350,18,0
2026-05-06 05:30:00,10327.0,10329.7,10325.7,10329.6,185,18,0
2026-05-06 05:35:00,10329.6,10330.0,10321.3,10322.3,217,19,0
2026-05-06 05:40:00,10322.3,10323.2,10319.8,10321.7,231,19,0
2026-05-06 05:45:00,10321.3,10323.0,10320.0,10321.0,228,20,0
2026-05-06 05:50:00,10321.0,10322.1,10317.4,10318.3,201,21,0
2026-05-06 05:55:00,10318.3,10320.6,10317.5,10317.8,369,19,0
2026-05-06 06:00:00,10318.2,10318.2,10311.4,10312.9,298,18,0
2026-05-06 06:05:00,10312.9,10317.7,10312.8,10316.1,223,18,0
2026-05-06 06:10:00,10316.1,10321.8,10315.9,10321.1,286,21,0
2026-05-06 06:15:00,10321.1,10323.0,10319.8,10322.6,236,20,0
2026-05-06 06:20:00,10322.6,10322.9,10318.8,10319.3,161,19,0
2026-05-06 06:25:00,10319.3,10320.4,10317.5,10318.9,164,18,0
2026-05-06 06:30:00,10318.9,10321.4,10318.9,10320.4,205,18,0
2026-05-06 06:35:00,10320.4,10326.2,10319.8,10325.9,307,18,0
2026-05-06 06:40:00,10325.9,10327.5,10323.7,10323.9,185,18,0
2026-05-06 06:45:00,10323.9,10324.9,10317.7,10317.7,165,18,0
2026-05-06 06:50:00,10317.7,10322.5,10317.7,10322.2,252,18,0
2026-05-06 06:55:00,10322.2,10326.0,10321.7,10325.7,167,18,0
2026-05-06 07:00:00,10325.9,10331.1,10325.9,10330.1,197,18,0
2026-05-06 07:05:00,10330.1,10330.1,10328.3,10329.2,152,19,0
2026-05-06 07:10:00,10329.2,10330.5,10326.9,10330.3,171,19,0
2026-05-06 07:15:00,10330.3,10331.2,10327.2,10327.7,115,18,0
2026-05-06 07:20:00,10327.7,10332.7,10327.2,10330.5,145,18,0
2026-05-06 07:25:00,10330.5,10337.7,10329.0,10336.1,243,18,0
2026-05-06 07:30:00,10335.9,10337.6,10334.9,10337.3,264,18,0
2026-05-06 07:35:00,10337.6,10339.5,10333.5,10337.1,233,18,0
2026-05-06 07:40:00,10337.1,10340.4,10336.1,10338.5,215,18,0
2026-05-06 07:45:00,10338.5,10341.9,10337.9,10338.2,203,18,0
2026-05-06 07:50:00,10338.2,10340.4,10335.8,10339.4,185,18,0
2026-05-06 07:55:00,10339.4,10340.9,10331.9,10332.6,257,18,0
2026-05-06 08:00:00,10332.5,10333.3,10319.8,10322.2,273,18,0
2026-05-06 08:05:00,10322.2,10326.1,10321.9,10325.4,224,18,0
2026-05-06 08:10:00,10325.4,10327.9,10325.4,10326.1,193,18,0
2026-05-06 08:15:00,10326.0,10326.4,10322.8,10325.8,228,18,0
2026-05-06 08:20:00,10325.8,10326.1,10323.3,10324.8,207,18,0
2026-05-06 08:25:00,10324.8,10325.3,10321.7,10323.5,199,18,0
2026-05-06 08:30:00,10323.5,10326.0,10321.1,10325.4,308,18,0
2026-05-06 08:35:00,10325.4,10329.7,10325.2,10327.7,282,19,0
2026-05-06 08:40:00,10327.7,10328.5,10325.8,10327.9,209,18,0
2026-05-06 08:45:00,10327.9,10334.5,10327.4,10332.9,203,18,0
2026-05-06 08:50:00,10333.0,10337.8,10332.9,10337.3,232,18,0
2026-05-06 08:55:00,10337.3,10339.1,10334.5,10335.7,274,18,0
2026-05-06 09:00:00,10335.6,10345.5,10333.4,10336.8,447,18,0
2026-05-06 09:05:00,10336.8,10338.0,10333.3,10334.3,311,18,0
2026-05-06 09:10:00,10334.3,10335.4,10331.7,10334.3,268,18,0
2026-05-06 09:15:00,10334.2,10337.7,10332.9,10337.7,227,18,0
2026-05-06 09:20:00,10337.7,10341.8,10336.8,10338.8,256,18,0
2026-05-06 09:25:00,10338.9,10338.9,10334.6,10336.3,213,18,0
2026-05-06 09:30:00,10336.3,10339.4,10333.3,10337.0,265,18,0
2026-05-06 09:35:00,10337.0,10340.7,10335.9,10340.3,212,18,0
2026-05-06 09:40:00,10340.3,10345.3,10338.6,10343.8,322,18,0
2026-05-06 09:45:00,10343.8,10348.7,10341.8,10342.0,234,18,0
2026-05-06 09:50:00,10342.0,10347.8,10338.5,10342.4,284,18,0
2026-05-06 09:55:00,10342.4,10344.4,10329.8,10335.8,297,18,0
2026-05-06 10:00:00,10336.0,10347.7,10321.9,10347.1,800,10,0
2026-05-06 10:05:00,10347.1,10363.0,10347.1,10363.0,697,10,0
2026-05-06 10:10:00,10362.8,10378.0,10362.8,10373.0,633,10,0
2026-05-06 10:15:00,10372.9,10378.6,10360.9,10361.6,570,10,0
2026-05-06 10:20:00,10361.6,10365.1,10349.0,10350.4,615,10,0
2026-05-06 10:25:00,10350.3,10360.1,10346.1,10359.4,495,10,0
2026-05-06 10:30:00,10359.4,10364.6,10356.5,10363.8,579,10,0
2026-05-06 10:35:00,10363.9,10380.1,10362.9,10379.1,482,10,0
2026-05-06 10:40:00,10379.1,10381.4,10373.5,10380.6,444,10,0
2026-05-06 10:45:00,10380.6,10381.9,10372.8,10378.6,562,10,0
2026-05-06 10:50:00,10378.6,10386.9,10376.5,10385.4,546,10,0
2026-05-06 10:55:00,10385.5,10388.1,10379.5,10384.7,546,10,0
2026-05-06 11:00:00,10384.7,10389.0,10380.1,10388.6,622,10,0
2026-05-06 11:05:00,10388.6,10396.5,10386.6,10390.6,559,10,0
2026-05-06 11:10:00,10390.6,10397.4,10388.4,10393.1,591,10,0
2026-05-06 11:15:00,10393.1,10394.2,10388.6,10391.3,506,10,0
2026-05-06 11:20:00,10391.4,10397.6,10389.6,10397.6,461,10,0
2026-05-06 11:25:00,10398.0,10400.1,10395.1,10398.3,456,10,0
2026-05-06 11:30:00,10398.5,10402.1,10393.1,10395.7,444,10,0
2026-05-06 11:35:00,10395.7,10405.6,10395.2,10403.6,392,10,0
2026-05-06 11:40:00,10403.6,10412.1,10402.5,10411.9,351,10,0
2026-05-06 11:45:00,10411.9,10416.1,10409.5,10412.1,316,10,0
2026-05-06 11:50:00,10411.4,10460.6,10411.0,10449.1,1204,10,0
2026-05-06 11:55:00,10449.0,10456.5,10444.0,10447.6,1057,10,0
2026-05-06 12:00:00,10447.4,10457.9,10444.0,10444.4,912,10,0
2026-05-06 12:05:00,10444.5,10451.1,10440.4,10443.6,823,10,0
2026-05-06 12:10:00,10443.6,10445.2,10437.0,10441.1,739,10,0
2026-05-06 12:15:00,10441.1,10449.1,10439.9,10444.6,759,10,0
2026-05-06 12:20:00,10444.6,10447.1,10439.6,10445.5,760,10,0
2026-05-06 12:25:00,10445.4,10446.6,10436.2,10437.1,644,10,0
2026-05-06 12:30:00,10436.9,10451.1,10435.6,10450.5,755,10,0
2026-05-06 12:35:00,10450.5,10450.6,10443.9,10448.9,602,10,0
2026-05-06 12:40:00,10449.0,10451.1,10444.2,10444.4,616,10,0
2026-05-06 12:45:00,10444.4,10448.1,10441.2,10447.6,527,10,0
2026-05-06 12:50:00,10447.9,10448.6,10439.1,10443.4,531,10,0
2026-05-06 12:55:00,10443.4,10445.5,10435.9,10436.6,579,10,0
2026-05-06 13:00:00,10436.4,10446.1,10435.6,10442.0,713,10,0
2026-05-06 13:05:00,10442.1,10445.6,10434.5,10435.7,578,10,0
2026-05-06 13:10:00,10435.7,10440.1,10434.1,10435.6,544,10,0
2026-05-06 13:15:00,10435.6,10447.4,10435.4,10446.0,566,10,0
2026-05-06 13:20:00,10446.0,10451.1,10443.7,10445.0,538,10,0
2026-05-06 13:25:00,10445.0,10452.0,10443.4,10449.1,574,10,0
2026-05-06 13:30:00,10449.1,10455.0,10446.6,10448.7,502,10,0
2026-05-06 13:35:00,10448.9,10453.1,10447.1,10448.1,571,10,0
2026-05-06 13:40:00,10448.4,10455.9,10445.6,10453.9,561,10,0
2026-05-06 13:45:00,10453.9,10465.0,10452.8,10459.5,537,10,0
2026-05-06 13:50:00,10459.4,10472.6,10457.9,10467.6,702,10,0
2026-05-06 13:55:00,10467.6,10472.1,10459.9,10460.1,714,10,0
2026-05-06 14:00:00,10460.3,10462.1,10451.9,10459.6,812,10,0
2026-05-06 14:05:00,10459.1,10469.0,10459.1,10467.6,630,10,0
2026-05-06 14:10:00,10467.6,10472.4,10464.9,10471.8,673,10,0
2026-05-06 14:15:00,10471.5,10478.5,10468.1,10476.1,585,10,0
2026-05-06 14:20:00,10476.1,10485.4,10475.6,10485.4,583,10,0
2026-05-06 14:25:00,10485.4,10490.1,10480.9,10481.1,504,10,0
2026-05-06 14:30:00,10481.1,10487.6,10476.1,10487.6,588,10,0
2026-05-06 14:35:00,10487.6,10491.8,10486.2,10487.1,415,10,0
2026-05-06 14:40:00,10487.1,10487.4,10477.4,10478.6,697,10,0
2026-05-06 14:45:00,10478.6,10478.8,10469.7,10476.9,718,10,0
2026-05-06 14:50:00,10476.9,10490.1,10476.9,10488.6,567,10,0
2026-05-06 14:55:00,10488.6,10490.1,10480.5,10482.5,539,10,0
2026-05-06 15:00:00,10482.5,10483.1,10472.9,10474.6,656,10,0
2026-05-06 15:05:00,10474.6,10479.0,10464.7,10465.1,677,10,0
2026-05-06 15:10:00,10465.0,10466.6,10435.2,10454.6,614,10,0
2026-05-06 15:15:00,10454.6,10459.2,10434.0,10441.7,821,11,0
2026-05-06 15:20:00,10442.0,10455.2,10438.9,10448.4,737,10,0
2026-05-06 15:25:00,10448.2,10453.1,10444.6,10448.5,656,10,0
2026-05-06 15:30:00,10448.1,10451.1,10444.5,10446.6,679,10,0
2026-05-06 15:35:00,10446.6,10451.6,10444.9,10450.0,623,10,0
2026-05-06 15:40:00,10450.0,10454.2,10445.9,10451.5,625,10,0
2026-05-06 15:45:00,10451.4,10455.5,10448.1,10450.6,525,10,0
2026-05-06 15:50:00,10450.6,10454.6,10445.6,10449.1,518,10,0
2026-05-06 15:55:00,10448.5,10454.1,10448.2,10450.6,579,10,0
2026-05-06 16:00:00,10450.6,10458.1,10446.9,10451.0,521,10,0
2026-05-06 16:05:00,10451.0,10453.5,10438.3,10446.1,528,10,0
2026-05-06 16:10:00,10446.1,10454.1,10442.1,10452.1,623,10,0
2026-05-06 16:15:00,10452.1,10455.3,10447.3,10448.6,534,10,0
2026-05-06 16:20:00,10448.6,10449.1,10444.4,10448.6,606,10,0
2026-05-06 16:25:00,10448.6,10449.6,10441.1,10443.5,562,10,0
2026-05-06 16:30:00,10443.5,10454.6,10442.1,10443.0,785,10,0
2026-05-06 16:35:00,10442.9,10455.6,10442.6,10449.9,692,10,0
2026-05-06 16:40:00,10450.1,10450.4,10439.4,10440.1,675,10,0
2026-05-06 16:45:00,10440.1,10440.1,10430.6,10432.9,603,10,0
2026-05-06 16:50:00,10432.9,10437.0,10427.9,10435.1,474,10,0
2026-05-06 16:55:00,10435.1,10443.4,10432.2,10436.8,515,10,0
2026-05-06 17:00:00,10436.1,10449.1,10434.4,10447.6,583,10,0
2026-05-06 17:05:00,10447.6,10449.1,10436.4,10437.6,649,10,0
2026-05-06 17:10:00,10437.6,10447.1,10437.6,10441.0,558,10,0
2026-05-06 17:15:00,10441.1,10455.6,10440.1,10453.6,576,10,0
2026-05-06 17:20:00,10453.6,10456.6,10448.6,10449.9,541,10,0
2026-05-06 17:25:00,10450.1,10450.1,10435.3,10437.1,558,10,0
2026-05-06 17:30:00,10437.1,10445.1,10434.5,10436.2,597,10,0
2026-05-06 17:35:00,10436.2,10447.1,10434.1,10440.6,494,10,0
2026-05-06 17:40:00,10440.6,10446.7,10440.0,10444.2,564,10,0
2026-05-06 17:45:00,10443.7,10447.6,10427.2,10429.6,638,10,0
2026-05-06 17:50:00,10429.6,10431.4,10423.5,10431.4,559,10,0
2026-05-06 17:55:00,10431.4,10441.6,10429.6,10440.6,439,10,0
2026-05-06 18:00:00,10440.6,10446.8,10437.2,10445.6,537,10,0
2026-05-06 18:05:00,10445.6,10447.9,10439.1,10440.9,469,10,0
2026-05-06 18:10:00,10440.9,10444.0,10438.4,10442.6,525,10,0
2026-05-06 18:15:00,10442.6,10449.1,10438.2,10448.5,373,10,0
2026-05-06 18:20:00,10448.4,10456.8,10447.1,10451.5,420,10,0
2026-05-06 18:25:00,10451.7,10453.9,10441.6,10442.3,496,10,0
2026-05-06 18:30:00,10442.5,10453.0,10438.8,10440.3,560,18,0
2026-05-06 18:35:00,10440.8,10442.0,10431.8,10431.8,500,18,0
2026-05-06 18:40:00,10431.8,10434.8,10428.4,10431.3,360,18,0
2026-05-06 18:45:00,10431.3,10435.8,10429.9,10434.3,349,18,0
2026-05-06 18:50:00,10434.3,10438.5,10430.5,10433.4,277,18,0
2026-05-06 18:55:00,10433.5,10433.5,10427.8,10430.3,241,18,0
2026-05-06 19:00:00,10430.3,10432.8,10428.8,10430.3,240,18,0
2026-05-06 19:05:00,10430.3,10433.0,10429.5,10432.4,229,18,0
2026-05-06 19:10:00,10432.4,10434.8,10429.9,10433.8,222,18,0
2026-05-06 19:15:00,10433.8,10434.9,10432.1,10433.3,188,18,0
2026-05-06 19:20:00,10433.3,10435.9,10432.3,10433.6,167,18,0
2026-05-06 19:25:00,10433.4,10435.3,10429.3,10429.8,137,18,0
2026-05-06 19:30:00,10429.8,10435.7,10428.3,10435.3,214,18,0
2026-05-06 19:35:00,10435.3,10438.5,10435.3,10438.3,137,18,0
2026-05-06 19:40:00,10438.3,10441.0,10437.3,10437.8,157,18,0
2026-05-06 19:45:00,10437.8,10438.3,10432.3,10434.3,168,18,0
2026-05-06 19:50:00,10434.3,10434.8,10429.3,10433.3,224,18,0
2026-05-06 19:55:00,10433.3,10435.0,10425.4,10429.6,324,18,0
2026-05-06 20:00:00,10429.6,10435.3,10427.1,10434.9,260,18,0
2026-05-06 20:05:00,10434.9,10436.3,10433.3,10435.0,165,18,0
2026-05-06 20:10:00,10435.0,10438.3,10432.3,10432.3,187,18,0
2026-05-06 20:15:00,10432.3,10432.8,10429.9,10430.1,103,18,0
2026-05-06 20:20:00,10430.1,10431.8,10428.3,10428.3,95,18,0
2026-05-06 20:25:00,10428.3,10428.8,10426.3,10426.8,144,18,0
2026-05-06 20:30:00,10426.8,10428.3,10425.4,10426.3,129,18,0
2026-05-06 20:35:00,10426.3,10426.3,10422.3,10423.8,102,18,0
2026-05-06 20:40:00,10423.8,10427.2,10423.4,10426.9,141,18,0
2026-05-06 20:45:00,10426.9,10430.1,10425.4,10425.8,118,18,0
2026-05-06 20:50:00,10425.8,10427.4,10424.9,10427.3,115,18,0
2026-05-06 20:55:00,10427.3,10430.8,10425.8,10430.8,103,18,0
2026-05-06 21:00:00,10430.8,10434.0,10430.3,10432.0,151,18,0
2026-05-06 21:05:00,10432.0,10435.2,10430.3,10433.8,114,18,0
2026-05-06 21:10:00,10433.8,10435.5,10432.3,10432.3,148,18,0
2026-05-06 21:15:00,10432.3,10436.8,10432.3,10435.4,107,18,0
2026-05-06 21:20:00,10435.4,10438.3,10435.4,10436.4,110,18,0
2026-05-06 21:25:00,10436.4,10436.8,10433.3,10435.3,149,18,0
2026-05-06 21:30:00,10435.3,10437.8,10434.8,10436.8,157,18,0
2026-05-06 21:35:00,10436.8,10437.3,10433.5,10433.8,117,18,0
2026-05-06 21:40:00,10433.8,10435.3,10430.8,10434.8,165,18,0
2026-05-06 21:45:00,10434.8,10438.0,10433.3,10437.8,140,18,0
2026-05-06 21:50:00,10437.5,10438.6,10436.2,10437.9,126,18,0
2026-05-06 21:55:00,10437.9,10440.8,10437.3,10440.3,112,18,0
2026-05-06 22:00:00,10440.3,10444.8,10439.3,10443.8,156,18,0
2026-05-06 22:05:00,10443.8,10446.2,10442.8,10443.8,152,18,0
2026-05-06 22:10:00,10443.8,10448.4,10443.2,10446.8,135,18,0
2026-05-06 22:15:00,10446.8,10448.3,10444.3,10445.3,123,18,0
2026-05-06 22:20:00,10445.3,10449.8,10445.3,10449.3,128,18,0
2026-05-06 22:25:00,10449.3,10449.6,10447.3,10448.8,142,18,0
2026-05-06 22:30:00,10448.8,10449.3,10445.3,10447.8,143,18,0
2026-05-06 22:35:00,10447.8,10450.8,10447.8,10450.3,133,18,0
2026-05-06 22:40:00,10450.3,10452.3,10449.8,10450.3,123,18,0
2026-05-06 22:45:00,10450.3,10454.3,10448.3,10448.3,136,18,0
2026-05-06 22:50:00,10448.3,10455.0,10448.3,10454.3,247,18,0
2026-05-06 22:55:00,10454.3,10456.2,10451.5,10452.1,181,18,0
2026-05-07 03:00:00,10423.9,10434.3,10420.3,10429.7,214,24,0
2026-05-07 03:05:00,10429.7,10433.0,10428.5,10432.7,490,23,0
2026-05-07 03:10:00,10432.6,10440.3,10432.2,10439.4,425,18,0
2026-05-07 03:15:00,10439.4,10441.4,10431.9,10432.3,507,18,0
2026-05-07 03:20:00,10432.2,10434.9,10430.6,10434.4,490,21,0
2026-05-07 03:25:00,10433.9,10435.1,10431.9,10434.3,547,21,0
2026-05-07 03:30:00,10434.3,10440.8,10433.4,10440.4,485,19,0
2026-05-07 03:35:00,10440.3,10444.1,10439.6,10443.0,371,18,0
2026-05-07 03:40:00,10443.0,10443.7,10438.8,10440.5,342,18,0
2026-05-07 03:45:00,10440.5,10444.8,10439.2,10442.7,255,18,0
2026-05-07 03:50:00,10442.7,10445.7,10442.5,10442.6,284,19,0
2026-05-07 03:55:00,10442.6,10446.4,10442.5,10444.6,385,20,0
2026-05-07 04:00:00,10444.6,10444.7,10436.8,10440.0,430,18,0
2026-05-07 04:05:00,10440.0,10440.7,10436.4,10437.7,419,19,0
2026-05-07 04:10:00,10437.7,10449.0,10437.5,10444.6,401,20,0
2026-05-07 04:15:00,10444.6,10450.2,10443.6,10447.5,436,18,0
2026-05-07 04:20:00,10447.5,10449.0,10443.9,10444.9,319,19,0
2026-05-07 04:25:00,10444.9,10448.5,10442.4,10446.7,307,19,0
2026-05-07 04:30:00,10446.7,10450.8,10443.7,10443.7,336,18,0
2026-05-07 04:35:00,10443.7,10449.2,10443.7,10449.0,343,18,0
2026-05-07 04:40:00,10449.1,10449.7,10445.2,10446.7,289,18,0
2026-05-07 04:45:00,10446.7,10449.9,10446.3,10449.7,242,18,0
2026-05-07 04:50:00,10449.7,10451.0,10447.6,10447.9,292,18,0
2026-05-07 04:55:00,10447.9,10448.9,10445.4,10445.6,335,18,0
2026-05-07 05:00:00,10445.6,10449.6,10445.0,10447.4,343,18,0
2026-05-07 05:05:00,10447.3,10451.5,10447.3,10450.9,291,19,0
2026-05-07 05:10:00,10450.9,10451.9,10445.6,10445.7,323,19,0
2026-05-07 05:15:00,10445.7,10450.1,10445.4,10447.6,284,18,0
2026-05-07 05:20:00,10447.5,10448.6,10444.4,10445.8,340,20,0
2026-05-07 05:25:00,10445.8,10447.7,10444.0,10447.7,301,18,0
2026-05-07 05:30:00,10447.7,10449.1,10444.4,10448.4,357,18,0
2026-05-07 05:35:00,10448.4,10452.0,10448.3,10449.6,330,18,0
2026-05-07 05:40:00,10449.6,10449.6,10447.8,10448.3,184,18,0
2026-05-07 05:45:00,10448.3,10449.9,10447.5,10448.8,187,19,0
2026-05-07 05:50:00,10448.8,10449.1,10447.4,10448.0,201,18,0
2026-05-07 05:55:00,10448.0,10449.9,10447.5,10448.6,245,19,0
2026-05-07 06:00:00,10448.6,10449.0,10444.4,10446.2,248,18,0
2026-05-07 06:05:00,10446.2,10447.6,10445.4,10446.2,223,18,0
2026-05-07 06:10:00,10446.2,10447.7,10444.2,10445.7,230,18,0
2026-05-07 06:15:00,10445.7,10450.2,10445.7,10449.9,177,21,0
2026-05-07 06:20:00,10449.9,10450.9,10446.2,10447.6,195,19,0
2026-05-07 06:25:00,10447.6,10450.8,10446.7,10448.4,253,19,0
2026-05-07 06:30:00,10448.6,10450.4,10447.4,10449.8,281,20,0
2026-05-07 06:35:00,10449.8,10450.6,10448.0,10449.9,182,19,0
2026-05-07 06:40:00,10449.9,10451.2,10449.1,10450.0,229,18,0
2026-05-07 06:45:00,10450.0,10451.0,10447.8,10447.8,171,18,0
2026-05-07 06:50:00,10447.8,10450.4,10447.0,10450.1,238,18,0
2026-05-07 06:55:00,10450.1,10450.4,10446.7,10446.8,217,18,0
2026-05-07 07:00:00,10446.8,10447.1,10444.3,10445.5,208,18,0
2026-05-07 07:05:00,10445.5,10448.5,10445.1,10446.7,206,20,0
2026-05-07 07:10:00,10446.7,10447.1,10445.4,10445.7,196,20,0
2026-05-07 07:15:00,10445.7,10446.9,10444.5,10445.6,194,20,0
2026-05-07 07:20:00,10445.6,10446.8,10445.4,10445.6,168,19,0
2026-05-07 07:25:00,10445.6,10446.2,10444.6,10445.7,132,18,0
2026-05-07 07:30:00,10445.7,10446.6,10442.7,10442.8,179,18,0
2026-05-07 07:35:00,10442.8,10443.2,10440.8,10441.6,140,18,0
2026-05-07 07:40:00,10441.6,10443.3,10441.1,10442.8,205,18,0
2026-05-07 07:45:00,10442.9,10446.2,10442.5,10444.2,203,18,0
2026-05-07 07:50:00,10444.0,10446.3,10443.4,10445.5,199,18,0
2026-05-07 07:55:00,10445.5,10445.9,10444.3,10444.7,156,18,0
2026-05-07 08:00:00,10444.7,10449.0,10444.7,10448.9,267,18,0
2026-05-07 08:05:00,10448.9,10448.9,10445.1,10447.3,270,18,0
2026-05-07 08:10:00,10447.3,10447.7,10445.8,10446.8,158,18,0
2026-05-07 08:15:00,10446.8,10446.8,10444.4,10444.5,197,18,0
2026-05-07 08:20:00,10444.5,10445.4,10441.9,10445.0,268,18,0
2026-05-07 08:25:00,10445.0,10445.3,10442.6,10443.5,221,18,0
2026-05-07 08:30:00,10443.5,10447.3,10443.5,10446.0,240,18,0
2026-05-07 08:35:00,10446.0,10447.8,10445.9,10447.4,290,18,0
2026-05-07 08:40:00,10447.4,10449.1,10446.5,10447.1,183,18,0
2026-05-07 08:45:00,10447.1,10448.3,10446.6,10447.5,186,18,0
2026-05-07 08:50:00,10447.6,10448.4,10446.0,10446.5,224,18,0
2026-05-07 08:55:00,10446.2,10447.4,10444.2,10444.4,163,18,0
2026-05-07 09:00:00,10444.4,10448.1,10439.4,10439.7,283,18,0
2026-05-07 09:05:00,10439.7,10442.2,10437.4,10442.2,264,18,0
2026-05-07 09:10:00,10442.1,10445.3,10440.1,10444.1,228,18,0
2026-05-07 09:15:00,10444.0,10446.1,10443.2,10445.5,170,18,0
2026-05-07 09:20:00,10445.5,10445.5,10441.1,10443.4,191,18,0
2026-05-07 09:25:00,10443.4,10447.4,10443.4,10446.1,216,18,0
2026-05-07 09:30:00,10446.1,10453.1,10443.2,10453.1,218,18,0
2026-05-07 09:35:00,10453.1,10460.1,10451.7,10459.1,227,18,0
2026-05-07 09:40:00,10459.1,10470.1,10457.9,10465.0,397,18,0
2026-05-07 09:45:00,10464.9,10465.1,10454.4,10455.8,406,18,0
2026-05-07 09:50:00,10455.8,10460.1,10454.6,10457.2,316,18,0
2026-05-07 09:55:00,10457.2,10460.4,10452.5,10452.5,346,18,0
2026-05-07 10:00:00,10451.2,10451.2,10415.1,10417.4,796,10,0
2026-05-07 10:05:00,10417.4,10422.4,10406.6,10409.4,877,10,0
2026-05-07 10:10:00,10409.9,10412.5,10402.9,10407.4,859,10,0
2026-05-07 10:15:00,10407.2,10408.4,10390.4,10393.4,854,10,0
2026-05-07 10:20:00,10393.5,10395.4,10386.5,10388.5,726,10,0
2026-05-07 10:25:00,10388.5,10391.5,10385.4,10387.4,675,10,0
2026-05-07 10:30:00,10387.5,10390.8,10383.3,10389.0,603,10,0
2026-05-07 10:35:00,10389.0,10392.8,10385.9,10386.9,553,10,0
2026-05-07 10:40:00,10386.9,10388.8,10383.0,10386.1,569,10,0
2026-05-07 10:45:00,10386.4,10387.0,10374.3,10375.7,555,10,0
2026-05-07 10:50:00,10375.7,10380.0,10370.6,10372.0,521,10,0
2026-05-07 10:55:00,10372.0,10375.0,10369.3,10374.6,490,10,0
2026-05-07 11:00:00,10374.9,10378.9,10371.9,10375.6,646,10,0
2026-05-07 11:05:00,10375.9,10385.8,10374.0,10385.7,553,10,0
2026-05-07 11:10:00,10385.6,10393.9,10382.9,10393.3,641,10,0
2026-05-07 11:15:00,10393.3,10398.7,10390.0,10396.9,648,10,0
2026-05-07 11:20:00,10396.9,10400.5,10390.5,10394.4,561,10,0
2026-05-07 11:25:00,10394.5,10395.0,10384.9,10388.9,558,10,0
2026-05-07 11:30:00,10388.9,10394.4,10381.5,10382.9,508,10,0
2026-05-07 11:35:00,10382.8,10386.5,10380.8,10381.5,558,10,0
2026-05-07 11:40:00,10381.5,10382.8,10377.9,10380.5,468,10,0
2026-05-07 11:45:00,10380.5,10380.5,10370.0,10373.0,447,10,0
2026-05-07 11:50:00,10373.0,10373.0,10366.6,10368.7,420,10,0
2026-05-07 11:55:00,10368.5,10368.5,10363.0,10364.9,326,10,0
2026-05-07 12:00:00,10364.9,10369.4,10359.0,10363.5,514,10,0
2026-05-07 12:05:00,10363.5,10365.5,10355.4,10365.0,458,10,0
2026-05-07 12:10:00,10365.0,10366.4,10358.6,10361.0,407,10,0
2026-05-07 12:15:00,10361.0,10363.9,10358.5,10363.9,419,10,0
2026-05-07 12:20:00,10363.9,10364.0,10355.2,10357.4,408,10,0
2026-05-07 12:25:00,10357.4,10363.0,10356.5,10360.3,350,10,0
2026-05-07 12:30:00,10359.6,10366.0,10358.0,10365.3,358,10,0
2026-05-07 12:35:00,10365.3,10366.0,10361.2,10363.0,397,10,0
2026-05-07 12:40:00,10363.0,10366.5,10361.2,10363.0,408,10,0
2026-05-07 12:45:00,10362.9,10366.9,10360.3,10365.5,385,10,0
2026-05-07 12:50:00,10365.5,10366.5,10359.0,10363.0,439,10,0
2026-05-07 12:55:00,10363.0,10367.5,10359.9,10367.0,357,10,0
2026-05-07 13:00:00,10367.0,10368.3,10361.4,10362.5,411,10,0
2026-05-07 13:05:00,10362.5,10366.0,10360.7,10364.9,361,10,0
2026-05-07 13:10:00,10364.9,10366.0,10362.0,10364.0,401,10,0
2026-05-07 13:15:00,10364.0,10364.8,10359.0,10359.5,361,10,0
2026-05-07 13:20:00,10359.5,10362.0,10356.5,10358.0,343,10,0
2026-05-07 13:25:00,10358.0,10359.0,10352.5,10358.3,397,10,0
2026-05-07 13:30:00,10358.4,10361.0,10352.4,10358.5,442,10,0
2026-05-07 13:35:00,10358.5,10366.0,10357.0,10365.8,420,10,0
2026-05-07 13:40:00,10365.8,10368.2,10360.0,10366.5,454,10,0
2026-05-07 13:45:00,10366.5,10366.6,10360.6,10365.0,340,10,0
2026-05-07 13:50:00,10365.0,10369.0,10363.5,10363.5,348,10,0
2026-05-07 13:55:00,10363.5,10363.5,10357.6,10359.1,429,10,0
2026-05-07 14:00:00,10359.5,10366.5,10359.5,10364.3,435,10,0
2026-05-07 14:05:00,10364.2,10369.0,10362.0,10368.8,456,10,0
2026-05-07 14:10:00,10368.8,10379.5,10368.5,10377.0,386,10,0
2026-05-07 14:15:00,10377.0,10379.5,10374.9,10379.3,407,10,0
2026-05-07 14:20:00,10379.5,10381.1,10372.0,10378.0,436,10,0
2026-05-07 14:25:00,10378.0,10380.4,10372.2,10373.5,366,10,0
2026-05-07 14:30:00,10373.5,10375.0,10370.0,10371.7,335,10,0
2026-05-07 14:35:00,10371.7,10377.5,10371.7,10376.0,411,10,0
2026-05-07 14:40:00,10376.0,10376.4,10371.5,10373.0,311,10,0
2026-05-07 14:45:00,10373.0,10376.5,10366.5,10366.5,384,10,0
2026-05-07 14:50:00,10366.6,10369.5,10364.0,10366.9,383,10,0
2026-05-07 14:55:00,10367.0,10371.0,10365.1,10369.8,340,10,0
2026-05-07 15:00:00,10369.8,10370.3,10361.6,10362.0,402,10,0
2026-05-07 15:05:00,10362.0,10366.0,10361.0,10365.5,297,10,0
2026-05-07 15:10:00,10365.5,10373.0,10364.5,10369.3,370,10,0
2026-05-07 15:15:00,10369.1,10372.4,10366.5,10372.4,440,10,0
2026-05-07 15:20:00,10372.0,10378.3,10368.5,10377.6,389,10,0
2026-05-07 15:25:00,10377.6,10378.4,10374.1,10374.7,305,10,0
2026-05-07 15:30:00,10374.7,10378.9,10371.7,10374.5,410,10,0
2026-05-07 15:35:00,10374.5,10375.3,10370.4,10370.5,312,10,0
2026-05-07 15:40:00,10370.5,10372.8,10368.0,10369.9,405,10,0
2026-05-07 15:45:00,10370.0,10370.4,10364.0,10370.0,303,10,0
2026-05-07 15:50:00,10370.0,10372.9,10364.5,10368.9,388,10,0
2026-05-07 15:55:00,10368.8,10377.5,10366.9,10377.5,364,10,0
2026-05-07 16:00:00,10377.5,10379.4,10374.5,10378.0,461,10,0
2026-05-07 16:05:00,10378.0,10379.0,10367.1,10367.2,398,10,0
2026-05-07 16:10:00,10367.1,10367.3,10359.8,10359.8,335,10,0
2026-05-07 16:15:00,10359.8,10362.9,10357.0,10362.8,358,10,0
2026-05-07 16:20:00,10362.9,10363.8,10353.0,10357.8,397,10,0
2026-05-07 16:25:00,10357.8,10362.1,10355.5,10358.0,406,10,0
2026-05-07 16:30:00,10358.4,10358.4,10335.5,10336.8,696,10,0
2026-05-07 16:35:00,10336.8,10344.0,10334.0,10337.5,548,10,0
2026-05-07 16:40:00,10337.8,10339.8,10329.0,10329.0,507,10,0
2026-05-07 16:45:00,10329.0,10333.0,10318.6,10319.8,661,10,0
2026-05-07 16:50:00,10319.8,10321.0,10315.1,10320.5,521,10,0
2026-05-07 16:55:00,10320.5,10326.5,10319.0,10322.0,472,10,0
2026-05-07 17:00:00,10322.0,10322.5,10308.4,10309.3,538,10,0
2026-05-07 17:05:00,10309.4,10309.5,10297.6,10298.0,405,10,0
2026-05-07 17:10:00,10298.0,10306.3,10297.5,10302.0,418,10,0
2026-05-07 17:15:00,10302.0,10302.0,10293.0,10294.5,397,10,0
2026-05-07 17:20:00,10294.5,10297.0,10286.5,10293.0,389,10,0
2026-05-07 17:25:00,10293.0,10296.3,10286.0,10287.3,404,10,0
2026-05-07 17:30:00,10287.3,10300.4,10287.3,10294.5,478,10,0
2026-05-07 17:35:00,10294.5,10301.8,10293.0,10300.5,449,10,0
2026-05-07 17:40:00,10300.2,10300.3,10294.5,10294.5,411,10,0
2026-05-07 17:45:00,10294.5,10297.3,10289.3,10295.9,433,10,0
2026-05-07 17:50:00,10295.7,10300.3,10294.1,10295.3,444,10,0
2026-05-07 17:55:00,10295.3,10300.9,10293.3,10299.0,418,10,0
2026-05-07 18:00:00,10299.0,10303.0,10293.5,10302.2,472,10,0
2026-05-07 18:05:00,10301.9,10304.0,10291.8,10292.3,452,10,0
2026-05-07 18:10:00,10292.5,10297.0,10287.7,10296.7,321,10,0
2026-05-07 18:15:00,10296.8,10296.8,10288.7,10293.0,433,10,0
2026-05-07 18:20:00,10292.8,10293.5,10284.8,10287.5,408,10,0
2026-05-07 18:25:00,10287.3,10288.0,10277.5,10282.6,614,10,0
2026-05-07 18:30:00,10282.1,10287.6,10264.4,10270.9,661,18,0
2026-05-07 18:35:00,10270.6,10271.6,10254.1,10255.4,473,18,0
2026-05-07 18:40:00,10255.1,10258.6,10252.1,10253.1,348,18,0
2026-05-07 18:45:00,10253.1,10253.4,10240.3,10240.6,374,18,0
2026-05-07 18:50:00,10240.6,10241.0,10234.7,10235.9,387,18,0
2026-05-07 18:55:00,10235.9,10240.4,10230.6,10233.4,479,18,0
2026-05-07 19:00:00,10233.4,10241.6,10229.6,10229.6,555,18,0
2026-05-07 19:05:00,10229.6,10229.6,10217.7,10221.1,462,18,0
2026-05-07 19:10:00,10221.1,10227.6,10216.6,10227.6,435,18,0
2026-05-07 19:15:00,10227.6,10228.6,10220.4,10223.1,560,18,0
2026-05-07 19:20:00,10223.1,10230.1,10221.2,10229.1,391,18,0
2026-05-07 19:25:00,10229.1,10234.1,10229.1,10231.6,342,18,0
2026-05-07 19:30:00,10231.6,10233.0,10227.1,10231.1,330,18,0
2026-05-07 19:35:00,10231.1,10233.6,10225.1,10225.1,351,18,0
2026-05-07 19:40:00,10225.1,10230.1,10223.6,10229.6,351,18,0
2026-05-07 19:45:00,10229.6,10229.6,10224.0,10225.6,333,18,0
2026-05-07 19:50:00,10225.6,10227.1,10223.2,10226.6,344,18,0
2026-05-07 19:55:00,10226.6,10227.1,10222.6,10225.1,224,18,0
2026-05-07 20:00:00,10225.1,10229.4,10223.6,10229.1,251,18,0
2026-05-07 20:05:00,10229.1,10237.9,10227.6,10235.1,255,18,0
2026-05-07 20:10:00,10235.1,10237.1,10229.9,10232.1,272,18,0
2026-05-07 20:15:00,10232.1,10234.1,10227.6,10228.4,347,18,0
2026-05-07 20:20:00,10228.4,10235.1,10226.6,10233.1,368,18,0
2026-05-07 20:25:00,10233.1,10236.6,10203.2,10217.1,871,18,0
2026-05-07 20:30:00,10217.1,10224.5,10212.1,10222.9,615,18,0
2026-05-07 20:35:00,10222.9,10223.6,10215.4,10216.6,516,18,0
2026-05-07 20:40:00,10216.6,10218.0,10208.6,10210.1,357,18,0
2026-05-07 20:45:00,10210.1,10216.1,10207.9,10215.6,286,18,0
2026-05-07 20:50:00,10215.6,10216.1,10208.3,10212.9,433,18,0
2026-05-07 20:55:00,10212.9,10222.9,10211.1,10221.6,546,18,0
2026-05-07 21:00:00,10221.6,10224.6,10217.1,10220.2,381,18,0
2026-05-07 21:05:00,10220.2,10225.6,10218.6,10221.6,360,18,0
2026-05-07 21:10:00,10221.6,10224.6,10217.6,10223.1,323,18,0
2026-05-07 21:15:00,10223.1,10229.6,10223.1,10226.6,210,18,0
2026-05-07 21:20:00,10226.6,10227.1,10220.6,10222.1,280,18,0
2026-05-07 21:25:00,10222.1,10222.1,10219.1,10219.6,232,18,0
2026-05-07 21:30:00,10219.6,10219.6,10215.1,10215.9,201,18,0
2026-05-07 21:35:00,10216.0,10218.1,10208.6,10215.0,306,18,0
2026-05-07 21:40:00,10215.0,10220.6,10199.4,10206.1,419,18,0
2026-05-07 21:45:00,10205.8,10208.6,10195.7,10205.1,539,18,0
2026-05-07 21:50:00,10205.1,10207.1,10199.1,10203.0,421,18,0
2026-05-07 21:55:00,10202.8,10214.6,10200.1,10214.6,424,18,0
2026-05-07 22:00:00,10214.6,10218.8,10211.6,10218.1,322,18,0
2026-05-07 22:05:00,10218.1,10225.9,10216.6,10224.6,325,18,0
2026-05-07 22:10:00,10224.6,10228.2,10220.6,10223.1,259,18,0
2026-05-07 22:15:00,10223.5,10224.7,10213.1,10218.8,451,18,0
2026-05-07 22:20:00,10218.9,10224.4,10217.8,10221.1,441,18,0
2026-05-07 22:25:00,10221.1,10224.1,10212.7,10221.1,362,18,0
2026-05-07 22:30:00,10221.1,10225.6,10219.6,10222.8,303,18,0
2026-05-07 22:35:00,10222.8,10226.4,10220.7,10225.6,276,18,0
2026-05-07 22:40:00,10225.6,10227.6,10221.1,10221.8,244,18,0
2026-05-07 22:45:00,10221.8,10222.4,10211.7,10214.1,219,18,0
2026-05-07 22:50:00,10214.1,10218.1,10203.1,10206.6,423,18,0
2026-05-07 22:55:00,10206.6,10206.8,10199.3,10202.0,285,18,0
2026-05-08 03:00:00,10217.3,10229.8,10217.3,10229.7,101,19,0
2026-05-08 03:05:00,10229.7,10231.3,10219.3,10221.2,177,18,0
2026-05-08 03:10:00,10221.2,10224.8,10214.5,10215.3,162,20,0
2026-05-08 03:15:00,10215.3,10220.7,10211.3,10213.0,293,18,0
2026-05-08 03:20:00,10213.0,10213.0,10209.7,10211.1,94,18,0
2026-05-08 03:25:00,10211.1,10211.6,10204.7,10205.3,122,19,0
2026-05-08 03:30:00,10205.3,10210.7,10203.3,10210.1,156,18,0
2026-05-08 03:35:00,10210.1,10210.9,10205.3,10205.5,168,19,0
2026-05-08 03:40:00,10205.5,10207.3,10204.6,10204.7,163,18,0
2026-05-08 03:45:00,10204.7,10206.8,10201.8,10204.6,175,18,0
2026-05-08 03:50:00,10204.6,10212.8,10203.9,10210.7,151,18,0
2026-05-08 03:55:00,10210.7,10211.8,10210.4,10210.8,133,19,0
2026-05-08 04:00:00,10210.8,10217.3,10209.8,10212.7,372,19,0
2026-05-08 04:05:00,10212.7,10220.3,10212.7,10216.6,287,18,0
2026-05-08 04:10:00,10216.5,10217.5,10213.9,10216.8,199,20,0
2026-05-08 04:15:00,10216.8,10216.8,10211.8,10213.9,231,19,0
2026-05-08 04:20:00,10213.9,10214.0,10209.6,10210.9,206,18,0
2026-05-08 04:25:00,10210.9,10215.0,10210.9,10212.0,249,18,0
2026-05-08 04:30:00,10212.0,10212.5,10208.4,10211.0,324,20,0
2026-05-08 04:35:00,10210.8,10211.7,10205.8,10207.5,345,18,0
2026-05-08 04:40:00,10207.5,10208.7,10203.7,10208.3,217,18,0
2026-05-08 04:45:00,10208.3,10210.9,10206.8,10209.6,241,20,0
2026-05-08 04:50:00,10209.8,10210.7,10201.8,10202.2,229,20,0
2026-05-08 04:55:00,10202.2,10205.7,10201.9,10202.1,230,18,0
2026-05-08 05:00:00,10202.1,10204.9,10201.3,10203.1,267,18,0
2026-05-08 05:05:00,10203.1,10205.6,10201.3,10204.3,260,18,0
2026-05-08 05:10:00,10204.3,10205.7,10200.4,10202.2,213,18,0
2026-05-08 05:15:00,10202.2,10202.2,10196.3,10199.0,258,20,0
2026-05-08 05:20:00,10199.0,10204.7,10197.6,10204.7,349,18,0
2026-05-08 05:25:00,10204.7,10205.5,10202.2,10202.2,263,20,0
2026-05-08 05:30:00,10202.2,10203.2,10201.1,10203.2,275,18,0
2026-05-08 05:35:00,10203.2,10203.2,10194.1,10197.2,611,20,0
2026-05-08 05:40:00,10197.2,10200.8,10195.5,10196.7,299,20,0
2026-05-08 05:45:00,10196.7,10208.3,10196.7,10207.6,265,21,0
2026-05-08 05:50:00,10207.5,10208.4,10200.9,10200.9,246,18,0
2026-05-08 05:55:00,10200.9,10202.7,10199.3,10201.7,187,18,0
2026-05-08 06:00:00,10201.9,10203.2,10199.8,10201.7,298,19,0
2026-05-08 06:05:00,10201.7,10202.8,10196.7,10198.8,151,18,0
2026-05-08 06:10:00,10198.8,10202.3,10198.8,10200.0,157,20,0
2026-05-08 06:15:00,10200.0,10201.5,10197.2,10199.2,154,20,0
2026-05-08 06:20:00,10199.2,10199.9,10197.4,10197.8,190,20,0
2026-05-08 06:25:00,10197.8,10200.3,10197.8,10199.5,172,20,0
2026-05-08 06:30:00,10199.5,10208.2,10199.5,10207.7,283,19,0
2026-05-08 06:35:00,10207.7,10209.9,10205.2,10205.9,205,18,0
2026-05-08 06:40:00,10205.9,10209.5,10204.2,10208.8,200,18,0
2026-05-08 06:45:00,10208.7,10209.4,10204.3,10205.2,159,18,0
2026-05-08 06:50:00,10205.2,10209.8,10204.7,10207.4,149,18,0
2026-05-08 06:55:00,10207.3,10210.7,10207.3,10207.6,148,20,0
2026-05-08 07:00:00,10207.6,10210.7,10207.3,10209.8,199,18,0
2026-05-08 07:05:00,10209.8,10212.7,10209.5,10212.6,141,19,0
2026-05-08 07:10:00,10212.6,10212.7,10206.2,10206.5,123,18,0
2026-05-08 07:15:00,10206.5,10207.2,10201.7,10205.1,212,19,0
2026-05-08 07:20:00,10205.1,10209.1,10204.8,10208.1,129,18,0
2026-05-08 07:25:00,10208.1,10210.4,10206.8,10209.0,125,18,0
2026-05-08 07:30:00,10209.0,10210.4,10207.9,10208.8,178,18,0
2026-05-08 07:35:00,10208.7,10210.7,10204.8,10204.8,114,18,0
2026-05-08 07:40:00,10204.8,10205.2,10199.8,10201.3,157,18,0
2026-05-08 07:45:00,10201.3,10205.5,10200.2,10205.0,174,18,0
2026-05-08 07:50:00,10205.0,10212.8,10203.8,10212.5,218,19,0
2026-05-08 07:55:00,10212.5,10213.1,10207.9,10208.2,197,18,0
2026-05-08 08:00:00,10208.2,10211.9,10207.5,10209.3,268,19,0
2026-05-08 08:05:00,10209.0,10210.0,10206.8,10207.4,171,18,0
2026-05-08 08:10:00,10207.4,10209.5,10205.3,10207.7,214,18,0
2026-05-08 08:15:00,10207.7,10210.1,10204.7,10208.7,189,18,0
2026-05-08 08:20:00,10208.4,10209.6,10207.2,10208.0,203,18,0
2026-05-08 08:25:00,10208.0,10209.5,10206.0,10208.4,176,18,0
2026-05-08 08:30:00,10208.4,10214.7,10207.3,10209.3,320,18,0
2026-05-08 08:35:00,10209.3,10211.1,10207.3,10207.7,180,18,0
2026-05-08 08:40:00,10207.7,10209.0,10206.4,10208.4,162,18,0
2026-05-08 08:45:00,10208.4,10209.7,10207.0,10208.4,212,18,0
2026-05-08 08:50:00,10208.4,10212.6,10208.3,10211.7,161,18,0
2026-05-08 08:55:00,10211.7,10215.1,10210.5,10210.5,175,18,0
2026-05-08 09:00:00,10210.5,10210.9,10199.2,10206.7,278,18,0
2026-05-08 09:05:00,10206.6,10210.9,10206.3,10209.3,341,18,0
2026-05-08 09:10:00,10209.3,10210.0,10203.0,10203.4,322,18,0
2026-05-08 09:15:00,10203.4,10204.2,10200.9,10203.4,226,18,0
2026-05-08 09:20:00,10203.4,10203.8,10198.7,10199.4,231,18,0
2026-05-08 09:25:00,10199.4,10209.3,10199.2,10207.5,303,18,0
2026-05-08 09:30:00,10207.5,10209.6,10199.3,10199.9,429,18,0
2026-05-08 09:35:00,10199.9,10202.7,10198.0,10199.6,333,18,0
2026-05-08 09:40:00,10199.6,10202.1,10197.6,10197.6,305,18,0
2026-05-08 09:45:00,10197.6,10198.4,10193.4,10193.7,307,18,0
2026-05-08 09:50:00,10193.7,10196.5,10188.3,10188.5,250,18,0
2026-05-08 09:55:00,10188.5,10189.6,10180.3,10187.8,255,18,0
2026-05-08 10:00:00,10189.8,10216.2,10187.9,10208.3,781,10,0
2026-05-08 10:05:00,10208.4,10214.8,10189.6,10196.8,747,10,0
2026-05-08 10:10:00,10196.7,10197.7,10182.8,10185.8,596,10,0
2026-05-08 10:15:00,10185.7,10196.3,10177.6,10184.1,743,10,0
2026-05-08 10:20:00,10184.1,10191.3,10182.5,10185.3,668,10,0
2026-05-08 10:25:00,10185.3,10185.3,10174.8,10182.1,643,10,0
2026-05-08 10:30:00,10181.9,10190.8,10178.3,10186.7,694,10,0
2026-05-08 10:35:00,10186.7,10187.7,10177.3,10181.5,618,10,0
2026-05-08 10:40:00,10181.4,10193.2,10180.8,10191.0,587,10,0
2026-05-08 10:45:00,10191.2,10198.2,10189.5,10198.2,674,10,0
2026-05-08 10:50:00,10198.3,10204.2,10194.2,10204.1,608,10,0
2026-05-08 10:55:00,10204.1,10215.6,10201.3,10215.3,473,10,0
2026-05-08 11:00:00,10215.3,10217.8,10196.7,10197.3,646,10,0
2026-05-08 11:05:00,10197.7,10198.3,10186.7,10189.3,609,10,0
2026-05-08 11:10:00,10189.6,10196.6,10188.7,10195.7,534,10,0
2026-05-08 11:15:00,10194.6,10202.8,10192.0,10192.1,541,10,0
2026-05-08 11:20:00,10191.7,10197.2,10188.8,10196.8,541,10,0
2026-05-08 11:25:00,10196.8,10202.8,10193.3,10193.5,558,10,0
2026-05-08 11:30:00,10193.8,10199.1,10193.2,10195.8,458,10,0
2026-05-08 11:35:00,10195.8,10205.8,10195.3,10203.9,537,10,0
2026-05-08 11:40:00,10204.0,10204.3,10194.3,10196.3,482,10,0
2026-05-08 11:45:00,10196.3,10197.3,10187.2,10193.7,567,10,0
2026-05-08 11:50:00,10193.7,10198.8,10190.9,10193.8,439,10,0
2026-05-08 11:55:00,10193.8,10199.0,10191.8,10197.1,405,10,0
2026-05-08 12:00:00,10197.1,10210.1,10197.1,10207.8,474,10,0
2026-05-08 12:05:00,10207.8,10218.3,10207.2,10213.7,437,10,0
2026-05-08 12:10:00,10213.7,10220.8,10211.2,10220.7,386,10,0
2026-05-08 12:15:00,10220.8,10225.6,10218.3,10225.3,348,10,0
2026-05-08 12:20:00,10225.7,10245.8,10225.3,10243.8,430,10,0
2026-05-08 12:25:00,10243.8,10252.2,10242.8,10250.0,446,10,0
2026-05-08 12:30:00,10250.7,10250.8,10242.3,10248.8,422,10,0
2026-05-08 12:35:00,10248.8,10254.7,10247.3,10252.9,470,10,0
2026-05-08 12:40:00,10253.0,10255.6,10248.5,10250.8,378,10,0
2026-05-08 12:45:00,10251.3,10252.8,10248.6,10248.7,360,10,0
2026-05-08 12:50:00,10248.6,10248.8,10234.3,10237.3,606,10,0
2026-05-08 12:55:00,10237.7,10237.8,10230.6,10234.5,491,10,0
2026-05-08 13:00:00,10234.5,10242.6,10232.8,10234.7,492,10,0
2026-05-08 13:05:00,10234.7,10238.9,10232.2,10235.0,428,10,0
2026-05-08 13:10:00,10235.0,10237.8,10233.3,10233.8,429,10,0
2026-05-08 13:15:00,10233.8,10236.3,10229.2,10235.8,339,10,0
2026-05-08 13:20:00,10235.7,10240.7,10233.3,10240.3,370,10,0
2026-05-08 13:25:00,10240.3,10246.1,10239.8,10241.8,363,10,0
2026-05-08 13:30:00,10242.0,10255.0,10241.5,10253.2,381,10,0
2026-05-08 13:35:00,10253.1,10261.8,10252.2,10259.8,452,10,0
2026-05-08 13:40:00,10259.7,10263.8,10258.0,10261.8,339,10,0
2026-05-08 13:45:00,10261.8,10262.3,10252.8,10254.6,308,10,0
2026-05-08 13:50:00,10254.6,10255.7,10250.7,10253.7,319,10,0
2026-05-08 13:55:00,10253.7,10259.7,10244.5,10259.7,609,10,0
2026-05-08 14:00:00,10259.7,10264.3,10254.2,10257.3,490,10,0
2026-05-08 14:05:00,10257.3,10259.3,10249.5,10250.5,447,10,0
2026-05-08 14:10:00,10250.5,10254.8,10247.7,10248.8,441,10,0
2026-05-08 14:15:00,10248.8,10254.1,10247.5,10249.7,371,10,0
2026-05-08 14:20:00,10249.7,10252.8,10243.3,10247.3,359,10,0
2026-05-08 14:25:00,10247.3,10254.2,10247.3,10250.1,363,10,0
2026-05-08 14:30:00,10250.1,10250.8,10246.5,10249.6,411,10,0
2026-05-08 14:35:00,10249.6,10254.2,10248.6,10252.4,353,10,0
2026-05-08 14:40:00,10252.4,10252.5,10242.8,10242.8,412,10,0
2026-05-08 14:45:00,10242.8,10244.3,10238.7,10243.8,314,10,0
2026-05-08 14:50:00,10243.8,10249.6,10243.5,10249.3,345,10,0
2026-05-08 14:55:00,10249.3,10254.1,10248.5,10252.6,357,10,0
2026-05-08 15:00:00,10252.6,10258.6,10251.9,10255.7,495,10,0
2026-05-08 15:05:00,10255.7,10261.6,10253.6,10256.7,368,10,0
2026-05-08 15:10:00,10256.7,10258.8,10251.3,10255.6,471,10,0
2026-05-08 15:15:00,10255.7,10259.6,10253.8,10259.3,393,10,0
2026-05-08 15:20:00,10259.3,10261.8,10256.9,10257.7,357,10,0
2026-05-08 15:25:00,10257.7,10261.2,10256.6,10256.6,273,10,0
2026-05-08 15:30:00,10256.5,10268.8,10256.3,10268.3,515,10,0
2026-05-08 15:35:00,10268.6,10270.4,10258.8,10259.9,583,10,0
2026-05-08 15:40:00,10259.9,10264.2,10258.8,10259.2,418,10,0
2026-05-08 15:45:00,10259.2,10267.7,10256.3,10260.2,431,10,0
2026-05-08 15:50:00,10260.2,10264.8,10257.6,10264.8,489,10,0
2026-05-08 15:55:00,10264.8,10264.8,10251.3,10256.7,510,10,0
2026-05-08 16:00:00,10256.5,10257.7,10247.2,10250.7,558,10,0
2026-05-08 16:05:00,10250.8,10251.3,10242.6,10246.8,501,10,0
2026-05-08 16:10:00,10246.7,10247.3,10239.8,10244.3,477,10,0
2026-05-08 16:15:00,10244.3,10255.3,10244.3,10255.1,411,10,0
2026-05-08 16:20:00,10255.1,10257.8,10251.8,10256.3,415,10,0
2026-05-08 16:25:00,10256.3,10268.6,10255.6,10265.3,363,10,0
2026-05-08 16:30:00,10265.4,10271.7,10261.7,10267.3,711,10,0
2026-05-08 16:35:00,10267.3,10270.8,10253.8,10254.1,516,10,0
2026-05-08 16:40:00,10254.3,10260.3,10251.6,10254.0,661,10,0
2026-05-08 16:45:00,10254.0,10261.0,10248.2,10260.0,618,10,0
2026-05-08 16:50:00,10259.9,10264.2,10257.2,10258.8,521,10,0
2026-05-08 16:55:00,10258.8,10262.8,10256.1,10262.0,533,10,0
2026-05-08 17:00:00,10262.3,10263.3,10248.3,10248.3,498,10,0
2026-05-08 17:05:00,10248.3,10249.8,10240.3,10241.3,635,10,0
2026-05-08 17:10:00,10241.3,10241.6,10233.8,10237.8,515,10,0
2026-05-08 17:15:00,10237.7,10239.8,10229.3,10238.6,637,10,0
2026-05-08 17:20:00,10238.6,10244.3,10236.3,10242.8,522,10,0
2026-05-08 17:25:00,10242.8,10247.8,10239.8,10241.8,501,10,0
2026-05-08 17:30:00,10241.6,10242.3,10234.6,10236.3,480,10,0
2026-05-08 17:35:00,10236.3,10245.3,10234.8,10241.0,432,10,0
2026-05-08 17:40:00,10241.2,10244.8,10238.3,10238.3,419,10,0
2026-05-08 17:45:00,10238.8,10241.3,10235.8,10239.7,391,10,0
2026-05-08 17:50:00,10239.5,10244.8,10238.3,10239.1,423,10,0
2026-05-08 17:55:00,10239.1,10239.8,10228.8,10230.7,353,10,0
2026-05-08 18:00:00,10230.7,10232.8,10222.7,10222.7,424,10,0
2026-05-08 18:05:00,10222.7,10227.8,10220.2,10220.3,470,10,0
2026-05-08 18:10:00,10220.3,10222.1,10216.1,10220.8,411,10,0
2026-05-08 18:15:00,10220.7,10220.8,10214.5,10215.6,404,10,0
2026-05-08 18:20:00,10215.6,10220.8,10215.1,10216.3,304,10,0
2026-05-08 18:25:00,10216.3,10222.9,10215.3,10222.4,339,10,0
2026-05-08 18:30:00,10222.4,10226.4,10210.4,10226.4,603,18,0
2026-05-08 18:35:00,10226.3,10232.5,10224.2,10226.9,488,18,0
2026-05-08 18:40:00,10226.9,10228.9,10218.4,10218.4,336,18,0
2026-05-08 18:45:00,10218.8,10226.3,10216.9,10221.4,297,18,0
2026-05-08 18:50:00,10221.4,10229.0,10219.9,10228.9,289,18,0
2026-05-08 18:55:00,10228.8,10231.9,10226.9,10228.9,244,18,0
2026-05-08 19:00:00,10228.9,10235.8,10227.9,10233.6,310,18,0
2026-05-08 19:05:00,10233.6,10238.8,10231.9,10234.4,266,18,0
2026-05-08 19:10:00,10234.7,10235.4,10230.4,10234.2,223,18,0
2026-05-08 19:15:00,10234.2,10234.7,10230.9,10232.9,188,18,0
2026-05-08 19:20:00,10232.9,10235.4,10231.9,10232.0,180,18,0
2026-05-08 19:25:00,10232.0,10235.8,10231.9,10235.2,159,18,0
2026-05-08 19:30:00,10235.2,10236.4,10230.9,10232.6,158,18,0
2026-05-08 19:35:00,10232.6,10236.9,10231.4,10234.9,167,18,0
2026-05-08 19:40:00,10234.9,10236.4,10232.2,10235.7,159,18,0
2026-05-08 19:45:00,10235.7,10241.9,10235.4,10237.4,236,18,0
2026-05-08 19:50:00,10237.4,10239.0,10233.8,10237.3,212,18,0
2026-05-08 19:55:00,10237.3,10237.4,10231.5,10232.5,198,18,0
2026-05-08 20:00:00,10232.5,10237.0,10230.4,10236.7,189,18,0
2026-05-08 20:05:00,10236.7,10240.2,10236.5,10237.9,187,18,0
2026-05-08 20:10:00,10237.9,10242.9,10237.9,10242.2,149,18,0
2026-05-08 20:15:00,10242.2,10243.4,10239.4,10241.4,163,18,0
2026-05-08 20:20:00,10241.4,10242.9,10238.8,10239.4,169,18,0
2026-05-08 20:25:00,10239.4,10244.9,10239.4,10242.4,152,18,0
2026-05-08 20:30:00,10242.4,10243.4,10240.7,10240.9,129,18,0
2026-05-08 20:35:00,10240.9,10242.8,10239.6,10240.9,129,18,0
2026-05-08 20:40:00,10240.9,10243.0,10239.8,10242.2,110,18,0
2026-05-08 20:45:00,10242.2,10244.4,10241.4,10243.8,75,18,0
2026-05-08 20:50:00,10243.8,10244.5,10241.7,10243.2,143,18,0
2026-05-08 20:55:00,10243.2,10244.4,10241.4,10242.7,157,18,0
2026-05-08 21:00:00,10242.7,10253.0,10242.2,10248.9,381,18,0
2026-05-08 21:05:00,10248.9,10251.4,10247.3,10251.0,209,18,0
2026-05-08 21:10:00,10251.0,10252.7,10250.4,10250.8,115,18,0
2026-05-08 21:15:00,10250.8,10253.2,10250.5,10252.2,166,18,0
2026-05-08 21:20:00,10252.2,10252.4,10249.4,10250.1,141,18,0
2026-05-08 21:25:00,10250.1,10250.2,10247.5,10249.2,160,18,0
2026-05-08 21:30:00,10249.1,10252.4,10248.9,10250.3,142,18,0
2026-05-08 21:35:00,10250.3,10251.8,10248.7,10249.2,124,18,0
2026-05-08 21:40:00,10249.2,10249.2,10242.3,10242.4,191,18,0
2026-05-08 21:45:00,10242.4,10246.7,10241.4,10246.7,212,18,0
2026-05-08 21:50:00,10246.7,10247.3,10235.9,10236.6,192,18,0
2026-05-08 21:55:00,10236.8,10241.4,10234.2,10239.4,295,18,0
2026-05-08 22:00:00,10239.4,10243.0,10238.9,10238.9,155,18,0
2026-05-08 22:05:00,10238.9,10240.9,10237.4,10238.4,124,18,0
2026-05-08 22:10:00,10238.4,10241.9,10238.0,10241.9,114,18,0
2026-05-08 22:15:00,10241.9,10244.7,10240.9,10244.2,113,18,0
2026-05-08 22:20:00,10244.2,10248.9,10244.2,10248.5,172,18,0
2026-05-08 22:25:00,10248.7,10251.3,10248.7,10249.0,140,18,0
2026-05-08 22:30:00,10249.0,10250.4,10246.9,10250.4,159,18,0
2026-05-08 22:35:00,10250.4,10253.4,10247.4,10248.4,175,18,0
2026-05-08 22:40:00,10248.4,10253.9,10247.4,10251.4,163,18,0
2026-05-08 22:45:00,10251.4,10252.9,10247.9,10247.9,137,18,0
2026-05-08 22:50:00,10247.9,10250.4,10242.3,10248.7,268,18,0
2026-05-11 03:05:00,10240.5,10242.6,10235.3,10237.3,241,18,0
2026-05-11 03:10:00,10237.3,10238.9,10235.3,10235.9,187,18,0
2026-05-11 03:15:00,10235.9,10235.9,10226.7,10232.0,366,18,0
2026-05-11 03:20:00,10232.0,10236.7,10231.7,10236.7,193,23,0
2026-05-11 03:25:00,10236.7,10240.5,10236.5,10240.5,213,18,0
2026-05-11 03:30:00,10240.5,10241.0,10236.8,10237.6,295,18,0
2026-05-11 03:35:00,10237.6,10239.0,10236.7,10238.2,206,20,0
2026-05-11 03:40:00,10238.2,10242.2,10237.5,10241.1,128,22,0
2026-05-11 03:45:00,10241.1,10249.0,10240.8,10245.0,216,18,0
2026-05-11 03:50:00,10245.1,10247.9,10234.2,10237.0,529,18,0
2026-05-11 03:55:00,10237.0,10238.3,10230.1,10237.1,374,20,0
2026-05-11 04:00:00,10237.1,10241.0,10234.7,10239.5,544,23,0
2026-05-11 04:05:00,10239.5,10241.5,10237.8,10241.1,262,24,0
2026-05-11 04:10:00,10241.1,10243.5,10237.2,10239.9,208,23,0
2026-05-11 04:15:00,10239.9,10240.5,10237.2,10239.8,242,24,0
2026-05-11 04:20:00,10240.0,10241.7,10239.7,10241.4,217,25,0
2026-05-11 04:25:00,10241.4,10244.7,10240.6,10244.4,192,23,0
2026-05-11 04:30:00,10244.4,10245.4,10236.7,10238.0,348,19,0
2026-05-11 04:35:00,10238.0,10238.3,10230.8,10232.5,326,24,0
2026-05-11 04:40:00,10232.5,10242.3,10231.2,10241.4,222,24,0
2026-05-11 04:45:00,10241.4,10248.9,10239.5,10248.7,307,18,0
2026-05-11 04:50:00,10249.0,10249.0,10239.5,10240.0,252,18,0
2026-05-11 04:55:00,10240.0,10242.2,10238.8,10241.2,274,21,0
2026-05-11 05:00:00,10241.2,10247.1,10241.2,10247.0,125,18,0
2026-05-11 05:05:00,10247.0,10247.1,10240.4,10243.8,251,18,0
2026-05-11 05:10:00,10243.8,10247.8,10243.4,10245.0,183,18,0
2026-05-11 05:15:00,10245.0,10245.0,10239.0,10240.5,189,18,0
2026-05-11 05:20:00,10240.5,10247.7,10240.5,10247.4,159,20,0
2026-05-11 05:25:00,10247.4,10248.2,10245.9,10247.4,196,18,0
2026-05-11 05:30:00,10247.4,10249.7,10242.1,10242.9,234,18,0
2026-05-11 05:35:00,10242.9,10244.5,10241.5,10243.2,201,22,0
2026-05-11 05:40:00,10243.2,10243.2,10238.3,10239.2,182,19,0
2026-05-11 05:45:00,10239.1,10239.2,10236.0,10236.5,157,20,0
2026-05-11 05:50:00,10236.5,10236.8,10234.8,10235.7,187,24,0
2026-05-11 05:55:00,10235.7,10236.6,10229.9,10231.0,109,21,0
2026-05-11 06:00:00,10231.0,10233.6,10230.9,10231.5,175,27,0
2026-05-11 06:05:00,10231.5,10232.2,10228.3,10230.7,256,18,0
2026-05-11 06:10:00,10230.7,10233.0,10230.6,10231.4,109,25,0
2026-05-11 06:15:00,10231.4,10233.4,10226.5,10233.0,255,18,0
2026-05-11 06:20:00,10233.0,10236.6,10233.0,10235.2,153,23,0
2026-05-11 06:25:00,10235.2,10238.0,10235.0,10237.0,187,20,0
2026-05-11 06:30:00,10237.0,10241.3,10236.4,10240.4,201,18,0
2026-05-11 06:35:00,10240.4,10241.0,10238.4,10239.4,197,20,0
2026-05-11 06:40:00,10239.1,10242.2,10238.9,10241.8,135,18,0
2026-05-11 06:45:00,10241.8,10241.8,10239.3,10240.0,134,18,0
2026-05-11 06:50:00,10240.0,10243.7,10238.9,10243.2,114,20,0
2026-05-11 06:55:00,10243.2,10243.5,10240.5,10240.5,84,24,0
2026-05-11 07:00:00,10240.6,10241.0,10239.0,10239.4,104,24,0
2026-05-11 07:05:00,10239.4,10239.7,10238.2,10238.3,121,19,0
2026-05-11 07:10:00,10238.3,10243.1,10236.5,10240.3,122,19,0
2026-05-11 07:15:00,10240.4,10241.6,10240.2,10241.5,41,22,0
2026-05-11 07:20:00,10241.5,10244.0,10241.5,10242.8,125,18,0
2026-05-11 07:25:00,10242.8,10245.2,10242.1,10242.4,186,18,0
2026-05-11 07:30:00,10242.4,10242.9,10239.0,10242.1,129,18,0
2026-05-11 07:35:00,10242.1,10245.6,10241.2,10244.2,80,18,0
2026-05-11 07:40:00,10244.2,10244.5,10239.5,10239.8,96,18,0
2026-05-11 07:45:00,10239.8,10241.4,10237.9,10238.0,119,18,0
2026-05-11 07:50:00,10238.0,10238.0,10235.8,10236.8,146,18,0
2026-05-11 07:55:00,10236.8,10237.7,10233.6,10234.9,176,18,0
2026-05-11 08:00:00,10235.0,10238.1,10234.2,10236.5,188,18,0
2026-05-11 08:05:00,10236.5,10238.1,10235.2,10236.8,211,18,0
2026-05-11 08:10:00,10236.5,10236.8,10234.9,10235.7,164,18,0
2026-05-11 08:15:00,10235.7,10240.0,10235.5,10239.5,191,18,0
2026-05-11 08:20:00,10239.5,10242.5,10238.8,10242.0,212,18,0
2026-05-11 08:25:00,10242.0,10244.4,10240.5,10243.7,200,18,0
2026-05-11 08:30:00,10243.7,10249.7,10243.3,10249.6,221,18,0
2026-05-11 08:35:00,10249.6,10250.0,10245.0,10246.9,214,18,0
2026-05-11 08:40:00,10246.9,10248.1,10245.3,10246.8,196,18,0
2026-05-11 08:45:00,10246.8,10254.1,10246.5,10252.8,253,18,0
2026-05-11 08:50:00,10252.8,10258.6,10252.2,10256.0,315,18,0
2026-05-11 08:55:00,10256.0,10257.6,10253.7,10256.1,232,18,0
2026-05-11 09:00:00,10256.1,10259.0,10249.5,10256.6,337,18,0
2026-05-11 09:05:00,10256.4,10259.8,10254.8,10255.2,284,18,0
2026-05-11 09:10:00,10255.2,10255.3,10249.8,10250.3,165,18,0
2026-05-11 09:15:00,10250.3,10253.2,10248.8,10250.3,205,18,0
2026-05-11 09:20:00,10250.3,10255.6,10248.3,10254.1,185,18,0
2026-05-11 09:25:00,10254.1,10259.8,10253.8,10255.8,200,18,0
2026-05-11 09:30:00,10255.9,10256.3,10246.1,10246.7,298,18,0
2026-05-11 09:35:00,10246.7,10250.8,10245.3,10248.6,238,18,0
2026-05-11 09:40:00,10249.3,10251.8,10247.7,10248.8,179,18,0
2026-05-11 09:45:00,10248.8,10251.3,10248.1,10249.8,196,18,0
2026-05-11 09:50:00,10249.8,10258.6,10248.8,10258.2,197,18,0
2026-05-11 09:55:00,10258.2,10263.3,10249.3,10254.3,212,18,0
2026-05-11 10:00:00,10254.8,10266.1,10249.3,10260.0,746,10,0
2026-05-11 10:05:00,10260.1,10271.9,10258.6,10271.0,690,10,0
2026-05-11 10:10:00,10270.7,10283.7,10270.7,10275.7,576,10,0
2026-05-11 10:15:00,10275.5,10279.2,10262.3,10262.6,534,10,0
2026-05-11 10:20:00,10262.6,10269.0,10245.2,10246.2,533,10,0
2026-05-11 10:25:00,10246.2,10249.0,10244.0,10246.7,499,10,0
2026-05-11 10:30:00,10246.2,10251.2,10242.2,10245.2,598,10,0
2026-05-11 10:35:00,10245.2,10253.0,10243.9,10252.4,519,10,0
2026-05-11 10:40:00,10252.6,10258.2,10245.6,10245.7,582,10,0
2026-05-11 10:45:00,10245.7,10249.0,10242.5,10248.2,407,10,0
2026-05-11 10:50:00,10248.2,10252.0,10247.2,10250.9,397,10,0
2026-05-11 10:55:00,10251.0,10253.7,10246.0,10253.7,430,10,0
2026-05-11 11:00:00,10253.7,10256.2,10242.7,10246.8,442,10,0
2026-05-11 11:05:00,10246.8,10250.0,10245.2,10245.5,474,10,0
2026-05-11 11:10:00,10245.2,10259.9,10243.2,10257.2,614,10,0
2026-05-11 11:15:00,10257.2,10264.5,10257.2,10261.7,492,10,0
2026-05-11 11:20:00,10261.7,10262.9,10255.8,10259.2,436,10,0
2026-05-11 11:25:00,10259.2,10262.0,10253.6,10253.6,413,10,0
2026-05-11 11:30:00,10253.4,10261.5,10251.7,10259.2,407,10,0
2026-05-11 11:35:00,10259.2,10261.5,10255.7,10257.2,316,10,0
2026-05-11 11:40:00,10257.2,10259.6,10250.4,10250.7,281,10,0
2026-05-11 11:45:00,10250.7,10251.0,10241.2,10243.2,204,10,0
2026-05-11 11:50:00,10243.2,10245.7,10236.5,10237.2,248,10,0
2026-05-11 11:55:00,10237.2,10245.7,10235.4,10245.7,371,10,0
2026-05-11 12:00:00,10245.7,10248.0,10242.7,10244.2,429,10,0
2026-05-11 12:05:00,10244.2,10246.5,10242.7,10244.5,378,10,0
2026-05-11 12:10:00,10244.5,10249.5,10240.2,10241.2,331,10,0
2026-05-11 12:15:00,10241.2,10246.5,10240.7,10242.7,321,10,0
2026-05-11 12:20:00,10242.9,10246.5,10241.8,10242.4,281,10,0
2026-05-11 12:25:00,10242.3,10246.1,10241.8,10245.2,343,10,0
2026-05-11 12:30:00,10245.2,10247.7,10238.5,10238.8,299,10,0
2026-05-11 12:35:00,10238.8,10250.2,10238.8,10249.1,317,10,0
2026-05-11 12:40:00,10249.1,10256.7,10248.1,10255.6,249,10,0
2026-05-11 12:45:00,10255.6,10261.7,10252.8,10253.9,362,10,0
2026-05-11 12:50:00,10253.9,10258.7,10252.7,10257.9,356,10,0
2026-05-11 12:55:00,10257.6,10257.6,10247.6,10247.7,431,10,0
2026-05-11 13:00:00,10247.7,10251.2,10244.7,10246.2,366,10,0
2026-05-11 13:05:00,10246.2,10246.5,10241.6,10245.7,301,10,0
2026-05-11 13:10:00,10245.7,10248.9,10245.2,10246.7,287,10,0
2026-05-11 13:15:00,10246.7,10250.2,10245.2,10249.2,398,10,0
2026-05-11 13:20:00,10249.2,10249.6,10244.7,10244.7,302,10,0
2026-05-11 13:25:00,10244.7,10247.7,10243.2,10244.9,369,10,0
2026-05-11 13:30:00,10244.9,10249.0,10244.2,10247.0,271,10,0
2026-05-11 13:35:00,10247.0,10247.0,10229.8,10234.1,347,10,0
2026-05-11 13:40:00,10234.2,10239.7,10230.1,10239.7,489,10,0
2026-05-11 13:45:00,10239.7,10240.7,10231.4,10234.8,469,10,0
2026-05-11 13:50:00,10234.9,10241.2,10234.1,10241.2,278,10,0
2026-05-11 13:55:00,10241.2,10241.2,10233.7,10234.9,352,10,0
2026-05-11 14:00:00,10234.7,10242.0,10233.2,10238.2,402,10,0
2026-05-11 14:05:00,10238.2,10239.5,10232.2,10234.2,387,10,0
2026-05-11 14:10:00,10234.2,10235.2,10231.7,10232.7,348,10,0
2026-05-11 14:15:00,10232.7,10237.0,10230.9,10234.2,333,10,0
2026-05-11 14:20:00,10234.2,10235.2,10231.0,10233.7,270,10,0
2026-05-11 14:25:00,10233.7,10235.2,10231.9,10233.2,341,10,0
2026-05-11 14:30:00,10233.2,10239.2,10230.7,10230.7,349,10,0
2026-05-11 14:35:00,10230.7,10234.7,10228.7,10234.7,409,10,0
2026-05-11 14:40:00,10234.7,10238.2,10233.7,10234.2,310,10,0
2026-05-11 14:45:00,10234.2,10236.7,10230.2,10231.2,320,10,0
2026-05-11 14:50:00,10231.2,10231.2,10223.1,10226.4,380,10,0
2026-05-11 14:55:00,10226.4,10230.7,10221.9,10230.6,341,10,0
2026-05-11 15:00:00,10230.6,10232.7,10226.2,10228.7,410,10,0
2026-05-11 15:05:00,10228.7,10231.7,10226.7,10230.1,304,10,0
2026-05-11 15:10:00,10230.1,10230.1,10222.2,10223.7,283,10,0
2026-05-11 15:15:00,10223.7,10232.0,10222.6,10231.7,298,10,0
2026-05-11 15:20:00,10231.7,10237.0,10231.2,10234.2,302,10,0
2026-05-11 15:25:00,10234.2,10235.7,10229.2,10234.6,304,10,0
2026-05-11 15:30:00,10234.2,10239.7,10233.2,10235.7,384,10,0
2026-05-11 15:35:00,10235.7,10239.1,10233.7,10233.8,332,10,0
2026-05-11 15:40:00,10233.9,10237.2,10232.7,10234.8,277,10,0
2026-05-11 15:45:00,10234.8,10236.0,10225.7,10230.1,496,10,0
2026-05-11 15:50:00,10230.1,10230.2,10222.5,10228.5,432,10,0
2026-05-11 15:55:00,10228.5,10239.7,10227.5,10239.7,318,10,0
2026-05-11 16:00:00,10239.7,10250.7,10238.1,10249.7,345,10,0
2026-05-11 16:05:00,10249.7,10256.2,10248.8,10255.7,309,10,0
2026-05-11 16:10:00,10255.7,10260.5,10253.2,10260.2,332,10,0
2026-05-11 16:15:00,10260.2,10268.2,10260.2,10267.2,253,10,0
2026-05-11 16:20:00,10267.2,10267.2,10260.5,10264.1,335,10,0
2026-05-11 16:25:00,10264.1,10271.5,10263.2,10267.7,445,10,0
2026-05-11 16:30:00,10267.7,10279.0,10267.7,10277.7,740,10,0
2026-05-11 16:35:00,10277.6,10281.5,10268.2,10268.4,579,10,0
2026-05-11 16:40:00,10268.4,10272.5,10265.7,10269.5,522,10,0
2026-05-11 16:45:00,10269.5,10279.2,10269.1,10277.5,558,10,0
2026-05-11 16:50:00,10277.4,10283.7,10275.2,10280.5,502,10,0
2026-05-11 16:55:00,10280.5,10284.2,10273.8,10283.7,361,10,0
2026-05-11 17:00:00,10284.0,10284.0,10268.7,10270.5,431,10,0
2026-05-11 17:05:00,10270.4,10270.4,10257.2,10263.2,489,10,0
2026-05-11 17:10:00,10263.2,10263.2,10255.7,10261.2,326,10,0
2026-05-11 17:15:00,10261.2,10271.7,10260.1,10271.6,417,10,0
2026-05-11 17:20:00,10271.6,10279.7,10271.6,10279.5,360,10,0
2026-05-11 17:25:00,10279.5,10282.7,10276.2,10281.2,376,10,0
2026-05-11 17:30:00,10281.2,10281.2,10266.2,10270.2,580,10,0
2026-05-11 17:35:00,10270.2,10271.2,10262.7,10263.2,472,10,0
2026-05-11 17:40:00,10263.2,10268.7,10262.4,10262.7,381,10,0
2026-05-11 17:45:00,10262.7,10266.7,10257.2,10261.7,346,10,0
2026-05-11 17:50:00,10261.7,10267.2,10257.2,10258.7,341,10,0
2026-05-11 17:55:00,10258.7,10260.2,10254.7,10255.9,341,10,0
2026-05-11 18:00:00,10256.0,10258.7,10253.5,10258.2,364,10,0
2026-05-11 18:05:00,10258.7,10266.9,10256.0,10266.7,368,10,0
2026-05-11 18:10:00,10266.7,10268.4,10265.2,10266.5,320,10,0
2026-05-11 18:15:00,10266.5,10268.7,10264.0,10266.2,219,10,0
2026-05-11 18:20:00,10266.0,10273.2,10264.0,10272.2,231,10,0
2026-05-11 18:25:00,10272.2,10272.5,10262.5,10264.1,276,10,0
2026-05-11 18:30:00,10264.1,10266.3,10256.6,10263.6,393,18,0
2026-05-11 18:35:00,10263.8,10263.8,10254.3,10256.3,299,18,0
2026-05-11 18:40:00,10256.3,10256.6,10245.3,10247.2,218,18,0
2026-05-11 18:45:00,10247.2,10249.3,10242.3,10245.8,346,18,0
2026-05-11 18:50:00,10245.8,10245.8,10241.8,10243.3,157,18,0
2026-05-11 18:55:00,10243.3,10244.1,10238.6,10239.8,115,18,0
2026-05-11 19:00:00,10239.8,10241.8,10237.1,10237.5,166,18,0
2026-05-11 19:05:00,10237.6,10243.3,10236.9,10242.6,119,18,0
2026-05-11 19:10:00,10242.6,10245.1,10239.2,10241.8,116,18,0
2026-05-11 19:15:00,10241.8,10243.6,10239.8,10240.3,91,18,0
2026-05-11 19:20:00,10240.3,10246.9,10239.8,10246.8,86,18,0
2026-05-11 19:25:00,10246.8,10248.3,10243.7,10244.3,106,18,0
2026-05-11 19:30:00,10244.3,10244.3,10238.3,10239.3,113,18,0
2026-05-11 19:35:00,10239.3,10242.0,10237.6,10241.3,138,18,0
2026-05-11 19:40:00,10241.3,10241.8,10228.9,10231.3,473,18,0
2026-05-11 19:45:00,10231.3,10235.8,10228.7,10228.8,283,18,0
2026-05-11 19:50:00,10228.8,10230.1,10225.2,10227.3,224,18,0
2026-05-11 19:55:00,10227.3,10227.8,10222.8,10223.8,253,18,0
2026-05-11 20:00:00,10224.2,10226.3,10217.9,10219.3,194,18,0
2026-05-11 20:05:00,10219.3,10222.6,10218.8,10222.3,146,18,0
2026-05-11 20:10:00,10222.3,10225.3,10221.8,10225.3,90,18,0
2026-05-11 20:15:00,10225.3,10225.5,10222.1,10222.6,99,18,0
2026-05-11 20:20:00,10222.6,10229.4,10222.3,10228.8,66,18,0
2026-05-11 20:25:00,10228.8,10231.1,10227.8,10228.3,119,18,0
2026-05-11 20:30:00,10228.3,10232.3,10228.3,10231.3,163,18,0
2026-05-11 20:35:00,10231.3,10234.1,10231.1,10233.4,103,18,0
2026-05-11 20:40:00,10233.6,10238.8,10233.3,10238.8,91,18,0
2026-05-11 20:45:00,10238.8,10238.8,10235.6,10235.6,94,18,0
2026-05-11 20:50:00,10235.6,10235.6,10231.3,10233.8,132,18,0
2026-05-11 20:55:00,10233.8,10235.9,10232.3,10235.8,77,18,0
2026-05-11 21:00:00,10235.8,10242.3,10235.8,10242.3,142,18,0
2026-05-11 21:05:00,10242.3,10244.6,10240.1,10240.3,103,18,0
2026-05-11 21:10:00,10240.3,10240.3,10236.3,10238.8,152,18,0
2026-05-11 21:15:00,10238.8,10239.1,10236.4,10238.3,133,18,0
2026-05-11 21:20:00,10238.3,10243.8,10235.8,10241.5,149,18,0
2026-05-11 21:25:00,10241.5,10242.8,10239.4,10240.3,131,18,0
2026-05-11 21:30:00,10240.8,10242.3,10240.4,10241.3,64,18,0
2026-05-11 21:35:00,10241.3,10241.3,10238.3,10238.3,97,18,0
2026-05-11 21:40:00,10238.3,10240.0,10236.8,10239.3,82,18,0
2026-05-11 21:45:00,10239.3,10242.9,10238.8,10241.3,110,18,0
2026-05-11 21:50:00,10241.1,10241.1,10236.1,10238.8,102,18,0
2026-05-11 21:55:00,10238.8,10238.8,10233.7,10233.8,153,18,0
2026-05-11 22:00:00,10233.8,10238.8,10232.7,10236.3,224,18,0
2026-05-11 22:05:00,10236.3,10236.8,10233.8,10233.8,94,18,0
2026-05-11 22:10:00,10233.8,10234.8,10230.2,10230.8,115,18,0
2026-05-11 22:15:00,10230.8,10231.1,10227.6,10228.3,99,18,0
2026-05-11 22:20:00,10228.3,10229.1,10225.3,10225.3,63,18,0
2026-05-11 22:25:00,10225.3,10227.3,10224.3,10224.3,108,18,0
2026-05-11 22:30:00,10224.3,10224.3,10220.0,10220.8,155,18,0
2026-05-11 22:35:00,10220.8,10221.3,10216.8,10221.3,127,18,0
2026-05-11 22:40:00,10221.3,10221.3,10216.3,10218.3,95,18,0
2026-05-11 22:45:00,10218.3,10223.5,10218.3,10223.3,95,18,0
2026-05-11 22:50:00,10223.3,10230.7,10220.3,10228.8,197,18,0
2026-05-11 22:55:00,10228.8,10235.1,10227.2,10233.5,211,18,0
2026-05-12 03:00:00,10233.5,10234.4,10227.5,10231.3,186,27,0
2026-05-12 03:05:00,10231.3,10231.5,10228.6,10230.1,308,23,0
2026-05-12 03:10:00,10230.1,10231.4,10229.5,10230.5,367,19,0
2026-05-12 03:15:00,10230.5,10233.0,10229.4,10230.6,151,18,0
2026-05-12 03:20:00,10230.6,10232.2,10225.1,10227.2,287,18,0
2026-05-12 03:25:00,10227.2,10229.1,10226.5,10228.9,192,19,0
2026-05-12 03:30:00,10228.9,10229.3,10225.3,10226.3,196,18,0
2026-05-12 03:35:00,10226.3,10228.8,10225.1,10225.1,164,19,0
2026-05-12 03:40:00,10225.1,10226.0,10222.0,10224.1,182,20,0
2026-05-12 03:45:00,10224.1,10227.8,10224.0,10226.3,170,20,0
2026-05-12 03:50:00,10225.3,10228.0,10224.4,10227.5,192,22,0
2026-05-12 03:55:00,10227.5,10228.2,10226.4,10227.2,222,19,0
2026-05-12 04:00:00,10227.2,10228.3,10217.0,10217.3,215,18,0
2026-05-12 04:05:00,10217.3,10219.6,10213.0,10216.3,348,18,0
2026-05-12 04:10:00,10216.3,10217.0,10215.1,10215.2,292,21,0
2026-05-12 04:15:00,10215.2,10215.6,10202.9,10206.6,474,18,0
2026-05-12 04:20:00,10206.6,10208.8,10202.3,10206.5,378,19,0
2026-05-12 04:25:00,10206.5,10207.3,10197.3,10198.1,498,19,0
2026-05-12 04:30:00,10198.1,10198.4,10189.5,10190.8,531,18,0
2026-05-12 04:35:00,10190.8,10190.9,10178.3,10178.3,492,18,0
2026-05-12 04:40:00,10178.3,10190.2,10168.8,10189.9,791,19,0
2026-05-12 04:45:00,10189.9,10197.3,10189.8,10195.9,731,19,0
2026-05-12 04:50:00,10195.9,10197.3,10188.9,10189.4,491,19,0
2026-05-12 04:55:00,10189.4,10192.9,10188.1,10190.0,553,20,0
2026-05-12 05:00:00,10189.6,10193.7,10188.0,10193.2,647,22,0
2026-05-12 05:05:00,10193.2,10204.6,10192.9,10204.6,572,18,0
2026-05-12 05:10:00,10204.6,10212.9,10203.3,10211.1,354,19,0
2026-05-12 05:15:00,10211.1,10211.3,10205.7,10206.0,432,18,0
2026-05-12 05:20:00,10206.2,10209.5,10205.2,10207.3,426,20,0
2026-05-12 05:25:00,10207.3,10209.5,10205.3,10206.7,385,21,0
2026-05-12 05:30:00,10206.7,10209.5,10205.8,10208.3,335,20,0
2026-05-12 05:35:00,10208.5,10212.8,10207.3,10207.4,277,18,0
2026-05-12 05:40:00,10207.4,10209.8,10204.5,10208.1,301,18,0
2026-05-12 05:45:00,10208.1,10213.8,10208.1,10211.4,313,19,0
2026-05-12 05:50:00,10211.4,10218.3,10211.2,10215.7,265,18,0
2026-05-12 05:55:00,10215.4,10215.8,10213.9,10214.3,259,18,0
2026-05-12 06:00:00,10214.3,10217.2,10212.7,10213.3,353,20,0
2026-05-12 06:05:00,10213.3,10215.5,10212.1,10213.4,281,18,0
2026-05-12 06:10:00,10213.4,10214.9,10209.8,10213.8,270,18,0
2026-05-12 06:15:00,10213.8,10214.7,10210.3,10213.0,212,20,0
2026-05-12 06:20:00,10213.0,10213.3,10209.3,10209.6,166,20,0
2026-05-12 06:25:00,10209.3,10210.1,10208.3,10209.0,147,20,0
2026-05-12 06:30:00,10209.0,10213.4,10209.0,10212.0,220,21,0
2026-05-12 06:35:00,10212.0,10213.7,10210.8,10211.3,187,20,0
2026-05-12 06:40:00,10211.3,10214.4,10211.3,10213.2,175,22,0
2026-05-12 06:45:00,10213.2,10213.3,10208.5,10209.6,190,19,0
2026-05-12 06:50:00,10209.6,10210.2,10207.8,10207.8,147,19,0
2026-05-12 06:55:00,10207.8,10208.3,10206.2,10208.1,145,20,0
2026-05-12 07:00:00,10208.1,10211.7,10207.5,10211.7,229,19,0
2026-05-12 07:05:00,10211.7,10214.3,10211.4,10211.8,213,18,0
2026-05-12 07:10:00,10211.8,10212.3,10206.8,10207.0,250,18,0
2026-05-12 07:15:00,10207.0,10212.3,10206.4,10212.1,193,18,0
2026-05-12 07:20:00,10212.1,10213.8,10209.7,10210.7,187,18,0
2026-05-12 07:25:00,10210.8,10214.1,10210.5,10212.9,207,18,0
2026-05-12 07:30:00,10212.9,10213.7,10211.3,10212.4,175,18,0
2026-05-12 07:35:00,10212.4,10214.6,10211.5,10212.3,188,18,0
2026-05-12 07:40:00,10212.3,10216.3,10212.0,10215.5,251,18,0
2026-05-12 07:45:00,10215.5,10217.3,10212.8,10212.8,260,18,0
2026-05-12 07:50:00,10212.8,10212.8,10205.7,10207.5,292,19,0
2026-05-12 07:55:00,10207.5,10209.0,10204.7,10205.1,297,18,0
2026-05-12 08:00:00,10205.1,10207.9,10202.5,10207.8,371,18,0
2026-05-12 08:05:00,10207.5,10208.7,10202.8,10204.1,333,19,0
2026-05-12 08:10:00,10204.1,10205.7,10202.0,10205.0,250,18,0
2026-05-12 08:15:00,10205.0,10206.5,10202.3,10205.5,263,19,0
2026-05-12 08:20:00,10205.6,10209.9,10204.8,10208.4,388,21,0
2026-05-12 08:25:00,10208.4,10209.8,10205.5,10209.3,303,18,0
2026-05-12 08:30:00,10209.3,10211.3,10203.9,10205.0,246,18,0
2026-05-12 08:35:00,10205.0,10208.6,10202.7,10203.8,246,18,0
2026-05-12 08:40:00,10203.8,10205.7,10202.9,10204.4,232,18,0
2026-05-12 08:45:00,10204.4,10208.4,10203.7,10208.0,253,19,0
2026-05-12 08:50:00,10208.0,10210.1,10202.7,10206.3,321,18,0
2026-05-12 08:55:00,10206.2,10212.8,10206.2,10212.8,296,18,0
2026-05-12 09:00:00,10212.8,10212.9,10200.5,10201.7,347,18,0
2026-05-12 09:05:00,10201.7,10202.5,10195.4,10200.4,448,18,0
2026-05-12 09:10:00,10200.7,10204.7,10197.2,10201.0,385,18,0
2026-05-12 09:15:00,10201.0,10203.8,10199.2,10199.9,363,18,0
2026-05-12 09:20:00,10200.1,10200.2,10195.5,10196.8,331,18,0
2026-05-12 09:25:00,10197.3,10199.0,10193.6,10195.6,319,18,0
2026-05-12 09:30:00,10195.6,10196.8,10189.5,10191.6,426,18,0
2026-05-12 09:35:00,10191.6,10196.6,10187.3,10188.1,354,18,0
2026-05-12 09:40:00,10188.1,10191.5,10187.1,10189.7,219,18,0
2026-05-12 09:45:00,10189.7,10192.5,10187.1,10187.4,278,18,0
2026-05-12 09:50:00,10187.4,10187.4,10177.4,10177.8,344,18,0
2026-05-12 09:55:00,10177.8,10188.9,10167.2,10188.9,381,18,0
2026-05-12 10:00:00,10190.2,10192.2,10152.6,10155.2,897,11,0
2026-05-12 10:05:00,10155.2,10155.2,10145.9,10150.6,763,10,0
2026-05-12 10:10:00,10150.7,10157.8,10146.3,10156.5,709,10,0
2026-05-12 10:15:00,10156.8,10169.3,10154.4,10167.3,633,10,0
2026-05-12 10:20:00,10167.4,10173.9,10166.9,10171.4,556,10,0
2026-05-12 10:25:00,10171.3,10180.4,10165.8,10179.4,563,10,0
2026-05-12 10:30:00,10179.8,10197.2,10179.4,10195.9,570,10,0
2026-05-12 10:35:00,10195.9,10202.2,10194.9,10199.6,511,10,0
2026-05-12 10:40:00,10199.4,10216.8,10199.4,10216.4,550,10,0
2026-05-12 10:45:00,10216.4,10220.9,10211.9,10219.9,477,10,0
2026-05-12 10:50:00,10219.9,10221.9,10214.4,10217.4,477,10,0
2026-05-12 10:55:00,10217.4,10218.9,10201.8,10204.6,484,10,0
2026-05-12 11:00:00,10204.7,10205.9,10199.8,10202.9,604,10,0
2026-05-12 11:05:00,10202.7,10216.4,10201.6,10213.4,528,10,0
2026-05-12 11:10:00,10213.4,10220.9,10211.9,10215.8,553,10,0
2026-05-12 11:15:00,10215.8,10219.8,10209.8,10214.9,596,10,0
2026-05-12 11:20:00,10214.8,10216.2,10211.3,10211.3,439,10,0
2026-05-12 11:25:00,10211.0,10212.9,10207.8,10210.8,456,10,0
2026-05-12 11:30:00,10210.9,10221.4,10210.9,10219.3,495,10,0
2026-05-12 11:35:00,10219.0,10219.8,10211.8,10218.0,468,10,0
2026-05-12 11:40:00,10217.9,10222.4,10212.2,10216.6,463,10,0
2026-05-12 11:45:00,10216.8,10229.7,10215.9,10218.7,623,11,0
2026-05-12 11:50:00,10218.7,10221.8,10214.8,10216.8,438,10,0
2026-05-12 11:55:00,10216.9,10217.3,10211.8,10212.5,320,10,0
2026-05-12 12:00:00,10212.5,10217.4,10206.3,10214.4,443,10,0
2026-05-12 12:05:00,10214.4,10214.9,10205.8,10208.9,459,10,0
2026-05-12 12:10:00,10208.9,10215.2,10205.2,10206.4,548,10,0
2026-05-12 12:15:00,10206.4,10213.8,10206.2,10211.0,458,10,0
2026-05-12 12:20:00,10210.9,10212.4,10207.9,10207.9,346,10,0
2026-05-12 12:25:00,10207.9,10209.4,10204.4,10206.2,325,10,0
2026-05-12 12:30:00,10205.3,10218.0,10203.0,10206.7,639,10,0
2026-05-12 12:35:00,10206.5,10209.4,10201.8,10208.9,568,10,0
2026-05-12 12:40:00,10209.3,10215.5,10204.4,10205.0,538,10,0
2026-05-12 12:45:00,10205.0,10210.2,10202.9,10202.9,428,10,0
2026-05-12 12:50:00,10202.9,10203.4,10195.7,10196.5,427,10,0
2026-05-12 12:55:00,10196.7,10203.9,10195.5,10203.9,465,10,0
2026-05-12 13:00:00,10203.8,10220.3,10203.8,10218.3,466,10,0
2026-05-12 13:05:00,10218.3,10221.4,10214.9,10215.4,407,10,0
2026-05-12 13:10:00,10215.4,10220.9,10214.8,10217.9,420,10,0
2026-05-12 13:15:00,10217.8,10220.8,10217.2,10220.5,381,10,0
2026-05-12 13:20:00,10220.5,10223.9,10220.0,10221.9,387,10,0
2026-05-12 13:25:00,10221.9,10227.4,10220.9,10227.4,340,10,0
2026-05-12 13:30:00,10227.4,10229.9,10223.4,10227.4,376,10,0
2026-05-12 13:35:00,10227.4,10234.7,10225.8,10229.8,345,10,0
2026-05-12 13:40:00,10229.8,10232.4,10226.9,10226.9,331,10,0
2026-05-12 13:45:00,10226.9,10227.9,10220.8,10226.3,405,10,0
2026-05-12 13:50:00,10226.3,10229.4,10223.4,10228.8,390,10,0
2026-05-12 13:55:00,10228.7,10230.4,10227.2,10228.9,302,10,0
2026-05-12 14:00:00,10228.9,10233.9,10228.6,10232.4,354,10,0
2026-05-12 14:05:00,10232.4,10232.6,10225.8,10232.2,354,10,0
2026-05-12 14:10:00,10232.6,10238.9,10225.9,10226.4,559,10,0
2026-05-12 14:15:00,10226.4,10227.8,10218.7,10218.9,396,10,0
2026-05-12 14:20:00,10218.9,10220.7,10215.3,10219.8,425,10,0
2026-05-12 14:25:00,10219.8,10223.4,10218.7,10219.0,352,10,0
2026-05-12 14:30:00,10219.0,10221.4,10215.4,10218.8,338,10,0
2026-05-12 14:35:00,10218.8,10226.3,10218.8,10226.0,387,10,0
2026-05-12 14:40:00,10226.3,10227.8,10221.9,10225.9,374,10,0
2026-05-12 14:45:00,10225.9,10228.4,10222.6,10225.3,365,10,0
2026-05-12 14:50:00,10225.3,10228.4,10219.7,10220.4,412,10,0
2026-05-12 14:55:00,10220.4,10221.7,10216.9,10216.9,297,10,0
2026-05-12 15:00:00,10216.9,10223.4,10214.5,10220.4,333,10,0
2026-05-12 15:05:00,10220.4,10222.4,10211.9,10213.9,442,10,0
2026-05-12 15:10:00,10213.9,10216.9,10210.4,10215.3,410,10,0
2026-05-12 15:15:00,10215.3,10225.9,10213.3,10224.9,414,10,0
2026-05-12 15:20:00,10224.9,10225.3,10220.9,10221.9,435,10,0
2026-05-12 15:25:00,10221.9,10226.7,10218.3,10226.4,379,10,0
2026-05-12 15:30:00,10226.7,10229.4,10216.8,10228.4,592,10,0
2026-05-12 15:35:00,10228.4,10235.9,10227.4,10234.8,513,10,0
2026-05-12 15:40:00,10234.8,10236.7,10231.4,10232.4,452,10,0
2026-05-12 15:45:00,10232.4,10236.4,10229.5,10232.8,499,10,0
2026-05-12 15:50:00,10232.8,10239.4,10231.7,10238.7,444,10,0
2026-05-12 15:55:00,10238.7,10239.9,10229.7,10230.9,390,10,0
2026-05-12 16:00:00,10230.9,10231.4,10219.7,10221.4,406,10,0
2026-05-12 16:05:00,10221.3,10225.4,10220.8,10222.9,370,10,0
2026-05-12 16:10:00,10222.9,10226.9,10220.9,10221.2,381,10,0
2026-05-12 16:15:00,10221.2,10224.9,10218.9,10223.9,293,10,0
2026-05-12 16:20:00,10223.9,10227.4,10219.6,10224.4,350,10,0
2026-05-12 16:25:00,10224.4,10225.8,10219.9,10222.4,370,10,0
2026-05-12 16:30:00,10222.4,10232.3,10222.4,10228.6,793,10,0
2026-05-12 16:35:00,10228.7,10233.8,10222.7,10223.4,735,10,0
2026-05-12 16:40:00,10223.4,10225.8,10214.9,10217.4,576,10,0
2026-05-12 16:45:00,10217.4,10229.4,10213.4,10228.9,440,10,0
2026-05-12 16:50:00,10228.9,10236.4,10224.9,10228.3,524,10,0
2026-05-12 16:55:00,10228.4,10235.9,10227.5,10230.4,425,10,0
2026-05-12 17:00:00,10230.2,10232.7,10224.9,10229.9,450,10,0
2026-05-12 17:05:00,10229.9,10231.4,10223.4,10228.3,470,10,0
2026-05-12 17:10:00,10228.3,10236.0,10226.9,10233.9,392,10,0
2026-05-12 17:15:00,10233.9,10236.4,10226.8,10227.9,445,10,0
2026-05-12 17:20:00,10227.9,10233.4,10224.9,10232.9,464,10,0
2026-05-12 17:25:00,10232.8,10239.3,10232.6,10239.3,477,10,0
2026-05-12 17:30:00,10239.4,10239.4,10230.9,10236.4,454,10,0
2026-05-12 17:35:00,10236.4,10237.9,10229.9,10234.3,513,10,0
2026-05-12 17:40:00,10234.4,10242.9,10234.4,10241.4,414,10,0
2026-05-12 17:45:00,10241.2,10245.4,10236.3,10239.3,365,10,0
2026-05-12 17:50:00,10239.3,10240.7,10234.9,10236.9,411,10,0
2026-05-12 17:55:00,10236.9,10237.2,10230.5,10233.7,423,10,0
2026-05-12 18:00:00,10233.8,10239.9,10233.8,10234.9,445,10,0
2026-05-12 18:05:00,10234.9,10238.4,10228.9,10238.4,469,10,0
2026-05-12 18:10:00,10238.4,10242.9,10236.3,10238.9,392,10,0
2026-05-12 18:15:00,10239.2,10240.9,10235.9,10236.2,402,10,0
2026-05-12 18:20:00,10236.2,10239.2,10234.2,10237.2,247,10,0
2026-05-12 18:25:00,10237.2,10250.3,10235.6,10250.1,344,10,0
2026-05-12 18:30:00,10250.1,10263.6,10250.1,10257.8,580,18,0
2026-05-12 18:35:00,10257.8,10262.9,10252.8,10258.8,394,18,0
2026-05-12 18:40:00,10258.8,10266.9,10257.1,10265.6,317,18,0
2026-05-12 18:45:00,10265.6,10270.9,10262.6,10269.0,255,18,0
2026-05-12 18:50:00,10269.6,10272.9,10269.1,10269.6,279,18,0
2026-05-12 18:55:00,10269.6,10269.6,10262.1,10263.1,226,18,0
2026-05-12 19:00:00,10263.1,10264.7,10256.8,10264.7,263,18,0
2026-05-12 19:05:00,10265.1,10265.1,10250.6,10251.8,242,18,0
2026-05-12 19:10:00,10251.8,10257.6,10249.8,10252.8,248,18,0
2026-05-12 19:15:00,10252.9,10259.5,10252.6,10257.6,177,18,0
2026-05-12 19:20:00,10257.6,10260.6,10256.6,10258.8,191,18,0
2026-05-12 19:25:00,10258.8,10259.6,10252.8,10254.1,136,18,0
2026-05-12 19:30:00,10254.1,10255.6,10250.8,10254.6,253,18,0
2026-05-12 19:35:00,10254.7,10259.6,10254.7,10258.3,233,18,0
2026-05-12 19:40:00,10258.3,10260.1,10256.2,10257.9,167,18,0
2026-05-12 19:45:00,10257.9,10259.1,10252.8,10253.8,217,18,0
2026-05-12 19:50:00,10253.8,10257.6,10252.6,10256.8,176,18,0
2026-05-12 19:55:00,10256.8,10264.1,10255.6,10264.1,203,18,0
2026-05-12 20:00:00,10264.1,10268.1,10262.3,10267.1,271,18,0
2026-05-12 20:05:00,10267.1,10270.2,10265.6,10265.6,194,18,0
2026-05-12 20:10:00,10265.6,10269.6,10265.4,10269.6,171,18,0
2026-05-12 20:15:00,10269.6,10277.8,10269.6,10276.6,196,18,0
2026-05-12 20:20:00,10276.6,10278.6,10273.6,10274.1,212,18,0
2026-05-12 20:25:00,10274.1,10275.3,10272.3,10272.3,185,18,0
2026-05-12 20:30:00,10272.3,10274.8,10269.1,10272.6,164,18,0
2026-05-12 20:35:00,10272.6,10272.7,10269.1,10271.1,101,18,0
2026-05-12 20:40:00,10271.1,10275.5,10270.8,10274.6,133,18,0
2026-05-12 20:45:00,10274.6,10278.6,10274.4,10278.1,131,18,0
2026-05-12 20:50:00,10278.1,10278.2,10275.1,10277.6,206,18,0
2026-05-12 20:55:00,10277.6,10278.1,10273.1,10274.1,179,18,0
2026-05-12 21:00:00,10274.1,10278.7,10272.2,10277.6,221,18,0
2026-05-12 21:05:00,10277.6,10279.1,10275.1,10278.6,210,18,0
2026-05-12 21:10:00,10278.6,10279.6,10274.7,10276.6,204,18,0
2026-05-12 21:15:00,10276.6,10280.6,10276.6,10280.2,137,18,0
2026-05-12 21:20:00,10280.2,10286.6,10279.6,10286.6,174,18,0
2026-05-12 21:25:00,10286.6,10289.9,10286.1,10287.1,189,18,0
2026-05-12 21:30:00,10287.1,10289.1,10285.8,10288.6,150,18,0
2026-05-12 21:35:00,10288.6,10288.6,10285.6,10285.6,131,18,0
2026-05-12 21:40:00,10285.6,10288.6,10285.5,10288.1,84,18,0
2026-05-12 21:45:00,10288.1,10289.3,10285.1,10287.6,133,18,0
2026-05-12 21:50:00,10287.6,10287.6,10285.0,10285.6,141,18,0
2026-05-12 21:55:00,10285.6,10286.1,10281.6,10281.6,138,18,0
2026-05-12 22:00:00,10281.3,10281.3,10278.1,10280.3,106,18,0
2026-05-12 22:05:00,10280.3,10284.3,10279.7,10284.1,98,18,0
2026-05-12 22:10:00,10284.1,10291.6,10284.1,10290.1,119,18,0
2026-05-12 22:15:00,10290.1,10290.9,10283.6,10283.8,125,18,0
2026-05-12 22:20:00,10283.8,10283.8,10280.1,10280.3,140,18,0
2026-05-12 22:25:00,10280.3,10280.3,10277.6,10278.6,111,18,0
2026-05-12 22:30:00,10278.6,10286.1,10278.6,10285.1,167,18,0
2026-05-12 22:35:00,10285.1,10285.6,10277.3,10278.6,143,18,0
2026-05-12 22:40:00,10278.6,10280.1,10275.6,10278.8,142,18,0
2026-05-12 22:45:00,10278.8,10280.6,10276.7,10280.1,134,18,0
2026-05-12 22:50:00,10280.1,10283.9,10279.4,10283.6,209,18,0
2026-05-12 22:55:00,10283.6,10284.6,10276.8,10277.0,231,18,0
2026-05-13 03:00:00,10270.8,10275.9,10268.3,10275.6,214,27,0
2026-05-13 03:05:00,10275.6,10275.6,10269.8,10270.1,225,23,0
2026-05-13 03:10:00,10269.9,10269.9,10266.8,10267.0,345,18,0
2026-05-13 03:15:00,10267.0,10276.4,10266.0,10275.7,370,19,0
2026-05-13 03:20:00,10275.6,10278.7,10273.0,10273.7,353,19,0
2026-05-13 03:25:00,10273.7,10277.1,10273.0,10275.2,316,19,0
2026-05-13 03:30:00,10275.2,10277.6,10273.0,10277.1,288,21,0
2026-05-13 03:35:00,10277.4,10280.0,10275.3,10278.5,366,18,0
2026-05-13 03:40:00,10278.5,10282.0,10277.4,10279.0,327,18,0
2026-05-13 03:45:00,10279.0,10282.4,10277.2,10281.0,365,19,0
2026-05-13 03:50:00,10281.5,10283.6,10279.1,10283.6,289,21,0
2026-05-13 03:55:00,10283.6,10286.6,10282.8,10286.1,221,19,0
2026-05-13 04:00:00,10286.1,10292.7,10285.9,10290.8,287,18,0
2026-05-13 04:05:00,10290.8,10292.5,10288.6,10292.0,312,19,0
2026-05-13 04:10:00,10292.0,10297.8,10291.0,10295.1,336,18,0
2026-05-13 04:15:00,10295.1,10296.5,10288.8,10290.9,292,18,0
2026-05-13 04:20:00,10290.9,10298.1,10290.1,10296.0,316,19,0
2026-05-13 04:25:00,10296.0,10300.9,10294.7,10300.8,264,18,0
2026-05-13 04:30:00,10300.8,10303.7,10295.9,10298.5,327,18,0
2026-05-13 04:35:00,10298.5,10301.8,10296.0,10301.3,324,20,0
2026-05-13 04:40:00,10301.3,10303.5,10299.7,10303.5,330,19,0
2026-05-13 04:45:00,10303.5,10306.4,10301.8,10305.8,278,18,0
2026-05-13 04:50:00,10306.0,10307.9,10304.8,10305.0,279,18,0
2026-05-13 04:55:00,10305.0,10305.7,10302.2,10303.3,317,18,0
2026-05-13 05:00:00,10303.2,10303.5,10300.5,10300.9,432,18,0
2026-05-13 05:05:00,10300.9,10302.5,10298.3,10299.6,321,19,0
2026-05-13 05:10:00,10299.8,10300.0,10296.8,10297.3,254,19,0
2026-05-13 05:15:00,10297.3,10300.6,10297.3,10299.6,206,18,0
2026-05-13 05:20:00,10299.5,10300.5,10298.3,10299.6,172,19,0
2026-05-13 05:25:00,10299.6,10301.5,10298.9,10299.8,165,19,0
2026-05-13 05:30:00,10299.8,10302.8,10298.4,10298.6,267,18,0
2026-05-13 05:35:00,10299.4,10300.6,10298.1,10299.8,249,19,0
2026-05-13 05:40:00,10299.8,10302.0,10299.3,10302.0,236,18,0
2026-05-13 05:45:00,10302.0,10308.0,10302.0,10304.0,231,18,0
2026-05-13 05:50:00,10304.0,10304.4,10301.5,10301.5,90,19,0
2026-05-13 05:55:00,10301.5,10302.2,10298.7,10298.7,120,18,0
2026-05-13 06:00:00,10298.7,10298.7,10294.8,10296.6,198,19,0
2026-05-13 06:05:00,10296.6,10297.0,10294.6,10295.4,183,20,0
2026-05-13 06:10:00,10295.4,10298.5,10294.3,10294.8,167,19,0
2026-05-13 06:15:00,10294.8,10297.8,10294.4,10297.6,201,19,0
2026-05-13 06:20:00,10297.6,10300.0,10297.5,10298.8,171,18,0
2026-05-13 06:25:00,10298.8,10302.2,10297.8,10301.8,167,18,0
2026-05-13 06:30:00,10301.8,10309.6,10301.1,10308.9,231,18,0
2026-05-13 06:35:00,10308.9,10310.6,10307.8,10308.6,113,19,0
2026-05-13 06:40:00,10308.6,10310.0,10307.3,10308.1,124,18,0
2026-05-13 06:45:00,10308.1,10311.6,10307.6,10311.4,139,19,0
2026-05-13 06:50:00,10311.4,10313.3,10309.5,10310.1,130,22,0
2026-05-13 06:55:00,10310.1,10311.4,10307.7,10307.8,129,18,0
2026-05-13 07:00:00,10307.8,10310.3,10306.8,10309.3,169,18,0
2026-05-13 07:05:00,10309.6,10311.1,10307.8,10310.0,196,19,0
2026-05-13 07:10:00,10310.0,10311.1,10309.2,10310.1,135,18,0
2026-05-13 07:15:00,10310.7,10310.7,10309.3,10310.0,87,19,0
2026-05-13 07:20:00,10310.0,10312.4,10309.4,10311.6,123,19,0
2026-05-13 07:25:00,10311.6,10313.1,10311.0,10312.1,169,18,0
2026-05-13 07:30:00,10312.1,10312.5,10310.7,10310.9,142,19,0
2026-05-13 07:35:00,10310.9,10311.5,10308.0,10309.6,150,18,0
2026-05-13 07:40:00,10309.8,10313.0,10308.1,10308.8,128,18,0
2026-05-13 07:45:00,10308.8,10311.5,10308.6,10311.3,157,18,0
2026-05-13 07:50:00,10311.2,10312.5,10307.3,10309.5,119,19,0
2026-05-13 07:55:00,10309.5,10312.2,10306.5,10307.8,180,18,0
2026-05-13 08:00:00,10307.8,10308.6,10304.8,10308.5,201,18,0
2026-05-13 08:05:00,10308.4,10311.2,10307.6,10310.1,203,18,0
2026-05-13 08:10:00,10310.1,10313.1,10309.5,10311.6,255,18,0
2026-05-13 08:15:00,10311.6,10312.6,10306.4,10306.4,205,18,0
2026-05-13 08:20:00,10306.4,10312.6,10306.4,10312.5,227,18,0
2026-05-13 08:25:00,10312.5,10313.2,10307.5,10307.5,170,18,0
2026-05-13 08:30:00,10307.3,10310.2,10306.2,10310.0,171,18,0
2026-05-13 08:35:00,10310.0,10310.6,10307.6,10309.1,165,18,0
2026-05-13 08:40:00,10309.1,10309.5,10305.8,10307.6,161,19,0
2026-05-13 08:45:00,10307.6,10309.0,10303.8,10303.8,144,18,0
2026-05-13 08:50:00,10303.8,10305.6,10302.2,10305.4,106,18,0
2026-05-13 08:55:00,10305.4,10307.6,10304.8,10306.9,176,18,0
2026-05-13 09:00:00,10306.9,10306.9,10295.7,10296.7,246,18,0
2026-05-13 09:05:00,10296.7,10303.7,10296.6,10301.6,223,18,0
2026-05-13 09:10:00,10301.4,10306.9,10301.4,10305.4,180,18,0
2026-05-13 09:15:00,10305.4,10306.9,10303.4,10304.4,160,18,0
2026-05-13 09:20:00,10304.4,10306.6,10303.1,10305.9,155,18,0
2026-05-13 09:25:00,10305.9,10306.4,10302.3,10304.3,224,18,0
2026-05-13 09:30:00,10304.3,10306.6,10302.6,10303.9,218,18,0
2026-05-13 09:35:00,10303.9,10309.8,10303.3,10309.8,223,18,0
2026-05-13 09:40:00,10309.6,10315.4,10309.5,10313.4,156,18,0
2026-05-13 09:45:00,10314.0,10314.3,10308.9,10312.1,163,18,0
2026-05-13 09:50:00,10312.1,10313.9,10308.5,10311.9,180,18,0
2026-05-13 09:55:00,10312.1,10320.4,10310.8,10315.1,201,18,0
2026-05-13 10:00:00,10314.9,10333.4,10310.6,10329.7,709,10,0
2026-05-13 10:05:00,10329.7,10336.2,10329.7,10334.1,595,10,0
2026-05-13 10:10:00,10334.2,10343.2,10332.0,10337.2,543,10,0
2026-05-13 10:15:00,10337.2,10343.9,10337.2,10341.7,499,10,0
2026-05-13 10:20:00,10341.7,10343.7,10336.7,10342.7,442,10,0
2026-05-13 10:25:00,10342.7,10343.5,10335.8,10341.0,387,10,0
2026-05-13 10:30:00,10341.0,10349.7,10339.7,10348.2,421,10,0
2026-05-13 10:35:00,10348.2,10354.6,10345.7,10352.7,375,10,0
2026-05-13 10:40:00,10352.7,10357.0,10352.4,10352.7,363,10,0
2026-05-13 10:45:00,10352.7,10353.2,10341.2,10342.7,328,10,0
2026-05-13 10:50:00,10342.7,10346.7,10330.1,10331.2,336,10,0
2026-05-13 10:55:00,10331.2,10338.2,10329.7,10337.7,338,10,0
2026-05-13 11:00:00,10337.2,10342.1,10329.1,10329.2,327,10,0
2026-05-13 11:05:00,10329.1,10331.7,10326.1,10327.2,395,10,0
2026-05-13 11:10:00,10327.2,10330.7,10324.5,10324.7,296,10,0
2026-05-13 11:15:00,10324.5,10326.2,10317.8,10320.5,368,10,0
2026-05-13 11:20:00,10320.4,10322.0,10316.2,10319.2,255,10,0
2026-05-13 11:25:00,10319.2,10329.6,10319.1,10329.2,348,10,0
2026-05-13 11:30:00,10329.2,10331.2,10317.9,10321.7,284,10,0
2026-05-13 11:35:00,10321.7,10323.4,10318.2,10323.2,270,10,0
2026-05-13 11:40:00,10323.2,10325.7,10319.2,10320.5,422,10,0
2026-05-13 11:45:00,10320.2,10321.2,10308.2,10309.5,349,10,0
2026-05-13 11:50:00,10309.7,10317.7,10305.6,10316.7,322,10,0
2026-05-13 11:55:00,10316.7,10320.7,10307.7,10310.6,334,10,0
2026-05-13 12:00:00,10310.5,10317.2,10310.2,10312.7,351,10,0
2026-05-13 12:05:00,10312.7,10314.6,10307.1,10307.2,367,10,0
2026-05-13 12:10:00,10307.2,10309.2,10303.7,10305.2,443,10,0
2026-05-13 12:15:00,10305.2,10310.2,10303.5,10304.2,343,10,0
2026-05-13 12:20:00,10303.8,10306.5,10301.5,10303.0,391,10,0
2026-05-13 12:25:00,10302.9,10305.7,10298.5,10298.7,305,10,0
2026-05-13 12:30:00,10298.7,10299.2,10290.4,10293.7,317,10,0
2026-05-13 12:35:00,10293.7,10296.7,10285.7,10286.4,415,10,0
2026-05-13 12:40:00,10286.4,10291.2,10284.2,10288.6,359,10,0
2026-05-13 12:45:00,10288.6,10294.7,10286.7,10292.8,303,10,0
2026-05-13 12:50:00,10292.8,10294.0,10285.7,10289.7,281,10,0
2026-05-13 12:55:00,10290.5,10296.2,10290.2,10292.0,296,10,0
2026-05-13 13:00:00,10292.1,10294.2,10288.7,10292.2,308,10,0
2026-05-13 13:05:00,10292.2,10303.2,10292.2,10301.3,343,10,0
2026-05-13 13:10:00,10301.3,10303.7,10274.0,10278.6,648,10,0
2026-05-13 13:15:00,10278.6,10283.2,10276.7,10277.7,431,10,0
2026-05-13 13:20:00,10277.7,10283.2,10268.2,10268.7,428,10,0
2026-05-13 13:25:00,10268.7,10271.1,10265.3,10265.7,390,10,0
2026-05-13 13:30:00,10265.7,10268.0,10262.2,10266.5,470,10,0
2026-05-13 13:35:00,10266.5,10271.6,10262.3,10271.0,404,10,0
2026-05-13 13:40:00,10271.0,10277.2,10269.1,10275.6,312,10,0
2026-05-13 13:45:00,10275.6,10276.2,10271.4,10272.7,281,10,0
2026-05-13 13:50:00,10272.7,10273.4,10269.8,10271.2,274,10,0
2026-05-13 13:55:00,10271.2,10274.2,10267.0,10267.7,362,10,0
2026-05-13 14:00:00,10267.7,10273.4,10263.8,10266.7,250,10,0
2026-05-13 14:05:00,10266.7,10268.0,10262.3,10267.7,288,10,0
2026-05-13 14:10:00,10268.2,10268.2,10262.2,10264.2,360,10,0
2026-05-13 14:15:00,10264.2,10268.1,10259.0,10260.7,303,10,0
2026-05-13 14:20:00,10260.7,10265.2,10259.9,10262.7,315,10,0
2026-05-13 14:25:00,10262.6,10262.7,10259.0,10259.7,297,10,0
2026-05-13 14:30:00,10259.7,10266.2,10258.7,10264.7,320,10,0
2026-05-13 14:35:00,10264.7,10270.7,10264.7,10268.7,298,10,0
2026-05-13 14:40:00,10268.7,10269.9,10266.3,10268.2,261,10,0
2026-05-13 14:45:00,10268.2,10275.7,10268.2,10273.3,212,10,0
2026-05-13 14:50:00,10273.3,10275.7,10272.8,10273.0,253,10,0
2026-05-13 14:55:00,10273.0,10276.2,10272.2,10274.8,263,10,0
2026-05-13 15:00:00,10274.8,10278.2,10273.2,10277.7,292,10,0
2026-05-13 15:05:00,10277.7,10280.7,10276.0,10277.2,260,10,0
2026-05-13 15:10:00,10277.2,10278.1,10273.8,10275.7,232,10,0
2026-05-13 15:15:00,10275.7,10275.7,10267.5,10267.5,264,10,0
2026-05-13 15:20:00,10267.6,10268.2,10262.2,10267.2,361,10,0
2026-05-13 15:25:00,10267.2,10267.6,10259.6,10259.6,276,10,0
2026-05-13 15:30:00,10259.6,10259.9,10241.3,10246.2,593,11,0
2026-05-13 15:35:00,10246.2,10247.2,10236.8,10242.2,500,10,0
2026-05-13 15:40:00,10242.2,10242.2,10234.8,10240.3,440,10,0
2026-05-13 15:45:00,10240.2,10252.7,10239.2,10246.7,360,10,0
2026-05-13 15:50:00,10246.7,10252.7,10245.6,10250.9,412,10,0
2026-05-13 15:55:00,10250.9,10259.2,10249.2,10257.5,309,10,0
2026-05-13 16:00:00,10257.5,10263.2,10255.2,10260.2,383,10,0
2026-05-13 16:05:00,10260.2,10262.2,10258.2,10261.2,305,10,0
2026-05-13 16:10:00,10261.2,10266.3,10261.0,10263.7,226,10,0
2026-05-13 16:15:00,10263.7,10270.2,10263.5,10270.0,218,10,0
2026-05-13 16:20:00,10270.0,10270.7,10264.9,10267.3,241,10,0
2026-05-13 16:25:00,10267.5,10269.2,10263.7,10269.2,260,10,0
2026-05-13 16:30:00,10269.6,10284.4,10269.5,10280.7,611,10,0
2026-05-13 16:35:00,10280.7,10287.2,10279.5,10286.5,529,10,0
2026-05-13 16:40:00,10286.5,10300.2,10282.2,10298.7,599,10,0
2026-05-13 16:45:00,10298.7,10305.9,10298.1,10301.2,501,10,0
2026-05-13 16:50:00,10301.2,10308.1,10295.2,10296.7,397,10,0
2026-05-13 16:55:00,10296.7,10308.1,10293.3,10304.1,513,10,0
2026-05-13 17:00:00,10303.7,10308.5,10301.6,10304.7,533,10,0
2026-05-13 17:05:00,10304.7,10309.5,10301.2,10301.9,378,10,0
2026-05-13 17:10:00,10301.9,10305.7,10299.7,10301.3,399,10,0
2026-05-13 17:15:00,10301.3,10307.7,10301.2,10302.2,442,10,0
2026-05-13 17:20:00,10302.2,10302.7,10297.2,10302.2,328,10,0
2026-05-13 17:25:00,10302.2,10310.2,10298.7,10307.8,338,10,0
2026-05-13 17:30:00,10308.1,10317.0,10307.7,10313.2,362,10,0
2026-05-13 17:35:00,10313.2,10317.2,10309.8,10314.2,286,10,0
2026-05-13 17:40:00,10314.2,10316.2,10308.2,10308.7,257,10,0
2026-05-13 17:45:00,10308.7,10313.1,10302.4,10302.9,269,10,0
2026-05-13 17:50:00,10302.9,10307.7,10298.0,10299.7,287,10,0
2026-05-13 17:55:00,10299.7,10301.7,10292.1,10294.7,268,10,0
2026-05-13 18:00:00,10294.7,10302.2,10292.3,10299.7,372,10,0
2026-05-13 18:05:00,10300.2,10301.7,10297.2,10297.2,252,10,0
2026-05-13 18:10:00,10297.2,10297.7,10291.4,10292.7,336,10,0
2026-05-13 18:15:00,10292.7,10295.5,10290.3,10295.2,213,10,0
2026-05-13 18:20:00,10295.2,10301.0,10294.8,10297.7,229,10,0
2026-05-13 18:25:00,10297.7,10299.7,10291.5,10293.6,341,10,0
2026-05-13 18:30:00,10293.6,10323.4,10291.9,10323.4,459,18,0
2026-05-13 18:35:00,10323.8,10330.4,10316.9,10330.1,436,18,0
2026-05-13 18:40:00,10330.1,10335.4,10324.9,10325.1,280,18,0
2026-05-13 18:45:00,10325.1,10325.4,10313.6,10316.9,244,18,0
2026-05-13 18:50:00,10316.9,10324.1,10316.9,10321.9,214,18,0
2026-05-13 18:55:00,10321.9,10327.9,10321.4,10327.4,237,18,0
2026-05-13 19:00:00,10327.4,10329.4,10324.4,10324.9,196,18,0
2026-05-13 19:05:00,10324.9,10330.3,10324.9,10328.4,192,18,0
2026-05-13 19:10:00,10328.4,10333.6,10328.1,10331.0,217,18,0
2026-05-13 19:15:00,10331.0,10335.3,10327.6,10334.9,196,18,0
2026-05-13 19:20:00,10334.9,10350.8,10334.8,10342.9,317,18,0
2026-05-13 19:25:00,10342.9,10346.4,10340.0,10340.4,350,18,0
2026-05-13 19:30:00,10340.4,10344.9,10335.9,10343.5,302,18,0
2026-05-13 19:35:00,10343.5,10345.9,10342.6,10344.5,191,18,0
2026-05-13 19:40:00,10344.5,10344.5,10340.4,10342.4,130,18,0
2026-05-13 19:45:00,10342.4,10343.9,10339.3,10339.9,123,18,0
2026-05-13 19:50:00,10339.9,10345.5,10338.9,10344.9,171,18,0
2026-05-13 19:55:00,10344.8,10347.5,10343.4,10344.6,184,18,0
2026-05-13 20:00:00,10344.4,10348.6,10343.4,10343.6,188,18,0
2026-05-13 20:05:00,10343.6,10347.7,10343.6,10347.4,76,18,0
2026-05-13 20:10:00,10347.4,10347.9,10342.9,10344.9,94,18,0
2026-05-13 20:15:00,10344.9,10348.0,10343.4,10347.4,118,18,0
2026-05-13 20:20:00,10347.4,10352.4,10346.9,10350.9,111,18,0
2026-05-13 20:25:00,10350.9,10353.7,10350.4,10351.9,102,18,0
2026-05-13 20:30:00,10351.9,10351.9,10345.4,10345.9,148,18,0
2026-05-13 20:35:00,10345.9,10349.7,10345.4,10348.6,95,18,0
2026-05-13 20:40:00,10348.6,10350.3,10346.6,10346.6,86,18,0
2026-05-13 20:45:00,10346.6,10347.6,10345.5,10345.5,106,18,0
2026-05-13 20:50:00,10345.5,10346.6,10339.9,10340.4,98,18,0
2026-05-13 20:55:00,10340.4,10341.9,10339.1,10339.6,93,18,0
2026-05-13 21:00:00,10339.6,10342.1,10337.4,10340.9,132,18,0
2026-05-13 21:05:00,10340.9,10340.9,10334.6,10334.6,83,18,0
2026-05-13 21:10:00,10334.6,10334.6,10330.9,10332.6,146,18,0
2026-05-13 21:15:00,10332.6,10335.6,10332.6,10333.4,148,18,0
2026-05-13 21:20:00,10333.4,10336.4,10330.6,10331.4,140,18,0
2026-05-13 21:25:00,10331.4,10332.4,10329.6,10331.1,117,18,0
2026-05-13 21:30:00,10331.1,10332.9,10327.6,10327.6,130,18,0
2026-05-13 21:35:00,10327.6,10329.1,10325.1,10328.4,111,18,0
2026-05-13 21:40:00,10328.4,10332.1,10325.5,10326.9,119,18,0
2026-05-13 21:45:00,10326.9,10329.1,10325.1,10326.4,123,18,0
2026-05-13 21:50:00,10326.4,10335.6,10325.9,10333.1,121,18,0
2026-05-13 21:55:00,10333.1,10333.9,10330.4,10331.7,147,18,0
2026-05-13 22:00:00,10331.7,10338.3,10330.8,10337.6,167,18,0
2026-05-13 22:05:00,10337.5,10338.3,10332.0,10332.1,186,18,0
2026-05-13 22:10:00,10332.1,10333.9,10329.8,10333.4,158,18,0
2026-05-13 22:15:00,10333.4,10335.5,10331.5,10334.4,154,18,0
2026-05-13 22:20:00,10334.4,10340.9,10334.4,10340.9,90,18,0
2026-05-13 22:25:00,10340.9,10343.2,10340.1,10342.4,148,18,0
2026-05-13 22:30:00,10342.4,10344.1,10338.9,10340.4,119,18,0
2026-05-13 22:35:00,10340.4,10345.8,10339.9,10345.4,117,18,0
2026-05-13 22:40:00,10345.4,10346.8,10340.9,10341.9,110,18,0
2026-05-13 22:45:00,10341.9,10346.7,10341.1,10342.9,126,18,0
2026-05-13 22:50:00,10342.9,10351.9,10341.4,10350.4,205,18,0
2026-05-13 22:55:00,10350.4,10352.6,10346.3,10352.4,236,18,0
2026-05-14 03:00:00,10349.3,10349.5,10337.8,10337.9,182,31,0
2026-05-14 03:05:00,10338.0,10342.0,10337.8,10341.5,202,30,0
2026-05-14 03:10:00,10341.5,10342.2,10338.5,10342.2,221,26,0
2026-05-14 03:15:00,10342.2,10351.9,10342.1,10344.6,421,27,0
2026-05-14 03:20:00,10344.7,10347.0,10342.6,10344.4,373,26,0
2026-05-14 03:25:00,10344.4,10345.5,10342.9,10343.4,307,26,0
2026-05-14 03:30:00,10343.4,10344.1,10338.0,10338.0,249,22,0
2026-05-14 03:35:00,10338.1,10341.6,10337.2,10341.3,310,23,0
2026-05-14 03:40:00,10341.3,10342.1,10340.0,10340.6,306,20,0
2026-05-14 03:45:00,10340.6,10342.8,10339.7,10340.6,318,18,0
2026-05-14 03:50:00,10340.6,10342.6,10339.2,10340.1,208,18,0
2026-05-14 03:55:00,10340.0,10341.6,10339.1,10339.8,271,19,0
2026-05-14 04:00:00,10339.8,10341.8,10339.3,10340.7,304,18,0
2026-05-14 04:05:00,10340.7,10341.2,10331.7,10333.7,266,18,0
2026-05-14 04:10:00,10333.3,10336.6,10332.5,10334.3,233,18,0
2026-05-14 04:15:00,10334.3,10335.6,10330.5,10332.0,308,19,0
2026-05-14 04:20:00,10332.0,10332.2,10330.2,10331.5,167,20,0
2026-05-14 04:25:00,10331.5,10333.8,10330.5,10333.4,241,23,0
2026-05-14 04:30:00,10333.4,10333.7,10329.2,10329.3,326,20,0
2026-05-14 04:35:00,10329.3,10329.3,10325.5,10327.1,268,18,0
2026-05-14 04:40:00,10327.1,10328.0,10318.4,10320.2,240,18,0
2026-05-14 04:45:00,10320.2,10321.4,10319.4,10319.6,144,30,0
2026-05-14 04:50:00,10319.6,10319.6,10312.9,10314.8,195,19,0
2026-05-14 04:55:00,10314.9,10315.8,10313.5,10314.2,221,19,0
2026-05-14 05:00:00,10314.2,10317.6,10313.4,10317.6,208,21,0
2026-05-14 05:05:00,10317.5,10318.5,10314.5,10315.6,248,18,0
2026-05-14 05:10:00,10315.6,10316.0,10314.0,10314.1,185,18,0
2026-05-14 05:15:00,10314.1,10314.3,10310.8,10310.8,122,18,0
2026-05-14 05:20:00,10310.8,10313.1,10309.9,10313.0,84,18,0
2026-05-14 05:25:00,10313.0,10316.1,10312.3,10314.3,167,19,0
2026-05-14 05:30:00,10314.3,10316.8,10312.9,10316.0,166,19,0
2026-05-14 05:35:00,10316.0,10319.0,10315.7,10318.1,189,19,0
2026-05-14 05:40:00,10318.1,10319.1,10315.3,10316.2,100,19,0
2026-05-14 05:45:00,10316.2,10316.5,10307.7,10307.9,259,18,0
2026-05-14 05:50:00,10307.9,10311.0,10306.1,10310.0,268,19,0
2026-05-14 05:55:00,10310.0,10310.6,10307.1,10309.1,236,19,0
2026-05-14 06:00:00,10309.1,10311.5,10306.4,10309.5,295,18,0
2026-05-14 06:05:00,10309.3,10310.1,10305.0,10306.0,184,18,0
2026-05-14 06:10:00,10306.0,10307.6,10305.8,10306.8,231,19,0
2026-05-14 06:15:00,10306.8,10308.0,10301.7,10301.8,229,18,0
2026-05-14 06:20:00,10301.7,10302.4,10300.6,10301.0,233,18,0
2026-05-14 06:25:00,10301.5,10306.1,10300.9,10305.1,198,19,0
2026-05-14 06:30:00,10305.5,10305.8,10302.8,10303.2,263,19,0
2026-05-14 06:35:00,10303.2,10303.5,10300.7,10300.7,208,18,0
2026-05-14 06:40:00,10300.7,10304.5,10299.3,10304.5,168,18,0
2026-05-14 06:45:00,10304.5,10307.0,10299.5,10300.4,166,18,0
2026-05-14 06:50:00,10300.4,10303.6,10300.1,10303.2,157,20,0
2026-05-14 06:55:00,10303.2,10303.2,10299.3,10302.1,123,19,0
2026-05-14 07:00:00,10302.1,10302.1,10298.9,10299.7,141,18,0
2026-05-14 07:05:00,10299.7,10302.4,10298.9,10301.5,282,18,0
2026-05-14 07:10:00,10301.5,10302.5,10300.6,10302.5,181,21,0
2026-05-14 07:15:00,10302.5,10304.4,10302.1,10302.5,129,18,0
2026-05-14 07:20:00,10302.5,10307.9,10302.5,10306.8,163,18,0
2026-05-14 07:25:00,10306.8,10308.0,10305.7,10305.7,110,18,0
2026-05-14 07:30:00,10305.7,10306.1,10304.3,10305.3,115,22,0
2026-05-14 07:35:00,10305.3,10306.4,10305.3,10306.4,12,31,0
2026-05-14 07:40:00,10306.4,10310.2,10305.9,10309.3,105,18,0
2026-05-14 07:45:00,10309.3,10309.4,10305.5,10306.7,107,19,0
2026-05-14 07:50:00,10306.7,10306.7,10302.5,10305.1,236,20,0
2026-05-14 07:55:00,10305.1,10305.7,10302.4,10303.1,229,21,0
2026-05-14 08:00:00,10303.1,10304.8,10300.3,10303.5,174,23,0
2026-05-14 08:05:00,10303.3,10305.1,10302.6,10304.4,314,20,0
2026-05-14 08:10:00,10304.3,10306.8,10303.6,10303.6,196,18,0
2026-05-14 08:15:00,10303.6,10303.6,10299.6,10300.0,153,21,0
2026-05-14 08:20:00,10300.0,10304.6,10299.8,10304.0,179,22,0
2026-05-14 08:25:00,10304.0,10304.3,10302.8,10303.6,244,21,0
2026-05-14 08:30:00,10304.1,10305.5,10302.1,10302.1,179,21,0
2026-05-14 08:35:00,10302.1,10304.0,10300.8,10303.4,213,22,0
2026-05-14 08:40:00,10303.4,10305.2,10299.3,10300.7,217,19,0
2026-05-14 08:45:00,10300.7,10309.8,10300.7,10306.2,350,18,0
2026-05-14 08:50:00,10306.2,10309.5,10306.2,10308.5,372,18,0
2026-05-14 08:55:00,10308.5,10312.1,10307.0,10311.5,191,18,0
2026-05-14 09:00:00,10311.4,10329.6,10309.7,10324.3,264,18,0
2026-05-14 09:05:00,10324.3,10328.0,10322.4,10323.4,266,18,0
2026-05-14 09:10:00,10323.4,10324.1,10317.2,10319.0,208,18,0
2026-05-14 09:15:00,10319.0,10319.2,10314.9,10316.0,211,18,0
2026-05-14 09:20:00,10316.0,10318.5,10313.6,10314.8,135,18,0
2026-05-14 09:25:00,10314.8,10318.1,10313.2,10314.0,208,18,0
2026-05-14 09:30:00,10314.0,10315.6,10312.2,10314.5,199,18,0
2026-05-14 09:35:00,10314.5,10323.3,10313.9,10319.7,202,18,0
2026-05-14 09:40:00,10319.7,10320.4,10315.2,10319.0,149,18,0
2026-05-14 09:45:00,10319.2,10325.8,10318.1,10318.5,253,18,0
2026-05-14 09:50:00,10318.5,10320.1,10316.1,10319.0,170,18,0
2026-05-14 09:55:00,10319.0,10324.4,10311.3,10318.7,191,18,0
2026-05-14 10:00:00,10319.3,10338.3,10316.6,10327.0,703,10,0
2026-05-14 10:05:00,10326.7,10328.0,10317.7,10319.4,669,10,0
2026-05-14 10:10:00,10319.3,10327.3,10318.6,10319.6,574,10,0
2026-05-14 10:15:00,10319.6,10324.6,10317.8,10324.1,480,10,0
2026-05-14 10:20:00,10324.1,10326.1,10315.7,10318.6,477,10,0
2026-05-14 10:25:00,10318.6,10326.9,10316.6,10325.1,356,10,0
2026-05-14 10:30:00,10325.1,10327.6,10318.1,10326.9,426,10,0
2026-05-14 10:35:00,10326.9,10335.5,10324.6,10325.1,367,10,0
2026-05-14 10:40:00,10325.1,10328.1,10322.5,10322.6,343,10,0
2026-05-14 10:45:00,10322.6,10327.5,10321.5,10327.1,319,10,0
2026-05-14 10:50:00,10327.1,10327.9,10316.3,10317.1,287,10,0
2026-05-14 10:55:00,10317.5,10319.6,10303.6,10304.5,503,10,0
2026-05-14 11:00:00,10304.5,10319.1,10301.1,10313.4,586,10,0
2026-05-14 11:05:00,10313.6,10319.4,10313.1,10316.6,453,10,0
2026-05-14 11:10:00,10316.6,10321.2,10315.5,10319.6,419,10,0
2026-05-14 11:15:00,10319.6,10327.1,10319.3,10325.5,417,10,0
2026-05-14 11:20:00,10326.0,10335.1,10325.4,10334.5,423,10,0
2026-05-14 11:25:00,10334.5,10335.1,10330.4,10331.3,395,10,0
2026-05-14 11:30:00,10331.3,10334.6,10330.5,10331.1,433,10,0
2026-05-14 11:35:00,10331.1,10336.5,10329.6,10336.1,387,10,0
2026-05-14 11:40:00,10336.1,10338.5,10327.8,10331.8,395,10,0
2026-05-14 11:45:00,10332.1,10337.5,10331.4,10334.4,378,10,0
2026-05-14 11:50:00,10334.2,10343.1,10332.5,10342.9,335,10,0
2026-05-14 11:55:00,10342.9,10346.1,10342.1,10342.1,357,10,0
2026-05-14 12:00:00,10342.0,10345.0,10339.2,10339.6,346,10,0
2026-05-14 12:05:00,10339.8,10344.4,10337.5,10342.9,338,10,0
2026-05-14 12:10:00,10342.9,10345.9,10337.6,10343.4,445,10,0
2026-05-14 12:15:00,10343.4,10346.0,10342.0,10343.1,285,10,0
2026-05-14 12:20:00,10343.1,10346.6,10342.1,10342.6,296,10,0
2026-05-14 12:25:00,10342.6,10345.1,10341.7,10342.6,290,10,0
2026-05-14 12:30:00,10342.4,10346.1,10340.6,10345.2,335,10,0
2026-05-14 12:35:00,10345.6,10345.6,10331.4,10335.2,535,10,0
2026-05-14 12:40:00,10335.2,10343.2,10333.6,10341.1,369,10,0
2026-05-14 12:45:00,10341.1,10347.1,10340.1,10346.6,321,10,0
2026-05-14 12:50:00,10346.6,10349.1,10344.2,10345.6,311,10,0
2026-05-14 12:55:00,10345.6,10346.6,10337.1,10337.1,388,10,0
2026-05-14 13:00:00,10337.1,10346.7,10335.4,10344.6,372,10,0
2026-05-14 13:05:00,10344.6,10345.7,10341.5,10343.6,239,10,0
2026-05-14 13:10:00,10343.6,10351.1,10343.1,10347.9,521,10,0
2026-05-14 13:15:00,10347.8,10348.6,10345.2,10345.6,438,10,0
2026-05-14 13:20:00,10345.6,10348.6,10343.7,10347.4,346,10,0
2026-05-14 13:25:00,10347.4,10351.9,10346.1,10349.1,346,10,0
2026-05-14 13:30:00,10349.1,10351.6,10346.5,10350.7,309,10,0
2026-05-14 13:35:00,10350.7,10351.6,10346.6,10350.5,286,10,0
2026-05-14 13:40:00,10350.5,10353.0,10347.8,10351.1,329,10,0
2026-05-14 13:45:00,10351.1,10352.7,10349.6,10350.9,304,10,0
2026-05-14 13:50:00,10350.7,10356.9,10348.0,10355.9,361,10,0
2026-05-14 13:55:00,10356.1,10359.1,10353.2,10355.8,365,10,0
2026-05-14 14:00:00,10355.6,10366.1,10355.6,10360.8,309,10,0
2026-05-14 14:05:00,10360.8,10364.6,10356.4,10363.6,286,10,0
2026-05-14 14:10:00,10363.6,10368.8,10363.4,10367.5,402,10,0
2026-05-14 14:15:00,10367.2,10368.6,10364.4,10366.1,300,10,0
2026-05-14 14:20:00,10366.1,10371.1,10366.1,10366.6,399,10,0
2026-05-14 14:25:00,10366.6,10367.0,10363.0,10364.7,358,10,0
2026-05-14 14:30:00,10364.7,10367.6,10364.0,10366.1,224,10,0
2026-05-14 14:35:00,10366.1,10369.1,10365.0,10367.5,270,10,0
2026-05-14 14:40:00,10367.6,10369.1,10362.1,10362.1,303,10,0
2026-05-14 14:45:00,10362.1,10366.1,10361.3,10364.6,148,10,0
2026-05-14 14:50:00,10364.6,10367.0,10363.2,10365.6,218,10,0
2026-05-14 14:55:00,10365.6,10368.1,10354.2,10354.2,402,10,0
2026-05-14 15:00:00,10354.2,10365.1,10351.1,10364.6,424,10,0
2026-05-14 15:05:00,10364.6,10367.0,10362.3,10362.6,321,10,0
2026-05-14 15:10:00,10362.6,10364.6,10356.4,10356.4,354,10,0
2026-05-14 15:15:00,10356.4,10359.6,10354.1,10356.6,304,10,0
2026-05-14 15:20:00,10356.6,10359.1,10356.2,10357.0,227,10,0
2026-05-14 15:25:00,10357.0,10357.9,10352.0,10352.0,227,10,0
2026-05-14 15:30:00,10352.1,10359.1,10350.4,10356.6,369,10,0
2026-05-14 15:35:00,10356.6,10359.1,10354.9,10357.1,291,10,0
2026-05-14 15:40:00,10357.1,10361.5,10357.1,10359.7,267,10,0
2026-05-14 15:45:00,10359.7,10360.1,10355.5,10359.1,284,10,0
2026-05-14 15:50:00,10359.1,10363.1,10358.5,10362.6,252,10,0
2026-05-14 15:55:00,10362.6,10365.4,10360.4,10364.5,250,10,0
2026-05-14 16:00:00,10364.6,10364.6,10356.9,10356.9,185,10,0
2026-05-14 16:05:00,10356.9,10363.6,10356.3,10362.1,201,10,0
2026-05-14 16:10:00,10362.1,10366.6,10361.2,10362.8,311,10,0
2026-05-14 16:15:00,10363.1,10363.1,10357.8,10359.1,261,10,0
2026-05-14 16:20:00,10359.1,10360.4,10355.1,10360.1,201,10,0
2026-05-14 16:25:00,10360.1,10362.5,10357.6,10358.1,201,10,0
2026-05-14 16:30:00,10358.6,10359.0,10346.9,10347.1,637,10,0
2026-05-14 16:35:00,10347.4,10348.3,10338.0,10343.6,513,10,0
2026-05-14 16:40:00,10343.6,10345.0,10331.3,10333.1,466,10,0
2026-05-14 16:45:00,10333.1,10333.1,10324.6,10329.1,445,10,0
2026-05-14 16:50:00,10329.1,10332.6,10326.6,10332.1,467,10,0
2026-05-14 16:55:00,10331.7,10336.4,10328.5,10328.7,468,10,0
2026-05-14 17:00:00,10328.6,10335.6,10325.9,10328.9,478,10,0
2026-05-14 17:05:00,10328.9,10335.7,10328.1,10334.1,422,10,0
2026-05-14 17:10:00,10334.1,10337.6,10333.5,10336.4,331,10,0
2026-05-14 17:15:00,10336.4,10338.4,10329.1,10330.6,296,10,0
2026-05-14 17:20:00,10330.6,10331.6,10320.4,10320.6,395,10,0
2026-05-14 17:25:00,10320.6,10324.6,10311.1,10323.2,400,10,0
2026-05-14 17:30:00,10323.1,10336.1,10322.5,10335.1,351,10,0
2026-05-14 17:35:00,10335.1,10338.6,10333.6,10336.4,353,10,0
2026-05-14 17:40:00,10336.4,10341.1,10336.1,10336.5,299,10,0
2026-05-14 17:45:00,10336.4,10338.6,10333.6,10338.1,309,10,0
2026-05-14 17:50:00,10338.1,10343.6,10335.6,10343.1,299,10,0
2026-05-14 17:55:00,10343.1,10355.9,10342.6,10354.1,324,10,0
2026-05-14 18:00:00,10354.1,10358.6,10352.6,10357.9,353,10,0
2026-05-14 18:05:00,10357.9,10359.4,10351.1,10353.6,277,10,0
2026-05-14 18:10:00,10353.6,10355.6,10350.1,10352.5,224,10,0
2026-05-14 18:15:00,10352.5,10354.5,10346.1,10353.3,225,10,0
2026-05-14 18:20:00,10353.3,10359.5,10352.1,10357.1,250,10,0
2026-05-14 18:25:00,10357.1,10361.4,10355.5,10355.8,248,10,0
2026-05-14 18:30:00,10355.8,10367.1,10353.5,10364.7,501,18,0
2026-05-14 18:35:00,10364.7,10366.0,10358.8,10364.6,335,18,0
2026-05-14 18:40:00,10364.6,10376.7,10363.3,10375.3,261,18,0
2026-05-14 18:45:00,10375.3,10381.8,10375.0,10379.6,187,18,0
2026-05-14 18:50:00,10379.8,10380.3,10368.8,10369.8,184,18,0
2026-05-14 18:55:00,10369.8,10377.2,10369.8,10376.5,231,18,0
2026-05-14 19:00:00,10376.5,10377.3,10369.3,10371.3,226,18,0
2026-05-14 19:05:00,10371.3,10375.8,10369.8,10370.3,178,18,0
2026-05-14 19:10:00,10370.3,10375.8,10367.3,10373.1,306,18,0
2026-05-14 19:15:00,10373.1,10382.8,10372.5,10382.8,220,18,0
2026-05-14 19:20:00,10382.8,10392.3,10382.3,10385.8,281,18,0
2026-05-14 19:25:00,10385.8,10387.5,10379.8,10379.8,291,18,0
2026-05-14 19:30:00,10379.8,10383.3,10376.9,10377.8,214,18,0
2026-05-14 19:35:00,10377.8,10380.3,10376.8,10379.3,214,18,0
2026-05-14 19:40:00,10379.3,10385.3,10379.3,10381.3,196,18,0
2026-05-14 19:45:00,10381.8,10382.3,10374.8,10380.8,226,18,0
2026-05-14 19:50:00,10380.8,10380.8,10368.3,10368.8,178,18,0
2026-05-14 19:55:00,10368.8,10374.3,10363.3,10371.3,257,18,0
2026-05-14 20:00:00,10371.3,10379.3,10371.3,10378.5,183,18,0
2026-05-14 20:05:00,10378.5,10382.3,10376.8,10381.3,147,18,0
2026-05-14 20:10:00,10381.3,10385.3,10379.6,10382.8,154,18,0
2026-05-14 20:15:00,10382.8,10385.2,10381.0,10383.8,276,18,0
2026-05-14 20:20:00,10383.8,10384.3,10374.8,10380.8,273,18,0
2026-05-14 20:25:00,10380.8,10382.1,10373.9,10379.8,225,18,0
2026-05-14 20:30:00,10379.8,10389.3,10379.8,10388.7,206,18,0
2026-05-14 20:35:00,10388.7,10394.7,10388.3,10393.8,162,18,0
2026-05-14 20:40:00,10393.8,10394.8,10391.3,10393.3,126,18,0
2026-05-14 20:45:00,10393.3,10396.5,10392.8,10395.3,130,18,0
2026-05-14 20:50:00,10395.3,10395.5,10384.8,10385.4,102,18,0
2026-05-14 20:55:00,10385.5,10387.8,10383.8,10384.3,121,18,0
2026-05-14 21:00:00,10384.3,10384.8,10377.3,10382.8,264,18,0
2026-05-14 21:05:00,10382.8,10388.3,10381.0,10387.8,194,18,0
2026-05-14 21:10:00,10387.8,10391.8,10387.3,10389.8,149,18,0
2026-05-14 21:15:00,10389.8,10395.5,10388.8,10395.5,108,18,0
2026-05-14 21:20:00,10395.5,10397.3,10388.3,10388.9,136,18,0
2026-05-14 21:25:00,10388.9,10390.1,10377.9,10377.9,164,18,0
2026-05-14 21:30:00,10377.9,10381.8,10376.3,10377.8,184,18,0
2026-05-14 21:35:00,10377.8,10377.8,10371.3,10373.3,156,18,0
2026-05-14 21:40:00,10373.3,10375.3,10371.3,10375.3,115,18,0
2026-05-14 21:45:00,10375.3,10375.8,10372.8,10375.0,118,18,0
2026-05-14 21:50:00,10375.0,10376.3,10372.8,10374.3,123,18,0
2026-05-14 21:55:00,10374.3,10376.3,10372.8,10375.8,136,18,0
2026-05-14 22:00:00,10375.8,10375.8,10371.3,10371.8,108,18,0
2026-05-14 22:05:00,10371.8,10372.8,10370.3,10372.8,90,18,0
2026-05-14 22:10:00,10372.8,10374.8,10372.3,10373.3,95,18,0
2026-05-14 22:15:00,10373.3,10375.8,10371.3,10371.3,68,18,0
2026-05-14 22:20:00,10371.3,10371.5,10368.8,10369.3,96,18,0
2026-05-14 22:25:00,10369.2,10370.0,10365.8,10365.8,113,18,0
2026-05-14 22:30:00,10365.8,10366.6,10363.3,10363.8,97,18,0
2026-05-14 22:35:00,10363.8,10363.8,10360.9,10362.6,146,18,0
2026-05-14 22:40:00,10362.6,10362.6,10356.3,10357.1,111,18,0
2026-05-14 22:45:00,10357.1,10358.3,10353.8,10357.3,109,18,0
2026-05-14 22:50:00,10357.3,10363.8,10351.9,10356.0,264,18,0
2026-05-14 22:55:00,10356.0,10358.3,10349.6,10352.0,215,18,0
2026-05-15 03:00:00,10352.9,10352.9,10336.1,10336.3,124,31,0
2026-05-15 03:05:00,10336.3,10344.5,10335.6,10344.3,97,31,0
2026-05-15 03:10:00,10344.3,10355.4,10343.9,10352.8,279,19,0
2026-05-15 03:15:00,10352.8,10362.3,10352.5,10361.2,221,18,0
2026-05-15 03:20:00,10361.2,10361.3,10356.9,10358.7,177,23,0
2026-05-15 03:25:00,10358.7,10360.3,10356.7,10359.4,232,21,0
2026-05-15 03:30:00,10359.4,10359.5,10356.7,10357.0,234,23,0
2026-05-15 03:35:00,10357.3,10357.6,10349.5,10351.8,300,18,0
2026-05-15 03:40:00,10351.8,10352.5,10348.5,10349.9,315,19,0
2026-05-15 03:45:00,10349.9,10354.9,10349.9,10354.0,403,28,0
2026-05-15 03:50:00,10354.0,10354.1,10348.1,10350.2,203,27,0
2026-05-15 03:55:00,10350.3,10351.0,10347.0,10349.0,276,22,0
2026-05-15 04:00:00,10349.0,10349.1,10333.1,10335.4,277,19,0
2026-05-15 04:05:00,10335.4,10336.2,10328.0,10329.4,378,22,0
2026-05-15 04:10:00,10329.4,10330.9,10325.6,10327.4,354,20,0
2026-05-15 04:15:00,10327.4,10327.4,10318.2,10321.1,334,18,0
2026-05-15 04:20:00,10321.1,10321.1,10316.7,10316.8,246,26,0
2026-05-15 04:25:00,10317.1,10317.1,10309.5,10310.6,394,18,0
2026-05-15 04:30:00,10310.6,10310.7,10300.1,10306.1,531,19,0
2026-05-15 04:35:00,10306.1,10313.5,10304.1,10305.0,453,20,0
2026-05-15 04:40:00,10305.1,10309.9,10303.8,10309.1,398,18,0
2026-05-15 04:45:00,10309.0,10309.5,10296.5,10297.8,421,18,0
2026-05-15 04:50:00,10297.8,10298.6,10291.1,10294.7,471,21,0
2026-05-15 04:55:00,10294.6,10298.3,10293.8,10294.2,491,18,0
2026-05-15 05:00:00,10294.2,10298.3,10291.5,10298.2,508,20,0
2026-05-15 05:05:00,10298.2,10299.3,10294.3,10298.2,401,22,0
2026-05-15 05:10:00,10298.2,10299.6,10296.6,10297.5,339,29,0
2026-05-15 05:15:00,10297.5,10299.3,10294.9,10298.9,348,27,0
2026-05-15 05:20:00,10298.9,10305.6,10298.9,10302.4,536,19,0
2026-05-15 05:25:00,10302.4,10302.8,10299.8,10299.8,276,20,0
2026-05-15 05:30:00,10300.2,10300.2,10296.8,10299.5,379,26,0
2026-05-15 05:35:00,10299.5,10302.1,10295.6,10296.8,346,21,0
2026-05-15 05:40:00,10296.8,10300.8,10295.8,10299.6,281,23,0
2026-05-15 05:45:00,10299.6,10303.0,10297.7,10299.6,298,28,0
2026-05-15 05:50:00,10299.6,10310.8,10299.4,10305.3,405,19,0
2026-05-15 05:55:00,10305.3,10309.4,10302.1,10303.1,409,18,0
2026-05-15 06:00:00,10303.1,10307.0,10302.3,10304.3,426,22,0
2026-05-15 06:05:00,10304.3,10306.4,10301.8,10302.2,306,21,0
2026-05-15 06:10:00,10302.2,10306.9,10302.1,10306.1,222,21,0
2026-05-15 06:15:00,10306.1,10307.3,10304.6,10305.9,261,18,0
2026-05-15 06:20:00,10305.9,10305.9,10303.0,10304.0,232,19,0
2026-05-15 06:25:00,10304.0,10306.5,10302.2,10302.9,242,19,0
2026-05-15 06:30:00,10302.9,10304.7,10299.5,10300.5,303,18,0
2026-05-15 06:35:00,10300.5,10304.7,10297.3,10301.5,396,18,0
2026-05-15 06:40:00,10301.7,10302.8,10296.9,10298.6,360,19,0
2026-05-15 06:45:00,10298.6,10300.4,10298.3,10299.7,234,19,0
2026-05-15 06:50:00,10299.7,10300.8,10298.8,10300.2,220,18,0
2026-05-15 06:55:00,10300.2,10304.1,10299.1,10303.4,249,18,0
2026-05-15 07:00:00,10303.7,10303.9,10300.3,10302.0,253,18,0
2026-05-15 07:05:00,10302.3,10304.2,10299.7,10300.8,197,24,0
2026-05-15 07:10:00,10300.8,10301.7,10298.9,10300.8,254,20,0
2026-05-15 07:15:00,10300.8,10303.1,10299.6,10299.9,130,23,0
2026-05-15 07:20:00,10299.9,10300.6,10297.3,10298.2,222,26,0
2026-05-15 07:25:00,10298.1,10300.4,10296.7,10299.2,371,20,0
2026-05-15 07:30:00,10299.1,10299.4,10296.1,10298.6,293,21,0
2026-05-15 07:35:00,10298.6,10301.0,10296.4,10297.9,279,20,0
2026-05-15 07:40:00,10297.9,10300.3,10293.8,10293.8,262,24,0
2026-05-15 07:45:00,10293.8,10293.8,10286.6,10286.9,283,18,0
2026-05-15 07:50:00,10286.9,10289.9,10285.3,10289.6,285,20,0
2026-05-15 07:55:00,10289.6,10291.2,10288.4,10289.6,240,18,0
2026-05-15 08:00:00,10289.6,10290.9,10286.5,10288.4,386,18,0
2026-05-15 08:05:00,10288.7,10289.1,10280.3,10284.2,366,18,0
2026-05-15 08:10:00,10284.2,10287.4,10282.1,10286.9,354,18,0
2026-05-15 08:15:00,10286.9,10290.9,10284.4,10286.1,334,18,0
2026-05-15 08:20:00,10286.1,10289.3,10285.1,10286.7,373,19,0
2026-05-15 08:25:00,10286.7,10288.4,10282.2,10282.3,336,18,0
2026-05-15 08:30:00,10282.3,10282.5,10270.2,10270.2,304,18,0
2026-05-15 08:35:00,10270.2,10272.3,10266.1,10266.1,443,18,0
2026-05-15 08:40:00,10266.1,10268.2,10265.3,10266.5,386,18,0
2026-05-15 08:45:00,10266.5,10267.9,10260.7,10261.4,427,18,0
2026-05-15 08:50:00,10261.4,10265.2,10258.6,10264.1,522,18,0
2026-05-15 08:55:00,10264.1,10266.1,10261.0,10263.0,450,18,0
2026-05-15 09:00:00,10263.0,10270.0,10261.6,10269.8,617,18,0
2026-05-15 09:05:00,10269.6,10272.1,10264.7,10268.0,587,18,0
2026-05-15 09:10:00,10267.9,10274.0,10266.5,10272.2,445,18,0
2026-05-15 09:15:00,10272.2,10280.1,10270.2,10277.5,371,18,0
2026-05-15 09:20:00,10277.5,10284.5,10274.0,10280.5,362,18,0
2026-05-15 09:25:00,10280.5,10290.0,10278.5,10290.0,399,18,0
2026-05-15 09:30:00,10290.0,10298.0,10286.0,10291.5,442,18,0
2026-05-15 09:35:00,10291.2,10294.2,10287.5,10289.2,414,18,0
2026-05-15 09:40:00,10289.0,10295.3,10289.0,10293.5,251,18,0
2026-05-15 09:45:00,10293.5,10297.7,10288.5,10290.0,298,18,0
2026-05-15 09:50:00,10290.0,10290.1,10285.0,10285.5,236,18,0
2026-05-15 09:55:00,10285.5,10299.0,10285.5,10299.0,224,18,0
2026-05-15 10:00:00,10299.0,10303.0,10278.4,10283.9,803,10,0
2026-05-15 10:05:00,10283.9,10296.2,10279.8,10281.9,703,10,0
2026-05-15 10:10:00,10281.4,10293.3,10279.8,10292.4,671,10,0
2026-05-15 10:15:00,10292.4,10304.4,10292.0,10300.9,635,10,0
2026-05-15 10:20:00,10300.9,10309.4,10300.9,10302.8,568,10,0
2026-05-15 10:25:00,10302.9,10307.4,10302.3,10304.7,506,10,0
2026-05-15 10:30:00,10304.7,10308.4,10292.2,10293.9,436,10,0
2026-05-15 10:35:00,10293.9,10294.3,10280.7,10280.9,592,10,0
2026-05-15 10:40:00,10280.9,10284.8,10278.8,10283.9,589,10,0
2026-05-15 10:45:00,10283.8,10287.4,10279.9,10280.4,542,10,0
2026-05-15 10:50:00,10280.4,10288.2,10275.9,10285.9,470,10,0
2026-05-15 10:55:00,10285.9,10289.4,10282.0,10284.8,384,10,0
2026-05-15 11:00:00,10284.8,10289.4,10277.8,10282.4,546,10,0
2026-05-15 11:05:00,10282.4,10284.3,10267.9,10271.1,617,10,0
2026-05-15 11:10:00,10271.1,10274.4,10265.9,10270.4,575,10,0
2026-05-15 11:15:00,10270.1,10270.1,10250.5,10258.9,660,10,0
2026-05-15 11:20:00,10258.9,10259.1,10247.9,10252.0,673,10,0
2026-05-15 11:25:00,10252.0,10253.9,10239.9,10242.8,642,10,0
2026-05-15 11:30:00,10242.5,10242.8,10225.8,10234.0,646,10,0
2026-05-15 11:35:00,10233.8,10243.9,10230.0,10243.9,626,10,0
2026-05-15 11:40:00,10243.9,10251.0,10240.3,10246.7,605,10,0
2026-05-15 11:45:00,10246.7,10246.9,10235.2,10235.2,474,10,0
2026-05-15 11:50:00,10235.2,10236.9,10230.7,10235.9,470,10,0
2026-05-15 11:55:00,10235.9,10239.3,10231.9,10234.9,452,10,0
2026-05-15 12:00:00,10235.0,10236.9,10224.5,10227.9,489,10,0
2026-05-15 12:05:00,10227.9,10232.3,10223.4,10225.9,562,10,0
2026-05-15 12:10:00,10225.9,10228.9,10213.3,10225.4,619,10,0
2026-05-15 12:15:00,10225.2,10225.2,10215.2,10215.4,494,10,0
2026-05-15 12:20:00,10215.4,10220.3,10209.2,10213.2,519,10,0
2026-05-15 12:25:00,10213.1,10222.9,10210.2,10222.9,583,10,0
2026-05-15 12:30:00,10222.8,10222.9,10212.9,10217.4,524,10,0
2026-05-15 12:35:00,10217.4,10225.3,10216.4,10224.5,623,10,0
2026-05-15 12:40:00,10224.5,10226.2,10217.4,10219.5,482,10,0
2026-05-15 12:45:00,10219.4,10221.4,10214.3,10220.9,535,10,0
2026-05-15 12:50:00,10220.9,10220.9,10211.7,10212.9,538,10,0
2026-05-15 12:55:00,10212.8,10220.7,10209.3,10216.4,654,10,0
2026-05-15 13:00:00,10216.5,10220.3,10212.9,10214.0,537,10,0
2026-05-15 13:05:00,10213.8,10218.4,10209.5,10216.9,552,10,0
2026-05-15 13:10:00,10216.9,10228.9,10214.9,10228.8,514,10,0
2026-05-15 13:15:00,10228.9,10229.4,10220.2,10224.4,469,10,0
2026-05-15 13:20:00,10224.3,10230.7,10221.8,10225.9,440,10,0
2026-05-15 13:25:00,10225.9,10230.2,10217.8,10220.4,470,10,0
2026-05-15 13:30:00,10220.4,10224.0,10217.5,10218.4,504,10,0
2026-05-15 13:35:00,10218.4,10219.4,10212.6,10218.9,481,10,0
2026-05-15 13:40:00,10218.9,10225.8,10216.9,10225.8,389,10,0
2026-05-15 13:45:00,10225.9,10237.4,10224.3,10228.3,876,10,0
2026-05-15 13:50:00,10227.9,10241.4,10226.9,10236.8,612,10,0
2026-05-15 13:55:00,10236.7,10243.4,10233.9,10238.9,661,10,0
2026-05-15 14:00:00,10238.7,10246.2,10231.8,10231.9,612,10,0
2026-05-15 14:05:00,10231.9,10233.3,10224.8,10225.8,552,10,0
2026-05-15 14:10:00,10225.8,10230.2,10222.8,10230.0,510,10,0
2026-05-15 14:15:00,10229.8,10230.4,10226.9,10227.4,77,10,0
